cpb,titulo_original,ano_ref,ano_producao_inicial,uf_requerente,segmento_destinacao_inicial,tipo_obra,familia_chamada,chamada_publica,coproducao_internacional,valor_contrato_brl,n_contratos_fsa,fator_real_2024,valor_contrato_r2024,valor_fsa_r2024,inv_fsa_r2024,inv_renuncia_r2024,tem_renuncia,publico_domestico,chegou_cinema,publico_por_milhao_r2024,renda_total,sessoes_total,n_municipios,eventos_intl,pontos_intl,fest_pontuacao,fest_n,admissoes_europa,vod_eu_presencas,cartaz_eua,cartaz_asia,intl_n_mercados,desempenho_internacional,intl_n_sinais,tem_internacional,n_canais_intl,vod_paises,critica_indice_1_5,imdb_rating,imdb_n_votos,tem_critica,tem_imdb
B2600016900000,MEDLEY,2023,2026,RJ,SALAS DE EXIBIÇÃO,FICÇÃO,PRODUCAO,PRODUÇÃO CINEMA,False,7500000.0,1,1.0483,7862250.0,7862250.0,7862250.0,0.0,False,,False,0.0,,,,,,,,,,False,False,0,0.0,0,False,,,,,,False,False
B2300303300000,TPM! MEU AMOR,2018,2023,SP,SALAS DE EXIBIÇÃO,FICÇÃO,CONCURSO,CONCURSO PRODUÇÃO PARA CINEMA,False,5735577.5,2,1.392194,12605718.17970535,7985036.5820349995,7985036.5820349995,4620681.59767035,True,530.0,True,42.044411309565575,8847.38,252.0,15.0,,,,,,,False,False,0,0.0,0,False,,,4.3,5.6,50.0,True,True
B2500192800000,A SOGRA PERFEITA 2,2023,2025,SP,SALAS DE EXIBIÇÃO,FICÇÃO,PRODUCAO,PRODUÇÃO CINEMA VIA DISTRIBUIDORA,False,5500000.0,1,1.0483,9321529.033599999,5765650.0,5765650.0,3555879.0336,True,113969.0,True,12226.427616026516,2112519.3,29439.0,206.0,,,,,,,False,False,0,0.0,0,False,,,,,,False,False
B2400522800000,HOMEM COM H,2023,2024,SP,SALAS DE EXIBIÇÃO,FICÇÃO,PRODUCAO,PRODUÇÃO CINEMA,False,5500000.0,1,1.0483,9942232.0,5765650.0,5765650.0,4176582.0,True,654421.0,True,65822.34250820137,13991250.21,26552.0,242.0,,,,,,,False,False,0,0.0,0,False,,,,,,False,False
B1800078700000,"TORI, A DETETIVE",2023,2017,BA,COMUNICAÇÃO ELETRÔNICA DE MASSA POR ASSINATURA (TV PAGA),ANIMAÇÃO,PRODUCAO,PRODUÇÃO CINEMA,False,6222300.0,2,1.0483,6522837.09,6522837.09,,,False,,False,0.0,,,,,,,,,,False,False,0,0.0,0,False,,,,,,False,False
B2500400300000,"QUEM TEM COM QUE ME PAGUE, NÃO ME DEVE NADA",2022,2025,BA,SALAS DE EXIBIÇÃO,FICÇÃO,CINEMA,CINEMA VIA DISTRIBUIDORA,False,5000000.0,1,1.096731,5483654.999999999,5483654.999999999,5483654.999999999,0.0,False,,False,0.0,,,,,,,,,,False,False,0,0.0,0,False,,,,,,False,False
B2500287500000,O REI DA FEIRA,2022,2025,RJ,SALAS DE EXIBIÇÃO,FICÇÃO,CINEMA,CINEMA VIA DISTRIBUIDORA,False,5000000.0,1,1.096731,5483654.999999999,5483654.999999999,5483654.999999999,0.0,False,121126.0,True,22088.552252101934,2274513.19,28795.0,230.0,,,,,,,False,False,0,0.0,0,False,,,,,,False,False
B1500542700000,"TORI, A DETETIVE",2023,2015,BA,COMUNICAÇÃO ELETRÔNICA DE MASSA POR ASSINATURA (TV PAGA),ANIMAÇÃO,PRODUCAO,PRODUÇÃO CINEMA,False,6222300.0,2,1.0483,7516580.4353,6522837.09,7516580.4353,0.0,False,,False,0.0,,,,,,,,,,False,False,0,0.0,0,False,,,,,,False,False
B2100472800000,PALOMA,2022,2021,PE,SALAS DE EXIBIÇÃO,FICÇÃO,PRODUCAO,PRODUÇÃO TV/VOD – VIA PROGRAMADORA,True,4500000.0,1,1.096731,4935289.5,4935289.5,4935289.5,0.0,False,3458.0,True,700.6681168348889,47179.91,314.0,12.0,,,26.5,9.0,,22.0,False,False,0,15.3,3,True,1.0,12.0,,6.8,337.0,False,True
B2500526300000,PALOMA,2022,2025,PE,COMUNICAÇÃO ELETRÔNICA DE MASSA POR ASSINATURA (TV PAGA),FICÇÃO,PRODUCAO,PRODUÇÃO TV/VOD – VIA PROGRAMADORA,False,4500000.0,1,1.096731,4935289.5,4935289.5,,,False,,False,0.0,,,,,,,,,22.0,False,False,0,10.0,1,True,1.0,12.0,,,,False,False
B2400012600000,OS FAROFEIROS 2,2018,2024,RJ,SALAS DE EXIBIÇÃO,FICÇÃO,DESEMPENHO,SUPORTE AUTOMÁTICO - DESEMPENHO COMERCIAL CINEMA,False,4500000.0,1,1.392194,10861900.2,6264873.0,6264873.0,4597027.2,True,1926724.0,True,177383.6957183606,36468385.54,68533.0,400.0,,,,,,,False,False,0,0.0,0,False,,,,,,False,False
B1900413700000,PLANETA PALAVRA,2022,2018,RJ,COMUNICAÇÃO ELETRÔNICA DE MASSA POR ASSINATURA (TV PAGA),ANIMAÇÃO,PRODUCAO,PRODUÇÃO TV/VOD – VIA PROGRAMADORA,False,7500000.0,2,1.096731,12922734.954,8225482.499999999,10849234.5,2073500.454,True,,False,0.0,,,,,,,,,,False,False,0,0.0,0,False,,,,,,False,False
B1900047500000,A GAROTA DA MOTO – SEGUNDA TEMPORADA,2013,2018,SP,RADIODIFUSÃO DE SONS E IMAGENS (TV ABERTA),FICÇÃO,PRODAV,PRODAV 01,False,4813557.84,2,1.861311,8871491.46266496,8959528.15672824,8871491.46266496,0.0,False,,False,0.0,,,,,,,,,,False,False,0,0.0,0,False,,,3.8,,,True,False
B2500405800000,DOLORES,2022,2025,SP,SALAS DE EXIBIÇÃO,FICÇÃO,PRODUCAO,PRODUÇÃO CINEMA,False,5474561.0,3,1.096731,6674390.609471,6004120.760090999,6674390.609471,0.0,False,,False,0.0,,,,,,,,,,False,False,0,0.0,0,False,1.0,0.0,,,,False,False
B2200250300000,"EIKE, TUDO OU NADA",2015,2022,RJ,SALAS DE EXIBIÇÃO,FICÇÃO,PRODAV,PRODAV 06,False,6269868.39,4,1.580544,14318080.15334766,9909802.864604158,9576448.15334766,4741632.0,True,18466.0,True,1289.6980462623355,481818.37,3226.0,81.0,,,,,,,False,False,0,0.0,0,False,,,3.63,6.1,560.0,True,True
B2500496400000,QUERIDO MUNDO,2022,2025,RJ,SALAS DE EXIBIÇÃO,FICÇÃO,PRODUCAO,PRODUÇÃO CINEMA,False,4500000.0,1,1.096731,10712893.5,4935289.5,4935289.5,5777604.0,True,,False,0.0,,,,,,,,,,False,False,0,0.0,0,False,,,,,,False,False
B2000367000000,GAROTA DA MOTO,2013,2020,SP,SALAS DE EXIBIÇÃO,FICÇÃO,PRODAV,PRODAV 01,False,7598717.859999999,3,1.861311,17023118.912384838,14143577.138714459,12689915.91238484,4333203.0,True,2923.0,True,171.70766503154886,49036.58,1402.0,39.0,,,,,,,False,False,0,0.0,0,False,,,3.8,4.4,72.0,True,True
B2400454300000,TUIGA  - 2ª TEMPORADA,2022,2024,RJ,COMUNICAÇÃO ELETRÔNICA DE MASSA POR ASSINATURA (TV PAGA),ANIMAÇÃO,PRODUCAO,PRODUÇÃO TV-VOD,False,4500000.0,1,1.096731,4935289.5,4935289.5,4935289.5,0.0,False,,False,0.0,,,,,,,,,,False,False,0,0.0,0,False,,,,,,False,False
B1700085000000,QUESTÃO DE FAMILIA 3º TEMPORADA,2013,2016,RJ,COMUNICAÇÃO ELETRÔNICA DE MASSA POR ASSINATURA (TV PAGA),FICÇÃO,PRODAV,PRODAV 01,False,4731917.0,2,1.861311,8775959.783396,8807569.163186999,8775959.783396,0.0,False,,False,0.0,,,,,,,,,,False,False,0,0.0,0,False,,,3.656,,,True,False
B2100113200000,L.O.C.A.,2018,2021,RJ,SALAS DE EXIBIÇÃO,FICÇÃO,FLUXO CONTINUO,FLUXO CONTÍNUO PRODUÇÃO PARA CINEMA,False,4438846.48,1,1.392194,10069514.29055753,6179735.43637712,6179735.43637712,3889778.8541804105,True,10.0,True,0.9930965597195969,163.8,14.0,1.0,,,,,,,False,False,0,0.0,0,False,,,4.3,6.2,42.0,True,True
B2500441800000,QUASE DESERTO,2018,2025,SP,SALAS DE EXIBIÇÃO,FICÇÃO,CONCURSO,CONCURSO PRODUÇÃO PARA CINEMA,False,4200000.0,1,1.392194,9851224.8,5847214.8,5847214.8,4004010.0,True,342.0,True,34.71649535395842,5535.46,232.0,17.0,,,,,,,False,False,0,0.0,0,False,,,,,,False,False
B2300334500000,NOTÍCIAS POPULARES,2017,2023,SP,COMUNICAÇÃO ELETRÔNICA DE MASSA POR ASSINATURA (TV PAGA),FICÇÃO,PRODAV,PRODAV 06,False,4126100.0,1,1.444401,5959742.9661,5959742.9661,5959742.9661,0.0,False,,False,0.0,,,,,,,,,,False,False,0,0.0,0,False,,,,,,False,False
B2500287400000,BRASIL DA PAZ,2022,2025,SP,COMUNICAÇÃO ELETRÔNICA DE MASSA POR ASSINATURA (TV PAGA),DOCUMENTÁRIO,PRODUCAO,PRODUÇÃO TV/VOD – VIA PROGRAMADORA,False,4013131.0,1,1.096731,4401325.174760999,4401325.174760999,4401325.174760999,0.0,False,,False,0.0,,,,,,,,,,False,False,0,0.0,0,False,,,,,,False,False
B2400008800000,TURMA DA MÔNICA JOVEM - REFLEXOS DO MEDO,2018,2024,SP,SALAS DE EXIBIÇÃO,FICÇÃO,COMERCIALIZAÇÃO - OPÇÃO ,COMERCIALIZAÇÃO - OPÇÃO DE INVESTIMENTO EM COMERCIALIZAÇÃO,False,3998750.0,1,1.392194,5567035.757499999,5567035.757499999,5567035.757499999,0.0,False,206572.0,True,37106.28222958743,3713906.48,19116.0,352.0,,,,,,,False,False,0,0.0,0,False,,,,,,False,False
B1900241600000,TODA FORMA DE AMOR,2013,2019,RJ,COMUNICAÇÃO ELETRÔNICA DE MASSA POR ASSINATURA (TV PAGA),FICÇÃO,PRODAV,PRODAV 01,False,3994930.0,1,1.861311,7435807.153229999,7435807.153229999,7435807.153229999,0.0,False,,False,0.0,,,,,,,,,,False,False,0,0.0,0,False,,,4.3,,,True,False
B1600739400000,SEM VOLTA,2013,2016,RJ,RADIODIFUSÃO DE SONS E IMAGENS (TV ABERTA),FICÇÃO,PRODAV,PRODAV 01,False,3900000.0,1,1.861311,13959832.499999998,7259112.899999999,7259112.899999999,6700719.6,True,,False,0.0,,,,,,,,,,False,False,0,0.0,0,False,,,4.5,,,True,False
B2500200100000,VUDU DELIVERY,2018,2025,SP,SALAS DE EXIBIÇÃO,FICÇÃO,FLUXO CONTINUO,FLUXO CONTÍNUO PRODUÇÃO PARA CINEMA,False,6629816.1,2,1.392194,8573580.3933352,9229990.1955234,8573580.3933352,0.0,False,,False,0.0,,,,,,,,,,False,False,0,0.0,0,False,,,,,,False,False
B2300448200000,NO ANO QUE  VEM,2013,2023,RJ,COMUNICAÇÃO ELETRÔNICA DE MASSA POR ASSINATURA (TV PAGA),FICÇÃO,PRODAV,PRODAV 01,False,3796849.26,1,1.861311,7067117.29297986,7067117.29297986,7067117.29297986,0.0,False,,False,0.0,,,,,,,,,,False,False,0,0.0,0,False,,,4.3,,,True,False
B2000078000000,DEPOIS A LOUCA SOU EU,2015,2020,RJ,SALAS DE EXIBIÇÃO,FICÇÃO,PRODAV,PRODAV 06,False,4470939.7,3,1.580544,12163653.574469801,7066516.9171968,6977192.6671968,5186460.907273,True,13321.0,True,1095.1479272608801,240239.76,3297.0,60.0,,,,,,,False,False,0,0.0,0,False,,,4.123,6.4,845.0,True,True
B1800212300000,CONTRACAPA,2015,2018,PR,RADIODIFUSÃO DE SONS E IMAGENS (TV ABERTA),FICÇÃO,PRODAV,PRODAV 12,False,3718000.0,1,1.580544,5876462.592,5876462.592,5876462.592,0.0,False,,False,0.0,,,,,,,,,,False,False,0,0.0,0,False,,,,,,False,False
B1800088900000,BAILE DE MÁSCARAS,2015,2018,RJ,RADIODIFUSÃO DE SONS E IMAGENS (TV ABERTA),FICÇÃO,PRODAV,PRODAV 11,False,3717855.0,1,1.580544,5876233.41312,5876233.41312,5876233.41312,0.0,False,,False,0.0,,,,,,,,,,False,False,0,0.0,0,False,,,2.627,,,True,False
B1800397100000,O DOUTRINADOR - O FILME,2017,2018,SP,SALAS DE EXIBIÇÃO,FICÇÃO,PRODAV,PRODAV 06,False,6800000.0,3,1.444401,11876970.39812349,9821926.8,9774547.26,2102423.13812349,True,283864.0,True,23900.371095043673,3933474.85,25265.0,216.0,,,4.0,1.0,,,False,False,0,0.8,1,True,,,3.6,,,True,False
B2400324200000,LAB DE CHEF,2022,2024,RJ,COMUNICAÇÃO ELETRÔNICA DE MASSA POR ASSINATURA (TV PAGA),FICÇÃO,PRODUCAO,PRODUÇÃO TV-VOD,False,3509605.0,1,1.096731,3849092.6012549996,3849092.6012549996,3849092.6012549996,0.0,False,,False,0.0,,,,,,,,,,False,False,0,0.0,0,False,,,,,,False,False
B2400258400000,JUVENAL E O DRAGÃO,2018,2024,PB,SALAS DE EXIBIÇÃO,ANIMAÇÃO,SAV/MINC 01,SAV/MINC 01,False,3500000.0,1,1.392194,4872679.0,4872679.0,4872679.0,0.0,False,1301.0,True,266.99891373923873,19266.51,3575.0,77.0,,,,,,,False,False,0,0.0,0,False,,,,,,False,False
B2400293500000,MOTEL DESTINO,2018,2024,CE,SALAS DE EXIBIÇÃO,FICÇÃO,CONCURSO,CONCURSO PRODUÇÃO PARA CINEMA,True,3500000.0,1,1.392194,8353375.0,4872679.0,4872679.0,3480696.0,True,67575.0,True,8089.544645128466,1138650.57,4893.0,77.0,,,,,11436.0,31.0,False,False,1,16.67,3,True,2.0,8.0,,,,False,False
B2000034100000,NO GOGÓ DO PAULINHO,2018,2020,RJ,SALAS DE EXIBIÇÃO,FICÇÃO,FLUXO CONTINUO,FLUXO CONTÍNUO PRODUÇÃO PARA CINEMA,False,4500000.0,2,1.392194,10729725.055,6264873.0,6317080.0,4412645.055,True,109.0,True,10.158694602263507,1435.0,21.0,1.0,,,,,,,False,False,0,0.0,0,False,,,3.673,5.4,335.0,True,True
B2200065000000,AMADO,2018,2022,DF,SALAS DE EXIBIÇÃO,FICÇÃO,FLUXO CONTINUO,FLUXO CONTÍNUO PRODUÇÃO PARA CINEMA,False,3500000.0,1,1.392194,4872679.0,4872679.0,4872679.0,0.0,False,1303.0,True,267.40936556666264,26401.41,346.0,4.0,,,,,,,False,False,0,0.0,0,False,,,3.63,6.3,148.0,True,True
B1700466900000,ENTRE IRMÃS,2014,2016,RJ,SALAS DE EXIBIÇÃO,FICÇÃO,PRODAV,PRODAV 06,False,3500000.0,1,1.749188,11100871.6,6122158.0,6122158.0,4978713.6,True,59699.0,True,5377.866004683812,947379.45,3332.0,51.0,,,6.0,2.0,,,False,False,0,1.2,1,True,,,3.3,7.7,462.0,True,True
B2400338200000,UMA ADVOGADA BRILHANTE,2018,2024,SP,SALAS DE EXIBIÇÃO,FICÇÃO,DESEMPENHO,SUPORTE AUTOMÁTICO - DESEMPENHO COMERCIAL CINEMA,False,5037300.01,2,1.392194,10831270.274875458,7012898.85012194,6654688.274875459,4176582.0,True,142798.0,True,13183.864530759478,2676971.98,17779.0,277.0,,,,,,,False,False,0,0.0,0,False,,,,,,False,False
B2400372400000,OS ENFORCADOS,2018,2024,SP,SALAS DE EXIBIÇÃO,FICÇÃO,FLUXO CONTINUO,FLUXO CONTÍNUO PRODUÇÃO PARA CINEMA,True,5650000.0,5,1.392194,12717885.75,7865896.1,7879142.4,4838743.35,True,12546.0,True,986.48472290294,259041.71,3091.0,75.0,,,,,,,False,False,0,0.0,1,True,,,,,,False,False
B2400521700000,OVERMAN,2018,2024,RJ,SALAS DE EXIBIÇÃO,FICÇÃO,DESEMPENHO,SUPORTE AUTOMÁTICO - DESEMPENHO COMERCIAL TV E VOD,False,3206461.2,1,1.392194,9359304.3442638,4464016.0438728,4464016.0438728,4895288.300391,True,,False,0.0,,,,,,,,,,False,False,0,0.0,0,False,,,,,,False,False
B2400291300000,MALÊS,2022,2024,RJ,SALAS DE EXIBIÇÃO,FICÇÃO,CINEMA,CINEMA VIA DISTRIBUIDORA,False,4392182.99,3,1.096731,11785581.275580619,4817043.24280569,5181676.025580619,6603905.25,True,104020.0,True,8826.039002041114,1900830.58,13432.0,149.0,,,,,,,False,False,0,0.0,0,False,,,,,,False,False
B1700468400000,COMO É  CRUEL VIVER ASSIM,2014,2016,RJ,SALAS DE EXIBIÇÃO,FICÇÃO,PRODAV,PRODAV 06,False,3115000.0,1,1.749188,9598888.00753589,5448720.62,5448720.62,4150167.3875358906,True,5181.0,True,539.7500206203576,75054.72,1295.0,11.0,,,,,,,False,False,0,0.0,0,False,,,4.084,6.0,132.0,True,True
B2300276400000,VERMELHO MONET,2017,2023,CE,SALAS DE EXIBIÇÃO,FICÇÃO,PRODAV,PRODAV 06,False,6100000.0,2,1.444401,8654225.100000001,8810846.1,8654225.100000001,0.0,False,3481.0,True,402.2312754494911,51554.92,432.0,16.0,,,,,,,False,False,0,0.0,0,False,,,3.717,6.7,96.0,True,True
B2400024100000,LAMA DOS DIAS 2ª TEMPORADA,2016,2024,PE,COMUNICAÇÃO ELETRÔNICA DE MASSA POR ASSINATURA (TV PAGA),FICÇÃO,PRODAV,PRODAV 02 - PROJETO DERIVADO,False,3045000.0,1,1.487011,4527948.495,4527948.495,4527948.495,0.0,False,,False,0.0,,,,,,,,,,False,False,0,0.0,0,False,,,,,,False,False
B2200325000000,A PORTA AO LADO,2016,2022,RJ,SALAS DE EXIBIÇÃO,FICÇÃO,PRODAV,PRODAV 06,False,5148536.11,5,1.487011,8395455.31301531,7655929.829467211,7627710.59414065,767744.71887466,True,1017.0,True,121.1369678096392,13575.99,403.0,13.0,,,,,,,False,False,0,0.0,0,False,,,3.171,5.4,148.0,True,True
B2000459700000,HIT PARADE,2013,2020,SP,COMUNICAÇÃO ELETRÔNICA DE MASSA POR ASSINATURA (TV PAGA),FICÇÃO,PRODAV,PRODAV 01,False,3000030.0,1,1.861311,5583988.83933,5583988.83933,5583988.83933,0.0,False,,False,0.0,,,,,,,,,,False,False,0,0.0,0,False,,,,,,False,False
B1900157600000,KARDEC,2013,2019,RJ,SALAS DE EXIBIÇÃO,FICÇÃO,PRODECINE,PRODECINE 01,False,4194083.7199999997,2,1.861311,12920173.91401936,7806494.1629569195,7672609.91401936,5247564.0,True,757742.0,True,58647.97215908936,11849901.0,26260.0,262.0,,,4.0,1.0,,,False,False,0,0.8,1,True,,,3.8,6.1,1960.0,True,True
B2100282200000,"PLUFT, O FANTASMINHA",2013,2021,RJ,SALAS DE EXIBIÇÃO,FICÇÃO,PRODECINE,PRODECINE 01,False,6178774.109999999,3,1.861311,19546380.43441584,11500620.217458209,10073164.25941584,9473216.174999999,True,129093.0,True,6604.445279940549,2270066.42,11996.0,198.0,,,,,,,False,False,0,0.0,0,False,,,3.938,,,True,False
B2000006000000,DE PERTO ELA NÃO É NORMAL,2016,2019,RJ,SALAS DE EXIBIÇÃO,FICÇÃO,PRODECINE,PRODECINE 02,False,3200000.0,2,1.487011,9091638.2,4758435.2,4758435.2,4333203.0,True,488.0,True,53.67569510190145,10525.15,130.0,7.0,,,,,,,False,False,0,0.0,0,False,,,4.4,5.3,73.0,True,True
B2400235900000,VIVA A VIDA,2018,2024,RJ,SALAS DE EXIBIÇÃO,FICÇÃO,FLUXO CONTINUO,FLUXO CONTÍNUO PRODUÇÃO PARA CINEMA,False,3000000.0,1,1.392194,12184602.0,4176582.0,4176582.0,8008020.0,True,13728.0,True,1126.6679042942887,204525.4,2916.0,127.0,,,,,,,False,False,0,0.0,0,False,,,,,,False,False
B1800029400000,O AMOR DÁ TRABALHO,2015,2018,SP,SALAS DE EXIBIÇÃO,FICÇÃO,PRODAV,PRODAV 06,False,3000000.0,1,1.580544,9946170.485129891,4741632.0,4741632.0,5204538.485129891,True,58691.0,True,5900.864064993305,912492.46,3452.0,55.0,,,,,,,False,False,0,0.0,0,False,,,4.3,5.7,241.0,True,True
B1800556100000,CHORAR DE RIR,2013,2018,SP,SALAS DE EXIBIÇÃO,FICÇÃO,PRODECINE,PRODECINE 04,False,3000000.0,1,1.861311,15178345.330083,5583933.0,5583933.0,9594412.330083,True,83888.0,True,5526.821150506877,1250624.59,6796.0,99.0,,,,,,,False,False,0,0.0,0,False,,,,6.2,97.0,False,True
B1900019800000,ALBATROZ,2013,2018,SP,SALAS DE EXIBIÇÃO,FICÇÃO,PRODECINE,PRODECINE 02,False,3000000.0,1,1.861311,9583678.3845757,5583933.0,5583933.0,3999745.3845757,True,6387.0,True,666.445569613381,112632.91,893.0,15.0,,,,,,,False,False,0,0.0,0,False,,,,5.3,155.0,False,True
B2400187300000,O CLUBE DAS MULHERES DE NEGÓCIOS,2018,2024,RJ,SALAS DE EXIBIÇÃO,FICÇÃO,FLUXO CONTINUO,FLUXO CONTÍNUO PRODUÇÃO PARA CINEMA,False,4667031.01,4,1.392194,10778315.09921111,6497412.569935939,6601733.09921111,4176582.0,True,3354.0,True,311.1803625267448,51023.74,392.0,20.0,,,,,,,False,False,0,0.0,0,False,,,,,,False,False
B1500257800000,QUESTÃO DE FAMÍLIA 2º TEMPORADA,2013,2014,RJ,COMUNICAÇÃO ELETRÔNICA DE MASSA POR ASSINATURA (TV PAGA),FICÇÃO,PRODAV,PRODAV 01,False,3000000.0,1,1.861311,5583933.0,5583933.0,5583933.0,0.0,False,,False,0.0,,,,,,,,,,False,False,0,0.0,0,False,,,3.656,,,True,False
B1800269200000,MULHERES ALTERADAS,2016,2018,SP,SALAS DE EXIBIÇÃO,FICÇÃO,PRODECINE,PRODECINE 02,False,3200000.0,2,1.487011,10658883.38419456,4758435.2,4810870.6,5848012.784194561,True,92611.0,True,8688.621186842844,1440498.83,4601.0,43.0,,,5.0,2.0,,,False,False,0,1.0,1,True,,,2.5,5.4,188.0,True,True
B1700119200000,COMO NOSSOS PAIS,2013,2017,SP,SALAS DE EXIBIÇÃO,FICÇÃO,PRODECINE,PRODECINE 02,False,3000000.0,1,1.861311,10341504.621,5583933.0,5583933.0,4757571.621,True,207286.0,True,20044.085227122003,3510486.35,8109.0,68.0,,,31.0,10.0,36866.0,,False,False,1,12.87,2,True,1.0,0.0,3.7,7.2,2426.0,True,True
B2300212900000,MEU NOME É GAL,2018,2023,SP,SALAS DE EXIBIÇÃO,FICÇÃO,FLUXO CONTINUO,FLUXO CONTÍNUO PRODUÇÃO PARA CINEMA,False,3200000.0,2,1.392194,9651190.2771763,4455020.8,4455020.8,5196169.4771763,True,168788.0,True,17488.827300313387,3492347.04,9609.0,119.0,2.0,5.5,5.5,3.0,2825.0,,False,False,1,7.77,3,True,2.0,0.0,3.0,6.3,763.0,True,True
B2300349700000,NOSSO SONHO,2018,2023,RJ,SALAS DE EXIBIÇÃO,FICÇÃO,FLUXO CONTINUO,FLUXO CONTÍNUO PRODUÇÃO PARA CINEMA,False,3000000.0,1,1.392194,9975924.9,4176582.0,4176582.0,5799342.9,True,499599.0,True,50080.469230477065,8419388.24,18123.0,200.0,,,,,,,False,False,0,0.0,0,False,,,4.259,7.2,1250.0,True,True
B1500593700000,SANTO FORTE,2012,2015,SP,COMUNICAÇÃO ELETRÔNICA DE MASSA POR ASSINATURA (TV PAGA),FICÇÃO,PRODAV,PRODAV 01,False,3000000.0,1,1.971315,8892042.6,5913945.0,5913945.0,2978097.6,True,,False,0.0,,,,,,,,,,False,False,0,0.0,0,False,,,,,,False,False
B1900454200000,VENEZA,2016,2019,RJ,SALAS DE EXIBIÇÃO,FICÇÃO,PRODECINE,PRODECINE 02,False,4265132.65,2,1.487011,11632675.56479265,6342299.167009151,6288391.86479265,5344283.7,True,7665.0,True,658.9197779398937,144622.02,2218.0,54.0,,,,,,,False,False,0,0.0,0,False,,,3.825,6.8,178.0,True,True
B1800307900000,O CANDIDATO HONESTO 2,2016,2018,RJ,SALAS DE EXIBIÇÃO,FICÇÃO,PRODECINE,PRODECINE 02,False,3811294.0,3,1.487011,10999214.83638958,5667436.102234,5714202.602234,5285012.23415558,True,589443.0,True,53589.552415132275,8354062.3,46087.0,275.0,,,,,,,False,False,0,0.0,0,False,,,3.1,5.4,561.0,True,True
B2000502900000,QUEM VAI FICAR COM MÁRIO,2018,2020,RJ,SALAS DE EXIBIÇÃO,FICÇÃO,FLUXO CONTINUO,FLUXO CONTÍNUO PRODUÇÃO PARA CINEMA,False,3523217.5300000003,2,1.392194,9696244.222502831,4905002.30596082,4954612.22250283,4741632.0,True,15096.0,True,1556.8914781421793,254767.06,2557.0,60.0,,,,,,,False,False,0,0.0,0,False,,,3.835,5.5,682.0,True,True
B2200343300000,A ÚLTIMA FESTA,2018,2022,RJ,SALAS DE EXIBIÇÃO,FICÇÃO,FLUXO CONTINUO,FLUXO CONTÍNUO PRODUÇÃO PARA CINEMA,True,3000000.0,1,1.392194,5620983.0,4176582.0,4176582.0,1444401.0,True,1624.0,True,288.91743668322783,30927.12,606.0,34.0,,,,,,,False,False,0,0.0,1,True,,,4.7,5.5,40.0,True,True
B2000065800000,TARSILINHA,2013,2020,SP,SALAS DE EXIBIÇÃO,ANIMAÇÃO,PRODECINE,PRODECINE 02,False,3000000.0,1,1.861311,11736182.8344,5583933.0,5583933.0,6152249.8344,True,8442.0,True,719.31394722785,143306.19,2237.0,55.0,,,,,,,False,False,0,0.0,0,False,,,3.463,6.0,149.0,True,True
B2500048500000,MANAS,2018,2025,PE,SALAS DE EXIBIÇÃO,FICÇÃO,CONCURSO,CONCURSO PRODUÇÃO PARA CINEMA,True,3000000.0,1,1.392194,12158218.61469726,4176582.0,4176582.0,7981636.614697261,True,20421.0,True,1679.6046071514468,373311.3,1199.0,29.0,,,,,,5.0,False,False,0,4.0,2,True,2.0,2.0,,,,False,False
B1700395900000,DUAS DE MIM,2012,2017,RJ,SALAS DE EXIBIÇÃO,FICÇÃO,PRODECINE,PRODECINE 02,False,3638360.0,2,1.971315,8903305.88196685,7172353.6433999995,7030556.65168,1872749.23028685,True,295790.0,True,33222.49105235239,3930701.25,13064.0,104.0,,,,,,,False,False,0,0.0,0,False,,,4.2,4.4,152.0,True,True
B2100260000000,DIÁRIOS DE INTERCÂMBIO,2016,2021,RJ,SALAS DE EXIBIÇÃO,FICÇÃO,PRODECINE,PRODECINE 02,False,3000000.0,1,1.487011,11794435.92804,4461033.0,4461033.0,7333402.92804,True,34.0,True,2.882715223300223,227.0,70.0,5.0,,,,,,,False,False,0,0.0,0,False,,,3.948,,,True,False
B1402406800000,IRMÃ DULCE,2012,2014,RJ,SALAS DE EXIBIÇÃO,FICÇÃO,PRODECINE,PRODECINE 02,False,3000000.0,1,1.971315,19318887.01971315,5913945.0,5913945.0,13404942.01971315,True,207825.0,True,10757.607298388033,2373703.61,,,,,,,,,False,False,0,0.0,0,False,,,4.2,7.1,314.0,True,True
B1800410600000,TUDO ACABA EM FESTA,2013,2018,SP,SALAS DE EXIBIÇÃO,FICÇÃO,PRODECINE,PRODECINE 02,False,3000000.0,1,1.861311,12423257.67768676,5583933.0,5583933.0,6839324.67768676,True,30562.0,True,2460.06327751633,462133.23,3582.0,27.0,,,,,,,False,False,0,0.0,0,False,,,2.998,5.4,79.0,True,True
B1900235500000,TURMA DA MÔNICA - LAÇOS,2016,2019,SP,SALAS DE EXIBIÇÃO,FICÇÃO,PRODECINE,PRODECINE 02,False,3000000.0,1,1.487011,11848503.648,4461033.0,4461033.0,7387470.648,True,2158789.0,True,182199.2940319007,30453059.16,61898.0,339.0,,,13.5,4.0,,,False,False,0,2.7,1,True,,,3.9,7.1,2717.0,True,True
B2000070300000,DOIS MAIS DOIS,2018,2020,SP,SALAS DE EXIBIÇÃO,FICÇÃO,FLUXO CONTINUO,FLUXO CONTÍNUO PRODUÇÃO PARA CINEMA,False,3000000.0,1,1.392194,10024594.8,4176582.0,4176582.0,5848012.8,True,14594.0,True,1455.8194412007554,273392.33,3035.0,74.0,,,,,,,False,False,0,0.0,0,False,,,3.775,5.8,94.0,True,True
B1900589200000,OS SALAFRÁRIOS,2016,2019,RJ,SALAS DE EXIBIÇÃO,FICÇÃO,PRODECINE,PRODECINE 02,False,3982500.0,2,1.487011,10383054.307500001,5922021.3075,5922021.3075,4461033.0,True,613.0,True,59.038504648599506,7956.0,28.0,1.0,,,,,,,False,False,0,0.0,0,False,,,,,,False,False
B1800580500000,UMA PITADA DE SORTE,2013,2018,RJ,SALAS DE EXIBIÇÃO,FICÇÃO,PRODECINE,PRODECINE 02,False,4000000.0,2,1.861311,11712712.8,7445244.0,7445244.0,4267468.8,True,86955.0,True,7423.984646836043,909072.28,4034.0,89.0,,,,,,,False,False,0,0.0,0,False,,,4.072,,,True,False
B1201586000000,"E AÍ, COMEU?",2012,2012,RJ,SALAS DE EXIBIÇÃO,FICÇÃO,PRODAV,PRODAV 01,False,6570000.0,3,1.971315,15308942.66,12951539.549999999,13222503.66,2086439.0,True,,False,0.0,,,,,,,,,,False,False,0,0.0,0,False,,,3.1,5.7,2183.0,True,True
B1600358700000,E AÍ... COMEU?,2012,2015,RJ,COMUNICAÇÃO ELETRÔNICA DE MASSA POR ASSINATURA (TV PAGA),FICÇÃO,PRODAV,PRODAV 01,False,6570000.0,3,1.971315,12951539.549999999,12951539.549999999,,,False,,False,0.0,,,,,,,,,,False,False,0,0.0,0,False,,,,,,False,False
B2000513600000,UM TIO QUASE PERFEITO 2,2017,2020,RJ,SALAS DE EXIBIÇÃO,FICÇÃO,PRODAV,PRODAV 06,False,3000000.0,1,1.444401,9092088.239022,4333203.0,4333203.0,4758885.239022,True,79371.0,True,8729.67770587075,1213918.55,11384.0,176.0,,,,,,,False,False,0,0.0,0,False,,,3.0,5.9,123.0,True,True
B1900439300000,TERAPIA DO MEDO,2013,2019,SP,SALAS DE EXIBIÇÃO,FICÇÃO,PRODECINE,PRODECINE 02,False,3500000.0,2,1.861311,11261804.5,6514588.5,6458527.0,4803277.5,True,431.0,True,38.270953824495884,3828.0,38.0,2.0,,,,,,,False,False,0,0.0,0,False,,,3.788,5.2,236.0,True,True
B2000006700000,MARIGHELLA,2013,2019,SP,SALAS DE EXIBIÇÃO,FICÇÃO,PRODECINE,PRODECINE 02,False,4620000.0,3,1.861311,17353850.347999997,8599256.82,7910686.08,9443164.268,True,328804.0,True,18947.03442788961,6215045.45,11950.0,166.0,,,27.5,12.0,4129.0,,False,True,2,18.83,2,True,1.0,0.0,3.464,7.1,56844.0,True,True
B2100070100000,O SILÊNCIO DA CHUVA,2016,2021,RJ,SALAS DE EXIBIÇÃO,FICÇÃO,PRODECINE,PRODECINE 02,False,4836248.75,3,1.487011,11446515.530748751,7191555.089986251,7113312.53074875,4333203.0,True,1666.0,True,145.54647617649474,29992.16,431.0,17.0,,,1.0,1.0,,,False,False,0,0.2,1,True,,,4.1,6.2,257.0,True,True
B1402704900000,LOUCAS PRA CASAR,2012,2014,RJ,SALAS DE EXIBIÇÃO,FICÇÃO,PRODECINE,PRODECINE 02,False,3000000.0,1,1.971315,10170684.82492875,5913945.0,5913945.0,4256739.82492875,True,3779806.0,True,371637.31499530363,45688069.53,,,,,,,,,False,False,0,0.0,0,False,,,3.7,5.8,1197.0,True,True
B1001305900000,DE PERNAS PRO AR,2008,2010,RJ,SALAS DE EXIBIÇÃO,FICÇÃO,PRODECINE,PRODECINE 02,False,3000000.0,1,2.454812,11663793.7368,7364436.0,7364436.0,4299357.7368,True,,False,0.0,,,,,,,,,,False,False,0,0.0,0,False,,,3.862,5.7,2645.0,True,True
B1800000800000,O GRANDE CIRCO MISTICO,2013,2018,RJ,SALAS DE EXIBIÇÃO,FICÇÃO,PRODECINE,PRODECINE 02,True,3500000.0,2,1.861311,20037204.244999997,6514588.5,6327438.5,13430569.095,True,52206.0,True,2605.4533038473805,836874.18,6994.0,76.0,,,,,10256.0,1.0,False,False,1,8.67,3,True,4.0,1.0,1.7,5.2,687.0,True,True
B1800098700000,SIMONAL,2014,2018,RJ,SALAS DE EXIBIÇÃO,FICÇÃO,PRODAV,PRODAV 06,False,3650000.0,2,1.749188,13117487.942136,6384536.2,6457416.15,6660071.7921360005,True,65629.0,True,5003.168311608391,1190011.69,3657.0,30.0,,,15.5,7.0,,,False,False,0,3.1,1,True,,,,6.8,590.0,False,True
B2500331100000,A VIDA DE CADA UM,2018,2025,RJ,SALAS DE EXIBIÇÃO,FICÇÃO,CONCURSO,CONCURSO PRODUÇÃO PARA CINEMA,False,3654243.0,2,1.392194,5198856.004024,5087415.179142,4931922.004024,266934.0,True,,False,0.0,,,,,,,,,,False,False,0,0.0,0,False,,,,,,False,False
B2300330000000,ENTRELINHAS,2018,2023,PR,SALAS DE EXIBIÇÃO,FICÇÃO,FLUXO CONTINUO,FLUXO CONTÍNUO PRODUÇÃO PARA CINEMA,False,2980176.0,1,1.392194,4148983.146144,4148983.146144,4148983.146144,0.0,False,2293.0,True,552.6655373693378,20593.15,376.0,12.0,,,,,,,False,False,0,0.0,0,False,,,,6.8,38.0,False,True
B1900117400000,A COLMEIA,2022,2018,RS,SALAS DE EXIBIÇÃO,FICÇÃO,PRODUCAO,PRODUÇÃO CINEMA,False,3358179.2,3,1.096731,3905938.9281952,3683019.2321952,3905938.9281952,0.0,False,781.0,True,199.9519230478274,10571.34,131.0,10.0,,,,,,,False,False,0,0.0,0,False,,,,6.6,15.0,False,True
B2100166300000,CORDÉLICOS,2013,2021,SP,RADIODIFUSÃO DE SONS E IMAGENS (TV ABERTA),ANIMAÇÃO,PRODAV,PRODAV 01,False,2950000.0,1,1.861311,5490867.45,5490867.45,5490867.45,0.0,False,,False,0.0,,,,,,,,,,False,False,0,0.0,0,False,,,,,,False,False
B2300018300000,CHUVA NEGRA,2013,2022,SP,COMUNICAÇÃO ELETRÔNICA DE MASSA POR ASSINATURA (TV PAGA),FICÇÃO,PRODAV,PRODAV 01,False,2944648.11,1,1.861311,5480905.918272209,5480905.918272209,5480905.918272209,0.0,False,,False,0.0,,,,,,,,,,False,False,0,0.0,0,False,,,,,,False,False
B2300484200000,AS AVENTURAS DE POLIANA - O FILME,2017,2023,RJ,SALAS DE EXIBIÇÃO,FICÇÃO,PRODAV,PRODAV 06,False,2931294.37,1,1.444401,9572644.51932237,4233964.51932237,4233964.51932237,5338680.0,True,105869.0,True,11059.535302528322,1796583.13,21149.0,356.0,,,,,,,False,False,0,0.0,0,False,,,3.833,7.3,50.0,True,True
B2200386600000,NA RÉDEA CURTA,2018,2022,BA,SALAS DE EXIBIÇÃO,FICÇÃO,CONCURSO,CONCURSO PRODUÇÃO PARA CINEMA,False,2913000.0,1,1.392194,4055461.122,4055461.122,4055461.122,0.0,False,10627.0,True,2620.41718076172,159340.71,824.0,23.0,,,,,,,False,False,0,0.0,0,False,,,,6.4,21.0,False,True
B1301931900000,BELEZA S/A,2012,2013,SP,INDEFINIDO,FICÇÃO,PRODAV,PRODAV 01,False,2850000.0,1,1.971315,6067707.57,5618247.75,5618247.75,449459.82,True,,False,0.0,,,,,,,,,,False,False,0,0.0,0,False,,,4.6,,,True,False
B2100301600000,CHÃO DE ESTRELAS,2015,2021,PE,COMUNICAÇÃO ELETRÔNICA DE MASSA POR ASSINATURA (TV PAGA),FICÇÃO,PRODAV,PRODAV 06,False,2800000.0,1,1.580544,4425523.2,4425523.2,4425523.2,0.0,False,,False,0.0,,,,,,,,,,False,False,0,0.0,0,False,,,4.227,,,True,False
B2400397700000,RUAS DA GLÓRIA,2018,2024,RJ,SALAS DE EXIBIÇÃO,FICÇÃO,CONCURSO,CONCURSO PRODUÇÃO PARA CINEMA,False,2787955.81,1,1.392194,5077065.67940165,3881375.35094714,3881375.35094714,1195690.32845451,True,,False,0.0,,,,,,,,,,False,False,0,0.0,0,False,,,,,,False,False
B2000111500000,TÁ PUXADO,2013,2020,PE,RADIODIFUSÃO DE SONS E IMAGENS (TV ABERTA),FICÇÃO,PRODAV,PRODAV 01,False,2769999.4,1,1.861311,5155830.3532134,5155830.3532134,5155830.3532134,0.0,False,,False,0.0,,,,,,,,,,False,False,0,0.0,0,False,,,,,,False,False
B2400370600000,GRANDE SERTÃO KEBRADAS,2018,2024,DF,SALAS DE EXIBIÇÃO,FICÇÃO,CONCURSO,CONCURSO PRODUÇÃO PARA CINEMA,False,2765000.0,1,1.392194,3849416.4099999997,3849416.4099999997,3849416.4099999997,0.0,False,,False,0.0,,,,,,,,,,False,False,0,0.0,0,False,,,,,,False,False
B2500535800000,CARAVELLE 114,2016,2025,PR,RADIODIFUSÃO DE SONS E IMAGENS (TV ABERTA),FICÇÃO,PRODAV,PRODAV 02 - PROJETO DERIVADO,False,2759657.79,1,1.487011,4103641.4899656903,4103641.4899656903,4103641.4899656903,0.0,False,,False,0.0,,,,,,,,,,False,False,0,0.0,0,False,,,,,,False,False
B1700552000000,"FALA SÉRIO, MÃE!",2015,2017,RJ,SALAS DE EXIBIÇÃO,FICÇÃO,PRODAV,PRODAV 06,False,2750050.29,1,1.580544,9030660.12068765,4346575.48555776,4346575.48555776,4684084.63512989,True,2956305.0,True,327363.1119421299,38814511.85,77601.0,339.0,,,,,,,False,False,0,0.0,0,False,,,3.5,6.1,804.0,True,True
B2000127500000,NADA É POR ACASO,2016,2020,RJ,SALAS DE EXIBIÇÃO,FICÇÃO,PRODECINE,PRODECINE 02,False,2715815.6,1,1.487011,9622380.6711716,4038447.6711716005,4038447.6711716005,5583933.0,True,151226.0,True,15716.06914836254,2211378.33,11780.0,232.0,,,,,,,False,False,0,0.0,0,False,,,3.17,6.0,166.0,True,True
B1600680100000,ELIS,2013,2016,SP,SALAS DE EXIBIÇÃO,FICÇÃO,PRODECINE,PRODECINE 02,False,2710000.0,1,1.861311,14406547.14,5044152.81,5044152.81,9362394.33,True,564477.0,True,39181.977091007524,8493069.23,16582.0,93.0,,,,,9639.0,,False,False,1,6.67,1,True,2.0,0.0,3.8,6.7,2256.0,True,True
B2500389300000,RESTA UM,2022,2025,GO,SALAS DE EXIBIÇÃO,FICÇÃO,DESEMPENHO,DESEMPENHO COMERCIAL,False,2707709.33,1,1.096731,2969628.7612002296,2969628.7612002296,2969628.7612002296,0.0,False,,False,0.0,,,,,,,,,,False,False,0,0.0,0,False,,,,,,False,False
B1700349800000,"JOÃO, O MAESTRO",2012,2016,RJ,SALAS DE EXIBIÇÃO,FICÇÃO,PRODECINE,PRODECINE 01,False,2979524.54,2,1.971315,13220333.43603765,5873581.418570099,5811491.47107352,7408841.96496413,True,93220.0,True,7051.2593688362795,1515200.75,6145.0,61.0,,,,,,,False,False,0,0.0,0,False,1.0,0.0,3.734,7.0,355.0,True,True
B1900048500000,CINDERELA POP,2016,2018,RJ,SALAS DE EXIBIÇÃO,FICÇÃO,PRODECINE,PRODECINE 02,False,2700000.0,1,1.487011,8348132.685555991,4014929.7,4014929.7,4333202.985555991,True,483963.0,True,57972.6051596373,6435263.26,25603.0,228.0,,,,,,,False,False,0,0.0,0,False,,,4.3,4.7,1580.0,True,True
B2300375400000,PRINCESA ADORMECIDA,2016,2023,RJ,SALAS DE EXIBIÇÃO,FICÇÃO,PRODECINE,PRODECINE 02,False,2700000.0,1,1.487011,8348132.7,4014929.7,4014929.7,4333203.0,True,29678.0,True,3555.0465075860616,519003.18,22679.0,152.0,,,,,,,False,False,0,0.0,0,False,,,3.888,4.1,218.0,True,True
B2500030000000,O MELHOR AMIGO,2022,2025,CE,SALAS DE EXIBIÇÃO,FICÇÃO,PRODUCAO,PRODUÇÃO CINEMA,False,2685113.5,1,1.096731,6775703.2139685005,2944847.2139684996,2944847.2139684996,3830856.0000000005,True,7995.0,True,1179.9513271947699,88186.59,437.0,28.0,,,,,,,False,False,0,0.0,0,False,,,,,,False,False
B1700454300000,GOSTO SE DISCUTE,2015,2016,SP,SALAS DE EXIBIÇÃO,FICÇÃO,PRODAV,PRODAV 06,False,2647174.77,1,1.580544,4251893.56053318,4183976.1996748797,4183976.1996748797,67917.3608583,True,173260.0,True,40748.90340817316,2400978.15,22753.0,161.0,,,,,,,False,False,0,0.0,0,False,,,,5.0,269.0,False,True
B1900215700000,CHUTEIRA PRETA,2013,2019,RS,COMUNICAÇÃO ELETRÔNICA DE MASSA POR ASSINATURA (TV PAGA),FICÇÃO,PRODAV,PRODAV 01,False,2600000.0,1,1.861311,4839408.6,4839408.6,4839408.6,0.0,False,,False,0.0,,,,,,,,,,False,False,0,0.0,0,False,,,,,,False,False
B1900024800000,FERAS,2013,2018,SP,COMUNICAÇÃO ELETRÔNICA DE MASSA POR ASSINATURA (TV PAGA),FICÇÃO,PRODAV,PRODAV 01,False,2810094.35,3,1.861311,6043991.81760435,5230459.52469285,5148613.64160435,895378.176,True,,False,0.0,,,,,,,,,,False,False,0,0.0,0,False,,,3.5,,,True,False
B2000453400000,"TUCA, O MESTRE CUCA",2013,2018,SC,COMUNICAÇÃO ELETRÔNICA DE MASSA POR ASSINATURA (TV PAGA),ANIMAÇÃO,PRODAV,PRODAV 01,False,2600000.0,1,1.861311,5200508.85,4839408.6,4839408.6,361100.25,True,,False,0.0,,,,,,,,,,False,False,0,0.0,0,False,,,3.5,,,True,False
B1800337400000,Z4,2013,2018,SP,RADIODIFUSÃO DE SONS E IMAGENS (TV ABERTA),FICÇÃO,PRODAV,PRODAV 01,False,2600000.0,1,1.861311,8308201.792305369,4839408.6,4839408.6,3468793.1923053702,True,,False,0.0,,,,,,,,,,False,False,0,0.0,0,False,,,,,,False,False
B2500039100000,SE A VIDA COMEÇASSE AGORA,2016,2025,SC,SALAS DE EXIBIÇÃO,FICÇÃO,PRODECINE,PRODECINE 02,False,2597851.0,1,1.487011,12562504.74877537,3863033.013361,3863033.013361,8699471.73541437,True,,False,0.0,,,,,,,,,,False,False,0,0.0,0,False,,,,,,False,False
B1700378900000,PERRENGUE,2013,2017,RJ,COMUNICAÇÃO ELETRÔNICA DE MASSA POR ASSINATURA (TV PAGA),FICÇÃO,PRODAV,PRODAV 01,False,2589942.0,1,1.861311,5882255.53345512,4820687.533962,4820687.533962,1061567.99949312,True,,False,0.0,,,,,,,,,,False,False,0,0.0,0,False,,,3.958,,,True,False
B2300272300000,AZUL CELESTE,2013,2023,MG,COMUNICAÇÃO ELETRÔNICA DE MASSA POR ASSINATURA (TV PAGA),FICÇÃO,PRODAV,PRODAV 01,False,2560000.0,1,1.861311,4764956.16,4764956.16,4764956.16,0.0,False,,False,0.0,,,,,,,,,,False,False,0,0.0,0,False,,,,,,False,False
B2500098500000,QUEIMAMUFA - 2ª TEMPORADA,2022,2025,RJ,COMUNICAÇÃO ELETRÔNICA DE MASSA POR ASSINATURA (TV PAGA),FICÇÃO,PRODUCAO,PRODUÇÃO TV-VOD,False,2549155.41,1,1.096731,2795737.76196471,2795737.76196471,2795737.76196471,0.0,False,,False,0.0,,,,,,,,,,False,False,0,0.0,0,False,,,,,,False,False
B1900366600000,A VIDA INVISÍVEL,2016,2019,SP,SALAS DE EXIBIÇÃO,FICÇÃO,PRODAV,PRODAV 06,True,4383976.2,3,1.487011,8144830.1781382,6519020.8331382,6543807.078138201,1601023.0999999999,True,136419.0,True,16749.152163560957,2310810.1,5719.0,57.0,,,59.5,19.0,,45.0,False,False,0,21.9,3,True,1.0,11.0,,,,False,False
B2100109200000,OS UNDER-UNDERGROUNDS - 2º TEMPORADA,2013,2021,SP,COMUNICAÇÃO ELETRÔNICA DE MASSA POR ASSINATURA (TV PAGA),ANIMAÇÃO,PRODAV,PRODAV 01,False,2525000.0,1,1.861311,4699810.274999999,4699810.274999999,4699810.274999999,0.0,False,,False,0.0,,,,,,,,,,False,False,0,0.0,0,False,,,,,,False,False
B1900421800000,LUCICREIDE VAI PRA MARTE,2016,2019,PE,SALAS DE EXIBIÇÃO,FICÇÃO,PRODAV,PRODAV 06,False,2513399.7,1,1.487011,9410399.9662967,3737453.0012967004,3737453.0012967004,5672946.965,True,14840.0,True,1576.9786675539174,199928.12,2417.0,66.0,,,,,,,False,False,0,0.0,0,False,,,,5.0,158.0,False,True
B1900571100000,INCOMPATÍVEL,2014,2019,SP,SALAS DE EXIBIÇÃO,FICÇÃO,PRODECINE,PRODECINE 01,False,2500000.0,1,1.749188,11341265.072643802,4372970.0,4372970.0,6968295.0726438,True,1977.0,True,174.31917756412466,41012.67,513.0,12.0,,,,,,,False,False,0,0.0,0,False,,,,,,False,False
B2000163800000,OS ESPETACULARES,2015,2020,RJ,SALAS DE EXIBIÇÃO,FICÇÃO,PRODAV,PRODAV 06,False,5000000.0,2,1.580544,9349161.9,7902720.0,8604637.5,744524.4,True,296.0,True,31.660591951028252,5102.32,29.0,4.0,,,,,,,False,False,0,0.0,0,False,,,,5.7,137.0,False,True
B1900508000000,"PIXINGUINHA, UM HOMEM CARINHOSO",2010,2019,RJ,SALAS DE EXIBIÇÃO,FICÇÃO,PRODECINE,PRODECINE 02,False,2500000.0,1,2.222058,11156190.409999998,5555145.0,5555145.0,5601045.41,True,6070.0,True,544.0925420705508,111465.87,1078.0,40.0,,,2.0,2.0,,,False,False,0,0.4,1,True,,,3.936,6.8,138.0,True,True
B1700386500000,COMO SE TORNAR O PIOR ALUNO DA ESCOLA,2013,2016,SP,SALAS DE EXIBIÇÃO,FICÇÃO,PRODECINE,PRODECINE 02,False,3500000.0,2,1.861311,12117336.038333118,6514588.5,6514588.5,5602747.53833312,True,516612.0,True,42634.123405152844,6850270.39,28731.0,187.0,,,,,,,False,False,0,0.0,0,False,,,3.0,5.4,2230.0,True,True
B2300200700000,MUNDO PROIBIDO,2016,2023,SP,SALAS DE EXIBIÇÃO,ANIMAÇÃO,PRODECINE,PRODECINE 01,False,2500000.0,1,1.487011,6088343.5,3717527.5,3717527.5,2370816.0,True,492.0,True,80.81015796825524,4537.14,197.0,5.0,,,,,,,False,False,0,0.0,0,False,,,,6.8,8.0,False,True
B1700151900000,O FILME DA MINHA VIDA,2013,2017,RJ,SALAS DE EXIBIÇÃO,FICÇÃO,PRODECINE,PRODECINE 01,False,3268133.2800000003,2,1.861311,15965924.623530079,6083012.42353008,6083012.423530079,9882912.2,True,299087.0,True,18732.833021096376,4465798.97,14290.0,131.0,,,12.5,4.0,,,True,False,1,9.17,1,True,,,3.2,7.1,2227.0,True,True
B2000338200000,A BÊNÇÃO,2016,2020,RS,COMUNICAÇÃO ELETRÔNICA DE MASSA POR ASSINATURA (TV PAGA),FICÇÃO,PRODAV,PRODAV 02 - PROJETO DERIVADO,False,2500000.0,1,1.487011,3717527.5,3717527.5,3717527.5,0.0,False,,False,0.0,,,,,,,,,,False,False,0,0.0,0,False,,,,,,False,False
B1201696900000,FLORES RARAS,2009,2012,RJ,INDEFINIDO,FICÇÃO,PRODECINE,PRODECINE 01,False,2500000.0,1,2.353382,21766430.09446618,5883455.0,5883455.0,15882975.094466178,True,13.0,True,0.5972499828212562,3402184.5,1.0,1.0,,,,,30489.0,,True,False,2,13.33,1,True,1.0,0.0,4.1,7.0,3803.0,True,True
B2200050700000,MEU AMIGÃOZÃO - O FILME,2010,2022,RJ,SALAS DE EXIBIÇÃO,ANIMAÇÃO,PRODECINE,PRODECINE 02,False,2500000.0,1,2.222058,7822157.25,5555145.0,5555145.0,2267012.25,True,17333.0,True,2215.8848826517774,354629.14,2012.0,60.0,,,,,,,False,False,0,0.0,0,False,,,3.7,8.4,66.0,True,True
B1800216200000,CORRENDO ATRÁS,2013,2018,RJ,SALAS DE EXIBIÇÃO,FICÇÃO,PRODECINE,PRODECINE 02,False,3020080.59,3,1.861311,10536407.52706092,5621309.22305349,5529267.42706092,5007140.1,True,14.0,True,1.3287261302339957,215.27,12.0,3.0,,,,,,,False,False,0,0.0,0,False,,,,6.5,81.0,False,True
B2400119700000,AS POLACAS,2018,2024,RJ,SALAS DE EXIBIÇÃO,FICÇÃO,DESEMPENHO,SUPORTE AUTOMÁTICO - DESEMPENHO COMERCIAL CINEMA,False,2850000.0,2,1.392194,8210620.34500484,3967752.9,3877417.3450048394,4333203.0,True,7383.0,True,899.2012405605448,175249.77,839.0,22.0,,,,,,,False,False,0,0.0,0,False,,,,,,False,False
B1700611000000,OS FAROFEIROS,2016,2017,RJ,SALAS DE EXIBIÇÃO,FICÇÃO,PRODAV,PRODAV 06,False,3092000.0,2,1.487011,10079673.07195833,4597838.012,4658206.10611391,5421466.965844421,True,2620870.0,True,260015.3776109332,36724093.87,66977.0,335.0,,,,,,,False,False,0,0.0,0,False,,,3.4,6.0,1533.0,True,True
B2300534900000,SUÍTE MAGNÓLIA,2013,2023,RJ,COMUNICAÇÃO ELETRÔNICA DE MASSA POR ASSINATURA (TV PAGA),FICÇÃO,PRODAV,PRODAV 01,False,2400000.0,1,1.861311,4467146.399999999,4467146.399999999,4467146.399999999,0.0,False,,False,0.0,,,,,,,,,,False,False,0,0.0,0,False,,,4.143,,,True,False
B1800324100000,"O PACIENTE, O CASO TANCREDO NEVES",2014,2018,RJ,SALAS DE EXIBIÇÃO,FICÇÃO,PRODAV,PRODAV 06,False,4500000.0,3,1.749188,10623777.102017079,7871346.0,7446094.902017079,3177682.2,True,40793.0,True,3839.783121226711,818899.17,4406.0,23.0,,,,,,,False,False,0,0.0,0,False,,,3.8,6.6,287.0,True,True
B2000340700000,SUJEITO OCULTO,2016,2020,PE,SALAS DE EXIBIÇÃO,FICÇÃO,PRODECINE,PRODECINE 02,False,2975443.02,2,1.487011,4648241.6068992205,4424516.50061322,4648241.6068992205,0.0,False,600.0,True,129.08106994899777,7015.0,140.0,1.0,,,,,,,False,False,0,0.0,0,False,,,,7.4,10.0,False,True
B2200504100000,DESAPEGA,2017,2022,RJ,SALAS DE EXIBIÇÃO,FICÇÃO,PRODAV,PRODAV 06,False,4173584.85,4,1.444401,9791854.30747357,6028330.130924851,5787844.30747357,4004010.0,True,157289.0,True,16063.249621672798,1702598.56,7649.0,198.0,,,,,,,False,False,0,0.0,0,False,,,,4.9,216.0,False,True
B2500219200000,LONA PRETA,2018,2025,SP,COMUNICAÇÃO ELETRÔNICA DE MASSA POR ASSINATURA (TV PAGA),FICÇÃO,FLUXO CONTINUO,FLUXO CONTÍNUO PRODUÇÃO PARA TELEVISÃO,False,2367893.91,1,1.392194,3296567.69413854,3296567.69413854,3296567.69413854,0.0,False,,False,0.0,,,,,,,,,,False,False,0,0.0,0,False,,,,,,False,False
B2200442800000,MEDUSA,2018,2022,RJ,SALAS DE EXIBIÇÃO,FICÇÃO,DESEMPENHO,SUPORTE AUTOMÁTICO - DESEMPENHO ARTÍSTICO,False,2830549.67,3,1.392194,4763982.83727598,3940674.2672759797,3940674.2672759797,823308.5700000001,True,2329.0,True,488.8766562668202,21923.67,186.0,12.0,16.0,71.5,71.5,23.0,5980.0,,True,False,2,27.63,3,True,2.0,0.0,3.02,5.7,984.0,True,True
B2200202000000,DE REPENTE DRAG,2016,2022,MA,SALAS DE EXIBIÇÃO,FICÇÃO,PRODECINE,PRODECINE 02,False,2334150.0,1,1.487011,3470906.7256500004,3470906.7256500004,3470906.7256500004,0.0,False,1108.0,True,319.2249425234853,17605.85,88.0,7.0,,,,,,,False,False,0,0.0,0,False,,,4.095,6.7,27.0,True,True
B2500460400000,BRASIL DE ORIGEM,2022,2025,SP,COMUNICAÇÃO ELETRÔNICA DE MASSA POR ASSINATURA (TV PAGA),DOCUMENTÁRIO,PRODUCAO,PRODUÇÃO TV/VOD – VIA PROGRAMADORA,False,2333333.0,1,1.096731,2559038.634423,2559038.634423,2559038.634423,0.0,False,,False,0.0,,,,,,,,,,False,False,0,0.0,0,False,,,,,,False,False
B1600033400000,MEU AMIGO HINDU,2013,2015,SP,SALAS DE EXIBIÇÃO,FICÇÃO,PRODECINE,PRODECINE 04,False,2300000.0,1,1.861311,15584352.51933724,4281015.3,4281015.3,11303337.21933724,True,24098.0,True,1546.2945906863265,377955.3,4.0,1.0,,,,,,,True,False,1,6.67,0,False,,,4.3,5.8,638.0,True,True
B2000346300000,PAIXÕES RECORRENTES,2016,2020,RJ,SALAS DE EXIBIÇÃO,FICÇÃO,PRODECINE,PRODECINE 05,False,2250000.0,1,1.487011,3345774.75,3345774.75,3345774.75,0.0,False,601.0,True,179.62954619105784,9239.42,90.0,7.0,,,9.0,5.0,,,False,False,0,1.8,1,True,,,,6.6,13.0,False,True
B2300537000000,LONGE DO PARAÍSO,2016,2023,BA,SALAS DE EXIBIÇÃO,FICÇÃO,PRODECINE,PRODECINE 05,False,2250000.0,1,1.487011,3345774.75,3345774.75,3345774.75,0.0,False,1068.0,True,319.2085779235437,9220.59,130.0,4.0,,,,,,,False,False,0,0.0,0,False,,,3.84,,,True,False
B2000338900000,AOS PEDAÇOS,2014,2020,RJ,SALAS DE EXIBIÇÃO,FICÇÃO,PRODECINE,PRODECINE 05,False,2250000.0,1,1.749188,3935673.0,3935673.0,3935673.0,0.0,False,604.0,True,153.4680345648635,9499.84,129.0,9.0,,,,,,,False,False,0,0.0,0,False,,,,6.3,49.0,False,True
B2300041800000,TIA VIRGÍNIA,2016,2023,SP,SALAS DE EXIBIÇÃO,FICÇÃO,PRODECINE,PRODECINE 05,False,2250000.0,1,1.487011,3345774.75,3345774.75,3345774.75,0.0,False,12658.0,True,3783.2791941537607,176830.25,653.0,21.0,3.0,13.5,13.5,4.0,,,False,False,0,2.7,2,True,2.0,0.0,,7.2,250.0,False,True
B2000076800000,MATO SECO EM CHAMAS,2015,2020,DF,SALAS DE EXIBIÇÃO,FICÇÃO,PRODECINE,PRODECINE 05,True,2250000.0,1,1.580544,3556224.0,3556224.0,3556224.0,0.0,False,2270.0,True,638.3174963106936,20869.61,237.0,10.0,,,,,1178.0,,False,False,1,6.67,2,True,1.0,0.0,3.9,6.6,389.0,True,True
B1301930900000,O TEMPO E O VENTO,2009,2012,SP,INDEFINIDO,FICÇÃO,PRODECINE,PRODECINE 02,False,2250000.0,1,2.353382,17809517.9502,5295109.5,5295109.5,12514408.450199999,True,80.0,True,4.491980087484715,43919194.33,6.0,5.0,,,,,,,False,False,0,0.0,0,False,,,3.648,6.7,982.0,True,True
B1800092400000,MARE NOSTRUM,2014,2018,SP,SALAS DE EXIBIÇÃO,FICÇÃO,PRODECINE,PRODECINE 05,False,2250000.0,1,1.749188,4822764.75,3935673.0,3935673.0,887091.75,True,1950.0,True,404.33239046130126,25176.87,459.0,11.0,,,,,,,False,False,0,0.0,0,False,,,,6.7,51.0,False,True
B2400164900000,GREICE,2018,2024,RJ,SALAS DE EXIBIÇÃO,FICÇÃO,CONCURSO,CONCURSO PRODUÇÃO PARA CINEMA,True,2300000.0,2,1.392194,3202046.2,3202046.1999999997,3202046.2,0.0,False,2905.0,True,907.2323815939944,32835.72,237.0,13.0,,,,,,,False,False,0,0.0,1,True,,,,,,False,False
B1700222300000,ABAIXO A GRAVIDADE,2013,2017,BA,SALAS DE EXIBIÇÃO,FICÇÃO,PRODECINE,PRODECINE 05,False,2383317.0,2,1.861311,4398658.6421759995,4436094.148587,4398658.6421759995,0.0,False,851.0,True,193.46807043408432,11262.8,166.0,11.0,,,,,,,False,False,0,0.0,0,False,,,4.3,5.9,36.0,True,True
B2500002500000,DE MENOR - A SÉRIE,2013,2024,SP,COMUNICAÇÃO ELETRÔNICA DE MASSA POR ASSINATURA (TV PAGA),FICÇÃO,PRODAV,PRODAV 01,False,2249920.7,1,1.861311,4187802.1480377,4187802.1480377,4187802.1480377,0.0,False,,False,0.0,,,,,,,,,,False,False,0,0.0,0,False,,,,,,False,False
B2300402000000,UMA FADA VEIO ME VISITAR,2018,2023,SP,SALAS DE EXIBIÇÃO,FICÇÃO,COMERCIALIZAÇÃO - OPÇÃO ,COMERCIALIZAÇÃO - OPÇÃO DE INVESTIMENTO EM COMERCIALIZAÇÃO,False,3431102.62,2,1.392194,10599661.600948282,4776760.48094828,4776760.480948281,5822901.120000001,True,64177.0,True,6054.627252841591,1205152.75,11002.0,226.0,,,,,,,False,False,0,0.0,0,False,,,,2.8,265.0,False,True
B1900027100000,AINDA TEMOS A IMENSIDÃO DA NOITE,2015,2018,DF,SALAS DE EXIBIÇÃO,FICÇÃO,PRODECINE,PRODECINE 05,False,2448500.0,2,1.580544,3832291.9839999997,3869961.9839999997,3832291.9839999997,0.0,False,925.0,True,241.3699174963491,8959.39,241.0,15.0,,,17.5,8.0,,14.0,False,False,0,13.5,2,True,1.0,12.0,3.3,5.9,115.0,True,True
B2000011200000,PERDIDO,2013,2020,RJ,COMUNICAÇÃO ELETRÔNICA DE MASSA POR ASSINATURA (TV PAGA),FICÇÃO,PRODAV,PRODAV 01,False,2248460.26,1,1.861311,4185083.8150008596,4185083.8150008596,4185083.8150008596,0.0,False,,False,0.0,,,,,,,,,,False,False,0,0.0,0,False,,,3.96,,,True,False
B2000313600000,LUZ NOS TRÓPICOS,2015,2020,SP,SALAS DE EXIBIÇÃO,FICÇÃO,PRODECINE,PRODECINE 05,False,2247415.05,1,1.580544,3552138.3727871994,3552138.3727871994,3552138.3727871994,0.0,False,382.0,True,107.54085565091941,5191.82,9.0,6.0,,,,,,,False,False,0,0.0,0,False,,,3.6,6.8,69.0,True,True
B2300051700000,FOGARÉU,2016,2023,RJ,SALAS DE EXIBIÇÃO,FICÇÃO,PRODECINE,PRODECINE 05,True,2242900.0,1,1.487011,3335216.9719000002,3335216.9719000002,3335216.9719000002,0.0,False,121.0,True,36.27949876108628,1320.0,14.0,2.0,,,,,,,False,False,0,0.0,1,True,,,,6.6,302.0,False,True
B1900623600000,UM ANIMAL AMARELO,2014,2019,RJ,SALAS DE EXIBIÇÃO,FICÇÃO,PRODECINE,PRODECINE 05,True,2240149.6,1,1.749188,4180820.9985248004,3918442.7985248,3918442.7985248,0.0,False,193.0,True,46.16318184110248,3043.43,132.0,7.0,,,31.0,10.0,,3.0,False,False,0,10.2,3,True,2.0,2.0,3.635,6.0,246.0,True,True
B2600037800000,CINCO TIPOS DE MEDO,2021,2026,MT,SALAS DE EXIBIÇÃO,FICÇÃO,COMPLEMENTAÇÃO,COMPLEMENTAÇÃO,False,3327745.05,3,1.160232,4134949.4948515994,3860956.2948515997,4134949.4948515994,0.0,False,,False,0.0,,,,,,,,,,False,False,0,0.0,0,False,,,,,,False,False
B1900363700000,CONTA COMIGO,2012,2019,RJ,COMUNICAÇÃO ELETRÔNICA DE MASSA POR ASSINATURA (TV PAGA),ANIMAÇÃO,PRODAV,PRODAV 01,False,2225389.0,1,1.971315,4386942.716535,4386942.716535,4386942.716535,0.0,False,,False,0.0,,,,,,,,,,False,False,0,0.0,0,False,,,4.385,,,True,False
B2000411200000,MUSICÓPOLIS,2013,2020,RJ,RADIODIFUSÃO DE SONS E IMAGENS (TV ABERTA),FICÇÃO,PRODAV,PRODAV 01,False,2211654.0,1,1.861311,4116575.918394,4116575.918394,4116575.918394,0.0,False,,False,0.0,,,,,,,,,,False,False,0,0.0,0,False,,,,,,False,False
B2500086500000,"MIMI, O LOUCO",2017,2025,DF,SALAS DE EXIBIÇÃO,FICÇÃO,PRODAV,PRODAV 07,False,2208500.0,1,1.444401,3189959.6085,3189959.6085,3189959.6085,0.0,False,,False,0.0,,,,,,,,,,False,False,0,0.0,0,False,,,,,,False,False
B1900452200000,DEPENDENTES,2013,2019,RJ,COMUNICAÇÃO ELETRÔNICA DE MASSA POR ASSINATURA (TV PAGA),FICÇÃO,PRODAV,PRODAV 01,False,2200000.0,1,1.861311,4094884.1999999997,4094884.1999999997,4094884.1999999997,0.0,False,,False,0.0,,,,,,,,,,False,False,0,0.0,0,False,,,,,,False,False
B2200023200000,ALDEOTAS,2016,2022,SP,SALAS DE EXIBIÇÃO,FICÇÃO,PRODECINE,PRODECINE 05,False,2200000.0,1,1.487011,3271424.2,3271424.2,3271424.2,0.0,False,999.0,True,305.3715870904177,9450.59,53.0,3.0,,,,,,,False,False,0,0.0,0,False,,,,6.4,14.0,False,True
B1700177700000,UM TIO QUASE PERFEITO,2013,2016,RJ,SALAS DE EXIBIÇÃO,FICÇÃO,PRODECINE,PRODECINE 02,False,2300000.0,2,1.861311,8249938.63519474,4281015.3,4269803.0,3980135.63519474,True,576794.0,True,69914.94428084129,7728436.39,22112.0,147.0,,,,,,,False,False,0,0.0,0,False,,,3.0,5.3,391.0,True,True
B1900447800000,M8,2014,2019,RJ,SALAS DE EXIBIÇÃO,FICÇÃO,PRODAV,PRODAV 06,False,4679677.71,3,1.749188,8602338.79679112,8185636.09419948,8235724.73468312,366614.062108,True,8991.0,True,1045.1808760838228,165814.1,1818.0,31.0,,,8.0,2.0,,,False,False,0,1.6,1,True,,,3.934,,,True,False
B2500222800000,ENTREQUADRAS,2018,2025,DF,SALAS DE EXIBIÇÃO,FICÇÃO,ARRANJOS,ARRANJOS REGIONAIS,True,2186908.33,1,1.392194,3044600.65557602,3044600.65557602,3044600.65557602,0.0,False,,False,0.0,,,,,,,,,,False,False,0,0.0,1,True,,,,,,False,False
B1700375800000,IMORTAIS DA ACADEMIA,2013,2017,RJ,COMUNICAÇÃO ELETRÔNICA DE MASSA POR ASSINATURA (TV PAGA),DOCUMENTÁRIO,PRODAV,PRODAV 02 - PROJETO DERIVADO,False,2181025.0,1,1.861311,4059565.823775,4059565.823775,4059565.823775,0.0,False,,False,0.0,,,,,,,,,,False,False,0,0.0,0,False,,,3.6,,,True,False
B2400094000000,EDIFICANTE,2016,2024,PE,SALAS DE EXIBIÇÃO,FICÇÃO,PRODECINE,PRODECINE 05,False,2168971.55,1,1.487011,3225284.55353705,3225284.55353705,3225284.55353705,0.0,False,67.0,True,20.773360888893848,667.5,4.0,1.0,,,,,,,False,False,0,0.0,0,False,,,,,,False,False
B1700571600000,NATÁLIA - 2ª TEMPORADA,2012,2017,SP,COMUNICAÇÃO ELETRÔNICA DE MASSA POR ASSINATURA (TV PAGA),FICÇÃO,PRODAV,PRODAV 01,False,2158784.0,1,1.971315,5654266.1923968,4255643.28096,4255643.28096,1398622.9114368,True,,False,0.0,,,,,,,,,,False,False,0,0.0,0,False,,,,,,False,False
B2400039900000,KASA BRANCA,2018,2024,RJ,SALAS DE EXIBIÇÃO,FICÇÃO,CONCURSO,CONCURSO PRODUÇÃO PARA CINEMA,False,2255132.0,2,1.392194,4439542.1396079995,3139581.239608,3139581.2396079996,1299960.9000000001,True,5906.0,True,1330.3173647815595,61805.46,397.0,27.0,,,,,,,False,False,0,0.0,0,False,,,,,,False,False
B1800204300000,MORMAÇO,2013,2018,RJ,SALAS DE EXIBIÇÃO,FICÇÃO,PRODECINE,PRODECINE 05,False,2321565.4,2,1.861311,4236924.7897724,4321155.216239399,4236924.7897724,0.0,False,2959.0,True,698.3838861484611,35122.73,225.0,13.0,,,28.5,9.0,,,False,False,0,5.7,1,True,,,,6.4,148.0,False,True
B1900606600000,FREQUÊNCIA POSITIVA,2013,2019,RJ,COMUNICAÇÃO ELETRÔNICA DE MASSA POR ASSINATURA (TV PAGA),FICÇÃO,PRODAV,PRODAV 01,False,2125035.0,1,1.861311,3955351.020885,3955351.020885,3955351.020885,0.0,False,,False,0.0,,,,,,,,,,False,False,0,0.0,0,False,,,,,,False,False
B2000428000000,A3,2013,2020,SP,COMUNICAÇÃO ELETRÔNICA DE MASSA POR ASSINATURA (TV PAGA),FICÇÃO,PRODAV,PRODAV 01,False,2100000.0,1,1.861311,3908753.1,3908753.1,3908753.1,0.0,False,,False,0.0,,,,,,,,,,False,False,0,0.0,0,False,,,,,,False,False
B2000439400000,AMOR DE 4 + 1,2017,2020,RJ,COMUNICAÇÃO ELETRÔNICA DE MASSA POR ASSINATURA (TV PAGA),FICÇÃO,PRODAV,PRODAV 06,False,2100000.0,1,1.444401,3033242.1,3033242.1,3033242.1,0.0,False,,False,0.0,,,,,,,,,,False,False,0,0.0,0,False,,,4.3,,,True,False
B2000002200000,MATCHES,2015,2020,RJ,COMUNICAÇÃO ELETRÔNICA DE MASSA POR ASSINATURA (TV PAGA),FICÇÃO,PRODAV,PRODAV 06,False,3000000.0,2,1.580544,4617620.65780281,4741632.0,4617620.65780281,0.0,False,,False,0.0,,,,,,,,,,False,False,0,0.0,0,False,,,,,,False,False
B2000440700000,DENTE POR DENTE,2016,2020,CE,SALAS DE EXIBIÇÃO,FICÇÃO,PRODECINE,PRODECINE 02,False,3437500.0,2,1.487011,6664331.3875,5111600.3125,5111600.3125,1552731.075,True,6593.0,True,989.2965425408177,105462.25,2070.0,61.0,,,,,,,False,False,0,0.0,0,False,,,,5.5,104.0,False,True
B1900381500000,SEM SEU SANGUE,2015,2019,RJ,SALAS DE EXIBIÇÃO,FICÇÃO,PRODECINE,PRODECINE 05,True,2073454.5,1,1.580544,3277186.0692479997,3277186.0692479997,3277186.0692479997,0.0,False,125.0,True,38.14247874814235,1269.15,33.0,5.0,,,28.5,8.0,,,False,False,0,5.7,2,True,,,,5.0,183.0,False,True
B2100322700000,QUATRO AMIGAS NUMA FRIA,2014,2021,SP,SALAS DE EXIBIÇÃO,FICÇÃO,PRODAV,PRODAV 06,False,3400000.0,3,1.749188,11505378.1271048,5947239.2,5683344.369810641,5822033.757294159,True,14432.0,True,1254.3698990649038,261430.83,3114.0,107.0,,,,,,,False,False,0,0.0,0,False,,,4.138,,,True,False
B1700596400000,DIAS VAZIOS,2013,2016,GO,SALAS DE EXIBIÇÃO,FICÇÃO,PRODECINE,PRODECINE 05,False,2190761.8,2,1.861311,4007321.4867198,4077689.0367197995,4007321.4867198,0.0,False,1456.0,True,363.3349619752647,16510.56,162.0,15.0,,,,,,,False,False,0,0.0,0,False,,,,6.7,92.0,False,True
B1900486200000,A FEBRE,2015,2019,RJ,SALAS DE EXIBIÇÃO,FICÇÃO,PRODECINE,PRODECINE 05,True,2040000.0,1,1.580544,3224309.76,3224309.76,3224309.76,0.0,False,529.0,True,164.06612248073833,7651.49,284.0,20.0,,,114.5,29.0,3357.0,14.0,False,False,1,39.57,4,True,2.0,5.0,,6.8,769.0,False,True
B1900346200000,INVESTIGADORES DA HISTÓRIA,2015,2019,DF,RADIODIFUSÃO DE SONS E IMAGENS (TV ABERTA),DOCUMENTÁRIO,PRODAV,PRODAV 10,False,2028000.0,1,1.580544,3205343.232,3205343.232,3205343.232,0.0,False,,False,0.0,,,,,,,,,,False,False,0,0.0,0,False,,,4.175,,,True,False
B1900132700000,AMAZÔNIA OCUPADA,2014,2018,PA,RADIODIFUSÃO DE SONS E IMAGENS (TV ABERTA),DOCUMENTÁRIO,PRODAV,PRODAV 08,False,2028000.0,1,1.749188,3547353.264,3547353.264,3547353.264,0.0,False,,False,0.0,,,,,,,,,,False,False,0,0.0,0,False,,,,,,False,False
B1900245400000,DE QUEBRADA EM QUEBRADA,2015,2019,SE,RADIODIFUSÃO DE SONS E IMAGENS (TV ABERTA),DOCUMENTÁRIO,PRODAV,PRODAV 09,False,2028000.0,1,1.580544,3205343.232,3205343.232,3205343.232,0.0,False,,False,0.0,,,,,,,,,,False,False,0,0.0,0,False,,,3.96,,,True,False
B1800034000000,SERTÃO DE DENTRO,2014,2017,BA,RADIODIFUSÃO DE SONS E IMAGENS (TV ABERTA),DOCUMENTÁRIO,PRODAV,PRODAV 09,False,2028000.0,1,1.749188,3547353.264,3547353.264,3547353.264,0.0,False,,False,0.0,,,,,,,,,,False,False,0,0.0,0,False,,,,,,False,False
B1700229000000,BRASIL MIGRANTE,2014,2017,DF,RADIODIFUSÃO DE SONS E IMAGENS (TV ABERTA),DOCUMENTÁRIO,PRODAV,PRODAV 10,False,2028000.0,1,1.749188,3547353.264,3547353.264,3547353.264,0.0,False,,False,0.0,,,,,,,,,,False,False,0,0.0,0,False,,,,,,False,False
B1700116700000,VENTO SUL,2014,2016,RS,RADIODIFUSÃO DE SONS E IMAGENS (TV ABERTA),DOCUMENTÁRIO,PRODAV,PRODAV 12,False,2027962.2,1,1.749188,3547287.1446936,3547287.1446936,3547287.1446936,0.0,False,,False,0.0,,,,,,,,,,False,False,0,0.0,0,False,,,,,,False,False
B2500163700000,SONHAR COM LEÕES,2022,2025,RJ,SALAS DE EXIBIÇÃO,FICÇÃO,PRODUCAO,COPRODUÇÃO INTERNACIONAL CINEMA,True,2024000.0,1,1.096731,2219783.5439999998,2219783.5439999998,2219783.5439999998,0.0,False,11014.0,True,4961.745044813253,235102.27,1929.0,46.0,,,,,,1.0,False,False,0,2.0,2,True,1.0,1.0,,,,False,False
B2300247700000,AGRESTE,2016,2023,SP,SALAS DE EXIBIÇÃO,FICÇÃO,PRODECINE,PRODECINE 02,False,3686766.54,3,1.487011,6617347.93216676,5482262.39941194,5431939.93216676,1185408.0,True,520.0,True,78.5813297608689,8293.68,159.0,10.0,,,,,,,False,False,0,0.0,0,False,,,,6.9,36.0,False,True
B2200124400000,ABESTALHADOS 2,2018,2022,SP,SALAS DE EXIBIÇÃO,FICÇÃO,CONCURSO,CONCURSO PRODUÇÃO PARA CINEMA,False,2008724.0,1,1.392194,7707484.60860349,2796533.5004559997,2796533.5004559997,4910951.10814749,True,2014.0,True,261.30444655729445,40538.06,697.0,15.0,,,,,,,False,False,0,0.0,0,False,,,,6.2,51.0,False,True
B1600058000000,TERMINADORES,2012,2016,RJ,RADIODIFUSÃO DE SONS E IMAGENS (TV ABERTA),FICÇÃO,PRODAV,PRODAV 01,False,2005000.0,1,1.971315,5016305.983651999,3952486.5749999997,3952486.5749999997,1063819.408652,True,,False,0.0,,,,,,,,,,False,False,0,0.0,0,False,,,,,,False,False
B1800202100000,PARAÍSO PERDIDO,2016,2017,SP,SALAS DE EXIBIÇÃO,FICÇÃO,PRODECINE,PRODECINE 02,False,5000000.0,5,1.487011,9430593.990824278,7435055.0,7738667.47460028,1691926.516224,True,21713.0,True,2302.40004194075,321488.8,1953.0,41.0,,,,,,,False,False,0,0.0,0,False,,,3.84,,,True,False
B2500320000000,A FURIA,2016,2025,SP,SALAS DE EXIBIÇÃO,FICÇÃO,PRODECINE,PRODECINE 01,False,2823830.0,2,1.487011,3929855.92856,4199066.27213,3929855.92856,0.0,False,,False,0.0,,,,,,,,,,False,False,0,0.0,0,False,,,,,,False,False
B2400375300000,VALENTINA,2018,2024,GO,OUTROS MERCADOS,FICÇÃO,CONCURSO,CONCURSO PRODUÇÃO PARA CINEMA,False,3350000.0,3,1.392194,4663849.899999999,4663849.899999999,,,False,,False,0.0,,,,,,,,,,False,False,0,0.0,0,False,,,,,,False,False
B2400077600000,GILDO,2018,2024,SP,RADIODIFUSÃO DE SONS E IMAGENS (TV ABERTA),ANIMAÇÃO,PRODAV,PRODAV - TVS PÚBLICAS,False,2000000.0,1,1.392194,2784388.0,2784388.0,2784388.0,0.0,False,,False,0.0,,,,,,,,,,False,False,0,0.0,0,False,,,,,,False,False
B1900572600000,PUREZA,2012,2019,DF,SALAS DE EXIBIÇÃO,FICÇÃO,PRODECINE,PRODECINE 01,False,4189073.0,3,1.971315,9832121.504703,8257982.440994999,7610063.504702999,2222058.0,True,16858.0,True,1714.5841812406723,280831.94,2218.0,51.0,,,,,,,False,False,0,0.0,0,False,,,4.208,,,True,False
B1700513700000,O NOME DA MORTE,2012,2017,RJ,SALAS DE EXIBIÇÃO,FICÇÃO,PRODECINE,PRODECINE 02,False,2400000.0,2,1.971315,7145875.25,4731156.0,4642305.2,2503570.05,True,46494.0,True,6506.410813706831,711964.45,5203.0,76.0,,,12.0,3.0,,,True,False,1,9.07,1,True,,,3.57,6.5,787.0,True,True
B1800375900000,CANO SERRADO,2014,2018,DF,SALAS DE EXIBIÇÃO,FICÇÃO,PRODECINE,PRODECINE 01,False,2000000.0,1,1.749188,7871346.0,3498376.0,3498376.0,4372970.0,True,1212.0,True,153.97620686474716,19435.86,516.0,29.0,,,,,,,False,False,0,0.0,0,False,,,,6.1,82.0,False,True
B2100115300000,AOS NOSSOS FILHOS,2013,2021,RJ,SALAS DE EXIBIÇÃO,FICÇÃO,PRODECINE,PRODECINE 02,True,2200000.0,2,1.861311,7062139.799999999,4094884.1999999997,4001060.8,3061078.9999999995,True,6205.0,True,878.6288824245594,111023.32,602.0,20.0,,,,,4894.0,12.0,False,False,1,12.67,3,True,2.0,3.0,3.683,6.3,124.0,True,True
B1500132900000,O MILAGRE DE SANTA LUZIA - CULTURA POPULAR,2012,2014,SP,RADIODIFUSÃO DE SONS E IMAGENS (TV ABERTA),DOCUMENTÁRIO,PRODAV,PRODAV 01,False,2000000.0,1,1.971315,3942630.0,3942630.0,3942630.0,0.0,False,,False,0.0,,,,,,,,,,False,False,0,0.0,0,False,,,3.815,,,True,False
B2500272500000,MEMÓRIA DE ELEFANTE,2016,2025,MT,SALAS DE EXIBIÇÃO,FICÇÃO,ARRANJOS,ARRANJOS REGIONAIS,False,2000000.0,1,1.487011,2974022.0,2974022.0,2974022.0,0.0,False,,False,0.0,,,,,,,,,,False,False,0,0.0,0,False,,,,,,False,False
B2200070400000,MENINAS DO BENFICA,2013,2022,CE,COMUNICAÇÃO ELETRÔNICA DE MASSA POR ASSINATURA (TV PAGA),FICÇÃO,PRODAV,PRODAV 01,False,2000000.0,1,1.861311,3722622.0,3722622.0,3722622.0,0.0,False,,False,0.0,,,,,,,,,,False,False,0,0.0,0,False,,,,,,False,False
B1700168200000,"NINGUÉM ENTRA, NINGUÉM SAI",2012,2017,RJ,SALAS DE EXIBIÇÃO,FICÇÃO,PRODECINE,PRODECINE 02,False,2000000.0,1,1.971315,7885260.0,3942630.0,3942630.0,3942630.0,True,200477.0,True,25424.272630198626,2648634.69,16000.0,169.0,,,,,,,False,False,0,0.0,0,False,,,3.43,4.4,223.0,True,True
B1101406900000,CILADA.COM,2009,2010,RJ,SALAS DE EXIBIÇÃO,FICÇÃO,PRODECINE,PRODECINE 02,False,2000000.0,1,2.353382,9345716.33386414,4706764.0,4706764.0,4638952.333864139,True,,False,0.0,,,,,,,,,,False,False,0,0.0,0,False,,,3.573,5.2,2147.0,True,True
B1900240000000,ANNA,2013,2019,SP,SALAS DE EXIBIÇÃO,FICÇÃO,PRODECINE,PRODECINE 02,False,2000000.0,1,1.861311,3722622.0,3722622.0,3722622.0,0.0,False,663.0,True,178.10027448395243,11628.7,292.0,7.0,,,,,,,False,False,0,0.0,0,False,,,4.1,5.8,42.0,True,True
B1600100300000,O ESCARAVELHO DO DIABO,2013,2015,SP,SALAS DE EXIBIÇÃO,FICÇÃO,PRODECINE,PRODECINE 02,False,2500000.0,2,1.861311,9250493.481386889,4653277.5,4597216.0,4653277.48138689,True,84493.0,True,9133.891091325035,1024437.54,79.0,20.0,,,,,,,False,False,0,0.0,0,False,,,3.858,5.5,460.0,True,True
B1700600100000,MINHA FAMA DE MAU,2012,2017,RJ,SALAS DE EXIBIÇÃO,FICÇÃO,PRODECINE,PRODECINE 02,False,2000000.0,1,1.971315,13456196.17028685,3942630.0,3942630.0,9513566.17028685,True,111527.0,True,8288.15205936631,1794357.09,7223.0,63.0,,,,,,,False,False,0,0.0,0,False,,,,6.5,625.0,False,True
B2200462400000,CINEMA DE ENREDO,2013,2022,RJ,COMUNICAÇÃO ELETRÔNICA DE MASSA POR ASSINATURA (TV PAGA),FICÇÃO,PRODAV,PRODAV 01,False,2000000.0,1,1.861311,3722622.0,3722622.0,3722622.0,0.0,False,,False,0.0,,,,,,,,,,False,False,0,0.0,0,False,,,3.868,,,True,False
B2300498000000,O BIPO,2018,2023,DF,RADIODIFUSÃO DE SONS E IMAGENS (TV ABERTA),ANIMAÇÃO,PRODAV,PRODAV - TVS PÚBLICAS,False,2000000.0,1,1.392194,2784388.0,2784388.0,2784388.0,0.0,False,,False,0.0,,,,,,,,,,False,False,0,0.0,0,False,,,,,,False,False
B2000461200000,VALENTINA,2018,2020,MG,SALAS DE EXIBIÇÃO,FICÇÃO,CONCURSO,CONCURSO PRODUÇÃO PARA CINEMA,False,3350000.0,3,1.392194,4782371.15,4663849.899999999,4782371.15,0.0,False,171.0,True,35.756321422271874,3040.66,79.0,6.0,,,24.5,11.0,,,True,True,2,18.23,1,True,,,,7.1,424.0,False,True
B1500899800000,REZA A LENDA,2012,2015,SP,SALAS DE EXIBIÇÃO,FICÇÃO,PRODECINE,PRODECINE 02,False,2000000.0,1,1.971315,13189685.257217,3942630.0,3942630.0,9247055.257217,True,381869.0,True,28952.09343915563,4979716.42,129.0,23.0,,,,,,,False,False,0,0.0,0,False,1.0,0.0,3.793,5.4,623.0,True,True
B2400022800000,PASSADO DA HORA - HISTÓRIA UNIVERSAL,2018,2024,SC,RADIODIFUSÃO DE SONS E IMAGENS (TV ABERTA),ANIMAÇÃO,PRODAV,PRODAV - TVS PÚBLICAS,False,2000000.0,1,1.392194,2784388.0,2784388.0,2784388.0,0.0,False,,False,0.0,,,,,,,,,,False,False,0,0.0,0,False,,,,,,False,False
B1900019000000,EU SOU MAIS EU,2017,2017,SP,SALAS DE EXIBIÇÃO,FICÇÃO,PRODAV,PRODAV 06,False,2000000.0,1,1.444401,8088886.814967,2888802.0,2888802.0,5200084.814967001,True,129510.0,True,16010.85575339805,1704761.09,13228.0,210.0,,,,,,,False,False,0,0.0,0,False,,,4.123,3.3,626.0,True,True
B2400063100000,CAÇADORES DE CAVERNAS,2019,2024,SP,COMUNICAÇÃO ELETRÔNICA DE MASSA POR ASSINATURA (TV PAGA),DOCUMENTÁRIO,PRODUCAO,COPRODUÇÃO INTERNACIONAL,True,2000000.0,1,1.33467,2669340.0,2669340.0,2669340.0,0.0,False,,False,0.0,,,,,,,,,,False,False,0,0.0,1,True,,,,,,False,False
B2400342200000,NOSSO LOUCO AMOR,2018,2024,SP,SALAS DE EXIBIÇÃO,ANIMAÇÃO,FLUXO CONTINUO,FLUXO CONTÍNUO PRODUÇÃO PARA CINEMA,False,2000000.0,1,1.392194,2784388.0,2784388.0,2784388.0,0.0,False,79.0,True,28.372482570676215,1252.02,14.0,2.0,,,,,,,False,False,0,0.0,0,False,,,,,,False,False
B2300486200000,CEDO DEMAIS,2016,2023,RJ,SALAS DE EXIBIÇÃO,FICÇÃO,PRODECINE,PRODECINE 01,False,2000000.0,1,1.487011,7796260.163456,2974022.0,2974022.0,4822238.163456,True,366.0,True,46.94558574578866,4368.8,45.0,3.0,,,,,,,False,False,0,0.0,0,False,,,,4.4,31.0,False,True
B2400170900000,O BARULHO DA NOITE,2016,2024,TO,SALAS DE EXIBIÇÃO,FICÇÃO,PRODECINE,PRODECINE 01,False,2000000.0,1,1.487011,3781494.52,2974022.0,2974022.0,807472.5199999999,True,,False,0.0,,,,,,,,,,False,False,0,0.0,0,False,,,,,,False,False
B2300536800000,SALA ESCURA,2018,2023,CE,SALAS DE EXIBIÇÃO,FICÇÃO,FLUXO CONTINUO,FLUXO CONTÍNUO PRODUÇÃO PARA CINEMA,False,2000000.0,1,1.392194,3184789.0,2784388.0,2784388.0,400401.0,True,2717.0,True,853.1177418661017,52784.95,469.0,25.0,,,,,,,False,False,0,0.0,0,False,,,,3.3,128.0,False,True
B2000429100000,CASA DE ANTIGUIDADES,2017,2020,SP,SALAS DE EXIBIÇÃO,FICÇÃO,PRODAV,PRODAV 07,True,2254926.0,3,1.444401,3257017.369326,3257017.369326,3257017.369326,0.0,False,782.0,True,240.09696950490175,10041.12,106.0,9.0,,,,,,,False,False,0,0.0,1,True,,,3.045,5.8,405.0,True,True
B2400323700000,"CIDADE, CAMPO",2018,2024,SP,SALAS DE EXIBIÇÃO,FICÇÃO,CONCURSO,CONCURSO PRODUÇÃO PARA CINEMA,False,2506021.0,2,1.392194,4456452.671529,3488867.400074,3488867.400074,967585.2714549999,True,2549.0,True,571.9795963019716,24775.649999999998,306.0,19.0,,,,,,,False,False,0,0.0,0,False,,,,,,False,False
B2400521200000,THIAGO & ÍSIS E OS BIOMAS DO BRASIL,2022,2024,DF,SALAS DE EXIBIÇÃO,DOCUMENTÁRIO,NOVOS REALIZADORES,CINEMA NOVOS REALIZADORES,False,2000000.0,1,1.096731,2586574.5,2193462.0,2193462.0,393112.5,True,,False,0.0,,,,,,,,,,False,False,0,0.0,0,False,,,,,,False,False
B1900618000000,MACABRO,2014,2019,RJ,SALAS DE EXIBIÇÃO,FICÇÃO,PRODECINE,PRODECINE 01,False,3000000.0,2,1.749188,11593041.05,5247564.0,4985387.0,6607654.05,True,85.0,True,7.331984734065959,1284.55,66.0,5.0,,,,,,,False,False,0,0.0,0,False,,,3.541,6.3,638.0,True,True
B1900075800000,MARIA DO CARITÓ,2016,2019,RJ,SALAS DE EXIBIÇÃO,FICÇÃO,PRODECINE,PRODECINE 02,False,2700000.0,2,1.487011,8409590.8,4014929.7,3948557.8,4461033.0,True,41542.0,True,4939.836073831321,639161.21,5285.0,80.0,,,,,,,False,False,0,0.0,0,False,,,,6.2,101.0,False,True
B2200380100000,O PORÃO DA RUA DO GRITO,2018,2022,SP,SALAS DE EXIBIÇÃO,FICÇÃO,CONCURSO,CONCURSO PRODUÇÃO PARA CINEMA,False,2911840.61,3,1.392194,4980274.014268599,4053847.0261983396,4075347.9142686,904926.1,True,126.0,True,25.299812749059008,2325.8,51.0,6.0,,,,,,,False,False,0,0.0,0,False,,,3.88,,,True,False
B1402689400000,O VENDEDOR DE PASSADOS,2008,2014,RJ,SALAS DE EXIBIÇÃO,FICÇÃO,PRODECINE,PRODECINE 02,False,2350000.0,2,2.454812,10960576.67909,5768808.2,5599584.25,5360992.42909,True,83066.0,True,7578.615836744143,1026924.65,,,,,,,,,False,False,0,0.0,0,False,1.0,0.0,3.1,5.8,469.0,True,True
B1700353800000,BERENICE PROCURA,2012,2017,RJ,SALAS DE EXIBIÇÃO,FICÇÃO,PRODECINE,PRODECINE 02,False,3380000.0,3,1.971315,6436379.180000001,6663044.7,6436379.180000001,0.0,False,6138.0,True,953.6417647786872,92563.36,805.0,13.0,,,,,,,False,False,0,0.0,0,False,,,2.7,5.8,173.0,True,True
B2400214700000,CRISÁLIDA - 2º TEMPORADA,2018,2024,SC,RADIODIFUSÃO DE SONS E IMAGENS (TV ABERTA),FICÇÃO,ARRANJOS,ARRANJOS REGIONAIS,False,2000000.0,1,1.392194,2784388.0,2784388.0,2784388.0,0.0,False,,False,0.0,,,,,,,,,,False,False,0,0.0,0,False,,,,,,False,False
B2300121300000,O PASTOR E O GUERRILHEIRO,2018,2023,DF,SALAS DE EXIBIÇÃO,FICÇÃO,CONCURSO,CONCURSO PRODUÇÃO PARA CINEMA,False,4787153.8100000005,3,1.392194,6454609.25626015,6664646.81135914,6454609.25626015,0.0,False,5074.0,True,786.1049055880285,72237.11,485.0,23.0,1.0,12.0,12.0,4.0,,,False,False,0,2.4,2,True,1.0,0.0,3.902,7.2,177.0,True,True
B2200065900000,SOL,2013,2022,SP,SALAS DE EXIBIÇÃO,FICÇÃO,PRODECINE,PRODECINE 02,False,2200000.0,2,1.861311,4001060.8,4094884.1999999997,4001060.8,0.0,False,765.0,True,191.19929394724522,15575.8,416.0,11.0,,,9.0,4.0,,,False,False,0,1.8,1,True,,,4.24,6.0,231.0,True,True
B1001315900000,DESENROLA,2008,2010,RJ,SALAS DE EXIBIÇÃO,FICÇÃO,PRODECINE,PRODECINE 02,False,2000000.0,1,2.454812,6486624.0,4909624.0,4909624.0,1577000.0,True,,False,0.0,,,,,,,,,,False,False,0,0.0,0,False,,,,6.0,372.0,False,True
B2100103100000,DIÁRIO DE VIAGEM,2016,2021,SP,SALAS DE EXIBIÇÃO,FICÇÃO,PRODECINE,PRODECINE 01,False,2424587.5,3,1.487011,4815875.0256,3605388.2829625,3626266.2256,1189608.8,True,,False,0.0,,,,,,,,,,False,False,0,0.0,0,False,,,4.412,7.4,18.0,True,True
B2400499300000,IURI & UDI,2018,2024,PE,RADIODIFUSÃO DE SONS E IMAGENS (TV ABERTA),ANIMAÇÃO,PRODAV,PRODAV - TVS PÚBLICAS,False,2000000.0,1,1.392194,2784388.0,2784388.0,2784388.0,0.0,False,,False,0.0,,,,,,,,,,False,False,0,0.0,0,False,,,,,,False,False
B2500289600000,A MISS,2022,2025,RJ,SALAS DE EXIBIÇÃO,FICÇÃO,NOVOS REALIZADORES,CINEMA NOVOS REALIZADORES,False,2000000.0,1,1.096731,2193462.0,2193462.0,2193462.0,0.0,False,,False,0.0,,,,,,,,,,False,False,0,0.0,0,False,,,,,,False,False
B2500252800000,LUPITA NO PLANETA DE GENTE GRANDE - 2ª TEMPORADA,2018,2025,AM,RADIODIFUSÃO DE SONS E IMAGENS (TV ABERTA),ANIMAÇÃO,PRODAV,PRODAV - TVS PÚBLICAS,False,2000000.0,1,1.392194,2784388.0,2784388.0,2784388.0,0.0,False,,False,0.0,,,,,,,,,,False,False,0,0.0,0,False,,,,,,False,False
B1900029000000,TITO E OS PÁSSAROS,2013,2018,SP,SALAS DE EXIBIÇÃO,ANIMAÇÃO,PRODECINE,PRODECINE 01,False,2400000.0,2,1.861311,8606907.9,4467146.399999999,4467146.4,4139761.5,True,15276.0,True,1774.8534290694572,168529.09,978.0,26.0,,,65.5,23.0,27150.0,,False,False,1,19.77,2,True,2.0,0.0,4.1,6.7,788.0,True,True
B1500344400000,DEPOIS DE TUDO,2012,2014,RJ,SALAS DE EXIBIÇÃO,FICÇÃO,PRODECINE,PRODECINE 01,False,2750000.0,2,1.971315,7507875.12,5421116.25,5254521.0,2253354.12,True,22245.0,True,2962.888919228587,282661.93,,,,,,,,,False,False,0,0.0,0,False,,,3.51,6.4,82.0,True,True
B1101509500000,JULIE E OS FANTASMAS,2009,2011,SP,INDEFINIDO,FICÇÃO,PRODAV,PRODAV 01,False,2000000.0,1,2.353382,7284351.28,4706764.0,4706764.0,2577587.2800000003,True,,False,0.0,,,,,,,,,,False,False,0,0.0,0,False,,,4.133,,,True,False
B2500217400000,ICEBERG,2018,2025,BA,COMUNICAÇÃO ELETRÔNICA DE MASSA POR ASSINATURA (TV PAGA),FICÇÃO,FLUXO CONTINUO,FLUXO CONTÍNUO PRODUÇÃO PARA TELEVISÃO,False,2000000.0,1,1.392194,2784388.0,2784388.0,2784388.0,0.0,False,,False,0.0,,,,,,,,,,False,False,0,0.0,0,False,,,,,,False,False
B2200223200000,ASSALTO NA PAULISTA,2016,2022,SP,SALAS DE EXIBIÇÃO,FICÇÃO,PRODECINE,PRODECINE 01,False,2116898.01,2,1.487011,8754935.303910911,3147850.6267481097,3136766.70813394,5618168.59577697,True,1999.0,True,228.32835773292675,34871.49,330.0,12.0,,,,,,,False,False,0,0.0,0,False,,,3.59,,,True,False
B1201657700000,ATÉ QUE A SORTE NOS SEPARE,2009,2012,SP,INDEFINIDO,FICÇÃO,PRODECINE,PRODECINE 02,False,2000000.0,1,2.353382,11639673.842319999,4706764.0,4706764.0,6932909.84232,True,,False,0.0,,,,,,,,,,False,False,0,0.0,0,False,,,3.6,5.5,3034.0,True,True
B1700079500000,171 - NEGÓCIO DE FAMÍLIA,2013,2017,SP,COMUNICAÇÃO ELETRÔNICA DE MASSA POR ASSINATURA (TV PAGA),FICÇÃO,PRODAV,PRODAV 01,False,3736926.9,2,1.861311,12344766.6903572,6955583.1451659,6760833.6903572,5583933.0,True,,False,0.0,,,,,,,,,,False,False,0,0.0,0,False,,,3.656,,,True,False
B1600036800000,ZOOM,2012,2015,SP,SALAS DE EXIBIÇÃO,FICÇÃO,PRODECINE,PRODECINE 02,True,2717002.5,3,1.971315,6278491.0902774995,5356067.7832875,5254770.0402775,1023721.0499999999,True,14135.0,True,2251.3371121747114,205326.89,,,,,9.0,3.0,988.0,,False,False,1,8.47,3,True,1.0,0.0,,,,False,False
B2300333700000,JENIPAPO - A FRONTEIRA DA INDEPENDÊNCIA,2013,2023,PI,RADIODIFUSÃO DE SONS E IMAGENS (TV ABERTA),FICÇÃO,PRODAV,PRODAV 01,False,1999999.0,1,1.861311,3722620.1386889997,3722620.1386889997,3722620.1386889997,0.0,False,,False,0.0,,,,,,,,,,False,False,0,0.0,0,False,,,3.97,,,True,False
B2200102500000,AS ÓRFÃS DA RAINHA,2016,2022,MG,SALAS DE EXIBIÇÃO,FICÇÃO,PRODECINE,PRODECINE 02,False,2349175.0,2,1.487011,3460140.39178,3493249.0659250002,3460140.39178,0.0,False,2349.0,True,678.8741883365038,42298.63,189.0,4.0,,,,,,,False,False,0,0.0,0,False,,,,6.3,26.0,False,True
B2500203300000,CARCEREIRAS,2022,2025,SP,SALAS DE EXIBIÇÃO,DOCUMENTÁRIO,NOVOS REALIZADORES,CINEMA NOVOS REALIZADORES,False,1999830.0,1,1.096731,2193275.5557299997,2193275.5557299997,2193275.5557299997,0.0,False,,False,0.0,,,,,,,,,,False,False,0,0.0,0,False,,,,,,False,False
B2000047900000,JÚPITER,2013,2020,RJ,SALAS DE EXIBIÇÃO,FICÇÃO,PRODECINE,PRODECINE 02,False,2395572.1,2,1.861311,4272844.4078054,4458904.7010231,4272844.4078054,0.0,False,15.0,True,3.5105420577914828,50.4,2.0,1.0,,,,,,,False,False,0,0.0,0,False,,,3.1,6.1,69.0,True,True
B1900561100000,CAPITÃO ASTÚCIA,2014,2019,DF,SALAS DE EXIBIÇÃO,FICÇÃO,ARRANJOS,ARRANJOS REGIONAIS,False,1997507.0,1,1.749188,3494015.274316,3494015.274316,3494015.274316,0.0,False,,False,0.0,,,,,,,,,,False,False,0,0.0,0,False,,,,,,False,False
B2000096200000,EDUARDO E MÔNICA,2014,2020,RJ,SALAS DE EXIBIÇÃO,FICÇÃO,ARRANJOS,ARRANJOS REGIONAIS,False,3789441.85,2,1.749188,13496528.0745218,6628446.2107178,6324887.0107178,7171641.063804,True,409458.0,True,30338.024545213095,7602613.22,27452.0,313.0,,,15.0,8.0,,,False,False,0,3.0,1,True,,,3.827,,,True,False
B2100105600000,FORTALEZA HOTEL,2015,2021,CE,SALAS DE EXIBIÇÃO,FICÇÃO,PRODECINE,PRODECINE 05,False,1974199.5,1,1.580544,3120309.174528,3120309.174528,3120309.174528,0.0,False,1321.0,True,423.35548373978804,12295.14,136.0,7.0,,,,,,,False,False,0,0.0,0,False,,,,6.6,50.0,False,True
B2500271800000,GRAVIDADE,2022,2025,PE,SALAS DE EXIBIÇÃO,FICÇÃO,NOVOS REALIZADORES,CINEMA NOVOS REALIZADORES,False,1946450.0,1,1.096731,2134732.05495,2134732.05495,2134732.05495,0.0,False,,False,0.0,,,,,,,,,,False,False,0,0.0,0,False,,,,,,False,False
B1900417800000,SEGUNDO TEMPO,2013,2019,SP,SALAS DE EXIBIÇÃO,FICÇÃO,PRODECINE,PRODECINE 02,False,3473303.34,3,1.861311,7022533.163078739,6464897.713078739,6371074.31307874,651458.85,True,860.0,True,122.46293182657874,14080.47,152.0,8.0,,,,,,,False,False,0,0.0,0,False,1.0,0.0,3.648,7.9,21.0,True,True
B2500295200000,SÍLVIO SANTOS VEM AÍ,2021,2025,SP,SALAS DE EXIBIÇÃO,FICÇÃO,COMPLEMENTAÇÃO,COMPLEMENTAÇÃO,False,1910000.0,1,1.160232,6392625.119999999,2216043.1199999996,2216043.1199999996,4176582.0,True,7939.0,True,1241.8998222126313,159104.4,4552.0,110.0,,,,,,,False,False,0,0.0,0,False,,,,,,False,False
B2200003500000,TÔ RYCA! 2,2017,2022,RJ,SALAS DE EXIBIÇÃO,FICÇÃO,PRODAV,PRODAV 06,False,4924997.0,3,1.444401,11369303.78818071,7113670.591797,7036100.802624721,4333202.98555599,True,527264.0,True,46376.10269048599,8598477.11,29872.0,309.0,,,,,,,False,False,0,0.0,0,False,,,3.85,5.4,232.0,True,True
B2300001100000,REGRA 34,2018,2022,RJ,SALAS DE EXIBIÇÃO,FICÇÃO,CONCURSO,CONCURSO PRODUÇÃO PARA CINEMA,False,2100000.0,2,1.392194,2942570.8000000003,2923607.4,2942570.8000000003,0.0,False,6104.0,True,2074.376596138315,87157.22,452.0,14.0,16.0,62.5,62.5,25.0,2463.0,19.0,False,False,1,29.17,4,True,3.0,5.0,2.47,5.3,581.0,True,True
B2100218200000,MADALENA,2015,2021,MS,SALAS DE EXIBIÇÃO,FICÇÃO,PRODECINE,PRODECINE 01,False,1900000.0,1,1.580544,3003033.6,3003033.6,3003033.6,0.0,False,292.0,True,97.23500929193732,2293.56,113.0,7.0,,,35.5,11.0,,,False,False,0,7.1,1,True,,,3.4,5.7,416.0,True,True
B1402183500000,O SHOW DA LUNA!,2010,2014,SP,INDEFINIDO,ANIMAÇÃO,PRODAV,PRODAV 01,False,1900000.0,1,2.222058,5419528.272439,4221910.2,4221910.2,1197618.072439,True,,False,0.0,,,,,,,,,,False,False,0,0.0,0,False,,,,,,False,False
B2400171600000,COSMO - O COSMONAUTA,2018,2024,MG,RADIODIFUSÃO DE SONS E IMAGENS (TV ABERTA),ANIMAÇÃO,ARRANJOS,ARRANJOS REGIONAIS,False,1900000.0,1,1.392194,2645168.6,2645168.6,2645168.6,0.0,False,,False,0.0,,,,,,,,,,False,False,0,0.0,0,False,,,,,,False,False
B2500306700000,QUATRO MENINAS,2022,2025,MG,SALAS DE EXIBIÇÃO,FICÇÃO,NOVOS REALIZADORES,CINEMA NOVOS REALIZADORES,False,1897000.0,1,1.096731,2442162.2069999995,2080498.7069999997,2080498.7069999997,361663.5,True,,False,0.0,,,,,,,,,,False,False,0,0.0,0,False,,,,,,False,False
B1700501700000,UNICÓRNIO,2014,2017,RJ,SALAS DE EXIBIÇÃO,FICÇÃO,PRODECINE,PRODECINE 05,False,2088260.0,2,1.749188,3581360.53288,3652759.33288,3581360.53288,0.0,False,6798.0,True,1898.1613098118596,53690.35,315.0,20.0,,,,,,,False,False,0,0.0,0,False,,,,5.9,172.0,False,True
B2000127000000,COLÔNIA,2013,2020,SP,COMUNICAÇÃO ELETRÔNICA DE MASSA POR ASSINATURA (TV PAGA),FICÇÃO,PRODAV,PRODAV 01,False,1996400.0,2,1.861311,3665982.1329599996,3715921.2804,3665982.1329599996,0.0,False,,False,0.0,,,,,,,,,,False,False,0,0.0,0,False,,,2.863,,,True,False
B1900042700000,INSUSTENTÁVEIS,2015,2017,MT,RADIODIFUSÃO DE SONS E IMAGENS (TV ABERTA),FICÇÃO,PRODAV,PRODAV 10,False,1859000.0,1,1.580544,2938231.296,2938231.296,2938231.296,0.0,False,,False,0.0,,,,,,,,,,False,False,0,0.0,0,False,,,,,,False,False
B2300345600000,ANGELA,2016,2023,SP,SALAS DE EXIBIÇÃO,FICÇÃO,PRODAV,PRODAV 02 - PROJETO DERIVADO,False,3008637.87,4,1.487011,7208866.59026765,4473877.60770657,4392284.64026765,2816581.95,True,22504.0,True,3121.711259073873,422177.57,1776.0,59.0,,,,,,,False,False,0,0.0,0,False,,,3.573,,,True,False
B1900035200000,PEQUENO GIGANTE,2015,2018,BA,RADIODIFUSÃO DE SONS E IMAGENS (TV ABERTA),FICÇÃO,PRODAV,PRODAV 09,False,1859000.0,1,1.580544,2938231.296,2938231.296,2938231.296,0.0,False,,False,0.0,,,,,,,,,,False,False,0,0.0,0,False,,,,,,False,False
B1800595700000,TRANSVIAR,2015,2018,AM,RADIODIFUSÃO DE SONS E IMAGENS (TV ABERTA),FICÇÃO,PRODAV,PRODAV 08,False,1859000.0,1,1.580544,2938231.296,2938231.296,2938231.296,0.0,False,,False,0.0,,,,,,,,,,False,False,0,0.0,0,False,,,,,,False,False
B1900202900000,OS OVOS DA RAPOSA,2015,2019,PE,RADIODIFUSÃO DE SONS E IMAGENS (TV ABERTA),FICÇÃO,PRODAV,PRODAV 09,False,1855818.3,1,1.580544,2933202.4791552,2933202.4791552,2933202.4791552,0.0,False,,False,0.0,,,,,,,,,,False,False,0,0.0,0,False,,,,,,False,False
B2500287100000,#FALASÉRIO!,2013,2025,MG,RADIODIFUSÃO DE SONS E IMAGENS (TV ABERTA),FICÇÃO,PRODAV,PRODAV 01,False,1844810.0,1,1.861311,3433765.14591,3433765.14591,3433765.14591,0.0,False,,False,0.0,,,,,,,,,,False,False,0,0.0,0,False,,,,,,False,False
B2600040000000,NATASHA,2015,2026,MS,RADIODIFUSÃO DE SONS E IMAGENS (TV ABERTA),FICÇÃO,PRODAV,PRODAV 10,False,1840410.0,1,1.580544,2908848.98304,2908848.98304,2908848.98304,0.0,False,,False,0.0,,,,,,,,,,False,False,0,0.0,0,False,,,,,,False,False
B2400053200000,MAKINGTUBERS,2017,2024,SP,COMUNICAÇÃO ELETRÔNICA DE MASSA POR ASSINATURA (TV PAGA),DOCUMENTÁRIO,PRODAV,PRODAV 06,False,2466423.84,2,1.444401,3529259.6516729603,3562505.06091984,3529259.6516729603,0.0,False,,False,0.0,,,,,,,,,,False,False,0,0.0,0,False,,,,,,False,False
B2100497800000,HERMANOTEU NA TERRA DE GODAH,2016,2021,RJ,SALAS DE EXIBIÇÃO,FICÇÃO,PRODAV,PRODAV 06,False,1818996.66,1,1.487011,9901546.14238326,2704868.04238326,2704868.04238326,7196678.1,True,8.0,True,0.8079546249606664,173.16,,,,,,,,,False,False,0,0.0,0,False,,,3.605,,,True,False
B2300045800000,SHOPTUDO,2013,2023,SP,COMUNICAÇÃO ELETRÔNICA DE MASSA POR ASSINATURA (TV PAGA),FICÇÃO,PRODAV,PRODAV 01,False,1810000.0,1,1.861311,3368972.9099999997,3368972.9099999997,3368972.9099999997,0.0,False,,False,0.0,,,,,,,,,,False,False,0,0.0,0,False,,,,,,False,False
B2000484000000,A SOGRA PERFEITA,2018,2020,SP,SALAS DE EXIBIÇÃO,FICÇÃO,DESEMPENHO,SUPORTE AUTOMÁTICO - DESEMPENHO COMERCIAL CINEMA,False,3000000.0,2,1.392194,8636695.36927567,4176582.0,4238754.52327567,4397940.846,True,66868.0,True,7742.313134937858,841066.57,6987.0,160.0,,,,,,,False,False,0,0.0,0,False,,,4.083,6.0,197.0,True,True
B1402125800000,A ESTRADA 47,2009,2014,RJ,INDEFINIDO,FICÇÃO,PRODECINE,PRODECINE 02,True,1800000.0,1,2.353382,6002187.6,4236087.6,4236087.6,1766100.0,True,33610.0,True,5599.625043375851,439151.77,,,,,,,1383.0,45.0,False,True,2,23.33,3,True,4.0,10.0,3.727,6.2,1025.0,True,True
B1001148600000,CHICO XAVIER,2008,2009,RJ,INDEFINIDO,FICÇÃO,PRODECINE,PRODECINE 01,False,1800000.0,1,2.454812,12125879.25041544,4418661.6,4418661.6,7707217.65041544,True,,False,0.0,,,,,,,,,,False,False,0,0.0,0,False,,,4.035,7.1,2123.0,True,True
B1402080700000,AMAZÔNIA PLANETA VERDE,2009,2012,SP,INDEFINIDO,FICÇÃO,PRODECINE,PRODECINE 02,True,1800000.0,1,2.353382,12445848.492947418,4236087.6,4236087.6,8209760.89294742,True,83417.0,True,6702.39558574646,979964.95,,,,,,,,,False,False,0,0.0,1,True,,,,,,False,False
B1700011500000,PEIXONAUTA: O FILME,2009,2016,SP,SALAS DE EXIBIÇÃO,ANIMAÇÃO,PRODECINE,PRODECINE 02,False,2600000.0,2,2.353382,11225995.87533152,6118793.199999999,5725136.399999999,5500859.475331521,True,22144.0,True,1972.5644161922569,300329.17,2328.0,42.0,,,,,,,False,False,0,0.0,0,False,,,3.5,7.8,108.0,True,True
B2300464300000,HISTÓRIAS DA GENTE BRASILEIRA,2013,2023,RJ,COMUNICAÇÃO ELETRÔNICA DE MASSA POR ASSINATURA (TV PAGA),DOCUMENTÁRIO,PRODAV,PRODAV 01,False,1796462.69,1,1.861311,3343775.7659865897,3343775.7659865897,3343775.7659865897,0.0,False,,False,0.0,,,,,,,,,,False,False,0,0.0,0,False,,,,,,False,False
B2300261100000,RODEIO ROCK,2021,2023,SP,SALAS DE EXIBIÇÃO,FICÇÃO,COMPLEMENTAÇÃO,COMPLEMENTAÇÃO,False,2158831.5,2,1.160232,11904907.096908,2504745.3889079997,2504745.3889079997,9400161.708,True,8786.0,True,738.0149990655486,158259.43,2901.0,99.0,,,,,,,False,False,0,0.0,0,False,,,,5.3,353.0,False,True
B1700305400000,GABRIEL E A MONTANHA,2013,2017,RJ,SALAS DE EXIBIÇÃO,FICÇÃO,PRODECINE,PRODECINE 05,True,1978000.0,2,1.861311,3606813.1580000003,3681673.158,3606813.1580000003,0.0,False,42195.0,True,11698.693043306235,698060.53,2482.0,39.0,,,44.0,16.0,95487.0,9.0,False,False,1,21.47,4,True,2.0,3.0,3.798,7.0,1553.0,True,True
B2100018500000,DETETIVES DO PRÉDIO AZUL 3 - UMA AVENTURA NO FIM DO MUNDO,2018,2020,RJ,SALAS DE EXIBIÇÃO,FICÇÃO,COMERCIALIZAÇÃO - OPÇÃO ,COMERCIALIZAÇÃO - OPÇÃO DE INVESTIMENTO EM COMERCIALIZAÇÃO,False,1756500.0,1,1.392194,10453408.761,2445388.761,2445388.761,8008020.0,True,433358.0,True,41456.142193232656,8267012.75,26642.0,304.0,,,4.0,1.0,,,False,False,0,0.8,1,True,,,4.3,6.5,157.0,True,True
B2500227400000,MAPAS,2018,2025,DF,SALAS DE EXIBIÇÃO,FICÇÃO,ARRANJOS,ARRANJOS REGIONAIS,False,1750000.0,1,1.392194,2436339.5,2436339.5,2436339.5,0.0,False,,False,0.0,,,,,,,,,,False,False,0,0.0,0,False,,,,,,False,False
B1600567900000,O SHAOLIN DO SERTÃO,2013,2016,CE,SALAS DE EXIBIÇÃO,FICÇÃO,PRODECINE,PRODECINE 02,False,1750000.0,1,1.861311,7402869.809999999,3257294.25,3257294.25,4145575.5599999996,True,620580.0,True,83829.65200356538,7973943.72,15593.0,67.0,,,,,,,False,False,0,0.0,0,False,,,4.0,6.5,829.0,True,True
B1500812200000,DOIDAS E SANTAS,2012,2015,RJ,SALAS DE EXIBIÇÃO,FICÇÃO,PRODECINE,PRODECINE 01,True,2350000.0,2,1.971315,6117748.6375,4632590.25,4566587.85,1463701.3875,True,30504.0,True,4986.147978198949,421006.83,3199.0,31.0,,,,,,,False,False,0,0.0,1,True,1.0,0.0,,4.7,75.0,False,True
B1500554400000,A ESPERANÇA É A ÚLTIMA QUE MORRE,2010,2015,RJ,SALAS DE EXIBIÇÃO,FICÇÃO,PRODECINE,PRODECINE 02,False,1750000.0,1,2.222058,7788155.991,3888601.5,3888601.5,3899554.491,True,110100.0,True,14136.850896056994,1427955.29,,,,,,,,,False,False,0,0.0,0,False,,,3.527,4.7,144.0,True,True
B2000090900000,O LABORATÓRIO DO PROFESSOR POLICARPO - 2ª TEMPORADA,2013,2020,SP,COMUNICAÇÃO ELETRÔNICA DE MASSA POR ASSINATURA (TV PAGA),FICÇÃO,PRODAV,PRODAV 01,False,1739824.0,1,1.861311,3238353.549264,3238353.549264,3238353.549264,0.0,False,,False,0.0,,,,,,,,,,False,False,0,0.0,0,False,,,3.728,,,True,False
B2100259000000,MEDIDA PROVISÓRIA,2018,2021,RJ,SALAS DE EXIBIÇÃO,FICÇÃO,FLUXO CONTINUO,FLUXO CONTÍNUO PRODUÇÃO PARA CINEMA,False,2734648.73,2,1.392194,10795055.55401362,3807161.5540136197,3859368.5540136197,6935687.000000001,True,475154.0,True,44015.89205563069,8388305.75,14702.0,132.0,,,10.5,5.0,2379.0,,False,False,1,8.77,2,True,1.0,0.0,4.039,6.6,2680.0,True,True
B1900468300000,CABRAS DA PESTE,2016,2019,CE,SALAS DE EXIBIÇÃO,FICÇÃO,PRODAV,PRODAV 06,False,3622529.24,3,1.487011,9586493.94485764,5386740.82770164,5409911.94485764,4176582.0,True,122.0,True,12.726237632001311,1267.0,28.0,2.0,,,,,,,False,True,1,6.67,0,False,,,3.97,6.0,2179.0,True,True
B2100281700000,JACARILDO E A NATUREZA,2013,2019,SP,COMUNICAÇÃO ELETRÔNICA DE MASSA POR ASSINATURA (TV PAGA),DOCUMENTÁRIO,PRODAV,PRODAV 02 - PROJETO DERIVADO,False,1716000.0,1,1.861311,3194009.676,3194009.676,3194009.676,0.0,False,,False,0.0,,,,,,,,,,False,False,0,0.0,0,False,,,,,,False,False
B2200146300000,ALÉM DE NÓS,2017,2022,RS,SALAS DE EXIBIÇÃO,FICÇÃO,PRODAV,PRODAV 06,False,1901541.86,2,1.444401,2736147.56412586,2746588.96412586,2736147.56412586,0.0,False,403.0,True,147.2873778022092,6250.24,115.0,9.0,,,,,,,False,False,0,0.0,0,False,,,3.6,6.4,105.0,True,True
B1800381300000,LAMA DOS DIAS,2013,2017,SP,COMUNICAÇÃO ELETRÔNICA DE MASSA POR ASSINATURA (TV PAGA),FICÇÃO,PRODAV,PRODAV 01,False,1700000.0,1,1.861311,3164228.6999999997,3164228.6999999997,3164228.6999999997,0.0,False,,False,0.0,,,,,,,,,,False,False,0,0.0,0,False,,,3.965,,,True,False
B1600043800000,TÔ RYCA!,2013,2015,RJ,SALAS DE EXIBIÇÃO,FICÇÃO,PRODECINE,PRODECINE 04,False,3006107.8899999997,2,1.861311,9243638.32289332,5595301.682843789,5448856.94789332,3794781.375,True,1087041.0,True,117598.8244052964,14835057.9,36941.0,176.0,,,2.0,1.0,,,False,False,0,0.4,1,True,,,3.85,5.5,906.0,True,True
B2200299300000,CORDIALMENTE TEUS,2018,2022,SP,SALAS DE EXIBIÇÃO,FICÇÃO,FLUXO CONTINUO,FLUXO CONTÍNUO PRODUÇÃO PARA CINEMA,False,1700000.0,1,1.392194,2366729.8,2366729.8,2366729.8,0.0,False,426.0,True,179.9951984379459,6802.34,71.0,5.0,,,,,,,False,False,0,0.0,0,False,,,,5.1,28.0,False,True
B2000145200000,SEIS NA ILHA,2012,2020,RJ,COMUNICAÇÃO ELETRÔNICA DE MASSA POR ASSINATURA (TV PAGA),FICÇÃO,PRODAV,PRODAV 01,False,1700000.0,1,1.971315,3351235.5,3351235.5,3351235.5,0.0,False,,False,0.0,,,,,,,,,,False,False,0,0.0,0,False,,,3.548,,,True,False
B1800496300000,ÁRVORE DOS ARAÚJOS,2015,2017,MG,RADIODIFUSÃO DE SONS E IMAGENS (TV ABERTA),FICÇÃO,PRODAV,PRODAV 11,False,1690000.0,1,1.580544,2671119.36,2671119.36,2671119.36,0.0,False,,False,0.0,,,,,,,,,,False,False,0,0.0,0,False,,,,,,False,False
B1800406000000,SUPER TINGA E ABELHA GIRL,2015,2017,RS,RADIODIFUSÃO DE SONS E IMAGENS (TV ABERTA),FICÇÃO,PRODAV,PRODAV 12,False,1690000.0,1,1.580544,2671119.36,2671119.36,2671119.36,0.0,False,130.0,True,48.66873489322469,,,,,,,,,,False,False,0,0.0,0,False,,,,,,False,False
B1900630800000,O BONECO DE BARRO E O REI,2015,2019,TO,RADIODIFUSÃO DE SONS E IMAGENS (TV ABERTA),FICÇÃO,PRODAV,PRODAV 08,False,1690000.0,1,1.580544,2671119.36,2671119.36,2671119.36,0.0,False,,False,0.0,,,,,,,,,,False,False,0,0.0,0,False,,,3.9,,,True,False
B1800287800000,SUPER FAMÍLIA,2015,2018,PR,COMUNICAÇÃO ELETRÔNICA DE MASSA POR ASSINATURA (TV PAGA),FICÇÃO,PRODAV,PRODAV 12,False,1690000.0,1,1.580544,2671119.36,2671119.36,2671119.36,0.0,False,,False,0.0,,,,,,,,,,False,False,0,0.0,0,False,,,,,,False,False
B1700582100000,LANA & CAROL,2015,2017,CE,RADIODIFUSÃO DE SONS E IMAGENS (TV ABERTA),FICÇÃO,PRODAV,PRODAV 09,False,1690000.0,1,1.580544,2671119.36,2671119.36,2671119.36,0.0,False,,False,0.0,,,,,,,,,,False,False,0,0.0,0,False,,,4.3,,,True,False
B1900034800000,O PANTANAL E OUTROS BICHOS,2015,2018,MT,RADIODIFUSÃO DE SONS E IMAGENS (TV ABERTA),FICÇÃO,PRODAV,PRODAV 10,False,1690000.0,1,1.580544,2671119.36,2671119.36,2671119.36,0.0,False,,False,0.0,,,,,,,,,,False,False,0,0.0,0,False,,,3.4,,,True,False
B1900280000000,DIÁRIO DE LULI,2015,2019,PI,RADIODIFUSÃO DE SONS E IMAGENS (TV ABERTA),FICÇÃO,PRODAV,PRODAV 09,False,1687426.0,1,1.580544,2667051.039744,2667051.039744,2667051.039744,0.0,False,,False,0.0,,,,,,,,,,False,False,0,0.0,0,False,,,4.412,,,True,False
B2000008800000,BOTO,2015,2019,AM,RADIODIFUSÃO DE SONS E IMAGENS (TV ABERTA),FICÇÃO,PRODAV,PRODAV 08,False,1684254.0,1,1.580544,2662037.554176,2662037.554176,2662037.554176,0.0,False,,False,0.0,,,,,,,,,,False,False,0,0.0,0,False,,,,,,False,False
B2100364800000,A MÃE,2018,2021,SP,SALAS DE EXIBIÇÃO,FICÇÃO,CONCURSO,CONCURSO PRODUÇÃO PARA CINEMA,False,1880000.0,2,1.392194,3732582.9699999997,2617324.7199999997,2617324.7199999997,1115258.25,True,1627.0,True,435.8911812749336,25929.94,287.0,13.0,,,,,,,False,False,0,0.0,0,False,,,4.115,7.0,73.0,True,True
B1900268600000,CRIAS DE DULCINA,2015,2019,DF,RADIODIFUSÃO DE SONS E IMAGENS (TV ABERTA),FICÇÃO,PRODAV,PRODAV 10,False,1673100.0,1,1.580544,2644408.1664,2644408.1664,2644408.1664,0.0,False,,False,0.0,,,,,,,,,,False,False,0,0.0,0,False,,,,,,False,False
B2400348400000,O MORTO MUNDO DE GEORGE,2013,2024,PR,COMUNICAÇÃO ELETRÔNICA DE MASSA POR ASSINATURA (TV PAGA),ANIMAÇÃO,PRODAV,PRODAV 01,False,1726932.0,2,1.861311,3208302.8858519997,3214357.5278519997,3208302.8858519997,0.0,False,,False,0.0,,,,,,,,,,False,False,0,0.0,0,False,,,,,,False,False
B2300468500000,A FILHA DO PALHAÇO,2018,2022,CE,SALAS DE EXIBIÇÃO,FICÇÃO,FLUXO CONTINUO,FLUXO CONTÍNUO PRODUÇÃO PARA CINEMA,False,1764223.21,2,1.392194,2474975.9676227397,2456140.9676227397,2474975.9676227397,0.0,False,5391.0,True,2178.202968644643,57744.44,315.0,18.0,,,,,,,False,False,0,0.0,0,False,,,3.97,7.2,149.0,True,True
B1900299800000,RAIA 4,2015,2019,RS,SALAS DE EXIBIÇÃO,FICÇÃO,PRODECINE,PRODECINE 05,False,1651000.0,1,1.580544,2609478.144,2609478.144,2609478.144,0.0,False,135.0,True,51.734481973112864,1514.97,23.0,2.0,,,35.0,11.0,,,False,False,0,7.0,1,True,,,,6.2,116.0,False,True
B1402778300000,SOS FADA MANU,2012,2014,SP,COMUNICAÇÃO ELETRÔNICA DE MASSA POR ASSINATURA (TV PAGA),ANIMAÇÃO,PRODAV,PRODAV 01,False,1650000.0,1,1.971315,4449527.150368,3252669.75,3252669.75,1196857.400368,True,,False,0.0,,,,,,,,,,False,False,0,0.0,0,False,,,,,,False,False
B2500363200000,MANUAL DE SOBREVIVÊNCIA PARA O SÉCULO XXI - 2ª TEMPORADA,2022,2025,DF,RADIODIFUSÃO DE SONS E IMAGENS (TV ABERTA),DOCUMENTÁRIO,PRODUCAO,PRODUÇÃO TV-VOD,False,1650000.0,1,1.096731,2468986.8499999996,1809606.15,1809606.15,659380.7,True,,False,0.0,,,,,,,,,,False,False,0,0.0,0,False,,,,,,False,False
B2000240100000,O LODO,2017,2020,MG,SALAS DE EXIBIÇÃO,FICÇÃO,ARRANJOS,ARRANJOS REGIONAIS,False,1745000.0,2,1.444401,2515520.08,2520479.745,2515520.08,0.0,False,,False,0.0,,,,,,,,,,False,False,0,0.0,0,False,,,,6.3,38.0,False,True
B2300201900000,O SILÊNCIO DAS OSTRAS,2017,2023,MG,SALAS DE EXIBIÇÃO,FICÇÃO,ARRANJOS,ARRANJOS REGIONAIS,False,2286505.0,2,1.444401,3269400.09197,3302630.108505,3269400.09197,0.0,False,2528.0,True,773.2305404312679,33372.31,190.0,14.0,,,,,,,False,False,0,0.0,0,False,,,4.1,6.9,35.0,True,True
B2200442900000,PLACA-MÃE,2017,2022,MG,SALAS DE EXIBIÇÃO,ANIMAÇÃO,ARRANJOS,ARRANJOS REGIONAIS,False,1650000.0,1,1.444401,2383261.65,2383261.65,2383261.65,0.0,False,9446.0,True,3963.4758525149764,120011.24,3535.0,97.0,,,,,,,False,False,0,0.0,0,False,,,3.5,7.5,24.0,True,True
B2200143600000,"CHEF JACK, O COZINHEIRO AVENTUREIRO",2017,2022,MG,SALAS DE EXIBIÇÃO,ANIMAÇÃO,ARRANJOS,ARRANJOS REGIONAIS,False,1649945.97,1,1.444401,2383183.60901397,2383183.60901397,2383183.60901397,0.0,False,51392.0,True,21564.431630705607,857481.95,11087.0,257.0,,,,,,,False,False,0,0.0,0,False,,,4.0,6.2,171.0,True,True
B2300565200000,PEDRO E A PEDRA SECRETA,2013,2023,BA,COMUNICAÇÃO ELETRÔNICA DE MASSA POR ASSINATURA (TV PAGA),ANIMAÇÃO,PRODAV,PRODAV 01,False,1630050.0,1,1.861311,3034029.99555,3034029.99555,3034029.99555,0.0,False,,False,0.0,,,,,,,,,,False,False,0,0.0,0,False,,,4.175,,,True,False
B2400089900000,TRINDADE NORDESTINA,2013,2023,BA,SALAS DE EXIBIÇÃO,DOCUMENTÁRIO,PRODAV,PRODAV 01,False,1700000.0,2,1.861311,3135044.9999999995,3164228.6999999997,3135044.9999999995,0.0,False,,False,0.0,,,,,,,,,,False,False,0,0.0,0,False,,,,,,False,False
B1700307900000,A SOMBRA DO PAI,2013,2017,SP,SALAS DE EXIBIÇÃO,FICÇÃO,PRODECINE,PRODECINE 05,False,1622586.6,1,1.861311,4005795.7870326,3020138.2870326,3020138.2870326,985657.5,True,2921.0,True,729.1934375326229,43260.05,516.0,25.0,,,17.5,5.0,,,False,False,0,3.5,1,True,,,3.5,6.2,217.0,True,True
B2300270400000,COMPRO LIKES,2015,2023,DF,SALAS DE EXIBIÇÃO,FICÇÃO,PRODAV,PRODAV 06,False,2825006.3600000003,2,1.580544,4352023.77027935,4465046.852259841,4352023.77027935,0.0,False,,False,0.0,,,,,,,,,,False,False,0,0.0,0,False,,,,,,False,False
B1301864200000,MINHOCAS,2008,2013,RJ,INDEFINIDO,ANIMAÇÃO,PRODECINE,PRODECINE 01,False,1614780.0,1,2.454812,9769502.32136,3963981.32136,3963981.32136,5805521.0,True,48058.0,True,4919.186097630192,1615129.0,,,,,,,,,False,False,0,0.0,0,False,,,3.543,,,True,False
B2500112500000,MYTIKAH - O LIVRO DOS HERÓIS - 2º TEMPORADA,2022,2025,SP,COMUNICAÇÃO ELETRÔNICA DE MASSA POR ASSINATURA (TV PAGA),ANIMAÇÃO,PRODUCAO,PRODUÇÃO TV-VOD,False,1600000.0,1,1.096731,1754769.5999999999,1754769.5999999999,1754769.5999999999,0.0,False,,False,0.0,,,,,,,,,,False,False,0,0.0,0,False,,,,,,False,False
B2500244500000,GNAKS!,2018,2025,GO,RADIODIFUSÃO DE SONS E IMAGENS (TV ABERTA),ANIMAÇÃO,FLUXO CONTINUO,FLUXO CONTÍNUO PRODUÇÃO PARA TELEVISÃO,False,1600000.0,1,1.392194,2227510.4,2227510.4,2227510.4,0.0,False,,False,0.0,,,,,,,,,,False,False,0,0.0,0,False,,,,,,False,False
B2500208200000,EDIFÍCIO BONFIM,2018,2025,RS,SALAS DE EXIBIÇÃO,FICÇÃO,ARRANJOS,ARRANJOS REGIONAIS,False,1969996.0,2,1.392194,2656791.599072,2742616.611224,2656791.599072,0.0,False,,False,0.0,,,,,,,,,,False,False,0,0.0,0,False,,,,,,False,False
B2500331200000,PRIMAVERA NOS DENTES - A HISTÓRIA DO SECOS & MOLHADOS,2018,2025,SP,COMUNICAÇÃO ELETRÔNICA DE MASSA POR ASSINATURA (TV PAGA),DOCUMENTÁRIO,DESEMPENHO,SUPORTE AUTOMÁTICO - DESEMPENHO COMERCIAL TV E VOD,False,1600000.0,1,1.392194,2227510.4,2227510.4,2227510.4,0.0,False,,False,0.0,,,,,,,,,,False,False,0,0.0,0,False,,,,,,False,False
B1800422000000,DE VOLTA AO MARACANÃ,2013,2018,RJ,SALAS DE EXIBIÇÃO,FICÇÃO,PRODECINE,PRODECINE 02,True,1600000.0,1,1.861311,2978097.6,2978097.6,2978097.6,0.0,False,23.0,True,7.72305111827094,148.2,,,,,,,,,False,False,0,0.0,1,True,,,4.3,,,True,False
B2000098200000,CÍCERO,2013,2020,BA,RADIODIFUSÃO DE SONS E IMAGENS (TV ABERTA),DOCUMENTÁRIO,PRODAV,PRODAV 01,False,1600000.0,1,1.861311,2978097.6,2978097.6,2978097.6,0.0,False,,False,0.0,,,,,,,,,,False,False,0,0.0,0,False,,,,6.5,7027.0,False,True
B2400323400000,O RELOGIO DE EINSTEIN,2018,2024,MG,RADIODIFUSÃO DE SONS E IMAGENS (TV ABERTA),FICÇÃO,FLUXO CONTINUO,FLUXO CONTÍNUO PRODUÇÃO PARA TELEVISÃO,False,1599994.0,1,1.392194,2227502.046836,2227502.046836,2227502.046836,0.0,False,,False,0.0,,,,,,,,,,False,False,0,0.0,0,False,,,,,,False,False
B1900263400000,BREVE MIRAGEM DE SOL,2014,2019,SP,SALAS DE EXIBIÇÃO,FICÇÃO,PRODECINE,PRODECINE 05,True,1593909.06,1,1.749188,2788046.60084328,2788046.60084328,2788046.60084328,0.0,False,,False,0.0,,,,,,,,,4.0,False,False,0,6.0,2,True,1.0,3.0,3.88,6.2,154.0,True,True
B1900425300000,RODANTES,2013,2019,MG,SALAS DE EXIBIÇÃO,FICÇÃO,PRODECINE,PRODECINE 05,False,1586823.33,1,1.861311,2953571.71918563,2953571.71918563,2953571.71918563,0.0,False,378.0,True,127.98064036996658,6164.54,113.0,6.0,,,,,,,False,False,0,0.0,0,False,,,,7.1,85.0,False,True
B2200441900000,EMPURRANDO COM A BARRIGA,2013,2019,SP,COMUNICAÇÃO ELETRÔNICA DE MASSA POR ASSINATURA (TV PAGA),FICÇÃO,PRODAV,PRODAV 01,False,1584558.0,1,1.861311,2949355.235538,2949355.235538,2949355.235538,0.0,False,,False,0.0,,,,,,,,,,False,False,0,0.0,0,False,,,,,,False,False
B2200089800000,O TRAIDOR,2018,2022,SP,SALAS DE EXIBIÇÃO,FICÇÃO,FLUXO CONTINUO,FLUXO CONTÍNUO PRODUÇÃO PARA CINEMA,True,2935000.0,3,1.392194,4846122.462499999,4086089.3899999997,4178787.4624999994,667335.0,True,3127.0,True,645.2581469406068,55815.7,399.0,13.0,,,33.5,14.0,,,False,False,0,6.7,2,True,,,3.529,,,True,False
B0901080700000,BESOURO,2008,2009,RJ,INDEFINIDO,FICÇÃO,PRODECINE,PRODECINE 01,False,1563392.0,1,2.454812,11087833.012304,3837833.442304,3837833.442304,7249999.57,True,,False,0.0,,,,,,,,,,False,False,0,0.0,0,False,,,3.4,5.9,1910.0,True,True
B2300174000000,JUNINAS,2013,2023,PB,RADIODIFUSÃO DE SONS E IMAGENS (TV ABERTA),DOCUMENTÁRIO,PRODAV,PRODAV 01,False,1547750.33,1,1.861311,2880844.71448263,2880844.71448263,2880844.71448263,0.0,False,,False,0.0,,,,,,,,,,False,False,0,0.0,0,False,,,,,,False,False
B2400347900000,CHABADABADÁ,2022,2024,PE,COMUNICAÇÃO ELETRÔNICA DE MASSA POR ASSINATURA (TV PAGA),FICÇÃO,PRODUCAO,PRODUÇÃO TV-VOD,False,3000000.0,2,1.096731,3861513.7876508003,3290192.9999999995,3861513.7876508003,0.0,False,,False,0.0,,,,,,,,,,False,False,0,0.0,0,False,,,,,,False,False
B2100536000000,TROMBA TREM - O FILME,2013,2021,RJ,SALAS DE EXIBIÇÃO,ANIMAÇÃO,PRODECINE,PRODECINE 04,False,4455000.0,4,1.861311,7505876.79298384,8292140.505,7505876.79298384,0.0,False,5118.0,True,681.8657088515067,76828.35,1842.0,60.0,,,10.0,3.0,,,False,False,0,2.0,1,True,,,3.3,8.2,106.0,True,True
B2000106900000,OS ESCRAVOS DE JÓ,2015,2020,CE,SALAS DE EXIBIÇÃO,FICÇÃO,PRODECINE,PRODECINE 01,False,1520000.0,1,1.580544,2402426.88,2402426.88,2402426.88,0.0,False,360.0,True,149.84847322387603,3004.0,3.0,1.0,,,,,,,False,False,0,0.0,0,False,,,3.438,7.2,12.0,True,True
B2400365900000,IDENTIDADE,2019,2024,RJ,COMUNICAÇÃO ELETRÔNICA DE MASSA POR ASSINATURA (TV PAGA),FICÇÃO,PRODUCAO,COPRODUÇÃO INTERNACIONAL,True,1506500.01,1,1.33467,2010680.3683467,2010680.3683467,2010680.3683467,0.0,False,,False,0.0,,,,,,,,,,False,False,0,0.0,1,True,,,,,,False,False
B1900533600000,"EU, NIRVANA",2014,2019,PA,SALAS DE EXIBIÇÃO,FICÇÃO,SAV/MINC 03,SAV/MINC 03,False,1500000.0,1,1.749188,2623782.0,2623782.0,2623782.0,0.0,False,,False,0.0,,,,,,,,,,False,False,0,0.0,0,False,,,,,,False,False
B1600467400000,UNIDADE BÁSICA,2009,2016,SP,COMUNICAÇÃO ELETRÔNICA DE MASSA POR ASSINATURA (TV PAGA),FICÇÃO,PRODAV,PRODAV 01,False,1500000.0,1,2.353382,3530073.0,3530073.0,3530073.0,0.0,False,,False,0.0,,,,,,,,,,False,False,0,0.0,0,False,,,,,,False,False
B1402159100000,GETÚLIO,2009,2013,RJ,INDEFINIDO,FICÇÃO,PRODECINE,PRODECINE 01,True,1500000.0,1,2.353382,7569536.399999999,3530073.0,3530073.0,3726497.55,True,507575.0,True,67054.9652155712,6448691.54,,,,,,,3762.0,,False,False,1,6.67,2,True,3.0,0.0,,6.7,1364.0,False,True
B2400058600000,SE AVEXE NÃO,2018,2024,CE,RADIODIFUSÃO DE SONS E IMAGENS (TV ABERTA),FICÇÃO,PRODAV,PRODAV - TVS PÚBLICAS,False,1500000.0,1,1.392194,2088291.0,2088291.0,2088291.0,0.0,False,,False,0.0,,,,,,,,,,False,False,0,0.0,0,False,,,,,,False,False
B1700162000000,ALTAS EXPECTATIVAS,2013,2016,RJ,SALAS DE EXIBIÇÃO,FICÇÃO,PRODECINE,PRODECINE 02,False,2852800.0,3,1.861311,6802018.5008000005,5309948.0208,5122798.0208,1679220.48,True,6694.0,True,984.1196402527726,92334.69,1881.0,49.0,,,,,,,False,False,0,0.0,0,False,,,,6.1,132.0,False,True
B1301910300000,CASA DA MÃE JOANA 2,2010,2013,RJ,INDEFINIDO,FICÇÃO,PRODECINE,PRODECINE 02,False,1500000.0,1,2.222058,8066070.540000001,3333087.0,3333087.0,4732983.54,True,,False,0.0,,,,,,,,,,False,False,0,0.0,0,False,,,3.5,4.2,123.0,True,True
B2400225400000,CENTRO LIBERDADE,2018,2024,RS,RADIODIFUSÃO DE SONS E IMAGENS (TV ABERTA),FICÇÃO,PRODAV,PRODAV - TVS PÚBLICAS,False,1500000.0,1,1.392194,2088291.0,2088291.0,2088291.0,0.0,False,,False,0.0,,,,,,,,,,False,False,0,0.0,0,False,,,,,,False,False
B1101420100000,CORAÇÕES SUJOS,2008,2011,SP,INDEFINIDO,FICÇÃO,PRODECINE,PRODECINE 01,False,1900000.0,2,2.454812,8800390.2,4664142.8,4571041.2,4229349.0,True,,False,0.0,,,,,,,,,,False,True,1,6.67,0,False,,,,6.8,735.0,False,True
B1800089700000,A MULHER DO MEU MARIDO,2009,2018,RJ,SALAS DE EXIBIÇÃO,FICÇÃO,PRODECINE,PRODECINE 02,True,3691680.58,5,2.353382,7365147.27644248,8687934.62672156,7365147.27644248,0.0,False,3093.0,True,419.95086912830664,50247.55,753.0,21.0,,,,,,,False,False,0,0.0,1,True,,,2.3,5.2,143.0,True,True
B1900486900000,UM DIA QUALQUER,2016,2019,SP,SALAS DE EXIBIÇÃO,FICÇÃO,PRODECINE,PRODECINE 02,False,1500000.0,1,1.487011,3408362.7158475798,2230516.5,2230516.5,1177846.21584758,True,943.0,True,276.67243149193354,15713.82,298.0,10.0,,,,,,,False,False,0,0.0,0,False,,,4.123,7.1,36.0,True,True
B1500572900000,AS AVENTURAS DO PEQUENO COLOMBO,2009,2015,RJ,SALAS DE EXIBIÇÃO,ANIMAÇÃO,PRODECINE,PRODECINE 02,False,1500000.0,1,2.353382,6196857.77,3530073.0,3530073.0,2666784.77,True,2380.0,True,384.06561653261895,33137.07,553.0,9.0,,,,,2974.0,,False,False,1,6.67,1,True,1.0,0.0,3.04,7.4,59.0,True,True
B1700450500000,AS BOAS MANEIRAS,2012,2017,SP,SALAS DE EXIBIÇÃO,FICÇÃO,PRODECINE,PRODECINE 01,True,2200000.0,3,1.971315,8722451.91714561,4336893.0,4128968.7,4593483.21714561,True,11420.0,True,1309.2648842869348,172733.63,988.0,22.0,,,82.5,31.0,29188.0,24.0,False,True,2,39.83,4,True,2.0,8.0,3.1,6.7,4638.0,True,True
B1101537800000,BILLI PIG,2009,2011,RJ,INDEFINIDO,FICÇÃO,PRODECINE,PRODECINE 02,False,2300000.0,2,2.353382,9166702.93337394,5412778.6,5307719.4,3858983.5333739403,True,,False,0.0,,,,,,,,,,False,False,0,0.0,0,False,,,1.5,3.6,355.0,True,True
B2000240300000,JESUS KID,2013,2020,PR,SALAS DE EXIBIÇÃO,FICÇÃO,PRODECINE,PRODECINE 02,False,2415000.0,2,1.861311,4065824.01,4495066.0649999995,4065824.01,0.0,False,988.0,True,243.00117210434792,11602.19,161.0,7.0,,,12.0,2.0,,,False,False,0,2.4,1,True,,,,5.8,138.0,False,True
B2000120400000,IMAGEM VINIL - ZONA NORTE,2013,2020,RJ,COMUNICAÇÃO ELETRÔNICA DE MASSA POR ASSINATURA (TV PAGA),FICÇÃO,PRODAV,PRODAV 01,False,1500000.0,1,1.861311,2791966.5,2791966.5,2791966.5,0.0,False,,False,0.0,,,,,,,,,,False,False,0,0.0,0,False,,,,,,False,False
B2100271600000,DUETTO,2014,2021,SP,SALAS DE EXIBIÇÃO,FICÇÃO,PRODECINE,PRODECINE 01,False,2389000.0,3,1.749188,10190754.45840985,4178810.1319999998,3861442.466,6329311.9924098505,True,2788.0,True,273.5813144530455,53573.06,1197.0,50.0,,,,,,,False,False,0,0.0,0,False,,,,6.2,100.0,False,True
B2400528600000,AS VITRINES,2016,2024,RJ,SALAS DE EXIBIÇÃO,FICÇÃO,PRODECINE,PRODECINE 01,False,1500000.0,1,1.487011,6305949.204,2230516.5,2230516.5,4075432.704,True,,False,0.0,,,,,,,,,,False,False,0,0.0,0,False,,,,,,False,False
B2300440300000,A FESTA DE LÉO,2018,2023,RJ,SALAS DE EXIBIÇÃO,FICÇÃO,DESEMPENHO,SUPORTE AUTOMÁTICO - DESEMPENHO ARTÍSTICO,False,1882285.08,3,1.392194,3832066.9225585,2620505.99466552,2620953.75844242,1211113.16411608,True,1377.0,True,359.3361044646471,20630.68,182.0,11.0,,,,,,,False,False,0,0.0,0,False,,,3.363,6.5,46.0,True,True
B2400487500000,A MATRIARCA,2016,2024,BA,SALAS DE EXIBIÇÃO,FICÇÃO,PRODECINE,PRODECINE 01,False,1500000.0,1,1.487011,2230516.5,2230516.5,2230516.5,0.0,False,652.0,True,292.30897866032376,12549.34,,,,,,,,,False,False,0,0.0,0,False,,,,,,False,False
B1800106900000,BENZINHO,2013,2018,RJ,SALAS DE EXIBIÇÃO,FICÇÃO,PRODECINE,PRODECINE 02,True,2379538.0,4,1.861311,4609230.604318,4429060.254318,4251006.754318,279196.64999999997,True,39639.0,True,8599.916863101958,599493.91,2550.0,43.0,,,50.0,21.0,60939.0,22.0,False,True,2,33.33,4,True,4.0,8.0,,7.1,1777.0,False,True
B1800469700000,A CABEÇA DE GUMERCINDO SARAIVA,2013,2018,RS,SALAS DE EXIBIÇÃO,FICÇÃO,PRODECINE,PRODECINE 01,False,2547531.15,3,1.861311,6228468.35233765,4741747.752337649,4647924.35233765,1580544.0,True,5158.0,True,828.1329707750887,55578.87,535.0,39.0,,,,,,,False,False,0,0.0,0,False,,,3.471,7.3,72.0,True,True
B2500019900000,PALEOKIDS,2018,2025,SP,COMUNICAÇÃO ELETRÔNICA DE MASSA POR ASSINATURA (TV PAGA),DOCUMENTÁRIO,FLUXO CONTINUO,FLUXO CONTÍNUO PRODUÇÃO PARA TELEVISÃO,False,1500000.0,1,1.392194,2088291.0,2088291.0,2088291.0,0.0,False,,False,0.0,,,,,,,,,,False,False,0,0.0,0,False,,,,,,False,False
B1700571300000,HAPPY HOUR,2013,2017,RJ,SALAS DE EXIBIÇÃO,FICÇÃO,PRODECINE,PRODECINE 02,True,2600000.0,3,1.861311,9298997.78568932,4839408.6,4745585.2,4454846.83568932,True,3200.0,True,344.12310592488103,49750.21,577.0,16.0,,,,,,,False,False,0,0.0,1,True,2.0,0.0,,6.0,91.0,False,True
B2300536900000,ENTRE LONGES,2018,2023,MT,RADIODIFUSÃO DE SONS E IMAGENS (TV ABERTA),FICÇÃO,PRODAV,PRODAV - TVS PÚBLICAS,False,1500000.0,1,1.392194,2088291.0,2088291.0,2088291.0,0.0,False,,False,0.0,,,,,,,,,,False,False,0,0.0,0,False,,,,,,False,False
B1402086200000,ENTRE NÓS,2012,2013,SP,INDEFINIDO,FICÇÃO,PRODECINE,PRODECINE 01,False,1500000.0,1,1.971315,6816884.649999999,2956972.5,2956972.5,3859912.1500000004,True,70902.0,True,10400.938792473187,927138.44,,,,,,,,,False,False,0,0.0,0,False,,,3.6,7.1,1155.0,True,True
B1900341900000,MÚSICA PARA MORRER DE AMOR,2016,2019,SP,SALAS DE EXIBIÇÃO,FICÇÃO,PRODECINE,PRODECINE 02,False,1500000.0,1,1.487011,2230516.5,2230516.5,2230516.5,0.0,False,70.0,True,31.382865807089974,1461.6,19.0,4.0,,,,,,,False,False,0,0.0,0,False,,,4.3,6.5,174.0,True,True
B2400288400000,SAL A GOSTO,2018,2024,GO,RADIODIFUSÃO DE SONS E IMAGENS (TV ABERTA),FICÇÃO,PRODAV,PRODAV - TVS PÚBLICAS,False,1500000.0,1,1.392194,2088291.0,2088291.0,2088291.0,0.0,False,,False,0.0,,,,,,,,,,False,False,0,0.0,0,False,,,,,,False,False
B1402269800000,MEU AMIGO ENCOSTO,2012,2014,RJ,INDEFINIDO,FICÇÃO,PRODAV,PRODAV 01,False,1500000.0,1,1.971315,2956972.5,2956972.5,2956972.5,0.0,False,,False,0.0,,,,,,,,,,False,False,0,0.0,0,False,,,4.3,,,True,False
B2100452100000,NINA,2015,2021,BA,SALAS DE EXIBIÇÃO,FICÇÃO,PRODAV,PRODAV 06,False,1500000.0,1,1.580544,3510430.0,2370816.0,2370816.0,1139614.0,True,86.0,True,24.498423270083723,1617.21,42.0,5.0,,,,,,,False,False,0,0.0,0,False,,,3.817,4.8,9.0,True,True
B2100027500000,NATUREZA MORTA,2013,2021,RJ,SALAS DE EXIBIÇÃO,FICÇÃO,PRODAV,PRODAV 02 - PROJETO DERIVADO,False,2999300.0,2,1.861311,5582630.0823,5582630.0823,,,False,200.0,True,35.8254079262944,1771.74,14.0,2.0,,,,,,,False,False,0,0.0,0,False,,,,6.6,21.0,False,True
B1700473300000,NATUREZA MORTA,2013,2017,SP,COMUNICAÇÃO ELETRÔNICA DE MASSA POR ASSINATURA (TV PAGA),FICÇÃO,PRODAV,PRODAV 02 - PROJETO DERIVADO,False,2999300.0,2,1.861311,5021442.0923,5582630.0823,5021442.0923,0.0,False,,False,0.0,,,,,,,,,,False,False,0,0.0,0,False,,,,,,False,False
B2300145800000,O CASO ESCOLA BASE,2018,2023,SP,COMUNICAÇÃO ELETRÔNICA DE MASSA POR ASSINATURA (TV PAGA),DOCUMENTÁRIO,DESEMPENHO,SUPORTE AUTOMÁTICO - DESEMPENHO COMERCIAL TV E VOD,False,1500000.0,1,1.392194,2088291.0,2088291.0,2088291.0,0.0,False,,False,0.0,,,,,,,,,,False,False,0,0.0,0,False,,,,,,False,False
B2100450300000,ANJO LOIRO COM SANGUE NO CABELO,2015,2021,RJ,COMUNICAÇÃO ELETRÔNICA DE MASSA POR ASSINATURA (TV PAGA),FICÇÃO,PRODAV,PRODAV 06,False,1874258.04,2,1.580544,2891855.79773976,2962347.29957376,2891855.79773976,0.0,False,,False,0.0,,,,,,,,,,False,False,0,0.0,0,False,,,4.3,,,True,False
B2400186600000,ANIMAIS EM RISCO - SEGUNDA TEMPORADA,2018,2024,SP,COMUNICAÇÃO ELETRÔNICA DE MASSA POR ASSINATURA (TV PAGA),DOCUMENTÁRIO,FLUXO CONTINUO,FLUXO CONTÍNUO PRODUÇÃO PARA TELEVISÃO,False,1500000.0,1,1.392194,2088291.0,2088291.0,2088291.0,0.0,False,,False,0.0,,,,,,,,,,False,False,0,0.0,0,False,,,,,,False,False
B2100282000000,CINEMA CAFÉ,2013,2021,RJ,COMUNICAÇÃO ELETRÔNICA DE MASSA POR ASSINATURA (TV PAGA),FICÇÃO,PRODAV,PRODAV 01,False,1500000.0,1,1.861311,2791966.5,2791966.5,2791966.5,0.0,False,,False,0.0,,,,,,,,,,False,False,0,0.0,0,False,,,,,,False,False
B2000477300000,RIR PRA NÃO CHORAR,2015,2020,DF,SALAS DE EXIBIÇÃO,FICÇÃO,PRODECINE,PRODECINE 01,False,1500000.0,1,1.580544,2370816.0,2370816.0,2370816.0,0.0,False,868.0,True,366.1186696900983,14123.53,212.0,17.0,,,,,,,False,False,0,0.0,0,False,,,,,,False,False
B2400188200000,MANUAL DE SOBREVIVÊNCIA DA LITERATURA BRASILEIRA,2018,2024,PR,RADIODIFUSÃO DE SONS E IMAGENS (TV ABERTA),FICÇÃO,PRODAV,PRODAV - TVS PÚBLICAS,False,1500000.0,1,1.392194,2088291.0,2088291.0,2088291.0,0.0,False,,False,0.0,,,,,,,,,,False,False,0,0.0,0,False,,,,,,False,False
B2000436400000,TODOS OS MORTOS,2016,2020,SP,SALAS DE EXIBIÇÃO,FICÇÃO,PRODECINE,PRODECINE 01,True,1684255.81,2,1.487011,3566909.60121981,2504506.91628391,2496655.77621981,1070253.825,True,599.0,True,167.93248693355005,9472.49,164.0,5.0,,,42.0,11.0,,8.0,False,False,0,10.4,3,True,1.0,1.0,4.1,5.8,620.0,True,True
B2100408300000,DESERTO PARTICULAR,2016,2021,PR,SALAS DE EXIBIÇÃO,FICÇÃO,PRODECINE,PRODECINE 02,True,2310368.8,3,1.487011,3359482.25381562,3435543.8196568,3359482.25381562,0.0,False,9141.0,True,2720.9549893046374,145378.13,712.0,23.0,,,49.5,17.0,7171.0,30.0,True,False,2,33.23,4,True,3.0,17.0,3.937,7.0,2153.0,True,True
B1800491800000,LEGALIDADE,2014,2018,RS,SALAS DE EXIBIÇÃO,FICÇÃO,PRODECINE,PRODECINE 01,False,2148510.0,3,1.749188,5553801.300609999,3758147.9098799997,3737037.3966099997,1816763.904,True,15993.0,True,2879.6492950231072,223306.38,504.0,32.0,,,8.0,4.0,,,False,False,0,1.6,1,True,,,,6.6,179.0,False,True
B2400260800000,BOLA PRA FRENTE,2018,2023,MG,RADIODIFUSÃO DE SONS E IMAGENS (TV ABERTA),FICÇÃO,PRODAV,PRODAV - TVS PÚBLICAS,False,1500000.0,1,1.392194,2088291.0,2088291.0,2088291.0,0.0,False,,False,0.0,,,,,,,,,,False,False,0,0.0,0,False,,,,,,False,False
B2300527400000,PUAN,2022,2023,RJ,SALAS DE EXIBIÇÃO,FICÇÃO,PRODUCAO,COPRODUÇÃO INTERNACIONAL CINEMA,True,1500000.0,1,1.096731,1645096.4999999998,1645096.4999999998,1645096.4999999998,0.0,False,5854.0,True,3558.4538657762637,95500.63,202.0,9.0,10.0,46.0,46.0,18.0,,19.0,False,False,0,19.2,4,True,2.0,12.0,,6.5,1933.0,False,True
B1900098100000,O PERGAMINHO VERMELHO,2012,2019,SP,SALAS DE EXIBIÇÃO,ANIMAÇÃO,PRODECINE,PRODECINE 01,False,2000000.0,2,1.971315,3887628.0,3942630.0,3887628.0,0.0,False,27.0,True,6.945108945608994,513.33,17.0,3.0,,,,,,,False,False,0,0.0,0,False,,,3.442,,,True,False
B1500309900000,QUALQUER GATO VIRA-LATA 2,2012,2015,RJ,SALAS DE EXIBIÇÃO,FICÇÃO,PRODECINE,PRODECINE 01,False,1559169.01,2,1.971315,12902919.784344528,3073613.2569481498,3060470.22226388,9842449.562080648,True,817915.0,True,63389.91590046146,10017232.88,,,,,,,,,False,False,0,0.0,0,False,,,3.605,5.5,353.0,True,True
B2000525500000,O CLUBE DOS ANJOS,2014,2020,RJ,SALAS DE EXIBIÇÃO,FICÇÃO,PRODECINE,PRODECINE 01,True,1500000.0,1,1.749188,5602859.0625,2623782.0,2623782.0,2979077.0625,True,4363.0,True,778.7095751170342,69931.66,459.0,13.0,,,14.5,5.0,1429.0,2.0,False,False,1,11.57,4,True,3.0,1.0,2.8,6.4,163.0,True,True
B1900548300000,"LIMA BARRETO, AO TERCEIRO DIA",2015,2019,RJ,SALAS DE EXIBIÇÃO,FICÇÃO,PRODECINE,PRODECINE 01,False,1500000.0,1,1.580544,3947047.66,2370816.0,2370816.0,1576231.6600000001,True,1179.0,True,298.70427254987845,19261.51,203.0,13.0,,,,,,,False,False,0,0.0,0,False,,,,7.6,36.0,False,True
B2400256300000,O CERRADO E OUTROS BICHOS,2018,2024,MT,RADIODIFUSÃO DE SONS E IMAGENS (TV ABERTA),FICÇÃO,PRODAV,PRODAV - TVS PÚBLICAS,False,1500000.0,1,1.392194,2088291.0,2088291.0,2088291.0,0.0,False,,False,0.0,,,,,,,,,,False,False,0,0.0,0,False,,,,,,False,False
B2300065800000,O CIRCO VOLTOU,2018,2023,PE,SALAS DE EXIBIÇÃO,DOCUMENTÁRIO,CONCURSO,CONCURSO PRODUÇÃO PARA CINEMA,False,1500000.0,1,1.392194,2088291.0,2088291.0,2088291.0,0.0,False,182.0,True,87.15260468967209,2280.49,86.0,8.0,,,,,,,False,False,0,0.0,0,False,,,1.7,,,True,False
B1301940000000,MATO SEM CACHORRO,2010,2013,RJ,INDEFINIDO,FICÇÃO,PRODECINE,PRODECINE 01,False,1500000.0,1,2.222058,9104288.010058621,3333087.0,3333087.0,5771201.010058619,True,,False,0.0,,,,,,,,,,False,False,0,0.0,0,False,,,,5.9,1259.0,False,True
B2100515000000,AMOR DOS OUTROS,2013,2021,PI,COMUNICAÇÃO ELETRÔNICA DE MASSA POR ASSINATURA (TV PAGA),FICÇÃO,PRODAV,PRODAV 01,False,1500000.0,1,1.861311,2791966.5,2791966.5,2791966.5,0.0,False,,False,0.0,,,,,,,,,,False,False,0,0.0,0,False,,,4.3,,,True,False
B2400510500000,LAR DOCE LAR,2018,2024,PA,RADIODIFUSÃO DE SONS E IMAGENS (TV ABERTA),FICÇÃO,PRODAV,PRODAV - TVS PÚBLICAS,False,1499993.0,1,1.392194,2088281.254642,2088281.254642,2088281.254642,0.0,False,,False,0.0,,,,,,,,,,False,False,0,0.0,0,False,,,,,,False,False
B2500059700000,MADE IN DAFEN,2018,2025,SP,COMUNICAÇÃO ELETRÔNICA DE MASSA POR ASSINATURA (TV PAGA),DOCUMENTÁRIO,FLUXO CONTINUO,FLUXO CONTÍNUO PRODUÇÃO PARA TELEVISÃO,False,1499960.0,1,1.392194,2088235.3122399999,2088235.3122399999,2088235.3122399999,0.0,False,,False,0.0,,,,,,,,,,False,False,0,0.0,0,False,,,,,,False,False
B2100423400000,PUNGA,2016,2021,MA,COMUNICAÇÃO ELETRÔNICA DE MASSA POR ASSINATURA (TV PAGA),FICÇÃO,PRODAV,PRODAV 02 - PROJETO DERIVADO,False,1499774.0,1,1.487011,2230180.4355140002,2230180.4355140002,2230180.4355140002,0.0,False,,False,0.0,,,,,,,,,,False,False,0,0.0,0,False,,,,,,False,False
B1900059200000,MUDANÇA,2014,2018,RS,SALAS DE EXIBIÇÃO,FICÇÃO,SAV/MINC 03,SAV/MINC 03,False,1499346.62,1,1.749188,2622639.1155445604,2622639.1155445604,2622639.1155445604,0.0,False,307.0,True,117.05766080448892,2961.0,12.0,1.0,,,,,,,False,False,0,0.0,0,False,,,4.095,8.2,14.0,True,True
B2000473600000,VENTO SECO,2016,2020,GO,SALAS DE EXIBIÇÃO,FICÇÃO,PRODECINE,PRODECINE 05,False,1498000.0,1,1.487011,2227542.478,2227542.478,2227542.478,0.0,False,739.0,True,331.7557385767617,12051.43,63.0,4.0,,,,,3022.0,,True,False,2,13.33,1,True,1.0,0.0,,6.4,1558.0,False,True
B2100507100000,OS DRAGÕES,2016,2021,RS,SALAS DE EXIBIÇÃO,FICÇÃO,PRODECINE,PRODECINE 02,False,1687606.0,2,1.487011,2490525.285666,2509488.685666,2490525.285666,0.0,False,4931.0,True,1979.9036084395282,24506.65,4366.0,39.0,,,,,,,False,False,0,0.0,0,False,,,,,,False,False
B2200295300000,CASA VAZIA,2016,2022,RS,SALAS DE EXIBIÇÃO,FICÇÃO,PRODECINE,PRODECINE 05,False,1581447.0,2,1.487011,2342147.384917,2351629.084917,2342147.384917,0.0,False,907.0,True,387.25146241475403,10858.13,101.0,4.0,,,,,,,False,False,0,0.0,0,False,,,,6.9,13.0,False,True
B2400052900000,O MUNDO DAS ECOVILAS,2018,2022,MG,COMUNICAÇÃO ELETRÔNICA DE MASSA POR ASSINATURA (TV PAGA),DOCUMENTÁRIO,FLUXO CONTINUO,FLUXO CONTÍNUO PRODUÇÃO PARA TELEVISÃO,False,1469874.0,1,1.392194,2046349.7635559998,2046349.7635559998,2046349.7635559998,0.0,False,,False,0.0,,,,,,,,,,False,False,0,0.0,0,False,,,4.185,,,True,False
B1900019900000,O GALÃ,2013,2018,SP,SALAS DE EXIBIÇÃO,FICÇÃO,PRODECINE,PRODECINE 04,False,1454847.0,1,1.861311,9736886.84497308,2707922.724417,2707922.724417,7028964.12055608,True,2128.0,True,218.55034713673757,33886.58,664.0,13.0,,,,,,,False,False,0,0.0,0,False,,,,6.0,35.0,False,True
B1900448200000,AOS OLHOS DE ERNESTO,2015,2019,RS,SALAS DE EXIBIÇÃO,FICÇÃO,PRODECINE,PRODECINE 01,False,1450000.0,1,1.580544,4153099.8,2291788.8,2291788.8,1861311.0,True,362.0,True,87.16380954775035,7042.2,227.0,7.0,,,18.0,7.0,,,False,False,0,3.6,1,True,,,3.61,7.8,208.0,True,True
B1900461300000,O HOMEM CORDIAL,2015,2019,DF,SALAS DE EXIBIÇÃO,FICÇÃO,ARRANJOS,ARRANJOS REGIONAIS,False,2219874.5300000003,4,1.580544,3415329.99414432,3508609.3691443205,3415329.99414432,0.0,False,5611.0,True,1642.8866345624635,95852.9,717.0,14.0,,,,,,,False,False,0,0.0,0,False,,,3.707,6.6,191.0,True,True
B2400402900000,ECOS DO SILÊNCIO,2015,2024,DF,SALAS DE EXIBIÇÃO,FICÇÃO,ARRANJOS,ARRANJOS REGIONAIS,False,1449079.29,1,1.580544,2290333.57733376,2290333.57733376,2290333.57733376,0.0,False,,False,0.0,,,,,,,,,,False,False,0,0.0,0,False,,,,,,False,False
B2400042000000,MARAVILHAS DA NATUREZA,2019,2024,SP,COMUNICAÇÃO ELETRÔNICA DE MASSA POR ASSINATURA (TV PAGA),DOCUMENTÁRIO,PRODUCAO,COPRODUÇÃO INTERNACIONAL,True,1445730.0,1,1.33467,1929572.4591,1929572.4591,1929572.4591,0.0,False,,False,0.0,,,,,,,,,,False,False,0,0.0,1,True,,,,,,False,False
B2000332600000,O COMPLEXO,2016,2020,RS,COMUNICAÇÃO ELETRÔNICA DE MASSA POR ASSINATURA (TV PAGA),FICÇÃO,PRODAV,PRODAV 02 - PROJETO DERIVADO,False,1438000.0,1,1.487011,2138321.818,2138321.818,2138321.818,0.0,False,,False,0.0,,,,,,,,,,False,False,0,0.0,0,False,,,,,,False,False
B2300352600000,A DONA DA BANCA,2016,2023,RJ,COMUNICAÇÃO ELETRÔNICA DE MASSA POR ASSINATURA (TV PAGA),FICÇÃO,PRODAV,PRODAV 02 - PROJETO DERIVADO,False,1578399.99,2,1.487011,2340706.64752989,2347098.1475298903,2340706.64752989,0.0,False,,False,0.0,,,,,,,,,,False,False,0,0.0,0,False,,,3.83,,,True,False
B1700332400000,QUERIDA MAMÃE,2014,2017,SP,SALAS DE EXIBIÇÃO,FICÇÃO,PRODAV,PRODAV 06,False,2624224.17,3,1.749188,4759953.02747396,4590261.4274739595,4759953.02747396,0.0,False,1646.0,True,345.8017317606827,17576.66,447.0,27.0,,,7.0,3.0,,,False,False,0,1.4,1,True,,,,6.5,86.0,False,True
B1900597200000,SERTÂNIA,2015,2019,CE,SALAS DE EXIBIÇÃO,FICÇÃO,PRODECINE,PRODECINE 05,False,1410695.0,1,1.580544,2229665.51808,2229665.51808,2229665.51808,0.0,False,440.0,True,197.33901629285225,4467.35,106.0,5.0,,,,,,,False,False,0,0.0,0,False,,,,7.5,207.0,False,True
B2300575200000,ON BOARD,2013,2023,BA,COMUNICAÇÃO ELETRÔNICA DE MASSA POR ASSINATURA (TV PAGA),DOCUMENTÁRIO,PRODAV,PRODAV 01,False,1407601.8,1,1.861311,2619984.7139598,2619984.7139598,2619984.7139598,0.0,False,,False,0.0,,,,,,,,,,False,False,0,0.0,0,False,,,,,,False,False
B1900050700000,A TERRA NEGRA DOS KAWA,2014,2018,AM,SALAS DE EXIBIÇÃO,FICÇÃO,SAV/MINC 03,SAV/MINC 03,False,1605704.61,2,1.749188,2737280.43535668,2808679.23535668,2737280.43535668,0.0,False,706.0,True,257.92023019665686,9889.32,133.0,13.0,,,,,,,False,False,0,0.0,0,False,,,2.9,5.4,10.0,True,True
B2100433800000,CARRO REI,2016,2021,PE,SALAS DE EXIBIÇÃO,FICÇÃO,PRODECINE,PRODECINE 02,False,2358324.32,2,1.487011,4021122.0501281605,3506854.20540752,3757606.1399981603,263515.91013000003,True,1181.0,True,293.6991181260861,14750.54,145.0,11.0,,,18.0,5.0,,,True,False,1,10.27,1,True,,,,5.5,297.0,False,True
B2100141800000,CIDADES DE CINEMA,2013,2021,RJ,COMUNICAÇÃO ELETRÔNICA DE MASSA POR ASSINATURA (TV PAGA),DOCUMENTÁRIO,PRODAV,PRODAV 01,False,1400007.0,1,1.861311,2605848.4291769997,2605848.4291769997,2605848.4291769997,0.0,False,,False,0.0,,,,,,,,,,False,False,0,0.0,0,False,,,3.7,,,True,False
B1402137200000,OS HOMENS SÃO DE MARTE...E É PRÁ LÁ QUE EU VOU!,2012,2013,SP,INDEFINIDO,FICÇÃO,PRODECINE,PRODECINE 02,False,1400000.0,1,1.971315,12682652.16428685,2759841.0,2759841.0,9922811.16428685,True,1810744.0,True,142773.2919380131,21750981.39,1.0,1.0,,,,,,,False,False,0,0.0,0,False,,,3.8,6.1,1431.0,True,True
B1600420100000,IMPRESSÕES DO MUNDO,2013,2016,DF,COMUNICAÇÃO ELETRÔNICA DE MASSA POR ASSINATURA (TV PAGA),DOCUMENTÁRIO,PRODAV,PRODAV 02 - PROJETO DERIVADO,False,1400000.0,1,1.861311,2605835.4,2605835.4,2605835.4,0.0,False,,False,0.0,,,,,,,,,,False,False,0,0.0,0,False,,,3.195,,,True,False
B2400097900000,TRADIÇÕES AMAZÔNIA ATLÂNTICA,2013,2024,BA,RADIODIFUSÃO DE SONS E IMAGENS (TV ABERTA),DOCUMENTÁRIO,PRODAV,PRODAV 01,False,1400000.0,1,1.861311,2605835.4,2605835.4,2605835.4,0.0,False,,False,0.0,,,,,,,,,,False,False,0,0.0,0,False,,,,,,False,False
B1500778300000,S.O.S. MULHERES AO MAR 2,2013,2015,RJ,SALAS DE EXIBIÇÃO,FICÇÃO,PRODECINE,PRODECINE 04,False,1400000.0,1,1.861311,10144835.68,2605835.4,2605835.4,7539000.28,True,1533621.0,True,151172.581634166,21119066.91,,,,,,,,,False,False,0,0.0,0,False,,,4.0,5.4,416.0,True,True
B2300023600000,WAR LOVE - AMORES DE GUERRA,2013,2023,BA,COMUNICAÇÃO ELETRÔNICA DE MASSA POR ASSINATURA (TV PAGA),DOCUMENTÁRIO,PRODAV,PRODAV 01,False,1400000.0,1,1.861311,2605835.4,2605835.4,2605835.4,0.0,False,,False,0.0,,,,,,,,,,False,False,0,0.0,0,False,,,3.3,,,True,False
B1201547400000,XINGU,2009,2011,SP,SALAS DE EXIBIÇÃO,FICÇÃO,PRODECINE,PRODECINE 01,False,1400000.0,1,2.353382,19359982.452805102,3294734.8,3294734.8,16065247.6528051,True,,False,0.0,,,,,,,,1936.0,,True,False,2,13.33,1,True,1.0,0.0,3.9,7.1,2020.0,True,True
B1700480900000,ZAMA,2013,2017,RJ,SALAS DE EXIBIÇÃO,FICÇÃO,PRODECINE,PRODECINE 02,True,1793941.0,3,1.861311,4144422.2666510004,3339082.116651,3241797.5166510004,465327.75,True,10411.0,True,2512.050976024906,142427.41,652.0,20.0,,,53.5,19.0,,32.0,True,True,2,34.03,3,True,2.0,11.0,,6.7,7697.0,False,True
B2100121100000,AS PROTAGONISTAS,2013,2021,SP,COMUNICAÇÃO ELETRÔNICA DE MASSA POR ASSINATURA (TV PAGA),DOCUMENTÁRIO,PRODAV,PRODAV 01,False,1365009.8,1,1.861311,2540707.7558478,2540707.7558478,2540707.7558478,0.0,False,,False,0.0,,,,,,,,,,False,False,0,0.0,0,False,,,,,,False,False
B2200226700000,CRIATIVOS EM FOCO,2013,2022,SP,COMUNICAÇÃO ELETRÔNICA DE MASSA POR ASSINATURA (TV PAGA),DOCUMENTÁRIO,PRODAV,PRODAV 01,False,1365000.0,1,1.861311,2540689.515,2540689.515,2540689.515,0.0,False,,False,0.0,,,,,,,,,,False,False,0,0.0,0,False,,,,,,False,False
B2100466100000,LIBERTÁRIOS,2013,2021,DF,RADIODIFUSÃO DE SONS E IMAGENS (TV ABERTA),DOCUMENTÁRIO,PRODAV,PRODAV 01,False,1365000.0,1,1.861311,2540689.515,2540689.515,2540689.515,0.0,False,,False,0.0,,,,,,,,,,False,False,0,0.0,0,False,,,,,,False,False
B2000489000000,ALMANAQUE BRASIL - SÉRIE DE DOCUMENTÁRIOS,2013,2020,SP,COMUNICAÇÃO ELETRÔNICA DE MASSA POR ASSINATURA (TV PAGA),DOCUMENTÁRIO,PRODAV,PRODAV 01,False,1364990.0,1,1.861311,2540670.90189,2540670.90189,2540670.90189,0.0,False,,False,0.0,,,,,,,,,,False,False,0,0.0,0,False,,,3.7,,,True,False
B2300201700000,A SUSTENTÁVEL LEVEZA DO SER,2016,2023,DF,COMUNICAÇÃO ELETRÔNICA DE MASSA POR ASSINATURA (TV PAGA),DOCUMENTÁRIO,PRODAV,PRODAV 02 - PROJETO DERIVADO,False,1364763.2,1,1.487011,2029417.8907952001,2029417.8907952001,2029417.8907952001,0.0,False,,False,0.0,,,,,,,,,,False,False,0,0.0,0,False,,,,,,False,False
B2500265100000,SALOMÉ,2017,2025,PE,SALAS DE EXIBIÇÃO,FICÇÃO,ARRANJOS,ARRANJOS REGIONAIS,False,2361787.8,2,1.444401,3359161.6601078,3411368.6601078,3359161.6601078,0.0,False,,False,0.0,,,,,,,,,,False,False,0,0.0,0,False,,,,,,False,False
B2300214800000,FAMILIA ANIMAL,2018,2023,SP,COMUNICAÇÃO ELETRÔNICA DE MASSA POR ASSINATURA (TV PAGA),DOCUMENTÁRIO,FLUXO CONTINUO,FLUXO CONTÍNUO PRODUÇÃO PARA TELEVISÃO,True,1360000.0,1,1.392194,1893383.8399999999,1893383.8399999999,1893383.8399999999,0.0,False,,False,0.0,,,,,,,,,,False,False,0,0.0,1,True,,,3.635,,,True,False
B2300194200000,SALA DOS PROFESSORES,2013,2023,SP,COMUNICAÇÃO ELETRÔNICA DE MASSA POR ASSINATURA (TV PAGA),FICÇÃO,PRODAV,PRODAV 01,False,1357485.0,1,1.861311,2526701.7628349997,2526701.7628349997,2526701.7628349997,0.0,False,,False,0.0,,,,,,,,,,False,False,0,0.0,0,False,,,3.885,,,True,False
B1700256000000,NOKUN TXAI - NOSSOS TXAIS,2014,2016,AC,RADIODIFUSÃO DE SONS E IMAGENS (TV ABERTA),DOCUMENTÁRIO,PRODAV,PRODAV 08,False,1352000.0,1,1.749188,2364902.176,2364902.176,2364902.176,0.0,False,,False,0.0,,,,,,,,,,False,False,0,0.0,0,False,,,,,,False,False
B1700431800000,"AMANAJÉ, O MENSAGEIRO DO FUTURO",2014,2017,GO,RADIODIFUSÃO DE SONS E IMAGENS (TV ABERTA),DOCUMENTÁRIO,PRODAV,PRODAV 10,False,1352000.0,1,1.749188,2364902.176,2364902.176,2364902.176,0.0,False,,False,0.0,,,,,,,,,,False,False,0,0.0,0,False,,,3.871,,,True,False
B1700262700000,ÍNDIO PRESENTE,2014,2016,AM,RADIODIFUSÃO DE SONS E IMAGENS (TV ABERTA),DOCUMENTÁRIO,PRODAV,PRODAV 08,False,1351900.0,1,1.749188,2364727.2572,2364727.2572,2364727.2572,0.0,False,,False,0.0,,,,,,,,,,False,False,0,0.0,0,False,,,,,,False,False
B1900290500000,FRONTEIRAS FLUIDAS,2014,2019,MS,RADIODIFUSÃO DE SONS E IMAGENS (TV ABERTA),DOCUMENTÁRIO,PRODAV,PRODAV 10,False,1351754.0,1,1.749188,2364471.875752,2364471.875752,2364471.875752,0.0,False,,False,0.0,,,,,,,,,,False,False,0,0.0,0,False,,,,,,False,False
B2500449100000,CYCLONE,2022,2025,RJ,SALAS DE EXIBIÇÃO,FICÇÃO,CINEMA,CINEMA VIA DISTRIBUIDORA,False,1350694.15,1,1.096731,9808609.74582365,1481348.1458236498,1481348.1458236498,8327261.6,True,404.0,True,41.18830399710996,7404.77,64.0,5.0,,,,,,,False,False,0,0.0,0,False,1.0,0.0,,,,False,False
B1900505800000,BILLY E CATARINA,2013,2019,RJ,RADIODIFUSÃO DE SONS E IMAGENS (TV ABERTA),ANIMAÇÃO,PRODAV,PRODAV 01,False,1350140.0,1,1.861311,2513030.43354,2513030.43354,2513030.43354,0.0,False,,False,0.0,,,,,,,,,,False,False,0,0.0,0,False,,,,,,False,False
B1800294900000,EXPEDIÇÃO NORDESTE,2013,2018,BA,RADIODIFUSÃO DE SONS E IMAGENS (TV ABERTA),DOCUMENTÁRIO,PRODAV,PRODAV 01,False,1350000.0,1,1.861311,2512769.85,2512769.85,2512769.85,0.0,False,,False,0.0,,,,,,,,,,False,False,0,0.0,0,False,,,,,,False,False
B2000405700000,NOTURNOS 1ª TEMPORADA,2015,2020,RJ,COMUNICAÇÃO ELETRÔNICA DE MASSA POR ASSINATURA (TV PAGA),FICÇÃO,PRODAV,PRODAV 06,False,1350000.0,1,1.580544,2133734.4,2133734.4,2133734.4,0.0,False,,False,0.0,,,,,,,,,,False,False,0,0.0,0,False,,,,,,False,False
B2000439700000,NOTURNOS 2ª TEMPORADA,2017,2020,RJ,COMUNICAÇÃO ELETRÔNICA DE MASSA POR ASSINATURA (TV PAGA),FICÇÃO,PRODAV,PRODAV 06,False,1350000.0,1,1.444401,1949941.35,1949941.35,1949941.35,0.0,False,,False,0.0,,,,,,,,,,False,False,0,0.0,0,False,,,,,,False,False
B1600142700000,AS AVENTURAS DE FUJIWARA MANCHESTER,2012,2016,SP,RADIODIFUSÃO DE SONS E IMAGENS (TV ABERTA),ANIMAÇÃO,PRODAV,PRODAV 01,False,1348000.0,1,1.971315,2657332.62,2657332.62,2657332.62,0.0,False,,False,0.0,,,,,,,,,,False,False,0,0.0,0,False,,,4.3,,,True,False
B2300200900000,GALERA DA PRAIA,2013,2023,BA,COMUNICAÇÃO ELETRÔNICA DE MASSA POR ASSINATURA (TV PAGA),ANIMAÇÃO,PRODAV,PRODAV 01,False,1345000.0,1,1.861311,2503463.295,2503463.295,2503463.295,0.0,False,,False,0.0,,,,,,,,,,False,False,0,0.0,0,False,,,,,,False,False
B1900421000000,RÁDIO ZOO,2013,2019,SP,COMUNICAÇÃO ELETRÔNICA DE MASSA POR ASSINATURA (TV PAGA),FICÇÃO,PRODAV,PRODAV 02 - PROJETO DERIVADO,False,1344272.67,1,1.861311,2502109.50767037,2502109.50767037,2502109.50767037,0.0,False,,False,0.0,,,,,,,,,,False,False,0,0.0,0,False,,,,,,False,False
B2400508000000,NA SOMBRA DA MANGUEIRA,2016,2024,MG,RADIODIFUSÃO DE SONS E IMAGENS (TV ABERTA),ANIMAÇÃO,PRODAV,PRODAV 02 - PROJETO DERIVADO,False,1343473.0,1,1.487011,1997759.129203,1997759.129203,1997759.129203,0.0,False,,False,0.0,,,,,,,,,,False,False,0,0.0,0,False,,,,,,False,False
B2100408100000,O LIVRO DOS PRAZERES,2013,2021,SP,SALAS DE EXIBIÇÃO,FICÇÃO,PRODECINE,PRODECINE 04,True,2340754.0,3,1.861311,4042634.968494,4356871.168494,3963607.7684939997,0.0,False,6966.0,True,1723.1335637001723,105540.26,626.0,16.0,,,7.0,3.0,,,True,True,2,14.73,2,True,2.0,0.0,,6.1,342.0,False,True
B1900572800000,NOITES DE ALFACE,2016,2019,RJ,SALAS DE EXIBIÇÃO,FICÇÃO,PRODECINE,PRODECINE 02,False,1340595.0,1,1.487011,1993479.5115450001,1993479.5115450001,1993479.5115450001,0.0,False,214.0,True,107.34998717601279,3589.5,142.0,7.0,,,,,,,False,False,0,0.0,0,False,,,4.213,6.5,35.0,True,True
B2600013900000,ECOLOUCOS - UMA COMÉDIA INSUSTENTÁVEL,2016,2026,DF,SALAS DE EXIBIÇÃO,FICÇÃO,ARRANJOS,ARRANJOS REGIONAIS,False,1745500.13,2,1.487011,2463068.88513541,2595577.89381143,2463068.88513541,0.0,False,,False,0.0,,,,,,,,,,False,False,0,0.0,0,False,,,,,,False,False
B1700477300000,DONA FLOR E SEUS DOIS MARIDOS,2013,2017,RJ,SALAS DE EXIBIÇÃO,FICÇÃO,PRODECINE,PRODECINE 04,False,1328471.0,1,1.861311,10818453.685481,2472697.6854809998,2472697.6854809998,8345756.0,True,47258.0,True,4368.27677724618,640772.54,4708.0,38.0,,,,,,,False,False,0,0.0,0,False,,,4.035,5.8,256.0,True,True
B1900487100000,OS PARÇAS 2,2016,2019,SP,SALAS DE EXIBIÇÃO,FICÇÃO,PRODAV,PRODAV 06,False,2204802.5,3,1.487011,7391471.8672454,3278565.5703275003,3214889.8672454,4176582.0,True,1341305.0,True,181466.56364125048,18602352.39,50725.0,302.0,,,,,,,False,False,0,0.0,0,False,,,2.3,3.4,292.0,True,True
B2200349100000,CINE TERROR,2013,2022,SP,COMUNICAÇÃO ELETRÔNICA DE MASSA POR ASSINATURA (TV PAGA),DOCUMENTÁRIO,PRODAV,PRODAV 01,False,1302214.57,1,1.861311,2423826.3035012702,2423826.3035012702,2423826.3035012702,0.0,False,,False,0.0,,,,,,,,,,False,False,0,0.0,0,False,,,,,,False,False
B2200266500000,PORTO PRÍNCIPE,2016,2022,SC,SALAS DE EXIBIÇÃO,FICÇÃO,PRODECINE,PRODECINE 01,False,1300000.0,1,1.487011,1933114.3,1933114.3,1933114.3,0.0,False,258.0,True,133.46339634443757,5528.11,59.0,5.0,,,,,,,False,False,0,0.0,0,False,,,,6.8,22.0,False,True
B2100349700000,A QUEDA,2016,2021,MG,SALAS DE EXIBIÇÃO,FICÇÃO,PRODECINE,PRODECINE 01,False,1300000.0,1,1.487011,1933114.3,1933114.3,1933114.3,0.0,False,354.0,True,183.1241949842283,5932.54,57.0,7.0,,,,,,,False,False,0,0.0,0,False,,,3.895,7.6,49.0,True,True
B2500446200000,AS APARÊNCIAS ENGANAM,2016,2025,SP,SALAS DE EXIBIÇÃO,FICÇÃO,PRODAV,PRODAV 06,False,1533118.43,2,1.487011,10204288.23582592,2279763.96971273,2301568.23582592,7902720.0,True,,False,0.0,,,,,,,,,,False,False,0,0.0,0,False,,,,,,False,False
B2000204300000,AGBARA DUDU - NARRATIVAS NEGRAS,2013,2020,BA,COMUNICAÇÃO ELETRÔNICA DE MASSA POR ASSINATURA (TV PAGA),DOCUMENTÁRIO,PRODAV,PRODAV 01,False,1300000.0,1,1.861311,2419704.3,2419704.3,2419704.3,0.0,False,,False,0.0,,,,,,,,,,False,False,0,0.0,0,False,,,,,,False,False
B1800502000000,DOMINGO,2013,2018,RJ,SALAS DE EXIBIÇÃO,FICÇÃO,PRODECINE,PRODECINE 02,True,1500000.0,2,1.861311,3144246.3999999994,2791966.5,2698143.0999999996,446103.30000000005,True,2684.0,True,853.6226677400348,33607.21,347.0,23.0,,,32.5,13.0,7511.0,10.0,False,False,1,17.17,4,True,2.0,2.0,4.078,7.2,120.0,True,True
B2400128400000,OESTE OUTRA VEZ,2016,2024,GO,SALAS DE EXIBIÇÃO,FICÇÃO,PRODECINE,PRODECINE 01,False,1300000.0,1,1.487011,2429775.974,1933114.3,1933114.3,496661.67400000006,True,12076.0,True,4970.00551870631,188806.9,1019.0,36.0,,,,,,,False,False,0,0.0,0,False,,,,,,False,False
B2300201100000,DERRAPADA,2015,2023,RJ,SALAS DE EXIBIÇÃO,FICÇÃO,PRODECINE,PRODECINE 01,False,1300000.0,1,1.580544,5697884.15,2054707.2,2054707.2,3643176.95,True,454.0,True,79.678699680126,5797.17,214.0,15.0,,,,,,,False,False,0,0.0,0,False,,,,7.1,55.0,False,True
B2400115200000,RURALIDADES,2013,2024,BA,COMUNICAÇÃO ELETRÔNICA DE MASSA POR ASSINATURA (TV PAGA),DOCUMENTÁRIO,PRODAV,PRODAV 01,False,1300000.0,1,1.861311,2419704.3,2419704.3,2419704.3,0.0,False,,False,0.0,,,,,,,,,,False,False,0,0.0,0,False,,,,,,False,False
B2000152800000,"CAFÉ, PEPI E LIMÃO",2015,2020,BA,SALAS DE EXIBIÇÃO,FICÇÃO,PRODECINE,PRODECINE 01,False,1300000.0,1,1.580544,2054707.2,2054707.2,2054707.2,0.0,False,754.0,True,366.9622610949142,11556.5,69.0,4.0,,,,,,,False,False,0,0.0,0,False,,,,,,False,False
B2200224300000,O PARQUE DE ADELIN,2013,2022,GO,VIDEO DOMÉSTICO,ANIMAÇÃO,PRODAV,PRODAV 01,False,1300000.0,1,1.861311,2419704.3,2419704.3,2419704.3,0.0,False,,False,0.0,,,,,,,,,,False,False,0,0.0,0,False,,,,,,False,False
B1900172900000,GRETA,2014,2019,CE,SALAS DE EXIBIÇÃO,FICÇÃO,PRODECINE,PRODECINE 05,False,1690177.5,3,1.749188,2832604.00087,2956438.20087,2832604.00087,0.0,False,8709.0,True,3074.556131857872,108699.87,474.0,17.0,,,27.5,7.0,6629.0,,False,True,2,18.83,2,True,1.0,0.0,,7.5,8582.0,False,True
B1700578900000,CAMPUS SANTO,2013,2016,DF,SALAS DE EXIBIÇÃO,FICÇÃO,PRODECINE,PRODECINE 04,False,1289204.0,1,1.861311,2434593.3464439996,2399609.586444,2399609.586444,34983.76,True,48.0,True,19.715818278280214,1080.0,1.0,1.0,,,,,,,False,False,0,0.0,0,False,,,,,,False,False
B2000321700000,BELATRIX - 1ª TEMPORADA,2013,2020,BA,COMUNICAÇÃO ELETRÔNICA DE MASSA POR ASSINATURA (TV PAGA),ANIMAÇÃO,PRODAV,PRODAV 01,False,1288660.0,1,1.861311,2398597.03326,2398597.03326,2398597.03326,0.0,False,,False,0.0,,,,,,,,,,False,False,0,0.0,0,False,,,,,,False,False
B2500526200000,BABU E OS BICHOS,2018,2025,ES,RADIODIFUSÃO DE SONS E IMAGENS (TV ABERTA),ANIMAÇÃO,ARRANJOS,ARRANJOS REGIONAIS,False,1288000.0,1,1.392194,1793145.872,1793145.872,1793145.872,0.0,False,,False,0.0,,,,,,,,,,False,False,0,0.0,0,False,,,,,,False,False
B1700278800000,EXPRESSO,2013,2017,SP,COMUNICAÇÃO ELETRÔNICA DE MASSA POR ASSINATURA (TV PAGA),DOCUMENTÁRIO,PRODAV,PRODAV 01,False,1280000.0,1,1.861311,2382478.08,2382478.08,2382478.08,0.0,False,,False,0.0,,,,,,,,,,False,False,0,0.0,0,False,,,3.6,,,True,False
B2000497700000,ABE,2018,2020,SP,SALAS DE EXIBIÇÃO,FICÇÃO,FLUXO CONTINUO,FLUXO CONTÍNUO PRODUÇÃO PARA CINEMA,False,2776009.2199999997,3,1.392194,12032528.38002868,3864743.3800286795,4147268.38002868,7885260.0,True,3610.0,True,300.0200694304446,87874.36,701.0,9.0,,,,,,,False,True,1,6.67,0,False,,,,6.2,2662.0,False,True
B1900583000000,SERIAL KELLY,2015,2019,RJ,SALAS DE EXIBIÇÃO,FICÇÃO,PRODAV,PRODAV 06,False,3574608.8699999996,5,1.580544,7933154.13639183,5649826.601825279,5641365.33639183,2291788.8,True,2476.0,True,312.1078901822697,30152.17,366.0,16.0,,,3.0,2.0,,,False,False,0,0.6,1,True,,,,,,False,False
B2300001300000,TODO MUNDO É FILHO DE SANTO,2013,2022,RJ,COMUNICAÇÃO ELETRÔNICA DE MASSA POR ASSINATURA (TV PAGA),DOCUMENTÁRIO,PRODAV,PRODAV 01,False,1266616.0,1,1.861311,2357566.293576,2357566.293576,2357566.293576,0.0,False,,False,0.0,,,,,,,,,,False,False,0,0.0,0,False,,,3.683,,,True,False
B2400488300000,BABY,2022,2024,SP,SALAS DE EXIBIÇÃO,FICÇÃO,PRODUCAO,COPRODUÇÃO INTERNACIONAL CINEMA,True,2165628.0300000003,4,1.096731,3554308.7219637996,2375111.39496993,2646142.0676777596,908166.65428604,True,25993.0,True,7313.095747529366,413643.84,819.0,27.0,,,,,964.0,13.0,False,False,1,16.67,3,True,2.0,5.0,,,,False,False
B2300489900000,RIOS,2013,2023,BA,RADIODIFUSÃO DE SONS E IMAGENS (TV ABERTA),DOCUMENTÁRIO,PRODAV,PRODAV 01,False,1260000.0,1,1.861311,2345251.86,2345251.86,,,False,,False,0.0,,,,,,,,,,False,False,0,0.0,0,False,,,3.938,,,True,False
B1800539200000,SONHO AMERICANO,2013,2018,RS,COMUNICAÇÃO ELETRÔNICA DE MASSA POR ASSINATURA (TV PAGA),DOCUMENTÁRIO,PRODAV,PRODAV 01,False,1260000.0,1,1.861311,2345251.86,2345251.86,2345251.86,0.0,False,,False,0.0,,,,,,,,,,False,False,0,0.0,0,False,,,,,,False,False
B2000070700000,RIOS,2013,2019,BA,RADIODIFUSÃO DE SONS E IMAGENS (TV ABERTA),DOCUMENTÁRIO,PRODAV,PRODAV 01,False,1260000.0,1,1.861311,2345251.86,2345251.86,2345251.86,0.0,False,,False,0.0,,,,,,,,,,False,False,0,0.0,0,False,,,3.938,,,True,False
B2000202100000,POROPOPÓ,2016,2020,RJ,SALAS DE EXIBIÇÃO,FICÇÃO,SAV/MINC 02,SAV/MINC 02,False,1250000.0,1,1.487011,1858763.75,1858763.75,1858763.75,0.0,False,256.0,True,137.72594822768627,2942.55,41.0,1.0,,,,,,,False,False,0,0.0,0,False,,,,,,False,False
B2100262500000,DESPEDIDA,2016,2021,RS,SALAS DE EXIBIÇÃO,FICÇÃO,SAV/MINC 02,SAV/MINC 02,False,1250000.0,1,1.487011,1858763.75,1858763.75,1858763.75,0.0,False,274.0,True,147.40980396244547,3280.76,33.0,4.0,,,,,,,False,False,0,0.0,0,False,,,4.0,7.4,13.0,True,True
B2000484500000,O NOVELO,2016,2020,SP,SALAS DE EXIBIÇÃO,FICÇÃO,SAV/MINC 01,SAV/MINC 01,False,1250000.0,1,1.487011,1858763.75,1858763.75,1858763.75,0.0,False,282.0,True,151.71373984456065,2803.0,26.0,2.0,,,,,,,False,False,0,0.0,0,False,,,,7.1,75.0,False,True
B2200080600000,O PAI DA RITA,2014,2022,SP,SALAS DE EXIBIÇÃO,FICÇÃO,PRODECINE,PRODECINE 01,False,2250000.0,2,1.749188,4978451.5,3935673.0,4047796.0,930655.5,True,1229.0,True,246.86390939029937,18606.65,337.0,13.0,,,7.0,4.0,,,False,False,0,1.4,1,True,,,3.878,5.7,34.0,True,True
B2400390500000,JUVENTUDE VENDIDA,2018,2024,MA,RADIODIFUSÃO DE SONS E IMAGENS (TV ABERTA),FICÇÃO,FLUXO CONTINUO,FLUXO CONTÍNUO PRODUÇÃO PARA TELEVISÃO,False,1250000.0,1,1.392194,1740242.5,1740242.5,1740242.5,0.0,False,,False,0.0,,,,,,,,,,False,False,0,0.0,0,False,,,,,,False,False
B2200012900000,REPRESA,2016,2022,CE,SALAS DE EXIBIÇÃO,FICÇÃO,SAV/MINC 01,SAV/MINC 01,False,1250000.0,1,1.487011,1858763.75,1858763.75,1858763.75,0.0,False,,False,0.0,,,,,,,,,,False,False,0,0.0,0,False,,,,6.8,15.0,False,True
B2600006800000,RELICÁRIO,2022,2026,PR,SALAS DE EXIBIÇÃO,FICÇÃO,PRODUCAO,PRODUÇÃO CINEMA,False,2375000.0,2,1.096731,2937132.0,2604736.1249999995,2937132.0,0.0,False,,False,0.0,,,,,,,,,,False,False,0,0.0,0,False,,,,,,False,False
B1900300800000,BENTO,2016,2019,GO,SALAS DE EXIBIÇÃO,FICÇÃO,SAV/MINC 02,SAV/MINC 02,False,1250000.0,1,1.487011,1858763.75,1858763.75,1858763.75,0.0,False,11.0,True,5.917911837908394,102.0,7.0,1.0,,,,,,,False,False,0,0.0,0,False,,,4.127,7.6,5.0,True,True
B2000142400000,MARES DO DESTERRO,2016,2020,SC,SALAS DE EXIBIÇÃO,FICÇÃO,SAV/MINC 01,SAV/MINC 01,False,1250000.0,1,1.487011,1858763.75,1858763.75,1858763.75,0.0,False,135.0,True,72.62891801069394,1632.84,7.0,1.0,,,,,,,False,False,0,0.0,0,False,,,4.223,,,True,False
B2000402100000,UM DIA COM JERUSA,2016,2020,SP,SALAS DE EXIBIÇÃO,FICÇÃO,SAV/MINC 03,SAV/MINC 03,False,1250000.0,1,1.487011,1858763.75,1858763.75,1858763.75,0.0,False,27.0,True,14.525783602138787,587.33,12.0,2.0,,,,,,,False,False,0,0.0,0,False,,,4.123,6.8,75.0,True,True
B2000292100000,PIRÔCO,2016,2020,AM,SALAS DE EXIBIÇÃO,FICÇÃO,SAV/MINC 02,SAV/MINC 02,False,1250000.0,1,1.487011,1858763.75,1858763.75,1858763.75,0.0,False,,False,0.0,,,,,,,,,,False,False,0,0.0,0,False,,,,,,False,False
B2500412200000,SEM PAI NEM MÃE,2015,2025,SP,SALAS DE EXIBIÇÃO,FICÇÃO,PRODECINE,PRODECINE 01,False,1650000.0,2,1.580544,3858144.2,2607897.6,2675355.2,1182789.0,True,,False,0.0,,,,,,,,,,False,False,0,0.0,0,False,,,,,,False,False
B2400086600000,ENQUANTO O CÉU NÃO ME ESPERA,2016,2024,AM,SALAS DE EXIBIÇÃO,FICÇÃO,SAV/MINC 01,SAV/MINC 01,False,1250000.0,1,1.487011,1858763.75,1858763.75,1858763.75,0.0,False,,False,0.0,,,,,,,,,,False,False,0,0.0,0,False,,,,,,False,False
B2300179900000,NADA,2016,2023,DF,SALAS DE EXIBIÇÃO,FICÇÃO,SAV/MINC 01,SAV/MINC 01,False,1250000.0,1,1.487011,1858763.75,1858763.75,1858763.75,0.0,False,540.0,True,290.51567204277575,3678.5,44.0,5.0,,,,,,,False,False,0,0.0,0,False,,,4.259,,,True,False
B2000378500000,PEQUENOS GUERREIROS,2016,2020,CE,SALAS DE EXIBIÇÃO,FICÇÃO,SAV/MINC 02,SAV/MINC 02,False,1250000.0,1,1.487011,1858763.75,1858763.75,1858763.75,0.0,False,1652.0,True,888.762759656788,14657.56,71.0,8.0,,,,,,,False,False,0,0.0,0,False,,,3.708,7.5,15.0,True,True
B2000386800000,CABEÇA DE NÊGO,2016,2020,CE,SALAS DE EXIBIÇÃO,FICÇÃO,SAV/MINC 03,SAV/MINC 03,False,2094000.0,2,1.487011,3429710.234,3113801.034,3429710.234,0.0,False,2203.0,True,642.3283162993879,26849.5,169.0,11.0,,,,,,,False,False,0,0.0,0,False,,,4.21,7.5,266.0,True,True
B2500330000000,QUASE INVERNO,2018,2025,PR,SALAS DE EXIBIÇÃO,FICÇÃO,ARRANJOS,ARRANJOS REGIONAIS,False,1250000.0,1,1.392194,1740242.5,1740242.5,1740242.5,0.0,False,,False,0.0,,,,,,,,,,False,False,0,0.0,0,False,,,,,,False,False
B2200136500000,FABULOSOS JOÃO E MARIA,2016,2022,SP,SALAS DE EXIBIÇÃO,ANIMAÇÃO,SAV/MINC 02,SAV/MINC 02,False,1250000.0,1,1.487011,1858763.75,1858763.75,1858763.75,0.0,False,1343.0,True,722.5232362100885,11592.21,246.0,4.0,,,,,,,False,False,0,0.0,0,False,,,4.0,,,True,False
B2000312900000,MARTE UM,2016,2020,MG,SALAS DE EXIBIÇÃO,FICÇÃO,SAV/MINC 03,SAV/MINC 03,False,1350000.0,2,1.487011,1997983.15,2007464.85,1997983.15,0.0,False,103961.0,True,52032.97134913276,1742582.97,3754.0,27.0,,,52.0,21.0,740.0,,True,False,2,23.73,2,True,1.0,0.0,3.907,7.4,2604.0,True,True
B1900209700000,PACARRETE,2016,2019,CE,SALAS DE EXIBIÇÃO,FICÇÃO,SAV/MINC 01,SAV/MINC 01,False,1250000.0,1,1.487011,1858763.75,1858763.75,1858763.75,0.0,False,4511.0,True,2426.881845527706,63538.33,605.0,20.0,,,41.5,15.0,,,False,True,1,14.97,1,True,,,4.0,7.2,462.0,True,True
B2000230700000,NAS ONDAS DA FÉ,2018,2020,RJ,SALAS DE EXIBIÇÃO,FICÇÃO,COMERCIALIZAÇÃO - OPÇÃO ,COMERCIALIZAÇÃO - OPÇÃO DE INVESTIMENTO EM COMERCIALIZAÇÃO,False,1248812.2,1,1.392194,6986152.8519668,1738588.8519668,1738588.8519668,5247564.0,True,37493.0,True,5366.759186988681,686276.99,7426.0,190.0,,,,,,,False,False,0,0.0,0,False,,,3.786,,,True,False
B1800029600000,O OLHO E A FACA,2013,2017,SP,SALAS DE EXIBIÇÃO,FICÇÃO,PRODECINE,PRODECINE 04,False,2445630.0,3,1.861311,9044547.99693,4552078.02093,4969667.063929999,4074880.9329999997,True,1516.0,True,167.61478854604758,21077.59,267.0,12.0,,,,,,,False,False,0,0.0,0,False,,,,5.7,95.0,False,True
B1800145300000,A TORRE,2018,2018,MG,SALAS DE EXIBIÇÃO,FICÇÃO,DESEMPENHO,SUPORTE AUTOMÁTICO - DESEMPENHO COMERCIAL CINEMA,False,2142316.04,2,1.392194,4549223.05263154,2982519.53699176,3403033.86254473,1146189.19008681,True,48.0,True,10.55125225663181,,42.0,3.0,,,,,,,False,False,0,0.0,0,False,,,2.9,,,True,False
B1900513800000,NÃO VAMOS PAGAR NADA,2016,2019,RJ,SALAS DE EXIBIÇÃO,FICÇÃO,PRODAV,PRODAV 06,False,1245817.87,1,1.487011,6607771.516465571,1852544.8766865702,1852544.8766865702,4755226.639779,True,675.0,True,102.15244251681551,10563.39,130.0,4.0,,,,,,,False,False,0,0.0,0,False,,,,5.2,216.0,False,True
B1900049200000,GUERREIROS DA FLORESTA,2016,2018,SP,COMUNICAÇÃO ELETRÔNICA DE MASSA POR ASSINATURA (TV PAGA),DOCUMENTÁRIO,PRODAV,PRODAV 02 - PROJETO DERIVADO,False,1242747.0,1,1.487011,1847978.459217,1847978.459217,1847978.459217,0.0,False,,False,0.0,,,,,,,,,,False,False,0,0.0,0,False,,,4.0,,,True,False
B2100406300000,ROTA DAS EMOÇÕES,2013,2021,BA,RADIODIFUSÃO DE SONS E IMAGENS (TV ABERTA),DOCUMENTÁRIO,PRODAV,PRODAV 01,False,1240000.0,1,1.861311,2308025.64,2308025.64,2308025.64,0.0,False,,False,0.0,,,,,,,,,,False,False,0,0.0,0,False,,,,,,False,False
B1500873900000,ATRAVÉS DA SOMBRA,2009,2015,RJ,SALAS DE EXIBIÇÃO,FICÇÃO,PRODECINE,PRODECINE 02,False,1440000.0,2,2.353382,6779999.1178,3388870.0799999996,3215595.88,3564403.2378000002,True,6655.0,True,981.5635495479887,97221.51,439.0,8.0,,,,,,,False,False,0,0.0,0,False,,,2.6,5.0,326.0,True,True
B1402146300000,PRAIA DO FUTURO,2012,2014,SP,INDEFINIDO,FICÇÃO,PRODECINE,PRODECINE 04,True,2234348.0,2,1.971315,13537614.46937828,4404603.72762,4786670.72762,8750943.74175828,True,132389.0,True,9779.34482470751,1728214.85,8.0,1.0,,,,,,,True,False,1,6.67,1,True,,,3.1,6.3,3642.0,True,True
B2200250200000,NOITES ALIENÍGENAS,2016,2022,AC,SALAS DE EXIBIÇÃO,FICÇÃO,SAV/MINC 01,SAV/MINC 01,False,1231960.0,1,1.487011,1831938.07156,1831938.07156,1831938.07156,0.0,False,6963.0,True,3800.8926765033098,105120.87,538.0,15.0,,,20.0,6.0,,,False,False,0,4.0,1,True,,,3.575,6.7,353.0,True,True
B1800097300000,MEIO IRMÃO,2013,2018,SP,SALAS DE EXIBIÇÃO,FICÇÃO,PRODECINE,PRODECINE 05,False,1220019.0,1,1.861311,3157926.534909,2270834.784909,2270834.784909,887091.75,True,1236.0,True,391.39605888128017,14948.1,186.0,13.0,,,5.5,2.0,,,False,False,0,1.1,1,True,,,,5.8,160.0,False,True
B2300551000000,SAUDOSA MALOCA,2021,2023,SP,SALAS DE EXIBIÇÃO,FICÇÃO,COMPLEMENTAÇÃO,COMPLEMENTAÇÃO,False,1412734.78,2,1.160232,6992510.483591519,1639100.0992689598,1639100.0992689598,5353410.384322559,True,21054.0,True,3010.9357789888027,365742.72,1346.0,44.0,,,,,,,False,False,0,0.0,0,False,,,4.165,7.0,354.0,True,True
B1900545200000,DESTERRO,2014,2019,SP,SALAS DE EXIBIÇÃO,FICÇÃO,PRODECINE,PRODECINE 05,True,1306500.0,2,1.749188,2249614.722,2285314.122,2249614.722,0.0,False,804.0,True,357.39453166683177,7923.35,125.0,9.0,,,,,,,False,False,0,0.0,1,True,1.0,0.0,,5.4,155.0,False,True
B1800466200000,GUERRA DE ALGODÃO,2013,2018,BA,SALAS DE EXIBIÇÃO,FICÇÃO,PRODECINE,PRODECINE 01,False,1556546.0,2,1.861311,2897216.1918059997,2897216.1918059997,2897216.1918059997,0.0,False,149.0,True,51.42867847467048,2580.96,87.0,7.0,,,,,,,False,False,0,0.0,0,False,,,4.03,,,True,False
B2500254900000,"COMER, BEBER E APRENDER",2022,2025,RS,COMUNICAÇÃO ELETRÔNICA DE MASSA POR ASSINATURA (TV PAGA),FICÇÃO,PRODUCAO,PRODUÇÃO TV-VOD,False,1200000.0,1,1.096731,1316077.2,1316077.2,1316077.2,0.0,False,,False,0.0,,,,,,,,,,False,False,0,0.0,0,False,,,,,,False,False
B1900526700000,ÁGUA DE PLANTAR,2016,2020,MG,COMUNICAÇÃO ELETRÔNICA DE MASSA POR ASSINATURA (TV PAGA),DOCUMENTÁRIO,PRODAV,PRODAV 02 - PROJETO DERIVADO,False,1200000.0,1,1.487011,1784413.2000000002,1784413.2000000002,1784413.2000000002,0.0,False,,False,0.0,,,,,,,,,,False,False,0,0.0,0,False,,,,,,False,False
B2100269300000,HACKERS X CRACKERS,2013,2021,SP,COMUNICAÇÃO ELETRÔNICA DE MASSA POR ASSINATURA (TV PAGA),DOCUMENTÁRIO,PRODAV,PRODAV 01,False,1414728.65,2,1.861311,2543727.47678865,2633249.9982601497,2543727.47678865,0.0,False,,False,0.0,,,,,,,,,,False,False,0,0.0,0,False,,,,,,False,False
B2500460500000,ESCONDERIJO DOS GIGANTES,2016,2025,CE,SALAS DE EXIBIÇÃO,ANIMAÇÃO,ARRANJOS,ARRANJOS REGIONAIS,False,1200000.0,1,1.487011,1784413.2000000002,1784413.2000000002,1784413.2000000002,0.0,False,,False,0.0,,,,,,,,,,False,False,0,0.0,0,False,,,,,,False,False
B1900429200000,SUBMERSOS,2013,2019,SC,COMUNICAÇÃO ELETRÔNICA DE MASSA POR ASSINATURA (TV PAGA),FICÇÃO,PRODAV,PRODAV 01,True,1200000.0,1,1.861311,3125210.9359182296,2233573.1999999997,2233573.1999999997,891637.73591823,True,,False,0.0,,,,,,,,,,False,False,0,0.0,1,True,,,,,,False,False
B2400528800000,PORTÃO MÁGICO,2018,2024,BA,RADIODIFUSÃO DE SONS E IMAGENS (TV ABERTA),ANIMAÇÃO,PRODAV,PRODAV - TVS PÚBLICAS,False,1200000.0,1,1.392194,1670632.7999999998,1670632.7999999998,1670632.7999999998,0.0,False,,False,0.0,,,,,,,,,,False,False,0,0.0,0,False,,,,,,False,False
B1500585100000,QUE HORAS ELA VOLTA?,2013,2015,SP,SALAS DE EXIBIÇÃO,FICÇÃO,PRODECINE,PRODECINE 02,False,1200000.0,1,1.861311,6611027.46,2233573.1999999997,2233573.1999999997,4377454.26,True,489904.0,True,74104.06369723353,6881297.79,13.0,4.0,,,,,457159.0,,True,True,3,20.0,1,True,2.0,0.0,4.4,7.8,19176.0,True,True
B1700014500000,TADINHA,2012,2016,BA,RADIODIFUSÃO DE SONS E IMAGENS (TV ABERTA),ANIMAÇÃO,PRODAV,PRODAV 01,False,1200000.0,1,1.971315,2365578.0,2365578.0,2365578.0,0.0,False,,False,0.0,,,,,,,,,,False,False,0,0.0,0,False,,,,,,False,False
B2100075900000,A RUPTURA,2017,2021,RJ,SALAS DE EXIBIÇÃO,DOCUMENTÁRIO,PRODAV,PRODAV 06,False,1200000.0,1,1.444401,1733281.2,1733281.2,1733281.2,0.0,False,28.0,True,16.15433202644787,204.75,13.0,1.0,,,,,,,False,False,0,0.0,0,False,,,,,,False,False
B2400321300000,PALALOOS,2018,2024,ES,RADIODIFUSÃO DE SONS E IMAGENS (TV ABERTA),ANIMAÇÃO,PRODAV,PRODAV - TVS PÚBLICAS,False,1200000.0,1,1.392194,1670632.7999999998,1670632.7999999998,1670632.7999999998,0.0,False,,False,0.0,,,,,,,,,,False,False,0,0.0,0,False,,,,,,False,False
B2200307700000,O ALECRIM E O SONHO,2016,2022,RN,SALAS DE EXIBIÇÃO,FICÇÃO,PRODECINE,PRODECINE 01,False,1200000.0,1,1.487011,1784413.2000000002,1784413.2000000002,1784413.2000000002,0.0,False,299.0,True,167.5620870771411,1984.0,14.0,2.0,,,,,,,False,False,0,0.0,0,False,,,3.4,7.8,10.0,True,True
B1600003800000,CONDOMINIO JAQUELINE,2010,2015,SP,COMUNICAÇÃO ELETRÔNICA DE MASSA POR ASSINATURA (TV PAGA),FICÇÃO,PRODAV,PRODAV 01,False,1200000.0,1,2.222058,3578465.3500318,2666469.6,2666469.6,911995.7500317999,True,,False,0.0,,,,,,,,,,False,False,0,0.0,0,False,,,,,,False,False
B2300502400000,CHAMA A BEBEL,2018,2023,RS,SALAS DE EXIBIÇÃO,FICÇÃO,ARRANJOS,ARRANJOS REGIONAIS,False,1600000.0,2,1.392194,2227510.4,2227510.4,2227510.4,0.0,False,8080.0,True,3627.3680248586047,149305.83,2988.0,106.0,,,,,,,False,False,0,0.0,0,False,,,,6.6,26.0,False,True
B2400480700000,NÃO ESTAMOS SONHANDO,2018,2024,AL,SALAS DE EXIBIÇÃO,FICÇÃO,ARRANJOS,ARRANJOS REGIONAIS,False,1413000.0,2,1.392194,1967170.1219999997,1967170.122,1967170.1219999997,0.0,False,,False,0.0,,,,,,,,,,False,False,0,0.0,0,False,,,,,,False,False
B1900410500000,TRÊS VERÕES,2014,2019,RJ,SALAS DE EXIBIÇÃO,FICÇÃO,SAV/MINC 03,SAV/MINC 03,True,1200000.0,1,1.749188,2099025.6,2099025.6,2099025.6,0.0,False,399.0,True,190.0882009252293,15545.64,26.0,9.0,,,27.0,8.0,,,True,False,1,12.07,2,True,,,,6.4,654.0,False,True
B2500165400000,MASSINHAS,2018,2025,TO,RADIODIFUSÃO DE SONS E IMAGENS (TV ABERTA),ANIMAÇÃO,PRODAV,PRODAV - TVS PÚBLICAS,False,1200000.0,1,1.392194,1670632.7999999998,1670632.7999999998,1670632.7999999998,0.0,False,,False,0.0,,,,,,,,,,False,False,0,0.0,0,False,,,,,,False,False
B2300063500000,GRUTA DO LAGO AZUL,2018,2023,SP,COMUNICAÇÃO ELETRÔNICA DE MASSA POR ASSINATURA (TV PAGA),DOCUMENTÁRIO,FLUXO CONTINUO,FLUXO CONTÍNUO PRODUÇÃO PARA TELEVISÃO,False,1199990.0,1,1.392194,1670618.87806,1670618.87806,1670618.87806,0.0,False,,False,0.0,,,,,,,,,,False,False,0,0.0,0,False,,,,,,False,False
B1900201100000,SEMPRE POA,2013,2018,SP,COMUNICAÇÃO ELETRÔNICA DE MASSA POR ASSINATURA (TV PAGA),FICÇÃO,PRODAV,PRODAV 01,False,1199893.33,1,1.861311,2233374.65395563,2233374.65395563,2233374.65395563,0.0,False,,False,0.0,,,,,,,,,,False,False,0,0.0,0,False,,,,,,False,False
B1800485500000,VIVER DO RISO,2013,2018,SP,COMUNICAÇÃO ELETRÔNICA DE MASSA POR ASSINATURA (TV PAGA),DOCUMENTÁRIO,PRODAV,PRODAV 01,False,1197020.0,1,1.861311,2228026.49322,2228026.49322,2228026.49322,0.0,False,,False,0.0,,,,,,,,,,False,False,0,0.0,0,False,,,,,,False,False
B1800285700000,TUDO POR UM POP STAR,2013,2018,RJ,SALAS DE EXIBIÇÃO,FICÇÃO,PRODECINE,PRODECINE 04,False,3150304.89,3,1.861311,8791433.69688379,5863697.14511079,5222607.29688379,3568826.4000000004,True,1201144.0,True,136626.63467799994,15763318.4,63780.0,336.0,,,,,,,False,False,0,0.0,0,False,,,3.45,4.7,414.0,True,True
B1700053400000,ASTROBALDO,2014,2016,CE,RADIODIFUSÃO DE SONS E IMAGENS (TV ABERTA),ANIMAÇÃO,PRODAV,PRODAV 09,False,1183000.0,1,1.749188,2069289.4039999999,2069289.4039999999,2069289.4039999999,0.0,False,,False,0.0,,,,,,,,,,False,False,0,0.0,0,False,,,,,,False,False
B1700071900000,BELA CRIATIVA,2014,2016,PE,RADIODIFUSÃO DE SONS E IMAGENS (TV ABERTA),ANIMAÇÃO,PRODAV,PRODAV 09,False,1180500.0,1,1.749188,2064916.434,2064916.434,2064916.434,0.0,False,,False,0.0,,,,,,,,,,False,False,0,0.0,0,False,,,,,,False,False
B2400004500000,VIRTUDE,2016,2024,CE,COMUNICAÇÃO ELETRÔNICA DE MASSA POR ASSINATURA (TV PAGA),FICÇÃO,PRODAV,PRODAV 02 - PROJETO DERIVADO,False,1169701.95,1,1.487011,1739359.66637145,1739359.66637145,1739359.66637145,0.0,False,,False,0.0,,,,,,,,,,False,False,0,0.0,0,False,,,,,,False,False
B1201614100000,TEIMOSIA DA IMAGINAÇÃO,2008,2011,SP,INDEFINIDO,DOCUMENTÁRIO,PRODAV,PRODAV 01,False,1169080.0,1,2.454812,2869871.61296,2869871.61296,2869871.61296,0.0,False,,False,0.0,,,,,,,,,,False,False,0,0.0,0,False,,,3.348,,,True,False
B1800166700000,ALÉM DO HOMEM,2016,2018,SP,SALAS DE EXIBIÇÃO,FICÇÃO,PRODECINE,PRODECINE 02,False,2495163.75,3,1.487011,6724589.4553841995,3710335.94305125,4058119.8553842,2666469.6,True,2841.0,True,422.47932291617997,47539.01,719.0,13.0,,,,,,,False,False,0,0.0,0,False,,,4.6,6.0,75.0,True,True
B2000100300000,PASSAGEM SECRETA,2016,2020,PR,SALAS DE EXIBIÇÃO,FICÇÃO,SAV/MINC 02,SAV/MINC 02,False,1162960.0,1,1.487011,1729334.31256,1729334.31256,1729334.31256,0.0,False,58.0,True,33.538917014917935,1241.16,42.0,5.0,,,,,,,False,False,0,0.0,0,False,,,,6.2,47.0,False,True
B2500039400000,MARGEADO,2018,2025,ES,SALAS DE EXIBIÇÃO,FICÇÃO,ARRANJOS,ARRANJOS REGIONAIS,False,1150000.0,1,1.392194,1601023.0999999999,1601023.0999999999,1601023.0999999999,0.0,False,,False,0.0,,,,,,,,,,False,False,0,0.0,0,False,,,,,,False,False
B1301987400000,O FIM E OS MEIOS,2009,2012,RJ,INDEFINIDO,FICÇÃO,PRODECINE,PRODECINE 01,False,1700000.0,3,2.353382,5068611.75,4000749.4,3768611.75,1300000.0,True,,False,0.0,,,,,,,,,,False,False,0,0.0,0,False,,,3.4,,,True,False
B1402332500000,TRINTA,2009,2014,SP,SALAS DE EXIBIÇÃO,FICÇÃO,PRODECINE,PRODECINE 01,False,1150000.0,1,2.353382,12631763.764707997,2706389.3,2706389.3,9925374.464707999,True,21811.0,True,1726.6789029840754,286907.0,,,,,,,,,False,False,0,0.0,0,False,,,,6.6,234.0,False,True
B2500336300000,A VIDA SECRETA DAS GAMBIARRAS,2016,2025,PE,RADIODIFUSÃO DE SONS E IMAGENS (TV ABERTA),FICÇÃO,PRODAV,PRODAV 02 - PROJETO DERIVADO,False,1144000.0,1,1.487011,1701140.584,1701140.584,1701140.584,0.0,False,,False,0.0,,,,,,,,,,False,False,0,0.0,0,False,,,,,,False,False
B1402163900000,QUERO TER UM MILHÃO DE AMIGOS.,2012,2014,SP,INDEFINIDO,FICÇÃO,PRODAV,PRODAV 01,False,1143776.39,1,1.971315,2254743.55425285,2254743.55425285,2254743.55425285,0.0,False,,False,0.0,,,,,,,,,,False,False,0,0.0,0,False,,,3.965,,,True,False
B1600477000000,"ERNESTO, O EXTERMINADOR DE SERES MONSTRUOSOS E OUTRAS PORCARIAS",2012,2015,RJ,RADIODIFUSÃO DE SONS E IMAGENS (TV ABERTA),FICÇÃO,PRODAV,PRODAV 01,True,1137720.0,1,1.971315,2242804.5017999997,2242804.5017999997,2242804.5017999997,0.0,False,,False,0.0,,,,,,,,,,False,False,0,0.0,1,True,,,,,,False,False
B1900205500000,O OUTRO LADO DA MEMÓRIA,2014,2019,DF,SALAS DE EXIBIÇÃO,DOCUMENTÁRIO,PRODECINE,PRODECINE 05,False,1133000.0,1,1.749188,1981830.004,1981830.004,1981830.004,0.0,False,11.0,True,5.550425605525347,,3.0,2.0,,,,,,,False,False,0,0.0,0,False,,,3.77,,,True,False
B1600107600000,EM NOME DA LEI,2014,2015,RJ,SALAS DE EXIBIÇÃO,FICÇÃO,ARRANJOS,ARRANJOS REGIONAIS,False,1831960.08,2,1.749188,10281096.93841504,3204442.58841504,3282928.6884150403,6998168.25,True,231323.0,True,22499.83648492486,3196720.0,180.0,27.0,,,,,,,False,False,0,0.0,0,False,,,4.3,6.1,241.0,True,True
B1700036400000,POLTRONA 27,2013,2017,RJ,COMUNICAÇÃO ELETRÔNICA DE MASSA POR ASSINATURA (TV PAGA),FICÇÃO,PRODAV,PRODAV 01,False,1131350.0,1,1.861311,2105794.19985,2105794.19985,2105794.19985,0.0,False,,False,0.0,,,,,,,,,,False,False,0,0.0,0,False,,,,,,False,False
B2400330900000,CONTINENTE,2018,2024,RS,SALAS DE EXIBIÇÃO,FICÇÃO,ARRANJOS,ARRANJOS REGIONAIS,True,1125000.0,1,1.392194,1566218.25,1566218.25,1566218.25,0.0,False,1178.0,True,752.1301708749722,12946.21,262.0,17.0,,,,,,1.0,False,False,0,2.0,2,True,1.0,1.0,,,,False,False
B2500197800000,NEM TODA HISTÓRIA DE AMOR ACABA EM MORTE,2018,2025,PR,SALAS DE EXIBIÇÃO,FICÇÃO,ARRANJOS,ARRANJOS REGIONAIS,False,1124314.0,1,1.392194,1565263.204916,1565263.204916,1565263.204916,0.0,False,,False,0.0,,,,,,,,,,False,False,0,0.0,0,False,,,,,,False,False
B1800612900000,O ÚLTIMO JOGO,2013,2018,BA,SALAS DE EXIBIÇÃO,FICÇÃO,PRODECINE,PRODECINE 04,True,1222173.0,2,1.861311,2315391.748803,2274844.048803,2227932.348803,0.0,False,81.0,True,34.98328092508535,2132.67,67.0,5.0,,,,,,,False,False,0,0.0,1,True,2.0,0.0,4.6,,,True,False
B1800559700000,TUNADAS,2013,2018,SP,COMUNICAÇÃO ELETRÔNICA DE MASSA POR ASSINATURA (TV PAGA),DOCUMENTÁRIO,PRODAV,PRODAV 01,False,1120000.0,1,1.861311,2084668.3199999998,2084668.3199999998,2084668.3199999998,0.0,False,,False,0.0,,,,,,,,,,False,False,0,0.0,0,False,,,,,,False,False
B2300445300000,À MESA,2013,2023,SP,COMUNICAÇÃO ELETRÔNICA DE MASSA POR ASSINATURA (TV PAGA),FICÇÃO,PRODAV,PRODAV 01,False,1118260.0,1,1.861311,2081429.6388599998,2081429.6388599998,2081429.6388599998,0.0,False,,False,0.0,,,,,,,,,,False,False,0,0.0,0,False,,,,,,False,False
B2000324500000,HQUEM A ARTE DE DESENHAR HISTÓRIAS,2013,2020,RJ,COMUNICAÇÃO ELETRÔNICA DE MASSA POR ASSINATURA (TV PAGA),DOCUMENTÁRIO,PRODAV,PRODAV 01,False,1117470.0,1,1.861311,2079959.2031699999,2079959.2031699999,2079959.2031699999,0.0,False,,False,0.0,,,,,,,,,,False,False,0,0.0,0,False,,,3.413,,,True,False
B1800587600000,GUERRAS DO BRASIL.DOC,2013,2018,SP,RADIODIFUSÃO DE SONS E IMAGENS (TV ABERTA),DOCUMENTÁRIO,PRODAV,PRODAV 01,False,1115000.0,1,1.861311,2075361.765,2075361.765,2075361.765,0.0,False,,False,0.0,,,,,,,,,,False,False,0,0.0,0,False,,,4.343,,,True,False
B2400125100000,O BALDIO SOM DE DEUS,2016,2024,MA,COMUNICAÇÃO ELETRÔNICA DE MASSA POR ASSINATURA (TV PAGA),FICÇÃO,PRODAV,PRODAV 02 - PROJETO DERIVADO,False,1100000.0,1,1.487011,1635712.1,1635712.1,1635712.1,0.0,False,,False,0.0,,,,,,,,,,False,False,0,0.0,0,False,,,,,,False,False
B2000364100000,O CEMITÉRIO DAS ALMAS PERDIDAS,2016,2020,ES,SALAS DE EXIBIÇÃO,FICÇÃO,PRODECINE,PRODECINE 01,False,1700000.0,2,1.487011,2584038.5,2527918.7,2584038.5,0.0,False,62.0,True,23.993450561978854,1366.98,28.0,1.0,,,,,,,False,False,0,0.0,0,False,,,2.975,5.8,252.0,True,True
B2100366200000,BALACLAVA,2016,2021,BA,COMUNICAÇÃO ELETRÔNICA DE MASSA POR ASSINATURA (TV PAGA),FICÇÃO,PRODAV,PRODAV 02 - PROJETO DERIVADO,False,1100000.0,1,1.487011,1635712.1,1635712.1,1635712.1,0.0,False,,False,0.0,,,,,,,,,,False,False,0,0.0,0,False,,,,,,False,False
B2400176100000,"AH, QUER SABER?!",2016,2024,CE,COMUNICAÇÃO ELETRÔNICA DE MASSA POR ASSINATURA (TV PAGA),FICÇÃO,PRODAV,PRODAV 02 - PROJETO DERIVADO,False,1083107.96,1,1.487011,1610593.45070756,1610593.45070756,1610593.45070756,0.0,False,,False,0.0,,,,,,,,,,False,False,0,0.0,0,False,,,,,,False,False
B2400045600000,MEMÓRIAS DO BRASIL - 2ª TEMPORADA,2018,2024,BA,COMUNICAÇÃO ELETRÔNICA DE MASSA POR ASSINATURA (TV PAGA),DOCUMENTÁRIO,FLUXO CONTINUO,FLUXO CONTÍNUO PRODUÇÃO PARA TELEVISÃO,False,1060000.0,1,1.392194,1475725.64,1475725.64,1475725.64,0.0,False,,False,0.0,,,,,,,,,,False,False,0,0.0,0,False,,,,,,False,False
B2100529600000,LOBO DO LOBO,2013,2021,PE,COMUNICAÇÃO ELETRÔNICA DE MASSA POR ASSINATURA (TV PAGA),DOCUMENTÁRIO,PRODAV,PRODAV 01,False,1059322.0,1,1.861311,1971727.691142,1971727.691142,1971727.691142,0.0,False,,False,0.0,,,,,,,,,,False,False,0,0.0,0,False,,,3.77,,,True,False
B2100322200000,MEU CLOSET É UM MUNDO,2013,2021,BA,COMUNICAÇÃO ELETRÔNICA DE MASSA POR ASSINATURA (TV PAGA),DOCUMENTÁRIO,PRODAV,PRODAV 01,False,1050000.0,1,1.861311,1954376.55,1954376.55,1954376.55,0.0,False,,False,0.0,,,,,,,,,,False,False,0,0.0,0,False,,,3.6,,,True,False
B1800536000000,THE CLEANERS,2013,2018,SP,COMUNICAÇÃO ELETRÔNICA DE MASSA POR ASSINATURA (TV PAGA),DOCUMENTÁRIO,PRODAV,PRODAV 01,True,1050000.0,1,1.861311,1954376.55,1954376.55,1954376.55,0.0,False,428.0,True,218.99566897689186,7749.0,34.0,2.0,,,,,,,False,False,0,0.0,1,True,,,,7.1,1925.0,False,True
B2500137000000,HISTÓRIAS ATRÁS DA PORTA,2018,2025,RS,COMUNICAÇÃO ELETRÔNICA DE MASSA POR ASSINATURA (TV PAGA),ANIMAÇÃO,PRODAV,PRODAV - TVS PÚBLICAS,False,1250000.0,2,1.392194,1740242.5,1740242.5,1740242.5,0.0,False,,False,0.0,,,,,,,,,,False,False,0,0.0,0,False,,,,,,False,False
B2000264800000,"AMÉLIO, O HOMEM DE VERDADE",2016,2020,RS,COMUNICAÇÃO ELETRÔNICA DE MASSA POR ASSINATURA (TV PAGA),FICÇÃO,PRODAV,PRODAV 02 - PROJETO DERIVADO,False,1050000.0,1,1.487011,1561361.55,1561361.55,1561361.55,0.0,False,,False,0.0,,,,,,,,,,False,False,0,0.0,0,False,,,4.3,,,True,False
B1700537500000,ASDRUBAL TROUXE O TROMBONE,2013,2017,RJ,COMUNICAÇÃO ELETRÔNICA DE MASSA POR ASSINATURA (TV PAGA),DOCUMENTÁRIO,PRODAV,PRODAV 01,False,1364720.5,2,1.861311,2504881.871954,2540169.2785755,2504881.871954,0.0,False,,False,0.0,,,,,,,,,,False,False,0,0.0,0,False,,,,,,False,False
B2500140800000,HEROÍNAS NEGRAS BRASILEIRAS,2018,2025,MG,RADIODIFUSÃO DE SONS E IMAGENS (TV ABERTA),ANIMAÇÃO,PRODAV,PRODAV - TVS PÚBLICAS,False,1050000.0,1,1.392194,1461803.7,1461803.7,1461803.7,0.0,False,,False,0.0,,,,,,,,,,False,False,0,0.0,0,False,,,,,,False,False
B2400464600000,SONHOS E SAPATILHAS,2018,2024,PB,RADIODIFUSÃO DE SONS E IMAGENS (TV ABERTA),ANIMAÇÃO,PRODAV,PRODAV - TVS PÚBLICAS,False,1050000.0,1,1.392194,1461803.7,1461803.7,1461803.7,0.0,False,,False,0.0,,,,,,,,,,False,False,0,0.0,0,False,,,,,,False,False
B2500435300000,NINGUÉM PODE PROVAR NADA - A INACREDITÁVEL HISTÓRIA DE EZEQUIEL NEVES,2022,2025,RJ,COMUNICAÇÃO ELETRÔNICA DE MASSA POR ASSINATURA (TV PAGA),DOCUMENTÁRIO,PRODUCAO,PRODUÇÃO TV-VOD,False,1148000.0,2,1.096731,1307428.488,1259047.1879999998,1307428.488,0.0,False,,False,0.0,,,,,,,,,,False,False,0,0.0,0,False,,,,,,False,False
B1800299500000,MAKING OF,2013,2018,SP,COMUNICAÇÃO ELETRÔNICA DE MASSA POR ASSINATURA (TV PAGA),FICÇÃO,PRODAV,PRODAV 01,False,1047636.0,1,1.861311,2345131.5350285,1949976.410796,1949976.410796,395155.1242325,True,,False,0.0,,,,,,,,,,False,False,0,0.0,0,False,,,,,,False,False
B2500486200000,AS BENZEDEIRAS,2022,2025,MG,SALAS DE EXIBIÇÃO,DOCUMENTÁRIO,NOVOS REALIZADORES,CINEMA NOVOS REALIZADORES,False,1046500.0,1,1.096731,1147728.9915,1147728.9915,1147728.9915,0.0,False,,False,0.0,,,,,,,,,,False,False,0,0.0,0,False,,,,,,False,False
B2000060300000,LINHAS DO TEMPO - MODA E TENDÊNCIAS QUE NÃO PASSAM,2013,2020,RJ,COMUNICAÇÃO ELETRÔNICA DE MASSA POR ASSINATURA (TV PAGA),DOCUMENTÁRIO,PRODAV,PRODAV 01,False,1045970.0,1,1.861311,1946875.46667,1946875.46667,1946875.46667,0.0,False,,False,0.0,,,,,,,,,,False,False,0,0.0,0,False,,,3.648,,,True,False
B2000064200000,SANKOFA A AFRICA QUE TE HABITA,2013,2020,RJ,COMUNICAÇÃO ELETRÔNICA DE MASSA POR ASSINATURA (TV PAGA),DOCUMENTÁRIO,PRODAV,PRODAV 01,False,1045750.0,1,1.861311,1946465.97825,1946465.97825,1946465.97825,0.0,False,,False,0.0,,,,,,,,,,False,False,0,0.0,0,False,,,,,,False,False
B2000335200000,MEU TIO JOSÉ,2015,2020,BA,SALAS DE EXIBIÇÃO,ANIMAÇÃO,ARRANJOS,ARRANJOS REGIONAIS,False,1042033.0,1,1.580544,1646979.005952,1646979.005952,1646979.005952,0.0,False,375.0,True,227.6896054198575,5542.8,62.0,7.0,,,20.0,4.0,,,False,False,0,4.0,1,True,,,3.375,6.7,98.0,True,True
B2400322100000,ESPIRAL,2015,2024,RS,SALAS DE EXIBIÇÃO,FICÇÃO,ARRANJOS,ARRANJOS REGIONAIS,False,1542033.0,2,1.580544,2343076.0059519997,2437251.005952,2343076.0059519997,0.0,False,443.0,True,189.06770368296594,3286.0,11.0,1.0,,,,,,,False,False,0,0.0,0,False,,,,,,False,False
B1800396800000,ARQUITETOS,2013,2015,SP,COMUNICAÇÃO ELETRÔNICA DE MASSA POR ASSINATURA (TV PAGA),DOCUMENTÁRIO,PRODAV,PRODAV 02 - PROJETO DERIVADO,False,1041853.0,1,1.861311,1939212.4492829998,1939212.4492829998,1939212.4492829998,0.0,False,,False,0.0,,,,,,,,,,False,False,0,0.0,0,False,,,,,,False,False
B2200496800000,O FUTURO DA ENERGIA,2013,2022,SP,COMUNICAÇÃO ELETRÔNICA DE MASSA POR ASSINATURA (TV PAGA),DOCUMENTÁRIO,PRODAV,PRODAV 01,False,1036000.0,1,1.861311,1928318.196,1928318.196,1928318.196,0.0,False,,False,0.0,,,,,,,,,,False,False,0,0.0,0,False,,,3.87,,,True,False
B2000192900000,OPERAÇÃO PEDRO PAN,2013,2020,SP,COMUNICAÇÃO ELETRÔNICA DE MASSA POR ASSINATURA (TV PAGA),DOCUMENTÁRIO,PRODAV,PRODAV 01,False,1194916.84,2,1.861311,2156892.69196284,2224111.85837724,2156892.69196284,0.0,False,,False,0.0,,,,,,,,,,False,False,0,0.0,0,False,,,,7.6,9.0,False,True
B2500200200000,DA NASCENTE À FOZ - SEGUNDA TEMPORADA,2022,2025,SP,COMUNICAÇÃO ELETRÔNICA DE MASSA POR ASSINATURA (TV PAGA),DOCUMENTÁRIO,PRODUCAO,PRODUÇÃO TV-VOD,False,1022780.0,1,1.096731,1121714.5321799999,1121714.5321799999,1121714.5321799999,0.0,False,,False,0.0,,,,,,,,,,False,False,0,0.0,0,False,,,,,,False,False
B1600420900000,MULHER DO PAI,2013,2016,RS,SALAS DE EXIBIÇÃO,FICÇÃO,PRODECINE,PRODECINE 05,True,1221701.48,2,1.861311,2273966.40344028,2273966.40344028,2273966.40344028,0.0,False,6857.0,True,3015.4359315186257,81680.87,380.0,22.0,,,26.0,10.0,,,False,False,0,5.2,2,True,,,3.1,6.6,172.0,True,True
B2400073500000,CARTAS PARA ...,2016,2024,BA,SALAS DE EXIBIÇÃO,DOCUMENTÁRIO,PRODECINE,PRODECINE 02,False,1155000.0,2,1.487011,1711745.355,1717497.705,1711745.355,0.0,False,,False,0.0,,,,,,,,,,False,False,0,0.0,0,False,,,,,,False,False
B2100308500000,PEQUENOS NARRADORES: COMUNIDADE,2013,2021,BA,RADIODIFUSÃO DE SONS E IMAGENS (TV ABERTA),ANIMAÇÃO,PRODAV,PRODAV 01,False,1020000.0,1,1.861311,1898537.22,1898537.22,1898537.22,0.0,False,,False,0.0,,,,,,,,,,False,False,0,0.0,0,False,,,,,,False,False
B1600428200000,AMOR DE 4,2013,2016,RJ,COMUNICAÇÃO ELETRÔNICA DE MASSA POR ASSINATURA (TV PAGA),FICÇÃO,PRODAV,PRODAV 01,False,1020000.0,1,1.861311,1898537.22,1898537.22,1898537.22,0.0,False,,False,0.0,,,,,,,,,,False,False,0,0.0,0,False,,,4.3,,,True,False
B2100017600000,O TREM DA UTOPIA,2016,2021,SP,SALAS DE EXIBIÇÃO,DOCUMENTÁRIO,PRODECINE,PRODECINE 02,True,1016631.0,1,1.487011,1511741.479941,1511741.479941,1511741.479941,0.0,False,91.0,True,60.195477340180894,1413.13,32.0,4.0,,,,,,,False,False,0,0.0,1,True,,,4.245,,,True,False
B1800387200000,CIENTISTAS BRASILEIROS ENTRE OS MELHORES,2015,2017,MG,RADIODIFUSÃO DE SONS E IMAGENS (TV ABERTA),DOCUMENTÁRIO,PRODAV,PRODAV 11,False,1014000.0,1,1.580544,1602671.616,1602671.616,1602671.616,0.0,False,,False,0.0,,,,,,,,,,False,False,0,0.0,0,False,,,,,,False,False
B1800489700000,HABITAÇÃO SOCIAL - PROJETOS DE UM BRASIL,2015,2018,ES,RADIODIFUSÃO DE SONS E IMAGENS (TV ABERTA),DOCUMENTÁRIO,PRODAV,PRODAV 11,False,1014000.0,1,1.580544,1602671.616,1602671.616,1602671.616,0.0,False,,False,0.0,,,,,,,,,,False,False,0,0.0,0,False,,,,,,False,False
B2500308500000,"MATA VERDE, MATA BRANCA",2016,2025,PE,RADIODIFUSÃO DE SONS E IMAGENS (TV ABERTA),DOCUMENTÁRIO,PRODAV,PRODAV 02 - PROJETO DERIVADO,False,1014000.0,1,1.487011,1507829.154,1507829.154,1507829.154,0.0,False,,False,0.0,,,,,,,,,,False,False,0,0.0,0,False,,,,,,False,False
B2200056700000,MAD SCIENTISTS - CIENTISTAS QUE NINGUÉM QUIS OUVIR,2015,2022,AP,RADIODIFUSÃO DE SONS E IMAGENS (TV ABERTA),DOCUMENTÁRIO,PRODAV,PRODAV 08,False,1014000.0,1,1.580544,1602671.616,1602671.616,1602671.616,0.0,False,,False,0.0,,,,,,,,,,False,False,0,0.0,0,False,,,,,,False,False
B2300495600000,"SECULARES, O MUNDO HÁ MAIS DE CEM",2016,2023,BA,RADIODIFUSÃO DE SONS E IMAGENS (TV ABERTA),DOCUMENTÁRIO,PRODAV,PRODAV 02 - PROJETO DERIVADO,False,1013875.0,1,1.487011,1507643.277625,1507643.277625,1507643.277625,0.0,False,,False,0.0,,,,,,,,,,False,False,0,0.0,0,False,,,3.767,,,True,False
B2600004700000,SE EU FOSSE VIVO...VIVIA,2021,2026,MG,SALAS DE EXIBIÇÃO,FICÇÃO,COMPLEMENTAÇÃO,COMPLEMENTAÇÃO,False,1948580.0,3,1.160232,2478519.3330706796,2260804.8705599997,2478519.3330706796,0.0,False,,False,0.0,,,,,,,,,,False,False,0,0.0,0,False,,,,,,False,False
B1800535300000,LUA EM CÂNCER,2013,2018,RS,RADIODIFUSÃO DE SONS E IMAGENS (TV ABERTA),FICÇÃO,PRODAV,PRODAV 02 - PROJETO DERIVADO,False,1008000.0,1,1.861311,1876201.488,1876201.488,1876201.488,0.0,False,,False,0.0,,,,,,,,,,False,False,0,0.0,0,False,,,3.93,,,True,False
B2300065000000,"FLORESTA, ONDE A TERRA RESPIRA",2013,2023,SC,COMUNICAÇÃO ELETRÔNICA DE MASSA POR ASSINATURA (TV PAGA),DOCUMENTÁRIO,PRODAV,PRODAV 01,False,1002277.32,1,1.861311,1865549.8007665197,1865549.8007665197,1865549.8007665197,0.0,False,,False,0.0,,,,,,,,,,False,False,0,0.0,0,False,,,3.538,,,True,False
B2300037600000,AMAZONITA,2013,2023,RJ,COMUNICAÇÃO ELETRÔNICA DE MASSA POR ASSINATURA (TV PAGA),DOCUMENTÁRIO,PRODAV,PRODAV 02 - PROJETO DERIVADO,False,1001000.0,1,1.861311,1863172.311,1863172.311,1863172.311,0.0,False,,False,0.0,,,,,,,,,,False,False,0,0.0,0,False,,,,,,False,False
B2500312100000,O CANTO DELAS,2016,2025,PE,RADIODIFUSÃO DE SONS E IMAGENS (TV ABERTA),DOCUMENTÁRIO,PRODAV,PRODAV 02 - PROJETO DERIVADO,False,1000014.0,1,1.487011,1487031.818154,1487031.818154,1487031.818154,0.0,False,,False,0.0,,,,,,,,,,False,False,0,0.0,0,False,,,,,,False,False
B2500365800000,ASA BRANCA - A VOZ DA ARENA,2021,2025,SP,SALAS DE EXIBIÇÃO,FICÇÃO,COMPLEMENTAÇÃO,COMPLEMENTAÇÃO,False,1000008.5,1,1.160232,8899493.18549078,1160241.861972,1160241.861972,7739251.32351878,True,1333.0,True,149.78381040543368,28836.66,952.0,62.0,,,,,,,False,False,0,0.0,0,False,,,,,,False,False
B1600041000000,BUGIGANGUE NO ESPAÇO,2009,2015,SP,SALAS DE EXIBIÇÃO,ANIMAÇÃO,PRODECINE,PRODECINE 01,False,1930000.0,2,2.353382,10078253.75,4542027.26,4186704.95,5891548.8,True,118718.0,True,11779.620055706575,1534609.18,8789.0,120.0,,,,,,,False,False,0,0.0,0,False,,,4.3,4.2,198.0,True,True
B2200451700000,BRICHOS 3 - MEGAVIRUS,2017,2022,PR,SALAS DE EXIBIÇÃO,ANIMAÇÃO,ARRANJOS,ARRANJOS REGIONAIS,False,1000000.0,1,1.444401,1444401.0,1444401.0,1444401.0,0.0,False,1048.0,True,725.5602841593159,12605.8,234.0,9.0,,,,,,,False,False,0,0.0,0,False,,,,,,False,False
B1500399400000,PROVA DE CORAGEM,2010,2015,RS,SALAS DE EXIBIÇÃO,FICÇÃO,PRODECINE,PRODECINE 01,True,1000000.0,1,2.222058,7331879.102746119,2222058.0,2222058.0,5016755.55274612,True,12119.0,True,1652.9186897613858,167481.2,4.0,2.0,,,,,,,False,False,0,0.0,1,True,2.0,0.0,4.015,5.1,98.0,True,True
B1900337100000,TRAVESSIA,2013,2019,AM,RADIODIFUSÃO DE SONS E IMAGENS (TV ABERTA),DOCUMENTÁRIO,PRODECINE,PRODECINE 04,False,1627999.99,3,1.861311,4072568.75712989,3030214.28938689,2814608.75712989,1257960.0,True,,False,0.0,,,,,,,,,,False,False,0,0.0,0,False,,,3.9,,,True,False
B2400273800000,QUANDO O BRASIL ERA MODERNO,2016,2024,SC,SALAS DE EXIBIÇÃO,DOCUMENTÁRIO,PRODECINE,PRODECINE 01,False,1000000.0,1,1.487011,2142956.5,1487011.0,1487011.0,655945.5,True,1233.0,True,575.3733218569765,25689.11,105.0,8.0,,,,,,,False,False,0,0.0,0,False,,,,,,False,False
B2300491600000,LA OTRA FORMA,2019,2023,RJ,SALAS DE EXIBIÇÃO,ANIMAÇÃO,PRODUCAO,COPRODUÇÃO INTERNACIONAL,True,1000000.0,1,1.33467,1334670.0,1334670.0,1334670.0,0.0,False,234.0,True,175.32423745195442,3465.0,51.0,7.0,,,,,,,False,False,0,0.0,1,True,,,,6.7,188.0,False,True
B1301751900000,A BUSCA,2010,2012,SP,INDEFINIDO,FICÇÃO,PRODECINE,PRODECINE 01,False,1000000.0,1,2.222058,13031569.25,2222058.0,2222058.0,10809511.25,True,,False,0.0,,,,,,,,2330.0,,True,False,2,13.33,1,True,2.0,0.0,3.923,6.7,1641.0,True,True
B1600109600000,A FRENTE FRIA QUE A CHUVA TRAZ,2009,2015,PR,SALAS DE EXIBIÇÃO,FICÇÃO,PRODECINE,PRODECINE 01,False,1000000.0,1,2.353382,2598863.2,2353382.0,2353382.0,245481.2,True,1695.0,True,652.2082424346152,26153.93,2.0,1.0,,,,,,,False,False,0,0.0,0,False,,,2.2,5.3,312.0,True,True
B1500585400000,QUASE MEMÓRIA,2009,2014,RJ,SALAS DE EXIBIÇÃO,FICÇÃO,PRODECINE,PRODECINE 01,False,1000000.0,1,2.353382,9589491.48275196,2353382.0,2353382.0,6883102.182751959,True,4188.0,True,436.728058785255,60682.88,477.0,15.0,,,,,,,False,False,0,0.0,0,False,1.0,0.0,,7.2,81.0,False,True
B2300258300000,QUARTA-FEIRA DE CINZAS,2015,2023,RJ,SALAS DE EXIBIÇÃO,FICÇÃO,PRODECINE,PRODECINE 01,False,1000000.0,1,1.580544,1580544.0,1580544.0,1580544.0,0.0,False,79.0,True,49.98279073534176,1484.55,36.0,1.0,,,,,,,False,False,0,0.0,0,False,,,2.835,,,True,False
B2200351600000,TRAVESSIA,2013,2022,SP,COMUNICAÇÃO ELETRÔNICA DE MASSA POR ASSINATURA (TV PAGA),DOCUMENTÁRIO,PRODECINE,PRODECINE 04,False,1627999.99,3,1.861311,3030214.28938689,3030214.28938689,,,False,,False,0.0,,,,,,,,,,False,False,0,0.0,0,False,,,3.9,,,True,False
B1700466400000,FILME B,2013,2016,SP,COMUNICAÇÃO ELETRÔNICA DE MASSA POR ASSINATURA (TV PAGA),FICÇÃO,PRODAV,PRODAV 01,False,1000000.0,1,1.861311,1861311.0,1861311.0,1861311.0,0.0,False,,False,0.0,,,,,,,,,,False,False,0,0.0,0,False,,,,,,False,False
B2300288600000,FORAM OS SUSSURROS QUE ME MATARAM,2018,2022,PR,SALAS DE EXIBIÇÃO,FICÇÃO,FLUXO CONTINUO,FLUXO CONTÍNUO PRODUÇÃO PARA CINEMA,False,1238531.78,2,1.392194,1724276.5129253198,1724276.5129253198,1724276.5129253198,0.0,False,273.0,True,158.3272740500548,2717.6,101.0,7.0,,,,,,,False,False,0,0.0,0,False,,,,4.8,13.0,False,True
B1900380000000,VOU NADAR ATÉ VOCÊ,2013,2019,SP,SALAS DE EXIBIÇÃO,FICÇÃO,PRODECINE,PRODECINE 02,False,1200000.0,3,1.861311,7479157.029216399,2233573.1999999997,2156606.5292164,5322550.5,True,1076.0,True,143.86648064704877,9206.2,191.0,20.0,,,,,,,False,False,0,0.0,0,False,,,,5.4,238.0,False,True
B1600288400000,GODOFREDO,2009,2016,SP,RADIODIFUSÃO DE SONS E IMAGENS (TV ABERTA),ANIMAÇÃO,PRODAV,PRODAV 01,False,1000000.0,1,2.353382,2353382.0,2353382.0,2353382.0,0.0,False,,False,0.0,,,,,,,,,,False,False,0,0.0,0,False,,,,,,False,False
B1800516900000,A CIDADE DOS PIRATAS,2010,2018,RS,SALAS DE EXIBIÇÃO,ANIMAÇÃO,PRODECINE,PRODECINE 01,False,2105830.0,3,2.222058,8231991.80113,4679276.39814,4186528.1431299997,4045463.658,True,2384.0,True,289.60184334400697,32188.15,325.0,23.0,,,,,,,False,False,0,0.0,0,False,,,3.5,6.9,134.0,True,True
B1500870400000,VAI QUE DÁ CERTO 2,2013,2015,RJ,SALAS DE EXIBIÇÃO,FICÇÃO,PRODECINE,PRODECINE 01,False,1000000.0,1,1.861311,10237210.5,1861311.0,1861311.0,8375899.5,True,932307.0,True,91070.41415237091,12022063.96,131.0,18.0,,,,,,,False,False,0,0.0,0,False,,,3.5,5.6,360.0,True,True
B2300008500000,VAI CORINTHIANS!,2018,2022,SP,SALAS DE EXIBIÇÃO,DOCUMENTÁRIO,FLUXO CONTINUO,FLUXO CONTÍNUO PRODUÇÃO PARA CINEMA,False,1000000.0,1,1.392194,2050448.2257202398,1392194.0,1392194.0,658254.2257202399,True,1849.0,True,901.7540539705756,29508.16,41.0,3.0,,,,,,,False,False,0,0.0,0,False,,,,8.0,41.0,False,True
B1301803100000,FAROESTE CABOCLO,2009,2013,RJ,INDEFINIDO,FICÇÃO,PRODECINE,PRODECINE 01,False,1300000.0,2,2.353382,5927742.47,3059396.5999999996,2944776.5,2982965.97,True,29.0,True,4.892250320719483,15560125.66,,,,,,,,,False,False,0,0.0,0,False,,,3.7,6.6,3378.0,True,True
B1700455700000,GAME BROS,2013,2016,SP,COMUNICAÇÃO ELETRÔNICA DE MASSA POR ASSINATURA (TV PAGA),FICÇÃO,PRODAV,PRODAV 01,False,1000000.0,1,1.861311,1861311.0,1861311.0,1861311.0,0.0,False,,False,0.0,,,,,,,,,,False,False,0,0.0,0,False,,,,,,False,False
B2300561400000,O MENINO MAIS RICO DO MUNDO,2018,2023,SP,COMUNICAÇÃO ELETRÔNICA DE MASSA POR ASSINATURA (TV PAGA),FICÇÃO,SAV/MINC 03,SAV/MINC 03,False,1000000.0,1,1.392194,1392194.0,1392194.0,1392194.0,0.0,False,,False,0.0,,,,,,,,,,False,False,0,0.0,0,False,,,4.5,,,True,False
B2300404300000,SOTAQUES - A BOSSA DA LÍNGUA PORTUGUESA NO BRASIL,2018,2023,RJ,COMUNICAÇÃO ELETRÔNICA DE MASSA POR ASSINATURA (TV PAGA),DOCUMENTÁRIO,FLUXO CONTINUO,FLUXO CONTÍNUO PRODUÇÃO PARA TELEVISÃO,False,1000000.0,1,1.392194,1392194.0,1392194.0,1392194.0,0.0,False,,False,0.0,,,,,,,,,,False,False,0,0.0,0,False,,,4.3,,,True,False
B2400055100000,OLHARES DO NORTE: PARÁ,2018,2024,PA,RADIODIFUSÃO DE SONS E IMAGENS (TV ABERTA),DOCUMENTÁRIO,PRODAV,PRODAV - TVS PÚBLICAS,False,1000000.0,1,1.392194,1392194.0,1392194.0,1392194.0,0.0,False,,False,0.0,,,,,,,,,,False,False,0,0.0,0,False,,,,,,False,False
B1800279000000,JOVENS POLACAS,2016,2018,RJ,SALAS DE EXIBIÇÃO,FICÇÃO,PRODECINE,PRODECINE 02,False,1199450.0,2,1.487011,1764684.0933,1783595.3439500001,1764684.0933,0.0,False,2494.0,True,1413.284116669382,33686.69,346.0,17.0,,,,,,,False,False,0,0.0,0,False,,,,6.4,53.0,False,True
B1700405200000,PRAÇA PARIS,2013,2017,RJ,SALAS DE EXIBIÇÃO,FICÇÃO,PRODECINE,PRODECINE 04,True,1900000.0,3,1.861311,3778280.8,3536490.9,3383144.8,158054.4,True,13348.0,True,3532.8237117791778,206149.42,628.0,15.0,,,23.0,9.0,,,False,False,0,4.6,2,True,2.0,0.0,,6.6,341.0,False,True
B1900597000000,A QUEM INTERESSA A IGNORÂNCIA?,2015,2019,RJ,SALAS DE EXIBIÇÃO,DOCUMENTÁRIO,PRODAV,PRODAV 06,False,1250000.0,2,1.580544,1928592.5,1975680.0,1928592.5,0.0,False,45.0,True,23.333078397847135,881.55,14.0,2.0,,,,,,,False,False,0,0.0,0,False,,,,,,False,False
B2400325700000,O REI MANDOU CAIR NA FOLIA,2018,2024,RJ,RADIODIFUSÃO DE SONS E IMAGENS (TV ABERTA),FICÇÃO,SAV/MINC 03,SAV/MINC 03,False,1000000.0,1,1.392194,1392194.0,1392194.0,1392194.0,0.0,False,,False,0.0,,,,,,,,,,False,False,0,0.0,0,False,,,,,,False,False
B1500071200000,TORDESILHAS,2010,2013,SP,RADIODIFUSÃO DE SONS E IMAGENS (TV ABERTA),ANIMAÇÃO,PRODAV,PRODAV 01,False,1000000.0,1,2.222058,2488007.1209925,2222058.0,2222058.0,265949.1209925,True,,False,0.0,,,,,,,,,,False,False,0,0.0,0,False,,,,,,False,False
B2300105700000,TESOURO NATTERER,2014,2023,DF,SALAS DE EXIBIÇÃO,DOCUMENTÁRIO,PRODECINE,PRODECINE 01,False,1698884.0,2,1.749188,3050028.476924,2971667.506192,3050028.476924,0.0,False,,False,0.0,,,,,,,,,,False,False,0,0.0,0,False,,,,,,False,False
B1700077100000,LA VINGANÇA,2014,2016,SP,SALAS DE EXIBIÇÃO,FICÇÃO,PRODECINE,PRODECINE 01,True,1000000.0,1,1.749188,8811673.358847499,1749188.0,1749188.0,7062485.3588475,True,5207.0,True,590.9206785078829,83403.52,614.0,7.0,,,,,,,False,False,0,0.0,1,True,,,2.7,6.5,361.0,True,True
B1800411600000,DESLEMBRO,2012,2018,RJ,SALAS DE EXIBIÇÃO,FICÇÃO,PRODECINE,PRODECINE 01,False,1940000.0,3,1.971315,7515521.842134699,3824351.1,3627123.9399999995,3888397.9021346997,True,16500.0,True,2195.45632979138,250185.8,1162.0,23.0,,,,,878.0,,False,False,1,6.67,1,True,1.0,0.0,,7.1,419.0,False,True
B2500505800000,DESAFIO SHOW,2018,2025,BA,RADIODIFUSÃO DE SONS E IMAGENS (TV ABERTA),REALITY-SHOW,FLUXO CONTINUO,FLUXO CONTÍNUO PRODUÇÃO PARA TELEVISÃO,False,1000000.0,1,1.392194,1392194.0,1392194.0,1392194.0,0.0,False,,False,0.0,,,,,,,,,,False,False,0,0.0,0,False,,,,,,False,False
B2500166000000,TORNIQUETE,2018,2025,PR,SALAS DE EXIBIÇÃO,FICÇÃO,FLUXO CONTINUO,FLUXO CONTÍNUO PRODUÇÃO PARA CINEMA,False,1000000.0,1,1.392194,1392194.0,1392194.0,1392194.0,0.0,False,,False,0.0,,,,,,,,,,False,False,0,0.0,0,False,,,,,,False,False
B2400288800000,TRAGO A PESSOA AMADA,2015,2024,CE,COMUNICAÇÃO ELETRÔNICA DE MASSA POR ASSINATURA (TV PAGA),FICÇÃO,PRODECINE,PRODECINE 01,False,1899400.0,2,1.580544,2917961.6934,3002085.2736,2917961.6934,0.0,False,,False,0.0,,,,,,,,,,False,False,0,0.0,0,False,,,,,,False,False
B2300408500000,LILITH,2016,2023,RJ,SALAS DE EXIBIÇÃO,FICÇÃO,PRODECINE,PRODECINE 02,False,1000000.0,1,1.487011,2527918.7,1487011.0,1487011.0,1040907.7000000001,True,617.0,True,244.07430507951065,6883.84,86.0,7.0,,,,,,,False,False,0,0.0,0,False,1.0,0.0,,6.3,20.0,False,True
B1500543200000,LINDA DE MORRER,2012,2014,RJ,SALAS DE EXIBIÇÃO,FICÇÃO,PRODECINE,PRODECINE 01,False,1000000.0,1,1.971315,8598647.22855843,1971315.0,1971315.0,6627332.2285584295,True,972499.0,True,113099.0694408381,12186625.0,,,,,,,,,False,False,0,0.0,0,False,,,3.2,4.9,407.0,True,True
B2000096500000,ACQUA MOVIE,2014,2020,PE,SALAS DE EXIBIÇÃO,FICÇÃO,ARRANJOS,ARRANJOS REGIONAIS,False,1770000.0,3,1.749188,3255168.9705007197,3096062.76,2902219.67,352949.30050072,True,1209.0,True,371.4092911785246,13281.93,204.0,7.0,,,,,,,False,False,0,0.0,0,False,,,,6.6,78.0,False,True
B2300531100000,POING,2018,2023,PR,COMUNICAÇÃO ELETRÔNICA DE MASSA POR ASSINATURA (TV PAGA),ANIMAÇÃO,SAV/MINC 08,SAV/MINC 08,False,1000000.0,1,1.392194,1392194.0,1392194.0,1392194.0,0.0,False,,False,0.0,,,,,,,,,,False,False,0,0.0,0,False,,,,,,False,False
B1800561900000,SERVIDÃO,2014,2018,DF,SALAS DE EXIBIÇÃO,DOCUMENTÁRIO,SAV/MINC 04,SAV/MINC 04,False,1000000.0,1,1.749188,1749188.0,1749188.0,1749188.0,0.0,False,922.0,True,527.10171805432,12024.56,141.0,12.0,,,,,,,False,False,0,0.0,0,False,,,,,,False,False
B1001319100000,"APARECIDA, O MILAGRE",2009,2010,RJ,INDEFINIDO,FICÇÃO,PRODECINE,PRODECINE 01,False,1000000.0,1,2.353382,5516732.0,2353382.0,2353382.0,3163350.0,True,,False,0.0,,,,,,,,,,False,False,0,0.0,0,False,,,3.815,5.9,84.0,True,True
B1800249200000,MANUAL DE SOBREVIVÊNCIA PARA O SÉCULO XXI,2013,2016,RJ,COMUNICAÇÃO ELETRÔNICA DE MASSA POR ASSINATURA (TV PAGA),DOCUMENTÁRIO,PRODAV,PRODAV 01,False,1000000.0,1,1.861311,2698900.95,1861311.0,1861311.0,837589.95,True,,False,0.0,,,,,,,,,,False,False,0,0.0,0,False,,,3.755,,,True,False
B2300283600000,O VAZIO DE DOMINGO À TARDE,2018,2023,DF,SALAS DE EXIBIÇÃO,FICÇÃO,FLUXO CONTINUO,FLUXO CONTÍNUO PRODUÇÃO PARA CINEMA,False,1000000.0,1,1.392194,1392194.0,1392194.0,1392194.0,0.0,False,1071.0,True,769.2893375492209,10663.46,180.0,15.0,,,,,,,False,False,0,0.0,0,False,,,4.078,7.5,19.0,True,True
B2000523200000,A MESMA PARTE DE UM HOMEM,2017,2020,PR,SALAS DE EXIBIÇÃO,FICÇÃO,ARRANJOS,ARRANJOS REGIONAIS,False,1774289.0,2,1.444401,2922768.907879,2562784.805889,2885593.632879,0.0,False,683.0,True,233.68251870984923,8719.86,99.0,6.0,,,4.0,2.0,,,False,False,0,0.8,1,True,1.0,0.0,4.1,6.5,84.0,True,True
B2500031100000,TROPA TROCO,2018,2025,SP,OUTROS MERCADOS - VÍDEO POR DEMANDA,ANIMAÇÃO,SAV/MINC 08,SAV/MINC 08,False,1000000.0,1,1.392194,1392194.0,1392194.0,1392194.0,0.0,False,,False,0.0,,,,,,,,,,False,False,0,0.0,0,False,,,,,,False,False
B2300322500000,TRONIK,2018,2023,PE,RADIODIFUSÃO DE SONS E IMAGENS (TV ABERTA),ANIMAÇÃO,SAV/MINC 08,SAV/MINC 08,False,1000000.0,1,1.392194,1392194.0,1392194.0,1392194.0,0.0,False,,False,0.0,,,,,,,,,,False,False,0,0.0,0,False,,,,,,False,False
B1101496800000,CAPITÃES DA AREIA,2009,2011,RJ,SALAS DE EXIBIÇÃO,FICÇÃO,PRODECINE,PRODECINE 01,True,1000000.0,1,2.353382,8151379.73,2353382.0,2353382.0,5797997.73,True,,False,0.0,,,,,,,,,,False,False,0,0.0,1,True,,,3.798,6.3,1210.0,True,True
B1700128800000,QUEM SE IMPORTA - A SÉRIE,2013,2017,SP,COMUNICAÇÃO ELETRÔNICA DE MASSA POR ASSINATURA (TV PAGA),DOCUMENTÁRIO,PRODAV,PRODAV 01,False,1000000.0,1,1.861311,2177419.8,1861311.0,1861311.0,316108.8,True,,False,0.0,,,,,,,,,,False,False,0,0.0,0,False,,,,,,False,False
B1800130000000,ALGUÉM COMO EU,2010,2018,SP,SALAS DE EXIBIÇÃO,FICÇÃO,PRODECINE,PRODECINE 02,True,1000000.0,1,2.222058,2515783.935,2222058.0,2222058.0,293725.935,True,28531.0,True,11340.799026129404,402747.61,3019.0,41.0,,,,,,2.0,False,False,0,2.0,2,True,1.0,1.0,4.3,4.5,258.0,True,True
B2400082200000,PEQUENOS MESTRES,2018,2024,PE,RADIODIFUSÃO DE SONS E IMAGENS (TV ABERTA),DOCUMENTÁRIO,PRODAV,PRODAV - TVS PÚBLICAS,False,1000000.0,1,1.392194,1392194.0,1392194.0,1392194.0,0.0,False,,False,0.0,,,,,,,,,,False,False,0,0.0,0,False,,,,,,False,False
B1500218400000,"OSMAR, A PRIMEIRA FATIA DO PÃO DE FORMA - 2ª TEMPORADA",2012,2014,SP,COMUNICAÇÃO ELETRÔNICA DE MASSA POR ASSINATURA (TV PAGA),ANIMAÇÃO,PRODAV,PRODAV 01,False,1000000.0,1,1.971315,1971315.0,1971315.0,1971315.0,0.0,False,,False,0.0,,,,,,,,,,False,False,0,0.0,0,False,,,3.803,,,True,False
B1700621600000,HISTÓRIA DA ALIMENTAÇÃO NO BRASIL,2013,2017,SP,COMUNICAÇÃO ELETRÔNICA DE MASSA POR ASSINATURA (TV PAGA),DOCUMENTÁRIO,PRODAV,PRODAV 01,False,1000000.0,1,1.861311,1861311.0,1861311.0,1861311.0,0.0,False,,False,0.0,,,,,,,,,,False,False,0,0.0,0,False,,,4.3,,,True,False
B1900347800000,PIEDADE,2013,2019,RJ,SALAS DE EXIBIÇÃO,FICÇÃO,PRODECINE,PRODECINE 01,False,1300000.0,3,1.861311,4065827.1999999997,2419704.3,2316639.1999999997,1749188.0,True,7427.0,True,1826.6885518400786,90437.74,555.0,12.0,,,10.0,3.0,,,False,False,0,2.0,1,True,,,,6.6,382.0,False,True
B1600585400000,A GLÓRIA E A GRAÇA,2012,2015,RJ,SALAS DE EXIBIÇÃO,FICÇÃO,PRODECINE,PRODECINE 01,False,1000000.0,1,1.971315,7486778.488236001,1971315.0,1971315.0,5515463.488236001,True,5686.0,True,759.4721827197679,81674.69,520.0,14.0,,,9.5,3.0,,,False,False,0,1.9,1,True,,,4.2,6.6,152.0,True,True
B1500344800000,CAMPO GRANDE,2012,2015,RJ,SALAS DE EXIBIÇÃO,FICÇÃO,PRODECINE,PRODECINE 01,True,1000000.0,1,1.971315,9659443.5,1971315.0,1971315.0,7688128.5,True,4854.0,True,502.513421192432,66952.18,,,,,,,,,False,False,0,0.0,1,True,2.0,0.0,,6.6,237.0,False,True
B1600243000000,REDEMOINHO,2012,2016,RJ,SALAS DE EXIBIÇÃO,FICÇÃO,PRODECINE,PRODECINE 01,False,1700000.0,2,1.971315,8045723.25,3351235.5,3351235.5,4694487.75,True,12279.0,True,1526.1524189264153,143450.9,626.0,22.0,,,10.5,4.0,,,False,False,0,2.1,1,True,,,,6.8,266.0,False,True
B2400379400000,CRIANÇA DE RAIZ,2018,2024,TO,RADIODIFUSÃO DE SONS E IMAGENS (TV ABERTA),DOCUMENTÁRIO,PRODAV,PRODAV - TVS PÚBLICAS,False,1000000.0,1,1.392194,1392194.0,1392194.0,1392194.0,0.0,False,,False,0.0,,,,,,,,,,False,False,0,0.0,0,False,,,,,,False,False
B2300374900000,MITOS VIVOS,2018,2023,MS,RADIODIFUSÃO DE SONS E IMAGENS (TV ABERTA),DOCUMENTÁRIO,PRODAV,PRODAV - TVS PÚBLICAS,False,1000000.0,1,1.392194,1392194.0,1392194.0,1392194.0,0.0,False,,False,0.0,,,,,,,,,,False,False,0,0.0,0,False,,,4.025,,,True,False
B1001317400000,MEU AMIGÃOZÃO,2009,2009,RJ,INDEFINIDO,ANIMAÇÃO,PRODAV,PRODAV 01,True,1000000.0,1,2.353382,6471800.5,2353382.0,2353382.0,4118418.4999999995,True,,False,0.0,,,,,,,,,,False,False,0,0.0,1,True,,,,,,False,False
B1201696600000,MEUS DOIS AMORES,2009,2011,RJ,INDEFINIDO,FICÇÃO,PRODECINE,PRODECINE 01,False,1000000.0,1,2.353382,12034767.232476,2353382.0,2353382.0,9681385.232476,True,22909.0,True,1903.568183535758,281806.53,,,,,,,,,False,False,0,0.0,0,False,,,3.775,5.6,62.0,True,True
B1201553500000,HELENO,2009,2011,SP,INDEFINIDO,FICÇÃO,PRODECINE,PRODECINE 01,False,1000000.0,1,2.353382,5002635.6,2353382.0,2353382.0,2649253.6,True,,False,0.0,,,,,,,,,,True,False,1,6.67,0,False,,,,6.9,1532.0,False,True
B2200405700000,A ILHA DOS ILÚS,2013,2022,GO,SALAS DE EXIBIÇÃO,ANIMAÇÃO,PRODECINE,PRODECINE 01,False,1000000.0,1,1.861311,2211148.6,1861311.0,1861311.0,349837.6,True,1411.0,True,638.1298841697026,17268.38,255.0,16.0,,,,,,,False,False,0,0.0,0,False,,,3.95,7.5,26.0,True,True
B1500591500000,A FLORESTA QUE SE MOVE,2010,2015,RJ,SALAS DE EXIBIÇÃO,FICÇÃO,PRODECINE,PRODECINE 02,True,1000000.0,1,2.222058,7420250.800000001,2222058.0,2222058.0,5110733.4,True,8402.0,True,1132.3067408988386,110064.97,,,,,,,,,False,False,0,0.0,1,True,1.0,0.0,3.538,6.0,273.0,True,True
B2400052300000,DRAMATURGIAS,2018,2024,PR,RADIODIFUSÃO DE SONS E IMAGENS (TV ABERTA),DOCUMENTÁRIO,PRODAV,PRODAV - TVS PÚBLICAS,False,1000000.0,1,1.392194,1392194.0,1392194.0,1392194.0,0.0,False,,False,0.0,,,,,,,,,,False,False,0,0.0,0,False,,,,,,False,False
B1600032100000,AMOR EM SAMPA,2012,2015,SP,SALAS DE EXIBIÇÃO,FICÇÃO,PRODECINE,PRODECINE 01,False,1500000.0,2,1.971315,10768006.669270359,2956972.5,2845909.0,7922097.66927036,True,13200.0,True,1225.8536241131835,174081.35,6.0,3.0,,,,,,,False,False,0,0.0,0,False,,,4.3,5.3,117.0,True,True
B2300483300000,NA RAIZ DOS FESTEJOS,2018,2023,CE,RADIODIFUSÃO DE SONS E IMAGENS (TV ABERTA),DOCUMENTÁRIO,PRODAV,PRODAV - TVS PÚBLICAS,False,1000000.0,1,1.392194,1392194.0,1392194.0,1392194.0,0.0,False,,False,0.0,,,,,,,,,,False,False,0,0.0,0,False,,,,,,False,False
B2100003100000,AMAZÔNIA OCULTA,2013,2021,PA,RADIODIFUSÃO DE SONS E IMAGENS (TV ABERTA),FICÇÃO,PRODAV,PRODAV 01,False,1000000.0,1,1.861311,1861311.0,1861311.0,1861311.0,0.0,False,,False,0.0,,,,,,,,,,False,False,0,0.0,0,False,,,,,,False,False
B2400267700000,"AMAZÔNIA, A NOVA MINAMATA?",2018,2024,SC,SALAS DE EXIBIÇÃO,DOCUMENTÁRIO,CONCURSO,CONCURSO PRODUÇÃO PARA CINEMA,False,1000000.0,1,1.392194,2250305.744,1392194.0,1392194.0,858111.7440000001,True,316.0,True,140.4253625724203,4611.22,53.0,5.0,,,,,,,False,False,0,0.0,0,False,,,,,,False,False
B1001147500000,EU E MEU GUARDA-CHUVA,2008,2008,RJ,INDEFINIDO,FICÇÃO,PRODECINE,PRODECINE 01,False,1000000.0,1,2.454812,6644812.0,2454812.0,2454812.0,4190000.0,True,,False,0.0,,,,,,,,,,False,False,0,0.0,0,False,,,4.15,6.0,202.0,True,True
B1402201200000,MUITOS HOMENS NUM SÓ,2009,2014,RJ,INDEFINIDO,FICÇÃO,PRODECINE,PRODECINE 01,False,1200000.0,2,2.353382,4476398.03,2824058.4,2725644.2,1750753.83,True,2897.0,True,647.172119321123,45857.25,,,,,,,,,False,False,0,0.0,0,False,,,,6.5,185.0,False,True
B2400063300000,NINHOS EM MOVIMENTO,2018,2024,PR,RADIODIFUSÃO DE SONS E IMAGENS (TV ABERTA),DOCUMENTÁRIO,PRODAV,PRODAV - TVS PÚBLICAS,False,1000000.0,1,1.392194,1392194.0,1392194.0,1392194.0,0.0,False,,False,0.0,,,,,,,,,,False,False,0,0.0,0,False,,,,,,False,False
B2200063900000,1999 - A CONQUISTA DA AMÉRICA,2018,2022,SP,SALAS DE EXIBIÇÃO,DOCUMENTÁRIO,FLUXO CONTINUO,FLUXO CONTÍNUO PRODUÇÃO PARA CINEMA,False,1000000.0,1,1.392194,1392194.0,1392194.0,1392194.0,0.0,False,1122.0,True,805.9221631468029,17189.94,35.0,1.0,,,,,,,False,False,0,0.0,0,False,,,3.993,,,True,False
B2200460100000,NEYMAR JR,2018,2022,SP,COMUNICAÇÃO ELETRÔNICA DE MASSA POR ASSINATURA (TV PAGA),DOCUMENTÁRIO,FLUXO CONTINUO,FLUXO CONTÍNUO PRODUÇÃO PARA TELEVISÃO,False,1000000.0,1,1.392194,1392194.0,1392194.0,1392194.0,0.0,False,,False,0.0,,,,,,,,,,False,False,0,0.0,0,False,,,,,,False,False
B2300468900000,ATÉ QUE A MÚSICA PARE,2016,2023,RS,SALAS DE EXIBIÇÃO,FICÇÃO,PRODECINE,PRODECINE 02,True,1000000.0,1,1.487011,1531621.33,1487011.0,1487011.0,0.0,False,2248.0,True,1467.7257073718083,32747.1,473.0,24.0,,,,,771.0,,False,False,1,6.67,2,True,2.0,0.0,4.05,7.5,25.0,True,True
B1700088100000,PELA JANELA,2013,2017,SP,SALAS DE EXIBIÇÃO,FICÇÃO,PRODECINE,PRODECINE 01,True,1100000.0,2,1.861311,3330793.1500000004,2047442.0999999999,2010012.1,1222215.3,True,5251.0,True,1576.5013807597147,38357.8,403.0,24.0,,,23.0,7.0,,,False,False,0,4.6,2,True,2.0,0.0,,6.4,174.0,False,True
B1900232600000,BACURAU,2012,2019,PE,SALAS DE EXIBIÇÃO,FICÇÃO,PRODECINE,PRODECINE 02,True,1500000.0,2,1.971315,4995160.199999999,2956972.5,2761587.0,2233573.1999999997,True,741938.0,True,148531.3724272547,11368558.0,20184.0,148.0,,,77.5,26.0,141139.0,41.0,True,True,3,45.5,4,True,2.0,10.0,3.9,7.3,34523.0,True,True
B2600020300000,DEPOIS DO TREM,2018,2026,MS,SALAS DE EXIBIÇÃO,DOCUMENTÁRIO,CONCURSO,CONCURSO PRODUÇÃO PARA CINEMA,False,999999.0,1,1.392194,1392192.607806,1392192.607806,1392192.607806,0.0,False,,False,0.0,,,,,,,,,,False,False,0,0.0,0,False,,,,,,False,False
B2500061500000,BOOMIES,2018,2025,SP,COMUNICAÇÃO ELETRÔNICA DE MASSA POR ASSINATURA (TV PAGA),ANIMAÇÃO,SAV/MINC 08,SAV/MINC 08,False,999997.9,1,1.392194,1392191.0763926,1392191.0763926,1392191.0763926,0.0,False,,False,0.0,,,,,,,,,,False,False,0,0.0,0,False,,,,,,False,False
B2400450500000,MASMORRAS & BATATAS,2018,2024,SP,COMUNICAÇÃO ELETRÔNICA DE MASSA POR ASSINATURA (TV PAGA),ANIMAÇÃO,SAV/MINC 08,SAV/MINC 08,False,999980.63,1,1.392194,1392167.03320222,1392167.03320222,1392167.03320222,0.0,False,,False,0.0,,,,,,,,,,False,False,0,0.0,0,False,,,,,,False,False
B2400088800000,BALEIAS EM ABROLHOS,2018,2024,SP,RADIODIFUSÃO DE SONS E IMAGENS (TV ABERTA),DOCUMENTÁRIO,FLUXO CONTINUO,FLUXO CONTÍNUO PRODUÇÃO PARA TELEVISÃO,False,999955.0,1,1.392194,2474794.35127,1392131.35127,1392131.35127,1082663.0,True,,False,0.0,,,,,,,,,,False,False,0,0.0,0,False,,,,,,False,False
B2500322800000,RIO PERDIDO,2018,2025,RJ,COMUNICAÇÃO ELETRÔNICA DE MASSA POR ASSINATURA (TV PAGA),DOCUMENTÁRIO,FLUXO CONTINUO,FLUXO CONTÍNUO PRODUÇÃO PARA TELEVISÃO,False,999339.0,1,1.392194,1391273.7597659999,1391273.7597659999,1391273.7597659999,0.0,False,,False,0.0,,,,,,,,,,False,False,0,0.0,0,False,,,,,,False,False
B2300554500000,MASHUP À BRASILEIRA,2018,2023,SP,RADIODIFUSÃO DE SONS E IMAGENS (TV ABERTA),DOCUMENTÁRIO,PRODAV,PRODAV - TVS PÚBLICAS,False,999240.0,1,1.392194,1391135.9325599999,1391135.9325599999,1391135.9325599999,0.0,False,,False,0.0,,,,,,,,,,False,False,0,0.0,0,False,,,3.767,,,True,False
B2000066500000,FIM DE FESTA,2015,2020,PE,SALAS DE EXIBIÇÃO,FICÇÃO,ARRANJOS,ARRANJOS REGIONAIS,False,2335415.5,4,1.580544,3645706.49143404,3691226.956032,3645706.49143404,0.0,False,5770.0,True,1582.683634449785,75690.41,444.0,14.0,,,6.0,2.0,,,False,False,0,1.2,1,True,,,3.998,6.6,251.0,True,True
B1402378700000,INFÂNCIA,2018,2014,RJ,SALAS DE EXIBIÇÃO,FICÇÃO,ARRANJOS,ARRANJOS REGIONAIS,False,1598419.5899999999,2,1.392194,5135492.242967309,2225310.1626804597,2572782.76268046,2562709.48028685,True,3529.0,True,687.1785279848712,49818.28,,,,,,,,,False,False,0,0.0,0,False,,,4.03,6.2,99.0,True,True
B1800515000000,CHUVA É CANTORIA NA ALDEIA DOS MORTOS,2014,2018,MG,SALAS DE EXIBIÇÃO,FICÇÃO,SAV/MINC 04,SAV/MINC 04,True,997550.0,1,1.749188,1744902.4894,1744902.4894,1744902.4894,0.0,False,3815.0,True,2186.3685926150642,42916.63,279.0,19.0,,,58.5,21.0,,34.0,False,False,0,21.7,3,True,1.0,24.0,4.003,6.8,884.0,True,True
B2000042800000,LAMENTO,2016,2020,PR,SALAS DE EXIBIÇÃO,FICÇÃO,PRODECINE,PRODECINE 02,False,996350.0,1,1.487011,1481583.4098500002,1481583.4098500002,1481583.4098500002,0.0,False,286.0,True,193.0367187554803,4407.58,91.0,7.0,,,,,,,False,False,0,0.0,0,False,,,3.6,6.6,46.0,True,True
B1900505100000,SAIDEIRA 2ª TEMPORADA,2013,2016,RJ,COMUNICAÇÃO ELETRÔNICA DE MASSA POR ASSINATURA (TV PAGA),DOCUMENTÁRIO,PRODAV,PRODAV 01,False,995847.6,1,1.861311,1853582.0922035999,1853582.0922035999,1853582.0922035999,0.0,False,,False,0.0,,,,,,,,,,False,False,0,0.0,0,False,,,3.87,,,True,False
B1900484900000,SANTIAGO DE LAS AMERICAS OU O OLHO DO TERCEIRO MUNDO,2015,2019,RJ,SALAS DE EXIBIÇÃO,DOCUMENTÁRIO,PRODECINE,PRODECINE 05,False,995128.18,1,1.580544,1572843.87412992,1572843.87412992,1572843.87412992,0.0,False,,False,0.0,,,,,,,,,,False,False,0,0.0,0,False,,,3.943,,,True,False
B2300130000000,O ULTIMO EPISÓDIO,2018,2023,MG,SALAS DE EXIBIÇÃO,FICÇÃO,DESEMPENHO,SUPORTE AUTOMÁTICO - DESEMPENHO ARTÍSTICO,False,1594165.83,2,1.392194,2332398.1035310198,2219388.1035310198,2332398.1035310198,0.0,False,3450.0,True,1479.1642965139793,49603.65,252.0,19.0,,,,,,,False,False,0,0.0,0,False,,,3.98,7.2,50.0,True,True
B1900563800000,AS CIDADES AZUIS,2015,2019,RS,RADIODIFUSÃO DE SONS E IMAGENS (TV ABERTA),DOCUMENTÁRIO,PRODAV,PRODAV 12,False,992146.1,1,1.580544,1568130.5654783999,1568130.5654783999,1568130.5654783999,0.0,False,,False,0.0,,,,,,,,,,False,False,0,0.0,0,False,,,,,,False,False
B1402546500000,A GRANDE VIAGEM - A SÉRIE,2010,2014,SP,RADIODIFUSÃO DE SONS E IMAGENS (TV ABERTA),FICÇÃO,PRODAV,PRODAV 01,False,990000.0,1,2.222058,2199837.42,2199837.42,2199837.42,0.0,False,,False,0.0,,,,,,,,,,False,False,0,0.0,0,False,,,3.9,,,True,False
B2100075400000,TEORIA DO ÍMPETO,2014,2021,DF,SALAS DE EXIBIÇÃO,FICÇÃO,ARRANJOS,ARRANJOS REGIONAIS,False,988506.84,1,1.749188,1729084.30244592,1729084.30244592,1729084.30244592,0.0,False,,False,0.0,,,,,,,,,,False,False,0,0.0,0,False,,,,,,False,False
B2200203400000,FIM DE SEMANA NO PARAÍSO SELVAGEM,2015,2022,PE,SALAS DE EXIBIÇÃO,FICÇÃO,ARRANJOS,ARRANJOS REGIONAIS,False,983665.08,1,1.580544,1554725.9402035198,1554725.9402035198,1554725.9402035198,0.0,False,534.0,True,343.46889454362434,8692.0,15.0,5.0,,,,,,,False,False,0,0.0,0,False,,,3.84,,,True,False
B1600708000000,FALA COMIGO,2013,2016,RJ,SALAS DE EXIBIÇÃO,FICÇÃO,PRODECINE,PRODECINE 05,False,1183310.0,2,1.861311,2127647.91941,2202507.91941,2127647.91941,0.0,False,8989.0,True,4224.853143227128,125041.04,508.0,17.0,,,13.5,4.0,,,False,False,0,2.7,1,True,,,3.5,6.2,704.0,True,True
B2400478100000,GUARD DOG E BILL PLYMPTON NO BRASIL,2013,2024,SP,COMUNICAÇÃO ELETRÔNICA DE MASSA POR ASSINATURA (TV PAGA),ANIMAÇÃO,PRODAV,PRODAV 01,False,980000.0,1,1.861311,1824084.78,1824084.78,1824084.78,0.0,False,,False,0.0,,,,,,,,,,False,False,0,0.0,0,False,,,,,,False,False
B1900331600000,SE ARREPENDIMENTO MATASSE,2015,2019,CE,SALAS DE EXIBIÇÃO,FICÇÃO,PRODECINE,PRODECINE 01,False,980000.0,1,1.580544,1548933.1199999999,1548933.1199999999,1548933.1199999999,0.0,False,131.0,True,84.57434237057312,2567.0,14.0,1.0,,,,,,,False,False,0,0.0,0,False,,,,,,False,False
B2300523600000,"MINHA CASA, NOSSO MUNDO",2018,2023,RJ,RADIODIFUSÃO DE SONS E IMAGENS (TV ABERTA),DOCUMENTÁRIO,PRODAV,PRODAV - TVS PÚBLICAS,False,979506.0,1,1.392194,1363662.376164,1363662.376164,1363662.376164,0.0,False,,False,0.0,,,,,,,,,,False,False,0,0.0,0,False,,,,,,False,False
B2200412200000,FAUSTO FAWCETT NA CABEÇA,2018,2022,RJ,SALAS DE EXIBIÇÃO,DOCUMENTÁRIO,FLUXO CONTINUO,FLUXO CONTÍNUO PRODUÇÃO PARA CINEMA,False,1010398.47,2,1.392194,1406670.6875431798,1406670.6875431798,1406670.6875431798,0.0,False,1064.0,True,756.3959421507026,23739.309999999998,79.0,7.0,,,,,,,False,False,0,0.0,0,False,,,3.92,7.3,7.0,True,True
B1700140400000,WERNER E OS MORTOS,2013,2015,RS,COMUNICAÇÃO ELETRÔNICA DE MASSA POR ASSINATURA (TV PAGA),FICÇÃO,PRODAV,PRODAV 01,False,974292.0,1,1.861311,1813460.4168119999,1813460.4168119999,1813460.4168119999,0.0,False,,False,0.0,,,,,,,,,,False,False,0,0.0,0,False,,,,,,False,False
B2000056100000,DIRETAS JÁ,2013,2018,SP,COMUNICAÇÃO ELETRÔNICA DE MASSA POR ASSINATURA (TV PAGA),DOCUMENTÁRIO,PRODAV,PRODAV 01,False,973425.0,1,1.861311,1811846.6601749999,1811846.6601749999,1811846.6601749999,0.0,False,,False,0.0,,,,,,,,,,False,False,0,0.0,0,False,,,,,,False,False
B2000028000000,BRASIL JOIADO,2016,2020,CE,COMUNICAÇÃO ELETRÔNICA DE MASSA POR ASSINATURA (TV PAGA),DOCUMENTÁRIO,PRODAV,PRODAV 02 - PROJETO DERIVADO,False,972400.0,1,1.487011,1445969.4964,1445969.4964,1445969.4964,0.0,False,,False,0.0,,,,,,,,,,False,False,0,0.0,0,False,,,,,,False,False
B2000430200000,DANÇAS DO MUNDO,2013,2020,SP,COMUNICAÇÃO ELETRÔNICA DE MASSA POR ASSINATURA (TV PAGA),DOCUMENTÁRIO,PRODAV,PRODAV 01,False,970640.0,1,1.861311,1806662.9090399998,1806662.9090399998,1806662.9090399998,0.0,False,,False,0.0,,,,,,,,,,False,False,0,0.0,0,False,,,3.195,,,True,False
B2400103500000,SENHORITAS,2015,2024,PE,SALAS DE EXIBIÇÃO,FICÇÃO,ARRANJOS,ARRANJOS REGIONAIS,True,966649.2,1,1.580544,1527831.5931648,1527831.5931648,1527831.5931648,0.0,False,,False,0.0,,,,,,,,,,False,False,0,0.0,1,True,1.0,0.0,,,,False,False
B2000044900000,PARA ONDE VOAM AS FEITICEIRAS,2016,2020,SP,SALAS DE EXIBIÇÃO,DOCUMENTÁRIO,PRODECINE,PRODECINE 05,False,1165080.5,2,1.487011,1713524.1193855002,1732487.5193855,1713524.1193855002,0.0,False,643.0,True,375.250043302916,8693.7,154.0,7.0,,,3.5,2.0,,,False,False,0,0.7,1,True,,,,7.0,44.0,False,True
B1900593500000,101 CANÇÕES,2014,2019,RJ,COMUNICAÇÃO ELETRÔNICA DE MASSA POR ASSINATURA (TV PAGA),DOCUMENTÁRIO,PRODAV,PRODAV 06,False,1202000.0,2,1.749188,2129478.3452,2102523.976,2129478.3452,0.0,False,,False,0.0,,,,,,,,,,False,False,0,0.0,0,False,,,,,,False,False
B1800151400000,À BRASILEIRA,2013,2017,SP,COMUNICAÇÃO ELETRÔNICA DE MASSA POR ASSINATURA (TV PAGA),DOCUMENTÁRIO,PRODAV,PRODAV 01,False,960730.0,1,1.861311,1788217.31703,1788217.31703,1788217.31703,0.0,False,,False,0.0,,,,,,,,,,False,False,0,0.0,0,False,,,3.767,,,True,False
B2500493500000,NA ONDA DA MARÉ,2022,2025,RJ,COMUNICAÇÃO ELETRÔNICA DE MASSA POR ASSINATURA (TV PAGA),DOCUMENTÁRIO,PRODUCAO,PRODUÇÃO TV-VOD,False,960255.0,1,1.096731,1053141.4264049998,1053141.4264049998,1053141.4264049998,0.0,False,,False,0.0,,,,,,,,,,False,False,0,0.0,0,False,,,,,,False,False
B2100036700000,O ESPAÇO INFINITO,2018,2021,DF,SALAS DE EXIBIÇÃO,FICÇÃO,FLUXO CONTINUO,FLUXO CONTÍNUO PRODUÇÃO PARA CINEMA,False,1760000.0,2,1.392194,2600941.44,2450261.44,2600941.44,0.0,False,583.0,True,224.14960638252583,7038.01,115.0,9.0,,,,,,,False,False,0,0.0,0,False,,,3.845,5.9,19.0,True,True
B2500380600000,PENSÃO LUDOVICO - 1A TEMPORADA,2018,2025,BA,RADIODIFUSÃO DE SONS E IMAGENS (TV ABERTA),FICÇÃO,ARRANJOS,ARRANJOS REGIONAIS,False,956780.0,1,1.392194,1332023.3753199999,1332023.3753199999,1332023.3753199999,0.0,False,,False,0.0,,,,,,,,,,False,False,0,0.0,0,False,,,,,,False,False
B2400184000000,RÉUS,2016,2024,DF,COMUNICAÇÃO ELETRÔNICA DE MASSA POR ASSINATURA (TV PAGA),FICÇÃO,PRODAV,PRODAV 02 - PROJETO DERIVADO,False,954791.04,1,1.487011,1419784.7791814401,1419784.7791814401,1419784.7791814401,0.0,False,,False,0.0,,,,,,,,,,False,False,0,0.0,0,False,1.0,0.0,,,,False,False
B2400433500000,MANUAL DO HERÓI,2016,2024,DF,SALAS DE EXIBIÇÃO,FICÇÃO,ARRANJOS,ARRANJOS REGIONAIS,False,953763.93,1,1.487011,1418257.4553132302,1418257.4553132302,1418257.4553132302,0.0,False,,False,0.0,,,,,,,,,,False,False,0,0.0,0,False,,,,,,False,False
B2400283000000,ARCA DE NOÉ,2021,2024,SP,SALAS DE EXIBIÇÃO,ANIMAÇÃO,COMPLEMENTAÇÃO,COMPLEMENTAÇÃO,True,3400585.36,5,1.160232,13785395.975881003,3945467.9534035195,4538397.10552,9246998.870361,True,378361.0,True,27446.509382971828,7379630.17,30255.0,324.0,,,,,,,False,False,0,0.0,1,True,,,,,,False,False
B2100339300000,PATERNO,2014,2021,PE,SALAS DE EXIBIÇÃO,FICÇÃO,SAV/MINC 03,SAV/MINC 03,True,952295.0,1,1.749188,1665742.98646,1665742.98646,1665742.98646,0.0,False,78.0,True,46.82595132263703,914.5,87.0,12.0,,,,,,,False,False,0,0.0,1,True,,,,,,False,False
B2400053100000,ANTONIO BANDEIRA - O POETA DAS CORES,2015,2024,CE,SALAS DE EXIBIÇÃO,DOCUMENTÁRIO,ARRANJOS,ARRANJOS REGIONAIS,False,951439.0,1,1.580544,1503791.202816,1503791.202816,1503791.202816,0.0,False,462.0,True,307.22350226205515,4922.27,44.0,2.0,,,,,,,False,False,0,0.0,0,False,,,,,,False,False
B2000284300000,ÚLTIMA CIDADE,2015,2020,CE,SALAS DE EXIBIÇÃO,FICÇÃO,ARRANJOS,ARRANJOS REGIONAIS,False,951439.0,1,1.580544,1503791.202816,1503791.202816,1503791.202816,0.0,False,185.0,True,123.0223980919485,,,,,,,,,,False,False,0,0.0,0,False,,,,6.4,9.0,False,True
B1600775400000,PLANETORAMA,2012,2015,PR,COMUNICAÇÃO ELETRÔNICA DE MASSA POR ASSINATURA (TV PAGA),ANIMAÇÃO,PRODAV,PRODAV 01,False,951259.6,1,1.971315,1875232.3183739998,1875232.3183739998,1875232.3183739998,0.0,False,,False,0.0,,,,,,,,,,False,False,0,0.0,0,False,,,,,,False,False
B1700602000000,ANTÁRTICA POR UM ANO,2013,2017,RJ,SALAS DE EXIBIÇÃO,DOCUMENTÁRIO,PRODECINE,PRODECINE 01,False,1050000.0,2,1.861311,1907464.8499999999,1954376.55,1907464.8499999999,0.0,False,484.0,True,253.73993130201066,7823.56,106.0,9.0,,,,,,,False,False,0,0.0,0,False,,,3.748,8.6,9.0,True,True
B1900591800000,BORIS E RUFUS- TEMPORADA 03,2017,2019,SC,COMUNICAÇÃO ELETRÔNICA DE MASSA POR ASSINATURA (TV PAGA),ANIMAÇÃO,ARRANJOS,ARRANJOS REGIONAIS,False,950000.0,1,1.444401,1372180.95,1372180.95,1372180.95,0.0,False,,False,0.0,,,,,,,,,,False,False,0,0.0,0,False,,,,,,False,False
B2000117400000,ROCKY & HUDSON: OS CAUBÓIS GAYS,2016,2020,RS,COMUNICAÇÃO ELETRÔNICA DE MASSA POR ASSINATURA (TV PAGA),ANIMAÇÃO,PRODAV,PRODAV 06,False,950000.0,1,1.487011,1412660.4500000002,1412660.4500000002,1412660.4500000002,0.0,False,,False,0.0,,,,,,,,,,False,False,0,0.0,0,False,,,,,,False,False
B2200040900000,"A TERCEIRA ERA DO ESPIRITO SANTO: A FÉ, A FESTA E A UTOPIA",2016,2022,CE,COMUNICAÇÃO ELETRÔNICA DE MASSA POR ASSINATURA (TV PAGA),DOCUMENTÁRIO,PRODAV,PRODAV 02 - PROJETO DERIVADO,False,950000.0,1,1.487011,1412660.4500000002,1412660.4500000002,1412660.4500000002,0.0,False,,False,0.0,,,,,,,,,,False,False,0,0.0,0,False,,,4.193,,,True,False
B2500119200000,NA TRILHA DO CINEMA,2022,2025,BA,COMUNICAÇÃO ELETRÔNICA DE MASSA POR ASSINATURA (TV PAGA),DOCUMENTÁRIO,PRODUCAO,PRODUÇÃO TV-VOD,False,950000.0,1,1.096731,1041894.45,1041894.45,1041894.45,0.0,False,,False,0.0,,,,,,,,,,False,False,0,0.0,0,False,,,,,,False,False
B2300026200000,13 CANÇÕES PARA FALAR DO SERTANEJO,2013,2023,SP,COMUNICAÇÃO ELETRÔNICA DE MASSA POR ASSINATURA (TV PAGA),DOCUMENTÁRIO,PRODAV,PRODAV 01,False,950000.0,1,1.861311,1768245.45,1768245.45,1768245.45,0.0,False,,False,0.0,,,,,,,,,,False,False,0,0.0,0,False,,,,,,False,False
B1402131600000,CASA GRANDE,2010,2014,RJ,INDEFINIDO,FICÇÃO,PRODECINE,PRODECINE 02,False,1150000.0,2,2.222058,2483708.2624000004,2555366.7,2483217.3000000003,490.9624,True,40433.0,True,16279.287149823991,524262.14,4.0,1.0,,,,,19926.0,,False,False,1,6.67,1,True,2.0,0.0,3.5,6.8,3411.0,True,True
B1900381200000,CASA,2015,2019,PE,SALAS DE EXIBIÇÃO,DOCUMENTÁRIO,PRODECINE,PRODECINE 05,False,945000.0,1,1.580544,1493614.0799999998,1493614.0799999998,1493614.0799999998,0.0,False,,False,0.0,,,,,,,,,,False,False,0,0.0,0,False,,,3.045,7.2,37.0,True,True
B2500261900000,OS ÍMPARES - 2ª TEMPORADA,2022,2025,RJ,COMUNICAÇÃO ELETRÔNICA DE MASSA POR ASSINATURA (TV PAGA),DOCUMENTÁRIO,PRODUCAO,PRODUÇÃO TV-VOD,False,941000.0,1,1.096731,1032023.8709999999,1032023.8709999999,1032023.8709999999,0.0,False,,False,0.0,,,,,,,,,,False,False,0,0.0,0,False,,,,,,False,False
B2400244500000,EL AUGE DEL HUMANO 3,2022,2024,RJ,SALAS DE EXIBIÇÃO,FICÇÃO,PRODUCAO,COPRODUÇÃO INTERNACIONAL CINEMA,True,940960.0,1,1.096731,1031980.0017599999,1031980.0017599999,1031980.0017599999,0.0,False,251.0,True,243.22176744891348,2962.65,55.0,7.0,,,,,,7.0,False,False,0,6.0,2,True,1.0,3.0,,,,False,False
B2200356700000,SOCIEDADE DO MEDO,2016,2022,RJ,SALAS DE EXIBIÇÃO,DOCUMENTÁRIO,PRODECINE,PRODECINE 02,False,940917.0,1,1.487011,1530761.649087,1399153.929087,1399153.929087,131607.72,True,493.0,True,322.0618966342948,8243.38,93.0,9.0,,,,,,,False,False,0,0.0,0,False,,,3.788,,,True,False
B2500453600000,CASARÃO,2017,2025,SC,SALAS DE EXIBIÇÃO,FICÇÃO,ARRANJOS,ARRANJOS REGIONAIS,False,1096165.0,2,1.444401,1583301.822165,1583301.822165,1583301.822165,0.0,False,,False,0.0,,,,,,,,,,False,False,0,0.0,0,False,1.0,0.0,,,,False,False
B1800228000000,AMAZÔNIA LEGAL,2015,2017,AM,RADIODIFUSÃO DE SONS E IMAGENS (TV ABERTA),DOCUMENTÁRIO,PRODAV,PRODAV 08,False,939400.0,1,1.580544,1484763.0336,1484763.0336,1484763.0336,0.0,False,,False,0.0,,,,,,,,,,False,False,0,0.0,0,False,,,,,,False,False
B2000238900000,TEMPO PRESENTE,2013,2020,RJ,COMUNICAÇÃO ELETRÔNICA DE MASSA POR ASSINATURA (TV PAGA),DOCUMENTÁRIO,PRODAV,PRODAV 01,False,938600.0,1,1.861311,1747026.5045999999,1747026.5045999999,1747026.5045999999,0.0,False,,False,0.0,,,,,,,,,,False,False,0,0.0,0,False,,,3.648,,,True,False
B2200004100000,CANÇÃO AO LONGE,2016,2022,MG,SALAS DE EXIBIÇÃO,FICÇÃO,PRODECINE,PRODECINE 05,False,1538400.0,2,1.487011,2343737.5224,2287617.7224000003,2343737.5224,0.0,False,1238.0,True,528.2161454377712,11665.59,133.0,9.0,,,,,,,False,False,0,0.0,0,False,,,,6.9,13.0,False,True
B2400015500000,ÁGUA: OS SETE PECADOS CAPITAIS,2018,2024,SP,COMUNICAÇÃO ELETRÔNICA DE MASSA POR ASSINATURA (TV PAGA),DOCUMENTÁRIO,FLUXO CONTINUO,FLUXO CONTÍNUO PRODUÇÃO PARA TELEVISÃO,False,935729.58,1,1.392194,1302717.10689852,1302717.10689852,1302717.10689852,0.0,False,,False,0.0,,,,,,,,,,False,False,0,0.0,0,False,,,,,,False,False
B2100535800000,A VIDA É DA COR QUE PINTAMOS,2016,2021,BA,SALAS DE EXIBIÇÃO,DOCUMENTÁRIO,PRODECINE,PRODECINE 05,False,930000.0,1,1.487011,1382920.23,1382920.23,1382920.23,0.0,False,1017.0,True,735.4003346960944,10216.0,10.0,2.0,,,,,,,False,False,0,0.0,0,False,,,3.2,,,True,False
B1900372100000,ANTENA DA RAÇA,2015,2019,DF,COMUNICAÇÃO ELETRÔNICA DE MASSA POR ASSINATURA (TV PAGA),DOCUMENTÁRIO,PRODAV,PRODAV 06,False,927850.0,1,1.580544,1466507.7504,1466507.7504,1466507.7504,0.0,False,,False,0.0,,,,,,,,,,False,False,0,0.0,0,False,,,4.1,6.5,48.0,True,True
B2100239100000,RINGUE,2013,2021,RJ,COMUNICAÇÃO ELETRÔNICA DE MASSA POR ASSINATURA (TV PAGA),FICÇÃO,PRODAV,PRODAV 01,False,925600.0,1,1.861311,1722829.4616,1722829.4616,1722829.4616,0.0,False,,False,0.0,,,,,,,,,,False,False,0,0.0,0,False,,,,,,False,False
B2200289800000,MARESIAS,2013,2022,BA,RADIODIFUSÃO DE SONS E IMAGENS (TV ABERTA),DOCUMENTÁRIO,PRODAV,PRODAV 01,False,924000.0,1,1.861311,1719851.3639999998,1719851.3639999998,1719851.3639999998,0.0,False,,False,0.0,,,,,,,,,,False,False,0,0.0,0,False,,,,,,False,False
B2400265000000,P.Q.P.,2018,2024,SC,COMUNICAÇÃO ELETRÔNICA DE MASSA POR ASSINATURA (TV PAGA),DOCUMENTÁRIO,FLUXO CONTINUO,FLUXO CONTÍNUO PRODUÇÃO PARA TELEVISÃO,False,920000.0,1,1.392194,1280818.48,1280818.48,1280818.48,0.0,False,,False,0.0,,,,,,,,,,False,False,0,0.0,0,False,,,,,,False,False
B1800114200000,INSTANTES CRUZADOS,2018,2018,SC,COMUNICAÇÃO ELETRÔNICA DE MASSA POR ASSINATURA (TV PAGA),DOCUMENTÁRIO,FLUXO CONTINUO,FLUXO CONTÍNUO PRODUÇÃO PARA TELEVISÃO,False,1539449.99,2,1.392194,2433807.5603368897,2143213.03937806,2433807.5603368897,0.0,False,,False,0.0,,,,,,,,,,False,False,0,0.0,0,False,,,,,,False,False
B2200243000000,SINFONIA DE UM HOMEM COMUM,2018,2022,RJ,SALAS DE EXIBIÇÃO,DOCUMENTÁRIO,CONCURSO,CONCURSO PRODUÇÃO PARA CINEMA,False,918500.0,1,1.392194,1545664.189,1278730.189,1278730.189,266934.0,True,15.0,True,9.704565912020364,181.95,39.0,4.0,,,8.5,4.0,,,False,False,0,1.7,1,True,,,4.1,8.0,48.0,True,True
B2300011000000,ZÉ,2018,2023,MG,SALAS DE EXIBIÇÃO,FICÇÃO,ARRANJOS,ARRANJOS REGIONAIS,False,1518010.0,2,1.392194,2226374.41394,2113364.41394,2226374.41394,0.0,False,1373.0,True,616.6977087965232,16038.72,102.0,8.0,,,,,,,False,False,0,0.0,0,False,,,3.732,,,True,False
B2000102800000,CORRENDO POR UM SONHO,2013,2020,SP,SALAS DE EXIBIÇÃO,FICÇÃO,PRODECINE,PRODECINE 04,False,914266.0,1,1.861311,9468599.55477465,1701733.362726,1701733.362726,7766866.192048649,True,5346.0,True,564.6030301602752,78672.15,430.0,13.0,,,,,,,False,False,0,0.0,0,False,,,3.775,6.7,109.0,True,True
B1101399100000,PROCURA-SE,2009,2010,DF,INDEFINIDO,FICÇÃO,PRODECINE,PRODECINE 01,False,914073.5,1,2.353382,2151164.121577,2151164.121577,2151164.121577,0.0,False,,False,0.0,,,,,,,,,,False,False,0,0.0,0,False,,,3.7,,,True,False
B2500178600000,A ARCA DO ZIRALDO,2018,2025,RJ,COMUNICAÇÃO ELETRÔNICA DE MASSA POR ASSINATURA (TV PAGA),FICÇÃO,FLUXO CONTINUO,FLUXO CONTÍNUO PRODUÇÃO PARA TELEVISÃO,False,913172.85,1,1.392194,1271313.7627329,1271313.7627329,1271313.7627329,0.0,False,,False,0.0,,,,,,,,,,False,False,0,0.0,0,False,,,,,,False,False
B1700033800000,PASSADO DA HORA,2014,2016,SC,RADIODIFUSÃO DE SONS E IMAGENS (TV ABERTA),ANIMAÇÃO,PRODAV,PRODAV 12,False,910000.0,1,1.749188,1591761.08,1591761.08,1591761.08,0.0,False,,False,0.0,,,,,,,,,,False,False,0,0.0,0,False,,,3.965,,,True,False
B1900158800000,AVENTURAS DE AMÍ,2018,2019,BA,RADIODIFUSÃO DE SONS E IMAGENS (TV ABERTA),ANIMAÇÃO,ARRANJOS,ARRANJOS REGIONAIS,False,1171333.0,2,1.392194,1679944.845152,1630722.774602,1679944.845152,0.0,False,,False,0.0,,,,,,,,,,False,False,0,0.0,0,False,,,4.5,,,True,False
B1900529800000,SABORES DA FLORESTA,2013,2019,PA,COMUNICAÇÃO ELETRÔNICA DE MASSA POR ASSINATURA (TV PAGA),DOCUMENTÁRIO,PRODAV,PRODAV 01,False,910000.0,1,1.861311,1693793.01,1693793.01,1693793.01,0.0,False,,False,0.0,,,,,,,,,,False,False,0,0.0,0,False,,,4.0,,,True,False
B1700178200000,#PARTIUBRASIL,2014,2016,PR,RADIODIFUSÃO DE SONS E IMAGENS (TV ABERTA),ANIMAÇÃO,PRODAV,PRODAV 12,False,910000.0,1,1.749188,1591761.08,1591761.08,1591761.08,0.0,False,,False,0.0,,,,,,,,,,False,False,0,0.0,0,False,,,,,,False,False
B2100010600000,OS QUATRO PARALAMAS,2014,2021,RJ,COMUNICAÇÃO ELETRÔNICA DE MASSA POR ASSINATURA (TV PAGA),DOCUMENTÁRIO,PRODAV,PRODAV 06,False,901021.44,1,1.749188,1576055.8905907199,1576055.8905907199,1576055.8905907199,0.0,False,,False,0.0,,,,,,,,,,False,False,0,0.0,0,False,,,3.3,7.0,207.0,True,True
B2200212700000,OS PRIMEIROS SOLDADOS,2017,2022,ES,SALAS DE EXIBIÇÃO,FICÇÃO,ARRANJOS,ARRANJOS REGIONAIS,False,900000.0,1,1.444401,1299960.9000000001,1299960.9000000001,1299960.9000000001,0.0,False,4454.0,True,3426.2568974189912,60622.65,213.0,15.0,,,16.5,11.0,,,False,True,1,9.97,1,True,,,4.2,6.8,256.0,True,True
B2400144100000,CINCO DA TARDE,2017,2024,RJ,SALAS DE EXIBIÇÃO,FICÇÃO,ARRANJOS,ARRANJOS REGIONAIS,True,900000.0,1,1.444401,1299960.9000000001,1299960.9000000001,1299960.9000000001,0.0,False,,False,0.0,,,,,,,,,,False,False,0,0.0,1,True,,,,,,False,False
B1900093700000,STELLA MODELS,2013,2018,RJ,COMUNICAÇÃO ELETRÔNICA DE MASSA POR ASSINATURA (TV PAGA),FICÇÃO,PRODAV,PRODAV 01,False,999000.0,2,1.861311,1818175.599,1859449.689,1818175.599,0.0,False,,False,0.0,,,,,,,,,,False,False,0,0.0,0,False,,,,,,False,False
B2000124100000,SEM RETORNO,2014,2020,GO,SALAS DE EXIBIÇÃO,FICÇÃO,ARRANJOS,ARRANJOS REGIONAIS,False,900000.0,1,1.749188,1574269.2,1574269.2,1574269.2,0.0,False,,False,0.0,,,,,,,,,,False,False,0,0.0,0,False,,,3.8,,,True,False
B2400339200000,CARTOGRAFIAS DO CORPO,2016,2024,MG,RADIODIFUSÃO DE SONS E IMAGENS (TV ABERTA),DOCUMENTÁRIO,PRODAV,PRODAV 02 - PROJETO DERIVADO,False,900000.0,1,1.487011,1338309.9000000001,1338309.9000000001,1338309.9000000001,0.0,False,,False,0.0,,,,,,,,,,False,False,0,0.0,0,False,,,,,,False,False
B1500672000000,ÓRFÃOS DO ELDORADO,2012,2015,RJ,SALAS DE EXIBIÇÃO,FICÇÃO,PRODECINE,PRODECINE 01,False,1450000.0,2,1.971315,11023690.3075,2858406.75,2797904.55,8225785.757499999,True,4023.0,True,364.94131164615,41791.06,1.0,1.0,,,,,,,False,False,0,0.0,0,False,,,,6.2,95.0,False,True
B2300377600000,MARRAIA,2017,2023,ES,SALAS DE EXIBIÇÃO,FICÇÃO,ARRANJOS,ARRANJOS REGIONAIS,False,900000.0,1,1.444401,1299960.9000000001,1299960.9000000001,1299960.9000000001,0.0,False,,False,0.0,,,,,,,,,,False,False,0,0.0,0,False,,,,,,False,False
B1700497900000,ORGANISMO,2015,2017,PE,SALAS DE EXIBIÇÃO,FICÇÃO,PRODECINE,PRODECINE 01,False,989420.0,2,1.580544,1555458.12362,1563821.84448,1555458.12362,0.0,False,2112.0,True,1357.799331225174,22418.34,137.0,8.0,,,,,,,False,False,0,0.0,0,False,,,,7.3,18.0,False,True
B2000255200000,ATRAS DA SOMBRA,2014,2020,GO,SALAS DE EXIBIÇÃO,FICÇÃO,ARRANJOS,ARRANJOS REGIONAIS,False,900000.0,1,1.749188,1574269.2,1574269.2,1574269.2,0.0,False,,False,0.0,,,,,,,,,,False,False,0,0.0,0,False,,,4.2,6.7,36.0,True,True
B1900616500000,MILTON E O  CLUBE DA ESQUINA,2013,2019,SP,COMUNICAÇÃO ELETRÔNICA DE MASSA POR ASSINATURA (TV PAGA),DOCUMENTÁRIO,PRODAV,PRODAV 01,False,900000.0,1,1.861311,1675179.9,1675179.9,1675179.9,0.0,False,,False,0.0,,,,,,,,,,False,False,0,0.0,0,False,,,4.45,,,True,False
B2100072600000,NA BOCA DO POVO - 2ª TEMPORADA,2013,2021,RJ,COMUNICAÇÃO ELETRÔNICA DE MASSA POR ASSINATURA (TV PAGA),DOCUMENTÁRIO,PRODAV,PRODAV 01,False,899030.0,1,1.861311,1673374.42833,1673374.42833,1673374.42833,0.0,False,,False,0.0,,,,,,,,,,False,False,0,0.0,0,False,,,,,,False,False
B1800567100000,TAIS & TAIANE,2010,2018,SP,SALAS DE EXIBIÇÃO,FICÇÃO,PRODECINE,PRODECINE 01,False,2097403.0,3,2.222058,5562597.228333,4660551.115374,4310733.828333,1251863.4,True,54.0,True,9.707695485294506,808.86,26.0,2.0,,,,,,,False,False,0,0.0,0,False,,,,,,False,False
B1900397500000,TEMPO DA TERRA,2013,2019,RJ,COMUNICAÇÃO ELETRÔNICA DE MASSA POR ASSINATURA (TV PAGA),DOCUMENTÁRIO,PRODAV,PRODAV 01,False,897256.0,1,1.861311,1670072.4626159999,1670072.4626159999,1670072.4626159999,0.0,False,,False,0.0,,,,,,,,,,False,False,0,0.0,0,False,,,3.648,,,True,False
B1800458500000,A PRINCESA DE ELYMIA,2010,2018,PB,SALAS DE EXIBIÇÃO,ANIMAÇÃO,PRODECINE,PRODECINE 01,False,1675246.0,3,2.222058,3348009.210268,3722493.7762680002,3348009.210268,0.0,False,,False,0.0,,,,,,,,,,False,False,0,0.0,0,False,,,3.343,7.7,36.0,True,True
B2500070700000,ARTE BRASILEIRA QUADRO A QUADRO - SEGUNDA TEMPORADA,2018,2025,RJ,COMUNICAÇÃO ELETRÔNICA DE MASSA POR ASSINATURA (TV PAGA),DOCUMENTÁRIO,DESEMPENHO,SUPORTE AUTOMÁTICO - DESEMPENHO COMERCIAL TV E VOD,False,895842.0,1,1.392194,1247185.857348,1247185.857348,1247185.857348,0.0,False,,False,0.0,,,,,,,,,,False,False,0,0.0,0,False,,,,,,False,False
B1900121000000,O RIO DE JANEIRO DE HO CHI MINH,2015,2019,RJ,SALAS DE EXIBIÇÃO,FICÇÃO,PRODECINE,PRODECINE 05,False,1289746.0,3,1.580544,2034662.694324,2038500.301824,2034662.694324,0.0,False,236.0,True,115.98974152244388,3080.28,49.0,6.0,,,,,,,False,False,0,0.0,0,False,,,4.225,,,True,False
B2400158500000,13 SENTIMENTOS,2016,2024,SP,SALAS DE EXIBIÇÃO,FICÇÃO,PRODAV,PRODAV 07,False,890245.3,1,1.487011,1323804.5537983002,1323804.5537983002,1323804.5537983002,0.0,False,6829.0,True,5158.616489425139,109804.68,557.0,20.0,,,,,,,False,False,0,0.0,0,False,,,,,,False,False
B1101369300000,BOBOLÂNDIA MONSTROLÂNDIA,2010,2010,SP,INDEFINIDO,ANIMAÇÃO,PRODAV,PRODAV 01,False,890000.0,1,2.222058,1977631.62,1977631.62,1977631.62,0.0,False,,False,0.0,,,,,,,,,,False,False,0,0.0,0,False,,,,,,False,False
B1800320300000,WORK IN PROGRESS - POR DENTRO DA OSESP,2013,2018,SP,COMUNICAÇÃO ELETRÔNICA DE MASSA POR ASSINATURA (TV PAGA),DOCUMENTÁRIO,PRODAV,PRODAV 01,False,887183.0,1,1.861311,1651323.476913,1651323.476913,1651323.476913,0.0,False,,False,0.0,,,,,,,,,,False,False,0,0.0,0,False,,,4.4,,,True,False
B1402301100000,UM HOMEM SÓ,2009,2013,RJ,INDEFINIDO,FICÇÃO,PRODECINE,PRODECINE 01,False,886146.0,1,2.353382,7085070.50133084,2085440.045772,2085440.045772,4999630.45555884,True,3456.0,True,487.78625411713745,59021.39,898.0,17.0,,,,,,,False,False,0,0.0,0,False,,,4.1,,,True,False
B2400276600000,CONTOS DO MESTRE DOS MAGOS,2018,2022,RJ,COMUNICAÇÃO ELETRÔNICA DE MASSA POR ASSINATURA (TV PAGA),VARIEDADES,FLUXO CONTINUO,FLUXO CONTÍNUO PRODUÇÃO PARA TELEVISÃO,False,884738.91,1,1.392194,1231728.20206854,1231728.20206854,1231728.20206854,0.0,False,,False,0.0,,,,,,,,,,False,False,0,0.0,0,False,,,4.223,,,True,False
B2100484600000,TINNITUS,2017,2021,SP,SALAS DE EXIBIÇÃO,FICÇÃO,PRODAV,PRODAV 07,False,1819275.0,3,1.444401,2668113.008935,2627762.629275,2668113.008935,0.0,False,1201.0,True,450.1308587672564,17158.83,233.0,10.0,5.0,29.0,29.0,8.0,942.0,,False,False,1,12.47,3,True,2.0,0.0,,6.6,22.0,False,True
B1600690700000,ANGELI THE KILLER,2012,2016,SP,COMUNICAÇÃO ELETRÔNICA DE MASSA POR ASSINATURA (TV PAGA),ANIMAÇÃO,PRODAV,PRODAV 01,False,879780.0,1,1.971315,1734323.5107,1734323.5107,1734323.5107,0.0,False,,False,0.0,,,,,,,,,,False,False,0,0.0,0,False,,,2.627,,,True,False
B2200349500000,TRÊS TIGRES TRISTES,2018,2022,MG,SALAS DE EXIBIÇÃO,FICÇÃO,FLUXO CONTINUO,FLUXO CONTÍNUO PRODUÇÃO PARA CINEMA,False,873400.0,1,1.392194,1215942.2396,1215942.2396,1215942.2396,0.0,False,725.0,True,596.2454271170793,10284.0,108.0,19.0,12.0,52.0,55.0,16.0,,,False,False,0,11.0,2,True,1.0,0.0,3.75,5.9,223.0,True,True
B1500660200000,FORA DE QUADRO,2012,2015,RS,COMUNICAÇÃO ELETRÔNICA DE MASSA POR ASSINATURA (TV PAGA),FICÇÃO,PRODAV,PRODAV 01,False,870000.0,1,1.971315,1715044.05,1715044.05,1715044.05,0.0,False,,False,0.0,,,,,,,,,,False,False,0,0.0,0,False,,,3.98,,,True,False
B1500407800000,FEITO TORTO PRA FICAR DIREITO,2013,2015,SC,COMUNICAÇÃO ELETRÔNICA DE MASSA POR ASSINATURA (TV PAGA),DOCUMENTÁRIO,PRODAV,PRODAV 01,False,1169146.0,2,1.861311,2376707.2854059995,2176144.310406,2209145.5104059996,167561.775,True,,False,0.0,,,,,,,,,,False,False,0,0.0,0,False,,,,,,False,False
B2500330800000,DELEGADO,2017,2025,PE,COMUNICAÇÃO ELETRÔNICA DE MASSA POR ASSINATURA (TV PAGA),FICÇÃO,PRODAV,PRODAV 07,False,2099724.95,3,1.444401,3253872.9520151503,3032844.8175049503,3253872.9520151503,0.0,False,,False,0.0,,,,,,,,,,False,False,0,0.0,0,False,,,,,,False,False
B1800586900000,SEGUNDO TAKE,2015,2018,RJ,COMUNICAÇÃO ELETRÔNICA DE MASSA POR ASSINATURA (TV PAGA),DOCUMENTÁRIO,PRODAV,PRODAV 06,False,865593.0,1,1.580544,1368107.822592,1368107.822592,1368107.822592,0.0,False,,False,0.0,,,,,,,,,,False,False,0,0.0,0,False,,,,,,False,False
B1900380200000,ITINERÁRIOS DO OLHAR,2013,2019,SP,COMUNICAÇÃO ELETRÔNICA DE MASSA POR ASSINATURA (TV PAGA),DOCUMENTÁRIO,PRODAV,PRODAV 01,False,864270.0,1,1.861311,1608675.25797,1608675.25797,1608675.25797,0.0,False,,False,0.0,,,,,,,,,,False,False,0,0.0,0,False,,,4.245,,,True,False
B1700221100000,DESIGNERS DO BRASIL,2013,2016,SP,COMUNICAÇÃO ELETRÔNICA DE MASSA POR ASSINATURA (TV PAGA),DOCUMENTÁRIO,PRODAV,PRODAV 02 - PROJETO DERIVADO,False,859210.0,1,1.861311,1599257.02431,1599257.02431,1599257.02431,0.0,False,,False,0.0,,,,,,,,,,False,False,0,0.0,0,False,,,4.343,,,True,False
B2100010700000,LOOP,2018,2021,MT,SALAS DE EXIBIÇÃO,FICÇÃO,FLUXO CONTINUO,FLUXO CONTÍNUO PRODUÇÃO PARA CINEMA,False,1592313.95,2,1.392194,4020036.3640118,2216809.9273063,2354933.2600117996,1665103.1039999998,True,24.0,True,5.970095249598482,367.6,16.0,2.0,,,,,,,False,False,0,0.0,0,False,,,3.356,6.4,363.0,True,True
B1700104200000,PENDULAR,2013,2017,RJ,SALAS DE EXIBIÇÃO,FICÇÃO,PRODECINE,PRODECINE 05,True,1053865.0,2,1.861311,2072841.617015,1961570.5170149999,1886710.5170149999,186131.1,True,7828.0,True,3776.458334174479,94212.96,502.0,16.0,,,33.5,10.0,,1.0,False,False,0,8.7,3,True,2.0,1.0,,6.2,608.0,False,True
B2100156800000,ALVORADA,2016,2021,SP,SALAS DE EXIBIÇÃO,DOCUMENTÁRIO,PRODAV,PRODAV 06,False,953000.0,2,1.487011,1412860.4830000002,1417121.483,1412860.4830000002,0.0,False,1189.0,True,841.5551388876943,21256.4,325.0,7.0,,,,,,,False,False,0,0.0,0,False,,,3.82,6.9,230.0,True,True
B1700110600000,"MEU CORPO, MINHA VIDA",2014,2017,RJ,COMUNICAÇÃO ELETRÔNICA DE MASSA POR ASSINATURA (TV PAGA),DOCUMENTÁRIO,PRODAV,PRODAV 06,False,852043.5,1,1.749188,1490384.265678,1490384.265678,1490384.265678,0.0,False,,False,0.0,,,,,,,,,,False,False,0,0.0,0,False,,,3.2,,,True,False
B2000207600000,AMORES CUBANOS,2013,2019,RJ,COMUNICAÇÃO ELETRÔNICA DE MASSA POR ASSINATURA (TV PAGA),DOCUMENTÁRIO,PRODAV,PRODAV 01,True,850168.0,1,1.861311,1582427.0502479998,1582427.0502479998,1582427.0502479998,0.0,False,,False,0.0,,,,,,,,,,False,False,0,0.0,1,True,,,,,,False,False
B2000230800000,CONFISSÕES DE MULHERES DE 50,2016,2018,RJ,COMUNICAÇÃO ELETRÔNICA DE MASSA POR ASSINATURA (TV PAGA),FICÇÃO,PRODAV,PRODAV 06,False,850000.0,1,1.487011,1263959.35,1263959.35,1263959.35,0.0,False,,False,0.0,,,,,,,,,,False,False,0,0.0,0,False,,,4.058,,,True,False
B2200149500000,ALICE DOS ANJOS,2016,2022,BA,SALAS DE EXIBIÇÃO,FICÇÃO,SAV/MINC 02,SAV/MINC 02,False,848828.01,1,1.487011,1262216.5879781102,1262216.5879781102,1262216.5879781102,0.0,False,18.0,True,14.260627036151867,236.76,19.0,2.0,,,,,,,False,False,0,0.0,0,False,,,4.273,5.5,103.0,True,True
B1800561800000,PAULO CASÉ,2014,2018,RJ,SALAS DE EXIBIÇÃO,DOCUMENTÁRIO,PRODAV,PRODAV 06,False,847000.0,1,1.749188,1481562.236,1481562.236,1481562.236,0.0,False,163.0,True,110.01900294116298,,16.0,1.0,,,,,,,False,False,0,0.0,0,False,,,,,,False,False
B2300422000000,CARTÓRIO DAS ALMAS,2016,2023,DF,SALAS DE EXIBIÇÃO,FICÇÃO,ARRANJOS,ARRANJOS REGIONAIS,False,846142.41,1,1.487011,1258223.07123651,1258223.07123651,1258223.07123651,0.0,False,,False,0.0,,,,,,,,,,False,False,0,0.0,0,False,,,2.975,6.4,5.0,True,True
B2400151000000,BRASIL VISUAL - 2ª TEMPORADA,2013,2024,PE,COMUNICAÇÃO ELETRÔNICA DE MASSA POR ASSINATURA (TV PAGA),DOCUMENTÁRIO,PRODAV,PRODAV 01,False,845000.0,1,1.861311,1572807.795,1572807.795,1572807.795,0.0,False,,False,0.0,,,,,,,,,,False,False,0,0.0,0,False,,,,,,False,False
B1500408100000,UM FILME DE CINEMA,2014,2015,RJ,SALAS DE EXIBIÇÃO,DOCUMENTÁRIO,PRODAV,PRODAV 11,False,1295000.0,3,1.749188,2405840.5599999996,2265198.46,2405840.5599999996,0.0,False,4043.0,True,1680.4937397846516,42722.63,328.0,12.0,,,,,,,False,False,0,0.0,0,False,,,2.675,7.7,88.0,True,True
B1600718700000,UM FILME DE CINEMA,2014,2016,SP,RADIODIFUSÃO DE SONS E IMAGENS (TV ABERTA),FICÇÃO,PRODAV,PRODAV 11,False,1295000.0,3,1.749188,2265198.46,2265198.46,,,False,,False,0.0,,,,,,,,,,False,False,0,0.0,0,False,,,2.675,7.7,88.0,True,True
B1700621800000,O COLORIDO MUNDO DE DALTON,2014,2016,PR,RADIODIFUSÃO DE SONS E IMAGENS (TV ABERTA),FICÇÃO,PRODAV,PRODAV 12,False,845000.0,1,1.749188,1478063.8599999999,1478063.8599999999,1478063.8599999999,0.0,False,,False,0.0,,,,,,,,,,False,False,0,0.0,0,False,,,3.767,,,True,False
B1700452300000,"A BICICLETA DO VOVÔ, A SÉRIE",2014,2016,BA,RADIODIFUSÃO DE SONS E IMAGENS (TV ABERTA),FICÇÃO,PRODAV,PRODAV 09,False,844995.0,1,1.749188,1478055.11406,1478055.11406,1478055.11406,0.0,False,,False,0.0,,,,,,,,,,False,False,0,0.0,0,False,,,,,,False,False
B2500309500000,PARALELO 60 - A CIÊNCIA BRASILEIRA NOS EXTREMOS DO PLANETA,2016,2025,MG,RADIODIFUSÃO DE SONS E IMAGENS (TV ABERTA),DOCUMENTÁRIO,PRODAV,PRODAV 02 - PROJETO DERIVADO,False,843788.22,1,1.487011,1254722.36481042,1254722.36481042,1254722.36481042,0.0,False,,False,0.0,,,,,,,,,,False,False,0,0.0,0,False,,,,,,False,False
B2200462200000,PROFISSÃO: MÃE,2013,2022,SP,COMUNICAÇÃO ELETRÔNICA DE MASSA POR ASSINATURA (TV PAGA),DOCUMENTÁRIO,PRODAV,PRODAV 01,False,840000.0,1,1.861311,1563501.24,1563501.24,1563501.24,0.0,False,,False,0.0,,,,,,,,,,False,False,0,0.0,0,False,,,3.5,,,True,False
B2300363900000,UTOPIA TROPICAL,2018,2023,DF,SALAS DE EXIBIÇÃO,DOCUMENTÁRIO,ARRANJOS,ARRANJOS REGIONAIS,False,833340.0,1,1.392194,1160170.94796,1160170.94796,1160170.94796,0.0,False,576.0,True,496.4785586234652,9599.66,61.0,5.0,,,,,,,False,False,0,0.0,0,False,,,,7.7,23.0,False,True
B1800042800000,MOBILIS,2013,2018,SP,COMUNICAÇÃO ELETRÔNICA DE MASSA POR ASSINATURA (TV PAGA),DOCUMENTÁRIO,PRODAV,PRODAV 01,False,830104.0,1,1.861311,1545081.706344,1545081.706344,1545081.706344,0.0,False,,False,0.0,,,,,,,,,,False,False,0,0.0,0,False,,,,,,False,False
B1402521900000,AS AVENTURAS DO AVIÃO VERMELHO,2009,2014,RS,SALAS DE EXIBIÇÃO,ANIMAÇÃO,PRODECINE,PRODECINE 01,False,829966.1,1,2.353382,3610387.2803502,1953227.2803502,1953227.2803502,1657160.0,True,22127.0,True,6128.705394135371,222862.05,2.0,2.0,,,,,,,True,False,1,6.67,0,False,,,4.003,6.9,164.0,True,True
B2100232400000,O ACIDENTE,2016,2021,RS,SALAS DE EXIBIÇÃO,FICÇÃO,PRODAV,PRODAV 07,False,869107.4600000001,2,1.487011,1292372.3532020603,1292372.35320206,1292372.3532020603,0.0,False,677.0,True,523.8428370296097,7813.11,55.0,7.0,6.0,20.0,20.0,10.0,,,False,False,0,4.0,2,True,1.0,0.0,,6.0,84.0,False,True
B2600027100000,GRANDES CENAS - 3ª TEMPORADA,2022,2026,RS,COMUNICAÇÃO ELETRÔNICA DE MASSA POR ASSINATURA (TV PAGA),DOCUMENTÁRIO,PRODUCAO,PRODUÇÃO TV/VOD – VIA PROGRAMADORA,False,825000.0,1,1.096731,904803.075,904803.075,904803.075,0.0,False,,False,0.0,,,,,,,,,,False,False,0,0.0,0,False,,,,,,False,False
B1800150600000,O CHALÉ É UMA ILHA BATIDA DE VENTO E CHUVA,2014,2018,RJ,SALAS DE EXIBIÇÃO,DOCUMENTÁRIO,SAV/MINC 04,SAV/MINC 04,False,824836.75,1,1.749188,1442794.545059,1442794.545059,1442794.545059,0.0,False,333.0,True,230.80209246728384,2700.86,18.0,4.0,,,,,,,False,False,0,0.0,0,False,,,3.5,,,True,False
B2100075500000,LAMAÇAL,2017,2021,PR,SALAS DE EXIBIÇÃO,FICÇÃO,PRODECINE,PRODECINE 07,True,821925.0,1,1.444401,1187189.291925,1187189.291925,1187189.291925,0.0,False,89.0,True,74.96698345020326,1288.1,19.0,3.0,,,,,,,False,False,0,0.0,1,True,,,,,,False,False
B2500457200000,COPAN,2022,2025,SP,SALAS DE EXIBIÇÃO,DOCUMENTÁRIO,NOVOS REALIZADORES,CINEMA NOVOS REALIZADORES,True,817198.38,1,1.096731,896246.7964957799,896246.7964957799,896246.7964957799,0.0,False,,False,0.0,,,,,,,,,,False,False,0,0.0,1,True,,,,,,False,False
B2100371800000,MARIAS,2014,2021,PE,SALAS DE EXIBIÇÃO,DOCUMENTÁRIO,SAV/MINC 04,SAV/MINC 04,False,1016988.0,2,1.749188,3453416.281744,1778903.205744,1801327.805744,1652088.476,True,525.0,True,152.0233754544272,5084.32,122.0,9.0,,,,,,,False,False,0,0.0,0,False,,,,,,False,False
B2400005200000,CURTA O BICHO,2013,2024,RS,COMUNICAÇÃO ELETRÔNICA DE MASSA POR ASSINATURA (TV PAGA),ANIMAÇÃO,PRODAV,PRODAV 02 - PROJETO DERIVADO,False,812460.0,1,1.861311,1512240.7350599999,1512240.7350599999,1512240.7350599999,0.0,False,,False,0.0,,,,,,,,,,False,False,0,0.0,0,False,,,,,,False,False
B2300549200000,A ENTREGA,2018,2023,BA,SALAS DE EXIBIÇÃO,FICÇÃO,FLUXO CONTINUO,FLUXO CONTÍNUO PRODUÇÃO PARA CINEMA,False,811228.56,1,1.392194,1129387.5338606401,1129387.5338606401,1129387.5338606401,0.0,False,275.0,True,243.49480736692232,5084.93,28.0,3.0,,,,,,,False,False,0,0.0,0,False,,,3.923,,,True,False
B2000145400000,CAIXAS MÁGICAS,2013,2020,PE,COMUNICAÇÃO ELETRÔNICA DE MASSA POR ASSINATURA (TV PAGA),DOCUMENTÁRIO,PRODAV,PRODAV 01,False,810260.0,1,1.861311,1508145.85086,1508145.85086,1508145.85086,0.0,False,,False,0.0,,,,,,,,,,False,False,0,0.0,0,False,,,,,,False,False
B2000199400000,PESSOAS - CONTAR PARA VIVER,2013,2020,SP,COMUNICAÇÃO ELETRÔNICA DE MASSA POR ASSINATURA (TV PAGA),DOCUMENTÁRIO,PRODAV,PRODAV 01,False,807500.0,1,1.861311,1503008.6325,1503008.6325,1503008.6325,0.0,False,,False,0.0,,,,,,,,,,False,False,0,0.0,0,False,,,4.084,,,True,False
B1900050000000,1968 - O DESPERTAR,2013,2018,SP,COMUNICAÇÃO ELETRÔNICA DE MASSA POR ASSINATURA (TV PAGA),DOCUMENTÁRIO,PRODAV,PRODAV 01,True,805000.0,1,1.861311,1498355.355,1498355.355,1498355.355,0.0,False,,False,0.0,,,,,,,,,,False,False,0,0.0,1,True,,,3.6,,,True,False
B1900263600000,VESTÍGIOS DO BRASIL,2015,2019,RJ,COMUNICAÇÃO ELETRÔNICA DE MASSA POR ASSINATURA (TV PAGA),DOCUMENTÁRIO,PRODAV,PRODAV 06,False,803476.34,1,1.580544,1269929.70832896,1269929.70832896,1269929.70832896,0.0,False,,False,0.0,,,,,,,,,,False,False,0,0.0,0,False,,,4.343,,,True,False
B2500049900000,RECONEXÃO,2016,2025,PE,RADIODIFUSÃO DE SONS E IMAGENS (TV ABERTA),DOCUMENTÁRIO,PRODAV,PRODAV 02 - PROJETO DERIVADO,False,803360.0,1,1.487011,1194605.15696,1194605.15696,1194605.15696,0.0,False,,False,0.0,,,,,,,,,,False,False,0,0.0,0,False,,,,,,False,False
B2500388600000,NIMUENDAJU,2022,2025,MG,SALAS DE EXIBIÇÃO,ANIMAÇÃO,NOVOS REALIZADORES,CINEMA NOVOS REALIZADORES,True,802749.5,1,1.096731,5324517.3729135,880400.2618844999,880400.2618844999,4444117.111029,True,,False,0.0,,,,,,,,,,False,False,0,0.0,1,True,,,,,,False,False
B2400078000000,ESTRADA REAL,2018,2024,SP,COMUNICAÇÃO ELETRÔNICA DE MASSA POR ASSINATURA (TV PAGA),DOCUMENTÁRIO,FLUXO CONTINUO,FLUXO CONTÍNUO PRODUÇÃO PARA TELEVISÃO,False,800000.0,1,1.392194,1413755.2,1113755.2,1113755.2,300000.0,True,,False,0.0,,,,,,,,,,False,False,0,0.0,0,False,,,,,,False,False
B1402440900000,X-CORAÇÃO,2010,2014,RS,RADIODIFUSÃO DE SONS E IMAGENS (TV ABERTA),ANIMAÇÃO,PRODAV,PRODAV 01,False,800000.0,1,2.222058,1777646.4000000001,1777646.4000000001,1777646.4000000001,0.0,False,,False,0.0,,,,,,,,,,False,False,0,0.0,0,False,,,,,,False,False
B2200313200000,ESTADOS DA ARTE - 2ª TEMPORADA - NORTE E NORDESTE,2016,2022,RN,COMUNICAÇÃO ELETRÔNICA DE MASSA POR ASSINATURA (TV PAGA),DOCUMENTÁRIO,PRODAV,PRODAV 02 - PROJETO DERIVADO,False,800000.0,1,1.487011,1189608.8,1189608.8,1189608.8,0.0,False,,False,0.0,,,,,,,,,,False,False,0,0.0,0,False,,,,,,False,False
B2400188000000,UMBANDA - BRASIL EM TRANSE,2018,2024,SP,COMUNICAÇÃO ELETRÔNICA DE MASSA POR ASSINATURA (TV PAGA),DOCUMENTÁRIO,FLUXO CONTINUO,FLUXO CONTÍNUO PRODUÇÃO PARA TELEVISÃO,False,800000.0,1,1.392194,1113755.2,1113755.2,1113755.2,0.0,False,,False,0.0,,,,,,,,,,False,False,0,0.0,0,False,,,,,,False,False
B2300257900000,A ESTAÇÃO,2016,2023,MG,SALAS DE EXIBIÇÃO,FICÇÃO,PRODECINE,PRODECINE 01,True,800000.0,1,1.487011,1189608.8,1189608.8,1189608.8,0.0,False,526.0,True,442.1621628891784,8797.46,99.0,9.0,,,,,,,False,False,0,0.0,1,True,,,,,,False,False
B2000173300000,UM LUGAR PARA SENTIR,2013,2020,RS,RADIODIFUSÃO DE SONS E IMAGENS (TV ABERTA),DOCUMENTÁRIO,PRODAV,PRODAV 02 - PROJETO DERIVADO,False,800000.0,1,1.861311,1489048.8,1489048.8,1489048.8,0.0,False,,False,0.0,,,,,,,,,,False,False,0,0.0,0,False,,,,,,False,False
B2400019000000,VIDA DE ARTISTA,2018,2024,SP,COMUNICAÇÃO ELETRÔNICA DE MASSA POR ASSINATURA (TV PAGA),DOCUMENTÁRIO,FLUXO CONTINUO,FLUXO CONTÍNUO PRODUÇÃO PARA TELEVISÃO,False,800000.0,1,1.392194,1113755.2,1113755.2,1113755.2,0.0,False,,False,0.0,,,,,,,,,,False,False,0,0.0,0,False,,,,,,False,False
B1800206400000,UMA NOITE NÃO É NADA,2012,2016,SP,SALAS DE EXIBIÇÃO,FICÇÃO,PRODECINE,PRODECINE 02,False,1432942.0,2,1.971315,4007017.3069619997,2824780.0587299997,2755153.906962,1251863.4,True,1008.0,True,251.55868387407472,13987.77,309.0,10.0,,,,,,,False,False,0,0.0,0,False,,,,,,False,False
B1700146700000,TERRA BRASIL,2013,2016,SP,COMUNICAÇÃO ELETRÔNICA DE MASSA POR ASSINATURA (TV PAGA),DOCUMENTÁRIO,PRODAV,PRODAV 01,False,800000.0,1,1.861311,1489048.8,1489048.8,1489048.8,0.0,False,,False,0.0,,,,,,,,,,False,False,0,0.0,0,False,,,,,,False,False
B2500075300000,VISTO PARA AMAR,2018,2025,TO,RADIODIFUSÃO DE SONS E IMAGENS (TV ABERTA),DOCUMENTÁRIO,PRODAV,PRODAV - TVS PÚBLICAS,False,800000.0,1,1.392194,1113755.2,1113755.2,1113755.2,0.0,False,,False,0.0,,,,,,,,,,False,False,0,0.0,0,False,,,,,,False,False
B2300381600000,DOUTORA QUERIDA,2018,2023,SP,RADIODIFUSÃO DE SONS E IMAGENS (TV ABERTA),DOCUMENTÁRIO,FLUXO CONTINUO,FLUXO CONTÍNUO PRODUÇÃO PARA TELEVISÃO,False,800000.0,1,1.392194,1113755.2,1113755.2,1113755.2,0.0,False,,False,0.0,,,,,,,,,,False,False,0,0.0,0,False,,,,,,False,False
B2300422200000,INVASORES,2018,2023,SP,COMUNICAÇÃO ELETRÔNICA DE MASSA POR ASSINATURA (TV PAGA),DOCUMENTÁRIO,FLUXO CONTINUO,FLUXO CONTÍNUO PRODUÇÃO PARA TELEVISÃO,False,850000.0,2,1.392194,1201214.5999999999,1183364.9,1201214.5999999999,0.0,False,,False,0.0,,,,,,,,,,False,False,0,0.0,0,False,,,3.89,,,True,False
B2300501200000,FUNK FAVELA,2018,2023,SP,COMUNICAÇÃO ELETRÔNICA DE MASSA POR ASSINATURA (TV PAGA),DOCUMENTÁRIO,FLUXO CONTINUO,FLUXO CONTÍNUO PRODUÇÃO PARA TELEVISÃO,True,800000.0,1,1.392194,1113755.2,1113755.2,1113755.2,0.0,False,,False,0.0,,,,,,,,,,False,False,0,0.0,1,True,,,,,,False,False
B1800212800000,TALVEZ UMA HISTÓRIA DE AMOR,2015,2018,SP,SALAS DE EXIBIÇÃO,FICÇÃO,PRODECINE,PRODECINE 01,False,800000.0,1,1.580544,9640297.47378,1264435.2,1264435.2,8375862.273779999,True,38193.0,True,3961.8072060409527,557308.25,6284.0,79.0,,,,,,,False,False,0,0.0,0,False,,,4.3,6.3,491.0,True,True
B2400321000000,SPA DAS TARTARUGAS,2018,2024,BA,RADIODIFUSÃO DE SONS E IMAGENS (TV ABERTA),FICÇÃO,FLUXO CONTINUO,FLUXO CONTÍNUO PRODUÇÃO PARA TELEVISÃO,False,800000.0,1,1.392194,1113755.2,1113755.2,1113755.2,0.0,False,,False,0.0,,,,,,,,,,False,False,0,0.0,0,False,,,,,,False,False
B2400288300000,SERTÃO DIVINO,2018,2024,BA,RADIODIFUSÃO DE SONS E IMAGENS (TV ABERTA),DOCUMENTÁRIO,FLUXO CONTINUO,FLUXO CONTÍNUO PRODUÇÃO PARA TELEVISÃO,False,800000.0,1,1.392194,1113755.2,1113755.2,1113755.2,0.0,False,,False,0.0,,,,,,,,,,False,False,0,0.0,0,False,,,,,,False,False
B2200413500000,ESQUADRÃO JAMBOCK,2013,2022,PR,RADIODIFUSÃO DE SONS E IMAGENS (TV ABERTA),ANIMAÇÃO,PRODAV,PRODAV 01,False,800000.0,1,1.861311,1489048.8,1489048.8,1489048.8,0.0,False,,False,0.0,,,,,,,,,,False,False,0,0.0,0,False,,,,,,False,False
B2400322500000,BRASIL A GALOPE,2018,2024,SP,COMUNICAÇÃO ELETRÔNICA DE MASSA POR ASSINATURA (TV PAGA),DOCUMENTÁRIO,FLUXO CONTINUO,FLUXO CONTÍNUO PRODUÇÃO PARA TELEVISÃO,False,800000.0,1,1.392194,1113755.2,1113755.2,1113755.2,0.0,False,,False,0.0,,,,,,,,,,False,False,0,0.0,0,False,,,,,,False,False
B2300280900000,BIKERS NO FIM DO MUNDO,2018,2023,SP,COMUNICAÇÃO ELETRÔNICA DE MASSA POR ASSINATURA (TV PAGA),DOCUMENTÁRIO,FLUXO CONTINUO,FLUXO CONTÍNUO PRODUÇÃO PARA TELEVISÃO,False,800000.0,1,1.392194,1113755.2,1113755.2,1113755.2,0.0,False,,False,0.0,,,,,,,,,,False,False,0,0.0,0,False,,,4.3,,,True,False
B2400284500000,ARTE NA RUA,2018,2024,SP,RADIODIFUSÃO DE SONS E IMAGENS (TV ABERTA),DOCUMENTÁRIO,FLUXO CONTINUO,FLUXO CONTÍNUO PRODUÇÃO PARA TELEVISÃO,False,800000.0,1,1.392194,1113755.2,1113755.2,1113755.2,0.0,False,,False,0.0,,,,,,,,,,False,False,0,0.0,0,False,,,,,,False,False
B2500179700000,APRENDER A SONHAR - NOVA TEMPORADA,2018,2025,BA,RADIODIFUSÃO DE SONS E IMAGENS (TV ABERTA),DOCUMENTÁRIO,PRODAV,PRODAV - TVS PÚBLICAS,False,800000.0,1,1.392194,1113755.2,1113755.2,1113755.2,0.0,False,,False,0.0,,,,,,,,,,False,False,0,0.0,0,False,,,,,,False,False
B2400025000000,REPÚBLICA,2018,2024,BA,RADIODIFUSÃO DE SONS E IMAGENS (TV ABERTA),FICÇÃO,FLUXO CONTINUO,FLUXO CONTÍNUO PRODUÇÃO PARA TELEVISÃO,False,800000.0,1,1.392194,1113755.2,1113755.2,1113755.2,0.0,False,,False,0.0,,,,,,,,,,False,False,0,0.0,0,False,,,,,,False,False
B2400244300000,ASAS DA CIDADE,2018,2024,SP,RADIODIFUSÃO DE SONS E IMAGENS (TV ABERTA),DOCUMENTÁRIO,FLUXO CONTINUO,FLUXO CONTÍNUO PRODUÇÃO PARA TELEVISÃO,False,800000.0,1,1.392194,1113755.2,1113755.2,1113755.2,0.0,False,,False,0.0,,,,,,,,,,False,False,0,0.0,0,False,,,,,,False,False
B2400246200000,ASAS DO JEQUITINHONHA,2018,2024,SP,RADIODIFUSÃO DE SONS E IMAGENS (TV ABERTA),DOCUMENTÁRIO,FLUXO CONTINUO,FLUXO CONTÍNUO PRODUÇÃO PARA TELEVISÃO,False,800000.0,1,1.392194,1113755.2,1113755.2,1113755.2,0.0,False,,False,0.0,,,,,,,,,,False,False,0,0.0,0,False,,,,,,False,False
B2400266200000,"GRANDES FOTÓGRAFOS, PEQUENOS FORMATOS",2018,2024,SP,COMUNICAÇÃO ELETRÔNICA DE MASSA POR ASSINATURA (TV PAGA),DOCUMENTÁRIO,FLUXO CONTINUO,FLUXO CONTÍNUO PRODUÇÃO PARA TELEVISÃO,False,800000.0,1,1.392194,1113755.2,1113755.2,1113755.2,0.0,False,,False,0.0,,,,,,,,,,False,False,0,0.0,0,False,,,,,,False,False
B1700217600000,O SOM E O TEMPO,2012,2017,SP,COMUNICAÇÃO ELETRÔNICA DE MASSA POR ASSINATURA (TV PAGA),FICÇÃO,PRODAV,PRODAV 01,False,800000.0,1,1.971315,1577052.0,1577052.0,1577052.0,0.0,False,,False,0.0,,,,,,,,,,False,False,0,0.0,0,False,,,3.648,,,True,False
B2400083600000,DENSIDADE DAS COISAS,2016,2024,MA,RADIODIFUSÃO DE SONS E IMAGENS (TV ABERTA),DOCUMENTÁRIO,PRODAV,PRODAV 02 - PROJETO DERIVADO,False,800000.0,1,1.487011,1189608.8,1189608.8,1189608.8,0.0,False,,False,0.0,,,,,,,,,,False,False,0,0.0,0,False,,,,,,False,False
B2400282000000,LIBERTÁRIAS - MULHERES INSPIRADORAS NA HISTÓRIA DO BRASIL,2018,2024,PR,COMUNICAÇÃO ELETRÔNICA DE MASSA POR ASSINATURA (TV PAGA),DOCUMENTÁRIO,FLUXO CONTINUO,FLUXO CONTÍNUO PRODUÇÃO PARA TELEVISÃO,False,800000.0,1,1.392194,1113755.2,1113755.2,1113755.2,0.0,False,,False,0.0,,,,,,,,,,False,False,0,0.0,0,False,,,,,,False,False
B2500424200000,CINEASTAS - 2ª TEMPORADA,2022,2025,TO,COMUNICAÇÃO ELETRÔNICA DE MASSA POR ASSINATURA (TV PAGA),DOCUMENTÁRIO,PRODUCAO,PRODUÇÃO TV-VOD,False,800000.0,1,1.096731,877384.7999999999,877384.7999999999,877384.7999999999,0.0,False,,False,0.0,,,,,,,,,,False,False,0,0.0,0,False,,,,,,False,False
B1101456100000,O PALHAÇO,2008,2011,RJ,INDEFINIDO,FICÇÃO,PRODECINE,PRODECINE 02,False,800000.0,1,2.454812,9967937.120199999,1963849.6,1963849.6,8004087.5202,True,189.0,True,18.96079376514043,11903878.18,76.0,4.0,,,,,1054.0,,False,False,1,6.67,1,True,1.0,0.0,3.9,7.2,6044.0,True,True
B2300397700000,O PODER DO SUTIL,2018,2023,SP,COMUNICAÇÃO ELETRÔNICA DE MASSA POR ASSINATURA (TV PAGA),DOCUMENTÁRIO,FLUXO CONTINUO,FLUXO CONTÍNUO PRODUÇÃO PARA TELEVISÃO,False,800000.0,1,1.392194,1113755.2,1113755.2,1113755.2,0.0,False,,False,0.0,,,,,,,,,,False,False,0,0.0,0,False,,,3.733,,,True,False
B2300551200000,OUTRO PANTHEON,2016,2023,MA,RADIODIFUSÃO DE SONS E IMAGENS (TV ABERTA),DOCUMENTÁRIO,PRODAV,PRODAV 02 - PROJETO DERIVADO,False,800000.0,1,1.487011,1189608.8,1189608.8,1189608.8,0.0,False,,False,0.0,,,,,,,,,,False,False,0,0.0,0,False,,,,,,False,False
B2400266300000,BLACKOUT,2018,2024,SP,COMUNICAÇÃO ELETRÔNICA DE MASSA POR ASSINATURA (TV PAGA),DOCUMENTÁRIO,FLUXO CONTINUO,FLUXO CONTÍNUO PRODUÇÃO PARA TELEVISÃO,False,800000.0,1,1.392194,1113755.2,1113755.2,1113755.2,0.0,False,,False,0.0,,,,,,,,,,False,False,0,0.0,0,False,,,,,,False,False
B2400089200000,NOSSO JARDIM DE ÁGUA DOCE,2018,2024,SP,COMUNICAÇÃO ELETRÔNICA DE MASSA POR ASSINATURA (TV PAGA),DOCUMENTÁRIO,FLUXO CONTINUO,FLUXO CONTÍNUO PRODUÇÃO PARA TELEVISÃO,False,800000.0,1,1.392194,1113755.2,1113755.2,1113755.2,0.0,False,,False,0.0,,,,,,,,,,False,False,0,0.0,0,False,,,,,,False,False
B1301743100000,MEU PÉ DE LARANJA LIMA,2010,2012,RJ,INDEFINIDO,FICÇÃO,PRODECINE,PRODECINE 01,False,800000.0,1,2.222058,3886791.6500000004,1777646.4000000001,1777646.4000000001,2109145.25,True,1478.0,True,380.2622144667826,688008.73,,,,,,,26507.0,,False,True,2,13.33,1,True,2.0,0.0,4.3,7.2,1703.0,True,True
B2400165900000,AMAZÔNIA AZUL,2018,2024,SP,COMUNICAÇÃO ELETRÔNICA DE MASSA POR ASSINATURA (TV PAGA),DOCUMENTÁRIO,FLUXO CONTINUO,FLUXO CONTÍNUO PRODUÇÃO PARA TELEVISÃO,False,799986.0,1,1.392194,1113735.7092839999,1113735.7092839999,1113735.7092839999,0.0,False,,False,0.0,,,,,,,,,,False,False,0,0.0,0,False,,,,,,False,False
B1900332300000,RIO DE VOZES,2015,2019,BA,SALAS DE EXIBIÇÃO,DOCUMENTÁRIO,PRODECINE,PRODECINE 05,False,799970.0,1,1.580544,1264387.7836799999,1264387.7836799999,1264387.7836799999,0.0,False,786.0,True,621.6447281010162,7301.02,80.0,5.0,,,8.0,5.0,1483.0,,False,False,1,8.27,2,True,1.0,0.0,4.225,,,True,False
B1800346100000,O SEGREDO DE DAVI,2013,2018,SP,SALAS DE EXIBIÇÃO,FICÇÃO,PRODECINE,PRODECINE 04,False,1699950.0,3,1.861311,3070312.2344499994,3164135.63445,3070312.2344499994,0.0,False,9104.0,True,2965.170739916895,111883.37,2331.0,47.0,,,,,,,False,False,0,0.0,0,False,,,3.993,5.8,713.0,True,True
B2400119100000,CORPO A CORPO,2018,2024,SP,RADIODIFUSÃO DE SONS E IMAGENS (TV ABERTA),DOCUMENTÁRIO,PRODAV,PRODAV - TVS PÚBLICAS,False,799920.0,1,1.392194,1113643.82448,1113643.82448,1113643.82448,0.0,False,,False,0.0,,,,,,,,,,False,False,0,0.0,0,False,,,,,,False,False
B2400172500000,AQUECIMENTO GLOBAL,2018,2024,SP,COMUNICAÇÃO ELETRÔNICA DE MASSA POR ASSINATURA (TV PAGA),DOCUMENTÁRIO,FLUXO CONTINUO,FLUXO CONTÍNUO PRODUÇÃO PARA TELEVISÃO,False,799909.0,1,1.392194,1113628.5103459998,1113628.5103459998,1113628.5103459998,0.0,False,,False,0.0,,,,,,,,,,False,False,0,0.0,0,False,,,,,,False,False
B2400073800000,COSTA DOS CORAIS,2018,2024,SP,COMUNICAÇÃO ELETRÔNICA DE MASSA POR ASSINATURA (TV PAGA),DOCUMENTÁRIO,FLUXO CONTINUO,FLUXO CONTÍNUO PRODUÇÃO PARA TELEVISÃO,False,799744.0,1,1.392194,1113398.798336,1113398.798336,1113398.798336,0.0,False,,False,0.0,,,,,,,,,,False,False,0,0.0,0,False,,,,,,False,False
B2200266300000,CANAL DA QUEBRADA,2018,2022,RJ,RADIODIFUSÃO DE SONS E IMAGENS (TV ABERTA),DOCUMENTÁRIO,PRODAV,PRODAV - TVS PÚBLICAS,False,799638.0,1,1.392194,1113251.225772,1113251.225772,1113251.225772,0.0,False,,False,0.0,,,,,,,,,,False,False,0,0.0,0,False,,,2.19,,,True,False
B1900272200000,CAUSANDO NA RUA - 2ª TEMPORADA,2013,2019,SP,COMUNICAÇÃO ELETRÔNICA DE MASSA POR ASSINATURA (TV PAGA),DOCUMENTÁRIO,PRODAV,PRODAV 01,False,798447.0,1,1.861311,1486158.184017,1486158.184017,1486158.184017,0.0,False,,False,0.0,,,,,,,,,,False,False,0,0.0,0,False,,,,,,False,False
B1500659000000,RIBANCEIRA,2012,2015,RJ,COMUNICAÇÃO ELETRÔNICA DE MASSA POR ASSINATURA (TV PAGA),FICÇÃO,PRODAV,PRODAV 01,False,798061.0,1,1.971315,1573229.620215,1573229.620215,1573229.620215,0.0,False,,False,0.0,,,,,,,,,,False,False,0,0.0,0,False,,,,,,False,False
B1700597100000,CORAÇÃO DAS TREVAS,2012,2017,SP,RADIODIFUSÃO DE SONS E IMAGENS (TV ABERTA),ANIMAÇÃO,PRODAV,PRODAV 01,False,798000.0,1,1.971315,1573109.3699999999,1573109.3699999999,1573109.3699999999,0.0,False,,False,0.0,,,,,,,,,,False,False,0,0.0,0,False,,,4.445,,,True,False
B1700009500000,"LATITUDE, LONGITUDE",2013,2016,RJ,COMUNICAÇÃO ELETRÔNICA DE MASSA POR ASSINATURA (TV PAGA),DOCUMENTÁRIO,PRODAV,PRODAV 01,False,798000.0,1,1.861311,1485326.1779999998,1485326.1779999998,1485326.1779999998,0.0,False,,False,0.0,,,,,,,,,,False,False,0,0.0,0,False,,,,,,False,False
B2400311500000,A TERRA FALA,2018,2024,SP,COMUNICAÇÃO ELETRÔNICA DE MASSA POR ASSINATURA (TV PAGA),DOCUMENTÁRIO,FLUXO CONTINUO,FLUXO CONTÍNUO PRODUÇÃO PARA TELEVISÃO,False,798000.0,1,1.392194,1110970.812,1110970.812,1110970.812,0.0,False,,False,0.0,,,,,,,,,,False,False,0,0.0,0,False,,,,,,False,False
B1800358900000,A FAMÍLIA SUBMERSA,2016,2018,RJ,SALAS DE EXIBIÇÃO,FICÇÃO,PRODECINE,PRODECINE 07,True,996025.0,2,1.487011,1462136.7312750001,1481100.131275,1462136.7312750001,0.0,False,2538.0,True,1735.8157727060413,38427.17,172.0,10.0,,,43.0,12.0,,,False,False,0,8.6,2,True,,,3.9,,,True,False
B1301874500000,ATÉ QUE A SBÓRNIA NOS SEPARE,2009,2013,RS,INDEFINIDO,ANIMAÇÃO,PRODECINE,PRODECINE 01,False,1101000.0,2,2.353382,4755712.812,2591073.582,2472632.812,2283080.0,True,13900.0,True,2922.8005452571474,179392.18,,,,,,,,,False,False,0,0.0,0,False,,,3.6,7.6,348.0,True,True
B2300364900000,DESIGNERS DO BRASIL - 2ª TEMPORADA,2018,2023,PE,COMUNICAÇÃO ELETRÔNICA DE MASSA POR ASSINATURA (TV PAGA),DOCUMENTÁRIO,FLUXO CONTINUO,FLUXO CONTÍNUO PRODUÇÃO PARA TELEVISÃO,False,790000.0,1,1.392194,1099833.26,1099833.26,1099833.26,0.0,False,,False,0.0,,,,,,,,,,False,False,0,0.0,0,False,,,4.343,,,True,False
B1500916300000,INSÔNIA,2012,2015,RJ,COMUNICAÇÃO ELETRÔNICA DE MASSA POR ASSINATURA (TV PAGA),FICÇÃO,PRODAV,PRODAV 01,False,790000.0,1,1.971315,1557338.8499999999,1557338.8499999999,1557338.8499999999,0.0,False,,False,0.0,,,,,,,,,,False,False,0,0.0,0,False,1.0,0.0,3.96,,,True,False
B2000038400000,MATIZES DO BRASIL,2013,2020,RJ,COMUNICAÇÃO ELETRÔNICA DE MASSA POR ASSINATURA (TV PAGA),DOCUMENTÁRIO,PRODAV,PRODAV 01,False,789880.0,1,1.861311,1470212.33268,1470212.33268,1470212.33268,0.0,False,,False,0.0,,,,,,,,,,False,False,0,0.0,0,False,,,4.343,,,True,False
B2400115600000,COMIDA DE SANTO,2018,2024,SP,RADIODIFUSÃO DE SONS E IMAGENS (TV ABERTA),DOCUMENTÁRIO,FLUXO CONTINUO,FLUXO CONTÍNUO PRODUÇÃO PARA TELEVISÃO,False,789213.64,1,1.392194,1098738.49432616,1098738.49432616,1098738.49432616,0.0,False,,False,0.0,,,,,,,,,,False,False,0,0.0,0,False,,,,,,False,False
B2200066100000,/LOST+FOUND,2013,2022,RJ,COMUNICAÇÃO ELETRÔNICA DE MASSA POR ASSINATURA (TV PAGA),DOCUMENTÁRIO,PRODAV,PRODAV 01,False,786500.0,1,1.861311,1463921.1014999999,1463921.1014999999,1463921.1014999999,0.0,False,,False,0.0,,,,,,,,,,False,False,0,0.0,0,False,,,,,,False,False
B2200297400000,LAVRA,2015,2022,MG,SALAS DE EXIBIÇÃO,DOCUMENTÁRIO,PRODECINE,PRODECINE 05,False,786270.0,1,1.580544,1242734.33088,1242734.33088,1242734.33088,0.0,False,598.0,True,481.19697439801683,9216.87,80.0,7.0,,,,,,,False,False,0,0.0,0,False,,,,6.8,12.0,False,True
B2500132800000,A PROCURA DE MARTINA,2019,2025,RJ,SALAS DE EXIBIÇÃO,FICÇÃO,PRODUCAO,COPRODUÇÃO INTERNACIONAL,True,1532334.76,2,1.33467,3893491.2341291998,2045161.2341292,2710702.2341291998,1182789.0,True,1310.0,True,336.4589570709509,20666.26,139.0,10.0,,,,,,,False,False,0,0.0,1,True,,,,,,False,False
B2400114200000,BRASIL RAIZ – OS SONS DA TERRA,2018,2024,SP,COMUNICAÇÃO ELETRÔNICA DE MASSA POR ASSINATURA (TV PAGA),DOCUMENTÁRIO,FLUXO CONTINUO,FLUXO CONTÍNUO PRODUÇÃO PARA TELEVISÃO,False,780244.19,1,1.392194,1086251.27985286,1086251.27985286,1086251.27985286,0.0,False,,False,0.0,,,,,,,,,,False,False,0,0.0,0,False,,,,,,False,False
B1800495300000,A ARTE DO CINEMA,2013,2018,RJ,COMUNICAÇÃO ELETRÔNICA DE MASSA POR ASSINATURA (TV PAGA),DOCUMENTÁRIO,PRODAV,PRODAV 01,False,780000.0,1,1.861311,1451822.5799999998,1451822.5799999998,1451822.5799999998,0.0,False,,False,0.0,,,,,,,,,,False,False,0,0.0,0,False,,,3.88,,,True,False
B2200202800000,NA FORÇA DA LEI,2016,2022,TO,COMUNICAÇÃO ELETRÔNICA DE MASSA POR ASSINATURA (TV PAGA),DOCUMENTÁRIO,PRODAV,PRODAV 06,False,779557.91,1,1.487011,1159211.1873070102,1159211.1873070102,1159211.1873070102,0.0,False,,False,0.0,,,,,,,,,,False,False,0,0.0,0,False,,,4.3,,,True,False
B2000375900000,SONS BRASILIS,2013,2020,RJ,COMUNICAÇÃO ELETRÔNICA DE MASSA POR ASSINATURA (TV PAGA),DOCUMENTÁRIO,PRODAV,PRODAV 01,False,777400.0,1,1.861311,1446983.1713999999,1446983.1713999999,1446983.1713999999,0.0,False,,False,0.0,,,,,,,,,,False,False,0,0.0,0,False,,,,,,False,False
B1700493600000,GUARDIÃS DA FLORESTA,2013,2017,BA,COMUNICAÇÃO ELETRÔNICA DE MASSA POR ASSINATURA (TV PAGA),DOCUMENTÁRIO,PRODAV,PRODAV 01,False,776727.0,1,1.861311,1445730.509097,1445730.509097,1445730.509097,0.0,False,,False,0.0,,,,,,,,,,False,False,0,0.0,0,False,,,4.0,,,True,False
B1800535100000,MYTIKAH - O LIVRO DOS HERÓIS,2015,2018,SP,RADIODIFUSÃO DE SONS E IMAGENS (TV ABERTA),ANIMAÇÃO,PRODAV,PRODAV 11,False,773500.0,1,1.580544,1222550.784,1222550.784,1222550.784,0.0,False,,False,0.0,,,,,,,,,,False,False,0,0.0,0,False,,,3.627,,,True,False
B1700463100000,CHAPEUZINHO DE TODAS AS CORES,2015,2017,SC,RADIODIFUSÃO DE SONS E IMAGENS (TV ABERTA),ANIMAÇÃO,PRODAV,PRODAV 12,False,773500.0,1,1.580544,1222550.784,1222550.784,1222550.784,0.0,False,,False,0.0,,,,,,,,,,False,False,0,0.0,0,False,,,3.4,,,True,False
B1900066100000,BRINQUEDONAUTAS,2015,2018,PA,RADIODIFUSÃO DE SONS E IMAGENS (TV ABERTA),ANIMAÇÃO,PRODAV,PRODAV 08,False,773500.0,1,1.580544,1222550.784,1222550.784,1222550.784,0.0,False,,False,0.0,,,,,,,,,,False,False,0,0.0,0,False,,,,,,False,False
B1800348100000,BIA DESENHA,2015,2018,PE,RADIODIFUSÃO DE SONS E IMAGENS (TV ABERTA),ANIMAÇÃO,PRODAV,PRODAV 09,False,773496.0,1,1.580544,1222544.4618239999,1222544.4618239999,1222544.4618239999,0.0,False,,False,0.0,,,,,,,,,,False,False,0,0.0,0,False,,,,,,False,False
B2000205100000,O MENINO QUE ENGOLIU O SOL,2015,2020,MS,RADIODIFUSÃO DE SONS E IMAGENS (TV ABERTA),ANIMAÇÃO,PRODAV,PRODAV 10,False,773491.18,1,1.580544,1222536.84360192,1222536.84360192,1222536.84360192,0.0,False,,False,0.0,,,,,,,,,,False,False,0,0.0,0,False,,,3.88,,,True,False
B2400314000000,CAIXA POSTAL,2018,2024,PE,COMUNICAÇÃO ELETRÔNICA DE MASSA POR ASSINATURA (TV PAGA),DOCUMENTÁRIO,FLUXO CONTINUO,FLUXO CONTÍNUO PRODUÇÃO PARA TELEVISÃO,False,773000.0,1,1.392194,1076165.962,1076165.962,1076165.962,0.0,False,,False,0.0,,,,,,,,,,False,False,0,0.0,0,False,,,,,,False,False
B1900267300000,LUPITA NO PLANETA DE GENTE GRANDE,2015,2019,AM,RADIODIFUSÃO DE SONS E IMAGENS (TV ABERTA),ANIMAÇÃO,PRODAV,PRODAV 08,False,770550.0,1,1.580544,1217888.1792,1217888.1792,1217888.1792,0.0,False,,False,0.0,,,,,,,,,,False,False,0,0.0,0,False,,,4.025,,,True,False
B2400112300000,OS SAPOS,2016,2024,RJ,SALAS DE EXIBIÇÃO,FICÇÃO,PRODECINE,PRODECINE 01,False,1270000.0,3,1.487011,2029847.2495773397,1888503.9700000002,1841095.5222069998,188751.72737033997,True,1526.0,True,751.7807068082328,17507.77,289.0,17.0,,,,,,,False,False,0,0.0,0,False,,,,,,False,False
B1700627500000,GEEK - OS AMADOS NERDS,2013,2017,SP,COMUNICAÇÃO ELETRÔNICA DE MASSA POR ASSINATURA (TV PAGA),DOCUMENTÁRIO,PRODAV,PRODAV 01,False,768000.0,1,1.861311,1429486.848,1429486.848,1429486.848,0.0,False,,False,0.0,,,,,,,,,,False,False,0,0.0,0,False,,,,,,False,False
B2400480300000,DE UM TUDO,2018,2024,BA,RADIODIFUSÃO DE SONS E IMAGENS (TV ABERTA),FICÇÃO,FLUXO CONTINUO,FLUXO CONTÍNUO PRODUÇÃO PARA TELEVISÃO,False,765820.0,1,1.392194,1066170.00908,1066170.00908,1066170.00908,0.0,False,,False,0.0,,,,,,,,,,False,False,0,0.0,0,False,,,,,,False,False
B1800036900000,FÁBULAS TORTAS,2015,2017,RJ,RADIODIFUSÃO DE SONS E IMAGENS (TV ABERTA),ANIMAÇÃO,PRODAV,PRODAV 11,False,765500.0,1,1.580544,1209906.432,1209906.432,1209906.432,0.0,False,,False,0.0,,,,,,,,,,False,False,0,0.0,0,False,,,,,,False,False
B2400103000000,PONTOS DE FORÇA,2018,2024,BA,RADIODIFUSÃO DE SONS E IMAGENS (TV ABERTA),DOCUMENTÁRIO,DESEMPENHO,SUPORTE AUTOMÁTICO - DESEMPENHO COMERCIAL TV E VOD,False,765000.0,1,1.392194,1065028.41,1065028.41,1065028.41,0.0,False,,False,0.0,,,,,,,,,,False,False,0,0.0,0,False,,,,,,False,False
B2300097200000,AQUARELA BRASILEIRA,2016,2023,SP,COMUNICAÇÃO ELETRÔNICA DE MASSA POR ASSINATURA (TV PAGA),DOCUMENTÁRIO,PRODAV,PRODAV 02 - PROJETO DERIVADO,False,762900.79,1,1.487011,1134441.8666386902,1134441.8666386902,1134441.8666386902,0.0,False,,False,0.0,,,,,,,,,,False,False,0,0.0,0,False,,,,,,False,False
B1900596400000,FOI ASSIM E FOI ASSADO,2015,2019,PE,RADIODIFUSÃO DE SONS E IMAGENS (TV ABERTA),ANIMAÇÃO,PRODAV,PRODAV 09,False,760760.0,1,1.580544,1202414.65344,1202414.65344,1202414.65344,0.0,False,,False,0.0,,,,,,,,,,False,False,0,0.0,0,False,,,,,,False,False
B2300031800000,BIZARROS PEIXES DAS FOSSAS ABISSAIS,2015,2022,RJ,SALAS DE EXIBIÇÃO,ANIMAÇÃO,PRODECINE,PRODECINE 05,False,760000.0,1,1.580544,3572029.44,1201213.44,1201213.44,2370816.0,True,2910.0,True,814.6629385003052,27735.7,242.0,18.0,,,,,,,False,False,0,0.0,0,False,,,,7.5,20.0,False,True
B2400022700000,AVENTURA-SE,2018,2024,SE,RADIODIFUSÃO DE SONS E IMAGENS (TV ABERTA),DOCUMENTÁRIO,FLUXO CONTINUO,FLUXO CONTÍNUO PRODUÇÃO PARA TELEVISÃO,False,759200.0,1,1.392194,1056953.6848,1056953.6848,1056953.6848,0.0,False,,False,0.0,,,,,,,,,,False,False,0,0.0,0,False,,,,,,False,False
B2300338800000,PÉROLA,2021,2023,RJ,SALAS DE EXIBIÇÃO,FICÇÃO,COMPLEMENTAÇÃO,COMPLEMENTAÇÃO,False,753672.16,1,1.160232,4846537.30754112,874434.55754112,874434.55754112,3972102.75,True,7672.0,True,1582.9858542639327,124487.05,836.0,32.0,3.0,9.5,9.5,5.0,,,False,False,0,1.9,2,True,1.0,0.0,4.305,7.3,123.0,True,True
B2100357600000,BIRDWATCHING - APRECIADORES DE AVES,2013,2021,MS,COMUNICAÇÃO ELETRÔNICA DE MASSA POR ASSINATURA (TV PAGA),DOCUMENTÁRIO,PRODAV,PRODAV 01,False,753076.06,1,1.861311,1401708.75431466,1401708.75431466,1401708.75431466,0.0,False,,False,0.0,,,,,,,,,,False,False,0,0.0,0,False,,,,,,False,False
B2400281500000,REINVENTANDO A VIDA,2018,2024,SP,COMUNICAÇÃO ELETRÔNICA DE MASSA POR ASSINATURA (TV PAGA),DOCUMENTÁRIO,FLUXO CONTINUO,FLUXO CONTÍNUO PRODUÇÃO PARA TELEVISÃO,False,751850.0,1,1.392194,1046721.0589,1046721.0589,1046721.0589,0.0,False,,False,0.0,,,,,,,,,,False,False,0,0.0,0,False,,,,,,False,False
B1900054700000,ROTAS SUSTENTÁVEIS - NORDESTE,2016,2018,PE,COMUNICAÇÃO ELETRÔNICA DE MASSA POR ASSINATURA (TV PAGA),DOCUMENTÁRIO,PRODAV,PRODAV 02 - PROJETO DERIVADO,False,750120.0,1,1.487011,1115436.69132,1115436.69132,1115436.69132,0.0,False,,False,0.0,,,,,,,,,,False,False,0,0.0,0,False,,,,,,False,False
B2400444400000,VINHOS.BR - TEMPORADA 2,2022,2024,RJ,COMUNICAÇÃO ELETRÔNICA DE MASSA POR ASSINATURA (TV PAGA),DOCUMENTÁRIO,PRODUCAO,PRODUÇÃO TV-VOD,False,750000.0,1,1.096731,1074318.5939999998,822548.2499999999,822548.2499999999,251770.34399999998,True,,False,0.0,,,,,,,,,,False,False,0,0.0,0,False,,,,,,False,False
B2400257900000,INSUBMISSAS,2018,2024,RJ,COMUNICAÇÃO ELETRÔNICA DE MASSA POR ASSINATURA (TV PAGA),FICÇÃO,FLUXO CONTINUO,FLUXO CONTÍNUO PRODUÇÃO PARA TELEVISÃO,False,750000.0,1,1.392194,1044145.5,1044145.5,1044145.5,0.0,False,,False,0.0,,,,,,,,,,False,False,0,0.0,0,False,,,,,,False,False
B2400071100000,FILHOS DA LIBERDADE,2018,2024,RS,RADIODIFUSÃO DE SONS E IMAGENS (TV ABERTA),FICÇÃO,PRODAV,PRODAV - TVS PÚBLICAS,False,750000.0,1,1.392194,1044145.5,1044145.5,1044145.5,0.0,False,,False,0.0,,,,,,,,,,False,False,0,0.0,0,False,,,,,,False,False
B1402237400000,SANGUE AZUL,2010,2014,SP,INDEFINIDO,FICÇÃO,PRODECINE,PRODECINE 01,False,750000.0,1,2.222058,5784961.999999999,1666543.5,1666543.5,4118418.4999999995,True,10044.0,True,1736.22575221756,122453.05,2.0,2.0,,,,,711.0,,False,False,1,6.67,1,True,2.0,0.0,4.0,6.4,360.0,True,True
B1402175100000,O MENINO NO ESPELHO,2010,2014,RJ,INDEFINIDO,FICÇÃO,PRODECINE,PRODECINE 01,False,750000.0,1,2.222058,11422014.747796401,1666543.5,1666543.5,9755471.247796401,True,23375.0,True,2046.4865889364776,223420.21,1.0,1.0,,,,,,,False,False,0,0.0,0,False,1.0,0.0,3.5,6.0,280.0,True,True
B1900117900000,BIOGRAFIAS URBANAS - OLINDA  RECIFE,2013,2019,BA,RADIODIFUSÃO DE SONS E IMAGENS (TV ABERTA),DOCUMENTÁRIO,PRODAV,PRODAV 01,False,750000.0,1,1.861311,1395983.25,1395983.25,1395983.25,0.0,False,,False,0.0,,,,,,,,,,False,False,0,0.0,0,False,,,,,,False,False
B1500375100000,REPÚBLICA DO PERU,2012,2015,RJ,RADIODIFUSÃO DE SONS E IMAGENS (TV ABERTA),FICÇÃO,PRODAV,PRODAV 01,False,750000.0,1,1.971315,1478486.25,1478486.25,1478486.25,0.0,False,,False,0.0,,,,,,,,,,False,False,0,0.0,0,False,,,,,,False,False
B2200375000000,CHICO PARA SEMPRE,2016,2022,RJ,SALAS DE EXIBIÇÃO,DOCUMENTÁRIO,PRODECINE,PRODECINE 02,False,1149311.9,2,1.487011,1692024.7576719,1709039.4377309,1692024.7576719,0.0,False,8384.0,True,4955.0102396467055,149660.31,590.0,35.0,,,,,,,False,False,0,0.0,0,False,,,4.4,8.5,68.0,True,True
B2000069400000,A MÃE DE TODAS AS LUTAS,2016,2020,RJ,COMUNICAÇÃO ELETRÔNICA DE MASSA POR ASSINATURA (TV PAGA),DOCUMENTÁRIO,PRODAV,PRODAV 02 - PROJETO DERIVADO,False,750000.0,1,1.487011,1115258.25,1115258.25,1115258.25,0.0,False,,False,0.0,,,,,,,,,,False,False,0,0.0,0,False,,,3.5,7.8,14.0,True,True
B2400229400000,AS AVENTURAS DE TRACAJARÉ,2018,2024,MA,SALAS DE EXIBIÇÃO,ANIMAÇÃO,ARRANJOS,ARRANJOS REGIONAIS,False,750000.0,1,1.392194,1044145.5,1044145.5,1044145.5,0.0,False,,False,0.0,,,,,,,,,,False,False,0,0.0,0,False,,,,,,False,False
B1900042200000,O CORPO É NOSSO!,2016,2019,RJ,SALAS DE EXIBIÇÃO,DOCUMENTÁRIO,PRODECINE,PRODECINE 02,False,849930.0,2,1.487011,1728543.39642,1263855.25923,1254380.19642,474163.2,True,1392.0,True,805.3023157434071,14341.92,140.0,17.0,,,,,,,False,False,0,0.0,0,False,,,3.543,5.6,9.0,True,True
B1700051600000,VAZANTE,2010,2016,SP,SALAS DE EXIBIÇÃO,FICÇÃO,PRODECINE,PRODECINE 01,True,750000.0,1,2.222058,7161837.65,1666543.5,1666543.5,5216097.5,True,10194.0,True,1423.3776997164964,148150.37,1120.0,25.0,,,36.0,9.0,2475.0,3.0,True,False,2,22.53,4,True,3.0,1.0,2.8,6.4,717.0,True,True
B2200315100000,NO PAÍS DA POESIA POPULAR,2013,2022,BA,COMUNICAÇÃO ELETRÔNICA DE MASSA POR ASSINATURA (TV PAGA),DOCUMENTÁRIO,PRODAV,PRODAV 01,False,750000.0,1,1.861311,1395983.25,1395983.25,1395983.25,0.0,False,,False,0.0,,,,,,,,,,False,False,0,0.0,0,False,,,,,,False,False
B2100015200000,NATUREZA FEMININA,2016,2021,RJ,COMUNICAÇÃO ELETRÔNICA DE MASSA POR ASSINATURA (TV PAGA),DOCUMENTÁRIO,PRODAV,PRODAV 02 - PROJETO DERIVADO,False,750000.0,1,1.487011,1115258.25,1115258.25,1115258.25,0.0,False,,False,0.0,,,,,,,,,,False,False,0,0.0,0,False,,,,,,False,False
B2500285800000,CIÊNCIA NA MIRA,2022,2025,RJ,COMUNICAÇÃO ELETRÔNICA DE MASSA POR ASSINATURA (TV PAGA),DOCUMENTÁRIO,PRODUCAO,PRODUÇÃO TV-VOD,False,750000.0,1,1.096731,822548.2499999999,822548.2499999999,822548.2499999999,0.0,False,,False,0.0,,,,,,,,,,False,False,0,0.0,0,False,,,,,,False,False
B2600041500000,"GAMES, MITOS E LENDAS",2022,2026,RJ,COMUNICAÇÃO ELETRÔNICA DE MASSA POR ASSINATURA (TV PAGA),DOCUMENTÁRIO,PRODUCAO,PRODUÇÃO TV-VOD,False,750000.0,1,1.096731,822548.2499999999,822548.2499999999,822548.2499999999,0.0,False,,False,0.0,,,,,,,,,,False,False,0,0.0,0,False,,,,,,False,False
B1700260300000,O BANQUETE,2012,2017,SP,SALAS DE EXIBIÇÃO,FICÇÃO,PRODECINE,PRODECINE 02,False,1297635.0,3,1.971315,2422945.2994850003,2558047.340025,2422945.2994850003,0.0,False,10057.0,True,4150.733407864233,167597.19,933.0,16.0,,,10.0,3.0,,,False,False,0,2.0,1,True,,,,6.0,274.0,False,True
B1402850900000,SONHOS DE ABU,2012,2014,SP,COMUNICAÇÃO ELETRÔNICA DE MASSA POR ASSINATURA (TV PAGA),FICÇÃO,PRODAV,PRODAV 01,False,750000.0,1,1.971315,1478486.25,1478486.25,1478486.25,0.0,False,,False,0.0,,,,,,,,,,False,False,0,0.0,0,False,,,3.32,,,True,False
B2300036300000,LINHAS NEGRAS,2013,2023,RJ,COMUNICAÇÃO ELETRÔNICA DE MASSA POR ASSINATURA (TV PAGA),DOCUMENTÁRIO,PRODAV,PRODAV 01,False,750000.0,1,1.861311,1395983.25,1395983.25,1395983.25,0.0,False,,False,0.0,,,,,,,,,,False,False,0,0.0,0,False,,,,,,False,False
B2000297200000,ESPERA,2014,2020,MG,SALAS DE EXIBIÇÃO,DOCUMENTÁRIO,PRODECINE,PRODECINE 05,False,748561.0,1,1.749188,1309373.918468,1309373.918468,1309373.918468,0.0,False,20.0,True,15.2744756237397,170.56,7.0,2.0,,,,,,,False,False,0,0.0,0,False,,,4.37,6.7,34.0,True,True
B1301947600000,TATUAGEM,2010,2013,PE,INDEFINIDO,FICÇÃO,PRODECINE,PRODECINE 01,False,748000.0,1,2.222058,4486157.784,1662099.384,1662099.384,2824058.4,True,17944.0,True,3999.8593148011305,448762.43,3.0,2.0,,,,,,,False,False,0,0.0,0,False,1.0,0.0,4.2,7.3,2348.0,True,True
B1900035900000,SOLDADO ESTRANGEIRO,2014,2019,RJ,SALAS DE EXIBIÇÃO,DOCUMENTÁRIO,PRODECINE,PRODECINE 05,False,846030.0,2,1.749188,1444166.12364,1479865.52364,1444166.12364,0.0,False,369.0,True,255.51077120542118,4105.95,281.0,8.0,,,6.0,2.0,,,False,False,0,1.2,1,True,,,,8.1,11.0,False,True
B1700402100000,BLITZ,2013,2016,SP,SALAS DE EXIBIÇÃO,FICÇÃO,PRODECINE,PRODECINE 04,False,745779.0,1,1.861311,1388126.656269,1388126.656269,1388126.656269,0.0,False,264.0,True,190.18437460856626,2502.0,47.0,3.0,,,,,,,False,False,0,0.0,0,False,,,3.933,7.3,7.0,True,True
B2500183700000,SABORES,2016,2025,MA,RADIODIFUSÃO DE SONS E IMAGENS (TV ABERTA),DOCUMENTÁRIO,PRODAV,PRODAV 02 - PROJETO DERIVADO,False,745249.17,1,1.487011,1108193.7135308702,1108193.7135308702,1108193.7135308702,0.0,False,,False,0.0,,,,,,,,,,False,False,0,0.0,0,False,,,,,,False,False
B2300334800000,VILLA-LOBOS EM PARIS,2016,2023,PA,COMUNICAÇÃO ELETRÔNICA DE MASSA POR ASSINATURA (TV PAGA),DOCUMENTÁRIO,PRODAV,PRODAV 06,False,744040.2,1,1.487011,1106395.9618422,1106395.9618422,1106395.9618422,0.0,False,,False,0.0,,,,,,,,,,False,False,0,0.0,0,False,,,4.008,,,True,False
B2300405500000,A PERSISTÊNCIA DA MEMÓRIA,2016,2023,PE,COMUNICAÇÃO ELETRÔNICA DE MASSA POR ASSINATURA (TV PAGA),DOCUMENTÁRIO,PRODAV,PRODAV 02 - PROJETO DERIVADO,False,740000.0,1,1.487011,1100388.1400000001,1100388.1400000001,1100388.1400000001,0.0,False,,False,0.0,,,,,,,,,,False,False,0,0.0,0,False,,,3.77,,,True,False
B2300186600000,MOBYLAS,2017,2023,SP,COMUNICAÇÃO ELETRÔNICA DE MASSA POR ASSINATURA (TV PAGA),REALITY-SHOW,PRODAV,PRODAV 06,False,829896.3,2,1.444401,1198703.0456163,1198703.0456163,1198703.0456163,0.0,False,,False,0.0,,,,,,,,,,False,False,0,0.0,0,False,,,,,,False,False
B2000045700000,JUAZEIRO - CHÃO SAGRADO,2014,2019,CE,COMUNICAÇÃO ELETRÔNICA DE MASSA POR ASSINATURA (TV PAGA),DOCUMENTÁRIO,PRODAV,PRODAV 06,False,823600.0,2,1.749188,1440631.2368,1440631.2368,1440631.2368,0.0,False,,False,0.0,,,,,,,,,,False,False,0,0.0,0,False,,,,,,False,False
B2500514100000,AS DORES DO MUNDO: HYLDON,2022,2025,RJ,COMUNICAÇÃO ELETRÔNICA DE MASSA POR ASSINATURA (TV PAGA),DOCUMENTÁRIO,PRODUCAO,PRODUÇÃO TV/VOD – VIA PROGRAMADORA,False,734900.0,1,1.096731,805987.6118999999,805987.6118999999,805987.6118999999,0.0,False,,False,0.0,,,,,,,,,,False,False,0,0.0,0,False,,,,,,False,False
B2200497100000,O ANEL DE EVA,2015,2022,MT,SALAS DE EXIBIÇÃO,FICÇÃO,ARRANJOS,ARRANJOS REGIONAIS,False,733333.33,1,1.580544,1159065.59473152,1159065.59473152,1159065.59473152,0.0,False,730.0,True,629.8176766855836,9415.57,148.0,10.0,,,,,,,False,False,0,0.0,0,False,,,2.4,6.6,5.0,True,True
B1900494600000,A BATALHA DE SHANGRI-LÁ,2015,2019,MT,SALAS DE EXIBIÇÃO,FICÇÃO,ARRANJOS,ARRANJOS REGIONAIS,False,1347212.5,2,1.580544,2301695.0044874996,2129328.6336,2301695.0044874996,0.0,False,142.0,True,61.69366476581376,2006.07,49.0,5.0,,,,,,,False,False,0,0.0,0,False,,,3.965,,,True,False
B2000144800000,FAMÍLIA PEREIRA,2013,2020,RS,RADIODIFUSÃO DE SONS E IMAGENS (TV ABERTA),DOCUMENTÁRIO,PRODAV,PRODAV 02 - PROJETO DERIVADO,False,732890.0,1,1.861311,1364136.2187899998,1364136.2187899998,1364136.2187899998,0.0,False,,False,0.0,,,,,,,,,,False,False,0,0.0,0,False,,,3.656,,,True,False
B1500515600000,MAD DOGS,2012,2015,BA,COMUNICAÇÃO ELETRÔNICA DE MASSA POR ASSINATURA (TV PAGA),DOCUMENTÁRIO,PRODAV,PRODAV 01,False,730106.0,1,1.971315,1439268.90939,1439268.90939,1439268.90939,0.0,False,,False,0.0,,,,,,,,,,False,False,0,0.0,0,False,,,,8.5,11.0,False,True
B1700625800000,CRIATIVOS.BR - MODA E IDENTIDADE,2013,2017,BA,RADIODIFUSÃO DE SONS E IMAGENS (TV ABERTA),DOCUMENTÁRIO,PRODAV,PRODAV 01,False,730000.0,1,1.861311,1358757.03,1358757.03,1358757.03,0.0,False,,False,0.0,,,,,,,,,,False,False,0,0.0,0,False,,,4.068,,,True,False
B1900535100000,O MILAGRE DE SANTA LUZIA - 3ª TEMPORADA,2013,2019,SP,COMUNICAÇÃO ELETRÔNICA DE MASSA POR ASSINATURA (TV PAGA),DOCUMENTÁRIO,PRODAV,PRODAV 01,False,722770.0,1,1.861311,1345299.75147,1345299.75147,1345299.75147,0.0,False,,False,0.0,,,,,,,,,,False,False,0,0.0,0,False,,,3.815,,,True,False
B1900186200000,MARCADAS,2013,2019,RJ,COMUNICAÇÃO ELETRÔNICA DE MASSA POR ASSINATURA (TV PAGA),DOCUMENTÁRIO,PRODAV,PRODAV 01,False,720996.0,1,1.861311,1341997.7857559999,1341997.7857559999,1341997.7857559999,0.0,False,,False,0.0,,,,,,,,,,False,False,0,0.0,0,False,,,,,,False,False
B2600000100000,A NOITE DE ALAIDE,2022,2025,BA,COMUNICAÇÃO ELETRÔNICA DE MASSA POR ASSINATURA (TV PAGA),DOCUMENTÁRIO,NOVOS REALIZADORES,PRODUÇÃO TV/VOD - NOVOS REALIZADORES,False,720000.0,1,1.096731,789646.32,789646.32,789646.32,0.0,False,,False,0.0,,,,,,,,,,False,False,0,0.0,0,False,,,,,,False,False
B1700065900000,ESTADOS DA ARTE,2013,2017,RJ,COMUNICAÇÃO ELETRÔNICA DE MASSA POR ASSINATURA (TV PAGA),DOCUMENTÁRIO,PRODAV,PRODAV 02 - PROJETO DERIVADO,False,720000.0,1,1.861311,1340143.92,1340143.92,1340143.92,0.0,False,,False,0.0,,,,,,,,,,False,False,0,0.0,0,False,,,3.9,,,True,False
B2200214700000,ADEUS CAPITÃO,2016,2022,PE,SALAS DE EXIBIÇÃO,DOCUMENTÁRIO,PRODECINE,PRODECINE 05,False,715800.93,1,1.487011,1064403.85672023,1064403.85672023,1064403.85672023,0.0,False,,False,0.0,,,,,,,,,,False,False,0,0.0,0,False,,,,7.9,10.0,False,True
B2300132000000,CIENTISTAS BRASILEIROS,2016,2023,PR,COMUNICAÇÃO ELETRÔNICA DE MASSA POR ASSINATURA (TV PAGA),DOCUMENTÁRIO,PRODAV,PRODAV 02 - PROJETO DERIVADO,False,715000.0,1,1.487011,1063212.865,1063212.865,1063212.865,0.0,False,,False,0.0,,,,,,,,,,False,False,0,0.0,0,False,,,,,,False,False
B1800227200000,ALEGORIAS DO BRASIL,2013,2018,RJ,COMUNICAÇÃO ELETRÔNICA DE MASSA POR ASSINATURA (TV PAGA),DOCUMENTÁRIO,PRODAV,PRODAV 01,False,715000.0,1,1.861311,1330837.365,1330837.365,1330837.365,0.0,False,,False,0.0,,,,,,,,,,False,False,0,0.0,0,False,,,4.343,,,True,False
B2000432900000,LUZES DA AMAZÔNIA AZUL,2013,2020,BA,COMUNICAÇÃO ELETRÔNICA DE MASSA POR ASSINATURA (TV PAGA),DOCUMENTÁRIO,PRODAV,PRODAV 01,False,715000.0,1,1.861311,1330837.365,1330837.365,1330837.365,0.0,False,,False,0.0,,,,,,,,,,False,False,0,0.0,0,False,,,3.929,,,True,False
B2100242000000,OS CAMINHOS DO MEU PAI,2016,2021,SP,SALAS DE EXIBIÇÃO,FICÇÃO,PRODAV,PRODAV 07,True,713606.09,1,1.487011,1061140.10549699,1061140.10549699,1061140.10549699,0.0,False,216.0,True,203.55464738450854,3068.23,14.0,1.0,,,,,,,False,False,0,0.0,1,True,,,4.257,,,True,False
B2400267500000,INCONDICIONAL - O MITO DA MATERNIDADE,2018,2024,RJ,COMUNICAÇÃO ELETRÔNICA DE MASSA POR ASSINATURA (TV PAGA),DOCUMENTÁRIO,FLUXO CONTINUO,FLUXO CONTÍNUO PRODUÇÃO PARA TELEVISÃO,False,713568.61,1,1.392194,993425.93743034,993425.93743034,993425.93743034,0.0,False,,False,0.0,,,,,,,,,,False,False,0,0.0,0,False,,,,,,False,False
B1900420000000,RETRATOS DO CÁRCERE,2013,2019,RS,COMUNICAÇÃO ELETRÔNICA DE MASSA POR ASSINATURA (TV PAGA),DOCUMENTÁRIO,PRODAV,PRODAV 01,False,711241.0,1,1.861311,1323840.696951,1323840.696951,1323840.696951,0.0,False,,False,0.0,,,,,,,,,,False,False,0,0.0,0,False,,,,,,False,False
B2300516300000,NO BATUQUE DO TAMBOR,2016,2023,MA,RADIODIFUSÃO DE SONS E IMAGENS (TV ABERTA),DOCUMENTÁRIO,PRODAV,PRODAV 02 - PROJETO DERIVADO,False,709348.8,1,1.487011,1054809.4684368002,1054809.4684368002,1054809.4684368002,0.0,False,,False,0.0,,,,,,,,,,False,False,0,0.0,0,False,,,4.3,,,True,False
B1800136400000,BRASIL FOLCLORE,2013,2018,SP,COMUNICAÇÃO ELETRÔNICA DE MASSA POR ASSINATURA (TV PAGA),DOCUMENTÁRIO,PRODAV,PRODAV 01,False,707038.0,1,1.861311,1316017.6068179999,1316017.6068179999,1316017.6068179999,0.0,False,,False,0.0,,,,,,,,,,False,False,0,0.0,0,False,,,,,,False,False
B2500300500000,RAIZ - ARTE AFRO-BRASILEIRA CONTEMPORÂNEA,2022,2025,RJ,COMUNICAÇÃO ELETRÔNICA DE MASSA POR ASSINATURA (TV PAGA),DOCUMENTÁRIO,PRODUCAO,PRODUÇÃO TV-VOD,False,702000.0,1,1.096731,769905.1619999999,769905.1619999999,769905.1619999999,0.0,False,,False,0.0,,,,,,,,,,False,False,0,0.0,0,False,,,,,,False,False
B1800150400000,SAUDADE,2014,2016,PE,COMUNICAÇÃO ELETRÔNICA DE MASSA POR ASSINATURA (TV PAGA),DOCUMENTÁRIO,PRODAV,PRODAV 06,False,800800.0,2,1.749188,1374532.0504,1400749.7504,1374532.0504,0.0,False,,False,0.0,,,,,,,,,,False,False,0,0.0,0,False,,,3.934,6.8,18.0,True,True
B2100207000000,SEMENTES DA EDUCAÇÃO - 2º TEMPORADA,2013,2021,SP,COMUNICAÇÃO ELETRÔNICA DE MASSA POR ASSINATURA (TV PAGA),DOCUMENTÁRIO,PRODAV,PRODAV 01,False,700316.0,1,1.861311,1303505.8742759998,1303505.8742759998,1303505.8742759998,0.0,False,,False,0.0,,,,,,,,,,False,False,0,0.0,0,False,,,3.732,,,True,False
B2500191400000,CRIADAS,2017,2025,SP,SALAS DE EXIBIÇÃO,FICÇÃO,PRODAV,PRODAV 06,False,785000.0,2,1.444401,1532882.5050135201,1133854.7850000001,1133854.7850000001,399027.72001352004,True,,False,0.0,,,,,,,,,,False,False,0,0.0,0,False,,,,,,False,False
B1402091700000,FANÁTICOS,2010,2014,RJ,INDEFINIDO,DOCUMENTÁRIO,PRODAV,PRODAV 01,False,700000.0,1,2.222058,4488215.0506698005,1555440.6,1555440.6,2932774.4506698,True,,False,0.0,,,,,,,,,,False,False,0,0.0,0,False,,,,,,False,False
B1700122800000,BOTO FÉ,2013,2017,RJ,COMUNICAÇÃO ELETRÔNICA DE MASSA POR ASSINATURA (TV PAGA),DOCUMENTÁRIO,PRODAV,PRODAV 02 - PROJETO DERIVADO,False,700000.0,1,1.861311,1302917.7,1302917.7,1302917.7,0.0,False,,False,0.0,,,,,,,,,,False,False,0,0.0,0,False,,,,,,False,False
B2300282000000,DE LONGE TODA SERRA É AZUL,2016,2023,DF,SALAS DE EXIBIÇÃO,DOCUMENTÁRIO,PRODECINE,PRODECINE 01,False,1099833.33,2,1.487011,1635464.2598766303,1635464.2598766303,1635464.2598766303,0.0,False,136.0,True,83.15681567401481,1056.25,29.0,4.0,,,,,,,False,False,0,0.0,0,False,,,3.683,,,True,False
B2500469100000,MASSA FUNKEIRA,2022,2025,RJ,COMUNICAÇÃO ELETRÔNICA DE MASSA POR ASSINATURA (TV PAGA),DOCUMENTÁRIO,PRODUCAO,PRODUÇÃO TV/VOD – VIA PROGRAMADORA,False,700000.0,1,1.096731,767711.7,767711.7,767711.7,0.0,False,,False,0.0,,,,,,,,,,False,False,0,0.0,0,False,,,,,,False,False
B1800459400000,AMAZÔNIA GROOVE,2015,2018,RJ,SALAS DE EXIBIÇÃO,DOCUMENTÁRIO,PRODECINE,PRODECINE 01,False,898440.0,2,1.580544,3945357.2773599997,1420023.95136,1382647.77736,2562709.5,True,1483.0,True,375.8848428024587,23661.38,293.0,9.0,,,,,,,False,False,0,0.0,0,False,,,,6.9,70.0,False,True
B2400035700000,"SANTOS DUMONT, O CÉU NA CABEÇA",2013,2024,MG,COMUNICAÇÃO ELETRÔNICA DE MASSA POR ASSINATURA (TV PAGA),DOCUMENTÁRIO,PRODAV,PRODAV 01,False,700000.0,1,1.861311,1302917.7,1302917.7,1302917.7,0.0,False,,False,0.0,,,,,,,,,,False,False,0,0.0,0,False,,,,,,False,False
B2300499100000,MÃES DA TERRA,2016,2023,RJ,COMUNICAÇÃO ELETRÔNICA DE MASSA POR ASSINATURA (TV PAGA),DOCUMENTÁRIO,PRODAV,PRODAV 06,False,700000.0,1,1.487011,1040907.7000000001,1040907.7000000001,1040907.7000000001,0.0,False,,False,0.0,,,,,,,,,,False,False,0,0.0,0,False,,,3.97,,,True,False
B1101528200000,EU RECEBERIA AS PIORES NOTÍCIAS DOS SEUS LINDOS LÁBIOS,2008,2011,SP,INDEFINIDO,FICÇÃO,PRODECINE,PRODECINE 01,False,700000.0,1,2.454812,7890936.4678428,1718368.4,1718368.4,6172568.0678428,True,,False,0.0,,,,,,,,1063.0,,False,False,1,6.67,1,True,1.0,0.0,3.7,6.6,721.0,True,True
B2100217300000,ANTENA DA RAÇA - O FILME,2017,2021,DF,COMUNICAÇÃO ELETRÔNICA DE MASSA POR ASSINATURA (TV PAGA),DOCUMENTÁRIO,PRODAV,PRODAV 06,False,700000.0,1,1.444401,1011080.7000000001,1011080.7000000001,1011080.7000000001,0.0,False,,False,0.0,,,,,,,,,,False,False,0,0.0,0,False,,,4.1,,,True,False
B2300065200000,MEMÓRIA DA MÍDIA,2013,2023,RJ,COMUNICAÇÃO ELETRÔNICA DE MASSA POR ASSINATURA (TV PAGA),DOCUMENTÁRIO,PRODAV,PRODAV 01,False,700000.0,1,1.861311,1302917.7,1302917.7,1302917.7,0.0,False,,False,0.0,,,,,,,,,,False,False,0,0.0,0,False,,,3.77,,,True,False
B1600730300000,AS CANÇÕES DA MINHA VIDA,2013,2015,RJ,COMUNICAÇÃO ELETRÔNICA DE MASSA POR ASSINATURA (TV PAGA),DOCUMENTÁRIO,PRODAV,PRODAV 02 - PROJETO DERIVADO,False,700000.0,1,1.861311,1302917.7,1302917.7,1302917.7,0.0,False,,False,0.0,,,,,,,,,,False,False,0,0.0,0,False,,,3.2,,,True,False
B1201586300000,CARA OU COROA,2009,2012,SP,INDEFINIDO,FICÇÃO,PRODECINE,PRODECINE 01,False,700000.0,1,2.353382,3297367.4,1647367.4,1647367.4,1650000.0,True,,False,0.0,,,,,,,,,,False,False,0,0.0,0,False,,,,6.3,63.0,False,True
B1900150600000,MEMÓRIAS DO GRUPO OPINIÃO,2013,2019,RJ,COMUNICAÇÃO ELETRÔNICA DE MASSA POR ASSINATURA (TV PAGA),DOCUMENTÁRIO,PRODAV,PRODAV 01,False,700000.0,1,1.861311,1302917.7,1302917.7,1302917.7,0.0,False,,False,0.0,,,,,,,,,,False,False,0,0.0,0,False,,,,,,False,False
B2500141200000,FABRICAS DE SONHO,2018,2025,RJ,COMUNICAÇÃO ELETRÔNICA DE MASSA POR ASSINATURA (TV PAGA),DOCUMENTÁRIO,DESEMPENHO,SUPORTE AUTOMÁTICO - DESEMPENHO COMERCIAL TV E VOD,False,700000.0,1,1.392194,974535.7999999999,974535.7999999999,974535.7999999999,0.0,False,,False,0.0,,,,,,,,,,False,False,0,0.0,0,False,,,,,,False,False
B1301733000000,VAI QUE DÁ CERTO,2008,2012,RJ,SALAS DE EXIBIÇÃO,FICÇÃO,PRODECINE,PRODECINE 01,False,700000.0,1,2.454812,2965660.8599999994,1718368.4,1718368.4,1247292.46,True,,False,0.0,,,,,,,,,,False,False,0,0.0,0,False,,,3.5,5.8,1504.0,True,True
B1800514200000,PALMARES CORAÇÃO BRASILEIRO ALMA AFRICANA,2013,2018,RJ,COMUNICAÇÃO ELETRÔNICA DE MASSA POR ASSINATURA (TV PAGA),DOCUMENTÁRIO,PRODAV,PRODAV 01,False,700000.0,1,1.861311,1302917.7,1302917.7,1302917.7,0.0,False,,False,0.0,,,,,,,,,,False,False,0,0.0,0,False,,,,,,False,False
B1800209700000,OS ÍMPARES,2013,2017,RJ,COMUNICAÇÃO ELETRÔNICA DE MASSA POR ASSINATURA (TV PAGA),DOCUMENTÁRIO,PRODAV,PRODAV 01,False,700000.0,1,1.861311,1302917.7,1302917.7,1302917.7,0.0,False,,False,0.0,,,,,,,,,,False,False,0,0.0,0,False,,,,,,False,False
B1900448000000,VEREDAS DO BRASIL - ESTRADA REAL E SEUS OFÍCIOS,2014,2019,MG,COMUNICAÇÃO ELETRÔNICA DE MASSA POR ASSINATURA (TV PAGA),DOCUMENTÁRIO,PRODAV,PRODAV 06,False,700000.0,1,1.749188,1224431.5999999999,1224431.5999999999,1224431.5999999999,0.0,False,,False,0.0,,,,,,,,,,False,False,0,0.0,0,False,,,4.343,,,True,False
B1800440400000,JOGOS DE INVENTAR,2015,2018,RS,RADIODIFUSÃO DE SONS E IMAGENS (TV ABERTA),ANIMAÇÃO,PRODAV,PRODAV 12,False,700000.0,1,1.580544,1106380.8,1106380.8,1106380.8,0.0,False,,False,0.0,,,,,,,,,,False,False,0,0.0,0,False,,,2.3,,,True,False
B2400451000000,DINOS DO BRASIL,2022,2024,PE,COMUNICAÇÃO ELETRÔNICA DE MASSA POR ASSINATURA (TV PAGA),DOCUMENTÁRIO,PRODUCAO,PRODUÇÃO TV-VOD,False,700000.0,1,1.096731,767711.7,767711.7,767711.7,0.0,False,,False,0.0,,,,,,,,,,False,False,0,0.0,0,False,,,,,,False,False
B1700248900000,A SUPERFÍCIE DA SOMBRA,2015,2017,RS,SALAS DE EXIBIÇÃO,FICÇÃO,PRODECINE,PRODECINE 01,False,900000.0,2,1.580544,2744277.2,1422489.5999999999,1403783.0,1340494.2,True,1178.0,True,429.2569278351327,17096.66,192.0,11.0,,,,,,,False,False,0,0.0,0,False,,,2.6,6.1,20.0,True,True
B2500325500000,OLHE PARA MIM,2015,2025,AL,SALAS DE EXIBIÇÃO,FICÇÃO,ARRANJOS,ARRANJOS REGIONAIS,False,700000.0,1,1.580544,1384819.6,1106380.8,1106380.8,278438.8,True,,False,0.0,,,,,,,,,,False,False,0,0.0,0,False,,,,,,False,False
B1201661300000,A MEMÓRIA QUE ME CONTAM,2009,2012,RJ,INDEFINIDO,FICÇÃO,PRODECINE,PRODECINE 01,False,700000.0,1,2.353382,1647367.4,1647367.4,1647367.4,0.0,False,,False,0.0,,,,,,,,,,False,False,0,0.0,0,False,2.0,0.0,3.462,6.3,269.0,True,True
B1800416100000,13 CANÇÕES PARA ENTENDER O SAMBA,2013,2018,SP,VIDEO DOMÉSTICO,DOCUMENTÁRIO,PRODAV,PRODAV 01,False,700000.0,1,1.861311,1302917.7,1302917.7,1302917.7,0.0,False,,False,0.0,,,,,,,,,,False,False,0,0.0,0,False,,,4.2,,,True,False
B1700139700000,MISH MASH - A PRESENÇA JUDAICA NO BRASIL,2013,2016,PE,COMUNICAÇÃO ELETRÔNICA DE MASSA POR ASSINATURA (TV PAGA),DOCUMENTÁRIO,PRODAV,PRODAV 02 - PROJETO DERIVADO,False,700000.0,1,1.861311,1302917.7,1302917.7,1302917.7,0.0,False,,False,0.0,,,,,,,,,,False,False,0,0.0,0,False,,,3.543,,,True,False
B1700601300000,O AMBIENTALISTA,2013,2017,MG,COMUNICAÇÃO ELETRÔNICA DE MASSA POR ASSINATURA (TV PAGA),DOCUMENTÁRIO,PRODAV,PRODAV 01,False,699996.0,1,1.861311,1302910.254756,1302910.254756,1302910.254756,0.0,False,,False,0.0,,,,,,,,,,False,False,0,0.0,0,False,,,,,,False,False
B2200066000000,SOU MODERNO SOU ÍNDIO,2016,2022,SP,COMUNICAÇÃO ELETRÔNICA DE MASSA POR ASSINATURA (TV PAGA),DOCUMENTÁRIO,PRODAV,PRODAV 02 - PROJETO DERIVADO,False,699933.5,1,1.487011,1040808.8137685001,1040808.8137685001,1040808.8137685001,0.0,False,,False,0.0,,,,,,,,,,False,False,0,0.0,0,False,,,,,,False,False
B1900038500000,"BRASIL, TRAVESSIAS",2013,2018,RJ,COMUNICAÇÃO ELETRÔNICA DE MASSA POR ASSINATURA (TV PAGA),DOCUMENTÁRIO,PRODAV,PRODAV 02 - PROJETO DERIVADO,False,699704.87,1,1.861311,1302368.3712845698,1302368.3712845698,1302368.3712845698,0.0,False,,False,0.0,,,,,,,,,,False,False,0,0.0,0,False,,,,,,False,False
B2300452900000,"BRASIL, 500 ANOS DE ECONOMIA",2013,2023,SP,COMUNICAÇÃO ELETRÔNICA DE MASSA POR ASSINATURA (TV PAGA),DOCUMENTÁRIO,PRODAV,PRODAV 02 - PROJETO DERIVADO,False,699518.0,1,1.861311,1302020.548098,1302020.548098,1302020.548098,0.0,False,,False,0.0,,,,,,,,,,False,False,0,0.0,0,False,,,,,,False,False
B1900584500000,UTOPIA BRASIL,2014,2019,SP,COMUNICAÇÃO ELETRÔNICA DE MASSA POR ASSINATURA (TV PAGA),DOCUMENTÁRIO,PRODAV,PRODAV 06,False,699490.0,1,1.749188,1223539.51412,1223539.51412,1223539.51412,0.0,False,,False,0.0,,,,,,,,,,False,False,0,0.0,0,False,,,,,,False,False
B1900428900000,OCUPAÇÕES,2014,2019,SP,COMUNICAÇÃO ELETRÔNICA DE MASSA POR ASSINATURA (TV PAGA),DOCUMENTÁRIO,PRODAV,PRODAV 06,False,699109.4,1,1.749188,1222873.7731672,1222873.7731672,1222873.7731672,0.0,False,,False,0.0,,,,,,,,,,False,False,0,0.0,0,False,,,,,,False,False
B1800548900000,DOÇARIA BRASILEIRA,2013,2018,SP,COMUNICAÇÃO ELETRÔNICA DE MASSA POR ASSINATURA (TV PAGA),DOCUMENTÁRIO,PRODAV,PRODAV 02 - PROJETO DERIVADO,False,699000.0,1,1.861311,1301056.389,1301056.389,1301056.389,0.0,False,,False,0.0,,,,,,,,,,False,False,0,0.0,0,False,,,,,,False,False
B1301996600000,O GRANDE KILAPY,2009,2009,SP,INDEFINIDO,FICÇÃO,PRODECINE,PRODECINE 01,True,696747.0,1,2.353382,3628319.6383539997,1639711.848354,1639711.848354,1635600.49,True,618.0,True,170.32677977631482,7624.21,,,,,,,,1.0,False,False,0,2.0,2,True,3.0,1.0,4.4,,,True,False
B2400388000000,DOVAL: O GRINGO MAIS CARIOCA DO FUTEBOL,2018,2024,RJ,COMUNICAÇÃO ELETRÔNICA DE MASSA POR ASSINATURA (TV PAGA),DOCUMENTÁRIO,FLUXO CONTINUO,FLUXO CONTÍNUO PRODUÇÃO PARA TELEVISÃO,False,696000.0,1,1.392194,968967.024,968967.024,968967.024,0.0,False,,False,0.0,,,,,,,,,,False,False,0,0.0,0,False,,,,,,False,False
B2300573000000,SAIDEIRA,2013,2023,RJ,SALAS DE EXIBIÇÃO,FICÇÃO,PRODAV,PRODAV 01,False,695194.5,1,1.861311,1444401.0,1293973.1699895,0.0,1444401.0,True,9252.0,True,6405.423424658387,185196.65,5969.0,86.0,,,,,,,False,False,0,0.0,0,False,,,3.87,5.6,77.0,True,True
B1600784800000,SAIDEIRA,2013,2016,RJ,COMUNICAÇÃO ELETRÔNICA DE MASSA POR ASSINATURA (TV PAGA),DOCUMENTÁRIO,PRODAV,PRODAV 01,False,695194.5,1,1.861311,1293973.1699895,1293973.1699895,1293973.1699895,0.0,False,,False,0.0,,,,,,,,,,False,False,0,0.0,0,False,,,3.87,,,True,False
B2200296300000,REPÚBLICA DOS JUÍZES,2013,2022,SP,COMUNICAÇÃO ELETRÔNICA DE MASSA POR ASSINATURA (TV PAGA),DOCUMENTÁRIO,PRODAV,PRODAV 01,False,693599.0,1,1.861311,1291003.448289,1291003.448289,1291003.448289,0.0,False,,False,0.0,,,,,,,,,,False,False,0,0.0,0,False,,,,,,False,False
B1900461500000,MUSEUS À CÉU ABERTO,2014,2019,SP,COMUNICAÇÃO ELETRÔNICA DE MASSA POR ASSINATURA (TV PAGA),DOCUMENTÁRIO,PRODAV,PRODAV 06,False,689260.0,1,1.749188,1205645.32088,1205645.32088,1205645.32088,0.0,False,,False,0.0,,,,,,,,,,False,False,0,0.0,0,False,,,,,,False,False
B1600702800000,GRANDES CENAS,2013,2016,RS,COMUNICAÇÃO ELETRÔNICA DE MASSA POR ASSINATURA (TV PAGA),DOCUMENTÁRIO,PRODAV,PRODAV 02 - PROJETO DERIVADO,False,687170.0,1,1.861311,1279037.07987,1279037.07987,1279037.07987,0.0,False,,False,0.0,,,,,,,,,,False,False,0,0.0,0,False,,,,,,False,False
B1600486300000,SÉRIE C,2012,2015,RJ,RADIODIFUSÃO DE SONS E IMAGENS (TV ABERTA),DOCUMENTÁRIO,PRODAV,PRODAV 01,False,685788.0,1,1.971315,1351904.17122,1351904.17122,1351904.17122,0.0,False,,False,0.0,,,,,,,,,,False,False,0,0.0,0,False,,,,,,False,False
B2000542500000,MEU NOME É BAGDÁ,2016,2020,SP,SALAS DE EXIBIÇÃO,FICÇÃO,PRODAV,PRODAV 07,False,1150000.0,2,1.487011,2781236.8594314503,1710062.6500000001,1665978.60943145,1115258.25,True,,False,0.0,,,,,,43.0,11.0,7317.0,,False,False,1,15.27,2,True,1.0,0.0,3.857,6.5,284.0,True,True
B1800402700000,VIAGEM DE BOLSO,2013,2018,SP,COMUNICAÇÃO ELETRÔNICA DE MASSA POR ASSINATURA (TV PAGA),DOCUMENTÁRIO,PRODAV,PRODAV 01,False,684675.0,1,1.861311,1274393.108925,1274393.108925,1274393.108925,0.0,False,,False,0.0,,,,,,,,,,False,False,0,0.0,0,False,,,,,,False,False
B1800007000000,ATÉ O PRIMEIRO DISCO,2013,2017,SP,COMUNICAÇÃO ELETRÔNICA DE MASSA POR ASSINATURA (TV PAGA),DOCUMENTÁRIO,PRODAV,PRODAV 02 - PROJETO DERIVADO,False,683421.0,1,1.861311,1272059.0249309998,1272059.0249309998,1272059.0249309998,0.0,False,,False,0.0,,,,,,,,,,False,False,0,0.0,0,False,,,4.273,,,True,False
B2000360900000,MIÚDA E O GUARDA-CHUVA,2016,2020,SP,SALAS DE EXIBIÇÃO,ANIMAÇÃO,PRODECINE,PRODECINE 02,False,683000.0,1,1.487011,1015628.513,1015628.513,1015628.513,0.0,False,8.0,True,7.876895831103946,120.0,17.0,3.0,,,,,,,False,False,0,0.0,0,False,,,4.315,7.7,46.0,True,True
B1700472700000,CINEASTAS,2013,2016,TO,COMUNICAÇÃO ELETRÔNICA DE MASSA POR ASSINATURA (TV PAGA),DOCUMENTÁRIO,PRODAV,PRODAV 01,False,682000.0,1,1.861311,1269414.102,1269414.102,1269414.102,0.0,False,,False,0.0,,,,,,,,,,False,False,0,0.0,0,False,,,,,,False,False
B1800553300000,FAMÍLIA NA TRIBO,2013,2018,SP,COMUNICAÇÃO ELETRÔNICA DE MASSA POR ASSINATURA (TV PAGA),DOCUMENTÁRIO,PRODAV,PRODAV 02 - PROJETO DERIVADO,False,679866.0,1,1.861311,1265442.064326,1265442.064326,1265442.064326,0.0,False,,False,0.0,,,,,,,,,,False,False,0,0.0,0,False,,,3.656,,,True,False
B2300353100000,À MARGEM DO OURO,2017,2023,SP,SALAS DE EXIBIÇÃO,DOCUMENTÁRIO,PRODAV,PRODAV 07,False,678008.03,1,1.444401,979315.4765400301,979315.4765400301,979315.4765400301,0.0,False,37.0,True,37.78149216095596,359.27,7.0,1.0,,,,,,,False,False,0,0.0,0,False,,,3.962,,,True,False
B1700411500000,GIRAMUNDO,2014,2016,GO,RADIODIFUSÃO DE SONS E IMAGENS (TV ABERTA),DOCUMENTÁRIO,PRODAV,PRODAV 10,False,676000.0,1,1.749188,1182451.088,1182451.088,1182451.088,0.0,False,,False,0.0,,,,,,,,,,False,False,0,0.0,0,False,,,,,,False,False
B1700222800000,A VELHA HISTÓRIA DO MEU AMIGO NOVO,2014,2016,RS,RADIODIFUSÃO DE SONS E IMAGENS (TV ABERTA),DOCUMENTÁRIO,PRODAV,PRODAV 12,False,675997.28,1,1.749188,1182446.33020864,1182446.33020864,1182446.33020864,0.0,False,,False,0.0,,,,,,,,,,False,False,0,0.0,0,False,,,3.957,,,True,False
B1700097600000,MEU PEQUENO MUNDO,2014,2016,AM,RADIODIFUSÃO DE SONS E IMAGENS (TV ABERTA),DOCUMENTÁRIO,PRODAV,PRODAV 08,False,675510.0,1,1.749188,1181593.98588,1181593.98588,1181593.98588,0.0,False,,False,0.0,,,,,,,,,,False,False,0,0.0,0,False,,,3.725,,,True,False
B1900189800000,EMPATE,2014,2019,AC,SALAS DE EXIBIÇÃO,DOCUMENTÁRIO,SAV/MINC 04,SAV/MINC 04,False,672980.0,1,1.749188,1177168.54024,1177168.54024,1177168.54024,0.0,False,148.0,True,125.72541224201072,1668.76,48.0,7.0,,,3.5,3.0,,,False,False,0,0.7,1,True,,,,,,False,False
B1800477500000,FORMIGAS,2013,2017,RS,RADIODIFUSÃO DE SONS E IMAGENS (TV ABERTA),FICÇÃO,PRODAV,PRODAV 02 - PROJETO DERIVADO,False,671998.39,1,1.861311,1250797.99528929,1250797.99528929,1250797.99528929,0.0,False,,False,0.0,,,,,,,,,,False,False,0,0.0,0,False,,,,,,False,False
B1900623300000,OS OSSOS DA SAUDADE,2014,2019,MG,SALAS DE EXIBIÇÃO,DOCUMENTÁRIO,SAV/MINC 04,SAV/MINC 04,False,669971.6,1,1.749188,1171906.2830608,1171906.2830608,1171906.2830608,0.0,False,75.0,True,63.998291573379085,1178.19,21.0,3.0,,,,,,,False,False,0,0.0,0,False,,,3.709,8.0,9.0,True,True
B2100160900000,RODA DE CHORO,2016,2021,MS,COMUNICAÇÃO ELETRÔNICA DE MASSA POR ASSINATURA (TV PAGA),DOCUMENTÁRIO,PRODAV,PRODAV 02 - PROJETO DERIVADO,False,668500.0,1,1.487011,994066.8535000001,994066.8535000001,994066.8535000001,0.0,False,,False,0.0,,,,,,,,,,False,False,0,0.0,0,False,,,,,,False,False
B1600439400000,A TERRA VERMELHA,2013,2016,RS,SALAS DE EXIBIÇÃO,FICÇÃO,PRODECINE,PRODECINE 04,True,667200.0,1,1.861311,1241866.6992,1241866.6992,1241866.6992,0.0,False,1561.0,True,1256.9787087499674,23140.46,161.0,5.0,,,,,,,False,False,0,0.0,1,True,,,3.975,,,True,False
B1900146900000,OS KONSIDERADOS,2014,2019,PA,RADIODIFUSÃO DE SONS E IMAGENS (TV ABERTA),FICÇÃO,ARRANJOS,ARRANJOS REGIONAIS,False,666666.67,1,1.749188,1166125.33916396,1166125.33916396,1166125.33916396,0.0,False,,False,0.0,,,,,,,,,,False,False,0,0.0,0,False,,,,,,False,False
B1700342300000,DIÁRIOS DA FLORESTA,2014,2017,PA,RADIODIFUSÃO DE SONS E IMAGENS (TV ABERTA),FICÇÃO,ARRANJOS,ARRANJOS REGIONAIS,False,666666.64,1,1.749188,1166125.28668832,1166125.28668832,1166125.28668832,0.0,False,,False,0.0,,,,,,,,,,False,False,0,0.0,0,False,,,4.0,,,True,False
B1800608100000,CLAUDE - ALÉM DA COZINHA,2016,2018,SP,COMUNICAÇÃO ELETRÔNICA DE MASSA POR ASSINATURA (TV PAGA),DOCUMENTÁRIO,PRODAV,PRODAV 06,False,665775.0,1,1.487011,990014.7485250001,990014.7485250001,990014.7485250001,0.0,False,,False,0.0,,,,,,,,,,False,False,0,0.0,0,False,,,3.97,,,True,False
B1800223200000,MAMIRAUÁ,2013,2018,RJ,COMUNICAÇÃO ELETRÔNICA DE MASSA POR ASSINATURA (TV PAGA),DOCUMENTÁRIO,PRODAV,PRODAV 01,False,665311.0,1,1.861311,1238350.682721,1238350.682721,1238350.682721,0.0,False,,False,0.0,,,,,,,,,,False,False,0,0.0,0,False,,,,,,False,False
B2200454700000,"PLURAL, A SÉRIE",2013,2022,RJ,COMUNICAÇÃO ELETRÔNICA DE MASSA POR ASSINATURA (TV PAGA),DOCUMENTÁRIO,PRODAV,PRODAV 01,False,665242.6,1,1.861311,1238223.3690485999,1238223.3690485999,1238223.3690485999,0.0,False,,False,0.0,,,,,,,,,,False,False,0,0.0,0,False,,,3.008,,,True,False
B2000205300000,EM BUSCA DA ESSÊNCIA NA COZINHA,2016,2020,SP,COMUNICAÇÃO ELETRÔNICA DE MASSA POR ASSINATURA (TV PAGA),DOCUMENTÁRIO,PRODAV,PRODAV 06,False,664895.0,1,1.487011,988706.1788450001,988706.1788450001,988706.1788450001,0.0,False,,False,0.0,,,,,,,,,,False,False,0,0.0,0,False,,,3.8,,,True,False
B2100110200000,SOL DA BAHIA,2015,2021,TO,COMUNICAÇÃO ELETRÔNICA DE MASSA POR ASSINATURA (TV PAGA),DOCUMENTÁRIO,PRODAV,PRODAV 06,False,664381.33,1,1.580544,1050083.92484352,1050083.92484352,1050083.92484352,0.0,False,,False,0.0,,,,,,,,,,False,False,0,0.0,0,False,,,3.88,,,True,False
B1800166100000,REPÚBLICA DA POESIA,2013,2018,PE,COMUNICAÇÃO ELETRÔNICA DE MASSA POR ASSINATURA (TV PAGA),DOCUMENTÁRIO,PRODAV,PRODAV 02 - PROJETO DERIVADO,False,660000.0,1,1.861311,1228465.26,1228465.26,1228465.26,0.0,False,,False,0.0,,,,,,,,,,False,False,0,0.0,0,False,,,,,,False,False
B2300017500000,NA FRONTEIRA DA IMAGEM,2013,2022,RJ,COMUNICAÇÃO ELETRÔNICA DE MASSA POR ASSINATURA (TV PAGA),DOCUMENTÁRIO,PRODAV,PRODAV 01,False,660000.0,1,1.861311,1228465.26,1228465.26,1228465.26,0.0,False,,False,0.0,,,,,,,,,,False,False,0,0.0,0,False,,,3.97,,,True,False
B2200015800000,MANUFATURA FASHION,2016,2022,MA,COMUNICAÇÃO ELETRÔNICA DE MASSA POR ASSINATURA (TV PAGA),DOCUMENTÁRIO,PRODAV,PRODAV 06,False,660000.0,1,1.487011,981427.26,981427.26,981427.26,0.0,False,,False,0.0,,,,,,,,,,False,False,0,0.0,0,False,,,,,,False,False
B2500376100000,AMOR LIVRE AMOR,2018,2025,SP,SALAS DE EXIBIÇÃO,FICÇÃO,ARRANJOS,ARRANJOS REGIONAIS,False,1669086.82,5,1.392194,5206465.1536779,2323692.65628308,2511703.9384387797,2694761.21523912,True,,False,0.0,,,,,,,,,,False,False,0,0.0,0,False,,,,,,False,False
B1402192700000,OS AMIGOS,2012,2014,SP,INDEFINIDO,FICÇÃO,PRODECINE,PRODECINE 04,False,858204.0,2,1.971315,4336259.2182599995,1691790.41826,1669789.61826,2666469.6,True,5513.0,True,1271.3723332739753,69936.81,,,,,,,,,False,False,0,0.0,0,False,,,,5.3,115.0,False,True
B1800264200000,CARVANA,2014,2018,RJ,SALAS DE EXIBIÇÃO,DOCUMENTÁRIO,SAV/MINC 04,SAV/MINC 04,False,652864.15,1,1.749188,1141982.1368102,1141982.1368102,1141982.1368102,0.0,False,711.0,True,622.6016827075551,7590.45,87.0,5.0,,,,,,,False,False,0,0.0,0,False,,,,,,False,False
B1900478800000,SEMENTES DO AMANHÃ,2016,2019,RS,COMUNICAÇÃO ELETRÔNICA DE MASSA POR ASSINATURA (TV PAGA),DOCUMENTÁRIO,PRODAV,PRODAV 02 - PROJETO DERIVADO,False,650140.0,1,1.487011,966765.33154,966765.33154,966765.33154,0.0,False,,False,0.0,,,,,,,,,,False,False,0,0.0,0,False,,,4.193,,,True,False
B1900490100000,RETRATOS URBANOS,2013,2019,SP,COMUNICAÇÃO ELETRÔNICA DE MASSA POR ASSINATURA (TV PAGA),DOCUMENTÁRIO,PRODAV,PRODAV 01,False,650105.0,1,1.861311,1210047.587655,1210047.587655,1210047.587655,0.0,False,,False,0.0,,,,,,,,,,False,False,0,0.0,0,False,,,,,,False,False
B1600785000000,PRAZER EM RECEBER,2014,2016,RJ,COMUNICAÇÃO ELETRÔNICA DE MASSA POR ASSINATURA (TV PAGA),VARIEDADES,PRODAV,PRODAV 06,False,650000.46,1,1.749188,1136973.00462648,1136973.00462648,1136973.00462648,0.0,False,,False,0.0,,,,,,,,,,False,False,0,0.0,0,False,,,,,,False,False
B1700129600000,SQUAT NA AMAZÔNIA,2014,2016,PA,RADIODIFUSÃO DE SONS E IMAGENS (TV ABERTA),FICÇÃO,PRODAV,PRODAV 08,False,650000.0,1,1.749188,1136972.2,1136972.2,1136972.2,0.0,False,,False,0.0,,,,,,,,,,False,False,0,0.0,0,False,,,3.271,,,True,False
B1600698800000,NO CAMINHO DO BEM,2013,2016,RJ,COMUNICAÇÃO ELETRÔNICA DE MASSA POR ASSINATURA (TV PAGA),DOCUMENTÁRIO,PRODAV,PRODAV 01,False,650000.0,1,1.861311,1209852.15,1209852.15,1209852.15,0.0,False,,False,0.0,,,,,,,,,,False,False,0,0.0,0,False,,,4.3,,,True,False
B1700625600000,CLARA ESTRELA,2013,2017,RJ,COMUNICAÇÃO ELETRÔNICA DE MASSA POR ASSINATURA (TV PAGA),DOCUMENTÁRIO,PRODAV,PRODAV 01,False,650000.0,1,1.861311,1209852.15,1209852.15,1209852.15,0.0,False,,False,0.0,,,,,,,,,,False,False,0,0.0,0,False,,,,8.4,34.0,False,True
B1800542400000,"COM A PALAVRA, ARNALDO ANTUNES",2014,2018,SP,COMUNICAÇÃO ELETRÔNICA DE MASSA POR ASSINATURA (TV PAGA),DOCUMENTÁRIO,PRODAV,PRODAV 06,False,650000.0,1,1.749188,1136972.2,1136972.2,1136972.2,0.0,False,,False,0.0,,,,,,,,,,False,False,0,0.0,0,False,,,3.433,7.6,80.0,True,True
B1700261300000,CIDADE INVISÍVEL,2014,2016,MT,RADIODIFUSÃO DE SONS E IMAGENS (TV ABERTA),FICÇÃO,PRODAV,PRODAV 10,False,650000.0,1,1.749188,1136972.2,1136972.2,1136972.2,0.0,False,,False,0.0,,,,,,,,,,False,False,0,0.0,0,False,,,2.9,6.9,7.0,True,True
B1600746900000,MÚSICA DA MINHA VIDA,2014,2016,BA,COMUNICAÇÃO ELETRÔNICA DE MASSA POR ASSINATURA (TV PAGA),FICÇÃO,PRODAV,PRODAV 09,False,650000.0,1,1.749188,1136972.2,1136972.2,1136972.2,0.0,False,,False,0.0,,,,,,,,,,False,False,0,0.0,0,False,,,3.2,,,True,False
B1700122600000,GUATEKA,2014,2016,MS,RADIODIFUSÃO DE SONS E IMAGENS (TV ABERTA),FICÇÃO,PRODAV,PRODAV 10,False,650000.0,1,1.749188,1136972.2,1136972.2,1136972.2,0.0,False,,False,0.0,,,,,,,,,,False,False,0,0.0,0,False,,,,,,False,False
B1800188300000,AS MIL MULHERES,2013,2018,RJ,COMUNICAÇÃO ELETRÔNICA DE MASSA POR ASSINATURA (TV PAGA),DOCUMENTÁRIO,PRODAV,PRODAV 01,False,650000.0,1,1.861311,1209852.15,1209852.15,1209852.15,0.0,False,,False,0.0,,,,,,,,,,False,False,0,0.0,0,False,,,4.4,,,True,False
B2400368500000,ARQUITETOS BRASILEIROS - 2ª TEMPORADA,2013,2024,SP,COMUNICAÇÃO ELETRÔNICA DE MASSA POR ASSINATURA (TV PAGA),DOCUMENTÁRIO,PRODAV,PRODAV 01,False,650000.0,1,1.861311,1209852.15,1209852.15,1209852.15,0.0,False,,False,0.0,,,,,,,,,,False,False,0,0.0,0,False,,,,,,False,False
B1700048200000,"MAUANI, O SILÊNCIO DE MARIA",2014,2016,AC,RADIODIFUSÃO DE SONS E IMAGENS (TV ABERTA),FICÇÃO,PRODAV,PRODAV 08,False,650000.0,1,1.749188,1136972.2,1136972.2,1136972.2,0.0,False,,False,0.0,,,,,,,,,,False,False,0,0.0,0,False,,,4.1,,,True,False
B2300136700000,ARTE URBANA,2013,2023,RJ,COMUNICAÇÃO ELETRÔNICA DE MASSA POR ASSINATURA (TV PAGA),DOCUMENTÁRIO,PRODAV,PRODAV 01,False,650000.0,1,1.861311,1209852.15,1209852.15,1209852.15,0.0,False,,False,0.0,,,,,,,,,,False,False,0,0.0,0,False,,,,,,False,False
B2000441300000,O AQUECIMENTO GLOBAL,2013,2020,SP,COMUNICAÇÃO ELETRÔNICA DE MASSA POR ASSINATURA (TV PAGA),DOCUMENTÁRIO,PRODAV,PRODAV 01,False,650000.0,1,1.861311,1209852.15,1209852.15,1209852.15,0.0,False,,False,0.0,,,,,,,,,,False,False,0,0.0,0,False,,,,,,False,False
B1700405300000,MEU SKATE NÃO É ENFEITE,2014,2016,GO,NENHUMA DAS OPÇÕES,FICÇÃO,PRODAV,PRODAV 10,False,650000.0,1,1.749188,1136972.2,1136972.2,1136972.2,0.0,False,,False,0.0,,,,,,,,,,False,False,0,0.0,0,False,,,3.857,,,True,False
B1900063700000,"MUSSUM, UM FILME DO CACILDIS",2015,2019,RJ,SALAS DE EXIBIÇÃO,DOCUMENTÁRIO,PRODECINE,PRODECINE 01,False,780800.0,2,1.580544,1734208.9751999998,1234088.7552,1209452.5751999998,524756.4,True,2388.0,True,1376.9966792638706,22916.18,405.0,24.0,,,,,,,False,False,0,0.0,0,False,,,3.4,7.3,452.0,True,True
B1700447300000,ÁFRICA DA SORTE,2014,2017,PE,RADIODIFUSÃO DE SONS E IMAGENS (TV ABERTA),FICÇÃO,PRODAV,PRODAV 09,False,650000.0,1,1.749188,1136972.2,1136972.2,1136972.2,0.0,False,,False,0.0,,,,,,,,,,False,False,0,0.0,0,False,,,,,,False,False
B1700220900000,O NÓ DO DIABO,2014,2016,PB,COMUNICAÇÃO ELETRÔNICA DE MASSA POR ASSINATURA (TV PAGA),FICÇÃO,PRODAV,PRODAV 09,False,650000.0,1,1.749188,1136972.2,1136972.2,1136972.2,0.0,False,,False,0.0,,,,,,,,,,False,False,0,0.0,0,False,,,4.3,5.5,134.0,True,True
B1800029300000,TODOS OS PAULOS DO MUNDO,2014,2018,RJ,SALAS DE EXIBIÇÃO,DOCUMENTÁRIO,PRODAV,PRODAV 06,False,650000.0,1,1.749188,1225927.3688661999,1136972.2,1136972.2,88955.1688662,True,2846.0,True,2321.507841555186,19985.85,637.0,34.0,,,13.5,7.0,,,False,False,0,2.7,1,True,,,3.927,7.7,44.0,True,True
B1700088200000,AXOGUN,2014,2016,SP,NENHUMA DAS OPÇÕES,FICÇÃO,PRODAV,PRODAV 11,False,650000.0,1,1.749188,1136972.2,1136972.2,1136972.2,0.0,False,,False,0.0,,,,,,,,,,False,False,0,0.0,0,False,,,,,,False,False
B1800496100000,GRAVADOR DE HISTÓRIAS,2014,2017,BA,COMUNICAÇÃO ELETRÔNICA DE MASSA POR ASSINATURA (TV PAGA),DOCUMENTÁRIO,PRODAV,PRODAV 06,False,650000.0,1,1.749188,1136972.2,1136972.2,1136972.2,0.0,False,,False,0.0,,,,,,,,,,False,False,0,0.0,0,False,,,4.37,,,True,False
B1700561400000,CANAL TELEVISÃO: UM MORRO DO BARULHO,2014,2016,MG,OUTROS MERCADOS,FICÇÃO,PRODAV,PRODAV 11,False,650000.0,1,1.749188,1136972.2,1136972.2,1136972.2,0.0,False,,False,0.0,,,,,,,,,,False,False,0,0.0,0,False,,,4.035,,,True,False
B1800217200000,TURMA 5B,2013,2018,RS,RADIODIFUSÃO DE SONS E IMAGENS (TV ABERTA),FICÇÃO,PRODAV,PRODAV 02 - PROJETO DERIVADO,False,650000.0,1,1.861311,1209852.15,1209852.15,1209852.15,0.0,False,,False,0.0,,,,,,,,,,False,False,0,0.0,0,False,,,,,,False,False
B1700109300000,RAREFEITO,2014,2017,PR,RADIODIFUSÃO DE SONS E IMAGENS (TV ABERTA),FICÇÃO,PRODAV,PRODAV 12,False,649950.0,1,1.749188,1136884.7406,1136884.7406,1136884.7406,0.0,False,,False,0.0,,,,,,,,,,False,False,0,0.0,0,False,,,,,,False,False
B1700561500000,A PALESTINA BRASILEIRA,2013,2017,RS,COMUNICAÇÃO ELETRÔNICA DE MASSA POR ASSINATURA (TV PAGA),DOCUMENTÁRIO,PRODAV,PRODAV 01,False,649550.0,1,1.861311,1209014.56005,1209014.56005,1209014.56005,0.0,False,,False,0.0,,,,,,,,,,False,False,0,0.0,0,False,,,3.767,,,True,False
B2500234800000,PAPAYA,2016,2025,SP,SALAS DE EXIBIÇÃO,ANIMAÇÃO,PRODAV,PRODAV 07,False,646000.0,1,1.487011,960609.106,960609.106,960609.106,0.0,False,,False,0.0,,,,,,,,,,False,False,0,0.0,0,False,,,,,,False,False
B1900420500000,CENÁRIOS FUTUROS,2013,2019,SP,COMUNICAÇÃO ELETRÔNICA DE MASSA POR ASSINATURA (TV PAGA),DOCUMENTÁRIO,PRODAV,PRODAV 02 - PROJETO DERIVADO,False,645000.0,1,1.861311,1200545.595,1200545.595,1200545.595,0.0,False,,False,0.0,,,,,,,,,,False,False,0,0.0,0,False,,,,,,False,False
B1900542100000,"GUAÍBA, ONDE AS ÁGUAS SE ENCONTRAM",2013,2019,RS,COMUNICAÇÃO ELETRÔNICA DE MASSA POR ASSINATURA (TV PAGA),DOCUMENTÁRIO,PRODAV,PRODAV 02 - PROJETO DERIVADO,False,645000.0,1,1.861311,1200545.595,1200545.595,1200545.595,0.0,False,,False,0.0,,,,,,,,,,False,False,0,0.0,0,False,,,,,,False,False
B1700379700000,GEOGRAFIA DA ARTE,2013,2017,SP,COMUNICAÇÃO ELETRÔNICA DE MASSA POR ASSINATURA (TV PAGA),DOCUMENTÁRIO,PRODAV,PRODAV 01,False,643789.5,1,1.861311,1198292.4780345,1198292.4780345,1198292.4780345,0.0,False,,False,0.0,,,,,,,,,,False,False,0,0.0,0,False,,,3.9,,,True,False
B2300212700000,HOMO BRASILIS - 2ª TEMPORADA,2018,2023,RJ,COMUNICAÇÃO ELETRÔNICA DE MASSA POR ASSINATURA (TV PAGA),DOCUMENTÁRIO,FLUXO CONTINUO,FLUXO CONTÍNUO PRODUÇÃO PARA TELEVISÃO,False,641550.0,1,1.392194,893162.0606999999,893162.0606999999,893162.0606999999,0.0,False,,False,0.0,,,,,,,,,,False,False,0,0.0,0,False,,,,,,False,False
B1900245500000,ÁGUAS SELVAGENS,2013,2019,PR,SALAS DE EXIBIÇÃO,FICÇÃO,PRODECINE,PRODECINE 04,True,840232.0,2,1.861311,1470109.664152,1563933.064152,1470109.664152,0.0,False,1037.0,True,705.3895537773845,21043.87,497.0,15.0,,,,,,,False,False,0,0.0,1,True,,,3.7,,,True,False
B1700532600000,MESTRE CABELO,2014,2016,SP,COMUNICAÇÃO ELETRÔNICA DE MASSA POR ASSINATURA (TV PAGA),DOCUMENTÁRIO,PRODAV,PRODAV 06,False,638911.9,1,1.749188,1117577.0285372,1117577.0285372,1117577.0285372,0.0,False,,False,0.0,,,,,,,,,,False,False,0,0.0,0,False,,,,,,False,False
B1700424300000,VAMOS ACABAR COM O MONSTRO,2014,2016,DF,RADIODIFUSÃO DE SONS E IMAGENS (TV ABERTA),VARIEDADES,PRODAV,PRODAV 10,False,637000.0,1,1.749188,1114232.756,1114232.756,1114232.756,0.0,False,,False,0.0,,,,,,,,,,False,False,0,0.0,0,False,,,,,,False,False
B1700600000000,MEU IRMÃO NERD,2014,2017,BA,RADIODIFUSÃO DE SONS E IMAGENS (TV ABERTA),FICÇÃO,PRODAV,PRODAV 09,False,637000.0,1,1.749188,1114232.756,1114232.756,1114232.756,0.0,False,,False,0.0,,,,,,,,,,False,False,0,0.0,0,False,,,3.075,,,True,False
B1700602300000,PINTANDO A SÉTIMA ARTE,2014,2016,MG,NENHUMA DAS OPÇÕES,DOCUMENTÁRIO,PRODAV,PRODAV 11,False,636996.0,1,1.749188,1114225.7592479999,1114225.7592479999,1114225.7592479999,0.0,False,,False,0.0,,,,,,,,,,False,False,0,0.0,0,False,,,,,,False,False
B2200253400000,GRANDES CENAS - 2ª TEMPORADA,2016,2022,RS,COMUNICAÇÃO ELETRÔNICA DE MASSA POR ASSINATURA (TV PAGA),DOCUMENTÁRIO,PRODAV,PRODAV 02 - PROJETO DERIVADO,False,636700.0,1,1.487011,946779.9037,946779.9037,946779.9037,0.0,False,,False,0.0,,,,,,,,,,False,False,0,0.0,0,False,,,,,,False,False
B1900116600000,ONDE NASCEM AS IDEIAS,2013,2019,RJ,COMUNICAÇÃO ELETRÔNICA DE MASSA POR ASSINATURA (TV PAGA),DOCUMENTÁRIO,PRODAV,PRODAV 01,False,634310.42,1,1.861311,1180648.9621606201,1180648.9621606201,1180648.9621606201,0.0,False,,False,0.0,,,,,,,,,,False,False,0,0.0,0,False,,,,,,False,False
B2100326400000,INCERTEZAS CRÍTICAS - TERCEIRA TEMPORADA,2013,2021,SP,COMUNICAÇÃO ELETRÔNICA DE MASSA POR ASSINATURA (TV PAGA),DOCUMENTÁRIO,PRODAV,PRODAV 01,False,632731.0,1,1.861311,1177709.170341,1177709.170341,1177709.170341,0.0,False,,False,0.0,,,,,,,,,,False,False,0,0.0,0,False,,,,,,False,False
B2200324500000,ZOOPEDIA,2016,2022,PE,COMUNICAÇÃO ELETRÔNICA DE MASSA POR ASSINATURA (TV PAGA),ANIMAÇÃO,ARRANJOS,ARRANJOS REGIONAIS,False,631440.0,1,1.487011,938958.2258400001,938958.2258400001,938958.2258400001,0.0,False,,False,0.0,,,,,,,,,,False,False,0,0.0,0,False,,,,,,False,False
B1600739700000,CHÃO DE FÁBRICA,2013,2016,SP,COMUNICAÇÃO ELETRÔNICA DE MASSA POR ASSINATURA (TV PAGA),DOCUMENTÁRIO,PRODAV,PRODAV 01,False,630200.0,1,1.861311,1172998.1922,1172998.1922,1172998.1922,0.0,False,,False,0.0,,,,,,,,,,False,False,0,0.0,0,False,,,4.133,,,True,False
B2100139800000,BALANÇO BLACK,2013,2021,SP,COMUNICAÇÃO ELETRÔNICA DE MASSA POR ASSINATURA (TV PAGA),DOCUMENTÁRIO,PRODAV,PRODAV 01,False,630000.0,1,1.861311,1172625.93,1172625.93,1172625.93,0.0,False,,False,0.0,,,,,,,,,,False,False,0,0.0,0,False,,,,,,False,False
B1800002100000,MATA NEGRA,2014,2017,ES,SALAS DE EXIBIÇÃO,FICÇÃO,PRODECINE,PRODECINE 05,False,629061.0,1,1.749188,1100345.952468,1100345.952468,1100345.952468,0.0,False,1072.0,True,974.2390541770777,10033.2,205.0,20.0,,,,,,,False,False,0,0.0,0,False,,,,,,False,False
B1700589200000,SANGUE DA TERRA,2013,2017,SC,COMUNICAÇÃO ELETRÔNICA DE MASSA POR ASSINATURA (TV PAGA),DOCUMENTÁRIO,PRODAV,PRODAV 02 - PROJETO DERIVADO,False,627000.0,1,1.861311,1167041.997,1167041.997,1167041.997,0.0,False,,False,0.0,,,,,,,,,,False,False,0,0.0,0,False,,,3.97,,,True,False
B1800494400000,"AYAHUASCA, EXPANSÃO DA CONSCIÊNCIA",2014,2018,SP,COMUNICAÇÃO ELETRÔNICA DE MASSA POR ASSINATURA (TV PAGA),DOCUMENTÁRIO,PRODAV,PRODAV 06,False,623456.98,1,1.749188,1090543.4679322399,1090543.4679322399,1090543.4679322399,0.0,False,,False,0.0,,,,,,,,,,False,False,0,0.0,0,False,,,,,,False,False
B1600481100000,OS CUPINS - SEGUNDA TEMPORADA,2012,2016,SP,RADIODIFUSÃO DE SONS E IMAGENS (TV ABERTA),FICÇÃO,PRODAV,PRODAV 01,False,623310.0,1,1.971315,1228740.35265,1228740.35265,1228740.35265,0.0,False,,False,0.0,,,,,,,,,,False,False,0,0.0,0,False,,,,,,False,False
B1402145600000,À QUEIMA ROUPA,2010,2014,RJ,INDEFINIDO,DOCUMENTÁRIO,PRODECINE,PRODECINE 01,False,623000.0,1,2.222058,1740556.5855843,1384342.134,1384342.134,356214.4515843,True,1439.0,True,826.7470370789075,17486.66,,,,,,,,,False,False,0,0.0,0,False,,,4.16,7.8,20.0,True,True
B2300270000000,"RIO - DO BARROCO AO CONTEMPORÂNEO, UM MUSEU A CÉU ABERTO",2017,2023,RJ,COMUNICAÇÃO ELETRÔNICA DE MASSA POR ASSINATURA (TV PAGA),DOCUMENTÁRIO,PRODAV,PRODAV 06,False,623000.0,1,1.444401,899861.823,899861.823,899861.823,0.0,False,,False,0.0,,,,,,,,,,False,False,0,0.0,0,False,,,,,,False,False
B2000205400000,ENTRE VOOS E CAMINHADAS,2016,2019,RJ,COMUNICAÇÃO ELETRÔNICA DE MASSA POR ASSINATURA (TV PAGA),DOCUMENTÁRIO,PRODAV,PRODAV 02 - PROJETO DERIVADO,False,615458.02,1,1.487011,915192.8457782201,915192.8457782201,915192.8457782201,0.0,False,,False,0.0,,,,,,,,,,False,False,0,0.0,0,False,,,,,,False,False
B1900278700000,"TAQUARAS, TAMBORES E VIOLAS - 2ª TEMPORADA",2013,2019,SP,COMUNICAÇÃO ELETRÔNICA DE MASSA POR ASSINATURA (TV PAGA),DOCUMENTÁRIO,PRODAV,PRODAV 01,False,615269.0,1,1.861311,1145206.957659,1145206.957659,1145206.957659,0.0,False,,False,0.0,,,,,,,,,,False,False,0,0.0,0,False,,,,,,False,False
B2100427500000,NOITE DE FOGO,2018,2021,PE,SALAS DE EXIBIÇÃO,FICÇÃO,DESEMPENHO,SUPORTE AUTOMÁTICO - DESEMPENHO ARTÍSTICO,True,1034921.99,3,1.392194,1472791.40068599,1440812.18494606,1472791.40068599,0.0,False,948.0,True,643.6756756988431,7324.75,115.0,7.0,,,68.0,24.0,,,False,False,0,13.6,2,True,,,4.38,,,True,False
B1700036100000,HOMO BRASILIS,2013,2016,RJ,COMUNICAÇÃO ELETRÔNICA DE MASSA POR ASSINATURA (TV PAGA),DOCUMENTÁRIO,PRODAV,PRODAV 01,False,605206.2,1,1.861311,1126476.9573281999,1126476.9573281999,1126476.9573281999,0.0,False,,False,0.0,,,,,,,,,,False,False,0,0.0,0,False,,,,,,False,False
B1402274200000,AS GRANDES ENTREVISTAS DO PASQUIM,2012,2014,RJ,INDEFINIDO,DOCUMENTÁRIO,PRODAV,PRODAV 01,False,604840.0,1,1.971315,1192330.1646,1192330.1646,1192330.1646,0.0,False,,False,0.0,,,,,,,,,,False,False,0,0.0,0,False,,,,,,False,False
B1800379900000,ARQUIBANCADAS,2014,2018,PE,COMUNICAÇÃO ELETRÔNICA DE MASSA POR ASSINATURA (TV PAGA),DOCUMENTÁRIO,PRODAV,PRODAV 06,False,602740.0,1,1.749188,1054305.57512,1054305.57512,1054305.57512,0.0,False,,False,0.0,,,,,,,,,,False,False,0,0.0,0,False,,,,,,False,False
B2300146200000,OS HERDEIROS DE VARGAS,2013,2023,BA,COMUNICAÇÃO ELETRÔNICA DE MASSA POR ASSINATURA (TV PAGA),DOCUMENTÁRIO,PRODAV,PRODAV 01,False,602467.5,1,1.861311,1121379.3848925,1121379.3848925,1121379.3848925,0.0,False,,False,0.0,,,,,,,,,,False,False,0,0.0,0,False,,,,,,False,False
B1900463100000,FLUXOS,2016,2019,PE,SALAS DE EXIBIÇÃO,DOCUMENTÁRIO,PRODECINE,PRODECINE 02,False,600994.0,1,1.487011,2096186.838934,893684.6889340001,893684.6889340001,1202502.15,True,,False,0.0,,,,,,,,,,False,False,0,0.0,0,False,,,,,,False,False
B2300289500000,DENTRO DA CAIXINHA,2018,2023,MG,RADIODIFUSÃO DE SONS E IMAGENS (TV ABERTA),FICÇÃO,SAV/MINC 03,SAV/MINC 03,False,600000.0,1,1.392194,835316.3999999999,835316.3999999999,835316.3999999999,0.0,False,,False,0.0,,,,,,,,,,False,False,0,0.0,0,False,,,4.4,,,True,False
B2400294400000,DAVISSAURO,2018,2024,PB,COMUNICAÇÃO ELETRÔNICA DE MASSA POR ASSINATURA (TV PAGA),FICÇÃO,SAV/MINC 03,SAV/MINC 03,False,600000.0,1,1.392194,835316.3999999999,835316.3999999999,835316.3999999999,0.0,False,,False,0.0,,,,,,,,,,False,False,0,0.0,0,False,,,,,,False,False
B2500480300000,CADERNOS NEGROS,2022,2025,RJ,COMUNICAÇÃO ELETRÔNICA DE MASSA POR ASSINATURA (TV PAGA),DOCUMENTÁRIO,PRODUCAO,PRODUÇÃO TV-VOD,False,600000.0,1,1.096731,658038.6,658038.6,658038.6,0.0,False,,False,0.0,,,,,,,,,,False,False,0,0.0,0,False,,,,,,False,False
B1101461100000,ONDE ESTÁ A FELICIDADE?,2009,2010,SP,INDEFINIDO,FICÇÃO,PRODECINE,PRODECINE 01,False,600000.0,1,2.353382,16605670.334789079,1412029.2,1412029.2,14911235.29478908,True,,False,0.0,,,,,,,,,,False,False,0,0.0,0,False,1.0,0.0,4.1,5.2,171.0,True,True
B2300270100000,BIKE SP,2018,2023,SP,RADIODIFUSÃO DE SONS E IMAGENS (TV ABERTA),DOCUMENTÁRIO,FLUXO CONTINUO,FLUXO CONTÍNUO PRODUÇÃO PARA TELEVISÃO,False,600000.0,1,1.392194,835316.3999999999,835316.3999999999,835316.3999999999,0.0,False,,False,0.0,,,,,,,,,,False,False,0,0.0,0,False,,,,,,False,False
B2400316100000,OLHAR NATURAL,2018,2024,SP,COMUNICAÇÃO ELETRÔNICA DE MASSA POR ASSINATURA (TV PAGA),DOCUMENTÁRIO,FLUXO CONTINUO,FLUXO CONTÍNUO PRODUÇÃO PARA TELEVISÃO,False,600000.0,1,1.392194,835316.3999999999,835316.3999999999,835316.3999999999,0.0,False,,False,0.0,,,,,,,,,,False,False,0,0.0,0,False,,,,,,False,False
B2300432800000,"PIAUÍ, JORNADA PELO TESOURO DAS AMÉRICAS",2016,2023,MA,COMUNICAÇÃO ELETRÔNICA DE MASSA POR ASSINATURA (TV PAGA),DOCUMENTÁRIO,PRODAV,PRODAV 02 - PROJETO DERIVADO,False,600000.0,1,1.487011,892206.6000000001,892206.6000000001,892206.6000000001,0.0,False,,False,0.0,,,,,,,,,,False,False,0,0.0,0,False,,,,,,False,False
B1402431800000,VAN BORA!,2010,2014,SP,COMUNICAÇÃO ELETRÔNICA DE MASSA POR ASSINATURA (TV PAGA),FICÇÃO,PRODAV,PRODAV 01,False,600000.0,1,2.222058,1333234.8,1333234.8,1333234.8,0.0,False,,False,0.0,,,,,,,,,,False,False,0,0.0,0,False,,,,,,False,False
B2400282800000,TEMPO DE DANÇA,2018,2024,SP,COMUNICAÇÃO ELETRÔNICA DE MASSA POR ASSINATURA (TV PAGA),DOCUMENTÁRIO,FLUXO CONTINUO,FLUXO CONTÍNUO PRODUÇÃO PARA TELEVISÃO,False,600000.0,1,1.392194,835316.3999999999,835316.3999999999,835316.3999999999,0.0,False,,False,0.0,,,,,,,,,,False,False,0,0.0,0,False,,,,,,False,False
B2500013100000,EM NOME DO JOGO,2018,2025,SP,RADIODIFUSÃO DE SONS E IMAGENS (TV ABERTA),DOCUMENTÁRIO,FLUXO CONTINUO,FLUXO CONTÍNUO PRODUÇÃO PARA TELEVISÃO,False,600000.0,1,1.392194,835316.3999999999,835316.3999999999,835316.3999999999,0.0,False,,False,0.0,,,,,,,,,,False,False,0,0.0,0,False,,,,,,False,False
B1800172700000,KARINGANA - LICENÇA PARA CONTAR,2016,2018,DF,COMUNICAÇÃO ELETRÔNICA DE MASSA POR ASSINATURA (TV PAGA),DOCUMENTÁRIO,PRODAV,PRODAV 02 - PROJETO DERIVADO,False,600000.0,1,1.487011,892206.6000000001,892206.6000000001,892206.6000000001,0.0,False,,False,0.0,,,,,,,,,,False,False,0,0.0,0,False,,,3.31,,,True,False
B2400444100000,VENTOS DO BRASIL,2016,2024,PE,COMUNICAÇÃO ELETRÔNICA DE MASSA POR ASSINATURA (TV PAGA),DOCUMENTÁRIO,PRODAV,PRODAV 02 - PROJETO DERIVADO,False,600000.0,1,1.487011,892206.6000000001,892206.6000000001,892206.6000000001,0.0,False,,False,0.0,,,,,,,,,,False,False,0,0.0,0,False,,,,,,False,False
B2300352500000,TEU ARMÁRIO É SHOW,2013,2023,RJ,COMUNICAÇÃO ELETRÔNICA DE MASSA POR ASSINATURA (TV PAGA),DOCUMENTÁRIO,PRODAV,PRODAV 01,False,600000.0,1,1.861311,1116786.5999999999,1116786.5999999999,1116786.5999999999,0.0,False,,False,0.0,,,,,,,,,,False,False,0,0.0,0,False,,,,,,False,False
B2500202700000,PALAVRA EXPRESSA,2018,2025,SP,COMUNICAÇÃO ELETRÔNICA DE MASSA POR ASSINATURA (TV PAGA),DOCUMENTÁRIO,FLUXO CONTINUO,FLUXO CONTÍNUO PRODUÇÃO PARA TELEVISÃO,False,600000.0,1,1.392194,835316.3999999999,835316.3999999999,835316.3999999999,0.0,False,,False,0.0,,,,,,,,,,False,False,0,0.0,0,False,,,,,,False,False
B2300347000000,CUSTOMIZE!,2016,2023,RJ,COMUNICAÇÃO ELETRÔNICA DE MASSA POR ASSINATURA (TV PAGA),DOCUMENTÁRIO,PRODAV,PRODAV 02 - PROJETO DERIVADO,False,600000.0,1,1.487011,892206.6000000001,892206.6000000001,892206.6000000001,0.0,False,,False,0.0,,,,,,,,,,False,False,0,0.0,0,False,,,,,,False,False
B1700220800000,O PIANO QUE CONVERSA,2013,2016,SP,COMUNICAÇÃO ELETRÔNICA DE MASSA POR ASSINATURA (TV PAGA),DOCUMENTÁRIO,PRODAV,PRODAV 01,False,600000.0,1,1.861311,1116786.5999999999,1116786.5999999999,1116786.5999999999,0.0,False,725.0,True,649.1840070430645,9235.02,98.0,6.0,,,,,,,False,False,0,0.0,0,False,,,4.25,,,True,False
B2400260100000,BODOQUENA,2018,2024,SP,COMUNICAÇÃO ELETRÔNICA DE MASSA POR ASSINATURA (TV PAGA),DOCUMENTÁRIO,FLUXO CONTINUO,FLUXO CONTÍNUO PRODUÇÃO PARA TELEVISÃO,False,600000.0,1,1.392194,835316.3999999999,835316.3999999999,835316.3999999999,0.0,False,,False,0.0,,,,,,,,,,False,False,0,0.0,0,False,,,,,,False,False
B2400114100000,CANTOS DO MAR,2016,2024,BA,COMUNICAÇÃO ELETRÔNICA DE MASSA POR ASSINATURA (TV PAGA),DOCUMENTÁRIO,PRODAV,PRODAV 02 - PROJETO DERIVADO,False,600000.0,1,1.487011,892206.6000000001,892206.6000000001,892206.6000000001,0.0,False,,False,0.0,,,,,,,,,,False,False,0,0.0,0,False,,,,,,False,False
B1900379100000,DEPOIS DE SER CINZA,2014,2019,RS,SALAS DE EXIBIÇÃO,FICÇÃO,ARRANJOS,ARRANJOS REGIONAIS,False,1077299.8,3,1.749188,1891004.4680378,1884399.8825624,1891004.4680378,0.0,False,882.0,True,466.4187816093353,11755.03,88.0,6.0,,,,,,,False,False,0,0.0,0,False,,,,7.1,21.0,False,True
B2400083000000,POETAS DA MATA NORTE,2016,2024,PE,COMUNICAÇÃO ELETRÔNICA DE MASSA POR ASSINATURA (TV PAGA),DOCUMENTÁRIO,PRODAV,PRODAV 02 - PROJETO DERIVADO,False,600000.0,1,1.487011,892206.6000000001,892206.6000000001,892206.6000000001,0.0,False,,False,0.0,,,,,,,,,,False,False,0,0.0,0,False,,,,,,False,False
B2400114500000,MEMÓRIAS DE UM AGOSTO SANGRENTO,2018,2024,SE,RADIODIFUSÃO DE SONS E IMAGENS (TV ABERTA),DOCUMENTÁRIO,FLUXO CONTINUO,FLUXO CONTÍNUO PRODUÇÃO PARA TELEVISÃO,False,600000.0,1,1.392194,835316.3999999999,835316.3999999999,835316.3999999999,0.0,False,,False,0.0,,,,,,,,,,False,False,0,0.0,0,False,,,,,,False,False
B2600062700000,SEO CHICO TODA VIDA,2017,2026,SC,RADIODIFUSÃO DE SONS E IMAGENS (TV ABERTA),DOCUMENTÁRIO,ARRANJOS,ARRANJOS REGIONAIS,False,600000.0,1,1.444401,866640.6,866640.6,866640.6,0.0,False,,False,0.0,,,,,,,,,,False,False,0,0.0,0,False,,,,,,False,False
B2500298300000,APOPCALIPSE SEGUNDO BABY,2017,2025,RJ,SALAS DE EXIBIÇÃO,DOCUMENTÁRIO,ARRANJOS,ARRANJOS REGIONAIS,False,600000.0,1,1.444401,866640.6,866640.6,866640.6,0.0,False,,False,0.0,,,,,,,,,,False,False,0,0.0,0,False,,,,,,False,False
B2100160500000,ESC: O BOM CINEMA,2013,2021,SP,COMUNICAÇÃO ELETRÔNICA DE MASSA POR ASSINATURA (TV PAGA),DOCUMENTÁRIO,PRODAV,PRODAV 01,False,600000.0,1,1.861311,1116786.5999999999,1116786.5999999999,1116786.5999999999,0.0,False,,False,0.0,,,,,,,,,,False,False,0,0.0,0,False,,,3.788,,,True,False
B2000452700000,DORIVANDO SARAVÁ,2016,2020,BA,COMUNICAÇÃO ELETRÔNICA DE MASSA POR ASSINATURA (TV PAGA),DOCUMENTÁRIO,PRODAV,PRODAV 02 - PROJETO DERIVADO,False,600000.0,1,1.487011,892206.6000000001,892206.6000000001,892206.6000000001,0.0,False,,False,0.0,,,,,,,,,,False,False,0,0.0,0,False,,,,,,False,False
B1700263000000,A LINGUAGEM DO CINEMA - SÉRIE II,2012,2016,RJ,RADIODIFUSÃO DE SONS E IMAGENS (TV ABERTA),DOCUMENTÁRIO,PRODAV,PRODAV 01,False,600000.0,1,1.971315,1182789.0,1182789.0,1182789.0,0.0,False,,False,0.0,,,,,,,,,,False,False,0,0.0,0,False,,,,,,False,False
B2400119800000,ARQUITETOS DO SOM,2018,2024,SP,COMUNICAÇÃO ELETRÔNICA DE MASSA POR ASSINATURA (TV PAGA),DOCUMENTÁRIO,FLUXO CONTINUO,FLUXO CONTÍNUO PRODUÇÃO PARA TELEVISÃO,False,600000.0,1,1.392194,835316.3999999999,835316.3999999999,835316.3999999999,0.0,False,,False,0.0,,,,,,,,,,False,False,0,0.0,0,False,,,,,,False,False
B2500157100000,AO VIVO NA VÁRZEA - TEMPORADA 2,2018,2025,PE,COMUNICAÇÃO ELETRÔNICA DE MASSA POR ASSINATURA (TV PAGA),DOCUMENTÁRIO,FLUXO CONTINUO,FLUXO CONTÍNUO PRODUÇÃO PARA TELEVISÃO,False,600000.0,1,1.392194,835316.3999999999,835316.3999999999,835316.3999999999,0.0,False,,False,0.0,,,,,,,,,,False,False,0,0.0,0,False,,,,,,False,False
B2400092400000,CHAPADA DOS GUIMARÃES: DESTINO ECOTURISMO,2018,2024,MT,COMUNICAÇÃO ELETRÔNICA DE MASSA POR ASSINATURA (TV PAGA),DOCUMENTÁRIO,FLUXO CONTINUO,FLUXO CONTÍNUO PRODUÇÃO PARA TELEVISÃO,False,600000.0,1,1.392194,835316.3999999999,835316.3999999999,835316.3999999999,0.0,False,,False,0.0,,,,,,,,,,False,False,0,0.0,0,False,,,,,,False,False
B2400044600000,AS AMAZONAS,2018,2024,BA,COMUNICAÇÃO ELETRÔNICA DE MASSA POR ASSINATURA (TV PAGA),DOCUMENTÁRIO,FLUXO CONTINUO,FLUXO CONTÍNUO PRODUÇÃO PARA TELEVISÃO,False,600000.0,1,1.392194,835316.3999999999,835316.3999999999,835316.3999999999,0.0,False,,False,0.0,,,,,,,,,,False,False,0,0.0,0,False,,,,,,False,False
B2300223600000,UAKTI,2013,2023,MG,COMUNICAÇÃO ELETRÔNICA DE MASSA POR ASSINATURA (TV PAGA),DOCUMENTÁRIO,PRODAV,PRODAV 01,False,600000.0,1,1.861311,1116786.5999999999,1116786.5999999999,1116786.5999999999,0.0,False,,False,0.0,,,,,,,,,,False,False,0,0.0,0,False,,,,,,False,False
B2000240200000,CRÍTICA,2016,2020,RS,COMUNICAÇÃO ELETRÔNICA DE MASSA POR ASSINATURA (TV PAGA),DOCUMENTÁRIO,PRODAV,PRODAV 02 - PROJETO DERIVADO,False,600000.0,1,1.487011,892206.6000000001,892206.6000000001,892206.6000000001,0.0,False,,False,0.0,,,,,,,,,,False,False,0,0.0,0,False,,,,,,False,False
B2300525400000,DOIS SERTÕES,2016,2023,BA,COMUNICAÇÃO ELETRÔNICA DE MASSA POR ASSINATURA (TV PAGA),DOCUMENTÁRIO,PRODAV,PRODAV 02 - PROJETO DERIVADO,False,600000.0,1,1.487011,892206.6000000001,892206.6000000001,892206.6000000001,0.0,False,513.0,True,574.9789342513269,7322.0,14.0,1.0,,,,,,,False,False,0,0.0,0,False,,,3.775,,,True,False
B2400129200000,PÉROLAS DE CUBA,2018,2024,SP,COMUNICAÇÃO ELETRÔNICA DE MASSA POR ASSINATURA (TV PAGA),DOCUMENTÁRIO,FLUXO CONTINUO,FLUXO CONTÍNUO PRODUÇÃO PARA TELEVISÃO,False,600000.0,1,1.392194,835316.3999999999,835316.3999999999,835316.3999999999,0.0,False,,False,0.0,,,,,,,,,,False,False,0,0.0,0,False,,,,,,False,False
B2200057500000,"GAROTO, O GÊNIO DAS CORDAS",2016,2022,SP,SALAS DE EXIBIÇÃO,DOCUMENTÁRIO,PRODAV,PRODAV 02 - PROJETO DERIVADO,False,600000.0,1,1.487011,892206.6000000001,892206.6000000001,892206.6000000001,0.0,False,,False,0.0,,,,,,,,,,False,False,0,0.0,0,False,,,3.4,,,True,False
B2400035800000,MELÔ,2016,2024,MA,COMUNICAÇÃO ELETRÔNICA DE MASSA POR ASSINATURA (TV PAGA),DOCUMENTÁRIO,PRODAV,PRODAV 02 - PROJETO DERIVADO,False,600000.0,1,1.487011,892206.6000000001,892206.6000000001,892206.6000000001,0.0,False,,False,0.0,,,,,,,,,,False,False,0,0.0,0,False,,,,,,False,False
B2400133100000,RUA AURORA - REFÚGIO DE TODOS OS MUNDOS,2017,2024,PE,SALAS DE EXIBIÇÃO,DOCUMENTÁRIO,PRODAV,PRODAV 07,False,600000.0,1,1.444401,866640.6,866640.6,866640.6,0.0,False,154.0,True,177.6976522909266,1773.41,15.0,4.0,,,,,,,False,False,0,0.0,0,False,,,,,,False,False
B2400084500000,SEM VERGONHA,2013,2024,RJ,COMUNICAÇÃO ELETRÔNICA DE MASSA POR ASSINATURA (TV PAGA),DOCUMENTÁRIO,PRODAV,PRODAV 01,False,600000.0,1,1.861311,1116786.5999999999,1116786.5999999999,1116786.5999999999,0.0,False,,False,0.0,,,,,,,,,,False,False,0,0.0,0,False,,,,,,False,False
B2400072100000,SABERES PASSADOS - 2ª TEMPORADA,2018,2024,BA,COMUNICAÇÃO ELETRÔNICA DE MASSA POR ASSINATURA (TV PAGA),DOCUMENTÁRIO,FLUXO CONTINUO,FLUXO CONTÍNUO PRODUÇÃO PARA TELEVISÃO,False,600000.0,1,1.392194,835316.3999999999,835316.3999999999,835316.3999999999,0.0,False,,False,0.0,,,,,,,,,,False,False,0,0.0,0,False,,,,,,False,False
B1800141100000,LINHAS ABERTAS,2013,2018,PE,COMUNICAÇÃO ELETRÔNICA DE MASSA POR ASSINATURA (TV PAGA),DOCUMENTÁRIO,PRODAV,PRODAV 02 - PROJETO DERIVADO,False,600000.0,1,1.861311,1116786.5999999999,1116786.5999999999,1116786.5999999999,0.0,False,,False,0.0,,,,,,,,,,False,False,0,0.0,0,False,,,,,,False,False
B2500500100000,INVENCÍVEIS,2022,2025,RJ,COMUNICAÇÃO ELETRÔNICA DE MASSA POR ASSINATURA (TV PAGA),DOCUMENTÁRIO,PRODUCAO,PRODUÇÃO TV-VOD,False,700000.0,2,1.096731,843128.1597836199,767711.7,806739.7,36388.45978361999,True,,False,0.0,,,,,,,,,,False,False,0,0.0,0,False,,,,,,False,False
B2600008500000,"ANCESTRALIDADE, PRESENTE",2022,2026,SP,COMUNICAÇÃO ELETRÔNICA DE MASSA POR ASSINATURA (TV PAGA),DOCUMENTÁRIO,NOVOS REALIZADORES,PRODUÇÃO TV/VOD - NOVOS REALIZADORES,False,600000.0,1,1.096731,658038.6,658038.6,658038.6,0.0,False,,False,0.0,,,,,,,,,,False,False,0,0.0,0,False,,,,,,False,False
B2500516500000,AMAZÔNIA ANCESTRAL,2022,2025,PA,COMUNICAÇÃO ELETRÔNICA DE MASSA POR ASSINATURA (TV PAGA),DOCUMENTÁRIO,NOVOS REALIZADORES,PRODUÇÃO TV/VOD - NOVOS REALIZADORES,False,600000.0,1,1.096731,658038.6,658038.6,658038.6,0.0,False,,False,0.0,,,,,,,,,,False,False,0,0.0,0,False,,,,,,False,False
B2300111200000,SEGREDOS DO CORAÇÃO DA AMÉRICA DO SUL,2016,2023,MT,COMUNICAÇÃO ELETRÔNICA DE MASSA POR ASSINATURA (TV PAGA),DOCUMENTÁRIO,PRODAV,PRODAV 02 - PROJETO DERIVADO,False,600000.0,1,1.487011,892206.6000000001,892206.6000000001,892206.6000000001,0.0,False,,False,0.0,,,,,,,,,,False,False,0,0.0,0,False,,,3.708,,,True,False
B1900298300000,DESTINO DAS SOMBRAS,2014,2019,ES,SALAS DE EXIBIÇÃO,FICÇÃO,ARRANJOS,ARRANJOS REGIONAIS,False,779523.26,3,1.749188,1341089.05084386,1363532.73211288,1341089.05084386,0.0,False,115.0,True,85.75120341757916,1756.48,32.0,4.0,,,,,,,False,False,0,0.0,0,False,,,3.83,,,True,False
B2300295800000,DESCUBRA-SE,2018,2023,SP,RADIODIFUSÃO DE SONS E IMAGENS (TV ABERTA),DOCUMENTÁRIO,FLUXO CONTINUO,FLUXO CONTÍNUO PRODUÇÃO PARA TELEVISÃO,False,600000.0,1,1.392194,835316.3999999999,835316.3999999999,835316.3999999999,0.0,False,,False,0.0,,,,,,,,,,False,False,0,0.0,0,False,,,,,,False,False
B1900128100000,LIBERTO,2013,2019,SP,COMUNICAÇÃO ELETRÔNICA DE MASSA POR ASSINATURA (TV PAGA),FICÇÃO,PRODAV,PRODAV 02 - PROJETO DERIVADO,False,600000.0,1,1.861311,1116786.5999999999,1116786.5999999999,1116786.5999999999,0.0,False,,False,0.0,,,,,,,,,,False,False,0,0.0,0,False,,,,,,False,False
B1900166800000,"ZUZA, O HOMEM DE JAZZ",2016,2019,DF,COMUNICAÇÃO ELETRÔNICA DE MASSA POR ASSINATURA (TV PAGA),DOCUMENTÁRIO,PRODAV,PRODAV 02 - PROJETO DERIVADO,False,600000.0,1,1.487011,892206.6000000001,892206.6000000001,892206.6000000001,0.0,False,,False,0.0,,,,,,,,,,False,False,0,0.0,0,False,,,4.3,,,True,False
B2300214200000,ZÉLIA. MEMÓRIAS E SAUDADES.,2013,2023,BA,COMUNICAÇÃO ELETRÔNICA DE MASSA POR ASSINATURA (TV PAGA),DOCUMENTÁRIO,PRODAV,PRODAV 01,False,600000.0,1,1.861311,1116786.5999999999,1116786.5999999999,1116786.5999999999,0.0,False,,False,0.0,,,,,,,,,,False,False,0,0.0,0,False,,,,,,False,False
B1700424500000,YONLU,2014,2017,RS,SALAS DE EXIBIÇÃO,FICÇÃO,ARRANJOS,ARRANJOS REGIONAIS,False,800000.0,2,1.749188,1346915.0,1399350.4,1346915.0,0.0,False,7906.0,True,5869.709669875233,100392.73,813.0,19.0,,,12.0,4.0,,,False,False,0,2.4,1,True,,,,6.8,262.0,False,True
B2500187000000,"HAROLDO, O POETA DAS IMAGENS",2018,2025,RJ,COMUNICAÇÃO ELETRÔNICA DE MASSA POR ASSINATURA (TV PAGA),DOCUMENTÁRIO,FLUXO CONTINUO,FLUXO CONTÍNUO PRODUÇÃO PARA TELEVISÃO,False,599948.75,1,1.392194,835245.0500574999,835245.0500574999,835245.0500574999,0.0,False,,False,0.0,,,,,,,,,,False,False,0,0.0,0,False,,,,,,False,False
B2000130600000,CAVALO,2014,2020,AL,SALAS DE EXIBIÇÃO,DOCUMENTÁRIO,ARRANJOS,ARRANJOS REGIONAIS,False,599610.0,1,1.749188,1048830.61668,1048830.61668,1048830.61668,0.0,False,1339.0,True,1276.6599093364675,16942.04,147.0,7.0,,,,,,,False,False,0,0.0,0,False,,,4.4,7.7,23.0,True,True
B1900057400000,TAXITRAMAS,2013,2015,RS,COMUNICAÇÃO ELETRÔNICA DE MASSA POR ASSINATURA (TV PAGA),FICÇÃO,PRODAV,PRODAV 02 - PROJETO DERIVADO,False,599570.0,1,1.861311,1115986.23627,1115986.23627,1115986.23627,0.0,False,,False,0.0,,,,,,,,,,False,False,0,0.0,0,False,,,,,,False,False
B2400251400000,HERANÇAS DO MARANHÃO,2016,2024,MA,COMUNICAÇÃO ELETRÔNICA DE MASSA POR ASSINATURA (TV PAGA),DOCUMENTÁRIO,PRODAV,PRODAV 02 - PROJETO DERIVADO,False,599089.51,1,1.487011,890852.69135461,890852.69135461,890852.69135461,0.0,False,,False,0.0,,,,,,,,,,False,False,0,0.0,0,False,,,,,,False,False
B2000337200000,YOU TUBERS,2013,2020,RJ,COMUNICAÇÃO ELETRÔNICA DE MASSA POR ASSINATURA (TV PAGA),DOCUMENTÁRIO,PRODAV,PRODAV 01,False,599000.0,1,1.861311,1114925.2889999999,1114925.2889999999,1114925.2889999999,0.0,False,,False,0.0,,,,,,,,,,False,False,0,0.0,0,False,,,,5.4,8.0,False,True
B2300004200000,CONEXÃO BRASIL SENEGAL: A CULTURA EM NÓS,2013,2022,MG,COMUNICAÇÃO ELETRÔNICA DE MASSA POR ASSINATURA (TV PAGA),DOCUMENTÁRIO,PRODAV,PRODAV 01,False,598200.0,1,1.861311,1113436.2402,1113436.2402,1113436.2402,0.0,False,,False,0.0,,,,,,,,,,False,False,0,0.0,0,False,,,3.6,,,True,False
B2300441800000,DIVAS DO BRASIL,2016,2023,PA,COMUNICAÇÃO ELETRÔNICA DE MASSA POR ASSINATURA (TV PAGA),DOCUMENTÁRIO,PRODAV,PRODAV 02 - PROJETO DERIVADO,False,597877.32,1,1.487011,889050.15149052,889050.15149052,889050.15149052,0.0,False,,False,0.0,,,,,,,,,,False,False,0,0.0,0,False,,,4.343,,,True,False
B1700334600000,RETORNADOS,2013,2017,RJ,COMUNICAÇÃO ELETRÔNICA DE MASSA POR ASSINATURA (TV PAGA),DOCUMENTÁRIO,PRODAV,PRODAV 01,False,597768.0,1,1.861311,1112632.1538479999,1112632.1538479999,1112632.1538479999,0.0,False,,False,0.0,,,,,,,,,,False,False,0,0.0,0,False,,,,,,False,False
B2600005000000,O ESTUÁRIO,2018,2026,SP,RADIODIFUSÃO DE SONS E IMAGENS (TV ABERTA),DOCUMENTÁRIO,FLUXO CONTINUO,FLUXO CONTÍNUO PRODUÇÃO PARA TELEVISÃO,False,597157.53,1,1.392194,831359.13032082,831359.13032082,831359.13032082,0.0,False,,False,0.0,,,,,,,,,,False,False,0,0.0,0,False,,,,,,False,False
B2400226000000,SEM PALAVRAS: A ARTE DE ILUSTRAR,2018,2024,SP,COMUNICAÇÃO ELETRÔNICA DE MASSA POR ASSINATURA (TV PAGA),DOCUMENTÁRIO,FLUXO CONTINUO,FLUXO CONTÍNUO PRODUÇÃO PARA TELEVISÃO,False,596200.0,1,1.392194,830026.0628,830026.0628,830026.0628,0.0,False,,False,0.0,,,,,,,,,,False,False,0,0.0,0,False,,,,,,False,False
B2000139000000,BANQUETE COUTINHO,2016,2020,SP,COMUNICAÇÃO ELETRÔNICA DE MASSA POR ASSINATURA (TV PAGA),DOCUMENTÁRIO,PRODAV,PRODAV 02 - PROJETO DERIVADO,False,594000.0,1,1.487011,883284.5340000001,883284.5340000001,883284.5340000001,0.0,False,,False,0.0,,,,,,,,,,False,False,0,0.0,0,False,,,,6.7,111.0,False,True
B1700220500000,ARQUEOLOGIAS - EM BUSCA DOS PRIMEIROS BRASILEIROS,2013,2017,RJ,COMUNICAÇÃO ELETRÔNICA DE MASSA POR ASSINATURA (TV PAGA),DOCUMENTÁRIO,PRODAV,PRODAV 01,False,593680.0,1,1.861311,1105023.11448,1105023.11448,1105023.11448,0.0,False,,False,0.0,,,,,,,,,,False,False,0,0.0,0,False,,,,,,False,False
B2100282100000,A PRIMEIRA MORTE DE JOANA,2013,2021,RS,SALAS DE EXIBIÇÃO,FICÇÃO,PRODECINE,PRODECINE 04,False,788689.81,2,1.861311,3307287.91894091,1467997.01894091,1374173.61894091,1933114.3,True,3922.0,True,1185.865910717546,51771.13,284.0,9.0,,,4.0,1.0,944.0,,False,False,1,7.47,2,True,1.0,0.0,3.57,6.5,164.0,True,True
B1700104400000,O CLUBE DOS CANIBAIS,2014,2017,CE,SALAS DE EXIBIÇÃO,FICÇÃO,ARRANJOS,ARRANJOS REGIONAIS,False,788500.0,2,1.749188,1307835.938,1379234.738,1307835.938,0.0,False,1970.0,True,1506.3051432984862,17547.81,194.0,15.0,,,,,,,False,True,1,6.67,0,False,,,3.445,5.6,1194.0,True,True
B1900498800000,BATE CORAÇÃO,2014,2019,CE,SALAS DE EXIBIÇÃO,FICÇÃO,ARRANJOS,ARRANJOS REGIONAIS,False,1581454.67,3,1.749188,4834034.47487186,2766261.53130796,2877596.08237196,1956438.3924999,True,5941.0,True,1228.9941312753015,94670.99,1550.0,27.0,,,,,,,False,False,0,0.0,0,False,,,3.4,6.2,50.0,True,True
B1600714000000,O ÚLTIMO TRAGO,2014,2016,CE,SALAS DE EXIBIÇÃO,FICÇÃO,ARRANJOS,ARRANJOS REGIONAIS,False,904326.46,3,1.749188,1542448.1636480598,1581836.99191448,1542448.1636480598,0.0,False,476.0,True,308.6003220193848,2828.25,99.0,9.0,,,,,,,False,False,0,0.0,0,False,,,4.6,6.0,11.0,True,True
B1800440700000,O BARCO,2014,2018,CE,SALAS DE EXIBIÇÃO,FICÇÃO,ARRANJOS,ARRANJOS REGIONAIS,False,686666.67,2,1.749188,1165409.69916396,1201109.09916396,1165409.69916396,0.0,False,1081.0,True,927.5707940095971,13969.3,156.0,7.0,,,4.0,2.0,,,True,False,1,7.47,1,True,,,,6.3,87.0,False,True
B2500009400000,BRASILEIRINHO,2018,2025,RJ,COMUNICAÇÃO ELETRÔNICA DE MASSA POR ASSINATURA (TV PAGA),FICÇÃO,SAV/MINC 03,SAV/MINC 03,False,584752.6,1,1.392194,814089.0612043999,814089.0612043999,814089.0612043999,0.0,False,,False,0.0,,,,,,,,,7.0,False,False,0,8.0,1,True,1.0,4.0,,,,False,False
B2100267900000,PLURAL,2016,2021,RS,COMUNICAÇÃO ELETRÔNICA DE MASSA POR ASSINATURA (TV PAGA),DOCUMENTÁRIO,PRODAV,PRODAV 02 - PROJETO DERIVADO,False,583000.0,1,1.487011,866927.4130000001,866927.4130000001,866927.4130000001,0.0,False,,False,0.0,,,,,,,,,,False,False,0,0.0,0,False,,,,,,False,False
B1800354800000,O SOM E O SILÊNCIO,2013,2018,RJ,COMUNICAÇÃO ELETRÔNICA DE MASSA POR ASSINATURA (TV PAGA),DOCUMENTÁRIO,PRODAV,PRODAV 01,False,581700.0,1,1.861311,1082724.6087,1082724.6087,1082724.6087,0.0,False,,False,0.0,,,,,,,,,,False,False,0,0.0,0,False,,,4.1,,,True,False
B2200405900000,TRAVESSIAS,2016,2022,RS,COMUNICAÇÃO ELETRÔNICA DE MASSA POR ASSINATURA (TV PAGA),DOCUMENTÁRIO,PRODAV,PRODAV 02 - PROJETO DERIVADO,False,581000.0,1,1.487011,1841498.2187351603,863953.3910000001,863953.3910000001,977544.8277351601,True,,False,0.0,,,,,,,,,,False,False,0,0.0,0,False,,,,,,False,False
B1101415000000,ESTAMOS JUNTOS,2009,2011,SP,INDEFINIDO,FICÇÃO,PRODECINE,PRODECINE 01,False,580000.0,1,2.353382,2808669.6699999995,1364961.5599999998,1364961.5599999998,1443708.11,True,,False,0.0,,,,,,,,,,False,False,0,0.0,0,False,,,3.612,5.9,310.0,True,True
B2000010600000,OPÇÃO AMÉRICA,2013,2020,RJ,COMUNICAÇÃO ELETRÔNICA DE MASSA POR ASSINATURA (TV PAGA),DOCUMENTÁRIO,PRODAV,PRODAV 01,False,578682.0,1,1.861311,1077107.1721019999,1077107.1721019999,1077107.1721019999,0.0,False,,False,0.0,,,,,,,,,,False,False,0,0.0,0,False,,,,,,False,False
B2400285100000,"VANJA ORICO, AO ARREPIO DO TEMPO",2014,2024,RJ,SALAS DE EXIBIÇÃO,DOCUMENTÁRIO,PRODAV,PRODAV 06,False,625991.53,2,1.749188,1079737.52237764,1094976.87237764,1079737.52237764,0.0,False,29.0,True,26.858379373665226,280.0,,,,,,,,,False,False,0,0.0,0,False,,,,,,False,False
B1800607100000,CINE MARROCOS,2016,2018,SP,SALAS DE EXIBIÇÃO,DOCUMENTÁRIO,PRODECINE,PRODECINE 02,False,573514.0,1,1.487011,1075873.276654,852821.626654,852821.626654,223051.65000000002,True,323.0,True,300.22123144887496,5412.66,204.0,7.0,,,24.0,6.0,,,False,False,0,4.8,1,True,,,,7.9,44.0,False,True
B1700201400000,"ALMA IMORAL, A SÉRIE",2013,2017,RJ,COMUNICAÇÃO ELETRÔNICA DE MASSA POR ASSINATURA (TV PAGA),DOCUMENTÁRIO,PRODAV,PRODAV 01,False,572000.0,1,1.861311,1064669.892,1064669.892,1064669.892,0.0,False,,False,0.0,,,,,,,,,,False,False,0,0.0,0,False,,,,,,False,False
B1900352900000,DA NASCENTE À FOZ,2016,2019,SP,COMUNICAÇÃO ELETRÔNICA DE MASSA POR ASSINATURA (TV PAGA),DOCUMENTÁRIO,PRODAV,PRODAV 02 - PROJETO DERIVADO,False,571410.0,1,1.487011,849692.95551,849692.95551,849692.95551,0.0,False,,False,0.0,,,,,,,,,,False,False,0,0.0,0,False,,,,,,False,False
B1600564300000,LUA EM SAGITÁRIO,2013,2016,SC,SALAS DE EXIBIÇÃO,FICÇÃO,PRODECINE,PRODECINE 04,True,570307.0,1,1.861311,1061518.692477,1061518.692477,1061518.692477,0.0,False,3320.0,True,3127.594477166435,35577.36,233.0,15.0,,,,,,,False,False,0,0.0,1,True,1.0,0.0,,6.7,70.0,False,True
B2400071900000,VINDE VÊNUS,2018,2024,PR,RADIODIFUSÃO DE SONS E IMAGENS (TV ABERTA),DOCUMENTÁRIO,PRODAV,PRODAV - TVS PÚBLICAS,False,568550.0,1,1.392194,791531.8986999999,791531.8986999999,791531.8986999999,0.0,False,,False,0.0,,,,,,,,,,False,False,0,0.0,0,False,,,,,,False,False
B1800493200000,ERLON CHAVES: O MAESTRO DO VENENO,2013,2018,SP,COMUNICAÇÃO ELETRÔNICA DE MASSA POR ASSINATURA (TV PAGA),DOCUMENTÁRIO,PRODAV,PRODAV 01,False,568430.0,1,1.861311,1058025.01173,1058025.01173,1058025.01173,0.0,False,,False,0.0,,,,,,,,,,False,False,0,0.0,0,False,,,3.734,,,True,False
B2100131800000,MULHERES E HOMENS DA TERRA,2013,2021,SP,COMUNICAÇÃO ELETRÔNICA DE MASSA POR ASSINATURA (TV PAGA),DOCUMENTÁRIO,PRODAV,PRODAV 01,False,568041.0,1,1.861311,1162407.137751,1057300.961751,1057300.961751,105106.17599999999,True,,False,0.0,,,,,,,,,,False,False,0,0.0,0,False,,,4.1,,,True,False
B1700616700000,EU TE DEDICO,2013,2017,SP,RADIODIFUSÃO DE SONS E IMAGENS (TV ABERTA),DOCUMENTÁRIO,PRODAV,PRODAV 01,False,568000.0,1,1.861311,1154300.96504064,1057224.648,1057224.648,97076.31704063999,True,,False,0.0,,,,,,,,,,False,False,0,0.0,0,False,,,3.358,,,True,False
B2300399000000,FLORADAS - NA TRILHA DA AGROECOLOGIA,2016,2023,BA,RADIODIFUSÃO DE SONS E IMAGENS (TV ABERTA),DOCUMENTÁRIO,PRODAV,PRODAV 02 - PROJETO DERIVADO,False,564397.54,1,1.487011,839265.3503529401,839265.3503529401,839265.3503529401,0.0,False,,False,0.0,,,,,,,,,,False,False,0,0.0,0,False,,,,,,False,False
B1600495300000,PRA ONDE CORRE O RIO,2013,2016,RJ,COMUNICAÇÃO ELETRÔNICA DE MASSA POR ASSINATURA (TV PAGA),DOCUMENTÁRIO,PRODAV,PRODAV 01,False,562400.0,1,1.861311,1046801.3064,1046801.3064,1046801.3064,0.0,False,,False,0.0,,,,,,,,,,False,False,0,0.0,0,False,,,4.225,,,True,False
B2200298400000,O BAILE DOS 41,2017,2021,RJ,SALAS DE EXIBIÇÃO,FICÇÃO,PRODECINE,PRODECINE 12,True,561270.0,1,1.444401,1089137.74927,810698.94927,810698.94927,278438.8,True,89.0,True,81.71601806993898,915.0,,,,,,,,,False,False,0,0.0,1,True,,,,,,False,False
B1600725900000,MIXADOS,2012,2016,SP,COMUNICAÇÃO ELETRÔNICA DE MASSA POR ASSINATURA (TV PAGA),REALITY-SHOW,PRODAV,PRODAV 01,False,560000.0,1,1.971315,1103936.4,1103936.4,1103936.4,0.0,False,,False,0.0,,,,,,,,,,False,False,0,0.0,0,False,,,,,,False,False
B2200409600000,ESTADOS UNIDOS DO BRASIL,2016,2022,PA,SALAS DE EXIBIÇÃO,DOCUMENTÁRIO,PRODECINE,PRODECINE 01,False,560000.0,1,1.487011,832726.16,832726.16,832726.16,0.0,False,61.0,True,73.25337299359012,615.0,6.0,1.0,,,,,,,False,False,0,0.0,0,False,,,4.343,,,True,False
B1900246600000,SÃO PAULO MEU HUMOR,2013,2019,SP,COMUNICAÇÃO ELETRÔNICA DE MASSA POR ASSINATURA (TV PAGA),DOCUMENTÁRIO,PRODAV,PRODAV 01,False,557079.0,1,1.861311,1036897.2705689999,1036897.2705689999,1036897.2705689999,0.0,False,,False,0.0,,,,,,,,,,False,False,0,0.0,0,False,,,,,,False,False
B2400212800000,PENAL CORDILLERA,2018,2024,SP,SALAS DE EXIBIÇÃO,FICÇÃO,CONCURSO,CONCURSO PRODUÇÃO PARA CINEMA - COPRODUÇÃO CHILE-BRASIL,True,556740.0,1,1.392194,775090.08756,775090.08756,775090.08756,0.0,False,1308.0,True,1687.5457717664945,20284.63,175.0,10.0,,,,,,,False,False,0,0.0,1,True,,,,,,False,False
B2300580700000,NA GUERRA DOS OUTROS.,2018,2023,RJ,COMUNICAÇÃO ELETRÔNICA DE MASSA POR ASSINATURA (TV PAGA),DOCUMENTÁRIO,FLUXO CONTINUO,FLUXO CONTÍNUO PRODUÇÃO PARA TELEVISÃO,False,555939.86,1,1.392194,773976.13745284,773976.13745284,773976.13745284,0.0,False,,False,0.0,,,,,,,,,,False,False,0,0.0,0,False,,,3.955,,,True,False
B2300529000000,SR. JOSÉ RAMALHO,2016,2021,PB,COMUNICAÇÃO ELETRÔNICA DE MASSA POR ASSINATURA (TV PAGA),DOCUMENTÁRIO,PRODAV,PRODAV 02 - PROJETO DERIVADO,False,555900.0,1,1.487011,826629.4149000001,826629.4149000001,826629.4149000001,0.0,False,,False,0.0,,,,,,,,,,False,False,0,0.0,0,False,,,,,,False,False
B1900247800000,PELA FECHADURA,2013,2019,RJ,COMUNICAÇÃO ELETRÔNICA DE MASSA POR ASSINATURA (TV PAGA),FICÇÃO,PRODAV,PRODAV 02 - PROJETO DERIVADO,False,555553.02,1,1.861311,1034056.94720922,1034056.94720922,1034056.94720922,0.0,False,,False,0.0,,,,,,,,,,False,False,0,0.0,0,False,,,,,,False,False
B1201614400000,A ÚLTIMA ESTAÇÃO,2009,2012,DF,SALAS DE EXIBIÇÃO,FICÇÃO,PRODECINE,PRODECINE 01,False,554014.15,1,2.353382,2391806.9283553,1303806.9283552999,1303806.9283552999,1088000.0,True,130.0,True,54.352213156850866,22172.45,,,,,,,,,False,False,0,0.0,0,False,,,4.013,6.5,33.0,True,True
B1700603800000,SOTAQUE ELÉTRICO,2013,2017,RJ,COMUNICAÇÃO ELETRÔNICA DE MASSA POR ASSINATURA (TV PAGA),DOCUMENTÁRIO,PRODAV,PRODAV 01,False,552310.0,1,1.861311,1028020.6784099999,1028020.6784099999,1028020.6784099999,0.0,False,,False,0.0,,,,,,,,,,False,False,0,0.0,0,False,,,,7.4,6.0,False,True
B2000437800000,BLINK,2016,2020,RJ,COMUNICAÇÃO ELETRÔNICA DE MASSA POR ASSINATURA (TV PAGA),DOCUMENTÁRIO,PRODAV,PRODAV 02 - PROJETO DERIVADO,False,552000.0,1,1.487011,820830.072,820830.072,820830.072,0.0,False,,False,0.0,,,,,,,,,,False,False,0,0.0,0,False,,,,8.7,13.0,False,True
B1800089800000,AMORES DE CHUMBO,2014,2017,PE,SALAS DE EXIBIÇÃO,FICÇÃO,PRODECINE,PRODECINE 01,False,740000.0,2,1.749188,1262356.76,1294399.1199999999,1262356.76,0.0,False,2572.0,True,2037.458887612722,22443.55,289.0,25.0,,,,,,,False,False,0,0.0,0,False,,,3.312,6.7,50.0,True,True
B1900189200000,BICOS,2013,2019,BA,RADIODIFUSÃO DE SONS E IMAGENS (TV ABERTA),DOCUMENTÁRIO,PRODAV,PRODAV 01,False,550000.0,1,1.861311,1023721.0499999999,1023721.0499999999,1023721.0499999999,0.0,False,,False,0.0,,,,,,,,,,False,False,0,0.0,0,False,,,,,,False,False
B2200404500000,A ÚLTIMA VANGUARDA,2013,2022,BA,COMUNICAÇÃO ELETRÔNICA DE MASSA POR ASSINATURA (TV PAGA),DOCUMENTÁRIO,PRODAV,PRODAV 01,False,550000.0,1,1.861311,1023721.0499999999,1023721.0499999999,1023721.0499999999,0.0,False,,False,0.0,,,,,,,,,,False,False,0,0.0,0,False,,,4.013,,,True,False
B1600690600000,ERA O HOTEL CAMBRIDGE,2013,2016,SP,SALAS DE EXIBIÇÃO,FICÇÃO,PRODECINE,PRODECINE 01,True,650000.0,2,1.861311,2033215.4499999997,1209852.15,1198639.8499999999,834575.6,True,29912.0,True,14711.672587378776,313646.51,1192.0,19.0,,,24.0,8.0,1525.0,1.0,False,False,1,13.47,4,True,2.0,1.0,3.8,7.7,604.0,True,True
B2500537600000,TRIBALISTAS - O BAÚ DA HORA FÉRTIL,2018,2025,RJ,COMUNICAÇÃO ELETRÔNICA DE MASSA POR ASSINATURA (TV PAGA),DOCUMENTÁRIO,DESEMPENHO,SUPORTE AUTOMÁTICO - DESEMPENHO COMERCIAL TV E VOD,False,550000.0,1,1.392194,765706.7,765706.7,765706.7,0.0,False,,False,0.0,,,,,,,,,,False,False,0,0.0,0,False,,,,,,False,False
B2300484100000,EROS,2018,2023,PE,SALAS DE EXIBIÇÃO,DOCUMENTÁRIO,DESEMPENHO,SUPORTE AUTOMÁTICO - DESEMPENHO ARTÍSTICO,False,548881.11,1,1.392194,764148.9880553399,764148.9880553399,764148.9880553399,0.0,False,,False,0.0,,,,,,,,,,False,False,0,0.0,0,False,,,,6.6,42.0,False,True
B2400288600000,UM CARNAVAL EM CADA ESQUINA,2018,2024,BA,RADIODIFUSÃO DE SONS E IMAGENS (TV ABERTA),FICÇÃO,DESEMPENHO,SUPORTE AUTOMÁTICO - DESEMPENHO COMERCIAL TV E VOD,False,548783.35,1,1.392194,764012.8871698999,764012.8871698999,764012.8871698999,0.0,False,,False,0.0,,,,,,,,,,False,False,0,0.0,0,False,,,,,,False,False
B1700112000000,CORPO ELÉTRICO,2013,2017,SP,SALAS DE EXIBIÇÃO,FICÇÃO,PRODECINE,PRODECINE 05,False,748500.0,2,1.861311,2303988.7835,1393191.2835,1318331.2835,985657.5,True,19870.0,True,8624.173929273818,238036.18,797.0,24.0,,,,,4017.0,,False,False,1,6.67,1,True,1.0,0.0,3.0,6.1,1035.0,True,True
B2400530400000,O MUNDO DELAS,2016,2024,RN,COMUNICAÇÃO ELETRÔNICA DE MASSA POR ASSINATURA (TV PAGA),DOCUMENTÁRIO,PRODAV,PRODAV 02 - PROJETO DERIVADO,False,547000.0,1,1.487011,813395.017,813395.017,813395.017,0.0,False,,False,0.0,,,,,,,,,,False,False,0,0.0,0,False,,,,,,False,False
B2100199000000,CANTADA DE MINA,2015,2021,RJ,COMUNICAÇÃO ELETRÔNICA DE MASSA POR ASSINATURA (TV PAGA),DOCUMENTÁRIO,PRODAV,PRODAV 06,False,546000.0,1,1.580544,862977.024,862977.024,862977.024,0.0,False,,False,0.0,,,,,,,,,,False,False,0,0.0,0,False,,,,,,False,False
B2300474100000,BAR BRASIL,2016,2023,PA,COMUNICAÇÃO ELETRÔNICA DE MASSA POR ASSINATURA (TV PAGA),DOCUMENTÁRIO,PRODAV,PRODAV 02 - PROJETO DERIVADO,False,546000.0,1,1.487011,811908.006,811908.006,811908.006,0.0,False,,False,0.0,,,,,,,,,,False,False,0,0.0,0,False,,,,,,False,False
B1900137100000,HISTÓRIAS DA ARTE,2013,2019,SP,COMUNICAÇÃO ELETRÔNICA DE MASSA POR ASSINATURA (TV PAGA),DOCUMENTÁRIO,PRODAV,PRODAV 01,False,545697.0,1,1.861311,1015711.828767,1015711.828767,1015711.828767,0.0,False,,False,0.0,,,,,,,,,,False,False,0,0.0,0,False,,,3.9,,,True,False
B1500651700000,MATE-ME POR FAVOR,2013,2015,RJ,SALAS DE EXIBIÇÃO,FICÇÃO,PRODECINE,PRODECINE 04,True,1243153.0,3,1.861311,2806012.6324131,2313894.353583,2368896.353583,344050.7288300999,True,9873.0,True,3518.5158776386083,116368.43,934.0,32.0,,,,,1779.0,,False,False,1,6.67,2,True,4.0,0.0,2.8,5.8,826.0,True,True
B2000322300000,O QUE QUEREM AS MULHERES?,2016,2020,RJ,COMUNICAÇÃO ELETRÔNICA DE MASSA POR ASSINATURA (TV PAGA),DOCUMENTÁRIO,PRODAV,PRODAV 06,False,542605.8,1,1.487011,806860.7932638001,806860.7932638001,806860.7932638001,0.0,False,,False,0.0,,,,,,,,,,False,False,0,0.0,0,False,,,4.4,,,True,False
B1700207800000,DUNAS DO BARATO,2012,2016,RJ,COMUNICAÇÃO ELETRÔNICA DE MASSA POR ASSINATURA (TV PAGA),DOCUMENTÁRIO,PRODAV,PRODAV 01,False,541388.0,1,1.971315,1067246.28522,1067246.28522,1067246.28522,0.0,False,,False,0.0,,,,,,,,,,False,False,0,0.0,0,False,,,,6.9,89.0,False,True
B1900165300000,TRANSPLANTES - UMA SEGUNDA CHANCE,2013,2019,SP,COMUNICAÇÃO ELETRÔNICA DE MASSA POR ASSINATURA (TV PAGA),DOCUMENTÁRIO,PRODAV,PRODAV 01,False,540000.0,1,1.861311,1005107.94,1005107.94,1005107.94,0.0,False,,False,0.0,,,,,,,,,,False,False,0,0.0,0,False,,,4.16,,,True,False
B2000361300000,O REFLEXO DO LAGO,2016,2020,PA,SALAS DE EXIBIÇÃO,DOCUMENTÁRIO,PRODECINE,PRODECINE 05,False,538780.0,1,1.487011,801171.7865800001,801171.7865800001,801171.7865800001,0.0,False,92.0,True,114.83180204425913,714.0,,,,,,,,,False,False,0,0.0,0,False,,,3.844,6.2,21.0,True,True
B2500448900000,RAÍZES DO SAGRADO FEMININO,2016,2025,RJ,SALAS DE EXIBIÇÃO,DOCUMENTÁRIO,PRODAV,PRODAV 06,False,709875.01,2,1.487011,1039196.40145251,1055591.94849511,1039196.40145251,0.0,False,,False,0.0,,,,,,,,,,False,False,0,0.0,0,False,,,,,,False,False
B1600630700000,A FINADA MÃE DA MADAME,2014,2016,BA,SALAS DE EXIBIÇÃO,FICÇÃO,ARRANJOS,ARRANJOS REGIONAIS,False,533333.0,1,1.749188,932899.683604,932899.683604,932899.683604,0.0,False,461.0,True,494.158169524781,5858.28,69.0,1.0,,,,,,,False,False,0,0.0,0,False,,,3.5,6.8,19.0,True,True
B2200239600000,CINE COACHING,2013,2022,RJ,COMUNICAÇÃO ELETRÔNICA DE MASSA POR ASSINATURA (TV PAGA),DOCUMENTÁRIO,PRODAV,PRODAV 01,False,532800.0,1,1.861311,991706.5007999999,991706.5007999999,991706.5007999999,0.0,False,,False,0.0,,,,,,,,,,False,False,0,0.0,0,False,,,,,,False,False
B1700013000000,CAFÉ COM CANELA,2014,2016,BA,RADIODIFUSÃO DE SONS E IMAGENS (TV ABERTA),FICÇÃO,ARRANJOS,ARRANJOS REGIONAIS,False,532119.33,1,1.749188,930776.7466040399,930776.7466040399,930776.7466040399,0.0,False,10523.0,True,11305.61118806782,110050.98,622.0,18.0,,,,,,,False,False,0,0.0,0,False,,,3.7,7.2,368.0,True,True
B1800255500000,ILHA,2015,2018,BA,SALAS DE EXIBIÇÃO,FICÇÃO,ARRANJOS,ARRANJOS REGIONAIS,False,530760.0,1,1.580544,838889.53344,838889.53344,838889.53344,0.0,False,131.0,True,156.15882041442768,1546.44,20.0,4.0,,,,,,,False,False,0,0.0,0,False,,,4.423,,,True,False
B2000154900000,ALICE JÚNIOR,2018,2020,PR,SALAS DE EXIBIÇÃO,FICÇÃO,FLUXO CONTINUO,FLUXO CONTÍNUO PRODUÇÃO PARA CINEMA,False,525500.0,1,1.392194,731597.9469999999,731597.9469999999,731597.9469999999,0.0,False,97.0,True,132.5864846911606,763.5,52.0,7.0,,,42.5,12.0,,,False,False,0,8.5,1,True,,,3.39,6.9,702.0,True,True
B2500220000000,MEMÓRIAS DE UMA GUERRA SUJA,2018,2025,ES,RADIODIFUSÃO DE SONS E IMAGENS (TV ABERTA),DOCUMENTÁRIO,ARRANJOS,ARRANJOS REGIONAIS,False,525000.0,1,1.392194,730901.85,730901.85,730901.85,0.0,False,,False,0.0,,,,,,,,,,False,False,0,0.0,0,False,,,,,,False,False
B2000107100000,AMAZON FASHION,2016,2019,TO,COMUNICAÇÃO ELETRÔNICA DE MASSA POR ASSINATURA (TV PAGA),DOCUMENTÁRIO,PRODAV,PRODAV 02 - PROJETO DERIVADO,False,525000.0,1,1.487011,780680.775,780680.775,780680.775,0.0,False,,False,0.0,,,,,,,,,,False,False,0,0.0,0,False,,,,,,False,False
B2000200100000,SAGRADOS E PROFANOS,2016,2020,RS,COMUNICAÇÃO ELETRÔNICA DE MASSA POR ASSINATURA (TV PAGA),DOCUMENTÁRIO,PRODAV,PRODAV 02 - PROJETO DERIVADO,False,525000.0,1,1.487011,780680.775,780680.775,780680.775,0.0,False,,False,0.0,,,,,,,,,,False,False,0,0.0,0,False,,,,,,False,False
B2000127100000,"NÓS, OS FASHIONISTAS - 2ª TEMPORADA",2016,2020,RJ,COMUNICAÇÃO ELETRÔNICA DE MASSA POR ASSINATURA (TV PAGA),DOCUMENTÁRIO,PRODAV,PRODAV 02 - PROJETO DERIVADO,False,525000.0,1,1.487011,780680.775,780680.775,780680.775,0.0,False,,False,0.0,,,,,,,,,,False,False,0,0.0,0,False,,,3.6,,,True,False
B2500199700000,SER MULHER,2018,2025,ES,RADIODIFUSÃO DE SONS E IMAGENS (TV ABERTA),DOCUMENTÁRIO,ARRANJOS,ARRANJOS REGIONAIS,False,525000.0,1,1.392194,730901.85,730901.85,730901.85,0.0,False,,False,0.0,,,,,,,,,,False,False,0,0.0,0,False,,,,,,False,False
B2400306500000,O PALHAÇO DE CARA LIMPA,2017,2024,PE,SALAS DE EXIBIÇÃO,FICÇÃO,PRODAV,PRODAV 07,False,524936.38,1,1.444401,758218.63220838,758218.63220838,758218.63220838,0.0,False,,False,0.0,,,,,,,,,,False,False,0,0.0,0,False,,,,,,False,False
B2300139500000,AMADOS ENCONTROS,2015,2023,PE,COMUNICAÇÃO ELETRÔNICA DE MASSA POR ASSINATURA (TV PAGA),DOCUMENTÁRIO,PRODAV,PRODAV 06,False,658407.0,2,1.580544,1021920.7213756801,1040641.233408,1021920.7213756801,0.0,False,,False,0.0,,,,,,,,,,False,False,0,0.0,0,False,,,,,,False,False
B2300097400000,ANDANTE - 3ª TEMPORADA,2016,2023,PE,COMUNICAÇÃO ELETRÔNICA DE MASSA POR ASSINATURA (TV PAGA),DOCUMENTÁRIO,PRODAV,PRODAV 02 - PROJETO DERIVADO,False,520123.0,1,1.487011,773428.6223530001,773428.6223530001,773428.6223530001,0.0,False,,False,0.0,,,,,,,,,,False,False,0,0.0,0,False,,,,,,False,False
B2500496900000,RETRATO ÍNTIMO - SEGUNDA TEMPORADA,2018,2025,BA,RADIODIFUSÃO DE SONS E IMAGENS (TV ABERTA),JORNALÍSTICA,ARRANJOS,ARRANJOS REGIONAIS,False,520000.0,1,1.392194,723940.88,723940.88,723940.88,0.0,False,,False,0.0,,,,,,,,,,False,False,0,0.0,0,False,,,,,,False,False
B2600017700000,O SAMBA QUE MORA AQUI - 2ª TEMPORADA,2018,2026,BA,RADIODIFUSÃO DE SONS E IMAGENS (TV ABERTA),DOCUMENTÁRIO,ARRANJOS,ARRANJOS REGIONAIS,False,520000.0,1,1.392194,723940.88,723940.88,723940.88,0.0,False,,False,0.0,,,,,,,,,,False,False,0,0.0,0,False,,,,,,False,False
B1301738800000,ANITA E GARIBALDI,2009,2012,PR,INDEFINIDO,FICÇÃO,PRODECINE,PRODECINE 01,False,518146.0,1,2.353382,6419657.199772,1219395.4697719999,1219395.4697719999,5200261.73,True,94.0,True,14.64252639585467,11809.54,,,,,,,,,False,False,0,0.0,0,False,,,,6.1,785.0,False,True
B1900390100000,ELE ERA ASSIM: ARY BARROSO,2013,2019,RJ,COMUNICAÇÃO ELETRÔNICA DE MASSA POR ASSINATURA (TV PAGA),DOCUMENTÁRIO,PRODAV,PRODAV 01,False,512908.0,1,1.861311,954681.302388,954681.302388,954681.302388,0.0,False,,False,0.0,,,,,,,,,,False,False,0,0.0,0,False,,,,,,False,False
B1900203000000,CHÃO,2014,2019,DF,SALAS DE EXIBIÇÃO,DOCUMENTÁRIO,SAV/MINC 04,SAV/MINC 04,False,512631.13,1,1.749188,896688.22102244,896688.22102244,896688.22102244,0.0,False,37.0,True,41.262948628689585,253.59,4.0,3.0,,,32.0,10.0,,,False,False,0,6.4,1,True,,,,6.8,231.0,False,True
B2100065700000,A ÚLTIMA FLORESTA,2018,2021,SP,SALAS DE EXIBIÇÃO,DOCUMENTÁRIO,FLUXO CONTINUO,FLUXO CONTÍNUO PRODUÇÃO PARA CINEMA,False,1512437.74,3,1.392194,2293956.74323456,2105606.74700156,2293956.74323456,0.0,False,2447.0,True,1066.715842492149,38574.3,169.0,7.0,,,37.5,8.0,,,False,False,0,7.5,1,True,,,3.538,7.2,744.0,True,True
B2000336900000,ME LIGA NA LATA,2013,2020,SP,COMUNICAÇÃO ELETRÔNICA DE MASSA POR ASSINATURA (TV PAGA),DOCUMENTÁRIO,PRODAV,PRODAV 01,False,510805.0,1,1.861311,950766.965355,950766.965355,950766.965355,0.0,False,,False,0.0,,,,,,,,,,False,False,0,0.0,0,False,,,,,,False,False
B1700249500000,COMBOIO DE SAL E AÇÚCAR,2014,2016,RS,SALAS DE EXIBIÇÃO,FICÇÃO,PRODECINE,PRODECINE 05,True,710132.0,2,1.749188,1189718.972816,1242154.372816,1189718.972816,0.0,False,3130.0,True,2630.8734007926764,43803.42,329.0,17.0,,,,,,36.0,False,False,0,10.0,2,True,2.0,21.0,3.683,6.4,205.0,True,True
B2000185600000,NIÈDE,2016,2020,PI,SALAS DE EXIBIÇÃO,DOCUMENTÁRIO,PRODECINE,PRODECINE 01,False,510000.0,1,1.487011,758375.61,758375.61,758375.61,0.0,False,141.0,True,185.9237007899028,1946.0,13.0,1.0,,,,,,,False,False,0,0.0,0,False,,,,8.3,11.0,False,True
B2300500100000,O SILÊNCIO DE EVA,2017,2023,MG,SALAS DE EXIBIÇÃO,DOCUMENTÁRIO,ARRANJOS,ARRANJOS REGIONAIS,False,510000.0,1,1.444401,736644.51,736644.51,736644.51,0.0,False,,False,0.0,,,,,,,,,,False,False,0,0.0,0,False,,,4.1,,,True,False
B1700448900000,BLOG DA MARI,2014,2016,AM,RADIODIFUSÃO DE SONS E IMAGENS (TV ABERTA),DOCUMENTÁRIO,PRODAV,PRODAV 08,False,507000.0,1,1.749188,886838.316,886838.316,886838.316,0.0,False,,False,0.0,,,,,,,,,,False,False,0,0.0,0,False,,,,,,False,False
B1800134200000,"AFINAL, QUEM É DEUS?",2015,2018,RS,RADIODIFUSÃO DE SONS E IMAGENS (TV ABERTA),DOCUMENTÁRIO,PRODAV,PRODAV 12,False,507000.0,1,1.580544,801335.808,801335.808,801335.808,0.0,False,,False,0.0,,,,,,,,,,False,False,0,0.0,0,False,,,,,,False,False
B1900166300000,BORBOLETAS E SEREIAS,2015,2018,PE,RADIODIFUSÃO DE SONS E IMAGENS (TV ABERTA),DOCUMENTÁRIO,PRODAV,PRODAV 09,False,507000.0,1,1.580544,801335.808,801335.808,801335.808,0.0,False,,False,0.0,,,,,,,,,,False,False,0,0.0,0,False,,,,,,False,False
B1600765400000,DE MALA E CUIA,2014,2016,RJ,RADIODIFUSÃO DE SONS E IMAGENS (TV ABERTA),DOCUMENTÁRIO,PRODAV,PRODAV 11,False,507000.0,1,1.749188,886838.316,886838.316,886838.316,0.0,False,,False,0.0,,,,,,,,,,False,False,0,0.0,0,False,,,3.683,,,True,False
B1700055500000,BRINCANDO COM A CIÊNCIA!,2014,2016,PR,RADIODIFUSÃO DE SONS E IMAGENS (TV ABERTA),DOCUMENTÁRIO,PRODAV,PRODAV 12,False,507000.0,1,1.749188,886838.316,886838.316,886838.316,0.0,False,,False,0.0,,,,,,,,,,False,False,0,0.0,0,False,,,3.2,,,True,False
B1800262500000,O OLHAR QUE VEM DE DENTRO,2015,2018,AC,OUTROS MERCADOS,DOCUMENTÁRIO,PRODAV,PRODAV 08,False,507000.0,1,1.580544,801335.808,801335.808,801335.808,0.0,False,,False,0.0,,,,,,,,,,False,False,0,0.0,0,False,,,4.018,,,True,False
B1700145300000,CIÊNCIA PARA CRIANÇAS,2014,2017,SP,RADIODIFUSÃO DE SONS E IMAGENS (TV ABERTA),DOCUMENTÁRIO,PRODAV,PRODAV 11,False,506999.9,1,1.749188,886838.1410812,886838.1410812,886838.1410812,0.0,False,,False,0.0,,,,,,,,,,False,False,0,0.0,0,False,,,,,,False,False
B1700141400000,A ESCOLA DOS MISTÉRIOS,2014,2016,GO,RADIODIFUSÃO DE SONS E IMAGENS (TV ABERTA),VARIEDADES,PRODAV,PRODAV 10,False,506946.83,1,1.749188,886745.31167404,886745.31167404,886745.31167404,0.0,False,,False,0.0,,,,,,,,,,False,False,0,0.0,0,False,,,,,,False,False
B2500319300000,NÃO SE REPRIMA,2018,2025,SP,COMUNICAÇÃO ELETRÔNICA DE MASSA POR ASSINATURA (TV PAGA),DOCUMENTÁRIO,DESEMPENHO,SUPORTE AUTOMÁTICO - DESEMPENHO COMERCIAL TV E VOD,False,505905.66,1,1.392194,704318.8244180399,704318.8244180399,704318.8244180399,0.0,False,,False,0.0,,,,,,,,,,False,False,0,0.0,0,False,,,,,,False,False
B2200250500000,BARRAGEM,2016,2022,RJ,COMUNICAÇÃO ELETRÔNICA DE MASSA POR ASSINATURA (TV PAGA),DOCUMENTÁRIO,PRODAV,PRODAV 06,False,505795.54,1,1.487011,752123.53173094,752123.53173094,752123.53173094,0.0,False,,False,0.0,,,,,,,,,,False,False,0,0.0,0,False,,,,,,False,False
B1700422600000,CHOCANTE,2014,2016,RJ,SALAS DE EXIBIÇÃO,FICÇÃO,ARRANJOS,ARRANJOS REGIONAIS,False,504368.2,1,1.749188,5657847.77565228,882234.8030216,882234.8030216,4775612.97263068,True,158428.0,True,28001.46032238119,2199472.96,16526.0,191.0,,,,,,,False,False,0,0.0,0,False,,,,5.6,243.0,False,True
B2400445200000,ZAFARI,2022,2024,SP,SALAS DE EXIBIÇÃO,FICÇÃO,PRODUCAO,COPRODUÇÃO INTERNACIONAL CINEMA,True,1002800.0,2,1.096731,1247533.3468,1099801.8468,1247533.3468,0.0,False,,False,0.0,,,,,,,,,,False,False,0,0.0,1,True,,,,,,False,False
B2000096300000,A MORTE HABITA À NOITE,2014,2020,PE,SALAS DE EXIBIÇÃO,FICÇÃO,ARRANJOS,ARRANJOS REGIONAIS,False,701044.4,2,1.749188,1192529.6519472,1226258.4519472,1192529.6519472,0.0,False,900.0,True,754.6982152858434,7404.78,113.0,9.0,,,19.5,6.0,,,False,False,0,3.9,1,True,,,3.57,7.0,56.0,True,True
B2100119800000,MATEÍNA,2016,2021,RS,SALAS DE EXIBIÇÃO,FICÇÃO,PRODECINE,PRODECINE 09,True,500040.0,1,1.487011,743564.9804400001,743564.9804400001,743564.9804400001,0.0,False,884.0,True,1188.867178060078,12273.43,96.0,8.0,,,,,,,False,False,0,0.0,1,True,,,,6.4,54.0,False,True
B1402217000000,"BOA NOITE, MARTHA",2009,2014,RS,INDEFINIDO,ANIMAÇÃO,PRODAV,PRODAV 01,False,500000.0,1,2.353382,1176691.0,1176691.0,1176691.0,0.0,False,,False,0.0,,,,,,,,,,False,False,0,0.0,0,False,,,3.0,,,True,False
B1900249100000,A NOITE AMARELA,2014,2019,PB,SALAS DE EXIBIÇÃO,FICÇÃO,ARRANJOS,ARRANJOS REGIONAIS,False,687475.0,2,1.749188,1223543.279725,1202523.0203,1223543.279725,0.0,False,1824.0,True,1490.752333999952,13055.2,168.0,20.0,,,,,,,False,False,0,0.0,0,False,,,3.2,5.3,211.0,True,True
B2100017700000,BOB CUSPE - NÓS NÃO GOSTAMOS DE GENTE,2014,2021,SP,SALAS DE EXIBIÇÃO,ANIMAÇÃO,ARRANJOS,ARRANJOS REGIONAIS,False,500000.0,1,1.749188,4597216.0,874594.0,874594.0,3722622.0,True,1565.0,True,340.42342147943447,25929.49,250.0,9.0,,,49.5,10.0,,,False,False,0,9.9,1,True,,,3.6,,,True,False
B1402652900000,NISE - O CORAÇÃO DA LOUCURA,2009,2014,RJ,INDEFINIDO,FICÇÃO,PRODECINE,PRODECINE 01,False,500000.0,1,2.353382,2172609.0,1176691.0,1176691.0,995918.0,True,154696.0,True,71202.87175465074,2227284.34,74.0,8.0,,,,,,,False,True,1,6.67,0,False,1.0,0.0,4.3,7.6,2743.0,True,True
B1402131500000,ROMANCE POLICIAL,2010,2013,RJ,INDEFINIDO,FICÇÃO,PRODECINE,PRODECINE 02,True,893813.06,3,2.222058,4695220.3334259,1986104.4604774802,1871161.9334259,2824058.4,True,3647.0,True,776.7473602967086,45020.9,,,,,,,,,True,False,1,6.67,1,True,1.0,0.0,4.064,6.1,77.0,True,True
B2300064600000,MÚSICA SUBSTANTIVO FEMININO – CHIQUINHA GONZAGA,2018,2023,DF,COMUNICAÇÃO ELETRÔNICA DE MASSA POR ASSINATURA (TV PAGA),DOCUMENTÁRIO,FLUXO CONTINUO,FLUXO CONTÍNUO PRODUÇÃO PARA TELEVISÃO,False,500000.0,1,1.392194,696097.0,696097.0,696097.0,0.0,False,,False,0.0,,,,,,,,,,False,False,0,0.0,0,False,,,4.05,,,True,False
B1600287300000,DESERTO,2012,2016,RJ,SALAS DE EXIBIÇÃO,FICÇÃO,PRODECINE,PRODECINE 01,False,1016273.0,3,1.971315,3632076.4389029997,2003394.208995,1946602.1139029998,1685474.325,True,1357.0,True,373.6154849235101,17377.15,179.0,9.0,,,,,,,False,False,0,0.0,0,False,,,3.705,6.7,62.0,True,True
B1201643000000,A HORA E A VEZ DE AUGUSTO MATRAGA,2008,2011,SP,INDEFINIDO,FICÇÃO,PRODECINE,PRODECINE 01,False,500000.0,1,2.454812,4801451.0,1227406.0,1227406.0,3574045.0,True,2132.0,True,444.0324393605183,34440.19,,,,,,,,,False,False,0,0.0,0,False,,,3.683,7.1,187.0,True,True
B2500140000000,MULHERES,2014,2025,MT,RADIODIFUSÃO DE SONS E IMAGENS (TV ABERTA),DOCUMENTÁRIO,PRODAV,PRODAV 06,False,500000.0,1,1.749188,874594.0,874594.0,874594.0,0.0,False,,False,0.0,,,,,,,,,,False,False,0,0.0,0,False,,,,,,False,False
B2200154700000,"SE EU CONTAR, VOCÊ ESCUTA ?",2013,2022,MG,RADIODIFUSÃO DE SONS E IMAGENS (TV ABERTA),DOCUMENTÁRIO,PRODAV,PRODAV 01,False,500000.0,1,1.861311,1674161.0,930655.5,930655.5,743505.5,True,539.0,True,321.9523092462433,3003.64,38.0,3.0,,,,,,,False,False,0,0.0,0,False,,,3.895,,,True,False
B1001166000000,INSOLAÇÃO,2008,2009,SP,INDEFINIDO,FICÇÃO,PRODECINE,PRODECINE 01,False,500000.0,1,2.454812,2728001.0,1227406.0,1227406.0,1500595.0,True,,False,0.0,,,,,,,,,,False,False,0,0.0,0,False,,,,5.5,168.0,False,True
B2300363300000,COM AS PRÓPRIAS MÃOS,2016,2023,PE,SALAS DE EXIBIÇÃO,DOCUMENTÁRIO,PRODAV,PRODAV 02 - PROJETO DERIVADO,False,500000.0,1,1.487011,743505.5,743505.5,743505.5,0.0,False,,False,0.0,,,,,,,,,,False,False,0,0.0,0,False,,,4.068,,,True,False
B1301763500000,ESTAÇÃO LIBERDADE,2008,2012,SP,INDEFINIDO,FICÇÃO,PRODECINE,PRODECINE 01,False,500000.0,1,2.454812,2537657.0,1227406.0,1227406.0,1310251.0,True,464.0,True,182.84582983437085,7474.29,,,,,,,,,False,False,0,0.0,0,False,,,,5.7,58.0,False,True
B1900189100000,MISSÃO CUPIDO,2018,2017,RJ,SALAS DE EXIBIÇÃO,FICÇÃO,CINEMA,COMERCIALIZAÇÃO EM CINEMA,False,900000.0,3,1.392194,5410690.7206999995,1252974.5999999999,1362043.4,4048647.3207,True,1183.0,True,218.64121626359585,20073.68,332.0,14.0,,,,,,,False,False,0,0.0,0,False,,,,,,False,False
B1800504700000,TORRE DAS DONZELAS,2013,2018,RJ,SALAS DE EXIBIÇÃO,DOCUMENTÁRIO,PRODECINE,PRODECINE 01,False,810425.0,3,1.861311,2327197.368215,1508452.9671749999,1415154.978215,912042.3899999999,True,6424.0,True,2760.401884145872,82949.21,317.0,17.0,,,26.0,8.0,,,False,False,0,5.2,1,True,,,,7.9,123.0,False,True
B1101445400000,O PAÍS DO DESEJO,2008,2011,RJ,INDEFINIDO,FICÇÃO,PRODECINE,PRODECINE 01,False,500000.0,1,2.454812,3060714.7,1227406.0,1227406.0,1500000.0,True,,False,0.0,,,,,,,,,,False,False,0,0.0,0,False,2.0,0.0,3.635,,,True,False
B2400093200000,LÍNGUAS DA FLORESTA,2018,2024,RJ,COMUNICAÇÃO ELETRÔNICA DE MASSA POR ASSINATURA (TV PAGA),DOCUMENTÁRIO,FLUXO CONTINUO,FLUXO CONTÍNUO PRODUÇÃO PARA TELEVISÃO,False,500000.0,1,1.392194,696097.0,696097.0,696097.0,0.0,False,,False,0.0,,,,,,,,,,False,False,0,0.0,0,False,,,,,,False,False
B2000340300000,NEY À FLOR DA PELE,2016,2020,RJ,COMUNICAÇÃO ELETRÔNICA DE MASSA POR ASSINATURA (TV PAGA),DOCUMENTÁRIO,PRODAV,PRODAV 02 - PROJETO DERIVADO,False,500000.0,1,1.487011,743505.5,743505.5,743505.5,0.0,False,,False,0.0,,,,,,,,,,False,False,0,0.0,0,False,,,3.985,8.5,14.0,True,True
B1900422100000,ANTES QUE ME ESQUEÇAM MEU NOME É EDY STAR,2013,2019,BA,COMUNICAÇÃO ELETRÔNICA DE MASSA POR ASSINATURA (TV PAGA),DOCUMENTÁRIO,PRODAV,PRODAV 01,False,500000.0,1,1.861311,930655.5,930655.5,930655.5,0.0,False,,False,0.0,,,,,,,,,,False,False,0,0.0,0,False,,,3.3,,,True,False
B1402855900000,MARESIA,2010,2014,RJ,SALAS DE EXIBIÇÃO,FICÇÃO,PRODECINE,PRODECINE 01,False,1200000.0,3,2.222058,3321211.7,2666469.6,2468948.7,852263.0,True,899.0,True,270.6843408988352,10153.18,131.0,8.0,,,,,,,False,False,0,0.0,0,False,2.0,0.0,,7.4,63.0,False,True
B1101519200000,"AS AVENTURAS DE AGAMENON, O REPÓRTER",2010,2011,RJ,INDEFINIDO,FICÇÃO,PRODECINE,PRODECINE 01,False,500000.0,1,2.222058,11470480.067844,1111029.0,1111029.0,10359451.067844,True,,False,0.0,,,,,,,,,,False,False,0,0.0,0,False,,,4.3,2.8,580.0,True,True
B1201580500000,UMA HISTÓRIA DE AMOR E FÚRIA,2009,2012,SP,INDEFINIDO,ANIMAÇÃO,PRODECINE,PRODECINE 01,False,1288500.0,3,2.353382,5967195.347,3032332.707,3072904.7069999995,2894290.64,True,,False,0.0,,,,,,,,2644.0,,True,False,2,13.33,1,True,2.0,0.0,4.3,7.1,2104.0,True,True
B2200040500000,VALE NIGHT,2018,2022,SP,SALAS DE EXIBIÇÃO,FICÇÃO,ARRANJOS,ARRANJOS REGIONAIS,False,500000.0,1,1.392194,5437729.0,696097.0,696097.0,4741632.0,True,11170.0,True,2054.1663624649186,188089.51,2999.0,85.0,,,,,,,False,False,0,0.0,0,False,,,,6.1,95.0,False,True
B1800307200000,SUEÑO FLORIANÓPOLIS,2013,2018,SP,SALAS DE EXIBIÇÃO,FICÇÃO,PRODECINE,PRODECINE 02,True,700000.0,2,1.861311,1674422.05,1302917.7,1209094.3,0.0,False,4127.0,True,2464.7310395846735,31291.94,416.0,30.0,,,50.0,16.0,,,False,False,0,10.0,2,True,1.0,0.0,,6.4,612.0,False,True
B2000459900000,DORIVAL CAYMMI – UM HOMEM DE AFETOS,2014,2020,SP,SALAS DE EXIBIÇÃO,DOCUMENTÁRIO,PRODAV,PRODAV 07,False,700000.0,2,1.749188,1271993.6800000002,1224431.5999999999,1153032.8,118960.88,True,8505.0,True,6686.353976224157,118593.31,530.0,18.0,,,,,,,False,False,0,0.0,0,False,,,4.1,7.1,32.0,True,True
B2500050600000,ABRE A COXIA,2018,2025,SP,COMUNICAÇÃO ELETRÔNICA DE MASSA POR ASSINATURA (TV PAGA),DOCUMENTÁRIO,DESEMPENHO,SUPORTE AUTOMÁTICO - DESEMPENHO COMERCIAL TV E VOD,False,500000.0,1,1.392194,696097.0,696097.0,696097.0,0.0,False,,False,0.0,,,,,,,,,,False,False,0,0.0,0,False,,,,,,False,False
B1900272800000,UMA BAÍA,2013,2019,RJ,SALAS DE EXIBIÇÃO,DOCUMENTÁRIO,PRODECINE,PRODECINE 05,False,600000.0,2,1.861311,1069874.9,1116786.5999999999,1069874.9,0.0,False,321.0,True,300.03507886763214,4812.94,63.0,10.0,,,12.0,3.0,,,False,False,0,2.4,1,True,,,,,,False,False
B1301773400000,SOMOS TÃO JOVENS,2008,2011,RJ,INDEFINIDO,FICÇÃO,PRODECINE,PRODECINE 01,False,690794.0,2,2.454812,6787021.074109999,1695769.400728,1603521.07411,5183500.0,True,40.0,True,5.893601856134698,18254049.24,1.0,1.0,,,,,,,False,False,0,0.0,0,False,,,4.0,6.5,2684.0,True,True
B1500650100000,MERCADOS,2010,2015,RJ,RADIODIFUSÃO DE SONS E IMAGENS (TV ABERTA),DOCUMENTÁRIO,PRODAV,PRODAV 01,False,500000.0,1,2.222058,1111029.0,1111029.0,1111029.0,0.0,False,,False,0.0,,,,,,,,,,False,False,0,0.0,0,False,,,,,,False,False
B2000040200000,SOLTEIRA QUASE SURTANDO,2016,2020,RJ,SALAS DE EXIBIÇÃO,FICÇÃO,PRODECINE,PRODECINE 01,False,500000.0,1,1.487011,2974022.0,743505.5,743505.5,2230516.5,True,20935.0,True,7039.288882193877,332072.82,5015.0,123.0,,,,,,,False,False,0,0.0,0,False,,,,6.7,53.0,False,True
B1600241200000,MINHA TRIBO,2010,2015,SP,RADIODIFUSÃO DE SONS E IMAGENS (TV ABERTA),VARIEDADES,PRODAV,PRODAV 01,False,500000.0,1,2.222058,1111029.0,1111029.0,1111029.0,0.0,False,,False,0.0,,,,,,,,,,False,False,0,0.0,0,False,,,,,,False,False
B1101490400000,MEU PAÍS,2009,2011,SP,INDEFINIDO,FICÇÃO,PRODECINE,PRODECINE 01,False,500000.0,1,2.353382,3318597.56,1176691.0,1176691.0,2141906.56,True,,False,0.0,,,,,,,,,,True,False,1,6.67,0,False,,,,6.1,336.0,False,True
B2500366400000,ESCRITORAS E CIDADES,2018,2025,RS,COMUNICAÇÃO ELETRÔNICA DE MASSA POR ASSINATURA (TV PAGA),DOCUMENTÁRIO,ARRANJOS,ARRANJOS REGIONAIS,False,500000.0,1,1.392194,696097.0,696097.0,696097.0,0.0,False,,False,0.0,,,,,,,,,,False,False,0,0.0,0,False,,,,,,False,False
B1700339700000,HISTORIETAS ASSOMBRADAS - O FILME,2016,2017,SP,SALAS DE EXIBIÇÃO,ANIMAÇÃO,PRODECINE,PRODECINE 03,False,500000.0,1,1.487011,3198317.5,743505.5,743505.5,2454812.0,True,35878.0,True,11217.77309475998,474638.76,6751.0,84.0,,,4.0,1.0,,,False,False,0,0.8,1,True,,,3.3,7.0,223.0,True,True
B2000160000000,SOL ALEGRIA,2014,2020,PB,SALAS DE EXIBIÇÃO,FICÇÃO,ARRANJOS,ARRANJOS REGIONAIS,False,500000.0,1,1.749188,874594.0,874594.0,874594.0,0.0,False,148.0,True,169.22137586125677,810.5,6.0,1.0,,,,,,,False,False,0,0.0,0,False,,,3.88,5.3,283.0,True,True
B1301732600000,AOS VENTOS QUE VIRÃO,2009,2012,SP,INDEFINIDO,FICÇÃO,PRODECINE,PRODECINE 01,False,500000.0,1,2.353382,2477551.0,1176691.0,1176691.0,1300860.0,True,1990.0,True,803.2125272093289,22420.46,,,,,,,,,False,False,0,0.0,0,False,,,,5.9,10.0,False,True
B1500711400000,BEATRIZ,2010,2015,RJ,SALAS DE EXIBIÇÃO,FICÇÃO,PRODECINE,PRODECINE 01,True,1000000.0,2,2.222058,4174878.5900000003,2222058.0,2338435.0,949999.99,True,1217.0,True,291.5054830372923,16102.63,195.0,8.0,,,,,,,False,False,0,0.0,1,True,2.0,0.0,2.998,,,True,False
B1800245900000,O JUÍZO,2018,2017,RJ,SALAS DE EXIBIÇÃO,FICÇÃO,CINEMA,COMERCIALIZAÇÃO EM CINEMA,False,500000.0,1,1.392194,8187094.0,696097.0,696097.0,7490997.0,True,11561.0,True,1412.100557291757,192240.03,2674.0,24.0,,,,,,,False,False,0,0.0,0,False,,,,5.3,146.0,False,True
B1800494000000,BEIÇO DE ESTRADA,2014,2018,PB,SALAS DE EXIBIÇÃO,FICÇÃO,ARRANJOS,ARRANJOS REGIONAIS,False,500000.0,1,1.749188,874594.0,874594.0,874594.0,0.0,False,21.0,True,24.01114116950265,186.0,2.0,1.0,,,,,,,False,False,0,0.0,0,False,,,3.6,,,True,False
B1900093000000,A JANGADA DE WELLES,2014,2019,CE,SALAS DE EXIBIÇÃO,DOCUMENTÁRIO,PRODAV,PRODAV 07,False,500000.0,1,1.749188,874594.0,874594.0,874594.0,0.0,False,1014.0,True,1159.3951021845564,11426.29,133.0,10.0,,,10.5,7.0,,,False,False,0,2.1,1,True,,,,7.0,50.0,False,True
B2100219200000,PAULO CÉSAR PINHEIRO - LETRA E ALMA,2016,2021,SP,COMUNICAÇÃO ELETRÔNICA DE MASSA POR ASSINATURA (TV PAGA),DOCUMENTÁRIO,PRODAV,PRODAV 02 - PROJETO DERIVADO,False,500000.0,1,1.487011,743505.5,743505.5,743505.5,0.0,False,,False,0.0,,,,,,,,,,False,False,0,0.0,0,False,,,4.003,7.8,8.0,True,True
B2100153600000,VENTOS QUE SOPRAM - PARÁ,2013,2021,DF,COMUNICAÇÃO ELETRÔNICA DE MASSA POR ASSINATURA (TV PAGA),DOCUMENTÁRIO,PRODAV,PRODAV 01,False,500000.0,1,1.861311,930655.5,930655.5,930655.5,0.0,False,,False,0.0,,,,,,,,,,False,False,0,0.0,0,False,,,,,,False,False
B1301769500000,VENDO OU ALUGO,2010,2013,BA,INDEFINIDO,FICÇÃO,PRODECINE,PRODECINE 01,False,500000.0,1,2.222058,3505661.36,1111029.0,1111029.0,2394632.36,True,,False,0.0,,,,,,,,,,False,False,0,0.0,0,False,,,,5.3,256.0,False,True
B2300486300000,"VELHO CHICO, A ALMA DO POVO XOKÓ",2018,2023,SE,RADIODIFUSÃO DE SONS E IMAGENS (TV ABERTA),DOCUMENTÁRIO,FLUXO CONTINUO,FLUXO CONTÍNUO PRODUÇÃO PARA TELEVISÃO,False,500000.0,1,1.392194,696097.0,696097.0,696097.0,0.0,False,,False,0.0,,,,,,,,,,False,False,0,0.0,0,False,,,,,,False,False
B1800121800000,A CHAVE - 2ª TEMPORADA,2013,2018,BA,RADIODIFUSÃO DE SONS E IMAGENS (TV ABERTA),DOCUMENTÁRIO,PRODAV,PRODAV 01,False,500000.0,1,1.861311,930655.5,930655.5,930655.5,0.0,False,,False,0.0,,,,,,,,,,False,False,0,0.0,0,False,,,,,,False,False
B2000230900000,DESVIO,2014,2019,PB,SALAS DE EXIBIÇÃO,FICÇÃO,ARRANJOS,ARRANJOS REGIONAIS,False,500000.0,1,1.749188,874594.0,874594.0,874594.0,0.0,False,80.0,True,91.47101397905772,650.07,51.0,4.0,,,,,,,False,False,0,0.0,0,False,,,,5.8,21.0,False,True
B2400096900000,PARA VER FREUD,2018,2024,RJ,COMUNICAÇÃO ELETRÔNICA DE MASSA POR ASSINATURA (TV PAGA),DOCUMENTÁRIO,FLUXO CONTINUO,FLUXO CONTÍNUO PRODUÇÃO PARA TELEVISÃO,False,500000.0,1,1.392194,696097.0,696097.0,696097.0,0.0,False,,False,0.0,,,,,,,,,,False,False,0,0.0,0,False,,,,,,False,False
B1700110500000,A CARA DO FUTURO,2013,2016,SC,RADIODIFUSÃO DE SONS E IMAGENS (TV ABERTA),DOCUMENTÁRIO,PRODAV,PRODAV 01,False,500000.0,1,1.861311,930655.5,930655.5,930655.5,0.0,False,,False,0.0,,,,,,,,,,False,False,0,0.0,0,False,,,4.062,,,True,False
B1500758100000,AS AVENTURAS DO HOMEM CUECA,2012,2015,SP,RADIODIFUSÃO DE SONS E IMAGENS (TV ABERTA),ANIMAÇÃO,PRODAV,PRODAV 01,False,500000.0,1,1.971315,1392301.3241443501,985657.5,985657.5,406643.82414435,True,,False,0.0,,,,,,,,,,False,False,0,0.0,0,False,,,2.5,,,True,False
B2300563100000,TERCEIRO GOLEIRO,2018,2023,RJ,COMUNICAÇÃO ELETRÔNICA DE MASSA POR ASSINATURA (TV PAGA),FICÇÃO,FLUXO CONTINUO,FLUXO CONTÍNUO PRODUÇÃO PARA TELEVISÃO,False,500000.0,1,1.392194,696097.0,696097.0,696097.0,0.0,False,,False,0.0,,,,,,,,,,False,False,0,0.0,0,False,,,,,,False,False
B2300440000000,A ÉTICA DO SILÊNCIO,2017,2023,RJ,COMUNICAÇÃO ELETRÔNICA DE MASSA POR ASSINATURA (TV PAGA),DOCUMENTÁRIO,PRODAV,PRODAV 06,False,500000.0,1,1.444401,722200.5,722200.5,722200.5,0.0,False,,False,0.0,,,,,,,,,,False,False,0,0.0,0,False,,,4.1,,,True,False
B2400124700000,TERRITÓRIOS NEGROS,2016,2024,BA,SALAS DE EXIBIÇÃO,DOCUMENTÁRIO,PRODAV,PRODAV 02 - PROJETO DERIVADO,False,500000.0,1,1.487011,743505.5,743505.5,743505.5,0.0,False,,False,0.0,,,,,,,,,,False,False,0,0.0,0,False,,,,,,False,False
B1600659200000,TERRA PROMETIDA,2009,2015,RJ,COMUNICAÇÃO ELETRÔNICA DE MASSA POR ASSINATURA (TV PAGA),DOCUMENTÁRIO,PRODAV,PRODAV 01,False,500000.0,1,2.353382,1176691.0,1176691.0,,,False,,False,0.0,,,,,,,,,,False,False,0,0.0,0,False,,,3.277,,,True,False
B1600084700000,TERRA PROMETIDA,2009,2015,RJ,RADIODIFUSÃO DE SONS E IMAGENS (TV ABERTA),DOCUMENTÁRIO,PRODAV,PRODAV 01,False,500000.0,1,2.353382,3367451.90827122,1176691.0,1176691.0,2190760.90827122,True,,False,0.0,,,,,,,,,,False,False,0,0.0,0,False,,,3.277,,,True,False
B1700615400000,O DESMONTE DO MONTE,2014,2017,SP,SALAS DE EXIBIÇÃO,DOCUMENTÁRIO,PRODAV,PRODAV 07,False,600000.0,2,1.749188,1023295.1,1049512.8,1023295.1,0.0,False,5121.0,True,5004.421500699065,69773.28,193.0,3.0,,,10.5,5.0,,,False,False,0,2.1,1,True,,,,6.5,44.0,False,True
B1301902100000,""" A PRIMEIRA MISSA""",2010,2013,RJ,SALAS DE EXIBIÇÃO,FICÇÃO,PRODECINE,PRODECINE 01,True,500000.0,1,2.222058,3161029.0,1111029.0,1111029.0,1900000.0,True,583.0,True,184.4336132316407,6889.91,,,,,,,,,False,False,0,0.0,1,True,2.0,0.0,4.348,6.5,72.0,True,True
B1402123800000,VISCERAL BRASIL - AS VEIAS ABERTAS DA MÚSICA,2010,2013,SP,INDEFINIDO,DOCUMENTÁRIO,PRODAV,PRODAV 01,False,500000.0,1,2.222058,2784041.65611486,1111029.0,1111029.0,1673012.65611486,True,,False,0.0,,,,,,,,,,False,False,0,0.0,0,False,,,4.05,,,True,False
B2000375500000,EM BUSCA DE CARLOS ZÉFIRO,2013,2020,RJ,COMUNICAÇÃO ELETRÔNICA DE MASSA POR ASSINATURA (TV PAGA),DOCUMENTÁRIO,PRODAV,PRODAV 01,False,500000.0,1,1.861311,930655.5,930655.5,930655.5,0.0,False,,False,0.0,,,,,,,,,,False,False,0,0.0,0,False,,,2.6,7.5,17.0,True,True
B2000556100000,FAVELA É MODA,2013,2020,RJ,COMUNICAÇÃO ELETRÔNICA DE MASSA POR ASSINATURA (TV PAGA),DOCUMENTÁRIO,PRODAV,PRODAV 01,False,500000.0,1,1.861311,930655.5,930655.5,930655.5,0.0,False,,False,0.0,,,,,,,,,,False,False,0,0.0,0,False,,,,6.1,11.0,False,True
B1201573200000,FEBRE DO RATO,2008,2011,RJ,INDEFINIDO,FICÇÃO,PRODECINE,PRODECINE 01,False,500000.0,1,2.454812,3898953.3514799997,1227406.0,1227406.0,2671547.35148,True,1064.0,True,272.8937497023701,260982.58,1.0,1.0,,,,,,,False,False,0,0.0,0,False,,,3.9,,,True,False
B1800282400000,CANDEIA,2013,2018,RJ,COMUNICAÇÃO ELETRÔNICA DE MASSA POR ASSINATURA (TV PAGA),DOCUMENTÁRIO,PRODAV,PRODAV 01,False,500000.0,1,1.861311,930655.5,930655.5,930655.5,0.0,False,,False,0.0,,,,,,,,,,False,False,0,0.0,0,False,,,,6.9,11.0,False,True
B1600766600000,UM MARANHENSE CHAMADO JOSÉ RIBAMAR,2013,2016,RJ,COMUNICAÇÃO ELETRÔNICA DE MASSA POR ASSINATURA (TV PAGA),DOCUMENTÁRIO,PRODAV,PRODAV 01,False,500000.0,1,1.861311,930655.5,930655.5,930655.5,0.0,False,,False,0.0,,,,,,,,,,False,False,0,0.0,0,False,,,,,,False,False
B1500351900000,HÁ MUITAS NOITES NA NOITE,2009,2014,RJ,RADIODIFUSÃO DE SONS E IMAGENS (TV ABERTA),DOCUMENTÁRIO,PRODAV,PRODAV 01,False,500000.0,1,2.353382,1176691.0,1176691.0,1176691.0,0.0,False,,False,0.0,,,,,,,,,,False,False,0,0.0,0,False,,,4.013,,,True,False
B2500338900000,GONZAGUINHA - DA MAIOR LIBERDADE,2018,2025,RJ,COMUNICAÇÃO ELETRÔNICA DE MASSA POR ASSINATURA (TV PAGA),DOCUMENTÁRIO,FLUXO CONTINUO,FLUXO CONTÍNUO PRODUÇÃO PARA TELEVISÃO,False,500000.0,1,1.392194,696097.0,696097.0,696097.0,0.0,False,,False,0.0,,,,,,,,,,False,False,0,0.0,0,False,,,,,,False,False
B2000320300000,O SENTIDO DA VIDA,2014,2020,SP,SALAS DE EXIBIÇÃO,DOCUMENTÁRIO,PRODECINE,PRODECINE 01,True,750000.0,2,1.749188,1836647.4,1311891.0,1311891.0,524756.4,True,151.0,True,82.21501851689116,2810.28,96.0,8.0,,,,,,,False,False,0,0.0,1,True,1.0,0.0,3.2,8.2,8.0,True,True
B1301739100000,BONITINHA MAS ORDINÁRIA,2009,2012,RJ,INDEFINIDO,FICÇÃO,PRODECINE,PRODECINE 02,False,500000.0,1,2.353382,5293443.4799999995,1176691.0,1176691.0,4116752.48,True,,False,0.0,,,,,,,,,,False,False,0,0.0,0,False,,,2.4,5.3,284.0,True,True
B2100262000000,VENTOS QUE SOPRAM MARANHÃO,2013,2021,DF,COMUNICAÇÃO ELETRÔNICA DE MASSA POR ASSINATURA (TV PAGA),DOCUMENTÁRIO,PRODAV,PRODAV 01,False,500000.0,1,1.861311,930655.5,930655.5,930655.5,0.0,False,,False,0.0,,,,,,,,,,False,False,0,0.0,0,False,,,,,,False,False
B1600564100000,VERMELHO RUSSO,2012,2016,SP,SALAS DE EXIBIÇÃO,FICÇÃO,PRODECINE,PRODECINE 02,False,500000.0,1,1.971315,3233795.5225,985657.5,985657.5,2248138.0225,True,7999.0,True,2473.5639419205118,122476.29,632.0,20.0,,,8.0,2.0,,10.0,False,False,0,11.6,2,True,1.0,6.0,,6.4,181.0,False,True
B2100027200000,JAIR RODRIGUES - DEIXA QUE DIGAM,2013,2021,SP,SALAS DE EXIBIÇÃO,DOCUMENTÁRIO,PRODECINE,PRODECINE 02,False,817934.9199999999,3,1.861311,1988199.63019648,1522431.26388012,1395495.63019648,592704.0,True,2430.0,True,1222.211272496746,37636.87,406.0,16.0,,,,,,,False,False,0,0.0,0,False,,,,7.8,20.0,False,True
B1900595100000,"BLITZ, O FILME",2013,2019,RJ,COMUNICAÇÃO ELETRÔNICA DE MASSA POR ASSINATURA (TV PAGA),DOCUMENTÁRIO,PRODAV,PRODAV 01,False,499999.0,1,1.861311,930653.6386889999,930653.6386889999,930653.6386889999,0.0,False,402.0,True,431.9544708021475,6077.63,24.0,3.0,,,,,,,False,False,0,0.0,0,False,,,3.933,7.6,25.0,True,True
B2600008400000,SAM,2018,2026,BA,SALAS DE EXIBIÇÃO,DOCUMENTÁRIO,SAV/MINC 05,SAV/MINC 05,False,499950.0,1,1.392194,696027.3903,696027.3903,696027.3903,0.0,False,,False,0.0,,,,,,,,,,False,False,0,0.0,0,False,,,,,,False,False
B2000154700000,SONHADORES,2015,2020,BA,RADIODIFUSÃO DE SONS E IMAGENS (TV ABERTA),FICÇÃO,ARRANJOS,ARRANJOS REGIONAIS,False,499912.08,1,1.580544,1570437.7187494,790133.03857152,790133.03857152,780304.68017788,True,,False,0.0,,,,,,,,,,False,False,0,0.0,0,False,,,,,,False,False
B1800213800000,BIXA TRAVESTY,2015,2018,SP,SALAS DE EXIBIÇÃO,DOCUMENTÁRIO,PRODAV,PRODAV 07,False,499880.0,1,1.580544,790082.3347199999,790082.3347199999,790082.3347199999,0.0,False,17378.0,True,21995.175991573906,96142.37,641.0,17.0,,,57.0,21.0,3630.0,,False,False,1,18.07,2,True,1.0,0.0,,7.2,615.0,False,True
B2500249300000,É TUDO PARENTE,2018,2025,MG,SALAS DE EXIBIÇÃO,DOCUMENTÁRIO,SAV/MINC 04,SAV/MINC 04,False,499860.0,1,1.392194,695902.0928399999,695902.0928399999,695902.0928399999,0.0,False,,False,0.0,,,,,,,,,,False,False,0,0.0,0,False,,,,,,False,False
B2400412900000,O JARDIM DE MARIA,2018,2024,SP,SALAS DE EXIBIÇÃO,DOCUMENTÁRIO,SAV/MINC 04,SAV/MINC 04,False,499800.0,1,1.392194,695818.5612,695818.5612,695818.5612,0.0,False,,False,0.0,,,,,,,,,,False,False,0,0.0,0,False,,,,,,False,False
B2400164700000,AGUDÁS - PASSAGEIROS DA HISTÓRIA,2018,2024,RJ,SALAS DE EXIBIÇÃO,DOCUMENTÁRIO,SAV/MINC 04,SAV/MINC 04,False,499799.04,1,1.392194,695817.2246937599,695817.2246937599,695817.2246937599,0.0,False,,False,0.0,,,,,,,,,,False,False,0,0.0,0,False,,,,,,False,False
B2600029800000,ESTOPIM,2022,2026,SP,COMUNICAÇÃO ELETRÔNICA DE MASSA POR ASSINATURA (TV PAGA),DOCUMENTÁRIO,NOVOS REALIZADORES,PRODUÇÃO TV/VOD - NOVOS REALIZADORES,False,499543.0,1,1.096731,547864.293933,547864.293933,547864.293933,0.0,False,,False,0.0,,,,,,,,,,False,False,0,0.0,0,False,,,,,,False,False
B2400303100000,MENARCA,2018,2024,BA,SALAS DE EXIBIÇÃO,DOCUMENTÁRIO,SAV/MINC 05,SAV/MINC 05,False,499080.0,1,1.392194,694816.18152,694816.18152,694816.18152,0.0,False,346.0,True,497.97343412912517,3497.0,,,,,,,,,False,False,0,0.0,0,False,,,,,,False,False
B2100497300000,HISTÓRIAS DA CIDADANIA,2017,2021,RJ,COMUNICAÇÃO ELETRÔNICA DE MASSA POR ASSINATURA (TV PAGA),DOCUMENTÁRIO,PRODAV,PRODAV 06,False,498320.0,1,1.444401,719773.9063200001,719773.9063200001,719773.9063200001,0.0,False,,False,0.0,,,,,,,,,,False,False,0,0.0,0,False,,,,,,False,False
B1700449500000,CONSTRUINDO PONTES,2013,2017,PR,NENHUMA DAS OPÇÕES,DOCUMENTÁRIO,PRODECINE,PRODECINE 05,False,497012.25,1,1.861311,925094.36805975,925094.36805975,925094.36805975,0.0,False,2538.0,True,2743.5038928223976,24709.81,366.0,10.0,,,,,,,False,False,0,0.0,0,False,,,,6.3,37.0,False,True
B1700605000000,A MOÇA DO CALENDÁRIO,2014,2017,SP,SALAS DE EXIBIÇÃO,FICÇÃO,ARRANJOS,ARRANJOS REGIONAIS,False,695000.0,2,1.749188,1163250.26,1215685.66,1163250.26,0.0,False,2716.0,True,2334.837217229592,24711.65,291.0,12.0,,,20.5,11.0,,,False,False,0,4.1,1,True,,,,5.5,63.0,False,True
B2400408200000,NA TRILHA DO VENTO,2016,2024,CE,RADIODIFUSÃO DE SONS E IMAGENS (TV ABERTA),DOCUMENTÁRIO,PRODAV,PRODAV 02 - PROJETO DERIVADO,False,494668.98,1,1.487011,735578.2146187801,735578.2146187801,735578.2146187801,0.0,False,,False,0.0,,,,,,,,,,False,False,0,0.0,0,False,,,,,,False,False
B1500868700000,ORAÇÃO DO AMOR SELVAGEM,2013,2015,SC,SALAS DE EXIBIÇÃO,FICÇÃO,PRODECINE,PRODECINE 04,False,494503.0,1,1.861311,920423.873433,920423.873433,920423.873433,0.0,False,1609.0,True,1748.1076343649656,18044.24,1.0,1.0,,,,,,,False,False,0,0.0,0,False,,,4.3,7.2,57.0,True,True
B1600245600000,ANTES O TEMPO NÃO ACABAVA,2013,2015,AM,SALAS DE EXIBIÇÃO,FICÇÃO,PRODECINE,PRODECINE 04,False,693572.0,2,1.861311,1290953.192892,1290953.1928919998,1290953.192892,0.0,False,1677.0,True,1299.0401272746192,19693.81,252.0,15.0,,,,,,,False,False,0,0.0,0,False,1.0,0.0,3.648,6.1,118.0,True,True
B1402213800000,BOM DIA ARQUEOLOGIA,2008,2014,RJ,INDEFINIDO,DOCUMENTÁRIO,PRODAV,PRODAV 01,False,492284.0,1,2.454812,1208464.670608,1208464.670608,1208464.670608,0.0,False,,False,0.0,,,,,,,,,,False,False,0,0.0,0,False,,,3.7,,,True,False
B2000263300000,5 CASAS,2016,2020,RS,SALAS DE EXIBIÇÃO,DOCUMENTÁRIO,PRODECINE,PRODECINE 05,True,492000.0,1,1.487011,731609.412,731609.412,731609.412,0.0,False,918.0,True,1254.7678924611757,9867.32,72.0,7.0,,,,,,,False,False,0,0.0,1,True,,,,6.8,23.0,False,True
B2300240100000,MULHERES RADICAIS,2018,2023,RJ,COMUNICAÇÃO ELETRÔNICA DE MASSA POR ASSINATURA (TV PAGA),DOCUMENTÁRIO,FLUXO CONTINUO,FLUXO CONTÍNUO PRODUÇÃO PARA TELEVISÃO,False,491425.5,1,1.392194,684159.632547,684159.632547,684159.632547,0.0,False,,False,0.0,,,,,,,,,,False,False,0,0.0,0,False,,,,,,False,False
B2300404700000,NÃO É A PRIMEIRA VEZ QUE LUTAMOS PELO NOSSO AMOR,2013,2023,RJ,COMUNICAÇÃO ELETRÔNICA DE MASSA POR ASSINATURA (TV PAGA),DOCUMENTÁRIO,PRODAV,PRODAV 01,False,490081.0,1,1.861311,912193.156191,912193.156191,912193.156191,0.0,False,,False,0.0,,,,,,,,,,False,False,0,0.0,0,False,,,4.3,,,True,False
B1900083900000,ON THE ROD,2013,2019,RS,COMUNICAÇÃO ELETRÔNICA DE MASSA POR ASSINATURA (TV PAGA),DOCUMENTÁRIO,PRODAV,PRODAV 02 - PROJETO DERIVADO,False,490000.0,1,1.861311,912042.39,912042.39,912042.39,0.0,False,,False,0.0,,,,,,,,,,False,False,0,0.0,0,False,,,,,,False,False
B2100032600000,O SÍNDICO,2013,2021,BA,COMUNICAÇÃO ELETRÔNICA DE MASSA POR ASSINATURA (TV PAGA),FICÇÃO,PRODAV,PRODAV 01,False,490000.0,1,1.861311,912042.39,912042.39,912042.39,0.0,False,,False,0.0,,,,,,,,,,False,False,0,0.0,0,False,,,,,,False,False
B2500067500000,"TRAÇOS, TRAJETOS E TRAVESSIAS - ARTES VISUAIS EM FORTALEZA VOL. 1",2016,2025,CE,RADIODIFUSÃO DE SONS E IMAGENS (TV ABERTA),DOCUMENTÁRIO,PRODAV,PRODAV 02 - PROJETO DERIVADO,False,489992.45,1,1.487011,728624.16306695,728624.16306695,728624.16306695,0.0,False,,False,0.0,,,,,,,,,,False,False,0,0.0,0,False,,,,,,False,False
B1700012200000,LILA,2013,2016,RJ,COMUNICAÇÃO ELETRÔNICA DE MASSA POR ASSINATURA (TV PAGA),DOCUMENTÁRIO,PRODAV,PRODAV 01,False,489126.0,1,1.861311,1085334.4041859999,910415.604186,910415.604186,174918.8,True,,False,0.0,,,,,,,,,,False,False,0,0.0,0,False,,,3.853,7.6,12.0,True,True
B2000562700000,DESTINO INCOMUM - CIVILIZAÇÕES PERDIDAS,2013,2020,RS,COMUNICAÇÃO ELETRÔNICA DE MASSA POR ASSINATURA (TV PAGA),DOCUMENTÁRIO,PRODAV,PRODAV 01,False,489115.0,1,1.861311,910395.129765,910395.129765,910395.129765,0.0,False,,False,0.0,,,,,,,,,,False,False,0,0.0,0,False,,,,,,False,False
B2100120000000,PEDRO E INÊS,2017,2020,RJ,SALAS DE EXIBIÇÃO,FICÇÃO,PRODECINE,PRODECINE 08,True,487635.0,1,1.444401,704340.481635,704340.481635,704340.481635,0.0,False,340.0,True,482.72108286428613,5593.1,87.0,4.0,,,4.5,3.0,,6.0,True,False,1,17.57,3,True,1.0,6.0,,6.1,569.0,False,True
B1900086700000,VINHOS.BR,2013,2018,RJ,COMUNICAÇÃO ELETRÔNICA DE MASSA POR ASSINATURA (TV PAGA),DOCUMENTÁRIO,PRODAV,PRODAV 01,False,487000.0,1,1.861311,906458.4569999999,906458.4569999999,906458.4569999999,0.0,False,,False,0.0,,,,,,,,,,False,False,0,0.0,0,False,,,,,,False,False
B1700530500000,AILTON KRENAK: O SONHO DA PEDRA,2013,2017,RJ,COMUNICAÇÃO ELETRÔNICA DE MASSA POR ASSINATURA (TV PAGA),DOCUMENTÁRIO,PRODAV,PRODAV 01,False,485775.0,1,1.861311,904178.351025,904178.351025,904178.351025,0.0,False,,False,0.0,,,,,,,,,,False,False,0,0.0,0,False,,,,,,False,False
B2300512000000,CORPO PRESENTE,2016,2023,MG,SALAS DE EXIBIÇÃO,DOCUMENTÁRIO,PRODAV,PRODAV 02 - PROJETO DERIVADO,False,721315.5,3,1.487011,1072604.0829705,1072604.0829705,,,False,201.0,True,187.3944013371131,1980.57,36.0,7.0,,,,,,,False,False,0,0.0,0,False,1.0,0.0,,,,False,False
B1201590900000,CORPO PRESENTE,2016,2012,SP,INDEFINIDO,FICÇÃO,PRODAV,PRODAV 02 - PROJETO DERIVADO,False,721315.5,3,1.487011,1180235.364532,1072604.0829705,1178985.364532,1250.0,True,59.0,True,49.99002891545734,7189.06,,,,,,,,,False,False,0,0.0,0,False,1.0,0.0,,7.8,18.0,False,True
B2400229900000,CINÉTICAS,2016,2024,PE,COMUNICAÇÃO ELETRÔNICA DE MASSA POR ASSINATURA (TV PAGA),DOCUMENTÁRIO,ARRANJOS,ARRANJOS REGIONAIS,False,484879.19,1,1.487011,721020.68920109,721020.68920109,721020.68920109,0.0,False,,False,0.0,,,,,,,,,,False,False,0,0.0,0,False,,,,,,False,False
B2000177900000,KEVIN,2016,2020,MG,SALAS DE EXIBIÇÃO,DOCUMENTÁRIO,PRODECINE,PRODECINE 05,False,484000.0,1,1.487011,719713.324,719713.324,719713.324,0.0,False,556.0,True,772.5298135511522,7409.64,113.0,8.0,,,,,,,False,False,0,0.0,0,False,,,4.2,6.8,21.0,True,True
B2100332000000,"ACORDA, AMOR",2016,2021,MG,COMUNICAÇÃO ELETRÔNICA DE MASSA POR ASSINATURA (TV PAGA),DOCUMENTÁRIO,PRODAV,PRODAV 02 - PROJETO DERIVADO,False,480000.0,1,1.487011,713765.28,713765.28,713765.28,0.0,False,,False,0.0,,,,,,,,,,False,False,0,0.0,0,False,,,4.3,,,True,False
B1900131500000,CLEMENTINA,2013,2019,RJ,COMUNICAÇÃO ELETRÔNICA DE MASSA POR ASSINATURA (TV PAGA),DOCUMENTÁRIO,PRODAV,PRODAV 01,False,480000.0,1,1.861311,893429.28,893429.28,893429.28,0.0,False,,False,0.0,,,,,,,,,,False,False,0,0.0,0,False,,,,8.0,20.0,False,True
B1800569200000,CRISÁLIDA,2014,2018,SC,COMUNICAÇÃO ELETRÔNICA DE MASSA POR ASSINATURA (TV PAGA),FICÇÃO,ARRANJOS,ARRANJOS REGIONAIS,False,480000.0,1,1.749188,839610.24,839610.24,839610.24,0.0,False,,False,0.0,,,,,,,,,,False,False,0,0.0,0,False,,,,,,False,False
B1700628500000,ARTE BRASILEIRA QUADRO A QUADRO,2013,2016,RJ,COMUNICAÇÃO ELETRÔNICA DE MASSA POR ASSINATURA (TV PAGA),DOCUMENTÁRIO,PRODAV,PRODAV 01,False,479996.0,1,1.861311,893421.834756,893421.834756,893421.834756,0.0,False,,False,0.0,,,,,,,,,,False,False,0,0.0,0,False,,,3.767,,,True,False
B2300136300000,SIMPLES PRAZERES,2013,2023,CE,RADIODIFUSÃO DE SONS E IMAGENS (TV ABERTA),DOCUMENTÁRIO,PRODAV,PRODAV 01,False,479066.0,1,1.861311,891690.815526,891690.815526,891690.815526,0.0,False,,False,0.0,,,,,,,,,,False,False,0,0.0,0,False,,,,,,False,False
B1900235800000,OS SONÂMBULOS,2015,2019,MG,SALAS DE EXIBIÇÃO,FICÇÃO,PRODECINE,PRODECINE 05,False,478634.5,1,1.580544,1456065.264542,756502.887168,756502.887168,699562.377374,True,40.0,True,27.47129608409542,683.02,60.0,2.0,,,,,,,False,False,0,0.0,0,False,,,,5.5,13.0,False,True
B2300136800000,JANGADEIROS DA SÃO PEDRO,2016,2023,PE,RADIODIFUSÃO DE SONS E IMAGENS (TV ABERTA),DOCUMENTÁRIO,ARRANJOS,ARRANJOS REGIONAIS,False,478270.06,1,1.487011,711192.8401906601,711192.8401906601,711192.8401906601,0.0,False,,False,0.0,,,,,,,,,,False,False,0,0.0,0,False,,,,,,False,False
B1800223000000,SEMENTES DA EDUCAÇÃO,2014,2018,SP,COMUNICAÇÃO ELETRÔNICA DE MASSA POR ASSINATURA (TV PAGA),DOCUMENTÁRIO,PRODAV,PRODAV 06,False,478214.34,1,1.749188,836486.7849559201,836486.7849559201,836486.7849559201,0.0,False,,False,0.0,,,,,,,,,,False,False,0,0.0,0,False,,,3.732,,,True,False
B1800278500000,PALAVRAS PERMANECEM,2013,2018,SP,COMUNICAÇÃO ELETRÔNICA DE MASSA POR ASSINATURA (TV PAGA),DOCUMENTÁRIO,PRODAV,PRODAV 01,False,478016.0,1,1.861311,889736.438976,889736.438976,889736.438976,0.0,False,,False,0.0,,,,,,,,,,False,False,0,0.0,0,False,,,,,,False,False
B2200499400000,AS MINA PIRA,2018,2022,MA,COMUNICAÇÃO ELETRÔNICA DE MASSA POR ASSINATURA (TV PAGA),DOCUMENTÁRIO,DESEMPENHO,SUPORTE AUTOMÁTICO - DESEMPENHO COMERCIAL TV E VOD,False,477450.25,2,1.392194,664703.37543678,664703.3733485,664703.37543678,0.0,False,,False,0.0,,,,,,,,,,False,False,0,0.0,0,False,,,,,,False,False
B2200127600000,DO SOM À ARTE,2013,2022,RJ,COMUNICAÇÃO ELETRÔNICA DE MASSA POR ASSINATURA (TV PAGA),DOCUMENTÁRIO,PRODAV,PRODAV 01,False,476454.0,1,1.861311,886829.071194,886829.071194,886829.071194,0.0,False,,False,0.0,,,,,,,,,,False,False,0,0.0,0,False,,,3.77,,,True,False
B2400187100000,DJUNUÁ,2016,2024,PE,SALAS DE EXIBIÇÃO,DOCUMENTÁRIO,ARRANJOS,ARRANJOS REGIONAIS,False,470746.0,1,1.487011,700004.480206,700004.480206,700004.480206,0.0,False,,False,0.0,,,,,,,,,,False,False,0,0.0,0,False,,,,,,False,False
B2000100700000,MOVIMENTOS DO INVISÍVEL,2016,2020,RJ,COMUNICAÇÃO ELETRÔNICA DE MASSA POR ASSINATURA (TV PAGA),DOCUMENTÁRIO,PRODAV,PRODAV 02 - PROJETO DERIVADO,False,470000.0,1,1.487011,698895.17,698895.17,698895.17,0.0,False,,False,0.0,,,,,,,,,,False,False,0,0.0,0,False,,,2.9,,,True,False
B1900148000000,CORA,2015,2019,SP,SALAS DE EXIBIÇÃO,FICÇÃO,PRODECINE,PRODECINE 05,True,469403.95,1,1.580544,1532185.5967488,741913.5967488,741913.5967488,790272.0,True,61.0,True,39.81240923386704,1085.0,13.0,1.0,,,4.0,1.0,,,False,False,0,0.8,2,True,,,,,,False,False
B1800247400000,O MURO,2013,2017,RJ,COMUNICAÇÃO ELETRÔNICA DE MASSA POR ASSINATURA (TV PAGA),DOCUMENTÁRIO,PRODAV,PRODAV 01,False,569041.29,2,1.861311,1059162.81253119,1059162.81253119,,,False,205.0,True,193.54909139048272,1815.1,13.0,1.0,,,,,,,False,False,0,0.0,0,False,,,,6.6,16.0,False,True
B1700213000000,O MURO,2013,2016,MT,RADIODIFUSÃO DE SONS E IMAGENS (TV ABERTA),DOCUMENTÁRIO,PRODAV,PRODAV 01,False,569041.29,2,1.861311,1047950.51253119,1059162.81253119,1047950.51253119,0.0,False,,False,0.0,,,,,,,,,,False,False,0,0.0,0,False,,,,6.6,16.0,False,True
B2100277700000,LA TEORIA DE LOS VIDRIOS ROTOS,2017,2021,RS,SALAS DE EXIBIÇÃO,FICÇÃO,PRODECINE,PRODECINE 09,True,468495.0,1,1.444401,676694.646495,676694.646495,676694.646495,0.0,False,217.0,True,320.6763953638037,3999.61,61.0,2.0,,,4.0,1.0,,,False,False,0,0.8,2,True,,,,6.1,106.0,False,True
B2100241700000,ESCRITA ÍNTIMA,2016,2021,SP,SALAS DE EXIBIÇÃO,DOCUMENTÁRIO,PRODECINE,PRODECINE 08,True,467910.0,1,1.487011,695787.31701,695787.31701,695787.31701,0.0,False,55.0,True,79.04714365353908,857.56,29.0,2.0,,,1.0,1.0,,,False,False,0,0.2,2,True,,,,,,False,False
B1900291200000,PARALELO 30,2013,2019,RS,COMUNICAÇÃO ELETRÔNICA DE MASSA POR ASSINATURA (TV PAGA),FICÇÃO,PRODAV,PRODAV 02 - PROJETO DERIVADO,False,551591.0,2,1.861311,991506.031461,1026682.395801,991506.031461,0.0,False,,False,0.0,,,,,,,,,,False,False,0,0.0,0,False,,,,,,False,False
B0901103700000,DO COMEÇO AO FIM,2008,2008,RJ,INDEFINIDO,FICÇÃO,PRODECINE,PRODECINE 01,False,461740.0,1,2.454812,2194328.14288,1133484.89288,1133484.89288,1060843.25,True,,False,0.0,,,,,,,,,,True,False,1,6.67,0,False,1.0,0.0,,6.6,9028.0,False,True
B2000142200000,O PARADOXO DA DEMOCRACIA,2014,2020,RJ,COMUNICAÇÃO ELETRÔNICA DE MASSA POR ASSINATURA (TV PAGA),DOCUMENTÁRIO,PRODAV,PRODAV 06,False,461050.79,1,1.749188,806464.50925852,806464.50925852,806464.50925852,0.0,False,,False,0.0,,,,,,,,,,False,False,0,0.0,0,False,,,,6.3,19.0,False,True
B2300565300000,DESTINOS DA FÉ,2017,2023,PE,RADIODIFUSÃO DE SONS E IMAGENS (TV ABERTA),DOCUMENTÁRIO,ARRANJOS,ARRANJOS REGIONAIS,False,460800.0,1,1.444401,665579.9808,665579.9808,665579.9808,0.0,False,,False,0.0,,,,,,,,,,False,False,0,0.0,0,False,,,3.8,,,True,False
B1800262800000,A VOZ DO SILÊNCIO,2013,2018,SP,SALAS DE EXIBIÇÃO,FICÇÃO,PRODECINE,PRODECINE 04,True,659745.0,2,1.861311,2773927.2298250003,1227990.625695,1153130.625695,1541769.40413,True,3195.0,True,1151.7966173184593,43698.01,527.0,16.0,,,,,,,False,False,0,0.0,1,True,1.0,0.0,4.1,6.8,103.0,True,True
B2000158900000,CHORÃO: MARGINAL ALADO,2017,2020,SP,SALAS DE EXIBIÇÃO,DOCUMENTÁRIO,PRODAV,PRODAV 06,False,458068.75,1,1.444401,1623688.3605687502,661634.96056875,661634.96056875,962053.4,True,636.0,True,391.7007816556744,11184.12,47.0,7.0,,,12.0,3.0,,,False,False,0,2.4,1,True,,,,7.4,941.0,False,True
B2300123500000,MADAME DUROCHER,2021,2023,SP,SALAS DE EXIBIÇÃO,FICÇÃO,COMPLEMENTAÇÃO,COMPLEMENTAÇÃO,False,856578.0,2,1.160232,8129014.1060959995,993829.2060959999,1229411.606096,6899602.5,True,3165.0,True,389.3461074974081,55457.68,207.0,26.0,,,,,,,False,False,0,0.0,0,False,,,2.9,6.8,66.0,True,True
B1600019400000,A REVOLUÇÃO DO CINEMA NOVO,2012,2015,RJ,COMUNICAÇÃO ELETRÔNICA DE MASSA POR ASSINATURA (TV PAGA),DOCUMENTÁRIO,PRODAV,PRODAV 01,False,455971.5,1,1.971315,898863.4575225,898863.4575225,898863.4575225,0.0,False,,False,0.0,,,,,,,,,,False,False,0,0.0,0,False,,,3.6,,,True,False
B1700376400000,ARTISTAS PLÁSTICOS BRASILEIROS,2013,2017,RJ,COMUNICAÇÃO ELETRÔNICA DE MASSA POR ASSINATURA (TV PAGA),DOCUMENTÁRIO,PRODAV,PRODAV 01,False,455544.0,1,1.861311,1254341.1286594798,847909.058184,847909.058184,406432.07047548,True,,False,0.0,,,,,,,,,,False,False,0,0.0,0,False,,,,,,False,False
B1700467500000,CAIXA PRETA,2013,2017,RS,COMUNICAÇÃO ELETRÔNICA DE MASSA POR ASSINATURA (TV PAGA),FICÇÃO,PRODAV,PRODAV 01,False,455310.88,1,1.861311,847475.1493636799,847475.1493636799,847475.1493636799,0.0,False,,False,0.0,,,,,,,,,,False,False,0,0.0,0,False,,,3.82,,,True,False
B1700182400000,ALÉM DA LENDA,2014,2016,PE,RADIODIFUSÃO DE SONS E IMAGENS (TV ABERTA),ANIMAÇÃO,PRODAV,PRODAV 09,False,455000.0,1,1.749188,795880.54,795880.54,795880.54,0.0,False,,False,0.0,,,,,,,,,,False,False,0,0.0,0,False,,,3.97,,,True,False
B1700107800000,MURALZINHO,2014,2016,GO,RADIODIFUSÃO DE SONS E IMAGENS (TV ABERTA),ANIMAÇÃO,PRODAV,PRODAV 10,False,455000.0,1,1.749188,795880.54,795880.54,795880.54,0.0,False,,False,0.0,,,,,,,,,,False,False,0,0.0,0,False,,,,,,False,False
B1700464900000,AS LENDAS DA TURMA DO JAMBU,2014,2017,PA,RADIODIFUSÃO DE SONS E IMAGENS (TV ABERTA),ANIMAÇÃO,PRODAV,PRODAV 08,False,455000.0,1,1.749188,795880.54,795880.54,795880.54,0.0,False,,False,0.0,,,,,,,,,,False,False,0,0.0,0,False,,,3.853,,,True,False
B1800171500000,OS DINÂMICOS,2014,2018,PA,RADIODIFUSÃO DE SONS E IMAGENS (TV ABERTA),ANIMAÇÃO,PRODAV,PRODAV 08,False,455000.0,1,1.749188,795880.54,795880.54,795880.54,0.0,False,,False,0.0,,,,,,,,,,False,False,0,0.0,0,False,,,,,,False,False
B1700469000000,UM CONTO EM CADA PONTO,2014,2017,CE,RADIODIFUSÃO DE SONS E IMAGENS (TV ABERTA),ANIMAÇÃO,PRODAV,PRODAV 09,False,455000.0,1,1.749188,795880.54,795880.54,795880.54,0.0,False,,False,0.0,,,,,,,,,,False,False,0,0.0,0,False,,,4.24,,,True,False
B1700174700000,LENDAS ANIMADAS,2014,2017,DF,RADIODIFUSÃO DE SONS E IMAGENS (TV ABERTA),ANIMAÇÃO,PRODAV,PRODAV 10,False,455000.0,1,1.749188,795880.54,795880.54,795880.54,0.0,False,,False,0.0,,,,,,,,,,False,False,0,0.0,0,False,,,,,,False,False
B1700011700000,MINO E NINA,2014,2016,SP,RADIODIFUSÃO DE SONS E IMAGENS (TV ABERTA),ANIMAÇÃO,PRODAV,PRODAV 11,False,455000.0,1,1.749188,795880.54,795880.54,795880.54,0.0,False,,False,0.0,,,,,,,,,,False,False,0,0.0,0,False,,,3.817,,,True,False
B2000050400000,HISTÓRIAS DE CARNAVAL - SÉRIE ESPECIAL,2016,2020,BA,RADIODIFUSÃO DE SONS E IMAGENS (TV ABERTA),DOCUMENTÁRIO,PRODAV,PRODAV 06,False,454452.41,1,1.487011,675775.73264651,675775.73264651,675775.73264651,0.0,False,,False,0.0,,,,,,,,,,False,False,0,0.0,0,False,,,3.062,,,True,False
B1800449500000,"EU, UM OUTRO",2014,2018,MG,SALAS DE EXIBIÇÃO,FICÇÃO,ARRANJOS,ARRANJOS REGIONAIS,False,500000.0,2,1.749188,856744.2999999999,874594.0,856744.2999999999,0.0,False,553.0,True,645.4667979699428,8486.03,51.0,7.0,,,,,,,False,False,0,0.0,0,False,,,3.983,,,True,False
B1500177200000,PARA MINHA AMADA MORTA,2012,2014,PR,SALAS DE EXIBIÇÃO,FICÇÃO,PRODECINE,PRODECINE 01,False,650000.0,2,1.971315,1259353.95,1281354.75,1259353.95,0.0,False,7195.0,True,5713.246859629892,89674.13,34.0,4.0,,,,,,,False,False,0,0.0,0,False,1.0,0.0,3.133,6.7,423.0,True,True
B1900507200000,QUERÊNCIA,2014,2019,MG,SALAS DE EXIBIÇÃO,FICÇÃO,ARRANJOS,ARRANJOS REGIONAIS,True,700000.0,2,1.749188,1819155.52,1224431.5999999999,1224431.6,594723.92,True,75.0,True,41.22792096411856,1257.29,106.0,5.0,,,26.0,4.0,,,False,False,0,5.2,2,True,,,,5.9,81.0,False,True
B2100227200000,DOIS TEMPOS,2016,2021,RJ,COMUNICAÇÃO ELETRÔNICA DE MASSA POR ASSINATURA (TV PAGA),DOCUMENTÁRIO,PRODAV,PRODAV 02 - PROJETO DERIVADO,False,606460.64,2,1.487011,901813.64274704,901813.64274704,,,False,,False,0.0,,,,,,,,,,False,False,0,0.0,0,False,,,3.775,8.0,27.0,True,True
B1900223700000,BAIXO CENTRO,2014,2019,MG,SALAS DE EXIBIÇÃO,FICÇÃO,ARRANJOS,ARRANJOS REGIONAIS,False,450000.0,1,1.749188,787134.6,787134.6,787134.6,0.0,False,264.0,True,335.3937179232116,2452.99,28.0,6.0,,,,,,,False,False,0,0.0,0,False,,,,6.3,21.0,False,True
B1800466100000,TEMPORADA,2014,2018,MG,SALAS DE EXIBIÇÃO,FICÇÃO,ARRANJOS,ARRANJOS REGIONAIS,False,450000.0,1,1.749188,787134.6,787134.6,787134.6,0.0,False,7508.0,True,9538.394068816184,57234.68,298.0,24.0,,,48.0,17.0,2353.0,,False,False,1,16.27,2,True,1.0,0.0,3.213,7.0,872.0,True,True
B1900423900000,DOIS TEMPOS,2016,2019,GO,COMUNICAÇÃO ELETRÔNICA DE MASSA POR ASSINATURA (TV PAGA),DOCUMENTÁRIO,PRODAV,PRODAV 02 - PROJETO DERIVADO,False,606460.64,2,1.487011,942834.02396032,901813.64274704,942834.02396032,0.0,False,,False,0.0,,,,,,,,,,False,False,0,0.0,0,False,,,3.775,8.0,27.0,True,True
B2400320200000,SÉRIE NATUREZA FORTE (SEGUNDA TEMPORADA),2018,2024,PE,COMUNICAÇÃO ELETRÔNICA DE MASSA POR ASSINATURA (TV PAGA),DOCUMENTÁRIO,ARRANJOS,ARRANJOS REGIONAIS,False,450000.0,1,1.392194,626487.2999999999,626487.2999999999,626487.2999999999,0.0,False,,False,0.0,,,,,,,,,,False,False,0,0.0,0,False,,,,,,False,False
B1700491900000,PRIMAVERA DAS MULHERES,2013,2017,RJ,COMUNICAÇÃO ELETRÔNICA DE MASSA POR ASSINATURA (TV PAGA),DOCUMENTÁRIO,PRODAV,PRODAV 02 - PROJETO DERIVADO,False,450000.0,1,1.861311,837589.95,837589.95,837589.95,0.0,False,,False,0.0,,,,,,,,,,False,False,0,0.0,0,False,,,3.522,,,True,False
B1800287700000,LUNA,2014,2018,MG,SALAS DE EXIBIÇÃO,FICÇÃO,ARRANJOS,ARRANJOS REGIONAIS,False,797500.0,3,1.749188,1327148.5699999998,1394977.43,1327148.5699999998,0.0,False,1018.0,True,767.0580543970297,12399.8,191.0,10.0,,,,,,,False,True,1,6.67,0,False,,,,5.5,1036.0,False,True
B1800421800000,ELEGIA DE UM CRIME,2014,2018,SP,SALAS DE EXIBIÇÃO,DOCUMENTÁRIO,PRODAV,PRODAV 06,False,450000.0,1,1.749188,1311891.0,787134.6,787134.6,524756.4,True,876.0,True,667.7384020471213,7342.54,102.0,12.0,,,,,,,False,False,0,0.0,0,False,,,4.133,,,True,False
B1700450600000,NINO: VIAGEM AO CONHECIMENTO,2014,2016,MG,RADIODIFUSÃO DE SONS E IMAGENS (TV ABERTA),ANIMAÇÃO,PRODAV,PRODAV 11,False,450000.0,1,1.749188,787134.6,787134.6,787134.6,0.0,False,,False,0.0,,,,,,,,,,False,False,0,0.0,0,False,,,,,,False,False
B1900588100000,BANALIDADE DO MAL,2013,2019,RS,COMUNICAÇÃO ELETRÔNICA DE MASSA POR ASSINATURA (TV PAGA),FICÇÃO,PRODAV,PRODAV 02 - PROJETO DERIVADO,False,450000.0,1,1.861311,837589.95,837589.95,837589.95,0.0,False,,False,0.0,,,,,,,,,,False,False,0,0.0,0,False,,,3.802,,,True,False
B2000201800000,EM BUSCA DE KARDEC,2016,2020,SP,COMUNICAÇÃO ELETRÔNICA DE MASSA POR ASSINATURA (TV PAGA),DOCUMENTÁRIO,PRODAV,PRODAV 02 - PROJETO DERIVADO,False,449979.2,1,1.487011,669124.0201712,669124.0201712,669124.0201712,0.0,False,,False,0.0,,,,,,,,,,False,False,0,0.0,0,False,,,3.8,,,True,False
B2000204400000,FASHION CLICK 2,2016,2020,SP,COMUNICAÇÃO ELETRÔNICA DE MASSA POR ASSINATURA (TV PAGA),DOCUMENTÁRIO,PRODAV,PRODAV 02 - PROJETO DERIVADO,False,449887.9,1,1.487011,668988.2560669001,668988.2560669001,668988.2560669001,0.0,False,,False,0.0,,,,,,,,,,False,False,0,0.0,0,False,,,4.138,,,True,False
B2500016100000,CAZUZA: BOAS NOVAS,2018,2025,RJ,COMUNICAÇÃO ELETRÔNICA DE MASSA POR ASSINATURA (TV PAGA),DOCUMENTÁRIO,DESEMPENHO,SUPORTE AUTOMÁTICO - DESEMPENHO COMERCIAL TV E VOD,False,448817.75,1,1.392194,624841.3786434999,624841.3786434999,624841.3786434999,0.0,False,17113.0,True,27387.750851506487,298242.30000000005,915.0,25.0,,,,,,,False,False,0,0.0,0,False,,,,,,False,False
B2300418000000,"MUSSUM, O FILMIS",2018,2023,RJ,SALAS DE EXIBIÇÃO,FICÇÃO,DESEMPENHO,SUPORTE AUTOMÁTICO - DESEMPENHO COMERCIAL TV E VOD,False,447659.48,1,1.392194,9117072.29809912,623228.8420991199,623228.8420991199,8493843.456,True,219168.0,True,24039.296040867837,4249904.44,20716.0,325.0,,,,,,,False,False,0,0.0,0,False,,,4.095,7.3,1233.0,True,True
B2500173400000,MULHER ORIGINAL,2017,2024,PE,RADIODIFUSÃO DE SONS E IMAGENS (TV ABERTA),FICÇÃO,ARRANJOS,ARRANJOS REGIONAIS,False,447083.04,1,1.444401,645767.19005904,645767.19005904,645767.19005904,0.0,False,,False,0.0,,,,,,,,,,False,False,0,0.0,0,False,,,,,,False,False
B2400196000000,O FENÔMENO ESPORTS,2018,2024,SP,SALAS DE EXIBIÇÃO,DOCUMENTÁRIO,DESEMPENHO,SUPORTE AUTOMÁTICO - DESEMPENHO COMERCIAL CINEMA,False,446378.85,1,1.392194,621445.9566969,621445.9566969,621445.9566969,0.0,False,151.0,True,242.9817080194598,2592.65,466.0,30.0,,,,,,,False,False,0,0.0,0,False,,,,,,False,False
B1900284200000,PORFÍRIO DO AMARAL - A VERDADE SOBRE O SAMBA,2015,2019,BA,SALAS DE EXIBIÇÃO,FICÇÃO,PRODECINE,PRODECINE 01,False,445000.0,1,1.580544,703342.08,703342.08,703342.08,0.0,False,,False,0.0,,,,,,,,,,False,False,0,0.0,0,False,,,4.2,,,True,False
B2200449200000,ESPUMAS AO VENTO,2016,2022,PE,SALAS DE EXIBIÇÃO,FICÇÃO,ARRANJOS,ARRANJOS REGIONAIS,False,442099.26,1,1.487011,657406.4627118601,657406.4627118601,657406.4627118601,0.0,False,133.0,True,202.31014987495433,2100.4,15.0,2.0,,,,,,,False,False,0,0.0,0,False,,,4.1,,,True,False
B2300572700000,NA TRILHA DO SOM,2018,2023,RJ,COMUNICAÇÃO ELETRÔNICA DE MASSA POR ASSINATURA (TV PAGA),DOCUMENTÁRIO,FLUXO CONTINUO,FLUXO CONTÍNUO PRODUÇÃO PARA TELEVISÃO,False,441600.0,1,1.392194,614792.8704,614792.8704,614792.8704,0.0,False,,False,0.0,,,,,,,,,,False,False,0,0.0,0,False,,,3.088,,,True,False
B2100113400000,"CHICO MARIO, A MELODIA DA LIBERDADE",2015,2021,RJ,COMUNICAÇÃO ELETRÔNICA DE MASSA POR ASSINATURA (TV PAGA),DOCUMENTÁRIO,PRODAV,PRODAV 06,False,439971.65,1,1.580544,695394.5515776001,695394.5515776001,695394.5515776001,0.0,False,,False,0.0,,,,,,,,,,False,False,0,0.0,0,False,,,4.287,,,True,False
B2400491100000,O BIOPODER,2018,2024,PE,RADIODIFUSÃO DE SONS E IMAGENS (TV ABERTA),FICÇÃO,ARRANJOS,ARRANJOS REGIONAIS,False,439288.5,1,1.392194,611574.813969,611574.813969,611574.813969,0.0,False,,False,0.0,,,,,,,,,,False,False,0,0.0,0,False,,,,,,False,False
B2100446000000,AVE CANUDOS! OS QUE SOBREVIVERAM TE SAÚDAM,2015,2021,BA,SALAS DE EXIBIÇÃO,DOCUMENTÁRIO,ARRANJOS,ARRANJOS REGIONAIS,False,436600.0,1,1.580544,690065.5104,690065.5104,690065.5104,0.0,False,,False,0.0,,,,,,,,,,False,False,0,0.0,0,False,,,,,,False,False
B1900423500000,50 ANOS DO BALÉ DA CIDADE DE SÃO PAULO,2013,2019,SP,COMUNICAÇÃO ELETRÔNICA DE MASSA POR ASSINATURA (TV PAGA),DOCUMENTÁRIO,PRODAV,PRODAV 01,False,436044.0,1,1.861311,811613.493684,811613.493684,811613.493684,0.0,False,,False,0.0,,,,,,,,,,False,False,0,0.0,0,False,,,4.058,,,True,False
B2300381800000,PANELA AMAZÔNIA 1ª TEMPORADA,2016,2023,PA,COMUNICAÇÃO ELETRÔNICA DE MASSA POR ASSINATURA (TV PAGA),DOCUMENTÁRIO,PRODAV,PRODAV 02 - PROJETO DERIVADO,False,435143.47,1,1.487011,647063.12646817,647063.12646817,647063.12646817,0.0,False,,False,0.0,,,,,,,,,,False,False,0,0.0,0,False,,,,,,False,False
B2400020300000,O ESTRANHO,2018,2024,SP,SALAS DE EXIBIÇÃO,FICÇÃO,ARRANJOS,ARRANJOS REGIONAIS,True,430000.0,1,1.392194,598643.4199999999,598643.4199999999,598643.4199999999,0.0,False,799.0,True,1334.684343477792,9049.21,91.0,12.0,,,,,,,False,False,0,0.0,1,True,,,,,,False,False
B2100366300000,SUBTERRÂNEA,2016,2021,MG,COMUNICAÇÃO ELETRÔNICA DE MASSA POR ASSINATURA (TV PAGA),FICÇÃO,PRODAV,PRODAV 02 - PROJETO DERIVADO,False,427669.0,1,1.487011,635948.507359,635948.507359,635948.507359,0.0,False,,False,0.0,,,,,,,,,,False,False,0,0.0,0,False,,,,6.8,18.0,False,True
B1900211400000,VIRANDO A PAGINA,2013,2019,RJ,COMUNICAÇÃO ELETRÔNICA DE MASSA POR ASSINATURA (TV PAGA),DOCUMENTÁRIO,PRODAV,PRODAV 01,False,425893.12,1,1.861311,792719.5490803199,792719.5490803199,792719.5490803199,0.0,False,,False,0.0,,,,,,,,,,False,False,0,0.0,0,False,,,,,,False,False
B2300095400000,SEIS PROPOSTAS PARA UM MUNDO POSSÍVEL,2013,2023,RJ,COMUNICAÇÃO ELETRÔNICA DE MASSA POR ASSINATURA (TV PAGA),DOCUMENTÁRIO,PRODAV,PRODAV 01,False,420000.0,1,1.861311,781750.62,781750.62,781750.62,0.0,False,,False,0.0,,,,,,,,,,False,False,0,0.0,0,False,,,4.118,,,True,False
B2100417500000,JUNHO DE 2013 - O COMEÇO DO AVESSO,2016,2021,SC,COMUNICAÇÃO ELETRÔNICA DE MASSA POR ASSINATURA (TV PAGA),DOCUMENTÁRIO,PRODAV,PRODAV 02 - PROJETO DERIVADO,False,420000.0,1,1.487011,624544.62,624544.62,624544.62,0.0,False,,False,0.0,,,,,,,,,,False,False,0,0.0,0,False,,,,,,False,False
B2000253600000,TRANSAMAZÔNICA UTOPIAS NA SELVA,2013,2020,PA,RADIODIFUSÃO DE SONS E IMAGENS (TV ABERTA),DOCUMENTÁRIO,PRODAV,PRODAV 01,False,420000.0,1,1.861311,781750.62,781750.62,781750.62,0.0,False,,False,0.0,,,,,,,,,,False,False,0,0.0,0,False,,,3.895,,,True,False
B2300051800000,SOMBRAS SOBRE O CONTINENTE,2013,2023,SP,COMUNICAÇÃO ELETRÔNICA DE MASSA POR ASSINATURA (TV PAGA),DOCUMENTÁRIO,PRODAV,PRODAV 01,False,419930.0,1,1.861311,781620.32823,781620.32823,781620.32823,0.0,False,,False,0.0,,,,,,,,,,False,False,0,0.0,0,False,,,3.414,,,True,False
B2300095100000,COLETIVOS,2015,2023,PE,RADIODIFUSÃO DE SONS E IMAGENS (TV ABERTA),DOCUMENTÁRIO,ARRANJOS,ARRANJOS REGIONAIS,False,419866.9,1,1.580544,663618.1095936,663618.1095936,663618.1095936,0.0,False,,False,0.0,,,,,,,,,,False,False,0,0.0,0,False,,,,,,False,False
B1900248100000,JUNTOS,2016,2019,SC,COMUNICAÇÃO ELETRÔNICA DE MASSA POR ASSINATURA (TV PAGA),DOCUMENTÁRIO,PRODAV,PRODAV 02 - PROJETO DERIVADO,False,417707.0,1,1.487011,621134.903777,621134.903777,621134.903777,0.0,False,,False,0.0,,,,,,,,,,False,False,0,0.0,0,False,,,3.612,,,True,False
B2200312000000,RUBENS GERCHMAN - ATEMPORAL,2013,2022,RJ,COMUNICAÇÃO ELETRÔNICA DE MASSA POR ASSINATURA (TV PAGA),DOCUMENTÁRIO,PRODAV,PRODAV 01,False,416030.0,1,1.861311,774361.2153299999,774361.2153299999,774361.2153299999,0.0,False,,False,0.0,,,,,,,,,,False,False,0,0.0,0,False,,,,,,False,False
B1500309600000,CALE-SE - A CENSURA MUSICAL,2012,2015,RJ,COMUNICAÇÃO ELETRÔNICA DE MASSA POR ASSINATURA (TV PAGA),DOCUMENTÁRIO,PRODAV,PRODAV 01,False,415071.5,1,1.971315,818236.6740224999,818236.6740224999,818236.6740224999,0.0,False,,False,0.0,,,,,,,,,,False,False,0,0.0,0,False,,,,,,False,False
B2000184400000,QUANTOS CABEM?,2016,2020,RJ,COMUNICAÇÃO ELETRÔNICA DE MASSA POR ASSINATURA (TV PAGA),DOCUMENTÁRIO,PRODAV,PRODAV 02 - PROJETO DERIVADO,False,413490.0,1,1.487011,614864.17839,614864.17839,614864.17839,0.0,False,,False,0.0,,,,,,,,,,False,False,0,0.0,0,False,,,,,,False,False
B2100261500000,LÁ E CÁ,2013,2021,RJ,COMUNICAÇÃO ELETRÔNICA DE MASSA POR ASSINATURA (TV PAGA),DOCUMENTÁRIO,PRODAV,PRODAV 01,False,411515.0,1,1.861311,765957.3961649999,765957.3961649999,765957.3961649999,0.0,False,,False,0.0,,,,,,,,,,False,False,0,0.0,0,False,,,3.8,,,True,False
B2100266100000,CAMINHO DA RENDA - A HISTÓRIA DOS IMPOSTOS NO BRASIL,2016,2021,RJ,COMUNICAÇÃO ELETRÔNICA DE MASSA POR ASSINATURA (TV PAGA),DOCUMENTÁRIO,PRODAV,PRODAV 06,False,410410.0,1,1.487011,610284.18451,610284.18451,610284.18451,0.0,False,,False,0.0,,,,,,,,,,False,False,0,0.0,0,False,,,4.3,,,True,False
B2100357900000,O RIO DOS IMIGRANTES,2015,2021,RJ,COMUNICAÇÃO ELETRÔNICA DE MASSA POR ASSINATURA (TV PAGA),DOCUMENTÁRIO,PRODAV,PRODAV 06,False,410104.9,1,1.580544,648188.8390656001,648188.8390656001,648188.8390656001,0.0,False,,False,0.0,,,,,,,,,,False,False,0,0.0,0,False,,,4.225,,,True,False
B2000060400000,MERGULHANDO,2013,2020,RS,COMUNICAÇÃO ELETRÔNICA DE MASSA POR ASSINATURA (TV PAGA),DOCUMENTÁRIO,PRODAV,PRODAV 02 - PROJETO DERIVADO,False,410000.0,1,1.861311,763137.51,763137.51,763137.51,0.0,False,,False,0.0,,,,,,,,,,False,False,0,0.0,0,False,,,,,,False,False
B1900152800000,TESOUROS DO TAPAJÓS,2013,2019,SP,COMUNICAÇÃO ELETRÔNICA DE MASSA POR ASSINATURA (TV PAGA),DOCUMENTÁRIO,PRODAV,PRODAV 02 - PROJETO DERIVADO,False,410000.0,1,1.861311,763137.51,763137.51,763137.51,0.0,False,,False,0.0,,,,,,,,,,False,False,0,0.0,0,False,,,,,,False,False
B2300344000000,NOITE E DIA - LIMA BARRETO: OBRA E VIDA,2016,2023,PR,COMUNICAÇÃO ELETRÔNICA DE MASSA POR ASSINATURA (TV PAGA),DOCUMENTÁRIO,PRODAV,PRODAV 02 - PROJETO DERIVADO,False,410000.0,1,1.487011,609674.51,609674.51,609674.51,0.0,False,,False,0.0,,,,,,,,,,False,False,0,0.0,0,False,,,3.2,8.9,15.0,True,True
B2500296500000,DRAG ATAQUE,2016,2025,PE,COMUNICAÇÃO ELETRÔNICA DE MASSA POR ASSINATURA (TV PAGA),DOCUMENTÁRIO,ARRANJOS,ARRANJOS REGIONAIS,False,409819.12,1,1.487011,609405.5394503201,609405.5394503201,609405.5394503201,0.0,False,,False,0.0,,,,,,,,,,False,False,0,0.0,0,False,,,,,,False,False
B1700363000000,LINHAS TORTAS,2012,2016,SP,COMUNICAÇÃO ELETRÔNICA DE MASSA POR ASSINATURA (TV PAGA),DOCUMENTÁRIO,PRODAV,PRODAV 01,False,409536.0,1,1.971315,807324.45984,807324.45984,807324.45984,0.0,False,,False,0.0,,,,,,,,,,False,False,0,0.0,0,False,,,,,,False,False
B2000099000000,COMIDA AQUI É MATO!,2016,2020,BA,RADIODIFUSÃO DE SONS E IMAGENS (TV ABERTA),DOCUMENTÁRIO,PRODAV,PRODAV 02 - PROJETO DERIVADO,False,408683.0,1,1.487011,607716.116513,607716.116513,607716.116513,0.0,False,,False,0.0,,,,,,,,,,False,False,0,0.0,0,False,,,4.03,,,True,False
B1301945900000,ÉDEN,2010,2012,RJ,INDEFINIDO,FICÇÃO,PRODECINE,PRODECINE 01,False,407000.0,1,2.222058,2377264.806,904377.606,904377.606,1472887.2,True,543.0,True,228.41376300592069,8055.72,14.0,1.0,,,,,,,True,False,1,6.67,0,False,,,,6.6,9933.0,False,True
B1800009200000,ESSE NEGÓCIO DE LIVRO,2013,2017,RJ,COMUNICAÇÃO ELETRÔNICA DE MASSA POR ASSINATURA (TV PAGA),DOCUMENTÁRIO,PRODAV,PRODAV 01,False,406000.0,1,1.861311,755692.266,755692.266,755692.266,0.0,False,,False,0.0,,,,,,,,,,False,False,0,0.0,0,False,,,,,,False,False
B1301989000000,O MENINO E O MUNDO,2009,2013,SP,INDEFINIDO,ANIMAÇÃO,PRODECINE,PRODECINE 01,False,404400.0,1,2.353382,4738129.995388,951707.6808,951707.6808,3786422.314588,True,61124.0,True,12900.448079621467,635793.33,77.0,8.0,,,,,533467.0,,True,False,2,13.33,1,True,1.0,0.0,4.5,7.5,8071.0,True,True
B1900229700000,TRANSGENTE,2013,2019,RJ,COMUNICAÇÃO ELETRÔNICA DE MASSA POR ASSINATURA (TV PAGA),DOCUMENTÁRIO,PRODAV,PRODAV 01,False,402297.0,1,1.861311,748799.831367,748799.831367,748799.831367,0.0,False,,False,0.0,,,,,,,,,,False,False,0,0.0,0,False,,,,,,False,False
B1500731600000,À MODA DA CASA,2012,2015,RJ,COMUNICAÇÃO ELETRÔNICA DE MASSA POR ASSINATURA (TV PAGA),DOCUMENTÁRIO,PRODAV,PRODAV 01,False,401224.0,1,1.971315,790938.8895599999,790938.8895599999,790938.8895599999,0.0,False,,False,0.0,,,,,,,,,,False,False,0,0.0,0,False,,,3.488,,,True,False
B1900376200000,GIGANTE POR NATUREZA,2016,2019,RJ,COMUNICAÇÃO ELETRÔNICA DE MASSA POR ASSINATURA (TV PAGA),DOCUMENTÁRIO,PRODAV,PRODAV 06,False,400300.0,1,1.487011,595250.5033,595250.5033,595250.5033,0.0,False,,False,0.0,,,,,,,,,,False,False,0,0.0,0,False,,,,,,False,False
B2100265500000,EDNA,2013,2021,SP,COMUNICAÇÃO ELETRÔNICA DE MASSA POR ASSINATURA (TV PAGA),DOCUMENTÁRIO,PRODAV,PRODAV 01,False,400246.0,1,1.861311,744982.282506,744982.282506,744982.282506,0.0,False,,False,0.0,,,,,,,,,,False,False,0,0.0,0,False,,,,6.5,37.0,False,True
B2400042700000,VIDA LONGEVA,2018,2024,RJ,COMUNICAÇÃO ELETRÔNICA DE MASSA POR ASSINATURA (TV PAGA),DOCUMENTÁRIO,DESEMPENHO,SUPORTE AUTOMÁTICO - DESEMPENHO COMERCIAL TV E VOD,False,400070.0,1,1.392194,556975.05358,556975.05358,556975.05358,0.0,False,,False,0.0,,,,,,,,,,False,False,0,0.0,0,False,,,,,,False,False
B2300135700000,VIDAS DESCARTÁVEIS,2013,2023,RJ,SALAS DE EXIBIÇÃO,DOCUMENTÁRIO,PRODECINE,PRODECINE 04,False,400000.0,1,1.861311,1455769.2,744524.4,744524.4,711244.8,True,236.0,True,162.11360976726255,4615.28,7.0,1.0,,,,,,,False,False,0,0.0,0,False,,,,,,False,False
B2500521500000,A BAHIA DE CARYBÉ,2018,2025,BA,RADIODIFUSÃO DE SONS E IMAGENS (TV ABERTA),DOCUMENTÁRIO,FLUXO CONTINUO,FLUXO CONTÍNUO PRODUÇÃO PARA TELEVISÃO,False,400000.0,1,1.392194,556877.6,556877.6,556877.6,0.0,False,,False,0.0,,,,,,,,,,False,False,0,0.0,0,False,,,,,,False,False
B2400147000000,OLHAR INTERNO,2018,2024,SP,COMUNICAÇÃO ELETRÔNICA DE MASSA POR ASSINATURA (TV PAGA),DOCUMENTÁRIO,FLUXO CONTINUO,FLUXO CONTÍNUO PRODUÇÃO PARA TELEVISÃO,False,400000.0,1,1.392194,556877.6,556877.6,556877.6,0.0,False,,False,0.0,,,,,,,,,,False,False,0,0.0,0,False,,,,,,False,False
B2400444200000,VIDA FLUXO - SEGUNDA TEMPORADA,2018,2024,RS,COMUNICAÇÃO ELETRÔNICA DE MASSA POR ASSINATURA (TV PAGA),DOCUMENTÁRIO,FLUXO CONTINUO,FLUXO CONTÍNUO PRODUÇÃO PARA TELEVISÃO,False,400000.0,1,1.392194,556877.6,556877.6,556877.6,0.0,False,,False,0.0,,,,,,,,,,False,False,0,0.0,0,False,,,,,,False,False
B2500466800000,DO PORTÃO PARA DENTRO,2018,2025,BA,RADIODIFUSÃO DE SONS E IMAGENS (TV ABERTA),DOCUMENTÁRIO,PRODAV,PRODAV - TVS PÚBLICAS,False,400000.0,1,1.392194,556877.6,556877.6,556877.6,0.0,False,,False,0.0,,,,,,,,,,False,False,0,0.0,0,False,,,,,,False,False
B2500137700000,"JULIANO MOREIRA, UM HUMANISTA NA MEDICINA",2018,2025,BA,RADIODIFUSÃO DE SONS E IMAGENS (TV ABERTA),DOCUMENTÁRIO,FLUXO CONTINUO,FLUXO CONTÍNUO PRODUÇÃO PARA TELEVISÃO,False,400000.0,1,1.392194,556877.6,556877.6,556877.6,0.0,False,,False,0.0,,,,,,,,,,False,False,0,0.0,0,False,,,,,,False,False
B2500129100000,BATUCADA – A VIDA E A MORTE DE ASSIS VALENTE,2018,2025,BA,RADIODIFUSÃO DE SONS E IMAGENS (TV ABERTA),DOCUMENTÁRIO,FLUXO CONTINUO,FLUXO CONTÍNUO PRODUÇÃO PARA TELEVISÃO,False,400000.0,1,1.392194,556877.6,556877.6,556877.6,0.0,False,,False,0.0,,,,,,,,,,False,False,0,0.0,0,False,,,,,,False,False
B2300493100000,SOB A VERDE NEBULOSA,2018,2023,PA,SALAS DE EXIBIÇÃO,DOCUMENTÁRIO,FLUXO CONTINUO,FLUXO CONTÍNUO PRODUÇÃO PARA CINEMA,False,400000.0,1,1.392194,556877.6,556877.6,556877.6,0.0,False,,False,0.0,,,,,,,,,,False,False,0,0.0,0,False,,,2.4,,,True,False
B1800125800000,MEU BEBÊ REBORN,2013,2018,PR,COMUNICAÇÃO ELETRÔNICA DE MASSA POR ASSINATURA (TV PAGA),DOCUMENTÁRIO,PRODAV,PRODAV 01,False,400000.0,1,1.861311,744524.4,744524.4,744524.4,0.0,False,,False,0.0,,,,,,,,,,False,False,0,0.0,0,False,,,,,,False,False
B2100488500000,OS SÚDITOS DO EIXO,2013,2021,DF,SALAS DE EXIBIÇÃO,DOCUMENTÁRIO,PRODAV,PRODAV 01,False,400000.0,1,1.861311,744524.4,744524.4,744524.4,0.0,False,,False,0.0,,,,,,,,,,False,False,0,0.0,0,False,,,,,,False,False
B1700325000000,MEXEU COM UMA MEXEU COM TODAS,2013,2017,RJ,COMUNICAÇÃO ELETRÔNICA DE MASSA POR ASSINATURA (TV PAGA),DOCUMENTÁRIO,PRODAV,PRODAV 01,False,400000.0,1,1.861311,744524.4,744524.4,744524.4,0.0,False,,False,0.0,,,,,,,,,,False,False,0,0.0,0,False,,,,6.9,19.0,False,True
B2400314800000,UTOPIAS PEREGRINAS,2018,2024,PE,COMUNICAÇÃO ELETRÔNICA DE MASSA POR ASSINATURA (TV PAGA),DOCUMENTÁRIO,FLUXO CONTINUO,FLUXO CONTÍNUO PRODUÇÃO PARA TELEVISÃO,False,400000.0,1,1.392194,629097.65,556877.6,556877.6,72220.05,True,,False,0.0,,,,,,,,,,False,False,0,0.0,0,False,,,,,,False,False
B2500129400000,DA BOLEIA,2018,2025,BA,RADIODIFUSÃO DE SONS E IMAGENS (TV ABERTA),DOCUMENTÁRIO,FLUXO CONTINUO,FLUXO CONTÍNUO PRODUÇÃO PARA TELEVISÃO,False,400000.0,1,1.392194,556877.6,556877.6,556877.6,0.0,False,,False,0.0,,,,,,,,,,False,False,0,0.0,0,False,,,,,,False,False
B2100298400000,BOCA FECHADA,2013,2021,PE,COMUNICAÇÃO ELETRÔNICA DE MASSA POR ASSINATURA (TV PAGA),DOCUMENTÁRIO,PRODAV,PRODAV 01,False,400000.0,1,1.861311,744524.4,744524.4,744524.4,0.0,False,,False,0.0,,,,,,,,,,False,False,0,0.0,0,False,,,,,,False,False
B2200367100000,OS ARREPENDIDOS,2013,2022,SP,COMUNICAÇÃO ELETRÔNICA DE MASSA POR ASSINATURA (TV PAGA),DOCUMENTÁRIO,PRODAV,PRODAV 01,False,400000.0,1,1.861311,744524.4,744524.4,744524.4,0.0,False,,False,0.0,,,,,,,,,,False,False,0,0.0,0,False,,,,7.1,32.0,False,True
B2500399200000,MARIANAS,2018,2025,MG,COMUNICAÇÃO ELETRÔNICA DE MASSA POR ASSINATURA (TV PAGA),DOCUMENTÁRIO,FLUXO CONTINUO,FLUXO CONTÍNUO PRODUÇÃO PARA TELEVISÃO,False,400000.0,1,1.392194,556877.6,556877.6,556877.6,0.0,False,,False,0.0,,,,,,,,,,False,False,0,0.0,0,False,,,,,,False,False
B2000151600000,UM FILME DE VERÃO,2013,2020,RJ,COMUNICAÇÃO ELETRÔNICA DE MASSA POR ASSINATURA (TV PAGA),DOCUMENTÁRIO,PRODAV,PRODAV 01,False,400000.0,1,1.861311,744524.4,744524.4,744524.4,0.0,False,,False,0.0,,,,,,,,,,False,False,0,0.0,0,False,,,2.675,7.2,42.0,True,True
B2400365700000,LUIZ MELODIA - NO CORAÇÃO DO BRASIL,2018,2024,SP,COMUNICAÇÃO ELETRÔNICA DE MASSA POR ASSINATURA (TV PAGA),DOCUMENTÁRIO,DESEMPENHO,SUPORTE AUTOMÁTICO - DESEMPENHO COMERCIAL TV E VOD,False,400000.0,1,1.392194,556877.6,556877.6,556877.6,0.0,False,12258.0,True,22012.0184399588,179068.98,607.0,23.0,,,,,,,False,False,0,0.0,0,False,,,,,,False,False
B2200252300000,UM BAIANO CHAMADO HANSEN,2013,2022,BA,COMUNICAÇÃO ELETRÔNICA DE MASSA POR ASSINATURA (TV PAGA),DOCUMENTÁRIO,PRODAV,PRODAV 01,False,400000.0,1,1.861311,744524.4,744524.4,744524.4,0.0,False,,False,0.0,,,,,,,,,,False,False,0,0.0,0,False,,,,,,False,False
B2500149500000,VEIAS ABERTAS,2018,2025,RJ,COMUNICAÇÃO ELETRÔNICA DE MASSA POR ASSINATURA (TV PAGA),FICÇÃO,DESEMPENHO,SUPORTE AUTOMÁTICO - DESEMPENHO COMERCIAL TV E VOD,False,400000.0,1,1.392194,556877.6,556877.6,556877.6,0.0,False,,False,0.0,,,,,,,,,,False,False,0,0.0,0,False,,,,,,False,False
B2400459000000,DESOBEDIENCIA DE GENERO,2018,2024,MT,RADIODIFUSÃO DE SONS E IMAGENS (TV ABERTA),DOCUMENTÁRIO,PRODAV,PRODAV - TVS PÚBLICAS,False,400000.0,1,1.392194,556877.6,556877.6,556877.6,0.0,False,,False,0.0,,,,,,,,,,False,False,0,0.0,0,False,,,,,,False,False
B2400109700000,UM LUGAR NO MUNDO: CHUÍ,2018,2024,RS,RADIODIFUSÃO DE SONS E IMAGENS (TV ABERTA),DOCUMENTÁRIO,PRODAV,PRODAV - TVS PÚBLICAS,False,400000.0,1,1.392194,556877.6,556877.6,556877.6,0.0,False,,False,0.0,,,,,,,,,,False,False,0,0.0,0,False,,,,,,False,False
B1302028100000,EXPEDIÇÕES BURLE MARX,2009,2013,RJ,INDEFINIDO,DOCUMENTÁRIO,PRODAV,PRODAV 01,False,400000.0,1,2.353382,1097835.7249999999,941352.7999999999,941352.7999999999,156482.925,True,,False,0.0,,,,,,,,,,False,False,0,0.0,0,False,,,,,,False,False
B2000114900000,A FLECHA E A FARDA,2016,2018,SP,COMUNICAÇÃO ELETRÔNICA DE MASSA POR ASSINATURA (TV PAGA),DOCUMENTÁRIO,PRODAV,PRODAV 02 - PROJETO DERIVADO,False,400000.0,1,1.487011,594804.4,594804.4,594804.4,0.0,False,,False,0.0,,,,,,,,,,False,False,0,0.0,0,False,,,,,,False,False
B2400367400000,ONDE ME PERDI E ME ENCONTREI,2018,2024,ES,SALAS DE EXIBIÇÃO,DOCUMENTÁRIO,ARRANJOS,ARRANJOS REGIONAIS,False,400000.0,1,1.392194,556877.6,556877.6,556877.6,0.0,False,,False,0.0,,,,,,,,,,False,False,0,0.0,0,False,,,,,,False,False
B2000043200000,LEGADO ITALIANO,2016,2020,RJ,SALAS DE EXIBIÇÃO,DOCUMENTÁRIO,PRODAV,PRODAV 06,False,400000.0,1,1.487011,1050424.5704,594804.4,594804.4,455620.17040000006,True,88.0,True,83.77564889451294,1576.17,14.0,1.0,,,,,,,False,False,0,0.0,0,False,,,,7.1,106.0,False,True
B2400410500000,A LETRA DO PIFE,2018,2024,PE,RADIODIFUSÃO DE SONS E IMAGENS (TV ABERTA),DOCUMENTÁRIO,FLUXO CONTINUO,FLUXO CONTÍNUO PRODUÇÃO PARA TELEVISÃO,False,400000.0,1,1.392194,556877.6,556877.6,556877.6,0.0,False,,False,0.0,,,,,,,,,,False,False,0,0.0,0,False,,,,,,False,False
B2400273500000,DIAS DE LUTA,2018,2024,GO,RADIODIFUSÃO DE SONS E IMAGENS (TV ABERTA),DOCUMENTÁRIO,PRODAV,PRODAV - TVS PÚBLICAS,False,400000.0,1,1.392194,556877.6,556877.6,556877.6,0.0,False,,False,0.0,,,,,,,,,,False,False,0,0.0,0,False,,,,,,False,False
B1600264400000,PONTO ZERO,2013,2015,RS,SALAS DE EXIBIÇÃO,FICÇÃO,PRODECINE,PRODECINE 04,False,800000.0,2,1.861311,5585015.8265136,1489048.8,1533050.4,4051965.4265136,True,8247.0,True,1476.6296562400473,115856.26,3.0,2.0,,,,,,,False,False,0,0.0,0,False,,,,6.7,182.0,False,True
B1900504800000,"BRASÍLIA, A HISTÓRIA DA HISTÓRIA",2014,2019,GO,SALAS DE EXIBIÇÃO,DOCUMENTÁRIO,ARRANJOS,ARRANJOS REGIONAIS,False,400000.0,1,1.749188,699675.2,699675.2,699675.2,0.0,False,,False,0.0,,,,,,,,,,False,False,0,0.0,0,False,,,4.175,,,True,False
B1900225700000,QUERO BOTAR MEU BLOCO NA RUA,2013,2019,RJ,COMUNICAÇÃO ELETRÔNICA DE MASSA POR ASSINATURA (TV PAGA),DOCUMENTÁRIO,PRODAV,PRODAV 01,False,400000.0,1,1.861311,744524.4,744524.4,744524.4,0.0,False,,False,0.0,,,,,,,,,,True,False,1,6.67,0,False,,,3.965,,,True,False
B2200290900000,GORDURINHA - O BOM BAIANO,2013,2022,BA,RADIODIFUSÃO DE SONS E IMAGENS (TV ABERTA),DOCUMENTÁRIO,PRODAV,PRODAV 01,False,400000.0,1,1.861311,744524.4,744524.4,744524.4,0.0,False,,False,0.0,,,,,,,,,,False,False,0,0.0,0,False,,,3.788,,,True,False
B2400475700000,QUERO SER VEG,2018,2024,SC,RADIODIFUSÃO DE SONS E IMAGENS (TV ABERTA),DOCUMENTÁRIO,PRODAV,PRODAV - TVS PÚBLICAS,False,400000.0,1,1.392194,556877.6,556877.6,556877.6,0.0,False,,False,0.0,,,,,,,,,,False,False,0,0.0,0,False,,,,,,False,False
B2400104200000,RESTAURO - A MEMÓRIA DA ARTE,2018,2024,MG,RADIODIFUSÃO DE SONS E IMAGENS (TV ABERTA),DOCUMENTÁRIO,PRODAV,PRODAV - TVS PÚBLICAS,False,400000.0,1,1.392194,556877.6,556877.6,556877.6,0.0,False,,False,0.0,,,,,,,,,,False,False,0,0.0,0,False,,,,,,False,False
B2500307600000,RETRATO ÍNTIMO,2018,2025,BA,RADIODIFUSÃO DE SONS E IMAGENS (TV ABERTA),DOCUMENTÁRIO,PRODAV,PRODAV - TVS PÚBLICAS,False,400000.0,1,1.392194,556877.6,556877.6,556877.6,0.0,False,,False,0.0,,,,,,,,,,False,False,0,0.0,0,False,,,,,,False,False
B1900570100000,QUEM TEM MEDO DE LUCIENE CARVALHO?,2015,2019,MT,COMUNICAÇÃO ELETRÔNICA DE MASSA POR ASSINATURA (TV PAGA),DOCUMENTÁRIO,ARRANJOS,ARRANJOS REGIONAIS,False,400000.0,1,1.580544,632217.6,632217.6,632217.6,0.0,False,,False,0.0,,,,,,,,,,False,False,0,0.0,0,False,,,3.788,,,True,False
B2400290500000,HIEROFANIA,2018,2024,CE,COMUNICAÇÃO ELETRÔNICA DE MASSA POR ASSINATURA (TV PAGA),DOCUMENTÁRIO,FLUXO CONTINUO,FLUXO CONTÍNUO PRODUÇÃO PARA TELEVISÃO,False,400000.0,1,1.392194,556877.6,556877.6,556877.6,0.0,False,,False,0.0,,,,,,,,,,False,False,0,0.0,0,False,,,,,,False,False
B2500299100000,SAMBADORES,2018,2025,BA,RADIODIFUSÃO DE SONS E IMAGENS (TV ABERTA),DOCUMENTÁRIO,FLUXO CONTINUO,FLUXO CONTÍNUO PRODUÇÃO PARA TELEVISÃO,False,400000.0,1,1.392194,556877.6,556877.6,556877.6,0.0,False,,False,0.0,,,,,,,,,,False,False,0,0.0,0,False,,,,,,False,False
B1402446800000,"AMOR, PLÁSTICO E BARULHO",2012,2013,PE,SALAS DE EXIBIÇÃO,FICÇÃO,PRODECINE,PRODECINE 01,False,400000.0,1,1.971315,788526.0,788526.0,788526.0,0.0,False,5235.0,True,6638.969418890437,32087.71,,,,,,,,,False,False,0,0.0,0,False,,,4.3,6.5,206.0,True,True
B2400007200000,ALIMENTANDO A ALMA,2018,2023,AC,RADIODIFUSÃO DE SONS E IMAGENS (TV ABERTA),DOCUMENTÁRIO,PRODAV,PRODAV - TVS PÚBLICAS,False,400000.0,1,1.392194,556877.6,556877.6,556877.6,0.0,False,,False,0.0,,,,,,,,,,False,False,0,0.0,0,False,,,,,,False,False
B2500449200000,MILTON SANTOS - O INDIVÍDUO E O MUNDO,2018,2025,BA,RADIODIFUSÃO DE SONS E IMAGENS (TV ABERTA),DOCUMENTÁRIO,FLUXO CONTINUO,FLUXO CONTÍNUO PRODUÇÃO PARA TELEVISÃO,False,400000.0,1,1.392194,556877.6,556877.6,556877.6,0.0,False,,False,0.0,,,,,,,,,,False,False,0,0.0,0,False,,,,,,False,False
B2200253100000,SMETAK - DO SILÊNCIO AO CAOS,2013,2022,BA,COMUNICAÇÃO ELETRÔNICA DE MASSA POR ASSINATURA (TV PAGA),DOCUMENTÁRIO,PRODAV,PRODAV 01,False,400000.0,1,1.861311,744524.4,744524.4,744524.4,0.0,False,,False,0.0,,,,,,,,,,False,False,0,0.0,0,False,,,4.1,,,True,False
B2300099200000,MORCEGO NEGRO,2016,2023,SP,SALAS DE EXIBIÇÃO,DOCUMENTÁRIO,PRODECINE,PRODECINE 01,False,400000.0,1,1.487011,1186198.9,594804.4,594804.4,591394.5,True,1083.0,True,913.0003408366,12209.46,91.0,8.0,,,,,,,False,False,0,0.0,0,False,,,,7.5,13.0,False,True
B2400125600000,O RIO DE BENJAMIM COSTALLAT,2013,2024,RJ,COMUNICAÇÃO ELETRÔNICA DE MASSA POR ASSINATURA (TV PAGA),DOCUMENTÁRIO,PRODAV,PRODAV 01,False,400000.0,1,1.861311,744524.4,744524.4,744524.4,0.0,False,,False,0.0,,,,,,,,,,False,False,0,0.0,0,False,,,,,,False,False
B2500238300000,MASCARADOS,2014,2025,GO,SALAS DE EXIBIÇÃO,DOCUMENTÁRIO,ARRANJOS,ARRANJOS REGIONAIS,False,400000.0,1,1.749188,699675.2,699675.2,699675.2,0.0,False,,False,0.0,,,,,,,,,,False,False,0,0.0,0,False,,,,,,False,False
B2100033900000,MATA GROSSA,2015,2021,MT,COMUNICAÇÃO ELETRÔNICA DE MASSA POR ASSINATURA (TV PAGA),DOCUMENTÁRIO,ARRANJOS,ARRANJOS REGIONAIS,False,400000.0,1,1.580544,632217.6,632217.6,632217.6,0.0,False,,False,0.0,,,,,,,,,,False,False,0,0.0,0,False,,,,,,False,False
B2400491400000,AFEMINADAS,2016,2024,DF,SALAS DE EXIBIÇÃO,DOCUMENTÁRIO,ARRANJOS,ARRANJOS REGIONAIS,False,400000.0,1,1.487011,594804.4,594804.4,594804.4,0.0,False,,False,0.0,,,,,,,,,,False,False,0,0.0,0,False,,,,,,False,False
B2000468500000,DORA E GABRIEL,2014,2020,SP,SALAS DE EXIBIÇÃO,FICÇÃO,ARRANJOS,ARRANJOS REGIONAIS,False,400000.0,1,1.749188,1489947.2,699675.2,699675.2,790272.0,True,87.0,True,58.39133091427669,1535.88,111.0,4.0,,,,,,,False,False,0,0.0,0,False,,,3.5,6.8,10.0,True,True
B1700539800000,SOLDADOS DO ARAGUAIA,2013,2017,RJ,COMUNICAÇÃO ELETRÔNICA DE MASSA POR ASSINATURA (TV PAGA),DOCUMENTÁRIO,PRODAV,PRODAV 01,False,400000.0,1,1.861311,744524.4,744524.4,744524.4,0.0,False,1299.0,True,1744.737983066774,17600.36,138.0,5.0,,,,,,,False,False,0,0.0,0,False,,,,7.1,62.0,False,True
B1800603500000,MEU AMIGO FELA,2016,2018,SP,SALAS DE EXIBIÇÃO,DOCUMENTÁRIO,PRODECINE,PRODECINE 02,False,600000.0,2,1.487011,1858900.7,892206.6000000001,873243.2,985657.5,True,2860.0,True,1538.54372102824,40761.24,295.0,16.0,,,13.5,5.0,,,False,False,0,2.7,1,True,,,4.3,,,True,False
B2400333000000,MESTRE ANÍSIO TEIXEIRA - EDUCAÇÃO PELA DEMOCRACIA,2018,2024,BA,RADIODIFUSÃO DE SONS E IMAGENS (TV ABERTA),DOCUMENTÁRIO,FLUXO CONTINUO,FLUXO CONTÍNUO PRODUÇÃO PARA TELEVISÃO,False,400000.0,1,1.392194,556877.6,556877.6,556877.6,0.0,False,,False,0.0,,,,,,,,,,False,False,0,0.0,0,False,,,,,,False,False
B1800126200000,ULTRA BEBÊ,2013,2018,PR,COMUNICAÇÃO ELETRÔNICA DE MASSA POR ASSINATURA (TV PAGA),DOCUMENTÁRIO,PRODAV,PRODAV 01,False,400000.0,1,1.861311,744524.4,744524.4,744524.4,0.0,False,,False,0.0,,,,,,,,,,False,False,0,0.0,0,False,,,,,,False,False
B2500309600000,TEM SAÍDA?,2018,2025,RJ,RADIODIFUSÃO DE SONS E IMAGENS (TV ABERTA),DOCUMENTÁRIO,PRODAV,PRODAV - TVS PÚBLICAS,False,400000.0,1,1.392194,556877.6,556877.6,556877.6,0.0,False,,False,0.0,,,,,,,,,,False,False,0,0.0,0,False,,,,,,False,False
B2500131300000,MARIA BONITA - A RAINHA DO CANGAÇO,2018,2025,BA,COMUNICAÇÃO ELETRÔNICA DE MASSA POR ASSINATURA (TV PAGA),DOCUMENTÁRIO,FLUXO CONTINUO,FLUXO CONTÍNUO PRODUÇÃO PARA TELEVISÃO,False,400000.0,1,1.392194,556877.6,556877.6,556877.6,0.0,False,,False,0.0,,,,,,,,,,False,False,0,0.0,0,False,,,,,,False,False
B2300182200000,FILOSOFIA COM ARTE,2018,2023,RJ,RADIODIFUSÃO DE SONS E IMAGENS (TV ABERTA),DOCUMENTÁRIO,PRODAV,PRODAV - TVS PÚBLICAS,False,400000.0,1,1.392194,556877.6,556877.6,556877.6,0.0,False,,False,0.0,,,,,,,,,,False,False,0,0.0,0,False,,,,,,False,False
B2400262400000,FRONTEIRAS,2018,2024,BA,RADIODIFUSÃO DE SONS E IMAGENS (TV ABERTA),DOCUMENTÁRIO,PRODAV,PRODAV - TVS PÚBLICAS,False,430000.0,2,1.392194,598643.4199999999,598643.4199999999,,,False,,False,0.0,,,,,,,,,,False,False,0,0.0,0,False,,,,,,False,False
B2500408500000,CAÇADORAS DE TALENTOS,2018,2025,BA,COMUNICAÇÃO ELETRÔNICA DE MASSA POR ASSINATURA (TV PAGA),DOCUMENTÁRIO,FLUXO CONTINUO,FLUXO CONTÍNUO PRODUÇÃO PARA TELEVISÃO,False,400000.0,1,1.392194,556877.6,556877.6,556877.6,0.0,False,,False,0.0,,,,,,,,,,False,False,0,0.0,0,False,,,,,,False,False
B2400290400000,RIO CEARÁ,2018,2024,CE,COMUNICAÇÃO ELETRÔNICA DE MASSA POR ASSINATURA (TV PAGA),DOCUMENTÁRIO,FLUXO CONTINUO,FLUXO CONTÍNUO PRODUÇÃO PARA TELEVISÃO,False,400000.0,1,1.392194,556877.6,556877.6,556877.6,0.0,False,,False,0.0,,,,,,,,,,False,False,0,0.0,0,False,,,,,,False,False
B2200459700000,NADA SOBRE MEU PAI,2013,2022,RJ,COMUNICAÇÃO ELETRÔNICA DE MASSA POR ASSINATURA (TV PAGA),DOCUMENTÁRIO,PRODAV,PRODAV 01,False,400000.0,1,1.861311,744524.4,744524.4,744524.4,0.0,False,,False,0.0,,,,,,,,,,False,False,0,0.0,0,False,,,4.4,7.7,13.0,True,True
B2600026100000,AMAZÔNIA PANC,2018,2026,AP,RADIODIFUSÃO DE SONS E IMAGENS (TV ABERTA),DOCUMENTÁRIO,PRODAV,PRODAV - TVS PÚBLICAS,False,400000.0,1,1.392194,556877.6,556877.6,556877.6,0.0,False,,False,0.0,,,,,,,,,,False,False,0,0.0,0,False,,,,,,False,False
B2300334900000,CARROÇA E A CULTURA POPULAR,2018,2023,CE,RADIODIFUSÃO DE SONS E IMAGENS (TV ABERTA),DOCUMENTÁRIO,FLUXO CONTINUO,FLUXO CONTÍNUO PRODUÇÃO PARA TELEVISÃO,False,400000.0,1,1.392194,556877.6,556877.6,556877.6,0.0,False,,False,0.0,,,,,,,,,,False,False,0,0.0,0,False,,,,,,False,False
B2500235500000,PORTO BRASIL,2018,2025,CE,RADIODIFUSÃO DE SONS E IMAGENS (TV ABERTA),DOCUMENTÁRIO,FLUXO CONTINUO,FLUXO CONTÍNUO PRODUÇÃO PARA TELEVISÃO,False,400000.0,1,1.392194,556877.6,556877.6,556877.6,0.0,False,,False,0.0,,,,,,,,,,False,False,0,0.0,0,False,,,,,,False,False
B2400390300000,POVOESIA,2018,2024,CE,COMUNICAÇÃO ELETRÔNICA DE MASSA POR ASSINATURA (TV PAGA),DOCUMENTÁRIO,FLUXO CONTINUO,FLUXO CONTÍNUO PRODUÇÃO PARA TELEVISÃO,False,400000.0,1,1.392194,556877.6,556877.6,556877.6,0.0,False,,False,0.0,,,,,,,,,,False,False,0,0.0,0,False,,,,,,False,False
B2400223200000,GRAÚNA - DE ESCRAVO A CORONEL,2018,2024,BA,RADIODIFUSÃO DE SONS E IMAGENS (TV ABERTA),DOCUMENTÁRIO,FLUXO CONTINUO,FLUXO CONTÍNUO PRODUÇÃO PARA TELEVISÃO,False,400000.0,1,1.392194,556877.6,556877.6,556877.6,0.0,False,,False,0.0,,,,,,,,,,False,False,0,0.0,0,False,,,,,,False,False
B1900531900000,O ASTRONAUTA TUPY,2015,2019,RJ,COMUNICAÇÃO ELETRÔNICA DE MASSA POR ASSINATURA (TV PAGA),DOCUMENTÁRIO,PRODAV,PRODAV 06,False,700000.0,2,1.580544,1156974.0,1106380.8,1156974.0,0.0,False,,False,0.0,,,,,,,,,,False,False,0,0.0,0,False,,,2.6,,,True,False
B2000091000000,NÓS,2013,2020,RJ,COMUNICAÇÃO ELETRÔNICA DE MASSA POR ASSINATURA (TV PAGA),FICÇÃO,PRODAV,PRODAV 01,False,400000.0,1,1.861311,744524.4,744524.4,,,False,,False,0.0,,,,,,,,,,False,False,0,0.0,0,False,,,3.6,,,True,False
B2500230600000,CARNAVAL - O GRANDE NEGÓCIO,2018,2025,BA,SALAS DE EXIBIÇÃO,DOCUMENTÁRIO,FLUXO CONTINUO,FLUXO CONTÍNUO PRODUÇÃO PARA CINEMA,False,400000.0,1,1.392194,556877.6,556877.6,556877.6,0.0,False,,False,0.0,,,,,,,,,,False,False,0,0.0,0,False,,,,,,False,False
B2400371700000,VIRANDO O JOGO,2018,2024,BA,RADIODIFUSÃO DE SONS E IMAGENS (TV ABERTA),DOCUMENTÁRIO,FLUXO CONTINUO,FLUXO CONTÍNUO PRODUÇÃO PARA TELEVISÃO,False,790000.0,2,1.392194,1136811.8900000001,1099833.26,1136811.8900000001,0.0,False,,False,0.0,,,,,,,,,,False,False,0,0.0,0,False,,,,,,False,False
B2500131400000,HABITAT,2018,2025,BA,RADIODIFUSÃO DE SONS E IMAGENS (TV ABERTA),DOCUMENTÁRIO,FLUXO CONTINUO,FLUXO CONTÍNUO PRODUÇÃO PARA TELEVISÃO,False,400000.0,1,1.392194,556877.6,556877.6,556877.6,0.0,False,,False,0.0,,,,,,,,,,False,False,0,0.0,0,False,,,,,,False,False
B2500433000000,VIRANDO O JOGO,2018,2025,PE,RADIODIFUSÃO DE SONS E IMAGENS (TV ABERTA),DOCUMENTÁRIO,FLUXO CONTINUO,FLUXO CONTÍNUO PRODUÇÃO PARA TELEVISÃO,False,790000.0,2,1.392194,1099833.26,1099833.26,,,False,,False,0.0,,,,,,,,,,False,False,0,0.0,0,False,,,,,,False,False
B1600289200000,NA BOCA DO POVO,2009,2016,RJ,RADIODIFUSÃO DE SONS E IMAGENS (TV ABERTA),DOCUMENTÁRIO,PRODAV,PRODAV 01,False,400000.0,1,2.353382,941352.7999999999,941352.7999999999,941352.7999999999,0.0,False,,False,0.0,,,,,,,,,,False,False,0,0.0,0,False,,,,,,False,False
B1800452000000,FRONTEIRAS,2018,2018,PR,RADIODIFUSÃO DE SONS E IMAGENS (TV ABERTA),DOCUMENTÁRIO,PRODAV,PRODAV - TVS PÚBLICAS,False,430000.0,2,1.392194,609353.24,598643.4199999999,609353.24,0.0,False,,False,0.0,,,,,,,,,,False,False,0,0.0,0,False,,,3.817,,,True,False
B1900094700000,NÓS,2013,2019,SP,COMUNICAÇÃO ELETRÔNICA DE MASSA POR ASSINATURA (TV PAGA),DOCUMENTÁRIO,PRODAV,PRODAV 01,False,400000.0,1,1.861311,744524.4,744524.4,744524.4,0.0,False,,False,0.0,,,,,,,,,,False,False,0,0.0,0,False,,,3.6,,,True,False
B2200251700000,"ARISTIDES MALTEZ, O MÉDICO DOS POBRES",2013,2022,BA,COMUNICAÇÃO ELETRÔNICA DE MASSA POR ASSINATURA (TV PAGA),DOCUMENTÁRIO,PRODAV,PRODAV 01,False,400000.0,1,1.861311,744524.4,744524.4,744524.4,0.0,False,,False,0.0,,,,,,,,,,False,False,0,0.0,0,False,,,,,,False,False
B2400092600000,É ASSIM QUE EU VOU,2018,2024,BA,RADIODIFUSÃO DE SONS E IMAGENS (TV ABERTA),DOCUMENTÁRIO,FLUXO CONTINUO,FLUXO CONTÍNUO PRODUÇÃO PARA TELEVISÃO,False,400000.0,1,1.392194,556877.6,556877.6,556877.6,0.0,False,,False,0.0,,,,,,,,,,False,False,0,0.0,0,False,,,,,,False,False
B2400081200000,VAN FILOSOFIA,2018,2024,MS,RADIODIFUSÃO DE SONS E IMAGENS (TV ABERTA),DOCUMENTÁRIO,PRODAV,PRODAV - TVS PÚBLICAS,False,399999.6,1,1.392194,556877.0431224,556877.0431224,556877.0431224,0.0,False,,False,0.0,,,,,,,,,,False,False,0,0.0,0,False,,,,,,False,False
B2100304600000,AINDA ESTOU VIVO,2013,2021,SP,COMUNICAÇÃO ELETRÔNICA DE MASSA POR ASSINATURA (TV PAGA),DOCUMENTÁRIO,PRODAV,PRODAV 01,False,399987.0,1,1.861311,744500.202957,744500.202957,744500.202957,0.0,False,,False,0.0,,,,,,,,,,False,False,0,0.0,0,False,,,4.4,,,True,False
B2000112200000,DIGA MEU NOME,2016,2020,RJ,COMUNICAÇÃO ELETRÔNICA DE MASSA POR ASSINATURA (TV PAGA),DOCUMENTÁRIO,PRODAV,PRODAV 02 - PROJETO DERIVADO,False,399982.0,1,1.487011,594777.6338020001,594777.6338020001,594777.6338020001,0.0,False,,False,0.0,,,,,,,,,,False,False,0,0.0,0,False,,,3.857,4.4,13.0,True,True
B1900197900000,TABUH!,2014,2019,BA,RADIODIFUSÃO DE SONS E IMAGENS (TV ABERTA),FICÇÃO,ARRANJOS,ARRANJOS REGIONAIS,False,399967.33,1,1.749188,699618.05402804,699618.05402804,699618.05402804,0.0,False,,False,0.0,,,,,,,,,,False,False,0,0.0,0,False,,,,,,False,False
B1900344400000,"EU, PRESO",2016,2019,SP,COMUNICAÇÃO ELETRÔNICA DE MASSA POR ASSINATURA (TV PAGA),DOCUMENTÁRIO,PRODAV,PRODAV 02 - PROJETO DERIVADO,False,399960.0,1,1.487011,594744.9195600001,594744.9195600001,594744.9195600001,0.0,False,,False,0.0,,,,,,,,,,False,False,0,0.0,0,False,,,,,,False,False
B2400411800000,VIOLADAS E SEGREGADAS,2018,2024,RS,RADIODIFUSÃO DE SONS E IMAGENS (TV ABERTA),DOCUMENTÁRIO,PRODAV,PRODAV - TVS PÚBLICAS,False,399930.0,1,1.392194,556780.14642,556780.14642,556780.14642,0.0,False,,False,0.0,,,,,,,,,,False,False,0,0.0,0,False,,,,,,False,False
B1900461700000,IBIUNA,2013,2019,RJ,COMUNICAÇÃO ELETRÔNICA DE MASSA POR ASSINATURA (TV PAGA),DOCUMENTÁRIO,PRODAV,PRODAV 01,False,399873.0,1,1.861311,744288.013503,744288.013503,744288.013503,0.0,False,,False,0.0,,,,,,,,,,False,False,0,0.0,0,False,,,,,,False,False
B2100086500000,O NOME DO PAI,2013,2021,RJ,COMUNICAÇÃO ELETRÔNICA DE MASSA POR ASSINATURA (TV PAGA),DOCUMENTÁRIO,PRODAV,PRODAV 01,False,399280.0,1,1.861311,743184.25608,743184.25608,743184.25608,0.0,False,,False,0.0,,,,,,,,,,False,False,0,0.0,0,False,,,3.878,,,True,False
B2000530100000,OS RESISTENTES II,2013,2020,SP,COMUNICAÇÃO ELETRÔNICA DE MASSA POR ASSINATURA (TV PAGA),DOCUMENTÁRIO,PRODAV,PRODAV 01,False,399267.0,1,1.861311,743160.0590369999,743160.0590369999,743160.0590369999,0.0,False,,False,0.0,,,,,,,,,,False,False,0,0.0,0,False,,,,,,False,False
B1900035000000,ESQUERDA EM TRANSE,2014,2018,SP,COMUNICAÇÃO ELETRÔNICA DE MASSA POR ASSINATURA (TV PAGA),DOCUMENTÁRIO,PRODAV,PRODAV 06,False,399168.91,1,1.749188,698221.46734508,698221.46734508,698221.46734508,0.0,False,,False,0.0,,,,,,,,,,False,False,0,0.0,0,False,,,2.093,,,True,False
B2500013200000,KIRIMURÊ - UMA AVENTURA NA BAÍA DE TODOS OS SANTOS,2018,2025,BA,COMUNICAÇÃO ELETRÔNICA DE MASSA POR ASSINATURA (TV PAGA),DOCUMENTÁRIO,FLUXO CONTINUO,FLUXO CONTÍNUO PRODUÇÃO PARA TELEVISÃO,False,399000.57,1,1.392194,555486.19955058,555486.19955058,555486.19955058,0.0,False,,False,0.0,,,,,,,,,,False,False,0,0.0,0,False,,,,,,False,False
B2400457700000,LAR,2018,2024,MG,SALAS DE EXIBIÇÃO,DOCUMENTÁRIO,ARRANJOS,ARRANJOS REGIONAIS,False,399000.0,1,1.392194,555485.406,555485.406,555485.406,0.0,False,335.0,True,603.0761499429924,2636.48,44.0,4.0,,,,,,,False,False,0,0.0,0,False,,,,,,False,False
B2300249900000,A SAGA DOS JUDEUS NO NORDESTE BRASILEIRO,2018,2023,PE,COMUNICAÇÃO ELETRÔNICA DE MASSA POR ASSINATURA (TV PAGA),DOCUMENTÁRIO,FLUXO CONTINUO,FLUXO CONTÍNUO PRODUÇÃO PARA TELEVISÃO,False,399000.0,1,1.392194,555485.406,555485.406,555485.406,0.0,False,,False,0.0,,,,,,,,,,False,False,0,0.0,0,False,,,4.3,,,True,False
B1900252400000,ALMA CLANDESTINA,2013,2019,RJ,COMUNICAÇÃO ELETRÔNICA DE MASSA POR ASSINATURA (TV PAGA),DOCUMENTÁRIO,PRODAV,PRODAV 01,False,397155.0,1,1.861311,739228.970205,739228.970205,739228.970205,0.0,False,,False,0.0,,,,,,,,,,False,False,0,0.0,0,False,,,,,,False,False
B2000259000000,ZONA ÁRIDA,2018,2020,PR,SALAS DE EXIBIÇÃO,DOCUMENTÁRIO,FLUXO CONTINUO,FLUXO CONTÍNUO PRODUÇÃO PARA CINEMA,False,396975.7,1,1.392194,552667.1876858,552667.1876858,552667.1876858,0.0,False,1.0,True,1.809407220622831,12.0,5.0,1.0,,,2.0,1.0,,,False,False,0,0.4,1,True,,,,,,False,False
B1900311700000,LUSÓFONAS,2016,2019,RJ,COMUNICAÇÃO ELETRÔNICA DE MASSA POR ASSINATURA (TV PAGA),DOCUMENTÁRIO,PRODAV,PRODAV 06,False,395888.0,1,1.487011,588689.8107680001,588689.8107680001,588689.8107680001,0.0,False,,False,0.0,,,,,,,,,,False,False,0,0.0,0,False,,,,,,False,False
B2300440200000,NAHUEL E O LIVRO MAGICO,2013,2023,RJ,SALAS DE EXIBIÇÃO,ANIMAÇÃO,PRODECINE,PRODECINE 04,True,722064.0,2,1.861311,1220582.698904,1343985.665904,1220582.698904,0.0,False,80.0,True,65.542465964686,7082.23,161.0,4.0,,,,,,,False,False,0,0.0,1,True,,,3.817,,,True,False
B2400449500000,MÚSICA E POESIA,2018,2024,RJ,COMUNICAÇÃO ELETRÔNICA DE MASSA POR ASSINATURA (TV PAGA),DOCUMENTÁRIO,DESEMPENHO,SUPORTE AUTOMÁTICO - DESEMPENHO COMERCIAL TV E VOD,False,392249.0,1,1.392194,546086.704306,546086.704306,546086.704306,0.0,False,,False,0.0,,,,,,,,,,False,False,0,0.0,0,False,,,,,,False,False
B2300201800000,JANGO NO EXÍLIO,2018,2023,RS,SALAS DE EXIBIÇÃO,DOCUMENTÁRIO,CONCURSO,CONCURSO PRODUÇÃO PARA CINEMA,False,392000.0,1,1.392194,545740.048,545740.048,545740.048,0.0,False,1073.0,True,1966.1375483296033,13525.1,74.0,6.0,,,,,,,False,False,0,0.0,0,False,,,4.3,,,True,False
B2200462000000,"EU, EMPRESA",2016,2022,BA,COMUNICAÇÃO ELETRÔNICA DE MASSA POR ASSINATURA (TV PAGA),DOCUMENTÁRIO,PRODAV,PRODAV 02 - PROJETO DERIVADO,False,390000.0,1,1.487011,579934.29,579934.29,579934.29,0.0,False,,False,0.0,,,,,,,,,,False,False,0,0.0,0,False,,,,6.4,35.0,False,True
B1900243600000,IDENTIDADE #TRANSVIVE,2015,2018,CE,RADIODIFUSÃO DE SONS E IMAGENS (TV ABERTA),DOCUMENTÁRIO,PRODAV,PRODAV 09,False,390000.0,1,1.580544,616412.16,616412.16,616412.16,0.0,False,,False,0.0,,,,,,,,,,False,False,0,0.0,0,False,,,4.068,,,True,False
B1700218600000,TERRITÓRIOS,2014,2016,AM,RADIODIFUSÃO DE SONS E IMAGENS (TV ABERTA),DOCUMENTÁRIO,PRODAV,PRODAV 08,False,390000.0,1,1.749188,682183.32,682183.32,682183.32,0.0,False,,False,0.0,,,,,,,,,,False,False,0,0.0,0,False,,,,,,False,False
B2200209900000,HIPER PRAIA,2016,2022,BA,COMUNICAÇÃO ELETRÔNICA DE MASSA POR ASSINATURA (TV PAGA),DOCUMENTÁRIO,PRODAV,PRODAV 02 - PROJETO DERIVADO,False,390000.0,1,1.487011,579934.29,579934.29,579934.29,0.0,False,,False,0.0,,,,,,,,,,False,False,0,0.0,0,False,,,,,,False,False
B1700052500000,GLEBA - CHÃO DE MARIAS,2014,2017,AM,RADIODIFUSÃO DE SONS E IMAGENS (TV ABERTA),DOCUMENTÁRIO,PRODAV,PRODAV 08,False,390000.0,1,1.749188,682183.32,682183.32,682183.32,0.0,False,,False,0.0,,,,,,,,,,False,False,0,0.0,0,False,,,,,,False,False
B2400084200000,"ERA UMA VEZ, UM SONHO",2016,2024,BA,COMUNICAÇÃO ELETRÔNICA DE MASSA POR ASSINATURA (TV PAGA),DOCUMENTÁRIO,PRODAV,PRODAV 02 - PROJETO DERIVADO,False,390000.0,1,1.487011,579934.29,579934.29,579934.29,0.0,False,,False,0.0,,,,,,,,,,False,False,0,0.0,0,False,,,,,,False,False
B2000459200000,QUEM FOI SEU MESTRE? 2º TEMPORADA,2016,2020,BA,RADIODIFUSÃO DE SONS E IMAGENS (TV ABERTA),DOCUMENTÁRIO,PRODAV,PRODAV 02 - PROJETO DERIVADO,False,390000.0,1,1.487011,579934.29,579934.29,579934.29,0.0,False,,False,0.0,,,,,,,,,,False,False,0,0.0,0,False,,,,,,False,False
B1800132200000,PELAS BEIRADAS,2014,2018,GO,RADIODIFUSÃO DE SONS E IMAGENS (TV ABERTA),DOCUMENTÁRIO,PRODAV,PRODAV 10,False,390000.0,1,1.749188,682183.32,682183.32,682183.32,0.0,False,,False,0.0,,,,,,,,,,False,False,0,0.0,0,False,,,,,,False,False
B2500352800000,MAKERS MUDAM O MUNDO,2016,2025,PE,RADIODIFUSÃO DE SONS E IMAGENS (TV ABERTA),DOCUMENTÁRIO,PRODAV,PRODAV 02 - PROJETO DERIVADO,False,390000.0,1,1.487011,579934.29,579934.29,579934.29,0.0,False,,False,0.0,,,,,,,,,,False,False,0,0.0,0,False,,,,,,False,False
B1700301000000,TRAVESSIAS NEGRAS,2014,2017,BA,RADIODIFUSÃO DE SONS E IMAGENS (TV ABERTA),DOCUMENTÁRIO,PRODAV,PRODAV 09,False,390000.0,1,1.749188,682183.32,682183.32,682183.32,0.0,False,,False,0.0,,,,,,,,,,False,False,0,0.0,0,False,,,,,,False,False
B2100080600000,DONAS DO BABA,2016,2021,BA,RADIODIFUSÃO DE SONS E IMAGENS (TV ABERTA),DOCUMENTÁRIO,PRODAV,PRODAV 02 - PROJETO DERIVADO,False,390000.0,1,1.487011,579934.29,579934.29,579934.29,0.0,False,,False,0.0,,,,,,,,,,False,False,0,0.0,0,False,,,,,,False,False
B1700066800000,AMAZÔNIA POSTAL,2014,2016,AM,RADIODIFUSÃO DE SONS E IMAGENS (TV ABERTA),DOCUMENTÁRIO,PRODAV,PRODAV 08,False,390000.0,1,1.749188,682183.32,682183.32,682183.32,0.0,False,,False,0.0,,,,,,,,,,False,False,0,0.0,0,False,,,,,,False,False
B1700204000000,DEFENSORES,2014,2016,PR,RADIODIFUSÃO DE SONS E IMAGENS (TV ABERTA),DOCUMENTÁRIO,PRODAV,PRODAV 12,False,390000.0,1,1.749188,682183.32,682183.32,682183.32,0.0,False,,False,0.0,,,,,,,,,,False,False,0,0.0,0,False,,,,,,False,False
B1700354400000,DIÁRIOS SOBRE O CORPO,2014,2017,MG,RADIODIFUSÃO DE SONS E IMAGENS (TV ABERTA),DOCUMENTÁRIO,PRODAV,PRODAV 11,False,390000.0,1,1.749188,682183.32,682183.32,682183.32,0.0,False,,False,0.0,,,,,,,,,,False,False,0,0.0,0,False,,,3.543,,,True,False
B2200423400000,RURALIDADES BAHIA,2016,2022,BA,COMUNICAÇÃO ELETRÔNICA DE MASSA POR ASSINATURA (TV PAGA),DOCUMENTÁRIO,PRODAV,PRODAV 02 - PROJETO DERIVADO,False,390000.0,1,1.487011,579934.29,579934.29,579934.29,0.0,False,,False,0.0,,,,,,,,,,False,False,0,0.0,0,False,,,,,,False,False
B1800028900000,CULTURANDO,2015,2018,RS,RADIODIFUSÃO DE SONS E IMAGENS (TV ABERTA),DOCUMENTÁRIO,PRODAV,PRODAV 12,False,390000.0,1,1.580544,616412.16,616412.16,616412.16,0.0,False,,False,0.0,,,,,,,,,,False,False,0,0.0,0,False,,,,,,False,False
B2300181500000,CONEXÕES E HASHTAGS,2016,2023,BA,RADIODIFUSÃO DE SONS E IMAGENS (TV ABERTA),DOCUMENTÁRIO,PRODAV,PRODAV 02 - PROJETO DERIVADO,False,390000.0,1,1.487011,579934.29,579934.29,579934.29,0.0,False,,False,0.0,,,,,,,,,,False,False,0,0.0,0,False,,,,,,False,False
B2500329900000,SLOW UP,2018,2025,BA,COMUNICAÇÃO ELETRÔNICA DE MASSA POR ASSINATURA (TV PAGA),ANIMAÇÃO,ARRANJOS,ARRANJOS REGIONAIS,False,390000.0,1,1.392194,542955.6599999999,542955.6599999999,542955.6599999999,0.0,False,,False,0.0,,,,,,,,,,False,False,0,0.0,0,False,,,,,,False,False
B1800605000000,ALEM DOS MUROS,2015,2018,GO,RADIODIFUSÃO DE SONS E IMAGENS (TV ABERTA),DOCUMENTÁRIO,PRODAV,PRODAV 10,False,390000.0,1,1.580544,616412.16,616412.16,616412.16,0.0,False,,False,0.0,,,,,,,,,,False,False,0,0.0,0,False,,,3.86,,,True,False
B1600729900000,"RODA MOINHO, RODA PIÃO, QUERO CULTURA NO MEU PIRÃO",2014,2016,AM,COMUNICAÇÃO ELETRÔNICA DE MASSA POR ASSINATURA (TV PAGA),DOCUMENTÁRIO,PRODAV,PRODAV 08,False,390000.0,1,1.749188,682183.32,682183.32,682183.32,0.0,False,,False,0.0,,,,,,,,,,False,False,0,0.0,0,False,,,3.965,,,True,False
B2300208400000,APRENDER A SONHAR - 2ª TEMPORADA,2016,2023,BA,COMUNICAÇÃO ELETRÔNICA DE MASSA POR ASSINATURA (TV PAGA),DOCUMENTÁRIO,PRODAV,PRODAV 02 - PROJETO DERIVADO,False,390000.0,1,1.487011,579934.29,579934.29,579934.29,0.0,False,,False,0.0,,,,,,,,,,False,False,0,0.0,0,False,,,,,,False,False
B2400368600000,APRENDER A SONHAR,2014,2024,BA,SALAS DE EXIBIÇÃO,DOCUMENTÁRIO,PRODAV,PRODAV 09,False,390000.0,1,1.749188,682183.32,682183.32,,,False,,False,0.0,,,,,,,,,,False,False,0,0.0,0,False,,,,,,False,False
B1700119300000,APRENDER A SONHAR,2014,2017,BA,RADIODIFUSÃO DE SONS E IMAGENS (TV ABERTA),DOCUMENTÁRIO,PRODAV,PRODAV 09,False,390000.0,1,1.749188,682183.32,682183.32,682183.32,0.0,False,,False,0.0,,,,,,,,,,False,False,0,0.0,0,False,,,,,,False,False
B2100219100000,NINGUÉNS,2016,2021,BA,RADIODIFUSÃO DE SONS E IMAGENS (TV ABERTA),DOCUMENTÁRIO,PRODAV,PRODAV 02 - PROJETO DERIVADO,False,390000.0,1,1.487011,579934.29,579934.29,579934.29,0.0,False,,False,0.0,,,,,,,,,,False,False,0,0.0,0,False,,,,,,False,False
B1700361400000,[DES]IGUAIS,2014,2016,PR,RADIODIFUSÃO DE SONS E IMAGENS (TV ABERTA),DOCUMENTÁRIO,PRODAV,PRODAV 12,False,390000.0,1,1.749188,682183.32,682183.32,682183.32,0.0,False,,False,0.0,,,,,,,,,,False,False,0,0.0,0,False,,,,,,False,False
B1700158700000,VIDA FLUXO,2014,2017,RS,RADIODIFUSÃO DE SONS E IMAGENS (TV ABERTA),DOCUMENTÁRIO,PRODAV,PRODAV 12,False,390000.0,1,1.749188,682183.32,682183.32,682183.32,0.0,False,,False,0.0,,,,,,,,,,False,False,0,0.0,0,False,,,3.2,,,True,False
B2000064800000,BAHIA DE FÉ,2016,2020,BA,RADIODIFUSÃO DE SONS E IMAGENS (TV ABERTA),DOCUMENTÁRIO,PRODAV,PRODAV 02 - PROJETO DERIVADO,False,390000.0,1,1.487011,579934.29,579934.29,579934.29,0.0,False,,False,0.0,,,,,,,,,,False,False,0,0.0,0,False,,,3.733,,,True,False
B1700118500000,"AURÁ, EU SOU DE LÁ",2014,2016,PA,RADIODIFUSÃO DE SONS E IMAGENS (TV ABERTA),DOCUMENTÁRIO,PRODAV,PRODAV 08,False,390000.0,1,1.749188,682183.32,682183.32,682183.32,0.0,False,,False,0.0,,,,,,,,,,False,False,0,0.0,0,False,,,3.8,,,True,False
B1700297600000,FANTASMAS DA CASA PRÓPRIA,2014,2016,DF,RADIODIFUSÃO DE SONS E IMAGENS (TV ABERTA),DOCUMENTÁRIO,PRODAV,PRODAV 10,False,390000.0,1,1.749188,682183.32,682183.32,682183.32,0.0,False,,False,0.0,,,,,,,,,,False,False,0,0.0,0,False,,,4.4,,,True,False
B1900161300000,PA'LANTE,2015,2018,AM,RADIODIFUSÃO DE SONS E IMAGENS (TV ABERTA),DOCUMENTÁRIO,PRODAV,PRODAV 08,False,389939.0,1,1.580544,616315.746816,616315.746816,616315.746816,0.0,False,,False,0.0,,,,,,,,,,False,False,0,0.0,0,False,,,,,,False,False
B1800351200000,FAMÍLIAS,2015,2018,SP,RADIODIFUSÃO DE SONS E IMAGENS (TV ABERTA),DOCUMENTÁRIO,PRODAV,PRODAV 11,False,389840.0,1,1.580544,616159.27296,616159.27296,616159.27296,0.0,False,,False,0.0,,,,,,,,,,False,False,0,0.0,0,False,,,,,,False,False
B2300099400000,TODOS OS SONHOS,2016,2023,BA,COMUNICAÇÃO ELETRÔNICA DE MASSA POR ASSINATURA (TV PAGA),DOCUMENTÁRIO,PRODAV,PRODAV 02 - PROJETO DERIVADO,False,389303.2,1,1.487011,578898.1407352,578898.1407352,578898.1407352,0.0,False,,False,0.0,,,,,,,,,,False,False,0,0.0,0,False,,,3.32,,,True,False
B2200352000000,NÃO MATOU EL MATADOR,2013,2022,PI,COMUNICAÇÃO ELETRÔNICA DE MASSA POR ASSINATURA (TV PAGA),DOCUMENTÁRIO,PRODAV,PRODAV 01,False,388980.0,1,1.861311,724012.75278,724012.75278,724012.75278,0.0,False,,False,0.0,,,,,,,,,,False,False,0,0.0,0,False,,,,,,False,False
B1900411500000,TEKOAYHU - AMIZADE,2016,2019,SC,COMUNICAÇÃO ELETRÔNICA DE MASSA POR ASSINATURA (TV PAGA),DOCUMENTÁRIO,PRODAV,PRODAV 06,False,388310.0,1,1.487011,577421.24141,577421.24141,577421.24141,0.0,False,,False,0.0,,,,,,,,,,False,False,0,0.0,0,False,,,,,,False,False
B2000328500000,O CINEMA DAS MULHERES,2013,2020,RJ,COMUNICAÇÃO ELETRÔNICA DE MASSA POR ASSINATURA (TV PAGA),DOCUMENTÁRIO,PRODAV,PRODAV 01,False,387860.0,1,1.861311,721928.0844599999,721928.0844599999,721928.0844599999,0.0,False,,False,0.0,,,,,,,,,,False,False,0,0.0,0,False,,,3.522,,,True,False
B2400479900000,BARCOS DE FOGO,2018,2024,SE,RADIODIFUSÃO DE SONS E IMAGENS (TV ABERTA),DOCUMENTÁRIO,FLUXO CONTINUO,FLUXO CONTÍNUO PRODUÇÃO PARA TELEVISÃO,False,386000.0,1,1.392194,537386.884,537386.884,537386.884,0.0,False,,False,0.0,,,,,,,,,,False,False,0,0.0,0,False,,,,,,False,False
B2000319500000,NHEENGATU,2015,2020,RJ,SALAS DE EXIBIÇÃO,DOCUMENTÁRIO,PRODECINE,PRODECINE 05,False,384432.5,1,1.580544,1397884.48128,607612.48128,607612.48128,790272.0,True,38.0,True,27.183934372892217,554.0,12.0,1.0,,,5.5,4.0,,1.0,False,False,0,3.1,2,True,1.0,1.0,,6.2,32.0,False,True
B2100324200000,ROD LIVRE,2016,2021,RS,COMUNICAÇÃO ELETRÔNICA DE MASSA POR ASSINATURA (TV PAGA),DOCUMENTÁRIO,PRODAV,PRODAV 02 - PROJETO DERIVADO,False,383000.0,1,1.487011,569525.213,569525.213,569525.213,0.0,False,,False,0.0,,,,,,,,,,False,False,0,0.0,0,False,,,4.1,,,True,False
B2300474000000,O GRÁFICO AMADOR,2016,2023,PE,COMUNICAÇÃO ELETRÔNICA DE MASSA POR ASSINATURA (TV PAGA),DOCUMENTÁRIO,PRODAV,PRODAV 02 - PROJETO DERIVADO,False,380000.0,1,1.487011,565064.18,565064.18,565064.18,0.0,False,,False,0.0,,,,,,,,,,False,False,0,0.0,0,False,,,,,,False,False
B1900251500000,FAZENDAS HISTÓRICAS,2013,2019,SP,RADIODIFUSÃO DE SONS E IMAGENS (TV ABERTA),DOCUMENTÁRIO,PRODAV,PRODAV 01,False,380000.0,1,1.861311,707298.1799999999,707298.1799999999,707298.1799999999,0.0,False,,False,0.0,,,,,,,,,,False,False,0,0.0,0,False,,,,,,False,False
B1800445100000,DIAMANTINO,2013,2018,RJ,SALAS DE EXIBIÇÃO,FICÇÃO,PRODECINE,PRODECINE 04,True,516022.0,2,1.861311,1175512.004518,960477.424842,896315.354518,0.0,False,3830.0,True,3258.1547319633123,53957.87,401.0,23.0,,,88.0,35.0,,51.0,False,True,1,34.27,3,True,2.0,9.0,,6.3,3320.0,False,True
B2000233900000,MANGUE BIT,2014,2020,PE,SALAS DE EXIBIÇÃO,DOCUMENTÁRIO,PRODAV,PRODAV 06,False,744548.3500000001,2,1.749188,2176949.0392398,1302355.0392398,1302355.0392398,874594.0,True,,False,0.0,,,,,,,,,,False,False,0,0.0,0,False,,,,,,False,False
B2200366600000,PANORAMA,2013,2022,SP,COMUNICAÇÃO ELETRÔNICA DE MASSA POR ASSINATURA (TV PAGA),DOCUMENTÁRIO,PRODAV,PRODAV 01,False,379060.0,1,1.861311,705548.5476599999,705548.5476599999,705548.5476599999,0.0,False,,False,0.0,,,,,,,,,,False,False,0,0.0,0,False,,,,,,False,False
B2300398900000,PEDAL SUL,2018,2023,SP,COMUNICAÇÃO ELETRÔNICA DE MASSA POR ASSINATURA (TV PAGA),DOCUMENTÁRIO,FLUXO CONTINUO,FLUXO CONTÍNUO PRODUÇÃO PARA TELEVISÃO,False,378906.0,1,1.392194,527510.659764,527510.659764,527510.659764,0.0,False,,False,0.0,,,,,,,,,,False,False,0,0.0,0,False,,,,,,False,False
B2500463900000,RECIFE ASSOMBRADO - SÉRIE,2018,2025,PE,RADIODIFUSÃO DE SONS E IMAGENS (TV ABERTA),FICÇÃO,ARRANJOS,ARRANJOS REGIONAIS,False,377370.0,1,1.392194,525372.24978,525372.24978,525372.24978,0.0,False,,False,0.0,,,,,,,,,,False,False,0,0.0,0,False,,,,,,False,False
B1900376800000,BOA NOITE,2014,2019,RJ,SALAS DE EXIBIÇÃO,DOCUMENTÁRIO,PRODAV,PRODAV 06,False,525000.0,2,1.749188,949231.38016896,918323.7,918323.7,30907.68016896,True,23.0,True,24.230130272248353,461.17,21.0,2.0,,,,,,,False,False,0,0.0,0,False,,,3.0,7.5,23.0,True,True
B2000073200000,CASA IZABEL,2016,2020,PR,RADIODIFUSÃO DE SONS E IMAGENS (TV ABERTA),FICÇÃO,ARRANJOS,ARRANJOS REGIONAIS,False,375000.0,1,1.487011,557629.125,557629.125,557629.125,0.0,False,,False,0.0,,,,,,,,,,False,False,0,0.0,0,False,,,,6.9,65.0,False,True
B2300035300000,URSA,2016,2023,PR,COMUNICAÇÃO ELETRÔNICA DE MASSA POR ASSINATURA (TV PAGA),FICÇÃO,ARRANJOS,ARRANJOS REGIONAIS,False,375000.0,1,1.487011,557629.125,557629.125,557629.125,0.0,False,,False,0.0,,,,,,,,,,False,False,0,0.0,0,False,,,,7.4,30.0,False,True
B2100479300000,AMOR À QUEIMA ROUPA,2016,2021,PI,COMUNICAÇÃO ELETRÔNICA DE MASSA POR ASSINATURA (TV PAGA),REALITY-SHOW,PRODAV,PRODAV 02 - PROJETO DERIVADO,False,375000.0,1,1.487011,557629.125,557629.125,557629.125,0.0,False,,False,0.0,,,,,,,,,,False,False,0,0.0,0,False,,,4.3,,,True,False
B2300218800000,RAW BAHIA,2016,2023,BA,RADIODIFUSÃO DE SONS E IMAGENS (TV ABERTA),DOCUMENTÁRIO,PRODAV,PRODAV 02 - PROJETO DERIVADO,False,374500.0,1,1.487011,556885.6195,556885.6195,556885.6195,0.0,False,,False,0.0,,,,,,,,,,False,False,0,0.0,0,False,,,,,,False,False
B1700509000000,BIO,2015,2017,RS,SALAS DE EXIBIÇÃO,FICÇÃO,PRODECINE,PRODECINE 05,False,673950.0,3,1.580544,1966510.7288000002,1065207.6288,1018184.3288,948326.4,True,896.0,True,455.62934739072347,13373.67,108.0,8.0,,,11.0,4.0,,,False,False,0,2.2,1,True,,,,7.8,45.0,False,True
B2000173800000,"CELSO ANTÔNIO, BRASILEIRO",2014,2020,MA,SALAS DE EXIBIÇÃO,DOCUMENTÁRIO,ARRANJOS,ARRANJOS REGIONAIS,False,373933.5,1,1.749188,654079.990998,654079.990998,654079.990998,0.0,False,,False,0.0,,,,,,,,,,False,False,0,0.0,0,False,,,,,,False,False
B2400051800000,XODÓ JUNINO,2018,2024,BA,RADIODIFUSÃO DE SONS E IMAGENS (TV ABERTA),DOCUMENTÁRIO,DESEMPENHO,SUPORTE AUTOMÁTICO - DESEMPENHO COMERCIAL TV E VOD,False,370000.0,1,1.392194,515111.77999999997,515111.77999999997,515111.77999999997,0.0,False,,False,0.0,,,,,,,,,,False,False,0,0.0,0,False,,,,,,False,False
B2400312900000,SYSYPHUS,2018,2024,BA,COMUNICAÇÃO ELETRÔNICA DE MASSA POR ASSINATURA (TV PAGA),DOCUMENTÁRIO,ARRANJOS,ARRANJOS REGIONAIS,False,370000.0,1,1.392194,515111.77999999997,515111.77999999997,515111.77999999997,0.0,False,,False,0.0,,,,,,,,,,False,False,0,0.0,0,False,,,,,,False,False
B2300546600000,OPARÁ,2015,2023,PE,RADIODIFUSÃO DE SONS E IMAGENS (TV ABERTA),DOCUMENTÁRIO,ARRANJOS,ARRANJOS REGIONAIS,False,367469.47,1,1.580544,580801.6659916799,580801.6659916799,580801.6659916799,0.0,False,,False,0.0,,,,,,,,,,False,False,0,0.0,0,False,,,,,,False,False
B2100010500000,MODA SEM MEDIDA,2013,2021,RJ,COMUNICAÇÃO ELETRÔNICA DE MASSA POR ASSINATURA (TV PAGA),DOCUMENTÁRIO,PRODAV,PRODAV 01,False,365911.0,1,1.861311,681074.169321,681074.169321,681074.169321,0.0,False,,False,0.0,,,,,,,,,,False,False,0,0.0,0,False,,,3.055,,,True,False
B2300240900000,AMOR REBELDE,2019,2023,RJ,COMUNICAÇÃO ELETRÔNICA DE MASSA POR ASSINATURA (TV PAGA),DOCUMENTÁRIO,PRODUCAO,COPRODUÇÃO INTERNACIONAL,True,365880.0,1,1.33467,488329.05960000004,488329.05960000004,488329.05960000004,0.0,False,,False,0.0,,,,,,,,,,False,False,0,0.0,1,True,,,4.3,6.9,9.0,True,True
B1201628900000,RITOS DE PASSAGEM,2009,2012,BA,INDEFINIDO,ANIMAÇÃO,PRODECINE,PRODECINE 02,False,365700.0,1,2.353382,1613714.0373999998,860631.7973999999,860631.7973999999,753082.24,True,945.0,True,585.6056141908356,5224.5,,,,,,,,,False,False,0,0.0,0,False,,,,8.0,33.0,False,True
B1900537000000,TELA SOBRE TINTA,2013,2019,RJ,COMUNICAÇÃO ELETRÔNICA DE MASSA POR ASSINATURA (TV PAGA),DOCUMENTÁRIO,PRODAV,PRODAV 01,False,364764.0,1,1.861311,678939.2456039999,678939.2456039999,678939.2456039999,0.0,False,,False,0.0,,,,,,,,,,False,False,0,0.0,0,False,,,,,,False,False
B2400190900000,O SOL DAS MARIPOSAS,2016,2024,PR,COMUNICAÇÃO ELETRÔNICA DE MASSA POR ASSINATURA (TV PAGA),FICÇÃO,ARRANJOS,ARRANJOS REGIONAIS,False,364477.22,1,1.487011,541981.63538942,541981.63538942,541981.63538942,0.0,False,,False,0.0,,,,,,,,,,False,False,0,0.0,0,False,,,,,,False,False
B2400112000000,SEDE DE RIO,2018,2024,BA,COMUNICAÇÃO ELETRÔNICA DE MASSA POR ASSINATURA (TV PAGA),DOCUMENTÁRIO,ARRANJOS,ARRANJOS REGIONAIS,False,364281.98,1,1.392194,507151.18686411995,507151.18686411995,507151.18686411995,0.0,False,224.0,True,441.68288629089983,1139.44,42.0,3.0,,,,,,,False,False,0,0.0,0,False,,,,,,False,False
B1402156400000,OXIGÊNIO,2009,2014,RS,INDEFINIDO,FICÇÃO,PRODAV,PRODAV 01,False,363000.0,1,2.353382,1598802.066,854277.666,854277.666,744524.4,True,,False,0.0,,,,,,,,,,False,False,0,0.0,0,False,,,3.662,,,True,False
B2100217400000,BRASIL DE TODOS OS RITMOS,2016,2021,RJ,COMUNICAÇÃO ELETRÔNICA DE MASSA POR ASSINATURA (TV PAGA),DOCUMENTÁRIO,PRODAV,PRODAV 02 - PROJETO DERIVADO,False,362329.0,1,1.487011,538787.208619,538787.208619,538787.208619,0.0,False,,False,0.0,,,,,,,,,,False,False,0,0.0,0,False,,,3.89,,,True,False
B2300013200000,ALBA E OS FANTASMAS,2016,2021,CE,RADIODIFUSÃO DE SONS E IMAGENS (TV ABERTA),ANIMAÇÃO,PRODAV,PRODAV 02 - PROJETO DERIVADO,False,360000.0,1,1.487011,535323.9600000001,535323.9600000001,535323.9600000001,0.0,False,,False,0.0,,,,,,,,,,False,False,0,0.0,0,False,,,4.133,,,True,False
B1900525000000,UMA GAROTA CHAMADA MARINA,2014,2019,RJ,COMUNICAÇÃO ELETRÔNICA DE MASSA POR ASSINATURA (TV PAGA),DOCUMENTÁRIO,PRODAV,PRODAV 06,False,360000.0,1,1.749188,629707.6799999999,629707.6799999999,629707.6799999999,0.0,False,672.0,True,1067.1618297556736,,112.0,7.0,,,,,,,False,False,0,0.0,0,False,,,3.89,7.3,19.0,True,True
B2500500600000,PIPO E FIFI,2016,2025,PE,COMUNICAÇÃO ELETRÔNICA DE MASSA POR ASSINATURA (TV PAGA),ANIMAÇÃO,ARRANJOS,ARRANJOS REGIONAIS,False,359128.18,1,1.487011,534027.55406998,534027.55406998,534027.55406998,0.0,False,,False,0.0,,,,,,,,,,False,False,0,0.0,0,False,,,,,,False,False
B1301916500000,QUASE SAMBA,2010,2013,RJ,INDEFINIDO,FICÇÃO,PRODECINE,PRODECINE 02,False,557815.0,2,2.222058,2885783.0214649998,1239497.28327,1167414.621465,1718368.4,True,644.0,True,223.16300124084387,4937.0,,,,,,,,,False,False,0,0.0,0,False,1.0,0.0,4.2,5.4,24.0,True,True
B2000284700000,NA ILHA,2016,2020,RJ,COMUNICAÇÃO ELETRÔNICA DE MASSA POR ASSINATURA (TV PAGA),DOCUMENTÁRIO,PRODAV,PRODAV 02 - PROJETO DERIVADO,False,356600.0,1,1.487011,530268.1226,530268.1226,530268.1226,0.0,False,,False,0.0,,,,,,,,,,False,False,0,0.0,0,False,,,3.548,,,True,False
B1900450400000,"BIW, SAL E SOM",2013,2019,RJ,COMUNICAÇÃO ELETRÔNICA DE MASSA POR ASSINATURA (TV PAGA),DOCUMENTÁRIO,PRODAV,PRODAV 01,False,356000.0,1,1.861311,662626.716,662626.716,662626.716,0.0,False,,False,0.0,,,,,,,,,,False,False,0,0.0,0,False,,,,,,False,False
B2400241900000,SOCIEDADE DE FERRO,2018,2024,SP,SALAS DE EXIBIÇÃO,DOCUMENTÁRIO,ARRANJOS,ARRANJOS REGIONAIS,False,576196.0,2,1.392194,1408495.2506456901,802176.614024,813690.85064569,594804.4,True,109.0,True,77.38755238970926,2018.3,25.0,2.0,,,,,,,False,False,0,0.0,0,False,,,,,,False,False
B1900247400000,A VIDA NAS BACIAS HIDROGRÁFICAS DA REGIÃO SUDESTE,2013,2019,SP,COMUNICAÇÃO ELETRÔNICA DE MASSA POR ASSINATURA (TV PAGA),DOCUMENTÁRIO,PRODAV,PRODAV 02 - PROJETO DERIVADO,False,355000.0,1,1.861311,660765.405,660765.405,660765.405,0.0,False,,False,0.0,,,,,,,,,,False,False,0,0.0,0,False,,,3.2,,,True,False
B1700088700000,COLECIONADORES,2013,2015,RS,COMUNICAÇÃO ELETRÔNICA DE MASSA POR ASSINATURA (TV PAGA),DOCUMENTÁRIO,PRODAV,PRODAV 01,False,352753.0,1,1.861311,656583.039183,656583.039183,656583.039183,0.0,False,,False,0.0,,,,,,,,,,False,False,0,0.0,0,False,,,,,,False,False
B2300147000000,DIÁRIO DA PRIMAVERA,2016,2023,BA,COMUNICAÇÃO ELETRÔNICA DE MASSA POR ASSINATURA (TV PAGA),DOCUMENTÁRIO,PRODAV,PRODAV 02 - PROJETO DERIVADO,False,351952.82,1,1.487011,523357.71482102,523357.71482102,523357.71482102,0.0,False,,False,0.0,,,,,,,,,,False,False,0,0.0,0,False,,,4.17,,,True,False
B2300286800000,ÁRIA,2018,2023,ES,SALAS DE EXIBIÇÃO,ANIMAÇÃO,SAV/MINC 07,SAV/MINC 07,False,350000.0,1,1.392194,487267.89999999997,487267.89999999997,487267.89999999997,0.0,False,,False,0.0,,,,,,,,,,False,False,0,0.0,0,False,,,,,,False,False
B2500276200000,MENINA DE ASAS,2018,2025,RS,SALAS DE EXIBIÇÃO,ANIMAÇÃO,SAV/MINC 07,SAV/MINC 07,False,350000.0,1,1.392194,487267.89999999997,487267.89999999997,487267.89999999997,0.0,False,,False,0.0,,,,,,,,,,False,False,0,0.0,0,False,,,,,,False,False
B2000172600000,POR ONDE ANDA MAKUNAÍMA,2013,2020,RR,COMUNICAÇÃO ELETRÔNICA DE MASSA POR ASSINATURA (TV PAGA),DOCUMENTÁRIO,PRODAV,PRODAV 01,False,350000.0,1,1.861311,651458.85,651458.85,651458.85,0.0,False,,False,0.0,,,,,,,,,,False,False,0,0.0,0,False,,,,8.2,18.0,False,True
B1700586400000,LEGÍTIMA DEFESA,2013,2017,RJ,COMUNICAÇÃO ELETRÔNICA DE MASSA POR ASSINATURA (TV PAGA),DOCUMENTÁRIO,PRODAV,PRODAV 01,False,350000.0,1,1.861311,651458.85,651458.85,651458.85,0.0,False,,False,0.0,,,,,,,,,,False,False,0,0.0,0,False,,,,8.1,11.0,False,True
B2400125500000,SALVANDO O JOGO,2018,2024,SP,NENHUMA DAS OPÇÕES,ANIMAÇÃO,SAV/MINC 07,SAV/MINC 07,False,350000.0,1,1.392194,487267.89999999997,487267.89999999997,487267.89999999997,0.0,False,,False,0.0,,,,,,,,,,False,False,0,0.0,0,False,,,,,,False,False
B2500290100000,TRIÂNGULO DAS BERMUDAS,2018,2025,RS,OUTROS MERCADOS - VÍDEO POR DEMANDA,ANIMAÇÃO,SAV/MINC 07,SAV/MINC 07,False,350000.0,1,1.392194,487267.89999999997,487267.89999999997,487267.89999999997,0.0,False,,False,0.0,,,,,,,,,,False,False,0,0.0,0,False,,,,,,False,False
B1700116800000,TODOS OS SANTOS,2012,2016,RJ,COMUNICAÇÃO ELETRÔNICA DE MASSA POR ASSINATURA (TV PAGA),DOCUMENTÁRIO,PRODAV,PRODAV 01,False,350000.0,1,1.971315,689960.25,689960.25,689960.25,0.0,False,,False,0.0,,,,,,,,,,False,False,0,0.0,0,False,,,4.1,,,True,False
B2100449200000,EXPEDIÇÃO ROOSEVELT - RONDON,2013,2021,DF,COMUNICAÇÃO ELETRÔNICA DE MASSA POR ASSINATURA (TV PAGA),DOCUMENTÁRIO,PRODAV,PRODAV 01,False,350000.0,1,1.861311,651458.85,651458.85,651458.85,0.0,False,,False,0.0,,,,,,,,,,False,False,0,0.0,0,False,,,,,,False,False
B2300442100000,"OTHELO, O GRANDE",2016,2023,RJ,SALAS DE EXIBIÇÃO,DOCUMENTÁRIO,PRODECINE,PRODECINE 01,False,650000.0,2,1.487011,1732967.914,966557.15,953774.15,779193.764,True,3162.0,True,1824.615432550934,43923.32,537.0,26.0,,,,,,,False,False,0,0.0,0,False,,,4.4,7.6,40.0,True,True
B1500818400000,EM TRÊS ATOS,2013,2015,RJ,SALAS DE EXIBIÇÃO,FICÇÃO,PRODECINE,PRODECINE 04,False,350000.0,1,1.861311,651458.85,651458.85,651458.85,0.0,False,2096.0,True,3217.394314314711,30777.17,1.0,1.0,,,,,,,False,False,0,0.0,0,False,1.0,0.0,4.412,6.7,52.0,True,True
B2300271800000,1968 UM ANO NA VIDA,2017,2023,RJ,COMUNICAÇÃO ELETRÔNICA DE MASSA POR ASSINATURA (TV PAGA),DOCUMENTÁRIO,PRODAV,PRODAV 06,False,349999.1,1,1.444401,505539.0500391,505539.0500391,505539.0500391,0.0,False,,False,0.0,,,,,,,,,,False,False,0,0.0,0,False,,,3.2,,,True,False
B1700117400000,POR UM TRIZ,2013,2017,RJ,COMUNICAÇÃO ELETRÔNICA DE MASSA POR ASSINATURA (TV PAGA),DOCUMENTÁRIO,PRODAV,PRODAV 02 - PROJETO DERIVADO,False,349400.0,1,1.861311,650342.0634,650342.0634,650342.0634,0.0,False,,False,0.0,,,,,,,,,,False,False,0,0.0,0,False,,,4.068,,,True,False
B2300120500000,O SOM DA COR,2016,2023,AM,COMUNICAÇÃO ELETRÔNICA DE MASSA POR ASSINATURA (TV PAGA),DOCUMENTÁRIO,PRODAV,PRODAV 02 - PROJETO DERIVADO,False,349247.25,1,1.487011,519334.50246975,519334.50246975,519334.50246975,0.0,False,,False,0.0,,,,,,,,,,False,False,0,0.0,0,False,,,4.287,,,True,False
B2100362700000,SEBASTIANA,2018,2021,CE,OUTROS MERCADOS - VÍDEO POR DEMANDA,ANIMAÇÃO,SAV/MINC 07,SAV/MINC 07,False,346000.0,1,1.392194,481699.12399999995,481699.12399999995,481699.12399999995,0.0,False,,False,0.0,,,,,,,,,,False,False,0,0.0,0,False,,,,,,False,False
B1900173600000,BAILÃO - SÉRIE ESPECIAL,2016,2019,BA,COMUNICAÇÃO ELETRÔNICA DE MASSA POR ASSINATURA (TV PAGA),DOCUMENTÁRIO,PRODAV,PRODAV 06,False,345000.0,1,1.487011,513018.79500000004,513018.79500000004,513018.79500000004,0.0,False,,False,0.0,,,,,,,,,,False,False,0,0.0,0,False,,,,,,False,False
B2100427100000,"LITERATURA, SUBSTANTIVO FEMININO",2013,2021,RJ,COMUNICAÇÃO ELETRÔNICA DE MASSA POR ASSINATURA (TV PAGA),DOCUMENTÁRIO,PRODAV,PRODAV 01,False,344789.5,1,1.861311,641760.4890345,641760.4890345,641760.4890345,0.0,False,,False,0.0,,,,,,,,,,False,False,0,0.0,0,False,,,,,,False,False
B2200497200000,ODOYÁ,2018,2022,BA,SALAS DE EXIBIÇÃO,ANIMAÇÃO,SAV/MINC 07,SAV/MINC 07,False,344670.0,1,1.392194,479847.50597999996,479847.50597999996,479847.50597999996,0.0,False,,False,0.0,,,,,,,,,,False,False,0,0.0,0,False,,,,,,False,False
B1500464600000,BRUXARIAS,2012,2015,RS,SALAS DE EXIBIÇÃO,ANIMAÇÃO,PRODECINE,PRODECINE 04,True,543281.0,2,1.971315,1048977.184515,1070977.984515,1048977.184515,0.0,False,722.0,True,688.2895173109226,6038.23,272.0,16.0,,,,,,,False,False,0,0.0,1,True,,,,,,False,False
B1900337300000,PASSARINHAS MULHERES INSPIRADORAS,2016,2019,CE,COMUNICAÇÃO ELETRÔNICA DE MASSA POR ASSINATURA (TV PAGA),DOCUMENTÁRIO,PRODAV,PRODAV 02 - PROJETO DERIVADO,False,342972.8,1,1.487011,510004.3263008,510004.3263008,510004.3263008,0.0,False,,False,0.0,,,,,,,,,,False,False,0,0.0,0,False,,,,,,False,False
B2400126700000,SEM CORAÇÃO,2022,2024,PE,SALAS DE EXIBIÇÃO,FICÇÃO,DESEMPENHO,DESEMPENHO COMERCIAL,True,342898.64,1,1.096731,376067.56834584,376067.56834584,376067.56834584,0.0,False,5813.0,True,15457.328653914228,54815.49,254.0,21.0,,,,,5312.0,18.0,False,False,1,16.67,3,True,2.0,11.0,,,,False,False
B1500113300000,LOVE FILM FESTIVAL,2013,2014,RJ,SALAS DE EXIBIÇÃO,FICÇÃO,PRODECINE,PRODECINE 04,False,442592.0,2,1.861311,786371.3581119999,823801.3581119999,786371.3581119999,0.0,False,2532.0,True,3219.852775511919,32706.6,221.0,11.0,,,,,,,False,False,0,0.0,0,False,,,3.3,6.1,100.0,True,True
B1500843400000,ASPIRANTES,2010,2015,RJ,SALAS DE EXIBIÇÃO,FICÇÃO,PRODECINE,PRODECINE 02,False,442000.0,2,2.222058,908644.936,982149.636,908644.936,0.0,False,382.0,True,420.4062388567585,5223.19,140.0,10.0,,,,,,,False,False,0,0.0,0,False,,,,6.1,117.0,False,True
B2100206300000,G.I.B.I.S.,2013,2021,RS,COMUNICAÇÃO ELETRÔNICA DE MASSA POR ASSINATURA (TV PAGA),DOCUMENTÁRIO,PRODAV,PRODAV 01,False,339900.0,1,1.861311,632659.6089,632659.6089,632659.6089,0.0,False,,False,0.0,,,,,,,,,,False,False,0,0.0,0,False,,,3.115,,,True,False
B2000495500000,OFÍCIOS EM EXTINÇÃO,2016,2020,BA,COMUNICAÇÃO ELETRÔNICA DE MASSA POR ASSINATURA (TV PAGA),DOCUMENTÁRIO,PRODAV,PRODAV 02 - PROJETO DERIVADO,False,339000.0,1,1.487011,504096.72900000005,504096.72900000005,504096.72900000005,0.0,False,,False,0.0,,,,,,,,,,False,False,0,0.0,0,False,,,3.441,,,True,False
B2000255600000,POR TRÁS DA LINHA DE ESCUDOS,2014,2020,PE,OUTROS MERCADOS - AUDIOVISUAL EM CIRCUITO RESTRITO,DOCUMENTÁRIO,ARRANJOS,ARRANJOS REGIONAIS,False,338100.0,1,1.749188,591400.4628,591400.4628,591400.4628,0.0,False,,False,0.0,,,,,,,,,,False,False,0,0.0,0,False,,,3.325,,,True,False
B2000478800000,O MÉTODO,2013,2020,RS,COMUNICAÇÃO ELETRÔNICA DE MASSA POR ASSINATURA (TV PAGA),DOCUMENTÁRIO,PRODAV,PRODAV 01,False,455300.0,2,1.861311,847454.8983,847454.8983,,,False,,False,0.0,,,,,,,,,,False,False,0,0.0,0,False,,,,8.7,10.0,False,True
B1900289300000,O MÉTODO,2013,2019,RS,COMUNICAÇÃO ELETRÔNICA DE MASSA POR ASSINATURA (TV PAGA),DOCUMENTÁRIO,PRODAV,PRODAV 01,False,455300.0,2,1.861311,813762.8583,847454.8983,813762.8583,0.0,False,,False,0.0,,,,,,,,,,False,False,0,0.0,0,False,,,,8.7,10.0,False,True
B1700401900000,EU MORO AQUI,2014,2016,PA,RADIODIFUSÃO DE SONS E IMAGENS (TV ABERTA),DOCUMENTÁRIO,ARRANJOS,ARRANJOS REGIONAIS,False,333333.34,1,1.749188,583062.67832792,583062.67832792,583062.67832792,0.0,False,,False,0.0,,,,,,,,,,False,False,0,0.0,0,False,,,4.03,,,True,False
B1900347600000,AMBIENTE FAMILIAR,2014,2019,PB,SALAS DE EXIBIÇÃO,FICÇÃO,ARRANJOS,ARRANJOS REGIONAIS,False,333333.33,1,1.749188,583062.66083604,583062.66083604,583062.66083604,0.0,False,728.0,True,1248.5793532999312,6111.37,222.0,20.0,,,,,,,False,False,0,0.0,0,False,,,,5.8,16.0,False,True
B1600382200000,BRASIL ADENTRO - MÚSICA DE PERNAMBUCO,2012,2016,RJ,COMUNICAÇÃO ELETRÔNICA DE MASSA POR ASSINATURA (TV PAGA),DOCUMENTÁRIO,PRODAV,PRODAV 01,False,330260.71,1,1.971315,651047.89153365,651047.89153365,651047.89153365,0.0,False,,False,0.0,,,,,,,,,,False,False,0,0.0,0,False,,,4.05,,,True,False
B2200259700000,"PLAUTO, UM  SOPRO MUSICAL",2015,2022,RS,SALAS DE EXIBIÇÃO,DOCUMENTÁRIO,ARRANJOS,ARRANJOS REGIONAIS,False,330000.0,1,1.580544,521579.51999999996,521579.51999999996,521579.51999999996,0.0,False,1092.0,True,2093.6404864976294,12981.52,129.0,20.0,,,,,,,False,False,0,0.0,0,False,,,,,,False,False
B2300451700000,A MULHER SEM CHÃO,2016,2023,PA,SALAS DE EXIBIÇÃO,DOCUMENTÁRIO,PRODECINE,PRODECINE 01,False,330000.0,1,1.487011,490713.63,490713.63,490713.63,0.0,False,8.0,True,16.30278743225453,115.0,29.0,3.0,,,,,,,False,False,0,0.0,0,False,,,4.3,,,True,False
B2100113900000,A NUVEM ROSA,2015,2021,RS,SALAS DE EXIBIÇÃO,FICÇÃO,ARRANJOS,ARRANJOS REGIONAIS,False,330000.0,1,1.580544,521579.51999999996,521579.51999999996,521579.51999999996,0.0,False,389.0,True,745.8114919849614,5215.08,35.0,3.0,,,28.5,10.0,,,True,False,1,12.37,1,True,,,4.02,5.9,1050.0,True,True
B2300131300000,O POETA QUE VEIO DO POVO,2015,2023,CE,COMUNICAÇÃO ELETRÔNICA DE MASSA POR ASSINATURA (TV PAGA),DOCUMENTÁRIO,ARRANJOS,ARRANJOS REGIONAIS,False,328606.2,1,1.580544,519376.5577728,519376.5577728,519376.5577728,0.0,False,,False,0.0,,,,,,,,,,False,False,0,0.0,0,False,,,,,,False,False
B2000495400000,CAMINHO DE VOLTA,2015,2020,CE,COMUNICAÇÃO ELETRÔNICA DE MASSA POR ASSINATURA (TV PAGA),FICÇÃO,ARRANJOS,ARRANJOS REGIONAIS,False,328606.2,1,1.580544,519376.5577728,519376.5577728,519376.5577728,0.0,False,,False,0.0,,,,,,,,,,False,False,0,0.0,0,False,,,4.3,,,True,False
B2400395000000,FORTALEZA PARAÍSO,2015,2024,CE,RADIODIFUSÃO DE SONS E IMAGENS (TV ABERTA),FICÇÃO,ARRANJOS,ARRANJOS REGIONAIS,False,414166.0,2,1.580544,669043.512704,654607.586304,669043.512704,0.0,False,,False,0.0,,,,,,,,,,False,False,0,0.0,0,False,,,,,,False,False
B2400346300000,ALMA DEL DESIERTO,2019,2024,RJ,SALAS DE EXIBIÇÃO,DOCUMENTÁRIO,PRODUCAO,COPRODUÇÃO INTERNACIONAL,True,324089.51,1,1.33467,432552.5463117,432552.5463117,432552.5463117,0.0,False,586.0,True,1354.7487004682312,5841.37,95.0,13.0,,,,,,,False,False,0,0.0,1,True,,,,,,False,False
B1900307100000,NO CORAÇÃO DO MUNDO,2014,2019,MG,SALAS DE EXIBIÇÃO,FICÇÃO,SAV/MINC 03,SAV/MINC 03,False,321497.66,1,1.749188,1227496.24497382,562359.84890008,562359.84890008,665136.39607374,True,8060.0,True,6566.211532624202,102125.09,471.0,22.0,,,14.0,5.0,2206.0,,False,False,1,9.47,2,True,1.0,0.0,4.3,7.1,422.0,True,True
B2400260400000,OS SAMBAS - 2ª TEMPORADA,2016,2024,MG,COMUNICAÇÃO ELETRÔNICA DE MASSA POR ASSINATURA (TV PAGA),DOCUMENTÁRIO,PRODAV,PRODAV 02 - PROJETO DERIVADO,False,317271.5,1,1.487011,471786.2104865,471786.2104865,471786.2104865,0.0,False,,False,0.0,,,,,,,,,,False,False,0,0.0,0,False,,,,,,False,False
B2500195700000,PATRULHA MÉDICA - SEGUNDA TEMPORADA,2019,2025,RJ,COMUNICAÇÃO ELETRÔNICA DE MASSA POR ASSINATURA (TV PAGA),DOCUMENTÁRIO,PRODUCAO,COPRODUÇÃO INTERNACIONAL,True,310030.0,1,1.33467,413787.7401,413787.7401,413787.7401,0.0,False,,False,0.0,,,,,,,,,,False,False,0,0.0,1,True,,,,,,False,False
B1700509400000,NA RODA DO SAMBA,2013,2016,RJ,COMUNICAÇÃO ELETRÔNICA DE MASSA POR ASSINATURA (TV PAGA),DOCUMENTÁRIO,PRODAV,PRODAV 01,False,306856.0,1,1.861311,571154.448216,571154.448216,571154.448216,0.0,False,,False,0.0,,,,,,,,,,False,False,0,0.0,0,False,,,4.2,,,True,False
B1500428800000,"TAQUARAS, TAMBORES E VIOLAS",2012,2015,SP,COMUNICAÇÃO ELETRÔNICA DE MASSA POR ASSINATURA (TV PAGA),DOCUMENTÁRIO,PRODAV,PRODAV 01,False,304361.0,1,1.971315,599991.404715,599991.404715,599991.404715,0.0,False,,False,0.0,,,,,,,,,,False,False,0,0.0,0,False,,,,,,False,False
B2000008700000,SALVE A MALANDRAGEM,2014,2019,RJ,COMUNICAÇÃO ELETRÔNICA DE MASSA POR ASSINATURA (TV PAGA),DOCUMENTÁRIO,PRODAV,PRODAV 06,False,303100.14,1,1.749188,530179.12768632,530179.12768632,530179.12768632,0.0,False,,False,0.0,,,,,,,,,,False,False,0,0.0,0,False,,,,,,False,False
B2500386900000,O DIVINO EM ALCÂNTARA,2018,2025,MA,COMUNICAÇÃO ELETRÔNICA DE MASSA POR ASSINATURA (TV PAGA),DOCUMENTÁRIO,FLUXO CONTINUO,FLUXO CONTÍNUO PRODUÇÃO PARA TELEVISÃO,False,300000.0,1,1.392194,417658.19999999995,417658.19999999995,417658.19999999995,0.0,False,,False,0.0,,,,,,,,,,False,False,0,0.0,0,False,,,,,,False,False
B1900090000000,DISFORIA,2014,2019,RS,SALAS DE EXIBIÇÃO,FICÇÃO,ARRANJOS,ARRANJOS REGIONAIS,False,500000.0,2,1.749188,803195.2,874594.0,803195.2,0.0,False,375.0,True,466.8852602704797,5119.74,137.0,12.0,,,,,,,False,False,0,0.0,0,False,,,,6.5,44.0,False,True
B1900421600000,OS BRAVOS NUNCA SE CALAM,2014,2019,RS,SALAS DE EXIBIÇÃO,FICÇÃO,ARRANJOS,ARRANJOS REGIONAIS,False,500000.0,2,1.749188,803195.2,874594.0,803195.2,0.0,False,435.0,True,541.5869019137565,5705.22,117.0,17.0,,,,,,,False,False,0,0.0,0,False,,,,,,False,False
B2500067700000,VIRGÍNIA E ADELAIDE,2022,2025,RS,SALAS DE EXIBIÇÃO,DOCUMENTÁRIO,DESEMPENHO,DESEMPENHO COMERCIAL,False,300000.0,1,1.096731,1645096.5,329019.3,329019.3,1316077.2,True,14035.0,True,8531.414418546268,276329.35,1113.0,21.0,,,,,,,False,False,0,0.0,0,False,,,,,,False,False
B1800019400000,SOBRADINHO,2013,2017,BA,SALAS DE EXIBIÇÃO,DOCUMENTÁRIO,PRODECINE,PRODECINE 05,False,300000.0,1,1.861311,558393.2999999999,558393.2999999999,558393.2999999999,0.0,False,17.0,True,30.444491364778195,,11.0,2.0,,,,,,,False,False,0,0.0,0,False,,,,,,False,False
B2000277900000,MINHA FAMILIA PERFEITA,2013,2020,RJ,SALAS DE EXIBIÇÃO,FICÇÃO,PRODECINE,PRODECINE 04,False,300000.0,1,1.861311,6330713.647524359,558393.2999999999,558393.2999999999,5772320.34752436,True,30246.0,True,4777.6604161882715,440563.12,3781.0,71.0,,,,,,,False,False,0,0.0,0,False,,,3.656,5.4,27.0,True,True
B1900584400000,AQUARELA MUSICAL,2016,2019,PI,COMUNICAÇÃO ELETRÔNICA DE MASSA POR ASSINATURA (TV PAGA),DOCUMENTÁRIO,PRODAV,PRODAV 02 - PROJETO DERIVADO,False,300000.0,1,1.487011,446103.30000000005,446103.30000000005,446103.30000000005,0.0,False,,False,0.0,,,,,,,,,,False,False,0,0.0,0,False,,,,,,False,False
B1600513600000,A RAZÃO E A LOUCURA,2012,2016,RJ,COMUNICAÇÃO ELETRÔNICA DE MASSA POR ASSINATURA (TV PAGA),DOCUMENTÁRIO,PRODAV,PRODAV 01,False,300000.0,1,1.971315,591394.5,591394.5,591394.5,0.0,False,,False,0.0,,,,,,,,,,False,False,0,0.0,0,False,,,4.133,,,True,False
B2300339000000,SÉRGIO RICARDO: UMA OUTRA HISTÓRIA DO CINEMA NOVO,2018,2023,SC,COMUNICAÇÃO ELETRÔNICA DE MASSA POR ASSINATURA (TV PAGA),DOCUMENTÁRIO,ARRANJOS,ARRANJOS REGIONAIS,False,300000.0,1,1.392194,417658.19999999995,417658.19999999995,417658.19999999995,0.0,False,,False,0.0,,,,,,,,,,False,False,0,0.0,0,False,,,3.837,,,True,False
B1700612200000,OS SAMBAS,2013,2017,RJ,COMUNICAÇÃO ELETRÔNICA DE MASSA POR ASSINATURA (TV PAGA),DOCUMENTÁRIO,PRODAV,PRODAV 02 - PROJETO DERIVADO,False,300000.0,1,1.861311,558393.2999999999,558393.2999999999,558393.2999999999,0.0,False,,False,0.0,,,,,,,,,,False,False,0,0.0,0,False,,,,,,False,False
B1900590100000,VILA MARIOTE,2014,2019,GO,COMUNICAÇÃO ELETRÔNICA DE MASSA POR ASSINATURA (TV PAGA),FICÇÃO,ARRANJOS,ARRANJOS REGIONAIS,False,300000.0,1,1.749188,524756.4,524756.4,524756.4,0.0,False,,False,0.0,,,,,,,,,,False,False,0,0.0,0,False,,,,,,False,False
B1700189700000,EM UM MUNDO INTERIOR,2013,2017,SP,SALAS DE EXIBIÇÃO,DOCUMENTÁRIO,PRODECINE,PRODECINE 01,False,300000.0,1,1.861311,2375025.27907734,558393.2999999999,558393.2999999999,1816631.97907734,True,2364.0,True,995.3578266410608,23867.95,284.0,24.0,,,,,,,False,False,0,0.0,0,False,,,3.538,,,True,False
B1800541600000,CINEMA EM TRANSE,2013,2018,TO,COMUNICAÇÃO ELETRÔNICA DE MASSA POR ASSINATURA (TV PAGA),DOCUMENTÁRIO,PRODAV,PRODAV 02 - PROJETO DERIVADO,False,300000.0,1,1.861311,558393.2999999999,558393.2999999999,558393.2999999999,0.0,False,,False,0.0,,,,,,,,,,False,False,0,0.0,0,False,,,2.093,,,True,False
B2000532000000,PACIFIED,2017,2020,SP,SALAS DE EXIBIÇÃO,FICÇÃO,PRODAV,PRODAV 06,False,300000.0,1,1.444401,5880241.593,433320.3,433320.3,5446921.293,True,1130.0,True,192.16897505455947,23562.52,452.0,23.0,,,43.0,10.0,,,False,False,0,8.6,1,True,,,,6.8,327.0,False,True
B2300488500000,PALAVRA PRESA,2018,2023,SC,RADIODIFUSÃO DE SONS E IMAGENS (TV ABERTA),DOCUMENTÁRIO,ARRANJOS,ARRANJOS REGIONAIS,False,400000.0,2,1.392194,566359.2999999999,556877.6,566359.2999999999,0.0,False,,False,0.0,,,,,,,,,,False,False,0,0.0,0,False,,,,,,False,False
B2400089800000,EGLÊ,2018,2024,SC,COMUNICAÇÃO ELETRÔNICA DE MASSA POR ASSINATURA (TV PAGA),DOCUMENTÁRIO,ARRANJOS,ARRANJOS REGIONAIS,False,300000.0,1,1.392194,417658.19999999995,417658.19999999995,417658.19999999995,0.0,False,,False,0.0,,,,,,,,,,False,False,0,0.0,0,False,,,,,,False,False
B2000326100000,MEMÓRIAS EM MOVIMENTO,2016,2020,BA,COMUNICAÇÃO ELETRÔNICA DE MASSA POR ASSINATURA (TV PAGA),DOCUMENTÁRIO,PRODAV,PRODAV 02 - PROJETO DERIVADO,False,300000.0,1,1.487011,446103.30000000005,446103.30000000005,446103.30000000005,0.0,False,,False,0.0,,,,,,,,,,False,False,0,0.0,0,False,,,,,,False,False
B2400373000000,BEIRA: ALÉM DAS MARGENS DO RIO URUGUAI,2018,2024,SC,COMUNICAÇÃO ELETRÔNICA DE MASSA POR ASSINATURA (TV PAGA),DOCUMENTÁRIO,ARRANJOS,ARRANJOS REGIONAIS,False,300000.0,1,1.392194,417658.19999999995,417658.19999999995,417658.19999999995,0.0,False,,False,0.0,,,,,,,,,,False,False,0,0.0,0,False,,,,,,False,False
B1101527800000,O HOMEM QUE NÃO DORMIA,2009,2011,BA,INDEFINIDO,FICÇÃO,PRODECINE,PRODECINE 01,False,300000.0,1,2.353382,1906014.6,706014.6,706014.6,1200000.0,True,,False,0.0,,,,,,,,,,False,False,0,0.0,0,False,,,3.9,5.2,61.0,True,True
B1402255700000,GALAXIAS,2012,2014,RJ,INDEFINIDO,DOCUMENTÁRIO,PRODECINE,PRODECINE 01,False,300000.0,1,1.971315,591394.5,591394.5,591394.5,0.0,False,47.0,True,79.47317737990461,288.0,,,,,,,,,False,False,0,0.0,0,False,,,3.793,,,True,False
B1900231600000,ONTEM HAVIA COISAS ESTRANHAS NO CÉU,2014,2019,SP,SALAS DE EXIBIÇÃO,FICÇÃO,PRODAV,PRODAV 06,False,499170.0,3,1.749188,837739.07898,873142.1739599999,837739.07898,0.0,False,50.0,True,59.68445456893111,491.0,15.0,2.0,,,10.0,4.0,,,False,False,0,2.0,1,True,,,4.3,5.5,101.0,True,True
B2100335600000,ONDE ESTÁ O CINEMA BRASILEIRO,2016,2021,RN,COMUNICAÇÃO ELETRÔNICA DE MASSA POR ASSINATURA (TV PAGA),DOCUMENTÁRIO,PRODAV,PRODAV 02 - PROJETO DERIVADO,False,300000.0,1,1.487011,446103.30000000005,446103.30000000005,446103.30000000005,0.0,False,,False,0.0,,,,,,,,,,False,False,0,0.0,0,False,,,4.1,,,True,False
B2300527700000,"O IMPEACHMENT - SETEMBRO, 1957, SEXTA-FEIRA 13",2015,2023,AL,RADIODIFUSÃO DE SONS E IMAGENS (TV ABERTA),DOCUMENTÁRIO,ARRANJOS,ARRANJOS REGIONAIS,False,300000.0,1,1.580544,474163.2,474163.2,474163.2,0.0,False,,False,0.0,,,,,,,,,,False,False,0,0.0,0,False,,,4.008,,,True,False
B1900583200000,CIDADE PÁSSARO,2014,2019,SP,SALAS DE EXIBIÇÃO,FICÇÃO,PRODAV,PRODAV 07,True,805662.5,4,1.749188,3253161.8804638,1409255.17705,1350842.9054638,1902318.9749999999,True,212.0,True,65.16736879069029,3390.33,105.0,3.0,,,12.0,3.0,,,False,False,0,2.4,2,True,,,,,,False,False
B2400036700000,O ÚLTIMO FILME DE MEU PAI,2018,2024,SC,COMUNICAÇÃO ELETRÔNICA DE MASSA POR ASSINATURA (TV PAGA),DOCUMENTÁRIO,ARRANJOS,ARRANJOS REGIONAIS,False,300000.0,1,1.392194,417658.19999999995,417658.19999999995,417658.19999999995,0.0,False,,False,0.0,,,,,,,,,,False,False,0,0.0,0,False,,,,,,False,False
B1600547800000,RIFLE,2014,2016,RS,SALAS DE EXIBIÇÃO,FICÇÃO,ARRANJOS,ARRANJOS REGIONAIS,False,444000.0,2,1.749188,792785.184,776639.472,792785.184,0.0,False,2042.0,True,2575.7292658990964,14614.37,188.0,17.0,,,37.0,11.0,,1.0,False,False,0,9.4,2,True,1.0,1.0,,6.2,97.0,False,True
B2300365000000,A GUERRA DA LAGOSTA,2013,2023,SP,COMUNICAÇÃO ELETRÔNICA DE MASSA POR ASSINATURA (TV PAGA),DOCUMENTÁRIO,PRODAV,PRODAV 01,False,300000.0,1,1.861311,558393.2999999999,558393.2999999999,558393.2999999999,0.0,False,,False,0.0,,,,,,,,,,False,False,0,0.0,0,False,,,4.143,,,True,False
B2200322100000,O SILÊNCIO QUE CANTA POR LIBERDADE,2016,2022,TO,COMUNICAÇÃO ELETRÔNICA DE MASSA POR ASSINATURA (TV PAGA),DOCUMENTÁRIO,PRODAV,PRODAV 02 - PROJETO DERIVADO,False,300000.0,1,1.487011,446103.30000000005,446103.30000000005,446103.30000000005,0.0,False,,False,0.0,,,,,,,,,,False,False,0,0.0,0,False,,,4.1,,,True,False
B2500315100000,CHAPADAS DO BRASIL,2018,2025,BA,RADIODIFUSÃO DE SONS E IMAGENS (TV ABERTA),DOCUMENTÁRIO,DESEMPENHO,SUPORTE AUTOMÁTICO - DESEMPENHO COMERCIAL TV E VOD,False,300000.0,1,1.392194,417658.19999999995,417658.19999999995,417658.19999999995,0.0,False,,False,0.0,,,,,,,,,,False,False,0,0.0,0,False,,,,,,False,False
B2200457500000,GRUPO CORPO PELA MÚSICA,2016,2022,MG,SALAS DE EXIBIÇÃO,DOCUMENTÁRIO,PRODAV,PRODAV 02 - PROJETO DERIVADO,False,300000.0,1,1.487011,446103.30000000005,446103.30000000005,446103.30000000005,0.0,False,,False,0.0,,,,,,,,,,False,False,0,0.0,0,False,,,4.05,,,True,False
B1800315500000,DESTINO INCOMUM - 2ª TEMPORADA,2013,2018,RS,COMUNICAÇÃO ELETRÔNICA DE MASSA POR ASSINATURA (TV PAGA),DOCUMENTÁRIO,PRODAV,PRODAV 02 - PROJETO DERIVADO,False,299827.0,1,1.861311,558071.2931969999,558071.2931969999,558071.2931969999,0.0,False,,False,0.0,,,,,,,,,,False,False,0,0.0,0,False,,,,,,False,False
B2000004600000,SOLDADOS DA BORRACHA - OS HERÓIS ESQUECIDOS,2013,2020,CE,SALAS DE EXIBIÇÃO,DOCUMENTÁRIO,PRODECINE,PRODECINE 02,False,299230.0,1,1.861311,1441441.2882406,556960.0905299999,556960.0905299999,884481.1977106,True,174.0,True,120.71251282969813,1685.0,19.0,2.0,,,,,,,False,False,0,0.0,0,False,,,3.627,,,True,False
B2100256400000,ENCANTARIAS,2016,2021,RN,COMUNICAÇÃO ELETRÔNICA DE MASSA POR ASSINATURA (TV PAGA),DOCUMENTÁRIO,PRODAV,PRODAV 02 - PROJETO DERIVADO,False,297907.17,1,1.487011,442991.23876887,442991.23876887,442991.23876887,0.0,False,,False,0.0,,,,,,,,,,False,False,0,0.0,0,False,,,,,,False,False
B1700581800000,GUERREIROS DA SELVA,2013,2017,SP,COMUNICAÇÃO ELETRÔNICA DE MASSA POR ASSINATURA (TV PAGA),DOCUMENTÁRIO,PRODAV,PRODAV 02 - PROJETO DERIVADO,False,296850.0,1,1.861311,552530.17035,552530.17035,552530.17035,0.0,False,,False,0.0,,,,,,,,,,False,False,0,0.0,0,False,,,,,,False,False
B2300165900000,PORNOMELANCOLIA,2018,2023,PE,SALAS DE EXIBIÇÃO,DOCUMENTÁRIO,DESEMPENHO,SUPORTE AUTOMÁTICO - DESEMPENHO ARTÍSTICO,True,294751.51,1,1.392194,410351.28371294,410351.28371294,410351.28371294,0.0,False,,False,0.0,,,,,,,,,13.0,False,False,0,10.0,2,True,1.0,6.0,,5.8,513.0,False,True
B1800608600000,PROFUNDO SCUBA DIVING 3ª TEMPORADA,2013,2018,SP,COMUNICAÇÃO ELETRÔNICA DE MASSA POR ASSINATURA (TV PAGA),DOCUMENTÁRIO,PRODAV,PRODAV 02 - PROJETO DERIVADO,False,292500.0,1,1.861311,544433.4675,544433.4675,544433.4675,0.0,False,,False,0.0,,,,,,,,,,False,False,0,0.0,0,False,,,,,,False,False
B2500197300000,"VELEIRO ECO, NASCE UM PESQUISADOR",2013,2025,SC,RADIODIFUSÃO DE SONS E IMAGENS (TV ABERTA),DOCUMENTÁRIO,PRODAV,PRODAV 01,False,291515.91,1,1.861311,542601.76995801,542601.76995801,542601.76995801,0.0,False,,False,0.0,,,,,,,,,,False,False,0,0.0,0,False,,,,,,False,False
B1900269000000,SEM DESCANSO,2015,2019,BA,SALAS DE EXIBIÇÃO,DOCUMENTÁRIO,PRODAV,PRODAV 07,False,291000.0,1,1.580544,459938.304,459938.304,459938.304,0.0,False,304.0,True,660.9582140825565,5061.43,158.0,10.0,,,10.5,5.0,,,False,False,0,2.1,1,True,,,,,,False,False
B1900050900000,LINCOLN OLIVETTI - O MAGO DO POP,2013,2018,RJ,COMUNICAÇÃO ELETRÔNICA DE MASSA POR ASSINATURA (TV PAGA),DOCUMENTÁRIO,PRODAV,PRODAV 02 - PROJETO DERIVADO,False,289316.5,1,1.861311,538507.9839315,538507.9839315,538507.9839315,0.0,False,,False,0.0,,,,,,,,,,False,False,0,0.0,0,False,,,4.1,,,True,False
B1800563700000,CINE BARATO,2013,2018,BA,COMUNICAÇÃO ELETRÔNICA DE MASSA POR ASSINATURA (TV PAGA),DOCUMENTÁRIO,PRODAV,PRODAV 02 - PROJETO DERIVADO,False,548101.64,3,1.861311,979371.7955829499,1020187.61165004,979371.7955829499,0.0,False,,False,0.0,,,,,,,,,,False,False,0,0.0,0,False,,,,,,False,False
B2100076100000,QUEM PRECISA DE IDENTIDADE?,2015,2021,SC,COMUNICAÇÃO ELETRÔNICA DE MASSA POR ASSINATURA (TV PAGA),DOCUMENTÁRIO,PRODAV,PRODAV 06,False,286855.67,1,1.580544,453388.00808447995,453388.00808447995,453388.00808447995,0.0,False,,False,0.0,,,,,,,,,,False,False,0,0.0,0,False,,,4.068,,,True,False
B2500366300000,A PEDRA E A CACHOEIRA,2018,2025,BA,COMUNICAÇÃO ELETRÔNICA DE MASSA POR ASSINATURA (TV PAGA),DOCUMENTÁRIO,ARRANJOS,ARRANJOS REGIONAIS,False,286000.0,1,1.392194,398167.484,398167.484,398167.484,0.0,False,,False,0.0,,,,,,,,,,False,False,0,0.0,0,False,,,,,,False,False
B2000097600000,SELVAGEM,2017,2020,SP,SALAS DE EXIBIÇÃO,FICÇÃO,PRODAV,PRODAV 06,False,510000.0,3,1.444401,778447.0350000001,736644.51,778447.0350000001,0.0,False,1076.0,True,1382.2391911352065,5360.04,160.0,7.0,,,,,,,False,False,0,0.0,0,False,,,4.38,7.3,27.0,True,True
B1900180200000,AO VIVO NO SOMA,2013,2019,RS,COMUNICAÇÃO ELETRÔNICA DE MASSA POR ASSINATURA (TV PAGA),DOCUMENTÁRIO,PRODAV,PRODAV 02 - PROJETO DERIVADO,False,284000.0,1,1.861311,528612.324,528612.324,528612.324,0.0,False,,False,0.0,,,,,,,,,,False,False,0,0.0,0,False,,,4.3,,,True,False
B2000210600000,A ARTE DE VER O INVISIVEL,2013,2020,DF,COMUNICAÇÃO ELETRÔNICA DE MASSA POR ASSINATURA (TV PAGA),DOCUMENTÁRIO,PRODAV,PRODAV 01,False,559999.23,2,1.861311,1011345.94023024,1042332.7267905299,1011345.94023024,0.0,False,,False,0.0,,,,,,,,,,False,False,0,0.0,0,False,,,2.9,,,True,False
B2500078400000,CAÇADORES DE MARÉS,2016,2025,PR,COMUNICAÇÃO ELETRÔNICA DE MASSA POR ASSINATURA (TV PAGA),DOCUMENTÁRIO,PRODAV,PRODAV 02 - PROJETO DERIVADO,False,283396.94,1,1.487011,421414.36714634,421414.36714634,421414.36714634,0.0,False,,False,0.0,,,,,,,,,,False,False,0,0.0,0,False,,,,,,False,False
B1800093300000,ANJOS HUMANOS,2014,2018,PE,RADIODIFUSÃO DE SONS E IMAGENS (TV ABERTA),DOCUMENTÁRIO,ARRANJOS,ARRANJOS REGIONAIS,False,283333.33,1,1.749188,495603.26083604,495603.26083604,495603.26083604,0.0,False,,False,0.0,,,,,,,,,,False,False,0,0.0,0,False,,,,,,False,False
B1800348000000,NA CONTRAMÃO,2014,2018,PE,RADIODIFUSÃO DE SONS E IMAGENS (TV ABERTA),DOCUMENTÁRIO,ARRANJOS,ARRANJOS REGIONAIS,False,283332.0,1,1.749188,495600.934416,495600.934416,495600.934416,0.0,False,,False,0.0,,,,,,,,,,False,False,0,0.0,0,False,,,,,,False,False
B2100109300000,A ÚLTIMA GRAVAÇÃO,2013,2021,RJ,COMUNICAÇÃO ELETRÔNICA DE MASSA POR ASSINATURA (TV PAGA),DOCUMENTÁRIO,PRODAV,PRODAV 01,False,280478.05,1,1.861311,522056.87972354994,522056.87972354994,522056.87972354994,0.0,False,,False,0.0,,,,,,,,,,False,False,0,0.0,0,False,,,4.013,,,True,False
B2400188800000,PÉ NA RUA - 6ª TEMPORADA,2015,2024,PE,COMUNICAÇÃO ELETRÔNICA DE MASSA POR ASSINATURA (TV PAGA),DOCUMENTÁRIO,ARRANJOS,ARRANJOS REGIONAIS,False,279954.0,1,1.580544,442479.614976,442479.614976,442479.614976,0.0,False,,False,0.0,,,,,,,,,,False,False,0,0.0,0,False,,,,,,False,False
B1900095200000,MISTER HAZZY,2013,2019,RS,COMUNICAÇÃO ELETRÔNICA DE MASSA POR ASSINATURA (TV PAGA),REALITY-SHOW,PRODAV,PRODAV 02 - PROJETO DERIVADO,False,274030.0,1,1.861311,510055.05332999997,510055.05332999997,510055.05332999997,0.0,False,,False,0.0,,,,,,,,,,False,False,0,0.0,0,False,,,,,,False,False
B1800594800000,JAZZ -MÚSICA INSTRUMENTAL BRASILEIRA,2014,2017,RJ,COMUNICAÇÃO ELETRÔNICA DE MASSA POR ASSINATURA (TV PAGA),DOCUMENTÁRIO,PRODAV,PRODAV 06,False,272000.0,1,1.749188,475779.136,475779.136,475779.136,0.0,False,,False,0.0,,,,,,,,,,False,False,0,0.0,0,False,,,4.05,,,True,False
B1800458600000,VERMELHO SOL,2016,2018,PE,SALAS DE EXIBIÇÃO,FICÇÃO,PRODAV,PRODAV 07,True,368786.67,2,1.487011,539051.68788137,548389.83494337,539051.68788137,0.0,False,6381.0,True,11837.454818255348,53498.43,357.0,21.0,,,47.5,12.0,,,False,False,0,9.5,2,True,,,3.88,,,True,False
B2400120700000,SEU CAVALCANTI,2017,2024,PE,SALAS DE EXIBIÇÃO,FICÇÃO,PRODAV,PRODAV 07,False,268499.0,1,1.444401,387820.224099,387820.224099,387820.224099,0.0,False,803.0,True,2070.546996009718,8747.4,56.0,8.0,,,,,,,False,False,0,0.0,0,False,,,,,,False,False
B1900120600000,ATLÂNTICO NORTE EXTREMO,2016,2019,RJ,COMUNICAÇÃO ELETRÔNICA DE MASSA POR ASSINATURA (TV PAGA),DOCUMENTÁRIO,PRODAV,PRODAV 06,False,267091.19,1,1.487011,397167.53753309004,397167.53753309004,397167.53753309004,0.0,False,,False,0.0,,,,,,,,,,False,False,0,0.0,0,False,,,,,,False,False
B1600324600000,"BILL, O TOURO",2014,2015,BA,RADIODIFUSÃO DE SONS E IMAGENS (TV ABERTA),ANIMAÇÃO,ARRANJOS,ARRANJOS REGIONAIS,False,266642.66,1,1.749188,466408.1411600799,466408.1411600799,466408.1411600799,0.0,False,,False,0.0,,,,,,,,,,False,False,0,0.0,0,False,,,4.3,,,True,False
B1900153500000,NATUREZA DO HOMEM,2014,2019,BA,RADIODIFUSÃO DE SONS E IMAGENS (TV ABERTA),ANIMAÇÃO,ARRANJOS,ARRANJOS REGIONAIS,False,315966.67,2,1.749188,544252.90756396,552685.10756396,544252.90756396,0.0,False,,False,0.0,,,,,,,,,,False,False,0,0.0,0,False,,,4.4,,,True,False
B1900197700000,NATUREZA DO HOMEM,2014,2019,RN,OUTROS MERCADOS - AUDIOVISUAL EM CIRCUITO RESTRITO,FICÇÃO,ARRANJOS,ARRANJOS REGIONAIS,False,315966.67,2,1.749188,552685.10756396,552685.10756396,,,False,,False,0.0,,,,,,,,,,False,False,0,0.0,0,False,,,4.4,,,True,False
B2200457400000,"NOVO MUNDO, PINTURA DE RUA NA AMÉRICA LATINA",2019,2022,RJ,COMUNICAÇÃO ELETRÔNICA DE MASSA POR ASSINATURA (TV PAGA),DOCUMENTÁRIO,PRODUCAO,COPRODUÇÃO INTERNACIONAL,True,264797.0,1,1.33467,353416.61199,353416.61199,353416.61199,0.0,False,,False,0.0,,,,,,,,,,False,False,0,0.0,1,True,,,4.1,,,True,False
B2000397100000,PALAVRA CRÍTICA,2016,2020,PE,RADIODIFUSÃO DE SONS E IMAGENS (TV ABERTA),DOCUMENTÁRIO,ARRANJOS,ARRANJOS REGIONAIS,False,264291.98,1,1.487011,393005.08147177997,393005.08147177997,393005.08147177997,0.0,False,,False,0.0,,,,,,,,,,False,False,0,0.0,0,False,,,,,,False,False
B2400200900000,FÉ NA BATIDA - 2ª TEMPORADA,2018,2024,RJ,COMUNICAÇÃO ELETRÔNICA DE MASSA POR ASSINATURA (TV PAGA),DOCUMENTÁRIO,DESEMPENHO,SUPORTE AUTOMÁTICO - DESEMPENHO COMERCIAL TV E VOD,False,264000.0,1,1.392194,367539.21599999996,367539.21599999996,367539.21599999996,0.0,False,,False,0.0,,,,,,,,,,False,False,0,0.0,0,False,,,,,,False,False
B1800555800000,OFÍCIO DA PALAVRA - 2ª TEMPORADA,2013,2018,MG,COMUNICAÇÃO ELETRÔNICA DE MASSA POR ASSINATURA (TV PAGA),DOCUMENTÁRIO,PRODAV,PRODAV 02 - PROJETO DERIVADO,False,467599.3,2,1.861311,870347.7206822999,870347.7206822999,870347.7206822999,0.0,False,,False,0.0,,,,,,,,,,False,False,0,0.0,0,False,,,,,,False,False
B1700028400000,LAS INESES,2013,2016,RS,SALAS DE EXIBIÇÃO,FICÇÃO,PRODECINE,PRODECINE 04,True,361716.0,2,1.861311,635835.969676,673265.969676,635835.969676,0.0,False,897.0,True,1410.741201786807,10802.2,109.0,9.0,,,,,,,False,False,0,0.0,1,True,,,,6.4,64.0,False,True
B2400315000000,PÉ E CABEÇA,2015,2024,BA,RADIODIFUSÃO DE SONS E IMAGENS (TV ABERTA),ANIMAÇÃO,ARRANJOS,ARRANJOS REGIONAIS,False,260400.0,1,1.580544,411573.6576,411573.6576,411573.6576,0.0,False,,False,0.0,,,,,,,,,,False,False,0,0.0,0,False,,,,,,False,False
B2100053500000,PEQUENO TRATADO DE PEQUENAS COISAS,2016,2021,BA,RADIODIFUSÃO DE SONS E IMAGENS (TV ABERTA),FICÇÃO,ARRANJOS,ARRANJOS REGIONAIS,False,260117.2,1,1.487011,386797.13768920006,386797.13768920006,386797.13768920006,0.0,False,,False,0.0,,,,,,,,,,False,False,0,0.0,0,False,,,,,,False,False
B1900005600000,CRAVOS,2016,2018,SP,SALAS DE EXIBIÇÃO,DOCUMENTÁRIO,PRODECINE,PRODECINE 02,False,457030.0,2,1.487011,660659.45988,679608.63733,660659.45988,0.0,False,66.0,True,99.90018157310277,920.28,86.0,7.0,,,,,,,False,False,0,0.0,0,False,,,,7.6,7.0,False,True
B1402785400000,OS ANOS 80 ESTÃO DE VOLTA,2012,2014,RJ,COMUNICAÇÃO ELETRÔNICA DE MASSA POR ASSINATURA (TV PAGA),DOCUMENTÁRIO,PRODAV,PRODAV 01,False,256000.0,1,1.971315,504656.63999999996,504656.63999999996,504656.63999999996,0.0,False,,False,0.0,,,,,,,,,,False,False,0,0.0,0,False,,,,,,False,False
B1800143100000,GRUPO DE BAGÉ,2013,2018,RS,COMUNICAÇÃO ELETRÔNICA DE MASSA POR ASSINATURA (TV PAGA),DOCUMENTÁRIO,PRODAV,PRODAV 01,False,255000.0,1,1.861311,474634.305,474634.305,474634.305,0.0,False,,False,0.0,,,,,,,,,,False,False,0,0.0,0,False,,,,,,False,False
B1700083900000,AIKEWARA,2013,2017,PA,RADIODIFUSÃO DE SONS E IMAGENS (TV ABERTA),DOCUMENTÁRIO,PRODAV,PRODAV 01,False,250000.0,1,1.861311,465327.75,465327.75,465327.75,0.0,False,,False,0.0,,,,,,,,,,False,False,0,0.0,0,False,,,,,,False,False
B2000043400000,A OUTRA PELE,2015,2019,SC,SALAS DE EXIBIÇÃO,FICÇÃO,PRODECINE,PRODECINE 06,True,250000.0,1,1.580544,395136.0,395136.0,395136.0,0.0,False,135.0,True,341.6545189504373,1620.0,,,,,,,,,False,False,0,0.0,1,True,,,4.058,,,True,False
B1800293900000,AS HERDEIRAS,2015,2018,RJ,SALAS DE EXIBIÇÃO,FICÇÃO,PRODECINE,PRODECINE 06,True,250000.0,1,1.580544,395136.0,395136.0,395136.0,0.0,False,22645.0,True,57309.3820861678,359997.14,1051.0,17.0,,,83.0,21.0,,,False,False,0,16.6,2,True,1.0,0.0,,,,False,False
B2100148000000,TANTAS ALMAS,2015,2021,PR,SALAS DE EXIBIÇÃO,FICÇÃO,PRODECINE,PRODECINE 06,True,250000.0,1,1.580544,395136.0,395136.0,395136.0,0.0,False,604.0,True,1528.587625526401,5042.01,113.0,9.0,,,28.0,11.0,,,False,False,0,5.6,2,True,,,,7.1,327.0,False,True
B1700225000000,"NÓS, OS FASHIONISTAS",2013,2016,RJ,COMUNICAÇÃO ELETRÔNICA DE MASSA POR ASSINATURA (TV PAGA),DOCUMENTÁRIO,PRODAV,PRODAV 02 - PROJETO DERIVADO,False,250000.0,1,1.861311,465327.75,465327.75,465327.75,0.0,False,,False,0.0,,,,,,,,,,False,False,0,0.0,0,False,,,3.6,,,True,False
B1900453800000,O DIABO BRANCO,2016,2019,SP,SALAS DE EXIBIÇÃO,FICÇÃO,PRODAV,PRODAV 06,True,499503.0,2,1.487011,766103.219632,742766.4555330001,766103.219632,0.0,False,113.0,True,147.49970644201167,2396.75,51.0,3.0,,,,,,,False,False,0,0.0,1,True,,,4.31,,,True,False
B1800468000000,PESSOAS HUMANAS,2015,2018,RS,SALAS DE EXIBIÇÃO,FICÇÃO,PRODECINE,PRODECINE 06,True,250000.0,1,1.580544,395136.0,395136.0,395136.0,0.0,False,33.0,True,83.51554907677357,343.0,22.0,2.0,,,,,,,False,False,0,0.0,1,True,1.0,0.0,,,,False,False
B1600227000000,O CASEIRO,2014,2015,SP,SALAS DE EXIBIÇÃO,FICÇÃO,ARRANJOS,ARRANJOS REGIONAIS,False,250000.0,1,1.749188,4110591.8,437297.0,437297.0,3673294.8,True,13245.0,True,3222.1637770016473,153425.65,20.0,6.0,,,,,,,False,False,0,0.0,0,False,,,3.4,5.9,300.0,True,True
B2500080300000,QUASE DA FAMÍLIA,2018,2025,SP,SALAS DE EXIBIÇÃO,DOCUMENTÁRIO,ARRANJOS,ARRANJOS REGIONAIS,False,250000.0,1,1.392194,638106.5,348048.5,348048.5,290058.0,True,,False,0.0,,,,,,,,,,False,False,0,0.0,0,False,,,,,,False,False
B1800215300000,UMA VIAGEM INESPERADA,2015,2018,SP,SALAS DE EXIBIÇÃO,FICÇÃO,PRODECINE,PRODECINE 06,True,350000.0,2,1.580544,793718.473,553190.4,543837.1,249881.37300000002,True,1075.0,True,1354.3845035341644,14837.43,157.0,13.0,,,2.0,1.0,,,False,False,0,0.4,2,True,,,4.5,,,True,False
B2100326700000,SWINGUEIRA,2016,2021,CE,SALAS DE EXIBIÇÃO,DOCUMENTÁRIO,PRODECINE,PRODECINE 01,False,250000.0,1,1.487011,371752.75,371752.75,371752.75,0.0,False,,False,0.0,,,,,,,,,,False,False,0,0.0,0,False,,,,,,False,False
B1900175200000,ENQUANTO ESTAMOS AQUI,2014,2019,MG,SALAS DE EXIBIÇÃO,DOCUMENTÁRIO,PRODAV,PRODAV 07,False,250000.0,1,1.749188,437297.0,437297.0,437297.0,0.0,False,509.0,True,1163.9686528835093,6058.08,66.0,7.0,,,16.5,6.0,,,False,False,0,3.3,1,True,,,4.03,6.9,27.0,True,True
B2600012700000,OS ROMEIROS DE COUTINHO,2018,2026,AL,COMUNICAÇÃO ELETRÔNICA DE MASSA POR ASSINATURA (TV PAGA),DOCUMENTÁRIO,ARRANJOS,ARRANJOS REGIONAIS,False,250000.0,1,1.392194,348048.5,348048.5,348048.5,0.0,False,,False,0.0,,,,,,,,,,False,False,0,0.0,0,False,,,,,,False,False
B2000048800000,"UMA MULHER, UMA ALDEIA",2015,2020,BA,RADIODIFUSÃO DE SONS E IMAGENS (TV ABERTA),DOCUMENTÁRIO,ARRANJOS,ARRANJOS REGIONAIS,False,250000.0,1,1.580544,395136.0,395136.0,395136.0,0.0,False,,False,0.0,,,,,,,,,,False,False,0,0.0,0,False,,,4.305,,,True,False
B2400156200000,A CÁPSULA,2018,2024,PR,RADIODIFUSÃO DE SONS E IMAGENS (TV ABERTA),FICÇÃO,ARRANJOS,ARRANJOS REGIONAIS,False,250000.0,1,1.392194,348048.5,348048.5,348048.5,0.0,False,35.0,True,100.56069771885241,604.5,5.0,2.0,,,,,,,False,False,0,0.0,0,False,,,,,,False,False
B2400123700000,REI ZULU,2018,2024,MA,SALAS DE EXIBIÇÃO,DOCUMENTÁRIO,ARRANJOS,ARRANJOS REGIONAIS,False,250000.0,1,1.392194,348048.5,348048.5,348048.5,0.0,False,,False,0.0,,,,,,,,,,False,False,0,0.0,0,False,,,,,,False,False
B2000556700000,A BARQUEIRA,2015,2020,RS,SALAS DE EXIBIÇÃO,FICÇÃO,PRODECINE,PRODECINE 06,True,250000.0,1,1.580544,395136.0,395136.0,395136.0,0.0,False,,False,0.0,,,,,,,,,,False,False,0,0.0,1,True,,,,,,False,False
B1900288400000,DR. OCRIDE,2015,2019,BA,COMUNICAÇÃO ELETRÔNICA DE MASSA POR ASSINATURA (TV PAGA),DOCUMENTÁRIO,ARRANJOS,ARRANJOS REGIONAIS,False,250000.0,1,1.580544,395136.0,395136.0,395136.0,0.0,False,,False,0.0,,,,,,,,,,False,False,0,0.0,0,False,,,,,,False,False
B2300174400000,FANTASMA,2015,2023,SP,SALAS DE EXIBIÇÃO,FICÇÃO,PRODECINE,PRODECINE 06,True,250000.0,1,1.580544,395136.0,395136.0,395136.0,0.0,False,1374.0,True,3477.2837706511177,6914.65,169.0,10.0,,,,,,,False,False,0,0.0,1,True,,,3.7,,,True,False
B2300315200000,LA ESTRATÉGIA DEL MERO,2015,2023,RJ,SALAS DE EXIBIÇÃO,FICÇÃO,PRODECINE,PRODECINE 06,True,250000.0,1,1.580544,395136.0,395136.0,395136.0,0.0,False,532.0,True,1346.371882086168,8777.34,74.0,4.0,,,,,,,False,False,0,0.0,1,True,,,,,,False,False
B2400265500000,POTÊNCIAS DA IMAGEM,2018,2024,RJ,COMUNICAÇÃO ELETRÔNICA DE MASSA POR ASSINATURA (TV PAGA),DOCUMENTÁRIO,DESEMPENHO,SUPORTE AUTOMÁTICO - DESEMPENHO COMERCIAL TV E VOD,False,250000.0,1,1.392194,348048.5,348048.5,348048.5,0.0,False,,False,0.0,,,,,,,,,,False,False,0,0.0,0,False,,,,,,False,False
B2500246800000,PRESENTE / AUSENTE,2018,2025,PR,COMUNICAÇÃO ELETRÔNICA DE MASSA POR ASSINATURA (TV PAGA),DOCUMENTÁRIO,ARRANJOS,ARRANJOS REGIONAIS,False,250000.0,1,1.392194,348048.5,348048.5,348048.5,0.0,False,,False,0.0,,,,,,,,,,False,False,0,0.0,0,False,,,,,,False,False
B2200208200000,LAS VACACIONES DE HILDA,2015,2022,RJ,SALAS DE EXIBIÇÃO,FICÇÃO,PRODECINE,PRODECINE 06,True,250000.0,1,1.580544,395136.0,395136.0,395136.0,0.0,False,,False,0.0,,,,,,,,,,False,False,0,0.0,1,True,1.0,0.0,,6.4,20.0,False,True
B1700396100000,NINGUÉM ESTÁ OLHANDO,2015,2017,RJ,SALAS DE EXIBIÇÃO,FICÇÃO,PRODECINE,PRODECINE 06,True,250000.0,1,1.580544,395136.0,395136.0,395136.0,0.0,False,7493.0,True,18963.091188856495,105228.8,336.0,9.0,,,22.0,12.0,,,False,False,0,4.4,2,True,,,,,,False,False
B2100075200000,A LUZ NA ESCURIDÃO,2015,2021,BA,RADIODIFUSÃO DE SONS E IMAGENS (TV ABERTA),DOCUMENTÁRIO,ARRANJOS,ARRANJOS REGIONAIS,False,250000.0,1,1.580544,395136.0,395136.0,395136.0,0.0,False,,False,0.0,,,,,,,,,,False,False,0,0.0,0,False,,,3.7,,,True,False
B2200133000000,"LINDBERG LEITE, OS OLHOS DO MARANHÃO.",2016,2022,MA,RADIODIFUSÃO DE SONS E IMAGENS (TV ABERTA),DOCUMENTÁRIO,PRODAV,PRODAV 02 - PROJETO DERIVADO,False,249990.0,1,1.487011,371737.87989000004,371737.87989000004,371737.87989000004,0.0,False,,False,0.0,,,,,,,,,,False,False,0,0.0,0,False,,,,,,False,False
B2200311200000,ILHA DE TODOS OS MESTRES,2016,2022,MA,RADIODIFUSÃO DE SONS E IMAGENS (TV ABERTA),DOCUMENTÁRIO,PRODAV,PRODAV 02 - PROJETO DERIVADO,False,249920.0,1,1.487011,371633.78912000003,371633.78912000003,371633.78912000003,0.0,False,,False,0.0,,,,,,,,,,False,False,0,0.0,0,False,,,3.89,,,True,False
B2400523000000,ARTÉRIA: POESIA EM REVISTA,2018,2024,SP,COMUNICAÇÃO ELETRÔNICA DE MASSA POR ASSINATURA (TV PAGA),DOCUMENTÁRIO,FLUXO CONTINUO,FLUXO CONTÍNUO PRODUÇÃO PARA TELEVISÃO,False,249751.0,1,1.392194,347701.843694,347701.843694,347701.843694,0.0,False,,False,0.0,,,,,,,,,,False,False,0,0.0,0,False,,,,,,False,False
B1900405700000,RECONSTRUÇÕES,2016,2019,RJ,COMUNICAÇÃO ELETRÔNICA DE MASSA POR ASSINATURA (TV PAGA),DOCUMENTÁRIO,PRODAV,PRODAV 02 - PROJETO DERIVADO,False,249588.0,1,1.487011,371140.10146800004,371140.10146800004,371140.10146800004,0.0,False,,False,0.0,,,,,,,,,,False,False,0,0.0,0,False,,,,,,False,False
B2500270400000,O CANTO DA JUREMA,2018,2025,MA,SALAS DE EXIBIÇÃO,DOCUMENTÁRIO,ARRANJOS,ARRANJOS REGIONAIS,False,249089.17,1,1.392194,346780.44793898,346780.44793898,346780.44793898,0.0,False,,False,0.0,,,,,,,,,,False,False,0,0.0,0,False,,,,,,False,False
B2400359900000,TE SIGO,2015,2024,PE,SALAS DE EXIBIÇÃO,FICÇÃO,ARRANJOS,ARRANJOS REGIONAIS,False,241858.73,1,1.580544,382268.36454912,382268.36454912,382268.36454912,0.0,False,,False,0.0,,,,,,,,,,False,False,0,0.0,0,False,,,,,,False,False
B2000221100000,ÀKÀRÀ NO FOGO DA INTOLERÂNCIA,2013,2020,BA,COMUNICAÇÃO ELETRÔNICA DE MASSA POR ASSINATURA (TV PAGA),DOCUMENTÁRIO,PRODAV,PRODAV 01,False,241700.0,1,1.861311,449878.8687,449878.8687,449878.8687,0.0,False,,False,0.0,,,,,,,,,,True,False,1,6.67,0,False,,,4.3,7.0,7.0,True,True
B1600131200000,INCERTEZAS CRÍTICAS,2012,2015,SP,RADIODIFUSÃO DE SONS E IMAGENS (TV ABERTA),DOCUMENTÁRIO,PRODAV,PRODAV 01,False,241208.0,1,1.971315,475496.94852,475496.94852,475496.94852,0.0,False,,False,0.0,,,,,,,,,,False,False,0,0.0,0,False,,,,,,False,False
B1900043300000,HACKERS - 2ª TEMPORADA,2016,2018,SP,COMUNICAÇÃO ELETRÔNICA DE MASSA POR ASSINATURA (TV PAGA),DOCUMENTÁRIO,PRODAV,PRODAV 06,False,240000.0,1,1.487011,356882.64,356882.64,356882.64,0.0,False,,False,0.0,,,,,,,,,,False,False,0,0.0,0,False,,,,,,False,False
B1800514700000,SOBRE RODAS,2016,2016,SP,SALAS DE EXIBIÇÃO,FICÇÃO,PRODECINE,PRODECINE 01,False,340000.0,2,1.487011,496102.04000000004,505583.74000000005,496102.04000000004,0.0,False,3284.0,True,6619.605918169576,33056.93,237.0,19.0,,,12.5,6.0,,,False,False,0,2.5,1,True,,,3.532,,,True,False
B1700479800000,MEU MUNDIAL,2013,2016,RS,SALAS DE EXIBIÇÃO,FICÇÃO,PRODECINE,PRODECINE 04,True,439667.0,2,1.861311,724533.623437,818357.023437,724533.623437,0.0,False,415.0,True,572.782251334793,6387.75,105.0,9.0,,,,,,,False,False,0,0.0,1,True,1.0,0.0,,,,False,False
B2000352100000,GYURI,2016,2020,PE,SALAS DE EXIBIÇÃO,DOCUMENTÁRIO,ARRANJOS,ARRANJOS REGIONAIS,False,363608.0,2,1.487011,540689.0956880001,540689.095688,540689.0956880001,0.0,False,1050.0,True,1941.9662951847163,12643.48,98.0,7.0,,,,,,,False,False,0,0.0,0,False,,,,6.2,15.0,False,True
B2400328600000,ENTRE RIOS,2016,2024,PE,RADIODIFUSÃO DE SONS E IMAGENS (TV ABERTA),DOCUMENTÁRIO,ARRANJOS,ARRANJOS REGIONAIS,False,239400.0,1,1.487011,355990.43340000004,355990.43340000004,355990.43340000004,0.0,False,,False,0.0,,,,,,,,,,False,False,0,0.0,0,False,,,,,,False,False
B1700275200000,FÉ NA BATIDA,2014,2017,RJ,COMUNICAÇÃO ELETRÔNICA DE MASSA POR ASSINATURA (TV PAGA),DOCUMENTÁRIO,PRODAV,PRODAV 06,False,237420.0,1,1.749188,415292.21496,415292.21496,415292.21496,0.0,False,,False,0.0,,,,,,,,,,False,False,0,0.0,0,False,,,3.56,,,True,False
B1900412100000,A VOZ DO VERBO ENCANTADO,2014,2018,PE,RADIODIFUSÃO DE SONS E IMAGENS (TV ABERTA),DOCUMENTÁRIO,ARRANJOS,ARRANJOS REGIONAIS,False,237416.0,1,1.749188,415285.218208,415285.218208,415285.218208,0.0,False,,False,0.0,,,,,,,,,,False,False,0,0.0,0,False,,,2.6,,,True,False
B2400417900000,LÁ EM CASA SESSIONS 3ª TEMPORADA,2016,2023,BA,COMUNICAÇÃO ELETRÔNICA DE MASSA POR ASSINATURA (TV PAGA),DOCUMENTÁRIO,PRODAV,PRODAV 02 - PROJETO DERIVADO,False,237120.0,1,1.487011,352600.04832,352600.04832,352600.04832,0.0,False,,False,0.0,,,,,,,,,,False,False,0,0.0,0,False,,,,,,False,False
B1900108800000,OS JOVENS BAUMANN,2016,2018,SP,SALAS DE EXIBIÇÃO,FICÇÃO,PRODAV,PRODAV 07,False,237000.0,1,1.487011,352421.607,352421.607,352421.607,0.0,False,1783.0,True,5059.281169443166,12026.22,130.0,17.0,,,4.5,3.0,,,False,False,0,0.9,1,True,,,3.54,6.1,72.0,True,True
B2000108600000,A NOSSA BANDEIRA JAMAIS SERÁ VERMELHA,2016,2019,SP,COMUNICAÇÃO ELETRÔNICA DE MASSA POR ASSINATURA (TV PAGA),DOCUMENTÁRIO,PRODAV,PRODAV 02 - PROJETO DERIVADO,False,233586.67,1,1.487011,347345.94774337,347345.94774337,347345.94774337,0.0,False,,False,0.0,,,,,,,,,,False,False,0,0.0,0,False,,,,6.7,125.0,False,True
B1900056400000,GEEK TOUR ADVENTURES,2016,2016,BA,COMUNICAÇÃO ELETRÔNICA DE MASSA POR ASSINATURA (TV PAGA),DOCUMENTÁRIO,PRODAV,PRODAV 06,False,232650.0,1,1.487011,345953.10915000003,345953.10915000003,345953.10915000003,0.0,False,,False,0.0,,,,,,,,,,False,False,0,0.0,0,False,,,,,,False,False
B1800187200000,RAIVA,2013,2018,RJ,SALAS DE EXIBIÇÃO,FICÇÃO,PRODECINE,PRODECINE 04,True,431596.0,2,1.861311,709510.982356,803334.382356,709510.982356,0.0,False,2675.0,True,3770.2023880129427,34433.41,224.0,14.0,,,5.0,3.0,,,False,False,0,1.0,2,True,,,,7.0,333.0,False,True
B2000556500000,POR TRÁS DAS CÂMERAS,2016,2020,MG,COMUNICAÇÃO ELETRÔNICA DE MASSA POR ASSINATURA (TV PAGA),DOCUMENTÁRIO,PRODAV,PRODAV 06,False,256000.0,2,1.487011,379608.3703634,380674.81600000005,379608.3703634,0.0,False,,False,0.0,,,,,,,,,,False,False,0,0.0,0,False,,,,,,False,False
B2000003600000,ONDE DORMEM OS SONHOS,2015,2018,BA,SALAS DE EXIBIÇÃO,DOCUMENTÁRIO,PRODECINE,PRODECINE 01,False,230000.0,1,1.580544,363525.12,363525.12,363525.12,0.0,False,56.0,True,154.04712609681556,347.7,,,,,,,,,False,False,0,0.0,0,False,,,3.32,,,True,False
B1600412400000,ARTISTAS,2012,2015,RJ,COMUNICAÇÃO ELETRÔNICA DE MASSA POR ASSINATURA (TV PAGA),DOCUMENTÁRIO,PRODAV,PRODAV 01,False,230000.0,1,1.971315,453402.45,453402.45,453402.45,0.0,False,,False,0.0,,,,,,,,,,False,False,0,0.0,0,False,,,,,,False,False
B2500298100000,ETA POVO CRIATIVO,2018,2025,BA,RADIODIFUSÃO DE SONS E IMAGENS (TV ABERTA),DOCUMENTÁRIO,DESEMPENHO,SUPORTE AUTOMÁTICO - DESEMPENHO COMERCIAL TV E VOD,False,230000.0,1,1.392194,320204.62,320204.62,320204.62,0.0,False,,False,0.0,,,,,,,,,,False,False,0,0.0,0,False,,,,,,False,False
B2000136800000,CAVERNA DO CARUSO,2016,2019,PA,COMUNICAÇÃO ELETRÔNICA DE MASSA POR ASSINATURA (TV PAGA),DOCUMENTÁRIO,PRODAV,PRODAV 06,False,228702.0,1,1.487011,340082.389722,340082.389722,340082.389722,0.0,False,,False,0.0,,,,,,,,,,False,False,0,0.0,0,False,,,,,,False,False
B1900235200000,ORQUESTRA DO MUNDO - RIO SÃO FRANCISCO,2015,2019,BA,COMUNICAÇÃO ELETRÔNICA DE MASSA POR ASSINATURA (TV PAGA),DOCUMENTÁRIO,ARRANJOS,ARRANJOS REGIONAIS,False,226000.0,1,1.580544,357202.94399999996,357202.94399999996,357202.94399999996,0.0,False,,False,0.0,,,,,,,,,,False,False,0,0.0,0,False,,,4.252,,,True,False
B2100104400000,TODA MENINA BAIANA,2016,2021,BA,RADIODIFUSÃO DE SONS E IMAGENS (TV ABERTA),DOCUMENTÁRIO,ARRANJOS,ARRANJOS REGIONAIS,False,226000.0,1,1.487011,336064.48600000003,336064.48600000003,336064.48600000003,0.0,False,,False,0.0,,,,,,,,,,False,False,0,0.0,0,False,,,,,,False,False
B1900032600000,"CARTAS PARA...A SÉRIE, ESCRITORAS BAIANAS",2015,2018,BA,RADIODIFUSÃO DE SONS E IMAGENS (TV ABERTA),DOCUMENTÁRIO,ARRANJOS,ARRANJOS REGIONAIS,False,226000.0,1,1.580544,357202.94399999996,357202.94399999996,357202.94399999996,0.0,False,,False,0.0,,,,,,,,,,False,False,0,0.0,0,False,,,4.055,,,True,False
B1900514000000,D'ARQUEOLOGIA - A OCUPAÇÃO DO BRASIL,2015,2019,BA,RADIODIFUSÃO DE SONS E IMAGENS (TV ABERTA),DOCUMENTÁRIO,ARRANJOS,ARRANJOS REGIONAIS,False,226000.0,1,1.580544,357202.94399999996,357202.94399999996,357202.94399999996,0.0,False,,False,0.0,,,,,,,,,,False,False,0,0.0,0,False,,,4.343,,,True,False
B2200360000000,BAHIA DA FÉ AO PROFANO,2015,2022,BA,COMUNICAÇÃO ELETRÔNICA DE MASSA POR ASSINATURA (TV PAGA),DOCUMENTÁRIO,ARRANJOS,ARRANJOS REGIONAIS,False,226000.0,1,1.580544,357202.94399999996,357202.94399999996,357202.94399999996,0.0,False,,False,0.0,,,,,,,,,,False,False,0,0.0,0,False,,,,,,False,False
B2000059600000,DA MANGA ROSA,2015,2020,BA,COMUNICAÇÃO ELETRÔNICA DE MASSA POR ASSINATURA (TV PAGA),DOCUMENTÁRIO,ARRANJOS,ARRANJOS REGIONAIS,False,225920.0,1,1.580544,357076.50048,357076.50048,357076.50048,0.0,False,,False,0.0,,,,,,,,,,False,False,0,0.0,0,False,,,4.09,,,True,False
B2000223500000,80 ANOS,2016,2020,BA,RADIODIFUSÃO DE SONS E IMAGENS (TV ABERTA),DOCUMENTÁRIO,ARRANJOS,ARRANJOS REGIONAIS,False,225800.0,1,1.487011,335767.0838,335767.0838,335767.0838,0.0,False,,False,0.0,,,,,,,,,,False,False,0,0.0,0,False,,,,,,False,False
B1800236000000,PROFETAS DA CHUVA,2015,2017,BA,COMUNICAÇÃO ELETRÔNICA DE MASSA POR ASSINATURA (TV PAGA),DOCUMENTÁRIO,ARRANJOS,ARRANJOS REGIONAIS,False,225079.06,1,1.580544,355747.35780864,355747.35780864,355747.35780864,0.0,False,,False,0.0,,,,,,,,,,False,False,0,0.0,0,False,,,3.468,,,True,False
B1700539700000,ASAS PARA LAUREN,2014,2017,RJ,COMUNICAÇÃO ELETRÔNICA DE MASSA POR ASSINATURA (TV PAGA),DOCUMENTÁRIO,PRODAV,PRODAV 06,False,225000.06,1,1.749188,393567.40495128,393567.40495128,393567.40495128,0.0,False,,False,0.0,,,,,,,,,,False,False,0,0.0,0,False,,,,,,False,False
B1700558300000,CINEMA DIVERSIDADE,2013,2017,SP,COMUNICAÇÃO ELETRÔNICA DE MASSA POR ASSINATURA (TV PAGA),DOCUMENTÁRIO,PRODAV,PRODAV 02 - PROJETO DERIVADO,False,225000.0,1,1.861311,418794.975,418794.975,418794.975,0.0,False,,False,0.0,,,,,,,,,,False,False,0,0.0,0,False,,,,,,False,False
B2000499300000,ESPERO QUE ESTA TE ENCONTRE E QUE ESTEJAS BEM,2016,2020,PE,SALAS DE EXIBIÇÃO,DOCUMENTÁRIO,ARRANJOS,ARRANJOS REGIONAIS,False,222424.6,1,1.487011,330747.82687060005,330747.82687060005,330747.82687060005,0.0,False,1782.0,True,5387.790501484322,21335.07,196.0,11.0,,,,,,,False,False,0,0.0,0,False,,,,8.1,18.0,False,True
B2200210800000,UM SAMURAI EM SÃO PAULO,2018,2022,SP,SALAS DE EXIBIÇÃO,DOCUMENTÁRIO,ARRANJOS,ARRANJOS REGIONAIS,False,448772.0,3,1.392194,1253048.8077679998,624777.685768,644539.3677679999,608509.44,True,517.0,True,412.593664983337,8542.67,73.0,8.0,,,,,,,False,False,0,0.0,0,False,,,,,,False,False
B2400172100000,ASSEXYBILIDADE,2018,2024,RJ,SALAS DE EXIBIÇÃO,DOCUMENTÁRIO,DESEMPENHO,SUPORTE AUTOMÁTICO - DESEMPENHO COMERCIAL CINEMA,False,221286.0,1,1.392194,656121.5414839999,308073.041484,308073.041484,348048.5,True,1391.0,True,2120.034036458961,16802.04,193.0,16.0,,,,,,,False,False,0,0.0,0,False,,,,,,False,False
B2100217200000,MATA,2015,2021,RJ,COMUNICAÇÃO ELETRÔNICA DE MASSA POR ASSINATURA (TV PAGA),DOCUMENTÁRIO,PRODAV,PRODAV 06,True,220000.0,1,1.580544,347719.68,347719.68,347719.68,0.0,False,,False,0.0,,,,,,,,,,False,False,0,0.0,1,True,,,3.095,8.5,20.0,True,True
B2000406100000,OPERAÇÃO CAMANDUCAIA,2016,2020,BA,COMUNICAÇÃO ELETRÔNICA DE MASSA POR ASSINATURA (TV PAGA),DOCUMENTÁRIO,PRODAV,PRODAV 02 - PROJETO DERIVADO,False,220000.0,1,1.487011,327142.42000000004,327142.42000000004,327142.42000000004,0.0,False,,False,0.0,,,,,,,,,,False,False,0,0.0,0,False,,,,6.8,12.0,False,True
B1900487000000,FAMÍLIA DE AXÉ,2016,2019,RJ,SALAS DE EXIBIÇÃO,DOCUMENTÁRIO,PRODAV,PRODAV 06,False,219837.63,1,1.487011,326900.97402393003,326900.97402393003,326900.97402393003,0.0,False,97.0,True,296.7259436580918,1690.72,59.0,5.0,,,,,,,False,False,0,0.0,0,False,,,3.656,,,True,False
B2100328100000,A RAINHA E SEUS REIS DE BARRO,2015,2021,CE,RADIODIFUSÃO DE SONS E IMAGENS (TV ABERTA),DOCUMENTÁRIO,ARRANJOS,ARRANJOS REGIONAIS,False,219657.75,1,1.580544,347178.738816,347178.738816,347178.738816,0.0,False,,False,0.0,,,,,,,,,,False,False,0,0.0,0,False,,,4.2,,,True,False
B1900320300000,A MULHER DA LUZ PRÓPRIA,2015,2019,SP,SALAS DE EXIBIÇÃO,DOCUMENTÁRIO,PRODAV,PRODAV 06,False,219500.33,1,1.580544,346929.92957951996,346929.92957951996,346929.92957951996,0.0,False,13.0,True,37.47154365077708,190.0,16.0,3.0,,,19.0,11.0,,,False,False,0,3.8,1,True,,,4.3,6.9,21.0,True,True
B1900460900000,ONDE A BELEZA ESTÁ,2013,2019,RJ,COMUNICAÇÃO ELETRÔNICA DE MASSA POR ASSINATURA (TV PAGA),DOCUMENTÁRIO,PRODAV,PRODAV 01,False,219000.0,1,1.861311,407627.109,407627.109,407627.109,0.0,False,,False,0.0,,,,,,,,,,False,False,0,0.0,0,False,,,4.1,,,True,False
B1900071900000,ANJOS DE IPANEMA,2014,2018,RJ,COMUNICAÇÃO ELETRÔNICA DE MASSA POR ASSINATURA (TV PAGA),DOCUMENTÁRIO,PRODAV,PRODAV 06,False,216680.0,1,1.749188,379014.05584,379014.05584,379014.05584,0.0,False,,False,0.0,,,,,,,,,,False,False,0,0.0,0,False,,,3.8,,,True,False
B2500129500000,DA FOME AO SONHO,2017,2025,SP,COMUNICAÇÃO ELETRÔNICA DE MASSA POR ASSINATURA (TV PAGA),DOCUMENTÁRIO,PRODAV,PRODAV 06,False,215700.54,1,1.444401,311558.07567654003,311558.07567654003,311558.07567654003,0.0,False,,False,0.0,,,,,,,,,,False,False,0,0.0,0,False,,,,,,False,False
B1800141000000,AZOUGUE NAZARÉ,2014,2018,PE,SALAS DE EXIBIÇÃO,FICÇÃO,ARRANJOS,ARRANJOS REGIONAIS,False,395300.0,2,1.749188,627195.0963999999,691454.0164,627195.0963999999,0.0,False,4881.0,True,7782.267476286348,41259.99,190.0,15.0,,,,,,,False,False,0,0.0,0,False,,,,6.6,149.0,False,True
B1201623700000,BOCA,2009,2010,SP,SALAS DE EXIBIÇÃO,FICÇÃO,PRODECINE,PRODECINE 01,False,215259.6,1,2.353382,3090251.8079672,506588.0679672,506588.0679672,2583663.74,True,,False,0.0,,,,,,,,,,False,False,0,0.0,0,False,,,,5.7,774.0,False,True
B1900248400000,HUNT,2016,2018,BA,RADIODIFUSÃO DE SONS E IMAGENS (TV ABERTA),FICÇÃO,ARRANJOS,ARRANJOS REGIONAIS,False,211550.0,1,1.487011,314577.17705,314577.17705,314577.17705,0.0,False,,False,0.0,,,,,,,,,,False,False,0,0.0,0,False,,,,,,False,False
B1101414400000,HISTÓRIAS QUE SÓ EXISTEM QUANDO LEMBRADAS,2010,2011,RJ,INDEFINIDO,FICÇÃO,PRODECINE,PRODECINE 01,False,210000.0,1,2.222058,466632.18,466632.18,466632.18,0.0,False,22.0,True,47.14634125747607,81755.73,5.0,2.0,,,,,,2.0,True,False,1,8.67,1,True,2.0,1.0,,7.2,971.0,False,True
B2300379200000,AS INDÍGENAS DA TERRA,2016,2023,BA,COMUNICAÇÃO ELETRÔNICA DE MASSA POR ASSINATURA (TV PAGA),DOCUMENTÁRIO,PRODAV,PRODAV 02 - PROJETO DERIVADO,False,208000.0,1,1.487011,309298.288,309298.288,309298.288,0.0,False,,False,0.0,,,,,,,,,,False,False,0,0.0,0,False,,,3.0,,,True,False
B1800006500000,EULLER MILLER ENTRE DOIS MUNDOS,2015,2017,PR,RADIODIFUSÃO DE SONS E IMAGENS (TV ABERTA),DOCUMENTÁRIO,PRODAV,PRODAV 12,False,208000.0,1,1.580544,328753.152,328753.152,328753.152,0.0,False,,False,0.0,,,,,,,,,,False,False,0,0.0,0,False,,,3.775,,,True,False
B2100313500000,A MENINA DE OURO,2016,2021,BA,RADIODIFUSÃO DE SONS E IMAGENS (TV ABERTA),DOCUMENTÁRIO,PRODAV,PRODAV 02 - PROJETO DERIVADO,False,208000.0,1,1.487011,309298.288,309298.288,309298.288,0.0,False,,False,0.0,,,,,,,,,,False,False,0,0.0,0,False,,,4.29,,,True,False
B2300005100000,AREMBEPE,2016,2022,BA,COMUNICAÇÃO ELETRÔNICA DE MASSA POR ASSINATURA (TV PAGA),DOCUMENTÁRIO,PRODAV,PRODAV 02 - PROJETO DERIVADO,False,208000.0,1,1.487011,309298.288,309298.288,309298.288,0.0,False,,False,0.0,,,,,,,,,,False,False,0,0.0,0,False,,,,,,False,False
B2100058600000,A CRIANÇA QUE EXISTE EM VOCÊ,2016,2021,BA,RADIODIFUSÃO DE SONS E IMAGENS (TV ABERTA),DOCUMENTÁRIO,PRODAV,PRODAV 02 - PROJETO DERIVADO,False,208000.0,1,1.487011,309298.288,309298.288,309298.288,0.0,False,,False,0.0,,,,,,,,,,False,False,0,0.0,0,False,,,,,,False,False
B1800550600000,BIMI SHU IKAYA,2015,2018,AC,RADIODIFUSÃO DE SONS E IMAGENS (TV ABERTA),DOCUMENTÁRIO,PRODAV,PRODAV 08,False,208000.0,1,1.580544,328753.152,328753.152,328753.152,0.0,False,,False,0.0,,,,,,,,,,False,False,0,0.0,0,False,,,,,,False,False
B1700574300000,XAVANTE - O POVO DO SOL NASCENTE,2015,2017,CE,RADIODIFUSÃO DE SONS E IMAGENS (TV ABERTA),DOCUMENTÁRIO,PRODAV,PRODAV 09,False,208000.0,1,1.580544,328753.152,328753.152,328753.152,0.0,False,,False,0.0,,,,,,,,,,False,False,0,0.0,0,False,,,3.88,,,True,False
B2200498900000,50 ANOS EM CENA,2016,2022,BA,COMUNICAÇÃO ELETRÔNICA DE MASSA POR ASSINATURA (TV PAGA),DOCUMENTÁRIO,PRODAV,PRODAV 02 - PROJETO DERIVADO,False,208000.0,1,1.487011,309298.288,309298.288,309298.288,0.0,False,,False,0.0,,,,,,,,,,False,False,0,0.0,0,False,,,4.058,,,True,False
B2300207700000,MARÉ VAZANTE,2016,2023,BA,RADIODIFUSÃO DE SONS E IMAGENS (TV ABERTA),DOCUMENTÁRIO,PRODAV,PRODAV 02 - PROJETO DERIVADO,False,208000.0,1,1.487011,309298.288,309298.288,309298.288,0.0,False,,False,0.0,,,,,,,,,,False,False,0,0.0,0,False,,,2.8,,,True,False
B2600017600000,CAÇADA FULNI-Ô,2016,2026,PE,RADIODIFUSÃO DE SONS E IMAGENS (TV ABERTA),DOCUMENTÁRIO,PRODAV,PRODAV 02 - PROJETO DERIVADO,False,208000.0,1,1.487011,309298.288,309298.288,309298.288,0.0,False,,False,0.0,,,,,,,,,,False,False,0,0.0,0,False,,,,,,False,False
B1800290700000,RESPLENDOR,2015,2018,GO,RADIODIFUSÃO DE SONS E IMAGENS (TV ABERTA),DOCUMENTÁRIO,PRODAV,PRODAV 10,False,208000.0,1,1.580544,328753.152,328753.152,328753.152,0.0,False,,False,0.0,,,,,,,,,,False,False,0,0.0,0,False,,,,,,False,False
B2200291800000,YBY YARA- TERRA DO CONHECIMENTO,2016,2022,BA,RADIODIFUSÃO DE SONS E IMAGENS (TV ABERTA),DOCUMENTÁRIO,PRODAV,PRODAV 02 - PROJETO DERIVADO,False,208000.0,1,1.487011,309298.288,309298.288,309298.288,0.0,False,,False,0.0,,,,,,,,,,False,False,0,0.0,0,False,,,3.708,,,True,False
B2600062800000,RAÍZES DA ALMA,2016,2026,PE,RADIODIFUSÃO DE SONS E IMAGENS (TV ABERTA),DOCUMENTÁRIO,PRODAV,PRODAV 02 - PROJETO DERIVADO,False,208000.0,1,1.487011,309298.288,309298.288,309298.288,0.0,False,,False,0.0,,,,,,,,,,False,False,0,0.0,0,False,,,,,,False,False
B2500329700000,ENCRUZILHADAS DA LIBERDADE,2016,2025,BA,RADIODIFUSÃO DE SONS E IMAGENS (TV ABERTA),DOCUMENTÁRIO,PRODAV,PRODAV 02 - PROJETO DERIVADO,False,208000.0,1,1.487011,309298.288,309298.288,309298.288,0.0,False,,False,0.0,,,,,,,,,,False,False,0,0.0,0,False,,,,,,False,False
B1900089400000,FRONTEIRA,2015,2019,RJ,RADIODIFUSÃO DE SONS E IMAGENS (TV ABERTA),DOCUMENTÁRIO,PRODAV,PRODAV 11,False,207999.0,1,1.580544,703480.64832305,328751.571456,328751.571456,374729.07686705,True,,False,0.0,,,,,,,,,,False,False,0,0.0,0,False,,,3.566,,,True,False
B1800193300000,PAMPA HYPERTROPICAL,2015,2018,RS,RADIODIFUSÃO DE SONS E IMAGENS (TV ABERTA),DOCUMENTÁRIO,PRODAV,PRODAV 12,False,207900.0,1,1.580544,328595.0976,328595.0976,328595.0976,0.0,False,,False,0.0,,,,,,,,,,False,False,0,0.0,0,False,,,,,,False,False
B2500516600000,PORTÃO DE GELO,2016,2025,PE,RADIODIFUSÃO DE SONS E IMAGENS (TV ABERTA),DOCUMENTÁRIO,PRODAV,PRODAV 02 - PROJETO DERIVADO,False,207880.0,1,1.487011,309119.84668,309119.84668,309119.84668,0.0,False,,False,0.0,,,,,,,,,,False,False,0,0.0,0,False,,,,,,False,False
B2100125800000,TERRAS QUE LIBERTAM - HISTÓRIAS DOS CUPERTINOS,2016,2021,BA,RADIODIFUSÃO DE SONS E IMAGENS (TV ABERTA),DOCUMENTÁRIO,PRODAV,PRODAV 02 - PROJETO DERIVADO,False,207790.0,1,1.487011,308986.01569000003,308986.01569000003,308986.01569000003,0.0,False,,False,0.0,,,,,,,,,,False,False,0,0.0,0,False,,,,,,False,False
B2000413400000,"CANTOS DE TRABALHO: BOIS, BATAS E CANTIGAS",2016,2020,RJ,RADIODIFUSÃO DE SONS E IMAGENS (TV ABERTA),DOCUMENTÁRIO,PRODAV,PRODAV 02 - PROJETO DERIVADO,False,207611.1,1,1.487011,308719.9894221,308719.9894221,308719.9894221,0.0,False,,False,0.0,,,,,,,,,,False,False,0,0.0,0,False,,,3.683,,,True,False
B1800497500000,3 REFEIÇÕES,2015,2018,DF,RADIODIFUSÃO DE SONS E IMAGENS (TV ABERTA),DOCUMENTÁRIO,PRODAV,PRODAV 10,False,207576.21,1,1.580544,328083.33325823996,328083.33325823996,328083.33325823996,0.0,False,,False,0.0,,,,,,,,,,False,False,0,0.0,0,False,,,,,,False,False
B1900261300000,O OUTRO LADO DO OUTRO,2015,2019,PE,RADIODIFUSÃO DE SONS E IMAGENS (TV ABERTA),DOCUMENTÁRIO,PRODAV,PRODAV 09,False,207234.0,1,1.580544,327542.455296,327542.455296,327542.455296,0.0,False,,False,0.0,,,,,,,,,,False,False,0,0.0,0,False,,,4.348,,,True,False
B2100115100000,EU NÃO ANDO SÓ,2016,2021,BA,RADIODIFUSÃO DE SONS E IMAGENS (TV ABERTA),DOCUMENTÁRIO,PRODAV,PRODAV 02 - PROJETO DERIVADO,False,206900.0,1,1.487011,307662.5759,307662.5759,307662.5759,0.0,False,,False,0.0,,,,,,,,,,False,False,0,0.0,0,False,,,,,,False,False
B1800607800000,NA REDE BR,2013,2018,SP,COMUNICAÇÃO ELETRÔNICA DE MASSA POR ASSINATURA (TV PAGA),DOCUMENTÁRIO,PRODAV,PRODAV 02 - PROJETO DERIVADO,False,206260.0,1,1.861311,383914.00685999996,383914.00685999996,383914.00685999996,0.0,False,,False,0.0,,,,,,,,,,False,False,0,0.0,0,False,,,,,,False,False
B1800028600000,A TERRA E A VIDA,2015,2018,SP,RADIODIFUSÃO DE SONS E IMAGENS (TV ABERTA),DOCUMENTÁRIO,PRODAV,PRODAV 11,False,205920.0,1,1.580544,325465.62048,325465.62048,325465.62048,0.0,False,,False,0.0,,,,,,,,,,False,False,0,0.0,0,False,,,3.2,,,True,False
B1900029400000,KUNTANAWA - A RECONSTRUÇÃO DE UM POVO,2015,2017,DF,RADIODIFUSÃO DE SONS E IMAGENS (TV ABERTA),DOCUMENTÁRIO,PRODAV,PRODAV 10,False,205920.0,1,1.580544,325465.62048,325465.62048,325465.62048,0.0,False,,False,0.0,,,,,,,,,,False,False,0,0.0,0,False,,,3.629,,,True,False
B1900630900000,MISSIVAS,2015,2019,MT,RADIODIFUSÃO DE SONS E IMAGENS (TV ABERTA),DOCUMENTÁRIO,PRODAV,PRODAV 10,False,205920.0,1,1.580544,325465.62048,325465.62048,325465.62048,0.0,False,,False,0.0,,,,,,,,,,False,False,0,0.0,0,False,,,,,,False,False
B2200132800000,BEM VINDOS DE NOVO,2016,2022,SP,SALAS DE EXIBIÇÃO,DOCUMENTÁRIO,PRODECINE,PRODECINE 05,False,350250.0,2,1.487011,560152.15275,520825.60275,560152.15275,0.0,False,2662.0,True,4752.28022766891,39100.7,298.0,16.0,,,,,,,False,False,0,0.0,0,False,,,3.02,7.7,38.0,True,True
B1800307800000,1798 REVOLTA DOS BÚZIOS,2014,2018,BA,COMUNICAÇÃO ELETRÔNICA DE MASSA POR ASSINATURA (TV PAGA),DOCUMENTÁRIO,ARRANJOS,ARRANJOS REGIONAIS,False,200000.0,1,1.749188,349837.6,349837.6,349837.6,0.0,False,6894.0,True,19706.28657411325,91262.83,257.0,14.0,,,,,,,False,False,0,0.0,0,False,,,,,,False,False
B1600756100000,A CIDADE DO FUTURO,2014,2016,BA,SALAS DE EXIBIÇÃO,FICÇÃO,ARRANJOS,ARRANJOS REGIONAIS,False,333333.0,2,1.749188,560576.273152,583062.083604,560576.273152,0.0,False,11786.0,True,21024.792814954246,153437.21,642.0,11.0,,,,,,,False,False,0,0.0,0,False,,,4.062,5.6,166.0,True,True
B1900372300000,SONS AFRICANOS,2014,2019,DF,COMUNICAÇÃO ELETRÔNICA DE MASSA POR ASSINATURA (TV PAGA),DOCUMENTÁRIO,PRODAV,PRODAV 06,False,200000.0,1,1.749188,349837.6,349837.6,349837.6,0.0,False,,False,0.0,,,,,,,,,,False,False,0,0.0,0,False,,,,,,False,False
B1900350700000,ESPERO TUA (RE)VOLTA,2015,2019,RJ,SALAS DE EXIBIÇÃO,DOCUMENTÁRIO,PRODAV,PRODAV 06,False,200000.0,1,1.580544,604989.0,316108.8,316108.8,288880.2,True,2834.0,True,4684.382691255543,19738.14,91.0,4.0,,,45.5,15.0,3530.0,,False,False,1,15.77,2,True,1.0,0.0,,7.5,370.0,False,True
B2500366600000,DANÇA ANFÍBIA,2018,2025,AL,RADIODIFUSÃO DE SONS E IMAGENS (TV ABERTA),DOCUMENTÁRIO,ARRANJOS,ARRANJOS REGIONAIS,False,200000.0,1,1.392194,278438.8,278438.8,278438.8,0.0,False,,False,0.0,,,,,,,,,,False,False,0,0.0,0,False,,,,,,False,False
B1800517200000,MEU NOME É DANIEL,2018,2018,RJ,SALAS DE EXIBIÇÃO,DOCUMENTÁRIO,CINEMA,COMERCIALIZAÇÃO EM CINEMA,False,200000.0,1,1.392194,1068710.8,278438.8,278438.8,790272.0,True,1429.0,True,1337.125066949824,14589.25,195.0,14.0,,,18.5,10.0,,,False,False,0,3.7,1,True,,,3.857,7.1,23.0,True,True
B1700605800000,LOS TERRITORIOS,2015,2017,SP,SALAS DE EXIBIÇÃO,DOCUMENTÁRIO,PRODAV,PRODAV 06,True,320000.0,2,1.580544,483172.07999999996,505774.07999999996,483172.07999999996,0.0,False,878.0,True,1817.157978167944,8536.33,96.0,12.0,,,21.0,6.0,,,False,False,0,4.2,2,True,,,,5.5,78.0,False,True
B1900350600000,PARQUE OESTE,2014,2019,GO,OUTROS MERCADOS,DOCUMENTÁRIO,ARRANJOS,ARRANJOS REGIONAIS,False,200000.0,1,1.749188,349837.6,349837.6,349837.6,0.0,False,132.0,True,377.3179326636131,966.0,,,,,,,,,False,False,0,0.0,0,False,,,,,,False,False
B1700411300000,MÚSICA PARA QUANDO AS LUZES SE APAGAM,2018,2015,RS,SALAS DE EXIBIÇÃO,DOCUMENTÁRIO,CINEMA,COMERCIALIZAÇÃO EM CINEMA,False,350000.0,2,1.392194,540817.0,487267.89999999997,540817.0,0.0,False,379.0,True,700.7915801463341,5857.42,142.0,11.0,,,,,,,False,False,0,0.0,0,False,,,3.7,6.5,35.0,True,True
B2300166800000,PARTOUR,2016,2023,SP,COMUNICAÇÃO ELETRÔNICA DE MASSA POR ASSINATURA (TV PAGA),DOCUMENTÁRIO,PRODAV,PRODAV 06,False,200000.0,1,1.487011,297402.2,297402.2,297402.2,0.0,False,,False,0.0,,,,,,,,,,False,False,0,0.0,0,False,,,,,,False,False
B2600029500000,GUERREIRAS,2018,2026,PA,COMUNICAÇÃO ELETRÔNICA DE MASSA POR ASSINATURA (TV PAGA),DOCUMENTÁRIO,SAV/MINC 10,SAV/MINC 10,False,200000.0,1,1.392194,278438.8,278438.8,278438.8,0.0,False,,False,0.0,,,,,,,,,,False,False,0,0.0,0,False,,,,,,False,False
B1600779300000,NÓIS POR NÓIS,2018,2016,PR,RADIODIFUSÃO DE SONS E IMAGENS (TV ABERTA),FICÇÃO,CINEMA,COMERCIALIZAÇÃO EM CINEMA,False,200000.0,1,1.392194,278438.8,278438.8,278438.8,0.0,False,,False,0.0,,,,,,,,,,False,False,0,0.0,0,False,,,,,,False,False
B1800462300000,EXCELENTÍSSIMOS,2015,2018,RJ,SALAS DE EXIBIÇÃO,DOCUMENTÁRIO,PRODAV,PRODAV 06,False,350000.0,2,1.580544,578487.0,553190.4,578487.0,0.0,False,2210.0,True,3820.3105687768266,25556.71,132.0,16.0,,,,,,,False,False,0,0.0,0,False,,,,7.0,192.0,False,True
B1500018900000,TURMA DO XAXADO,2010,2013,BA,RADIODIFUSÃO DE SONS E IMAGENS (TV ABERTA),ANIMAÇÃO,PRODAV,PRODAV 01,False,200000.0,1,2.222058,444411.60000000003,444411.60000000003,444411.60000000003,0.0,False,,False,0.0,,,,,,,,,,False,False,0,0.0,0,False,,,3.725,,,True,False
B1900420300000,ARTE CONTEMPORÂNEA: DIÁLOGOS,2014,2019,DF,COMUNICAÇÃO ELETRÔNICA DE MASSA POR ASSINATURA (TV PAGA),DOCUMENTÁRIO,PRODAV,PRODAV 06,False,200000.0,1,1.749188,349837.6,349837.6,349837.6,0.0,False,,False,0.0,,,,,,,,,,False,False,0,0.0,0,False,,,,,,False,False
B1800609700000,O SAMBA QUE MORA AQUI,2014,2017,BA,RADIODIFUSÃO DE SONS E IMAGENS (TV ABERTA),DOCUMENTÁRIO,ARRANJOS,ARRANJOS REGIONAIS,False,200000.0,1,1.749188,349837.6,349837.6,349837.6,0.0,False,,False,0.0,,,,,,,,,,False,False,0,0.0,0,False,,,4.03,,,True,False
B1402275800000,OS MAIAS (ALGUNS) EPISÓDIOS DA VIDA ROMÂNTICA,2013,2013,RJ,INDEFINIDO,FICÇÃO,PRODECINE,PRODECINE 03,True,200000.0,1,1.861311,372262.2,372262.2,372262.2,0.0,False,2416.0,True,6490.049217997423,24888.74,,,,,,,,,False,False,0,0.0,1,True,,,3.2,,,True,False
B1101425400000,TRANSEUNTE,2009,2011,RJ,INDEFINIDO,FICÇÃO,PRODECINE,PRODECINE 01,False,200000.0,1,2.353382,1259941.1116339401,470676.39999999997,470676.39999999997,789264.71163394,True,,False,0.0,,,,,,,,,,False,False,0,0.0,0,False,,,,6.4,74.0,False,True
B2300154100000,MAMULENGO,2017,2023,AM,RADIODIFUSÃO DE SONS E IMAGENS (TV ABERTA),FICÇÃO,ARRANJOS,ARRANJOS REGIONAIS,False,200000.0,1,1.444401,288880.2,288880.2,288880.2,0.0,False,,False,0.0,,,,,,,,,,False,False,0,0.0,0,False,,,,,,False,False
B2000201000000,O MÊS QUE NÃO TERMINOU,2016,2020,RJ,COMUNICAÇÃO ELETRÔNICA DE MASSA POR ASSINATURA (TV PAGA),DOCUMENTÁRIO,PRODAV,PRODAV 06,False,360000.0,2,1.487011,520153.24,535323.9600000001,520153.24,0.0,False,,False,0.0,,,,,,,,,,False,False,0,0.0,0,False,,,3.933,5.7,59.0,True,True
B2300109700000,SEMANA SEM FIM,2018,2023,SP,COMUNICAÇÃO ELETRÔNICA DE MASSA POR ASSINATURA (TV PAGA),DOCUMENTÁRIO,DESEMPENHO,SUPORTE AUTOMÁTICO - DESEMPENHO COMERCIAL TV E VOD,False,200000.0,1,1.392194,278438.8,278438.8,278438.8,0.0,False,,False,0.0,,,,,,,,,,False,False,0,0.0,0,False,,,3.8,,,True,False
B1900034500000,ALASKA,2014,2018,GO,SALAS DE EXIBIÇÃO,FICÇÃO,ARRANJOS,ARRANJOS REGIONAIS,False,378500.0,2,1.749188,598344.2289999999,662067.6579999999,598344.2289999999,0.0,False,2143.0,True,3581.5503787536322,17499.7,204.0,19.0,,,,,,,True,False,1,6.67,0,False,,,,,,False,False
B1800445500000,LOS SILENCIOS,2018,2018,SP,SALAS DE EXIBIÇÃO,FICÇÃO,CINEMA,COMERCIALIZAÇÃO EM CINEMA,True,200000.0,1,1.392194,2358231.93292765,278438.8,278438.8,2079793.1329276501,True,10076.0,True,4272.692545338851,138400.84,745.0,20.0,,,64.0,17.0,,12.0,False,False,0,20.8,3,True,2.0,4.0,,6.9,568.0,False,True
B2200306500000,COSMOVISÕES,2016,2022,BA,COMUNICAÇÃO ELETRÔNICA DE MASSA POR ASSINATURA (TV PAGA),DOCUMENTÁRIO,PRODAV,PRODAV 02 - PROJETO DERIVADO,False,199230.0,1,1.487011,296257.20153,296257.20153,296257.20153,0.0,False,,False,0.0,,,,,,,,,,False,False,0,0.0,0,False,,,,,,False,False
B1301968400000,EDUCAÇÃO SENTIMENTAL,2012,2013,RJ,INDEFINIDO,FICÇÃO,PRODECINE,PRODECINE 04,False,199125.0,1,1.971315,392538.099375,392538.099375,392538.099375,0.0,False,310.0,True,789.732259094296,12614.94,,,,,,,,,False,False,0,0.0,0,False,1.0,0.0,3.732,5.9,197.0,True,True
B1900588900000,MADAME,2013,2019,RJ,SALAS DE EXIBIÇÃO,DOCUMENTÁRIO,PRODECINE,PRODECINE 04,False,198947.37,1,1.861311,667705.12820207,370302.92820207,370302.92820207,297402.2,True,116.0,True,173.7293830771575,1595.0,8.0,2.0,,,,,,,False,False,0,0.0,0,False,,,2.2,8.2,5.0,True,True
B2000112700000,SALVE O PRAZER,2013,2020,PE,COMUNICAÇÃO ELETRÔNICA DE MASSA POR ASSINATURA (TV PAGA),DOCUMENTÁRIO,PRODAV,PRODAV 01,False,198000.0,1,1.861311,368539.578,368539.578,368539.578,0.0,False,,False,0.0,,,,,,,,,,False,False,0,0.0,0,False,,,3.49,,,True,False
B1302052900000,O IMAGINÁRIO DE JURACI DOREA NO SERTÃO - VEREDAS,2012,2013,BA,INDEFINIDO,DOCUMENTÁRIO,PRODAV,PRODAV 01,False,197355.0,1,1.971315,389048.871825,389048.871825,389048.871825,0.0,False,,False,0.0,,,,,,,,,,False,False,0,0.0,0,False,,,4.3,,,True,False
B2400115300000,TRÁGICAS,2013,2024,RJ,SALAS DE EXIBIÇÃO,FICÇÃO,PRODECINE,PRODECINE 04,False,197327.89,1,1.861311,367288.57226379,367288.57226379,367288.57226379,0.0,False,94.0,True,255.92955266925196,952.5,13.0,1.0,,,,,,,False,False,0,0.0,0,False,,,,,,False,False
B1201583700000,A GRANDE IDEIA BRASIL,2009,2012,SP,INDEFINIDO,FICÇÃO,PRODAV,PRODAV 01,False,195222.0,1,2.353382,459431.94080399995,459431.94080399995,459431.94080399995,0.0,False,,False,0.0,,,,,,,,,,False,False,0,0.0,0,False,,,4.1,,,True,False
B1700350100000,O CÉU DE LÁ,2014,2017,MG,RADIODIFUSÃO DE SONS E IMAGENS (TV ABERTA),DOCUMENTÁRIO,PRODAV,PRODAV 11,False,195000.0,1,1.749188,341091.66,341091.66,341091.66,0.0,False,,False,0.0,,,,,,,,,,False,False,0,0.0,0,False,,,4.0,,,True,False
B2100306300000,ALDEIA NATAL,2018,2021,PR,SALAS DE EXIBIÇÃO,DOCUMENTÁRIO,FLUXO CONTINUO,FLUXO CONTÍNUO PRODUÇÃO PARA CINEMA,False,269400.0,2,1.392194,375057.0636,375057.0636,375057.0636,0.0,False,1394.0,True,3716.767754270873,16015.1,99.0,5.0,,,,,,,False,False,0,0.0,0,False,,,,,,False,False
B2500291000000,ARQUIVO ABERTO,2017,2025,PE,COMUNICAÇÃO ELETRÔNICA DE MASSA POR ASSINATURA (TV PAGA),DOCUMENTÁRIO,ARRANJOS,ARRANJOS REGIONAIS,False,192000.0,1,1.444401,277324.992,277324.992,277324.992,0.0,False,,False,0.0,,,,,,,,,,False,False,0,0.0,0,False,,,,,,False,False
B1900589000000,FABIANA,2013,2019,SP,COMUNICAÇÃO ELETRÔNICA DE MASSA POR ASSINATURA (TV PAGA),DOCUMENTÁRIO,PRODAV,PRODAV 01,False,191533.0,1,1.861311,356502.479763,356502.479763,356502.479763,0.0,False,,False,0.0,,,,,,,,,,False,False,0,0.0,0,False,,,,6.8,57.0,False,True
B2100120800000,BRASIL TUPINAMBÁ,2016,2021,BA,RADIODIFUSÃO DE SONS E IMAGENS (TV ABERTA),DOCUMENTÁRIO,PRODAV,PRODAV 02 - PROJETO DERIVADO,False,190000.0,1,1.487011,282532.09,282532.09,282532.09,0.0,False,,False,0.0,,,,,,,,,,False,False,0,0.0,0,False,,,,,,False,False
B2000026900000,CULTURAMA,2014,2020,BA,RADIODIFUSÃO DE SONS E IMAGENS (TV ABERTA),DOCUMENTÁRIO,ARRANJOS,ARRANJOS REGIONAIS,False,184466.66,1,1.749188,322666.86807208,322666.86807208,322666.86807208,0.0,False,,False,0.0,,,,,,,,,,False,False,0,0.0,0,False,,,,,,False,False
B1800311700000,O BEIJO DE ALICE,2014,2018,PR,RADIODIFUSÃO DE SONS E IMAGENS (TV ABERTA),FICÇÃO,ARRANJOS,ARRANJOS REGIONAIS,False,183000.0,1,1.749188,320101.404,320101.404,320101.404,0.0,False,,False,0.0,,,,,,,,,,False,False,0,0.0,0,False,,,4.11,,,True,False
B2400098300000,CONTINENTES PARTILHADOS - A DESCOLONIZAÇÃO DA ÁFRICA,2013,2024,RJ,COMUNICAÇÃO ELETRÔNICA DE MASSA POR ASSINATURA (TV PAGA),DOCUMENTÁRIO,PRODAV,PRODAV 01,False,182945.95,1,1.861311,340519.30914045003,340519.30914045003,340519.30914045003,0.0,False,,False,0.0,,,,,,,,,,False,False,0,0.0,0,False,,,,,,False,False
B1800445800000,O BEM-AVENTURADO,2014,2018,PR,RADIODIFUSÃO DE SONS E IMAGENS (TV ABERTA),FICÇÃO,ARRANJOS,ARRANJOS REGIONAIS,False,182550.0,1,1.749188,319314.2694,319314.2694,319314.2694,0.0,False,,False,0.0,,,,,,,,,,False,False,0,0.0,0,False,,,,7.8,96.0,False,True
B1900160800000,"BOIS, RAPOSAS E CROCODILOS",2014,2019,PR,RADIODIFUSÃO DE SONS E IMAGENS (TV ABERTA),FICÇÃO,ARRANJOS,ARRANJOS REGIONAIS,False,180345.0,1,1.749188,315457.30986,315457.30986,315457.30986,0.0,False,,False,0.0,,,,,,,,,,False,False,0,0.0,0,False,,,,,,False,False
B2000477400000,VIA PÚBLICA,2015,2020,RS,COMUNICAÇÃO ELETRÔNICA DE MASSA POR ASSINATURA (TV PAGA),FICÇÃO,ARRANJOS,ARRANJOS REGIONAIS,False,180000.0,1,1.580544,284497.92,284497.92,284497.92,0.0,False,,False,0.0,,,,,,,,,,False,False,0,0.0,0,False,,,,,,False,False
B2200185900000,UM TAKE UM SOM - 2ª TEMPORADA,2016,2022,BA,COMUNICAÇÃO ELETRÔNICA DE MASSA POR ASSINATURA (TV PAGA),VÍDEOMUSICAL,PRODAV,PRODAV 02 - PROJETO DERIVADO,False,180000.0,1,1.487011,267661.98000000004,267661.98000000004,267661.98000000004,0.0,False,,False,0.0,,,,,,,,,,False,False,0,0.0,0,False,,,,,,False,False
B2300007600000,TODA NOITE ESTAREI LÁ,2017,2022,ES,SALAS DE EXIBIÇÃO,DOCUMENTÁRIO,ARRANJOS,ARRANJOS REGIONAIS,False,180000.0,1,1.444401,259992.18000000002,259992.18000000002,259992.18000000002,0.0,False,731.0,True,2811.6230265079507,6646.0,81.0,10.0,,,,,,,False,False,0,0.0,0,False,,,,,,False,False
B1900542900000,A CRUCIGRAMISTA - 2ª TEMPORADA,2013,2019,SP,COMUNICAÇÃO ELETRÔNICA DE MASSA POR ASSINATURA (TV PAGA),DOCUMENTÁRIO,PRODAV,PRODAV 01,False,180000.0,1,1.861311,335035.98,335035.98,335035.98,0.0,False,,False,0.0,,,,,,,,,,False,False,0,0.0,0,False,,,,,,False,False
B2300140800000,PRESENÇA,2017,2023,ES,SALAS DE EXIBIÇÃO,DOCUMENTÁRIO,ARRANJOS,ARRANJOS REGIONAIS,False,180000.0,1,1.444401,259992.18000000002,259992.18000000002,259992.18000000002,0.0,False,,False,0.0,,,,,,,,,,False,False,0,0.0,0,False,,,2.64,,,True,False
B1700518900000,DO JAZZ AO SAMBA,2013,2017,RJ,SALAS DE EXIBIÇÃO,DOCUMENTÁRIO,PRODAV,PRODAV 01,False,180000.0,1,1.861311,335035.98,335035.98,335035.98,0.0,False,,False,0.0,,,,,,,,,,False,False,0,0.0,0,False,,,4.2,,,True,False
B2400052200000,ANTIGAS BRINCADEIRAS,2017,2024,SC,COMUNICAÇÃO ELETRÔNICA DE MASSA POR ASSINATURA (TV PAGA),DOCUMENTÁRIO,ARRANJOS,ARRANJOS REGIONAIS,False,180000.0,1,1.444401,259992.18000000002,259992.18000000002,259992.18000000002,0.0,False,,False,0.0,,,,,,,,,,False,False,0,0.0,0,False,,,,,,False,False
B2200426400000,VIDA DE ORQUESTRA,2017,2022,SC,COMUNICAÇÃO ELETRÔNICA DE MASSA POR ASSINATURA (TV PAGA),DOCUMENTÁRIO,ARRANJOS,ARRANJOS REGIONAIS,False,178470.0,1,1.444401,257782.24647,257782.24647,257782.24647,0.0,False,,False,0.0,,,,,,,,,,False,False,0,0.0,0,False,,,3.2,,,True,False
B1800451700000,MEU CORPO É MAIS,2013,2018,RJ,COMUNICAÇÃO ELETRÔNICA DE MASSA POR ASSINATURA (TV PAGA),DOCUMENTÁRIO,PRODAV,PRODAV 02 - PROJETO DERIVADO,False,178000.0,1,1.861311,331313.358,331313.358,331313.358,0.0,False,,False,0.0,,,,,,,,,,False,False,0,0.0,0,False,,,3.7,,,True,False
B1800479800000,MEU CORPO É MAIS,2013,2018,RJ,SALAS DE EXIBIÇÃO,DOCUMENTÁRIO,PRODAV,PRODAV 02 - PROJETO DERIVADO,False,178000.0,1,1.861311,331313.358,331313.358,,,False,,False,0.0,,,,,,,,,,False,False,0,0.0,0,False,,,3.7,,,True,False
B1800608400000,ENTRADA FRANCA - FAUSE HATEN,2013,2017,SP,COMUNICAÇÃO ELETRÔNICA DE MASSA POR ASSINATURA (TV PAGA),DOCUMENTÁRIO,PRODAV,PRODAV 02 - PROJETO DERIVADO,False,177510.0,1,1.861311,330401.31561,330401.31561,330401.31561,0.0,False,,False,0.0,,,,,,,,,,False,False,0,0.0,0,False,,,,,,False,False
B1800490800000,DESCOBRINDO TRILHAS,2013,2017,RS,COMUNICAÇÃO ELETRÔNICA DE MASSA POR ASSINATURA (TV PAGA),DOCUMENTÁRIO,PRODAV,PRODAV 02 - PROJETO DERIVADO,False,175308.0,1,1.861311,326302.708788,326302.708788,326302.708788,0.0,False,,False,0.0,,,,,,,,,,False,False,0,0.0,0,False,,,,,,False,False
B1900050800000,POETAS DO CÉU,2015,2019,SP,SALAS DE EXIBIÇÃO,DOCUMENTÁRIO,PRODECINE,PRODECINE 06,True,175000.0,1,1.580544,276595.2,276595.2,276595.2,0.0,False,32.0,True,115.6925355176084,475.0,29.0,2.0,,,10.0,3.0,,,False,False,0,2.0,2,True,1.0,0.0,,,,False,False
B1700160200000,RUAS EM TRANSE,2014,2017,RS,RADIODIFUSÃO DE SONS E IMAGENS (TV ABERTA),DOCUMENTÁRIO,PRODAV,PRODAV 12,False,175000.0,1,1.749188,306107.89999999997,306107.89999999997,306107.89999999997,0.0,False,,False,0.0,,,,,,,,,,False,False,0,0.0,0,False,,,2.093,,,True,False
B1900036000000,LIBERDADE É UMA GRANDE PALAVRA,2015,2018,SP,SALAS DE EXIBIÇÃO,DOCUMENTÁRIO,PRODECINE,PRODECINE 06,True,175000.0,1,1.580544,276595.2,276595.2,276595.2,0.0,False,61.0,True,220.53889583044102,586.56,18.0,3.0,,,,,,,False,False,0,0.0,1,True,,,,,,False,False
B1700291100000,TAPUME,2014,2016,PA,RADIODIFUSÃO DE SONS E IMAGENS (TV ABERTA),DOCUMENTÁRIO,PRODAV,PRODAV 08,False,174999.5,1,1.749188,306107.025406,306107.025406,306107.025406,0.0,False,,False,0.0,,,,,,,,,,False,False,0,0.0,0,False,,,,,,False,False
B2000114300000,TERMINAL PRAIA GRANDE,2014,2020,MA,RADIODIFUSÃO DE SONS E IMAGENS (TV ABERTA),FICÇÃO,ARRANJOS,ARRANJOS REGIONAIS,False,174825.0,1,1.749188,305801.7921,305801.7921,305801.7921,0.0,False,,False,0.0,,,,,,,,,,False,False,0,0.0,0,False,,,,,,False,False
B1900112800000,NA ASA DO VENTO,2014,2018,MA,COMUNICAÇÃO ELETRÔNICA DE MASSA POR ASSINATURA (TV PAGA),DOCUMENTÁRIO,ARRANJOS,ARRANJOS REGIONAIS,False,174814.0,1,1.749188,305782.551032,305782.551032,305782.551032,0.0,False,,False,0.0,,,,,,,,,,False,False,0,0.0,0,False,,,,,,False,False
B2000294200000,A ESPERA DE LIZ,2015,2020,DF,SALAS DE EXIBIÇÃO,FICÇÃO,ARRANJOS,ARRANJOS REGIONAIS,False,173410.83,1,1.580544,274083.44689152,274083.44689152,274083.44689152,0.0,False,56.0,True,204.31733705598188,640.0,183.0,10.0,,,,,,,False,False,0,0.0,0,False,,,4.37,7.2,30.0,True,True
B2100460500000,DANIEL SENISE - NEM TUDO TEM QUE SER SOBRE ALGUMA COISA.,2016,2021,RJ,COMUNICAÇÃO ELETRÔNICA DE MASSA POR ASSINATURA (TV PAGA),DOCUMENTÁRIO,PRODAV,PRODAV 02 - PROJETO DERIVADO,False,172500.0,1,1.487011,256509.39750000002,256509.39750000002,256509.39750000002,0.0,False,,False,0.0,,,,,,,,,,False,False,0,0.0,0,False,,,3.3,,,True,False
B1800378500000,O DESPERTAR DE SOLOMON,2014,2018,PR,RADIODIFUSÃO DE SONS E IMAGENS (TV ABERTA),FICÇÃO,ARRANJOS,ARRANJOS REGIONAIS,False,172140.0,1,1.749188,301105.22232,301105.22232,301105.22232,0.0,False,,False,0.0,,,,,,,,,,False,False,0,0.0,0,False,,,3.6,,,True,False
B1600084300000,RIO+BOSSA,2012,2015,RJ,COMUNICAÇÃO ELETRÔNICA DE MASSA POR ASSINATURA (TV PAGA),DOCUMENTÁRIO,PRODAV,PRODAV 01,False,170000.0,1,1.971315,335123.55,335123.55,335123.55,0.0,False,,False,0.0,,,,,,,,,,False,False,0,0.0,0,False,,,4.225,,,True,False
B2300001000000,MANDADO,2017,2022,RJ,COMUNICAÇÃO ELETRÔNICA DE MASSA POR ASSINATURA (TV PAGA),DOCUMENTÁRIO,PRODAV,PRODAV 06,False,169775.51,1,1.444401,245223.91641951003,245223.91641951003,245223.91641951003,0.0,False,,False,0.0,,,,,,,,,,False,False,0,0.0,0,False,,,,7.0,6.0,False,True
B2300077800000,ANTES QUE ME ESQUEÇAM MEU NOME É EDY STAR - O FILME,2018,2023,BA,SALAS DE EXIBIÇÃO,DOCUMENTÁRIO,CINEMA,COMERCIALIZAÇÃO EM CINEMA,False,313224.47,2,1.392194,443601.36504247,436069.22778717993,443601.36504247,0.0,False,1001.0,True,2256.530477322055,6371.26,124.0,11.0,,,,,,,False,False,0,0.0,0,False,,,3.3,,,True,False
B1800425700000,A NUVEM,2014,2018,SP,COMUNICAÇÃO ELETRÔNICA DE MASSA POR ASSINATURA (TV PAGA),DOCUMENTÁRIO,PRODAV,PRODAV 06,False,168630.0,1,1.749188,294965.57244,294965.57244,294965.57244,0.0,False,,False,0.0,,,,,,,,,,False,False,0,0.0,0,False,,,,,,False,False
B2300364800000,MATA SELVAGEM,2017,2023,RJ,COMUNICAÇÃO ELETRÔNICA DE MASSA POR ASSINATURA (TV PAGA),FICÇÃO,PRODAV,PRODAV 06,True,168562.0,1,1.444401,243471.121362,243471.121362,243471.121362,0.0,False,,False,0.0,,,,,,,,,,False,False,0,0.0,1,True,,,3.905,,,True,False
B1800077200000,JEITOSINHA,2014,2017,DF,SALAS DE EXIBIÇÃO,FICÇÃO,ARRANJOS,ARRANJOS REGIONAIS,False,168147.52,1,1.749188,307336.93231376,294121.62421375996,294121.62421375996,13215.3081,True,,False,0.0,,,,,,,,,,False,False,0,0.0,0,False,,,,4.8,22.0,False,True
B2000184900000,A HISTÓRIA DO MEU NOME,2015,2020,RJ,SALAS DE EXIBIÇÃO,DOCUMENTÁRIO,PRODECINE,PRODECINE 06,True,167757.87,1,1.580544,265148.69488128,265148.69488128,265148.69488128,0.0,False,,False,0.0,,,,,,,,,,False,False,0,0.0,1,True,,,3.77,,,True,False
B1700070600000,O SENHOR DAS JORNADAS,2014,2017,BA,RADIODIFUSÃO DE SONS E IMAGENS (TV ABERTA),DOCUMENTÁRIO,ARRANJOS,ARRANJOS REGIONAIS,False,166666.67,1,1.749188,291531.33916396,291531.33916396,291531.33916396,0.0,False,,False,0.0,,,,,,,,,,False,False,0,0.0,0,False,,,4.133,,,True,False
B1800159100000,DIVERSIDADE,2014,2015,BA,RADIODIFUSÃO DE SONS E IMAGENS (TV ABERTA),DOCUMENTÁRIO,ARRANJOS,ARRANJOS REGIONAIS,False,166004.92,1,1.749188,290373.81400496,290373.81400496,290373.81400496,0.0,False,,False,0.0,,,,,,,,,,False,False,0,0.0,0,False,,,,,,False,False
B2000339200000,"NAZINHA, OLHAI POR NÓS",2017,2020,RJ,SALAS DE EXIBIÇÃO,DOCUMENTÁRIO,PRODAV,PRODAV 06,False,163987.7,1,1.444401,711027.1978677,236863.99786770003,236863.99786770003,474163.2,True,21.0,True,29.53473518731339,294.39,15.0,1.0,,,,,,,False,False,0,0.0,0,False,,,3.6,,,True,False
B1301803700000,PRA LÁ DO MUNDO,2010,2012,BA,SALAS DE EXIBIÇÃO,DOCUMENTÁRIO,PRODECINE,PRODECINE 01,False,163000.0,1,2.222058,1970588.2763999999,362195.454,362195.454,1608392.8224,True,25.0,True,12.686566899541107,11688.05,,,,,,,,,False,False,0,0.0,0,False,,,3.927,8.0,15.0,True,True
B2500383300000,ECOS DO TEATRO EXPERIMENTAL NEGRO,2018,2025,SP,SALAS DE EXIBIÇÃO,DOCUMENTÁRIO,ARRANJOS,ARRANJOS REGIONAIS,False,162216.22,1,1.392194,767486.82318668,225836.44818667998,225836.44818667998,541650.375,True,,False,0.0,,,,,,,,,,False,False,0,0.0,0,False,,,,,,False,False
B1700266600000,ZORA CURIOSA,2014,2016,ES,RADIODIFUSÃO DE SONS E IMAGENS (TV ABERTA),DOCUMENTÁRIO,PRODAV,PRODAV 11,False,162000.0,1,1.749188,283368.456,283368.456,283368.456,0.0,False,8.0,True,28.231794437980778,,,,,,,,,,False,False,0,0.0,0,False,,,,,,False,False
B1600726600000,OLIMPÍADAS DA RUA,2014,2016,DF,RADIODIFUSÃO DE SONS E IMAGENS (TV ABERTA),DOCUMENTÁRIO,PRODAV,PRODAV 10,False,162000.0,1,1.749188,283368.456,283368.456,283368.456,0.0,False,,False,0.0,,,,,,,,,,False,False,0,0.0,0,False,,,3.88,,,True,False
B1700339800000,TRAVESSURAS,2014,2017,GO,RADIODIFUSÃO DE SONS E IMAGENS (TV ABERTA),DOCUMENTÁRIO,PRODAV,PRODAV 10,False,162000.0,1,1.749188,283368.456,283368.456,283368.456,0.0,False,,False,0.0,,,,,,,,,,False,False,0,0.0,0,False,,,,,,False,False
B1700053600000,PLANTÃO DA IMAGINAÇÃO,2014,2017,AM,RADIODIFUSÃO DE SONS E IMAGENS (TV ABERTA),DOCUMENTÁRIO,PRODAV,PRODAV 08,False,162000.0,1,1.749188,283368.456,283368.456,283368.456,0.0,False,,False,0.0,,,,,,,,,,False,False,0,0.0,0,False,,,3.348,,,True,False
B1700118900000,AUÊ,2014,2016,PR,RADIODIFUSÃO DE SONS E IMAGENS (TV ABERTA),DOCUMENTÁRIO,PRODAV,PRODAV 12,False,162000.0,1,1.749188,283368.456,283368.456,283368.456,0.0,False,,False,0.0,,,,,,,,,,False,False,0,0.0,0,False,,,,,,False,False
B2000325100000,DENTRO DA MINHA PELE,2018,2020,SP,SALAS DE EXIBIÇÃO,DOCUMENTÁRIO,ARRANJOS,ARRANJOS REGIONAIS,False,160050.55,1,1.392194,222821.41540669996,222821.41540669996,222821.41540669996,0.0,False,6.0,True,26.92739380121354,81.48,7.0,1.0,,,10.0,3.0,,,False,False,0,2.0,1,True,,,4.4,7.1,17.0,True,True
B2000100500000,NOSSO AMOR DE HOJE,2014,2020,GO,RADIODIFUSÃO DE SONS E IMAGENS (TV ABERTA),FICÇÃO,ARRANJOS,ARRANJOS REGIONAIS,False,160000.0,1,1.749188,279870.08,279870.08,279870.08,0.0,False,,False,0.0,,,,,,,,,,False,False,0,0.0,0,False,,,4.3,,,True,False
B1900343800000,O RIO FEITICEIRO,2016,2019,PE,COMUNICAÇÃO ELETRÔNICA DE MASSA POR ASSINATURA (TV PAGA),DOCUMENTÁRIO,PRODAV,PRODAV 02 - PROJETO DERIVADO,False,160000.0,1,1.487011,237921.76,237921.76,237921.76,0.0,False,,False,0.0,,,,,,,,,,False,False,0,0.0,0,False,,,4.225,,,True,False
B2600005100000,SAMUEL WAINER,2018,2026,RJ,COMUNICAÇÃO ELETRÔNICA DE MASSA POR ASSINATURA (TV PAGA),DOCUMENTÁRIO,DESEMPENHO,SUPORTE AUTOMÁTICO - DESEMPENHO COMERCIAL TV E VOD,False,160000.0,1,1.392194,501189.83999999997,222751.03999999998,222751.03999999998,278438.8,True,,False,0.0,,,,,,,,,,False,False,0,0.0,0,False,,,,,,False,False
B2400190200000,EM COMA,2016,2024,MG,RADIODIFUSÃO DE SONS E IMAGENS (TV ABERTA),ANIMAÇÃO,PRODAV,PRODAV 02 - PROJETO DERIVADO,False,160000.0,1,1.487011,237921.76,237921.76,237921.76,0.0,False,,False,0.0,,,,,,,,,,False,False,0,0.0,0,False,,,,,,False,False
B1900089200000,LÁ EM CASA SESSIONS- 2°TEMPORADA,2013,2019,BA,COMUNICAÇÃO ELETRÔNICA DE MASSA POR ASSINATURA (TV PAGA),DOCUMENTÁRIO,PRODAV,PRODAV 02 - PROJETO DERIVADO,False,160000.0,1,1.861311,297809.76,297809.76,297809.76,0.0,False,,False,0.0,,,,,,,,,,False,False,0,0.0,0,False,,,,,,False,False
B2300091700000,SALVE-ME QUEM PUDER!,2016,2023,MG,RADIODIFUSÃO DE SONS E IMAGENS (TV ABERTA),ANIMAÇÃO,PRODAV,PRODAV 02 - PROJETO DERIVADO,False,159995.0,1,1.487011,237914.324945,237914.324945,237914.324945,0.0,False,,False,0.0,,,,,,,,,,False,False,0,0.0,0,False,,,,,,False,False
B1900494500000,FÉ E FÚRIA,2014,2019,MG,SALAS DE EXIBIÇÃO,DOCUMENTÁRIO,PRODAV,PRODAV 11,False,306532.8,2,1.749188,510797.0418432,536183.4953664,510797.0418432,0.0,False,900.0,True,1761.9522555423769,11487.3,135.0,8.0,,,13.0,5.0,,,False,False,0,2.6,1,True,,,2.5,7.2,28.0,True,True
B1700014400000,ACEITO FOLIA,2014,2016,MG,RADIODIFUSÃO DE SONS E IMAGENS (TV ABERTA),DOCUMENTÁRIO,PRODAV,PRODAV 11,False,156000.0,1,1.749188,272873.328,272873.328,272873.328,0.0,False,,False,0.0,,,,,,,,,,False,False,0,0.0,0,False,,,,,,False,False
B1700107600000,TRAVESSIA DE OLHARES,2014,2017,MG,RADIODIFUSÃO DE SONS E IMAGENS (TV ABERTA),DOCUMENTÁRIO,PRODAV,PRODAV 11,False,156000.0,1,1.749188,272873.328,272873.328,272873.328,0.0,False,,False,0.0,,,,,,,,,,False,False,0,0.0,0,False,,,,,,False,False
B1700615100000,RAÍZES,2014,2017,GO,COMUNICAÇÃO ELETRÔNICA DE MASSA POR ASSINATURA (TV PAGA),DOCUMENTÁRIO,PRODAV,PRODAV 10,False,156000.0,1,1.749188,272873.328,272873.328,272873.328,0.0,False,,False,0.0,,,,,,,,,,False,False,0,0.0,0,False,,,,,,False,False
B1600726200000,CAVALO DE SANTO - O FILME,2014,2016,RS,RADIODIFUSÃO DE SONS E IMAGENS (TV ABERTA),DOCUMENTÁRIO,PRODAV,PRODAV 12,False,156000.0,1,1.749188,272873.328,272873.328,272873.328,0.0,False,,False,0.0,,,,,,,,,,False,False,0,0.0,0,False,,,3.3,,,True,False
B2400092000000,O BEN PARA TODO MAL 2ª TEMPORADA,2016,2024,RS,COMUNICAÇÃO ELETRÔNICA DE MASSA POR ASSINATURA (TV PAGA),DOCUMENTÁRIO,PRODAV,PRODAV 02 - PROJETO DERIVADO,False,155651.74,1,1.487011,231455.84954914,231455.84954914,231455.84954914,0.0,False,,False,0.0,,,,,,,,,,False,False,0,0.0,0,False,,,,,,False,False
B2000495900000,PELAS RUAS DO RIO,2013,2020,RJ,COMUNICAÇÃO ELETRÔNICA DE MASSA POR ASSINATURA (TV PAGA),DOCUMENTÁRIO,PRODAV,PRODAV 01,False,152200.0,1,1.861311,283291.5342,283291.5342,283291.5342,0.0,False,,False,0.0,,,,,,,,,,False,False,0,0.0,0,False,,,4.225,,,True,False
B2100301200000,PRAIA DA SAUDADE,2016,2021,SP,SALAS DE EXIBIÇÃO,DOCUMENTÁRIO,PRODAV,PRODAV 06,False,283913.82,2,1.487011,416512.44140962,422182.97339202004,416512.44140962,0.0,False,732.0,True,1757.4505038136738,10457.31,56.0,5.0,,,,,,,False,False,0,0.0,0,False,,,,,,False,False
B1900045700000,BECO,2015,2019,PE,SALAS DE EXIBIÇÃO,DOCUMENTÁRIO,ARRANJOS,ARRANJOS REGIONAIS,False,150280.0,1,1.580544,237524.15232,237524.15232,237524.15232,0.0,False,,False,0.0,,,,,,,,,,False,False,0,0.0,0,False,,,4.027,,,True,False
B1900308000000,CURTAS JORNADAS NOITE ADENTRO,2014,2019,SP,SALAS DE EXIBIÇÃO,FICÇÃO,ARRANJOS,ARRANJOS REGIONAIS,False,250000.0,2,1.749188,401597.6,437297.0,401597.6,0.0,False,482.0,True,1200.2063757353133,4824.59,115.0,12.0,,,,,,,False,False,0,0.0,0,False,,,,7.4,16.0,False,True
B2300529200000,DIAS DE TEMPESTADE,2016,2023,BA,COMUNICAÇÃO ELETRÔNICA DE MASSA POR ASSINATURA (TV PAGA),ANIMAÇÃO,ARRANJOS,ARRANJOS REGIONAIS,False,150000.0,1,1.487011,223051.65000000002,223051.65000000002,223051.65000000002,0.0,False,,False,0.0,,,,,,,,,,False,False,0,0.0,0,False,,,4.5,,,True,False
B2300142500000,CAINÃ,2016,2023,BA,RADIODIFUSÃO DE SONS E IMAGENS (TV ABERTA),ANIMAÇÃO,ARRANJOS,ARRANJOS REGIONAIS,False,150000.0,1,1.487011,223051.65000000002,223051.65000000002,223051.65000000002,0.0,False,,False,0.0,,,,,,,,,,False,False,0,0.0,0,False,,,,,,False,False
B1900205100000,FOTOGRAFAÇÃO,2014,2019,SP,SALAS DE EXIBIÇÃO,DOCUMENTÁRIO,ARRANJOS,ARRANJOS REGIONAIS,False,150000.0,1,1.749188,855082.2,262378.2,262378.2,592704.0,True,541.0,True,632.6877111931461,7258.39,68.0,5.0,,,2.0,1.0,,,False,False,0,0.4,1,True,,,,7.5,45.0,False,True
B1900579700000,PADROEIROS OFICIAIS DO BRASIL,2017,2019,SP,SALAS DE EXIBIÇÃO,DOCUMENTÁRIO,PRODAV,PRODAV 06,False,150000.0,1,1.444401,216660.15,216660.15,216660.15,0.0,False,11.0,True,50.7707577974076,,29.0,5.0,,,,,,,False,False,0,0.0,0,False,,,4.343,,,True,False
B1600416100000,MÃE SÓ HÁ UMA,2014,2015,SP,SALAS DE EXIBIÇÃO,FICÇÃO,ARRANJOS,ARRANJOS REGIONAIS,False,300000.0,2,1.749188,524756.4,524756.4,524756.4,0.0,False,33928.0,True,64654.76171419729,434613.08,699.0,18.0,,,,,28144.0,,True,False,2,13.33,1,True,1.0,0.0,3.5,6.8,1649.0,True,True
B2000227100000,MEU QUERIDO SUPERMERCADO,2014,2020,SP,SALAS DE EXIBIÇÃO,DOCUMENTÁRIO,ARRANJOS,ARRANJOS REGIONAIS,True,150000.0,1,1.749188,479038.35,262378.2,262378.2,216660.15,True,22.0,True,45.925341885467,433.0,15.0,2.0,,,13.0,4.0,,6.0,True,False,1,17.27,3,True,1.0,4.0,,7.4,53.0,False,True
B1900336500000,SEU AMOR DE VOLTA (MESMO QUE ELE NÃO QUEIRA),2014,2019,PB,RADIODIFUSÃO DE SONS E IMAGENS (TV ABERTA),DOCUMENTÁRIO,ARRANJOS,ARRANJOS REGIONAIS,False,150000.0,1,1.749188,262378.2,262378.2,262378.2,0.0,False,404.0,True,1539.7620686474716,2730.0,10.0,1.0,,,,,,,False,False,0,0.0,0,False,,,4.3,,,True,False
B1800610400000,MIRANTE,2014,2018,RS,SALAS DE EXIBIÇÃO,DOCUMENTÁRIO,ARRANJOS,ARRANJOS REGIONAIS,False,249370.0,2,1.749188,400720.51778,436195.01156,400720.51778,0.0,False,543.0,True,1355.0591394926103,5706.66,28.0,2.0,,,,,,,False,False,0,0.0,0,False,,,,7.2,12.0,False,True
B2100024000000,TRÊS VIDAS E UM SONHO,2014,2021,SP,SALAS DE EXIBIÇÃO,DOCUMENTÁRIO,ARRANJOS,ARRANJOS REGIONAIS,False,150000.0,1,1.749188,262378.2,262378.2,262378.2,0.0,False,37.0,True,141.01781321771398,616.0,14.0,1.0,,,,,,,False,False,0,0.0,0,False,,,4.118,,,True,False
B2000239400000,SELVA,2014,2020,PB,COMUNICAÇÃO ELETRÔNICA DE MASSA POR ASSINATURA (TV PAGA),FICÇÃO,ARRANJOS,ARRANJOS REGIONAIS,False,150000.0,1,1.749188,262378.2,262378.2,262378.2,0.0,False,,False,0.0,,,,,,,,,,False,False,0,0.0,0,False,,,4.2,,,True,False
B2000129200000,TRINTA POVOS,2013,2020,RS,COMUNICAÇÃO ELETRÔNICA DE MASSA POR ASSINATURA (TV PAGA),DOCUMENTÁRIO,PRODAV,PRODAV 01,False,150000.0,1,1.861311,279196.64999999997,279196.64999999997,279196.64999999997,0.0,False,,False,0.0,,,,,,,,,,False,False,0,0.0,0,False,,,,,,False,False
B1700542200000,ALCE & ALICE,2014,2017,RS,RADIODIFUSÃO DE SONS E IMAGENS (TV ABERTA),FICÇÃO,ARRANJOS,ARRANJOS REGIONAIS,False,150000.0,1,1.749188,262378.2,262378.2,262378.2,0.0,False,,False,0.0,,,,,,,,,,False,False,0,0.0,0,False,,,,,,False,False
B2400205600000,O CIDADÃO DE BEM,2016,2024,CE,OUTROS MERCADOS - VÍDEO POR DEMANDA,ANIMAÇÃO,PRODAV,PRODAV 05,False,150000.0,1,1.487011,223051.65000000002,223051.65000000002,223051.65000000002,0.0,False,,False,0.0,,,,,,,,,,False,False,0,0.0,0,False,,,,,,False,False
B1800228200000,AUTO DE RESISTÊNCIA,2014,2018,RJ,SALAS DE EXIBIÇÃO,DOCUMENTÁRIO,PRODAV,PRODAV 06,False,299955.5,2,1.749188,524678.5611340001,524678.561134,524678.5611340001,0.0,False,2940.0,True,5603.430781783249,39834.55,161.0,11.0,,,,,,,False,False,0,0.0,0,False,,,4.05,8.2,119.0,True,True
B1600713500000,AS AVENTURAS DE MINUANO KID,2014,2016,RS,RADIODIFUSÃO DE SONS E IMAGENS (TV ABERTA),FICÇÃO,ARRANJOS,ARRANJOS REGIONAIS,False,150000.0,1,1.749188,262378.2,262378.2,262378.2,0.0,False,,False,0.0,,,,,,,,,,False,False,0,0.0,0,False,,,4.3,,,True,False
B1800454800000,XADALU E O JAGUARETÊ,2014,2018,RS,SALAS DE EXIBIÇÃO,DOCUMENTÁRIO,ARRANJOS,ARRANJOS REGIONAIS,False,150000.0,1,1.749188,262378.2,262378.2,262378.2,0.0,False,,False,0.0,,,,,,,,,,False,False,0,0.0,0,False,,,3.4,,,True,False
B2200390700000,O QUE OS OLHOS NÃO VEEM...,2014,2022,PB,COMUNICAÇÃO ELETRÔNICA DE MASSA POR ASSINATURA (TV PAGA),FICÇÃO,ARRANJOS,ARRANJOS REGIONAIS,False,150000.0,1,1.749188,262378.2,262378.2,262378.2,0.0,False,,False,0.0,,,,,,,,,,False,False,0,0.0,0,False,,,3.933,,,True,False
B1900611200000,A CIDADE DOS ABISMOS,2014,2019,SP,SALAS DE EXIBIÇÃO,FICÇÃO,ARRANJOS,ARRANJOS REGIONAIS,False,150000.0,1,1.749188,262378.2,262378.2,262378.2,0.0,False,936.0,True,3567.3695451832505,10950.0,75.0,5.0,,,,,,,False,False,0,0.0,0,False,,,3.5,6.2,33.0,True,True
B1600473500000,QUATRO MILAGRES DE UM SANTO LADRÃO,2014,2016,RS,COMUNICAÇÃO ELETRÔNICA DE MASSA POR ASSINATURA (TV PAGA),FICÇÃO,ARRANJOS,ARRANJOS REGIONAIS,False,150000.0,1,1.749188,262378.2,262378.2,262378.2,0.0,False,,False,0.0,,,,,,,,,,False,False,0,0.0,0,False,,,4.1,,,True,False
B1800235200000,ONDE QUER QUE VOCÊ ESTEJA,2014,2018,SP,SALAS DE EXIBIÇÃO,FICÇÃO,ARRANJOS,ARRANJOS REGIONAIS,False,250000.0,2,1.749188,401597.6,437297.0,401597.6,0.0,False,514.0,True,1279.888126821475,7185.71,110.0,14.0,,,,,,,False,False,0,0.0,0,False,,,,,,False,False
B1800152000000,GUARNIERI,2014,2017,SP,COMUNICAÇÃO ELETRÔNICA DE MASSA POR ASSINATURA (TV PAGA),DOCUMENTÁRIO,PRODAV,PRODAV 06,False,149985.0,1,1.749188,262351.96218,262351.96218,262351.96218,0.0,False,199.0,True,758.5230098773413,774.15,82.0,4.0,,,,,,,False,False,0,0.0,0,False,,,,7.2,30.0,False,True
B1900605200000,"JORGE, O PADROEIRO GUERREIRO",2017,2019,SP,SALAS DE EXIBIÇÃO,DOCUMENTÁRIO,PRODAV,PRODAV 06,False,145690.0,1,1.444401,210434.78169,210434.78169,210434.78169,0.0,False,44.0,True,209.09091000373778,740.78,30.0,5.0,,,,,,,False,False,0,0.0,0,False,,,4.197,,,True,False
B1900448300000,OLHAR SUBMERSO - NAUFRÁGIOS DE PERNAMBUCO,2016,2019,PE,RADIODIFUSÃO DE SONS E IMAGENS (TV ABERTA),DOCUMENTÁRIO,ARRANJOS,ARRANJOS REGIONAIS,False,145509.0,1,1.487011,216373.483599,216373.483599,216373.483599,0.0,False,,False,0.0,,,,,,,,,,False,False,0,0.0,0,False,,,4.018,,,True,False
B1500151700000,CATÁLOGO BRASIL,2012,2014,RJ,COMUNICAÇÃO ELETRÔNICA DE MASSA POR ASSINATURA (TV PAGA),DOCUMENTÁRIO,PRODAV,PRODAV 01,False,142900.0,1,1.971315,281700.91349999997,281700.91349999997,281700.91349999997,0.0,False,,False,0.0,,,,,,,,,,False,False,0,0.0,0,False,,,,,,False,False
B2300242000000,INVASÃO MARCIANA,2015,2023,PE,RADIODIFUSÃO DE SONS E IMAGENS (TV ABERTA),DOCUMENTÁRIO,ARRANJOS,ARRANJOS REGIONAIS,False,142438.21,1,1.580544,225129.85818624,225129.85818624,225129.85818624,0.0,False,,False,0.0,,,,,,,,,,False,False,0,0.0,0,False,,,3.865,,,True,False
B1800131200000,A TROPA DE TRAPO - NA SELVA DO ARCO-ÍRIS,2013,2018,SP,SALAS DE EXIBIÇÃO,ANIMAÇÃO,PRODECINE,PRODECINE 04,True,140937.0,1,1.861311,1253386.113407,262327.588407,262327.588407,991058.5249999999,True,108.0,True,86.16658413936824,1125.0,57.0,2.0,,,,,,,False,False,0,0.0,1,True,,,3.783,,,True,False
B0700640600000,ONDE A CORUJA DORME,2008,2006,RJ,INDEFINIDO,DOCUMENTÁRIO,PRODECINE,PRODECINE 03,False,138450.0,1,2.454812,625227.631818,339868.7214,339868.7214,285358.910418,True,,False,0.0,,,,,,,,,,False,False,0,0.0,0,False,,,,,,False,False
B2400073100000,MARIETTA BADERNA - DOS PALCOS AOS DICIONÁRIOS,2017,2024,RJ,SALAS DE EXIBIÇÃO,DOCUMENTÁRIO,PRODAV,PRODAV 06,False,137152.11,1,1.444401,198102.64483610998,198102.64483610998,198102.64483610998,0.0,False,253.0,True,1277.1157104404463,5225.13,26.0,2.0,,,,,,,False,False,0,0.0,0,False,,,,,,False,False
B1700012000000,A PROFESSORA DE MÚSICA,2014,2016,BA,RADIODIFUSÃO DE SONS E IMAGENS (TV ABERTA),FICÇÃO,ARRANJOS,ARRANJOS REGIONAIS,False,133333.33,1,1.749188,233225.06083603998,233225.06083603998,233225.06083603998,0.0,False,,False,0.0,,,,,,,,,,False,False,0,0.0,0,False,,,4.05,,,True,False
B1900216400000,HAYDEE E O PEIXE VOADOR,2013,2019,RJ,COMUNICAÇÃO ELETRÔNICA DE MASSA POR ASSINATURA (TV PAGA),DOCUMENTÁRIO,PRODAV,PRODAV 01,True,133000.0,1,1.861311,247554.36299999998,247554.36299999998,247554.36299999998,0.0,False,,False,0.0,,,,,,,,,,False,False,0,0.0,1,True,,,3.4,,,True,False
B2400036300000,HISTÓRIAS DE FANTASMAS VERDADEIROS PARA CRIANÇAS,2015,2024,PE,COMUNICAÇÃO ELETRÔNICA DE MASSA POR ASSINATURA (TV PAGA),DOCUMENTÁRIO,ARRANJOS,ARRANJOS REGIONAIS,False,132651.88,1,1.580544,209662.13302272,209662.13302272,209662.13302272,0.0,False,,False,0.0,,,,,,,,,,False,False,0,0.0,0,False,,,,,,False,False
B1800394600000,BOTECAM,2014,2018,BA,RADIODIFUSÃO DE SONS E IMAGENS (TV ABERTA),FICÇÃO,ARRANJOS,ARRANJOS REGIONAIS,False,128000.0,1,1.749188,223896.06399999998,223896.06399999998,223896.06399999998,0.0,False,,False,0.0,,,,,,,,,,False,False,0,0.0,0,False,,,,,,False,False
B1900585300000,A MARAVILHA DO SÉCULO,2014,2019,SC,COMUNICAÇÃO ELETRÔNICA DE MASSA POR ASSINATURA (TV PAGA),DOCUMENTÁRIO,ARRANJOS,ARRANJOS REGIONAIS,False,127500.0,1,1.749188,223021.47,223021.47,223021.47,0.0,False,,False,0.0,,,,,,,,,,False,False,0,0.0,0,False,,,,,,False,False
B1800300700000,MISSÃO 115,2013,2018,RJ,SALAS DE EXIBIÇÃO,DOCUMENTÁRIO,PRODECINE,PRODECINE 04,False,124000.0,1,1.861311,1021074.564,230802.56399999998,230802.56399999998,790272.0,True,1467.0,True,1436.7217162408913,20519.88,141.0,7.0,,,,,,,False,False,0,0.0,0,False,,,,7.6,17.0,False,True
B2300024000000,POVO DA FLORESTA,2017,2023,SP,SALAS DE EXIBIÇÃO,DOCUMENTÁRIO,PRODAV,PRODAV 06,False,122000.0,1,1.444401,592580.002,176216.922,176216.922,416363.08,True,137.0,True,231.19241205848186,1152.0,11.0,2.0,,,,,,,False,False,0,0.0,0,False,,,,,,False,False
B2300006800000,SINDICATO DO FOLCLORE BRASILEIRO,2014,2022,MG,RADIODIFUSÃO DE SONS E IMAGENS (TV ABERTA),ANIMAÇÃO,ARRANJOS,ARRANJOS REGIONAIS,False,121500.0,1,1.749188,212526.342,212526.342,212526.342,0.0,False,,False,0.0,,,,,,,,,,False,False,0,0.0,0,False,,,,,,False,False
B2000524900000,O CINEMA E AS CIDADES,2015,2020,RS,COMUNICAÇÃO ELETRÔNICA DE MASSA POR ASSINATURA (TV PAGA),DOCUMENTÁRIO,ARRANJOS,ARRANJOS REGIONAIS,False,120000.0,1,1.580544,189665.28,189665.28,189665.28,0.0,False,,False,0.0,,,,,,,,,,False,False,0,0.0,0,False,,,3.4,,,True,False
B1900074100000,TEATROS NO BRASIL CASTRO ALVES - O TEATRO E O HOMEM,2017,2019,SP,SALAS DE EXIBIÇÃO,DOCUMENTÁRIO,PRODAV,PRODAV 06,False,120000.0,1,1.444401,173328.12,173328.12,173328.12,0.0,False,22.0,True,126.926894493519,373.88,34.0,5.0,,,,,,,False,False,0,0.0,0,False,,,4.3,,,True,False
B2500248600000,BARATA RIBEIRO,2018,2025,RJ,SALAS DE EXIBIÇÃO,DOCUMENTÁRIO,DESEMPENHO,SUPORTE AUTOMÁTICO - DESEMPENHO COMERCIAL CINEMA,False,202974.13,2,1.392194,282579.36594121996,282579.36594122,282579.36594121996,0.0,False,,False,0.0,,,,,,,,,,False,False,0,0.0,0,False,,,,,,False,False
B2100074300000,AS CORES QUE HABITAMOS,2014,2021,MT,RADIODIFUSÃO DE SONS E IMAGENS (TV ABERTA),DOCUMENTÁRIO,ARRANJOS,ARRANJOS REGIONAIS,False,115000.0,1,1.749188,201156.62,201156.62,201156.62,0.0,False,,False,0.0,,,,,,,,,,False,False,0,0.0,0,False,,,4.32,,,True,False
B1900323700000,CURTA O SOM - 2ª TEMPORADA,2013,2019,SP,COMUNICAÇÃO ELETRÔNICA DE MASSA POR ASSINATURA (TV PAGA),VÍDEOMUSICAL,PRODAV,PRODAV 02 - PROJETO DERIVADO,False,115000.0,1,1.861311,214050.76499999998,214050.76499999998,214050.76499999998,0.0,False,,False,0.0,,,,,,,,,,False,False,0,0.0,0,False,,,,,,False,False
B2000059900000,VILA HAITI,2014,2020,MT,COMUNICAÇÃO ELETRÔNICA DE MASSA POR ASSINATURA (TV PAGA),DOCUMENTÁRIO,ARRANJOS,ARRANJOS REGIONAIS,False,114999.5,1,1.749188,201155.745406,201155.745406,201155.745406,0.0,False,,False,0.0,,,,,,,,,,False,False,0,0.0,0,False,,,,,,False,False
B2200458400000,VIZINHOS,2017,2022,DF,COMUNICAÇÃO ELETRÔNICA DE MASSA POR ASSINATURA (TV PAGA),FICÇÃO,ARRANJOS,ARRANJOS REGIONAIS,False,112500.0,1,1.444401,162495.11250000002,162495.11250000002,162495.11250000002,0.0,False,,False,0.0,,,,,,,,,,False,False,0,0.0,0,False,,,3.7,4.5,844.0,True,True
B2400129900000,FLORES DO CERRADO,2016,2024,MG,RADIODIFUSÃO DE SONS E IMAGENS (TV ABERTA),DOCUMENTÁRIO,PRODAV,PRODAV 02 - PROJETO DERIVADO,False,110000.0,1,1.487011,210103.98500000002,163571.21000000002,163571.21000000002,0.0,False,,False,0.0,,,,,,,,,,False,False,0,0.0,0,False,1.0,0.0,,,,False,False
B2300071400000,GERAIS DA PEDRA,2016,2023,MG,RADIODIFUSÃO DE SONS E IMAGENS (TV ABERTA),DOCUMENTÁRIO,PRODAV,PRODAV 02 - PROJETO DERIVADO,False,109982.37,1,1.487011,163544.99399607,163544.99399607,163544.99399607,0.0,False,,False,0.0,,,,,,,,,,False,False,0,0.0,0,False,,,,,,False,False
B2300535100000,MINHA ÁFRICA IMAGINÁRIA,2016,2023,MG,RADIODIFUSÃO DE SONS E IMAGENS (TV ABERTA),DOCUMENTÁRIO,PRODAV,PRODAV 02 - PROJETO DERIVADO,False,109840.0,1,1.487011,163333.28824000002,163333.28824000002,163333.28824000002,0.0,False,,False,0.0,,,,,,,,,,False,False,0,0.0,0,False,,,,,,False,False
B2400147200000,OS TAMBORES DO REI AMBRÓSIO,2016,2024,MG,RADIODIFUSÃO DE SONS E IMAGENS (TV ABERTA),DOCUMENTÁRIO,PRODAV,PRODAV 02 - PROJETO DERIVADO,False,108912.0,1,1.487011,161953.34203200002,161953.34203200002,161953.34203200002,0.0,False,,False,0.0,,,,,,,,,,False,False,0,0.0,0,False,,,,,,False,False
B2300484500000,SIBILA NO TIJUCO,2016,2023,MG,RADIODIFUSÃO DE SONS E IMAGENS (TV ABERTA),DOCUMENTÁRIO,PRODAV,PRODAV 02 - PROJETO DERIVADO,False,108600.0,1,1.487011,161489.3946,161489.3946,161489.3946,0.0,False,,False,0.0,,,,,,,,,,False,False,0,0.0,0,False,,,4.3,,,True,False
B1800134500000,OUTRO SOM - 2ª TEMPORADA,2013,2018,SP,COMUNICAÇÃO ELETRÔNICA DE MASSA POR ASSINATURA (TV PAGA),DOCUMENTÁRIO,PRODAV,PRODAV 02 - PROJETO DERIVADO,False,106400.0,1,1.861311,198043.49039999998,198043.49039999998,198043.49039999998,0.0,False,,False,0.0,,,,,,,,,,False,False,0,0.0,0,False,,,,,,False,False
B1301956300000,HISTÓRIAS DE ALICE,2009,2013,RJ,INDEFINIDO,FICÇÃO,PRODECINE,PRODECINE 03,True,104151.0,1,2.353382,905107.088682,245107.08868199997,245107.08868199997,660000.0,True,372.0,True,411.00108998339573,4791.27,2.0,1.0,,,,,,,False,False,0,0.0,1,True,1.0,0.0,4.37,,,True,False
B2400260900000,O SOL,2018,2024,SP,SALAS DE EXIBIÇÃO,FICÇÃO,SAV/MINC 02,SAV/MINC 02,False,100000.0,1,1.392194,139219.4,139219.4,139219.4,0.0,False,,False,0.0,,,,,,,,,,False,False,0,0.0,0,False,,,,,,False,False
B2200073000000,DEUS TEM AIDS,2018,2022,PE,SALAS DE EXIBIÇÃO,DOCUMENTÁRIO,ARRANJOS,ARRANJOS REGIONAIS,False,100000.0,1,1.392194,139219.4,139219.4,139219.4,0.0,False,331.0,True,2377.5422103528676,3663.39,71.0,6.0,,,6.0,5.0,,,False,False,0,1.2,1,True,,,,6.6,60.0,False,True
B2400225800000,PARA QUE SERVEM AS COISAS?,2018,2024,RS,OUTROS MERCADOS,FICÇÃO,SAV/MINC 02,SAV/MINC 02,False,100000.0,1,1.392194,139219.4,139219.4,139219.4,0.0,False,,False,0.0,,,,,,,,,,False,False,0,0.0,0,False,,,,,,False,False
B2000414400000,OLHA PRA ELAS,2018,2020,RS,SALAS DE EXIBIÇÃO,DOCUMENTÁRIO,CINEMA,COMERCIALIZAÇÃO EM CINEMA,False,100000.0,1,1.392194,139219.4,139219.4,139219.4,0.0,False,381.0,True,2736.687559348769,5179.07,84.0,5.0,,,,,,,False,False,0,0.0,0,False,,,,,,False,False
B2300180300000,CAPITU E O CAPITULO,2015,2023,RJ,SALAS DE EXIBIÇÃO,FICÇÃO,PRODAV,PRODAV 05,False,100000.0,1,1.580544,995806.9800000001,158054.4,158054.4,837752.5800000001,True,4695.0,True,4714.76912122066,65177.67,324.0,14.0,,,,,,,False,False,0,0.0,0,False,,,3.4,6.0,136.0,True,True
B2100142100000,DEPOIS DA PRIMAVERA,2013,2021,RJ,COMUNICAÇÃO ELETRÔNICA DE MASSA POR ASSINATURA (TV PAGA),FICÇÃO,PRODAV,PRODAV 01,False,100000.0,1,1.861311,186131.1,186131.1,186131.1,0.0,False,,False,0.0,,,,,,,,,,False,False,0,0.0,0,False,,,3.618,,,True,False
B1700584300000,O BEIJO NO ASFALTO,2016,2017,RJ,SALAS DE EXIBIÇÃO,FICÇÃO,PRODECINE,PRODECINE 03,False,100000.0,1,1.487011,148701.1,148701.1,148701.1,0.0,False,11002.0,True,73987.34777348654,140890.94,733.0,22.0,,,7.5,4.0,,,False,False,0,1.5,1,True,,,2.8,7.7,346.0,True,True
B1900309300000,ANGEL VIANNA VOANDO COM OS PÉS NO CHÃO,2014,2019,RJ,COMUNICAÇÃO ELETRÔNICA DE MASSA POR ASSINATURA (TV PAGA),DOCUMENTÁRIO,PRODAV,PRODAV 06,False,100000.0,1,1.749188,174918.8,174918.8,174918.8,0.0,False,,False,0.0,,,,,,,,,,False,False,0,0.0,0,False,,,,,,False,False
B1800001000000,EX-PAJÉ,2016,2017,SP,SALAS DE EXIBIÇÃO,DOCUMENTÁRIO,PRODECINE,PRODECINE 03,False,100000.0,1,1.487011,148701.1,148701.1,148701.1,0.0,False,9133.0,True,61418.51001774701,130030.16,480.0,13.0,,,36.0,10.0,,,False,False,0,7.2,1,True,,,,7.1,320.0,False,True
B1700477000000,TUDO É PROJETO,2014,2017,SP,COMUNICAÇÃO ELETRÔNICA DE MASSA POR ASSINATURA (TV PAGA),DOCUMENTÁRIO,PRODAV,PRODAV 06,False,100000.0,1,1.749188,183749.36096604,174918.8,174918.8,8830.560966039999,True,605.0,True,3292.5284573469307,9435.11,71.0,3.0,,,,,,,False,False,0,0.0,0,False,,,3.8,,,True,False
B1900397800000,UM PEIXE PARA DOIS,2014,2019,MT,SALAS DE EXIBIÇÃO,ANIMAÇÃO,ARRANJOS,ARRANJOS REGIONAIS,False,100000.0,1,1.749188,174918.8,174918.8,174918.8,0.0,False,,False,0.0,,,,,,,,,,False,False,0,0.0,0,False,,,3.775,,,True,False
B2400085400000,OLIVIA FOI PRA LUA,2018,2024,SC,COMUNICAÇÃO ELETRÔNICA DE MASSA POR ASSINATURA (TV PAGA),FICÇÃO,SAV/MINC 02,SAV/MINC 02,False,100000.0,1,1.392194,139219.4,139219.4,139219.4,0.0,False,,False,0.0,,,,,,,,,,False,False,0,0.0,0,False,,,,,,False,False
B1800090200000,AÇUCAR,2018,2017,PE,SALAS DE EXIBIÇÃO,FICÇÃO,CINEMA,COMERCIALIZAÇÃO EM CINEMA,False,100000.0,1,1.392194,217726.98035456002,139219.4,139219.4,78507.58035455999,True,3228.0,True,14825.907173944755,30329.57,266.0,13.0,,,15.0,7.0,,,False,False,0,3.0,1,True,,,,6.0,119.0,False,True
B2200145800000,A CAVERNA DE ESTELA,2018,2022,SP,SALAS DE EXIBIÇÃO,FICÇÃO,SAV/MINC 02,SAV/MINC 02,False,100000.0,1,1.392194,139219.4,139219.4,139219.4,0.0,False,,False,0.0,,,,,,,,,,False,False,0,0.0,0,False,,,3.49,,,True,False
B1800287300000,SERTÃO VELHO CERRADO,2014,2018,SP,SALAS DE EXIBIÇÃO,DOCUMENTÁRIO,PRODAV,PRODAV 07,False,100000.0,1,1.749188,174918.8,174918.8,174918.8,0.0,False,2017.0,True,11531.064699734963,24300.7,88.0,5.0,,,,,,,False,False,0,0.0,0,False,,,,,,False,False
B1600651600000,"CURUMIM, O HOMEM QUE QUERIA VOAR",2014,2016,RJ,SALAS DE EXIBIÇÃO,DOCUMENTÁRIO,ARRANJOS,ARRANJOS REGIONAIS,False,100000.0,1,1.749188,766313.3,174918.8,174918.8,591394.5,True,2338.0,True,3050.9714499278557,42132.53,214.0,7.0,,,,,,,False,False,0,0.0,0,False,,,3.9,,,True,False
B2400170700000,A MENINA E O FLAUTISTA,2018,2024,SP,SALAS DE EXIBIÇÃO,FICÇÃO,SAV/MINC 02,SAV/MINC 02,False,100000.0,1,1.392194,139219.4,139219.4,139219.4,0.0,False,,False,0.0,,,,,,,,,,False,False,0,0.0,0,False,,,,,,False,False
B2300141200000,TENHO FÉ,2018,2023,SP,SALAS DE EXIBIÇÃO,DOCUMENTÁRIO,ARRANJOS,ARRANJOS REGIONAIS,False,100000.0,1,1.392194,139219.4,139219.4,139219.4,0.0,False,218.0,True,1565.8737216221302,3296.76,94.0,9.0,,,,,,,False,False,0,0.0,0,False,,,,,,False,False
B2400183400000,ADAM,2018,2024,PR,SALAS DE EXIBIÇÃO,FICÇÃO,SAV/MINC 02,SAV/MINC 02,False,100000.0,1,1.392194,139219.4,139219.4,139219.4,0.0,False,,False,0.0,,,,,,,,,,False,False,0,0.0,0,False,,,,,,False,False
B2300567400000,O POLICIAL E A PASTORA,2018,2023,SP,SALAS DE EXIBIÇÃO,DOCUMENTÁRIO,ARRANJOS,ARRANJOS REGIONAIS,False,100000.0,1,1.392194,139219.4,139219.4,139219.4,0.0,False,,False,0.0,,,,,,,,,,False,False,0,0.0,0,False,,,3.4,,,True,False
B1800505900000,MARCIA HAYDÉE,2014,2018,RJ,SALAS DE EXIBIÇÃO,DOCUMENTÁRIO,PRODAV,PRODAV 06,False,100000.0,1,1.749188,1262728.2079999999,174918.8,174918.8,1087809.408,True,1420.0,True,1124.549203069676,23681.11,212.0,10.0,,,,,,,False,False,0,0.0,0,False,,,,,,False,False
B2400087400000,BOLHA,2018,2024,MG,RADIODIFUSÃO DE SONS E IMAGENS (TV ABERTA),FICÇÃO,SAV/MINC 02,SAV/MINC 02,False,100000.0,1,1.392194,139219.4,139219.4,139219.4,0.0,False,,False,0.0,,,,,,,,,,False,False,0,0.0,0,False,,,,,,False,False
B2400467400000,MEU AMIGO REAL,2018,2024,RJ,OUTROS MERCADOS,FICÇÃO,SAV/MINC 02,SAV/MINC 02,False,100000.0,1,1.392194,139219.4,139219.4,139219.4,0.0,False,,False,0.0,,,,,,,,,,False,False,0,0.0,0,False,,,,,,False,False
B2200047500000,HOSPITAL DE BRINQUEDOS,2018,2022,CE,SALAS DE EXIBIÇÃO,FICÇÃO,SAV/MINC 02,SAV/MINC 02,False,100000.0,1,1.392194,139219.4,139219.4,139219.4,0.0,False,,False,0.0,,,,,,,,,,False,False,0,0.0,0,False,,,4.045,,,True,False
B1800132900000,TINTA BRUTA,2016,2018,RS,SALAS DE EXIBIÇÃO,FICÇÃO,PRODECINE,PRODECINE 03,False,100000.0,1,1.487011,148701.1,148701.1,148701.1,0.0,False,8290.0,True,55749.4194730234,64352.88,673.0,34.0,,,59.5,25.0,5329.0,,False,True,2,25.23,2,True,1.0,0.0,2.6,6.6,1283.0,True,True
B1900247500000,MEZANINO,2015,2019,AM,OUTROS MERCADOS - AUDIOVISUAL EM CIRCUITO RESTRITO,ANIMAÇÃO,ARRANJOS,ARRANJOS REGIONAIS,False,99999.9,1,1.580544,158054.2419456,158054.2419456,158054.2419456,0.0,False,,False,0.0,,,,,,,,,,False,False,0,0.0,0,False,,,,,,False,False
B2400230300000,MALU E A MÁQUINA,2018,2024,DF,OUTROS MERCADOS,FICÇÃO,SAV/MINC 02,SAV/MINC 02,False,99999.89,1,1.392194,139219.24685866,139219.24685866,139219.24685866,0.0,False,,False,0.0,,,,,,,,,,False,False,0,0.0,0,False,,,,,,False,False
B2300513100000,OMEGATRONE - O PODER DOS 5 REINOS,2018,2023,RJ,NENHUMA DAS OPÇÕES,FICÇÃO,SAV/MINC 02,SAV/MINC 02,False,99940.0,1,1.392194,139135.86836,139135.86836,139135.86836,0.0,False,,False,0.0,,,,,,,,,,False,False,0,0.0,0,False,,,4.147,,,True,False
B2400041500000,TRABALHO DE GEOGRAFIA,2018,2024,RJ,OUTROS MERCADOS,FICÇÃO,SAV/MINC 02,SAV/MINC 02,False,99891.0,1,1.392194,139067.650854,139067.650854,139067.650854,0.0,False,,False,0.0,,,,,,,,,,False,False,0,0.0,0,False,,,,,,False,False
B1800408800000,AURORA 1964,2015,2017,PE,RADIODIFUSÃO DE SONS E IMAGENS (TV ABERTA),DOCUMENTÁRIO,ARRANJOS,ARRANJOS REGIONAIS,False,96240.72,1,1.580544,152112.69255168,152112.69255168,152112.69255168,0.0,False,,False,0.0,,,,,,,,,,False,False,0,0.0,0,False,,,,,,False,False
B1800393400000,DE SHOW A SHOW COM YAMANDU COSTA,2013,2017,SC,COMUNICAÇÃO ELETRÔNICA DE MASSA POR ASSINATURA (TV PAGA),DOCUMENTÁRIO,PRODAV,PRODAV 02 - PROJETO DERIVADO,False,96120.0,1,1.861311,178909.21331999998,178909.21331999998,178909.21331999998,0.0,False,,False,0.0,,,,,,,,,,False,False,0,0.0,0,False,,,4.105,,,True,False
B2300483800000,POÉTIKA,2013,2024,RJ,COMUNICAÇÃO ELETRÔNICA DE MASSA POR ASSINATURA (TV PAGA),DOCUMENTÁRIO,PRODAV,PRODAV 01,False,95040.0,1,1.861311,176898.99744,176898.99744,176898.99744,0.0,False,,False,0.0,,,,,,,,,,False,False,0,0.0,0,False,,,,,,False,False
B1900303900000,PLIN & PLAN,2013,2019,RJ,COMUNICAÇÃO ELETRÔNICA DE MASSA POR ASSINATURA (TV PAGA),ANIMAÇÃO,PRODAV,PRODAV 01,False,95000.0,1,1.861311,176824.54499999998,176824.54499999998,176824.54499999998,0.0,False,,False,0.0,,,,,,,,,,False,False,0,0.0,0,False,,,,,,False,False
B1900471700000,A ARTE URBANA,2014,2019,RJ,SALAS DE EXIBIÇÃO,DOCUMENTÁRIO,ARRANJOS,ARRANJOS REGIONAIS,False,94520.0,1,1.749188,165333.24976,165333.24976,165333.24976,0.0,False,51.0,True,308.46789786103096,271.7,21.0,3.0,,,,,,,False,False,0,0.0,0,False,,,3.88,,,True,False
B2200499500000,PRAIA DO SILÊNCIO,2017,2022,SP,SALAS DE EXIBIÇÃO,FICÇÃO,PRODAV,PRODAV 07,False,156528.1,2,1.444401,222833.02233914,226089.3441681,222833.02233914,0.0,False,116.0,True,520.5691633238011,2321.56,16.0,1.0,,,,,,,False,False,0,0.0,0,False,,,4.1,,,True,False
B2100007000000,UM DOMINGO DE 53 HORAS,2013,2021,DF,COMUNICAÇÃO ELETRÔNICA DE MASSA POR ASSINATURA (TV PAGA),DOCUMENTÁRIO,PRODAV,PRODAV 01,False,93032.34,1,1.861311,173162.11779773998,173162.11779773998,173162.11779773998,0.0,False,,False,0.0,,,,,,,,,,False,False,0,0.0,0,False,,,4.1,,,True,False
B2000200900000,ROTA DO VINIL,2013,2020,SP,COMUNICAÇÃO ELETRÔNICA DE MASSA POR ASSINATURA (TV PAGA),DOCUMENTÁRIO,PRODAV,PRODAV 02 - PROJETO DERIVADO,False,92760.0,1,1.861311,172655.20836,172655.20836,172655.20836,0.0,False,,False,0.0,,,,,,,,,,False,False,0,0.0,0,False,,,,,,False,False
B2600007500000,VINCENT ROSENBLATT – ANTROPOLOGIA VISUAL CONTEMPORÂNEA,2018,2026,RJ,COMUNICAÇÃO ELETRÔNICA DE MASSA POR ASSINATURA (TV PAGA),DOCUMENTÁRIO,DESEMPENHO,SUPORTE AUTOMÁTICO - DESEMPENHO COMERCIAL TV E VOD,False,90000.0,1,1.392194,125297.45999999999,125297.45999999999,125297.45999999999,0.0,False,,False,0.0,,,,,,,,,,False,False,0,0.0,0,False,,,,,,False,False
B2400043900000,BICHO DO SOL &SEUS AMIGOS,2014,2024,CE,VIDEO DOMÉSTICO,FICÇÃO,ARRANJOS,ARRANJOS REGIONAIS,False,85600.0,1,1.749188,149730.4928,149730.4928,149730.4928,0.0,False,,False,0.0,,,,,,,,,,False,False,0,0.0,0,False,,,,,,False,False
B2000344400000,CIDADE SUBMERSA,2014,2020,CE,COMUNICAÇÃO ELETRÔNICA DE MASSA POR ASSINATURA (TV PAGA),FICÇÃO,ARRANJOS,ARRANJOS REGIONAIS,False,85600.0,1,1.749188,149730.4928,149730.4928,149730.4928,0.0,False,,False,0.0,,,,,,,,,,False,False,0,0.0,0,False,,,,,,False,False
B1800168300000,INFERNINHO,2014,2018,CE,SALAS DE EXIBIÇÃO,FICÇÃO,ARRANJOS,ARRANJOS REGIONAIS,False,85600.0,1,1.749188,149730.4928,149730.4928,149730.4928,0.0,False,3765.0,True,25145.178711386703,40214.82,389.0,18.0,,,,,,,False,False,0,0.0,0,False,,,,6.8,384.0,False,True
B1900201200000,GÊNERO PLURAL,2014,2019,CE,RADIODIFUSÃO DE SONS E IMAGENS (TV ABERTA),DOCUMENTÁRIO,ARRANJOS,ARRANJOS REGIONAIS,False,85600.0,1,1.749188,149730.4928,149730.4928,149730.4928,0.0,False,,False,0.0,,,,,,,,,,False,False,0,0.0,0,False,,,,,,False,False
B1900489000000,OS HERDEIROS,2014,2019,CE,COMUNICAÇÃO ELETRÔNICA DE MASSA POR ASSINATURA (TV PAGA),FICÇÃO,ARRANJOS,ARRANJOS REGIONAIS,False,85504.0,1,1.749188,149562.570752,149562.570752,149562.570752,0.0,False,,False,0.0,,,,,,,,,,False,False,0,0.0,0,False,,,,,,False,False
B1800444000000,JUVENAL E OLIVER,2014,2018,AC,OUTROS MERCADOS,ANIMAÇÃO,ARRANJOS,ARRANJOS REGIONAIS,False,79138.5,1,1.749188,138428.114538,138428.114538,138428.114538,0.0,False,,False,0.0,,,,,,,,,,False,False,0,0.0,0,False,,,,,,False,False
B1800610600000,ORIGENS,2013,2018,SC,COMUNICAÇÃO ELETRÔNICA DE MASSA POR ASSINATURA (TV PAGA),DOCUMENTÁRIO,PRODAV,PRODAV 02 - PROJETO DERIVADO,False,78664.52,1,1.861311,146419.13638572,146419.13638572,146419.13638572,0.0,False,,False,0.0,,,,,,,,,,False,False,0,0.0,0,False,,,3.864,,,True,False
B2400526300000,GRÁVIDO DE TERRA NEGRA,2017,2024,PE,RADIODIFUSÃO DE SONS E IMAGENS (TV ABERTA),DOCUMENTÁRIO,ARRANJOS,ARRANJOS REGIONAIS,False,75000.0,1,1.444401,108330.075,108330.075,108330.075,0.0,False,,False,0.0,,,,,,,,,,False,False,0,0.0,0,False,,,,,,False,False
B2000436900000,"ENTRE NÓS, UM SEGREDO",2014,2020,SP,SALAS DE EXIBIÇÃO,DOCUMENTÁRIO,ARRANJOS,ARRANJOS REGIONAIS,True,75000.0,1,1.749188,131189.1,131189.1,131189.1,0.0,False,32.0,True,243.92270394415388,233.28,41.0,3.0,,,,,,,False,False,0,0.0,1,True,,,3.6,6.9,36.0,True,True
B2500037100000,EXPEDICAO AGUAS DO ACRE,2014,2025,AC,RADIODIFUSÃO DE SONS E IMAGENS (TV ABERTA),DOCUMENTÁRIO,ARRANJOS,ARRANJOS REGIONAIS,False,73620.5,1,1.749188,128776.095154,128776.095154,128776.095154,0.0,False,,False,0.0,,,,,,,,,,False,False,0,0.0,0,False,,,,,,False,False
B1800364300000,SABÁ,2014,2017,AC,OUTROS MERCADOS,DOCUMENTÁRIO,ARRANJOS,ARRANJOS REGIONAIS,False,73620.5,1,1.749188,128776.095154,128776.095154,128776.095154,0.0,False,,False,0.0,,,,,,,,,,False,False,0,0.0,0,False,,,,,,False,False
B2200133200000,MÚLTIPLO VALDI,2015,2022,PE,RADIODIFUSÃO DE SONS E IMAGENS (TV ABERTA),DOCUMENTÁRIO,ARRANJOS,ARRANJOS REGIONAIS,False,72588.0,1,1.580544,114728.52787199999,114728.52787199999,114728.52787199999,0.0,False,,False,0.0,,,,,,,,,,False,False,0,0.0,0,False,,,,,,False,False
B2000328300000,RODRIGO SANTOS TREM BALA,2013,2015,RS,COMUNICAÇÃO ELETRÔNICA DE MASSA POR ASSINATURA (TV PAGA),DOCUMENTÁRIO,PRODAV,PRODAV 02 - PROJETO DERIVADO,False,70000.0,1,1.861311,130291.76999999999,130291.76999999999,130291.76999999999,0.0,False,,False,0.0,,,,,,,,,,False,False,0,0.0,0,False,,,4.0,,,True,False
B2200186300000,PAISAGEM CONCRETA,2017,2022,SP,COMUNICAÇÃO ELETRÔNICA DE MASSA POR ASSINATURA (TV PAGA),DOCUMENTÁRIO,PRODAV,PRODAV 06,False,70000.0,1,1.444401,101108.07,101108.07,101108.07,0.0,False,,False,0.0,,,,,,,,,,False,False,0,0.0,0,False,,,,8.6,10.0,False,True
B1700184000000,NOVA AMSTERDAM,2016,2017,RN,SALAS DE EXIBIÇÃO,FICÇÃO,PRODECINE,PRODECINE 03,False,67000.0,1,1.487011,99629.73700000001,99629.73700000001,99629.73700000001,0.0,False,608.0,True,6102.595653745427,8697.88,,,,,,,,,False,False,0,0.0,0,False,,,3.636,,,True,False
B2300247400000,MARINHEIRO DAS MONTANHAS,2018,2023,RJ,SALAS DE EXIBIÇÃO,DOCUMENTÁRIO,COMERCIALIZAÇÃO - OPÇÃO ,COMERCIALIZAÇÃO - OPÇÃO DE INVESTIMENTO EM COMERCIALIZAÇÃO,False,60000.0,1,1.392194,1032109.3399990001,83531.64,83531.64,948577.6999990001,True,2640.0,True,2557.868529706899,38361.24,284.0,10.0,,,,,,,False,False,0,0.0,0,False,,,,7.2,697.0,False,True
B1600064700000,ESPAÇO ALÉM - MARINA ABRAMOVIC E O BRASIL,2014,2015,SP,SALAS DE EXIBIÇÃO,DOCUMENTÁRIO,ARRANJOS,ARRANJOS REGIONAIS,False,60000.0,1,1.749188,384147.92999999993,104951.28,104951.28,279196.64999999997,True,20219.0,True,52633.369650072054,318116.34,56.0,5.0,,,,,,,False,False,0,0.0,0,False,,,3.4,,,True,False
B2300120800000,VAI TER TROCO,2018,2023,SP,SALAS DE EXIBIÇÃO,FICÇÃO,COMERCIALIZAÇÃO - OPÇÃO ,COMERCIALIZAÇÃO - OPÇÃO DE INVESTIMENTO EM COMERCIALIZAÇÃO,False,56600.0,1,1.392194,4316779.5304000005,78798.1804,78798.1804,4237981.35,True,4905.0,True,1136.2637274981457,91758.72,1506.0,45.0,,,,,,,False,False,0,0.0,0,False,,,3.32,5.8,71.0,True,True
B1900363600000,MARÉS,2018,2018,DF,SALAS DE EXIBIÇÃO,FICÇÃO,DESEMPENHO,SUPORTE AUTOMÁTICO - DESEMPENHO COMERCIAL CINEMA,False,54054.05,1,1.392194,75253.7240857,75253.7240857,75253.7240857,0.0,False,660.0,True,8770.33008025467,4631.6,216.0,20.0,,,,,,,False,False,0,0.0,0,False,,,4.223,6.6,16.0,True,True
B1900426000000,CANAL 60,2014,2017,PR,COMUNICAÇÃO ELETRÔNICA DE MASSA POR ASSINATURA (TV PAGA),FICÇÃO,ARRANJOS,ARRANJOS REGIONAIS,False,54000.0,1,1.749188,94456.152,94456.152,94456.152,0.0,False,,False,0.0,,,,,,,,,,False,False,0,0.0,0,False,,,,,,False,False
B1700510100000,PAULA PARANORMAL,2014,2017,PR,COMUNICAÇÃO ELETRÔNICA DE MASSA POR ASSINATURA (TV PAGA),FICÇÃO,ARRANJOS,ARRANJOS REGIONAIS,False,54000.0,1,1.749188,94456.152,94456.152,94456.152,0.0,False,,False,0.0,,,,,,,,,,False,False,0,0.0,0,False,,,,,,False,False
B2000007500000,"APERTE START, WOLFGANG",2014,2019,PR,COMUNICAÇÃO ELETRÔNICA DE MASSA POR ASSINATURA (TV PAGA),ANIMAÇÃO,ARRANJOS,ARRANJOS REGIONAIS,False,54000.0,1,1.749188,94456.152,94456.152,94456.152,0.0,False,,False,0.0,,,,,,,,,,False,False,0,0.0,0,False,,,,,,False,False
B1900268200000,CASALTOPIA,2014,2019,PR,OUTROS MERCADOS,FICÇÃO,ARRANJOS,ARRANJOS REGIONAIS,False,53995.0,1,1.749188,94447.40606,94447.40606,94447.40606,0.0,False,,False,0.0,,,,,,,,,,False,False,0,0.0,0,False,,,,,,False,False
B1800485700000,ESTANTE DE LIVROS,2014,2018,PR,COMUNICAÇÃO ELETRÔNICA DE MASSA POR ASSINATURA (TV PAGA),FICÇÃO,ARRANJOS,ARRANJOS REGIONAIS,False,52325.63,1,1.749188,91527.36408844,91527.36408844,91527.36408844,0.0,False,,False,0.0,,,,,,,,,,False,False,0,0.0,0,False,,,,,,False,False
B2400447300000,A ÓPERA DOS SAPOS,2018,2024,AL,SALAS DE EXIBIÇÃO,DOCUMENTÁRIO,ARRANJOS,ARRANJOS REGIONAIS,False,50000.0,1,1.392194,69609.7,69609.7,69609.7,0.0,False,,False,0.0,,,,,,,,,,False,False,0,0.0,0,False,,,,,,False,False
B2500227200000,ENTRANHAS,2018,2025,AL,SALAS DE EXIBIÇÃO,FICÇÃO,ARRANJOS,ARRANJOS REGIONAIS,False,50000.0,1,1.392194,69609.7,69609.7,69609.7,0.0,False,,False,0.0,,,,,,,,,,False,False,0,0.0,0,False,,,,,,False,False
B2000112100000,VAI MELHORAR,2015,2020,RN,SALAS DE EXIBIÇÃO,FICÇÃO,ARRANJOS,ARRANJOS REGIONAIS,False,50000.0,1,1.580544,79027.2,79027.2,79027.2,0.0,False,,False,0.0,,,,,,,,,,False,False,0,0.0,0,False,,,,,,False,False
B2300550100000,O CANTO,2018,2023,AL,SALAS DE EXIBIÇÃO,DOCUMENTÁRIO,ARRANJOS,ARRANJOS REGIONAIS,False,50000.0,1,1.392194,69609.7,69609.7,69609.7,0.0,False,,False,0.0,,,,,,,,,,False,False,0,0.0,0,False,,,,,,False,False
B2300499000000,PASTRANA,2018,2023,RS,SALAS DE EXIBIÇÃO,DOCUMENTÁRIO,ARRANJOS,ARRANJOS REGIONAIS,False,50000.0,1,1.392194,69609.7,69609.7,69609.7,0.0,False,,False,0.0,,,,,,,,,,False,False,0,0.0,0,False,,,,,,False,False
B1900247000000,EM REFORMA,2015,2019,RN,OUTROS MERCADOS,FICÇÃO,ARRANJOS,ARRANJOS REGIONAIS,False,50000.0,1,1.580544,79027.2,79027.2,79027.2,0.0,False,,False,0.0,,,,,,,,,,False,False,0,0.0,0,False,,,,,,False,False
B2300557100000,GUIA,2018,2023,AL,OUTROS MERCADOS - AUDIOVISUAL EM CIRCUITO RESTRITO,FICÇÃO,ARRANJOS,ARRANJOS REGIONAIS,False,50000.0,1,1.392194,69609.7,69609.7,69609.7,0.0,False,,False,0.0,,,,,,,,,,False,False,0,0.0,0,False,,,4.5,,,True,False
B2500052400000,MEU NOME É JORGE,2018,2025,RS,SALAS DE EXIBIÇÃO,DOCUMENTÁRIO,ARRANJOS,ARRANJOS REGIONAIS,False,50000.0,1,1.392194,69609.7,69609.7,69609.7,0.0,False,,False,0.0,,,,,,,,,,False,False,0,0.0,0,False,,,,,,False,False
B2500223100000,CÉU DE AREIA,2018,2025,AL,SALAS DE EXIBIÇÃO,ANIMAÇÃO,ARRANJOS,ARRANJOS REGIONAIS,False,50000.0,1,1.392194,69609.7,69609.7,69609.7,0.0,False,,False,0.0,,,,,,,,,,False,False,0,0.0,0,False,,,,,,False,False
B2400342400000,DE VOLTA AO JOGO,2018,2024,RS,SALAS DE EXIBIÇÃO,FICÇÃO,ARRANJOS,ARRANJOS REGIONAIS,False,50000.0,1,1.392194,69609.7,69609.7,69609.7,0.0,False,284.0,True,4079.8911645934404,,,,,,,,,,False,False,0,0.0,0,False,,,,,,False,False
B2200393900000,ME CHAMA QUE EU VOU,2018,2022,SP,SALAS DE EXIBIÇÃO,DOCUMENTÁRIO,DESEMPENHO,SUPORTE AUTOMÁTICO - DESEMPENHO COMERCIAL CINEMA,False,50000.0,1,1.392194,592373.63639638,69609.7,69609.7,522763.93639638,True,1424.0,True,2403.888209243577,20265.31,192.0,11.0,,,,,,,True,False,1,6.67,0,False,,,3.52,6.9,42.0,True,True
B2400036600000,A UM GOLE DA ETERNIDADE,2018,2024,RS,SALAS DE EXIBIÇÃO,FICÇÃO,ARRANJOS,ARRANJOS REGIONAIS,False,49997.4,1,1.392194,69606.0802956,69606.0802956,69606.0802956,0.0,False,,False,0.0,,,,,,,,,,False,False,0,0.0,0,False,,,,,,False,False
B2400366000000,MENINO BOIADEIRO,2018,2024,AL,SALAS DE EXIBIÇÃO,FICÇÃO,ARRANJOS,ARRANJOS REGIONAIS,False,49995.0,1,1.392194,69602.73903,69602.73903,69602.73903,0.0,False,,False,0.0,,,,,,,,,,False,False,0,0.0,0,False,,,,,,False,False
B1900617900000,A ÉTICA DAS HIENAS,2014,2019,PB,OUTROS MERCADOS,FICÇÃO,ARRANJOS,ARRANJOS REGIONAIS,False,46667.0,1,1.749188,81629.356396,81629.356396,81629.356396,0.0,False,,False,0.0,,,,,,,,,,False,False,0,0.0,0,False,,,,,,False,False
B2200013100000,ANIMAIS NA PISTA,2014,2022,PB,RADIODIFUSÃO DE SONS E IMAGENS (TV ABERTA),FICÇÃO,ARRANJOS,ARRANJOS REGIONAIS,False,46666.67,1,1.749188,81628.77916395999,81628.77916395999,81628.77916395999,0.0,False,,False,0.0,,,,,,,,,,False,False,0,0.0,0,False,,,,,,False,False
B2000100400000,HOSANA NAS ALTURAS,2014,2019,PB,RADIODIFUSÃO DE SONS E IMAGENS (TV ABERTA),FICÇÃO,ARRANJOS,ARRANJOS REGIONAIS,False,46666.66,1,1.749188,81628.76167208,81628.76167208,81628.76167208,0.0,False,,False,0.0,,,,,,,,,,False,False,0,0.0,0,False,,,3.9,,,True,False
B2100278600000,FLOR NO QUINTAL,2014,2021,PB,NENHUMA DAS OPÇÕES,ANIMAÇÃO,ARRANJOS,ARRANJOS REGIONAIS,False,46666.66,1,1.749188,81628.76167208,81628.76167208,81628.76167208,0.0,False,,False,0.0,,,,,,,,,,False,False,0,0.0,0,False,,,4.3,,,True,False
B1900336600000,FAIXA DE GAZA,2014,2019,PB,OUTROS MERCADOS,FICÇÃO,ARRANJOS,ARRANJOS REGIONAIS,False,46666.66,1,1.749188,81628.76167208,81628.76167208,81628.76167208,0.0,False,,False,0.0,,,,,,,,,,False,False,0,0.0,0,False,,,,,,False,False
B2000157600000,COLETIVO DE MULTIDÃO,2014,2020,PB,COMUNICAÇÃO ELETRÔNICA DE MASSA POR ASSINATURA (TV PAGA),FICÇÃO,ARRANJOS,ARRANJOS REGIONAIS,False,46666.66,1,1.749188,81628.76167208,81628.76167208,81628.76167208,0.0,False,,False,0.0,,,,,,,,,,False,False,0,0.0,0,False,,,,,,False,False
B2400347600000,O AZUL INDIFERENTE DO CÉU,2014,2024,PB,COMUNICAÇÃO ELETRÔNICA DE MASSA POR ASSINATURA (TV PAGA),ANIMAÇÃO,ARRANJOS,ARRANJOS REGIONAIS,False,46666.66,1,1.749188,81628.76167208,81628.76167208,81628.76167208,0.0,False,,False,0.0,,,,,,,,,,False,False,0,0.0,0,False,,,,,,False,False
B1800566100000,CRUA,2014,2018,PB,NENHUMA DAS OPÇÕES,FICÇÃO,ARRANJOS,ARRANJOS REGIONAIS,False,46666.66,1,1.749188,81628.76167208,81628.76167208,81628.76167208,0.0,False,,False,0.0,,,,,,,,,,False,False,0,0.0,0,False,,,4.23,,,True,False
B1800443100000,LENINGRADO LINHA 41,2014,2017,RN,OUTROS MERCADOS - AUDIOVISUAL EM CIRCUITO RESTRITO,DOCUMENTÁRIO,ARRANJOS,ARRANJOS REGIONAIS,False,33334.0,1,1.749188,58307.432792,58307.432792,58307.432792,0.0,False,,False,0.0,,,,,,,,,,False,False,0,0.0,0,False,,,,,,False,False
B1700214000000,NO FIM DE TUDO,2014,2017,RN,OUTROS MERCADOS - AUDIOVISUAL EM CIRCUITO RESTRITO,FICÇÃO,ARRANJOS,ARRANJOS REGIONAIS,False,33334.0,1,1.749188,58307.432792,58307.432792,58307.432792,0.0,False,,False,0.0,,,,,,,,,,False,False,0,0.0,0,False,,,4.3,,,True,False
B2000264700000,A TRADICIONAL FAMÍLIA BRASILEIRA - KATU,2014,2020,RN,OUTROS MERCADOS,DOCUMENTÁRIO,ARRANJOS,ARRANJOS REGIONAIS,False,33333.33,1,1.749188,58306.260836040005,58306.260836040005,58306.260836040005,0.0,False,,False,0.0,,,,,,,,,,False,False,0,0.0,0,False,,,3.9,,,True,False
B1900427100000,QUANDO AS COISAS SE DESMANCHAM,2014,2018,RN,OUTROS MERCADOS - AUDIOVISUAL EM CIRCUITO RESTRITO,FICÇÃO,ARRANJOS,ARRANJOS REGIONAIS,False,33333.33,1,1.749188,58306.260836040005,58306.260836040005,58306.260836040005,0.0,False,,False,0.0,,,,,,,,,,False,False,0,0.0,0,False,,,3.7,,,True,False
B1900179300000,OLHOS DE FOGO,2014,2019,SE,SALAS DE EXIBIÇÃO,FICÇÃO,ARRANJOS,ARRANJOS REGIONAIS,False,33333.33,1,1.749188,58306.260836040005,58306.260836040005,58306.260836040005,0.0,False,,False,0.0,,,,,,,,,,False,False,0,0.0,0,False,,,3.993,,,True,False
B1900452000000,CLANDESTINO,2014,2017,SE,OUTROS MERCADOS - VÍDEO POR DEMANDA,FICÇÃO,ARRANJOS,ARRANJOS REGIONAIS,False,33333.33,1,1.749188,58306.260836040005,58306.260836040005,58306.260836040005,0.0,False,,False,0.0,,,,,,,,,,False,False,0,0.0,0,False,,,,,,False,False
B1900433000000,CODINOME BRENO,2014,2018,RN,OUTROS MERCADOS - AUDIOVISUAL EM CIRCUITO RESTRITO,DOCUMENTÁRIO,ARRANJOS,ARRANJOS REGIONAIS,False,33333.33,1,1.749188,58306.260836040005,58306.260836040005,58306.260836040005,0.0,False,,False,0.0,,,,,,,,,,False,False,0,0.0,0,False,,,,,,False,False
B2100132300000,MAR DE ZILA,2014,2021,RN,OUTROS MERCADOS,FICÇÃO,ARRANJOS,ARRANJOS REGIONAIS,False,33333.0,1,1.749188,58305.683604,58305.683604,58305.683604,0.0,False,,False,0.0,,,,,,,,,,False,False,0,0.0,0,False,,,4.5,,,True,False
B2100141600000,TOTOTÓS CANOAS DO RIO SERGIPE,2014,2021,SE,NENHUMA DAS OPÇÕES,DOCUMENTÁRIO,ARRANJOS,ARRANJOS REGIONAIS,False,33330.0,1,1.749188,58300.43604,58300.43604,58300.43604,0.0,False,,False,0.0,,,,,,,,,,False,False,0,0.0,0,False,,,4.252,,,True,False
B1900027900000,NADIR,2014,2018,SE,OUTROS MERCADOS,DOCUMENTÁRIO,ARRANJOS,ARRANJOS REGIONAIS,False,33330.0,1,1.749188,58300.43604,58300.43604,58300.43604,0.0,False,,False,0.0,,,,,,,,,,False,False,0,0.0,0,False,,,,,,False,False
B1700620000000,"BRAZIL, MADE IN PARANÁ",2014,2017,PR,COMUNICAÇÃO ELETRÔNICA DE MASSA POR ASSINATURA (TV PAGA),DOCUMENTÁRIO,ARRANJOS,ARRANJOS REGIONAIS,False,30000.0,1,1.749188,52475.64,52475.64,52475.64,0.0,False,,False,0.0,,,,,,,,,,False,False,0,0.0,0,False,,,,,,False,False
B1900210300000,"CIRCO SOCIAL ""OS KACO""",2014,2018,TO,RADIODIFUSÃO DE SONS E IMAGENS (TV ABERTA),DOCUMENTÁRIO,ARRANJOS,ARRANJOS REGIONAIS,False,15000.0,1,1.749188,26237.82,26237.82,26237.82,0.0,False,,False,0.0,,,,,,,,,,False,False,0,0.0,0,False,,,,,,False,False
B1800115900000,"""EL HOMBRE QUE CUIDA""",2017,2017,MG,SALAS DE EXIBIÇÃO,FICÇÃO,(sem match chamada),,True,,1,1.444401,0.0,,0.0,0.0,False,491.0,True,,6905.83,78.0,6.0,,,,,,,False,False,0,0.0,1,True,1.0,0.0,,6.5,80.0,False,True
B1700424900000,#FALAGALERA,2017,2017,MG,RADIODIFUSÃO DE SONS E IMAGENS (TV ABERTA),DOCUMENTÁRIO,(sem match chamada),,False,,1,1.444401,,,,,False,,False,,,,,,,,,,,False,False,0,0.0,0,False,,,,,,False,False
B2500337500000,#SALVEROSA,2025,2025,RJ,SALAS DE EXIBIÇÃO,FICÇÃO,(sem match chamada),,False,,1,1.0,3144900.0,,0.0,3144900.0,True,11966.0,True,3804.8904575662186,222234.2,4828.0,96.0,,,,,,,False,False,0,0.0,0,False,,,,,,False,False
B2500365100000,(DES)CONTROLE,2025,2025,RJ,SALAS DE EXIBIÇÃO,FICÇÃO,(sem match chamada),,False,,1,1.0,3290192.9999999995,,0.0,3290192.9999999995,True,,False,0.0,,,,,,,,,,False,False,0,0.0,0,False,,,,,,False,False
B2400325900000,(IN)VISÍVEL,2024,2024,SP,COMUNICAÇÃO ELETRÔNICA DE MASSA POR ASSINATURA (TV PAGA),DOCUMENTÁRIO,(sem match chamada),,False,,1,1.0,,,,,False,,False,,,,,,,,,,,False,False,0,0.0,0,False,,,,,,False,False
B1800380700000,10 SEGUNDOS PARA VENCER,2018,2018,RJ,SALAS DE EXIBIÇÃO,FICÇÃO,(sem match chamada),,False,,1,1.392194,9242628.59423232,,0.0,9242628.59423232,True,49622.0,True,5368.818999279667,801025.64,11339.0,103.0,,,4.0,1.0,,,False,False,0,0.8,1,True,,,,6.9,251.0,False,True
B1800611900000,10 SEGUNDOS PARA VENCER SÉRIE,2018,2018,RJ,RADIODIFUSÃO DE SONS E IMAGENS (TV ABERTA),FICÇÃO,(sem match chamada),,False,,1,1.392194,,,,,False,,False,,,,,,,,,,,False,False,0,0.0,0,False,,,,6.9,251.0,False,True
B1800314700000,137,2017,2017,GO,COMUNICAÇÃO ELETRÔNICA DE MASSA POR ASSINATURA (TV PAGA),DOCUMENTÁRIO,(sem match chamada),,False,,1,1.444401,,,,,False,,False,,,,,,,,,,,False,False,0,0.0,0,False,,,,,,False,False
B2200317100000,171,2022,2022,SP,SALAS DE EXIBIÇÃO,DOCUMENTÁRIO,(sem match chamada),,False,,1,1.096731,50577.407999999996,,0.0,50577.407999999996,True,152.0,True,3005.2943796566246,2635.25,67.0,6.0,,,,,,,False,False,0,0.0,0,False,,,,,,False,False
B2500084500000,1961,2025,2025,SP,COMUNICAÇÃO ELETRÔNICA DE MASSA POR ASSINATURA (TV PAGA),DOCUMENTÁRIO,(sem match chamada),,False,,1,1.0,,,,,False,,False,,,,,,,,,,,False,False,0,0.0,0,False,,,,,,False,False
B2400171300000,1986,2024,2024,MG,RADIODIFUSÃO DE SONS E IMAGENS (TV ABERTA),FICÇÃO,(sem match chamada),,False,,1,1.0,,,,,False,,False,,,,,,,,,,,False,False,0,0.0,0,False,,,,,,False,False
B2100362100000,45 DO SEGUNDO TEMPO,2021,2021,SP,SALAS DE EXIBIÇÃO,FICÇÃO,(sem match chamada),,False,,1,1.160232,2776905.90002812,,0.0,2776905.90002812,True,27631.0,True,9950.283154974823,552625.82,4434.0,109.0,,,,,,,False,False,0,0.0,0,False,,,3.648,6.8,155.0,True,True
B2100460000000,8 PRESIDENTES 1 JURAMENTO - A HISTÓRIA DE UM TEMPO PRESENTE,2021,2021,RJ,SALAS DE EXIBIÇÃO,DOCUMENTÁRIO,(sem match chamada),,False,,1,1.160232,748694.0614761199,,0.0,748694.0614761199,True,,False,0.0,,,,,,,,,,False,False,0,0.0,0,False,,,3.648,6.9,71.0,True,True
B2500325600000,8 SEGUNDOS – O DESAFIO,2025,2025,RJ,SALAS DE EXIBIÇÃO,FICÇÃO,(sem match chamada),,False,,1,1.0,104830.0,,0.0,104830.0,True,,False,0.0,,,,,,,,,,False,False,0,0.0,0,False,,,,,,False,False
B2100203300000,A ALMA QUER VOAR,2021,2021,RJ,SALAS DE EXIBIÇÃO,FICÇÃO,(sem match chamada),,True,,1,1.160232,,,,,False,93.0,True,,1011.87,13.0,3.0,4.0,12.5,12.5,6.0,,,False,False,0,2.5,3,True,1.0,0.0,,,,False,False
B2500038600000,A BAHIA ME FEZ ASSIM,2025,2025,BA,COMUNICAÇÃO ELETRÔNICA DE MASSA POR ASSINATURA (TV PAGA),DOCUMENTÁRIO,(sem match chamada),,False,,1,1.0,,,,,False,,False,,,,,,,,,,,False,False,0,0.0,0,False,,,,,,False,False
B2400015800000,A BATALHA DA RUA MARIA ANTÔNIA,2024,2024,SP,SALAS DE EXIBIÇÃO,FICÇÃO,(sem match chamada),,False,,1,1.0,4333203.0,,0.0,4333203.0,True,5849.0,True,1349.8098288956228,108791.56,506.0,18.0,,,,,,,False,False,0,0.0,0,False,,,,,,False,False
B1900496000000,A BRUXINHA LILI,2019,2019,BA,COMUNICAÇÃO ELETRÔNICA DE MASSA POR ASSINATURA (TV PAGA),ANIMAÇÃO,(sem match chamada),,False,,1,1.33467,,,,,False,,False,,,,,,,,,,,False,False,0,0.0,0,False,,,,,,False,False
B2500537400000,A CAPITAL DO BASQUETE,2025,2025,SP,RADIODIFUSÃO DE SONS E IMAGENS (TV ABERTA),DOCUMENTÁRIO,(sem match chamada),,False,,1,1.0,,,,,False,,False,,,,,,,,,,,False,False,0,0.0,0,False,,,,,,False,False
B1900074300000,A CARA DO FUTURO - TEMPORADA 2,2019,2019,SC,RADIODIFUSÃO DE SONS E IMAGENS (TV ABERTA),DOCUMENTÁRIO,(sem match chamada),,False,,1,1.33467,,,,,False,,False,,,,,,,,,,,False,False,0,0.0,0,False,,,4.062,,,True,False
B1700082700000,A CARA DO MUNDO,2016,2016,SP,RADIODIFUSÃO DE SONS E IMAGENS (TV ABERTA),DOCUMENTÁRIO,(sem match chamada),,False,,1,1.487011,,,,,False,,False,,,,,,,,,,,False,False,0,0.0,0,False,,,4.115,,,True,False
B2500010400000,A CASA DO ELEFANTE,2025,2025,RO,SALAS DE EXIBIÇÃO,FICÇÃO,(sem match chamada),,False,,1,1.0,,,,,False,,False,,,,,,,,,,,False,False,0,0.0,0,False,,,,,,False,False
B2300399100000,A CHAVE TERCEIRA TEMPORADA,2023,2023,BA,COMUNICAÇÃO ELETRÔNICA DE MASSA POR ASSINATURA (TV PAGA),DOCUMENTÁRIO,(sem match chamada),,False,,1,1.0483,,,,,False,,False,,,,,,,,,,,False,False,0,0.0,0,False,,,,,,False,False
B1900371300000,A CIDADE DO FUTURO TV,2019,2019,BA,RADIODIFUSÃO DE SONS E IMAGENS (TV ABERTA),DOCUMENTÁRIO,(sem match chamada),,False,,1,1.33467,,,,,False,,False,,,,,,,,,,,False,False,0,0.0,0,False,,,4.062,,,True,False
B2500287300000,A COBRA NEGRA,2025,2025,RS,SALAS DE EXIBIÇÃO,FICÇÃO,(sem match chamada),,True,,1,1.0,,,,,False,,False,,,,,,,,,,,False,False,0,0.0,1,True,,,,,,False,False
B1600439300000,A COMÉDIA DIVINA,2016,2016,SP,SALAS DE EXIBIÇÃO,FICÇÃO,(sem match chamada),,False,,1,1.487011,3750908.10569766,,0.0,3750908.10569766,True,47171.0,True,12575.887937202959,654400.89,5638.0,51.0,,,5.5,3.0,,,False,False,0,1.1,1,True,,,2.728,4.8,123.0,True,True
B2600061700000,A CONSPIRAÇÃO CONDOR,2026,2026,SP,SALAS DE EXIBIÇÃO,FICÇÃO,(sem match chamada),,False,,1,1.0,,,,,False,,False,,,,,,,,,,,False,False,0,0.0,0,False,,,,,,False,False
B1900592900000,A DIVISÃO - O FILME,2019,2019,RJ,SALAS DE EXIBIÇÃO,FICÇÃO,(sem match chamada),,False,,1,1.33467,5363648.677,,0.0,5363648.677,True,7634.0,True,1423.284868141262,121299.29,1636.0,60.0,,,,,,,False,False,0,0.0,0,False,,,2.9,,,True,False
B2400316200000,A EVOLUÇÃO DO COSPLAY,2024,2024,SP,COMUNICAÇÃO ELETRÔNICA DE MASSA POR ASSINATURA (TV PAGA),DOCUMENTÁRIO,(sem match chamada),,False,,1,1.0,,,,,False,,False,,,,,,,,,,,False,False,0,0.0,0,False,,,,,,False,False
B2200146400000,A FELICIDADE DAS COISAS,2022,2022,MG,SALAS DE EXIBIÇÃO,FICÇÃO,(sem match chamada),,False,,1,1.096731,,,,,False,1455.0,True,,19345.56,156.0,11.0,,,14.5,4.0,,,False,False,0,2.9,1,True,,,3.575,6.9,174.0,True,True
B2300570500000,A FLOR DO BURITI,2023,2023,MG,SALAS DE EXIBIÇÃO,FICÇÃO,(sem match chamada),,True,,1,1.0483,,,,,False,4298.0,True,,54761.34,184.0,14.0,,,,,,13.0,False,False,0,8.0,2,True,1.0,4.0,,6.6,399.0,False,True
B1600137800000,A GAROTA DA MOTO,2015,2015,SP,RADIODIFUSÃO DE SONS E IMAGENS (TV ABERTA),FICÇÃO,(sem match chamada),,False,,1,1.580544,4790984.95638132,,0.0,4790984.95638132,True,,False,0.0,,,,,,,,,,False,False,0,0.0,0,False,,,3.8,,,True,False
B1101430900000,A GRANDE VIAGEM,2010,2010,SP,INDEFINIDO,FICÇÃO,(sem match chamada),,False,,1,2.222058,259030.791,,0.0,259030.791,True,,False,0.0,,,,,,,,,,False,False,0,0.0,0,False,,,3.7,,,True,False
B2500413900000,A HISTÓRIA DAS VACINAS,2025,2025,CE,COMUNICAÇÃO ELETRÔNICA DE MASSA POR ASSINATURA (TV PAGA),DOCUMENTÁRIO,(sem match chamada),,False,,1,1.0,,,,,False,,False,,,,,,,,,,,False,False,0,0.0,0,False,,,,,,False,False
B2200291400000,A LASANHA ASSASSINA - A REVOLTA DAS MASSAS,2022,2022,SP,SALAS DE EXIBIÇÃO,ANIMAÇÃO,(sem match chamada),,False,,1,1.096731,985657.5,,0.0,985657.5,True,74.0,True,75.076788843995,625.0,5.0,1.0,,,,,,,False,False,0,0.0,0,False,,,3.755,6.7,14.0,True,True
B1800410100000,A LEI DO RISO - CRIMES BIZARROS,2018,2018,BA,RADIODIFUSÃO DE SONS E IMAGENS (TV ABERTA),FICÇÃO,(sem match chamada),,False,,1,1.392194,,,,,False,,False,,,,,,,,,,,False,False,0,0.0,0,False,,,2.902,,,True,False
B2100323800000,A LUTA DE MAYCON,2021,2021,PR,RADIODIFUSÃO DE SONS E IMAGENS (TV ABERTA),FICÇÃO,(sem match chamada),,False,,1,1.160232,,,,,False,,False,,,,,,,,,,,False,False,0,0.0,0,False,,,3.943,,,True,False
B2100035200000,A LUZ DE MÁRIO CARNEIRO,2021,2021,BA,COMUNICAÇÃO ELETRÔNICA DE MASSA POR ASSINATURA (TV PAGA),DOCUMENTÁRIO,(sem match chamada),,False,,1,1.160232,,,,,False,,False,,,,,,,,,,,False,False,0,0.0,0,False,,,,6.6,5.0,False,True
B1500497300000,A MANSÃO MALUCA DO PROFESSOR AMBRÓSIO - TEMPORADA 4,2015,2015,SP,COMUNICAÇÃO ELETRÔNICA DE MASSA POR ASSINATURA (TV PAGA),ANIMAÇÃO,(sem match chamada),,False,,1,1.580544,,,,,False,,False,,,,,,,,,,,False,False,0,0.0,0,False,,,3.8,,,True,False
B2100165900000,A MEMÓRIA PERIGOSA - A POLÍTICA INDIGENISTA NOS ANOS DE CHUMBO,2021,2021,SP,COMUNICAÇÃO ELETRÔNICA DE MASSA POR ASSINATURA (TV PAGA),DOCUMENTÁRIO,(sem match chamada),,False,,1,1.160232,,,,,False,,False,,,,,,,,,,,False,False,0,0.0,0,False,,,3.6,,,True,False
B1700428000000,A MENINA ÍNDIGO,2015,2015,RJ,SALAS DE EXIBIÇÃO,FICÇÃO,(sem match chamada),,False,,1,1.580544,5619285.844479,,0.0,5619285.844479,True,13456.0,True,2394.6103423837467,583354.91,3617.0,70.0,,,,,,,False,False,0,0.0,0,False,,,2.5,5.2,212.0,True,True
B2200246300000,A METADE DE NÓS,2022,2022,SP,SALAS DE EXIBIÇÃO,FICÇÃO,(sem match chamada),,False,,1,1.096731,,,,,False,1043.0,True,,15024.75,150.0,11.0,,,,,,,False,False,0,0.0,0,False,,,3.6,6.8,57.0,True,True
B2400112500000,A MULHER QUE CHORA,2024,2024,PR,SALAS DE EXIBIÇÃO,FICÇÃO,(sem match chamada),,False,,1,1.0,,,,,False,,False,,,,,,,,,,,False,False,0,0.0,0,False,,,,,,False,False
B2500269500000,A NATUREZA DAS COISAS INVISÍVEIS,2025,2025,DF,SALAS DE EXIBIÇÃO,FICÇÃO,(sem match chamada),,True,,1,1.0,,,,,False,4266.0,True,,42086.28,243.0,17.0,,,,,,,False,False,0,0.0,1,True,,,,,,False,False
B1500105700000,A NAÇÃO QUE NÃO ESPEROU POR DEUS,2015,2015,RJ,SALAS DE EXIBIÇÃO,DOCUMENTÁRIO,(sem match chamada),,True,,1,1.580544,0.0,,0.0,0.0,False,1344.0,True,,12119.59,,,,,,,,,False,False,0,0.0,1,True,2.0,0.0,3.845,,,True,False
B1402723400000,A NOITE DA VIRADA,2014,2014,SP,SALAS DE EXIBIÇÃO,FICÇÃO,(sem match chamada),,False,,1,1.749188,3203070.5711,,0.0,3203070.5711,True,349799.0,True,109207.39716323886,4148146.83,,,,,,,,,False,False,0,0.0,0,False,,,3.3,4.8,275.0,True,True
B1600765300000,A OLIMPÍADA PASSOU POR AQUI,2016,2016,RS,COMUNICAÇÃO ELETRÔNICA DE MASSA POR ASSINATURA (TV PAGA),DOCUMENTÁRIO,(sem match chamada),,False,,1,1.487011,1817625.5999999999,,0.0,1817625.5999999999,True,,False,0.0,,,,,,,,,,False,False,0,0.0,0,False,,,4.03,,,True,False
B2000312200000,A PAIXÃO SEGUNDO G.H,2020,2020,SP,SALAS DE EXIBIÇÃO,FICÇÃO,(sem match chamada),,False,,1,1.276952,,,,,False,23527.0,True,,416750.35,1057.0,21.0,,,,,999.0,,False,False,1,6.67,1,True,1.0,0.0,3.768,,,True,False
B2200127900000,A PEDRA E A PALAVRA - PADRE ANTÔNIO VIEIRA,2022,2022,MA,COMUNICAÇÃO ELETRÔNICA DE MASSA POR ASSINATURA (TV PAGA),DOCUMENTÁRIO,(sem match chamada),,False,,1,1.096731,,,,,False,,False,,,,,,,,,,,False,False,0,0.0,0,False,,,3.858,,,True,False
B2500354600000,A PLANTA,2025,2025,SP,SALAS DE EXIBIÇÃO,DOCUMENTÁRIO,(sem match chamada),,False,,1,1.0,,,,,False,178.0,True,,3230.21,73.0,5.0,,,,,,,False,False,0,0.0,0,False,,,,,,False,False
B2100271200000,A PRINCESA DA YAKUZA,2021,2021,SP,SALAS DE EXIBIÇÃO,FICÇÃO,(sem match chamada),,False,,1,1.160232,12244316.0,,0.0,12244316.0,True,108.0,True,8.820419205123423,2504.0,14.0,1.0,,,,,,,False,False,0,0.0,0,False,,,3.343,,,True,False
B1600650300000,A SECRETÁRIA DO PRESIDENTE,2016,2016,RJ,COMUNICAÇÃO ELETRÔNICA DE MASSA POR ASSINATURA (TV PAGA),FICÇÃO,(sem match chamada),,False,,1,1.487011,1008045.6744959999,,0.0,1008045.6744959999,True,,False,0.0,,,,,,,,,,False,False,0,0.0,0,False,,,3.732,,,True,False
B2100432000000,A SUSPEITA,2021,2021,SP,SALAS DE EXIBIÇÃO,FICÇÃO,(sem match chamada),,False,,1,1.160232,4461032.985129891,,0.0,4461032.985129891,True,7738.0,True,1734.5758316052206,146432.45,1367.0,51.0,,,,,,,False,False,0,0.0,0,False,,,,6.1,98.0,False,True
B1700213100000,A VELHA MAGRELA E OS ÓCULOS-JANELA.,2016,2016,SP,COMUNICAÇÃO ELETRÔNICA DE MASSA POR ASSINATURA (TV PAGA),ANIMAÇÃO,(sem match chamada),,False,,1,1.487011,,,,,False,,False,,,,,,,,,,,False,False,0,0.0,0,False,,,4.175,,,True,False
B2100263400000,A VIAGEM DE PEDRO,2021,2021,SP,SALAS DE EXIBIÇÃO,FICÇÃO,(sem match chamada),,True,,1,1.160232,7591475.92,,0.0,7591475.92,True,11852.0,True,1561.2247374420967,191022.77,919.0,23.0,,,20.0,5.0,2090.0,1.0,False,False,1,12.67,4,True,2.0,1.0,3.9,6.4,327.0,True,True
B1800115300000,A VIDA EXTRA-ORDINÁRIA DE TARSO DE CASTRO,2017,2017,RS,SALAS DE EXIBIÇÃO,DOCUMENTÁRIO,(sem match chamada),,False,,1,1.444401,,,,,False,1413.0,True,,13578.29,73.0,9.0,,,,,,,False,False,0,0.0,0,False,,,3.2,8.2,36.0,True,True
B2500179400000,A VIGÉSIMA COLHEITA,2025,2025,SP,SALAS DE EXIBIÇÃO,DOCUMENTÁRIO,(sem match chamada),,False,,1,1.0,446103.30000000005,,0.0,446103.30000000005,True,,False,0.0,,,,,,,,,,False,False,0,0.0,0,False,,,,,,False,False
B2400339600000,A VILÃ DAS NOVE,2023,2023,RJ,SALAS DE EXIBIÇÃO,FICÇÃO,(sem match chamada),,False,,1,1.0483,5684861.0,,0.0,5684861.0,True,1384.0,True,243.45362182118438,28408.89,851.0,25.0,,,,,,,False,False,0,0.0,0,False,,,3.965,6.5,144.0,True,True
B1800473500000,A ÚLTIMA ABOLIÇÃO,2017,2017,RJ,SALAS DE EXIBIÇÃO,DOCUMENTÁRIO,(sem match chamada),,False,,1,1.444401,446103.30000000005,,0.0,446103.30000000005,True,3791.0,True,8498.031733905576,46772.33,235.0,10.0,,,,,,,False,False,0,0.0,0,False,,,4.013,7.1,32.0,True,True
B1700329300000,A ÚLTIMA CHANCE,2017,2017,RJ,SALAS DE EXIBIÇÃO,FICÇÃO,(sem match chamada),,False,,1,1.444401,,,,,False,96.0,True,,1065.99,24.0,3.0,,,,,,,False,False,0,0.0,0,False,,,4.013,,,True,False
B2500009100000,ABRE ALAS,2025,2025,MG,SALAS DE EXIBIÇÃO,DOCUMENTÁRIO,(sem match chamada),,False,,1,1.0,,,,,False,116.0,True,,1634.94,43.0,6.0,,,,,,,False,False,0,0.0,0,False,,,,,,False,False
B2400235800000,ABÁ E SUA BANDA,2024,2024,RJ,SALAS DE EXIBIÇÃO,ANIMAÇÃO,(sem match chamada),,False,,1,1.0,5353239.6,,0.0,5353239.6,True,5430.0,True,1014.3390555505867,80689.92,7647.0,63.0,,,,,,,False,False,0,0.0,0,False,,,,,,False,False
B1900198800000,ACONTECEU NA QUARTA-FEIRA (DOPPELGANGER),2019,2019,RJ,SALAS DE EXIBIÇÃO,FICÇÃO,(sem match chamada),,False,,1,1.33467,,,,,False,211.0,True,,3773.87,21.0,1.0,,,,,,,False,False,0,0.0,0,False,,,,6.7,10.0,False,True
B1800536200000,ADA & RÓI,2018,2018,GO,RADIODIFUSÃO DE SONS E IMAGENS (TV ABERTA),ANIMAÇÃO,(sem match chamada),,False,,1,1.392194,,,,,False,,False,,,,,,,,,,,False,False,0,0.0,0,False,,,,,,False,False
B2400060500000,ADRIANA VAREJÃO - ENTRE CARNES E MARES,2024,2024,RJ,COMUNICAÇÃO ELETRÔNICA DE MASSA POR ASSINATURA (TV PAGA),DOCUMENTÁRIO,(sem match chamada),,False,,1,1.0,,,,,False,,False,,,,,,,,,,,False,False,0,0.0,0,False,,,,,,False,False
B2600034800000,AGBARA DUDU - NARRATIVAS NEGRAS (2ª TEMPORADA),2026,2026,BA,COMUNICAÇÃO ELETRÔNICA DE MASSA POR ASSINATURA (TV PAGA),DOCUMENTÁRIO,(sem match chamada),,False,,1,1.0,,,,,False,,False,,,,,,,,,,,False,False,0,0.0,0,False,,,,,,False,False
B2500453200000,AGENTES MUITO ESPECIAIS,2025,2025,RJ,SALAS DE EXIBIÇÃO,FICÇÃO,(sem match chamada),,False,,1,1.0,4927010.0,,0.0,4927010.0,True,106399.0,True,21595.044459012668,2125319.17,13164.0,239.0,,,,,,,False,False,0,0.0,0,False,,,,,,False,False
B2500183600000,AGRESTES,2025,2025,PE,RADIODIFUSÃO DE SONS E IMAGENS (TV ABERTA),FICÇÃO,(sem match chamada),,False,,1,1.0,,,,,False,,False,,,,,,,,,,,False,False,0,0.0,0,False,,,,,,False,False
B2300397500000,"AGUDÁS OS ""BRASILEIROS"" DO BENIN",2023,2023,RJ,COMUNICAÇÃO ELETRÔNICA DE MASSA POR ASSINATURA (TV PAGA),DOCUMENTÁRIO,(sem match chamada),,False,,1,1.0483,,,,,False,,False,,,,,,,,,,,False,False,0,0.0,0,False,,,,,,False,False
B2500126800000,AINDA NÃO É AMANHÃ,2025,2025,PE,SALAS DE EXIBIÇÃO,FICÇÃO,(sem match chamada),,False,,1,1.0,,,,,False,1256.0,True,,12590.03,111.0,14.0,,,,,,,False,False,0,0.0,0,False,,,,,,False,False
B2300379300000,AINDA SOMOS OS MESMOS,2023,2023,RS,SALAS DE EXIBIÇÃO,FICÇÃO,(sem match chamada),,False,,1,1.0483,,,,,False,4033.0,True,,91377.76,1203.0,19.0,,,,,,,False,False,0,0.0,0,False,,,,5.9,53.0,False,True
B1900262100000,ALCEU VALENÇA - NA EMBOLADA DO TEMPO,2019,2019,RJ,COMUNICAÇÃO ELETRÔNICA DE MASSA POR ASSINATURA (TV PAGA),DOCUMENTÁRIO,(sem match chamada),,False,,1,1.33467,,,,,False,,False,,,,,,,,,,,False,False,0,0.0,0,False,,,3.648,,,True,False
B2400088900000,ALEGRIA DO AMOR,2024,2024,SC,SALAS DE EXIBIÇÃO,FICÇÃO,(sem match chamada),,False,,1,1.0,197568.0,,0.0,197568.0,True,717.0,True,3629.1302235179787,7579.13,32.0,4.0,,,,,,,False,False,0,0.0,0,False,,,,,,False,False
B2000130700000,"ALELUIA, O CANTO INFINITO DO TINCOÃ",2020,2020,BA,RADIODIFUSÃO DE SONS E IMAGENS (TV ABERTA),DOCUMENTÁRIO,(sem match chamada),,False,,1,1.276952,,,,,False,318.0,True,,,57.0,2.0,,,,,,,False,False,0,0.0,0,False,,,3.845,6.9,10.0,True,True
B2200048000000,ALEMÃO 2,2022,2022,SP,SALAS DE EXIBIÇÃO,FICÇÃO,(sem match chamada),,False,,1,1.096731,5247564.0,,0.0,5247564.0,True,40107.0,True,7642.974911787642,764642.91,4563.0,99.0,,,4.0,1.0,,,False,False,0,0.8,1,True,,,3.5,6.1,169.0,True,True
B2300041200000,ALGO NO ESPAÇO,2023,2023,SP,COMUNICAÇÃO ELETRÔNICA DE MASSA POR ASSINATURA (TV PAGA),DOCUMENTÁRIO,(sem match chamada),,False,,1,1.0483,,,,,False,,False,,,,,,,,,,,False,False,0,0.0,0,False,,,4.3,,,True,False
B2200415900000,ALMA EM MADEIRA,2021,2021,SP,COMUNICAÇÃO ELETRÔNICA DE MASSA POR ASSINATURA (TV PAGA),DOCUMENTÁRIO,(sem match chamada),,False,,1,1.160232,,,,,False,,False,,,,,,,,,,,False,False,0,0.0,0,False,,,,,,False,False
B2400212900000,ALMA NEGRA - DO QUILOMBO AO BAILE,2024,2024,SP,SALAS DE EXIBIÇÃO,DOCUMENTÁRIO,(sem match chamada),,False,,1,1.0,2880582.73799616,,0.0,2880582.73799616,True,,False,0.0,,,,,,,,,,False,False,0,0.0,0,False,,,,,,False,False
B2400390900000,ALOHA MALANDRO,2024,2024,PR,SALAS DE EXIBIÇÃO,FICÇÃO,(sem match chamada),,False,,1,1.0,,,,,False,,False,,,,,,,,,,,False,False,0,0.0,0,False,,,,,,False,False
B2400010400000,ALTERNATIVOS,2024,2024,CE,COMUNICAÇÃO ELETRÔNICA DE MASSA POR ASSINATURA (TV PAGA),DOCUMENTÁRIO,(sem match chamada),,False,,1,1.0,,,,,False,,False,,,,,,,,,,,False,False,0,0.0,0,False,,,,,,False,False
B2500457000000,ALUCINAÇÃO,2025,2025,RJ,COMUNICAÇÃO ELETRÔNICA DE MASSA POR ASSINATURA (TV PAGA),FICÇÃO,(sem match chamada),,False,,1,1.0,,,,,False,,False,,,,,,,,,,,False,False,0,0.0,0,False,,,,,,False,False
B2000141100000,ALÉM DA LENDA - FILME,2020,2020,PE,SALAS DE EXIBIÇÃO,ANIMAÇÃO,(sem match chamada),,False,,1,1.276952,,,,,False,3761.0,True,,46915.13,556.0,29.0,,,,,,,False,False,0,0.0,0,False,,,3.97,6.2,13.0,True,True
B2300491700000,AMADEU,2023,2023,MG,RADIODIFUSÃO DE SONS E IMAGENS (TV ABERTA),DOCUMENTÁRIO,(sem match chamada),,False,,1,1.0483,,,,,False,,False,,,,,,,,,,,False,False,0,0.0,0,False,,,,,,False,False
B2000454300000,AMARRAÇÃO DO AMOR,2020,2020,RJ,SALAS DE EXIBIÇÃO,FICÇÃO,(sem match chamada),,False,,1,1.276952,3836638.37447415,,0.0,3836638.37447415,True,26490.0,True,6904.4818443778195,429867.98,4061.0,93.0,,,0.5,1.0,,,False,False,0,0.1,1,True,,,4.3,6.5,153.0,True,True
B2500232100000,AMAZÔNIA OKTOBERFESTA,2025,2025,PE,RADIODIFUSÃO DE SONS E IMAGENS (TV ABERTA),DOCUMENTÁRIO,(sem match chamada),,False,,1,1.0,,,,,False,,False,,,,,,,,,,,False,False,0,0.0,0,False,,,,,,False,False
B2300365100000,AMERYKA,2023,2023,MG,SALAS DE EXIBIÇÃO,FICÇÃO,(sem match chamada),,False,,1,1.0483,,,,,False,,False,,,,,,,,,,,False,False,0,0.0,0,False,,,,,,False,False
B1900594800000,AMIGAS DE SORTE,2019,2019,SP,SALAS DE EXIBIÇÃO,FICÇÃO,(sem match chamada),,False,,1,1.33467,8534937.6,,0.0,8534937.6,True,415.0,True,48.62367124980504,4150.0,21.0,1.0,,,,,,,False,False,0,0.0,0,False,,,4.1,5.9,52.0,True,True
B1800380000000,AMIGO DE ALUGUEL - 1ª TEMPORADA,2018,2018,SP,COMUNICAÇÃO ELETRÔNICA DE MASSA POR ASSINATURA (TV PAGA),FICÇÃO,(sem match chamada),,False,,1,1.392194,4461033.000000001,,0.0,4461033.000000001,True,,False,0.0,,,,,,,,,,False,False,0,0.0,0,False,,,4.04,,,True,False
B1900048900000,AMIGO DE ALUGUEL - 2ª TEMPORADA,2018,2018,SP,COMUNICAÇÃO ELETRÔNICA DE MASSA POR ASSINATURA (TV PAGA),FICÇÃO,(sem match chamada),,False,,1,1.392194,4461033.0,,0.0,4461033.0,True,,False,0.0,,,,,,,,,,False,False,0,0.0,0,False,,,4.04,,,True,False
B2500065300000,AMIZADE,2025,2025,MG,SALAS DE EXIBIÇÃO,DOCUMENTÁRIO,(sem match chamada),,False,,1,1.0,,,,,False,671.0,True,,7240.76,77.0,11.0,,,,,,,False,False,0,0.0,0,False,,,,,,False,False
B2400387800000,AMOR RADICAL,2024,2024,CE,SALAS DE EXIBIÇÃO,DOCUMENTÁRIO,(sem match chamada),,False,,1,1.0,,,,,False,482.0,True,,10947.61,66.0,7.0,,,,,,,False,False,0,0.0,0,False,,,,,,False,False
B2100401000000,AMOR SEM MEDIDA,2021,2021,SP,SALAS DE EXIBIÇÃO,FICÇÃO,(sem match chamada),,False,,1,1.160232,5220727.5,,0.0,5220727.5,True,95.0,True,18.196697682459007,1130.0,49.0,7.0,,,,,,,False,False,0,0.0,0,False,,,4.3,5.5,1416.0,True,True
B1900613600000,AMOR SERTANEJO,2019,2019,SP,COMUNICAÇÃO ELETRÔNICA DE MASSA POR ASSINATURA (TV PAGA),DOCUMENTÁRIO,(sem match chamada),,False,,1,1.33467,,,,,False,,False,,,,,,,,,,,False,False,0,0.0,0,False,,,4.3,8.1,11.0,True,True
B2000319700000,ANA. SEM TITULO,2020,2020,RJ,SALAS DE EXIBIÇÃO,FICÇÃO,(sem match chamada),,True,,1,1.276952,,,,,False,389.0,True,,6436.77,175.0,6.0,,,13.0,6.0,,,False,False,0,2.6,2,True,,,,7.7,58.0,False,True
B2300008100000,ANDANÇA - OS ENCONTROS E AS MEMÓRIAS DE BETH CARVALHO,2022,2022,RJ,SALAS DE EXIBIÇÃO,DOCUMENTÁRIO,(sem match chamada),,False,,1,1.096731,540773.315646,,0.0,540773.315646,True,9752.0,True,18033.43419109059,134832.28,600.0,13.0,,,,,,,False,False,0,0.0,0,False,,,4.3,8.4,92.0,True,True
B2100323100000,ANGELI THE KILLER - 2º TEMPORADA,2021,2021,SP,COMUNICAÇÃO ELETRÔNICA DE MASSA POR ASSINATURA (TV PAGA),ANIMAÇÃO,(sem match chamada),,False,,1,1.160232,,,,,False,,False,,,,,,,,,,,False,False,0,0.0,0,False,,,2.627,,,True,False
B1700027200000,ANIMACRIANÇA - LENDAS BRASILEIRAS,2016,2016,SC,RADIODIFUSÃO DE SONS E IMAGENS (TV ABERTA),ANIMAÇÃO,(sem match chamada),,False,,1,1.487011,,,,,False,,False,,,,,,,,,,,False,False,0,0.0,0,False,,,,,,False,False
B1001208600000,ANIMATV - ZICA E OS CAMALEÕES,2009,2009,SP,INDEFINIDO,ANIMAÇÃO,(sem match chamada),,False,,1,2.353382,1124358.77589832,,0.0,1124358.77589832,True,,False,0.0,,,,,,,,,,False,False,0,0.0,0,False,,,,,,False,False
B2300462200000,ANINHA - A INFÂNCIA DE CORA CORALINA,2022,2022,GO,RADIODIFUSÃO DE SONS E IMAGENS (TV ABERTA),ANIMAÇÃO,(sem match chamada),,False,,1,1.096731,,,,,False,,False,,,,,,,,,,,False,False,0,0.0,0,False,,,,,,False,False
B1700306100000,ANTES QUE EU ME ESQUEÇA,2017,2017,MG,SALAS DE EXIBIÇÃO,FICÇÃO,(sem match chamada),,False,,1,1.444401,4467146.4,,0.0,4467146.4,True,16232.0,True,3633.639587007938,281853.2,1556.0,23.0,,,11.0,7.0,,,False,False,0,2.2,1,True,,,3.3,6.7,455.0,True,True
B2500507300000,ANTI-HÉROIS DO UDIGRUDI BAIANO,2025,2025,BA,COMUNICAÇÃO ELETRÔNICA DE MASSA POR ASSINATURA (TV PAGA),DOCUMENTÁRIO,(sem match chamada),,False,,1,1.0,,,,,False,,False,,,,,,,,,,,False,False,0,0.0,0,False,,,,,,False,False
B2500176400000,AO SABOR DAS CINZAS,2025,2025,PE,SALAS DE EXIBIÇÃO,FICÇÃO,(sem match chamada),,False,,1,1.0,,,,,False,,False,,,,,,,,,,,False,False,0,0.0,0,False,,,,,,False,False
B2200280400000,APOIO CULTURAL,2022,2022,TO,OUTROS MERCADOS - VÍDEO POR DEMANDA,FICÇÃO,(sem match chamada),,False,,1,1.096731,,,,,False,,False,,,,,,,,,,,False,False,0,0.0,0,False,,,,,,False,False
B2000112600000,ARIANO APRESENTA: O AUTO DA BOA MENTIRA,2020,2020,DF,SALAS DE EXIBIÇÃO,FICÇÃO,(sem match chamada),,False,,1,1.276952,6535413.345000001,,0.0,6535413.345000001,True,12207.0,True,1867.8237099324588,194602.14,4267.0,105.0,,,,,,,False,False,0,0.0,0,False,,,4.445,,,True,False
B2400086000000,ARQUITETURA HOJE!,2024,2024,SP,COMUNICAÇÃO ELETRÔNICA DE MASSA POR ASSINATURA (TV PAGA),DOCUMENTÁRIO,(sem match chamada),,False,,1,1.0,,,,,False,,False,,,,,,,,,,,False,False,0,0.0,0,False,,,,,,False,False
B2500410700000,ARTACHO JURADO SINFONIA DE UM ARQUITETO,2025,2025,SP,COMUNICAÇÃO ELETRÔNICA DE MASSA POR ASSINATURA (TV PAGA),DOCUMENTÁRIO,(sem match chamada),,False,,1,1.0,482561.63999999996,,0.0,482561.63999999996,True,,False,0.0,,,,,,,,,,False,False,0,0.0,0,False,,,,,,False,False
B1500596800000,ARTE ATIVA - O ESTADO DA ARTE NAS RUAS - 1A TEMPORADA,2012,2012,SP,COMUNICAÇÃO ELETRÔNICA DE MASSA POR ASSINATURA (TV PAGA),DOCUMENTÁRIO,(sem match chamada),,False,,1,1.971315,,,,,False,,False,,,,,,,,,,,False,False,0,0.0,0,False,,,,,,False,False
B2300517800000,ARTE DA DIPLOMACIA,2023,2023,RS,COMUNICAÇÃO ELETRÔNICA DE MASSA POR ASSINATURA (TV PAGA),DOCUMENTÁRIO,(sem match chamada),,False,,1,1.0483,,,,,False,,False,,,,,,,,,,,False,False,0,0.0,0,False,,,3.9,,,True,False
B2600030600000,AS AVENTURAS DE TITA - 1ª TEMPORADA,2026,2026,PE,RADIODIFUSÃO DE SONS E IMAGENS (TV ABERTA),ANIMAÇÃO,(sem match chamada),,False,,1,1.0,,,,,False,,False,,,,,,,,,,,False,False,0,0.0,0,False,,,,,,False,False
B1600793600000,AS BATALHAS DA FÉ,2016,2016,MG,RADIODIFUSÃO DE SONS E IMAGENS (TV ABERTA),DOCUMENTÁRIO,(sem match chamada),,False,,1,1.487011,,,,,False,,False,,,,,,,,,,,False,False,0,0.0,0,False,,,,,,False,False
B2600035800000,AS DEZ VANTAGENS DE MORRER DEPOIS DE VOCÊ,2026,2026,SP,SALAS DE EXIBIÇÃO,FICÇÃO,(sem match chamada),,False,,1,1.0,3663081.5399999996,,0.0,3663081.5399999996,True,,False,0.0,,,,,,,,,,False,False,0,0.0,0,False,,,,,,False,False
B2200203800000,AS GRAVAÇÕES DE TURNER NA BAHIA,2022,2022,BA,COMUNICAÇÃO ELETRÔNICA DE MASSA POR ASSINATURA (TV PAGA),DOCUMENTÁRIO,(sem match chamada),,False,,1,1.096731,,,,,False,,False,,,,,,,,,,,False,False,0,0.0,0,False,,,,,,False,False
B1600585300000,AS INCRÍVEIS ARTIMANHAS DA NUVEM CIGANA,2016,2016,RJ,COMUNICAÇÃO ELETRÔNICA DE MASSA POR ASSINATURA (TV PAGA),DOCUMENTÁRIO,(sem match chamada),,False,,1,1.487011,458332.45254405,,0.0,458332.45254405,True,,False,0.0,,,,,,,,,,False,False,0,0.0,0,False,,,,7.4,5.0,False,True
B1800444900000,AS MICROAVENTURAS DE TITO E MUDA - 1ª TEMPORADA,2018,2018,SP,RADIODIFUSÃO DE SONS E IMAGENS (TV ABERTA),ANIMAÇÃO,(sem match chamada),,False,,1,1.392194,,,,,False,,False,,,,,,,,,,,False,False,0,0.0,0,False,,,3.683,,,True,False
B1900244200000,AS MICROAVENTURAS DE TITO E MUDA - 2ª TEMPORADA,2018,2018,SP,RADIODIFUSÃO DE SONS E IMAGENS (TV ABERTA),ANIMAÇÃO,(sem match chamada),,False,,1,1.392194,,,,,False,,False,,,,,,,,,,,False,False,0,0.0,0,False,,,3.683,,,True,False
B2400102000000,AS PRIMEIRAS,2024,2024,SP,COMUNICAÇÃO ELETRÔNICA DE MASSA POR ASSINATURA (TV PAGA),DOCUMENTÁRIO,(sem match chamada),,False,,1,1.0,,,,,False,236.0,True,,5076.71,22.0,2.0,,,,,,,False,False,0,0.0,0,False,,,,,,False,False
B2500297800000,AS TRAVESSIAS DE LETIERES LEITE,2025,2025,BA,SALAS DE EXIBIÇÃO,DOCUMENTÁRIO,(sem match chamada),,False,,1,1.0,,,,,False,,False,,,,,,,,,,,False,False,0,0.0,0,False,,,,,,False,False
B2600050500000,ASSALTO À BRASILEIRA,2026,2026,SP,SALAS DE EXIBIÇÃO,FICÇÃO,(sem match chamada),,False,,1,1.0,356699.953185,,0.0,356699.953185,True,,False,0.0,,,,,,,,,,False,False,0,0.0,0,False,,,,,,False,False
B2300374600000,ATO FINAL,2023,2023,ES,SALAS DE EXIBIÇÃO,DOCUMENTÁRIO,(sem match chamada),,False,,1,1.0483,,,,,False,400.0,True,,5032.05,50.0,7.0,,,,,,,False,False,0,0.0,0,False,,,,,,False,False
B2500090700000,ATO NOTURNO,2025,2025,RS,SALAS DE EXIBIÇÃO,FICÇÃO,(sem match chamada),,False,,1,1.0,,,,,False,4593.0,True,,66745.62,174.0,15.0,,,,,,,False,False,0,0.0,0,False,,,,,,False,False
B2000327800000,ATRAVESSA A VIDA,2020,2020,RJ,SALAS DE EXIBIÇÃO,DOCUMENTÁRIO,(sem match chamada),,False,,1,1.276952,403736.25999999995,,0.0,403736.25999999995,True,,False,0.0,,,,,,,,,,False,False,0,0.0,0,False,,,3.2,7.3,25.0,True,True
B2400335000000,AUMENTA QUE É ROCK,2024,2024,RJ,RADIODIFUSÃO DE SONS E IMAGENS (TV ABERTA),FICÇÃO,(sem match chamada),,False,,1,1.0,,,,,False,,False,,,,,,,,,,,False,False,0,0.0,0,False,,,,,,False,False
B2400018000000,AUMENTA QUE É ROCK'N'ROLL,2024,2024,RJ,SALAS DE EXIBIÇÃO,FICÇÃO,(sem match chamada),,False,,1,1.0,5948044.0,,0.0,5948044.0,True,27398.0,True,4606.22012883563,560889.18,6154.0,135.0,,,,,,,False,False,0,0.0,0,False,,,,,,False,False
B2500291300000,AVE SANGRIA - A BANDA QUE NUNCA  ACABOU,2025,2025,PE,SALAS DE EXIBIÇÃO,DOCUMENTÁRIO,(sem match chamada),,False,,1,1.0,,,,,False,,False,,,,,,,,,,,False,False,0,0.0,0,False,,,,,,False,False
B2100011000000,AVE SECA,2021,2021,SE,SALAS DE EXIBIÇÃO,FICÇÃO,(sem match chamada),,False,,1,1.160232,,,,,False,,False,,,,,,,,,,,False,False,0,0.0,0,False,,,,,,False,False
B2300552600000,AVENTURAS DE AMÍ - 2º TEMPORADA,2023,2023,BA,COMUNICAÇÃO ELETRÔNICA DE MASSA POR ASSINATURA (TV PAGA),ANIMAÇÃO,(sem match chamada),,False,,1,1.0483,,,,,False,,False,,,,,,,,,,,False,False,0,0.0,0,False,,,3.213,,,True,False
B2000332000000,AVÓ DEZANOVE E O SEGREDO DO SOVIÉTICO,2020,2020,PR,SALAS DE EXIBIÇÃO,FICÇÃO,(sem match chamada),,True,,1,1.276952,,,,,False,,False,,,,,,,,,,,False,False,0,0.0,1,True,,,4.062,,,True,False
B2400521900000,AZULEJARIA EM MINAS GERAIS - SOB O OLHAR DE ALEXANDRE MANCINI,2024,2024,MG,RADIODIFUSÃO DE SONS E IMAGENS (TV ABERTA),DOCUMENTÁRIO,(sem match chamada),,False,,1,1.0,,,,,False,,False,,,,,,,,,,,False,False,0,0.0,0,False,,,,,,False,False
B2000006500000,BABENCO - ALGUÉM TEM QUE OUVIR O CORAÇÃO E DIZER: PAROU,2019,2019,SP,SALAS DE EXIBIÇÃO,DOCUMENTÁRIO,(sem match chamada),,False,,1,1.33467,1182173.745,,0.0,1182173.745,True,4813.0,True,4071.313561442696,78513.23,2327.0,37.0,,,,,,,False,False,0,0.0,0,False,,,3.955,7.3,576.0,True,True
B2400258000000,BAILES BLACK,2024,2024,RJ,COMUNICAÇÃO ELETRÔNICA DE MASSA POR ASSINATURA (TV PAGA),DOCUMENTÁRIO,(sem match chamada),,False,,1,1.0,,,,,False,,False,,,,,,,,,,,False,False,0,0.0,0,False,,,,,,False,False
B1700348300000,BAILÃO - 1ª TEMPORADA,2017,2017,BA,RADIODIFUSÃO DE SONS E IMAGENS (TV ABERTA),DOCUMENTÁRIO,(sem match chamada),,False,,1,1.444401,,,,,False,,False,,,,,,,,,,,False,False,0,0.0,0,False,,,,,,False,False
B2500233600000,BAKA & BOKO - CONTOS DA PTE,2025,2025,SP,RADIODIFUSÃO DE SONS E IMAGENS (TV ABERTA),ANIMAÇÃO,(sem match chamada),,False,,1,1.0,,,,,False,,False,,,,,,,,,,,False,False,0,0.0,0,False,,,,,,False,False
B2400093000000,BANDIDA,2024,2024,SP,SALAS DE EXIBIÇÃO,FICÇÃO,(sem match chamada),,False,,1,1.0,4004010.0,,0.0,4004010.0,True,26744.0,True,6679.303997742263,534893.84,7962.0,132.0,,,,,,,False,False,0,0.0,0,False,,,,,,False,False
B1800311000000,BAR BRASIL - EPISÓDIO PILOTO,2018,2018,MG,RADIODIFUSÃO DE SONS E IMAGENS (TV ABERTA),REALITY-SHOW,(sem match chamada),,False,,1,1.392194,,,,,False,,False,,,,,,,,,,,False,False,0,0.0,0,False,,,,,,False,False
B1700145800000,BARÃO VERMELHO - POR QUE A GENTE É ASSIM?,2016,2016,RJ,COMUNICAÇÃO ELETRÔNICA DE MASSA POR ASSINATURA (TV PAGA),DOCUMENTÁRIO,(sem match chamada),,False,,1,1.487011,1379920.5,,0.0,1379920.5,True,,False,0.0,,,,,,,,,,False,False,0,0.0,0,False,,,3.995,7.4,131.0,True,True
B1600752300000,BEDUÍNO,2016,2016,RJ,SALAS DE EXIBIÇÃO,FICÇÃO,(sem match chamada),,False,,1,1.487011,,,,,False,741.0,True,,11272.72,98.0,3.0,,,,,,,False,False,0,0.0,0,False,,,,6.1,140.0,False,True
B2500445800000,BEIJA-FLOR DA CAPOEIRA,2025,2025,SP,COMUNICAÇÃO ELETRÔNICA DE MASSA POR ASSINATURA (TV PAGA),FICÇÃO,(sem match chamada),,False,,1,1.0,,,,,False,,False,,,,,,,,,,,False,False,0,0.0,0,False,,,,,,False,False
B1900137800000,BELA RAÍZES,2019,2019,DF,COMUNICAÇÃO ELETRÔNICA DE MASSA POR ASSINATURA (TV PAGA),DOCUMENTÁRIO,(sem match chamada),,False,,1,1.33467,,,,,False,,False,,,,,,,,,,,False,False,0,0.0,0,False,,,,,,False,False
B1500877100000,BELATRIX - EPISÓDIO PILOTO,2015,2015,BA,COMUNICAÇÃO ELETRÔNICA DE MASSA POR ASSINATURA (TV PAGA),ANIMAÇÃO,(sem match chamada),,False,,1,1.580544,,,,,False,,False,,,,,,,,,,,False,False,0,0.0,0,False,,,,,,False,False
B2200344300000,BELCHIOR - APENAS UM CORAÇÃO SELVAGEM,2022,2022,RJ,COMUNICAÇÃO ELETRÔNICA DE MASSA POR ASSINATURA (TV PAGA),DOCUMENTÁRIO,(sem match chamada),,False,,1,1.096731,,,,,False,2389.0,True,,34656.44,125.0,3.0,,,,,,,False,False,0,0.0,0,False,,,3.905,7.2,112.0,True,True
B2200285200000,BEM-VINDA A QUIXERAMOBIM,2022,2022,RJ,SALAS DE EXIBIÇÃO,FICÇÃO,(sem match chamada),,False,,1,1.096731,4333203.0,,0.0,4333203.0,True,73426.0,True,16944.971191056593,1211221.17,2030.0,24.0,,,5.5,2.0,,,False,False,0,1.1,1,True,,,3.948,6.3,526.0,True,True
B2300147900000,BEM-VINDA VIOLETA,2023,2023,SP,SALAS DE EXIBIÇÃO,FICÇÃO,(sem match chamada),,True,,1,1.0483,1507352.3895367999,,0.0,1507352.3895367999,True,4616.0,True,3062.323071925118,74814.94,558.0,13.0,,,,,,,False,False,0,0.0,1,True,,,3.948,6.6,97.0,True,True
B2500476600000,BENVINDOS,2025,2025,ES,SALAS DE EXIBIÇÃO,DOCUMENTÁRIO,(sem match chamada),,False,,1,1.0,,,,,False,,False,,,,,,,,,,,False,False,0,0.0,0,False,,,,,,False,False
B2400466300000,BERNARDO SAYÃO E A ESTRADA PARA BELÉM,2024,2024,TO,RADIODIFUSÃO DE SONS E IMAGENS (TV ABERTA),DOCUMENTÁRIO,(sem match chamada),,False,,1,1.0,,,,,False,,False,,,,,,,,,,,False,False,0,0.0,0,False,,,,,,False,False
B2400002100000,BICHO MONSTRO,2024,2024,RS,SALAS DE EXIBIÇÃO,FICÇÃO,(sem match chamada),,False,,1,1.0,,,,,False,476.0,True,,5344.61,186.0,6.0,,,,,,,False,False,0,0.0,0,False,,,,,,False,False
B1700361000000,BIKE AMOR,2017,2017,RJ,COMUNICAÇÃO ELETRÔNICA DE MASSA POR ASSINATURA (TV PAGA),DOCUMENTÁRIO,(sem match chamada),,False,,1,1.444401,,,,,False,,False,,,,,,,,,,,False,False,0,0.0,0,False,,,4.3,,,True,False
B1700330100000,BINGO - O REI DAS MANHÃS,2017,2017,SP,SALAS DE EXIBIÇÃO,FICÇÃO,(sem match chamada),,False,,1,1.444401,10315269.090280801,,0.0,10315269.090280801,True,253059.0,True,24532.467140235436,3997911.0,19929.0,177.0,,,,,,,False,False,0,0.0,0,False,,,3.9,7.9,6799.0,True,True
B2200244600000,BIOCÊNTRICOS,2022,2022,SP,SALAS DE EXIBIÇÃO,DOCUMENTÁRIO,(sem match chamada),,False,,1,1.096731,767665.4914007101,,0.0,767665.4914007101,True,3433.0,True,4471.999898987286,65521.36,343.0,9.0,,,,,,,False,False,0,0.0,0,False,,,,7.2,8.0,False,True
B1700401300000,BOBOLÂNDIA MONSTROLÂNDIA - 1ª TEMPORADA,2017,2017,SP,RADIODIFUSÃO DE SONS E IMAGENS (TV ABERTA),ANIMAÇÃO,(sem match chamada),,False,,1,1.444401,,,,,False,,False,,,,,,,,,,,False,False,0,0.0,0,False,,,,,,False,False
B2200215800000,BOI BANDIDO,2022,2022,BA,COMUNICAÇÃO ELETRÔNICA DE MASSA POR ASSINATURA (TV PAGA),FICÇÃO,(sem match chamada),,False,,1,1.096731,,,,,False,,False,,,,,,,,,,,False,False,0,0.0,0,False,,,,,,False,False
B1600644900000,BOYCÓPTERO,2016,2016,PR,RADIODIFUSÃO DE SONS E IMAGENS (TV ABERTA),ANIMAÇÃO,(sem match chamada),,False,,1,1.487011,,,,,False,,False,,,,,,,,,,,False,False,0,0.0,0,False,,,,,,False,False
B2300109000000,BR 21,2023,2023,BA,RADIODIFUSÃO DE SONS E IMAGENS (TV ABERTA),DOCUMENTÁRIO,(sem match chamada),,False,,1,1.0483,,,,,False,,False,,,,,,,,,,,False,False,0,0.0,0,False,,,,,,False,False
B1600773300000,BR 3 - AMORES MIGRANTES,2016,2016,SP,COMUNICAÇÃO ELETRÔNICA DE MASSA POR ASSINATURA (TV PAGA),DOCUMENTÁRIO,(sem match chamada),,False,,1,1.487011,,,,,False,,False,,,,,,,,,,,False,False,0,0.0,0,False,,,,,,False,False
B1600405900000,BR 716,2016,2016,RJ,SALAS DE EXIBIÇÃO,FICÇÃO,(sem match chamada),,False,,1,1.487011,,,,,False,10274.0,True,,145579.73,369.0,6.0,,,,,,,False,False,0,0.0,0,False,,,,,,False,False
B2300180000000,BR CANADÁ,2023,2023,SP,COMUNICAÇÃO ELETRÔNICA DE MASSA POR ASSINATURA (TV PAGA),DOCUMENTÁRIO,(sem match chamada),,False,,1,1.0483,,,,,False,,False,,,,,,,,,,,False,False,0,0.0,0,False,,,,,,False,False
B2400142500000,BRASIL PARA PRINCIPIANTES - VENTURAS E DESVENTURAS DE UM BRASILEIRO NATURALIZADO,2024,2024,SP,COMUNICAÇÃO ELETRÔNICA DE MASSA POR ASSINATURA (TV PAGA),DOCUMENTÁRIO,(sem match chamada),,False,,1,1.0,,,,,False,,False,,,,,,,,,,,False,False,0,0.0,0,False,,,,,,False,False
B1800502200000,BRASILEIROS S/A,2018,2018,SP,COMUNICAÇÃO ELETRÔNICA DE MASSA POR ASSINATURA (TV PAGA),DOCUMENTÁRIO,(sem match chamada),,False,,1,1.392194,,,,,False,,False,,,,,,,,,,,False,False,0,0.0,0,False,,,4.6,,,True,False
B2500302700000,BRASILIANA – O MUSICAL NEGRO QUE APRESENTOU O BRASIL AO MUNDO,2025,2025,MG,COMUNICAÇÃO ELETRÔNICA DE MASSA POR ASSINATURA (TV PAGA),DOCUMENTÁRIO,(sem match chamada),,False,,1,1.0,383855.85,,0.0,383855.85,True,,False,0.0,,,,,,,,,,False,False,0,0.0,0,False,,,,,,False,False
B1900541900000,BREVE HISTÓRIA DO PLANETA VERDE,2019,2019,MG,SALAS DE EXIBIÇÃO,FICÇÃO,(sem match chamada),,True,,1,1.33467,,,,,False,345.0,True,,3477.58,99.0,10.0,,,35.5,12.0,,,False,False,0,7.1,2,True,,,,5.5,242.0,False,True
B1402062600000,BRICHOS - SÉRIE DE TV - PRIMEIRA TEMPORADA,2013,2013,PR,INDEFINIDO,ANIMAÇÃO,(sem match chamada),,False,,1,1.861311,521609.75,,0.0,521609.75,True,,False,0.0,,,,,,,,,,False,False,0,0.0,0,False,,,3.7,,,True,False
B2400234600000,BRIZOLA,2024,2024,RJ,COMUNICAÇÃO ELETRÔNICA DE MASSA POR ASSINATURA (TV PAGA),DOCUMENTÁRIO,(sem match chamada),,False,,1,1.0,,,,,False,,False,,,,,,,,,,,False,False,0,0.0,0,False,,,,,,False,False
B1101347100000,BRUNA SURFISTINHA,2010,2010,RJ,SALAS DE EXIBIÇÃO,FICÇÃO,(sem match chamada),,False,,1,2.222058,2775056.99,,0.0,2775056.99,True,19.0,True,6.846706236472642,20039215.11,1.0,1.0,,,,,3643.0,,False,False,1,6.67,1,True,1.0,0.0,3.668,6.2,8752.0,True,True
B2400219900000,BRUSCKY - UM AUTORRETRATO,2024,2024,SP,COMUNICAÇÃO ELETRÔNICA DE MASSA POR ASSINATURA (TV PAGA),DOCUMENTÁRIO,(sem match chamada),,False,,1,1.0,,,,,False,,False,,,,,,,,,,,False,False,0,0.0,0,False,,,,,,False,False
B2300191700000,BUSCANDO BUSKERS - TEMPORADA 3,2023,2023,DF,COMUNICAÇÃO ELETRÔNICA DE MASSA POR ASSINATURA (TV PAGA),DOCUMENTÁRIO,(sem match chamada),,False,,1,1.0483,,,,,False,,False,,,,,,,,,,,False,False,0,0.0,0,False,,,4.2,,,True,False
B2500086300000,BUSTUS E RANHOSSÉS,2025,2025,SC,COMUNICAÇÃO ELETRÔNICA DE MASSA POR ASSINATURA (TV PAGA),ANIMAÇÃO,(sem match chamada),,False,,1,1.0,,,,,False,,False,,,,,,,,,,,False,False,0,0.0,0,False,,,,,,False,False
B2500056900000,C.I.C - CENTRAL DE INTELIGÊNCIA CEARENSE,2025,2025,SP,SALAS DE EXIBIÇÃO,FICÇÃO,(sem match chamada),,False,,1,1.0,3452680.88,,0.0,3452680.88,True,145027.0,True,42004.1715526284,1636189.19,11435.0,196.0,,,,,,,False,False,0,0.0,0,False,,,,,,False,False
B1201544800000,CACO & DADO,2011,2011,SP,INDEFINIDO,ANIMAÇÃO,(sem match chamada),,False,,1,2.086439,,,,,False,,False,,,,,,,,,,,False,False,0,0.0,0,False,,,,,,False,False
B2500112300000,CAIAM AS ROSAS BRANCAS!,2025,2025,SP,SALAS DE EXIBIÇÃO,FICÇÃO,(sem match chamada),,True,,1,1.0,,,,,False,325.0,True,,4836.4,55.0,4.0,,,,,,,False,False,0,0.0,1,True,,,,,,False,False
B2400344000000,CAINDO NA REAL,2024,2024,SP,SALAS DE EXIBIÇÃO,FICÇÃO,(sem match chamada),,False,,1,1.0,6352123.144190719,,0.0,6352123.144190719,True,26687.0,True,4201.272455557851,451426.08,10337.0,177.0,,,,,,,False,False,0,0.0,0,False,,,,,,False,False
B2300464100000,CAMPO DE QUEM?,2023,2023,BA,COMUNICAÇÃO ELETRÔNICA DE MASSA POR ASSINATURA (TV PAGA),DOCUMENTÁRIO,(sem match chamada),,False,,1,1.0483,,,,,False,,False,,,,,,,,,,,False,False,0,0.0,0,False,,,3.133,,,True,False
B2300208600000,CANADÁ RADICAL,2023,2023,SP,COMUNICAÇÃO ELETRÔNICA DE MASSA POR ASSINATURA (TV PAGA),DOCUMENTÁRIO,(sem match chamada),,False,,1,1.0483,,,,,False,,False,,,,,,,,,,,False,False,0,0.0,0,False,,,,,,False,False
B2500435000000,"CANECÃO, TANTAS EMOÇÕES",2025,2025,RJ,COMUNICAÇÃO ELETRÔNICA DE MASSA POR ASSINATURA (TV PAGA),DOCUMENTÁRIO,(sem match chamada),,False,,1,1.0,,,,,False,,False,,,,,,,,,,,False,False,0,0.0,0,False,,,,,,False,False
B2400175100000,CANELA DE EMA – O MISTÉRIO DOS MUIRAQUITÃS,2024,2024,SP,OUTROS MERCADOS,ANIMAÇÃO,(sem match chamada),,False,,1,1.0,,,,,False,,False,,,,,,,,,,,False,False,0,0.0,0,False,,,,,,False,False
B1500883200000,"CAPOEIRA, UM PASSO A DOIS",2015,2015,RJ,COMUNICAÇÃO ELETRÔNICA DE MASSA POR ASSINATURA (TV PAGA),DOCUMENTÁRIO,(sem match chamada),,False,,1,1.580544,,,,,False,347.0,True,,4070.47,3.0,2.0,,,,,,,False,False,0,0.0,0,False,,,,7.3,9.0,False,True
B1900409100000,CARLINHOS E CARLÃO,2018,2018,RJ,SALAS DE EXIBIÇÃO,FICÇÃO,(sem match chamada),,False,,1,1.392194,4461033.0,,0.0,4461033.0,True,97.0,True,21.743842737769484,1225.0,23.0,2.0,,,6.0,2.0,,,False,False,0,1.2,1,True,,,,,,False,False
B1700581400000,CARNEIRO DE OURO,2017,2017,DF,OUTROS MERCADOS,DOCUMENTÁRIO,(sem match chamada),,False,,1,1.444401,,,,,False,,False,,,,,,,,,,,False,False,0,0.0,0,False,,,3.962,,,True,False
B1001293000000,CARRAPATOS E CATAPULTAS - 1A TEMPORADA,2009,2009,SP,INDEFINIDO,ANIMAÇÃO,(sem match chamada),,False,,1,2.353382,,,,,False,,False,,,,,,,,,,,False,False,0,0.0,0,False,,,,,,False,False
B1402798600000,CARRAPATOS E CATAPULTAS - 2A TEMPORADA,2014,2014,PR,RADIODIFUSÃO DE SONS E IMAGENS (TV ABERTA),ANIMAÇÃO,(sem match chamada),,False,,1,1.749188,,,,,False,,False,,,,,,,,,,,False,False,0,0.0,0,False,,,,,,False,False
B1700567900000,CARRAPATOS E CATAPULTAS - 3A TEMPORADA,2017,2017,PR,RADIODIFUSÃO DE SONS E IMAGENS (TV ABERTA),ANIMAÇÃO,(sem match chamada),,False,,1,1.444401,,,,,False,,False,,,,,,,,,,,False,False,0,0.0,0,False,,,,,,False,False
B2200312700000,CARVÃO,2022,2022,SP,SALAS DE EXIBIÇÃO,FICÇÃO,(sem match chamada),,True,,1,1.096731,,,,,False,5493.0,True,,94240.96,490.0,15.0,,,48.5,13.0,,,False,False,0,9.7,2,True,,,3.69,7.0,1392.0,True,True
B2300563000000,CASSIMIRO E FLOR DA DONA FLOR,2023,2023,CE,RADIODIFUSÃO DE SONS E IMAGENS (TV ABERTA),FICÇÃO,(sem match chamada),,False,,1,1.0483,,,,,False,,False,,,,,,,,,,,False,False,0,0.0,0,False,,,4.035,,,True,False
B1600559000000,CAUSANDO NA RUA,2016,2016,SP,COMUNICAÇÃO ELETRÔNICA DE MASSA POR ASSINATURA (TV PAGA),DOCUMENTÁRIO,(sem match chamada),,False,,1,1.487011,,,,,False,,False,,,,,,,,,,,False,False,0,0.0,0,False,,,3.003,,,True,False
B1700215800000,CAÇADORES DA ALMA - 2A TEMPORADA,2017,2017,RJ,COMUNICAÇÃO ELETRÔNICA DE MASSA POR ASSINATURA (TV PAGA),DOCUMENTÁRIO,(sem match chamada),,False,,1,1.444401,,,,,False,,False,,,,,,,,,,,False,False,0,0.0,0,False,,,4.095,,,True,False
B2500183500000,CENTRO ILUSÃO,2025,2025,CE,SALAS DE EXIBIÇÃO,FICÇÃO,(sem match chamada),,False,,1,1.0,,,,,False,,False,,,,,,,,,,,False,False,0,0.0,0,False,,,,,,False,False
B1800482700000,"CHACRINHA, O VELHO GUERREIRO",2018,2018,RJ,SALAS DE EXIBIÇÃO,FICÇÃO,(sem match chamada),,False,,1,1.392194,8626138.64,,0.0,8626138.64,True,36352.0,True,4214.168299061792,529851.5,8645.0,76.0,,,,,,,False,False,0,0.0,0,False,,,4.197,6.8,447.0,True,True
B2500298600000,CHAPE! MEMÓRIAS DO OESTE,2025,2025,SP,SALAS DE EXIBIÇÃO,DOCUMENTÁRIO,(sem match chamada),,False,,1,1.0,1227740.85,,0.0,1227740.85,True,165.0,True,134.39318240490246,2937.94,20.0,3.0,,,,,,,False,False,0,0.0,0,False,,,,,,False,False
B2500218000000,CHEFLINGS,2025,2025,SC,OUTROS MERCADOS - VÍDEO POR DEMANDA,ANIMAÇÃO,(sem match chamada),,False,,1,1.0,,,,,False,,False,,,,,,,,,,,False,False,0,0.0,0,False,,,,,,False,False
B2200087600000,CHICO - MEU AMIGO INVISÍVEL,2022,2022,BA,COMUNICAÇÃO ELETRÔNICA DE MASSA POR ASSINATURA (TV PAGA),FICÇÃO,(sem match chamada),,False,,1,1.096731,,,,,False,,False,,,,,,,,,,,False,False,0,0.0,0,False,,,2.9,,,True,False
B2500370400000,CHOQUE DE CULTURA - A SÉRIE,2025,2025,SP,COMUNICAÇÃO ELETRÔNICA DE MASSA POR ASSINATURA (TV PAGA),FICÇÃO,(sem match chamada),,False,,1,1.0,,,,,False,,False,,,,,,,,,,,False,False,0,0.0,0,False,,,,,,False,False
B2300184700000,CHUTEIRA PRETA - JOGOS ILEGAIS,2023,2023,RS,COMUNICAÇÃO ELETRÔNICA DE MASSA POR ASSINATURA (TV PAGA),FICÇÃO,(sem match chamada),,False,,1,1.0483,,,,,False,,False,,,,,,,,,,,False,False,0,0.0,0,False,,,,,,False,False
B2400262700000,CIDADE DAS MEIAS,2024,2024,SP,RADIODIFUSÃO DE SONS E IMAGENS (TV ABERTA),FICÇÃO,(sem match chamada),,False,,1,1.0,,,,,False,,False,,,,,,,,,,,False,False,0,0.0,0,False,,,,,,False,False
B2300472300000,CINCO MULHERES,2022,2022,SC,RADIODIFUSÃO DE SONS E IMAGENS (TV ABERTA),DOCUMENTÁRIO,(sem match chamada),,False,,1,1.096731,,,,,False,,False,,,,,,,,,,,False,False,0,0.0,0,False,,,,,,False,False
B1001180900000,"CINCO VEZES FAVELA, AGORA POR ELES MESMOS",2009,2009,RJ,INDEFINIDO,FICÇÃO,(sem match chamada),,False,,1,2.353382,2449857.48,,0.0,2449857.48,True,,False,0.0,,,,,,,,,,False,False,0,0.0,0,False,,,,,,False,False
B1800441300000,CINE HOLLIÚDY 2 - A CHIBATA SIDERAL,2018,2018,CE,SALAS DE EXIBIÇÃO,FICÇÃO,(sem match chamada),,False,,1,1.392194,4907091.68967,,0.0,4907091.68967,True,170592.0,True,34764.37996035738,2479402.79,5850.0,55.0,,,,,,,False,False,0,0.0,0,False,,,4.0,6.1,279.0,True,True
B2400407700000,CINEMA DO INTERIOR,2024,2024,SP,COMUNICAÇÃO ELETRÔNICA DE MASSA POR ASSINATURA (TV PAGA),DOCUMENTÁRIO,(sem match chamada),,False,,1,1.0,,,,,False,,False,,,,,,,,,,,False,False,0,0.0,0,False,,,,,,False,False
B2400340100000,CLARICE NISKIER - TEATRO DOS PÉS À CABEÇA,2024,2024,RJ,COMUNICAÇÃO ELETRÔNICA DE MASSA POR ASSINATURA (TV PAGA),DOCUMENTÁRIO,(sem match chamada),,False,,1,1.0,,,,,False,,False,,,,,,,,,,,False,False,0,0.0,0,False,,,,,,False,False
B2500008800000,COLAPSO - A SÉRIE,2025,2025,MG,RADIODIFUSÃO DE SONS E IMAGENS (TV ABERTA),FICÇÃO,(sem match chamada),,False,,1,1.0,,,,,False,,False,,,,,,,,,,,False,False,0,0.0,0,False,,,,,,False,False
B2500340500000,COLEGAS E O HERDEIRO,2025,2025,SP,SALAS DE EXIBIÇÃO,FICÇÃO,(sem match chamada),,False,,1,1.0,4910963.4,,0.0,4910963.4,True,,False,0.0,,,,,,,,,,False,False,0,0.0,0,False,,,,,,False,False
B2400041100000,COMBINAMOS NÃO MORRER,2024,2024,SP,OUTROS MERCADOS - VÍDEO POR DEMANDA,DOCUMENTÁRIO,(sem match chamada),,False,,1,1.0,,,,,False,,False,,,,,,,,,,,False,False,0,0.0,0,False,,,,,,False,False
B2000173400000,COMIDA É ARTE TERROIR BRASIL,2020,2020,PE,COMUNICAÇÃO ELETRÔNICA DE MASSA POR ASSINATURA (TV PAGA),DOCUMENTÁRIO,(sem match chamada),,False,,1,1.276952,,,,,False,,False,,,,,,,,,,,False,False,0,0.0,0,False,,,,,,False,False
B2500262600000,COMO NASCEM OS HERÓIS,2025,2025,DF,RADIODIFUSÃO DE SONS E IMAGENS (TV ABERTA),DOCUMENTÁRIO,(sem match chamada),,False,,1,1.0,,,,,False,,False,,,,,,,,,,,False,False,0,0.0,0,False,,,,,,False,False
B2300056300000,COMPANHIAS DO TEATRO BRASILEIRO - 1A TEMPORADA,2023,2023,RJ,COMUNICAÇÃO ELETRÔNICA DE MASSA POR ASSINATURA (TV PAGA),DOCUMENTÁRIO,(sem match chamada),,False,,1,1.0483,,,,,False,,False,,,,,,,,,,,False,False,0,0.0,0,False,,,,,,False,False
B2200358600000,CON LIBERTAD NI OFENDO NI TEMO,2022,2022,SP,COMUNICAÇÃO ELETRÔNICA DE MASSA POR ASSINATURA (TV PAGA),DOCUMENTÁRIO,(sem match chamada),,False,,1,1.096731,,,,,False,,False,,,,,,,,,,,False,False,0,0.0,0,False,,,,,,False,False
B2300443400000,CONDOR,2023,2023,PA,RADIODIFUSÃO DE SONS E IMAGENS (TV ABERTA),FICÇÃO,(sem match chamada),,False,,1,1.0483,,,,,False,,False,,,,,,,,,,,False,False,0,0.0,0,False,,,3.828,,,True,False
B1900529300000,CONSCIÊNCIA³,2019,2019,DF,COMUNICAÇÃO ELETRÔNICA DE MASSA POR ASSINATURA (TV PAGA),DOCUMENTÁRIO,(sem match chamada),,False,,1,1.33467,,,,,False,,False,,,,,,,,,,,False,False,0,0.0,0,False,,,,,,False,False
B2000151700000,CONTACTADO,2020,2020,SP,SALAS DE EXIBIÇÃO,FICÇÃO,(sem match chamada),,True,,1,1.276952,,,,,False,134.0,True,,2352.25,44.0,3.0,,,8.0,2.0,,,False,False,0,1.6,2,True,,,,6.0,28.0,False,True
B2500089000000,CORPO BONITO,2025,2025,MG,COMUNICAÇÃO ELETRÔNICA DE MASSA POR ASSINATURA (TV PAGA),DOCUMENTÁRIO,(sem match chamada),,False,,1,1.0,,,,,False,,False,,,,,,,,,,,False,False,0,0.0,0,False,,,,,,False,False
B2500519500000,COSTELA DE EVA,2025,2025,MG,RADIODIFUSÃO DE SONS E IMAGENS (TV ABERTA),DOCUMENTÁRIO,(sem match chamada),,False,,1,1.0,,,,,False,,False,,,,,,,,,,,False,False,0,0.0,0,False,,,,,,False,False
B2600025400000,CRIADORES ORIGINAIS,2026,2026,SP,COMUNICAÇÃO ELETRÔNICA DE MASSA POR ASSINATURA (TV PAGA),DOCUMENTÁRIO,(sem match chamada),,False,,1,1.0,,,,,False,,False,,,,,,,,,,,False,False,0,0.0,0,False,,,,,,False,False
B2400372000000,CRIATURAS - UMA AVENTURA ENTRE DOIS MUNDOS,2024,2024,RJ,SALAS DE EXIBIÇÃO,FICÇÃO,(sem match chamada),,False,,1,1.0,1601408.3240313,,0.0,1601408.3240313,True,,False,0.0,,,,,,,,,,False,False,0,0.0,0,False,,,,,,False,False
B2100324700000,CURRAL,2021,2021,PE,SALAS DE EXIBIÇÃO,FICÇÃO,(sem match chamada),,False,,1,1.160232,763858.0195093399,,0.0,763858.0195093399,True,926.0,True,1212.267170533617,14509.62,178.0,8.0,,,,,,,False,False,0,0.0,0,False,,,,6.7,161.0,False,True
B2500028700000,CÂNCER COM ASCENDENTE EM VIRGEM,2025,2025,RJ,SALAS DE EXIBIÇÃO,FICÇÃO,(sem match chamada),,False,,1,1.0,3509539.1999999997,,0.0,3509539.1999999997,True,16873.0,True,4807.75367888753,306491.86,8760.0,190.0,,,,,,,False,False,0,0.0,0,False,,,,,,False,False
B2300397200000,CÉU ABERTO,2023,2023,RS,SALAS DE EXIBIÇÃO,DOCUMENTÁRIO,(sem match chamada),,False,,1,1.0483,,,,,False,,False,,,,,,,,,,,False,False,0,0.0,0,False,,,,,,False,False
B2500431400000,D.P.A. - O FANTÁSTICO REINO DE ONDION,2025,2025,RJ,SALAS DE EXIBIÇÃO,FICÇÃO,(sem match chamada),,False,,1,1.0,3290192.9999999995,,0.0,3290192.9999999995,True,76534.0,True,23261.249416067694,1499666.04,17488.0,260.0,,,,,,,False,False,0,0.0,0,False,,,,,,False,False
B2300212000000,DE FRENTE PRO MAR,2023,2023,RJ,COMUNICAÇÃO ELETRÔNICA DE MASSA POR ASSINATURA (TV PAGA),DOCUMENTÁRIO,(sem match chamada),,False,,1,1.0483,,,,,False,,False,,,,,,,,,,,False,False,0,0.0,0,False,,,4.0,,,True,False
B2300374700000,"DE REPENTE, MISS!",2023,2023,RN,SALAS DE EXIBIÇÃO,FICÇÃO,(sem match chamada),,False,,1,1.0483,4176582.0,,0.0,4176582.0,True,15803.0,True,3783.7159667881538,274873.84,3105.0,84.0,,,,,,,False,False,0,0.0,0,False,,,4.095,6.4,84.0,True,True
B2300376600000,DE VOCÊ FIZ MEU SAMBA,2023,2023,RJ,SALAS DE EXIBIÇÃO,DOCUMENTÁRIO,(sem match chamada),,False,,1,1.0483,,,,,False,91.0,True,,910.0,5.0,2.0,,,,,,,False,False,0,0.0,0,False,,,4.2,,,True,False
B2400094800000,DE VOLTA AO RIO BAKER,2024,2024,SP,RADIODIFUSÃO DE SONS E IMAGENS (TV ABERTA),DOCUMENTÁRIO,(sem match chamada),,False,,1,1.0,,,,,False,,False,,,,,,,,,,,False,False,0,0.0,0,False,,,,,,False,False
B2300000500000,DECOLA,2022,2022,BA,COMUNICAÇÃO ELETRÔNICA DE MASSA POR ASSINATURA (TV PAGA),DOCUMENTÁRIO,(sem match chamada),,False,,1,1.096731,,,,,False,,False,,,,,,,,,,,False,False,0,0.0,0,False,,,,,,False,False
B2300433200000,DENTRO DE MIM,2023,2023,AL,OUTROS MERCADOS,DOCUMENTÁRIO,(sem match chamada),,False,,1,1.0483,,,,,False,,False,,,,,,,,,,,False,False,0,0.0,0,False,,,4.2,,,True,False
B1700261200000,DESARQUIVANDO ALICE GONZAGA,2017,2017,BA,OUTROS MERCADOS - AUDIOVISUAL EM CIRCUITO RESTRITO,DOCUMENTÁRIO,(sem match chamada),,False,,1,1.444401,,,,,False,,False,,,,,,,,,,,False,False,0,0.0,0,False,,,,7.9,13.0,False,True
B1700107000000,DESDE JUNHO,2016,2016,RJ,RADIODIFUSÃO DE SONS E IMAGENS (TV ABERTA),DOCUMENTÁRIO,(sem match chamada),,False,,1,1.487011,,,,,False,,False,,,,,,,,,,,False,False,0,0.0,0,False,,,,,,False,False
B2400478000000,DESEJO DE VIVER - MUTATIS MUTANDIS,2024,2024,SP,SALAS DE EXIBIÇÃO,DOCUMENTÁRIO,(sem match chamada),,False,,1,1.0,,,,,False,,False,,,,,,,,,,,False,False,0,0.0,0,False,,,,,,False,False
B2500362800000,DESEJOS DA TERRA,2025,2025,PE,RADIODIFUSÃO DE SONS E IMAGENS (TV ABERTA),FICÇÃO,(sem match chamada),,False,,1,1.0,,,,,False,,False,,,,,,,,,,,False,False,0,0.0,0,False,,,,,,False,False
B2300148800000,DESTINO: FICÇÃO - 2ª TEMPORADA,2023,2023,SP,COMUNICAÇÃO ELETRÔNICA DE MASSA POR ASSINATURA (TV PAGA),DOCUMENTÁRIO,(sem match chamada),,False,,1,1.0483,,,,,False,,False,,,,,,,,,,,False,False,0,0.0,0,False,,,,,,False,False
B2400231500000,DESVENDANDO MUSEUS,2024,2024,SP,COMUNICAÇÃO ELETRÔNICA DE MASSA POR ASSINATURA (TV PAGA),DOCUMENTÁRIO,(sem match chamada),,False,,1,1.0,,,,,False,,False,,,,,,,,,,,False,False,0,0.0,0,False,,,,,,False,False
B2300404500000,DIRETORES DE ARTE,2023,2023,RJ,COMUNICAÇÃO ELETRÔNICA DE MASSA POR ASSINATURA (TV PAGA),DOCUMENTÁRIO,(sem match chamada),,False,,1,1.0483,,,,,False,,False,,,,,,,,,,,False,False,0,0.0,0,False,,,3.413,,,True,False
B1900232700000,DIVINO AMOR,2019,2019,PE,SALAS DE EXIBIÇÃO,FICÇÃO,(sem match chamada),,True,,1,1.33467,835316.3999999999,,0.0,835316.3999999999,True,36015.0,True,43115.39914695797,446201.11,1195.0,30.0,,,58.5,19.0,,8.0,False,False,0,21.7,3,True,1.0,5.0,4.3,6.1,2426.0,True,True
B1500335800000,DIVÃ A 2,2014,2014,RJ,SALAS DE EXIBIÇÃO,FICÇÃO,(sem match chamada),,True,,1,1.749188,2404048.1727987,,0.0,2404048.1727987,True,166491.0,True,69254.43586522545,1982583.38,,,,,,,,,False,False,0,0.0,1,True,,,3.5,5.1,126.0,True,True
B1900357900000,DIZ A ELA QUE ME VIU CHORAR,2019,2019,SP,SALAS DE EXIBIÇÃO,DOCUMENTÁRIO,(sem match chamada),,False,,1,1.33467,,,,,False,1985.0,True,,14140.21,128.0,15.0,,,15.5,5.0,,,False,False,0,3.1,1,True,,,4.4,6.7,172.0,True,True
B2500426800000,DIÁRIO DO FOGO,2025,2025,RJ,SALAS DE EXIBIÇÃO,FICÇÃO,(sem match chamada),,False,,1,1.0,1645096.4999999998,,0.0,1645096.4999999998,True,,False,0.0,,,,,,,,,,False,False,0,0.0,0,False,,,,,,False,False
B2400215200000,DOCUMENTANDO O INVISÍVEL,2024,2024,RJ,COMUNICAÇÃO ELETRÔNICA DE MASSA POR ASSINATURA (TV PAGA),DOCUMENTÁRIO,(sem match chamada),,False,,1,1.0,,,,,False,,False,,,,,,,,,,,False,False,0,0.0,0,False,,,,,,False,False
B2400052600000,DOIS É DEMAIS EM ORLANDO,2024,2024,RJ,SALAS DE EXIBIÇÃO,FICÇÃO,(sem match chamada),,False,,1,1.0,8499112.081319999,,0.0,8499112.081319999,True,75434.0,True,8875.515380694254,1555208.47,9031.0,193.0,,,,,,,False,False,0,0.0,0,False,,,,,,False,False
B1700045100000,"DOLORES - UMA MULHER, DOIS AMORES",2016,2016,RJ,SALAS DE EXIBIÇÃO,FICÇÃO,(sem match chamada),,True,,1,1.487011,,,,,False,3128.0,True,,50945.64,205.0,10.0,,,,,,,False,False,0,0.0,1,True,,,3.775,,,True,False
B2200257000000,DOLORES DURAN - O CORAÇÃO DA NOITE,2022,2022,DF,COMUNICAÇÃO ELETRÔNICA DE MASSA POR ASSINATURA (TV PAGA),DOCUMENTÁRIO,(sem match chamada),,False,,1,1.096731,,,,,False,,False,,,,,,,,,,,False,False,0,0.0,0,False,,,3.89,,,True,False
B2400318700000,DORMIR DE OLHOS ABERTOS,2024,2024,PE,SALAS DE EXIBIÇÃO,FICÇÃO,(sem match chamada),,True,,1,1.0,,,,,False,3922.0,True,,46357.52,272.0,20.0,,,,,,4.0,False,False,0,4.0,2,True,1.0,2.0,,,,False,False
B2300276500000,DOSSIÊ DA LAMA,2023,2023,SP,COMUNICAÇÃO ELETRÔNICA DE MASSA POR ASSINATURA (TV PAGA),DOCUMENTÁRIO,(sem match chamada),,False,,1,1.0483,,,,,False,,False,,,,,,,,,,,False,False,0,0.0,0,False,,,,,,False,False
B2100299900000,DOUTOR GAMA,2021,2021,SP,SALAS DE EXIBIÇÃO,FICÇÃO,(sem match chamada),,False,,1,1.160232,,,,,False,5546.0,True,,111179.65,521.0,12.0,,,,,,,False,False,0,0.0,0,False,,,4.152,7.2,347.0,True,True
B1800138800000,DOWNWIND NAS FILIPINAS,2018,2018,RJ,COMUNICAÇÃO ELETRÔNICA DE MASSA POR ASSINATURA (TV PAGA),DOCUMENTÁRIO,(sem match chamada),,False,,1,1.392194,,,,,False,,False,,,,,,,,,,,False,False,0,0.0,0,False,,,,,,False,False
B2600022100000,DUELO DE GUITARRAS,2026,2026,RJ,RADIODIFUSÃO DE SONS E IMAGENS (TV ABERTA),REALITY-SHOW,(sem match chamada),,False,,1,1.0,,,,,False,,False,,,,,,,,,,,False,False,0,0.0,0,False,,,,,,False,False
B2100271900000,EL EMPLEADO Y EL PATRÓN,2021,2021,RS,SALAS DE EXIBIÇÃO,FICÇÃO,(sem match chamada),,True,,1,1.160232,,,,,False,732.0,True,,6894.62,95.0,9.0,,,47.5,16.0,,12.0,False,False,0,11.5,3,True,1.0,1.0,,6.4,219.0,False,True
B2000081700000,ELA E EU,2020,2020,SP,SALAS DE EXIBIÇÃO,FICÇÃO,(sem match chamada),,False,,1,1.276952,6123052.76213764,,0.0,6123052.76213764,True,2260.0,True,369.0969337998981,45277.17,322.0,6.0,,,12.0,6.0,,,False,False,0,2.4,1,True,,,4.4,7.1,73.0,True,True
B2300316900000,ELE NÃO SABIA HISTÓRIAS,2023,2023,RJ,SALAS DE EXIBIÇÃO,FICÇÃO,(sem match chamada),,True,,1,1.0483,,,,,False,,False,,,,,,,,,,,False,False,0,0.0,1,True,,,,,,False,False
B2300205100000,"ELIS & TOM, SÓ TINHA DE SER COM VOCÊ",2023,2023,RJ,COMUNICAÇÃO ELETRÔNICA DE MASSA POR ASSINATURA (TV PAGA),DOCUMENTÁRIO,(sem match chamada),,False,,1,1.0483,,,,,False,84413.0,True,,1688137.0,3866.0,51.0,,,,,4789.0,,True,False,2,13.33,1,True,1.0,0.0,3.8,7.7,501.0,True,True
B2500231700000,EM PEDAÇOS,2025,2025,BA,RADIODIFUSÃO DE SONS E IMAGENS (TV ABERTA),DOCUMENTÁRIO,(sem match chamada),,False,,1,1.0,,,,,False,,False,,,,,,,,,,,False,False,0,0.0,0,False,,,,,,False,False
B2500302600000,EMPELEITADA,2025,2025,PE,RADIODIFUSÃO DE SONS E IMAGENS (TV ABERTA),DOCUMENTÁRIO,(sem match chamada),,False,,1,1.0,,,,,False,,False,,,,,,,,,,,False,False,0,0.0,0,False,,,,,,False,False
B2300396300000,EMPIRION: UMA AVENTURA COM EINSTEIN,2023,2023,SP,SALAS DE EXIBIÇÃO,FICÇÃO,(sem match chamada),,False,,1,1.0483,3008587.0784255997,,0.0,3008587.0784255997,True,2126.0,True,706.6439975247586,47434.0,391.0,15.0,,,,,,,False,False,0,0.0,0,False,,,4.3,9.6,5.0,True,True
B2500121100000,EMTOURNO,2025,2025,RS,COMUNICAÇÃO ELETRÔNICA DE MASSA POR ASSINATURA (TV PAGA),DOCUMENTÁRIO,(sem match chamada),,False,,1,1.0,,,,,False,,False,,,,,,,,,,,False,False,0,0.0,0,False,,,,,,False,False
B2000008400000,ENCARCERADOS,2019,2019,SP,SALAS DE EXIBIÇÃO,DOCUMENTÁRIO,(sem match chamada),,False,,1,1.33467,632217.6,,0.0,632217.6,True,2797.0,True,4424.1096736313575,30513.99,224.0,10.0,,,6.0,2.0,,,False,False,0,1.2,1,True,,,,7.1,10.0,False,True
B2400265800000,ENCONTROS COM O CINEMA AFRICANO,2024,2024,SP,RADIODIFUSÃO DE SONS E IMAGENS (TV ABERTA),DOCUMENTÁRIO,(sem match chamada),,False,,1,1.0,,,,,False,,False,,,,,,,,,,,False,False,0,0.0,0,False,,,,,,False,False
B2200402400000,ENEIDA,2022,2022,PR,COMUNICAÇÃO ELETRÔNICA DE MASSA POR ASSINATURA (TV PAGA),DOCUMENTÁRIO,(sem match chamada),,False,,1,1.096731,,,,,False,657.0,True,,6603.32,46.0,5.0,,,,,,,False,False,0,0.0,0,False,,,,7.8,17.0,False,True
B1700278600000,ENQUADRO 5X5,2017,2017,SP,RADIODIFUSÃO DE SONS E IMAGENS (TV ABERTA),FICÇÃO,(sem match chamada),,False,,1,1.444401,,,,,False,,False,,,,,,,,,,,False,False,0,0.0,0,False,,,,,,False,False
B1800556000000,ENSAIOS CONTEMPORÂNEOS,2018,2018,RJ,COMUNICAÇÃO ELETRÔNICA DE MASSA POR ASSINATURA (TV PAGA),DOCUMENTÁRIO,(sem match chamada),,False,,1,1.392194,,,,,False,,False,,,,,,,,,,,False,False,0,0.0,0,False,,,,,,False,False
B1301935400000,ENTRE VALES,2013,2013,SP,INDEFINIDO,FICÇÃO,(sem match chamada),,True,,1,1.861311,1725610.0954,,0.0,1725610.0954,True,3590.0,True,2080.4236191999275,37372.93,,,,,,,,,False,False,0,0.0,1,True,1.0,0.0,,6.9,99.0,False,True
B1800505100000,ENTRENÓS,2018,2018,PE,COMUNICAÇÃO ELETRÔNICA DE MASSA POR ASSINATURA (TV PAGA),DOCUMENTÁRIO,(sem match chamada),,False,,1,1.392194,,,,,False,,False,,,,,,,,,,,False,False,0,0.0,0,False,,,,,,False,False
B1800182100000,ERIC ACORDE,2017,2017,CE,NENHUMA DAS OPÇÕES,ANIMAÇÃO,(sem match chamada),,False,,1,1.444401,,,,,False,,False,,,,,,,,,,,False,False,0,0.0,0,False,,,,,,False,False
B2400024800000,ESCUMALHA,2024,2024,DF,SALAS DE EXIBIÇÃO,FICÇÃO,(sem match chamada),,False,,1,1.0,,,,,False,,False,,,,,,,,,,,False,False,0,0.0,0,False,,,,,,False,False
B2400380100000,ESPELHO CIGANO,2024,2024,MG,SALAS DE EXIBIÇÃO,FICÇÃO,(sem match chamada),,False,,1,1.0,,,,,False,,False,,,,,,,,,,,False,False,0,0.0,0,False,,,,,,False,False
B1700537700000,ESPERANDO A TEMPESTADE,2016,2016,RJ,COMUNICAÇÃO ELETRÔNICA DE MASSA POR ASSINATURA (TV PAGA),DOCUMENTÁRIO,(sem match chamada),,False,,1,1.487011,,,,,False,,False,,,,,,,,,,,False,False,0,0.0,0,False,,,,,,False,False
B1600326200000,ESTA NOITE ENCARNAREI NO TEU CORPINHO - PILOTO,2015,2015,RJ,COMUNICAÇÃO ELETRÔNICA DE MASSA POR ASSINATURA (TV PAGA),FICÇÃO,(sem match chamada),,False,,1,1.580544,,,,,False,,False,,,,,,,,,,,False,False,0,0.0,0,False,,,4.3,,,True,False
B1900093600000,ESTOU ME GUARDANDO PARA QUANDO O CARNAVAL CHEGAR,2019,2019,PE,SALAS DE EXIBIÇÃO,DOCUMENTÁRIO,(sem match chamada),,False,,1,1.33467,,,,,False,10640.0,True,,82744.39,340.0,19.0,,,26.0,8.0,2744.0,,False,False,1,11.87,2,True,1.0,0.0,3.062,7.7,955.0,True,True
B2200012700000,ESTRADEIRAS,2022,2022,SP,COMUNICAÇÃO ELETRÔNICA DE MASSA POR ASSINATURA (TV PAGA),DOCUMENTÁRIO,(sem match chamada),,False,,1,1.096731,,,,,False,,False,,,,,,,,,,,False,False,0,0.0,0,False,,,,,,False,False
B2500237700000,EU E MEU AVÔ NIHONJIN,2025,2025,SP,SALAS DE EXIBIÇÃO,ANIMAÇÃO,(sem match chamada),,False,,1,1.0,,,,,False,42793.0,True,,809179.23,12295.0,123.0,,,,,,,False,False,0,0.0,0,False,,,,,,False,False
B2400120800000,EU NÃO DESISTO DE VOCÊ,2024,2024,PE,RADIODIFUSÃO DE SONS E IMAGENS (TV ABERTA),DOCUMENTÁRIO,(sem match chamada),,False,,1,1.0,,,,,False,,False,,,,,,,,,,,False,False,0,0.0,0,False,,,,,,False,False
B2500071000000,EU QUE PLANTEI - MATA ATLÂNTICA,2025,2025,RJ,RADIODIFUSÃO DE SONS E IMAGENS (TV ABERTA),DOCUMENTÁRIO,(sem match chamada),,False,,1,1.0,,,,,False,,False,,,,,,,,,,,False,False,0,0.0,0,False,,,,,,False,False
B2300531000000,EU SOU O SAMBA MAS PODE ME CHAMAR DE ZÉ KETTI,2023,2023,RJ,SALAS DE EXIBIÇÃO,DOCUMENTÁRIO,(sem match chamada),,False,,1,1.0483,,,,,False,,False,,,,,,,,,,,False,False,0,0.0,0,False,,,3.975,,,True,False
B2500332000000,EU VOU TER SAUDADES DE VOCÊ,2025,2025,SP,SALAS DE EXIBIÇÃO,FICÇÃO,(sem match chamada),,False,,1,1.0,,,,,False,,False,,,,,,,,,,,False,False,0,0.0,0,False,,,,,,False,False
B2300288500000,EUCLYDES,2023,2023,RJ,COMUNICAÇÃO ELETRÔNICA DE MASSA POR ASSINATURA (TV PAGA),DOCUMENTÁRIO,(sem match chamada),,False,,1,1.0483,,,,,False,,False,,,,,,,,,,,False,False,0,0.0,0,False,,,,,,False,False
B1700123200000,EXODUS - DE ONDE VIM NÃO EXISTE MAIS,2017,2017,SP,SALAS DE EXIBIÇÃO,DOCUMENTÁRIO,(sem match chamada),,True,,1,1.444401,733316.4650182499,,0.0,733316.4650182499,True,5953.0,True,8117.914002997121,77573.34,580.0,22.0,,,2.0,1.0,,,False,False,0,0.4,2,True,,,,,,False,False
B2300549900000,EXPEDIÇÃO PICO DE JACA,2023,2023,SP,COMUNICAÇÃO ELETRÔNICA DE MASSA POR ASSINATURA (TV PAGA),DOCUMENTÁRIO,(sem match chamada),,False,,1,1.0483,,,,,False,,False,,,,,,,,,,,False,False,0,0.0,0,False,,,,,,False,False
B2400005100000,EXPEDIÇÃO PRAIEIRA,2024,2024,CE,RADIODIFUSÃO DE SONS E IMAGENS (TV ABERTA),DOCUMENTÁRIO,(sem match chamada),,False,,1,1.0,,,,,False,,False,,,,,,,,,,,False,False,0,0.0,0,False,,,,,,False,False
B2400354500000,"EXPLODE SÃO PAULO, GIL",2024,2024,SP,SALAS DE EXIBIÇÃO,FICÇÃO,(sem match chamada),,True,,1,1.0,,,,,False,,False,,,,,,,,,,,False,False,0,0.0,1,True,,,,,,False,False
B2400446400000,FAKE NEWS - MADE IN BRAZIL,2024,2024,RJ,COMUNICAÇÃO ELETRÔNICA DE MASSA POR ASSINATURA (TV PAGA),DOCUMENTÁRIO,(sem match chamada),,False,,1,1.0,,,,,False,,False,,,,,,,,,,,False,False,0,0.0,0,False,,,,,,False,False
B2500022800000,FAMÍLIA DE SORTE,2025,2025,SP,SALAS DE EXIBIÇÃO,FICÇÃO,(sem match chamada),,False,,1,1.0,5641286.85022779,,0.0,5641286.85022779,True,,False,0.0,,,,,,,,,,False,False,0,0.0,0,False,,,,,,False,False
B1700037000000,FANÁTIC@S,2016,2016,SC,RADIODIFUSÃO DE SONS E IMAGENS (TV ABERTA),FICÇÃO,(sem match chamada),,False,,1,1.487011,,,,,False,,False,,,,,,,,,,,False,False,0,0.0,0,False,,,,,,False,False
B1700333000000,FASHION CLICK,2017,2017,SP,COMUNICAÇÃO ELETRÔNICA DE MASSA POR ASSINATURA (TV PAGA),DOCUMENTÁRIO,(sem match chamada),,False,,1,1.444401,,,,,False,,False,,,,,,,,,,,False,False,0,0.0,0,False,,,4.15,,,True,False
B2000046400000,FAVELA GAY - PERIFERIAS LGBTQI+,2019,2019,RJ,COMUNICAÇÃO ELETRÔNICA DE MASSA POR ASSINATURA (TV PAGA),DOCUMENTÁRIO,(sem match chamada),,False,,1,1.33467,,,,,False,,False,,,,,,,,,,,False,False,0,0.0,0,False,,,,,,False,False
B1900468200000,FEITO TORTO PARA FICAR DIREITO - A SÉRIE,2019,2019,SC,COMUNICAÇÃO ELETRÔNICA DE MASSA POR ASSINATURA (TV PAGA),DOCUMENTÁRIO,(sem match chamada),,False,,1,1.33467,231707.7504,,0.0,231707.7504,True,,False,0.0,,,,,,,,,,False,False,0,0.0,0,False,,,,,,False,False
B2400005000000,FELINOS EM PRETO E BRANCO,2024,2024,SP,COMUNICAÇÃO ELETRÔNICA DE MASSA POR ASSINATURA (TV PAGA),DOCUMENTÁRIO,(sem match chamada),,True,,1,1.0,,,,,False,,False,,,,,,,,,,,False,False,0,0.0,1,True,,,,,,False,False
B2500473200000,FERNANDO CONI CAMPOS: CADA UM VIVE COMO SONHA,2025,2025,RJ,COMUNICAÇÃO ELETRÔNICA DE MASSA POR ASSINATURA (TV PAGA),DOCUMENTÁRIO,(sem match chamada),,False,,1,1.0,,,,,False,,False,,,,,,,,,,,False,False,0,0.0,0,False,,,,,,False,False
B2200412400000,FERVO,2022,2022,SP,SALAS DE EXIBIÇÃO,FICÇÃO,(sem match chamada),,False,,1,1.096731,5247563.96501624,,0.0,5247563.96501624,True,11837.0,True,2255.713332684143,213433.0,3280.0,122.0,,,,,,,False,False,0,0.0,0,False,,,,6.2,109.0,False,True
B2300552400000,FIEBRE,2023,2023,SP,SALAS DE EXIBIÇÃO,FICÇÃO,(sem match chamada),,True,,1,1.0483,,,,,False,8.0,True,,94.0,,,,,,,,,False,False,0,0.0,1,True,,,,6.5,13.0,False,True
B2400337800000,FILHOS DO MANGUE,2024,2024,RN,SALAS DE EXIBIÇÃO,FICÇÃO,(sem match chamada),,False,,1,1.0,1159697.602,,0.0,1159697.602,True,786.0,True,677.7628915024694,9273.74,105.0,8.0,,,,,,,False,False,0,0.0,0,False,,,,,,False,False
B1900612000000,FILHOS DO PAI ETERNO,2019,2019,SP,SALAS DE EXIBIÇÃO,DOCUMENTÁRIO,(sem match chamada),,False,,1,1.33467,,,,,False,16.0,True,,277.77,30.0,5.0,,,,,,,False,False,0,0.0,0,False,,,2.663,,,True,False
B1600656800000,FIM DO MUNDO,2016,2016,PE,COMUNICAÇÃO ELETRÔNICA DE MASSA POR ASSINATURA (TV PAGA),FICÇÃO,(sem match chamada),,False,,1,1.487011,,,,,False,,False,,,,,,,,,,,False,False,0,0.0,0,False,,,3.195,,,True,False
B1900368000000,FIO DA MEADA,2019,2019,RJ,COMUNICAÇÃO ELETRÔNICA DE MASSA POR ASSINATURA (TV PAGA),DOCUMENTÁRIO,(sem match chamada),,False,,1,1.33467,,,,,False,,False,,,,,,,,,,,False,False,0,0.0,0,False,,,,,,False,False
B2300557200000,FLUXO - MELHOR PAUSA,2021,2021,PE,COMUNICAÇÃO ELETRÔNICA DE MASSA POR ASSINATURA (TV PAGA),DOCUMENTÁRIO,(sem match chamada),,False,,1,1.160232,,,,,False,,False,,,,,,,,,,,False,False,0,0.0,0,False,,,,,,False,False
B1800595400000,FOLIAR BRASIL DOC- 2A TEMPORADA,2018,2018,RJ,COMUNICAÇÃO ELETRÔNICA DE MASSA POR ASSINATURA (TV PAGA),DOCUMENTÁRIO,(sem match chamada),,False,,1,1.392194,,,,,False,,False,,,,,,,,,,,False,False,0,0.0,0,False,,,,,,False,False
B2400235300000,FORROBODÓ DA PAIXÃO,2024,2024,BA,RADIODIFUSÃO DE SONS E IMAGENS (TV ABERTA),FICÇÃO,(sem match chamada),,False,,1,1.0,,,,,False,,False,,,,,,,,,,,False,False,0,0.0,0,False,,,,,,False,False
B2400374100000,FORTALEZA PARAÍSO - PILOTO,2024,2024,CE,RADIODIFUSÃO DE SONS E IMAGENS (TV ABERTA),FICÇÃO,(sem match chamada),,False,,1,1.0,,,,,False,,False,,,,,,,,,,,False,False,0,0.0,0,False,,,,,,False,False
B2000184000000,FRANCISCO SÓ QUER JOGAR BOLA,2020,2020,BA,RADIODIFUSÃO DE SONS E IMAGENS (TV ABERTA),FICÇÃO,(sem match chamada),,False,,1,1.276952,,,,,False,,False,,,,,,,,,,,False,False,0,0.0,0,False,,,,,,False,False
B1800335300000,FRANS KRAJCBERG: MANIFESTO,2018,2018,SP,SALAS DE EXIBIÇÃO,DOCUMENTÁRIO,(sem match chamada),,False,,1,1.392194,532041.945,,0.0,532041.945,True,1715.0,True,3223.4300624549446,17689.5,179.0,8.0,,,,,,,False,False,0,0.0,0,False,,,,,,False,False
B2600006400000,FRONTEIRAS DA MEMÓRIA,2026,2026,SP,COMUNICAÇÃO ELETRÔNICA DE MASSA POR ASSINATURA (TV PAGA),DOCUMENTÁRIO,(sem match chamada),,False,,1,1.0,,,,,False,,False,,,,,,,,,,,False,False,0,0.0,0,False,,,,,,False,False
B1600310200000,FUINHA E CAÇAPAVA-PILOTO,2016,2016,RS,COMUNICAÇÃO ELETRÔNICA DE MASSA POR ASSINATURA (TV PAGA),FICÇÃO,(sem match chamada),,False,,1,1.487011,,,,,False,,False,,,,,,,,,,,False,False,0,0.0,0,False,,,,,,False,False
B2400165200000,FUTEBÓIS,2024,2024,SP,COMUNICAÇÃO ELETRÔNICA DE MASSA POR ASSINATURA (TV PAGA),DOCUMENTÁRIO,(sem match chamada),,False,,1,1.0,,,,,False,,False,,,,,,,,,,,False,False,0,0.0,0,False,,,,,,False,False
B2500138400000,FUTURO FUTURO,2025,2025,RS,SALAS DE EXIBIÇÃO,FICÇÃO,(sem match chamada),,False,,1,1.0,,,,,False,,False,,,,,,,,,,,False,False,0,0.0,0,False,,,,,,False,False
B2400219400000,FUTURO NAS COSTAS,2024,2024,SP,RADIODIFUSÃO DE SONS E IMAGENS (TV ABERTA),DOCUMENTÁRIO,(sem match chamada),,False,,1,1.0,,,,,False,,False,,,,,,,,,,,False,False,0,0.0,0,False,,,,,,False,False
B1500576000000,FÁBULAS DE BULCCAN EPISÓDIO PILOTO,2015,2015,BA,COMUNICAÇÃO ELETRÔNICA DE MASSA POR ASSINATURA (TV PAGA),ANIMAÇÃO,(sem match chamada),,False,,1,1.580544,,,,,False,,False,,,,,,,,,,,False,False,0,0.0,0,False,,,,,,False,False
B1600754000000,GABY ESTRELLA,2016,2016,RJ,SALAS DE EXIBIÇÃO,FICÇÃO,(sem match chamada),,False,,1,1.487011,4741632.0,,0.0,4741632.0,True,37950.0,True,8003.5734531908,506245.24,3879.0,54.0,,,,,,,False,False,0,0.0,0,False,,,,,,False,False
B2000297100000,GAFAS AMARILLAS,2020,2020,SP,SALAS DE EXIBIÇÃO,FICÇÃO,(sem match chamada),,True,,1,1.276952,,,,,False,30.0,True,,205.2,6.0,1.0,,,,,,,False,False,0,0.0,1,True,,,,7.0,50.0,False,True
B1800362400000,GALALAU E CORUJINA,2018,2018,BA,RADIODIFUSÃO DE SONS E IMAGENS (TV ABERTA),ANIMAÇÃO,(sem match chamada),,False,,1,1.392194,,,,,False,,False,,,,,,,,,,,False,False,0,0.0,0,False,,,,,,False,False
B2100363400000,GALERIA FUTURO,2021,2021,SP,SALAS DE EXIBIÇÃO,FICÇÃO,(sem match chamada),,False,,1,1.160232,5397729.755585641,,0.0,5397729.755585641,True,587.0,True,108.74942366141336,7487.93,291.0,14.0,,,,,,,False,False,0,0.0,0,False,,,,6.5,43.0,False,True
B2400303000000,GAME DEV BRASIL,2023,2023,DF,RADIODIFUSÃO DE SONS E IMAGENS (TV ABERTA),DOCUMENTÁRIO,(sem match chamada),,False,,1,1.0483,,,,,False,,False,,,,,,,,,,,False,False,0,0.0,0,False,,,,,,False,False
B2400221300000,GAME GIRLS,2024,2024,ES,SALAS DE EXIBIÇÃO,DOCUMENTÁRIO,(sem match chamada),,False,,1,1.0,,,,,False,,False,,,,,,,,,,,False,False,0,0.0,0,False,,,,,,False,False
B2000075100000,GAMEBROS,2020,2020,SP,COMUNICAÇÃO ELETRÔNICA DE MASSA POR ASSINATURA (TV PAGA),FICÇÃO,(sem match chamada),,False,,1,1.276952,,,,,False,,False,,,,,,,,,,,False,False,0,0.0,0,False,,,,,,False,False
B2400382100000,GENTE VERDADEIRA,2024,2024,SC,RADIODIFUSÃO DE SONS E IMAGENS (TV ABERTA),DOCUMENTÁRIO,(sem match chamada),,False,,1,1.0,,,,,False,,False,,,,,,,,,,,False,False,0,0.0,0,False,,,,,,False,False
B2400454400000,GEOGRAFIA DA ARTE - SEGUNDA TEMPORADA,2024,2024,SP,COMUNICAÇÃO ELETRÔNICA DE MASSA POR ASSINATURA (TV PAGA),DOCUMENTÁRIO,(sem match chamada),,False,,1,1.0,,,,,False,,False,,,,,,,,,,,False,False,0,0.0,0,False,,,,,,False,False
B2300069200000,GERSON KING COMBO - O FILME,2023,2023,RJ,COMUNICAÇÃO ELETRÔNICA DE MASSA POR ASSINATURA (TV PAGA),DOCUMENTÁRIO,(sem match chamada),,False,,1,1.0483,,,,,False,,False,,,,,,,,,,,False,False,0,0.0,0,False,,,3.3,,,True,False
B2100451900000,GIGA - 2ª TEMPORADA,2021,2021,PE,COMUNICAÇÃO ELETRÔNICA DE MASSA POR ASSINATURA (TV PAGA),FICÇÃO,(sem match chamada),,False,,1,1.160232,,,,,False,,False,,,,,,,,,,,False,False,0,0.0,0,False,,,,,,False,False
B1900619400000,GILBERTO GIL ANTOLOGIA VOL 1,2019,2019,RJ,COMUNICAÇÃO ELETRÔNICA DE MASSA POR ASSINATURA (TV PAGA),DOCUMENTÁRIO,(sem match chamada),,False,,1,1.33467,,,,,False,,False,,,,,,,,,,,False,False,0,0.0,0,False,,,,,,False,False
B2300267400000,GIRASSOL VERMELHO,2023,2023,MG,SALAS DE EXIBIÇÃO,FICÇÃO,(sem match chamada),,False,,1,1.0483,,,,,False,251.0,True,,3702.06,50.0,3.0,,,,,,,False,False,0,0.0,0,False,,,,8.8,10.0,False,True
B2100062600000,"GLAUBER, CLARO",2021,2021,SP,COMUNICAÇÃO ELETRÔNICA DE MASSA POR ASSINATURA (TV PAGA),DOCUMENTÁRIO,(sem match chamada),,False,,1,1.160232,,,,,False,,False,,,,,,,,,,,False,False,0,0.0,0,False,,,,7.1,38.0,False,True
B2500263100000,GLÓRIA & LIBERDADE,2025,2025,CE,SALAS DE EXIBIÇÃO,ANIMAÇÃO,(sem match chamada),,False,,1,1.0,,,,,False,,False,,,,,,,,,,,False,False,0,0.0,0,False,,,,,,False,False
B1800308100000,GNAKS! - EPISÓDIO PILOTO,2017,2017,GO,COMUNICAÇÃO ELETRÔNICA DE MASSA POR ASSINATURA (TV PAGA),ANIMAÇÃO,(sem match chamada),,False,,1,1.444401,,,,,False,,False,,,,,,,,,,,False,False,0,0.0,0,False,,,,,,False,False
B2300537800000,GODLESS - ALÉM DA CRENÇA,2023,2023,DF,SALAS DE EXIBIÇÃO,DOCUMENTÁRIO,(sem match chamada),,True,,1,1.0483,,,,,False,11.0,True,,149.0,4.0,1.0,,,,,,,False,False,0,0.0,1,True,,,3.97,,,True,False
B2200169500000,GOLPE DE OURO,2022,2022,SP,COMUNICAÇÃO ELETRÔNICA DE MASSA POR ASSINATURA (TV PAGA),DOCUMENTÁRIO,(sem match chamada),,False,,1,1.096731,,,,,False,,False,,,,,,,,,,,False,False,0,0.0,0,False,,,3.962,,,True,False
B1700109600000,"GOSTOSAS, LINDAS E SEXIES",2017,2017,SP,SALAS DE EXIBIÇÃO,FICÇÃO,(sem match chamada),,False,,1,1.444401,4461033.0,,0.0,4461033.0,True,86657.0,True,19425.321444607114,1189017.34,5306.0,64.0,,,,,,,False,False,0,0.0,0,False,,,2.3,3.9,140.0,True,True
B2400262500000,GRANDE NEGÓCIO - CARNAVAL - SÉRIE,2024,2024,BA,RADIODIFUSÃO DE SONS E IMAGENS (TV ABERTA),DOCUMENTÁRIO,(sem match chamada),,False,,1,1.0,,,,,False,,False,,,,,,,,,,,False,False,0,0.0,0,False,,,,,,False,False
B2200287800000,GUARDIÃS DA FLORESTA - SEGUNDA TEMPORADA,2022,2022,BA,COMUNICAÇÃO ELETRÔNICA DE MASSA POR ASSINATURA (TV PAGA),DOCUMENTÁRIO,(sem match chamada),,False,,1,1.096731,,,,,False,,False,,,,,,,,,,,False,False,0,0.0,0,False,,,3.2,,,True,False
B2300139100000,GUARDIÕES DO MAR,2023,2023,SP,COMUNICAÇÃO ELETRÔNICA DE MASSA POR ASSINATURA (TV PAGA),DOCUMENTÁRIO,(sem match chamada),,False,,1,1.0483,,,,,False,,False,,,,,,,,,,,False,False,0,0.0,0,False,,,4.2,,,True,False
B1700565000000,GUERRA DO ARAGUAIA,2017,2017,TO,COMUNICAÇÃO ELETRÔNICA DE MASSA POR ASSINATURA (TV PAGA),DOCUMENTÁRIO,(sem match chamada),,False,,1,1.444401,,,,,False,,False,,,,,,,,,,,False,False,0,0.0,0,False,,,4.1,,,True,False
B2200423300000,GUIGNARD - MUNDO SEM CHÃO,2022,2022,MG,COMUNICAÇÃO ELETRÔNICA DE MASSA POR ASSINATURA (TV PAGA),DOCUMENTÁRIO,(sem match chamada),,False,,1,1.096731,,,,,False,,False,,,,,,,,,,,False,False,0,0.0,0,False,,,,,,False,False
B1900206200000,HELEN,2019,2019,SP,SALAS DE EXIBIÇÃO,FICÇÃO,(sem match chamada),,False,,1,1.33467,,,,,False,171.0,True,,3824.96,93.0,5.0,,,,,,,False,False,0,0.0,0,False,,,,8.2,38.0,False,True
B2300212600000,HERANÇA,2023,2023,PE,SALAS DE EXIBIÇÃO,DOCUMENTÁRIO,(sem match chamada),,False,,1,1.0483,,,,,False,,False,,,,,,,,,,,False,False,0,0.0,0,False,,,3.152,,,True,False
B2500458300000,HERANÇA DE NARCISA,2025,2025,RJ,SALAS DE EXIBIÇÃO,FICÇÃO,(sem match chamada),,False,,1,1.0,307084.68,,0.0,307084.68,True,,False,0.0,,,,,,,,,,False,False,0,0.0,0,False,,,,,,False,False
B2400516300000,HIGHWAY - MANUAL PRÁTICO DE SOBREVIVÊNCIANA ESTRADA,2024,2024,MG,COMUNICAÇÃO ELETRÔNICA DE MASSA POR ASSINATURA (TV PAGA),DOCUMENTÁRIO,(sem match chamada),,False,,1,1.0,,,,,False,,False,,,,,,,,,,,False,False,0,0.0,0,False,,,,,,False,False
B1301740700000,HISTORIETAS ASSOMBRADAS (PARA CRIANÇAS MALCRIADAS),2013,2013,RJ,INDEFINIDO,ANIMAÇÃO,(sem match chamada),,False,,1,1.861311,709722.6828749999,,0.0,709722.6828749999,True,,False,0.0,,,,,,,,,,False,False,0,0.0,0,False,,,,,,False,False
B1500275500000,HISTORIETAS ASSOMBRADAS - 2ª TEMPORADA,2015,2015,RJ,RADIODIFUSÃO DE SONS E IMAGENS (TV ABERTA),ANIMAÇÃO,(sem match chamada),,False,,1,1.580544,,,,,False,,False,,,,,,,,,,,False,False,0,0.0,0,False,,,,,,False,False
B0901099200000,HISTÓRIAS DE AMOR DURAM APENAS 90 MINUTOS (SPLEEN),2009,2009,RJ,SALAS DE EXIBIÇÃO,FICÇÃO,(sem match chamada),,True,,1,2.353382,651100.0,,0.0,651100.0,True,,False,0.0,,,,,,,,,,False,False,0,0.0,1,True,,,4.3,6.4,670.0,True,True
B2500299500000,HISTÓRIAS DO BODYBOARD,2025,2025,RS,COMUNICAÇÃO ELETRÔNICA DE MASSA POR ASSINATURA (TV PAGA),DOCUMENTÁRIO,(sem match chamada),,False,,1,1.0,,,,,False,,False,,,,,,,,,,,False,False,0,0.0,0,False,,,,,,False,False
B2300346300000,HISTÓRIAS SUBMERSAS - NAUFRÁGIOS NO LITORAL BAIANO,2023,2023,BA,RADIODIFUSÃO DE SONS E IMAGENS (TV ABERTA),DOCUMENTÁRIO,(sem match chamada),,False,,1,1.0483,,,,,False,,False,,,,,,,,,,,False,False,0,0.0,0,False,,,4.3,,,True,False
B2500076100000,HOMEM DE TEATRO - UMA VISÃO SOBRE JOÃO AUGUSTO,2025,2025,BA,RADIODIFUSÃO DE SONS E IMAGENS (TV ABERTA),DOCUMENTÁRIO,(sem match chamada),,False,,1,1.0,,,,,False,,False,,,,,,,,,,,False,False,0,0.0,0,False,,,,,,False,False
B2000173600000,HOMEM ONÇA,2020,2020,RJ,SALAS DE EXIBIÇÃO,FICÇÃO,(sem match chamada),,False,,1,1.276952,632217.6,,0.0,632217.6,True,744.0,True,1176.8100097181732,10393.68,243.0,12.0,,,,,,,False,False,0,0.0,0,False,,,3.6,6.9,65.0,True,True
B2300209300000,HOMENS DE BARRO,2023,2023,RJ,SALAS DE EXIBIÇÃO,FICÇÃO,(sem match chamada),,True,,1,1.0483,,,,,False,730.0,True,,10694.33,140.0,10.0,,,,,,,False,False,0,0.0,1,True,,,4.138,6.2,55.0,True,True
B2500469500000,HORA DO RECREIO,2025,2025,RJ,SALAS DE EXIBIÇÃO,DOCUMENTÁRIO,(sem match chamada),,False,,1,1.0,132081.03023499998,,0.0,132081.03023499998,True,,False,0.0,,,,,,,,,,False,False,0,0.0,0,False,,,,,,False,False
B1700565800000,ICAMIABAS NA CIDADE AMAZÔNIA,2017,2017,PA,RADIODIFUSÃO DE SONS E IMAGENS (TV ABERTA),ANIMAÇÃO,(sem match chamada),,False,,1,1.444401,,,,,False,,False,,,,,,,,,,,False,False,0,0.0,0,False,,,,,,False,False
B1800556700000,IDADE DA ÁGUA,2018,2018,TO,COMUNICAÇÃO ELETRÔNICA DE MASSA POR ASSINATURA (TV PAGA),DOCUMENTÁRIO,(sem match chamada),,False,,1,1.392194,,,,,False,,False,,,,,,,,,,,False,False,0,0.0,0,False,,,4.4,,,True,False
B1500572300000,IMAGENS DO ESTADO NOVO 1937-45,2015,2015,SP,RADIODIFUSÃO DE SONS E IMAGENS (TV ABERTA),DOCUMENTÁRIO,(sem match chamada),,False,,1,1.580544,233110.0,,0.0,233110.0,True,,False,0.0,,,,,,,,,,False,False,0,0.0,0,False,,,4.095,8.2,46.0,True,True
B1600193300000,IMAGENS DO ESTADO NOVO 1937-45,2015,2015,SP,SALAS DE EXIBIÇÃO,DOCUMENTÁRIO,(sem match chamada),,False,,1,1.580544,,,,,False,2701.0,True,,39624.62,144.0,5.0,,,,,,,False,False,0,0.0,0,False,,,4.095,8.2,46.0,True,True
B2600018100000,IMPRESSÕES DO BRASIL: ESCRITORES LIVROS E IDEIAS - 2ª TEMPORADA,2026,2026,DF,COMUNICAÇÃO ELETRÔNICA DE MASSA POR ASSINATURA (TV PAGA),DOCUMENTÁRIO,(sem match chamada),,False,,1,1.0,,,,,False,,False,,,,,,,,,,,False,False,0,0.0,0,False,,,,,,False,False
B1700149000000,INCERTEZAS CRÍTICAS - 2ª TEMPORADA,2015,2015,SP,COMUNICAÇÃO ELETRÔNICA DE MASSA POR ASSINATURA (TV PAGA),DOCUMENTÁRIO,(sem match chamada),,False,,1,1.580544,,,,,False,,False,,,,,,,,,,,False,False,0,0.0,0,False,,,,,,False,False
B2300062000000,INCOMPATÍVEL COM A VIDA,2023,2023,RJ,COMUNICAÇÃO ELETRÔNICA DE MASSA POR ASSINATURA (TV PAGA),DOCUMENTÁRIO,(sem match chamada),,False,,1,1.0483,,,,,False,750.0,True,,10399.03,79.0,7.0,,,,,,,False,False,0,0.0,0,False,,,3.2,7.6,154.0,True,True
B2200041000000,INCONVENIÊNCIAS HISTÓRICAS,2022,2022,RJ,COMUNICAÇÃO ELETRÔNICA DE MASSA POR ASSINATURA (TV PAGA),DOCUMENTÁRIO,(sem match chamada),,False,,1,1.096731,,,,,False,,False,,,,,,,,,,,False,False,0,0.0,0,False,,,,,,False,False
B1800167500000,INFERNINHO - EPISÓDIO PILOTO,2018,2018,CE,COMUNICAÇÃO ELETRÔNICA DE MASSA POR ASSINATURA (TV PAGA),FICÇÃO,(sem match chamada),,False,,1,1.392194,,,,,False,,False,,,,,,,,,,,False,False,0,0.0,0,False,,,,,,False,False
B2100269200000,INFINITAS TERRAS (OU RELATOS DO MEU TEMPO EM CRISE),2021,2021,DF,SALAS DE EXIBIÇÃO,FICÇÃO,(sem match chamada),,False,,1,1.160232,,,,,False,261.0,True,,1140.0,9.0,1.0,,,,,,,False,False,0,0.0,0,False,,,3.648,8.1,21.0,True,True
B1800410500000,INHOTIM,2018,2018,RJ,COMUNICAÇÃO ELETRÔNICA DE MASSA POR ASSINATURA (TV PAGA),DOCUMENTÁRIO,(sem match chamada),,False,,1,1.392194,,,,,False,,False,,,,,,,,,,,False,False,0,0.0,0,False,,,,,,False,False
B2400253100000,INSTANTES CRUZADOS - 2ª TEMPORADA,2024,2024,SC,COMUNICAÇÃO ELETRÔNICA DE MASSA POR ASSINATURA (TV PAGA),DOCUMENTÁRIO,(sem match chamada),,False,,1,1.0,,,,,False,,False,,,,,,,,,,,False,False,0,0.0,0,False,,,,,,False,False
B2500135500000,INVENÇÕES DA ALMA - ARTE POPULAR BRASILEIRA - 3ª TEMPORADA,2025,2025,SC,COMUNICAÇÃO ELETRÔNICA DE MASSA POR ASSINATURA (TV PAGA),DOCUMENTÁRIO,(sem match chamada),,False,,1,1.0,,,,,False,,False,,,,,,,,,,,False,False,0,0.0,0,False,,,,,,False,False
B1700381100000,INVISÍVEL,2017,2017,SP,SALAS DE EXIBIÇÃO,FICÇÃO,(sem match chamada),,True,,1,1.444401,,,,,False,9675.0,True,,80562.4,890.0,27.0,,,35.5,11.0,,,False,False,0,7.1,2,True,,,3.673,,,True,False
B2300148100000,IRACEMAS,2023,2023,RJ,SALAS DE EXIBIÇÃO,DOCUMENTÁRIO,(sem match chamada),,False,,1,1.0483,471950.4384,,0.0,471950.4384,True,128.0,True,271.21491916385094,1381.13,7.0,1.0,,,,,,,False,False,0,0.0,0,False,,,,,,False,False
B2400056200000,ISLÂNDIA: ONDAS DO NORTE,2024,2024,RJ,COMUNICAÇÃO ELETRÔNICA DE MASSA POR ASSINATURA (TV PAGA),DOCUMENTÁRIO,(sem match chamada),,False,,1,1.0,,,,,False,,False,,,,,,,,,,,False,False,0,0.0,0,False,,,,,,False,False
B2300108000000,IYAS IDANAS - MULHERES DA COZINHA,2023,2023,BA,COMUNICAÇÃO ELETRÔNICA DE MASSA POR ASSINATURA (TV PAGA),DOCUMENTÁRIO,(sem match chamada),,False,,1,1.0483,,,,,False,,False,,,,,,,,,,,False,False,0,0.0,0,False,,,,,,False,False
B2400276900000,"JANIS - AMORES DE CARNAVAL, MEMÓRIAS DE RICKY FERREIRA E CONVIDADOS",2024,2024,SP,COMUNICAÇÃO ELETRÔNICA DE MASSA POR ASSINATURA (TV PAGA),DOCUMENTÁRIO,(sem match chamada),,False,,1,1.0,,,,,False,,False,,,,,,,,,,,False,False,0,0.0,0,False,,,,,,False,False
B2400312800000,JARDIM DOS GIRASSOIS,2024,2024,RJ,SALAS DE EXIBIÇÃO,FICÇÃO,(sem match chamada),,False,,1,1.0,,,,,False,800.0,True,,13438.44,212.0,17.0,,,,,,,False,False,0,0.0,0,False,,,,,,False,False
B2500268300000,JARDIM DOS SILÊNCIOS,2025,2025,BA,SALAS DE EXIBIÇÃO,FICÇÃO,(sem match chamada),,True,,1,1.0,,,,,False,,False,,,,,,,,,,,False,False,0,0.0,1,True,,,,,,False,False
B2500334800000,JENNY LUSBY E A CORRIDA INTERGALÁTICA,2025,2025,BA,OUTROS MERCADOS,ANIMAÇÃO,(sem match chamada),,False,,1,1.0,,,,,False,,False,,,,,,,,,,,False,False,0,0.0,0,False,,,,,,False,False
B1700092500000,JOAQUIM,2017,2017,PE,SALAS DE EXIBIÇÃO,FICÇÃO,(sem match chamada),,True,,1,1.444401,448509.30000000005,,0.0,186131.1,True,19723.0,True,43974.56195445668,276847.19,1395.0,27.0,,,20.0,3.0,809.0,1.0,False,False,1,12.67,4,True,3.0,1.0,,6.5,612.0,False,True
B2000037100000,JOE & JOY (EX VIDAS FOFINHAS) - PILOTO,2020,2020,PR,COMUNICAÇÃO ELETRÔNICA DE MASSA POR ASSINATURA (TV PAGA),ANIMAÇÃO,(sem match chamada),,False,,1,1.276952,,,,,False,,False,,,,,,,,,,,False,False,0,0.0,0,False,,,,,,False,False
B2500371300000,JOGO EM CENA,2025,2025,SP,RADIODIFUSÃO DE SONS E IMAGENS (TV ABERTA),DOCUMENTÁRIO,(sem match chamada),,False,,1,1.0,,,,,False,,False,,,,,,,,,,,False,False,0,0.0,0,False,,,,,,False,False
B2400042100000,JOSÉ,2024,2024,MA,SALAS DE EXIBIÇÃO,DOCUMENTÁRIO,(sem match chamada),,False,,1,1.0,,,,,False,,False,,,,,,,,,,,False,False,0,0.0,0,False,,,,,,False,False
B1800190900000,JOVENS DE CORAÇÃO - EPISÓDIO PILOTO,2018,2018,PR,COMUNICAÇÃO ELETRÔNICA DE MASSA POR ASSINATURA (TV PAGA),FICÇÃO,(sem match chamada),,False,,1,1.392194,,,,,False,,False,,,,,,,,,,,False,False,0,0.0,0,False,,,4.203,,,True,False
B1402854800000,JOÃO DONATO - A SÉRIE,2014,2014,RJ,COMUNICAÇÃO ELETRÔNICA DE MASSA POR ASSINATURA (TV PAGA),DOCUMENTÁRIO,(sem match chamada),,False,,1,1.749188,,,,,False,,False,,,,,,,,,,,False,False,0,0.0,0,False,,,,,,False,False
B1900203700000,JOÃO E MARIA - UMA AVENTURA NO CERRADO (O FILME),2017,2017,TO,RADIODIFUSÃO DE SONS E IMAGENS (TV ABERTA),FICÇÃO,(sem match chamada),,False,,1,1.444401,,,,,False,,False,,,,,,,,,,,False,False,0,0.0,0,False,,,4.3,,,True,False
B2300431700000,JOÃO SEM DEUS - A QUEDA DE ABADIÂNIA,2023,2023,SP,COMUNICAÇÃO ELETRÔNICA DE MASSA POR ASSINATURA (TV PAGA),FICÇÃO,(sem match chamada),,True,,1,1.0483,,,,,False,,False,,,,,,,,,,,False,False,0,0.0,1,True,,,3.895,,,True,False
B2100532300000,JUNTOS E ENROLADOS,2021,2021,RJ,SALAS DE EXIBIÇÃO,FICÇÃO,(sem match chamada),,False,,1,1.160232,4004010.0,,0.0,4004010.0,True,252158.0,True,62976.366192891626,4308595.98,17683.0,210.0,,,,,,,False,False,0,0.0,0,False,,,3.612,5.3,155.0,True,True
B1700089300000,JÚLIO E VERNE OS IRMÃOS GEMIAIS,2016,2016,GO,RADIODIFUSÃO DE SONS E IMAGENS (TV ABERTA),ANIMAÇÃO,(sem match chamada),,False,,1,1.487011,,,,,False,,False,,,,,,,,,,,False,False,0,0.0,0,False,,,3.013,,,True,False
B1900593200000,KING KONG EM ASUNCIÓN,2019,2019,PE,SALAS DE EXIBIÇÃO,FICÇÃO,(sem match chamada),,False,,1,1.33467,,,,,False,1012.0,True,,10409.5,201.0,12.0,,,,,,,False,False,0,0.0,0,False,,,4.208,,,True,False
B2200146200000,KOBRA - AUTO-RETRATO,2022,2022,SP,SALAS DE EXIBIÇÃO,DOCUMENTÁRIO,(sem match chamada),,False,,1,1.096731,,,,,False,4262.0,True,,63021.94,469.0,14.0,,,19.5,5.0,,,False,False,0,3.9,1,True,,,,6.7,29.0,False,True
B2300366600000,KUNHÃ KARAI E AS NARRATIVAS DA TERRA,2023,2023,RS,SALAS DE EXIBIÇÃO,DOCUMENTÁRIO,(sem match chamada),,False,,1,1.0483,,,,,False,,False,,,,,,,,,,,False,False,0,0.0,0,False,,,3.0,,,True,False
B1800374500000,LA CAMA,2018,2018,RJ,SALAS DE EXIBIÇÃO,FICÇÃO,(sem match chamada),,True,,1,1.392194,,,,,False,2068.0,True,,26954.12,148.0,10.0,,,,,,,False,False,0,0.0,1,True,,,,5.3,159.0,False,True
B2400100400000,LA ERECCIÓN DE TORIBIO BARDELLI,2024,2024,RJ,SALAS DE EXIBIÇÃO,FICÇÃO,(sem match chamada),,True,,1,1.0,0.0,,0.0,0.0,False,14.0,True,,208.0,7.0,1.0,,,,,,,False,False,0,0.0,1,True,1.0,0.0,,,,False,False
B2300037500000,LA SITUACIÓN,2023,2023,RJ,SALAS DE EXIBIÇÃO,FICÇÃO,(sem match chamada),,False,,1,1.0483,5531904.0,,0.0,5531904.0,True,9849.0,True,1780.3996598639455,176711.61,3489.0,122.0,,,,,,,False,False,0,0.0,0,False,,,,5.4,174.0,False,True
B2300180200000,"LAMPIÃO, GOVERNADOR DO SERTÃO",2023,2023,CE,SALAS DE EXIBIÇÃO,DOCUMENTÁRIO,(sem match chamada),,False,,1,1.0483,,,,,False,521.0,True,,5272.21,57.0,6.0,,,,,,,False,False,0,0.0,0,False,,,,,,False,False
B1800525900000,LAVÍNIA - EPISÓDIO PILOTO,2018,2018,PR,COMUNICAÇÃO ELETRÔNICA DE MASSA POR ASSINATURA (TV PAGA),FICÇÃO,(sem match chamada),,False,,1,1.392194,,,,,False,,False,,,,,,,,,,,False,False,0,0.0,0,False,,,,,,False,False
B1800046600000,LEGALIZE JÁ - AMIZADE NUNCA MORRE,2017,2017,SP,SALAS DE EXIBIÇÃO,FICÇÃO,(sem match chamada),,False,,1,1.444401,7069195.8128119,,0.0,7069195.8128119,True,36640.0,True,5183.050656709109,533298.92,7200.0,59.0,,,10.0,3.0,,,False,False,0,2.0,1,True,,,,6.9,475.0,False,True
B2400215000000,LENDA VIVA - OS BOTOS DE MOCAJUBA,2024,2024,RJ,COMUNICAÇÃO ELETRÔNICA DE MASSA POR ASSINATURA (TV PAGA),DOCUMENTÁRIO,(sem match chamada),,False,,1,1.0,,,,,False,,False,,,,,,,,,,,False,False,0,0.0,0,False,,,,,,False,False
B2300270600000,"LEOPOLDINA, A IMPERATRIZ DO BRASIL",2023,2023,RJ,SALAS DE EXIBIÇÃO,DOCUMENTÁRIO,(sem match chamada),,False,,1,1.0483,,,,,False,,False,,,,,,,,,,,False,False,0,0.0,0,False,,,4.343,7.7,7.0,True,True
B2400340200000,LET REFLETE,2024,2024,CE,RADIODIFUSÃO DE SONS E IMAGENS (TV ABERTA),DOCUMENTÁRIO,(sem match chamada),,False,,1,1.0,,,,,False,,False,,,,,,,,,,,False,False,0,0.0,0,False,,,,,,False,False
B2500175700000,LET US BE,2025,2025,RJ,SALAS DE EXIBIÇÃO,DOCUMENTÁRIO,(sem match chamada),,True,,1,1.0,,,,,False,,False,,,,,,,,,,,False,False,0,0.0,1,True,,,,,,False,False
B2300535000000,LEVANTE,2023,2023,RJ,SALAS DE EXIBIÇÃO,FICÇÃO,(sem match chamada),,True,,1,1.0483,266934.0,,0.0,266934.0,True,3027.0,True,11339.881768527051,35035.73,306.0,17.0,,,,,13883.0,27.0,False,False,1,16.67,3,True,2.0,9.0,4.261,6.7,363.0,True,True
B2100072000000,LIBELU - ABAIXO A DITADURA,2021,2021,SP,SALAS DE EXIBIÇÃO,DOCUMENTÁRIO,(sem match chamada),,False,,1,1.160232,223051.65000000002,,0.0,223051.65000000002,True,209.0,True,937.0027076688291,4207.3,120.0,4.0,,,4.0,1.0,,,False,False,0,0.8,1,True,,,,8.0,34.0,False,True
B1700382400000,LINO - UMA AVENTURA DE SETE VIDAS,2017,2017,SP,SALAS DE EXIBIÇÃO,ANIMAÇÃO,(sem match chamada),,False,,1,1.444401,10111754.5749993,,0.0,10111754.5749993,True,327233.0,True,32361.643824807983,4344171.0,21837.0,234.0,,,,,73215.0,,False,True,2,13.33,1,True,1.0,0.0,4.343,5.6,521.0,True,True
B2500110700000,LISPECTORANTE,2025,2025,PE,SALAS DE EXIBIÇÃO,FICÇÃO,(sem match chamada),,False,,1,1.0,,,,,False,2926.0,True,,30211.1,209.0,17.0,,,,,,,False,False,0,0.0,0,False,,,,,,False,False
B2500330100000,LIVROS RESTANTES,2025,2025,SC,SALAS DE EXIBIÇÃO,FICÇÃO,(sem match chamada),,True,,1,1.0,,,,,False,9457.0,True,,199772.7,725.0,28.0,,,,,,,False,False,0,0.0,1,True,,,,,,False,False
B2300373000000,LOS DELINCUENTES,2023,2023,SP,SALAS DE EXIBIÇÃO,FICÇÃO,(sem match chamada),,True,,1,1.0483,,,,,False,3061.0,True,,48605.74,295.0,12.0,21.0,76.0,76.0,29.0,,40.0,True,False,1,31.87,4,True,2.0,12.0,,6.7,4822.0,False,True
B2500148400000,LUIZ GONZAGA - LEGUA TIRANA,2025,2025,PE,SALAS DE EXIBIÇÃO,FICÇÃO,(sem match chamada),,False,,1,1.0,,,,,False,23235.0,True,,357344.51,6163.0,144.0,,,,,,,False,False,0,0.0,0,False,,,,,,False,False
B2300401000000,LUPICÍNIO RODRIGUES - CONFISSÕES DE UM SOFREDOR,2023,2023,SC,COMUNICAÇÃO ELETRÔNICA DE MASSA POR ASSINATURA (TV PAGA),DOCUMENTÁRIO,(sem match chamada),,False,,1,1.0483,,,,,False,3043.0,True,,41391.39,307.0,22.0,,,,,,,False,False,0,0.0,0,False,,,3.05,7.4,16.0,True,True
B2300252300000,LUTA DA ERVA,2023,2023,SC,COMUNICAÇÃO ELETRÔNICA DE MASSA POR ASSINATURA (TV PAGA),DOCUMENTÁRIO,(sem match chamada),,False,,1,1.0483,,,,,False,,False,,,,,,,,,,,False,False,0,0.0,0,False,,,4.45,,,True,False
B1600474200000,LUZ & SOMBRA - FOTÓGRAFOS DO CINEMA BRASILEIRO,2016,2016,BA,COMUNICAÇÃO ELETRÔNICA DE MASSA POR ASSINATURA (TV PAGA),DOCUMENTÁRIO,(sem match chamada),,False,,1,1.487011,,,,,False,,False,,,,,,,,,,,False,False,0,0.0,0,False,,,,,,False,False
B2400098900000,"LUÍZA, BENJOCA, SANSA E LUPE - O FILME DA NOSSA VIDA",2024,2024,DF,SALAS DE EXIBIÇÃO,DOCUMENTÁRIO,(sem match chamada),,False,,1,1.0,,,,,False,,False,,,,,,,,,,,False,False,0,0.0,0,False,,,,,,False,False
B2100464300000,LÔ BORGES – TODA ESSA ÁGUA,2021,2021,RJ,SALAS DE EXIBIÇÃO,DOCUMENTÁRIO,(sem match chamada),,False,,1,1.160232,,,,,False,49.0,True,,502.5,4.0,1.0,,,,,,,False,False,0,0.0,0,False,,,,8.1,17.0,False,True
B2400044400000,M DE MÃES,2024,2024,SP,SALAS DE EXIBIÇÃO,DOCUMENTÁRIO,(sem match chamada),,False,,1,1.0,,,,,False,,False,,,,,,,,,,,False,False,0,0.0,0,False,,,,,,False,False
B2400220300000,MAIS FORTES,2024,2024,BA,COMUNICAÇÃO ELETRÔNICA DE MASSA POR ASSINATURA (TV PAGA),DOCUMENTÁRIO,(sem match chamada),,False,,1,1.0,,,,,False,,False,,,,,,,,,,,False,False,0,0.0,0,False,,,,,,False,False
B2300060700000,MAIS PESADO É O CÉU,2023,2023,CE,SALAS DE EXIBIÇÃO,FICÇÃO,(sem match chamada),,False,,1,1.0483,,,,,False,364.0,True,,3493.0,363.0,16.0,,,,,,,False,False,0,0.0,0,False,,,3.4,7.2,90.0,True,True
B2400113000000,"MAIS UM DIA, ZONA NORTE",2024,2024,RJ,COMUNICAÇÃO ELETRÔNICA DE MASSA POR ASSINATURA (TV PAGA),DOCUMENTÁRIO,(sem match chamada),,False,,1,1.0,,,,,False,,False,,,,,,,,,,,False,False,0,0.0,0,False,,,,,,False,False
B1700347600000,MALASARTES E O DUELO COM A MORTE,2017,2017,SP,SALAS DE EXIBIÇÃO,FICÇÃO,(sem match chamada),,False,,1,1.444401,13098476.3955,,0.0,13098476.3955,True,116639.0,True,8904.776134121332,1540238.22,11046.0,135.0,,,6.0,2.0,,,False,False,0,1.2,1,True,,,3.57,6.1,384.0,True,True
B2400012200000,"MALLANDRO, O ERRADO QUE DEU CERTO",2024,2024,RJ,SALAS DE EXIBIÇÃO,FICÇÃO,(sem match chamada),,False,,1,1.0,4176582.0,,0.0,4176582.0,True,16057.0,True,3844.531245884793,275892.0,7708.0,206.0,,,,,,,False,False,0,0.0,0,False,,,,,,False,False
B2500424000000,"MALU - PEQUENA, COMUM E EXTRAORDINÁRIA - EPISÓDIO PILOTO",2025,2025,PR,NENHUMA DAS OPÇÕES,ANIMAÇÃO,(sem match chamada),,False,,1,1.0,,,,,False,,False,,,,,,,,,,,False,False,0,0.0,0,False,,,,,,False,False
B2500416100000,MAMBEMBE,2025,2025,GO,SALAS DE EXIBIÇÃO,DOCUMENTÁRIO,(sem match chamada),,False,,1,1.0,,,,,False,,False,,,,,,,,,,,False,False,0,0.0,0,False,,,,,,False,False
B2500268400000,MANDINGA DE GORILA,2025,2025,RJ,COMUNICAÇÃO ELETRÔNICA DE MASSA POR ASSINATURA (TV PAGA),DOCUMENTÁRIO,(sem match chamada),,False,,1,1.0,,,,,False,,False,,,,,,,,,,,False,False,0,0.0,0,False,,,,,,False,False
B1800072600000,MANOEL BERNARDINO: O LENIN DA MATTA,2017,2017,MA,RADIODIFUSÃO DE SONS E IMAGENS (TV ABERTA),DOCUMENTÁRIO,(sem match chamada),,False,,1,1.444401,,,,,False,,False,,,,,,,,,,,False,False,0,0.0,0,False,,,,,,False,False
B2600061800000,MANUAL PARA MUDAR O PAÍS,2026,2026,DF,SALAS DE EXIBIÇÃO,FICÇÃO,(sem match chamada),,False,,1,1.0,,,,,False,,False,,,,,,,,,,,False,False,0,0.0,0,False,,,,,,False,False
B2100445800000,MAR DE DENTRO,2021,2021,SP,SALAS DE EXIBIÇÃO,FICÇÃO,(sem match chamada),,False,,1,1.160232,1817240.27412525,,0.0,1817240.27412525,True,768.0,True,422.618852848001,9179.8,118.0,5.0,,,5.5,2.0,,,False,False,0,1.1,1,True,,,4.5,7.2,60.0,True,True
B2400366400000,MARANHÃO 149,2024,2024,MA,COMUNICAÇÃO ELETRÔNICA DE MASSA POR ASSINATURA (TV PAGA),DOCUMENTÁRIO,(sem match chamada),,False,,1,1.0,,,,,False,,False,,,,,,,,,,,False,False,0,0.0,0,False,,,,,,False,False
B2400172700000,MARIA BONITA,2024,2024,SP,COMUNICAÇÃO ELETRÔNICA DE MASSA POR ASSINATURA (TV PAGA),FICÇÃO,(sem match chamada),,False,,1,1.0,,,,,False,,False,,,,,,,,,,,False,False,0,0.0,0,False,,,,,,False,False
B2100266400000,MATAR A LA BESTIA,2021,2021,RJ,SALAS DE EXIBIÇÃO,FICÇÃO,(sem match chamada),,True,,1,1.160232,,,,,False,747.0,True,,5822.95,106.0,8.0,,,19.0,6.0,,,False,False,0,3.8,2,True,,,,5.0,347.0,False,True
B1700011400000,MAZAGÃO – PORTA DO MAR,2016,2016,RO,RADIODIFUSÃO DE SONS E IMAGENS (TV ABERTA),DOCUMENTÁRIO,(sem match chamada),,False,,1,1.487011,,,,,False,,False,,,,,,,,,,,False,False,0,0.0,0,False,,,3.938,,,True,False
B2500086700000,ME IKWY TEKJÊ RI,2025,2025,PA,RADIODIFUSÃO DE SONS E IMAGENS (TV ABERTA),FICÇÃO,(sem match chamada),,False,,1,1.0,,,,,False,,False,,,,,,,,,,,False,False,0,0.0,0,False,,,,,,False,False
B2600024200000,MEGAFAUNA - EM BUSCA DOS GIGANTES DAS AMÉRICAS,2026,2026,SP,RADIODIFUSÃO DE SONS E IMAGENS (TV ABERTA),DOCUMENTÁRIO,(sem match chamada),,False,,1,1.0,,,,,False,,False,,,,,,,,,,,False,False,0,0.0,0,False,,,,,,False,False
B1700361300000,MEMÓRIAS DO BRASIL,2016,2016,BA,COMUNICAÇÃO ELETRÔNICA DE MASSA POR ASSINATURA (TV PAGA),DOCUMENTÁRIO,(sem match chamada),,False,,1,1.487011,,,,,False,,False,,,,,,,,,,,False,False,0,0.0,0,False,,,4.343,,,True,False
B2400288500000,MEMÓRIAS DO BRASIL - 3ª TEMPORADA,2023,2023,BA,RADIODIFUSÃO DE SONS E IMAGENS (TV ABERTA),DOCUMENTÁRIO,(sem match chamada),,False,,1,1.0483,,,,,False,,False,,,,,,,,,,,False,False,0,0.0,0,False,,,4.343,,,True,False
B2400177700000,MENINA ESPOLETA E OS SUPER-HERÓIS SECRETOS,2024,2024,BA,OUTROS MERCADOS,FICÇÃO,(sem match chamada),,False,,1,1.0,,,,,False,,False,,,,,,,,,,,False,False,0,0.0,0,False,,,,,,False,False
B1600280000000,MENINO 23 - INFÂNCIAS PERDIDAS NO BRASIL,2016,2016,RJ,SALAS DE EXIBIÇÃO,DOCUMENTÁRIO,(sem match chamada),,False,,1,1.487011,2365578.0,,0.0,2365578.0,True,7199.0,True,3043.2308721166664,95123.58,64.0,9.0,,,,,,,False,False,0,0.0,0,False,,,4.3,7.9,277.0,True,True
B2300480000000,META-REALIDADE - AS POLÍTÍCAS DA IMAGEM CONTEMPORÂNEA,2023,2023,PE,COMUNICAÇÃO ELETRÔNICA DE MASSA POR ASSINATURA (TV PAGA),DOCUMENTÁRIO,(sem match chamada),,False,,1,1.0483,,,,,False,,False,,,,,,,,,,,False,False,0,0.0,0,False,,,3.695,,,True,False
B2400036400000,MEU AMIGO LORENZO,2024,2024,DF,SALAS DE EXIBIÇÃO,DOCUMENTÁRIO,(sem match chamada),,False,,1,1.0,120000.0,,0.0,120000.0,True,757.0,True,6308.333333333334,14241.84,133.0,9.0,,,,,,,False,False,0,0.0,0,False,,,,,,False,False
B2300514300000,MEU CASULO DE DRYWALL,2023,2023,SP,SALAS DE EXIBIÇÃO,FICÇÃO,(sem match chamada),,False,,1,1.0483,,,,,False,61.0,True,,714.31,103.0,7.0,,,,,,,False,False,0,0.0,0,False,,,,5.9,147.0,False,True
B1600738400000,MEU CORPO É POLÍTICO,2016,2016,SP,RADIODIFUSÃO DE SONS E IMAGENS (TV ABERTA),DOCUMENTÁRIO,(sem match chamada),,False,,1,1.487011,,,,,False,,False,,,,,,,,,,,False,False,0,0.0,0,False,,,3.7,6.2,109.0,True,True
B1900261100000,MEU PAI E EU,2019,2019,ES,SALAS DE EXIBIÇÃO,DOCUMENTÁRIO,(sem match chamada),,False,,1,1.33467,,,,,False,,False,,,,,,,,,,,False,False,0,0.0,0,False,,,4.257,,,True,False
B2400077000000,MEU SANGUE FERVE POR VOCÊ,2024,2024,RJ,SALAS DE EXIBIÇÃO,FICÇÃO,(sem match chamada),,False,,1,1.0,8467040.634000001,,0.0,8467040.634000001,True,22687.0,True,2679.448579577939,400616.6,4352.0,109.0,,,,,,,False,False,0,0.0,0,False,,,,,,False,False
B2400041900000,MIGUEL DAMUS,2024,2024,MA,SALAS DE EXIBIÇÃO,DOCUMENTÁRIO,(sem match chamada),,False,,1,1.0,,,,,False,,False,,,,,,,,,,,False,False,0,0.0,0,False,,,,,,False,False
B2400416700000,MIL LUAS,2024,2024,DF,SALAS DE EXIBIÇÃO,FICÇÃO,(sem match chamada),,False,,1,1.0,183316.656,,0.0,183316.656,True,,False,0.0,,,,,,,,,,False,False,0,0.0,0,False,,,,,,False,False
B1800192100000,MINHA FAMÍLIA É,2017,2017,MG,RADIODIFUSÃO DE SONS E IMAGENS (TV ABERTA),DOCUMENTÁRIO,(sem match chamada),,False,,1,1.444401,,,,,False,,False,,,,,,,,,,,False,False,0,0.0,0,False,,,3.656,,,True,False
B1301808100000,MINHA MÃE É UMA PEÇA,2013,2013,RJ,INDEFINIDO,FICÇÃO,(sem match chamada),,False,,1,1.861311,4736216.53,,0.0,4736216.53,True,5597.0,True,1181.7449570870865,49579418.68,1963.0,78.0,,,,,,,False,False,0,0.0,0,False,,,4.2,,,True,False
B1101490000000,MINUTO DO ESPORTE,2011,2011,SP,INDEFINIDO,FICÇÃO,(sem match chamada),,False,,1,2.086439,,,,,False,,False,,,,,,,,,,,False,False,0,0.0,0,False,,,,,,False,False
B2300038600000,MIRANDA,2023,2023,SP,SALAS DE EXIBIÇÃO,FICÇÃO,(sem match chamada),,False,,1,1.0483,985657.5,,0.0,985657.5,True,,False,0.0,,,,,,,,,,False,False,0,0.0,0,False,,,,,,False,False
B2400262800000,MISSÃO 347,2024,2024,GO,RADIODIFUSÃO DE SONS E IMAGENS (TV ABERTA),ANIMAÇÃO,(sem match chamada),,False,,1,1.0,,,,,False,,False,,,,,,,,,,,False,False,0,0.0,0,False,,,,,,False,False
B1600715300000,MISTÉRIOS DE ENTREVER,2016,2016,RS,RADIODIFUSÃO DE SONS E IMAGENS (TV ABERTA),DOCUMENTÁRIO,(sem match chamada),,False,,1,1.487011,,,,,False,,False,,,,,,,,,,,False,False,0,0.0,0,False,,,,,,False,False
B1700465300000,MOACIR,2016,2016,SP,SALAS DE EXIBIÇÃO,DOCUMENTÁRIO,(sem match chamada),,True,,1,1.487011,,,,,False,375.0,True,,4298.21,129.0,9.0,,,,,,,False,False,0,0.0,1,True,,,,,,False,False
B2400144500000,MORANDO COM O CRUSH,2024,2024,SP,SALAS DE EXIBIÇÃO,FICÇÃO,(sem match chamada),,False,,1,1.0,4176582.0,,0.0,4176582.0,True,19555.0,True,4682.0581997432355,366141.03,3138.0,106.0,,,,,,,False,False,0,0.0,0,False,,,,,,False,False
B2500487700000,MORRO GRANDE,2025,2025,RJ,COMUNICAÇÃO ELETRÔNICA DE MASSA POR ASSINATURA (TV PAGA),DOCUMENTÁRIO,(sem match chamada),,True,,1,1.0,,,,,False,,False,,,,,,,,,,,False,False,0,0.0,1,True,,,,,,False,False
B2400372900000,MORTE E VIDA MADALENA,2024,2024,CE,SALAS DE EXIBIÇÃO,FICÇÃO,(sem match chamada),,True,,1,1.0,,,,,False,374.0,True,,4973.27,1.0,1.0,,,,,,,False,False,0,0.0,1,True,,,,,,False,False
B1700375500000,MOSTRA A TUA CARA!,2016,2016,MG,RADIODIFUSÃO DE SONS E IMAGENS (TV ABERTA),FICÇÃO,(sem match chamada),,False,,1,1.487011,,,,,False,,False,,,,,,,,,,,False,False,0,0.0,0,False,,,,,,False,False
B2200319900000,MOTO CONTÍNUO,2022,2022,SP,COMUNICAÇÃO ELETRÔNICA DE MASSA POR ASSINATURA (TV PAGA),DOCUMENTÁRIO,(sem match chamada),,False,,1,1.096731,,,,,False,,False,,,,,,,,,,,False,False,0,0.0,0,False,,,,,,False,False
B2400040100000,MOVIMENTO PERPETUO,2023,2023,AL,COMUNICAÇÃO ELETRÔNICA DE MASSA POR ASSINATURA (TV PAGA),DOCUMENTÁRIO,(sem match chamada),,False,,1,1.0483,,,,,False,,False,,,,,,,,,,,False,False,0,0.0,0,False,,,,,,False,False
B1800458200000,MPB 73- O ANO DA REINVENÇÃO -      EX:1973,2017,2017,RJ,COMUNICAÇÃO ELETRÔNICA DE MASSA POR ASSINATURA (TV PAGA),DOCUMENTÁRIO,(sem match chamada),,False,,1,1.444401,,,,,False,,False,,,,,,,,,,,False,False,0,0.0,0,False,,,,,,False,False
B2600003100000,MULHERES ARTISTAS - SUBVERTENDO A SUBMISSÃO,2026,2026,SP,COMUNICAÇÃO ELETRÔNICA DE MASSA POR ASSINATURA (TV PAGA),DOCUMENTÁRIO,(sem match chamada),,False,,1,1.0,,,,,False,,False,,,,,,,,,,,False,False,0,0.0,0,False,,,,,,False,False
B2200216000000,MULHERES DE ENCANTARIA,2022,2022,PR,COMUNICAÇÃO ELETRÔNICA DE MASSA POR ASSINATURA (TV PAGA),FICÇÃO,(sem match chamada),,False,,1,1.096731,,,,,False,,False,,,,,,,,,,,False,False,0,0.0,0,False,,,3.578,,,True,False
B2300346900000,MULHERES PELA INDEPENDÊNCIA,2023,2023,SP,RADIODIFUSÃO DE SONS E IMAGENS (TV ABERTA),DOCUMENTÁRIO,(sem match chamada),,False,,1,1.0483,,,,,False,,False,,,,,,,,,,,False,False,0,0.0,0,False,,,,,,False,False
B1700260200000,MUNDO DA GENTE,2016,2016,MG,RADIODIFUSÃO DE SONS E IMAGENS (TV ABERTA),DOCUMENTÁRIO,(sem match chamada),,False,,1,1.487011,,,,,False,,False,,,,,,,,,,,False,False,0,0.0,0,False,,,3.2,,,True,False
B1800067900000,MUNDO DE WANDER - PILOTO,2016,2016,RS,COMUNICAÇÃO ELETRÔNICA DE MASSA POR ASSINATURA (TV PAGA),ANIMAÇÃO,(sem match chamada),,False,,1,1.487011,,,,,False,,False,,,,,,,,,,,False,False,0,0.0,0,False,,,,,,False,False
B2500024300000,MUNDO URBEX - EXPLORADORES URBANOS - 3ª TEMPORADA,2024,2024,SP,RADIODIFUSÃO DE SONS E IMAGENS (TV ABERTA),DOCUMENTÁRIO,(sem match chamada),,False,,1,1.0,,,,,False,,False,,,,,,,,,,,False,False,0,0.0,0,False,,,,,,False,False
B2500180700000,MÁSCARAS E CARETAS,2025,2025,SP,RADIODIFUSÃO DE SONS E IMAGENS (TV ABERTA),DOCUMENTÁRIO,(sem match chamada),,False,,1,1.0,,,,,False,,False,,,,,,,,,,,False,False,0,0.0,0,False,,,,,,False,False
B1600476300000,MÁXIMO & CONFÚCIO,2016,2016,SP,RADIODIFUSÃO DE SONS E IMAGENS (TV ABERTA),FICÇÃO,(sem match chamada),,False,,1,1.487011,,,,,False,,False,,,,,,,,,,,False,False,0,0.0,0,False,,,,,,False,False
B1800479500000,MÃE,2018,2018,DF,SALAS DE EXIBIÇÃO,FICÇÃO,(sem match chamada),,False,,1,1.392194,,,,,False,44.0,True,,514.8,13.0,2.0,,,,,,,False,False,0,0.0,0,False,,,4.115,,,True,False
B2200361800000,"MÔA, RAIZ AFRO MÃE",2022,2022,SP,SALAS DE EXIBIÇÃO,DOCUMENTÁRIO,(sem match chamada),,False,,1,1.096731,,,,,False,2020.0,True,,25751.47,185.0,8.0,,,,,,,False,False,0,0.0,0,False,,,3.5,,,True,False
B1900282500000,MÚSICA PARA VER,2019,2019,RJ,COMUNICAÇÃO ELETRÔNICA DE MASSA POR ASSINATURA (TV PAGA),DOCUMENTÁRIO,(sem match chamada),,False,,1,1.33467,,,,,False,,False,,,,,,,,,,,False,False,0,0.0,0,False,,,4.05,,,True,False
B1700373800000,MÚSICA PELOS POROS,2017,2017,SP,COMUNICAÇÃO ELETRÔNICA DE MASSA POR ASSINATURA (TV PAGA),DOCUMENTÁRIO,(sem match chamada),,False,,1,1.444401,,,,,False,,False,,,,,,,,,,,False,False,0,0.0,0,False,,,4.05,,,True,False
B2300166100000,NADA SERÁ COMO ANTES - A MÚSICA DO CLUBE DA ESQUINA,2023,2023,RJ,SALAS DE EXIBIÇÃO,DOCUMENTÁRIO,(sem match chamada),,False,,1,1.0483,,,,,False,18950.0,True,,210628.76,962.0,30.0,,,,,,,False,False,0,0.0,0,False,,,4.05,,,True,False
B2500151700000,NARCISO,2025,2025,SP,SALAS DE EXIBIÇÃO,FICÇÃO,(sem match chamada),,False,,1,1.0,,,,,False,,False,,,,,,,,,,,False,False,0,0.0,0,False,,,,,,False,False
B1900512200000,NAS ASAS DA PANAM,2019,2019,RJ,SALAS DE EXIBIÇÃO,DOCUMENTÁRIO,(sem match chamada),,False,,1,1.33467,,,,,False,,False,,,,,,,,,,,False,False,0,0.0,0,False,,,,,,False,False
B1700574400000,NAS NUVENS - 1A TEMPORADA,2017,2017,RJ,COMUNICAÇÃO ELETRÔNICA DE MASSA POR ASSINATURA (TV PAGA),DOCUMENTÁRIO,(sem match chamada),,False,,1,1.444401,,,,,False,,False,,,,,,,,,,,False,False,0,0.0,0,False,,,,,,False,False
B2500388500000,NATUREZA MORTA - SEGUNDA TEMPORADA,2025,2025,SP,COMUNICAÇÃO ELETRÔNICA DE MASSA POR ASSINATURA (TV PAGA),FICÇÃO,(sem match chamada),,False,,1,1.0,743349.53,,0.0,743349.53,True,,False,0.0,,,,,,,,,,False,False,0,0.0,0,False,,,,,,False,False
B2400289200000,NAÇÃO ZUMBI - NO MOVIMENTO DAS MARÉS,2024,2024,PE,COMUNICAÇÃO ELETRÔNICA DE MASSA POR ASSINATURA (TV PAGA),DOCUMENTÁRIO,(sem match chamada),,False,,1,1.0,,,,,False,,False,,,,,,,,,,,False,False,0,0.0,0,False,,,,,,False,False
B1900132900000,NECRÓPOLIS,2019,2019,RS,COMUNICAÇÃO ELETRÔNICA DE MASSA POR ASSINATURA (TV PAGA),FICÇÃO,(sem match chamada),,False,,1,1.33467,,,,,False,,False,,,,,,,,,,,False,False,0,0.0,0,False,,,,,,False,False
B2400018200000,NEI LOPES NO FUNDO DO RIO,2024,2024,BA,COMUNICAÇÃO ELETRÔNICA DE MASSA POR ASSINATURA (TV PAGA),DOCUMENTÁRIO,(sem match chamada),,False,,1,1.0,,,,,False,,False,,,,,,,,,,,False,False,0,0.0,0,False,,,,,,False,False
B2500502800000,NEM TUDO É PAZ E AMOR,2025,2025,SP,SALAS DE EXIBIÇÃO,DOCUMENTÁRIO,(sem match chamada),,False,,1,1.0,,,,,False,,False,,,,,,,,,,,False,False,0,0.0,0,False,,,,,,False,False
B2000536200000,NEOJIBA - MÚSICA QUE TRANSFORMA,2020,2020,BA,COMUNICAÇÃO ELETRÔNICA DE MASSA POR ASSINATURA (TV PAGA),DOCUMENTÁRIO,(sem match chamada),,False,,1,1.276952,,,,,False,,False,,,,,,,,,,,False,False,0,0.0,0,False,,,4.05,,,True,False
B2500280900000,NO CÉU DA PÁTRIA NESSE INSTANTE,2025,2025,SC,SALAS DE EXIBIÇÃO,DOCUMENTÁRIO,(sem match chamada),,False,,1,1.0,1740348.0,,0.0,1740348.0,True,,False,0.0,,,,,,,,,,False,False,0,0.0,0,False,,,,,,False,False
B2400487200000,NO RASTRO DO PÉ DE BODE,2024,2024,BA,COMUNICAÇÃO ELETRÔNICA DE MASSA POR ASSINATURA (TV PAGA),DOCUMENTÁRIO,(sem match chamada),,False,,1,1.0,,,,,False,,False,,,,,,,,,,,False,False,0,0.0,0,False,,,,,,False,False
B1900132600000,NO VAZIO DO AR,2019,2019,PA,SALAS DE EXIBIÇÃO,DOCUMENTÁRIO,(sem match chamada),,False,,1,1.33467,,,,,False,,False,,,,,,,,,,,False,False,0,0.0,0,False,,,4.3,,,True,False
B2400276000000,NOEL ROSA - UM ESPÍRITO CIRCULANTE,2024,2024,PR,SALAS DE EXIBIÇÃO,DOCUMENTÁRIO,(sem match chamada),,False,,1,1.0,,,,,False,1219.0,True,,18137.09,236.0,14.0,,,,,,,False,False,0,0.0,0,False,,,,,,False,False
B1900203600000,NONA - SI ME MOJAN YO LOS QUEMO,2018,2018,RJ,SALAS DE EXIBIÇÃO,FICÇÃO,(sem match chamada),,True,,1,1.392194,,,,,False,360.0,True,,7358.87,171.0,5.0,,,19.0,7.0,,28.0,False,False,0,13.8,3,True,1.0,26.0,,5.3,295.0,False,True
B1800403200000,NOSSO OFÍCIO - 1ª TEMPORADA,2018,2018,PE,RADIODIFUSÃO DE SONS E IMAGENS (TV ABERTA),DOCUMENTÁRIO,(sem match chamada),,False,,1,1.392194,,,,,False,,False,,,,,,,,,,,False,False,0,0.0,0,False,,,,,,False,False
B1900251300000,NOSSO OFÍCIO - 2ª TEMPORADA,2019,2019,PE,COMUNICAÇÃO ELETRÔNICA DE MASSA POR ASSINATURA (TV PAGA),DOCUMENTÁRIO,(sem match chamada),,False,,1,1.33467,,,,,False,,False,,,,,,,,,,,False,False,0,0.0,0,False,,,,,,False,False
B2300375000000,NOT DEAD,2023,2023,BA,COMUNICAÇÃO ELETRÔNICA DE MASSA POR ASSINATURA (TV PAGA),DOCUMENTÁRIO,(sem match chamada),,False,,1,1.0483,,,,,False,,False,,,,,,,,,,,False,False,0,0.0,0,False,,,,,,False,False
B1500838900000,NOTAS DE AMOR,2015,2015,RS,RADIODIFUSÃO DE SONS E IMAGENS (TV ABERTA),FICÇÃO,(sem match chamada),,False,,1,1.580544,292114.396,,0.0,292114.396,True,,False,0.0,,,,,,,,,,False,False,0,0.0,0,False,,,4.3,,,True,False
B2400063000000,NOVA CUBA - O NORDESTE BRASILEIRO EM DOIS TEMPOS,2024,2024,PE,COMUNICAÇÃO ELETRÔNICA DE MASSA POR ASSINATURA (TV PAGA),DOCUMENTÁRIO,(sem match chamada),,False,,1,1.0,,,,,False,,False,,,,,,,,,,,False,False,0,0.0,0,False,,,,,,False,False
B2500415900000,NOVIEMBRE,2025,2025,RS,SALAS DE EXIBIÇÃO,FICÇÃO,(sem match chamada),,True,,1,1.0,,,,,False,73.0,True,,861.0,10.0,3.0,,,,,,,False,False,0,0.0,1,True,,,,,,False,False
B1700386400000,NÃO DEVORE MEU CORAÇÃO,2017,2017,RJ,SALAS DE EXIBIÇÃO,FICÇÃO,(sem match chamada),,False,,1,1.444401,2475543.63,,0.0,2475543.63,True,6282.0,True,2537.624432820035,108221.24,2196.0,53.0,,,37.0,12.0,,,False,False,0,7.4,1,True,,,,5.7,231.0,False,True
B2300396400000,NÃO HAVERÁ MAIS HISTÓRIA SEM NÓS,2023,2023,PA,SALAS DE EXIBIÇÃO,DOCUMENTÁRIO,(sem match chamada),,False,,1,1.0483,,,,,False,,False,,,,,,,,,,,False,False,0,0.0,0,False,,,3.6,,,True,False
B2400454500000,NÓ,2024,2024,PR,SALAS DE EXIBIÇÃO,FICÇÃO,(sem match chamada),,False,,1,1.0,,,,,False,1186.0,True,,14309.58,180.0,14.0,,,,,,,False,False,0,0.0,0,False,,,,,,False,False
B1800513700000,"NÓS, OS DOCUMENTARISTAS",2018,2018,RJ,COMUNICAÇÃO ELETRÔNICA DE MASSA POR ASSINATURA (TV PAGA),DOCUMENTÁRIO,(sem match chamada),,False,,1,1.392194,,,,,False,,False,,,,,,,,,,,False,False,0,0.0,0,False,,,3.6,,,True,False
B2500325300000,O AGENTE SECRETO,2025,2025,PE,SALAS DE EXIBIÇÃO,FICÇÃO,(sem match chamada),,True,,1,1.0,,,,,False,1899696.0,True,,51623087.11,86347.0,471.0,,,,,,,False,False,0,0.0,1,True,,,,,,False,False
B2200421500000,O AMOR DÁ VOLTAS,2022,2022,RJ,SALAS DE EXIBIÇÃO,FICÇÃO,(sem match chamada),,False,,1,1.096731,5174184.777263341,,0.0,5174184.777263341,True,11924.0,True,2304.5176222536606,189973.7,1916.0,74.0,,,4.0,1.0,,,False,False,0,0.8,1,True,,,4.3,,,True,False
B1600690400000,O AMOR NO DIVÃ,2016,2016,SP,SALAS DE EXIBIÇÃO,FICÇÃO,(sem match chamada),,False,,1,1.487011,,,,,False,4775.0,True,,63300.48,713.0,21.0,,,,,,,False,False,0,0.0,0,False,,,4.3,5.6,341.0,True,True
B1900532900000,O BARATO IACANGA,2019,2019,SP,COMUNICAÇÃO ELETRÔNICA DE MASSA POR ASSINATURA (TV PAGA),DOCUMENTÁRIO,(sem match chamada),,False,,1,1.33467,,,,,False,,False,,,,,,,,,,,False,False,0,0.0,0,False,,,,,,False,False
B2400143900000,O BIXIGA É NOSSO!,2024,2024,SP,COMUNICAÇÃO ELETRÔNICA DE MASSA POR ASSINATURA (TV PAGA),DOCUMENTÁRIO,(sem match chamada),,False,,1,1.0,,,,,False,55.0,True,,1264.05,7.0,1.0,,,,,,,False,False,0,0.0,0,False,,,,,,False,False
B2500282600000,O BRASIL QUE NÃO HOUVE - AS AVENTURAS DO BARÃO DE ITARARÉ NO REINO DE GETÚLIO VARGAS,2025,2025,PE,COMUNICAÇÃO ELETRÔNICA DE MASSA POR ASSINATURA (TV PAGA),DOCUMENTÁRIO,(sem match chamada),,False,,1,1.0,,,,,False,,False,,,,,,,,,,,False,False,0,0.0,0,False,,,,,,False,False
B2200259600000,O COMEDY CLUBE,2022,2022,TO,SALAS DE EXIBIÇÃO,FICÇÃO,(sem match chamada),,False,,1,1.096731,,,,,False,,False,,,,,,,,,,,False,False,0,0.0,0,False,,,3.84,,,True,False
B2300199800000,O CONTATO,2023,2023,RJ,SALAS DE EXIBIÇÃO,DOCUMENTÁRIO,(sem match chamada),,False,,1,1.0483,2603149.7752079996,,0.0,2603149.7752079996,True,349.0,True,134.06835185736242,5645.79,139.0,9.0,,,,,,,False,False,0,0.0,0,False,,,,,,False,False
B1700052200000,O CRIME DA GÁVEA,2017,2017,RJ,SALAS DE EXIBIÇÃO,FICÇÃO,(sem match chamada),,False,,1,1.444401,98565.75,,0.0,98565.75,True,758.0,True,7690.298100506515,13605.85,27.0,3.0,,,,,,,False,False,0,0.0,0,False,,,,4.8,75.0,False,True
B2500027400000,O DELATOR,2025,2025,SP,SALAS DE EXIBIÇÃO,FICÇÃO,(sem match chamada),,False,,1,1.0,4461033.0,,0.0,4461033.0,True,,False,0.0,,,,,,,,,,False,False,0,0.0,0,False,,,,,,False,False
B1700566900000,O DIA EM QUE NOS TORNAMOS TERRORISTAS,2016,2016,MA,RADIODIFUSÃO DE SONS E IMAGENS (TV ABERTA),FICÇÃO,(sem match chamada),,False,,1,1.487011,,,,,False,,False,,,,,,,,,,,False,False,0,0.0,0,False,,,3.6,,,True,False
B1900243100000,O DIÁRIO DE ALICE - PILOTO,2018,2018,RJ,COMUNICAÇÃO ELETRÔNICA DE MASSA POR ASSINATURA (TV PAGA),ANIMAÇÃO,(sem match chamada),,False,,1,1.392194,,,,,False,,False,,,,,,,,,,,False,False,0,0.0,0,False,,,3.85,,,True,False
B2500268200000,O FAZ DE CONTA DO SÍTIO,2025,2025,CE,RADIODIFUSÃO DE SONS E IMAGENS (TV ABERTA),ANIMAÇÃO,(sem match chamada),,False,,1,1.0,,,,,False,,False,,,,,,,,,,,False,False,0,0.0,0,False,,,,,,False,False
B2500252500000,O GIGANTE DO DENTE DE OURO,2025,2025,PE,RADIODIFUSÃO DE SONS E IMAGENS (TV ABERTA),DOCUMENTÁRIO,(sem match chamada),,False,,1,1.0,,,,,False,,False,,,,,,,,,,,False,False,0,0.0,0,False,,,,,,False,False
B2600007800000,O GÊNIO DO CRIME,2026,2026,SP,SALAS DE EXIBIÇÃO,FICÇÃO,(sem match chamada),,False,,1,1.0,5241500.0,,0.0,5241500.0,True,,False,0.0,,,,,,,,,,False,False,0,0.0,0,False,,,,,,False,False
B2500277600000,O HOMEM DE OURO,2025,2025,SC,SALAS DE EXIBIÇÃO,FICÇÃO,(sem match chamada),,False,,1,1.0,4282591.680000001,,0.0,4282591.680000001,True,,False,0.0,,,,,,,,,,False,False,0,0.0,0,False,,,,,,False,False
B1800115600000,O HOMEM PERFEITO,2018,2018,SP,SALAS DE EXIBIÇÃO,FICÇÃO,(sem match chamada),,False,,1,1.392194,7569565.112413529,,0.0,7569565.112413529,True,11289.0,True,1491.3670511251528,178904.07,1695.0,8.0,,,,,,,False,False,0,0.0,0,False,,,3.707,6.1,227.0,True,True
B2100335300000,O HOTEL SILVESTRE DE ANAFLOR,2021,2021,RJ,COMUNICAÇÃO ELETRÔNICA DE MASSA POR ASSINATURA (TV PAGA),ANIMAÇÃO,(sem match chamada),,False,,1,1.160232,,,,,False,,False,,,,,,,,,,,False,False,0,0.0,0,False,,,,,,False,False
B1800603700000,O INCRÍVEL MUNDO DOS MALBETS,2017,2017,AL,COMUNICAÇÃO ELETRÔNICA DE MASSA POR ASSINATURA (TV PAGA),ANIMAÇÃO,(sem match chamada),,False,,1,1.444401,,,,,False,,False,,,,,,,,,,,False,False,0,0.0,0,False,,,4.09,,,True,False
B2100347700000,O JARDIM SECRETO DE MARIANA,2021,2021,RJ,SALAS DE EXIBIÇÃO,FICÇÃO,(sem match chamada),,False,,1,1.160232,2088291.0,,0.0,2088291.0,True,818.0,True,391.7078606381965,16310.47,382.0,17.0,,,,,,,False,False,0,0.0,0,False,,,4.273,6.7,28.0,True,True
B2500139200000,O JOGO DELAS,2025,2025,BA,COMUNICAÇÃO ELETRÔNICA DE MASSA POR ASSINATURA (TV PAGA),DOCUMENTÁRIO,(sem match chamada),,False,,1,1.0,,,,,False,,False,,,,,,,,,,,False,False,0,0.0,0,False,,,,,,False,False
B2300525000000,O LEVANTE,2023,2023,RS,COMUNICAÇÃO ELETRÔNICA DE MASSA POR ASSINATURA (TV PAGA),DOCUMENTÁRIO,(sem match chamada),,False,,1,1.0483,,,,,False,,False,,,,,,,,,,,False,False,0,0.0,0,False,,,4.261,,,True,False
B2300461500000,O MECENAS,2023,2023,DF,RADIODIFUSÃO DE SONS E IMAGENS (TV ABERTA),DOCUMENTÁRIO,(sem match chamada),,False,,1,1.0483,,,,,False,,False,,,,,,,,,,,False,False,0,0.0,0,False,,,,,,False,False
B2400225500000,O MENINO D'OLHO D'ÁGUA,2024,2024,RJ,COMUNICAÇÃO ELETRÔNICA DE MASSA POR ASSINATURA (TV PAGA),DOCUMENTÁRIO,(sem match chamada),,False,,1,1.0,,,,,False,,False,,,,,,,,,,,False,False,0,0.0,0,False,,,,,,False,False
B2500535100000,O MENSAGEIRO DAS ÁGUAS,2025,2025,SP,COMUNICAÇÃO ELETRÔNICA DE MASSA POR ASSINATURA (TV PAGA),DOCUMENTÁRIO,(sem match chamada),,False,,1,1.0,,,,,False,,False,,,,,,,,,,,False,False,0,0.0,0,False,,,,,,False,False
B1700347300000,O MISTÉRIO DE NHEMYRÕ,2016,2016,TO,RADIODIFUSÃO DE SONS E IMAGENS (TV ABERTA),DOCUMENTÁRIO,(sem match chamada),,False,,1,1.487011,,,,,False,,False,,,,,,,,,,,False,False,0,0.0,0,False,,,3.484,,,True,False
B1800159500000,O MORTO MUNDO DE GEORGE - EPISÓDIO PILOTO,2018,2018,PR,RADIODIFUSÃO DE SONS E IMAGENS (TV ABERTA),ANIMAÇÃO,(sem match chamada),,False,,1,1.392194,,,,,False,,False,,,,,,,,,,,False,False,0,0.0,0,False,,,3.767,,,True,False
B2400421400000,O NASCIMENTO DE H. TEIXEIRA,2024,2024,RJ,COMUNICAÇÃO ELETRÔNICA DE MASSA POR ASSINATURA (TV PAGA),DOCUMENTÁRIO,(sem match chamada),,False,,1,1.0,,,,,False,,False,,,,,,,,,,,False,False,0,0.0,0,False,,,,,,False,False
B2500474300000,O NATAL DOS SILVA,2025,2025,MG,COMUNICAÇÃO ELETRÔNICA DE MASSA POR ASSINATURA (TV PAGA),FICÇÃO,(sem match chamada),,False,,1,1.0,,,,,False,,False,,,,,,,,,,,False,False,0,0.0,0,False,,,,,,False,False
B2500248700000,O PAI E O PAJÉ,2025,2025,SP,SALAS DE EXIBIÇÃO,DOCUMENTÁRIO,(sem match chamada),,False,,1,1.0,,,,,False,,False,,,,,,,,,,,False,False,0,0.0,0,False,,,,,,False,False
B2000041300000,O PALESTRANTE,2020,2020,RJ,SALAS DE EXIBIÇÃO,FICÇÃO,(sem match chamada),,False,,1,1.276952,5799280.2968369005,,0.0,5799280.2968369005,True,127198.0,True,21933.4113009467,2412050.01,13817.0,215.0,,,,,,,False,False,0,0.0,0,False,,,,5.8,270.0,False,True
B2300372000000,O PASSARINHO MENINO,2023,2023,ES,SALAS DE EXIBIÇÃO,FICÇÃO,(sem match chamada),,False,,1,1.0483,,,,,False,,False,,,,,,,,,,,False,False,0,0.0,0,False,,,4.338,,,True,False
B2300453200000,O PÁSSARO SEM PLUMAS,2023,2023,ES,OUTROS MERCADOS,FICÇÃO,(sem match chamada),,False,,1,1.0483,,,,,False,,False,,,,,,,,,,,False,False,0,0.0,0,False,,,4.133,,,True,False
B2300512200000,O QUE PODE O CORPO,2023,2023,MG,COMUNICAÇÃO ELETRÔNICA DE MASSA POR ASSINATURA (TV PAGA),DOCUMENTÁRIO,(sem match chamada),,False,,1,1.0483,,,,,False,,False,,,,,,,,,,,False,False,0,0.0,0,False,,,3.543,,,True,False
B2000251400000,O RIO DO DESEJO,2020,2020,SP,SALAS DE EXIBIÇÃO,FICÇÃO,(sem match chamada),,False,,1,1.276952,2626681.27911,,0.0,2626681.27911,True,7777.0,True,2960.770330930704,113732.24,731.0,13.0,,,,,,,False,True,1,6.67,0,False,,,4.252,6.6,301.0,True,True
B2600022000000,O RISO E A FACA,2026,2026,RJ,SALAS DE EXIBIÇÃO,FICÇÃO,(sem match chamada),,True,,1,1.0,,,,,False,,False,,,,,,,,,,,False,False,0,0.0,1,True,,,,,,False,False
B1600408200000,O ROUBO DA TAÇA,2015,2015,SP,SALAS DE EXIBIÇÃO,FICÇÃO,(sem match chamada),,False,,1,1.580544,5110955.6058,,0.0,5110955.6058,True,31004.0,True,6066.184563375219,397360.64,5845.0,54.0,,,,,,,False,False,0,0.0,0,False,1.0,0.0,,6.6,663.0,False,True
B2500050300000,O SAMBA É MINHA ORAÇÃO - A BAHIA NEGRA NA OBRA DE ROQUE FERREIRA,2025,2025,BA,COMUNICAÇÃO ELETRÔNICA DE MASSA POR ASSINATURA (TV PAGA),DOCUMENTÁRIO,(sem match chamada),,False,,1,1.0,,,,,False,,False,,,,,,,,,,,False,False,0,0.0,0,False,,,,,,False,False
B2000397200000,O SAMBA É PRIMO DO JAZZ,2020,2020,RJ,SALAS DE EXIBIÇÃO,DOCUMENTÁRIO,(sem match chamada),,False,,1,1.276952,433320.30000000005,,0.0,433320.30000000005,True,162.0,True,373.857398326365,,14.0,2.0,,,,,,,True,False,1,6.67,0,False,,,4.2,7.4,19.0,True,True
B2400332900000,O SEGREDO DO BAIXO FALANTE,2024,2024,PE,RADIODIFUSÃO DE SONS E IMAGENS (TV ABERTA),DOCUMENTÁRIO,(sem match chamada),,False,,1,1.0,,,,,False,,False,,,,,,,,,,,False,False,0,0.0,0,False,,,,,,False,False
B2300527900000,O SOCORRO NÃO VIRÁ,2023,2023,DF,SALAS DE EXIBIÇÃO,FICÇÃO,(sem match chamada),,False,,1,1.0483,,,,,False,11.0,True,,128.81,5.0,1.0,,,,,,,False,False,0,0.0,0,False,,,3.765,,,True,False
B2400325400000,O SOM DELAS,2024,2024,RJ,COMUNICAÇÃO ELETRÔNICA DE MASSA POR ASSINATURA (TV PAGA),DOCUMENTÁRIO,(sem match chamada),,False,,1,1.0,,,,,False,,False,,,,,,,,,,,False,False,0,0.0,0,False,,,,,,False,False
B2400334100000,O SONHO DE CLARICE,2024,2024,DF,SALAS DE EXIBIÇÃO,ANIMAÇÃO,(sem match chamada),,False,,1,1.0,,,,,False,70.0,True,,620.0,6.0,1.0,,,,,,,False,False,0,0.0,0,False,,,,,,False,False
B2500428500000,O SÍTIO,2025,2025,MG,SALAS DE EXIBIÇÃO,FICÇÃO,(sem match chamada),,True,,1,1.0,,,,,False,171.0,True,,3073.56,38.0,5.0,,,,,,,False,False,0,0.0,1,True,,,,,,False,False
B0700727000000,O TABLADO E MARIA CLARA MACHADO,2007,2007,RJ,INDEFINIDO,DOCUMENTÁRIO,(sem match chamada),,False,,1,2.454812,,,,,False,,False,,,,,,,,,,,False,False,0,0.0,0,False,,,3.4,,,True,False
B2200299800000,O VELHO FANTÁSTICO,2022,2022,AM,COMUNICAÇÃO ELETRÔNICA DE MASSA POR ASSINATURA (TV PAGA),FICÇÃO,(sem match chamada),,False,,1,1.096731,,,,,False,,False,,,,,,,,,,,False,False,0,0.0,0,False,,,3.75,,,True,False
B2500299400000,O ÚLTIMO AZUL,2025,2025,PE,SALAS DE EXIBIÇÃO,FICÇÃO,(sem match chamada),,True,,1,1.0,3144540.234636,,0.0,3144540.234636,True,189439.0,True,60243.78314940808,3096157.09,13325.0,112.0,,,,,,,False,False,0,0.0,1,True,,,,,,False,False
B2600043300000,OCEÂNICO,2026,2026,RJ,SALAS DE EXIBIÇÃO,FICÇÃO,(sem match chamada),,False,,1,1.0,6961768.24,,0.0,6961768.24,True,,False,0.0,,,,,,,,,,False,False,0,0.0,0,False,,,,,,False,False
B2400219100000,OCUPA SP,2024,2024,SP,COMUNICAÇÃO ELETRÔNICA DE MASSA POR ASSINATURA (TV PAGA),DOCUMENTÁRIO,(sem match chamada),,False,,1,1.0,,,,,False,,False,,,,,,,,,,,False,False,0,0.0,0,False,,,,,,False,False
B1800189500000,OFF-GRID - (DES)REGRADOS (EPISÓDIO PILOTO),2018,2018,PR,COMUNICAÇÃO ELETRÔNICA DE MASSA POR ASSINATURA (TV PAGA),DOCUMENTÁRIO,(sem match chamada),,False,,1,1.392194,,,,,False,,False,,,,,,,,,,,False,False,0,0.0,0,False,,,,,,False,False
B1700264800000,OFÍCIO DA PALAVRA,2017,2017,MG,COMUNICAÇÃO ELETRÔNICA DE MASSA POR ASSINATURA (TV PAGA),DOCUMENTÁRIO,(sem match chamada),,False,,1,1.444401,,,,,False,,False,,,,,,,,,,,False,False,0,0.0,0,False,,,,,,False,False
B2500119500000,OLHA O PASSARINHO,2025,2025,ES,COMUNICAÇÃO ELETRÔNICA DE MASSA POR ASSINATURA (TV PAGA),FICÇÃO,(sem match chamada),,False,,1,1.0,,,,,False,,False,,,,,,,,,,,False,False,0,0.0,0,False,,,,,,False,False
B2500525700000,OMOWALE,2025,2025,BA,SALAS DE EXIBIÇÃO,DOCUMENTÁRIO,(sem match chamada),,False,,1,1.0,,,,,False,,False,,,,,,,,,,,False,False,0,0.0,0,False,,,,,,False,False
B1500701300000,OPERAÇÕES ESPECIAIS (EX BOLETIM DE OCORRÊNCIA B.O),2015,2015,SP,SALAS DE EXIBIÇÃO,FICÇÃO,(sem match chamada),,False,,1,1.580544,5913944.960573699,,0.0,5913944.960573699,True,366033.0,True,61893.20368049078,4392871.68,,,,,,,,,False,False,0,0.0,0,False,,,3.9,,,True,False
B1600702400000,OPÇÃO LAJE,2016,2016,RJ,COMUNICAÇÃO ELETRÔNICA DE MASSA POR ASSINATURA (TV PAGA),DOCUMENTÁRIO,(sem match chamada),,False,,1,1.487011,,,,,False,,False,,,,,,,,,,,False,False,0,0.0,0,False,,,,,,False,False
B2000544800000,ORÁCULO DAS BORBOLETAS AMARELAS,2020,2020,RS,RADIODIFUSÃO DE SONS E IMAGENS (TV ABERTA),FICÇÃO,(sem match chamada),,False,,1,1.276952,,,,,False,,False,,,,,,,,,,,False,False,0,0.0,0,False,,,,,,False,False
B1201616300000,OS CUPINS 1ª TEMPORADA,2012,2012,SP,INDEFINIDO,FICÇÃO,(sem match chamada),,False,,1,1.971315,,,,,False,,False,,,,,,,,,,,False,False,0,0.0,0,False,,,,,,False,False
B1800546900000,OS EXTERMINADORES DO ALÉM CONTRA A LOIRA DO BANHEIRO,2018,2018,SP,SALAS DE EXIBIÇÃO,FICÇÃO,(sem match chamada),,False,,1,1.392194,4044322.8000000003,,0.0,4044322.8000000003,True,185560.0,True,45881.59975756633,2341604.52,18564.0,151.0,,,,,,,False,False,0,0.0,0,False,,,3.5,5.6,1897.0,True,True
B1900163200000,OS FILOSOFINHOS,2019,2019,RS,RADIODIFUSÃO DE SONS E IMAGENS (TV ABERTA),ANIMAÇÃO,(sem match chamada),,False,,1,1.33467,,,,,False,,False,,,,,,,,,,,False,False,0,0.0,0,False,,,,,,False,False
B2400267300000,OS GIGANTES DE PALMAS,2024,2024,TO,RADIODIFUSÃO DE SONS E IMAGENS (TV ABERTA),DOCUMENTÁRIO,(sem match chamada),,False,,1,1.0,,,,,False,,False,,,,,,,,,,,False,False,0,0.0,0,False,,,,,,False,False
B2400086400000,OS GUERREIROS DA RUA 2 - A MISSÃO,2024,2024,PE,SALAS DE EXIBIÇÃO,FICÇÃO,(sem match chamada),,False,,1,1.0,,,,,False,,False,,,,,,,,,,,False,False,0,0.0,0,False,,,,,,False,False
B2500517700000,OS IRMÃOS SEGRETO,2025,2025,RJ,SALAS DE EXIBIÇÃO,DOCUMENTÁRIO,(sem match chamada),,True,,1,1.0,,,,,False,,False,,,,,,,,,,,False,False,0,0.0,1,True,,,,,,False,False
B1700503500000,OS PARÇAS,2017,2017,SP,SALAS DE EXIBIÇÃO,FICÇÃO,(sem match chamada),,False,,1,1.444401,4461033.0,,0.0,4461033.0,True,1590861.0,True,356612.6948623783,21546621.67,37157.0,188.0,,,,,,,False,False,0,0.0,0,False,,,2.3,4.1,647.0,True,True
B2100446900000,OS PELÚCIAS - EPISÓDIO PILOTO,2021,2021,SP,NENHUMA DAS OPÇÕES,ANIMAÇÃO,(sem match chamada),,False,,1,1.160232,,,,,False,,False,,,,,,,,,,,False,False,0,0.0,0,False,,,,,,False,False
B1600738500000,OS SALTIMBANCOS TRAPALHÕES - RUMO A HOLLYWOOD,2016,2016,SP,SALAS DE EXIBIÇÃO,FICÇÃO,(sem match chamada),,False,,1,1.487011,4778776.90192896,,0.0,4778776.90192896,True,96341.0,True,20160.179472097097,1152692.37,4276.0,75.0,,,,,,,False,False,0,0.0,0,False,,,,6.4,182.0,False,True
B1900479000000,OS SUBURBANOS - O FILME,2019,2019,RJ,SALAS DE EXIBIÇÃO,FICÇÃO,(sem match chamada),,False,,1,1.33467,4333203.0,,0.0,4333203.0,True,86413.0,True,19942.061334306283,1477074.39,8007.0,203.0,,,,,,,False,False,0,0.0,0,False,,,2.5,,,True,False
B1302041500000,OS ULTIMOS CANGACEIROS,2012,2012,CE,INDEFINIDO,DOCUMENTÁRIO,(sem match chamada),,False,,1,1.971315,858126.176028,,0.0,858126.176028,True,4308.0,True,5020.240752869696,43907.16,,,,,,,,,False,False,0,0.0,0,False,1.0,0.0,4.17,6.9,38.0,True,True
B1500896100000,OS UNDER UNDERGROUNDS - TEMPORADA 1,2015,2015,SP,RADIODIFUSÃO DE SONS E IMAGENS (TV ABERTA),ANIMAÇÃO,(sem match chamada),,False,,1,1.580544,637569.747318,,0.0,637569.747318,True,,False,0.0,,,,,,,,,,False,False,0,0.0,0,False,,,,,,False,False
B1900098600000,"OS UNDER-UNDERGROUNDS, O COMEÇO",2018,2018,SP,SALAS DE EXIBIÇÃO,ANIMAÇÃO,(sem match chamada),,False,,1,1.392194,,,,,False,92.0,True,,996.3,12.0,3.0,,,,,,,False,False,0,0.0,0,False,,,3.628,8.4,70.0,True,True
B2000101500000,OS ÚLTIMOS DIAS DE GILDA,2020,2020,RJ,COMUNICAÇÃO ELETRÔNICA DE MASSA POR ASSINATURA (TV PAGA),FICÇÃO,(sem match chamada),,False,,1,1.276952,,,,,False,,False,,,,,,,,,1269.0,,False,False,1,6.67,1,True,1.0,0.0,3.167,,,True,False
B1302013100000,"OSMAR, A PRIMEIRA FATIA DO PÃO DE FORMA - 1ª TEMPORADA",2013,2013,SP,INDEFINIDO,ANIMAÇÃO,(sem match chamada),,False,,1,1.861311,,,,,False,,False,,,,,,,,,,,False,False,0,0.0,0,False,,,3.803,,,True,False
B1700590400000,"OSMAR, A PRIMEIRA FATIA DO PÃO DE FORMA - O FILME",2017,2017,SP,SALAS DE EXIBIÇÃO,ANIMAÇÃO,(sem match chamada),,False,,1,1.444401,3338302.4,,0.0,3338302.4,True,,False,0.0,,,,,,,,,,False,False,0,0.0,0,False,,,3.3,,,True,False
B1700326100000,OSWALDO - 1A TEMPORADA,2016,2016,SP,RADIODIFUSÃO DE SONS E IMAGENS (TV ABERTA),ANIMAÇÃO,(sem match chamada),,False,,1,1.487011,,,,,False,,False,,,,,,,,,,,False,False,0,0.0,0,False,,,,,,False,False
B1900487200000,OUTRAS BRASILEIRAS,2019,2019,RJ,COMUNICAÇÃO ELETRÔNICA DE MASSA POR ASSINATURA (TV PAGA),DOCUMENTÁRIO,(sem match chamada),,False,,1,1.33467,,,,,False,,False,,,,,,,,,,,False,False,0,0.0,0,False,,,,,,False,False
B2400083300000,PACTO DA VIOLA,2024,2024,DF,SALAS DE EXIBIÇÃO,FICÇÃO,(sem match chamada),,False,,1,1.0,,,,,False,981.0,True,,7691.31,117.0,12.0,,,,,,,False,False,0,0.0,0,False,,,,,,False,False
B1700516500000,PALAVRAS EM SÉRIE,2017,2017,RJ,COMUNICAÇÃO ELETRÔNICA DE MASSA POR ASSINATURA (TV PAGA),DOCUMENTÁRIO,(sem match chamada),,False,,1,1.444401,,,,,False,,False,,,,,,,,,,,False,False,0,0.0,0,False,,,4.058,,,True,False
B2600020200000,PALAVRAS PERMANECEM - 2ª TEMPORADA,2026,2026,SP,COMUNICAÇÃO ELETRÔNICA DE MASSA POR ASSINATURA (TV PAGA),DOCUMENTÁRIO,(sem match chamada),,False,,1,1.0,,,,,False,,False,,,,,,,,,,,False,False,0,0.0,0,False,,,,,,False,False
B2500041800000,PAMPA: O BIOMA ESQUECIDO,2025,2025,SP,RADIODIFUSÃO DE SONS E IMAGENS (TV ABERTA),DOCUMENTÁRIO,(sem match chamada),,False,,1,1.0,,,,,False,,False,,,,,,,,,,,False,False,0,0.0,0,False,,,,,,False,False
B2500404900000,PAPAGAIOS,2025,2025,RJ,SALAS DE EXIBIÇÃO,FICÇÃO,(sem match chamada),,False,,1,1.0,,,,,False,,False,,,,,,,,,,,False,False,0,0.0,0,False,,,,,,False,False
B1700433100000,PAPAYA BULL - 1ª TEMPORADA,2017,2017,SP,COMUNICAÇÃO ELETRÔNICA DE MASSA POR ASSINATURA (TV PAGA),ANIMAÇÃO,(sem match chamada),,False,,1,1.444401,6037678.08,,0.0,6037678.08,True,,False,0.0,,,,,,,,,,False,False,0,0.0,0,False,,,,,,False,False
B2400100600000,PARAÍSO,2024,2024,RJ,COMUNICAÇÃO ELETRÔNICA DE MASSA POR ASSINATURA (TV PAGA),DOCUMENTÁRIO,(sem match chamada),,False,,1,1.0,,,,,False,,False,,,,,,,,,,,False,False,0,0.0,0,False,,,,,,False,False
B2300581400000,PARIS COM RENDA,2023,2023,MG,RADIODIFUSÃO DE SONS E IMAGENS (TV ABERTA),DOCUMENTÁRIO,(sem match chamada),,False,,1,1.0483,,,,,False,,False,,,,,,,,,,,False,False,0,0.0,0,False,,,,,,False,False
B2000128400000,PARTIU?! - 2ª TEMPORADA,2020,2020,RS,COMUNICAÇÃO ELETRÔNICA DE MASSA POR ASSINATURA (TV PAGA),FICÇÃO,(sem match chamada),,False,,1,1.276952,,,,,False,,False,,,,,,,,,,,False,False,0,0.0,0,False,,,,,,False,False
B2500527300000,PATRULHA MARIA DA PENHA,2025,2025,SP,SALAS DE EXIBIÇÃO,DOCUMENTÁRIO,(sem match chamada),,False,,1,1.0,92818.56,,0.0,92818.56,True,,False,0.0,,,,,,,,,,False,False,0,0.0,0,False,,,,,,False,False
B2400172000000,PAU D'ARCO - ÁRVORE QUE SE RENOVA,2024,2024,AL,SALAS DE EXIBIÇÃO,DOCUMENTÁRIO,(sem match chamada),,False,,1,1.0,,,,,False,,False,,,,,,,,,,,False,False,0,0.0,0,False,,,,,,False,False
B1700088400000,PAULO AUTRAN - O SENHOR DOS PALCOS,2017,2017,RJ,COMUNICAÇÃO ELETRÔNICA DE MASSA POR ASSINATURA (TV PAGA),DOCUMENTÁRIO,(sem match chamada),,False,,1,1.444401,,,,,False,,False,,,,,,,,,,,False,False,0,0.0,0,False,,,3.466,7.6,7.0,True,True
B2500244400000,PEDRA RISCADA,2025,2025,AL,RADIODIFUSÃO DE SONS E IMAGENS (TV ABERTA),FICÇÃO,(sem match chamada),,False,,1,1.0,,,,,False,,False,,,,,,,,,,,False,False,0,0.0,0,False,,,,,,False,False
B1800595000000,PEDRINHO E A CHUTEIRA DA SORTE,2018,2018,PE,RADIODIFUSÃO DE SONS E IMAGENS (TV ABERTA),ANIMAÇÃO,(sem match chamada),,False,,1,1.392194,,,,,False,,False,,,,,,,,,,,False,False,0,0.0,0,False,,,,,,False,False
B2300199900000,PELO CAMINHO DOS ORIXÁS,2023,2023,BA,COMUNICAÇÃO ELETRÔNICA DE MASSA POR ASSINATURA (TV PAGA),DOCUMENTÁRIO,(sem match chamada),,False,,1,1.0483,,,,,False,,False,,,,,,,,,,,False,False,0,0.0,0,False,,,,,,False,False
B2200123900000,PELOS OLHOS DE LIDENBERG LEITE,2022,2022,MA,SALAS DE EXIBIÇÃO,DOCUMENTÁRIO,(sem match chamada),,False,,1,1.096731,,,,,False,,False,,,,,,,,,,,False,False,0,0.0,0,False,,,3.61,,,True,False
B2500521300000,PELOS RIOS: AMAZÔNIA,2025,2025,PA,RADIODIFUSÃO DE SONS E IMAGENS (TV ABERTA),DOCUMENTÁRIO,(sem match chamada),,False,,1,1.0,,,,,False,,False,,,,,,,,,,,False,False,0,0.0,0,False,,,,,,False,False
B1900167100000,PEQUENOS GRANDES TALENTOS,2018,2018,SP,RADIODIFUSÃO DE SONS E IMAGENS (TV ABERTA),DOCUMENTÁRIO,(sem match chamada),,False,,1,1.392194,2160823.896,,0.0,2160823.896,True,,False,0.0,,,,,,,,,,False,False,0,0.0,0,False,,,2.885,,,True,False
B2400311300000,"PERFEKTA, UMA AVENTURA DA ESCOLA DE GÊNIOS",2024,2024,RJ,SALAS DE EXIBIÇÃO,FICÇÃO,(sem match chamada),,False,,1,1.0,4333203.0,,0.0,4333203.0,True,22125.0,True,5105.9228012165595,407400.37,10293.0,183.0,,,,,,,False,False,0,0.0,0,False,,,,,,False,False
B2200508100000,PERLIMPS,2022,2022,SP,SALAS DE EXIBIÇÃO,ANIMAÇÃO,(sem match chamada),,False,,1,1.096731,7665638.4,,0.0,7665638.4,True,3217.0,True,419.66498184939167,34864.38,1750.0,59.0,,,,,64001.0,,False,False,1,6.67,1,True,1.0,0.0,,6.5,241.0,False,True
B2300526500000,PETROPOLIS: SABERES E SABORES,2023,2023,SP,COMUNICAÇÃO ELETRÔNICA DE MASSA POR ASSINATURA (TV PAGA),DOCUMENTÁRIO,(sem match chamada),,False,,1,1.0483,,,,,False,,False,,,,,,,,,,,False,False,0,0.0,0,False,,,,,,False,False
B2300581300000,PETRÓPOLIS: CIDADE INVENTADA,2023,2023,SP,RADIODIFUSÃO DE SONS E IMAGENS (TV ABERTA),DOCUMENTÁRIO,(sem match chamada),,False,,1,1.0483,,,,,False,,False,,,,,,,,,,,False,False,0,0.0,0,False,,,,,,False,False
B1700242100000,PIRIPKURA,2017,2017,SP,COMUNICAÇÃO ELETRÔNICA DE MASSA POR ASSINATURA (TV PAGA),DOCUMENTÁRIO,(sem match chamada),,False,,1,1.444401,,,,,False,908.0,True,,17771.78,147.0,8.0,,,,,1020.0,,False,False,1,6.67,1,True,1.0,0.0,,7.7,203.0,False,True
B2100095100000,PLANETA SOLIDÁRIO,2021,2021,SP,COMUNICAÇÃO ELETRÔNICA DE MASSA POR ASSINATURA (TV PAGA),DOCUMENTÁRIO,(sem match chamada),,False,,1,1.160232,,,,,False,,False,,,,,,,,,,,False,False,0,0.0,0,False,,,,,,False,False
B2400336400000,PLANTADORAS DE ÁGUA,2024,2024,MT,COMUNICAÇÃO ELETRÔNICA DE MASSA POR ASSINATURA (TV PAGA),DOCUMENTÁRIO,(sem match chamada),,False,,1,1.0,,,,,False,,False,,,,,,,,,,,False,False,0,0.0,0,False,,,,,,False,False
B2500328500000,POR NOSSA CAUSA,2025,2025,RJ,SALAS DE EXIBIÇÃO,FICÇÃO,(sem match chamada),,False,,1,1.0,,,,,False,,False,,,,,,,,,,,False,False,0,0.0,0,False,,,,,,False,False
B2100057900000,POR QUE VOCÊ NÃO CHORA?,2020,2020,DF,SALAS DE EXIBIÇÃO,FICÇÃO,(sem match chamada),,False,,1,1.276952,,,,,False,399.0,True,,6605.63,49.0,4.0,,,,,,,False,False,0,0.0,0,False,,,3.845,6.0,150.0,True,True
B2300274500000,PORTO DE ORIGEM,2023,2023,BA,SALAS DE EXIBIÇÃO,DOCUMENTÁRIO,(sem match chamada),,False,,1,1.0483,,,,,False,272.0,True,,3804.27,71.0,7.0,,,,,,,False,False,0,0.0,0,False,,,3.913,,,True,False
B1700146900000,POVOS DO XINGU,2017,2017,SP,COMUNICAÇÃO ELETRÔNICA DE MASSA POR ASSINATURA (TV PAGA),DOCUMENTÁRIO,(sem match chamada),,False,,1,1.444401,,,,,False,,False,,,,,,,,,,,False,False,0,0.0,0,False,,,3.9,,,True,False
B2400038900000,PRAIA FORMOSA,2024,2024,RJ,SALAS DE EXIBIÇÃO,FICÇÃO,(sem match chamada),,True,,1,1.0,,,,,False,361.0,True,,3773.07,43.0,9.0,,,,,,,False,False,0,0.0,1,True,,,,,,False,False
B2000111800000,PREDESTINADO: ARIGÓ E O ESPÍRITO DO DR. FRITZ,2020,2020,SP,SALAS DE EXIBIÇÃO,FICÇÃO,(sem match chamada),,False,,1,1.276952,8191430.05205504,,0.0,8191430.05205504,True,272921.0,True,33317.86980608233,4537651.95,21815.0,301.0,,,,,,,False,False,0,0.0,0,False,,,4.175,,,True,False
B2300311400000,PRIMEIROS POVOS,2023,2023,SP,COMUNICAÇÃO ELETRÔNICA DE MASSA POR ASSINATURA (TV PAGA),DOCUMENTÁRIO,(sem match chamada),,True,,1,1.0483,,,,,False,,False,,,,,,,,,,,False,False,0,0.0,1,True,,,,,,False,False
B2400330000000,PRK30 - O RADIO PELO AVESSO,2024,2024,RJ,SALAS DE EXIBIÇÃO,DOCUMENTÁRIO,(sem match chamada),,False,,1,1.0,1843810.472448,,0.0,1843810.472448,True,,False,0.0,,,,,,,,,,False,False,0,0.0,0,False,,,,,,False,False
B2300535500000,PROCURA METEORANGO KID: VIVO OU MORTO,2023,2023,BA,COMUNICAÇÃO ELETRÔNICA DE MASSA POR ASSINATURA (TV PAGA),DOCUMENTÁRIO,(sem match chamada),,False,,1,1.0483,,,,,False,,False,,,,,,,,,,,False,False,0,0.0,0,False,,,3.433,,,True,False
B1900490500000,PROIBIDO NASCER NO PARAÍSO,2019,2019,PR,SALAS DE EXIBIÇÃO,DOCUMENTÁRIO,(sem match chamada),,False,,1,1.33467,,,,,False,1602.0,True,,11739.25,67.0,9.0,,,,,,,False,False,0,0.0,0,False,,,3.84,7.8,12.0,True,True
B1800546400000,PROIBIDO PARA MAIORES - A SÉRIE,2018,2018,RS,COMUNICAÇÃO ELETRÔNICA DE MASSA POR ASSINATURA (TV PAGA),FICÇÃO,(sem match chamada),,False,,1,1.392194,,,,,False,,False,,,,,,,,,,,False,False,0,0.0,0,False,,,2.3,,,True,False
B2200361900000,"PRONTO, FALEI. E A HISTÓRIA DE COMO ISSO ACONTECEU",2022,2022,SP,SALAS DE EXIBIÇÃO,FICÇÃO,(sem match chamada),,False,,1,1.096731,4093050.36,,0.0,4093050.36,True,23567.0,True,5757.808462439735,413238.67,6566.0,165.0,,,,,,,False,False,0,0.0,0,False,,,4.075,,,True,False
B1900126500000,PROPRIEDADE,2019,2019,PE,SALAS DE EXIBIÇÃO,FICÇÃO,(sem match chamada),,False,,1,1.33467,,,,,False,5619.0,True,,57018.64,261.0,21.0,7.0,33.0,33.0,10.0,,,False,False,0,6.6,2,True,1.0,0.0,3.69,,,True,False
B2300137400000,QUANDO EU ME ENCONTRAR,2023,2023,CE,SALAS DE EXIBIÇÃO,FICÇÃO,(sem match chamada),,False,,1,1.0483,,,,,False,590.0,True,,5417.66,111.0,11.0,,,,,,,False,False,0,0.0,0,False,,,3.52,6.5,8.0,True,True
B2500012600000,QUANDO VIRA A ESQUINA,2025,2025,RJ,SALAS DE EXIBIÇÃO,DOCUMENTÁRIO,(sem match chamada),,False,,1,1.0,,,,,False,,False,,,,,,,,,,,False,False,0,0.0,0,False,,,,,,False,False
B1402153900000,QUE É QUE EU VOU FAZER DA MINHA VIDA,2013,2013,RJ,INDEFINIDO,DOCUMENTÁRIO,(sem match chamada),,False,,1,1.861311,,,,,False,,False,,,,,,,,,,,False,False,0,0.0,0,False,,,3.2,,,True,False
B1800600400000,QUEM FOI SEU MESTRE? 1º TEMPORADA,2017,2017,BA,COMUNICAÇÃO ELETRÔNICA DE MASSA POR ASSINATURA (TV PAGA),DOCUMENTÁRIO,(sem match chamada),,False,,1,1.444401,,,,,False,,False,,,,,,,,,,,False,False,0,0.0,0,False,,,,,,False,False
B1900505900000,QUERIDA ROSÁLIA - EPÍSÓDIO PILOTO,2019,2019,PR,COMUNICAÇÃO ELETRÔNICA DE MASSA POR ASSINATURA (TV PAGA),FICÇÃO,(sem match chamada),,False,,1,1.33467,,,,,False,,False,,,,,,,,,,,False,False,0,0.0,0,False,,,,,,False,False
B1402147900000,QUESTÃO DE FAMÍLIA,2014,2014,RJ,INDEFINIDO,FICÇÃO,(sem match chamada),,False,,1,1.749188,,,,,False,,False,,,,,,,,,,,False,False,0,0.0,0,False,,,3.656,,,True,False
B2200086800000,RAJA NA ROTA,2022,2022,MA,RADIODIFUSÃO DE SONS E IMAGENS (TV ABERTA),DOCUMENTÁRIO,(sem match chamada),,False,,1,1.096731,,,,,False,,False,,,,,,,,,,,False,False,0,0.0,0,False,,,,,,False,False
B1800549200000,RASGA CORAÇÃO,2018,2018,RS,SALAS DE EXIBIÇÃO,FICÇÃO,(sem match chamada),,False,,1,1.392194,4741632.0,,0.0,4741632.0,True,8250.0,True,1739.9072724327825,137142.0,1267.0,11.0,,,11.5,4.0,,,False,False,0,2.3,1,True,,,,7.0,279.0,False,True
B2400081300000,RASTRO DOS BICHOS,2024,2024,AM,RADIODIFUSÃO DE SONS E IMAGENS (TV ABERTA),DOCUMENTÁRIO,(sem match chamada),,False,,1,1.0,,,,,False,,False,,,,,,,,,,,False,False,0,0.0,0,False,,,,,,False,False
B2500226600000,RE-VOLTA PORQUE TODA TERRA É NOSSA,2025,2025,PA,RADIODIFUSÃO DE SONS E IMAGENS (TV ABERTA),DOCUMENTÁRIO,(sem match chamada),,False,,1,1.0,,,,,False,,False,,,,,,,,,,,False,False,0,0.0,0,False,,,,,,False,False
B2100290600000,REAÇÃO EM CADEIA,2021,2021,MG,SALAS DE EXIBIÇÃO,FICÇÃO,(sem match chamada),,False,,1,1.160232,4741632.0,,0.0,4741632.0,True,3219.0,True,678.8801830255911,62398.03,1315.0,41.0,,,,,,,False,False,0,0.0,0,False,,,3.858,5.2,71.0,True,True
B2300026000000,RECEBA!,2023,2023,BA,SALAS DE EXIBIÇÃO,FICÇÃO,(sem match chamada),,False,,1,1.0483,,,,,False,548.0,True,,4874.63,85.0,9.0,,,,,,,False,False,0,0.0,0,False,,,,7.6,22.0,False,True
B1900507000000,RECIFE ASSOMBRADO - FILME,2019,2019,PE,SALAS DE EXIBIÇÃO,FICÇÃO,(sem match chamada),,False,,1,1.33467,,,,,False,5812.0,True,,53173.89,137.0,6.0,,,,,,,False,False,0,0.0,0,False,,,,,,False,False
B2300062400000,REGGAE RESISTÊNCIA,2023,2023,BA,RADIODIFUSÃO DE SONS E IMAGENS (TV ABERTA),DOCUMENTÁRIO,(sem match chamada),,False,,1,1.0483,,,,,False,,False,,,,,,,,,,,False,False,0,0.0,0,False,,,4.05,,,True,False
B1402826500000,REIS DA RUA TERCEIRA TEMPORADA,2014,2014,MG,RADIODIFUSÃO DE SONS E IMAGENS (TV ABERTA),DOCUMENTÁRIO,(sem match chamada),,False,,1,1.749188,,,,,False,,False,,,,,,,,,,,False,False,0,0.0,0,False,,,4.095,,,True,False
B2500296000000,REMANENCE - A VOLTAGE COSMIC TALE,2025,2025,RS,SALAS DE EXIBIÇÃO,FICÇÃO,(sem match chamada),,False,,1,1.0,,,,,False,,False,,,,,,,,,,,False,False,0,0.0,0,False,,,,,,False,False
B2500520500000,REMÉDIO DO MATO,2025,2025,PE,RADIODIFUSÃO DE SONS E IMAGENS (TV ABERTA),DOCUMENTÁRIO,(sem match chamada),,False,,1,1.0,,,,,False,,False,,,,,,,,,,,False,False,0,0.0,0,False,,,,,,False,False
B1900173300000,"REPÚBLICA DO PERU, 2A TEMPORADA",2019,2019,RJ,COMUNICAÇÃO ELETRÔNICA DE MASSA POR ASSINATURA (TV PAGA),FICÇÃO,(sem match chamada),,False,,1,1.33467,,,,,False,,False,,,,,,,,,,,False,False,0,0.0,0,False,,,,,,False,False
B2300230700000,RESÍDUO,2023,2023,MG,COMUNICAÇÃO ELETRÔNICA DE MASSA POR ASSINATURA (TV PAGA),DOCUMENTÁRIO,(sem match chamada),,False,,1,1.0483,,,,,False,,False,,,,,,,,,,,False,False,0,0.0,0,False,,,,,,False,False
B2400151900000,RETOMADA,2024,2024,SP,COMUNICAÇÃO ELETRÔNICA DE MASSA POR ASSINATURA (TV PAGA),DOCUMENTÁRIO,(sem match chamada),,False,,1,1.0,,,,,False,,False,,,,,,,,,,,False,False,0,0.0,0,False,,,,,,False,False
B2300382200000,RETRATO DE UM CERTO ORIENTE,2023,2023,RJ,SALAS DE EXIBIÇÃO,FICÇÃO,(sem match chamada),,True,,1,1.0483,8917541.001,,0.0,8917541.001,True,7070.0,True,792.8194554089721,122884.91,693.0,21.0,,,,,,,False,False,0,0.0,1,True,,,3.8,7.1,138.0,True,True
B2300327500000,RETRATOS FANTASMAS,2023,2023,PE,SALAS DE EXIBIÇÃO,DOCUMENTÁRIO,(sem match chamada),,False,,1,1.0483,,,,,False,72251.0,True,,1099911.28,3142.0,47.0,21.0,51.0,51.0,25.0,11146.0,,False,False,1,16.87,3,True,2.0,0.0,,7.6,2552.0,False,True
B2500415600000,REVOADA - VERSÃO STEAM PUNK,2025,2025,BA,SALAS DE EXIBIÇÃO,ANIMAÇÃO,(sem match chamada),,False,,1,1.0,,,,,False,,False,,,,,,,,,,,False,False,0,0.0,0,False,,,,,,False,False
B1900092400000,REVOLTA DOS MALÊS,2019,2019,RJ,COMUNICAÇÃO ELETRÔNICA DE MASSA POR ASSINATURA (TV PAGA),FICÇÃO,(sem match chamada),,False,,1,1.33467,,,,,False,,False,,,,,,,,,,,False,False,0,0.0,0,False,,,3.98,7.1,21.0,True,True
B1800216300000,RICK COM MONSTROS NOS DEDOS - EPISÓDIO PILOTO,2018,2018,PR,COMUNICAÇÃO ELETRÔNICA DE MASSA POR ASSINATURA (TV PAGA),ANIMAÇÃO,(sem match chamada),,False,,1,1.392194,,,,,False,,False,,,,,,,,,,,False,False,0,0.0,0,False,,,3.6,,,True,False
B2500254800000,RIO DE PEDRAS,2025,2025,AL,RADIODIFUSÃO DE SONS E IMAGENS (TV ABERTA),FICÇÃO,(sem match chamada),,False,,1,1.0,,,,,False,,False,,,,,,,,,,,False,False,0,0.0,0,False,,,,,,False,False
B2300103200000,RIO DOCE,2023,2023,PE,SALAS DE EXIBIÇÃO,FICÇÃO,(sem match chamada),,False,,1,1.0483,,,,,False,1328.0,True,,11973.39,68.0,6.0,,,,,,,False,False,0,0.0,0,False,,,4.252,7.5,39.0,True,True
B2600033300000,"RIO, DO SAMBA AO CINE - O FILME",2026,2026,RJ,SALAS DE EXIBIÇÃO,DOCUMENTÁRIO,(sem match chamada),,False,,1,1.0,,,,,False,,False,,,,,,,,,,,False,False,0,0.0,0,False,,,,,,False,False
B2500152900000,RITAS,2025,2025,SP,SALAS DE EXIBIÇÃO,DOCUMENTÁRIO,(sem match chamada),,False,,1,1.0,1951558.86595652,,0.0,1951558.86595652,True,46255.0,True,23701.565352131453,863482.51,1672.0,23.0,,,,,,,False,False,0,0.0,0,False,,,,,,False,False
B2000268600000,ROBERTINHO DE RECIFE?ROBERTINHO DO MUNDO!!!,2020,2020,RJ,COMUNICAÇÃO ELETRÔNICA DE MASSA POR ASSINATURA (TV PAGA),DOCUMENTÁRIO,(sem match chamada),,False,,1,1.276952,,,,,False,,False,,,,,,,,,,,False,False,0,0.0,0,False,,,3.9,,,True,False
B2400255000000,ROCA SALES - RESTAURANTE & BAR,2024,2024,RS,COMUNICAÇÃO ELETRÔNICA DE MASSA POR ASSINATURA (TV PAGA),FICÇÃO,(sem match chamada),,False,,1,1.0,,,,,False,,False,,,,,,,,,,,False,False,0,0.0,0,False,,,,,,False,False
B2500357200000,ROCK SURFE CANGURUS,2025,2025,RS,COMUNICAÇÃO ELETRÔNICA DE MASSA POR ASSINATURA (TV PAGA),DOCUMENTÁRIO,(sem match chamada),,False,,1,1.0,,,,,False,,False,,,,,,,,,,,False,False,0,0.0,0,False,,,,,,False,False
B2200027600000,ROLÊ - HISTÓRIA DOS ROLEZINHOS,2022,2022,RJ,COMUNICAÇÃO ELETRÔNICA DE MASSA POR ASSINATURA (TV PAGA),DOCUMENTÁRIO,(sem match chamada),,False,,1,1.096731,,,,,False,,False,,,,,,,,,,,False,False,0,0.0,0,False,,,,,,False,False
B2100367200000,ROTAS,2021,2021,PE,COMUNICAÇÃO ELETRÔNICA DE MASSA POR ASSINATURA (TV PAGA),DOCUMENTÁRIO,(sem match chamada),,False,,1,1.160232,,,,,False,,False,,,,,,,,,,,False,False,0,0.0,0,False,,,,,,False,False
B2000200600000,"RUA DO SOBE E DESCE, NÚMERO QUE DESAPARECE",2020,2020,RJ,COMUNICAÇÃO ELETRÔNICA DE MASSA POR ASSINATURA (TV PAGA),FICÇÃO,(sem match chamada),,False,,1,1.276952,,,,,False,,False,,,,,,,,,,,False,False,0,0.0,0,False,,,,,,False,False
B1900061900000,RUMO,2019,2019,SP,SALAS DE EXIBIÇÃO,DOCUMENTÁRIO,(sem match chamada),,False,,1,1.33467,874293.64692852,,0.0,874293.64692852,True,138.0,True,157.8417051122442,2523.64,123.0,5.0,,,,,,,False,False,0,0.0,0,False,,,3.3,6.9,7.0,True,True
B1700610100000,SABERES PASSADOS - 1A TEMPORADA,2017,2017,BA,RADIODIFUSÃO DE SONS E IMAGENS (TV ABERTA),DOCUMENTÁRIO,(sem match chamada),,False,,1,1.444401,,,,,False,,False,,,,,,,,,,,False,False,0,0.0,0,False,,,,,,False,False
B2400374300000,SABORES DA FLORESTA - 2ª TEMPORADA,2024,2024,PA,COMUNICAÇÃO ELETRÔNICA DE MASSA POR ASSINATURA (TV PAGA),DOCUMENTÁRIO,(sem match chamada),,False,,1,1.0,,,,,False,,False,,,,,,,,,,,False,False,0,0.0,0,False,,,,,,False,False
B2300288000000,SACERDOTISAS ÁFRICA - 1ª TEMPORADA,2023,2023,BA,RADIODIFUSÃO DE SONS E IMAGENS (TV ABERTA),DOCUMENTÁRIO,(sem match chamada),,False,,1,1.0483,,,,,False,,False,,,,,,,,,,,False,False,0,0.0,0,False,,,,,,False,False
B1900484000000,SACOLEIRAS S/A,2019,2019,PA,RADIODIFUSÃO DE SONS E IMAGENS (TV ABERTA),FICÇÃO,(sem match chamada),,False,,1,1.33467,,,,,False,,False,,,,,,,,,,,False,False,0,0.0,0,False,,,4.6,,,True,False
B2300469100000,SALAMANDRA,2023,2023,PE,SALAS DE EXIBIÇÃO,FICÇÃO,(sem match chamada),,True,,1,1.0483,,,,,False,925.0,True,,11443.12,85.0,6.0,,,,,,,False,False,0,0.0,1,True,,,3.886,,,True,False
B2300517700000,"SALUT, MES AMI.E.S !",2023,2023,RJ,COMUNICAÇÃO ELETRÔNICA DE MASSA POR ASSINATURA (TV PAGA),DOCUMENTÁRIO,(sem match chamada),,False,,1,1.0483,,,,,False,,False,,,,,,,,,,,False,False,0,0.0,0,False,,,,,,False,False
B2000096400000,SAMBALANÇO - A BOSSA QUE DANÇA,2020,2020,RJ,COMUNICAÇÃO ELETRÔNICA DE MASSA POR ASSINATURA (TV PAGA),DOCUMENTÁRIO,(sem match chamada),,False,,1,1.276952,148571.136,,0.0,148571.136,True,,False,0.0,,,,,,,,,,False,False,0,0.0,0,False,,,,8.4,5.0,False,True
B2200417400000,SANGRE,2022,2022,RJ,SALAS DE EXIBIÇÃO,FICÇÃO,(sem match chamada),,True,,1,1.096731,,,,,False,77.0,True,,2020.0,7.0,1.0,,,,,,14.0,False,True,1,12.67,2,True,1.0,3.0,,4.5,188.0,False,True
B2300490400000,SANTINO,2023,2023,MG,SALAS DE EXIBIÇÃO,DOCUMENTÁRIO,(sem match chamada),,False,,1,1.0483,217213.05933127998,,0.0,217213.05933127998,True,312.0,True,1436.3777249882423,4336.11,56.0,8.0,,,,,,,False,False,0,0.0,0,False,,,,,,False,False
B2000315600000,SAPATO36,2020,2020,PE,SALAS DE EXIBIÇÃO,DOCUMENTÁRIO,(sem match chamada),,False,,1,1.276952,,,,,False,351.0,True,,2666.96,69.0,9.0,,,,,,,False,False,0,0.0,0,False,,,,,,False,False
B1800043400000,SEBASTIANA QUEBRA-GALHO 2A TEMPORADA,2018,2018,RJ,COMUNICAÇÃO ELETRÔNICA DE MASSA POR ASSINATURA (TV PAGA),ANIMAÇÃO,(sem match chamada),,False,,1,1.392194,1580544.0,,0.0,1580544.0,True,,False,0.0,,,,,,,,,,False,False,0,0.0,0,False,,,,,,False,False
B2400125200000,SEM RAZÃO - O SAMBA ANTES DO SAMBA,2024,2024,BA,COMUNICAÇÃO ELETRÔNICA DE MASSA POR ASSINATURA (TV PAGA),DOCUMENTÁRIO,(sem match chamada),,False,,1,1.0,,,,,False,,False,,,,,,,,,,,False,False,0,0.0,0,False,,,,,,False,False
B1800126800000,SEQUESTRO RELÂMPAGO,2018,2018,SP,SALAS DE EXIBIÇÃO,FICÇÃO,(sem match chamada),,False,,1,1.392194,4461033.0,,0.0,4461033.0,True,13075.0,True,2930.93550305501,188694.0,2127.0,20.0,,,8.0,3.0,,,False,False,0,1.6,1,True,,,,5.0,300.0,False,True
B2500366500000,SER FELIZ POR NENHUM MOTIVO,2025,2025,DF,SALAS DE EXIBIÇÃO,DOCUMENTÁRIO,(sem match chamada),,False,,1,1.0,,,,,False,43.0,True,,786.88,13.0,2.0,,,,,,,False,False,0,0.0,0,False,,,,,,False,False
B2400018400000,SERRA DAS ALMAS,2024,2024,PE,SALAS DE EXIBIÇÃO,FICÇÃO,(sem match chamada),,False,,1,1.0,,,,,False,1392.0,True,,26845.93,444.0,18.0,,,,,,,False,False,0,0.0,0,False,,,,,,False,False
B2400127800000,SERTÃO BAIÃO,2024,2024,PE,RADIODIFUSÃO DE SONS E IMAGENS (TV ABERTA),DOCUMENTÁRIO,(sem match chamada),,False,,1,1.0,,,,,False,,False,,,,,,,,,,,False,False,0,0.0,0,False,,,,,,False,False
B2400457400000,SERTÃO CATULO,2024,2024,MA,SALAS DE EXIBIÇÃO,DOCUMENTÁRIO,(sem match chamada),,False,,1,1.0,,,,,False,,False,,,,,,,,,,,False,False,0,0.0,0,False,,,,,,False,False
B1500634100000,SETE VIDAS EM 7 CORDAS,2015,2015,RJ,COMUNICAÇÃO ELETRÔNICA DE MASSA POR ASSINATURA (TV PAGA),DOCUMENTÁRIO,(sem match chamada),,False,,1,1.580544,,,,,False,,False,,,,,,,,,,,False,False,0,0.0,0,False,,,4.343,,,True,False
B2400081500000,SILVIO,2024,2024,SP,SALAS DE EXIBIÇÃO,FICÇÃO,(sem match chamada),,False,,1,1.0,6960970.0,,0.0,6960970.0,True,99013.0,True,14224.023376052477,1380986.54,24470.0,310.0,,,,,,,False,False,0,0.0,0,False,,,,,,False,False
B2100201200000,SIMPLESMENTE MINAS - SEGUNDA TEMPORADA,2021,2021,MG,COMUNICAÇÃO ELETRÔNICA DE MASSA POR ASSINATURA (TV PAGA),DOCUMENTÁRIO,(sem match chamada),,False,,1,1.160232,,,,,False,,False,,,,,,,,,,,False,False,0,0.0,0,False,,,,,,False,False
B2500011500000,SINISTRO - UM RAP DE NIKITI,2024,2024,RJ,SALAS DE EXIBIÇÃO,DOCUMENTÁRIO,(sem match chamada),,False,,1,1.0,,,,,False,19.0,True,,470.0,1.0,1.0,,,,,,,False,False,0,0.0,0,False,,,,,,False,False
B1900039300000,SIRON. TEMPO SOBRE TELA,2018,2018,PE,SALAS DE EXIBIÇÃO,DOCUMENTÁRIO,(sem match chamada),,False,,1,1.392194,,,,,False,21.0,True,,409.59,23.0,3.0,,,,,,,False,False,0,0.0,0,False,,,3.648,,,True,False
B2200087500000,SKATE A MAIS DE 100,2022,2022,TO,COMUNICAÇÃO ELETRÔNICA DE MASSA POR ASSINATURA (TV PAGA),DOCUMENTÁRIO,(sem match chamada),,False,,1,1.096731,,,,,False,,False,,,,,,,,,,,False,False,0,0.0,0,False,,,4.3,,,True,False
B1900579600000,SOB O OLHAR DO PADROEIRO,2019,2019,SP,SALAS DE EXIBIÇÃO,DOCUMENTÁRIO,(sem match chamada),,False,,1,1.33467,,,,,False,46.0,True,,,30.0,5.0,,,,,,,False,False,0,0.0,0,False,,,3.728,,,True,False
B2000187100000,SOBRE SONHOS E LIBERDADE,2020,2020,SP,COMUNICAÇÃO ELETRÔNICA DE MASSA POR ASSINATURA (TV PAGA),DOCUMENTÁRIO,(sem match chamada),,True,,1,1.276952,,,,,False,,False,,,,,,,,,,,False,False,0,0.0,1,True,,,,6.5,7.0,False,True
B2400311400000,SOBREVIVENTES,2024,2024,RJ,SALAS DE EXIBIÇÃO,FICÇÃO,(sem match chamada),,True,,1,1.0,,,,,False,319.0,True,,6804.8,63.0,5.0,,,,,,1.0,False,False,0,2.0,2,True,1.0,1.0,,,,False,False
B1700524600000,"SOCORRO, VIREI UMA GAROTA!",2017,2017,RJ,SALAS DE EXIBIÇÃO,FICÇÃO,(sem match chamada),,False,,1,1.444401,6026304.42752436,,0.0,6026304.42752436,True,26212.0,True,4349.5977203342245,396911.87,3364.0,53.0,,,,,,,False,False,0,0.0,0,False,,,3.765,5.8,564.0,True,True
B2400236500000,SOL EM DÓ RÉ MI,2024,2024,SC,RADIODIFUSÃO DE SONS E IMAGENS (TV ABERTA),ANIMAÇÃO,(sem match chamada),,False,,1,1.0,,,,,False,,False,,,,,,,,,,,False,False,0,0.0,0,False,,,,,,False,False
B2100014600000,SOM DA RUA - TEMPORADA 3,2021,2021,RJ,COMUNICAÇÃO ELETRÔNICA DE MASSA POR ASSINATURA (TV PAGA),DOCUMENTÁRIO,(sem match chamada),,False,,1,1.160232,,,,,False,,False,,,,,,,,,,,False,False,0,0.0,0,False,,,4.287,,,True,False
B2400150700000,SOM EM CONSTRUÇÃO,2024,2024,SP,COMUNICAÇÃO ELETRÔNICA DE MASSA POR ASSINATURA (TV PAGA),DOCUMENTÁRIO,(sem match chamada),,False,,1,1.0,,,,,False,,False,,,,,,,,,,,False,False,0,0.0,0,False,,,,,,False,False
B1900053800000,"SOM, SOL & SURF - SAQUAREMA",2018,2018,RJ,COMUNICAÇÃO ELETRÔNICA DE MASSA POR ASSINATURA (TV PAGA),DOCUMENTÁRIO,(sem match chamada),,False,,1,1.392194,,,,,False,,False,,,,,,,,,,,False,False,0,0.0,0,False,,,3.88,,,True,False
B1800506100000,SONHOS DE ABU - SEGUNDA TEMPORADA,2018,2018,SP,COMUNICAÇÃO ELETRÔNICA DE MASSA POR ASSINATURA (TV PAGA),FICÇÃO,(sem match chamada),,False,,1,1.392194,,,,,False,,False,,,,,,,,,,,False,False,0,0.0,0,False,,,3.32,,,True,False
B2200024300000,SONS DO CHORO,2022,2022,MG,COMUNICAÇÃO ELETRÔNICA DE MASSA POR ASSINATURA (TV PAGA),DOCUMENTÁRIO,(sem match chamada),,False,,1,1.096731,,,,,False,,False,,,,,,,,,,,False,False,0,0.0,0,False,,,,,,False,False
B1700565600000,SOU AMOR,2017,2017,MG,RADIODIFUSÃO DE SONS E IMAGENS (TV ABERTA),FICÇÃO,(sem match chamada),,False,,1,1.444401,,,,,False,,False,,,,,,,,,,,False,False,0,0.0,0,False,,,4.3,,,True,False
B2400090500000,STREET ROCK - TEMPORADA 1,2023,2023,SP,RADIODIFUSÃO DE SONS E IMAGENS (TV ABERTA),DOCUMENTÁRIO,(sem match chamada),,False,,1,1.0483,,,,,False,,False,,,,,,,,,,,False,False,0,0.0,0,False,,,,,,False,False
B1900340400000,SUPER FIGHT - 1ª TEMPORADA,2019,2019,SP,COMUNICAÇÃO ELETRÔNICA DE MASSA POR ASSINATURA (TV PAGA),DOCUMENTÁRIO,(sem match chamada),,False,,1,1.33467,,,,,False,,False,,,,,,,,,,,False,False,0,0.0,0,False,,,,,,False,False
B2500234100000,SUPERPINA,2025,2025,PE,SALAS DE EXIBIÇÃO,FICÇÃO,(sem match chamada),,False,,1,1.0,,,,,False,,False,,,,,,,,,,,False,False,0,0.0,0,False,,,,,,False,False
B2000211600000,SUPLICIUM,2020,2020,PE,RADIODIFUSÃO DE SONS E IMAGENS (TV ABERTA),FICÇÃO,(sem match chamada),,False,,1,1.276952,,,,,False,,False,,,,,,,,,,,False,False,0,0.0,0,False,,,,,,False,False
B2400094500000,SUÇUARANA,2024,2024,MG,SALAS DE EXIBIÇÃO,FICÇÃO,(sem match chamada),,False,,1,1.0,,,,,False,557.0,True,,6374.62,118.0,11.0,,,,,,,False,False,0,0.0,0,False,,,,,,False,False
B2400389900000,SÁ & GUARABYRA - A HISTÓRIA DO ROCK RURAL,2024,2024,MG,COMUNICAÇÃO ELETRÔNICA DE MASSA POR ASSINATURA (TV PAGA),DOCUMENTÁRIO,(sem match chamada),,False,,1,1.0,,,,,False,,False,,,,,,,,,,,False,False,0,0.0,0,False,,,,,,False,False
B1900035800000,SÉRIE MAR DE HISTÓRIAS,2019,2019,RS,COMUNICAÇÃO ELETRÔNICA DE MASSA POR ASSINATURA (TV PAGA),DOCUMENTÁRIO,(sem match chamada),,False,,1,1.33467,,,,,False,,False,,,,,,,,,,,False,False,0,0.0,0,False,,,3.7,,,True,False
B1301712200000,TAINÁ - A ORIGEM,2013,2013,RJ,SALAS DE EXIBIÇÃO,FICÇÃO,(sem match chamada),,False,,1,1.861311,5637137.63,,0.0,5637137.63,True,,False,0.0,,,,,,,,,,False,False,0,0.0,0,False,,,4.355,5.3,117.0,True,True
B1800609900000,TAINÁ E OS GUARDIÕES DA AMAZÔNIA,2018,2018,RJ,RADIODIFUSÃO DE SONS E IMAGENS (TV ABERTA),ANIMAÇÃO,(sem match chamada),,False,,1,1.392194,4950202.04,,0.0,4950202.04,True,,False,0.0,,,,,,,,,,False,False,0,0.0,0,False,,,3.929,,,True,False
B2500399900000,TAINÁ E OS GUARDIÕES DA AMAZÔNIA - EM BUSCA DA FLECHA AZUL,2025,2025,RJ,SALAS DE EXIBIÇÃO,ANIMAÇÃO,(sem match chamada),,False,,1,1.0,5396738.145,,0.0,5396738.145,True,12937.0,True,2397.1887559499146,275648.44,8937.0,127.0,,,,,,,False,False,0,0.0,0,False,,,,,,False,False
B1900072800000,TEATROS NO BRASIL  CLAUDIO SANTORO - MEMÓRIAS DO MAESTRO E DO TEATRO EM VIDA,2019,2019,SP,SALAS DE EXIBIÇÃO,DOCUMENTÁRIO,(sem match chamada),,False,,1,1.33467,,,,,False,17.0,True,,320.43,28.0,4.0,,,,,,,False,False,0,0.0,0,False,,,3.2,,,True,False
B1900074000000,TEATROS NO BRASIL  TEATROS AMAZONAS - O FILHO OURO DA FLORESTA,2019,2019,SP,SALAS DE EXIBIÇÃO,DOCUMENTÁRIO,(sem match chamada),,False,,1,1.33467,,,,,False,33.0,True,,481.96,35.0,5.0,,,,,,,False,False,0,0.0,0,False,,,3.962,,,True,False
B1900121900000,TEATROS NO BRASIL SUDESTE MUNICIPAL - ENREDOS DA JÓIA CARIOCA,2019,2019,SP,SALAS DE EXIBIÇÃO,DOCUMENTÁRIO,(sem match chamada),,False,,1,1.33467,,,,,False,19.0,True,,331.01,28.0,4.0,,,,,,,False,False,0,0.0,0,False,,,4.3,,,True,False
B1900147000000,TEATROS NO BRASIL THEATRO SÃO PEDRO - SÍMBOLO DE ARTE E RESISTÊNCIA,2019,2019,SP,SALAS DE EXIBIÇÃO,DOCUMENTÁRIO,(sem match chamada),,False,,1,1.33467,,,,,False,16.0,True,,275.64,28.0,4.0,,,,,,,False,False,0,0.0,0,False,,,4.05,,,True,False
B2300212800000,TELAS,2023,2023,SP,SALAS DE EXIBIÇÃO,DOCUMENTÁRIO,(sem match chamada),,False,,1,1.0483,,,,,False,26.0,True,,514.52,31.0,3.0,,,,,,,False,False,0,0.0,0,False,,,,,,False,False
B2400230900000,TEMPERO & ARTE - 2ª TEMPORADA,2024,2024,SP,COMUNICAÇÃO ELETRÔNICA DE MASSA POR ASSINATURA (TV PAGA),DOCUMENTÁRIO,(sem match chamada),,False,,1,1.0,1155520.8,,0.0,1155520.8,True,,False,0.0,,,,,,,,,,False,False,0,0.0,0,False,,,,,,False,False
B2200347700000,TEMPOS DE BARBÁRIE - ATO I: TERAPIA DA VINGANÇA,2022,2022,RJ,SALAS DE EXIBIÇÃO,FICÇÃO,(sem match chamada),,False,,1,1.096731,4461033.0,,0.0,4461033.0,True,2838.0,True,636.1755225751525,57733.38,1639.0,67.0,,,,,,,False,False,0,0.0,0,False,,,2.7,4.8,41.0,True,True
B2400278200000,TERRA DE CIGANOS,2024,2024,DF,SALAS DE EXIBIÇÃO,DOCUMENTÁRIO,(sem match chamada),,False,,1,1.0,,,,,False,459.0,True,,6295.24,163.0,15.0,,,,,,,False,False,0,0.0,0,False,,,,,,False,False
B1600757300000,TERRA DE LUZ,2016,2016,DF,RADIODIFUSÃO DE SONS E IMAGENS (TV ABERTA),DOCUMENTÁRIO,(sem match chamada),,False,,1,1.487011,,,,,False,,False,,,,,,,,,,,False,False,0,0.0,0,False,,,4.0,,,True,False
B2400090300000,TERRA VIVA,2024,2024,DF,RADIODIFUSÃO DE SONS E IMAGENS (TV ABERTA),DOCUMENTÁRIO,(sem match chamada),,False,,1,1.0,,,,,False,,False,,,,,,,,,,,False,False,0,0.0,0,False,,,,,,False,False
B2400249000000,"TERRITÓRIOS E GENTES - BAHIA, CORPO E ALMA",2024,2024,BA,RADIODIFUSÃO DE SONS E IMAGENS (TV ABERTA),DOCUMENTÁRIO,(sem match chamada),,False,,1,1.0,,,,,False,,False,,,,,,,,,,,False,False,0,0.0,0,False,,,,,,False,False
B1800124400000,TEU MUNDO NÃO CABE NOS MEUS OLHOS,2018,2018,RS,SALAS DE EXIBIÇÃO,FICÇÃO,(sem match chamada),,False,,1,1.392194,3935673.0,,0.0,3935673.0,True,15311.0,True,3890.313041759313,240190.7,2913.0,33.0,,,,,,,False,False,0,0.0,0,False,,,3.6,6.4,65.0,True,True
B2400389800000,TEÓPHILO OTTONI - A REVOLUÇÃO,2024,2024,RJ,RADIODIFUSÃO DE SONS E IMAGENS (TV ABERTA),FICÇÃO,(sem match chamada),,False,,1,1.0,,,,,False,,False,,,,,,,,,,,False,False,0,0.0,0,False,,,,,,False,False
B2300114900000,THIAGO & ÍSIS E OS SEGREDOS DO BRASIL,2023,2023,DF,RADIODIFUSÃO DE SONS E IMAGENS (TV ABERTA),DOCUMENTÁRIO,(sem match chamada),,False,,1,1.0483,,,,,False,,False,,,,,,,,,,,False,False,0,0.0,0,False,,,3.863,,,True,False
B2500008700000,TIMIDEZ,2025,2025,BA,SALAS DE EXIBIÇÃO,FICÇÃO,(sem match chamada),,False,,1,1.0,,,,,False,4.0,True,,168.0,160.0,9.0,,,,,,,False,False,0,0.0,0,False,,,,,,False,False
B2000464200000,TIO TOMMY - O HOMEM QUE FUNDOU A NEWSWEEK,2020,2020,SC,COMUNICAÇÃO ELETRÔNICA DE MASSA POR ASSINATURA (TV PAGA),DOCUMENTÁRIO,(sem match chamada),,False,,1,1.276952,,,,,False,,False,,,,,,,,,,,False,False,0,0.0,0,False,,,3.9,,,True,False
B2500485000000,TITE E MEG,2025,2025,BA,RADIODIFUSÃO DE SONS E IMAGENS (TV ABERTA),ANIMAÇÃO,(sem match chamada),,False,,1,1.0,,,,,False,,False,,,,,,,,,,,False,False,0,0.0,0,False,,,,,,False,False
B2200181800000,TOADA PARA JOSÉ SIQUEIRA,2022,2022,SP,COMUNICAÇÃO ELETRÔNICA DE MASSA POR ASSINATURA (TV PAGA),DOCUMENTÁRIO,(sem match chamada),,False,,1,1.096731,,,,,False,139.0,True,,825.0,7.0,1.0,,,,,,,False,False,0,0.0,0,False,,,,,,False,False
B1600604900000,"TOC - TRANSTORNADA, OBSESSIVA, COMPULSIVA",2016,2016,SP,SALAS DE EXIBIÇÃO,FICÇÃO,(sem match chamada),,False,,1,1.487011,6775172.04,,0.0,6775172.04,True,245043.0,True,36167.79006544607,3347154.19,11249.0,115.0,,,,,,,False,False,0,0.0,0,False,,,3.898,5.4,599.0,True,True
B2200231900000,TODA MENINA BAIANA - 2A TEMPORADA,2022,2022,BA,COMUNICAÇÃO ELETRÔNICA DE MASSA POR ASSINATURA (TV PAGA),DOCUMENTÁRIO,(sem match chamada),,False,,1,1.096731,,,,,False,,False,,,,,,,,,,,False,False,0,0.0,0,False,,,,,,False,False
B2100016700000,TODAS AS MELODIAS,2020,2020,RJ,COMUNICAÇÃO ELETRÔNICA DE MASSA POR ASSINATURA (TV PAGA),DOCUMENTÁRIO,(sem match chamada),,False,,1,1.276952,,,,,False,,False,,,,,,,,,,,False,False,0,0.0,0,False,,,3.8,7.1,20.0,True,True
B2300190300000,TODO DIA É DIA DE FEIRA,2023,2023,RJ,SALAS DE EXIBIÇÃO,DOCUMENTÁRIO,(sem match chamada),,False,,1,1.0483,,,,,False,11.0,True,,240.31,14.0,2.0,,,,,,,False,False,0,0.0,0,False,,,4.0,,,True,False
B2400098000000,TODO MUNDO (AINDA) TEM PROBLEMAS SEXUAIS,2024,2024,RJ,SALAS DE EXIBIÇÃO,FICÇÃO,(sem match chamada),,False,,1,1.0,,,,,False,1080.0,True,,21989.82,363.0,8.0,,,,,,,False,False,0,0.0,0,False,,,,,,False,False
B1402070700000,TODOS OS BRASILEIROS NO MUNDO,2013,2013,RJ,INDEFINIDO,DOCUMENTÁRIO,(sem match chamada),,False,,1,1.861311,,,,,False,,False,,,,,,,,,,,False,False,0,0.0,0,False,,,4.3,,,True,False
B2200343200000,TODOS OS INSCRITOS DE NESS,2022,2022,PR,OUTROS MERCADOS,FICÇÃO,(sem match chamada),,False,,1,1.096731,,,,,False,,False,,,,,,,,,,,False,False,0,0.0,0,False,,,3.89,,,True,False
B2400290800000,TOPO,2024,2024,SP,COMUNICAÇÃO ELETRÔNICA DE MASSA POR ASSINATURA (TV PAGA),DOCUMENTÁRIO,(sem match chamada),,False,,1,1.0,,,,,False,,False,,,,,,,,,,,False,False,0,0.0,0,False,,,,,,False,False
B1600582300000,TORDESILHAS -1A TEMPORADA,2015,2015,SP,RADIODIFUSÃO DE SONS E IMAGENS (TV ABERTA),ANIMAÇÃO,(sem match chamada),,False,,1,1.580544,,,,,False,,False,,,,,,,,,,,False,False,0,0.0,0,False,,,,,,False,False
B2000123000000,TORQUATO  IMAGEM DA INCOMPLETUDE,2019,2019,PI,COMUNICAÇÃO ELETRÔNICA DE MASSA POR ASSINATURA (TV PAGA),DOCUMENTÁRIO,(sem match chamada),,False,,1,1.33467,,,,,False,,False,,,,,,,,,,,False,False,0,0.0,0,False,,,,,,False,False
B1700253900000,TRABALHAR PRA QUEM?,2016,2016,SP,RADIODIFUSÃO DE SONS E IMAGENS (TV ABERTA),DOCUMENTÁRIO,(sem match chamada),,False,,1,1.487011,,,,,False,,False,,,,,,,,,,,False,False,0,0.0,0,False,,,,,,False,False
B2500480600000,TRAIÇÃO ENTRE AMIGAS,2025,2025,RJ,SALAS DE EXIBIÇÃO,FICÇÃO,(sem match chamada),,False,,1,1.0,,,,,False,10393.0,True,,206112.53,6974.0,197.0,,,,,,,False,False,0,0.0,0,False,,,,,,False,False
B2400338500000,TRANSMUTAÇÃO - UMA CONVERSA SOBRE O PRAZER FEMININO,2024,2024,PE,RADIODIFUSÃO DE SONS E IMAGENS (TV ABERTA),DOCUMENTÁRIO,(sem match chamada),,False,,1,1.0,,,,,False,,False,,,,,,,,,,,False,False,0,0.0,0,False,,,,,,False,False
B2500076600000,TRAVESSIA INKA  O SEGREDO DOS ANDES,2025,2025,BA,COMUNICAÇÃO ELETRÔNICA DE MASSA POR ASSINATURA (TV PAGA),DOCUMENTÁRIO,(sem match chamada),,False,,1,1.0,,,,,False,,False,,,,,,,,,,,False,False,0,0.0,0,False,,,,,,False,False
B2600001800000,TREME TERRA,2025,2025,AL,SALAS DE EXIBIÇÃO,FICÇÃO,(sem match chamada),,False,,1,1.0,,,,,False,,False,,,,,,,,,,,False,False,0,0.0,0,False,,,,,,False,False
B1402155200000,TROMBA TREM - 2ª TEMPORADA,2014,2014,RJ,INDEFINIDO,ANIMAÇÃO,(sem match chamada),,False,,1,1.749188,,,,,False,,False,,,,,,,,,,,False,False,0,0.0,0,False,,,,,,False,False
B1600314000000,TROMBA TREM - 3ª TEMPORADA,2016,2016,RJ,COMUNICAÇÃO ELETRÔNICA DE MASSA POR ASSINATURA (TV PAGA),ANIMAÇÃO,(sem match chamada),,False,,1,1.487011,,,,,False,,False,,,,,,,,,,,False,False,0,0.0,0,False,,,,,,False,False
B2300139700000,TUDO O QUE VOCÊ PODIA SER,2023,2023,MG,SALAS DE EXIBIÇÃO,DOCUMENTÁRIO,(sem match chamada),,False,,1,1.0483,,,,,False,2411.0,True,,23635.17,209.0,19.0,,,,,,,False,False,0,0.0,0,False,,,4.133,7.3,18.0,True,True
B1500150200000,TUDO QUE APRENDEMOS JUNTOS,2014,2014,SP,SALAS DE EXIBIÇÃO,FICÇÃO,(sem match chamada),,False,,1,1.749188,15926010.496815018,,0.0,15926010.496815018,True,47956.0,True,3011.1747075383714,303608.0,15.0,8.0,,,,,,,False,False,0,0.0,0,False,1.0,0.0,3.612,6.7,948.0,True,True
B1900439600000,TUIGA - 1ª TEMPORADA,2019,2019,RJ,COMUNICAÇÃO ELETRÔNICA DE MASSA POR ASSINATURA (TV PAGA),ANIMAÇÃO,(sem match chamada),,False,,1,1.33467,,,,,False,,False,,,,,,,,,,,False,False,0,0.0,0,False,,,,,,False,False
B2200424900000,TURISTA APRENDIZ,2022,2022,RJ,SALAS DE EXIBIÇÃO,FICÇÃO,(sem match chamada),,False,,1,1.096731,,,,,False,,False,,,,,,,,,,,False,False,0,0.0,0,False,,,,,,False,False
B1900266700000,TURMA 33B - PILOTO,2019,2019,PR,RADIODIFUSÃO DE SONS E IMAGENS (TV ABERTA),FICÇÃO,(sem match chamada),,False,,1,1.33467,,,,,False,,False,,,,,,,,,,,False,False,0,0.0,0,False,,,,,,False,False
B1500577500000,TURMA DA HARMONIA - EPISÓDIO PILOTO,2015,2015,BA,COMUNICAÇÃO ELETRÔNICA DE MASSA POR ASSINATURA (TV PAGA),ANIMAÇÃO,(sem match chamada),,False,,1,1.580544,,,,,False,,False,,,,,,,,,,,False,False,0,0.0,0,False,,,,,,False,False
B1700127900000,TÁ NA HORA DE BRINCAR,2016,2016,PI,RADIODIFUSÃO DE SONS E IMAGENS (TV ABERTA),DOCUMENTÁRIO,(sem match chamada),,False,,1,1.487011,,,,,False,,False,,,,,,,,,,,False,False,0,0.0,0,False,,,,,,False,False
B1600193400000,TÁ NO SANGUE - OS FAGUNDES,2016,2016,RS,RADIODIFUSÃO DE SONS E IMAGENS (TV ABERTA),DOCUMENTÁRIO,(sem match chamada),,False,,1,1.487011,,,,,False,,False,,,,,,,,,,,False,False,0,0.0,0,False,,,4.3,,,True,False
B2000418400000,UBUNTU - A PARTILHA QUILOMBOLA,2020,2020,PA,COMUNICAÇÃO ELETRÔNICA DE MASSA POR ASSINATURA (TV PAGA),DOCUMENTÁRIO,(sem match chamada),,False,,1,1.276952,,,,,False,,False,,,,,,,,,,,False,False,0,0.0,0,False,,,,,,False,False
B2300549000000,UM BOM VIZINHO,2023,2023,RJ,COMUNICAÇÃO ELETRÔNICA DE MASSA POR ASSINATURA (TV PAGA),DOCUMENTÁRIO,(sem match chamada),,False,,1,1.0483,,,,,False,,False,,,,,,,,,,,False,False,0,0.0,0,False,,,3.793,,,True,False
B2200154200000,UM BROTO LEGAL,2022,2022,SP,SALAS DE EXIBIÇÃO,FICÇÃO,(sem match chamada),,False,,1,1.096731,744524.4,,0.0,744524.4,True,1815.0,True,2437.7978747237835,29120.08,374.0,15.0,,,,,,,False,False,0,0.0,0,False,,,,6.4,45.0,False,True
B2100278800000,UM CASAL INSEPARÁVEL,2021,2021,RJ,SALAS DE EXIBIÇÃO,FICÇÃO,(sem match chamada),,False,,1,1.160232,5360691.502619999,,0.0,5360691.502619999,True,,False,0.0,,,,,,4.0,1.0,,,False,False,0,0.8,1,True,,,3.603,6.2,86.0,True,True
B1800552500000,UM DIA PARA SUSANA,2018,2018,RJ,SALAS DE EXIBIÇÃO,DOCUMENTÁRIO,(sem match chamada),,False,,1,1.392194,,,,,False,204.0,True,,2096.61,34.0,5.0,,,,,,,False,False,0,0.0,0,False,,,4.123,8.1,8.0,True,True
B2400258900000,UM FILME PARA BEATRICE,2024,2024,RJ,COMUNICAÇÃO ELETRÔNICA DE MASSA POR ASSINATURA (TV PAGA),DOCUMENTÁRIO,(sem match chamada),,False,,1,1.0,,,,,False,,False,,,,,,,,,,,False,False,0,0.0,0,False,,,,,,False,False
B2400495700000,UM LOBO ENTRE OS CISNES,2024,2024,RJ,SALAS DE EXIBIÇÃO,FICÇÃO,(sem match chamada),,False,,1,1.0,5055837.4,,0.0,5055837.4,True,19564.0,True,3869.5864704826145,227572.62,1320.0,33.0,,,,,,,False,False,0,0.0,0,False,,,,,,False,False
B1700030900000,UM LUGAR PARA CHAMAR DE C. E. U.,2016,2016,PR,RADIODIFUSÃO DE SONS E IMAGENS (TV ABERTA),DOCUMENTÁRIO,(sem match chamada),,False,,1,1.487011,,,,,False,,False,,,,,,,,,,,False,False,0,0.0,0,False,,,3.95,,,True,False
B2500086800000,UM OLHAR ESTRANGEIRO DA  ARTE BRASILEIRA - POR MARC POTTIER,2025,2025,DF,COMUNICAÇÃO ELETRÔNICA DE MASSA POR ASSINATURA (TV PAGA),DOCUMENTÁRIO,(sem match chamada),,False,,1,1.0,,,,,False,,False,,,,,,,,,,,False,False,0,0.0,0,False,,,,,,False,False
B2400325800000,UM OLHAR INQUIETO - O CINEMA DE JORGE BODANZKY,2024,2024,AM,SALAS DE EXIBIÇÃO,DOCUMENTÁRIO,(sem match chamada),,False,,1,1.0,,,,,False,,False,,,,,,,,,,,False,False,0,0.0,0,False,,,,,,False,False
B2500532900000,UM PAI EM APUROS,2025,2025,SP,SALAS DE EXIBIÇÃO,FICÇÃO,(sem match chamada),,False,,1,1.0,3603609.0,,0.0,3603609.0,True,,False,0.0,,,,,,,,,,False,False,0,0.0,0,False,,,,,,False,False
B2400164100000,UMA BALEIA PODE SER DILACERADA COMO UMA ESCOLA DE SAMBA,2024,2024,RJ,COMUNICAÇÃO ELETRÔNICA DE MASSA POR ASSINATURA (TV PAGA),FICÇÃO,(sem match chamada),,False,,1,1.0,,,,,False,,False,,,,,,,,,,,False,False,0,0.0,0,False,,,,,,False,False
B2300465800000,UMA CARTA PARA PAPAI NOEL,2023,2023,RS,SALAS DE EXIBIÇÃO,FICÇÃO,(sem match chamada),,False,,1,1.0483,,,,,False,6420.0,True,,93323.1,1029.0,58.0,,,,,,,False,False,0,0.0,0,False,,,3.817,5.8,10.0,True,True
B2400055700000,UMA HISTÓRIA DA MÍDIA,2024,2024,SP,COMUNICAÇÃO ELETRÔNICA DE MASSA POR ASSINATURA (TV PAGA),DOCUMENTÁRIO,(sem match chamada),,False,,1,1.0,,,,,False,,False,,,,,,,,,,,False,False,0,0.0,0,False,,,,,,False,False
B1600305700000,UMA LOUCURA DE MULHER,2015,2015,DF,SALAS DE EXIBIÇÃO,FICÇÃO,(sem match chamada),,False,,1,1.580544,3219066.6750837,,0.0,3219066.6750837,True,104667.0,True,32514.703969987982,1354911.48,149.0,21.0,,,,,,,False,False,0,0.0,0,False,,,2.9,5.3,264.0,True,True
B2500146300000,UMA MULHER SEM FILTRO,2025,2025,RJ,SALAS DE EXIBIÇÃO,FICÇÃO,(sem match chamada),,False,,1,1.0,4687081.245,,0.0,4687081.245,True,69313.0,True,14788.094418875387,988873.79,22139.0,279.0,,,,,,,False,False,0,0.0,0,False,,,,,,False,False
B2500030400000,UNIDRAMA,2025,2025,CE,COMUNICAÇÃO ELETRÔNICA DE MASSA POR ASSINATURA (TV PAGA),ANIMAÇÃO,(sem match chamada),,False,,1,1.0,,,,,False,,False,,,,,,,,,,,False,False,0,0.0,0,False,,,,,,False,False
B2500294000000,UNIÃO SETE FLEXAS,2025,2025,PE,RADIODIFUSÃO DE SONS E IMAGENS (TV ABERTA),DOCUMENTÁRIO,(sem match chamada),,False,,1,1.0,,,,,False,,False,,,,,,,,,,,False,False,0,0.0,0,False,,,,,,False,False
B1700525900000,VELHAS AMIGAS,2017,2017,SP,COMUNICAÇÃO ELETRÔNICA DE MASSA POR ASSINATURA (TV PAGA),FICÇÃO,(sem match chamada),,False,,1,1.444401,,,,,False,,False,,,,,,,,,,,False,False,0,0.0,0,False,,,,,,False,False
B2600027400000,VELHOS BANDIDOS,2026,2026,RJ,SALAS DE EXIBIÇÃO,FICÇÃO,(sem match chamada),,False,,1,1.0,10000000.0,,0.0,10000000.0,True,,False,0.0,,,,,,,,,,False,False,0,0.0,0,False,,,,,,False,False
B2100315800000,VENTO NA FRONTEIRA,2021,2021,SP,SALAS DE EXIBIÇÃO,DOCUMENTÁRIO,(sem match chamada),,False,,1,1.160232,,,,,False,,False,,,,,,,10.0,4.0,,,False,False,0,2.0,1,True,,,3.97,8.4,17.0,True,True
B2500227900000,VERDE OLIVA,2025,2025,PR,SALAS DE EXIBIÇÃO,FICÇÃO,(sem match chamada),,False,,1,1.0,,,,,False,,False,,,,,,,,,,,False,False,0,0.0,0,False,,,,,,False,False
B1900468100000,VERLUST,2019,2019,RS,SALAS DE EXIBIÇÃO,FICÇÃO,(sem match chamada),,True,,1,1.33467,1745805.070408,,0.0,1745805.070408,True,191.0,True,109.40511242492997,2682.71,49.0,3.0,,,8.0,2.0,,,False,False,0,1.6,2,True,1.0,0.0,,5.6,65.0,False,True
B2000292200000,VERONA,2020,2020,RS,COMUNICAÇÃO ELETRÔNICA DE MASSA POR ASSINATURA (TV PAGA),FICÇÃO,(sem match chamada),,False,,1,1.276952,,,,,False,,False,,,,,,,,,,,True,False,1,6.67,0,False,,,3.658,8.7,26.0,True,True
B2400193900000,VIAGEM AO CRISTALINO,2024,2024,MT,COMUNICAÇÃO ELETRÔNICA DE MASSA POR ASSINATURA (TV PAGA),DOCUMENTÁRIO,(sem match chamada),,False,,1,1.0,,,,,False,,False,,,,,,,,,,,False,False,0,0.0,0,False,,,,,,False,False
B1500769700000,VIDA DE ESTAGIÁRIO - 2ª TEMPORADA,2015,2015,SP,COMUNICAÇÃO ELETRÔNICA DE MASSA POR ASSINATURA (TV PAGA),FICÇÃO,(sem match chamada),,True,,1,1.580544,,,,,False,,False,,,,,,,,,,,False,False,0,0.0,1,True,,,3.2,,,True,False
B1900149500000,"VIDA, PAIXÃO E MORTE DE PADRE CÍCERO (PILOTO)",2019,2019,CE,COMUNICAÇÃO ELETRÔNICA DE MASSA POR ASSINATURA (TV PAGA),DOCUMENTÁRIO,(sem match chamada),,False,,1,1.33467,,,,,False,,False,,,,,,,,,,,False,False,0,0.0,0,False,,,3.2,,,True,False
B2400113700000,VIDAS ROUBADAS - A SAGA DE ISABELLA,2024,2024,SP,COMUNICAÇÃO ELETRÔNICA DE MASSA POR ASSINATURA (TV PAGA),DOCUMENTÁRIO,(sem match chamada),,False,,1,1.0,,,,,False,,False,,,,,,,,,,,False,False,0,0.0,0,False,,,,,,False,False
B2200073700000,VIRAR MAR,2022,2022,CE,SALAS DE EXIBIÇÃO,DOCUMENTÁRIO,(sem match chamada),,True,,1,1.096731,,,,,False,373.0,True,,2897.89,63.0,9.0,,,,,,,False,False,0,0.0,1,True,,,,,,False,False
B1700584400000,"VISCERAL BRASIL, AS VEIAS ABERTAS DA MÚSICA - 2A TEMPORADA",2017,2017,SC,RADIODIFUSÃO DE SONS E IMAGENS (TV ABERTA),DOCUMENTÁRIO,(sem match chamada),,False,,1,1.444401,,,,,False,,False,,,,,,,,,,,False,False,0,0.0,0,False,,,4.05,,,True,False
B1900122000000,VIVER DO RISO (VERSAO 2019),2018,2018,SP,RADIODIFUSÃO DE SONS E IMAGENS (TV ABERTA),DOCUMENTÁRIO,(sem match chamada),,False,,1,1.392194,,,,,False,,False,,,,,,,,,,,False,False,0,0.0,0,False,,,4.112,,,True,False
B2600013000000,VIVER O MAR - CONSERVAÇÃO E TRANSFORMAÇÃO,2026,2026,SP,COMUNICAÇÃO ELETRÔNICA DE MASSA POR ASSINATURA (TV PAGA),DOCUMENTÁRIO,(sem match chamada),,False,,1,1.0,,,,,False,,False,,,,,,,,,,,False,False,0,0.0,0,False,,,,,,False,False
B1900322000000,VIVIR ALLÍ NO ES EL INFIERNO ES EL FUEGO DEL DESIERTO.LA PLENITUD DE LA VIDA QUEDÓ AHÍ COMO UN ÁRBOL,2018,2018,MG,SALAS DE EXIBIÇÃO,DOCUMENTÁRIO,(sem match chamada),,True,,1,1.392194,,,,,False,186.0,True,,1673.0,12.0,2.0,,,,,,,False,False,0,0.0,1,True,,,3.2,5.3,9.0,True,True
B2500015800000,"VLAVIANOS, O IMPULSO E RAZÃO",2025,2025,SP,COMUNICAÇÃO ELETRÔNICA DE MASSA POR ASSINATURA (TV PAGA),DOCUMENTÁRIO,(sem match chamada),,False,,1,1.0,,,,,False,,False,,,,,,,,,,,False,False,0,0.0,0,False,,,,,,False,False
B2400004700000,VOZ DA PELE,2024,2024,RS,RADIODIFUSÃO DE SONS E IMAGENS (TV ABERTA),DOCUMENTÁRIO,(sem match chamada),,False,,1,1.0,,,,,False,,False,,,,,,,,,,,False,False,0,0.0,0,False,,,,,,False,False
B2400347200000,VOZ DE MULHER,2024,2024,BA,COMUNICAÇÃO ELETRÔNICA DE MASSA POR ASSINATURA (TV PAGA),DOCUMENTÁRIO,(sem match chamada),,False,,1,1.0,,,,,False,,False,,,,,,,,,,,False,False,0,0.0,0,False,,,,,,False,False
B2600015300000,VOZ GUIA,2026,2026,BA,RADIODIFUSÃO DE SONS E IMAGENS (TV ABERTA),DOCUMENTÁRIO,(sem match chamada),,False,,1,1.0,,,,,False,,False,,,,,,,,,,,False,False,0,0.0,0,False,,,,,,False,False
B2500499200000,VOZES NA SUA CABEÇA,2025,2025,RJ,SALAS DE EXIBIÇÃO,DOCUMENTÁRIO,(sem match chamada),,False,,1,1.0,,,,,False,,False,,,,,,,,,,,False,False,0,0.0,0,False,,,,,,False,False
B2500498400000,VÊNIA,2025,2025,PE,RADIODIFUSÃO DE SONS E IMAGENS (TV ABERTA),DOCUMENTÁRIO,(sem match chamada),,False,,1,1.0,,,,,False,,False,,,,,,,,,,,False,False,0,0.0,0,False,,,,,,False,False
B2400379300000,WATORIKI,2024,2024,SP,COMUNICAÇÃO ELETRÔNICA DE MASSA POR ASSINATURA (TV PAGA),DOCUMENTÁRIO,(sem match chamada),,False,,1,1.0,,,,,False,,False,,,,,,,,,,,False,False,0,0.0,0,False,,,,,,False,False
B2400259800000,WIGUDUN - ALMA DE DOIS ESPÍRITOS,2024,2024,RJ,SALAS DE EXIBIÇÃO,DOCUMENTÁRIO,(sem match chamada),,True,,1,1.0,,,,,False,59.0,True,,622.5,2.0,1.0,,,,,,,False,False,0,0.0,1,True,,,,,,False,False
B1600117100000,WORK IN PROGRESS – POR DENTRO DO BALÉ DA CIDADE DE SÃO PAULO,2015,2015,SP,COMUNICAÇÃO ELETRÔNICA DE MASSA POR ASSINATURA (TV PAGA),DOCUMENTÁRIO,(sem match chamada),,False,,1,1.580544,,,,,False,,False,,,,,,,,,,,False,False,0,0.0,0,False,,,4.45,,,True,False
B1800236100000,XINÃ BENA BEISIKIT XARABU,2018,2018,AC,OUTROS MERCADOS,DOCUMENTÁRIO,(sem match chamada),,False,,1,1.392194,,,,,False,,False,,,,,,,,,,,False,False,0,0.0,0,False,,,,,,False,False
B2500019600000,YAATHÊ - NOSSA FALA,2025,2025,PE,RADIODIFUSÃO DE SONS E IMAGENS (TV ABERTA),DOCUMENTÁRIO,(sem match chamada),,False,,1,1.0,,,,,False,,False,,,,,,,,,,,False,False,0,0.0,0,False,,,,,,False,False
B1800612200000,ZANA - O FILHO DA MATA,2018,2018,AM,OUTROS MERCADOS,FICÇÃO,(sem match chamada),,False,,1,1.392194,,,,,False,,False,,,,,,,,,,,False,False,0,0.0,0,False,,,3.978,,,True,False
B1600095100000,ZANINE SER DO ARQUITETAR,2016,2016,RJ,COMUNICAÇÃO ELETRÔNICA DE MASSA POR ASSINATURA (TV PAGA),DOCUMENTÁRIO,(sem match chamada),,False,,1,1.487011,,,,,False,,False,,,,,,,,,,,False,False,0,0.0,0,False,,,,,,False,False
B1600543200000,ZICA E OS CAMALEÕES - SEGUNDA TEMPORADA,2016,2016,SP,RADIODIFUSÃO DE SONS E IMAGENS (TV ABERTA),ANIMAÇÃO,(sem match chamada),,False,,1,1.487011,,,,,False,,False,,,,,,,,,,,False,False,0,0.0,0,False,,,,,,False,False
B2200158100000,ZIRALDO - ERA UMA VEZ UM MENINO...,2022,2022,RJ,COMUNICAÇÃO ELETRÔNICA DE MASSA POR ASSINATURA (TV PAGA),DOCUMENTÁRIO,(sem match chamada),,False,,1,1.096731,,,,,False,,False,,,,,,,,,,,False,False,0,0.0,0,False,,,4.24,,,True,False
B1201605900000,À BEIRA DO CAMINHO,2010,2010,RJ,INDEFINIDO,FICÇÃO,(sem match chamada),,False,,1,2.222058,13515471.79051192,,0.0,13515471.79051192,True,,False,0.0,,,,,,,,,,False,False,0,0.0,0,False,,,3.8,6.9,338.0,True,True
B2400432800000,ÁGUASP,2024,2024,SP,RADIODIFUSÃO DE SONS E IMAGENS (TV ABERTA),DOCUMENTÁRIO,(sem match chamada),,False,,1,1.0,,,,,False,,False,,,,,,,,,,,False,False,0,0.0,0,False,,,,,,False,False
B1900576700000,ÊXTASE,2019,2019,SP,SALAS DE EXIBIÇÃO,DOCUMENTÁRIO,(sem match chamada),,False,,1,1.33467,,,,,False,132.0,True,,1480.54,73.0,7.0,,,,,,,False,False,0,0.0,0,False,,,,7.7,82.0,False,True
B1700112800000,ÍNDIOS NO BRASIL,2016,2016,PE,RADIODIFUSÃO DE SONS E IMAGENS (TV ABERTA),DOCUMENTÁRIO,(sem match chamada),,False,,1,1.487011,,,,,False,,False,,,,,,,,,,,False,False,0,0.0,0,False,,,4.3,,,True,False
B2300472200000,"Ó PAÍ, Ó 2",2023,2023,SP,SALAS DE EXIBIÇÃO,FICÇÃO,(sem match chamada),,False,,1,1.0483,4510708.56,,0.0,4510708.56,True,192469.0,True,42669.34949129146,3454330.71,12010.0,166.0,,,,,,,False,False,0,0.0,0,False,,,3.878,3.9,760.0,True,True
B1700606000000,ÔMICRON,2017,2017,RN,COMUNICAÇÃO ELETRÔNICA DE MASSA POR ASSINATURA (TV PAGA),FICÇÃO,(sem match chamada),,False,,1,1.444401,,,,,False,,False,,,,,,,,,,,False,False,0,0.0,0,False,,,,,,False,False
