cpb,imdb_tconst,tmdb_id,tmdb_encontrado,cartaz_eua,eua_tipo_max,eua_data,cartaz_asia,asia_paises,n_asia_paises,n_paises_cartaz
B0400102700000,tt0112381,394531.0,True,False,0,,False,,0,1
B0400059500000,tt0118674,232739.0,True,False,0,,False,,0,1
B0600547500000,tt0189415,284649.0,True,False,0,,False,,0,1
B0500298800000,tt0113466,471130.0,True,False,0,,False,,0,0
B0500444400000,tt0117418,8442.0,True,False,0,,False,,0,1
B0500263900000,tt0117910,65140.0,True,False,0,,False,,0,3
B0400052500000,tt0139075,262707.0,True,False,0,,False,,0,1
B0500313900000,tt0288464,523975.0,True,True,3,1996-10-10,False,,0,1
B0500403400000,tt0137546,240839.0,True,False,0,,False,,0,1
B0500262300000,tt0268337,277372.0,True,False,0,,False,,0,1
B0500321300000,tt0243393,364407.0,True,False,0,,False,,0,1
B1101390800000,tt0158789,164543.0,True,False,0,,False,,0,1
B0800842700000,tt0118815,344290.0,True,False,0,,False,,0,1
B0500311300000,tt0138364,253386.0,True,False,0,,False,,0,1
B0600508700000,tt0239770,195517.0,True,False,0,,False,,0,1
B0500261200000,tt0222715,329630.0,True,False,0,,False,,0,1
B0600520300000,tt0144085,79978.0,True,False,0,,False,,0,1
B0400055300000,tt0222760,480051.0,True,False,0,,False,,0,1
B0500286200000,tt0174481,96055.0,True,False,0,,False,,0,1
B0300023600000,tt0235208,248959.0,True,False,0,,False,,0,0
B0600556000000,tt0121118,54955.0,True,False,0,,False,,0,1
B0700724300000,tt0173651,584879.0,True,False,0,,False,,0,0
B0500311600000,tt0189509,185775.0,True,False,0,,False,,0,1
B0500242600000,tt0237456,240855.0,True,False,0,,False,,0,1
B0800853700000,tt0280422,460835.0,True,False,0,,False,,0,1
B0800834800000,tt0197049,368586.0,True,False,0,,False,,0,1
B0800854000000,tt0140656,440758.0,True,False,0,,False,,0,1
B0600534900000,tt0237004,426050.0,True,False,0,,False,,0,1
B0500304300000,tt0144940,507935.0,True,False,0,,False,,0,1
B0500363900000,tt0235449,259812.0,True,False,0,,False,,0,1
B0600561200000,tt0166635,67613.0,True,True,3,2000-04-29,False,,0,2
B0800822000000,tt0183613,77291.0,True,False,0,,False,,0,1
B0500307600000,tt0166851,272149.0,True,False,0,,False,,0,1
B0500336400000,tt0228964,128454.0,True,False,0,,False,,0,1
B0600450400000,tt0217109,229669.0,True,False,0,,False,,0,1
B0600460600000,tt0192743,180662.0,True,False,0,,False,,0,0
B0500309600000,tt0275915,123833.0,True,True,3,2001-01-22,False,,0,2
B0500254900000,tt0263064,,False,False,0,,False,,0,0
B0500309800000,tt0263124,53961.0,True,False,0,,False,,0,2
B0500386700000,tt0180837,19600.0,True,True,3,2000-02-18,False,,0,1
B0700637600000,tt0263156,249756.0,True,False,0,,False,,0,2
B0500312000000,tt0262345,274430.0,True,False,0,,False,,0,1
B0700686200000,tt0212897,52751.0,True,False,0,,False,,0,1
B0500301000000,tt0297986,63407.0,True,True,3,2003-01-11,False,,0,5
B0500312100000,tt0263748,420068.0,True,False,0,,False,,0,1
B0600575000000,tt0311541,61551.0,True,False,0,,False,,0,2
B0300011200000,tt0228685,250500.0,True,False,0,,False,,0,1
B0800819200000,tt0245034,130905.0,True,True,3,2000-01-20,False,,0,2
B0500247700000,tt0258902,492909.0,True,False,0,,False,,0,1
B0400132100000,tt0245547,250224.0,True,True,3,2000-10-24,False,,0,3
B0300009600000,tt0304513,71879.0,True,False,0,,False,,0,1
B0500309900000,tt0294349,73158.0,True,True,3,2002-07-25,False,,0,2
B0500309700000,tt0241683,286231.0,True,False,0,,False,,0,1
B0500310000000,tt0286560,240270.0,True,False,0,,False,,0,1
B0200001300000,tt0293086,161244.0,True,False,0,,False,,0,1
B0300001600000,tt0350804,34196.0,True,False,0,,False,,0,1
B0200001000000,tt0314009,74901.0,True,False,0,,False,,0,1
B1201554100000,tt0264590,264123.0,True,False,0,,False,,0,1
B0500210500000,tt0296635,409457.0,True,False,0,,False,,0,1
B0500276200000,tt0319504,513586.0,True,False,0,,False,,0,1
B0300008800000,tt0317887,46993.0,True,False,0,,False,,0,2
B0500314000000,tt0284345,403335.0,True,False,0,,False,,0,1
B0500293500000,tt0347935,364289.0,True,False,0,,False,,0,0
B0300004700000,tt0171928,63712.0,True,False,0,,False,,0,2
B0500186600000,tt0294543,84751.0,True,False,0,,False,,0,1
B0400055700000,tt0387798,158282.0,True,False,0,,False,,0,1
B0300010000000,tt0333074,80426.0,True,False,0,,False,,0,1
B0300002800000,tt0317248,598.0,True,True,3,2003-01-17,True,HK|IN|JP|KR|PH|SG|TW,7,42
B0400145800000,tt0335054,82148.0,True,True,3,2003-01-12,False,,0,3
B0500353400000,tt0466783,319344.0,True,False,0,,False,,0,1
B0300046600000,tt0383373,60209.0,True,False,0,,False,,0,1
B0600513700000,tt0303408,53960.0,True,False,0,,False,,0,3
B0500308800000,tt0330790,258736.0,True,False,0,,False,,0,1
B0300003400000,tt0332734,306978.0,True,False,0,,False,,0,1
B0800903600000,tt0339618,277566.0,True,False,0,,False,,0,0
B0200000400000,tt0334316,230939.0,True,False,0,,False,,0,1
B0500255100000,tt0334329,241182.0,True,False,0,,False,,0,1
B0400050100000,tt0376873,131805.0,True,False,0,,False,,0,2
B0300029800000,tt0297402,272408.0,True,False,0,,False,,0,1
B0600549900000,tt0264117,207507.0,True,False,0,,False,,0,1
B0500312900000,tt0327205,70748.0,True,False,0,,False,,0,1
B0500293200000,tt0327206,54948.0,True,False,0,,False,,0,1
B0300026000000,tt0304906,147386.0,True,False,0,,False,,0,2
B0300029600000,tt0294543,84751.0,True,False,0,,False,,0,1
B0300002200000,tt0356220,372660.0,True,False,0,,False,,0,1
B0400128700000,tt0421631,249576.0,True,False,0,,False,,0,1
B0400152400000,tt0380165,36122.0,True,False,0,,False,,0,1
B0300039900000,tt0381868,216333.0,True,False,0,,False,,0,1
B0400126800000,tt12709128,,False,False,0,,False,,0,0
B0400053800000,tt0342097,46650.0,True,False,0,,False,,0,1
B0300007900000,tt0379199,47089.0,True,False,0,,False,,0,1
B0300006200000,tt0293007,8440.0,True,True,2,2004-05-14,False,,0,5
B0300004300000,tt1782406,,False,False,0,,False,,0,0
B0300004100000,tt0356490,228420.0,True,False,0,,False,,0,1
B0300040300000,tt0377747,54954.0,True,False,0,,False,,0,1
B0300020800000,tt0371642,70813.0,True,False,0,,False,,0,1
B0400087700000,tt2120058,,False,False,0,,False,,0,0
B0300023400000,tt0368726,83185.0,True,False,0,,False,,0,1
B0300041300000,tt0395568,85522.0,True,False,0,,False,,0,0
B0300002900000,tt0312773,8441.0,True,False,0,,False,,0,1
B0300002700000,tt0367859,40823.0,True,True,3,2004-04-10,False,,0,2
B0500437900000,tt6791564,1274613.0,True,False,0,,False,,0,1
B0400085500000,tt0397491,228398.0,True,False,0,,False,,0,1
B0300019500000,tt0367975,52345.0,True,False,0,,False,,0,1
B0300034800000,tt0380531,84758.0,True,False,0,,False,,0,1
B0500216600000,tt0488760,511536.0,True,False,0,,False,,0,1
B0300005800000,tt0355809,165545.0,True,False,0,,False,,0,1
B0400052300000,tt0399412,33636.0,True,False,0,,False,,0,0
B0400054400000,tt0402417,77705.0,True,False,0,,False,,0,2
B0300040400000,tt0407085,229899.0,True,False,0,,False,,0,1
B0300021600000,tt0351459,37050.0,True,False,0,,False,,0,1
B0500239900000,tt14781630,,False,False,0,,False,,0,0
B0300041500000,tt0354087,242161.0,True,False,0,,False,,0,1
B1500496800000,tt33504069,,False,False,0,,False,,0,0
B0300050000000,tt0399811,240069.0,True,False,0,,False,,0,1
B0300040900000,tt0413451,77708.0,True,False,0,,False,,0,1
B0400055000000,tt0356220,372660.0,True,False,0,,False,,0,1
B0400163000000,tt0439997,294174.0,True,False,0,,False,,0,1
B0400127100000,tt0395994,47283.0,True,False,0,,False,,0,1
B0500377400000,tt0457076,55253.0,True,False,0,,False,,0,1
B0600461400000,tt0847154,37993.0,True,False,0,,False,,0,1
B0400129700000,tt0439460,244252.0,True,False,0,,False,,0,1
B0500251200000,tt0456854,196017.0,True,False,0,,False,,0,1
B0500250700000,tt0373747,29262.0,True,True,2,2006-08-11,False,,0,2
B0400168800000,tt0429743,49723.0,True,False,0,,False,,0,1
B0400081100000,tt0318590,59474.0,True,False,0,,False,,0,1
B0400096900000,tt0427086,47672.0,True,False,0,,False,,0,1
B0400066300000,tt0395978,157366.0,True,False,0,,False,,0,1
B0500370500000,tt0456117,29009.0,True,False,0,,False,,0,1
B0400129500000,tt0440270,43925.0,True,False,0,,False,,0,2
B0400102600000,tt0419684,255547.0,True,False,0,,False,,0,1
B0500294600000,tt0477164,251574.0,True,False,0,,False,,0,1
B0500376500000,tt6679028,352627.0,True,False,0,,False,,0,1
B0400085800000,tt0371977,200599.0,True,False,0,,False,,0,1
B0500209900000,tt0427221,73915.0,True,False,0,,False,,0,0
B0400142200000,tt0466786,204969.0,True,False,0,,False,,0,1
B0600494700000,tt0895774,,False,False,0,,False,,0,0
B0400121700000,tt0425139,84763.0,True,False,0,,False,,0,1
B0400170600000,tt0416979,77710.0,True,False,0,,False,,0,1
B0700679600000,tt0498071,394928.0,True,False,0,,False,,0,1
B0400097900000,tt0196811,34671.0,True,True,3,2004-08-20,False,,0,4
B0400102900000,tt0424374,49449.0,True,True,3,2005-05-22,False,,0,3
B0400126400000,tt0328316,70812.0,True,False,0,,False,,0,1
B0400146400000,tt0436784,78129.0,True,True,2,2005-09-16,False,,0,4
B0400129900000,tt0383001,51186.0,True,False,0,,False,,0,1
B0600522500000,tt0859643,274437.0,True,False,0,,False,,0,1
B0400171000000,tt0371586,129715.0,True,False,0,,False,,0,1
B0400154400000,tt0445095,298298.0,True,False,0,,False,,0,1
B0500388300000,tt0431615,40859.0,True,False,0,,False,,0,1
B0600514100000,tt5008340,331247.0,True,False,0,,False,,0,1
B0500323500000,tt0807702,81075.0,True,True,3,2007-04-19,False,,0,1
B0500431600000,tt0856775,256179.0,True,False,0,,False,,0,1
B0600490200000,tt0477159,256181.0,True,False,0,,False,,0,1
B0500440200000,tt0442753,206162.0,True,False,0,,False,,0,1
B0500265000000,tt0456899,8443.0,True,True,3,2005-12-14,True,KR,1,5
B0500255500000,tt0373760,43420.0,True,False,0,,False,,0,2
B0500281700000,tt0480667,353333.0,True,False,0,,False,,0,1
B0500324300000,tt0478525,86175.0,True,False,0,,False,,0,1
B0600467200000,tt0469751,213604.0,True,False,0,,False,,0,1
B0600496100000,tt0945547,353801.0,True,False,0,,False,,0,1
B0500282100000,tt0473475,35993.0,True,False,0,,False,,0,1
B0600471300000,tt0473478,621938.0,True,False,0,,False,,0,0
B0500441200000,tt0492967,108712.0,True,False,0,,False,,0,1
B0600566800000,tt0808266,123451.0,True,False,0,,False,,0,2
B0500378800000,tt0796979,255551.0,True,False,0,,False,,0,0
B0500222600000,tt0325444,398011.0,True,False,0,,False,,0,1
B0600467100000,tt0495033,77962.0,True,False,0,,False,,0,1
B0500220600000,tt0457052,50489.0,True,False,0,,False,,0,1
B0500439200000,tt0828568,74663.0,True,False,0,,False,,0,0
B0500365600000,tt0487711,272409.0,True,False,0,,False,,0,1
B0500183300000,tt1528786,239883.0,True,False,0,,False,,0,1
B0500433800000,tt0423024,508205.0,True,False,0,,False,,0,1
B0600592800000,tt0792983,51185.0,True,False,0,,False,,0,1
B0600568300000,tt2040450,240838.0,True,False,0,,False,,0,1
B0600555300000,tt1319731,57979.0,True,False,0,,False,,0,1
B0500238500000,tt0458074,163959.0,True,False,0,,False,,0,1
B0500334900000,tt0457123,254449.0,True,False,0,,False,,0,1
B0500442900000,tt1127713,738751.0,True,False,0,,False,,0,1
B0500433200000,tt0448927,34588.0,True,True,3,2006-01-06,False,,0,1
B0600470800000,tt0922605,173722.0,True,False,0,,False,,0,1
B0500438700000,tt0810096,24510.0,True,False,0,,False,,0,1
B0500256500000,tt1555367,449002.0,True,False,0,,False,,0,1
B0600471600000,tt1239321,437454.0,True,False,0,,False,,0,1
B0500444500000,tt0452744,28393.0,True,False,0,,False,,0,0
B0500385000000,tt0473562,236679.0,True,False,0,,False,,0,1
B0500433700000,tt0496595,71685.0,True,False,0,,False,,0,1
B0500438300000,tt0488811,256038.0,True,False,0,,False,,0,1
B0600599800000,tt0337564,70078.0,True,False,0,,False,,0,1
B0700764700000,tt0799788,151527.0,True,False,0,,False,,0,1
B0700641700000,tt0871896,51137.0,True,False,0,,False,,0,1
B0600527900000,tt0492869,54952.0,True,False,0,,False,,0,1
B0700670500000,tt0765431,239830.0,True,False,0,,False,,0,1
B0600599600000,tt0478978,35967.0,True,False,0,,False,,0,1
B0901126600000,tt1205903,73160.0,True,False,0,,False,,0,1
B0600602300000,tt3343120,264749.0,True,False,0,,False,,0,1
B0700648000000,tt0997039,68166.0,True,False,0,,False,,0,1
B0600509100000,tt0870987,199748.0,True,False,0,,False,,0,1
B0700659300000,tt1068642,296393.0,True,False,0,,False,,0,1
B0700656800000,tt1018706,86172.0,True,True,3,2008-04-01,False,,0,2
B0600587200000,tt0841175,95342.0,True,True,3,2007-08-15,False,,0,3
B0600628200000,tt3648008,254627.0,True,False,0,,False,,0,1
B0700680500000,tt0886487,169811.0,True,False,0,,False,,0,1
B0700643600000,tt2057394,405303.0,True,False,0,,False,,0,1
B0700752900000,tt6449218,311360.0,True,False,0,,False,,0,0
B0700676500000,tt1068648,602559.0,True,False,0,,False,,0,1
B0700680400000,tt1068650,128444.0,True,False,0,,False,,0,1
B0600539200000,tt27367835,,False,False,0,,False,,0,0
B0600477800000,tt0438916,68005.0,True,False,0,,False,,0,1
B0700670400000,tt1438492,151401.0,True,False,0,,False,,0,1
B0600502500000,tt0339382,355774.0,True,False,0,,False,,0,1
B0600546700000,tt0489772,88053.0,True,False,0,,False,,0,1
B0600459900000,tt0446407,339407.0,True,False,0,,False,,0,1
B0600604600000,tt0973822,199707.0,True,False,0,,False,,0,1
B0600623600000,tt1478282,229481.0,True,False,0,,False,,0,1
B0600552200000,tt0438329,132681.0,True,False,0,,False,,0,1
B0600504400000,tt0926215,651441.0,True,False,0,,False,,0,0
B0600572700000,tt0857355,14421.0,True,False,0,,False,,0,2
B0600616600000,tt1169137,146538.0,True,False,0,,False,,0,1
B0700652000000,tt0489458,40860.0,True,False,0,,False,,0,1
B0700638200000,tt1320087,290131.0,True,False,0,,False,,0,1
B0700748600000,tt0933033,19147.0,True,False,0,,False,,0,1
B0700632300000,tt0488893,102166.0,True,False,0,,False,,0,1
B0800833500000,tt4741616,356367.0,True,False,0,,False,,0,1
B0600538400000,tt0388333,239860.0,True,False,0,,False,,0,1
B0800820100000,tt0498075,484296.0,True,False,0,,False,,0,1
B0700650300000,tt0798732,156341.0,True,False,0,,False,,0,1
B0901002100000,tt1446136,80444.0,True,False,0,,False,,0,1
B0700714700000,tt0827778,51847.0,True,False,0,,False,,0,1
B0600593100000,tt0945383,46645.0,True,False,0,,False,,0,3
B0600578000000,tt6448700,671681.0,True,False,0,,False,,0,1
B0700749900000,tt0856810,361404.0,True,False,0,,False,,0,1
B0600535300000,tt0473679,177531.0,True,False,0,,False,,0,1
B0600587800000,tt0402505,62045.0,True,True,3,2006-01-20,False,,0,2
B0600552000000,tt0846109,71196.0,True,False,0,,False,,0,1
B0700655500000,tt0166871,218584.0,True,False,0,,False,,0,1
B0600616500000,tt0936504,268702.0,True,False,0,,False,,0,1
B0600535800000,tt0481254,73169.0,True,False,0,,False,,0,1
B0700678800000,tt1033465,74231.0,True,False,0,,False,,0,1
B0700722200000,tt0984175,81923.0,True,False,0,,False,,0,2
B0700746500000,tt1058027,89271.0,True,False,0,,False,,0,1
B0800839000000,tt2015288,214944.0,True,False,0,,False,,0,1
B0800880800000,tt1043835,13959.0,True,False,0,,False,,0,1
B0800826700000,tt0977642,74294.0,True,False,0,,False,,0,2
B0700691900000,tt0870090,7343.0,True,True,3,2008-02-29,False,,0,4
B0800842100000,tt0488515,46649.0,True,False,0,,False,,0,2
B0700799500000,tt1828155,353780.0,True,False,0,,False,,0,1
B0700773900000,tt14463498,285489.0,True,False,0,,False,,0,1
B0800953200000,tt1959367,259845.0,True,False,0,,False,,0,1
B0700758900000,tt1018710,242591.0,True,False,0,,False,,0,1
B0800841700000,tt2334613,660044.0,True,False,0,,False,,0,1
B0700752700000,tt0793413,71116.0,True,False,0,,False,,0,4
B0700777200000,tt1039960,69335.0,True,True,3,2008-04-11,False,,0,3
B0800840400000,tt1059921,169497.0,True,False,0,,False,,0,1
B0700739300000,tt1183901,101626.0,True,False,0,,False,,0,1
B0700664600000,tt1361317,240875.0,True,False,0,,False,,0,0
B0700735100000,tt31969456,,False,False,0,,False,,0,0
B0700644000000,tt0933036,267329.0,True,False,0,,False,,0,1
B0700651400000,tt1346972,259677.0,True,False,0,,False,,0,1
B0700758700000,tt1165293,86321.0,True,False,0,,False,,0,1
B0700761400000,tt1116944,235459.0,True,False,0,,False,,0,1
B1001312200000,tt1331316,258741.0,True,False,0,,False,,0,1
B0700719300000,tt1185608,233142.0,True,False,0,,False,,0,1
B0700721300000,tt0848596,82409.0,True,True,2,2009-10-13,False,,0,4
B0700661700000,tt0432988,132635.0,True,False,0,,False,,0,1
B0700767100000,tt6447438,280808.0,True,False,0,,False,,0,1
B0700766800000,tt0857177,24682.0,True,True,3,2007-11-15,False,,0,1
B0700688200000,tt0826110,173928.0,True,False,0,,False,,0,1
B0700802200000,tt1119162,194956.0,True,False,0,,False,,0,1
B0800850500000,tt6447454,515881.0,True,False,0,,False,,0,1
B0700801600000,tt1111931,156289.0,True,False,0,,False,,0,1
B0800839700000,tt0456122,54378.0,True,False,0,,False,,0,1
B0700807900000,tt1245665,687953.0,True,True,3,2007-12-25,False,,0,1
B0800827400000,tt2245047,739332.0,True,False,0,,False,,0,1
B0700810200000,tt1183692,228399.0,True,False,0,,False,,0,1
B1600695300000,tt19817612,,False,False,0,,False,,0,0
B0901091100000,tt14488764,676779.0,True,False,0,,False,,0,1
B0700696000000,tt0907134,64397.0,True,False,0,,False,,0,1
B0700778100000,tt0882782,43928.0,True,False,0,,False,,0,1
B1101397900000,tt1510932,128011.0,True,False,0,,False,,0,1
B0700759000000,tt0861739,7347.0,True,True,2,2008-09-19,True,HK|KR|SG|TW,4,29
B0800852600000,tt1773823,213533.0,True,False,0,,False,,0,1
B0700798700000,tt1146300,354305.0,True,False,0,,False,,0,1
B0700757200000,tt11043512,243658.0,True,False,0,,False,,0,1
B0700653200000,tt0895777,37817.0,True,False,0,,False,,0,1
B0800873400000,tt6423538,156586.0,True,False,0,,False,,0,1
B0901007400000,tt2160448,240841.0,True,False,0,,False,,0,1
B0900982500000,tt1270631,52247.0,True,False,0,,False,,0,2
B0800866000000,tt1136609,8925.0,True,False,0,,False,,0,1
B0800937100000,tt36355749,293090.0,True,False,0,,False,,0,1
B0800902000000,tt1149597,72707.0,True,False,0,,False,,0,1
B0901010800000,tt1236397,30127.0,True,False,0,,False,,0,1
B1301756900000,tt1679529,355656.0,True,False,0,,False,,0,1
B0800953500000,tt0446564,84069.0,True,False,0,,False,,0,1
B0800855500000,tt1345451,259885.0,True,False,0,,False,,0,1
B1001260400000,tt1650394,64463.0,True,False,0,,False,,0,1
B0800891600000,tt0842675,120095.0,True,False,0,,False,,0,1
B0800899200000,tt0831904,16821.0,True,False,0,,False,,0,1
B0901013900000,tt1430076,340425.0,True,False,0,,False,,0,1
B0901043200000,tt1191112,243460.0,True,False,0,,False,,0,1
B0900979600000,tt11228986,,False,False,0,,False,,0,0
B0901000100000,tt37256716,,False,False,0,,False,,0,0
B0800934800000,tt1048150,240872.0,True,False,0,,False,,0,1
B0901003500000,tt1066433,454644.0,True,False,0,,True,MY,1,1
B0800951000000,tt0478860,199708.0,True,False,0,,False,,0,1
B0800890100000,tt0082328,23508.0,True,True,3,2008-08-08,False,,0,3
B0800947000000,tt1288641,45109.0,True,False,0,,False,,0,1
B0800956800000,tt1111895,177401.0,True,False,0,,False,,0,1
B0800889600000,tt1174691,39393.0,True,False,0,,False,,0,1
B0800966100000,tt0463311,63699.0,True,False,0,,False,,0,1
B0800888300000,tt1264083,72705.0,True,False,0,,False,,0,1
B0900999100000,tt1341166,101588.0,True,False,0,,False,,0,3
B0900991000000,tt1262985,126427.0,True,False,0,,False,,0,1
B0901117100000,tt1252605,250140.0,True,False,0,,False,,0,1
B0800959700000,tt1405775,327513.0,True,False,0,,False,,0,1
B0800855600000,tt15708782,,False,False,0,,False,,0,0
B0800888700000,tt1226244,359571.0,True,False,0,,False,,0,1
B0800890900000,tt2015456,157019.0,True,False,0,,False,,0,1
B0800964000000,tt1670262,205949.0,True,False,0,,False,,0,1
B0800877500000,tt1248882,231531.0,True,False,0,,False,,0,1
B0900987100000,tt1334026,49882.0,True,False,0,,False,,0,1
B0901024100000,tt4733024,481212.0,True,False,0,,False,,0,1
B0800895200000,tt1275952,169275.0,True,False,0,,False,,0,1
B0800885900000,tt12521846,319350.0,True,False,0,,False,,0,1
B0800838700000,tt0929784,79734.0,True,False,0,,False,,0,1
B0901059800000,tt2301726,374297.0,True,False,0,,False,,0,1
B0800917000000,tt1312241,172293.0,True,False,0,,False,,0,1
B0800891400000,tt1112732,248967.0,True,False,0,,False,,0,1
B1201566400000,tt14256384,324629.0,True,False,0,,False,,0,1
B0800958700000,tt1099227,21752.0,True,False,0,,False,,0,1
B0900993400000,tt1849866,621002.0,True,False,0,,False,,0,1
B0901101600000,tt3575914,303915.0,True,False,0,,False,,0,1
B0901022100000,tt1223932,27457.0,True,True,3,2009-08-14,False,,0,2
B0800925800000,tt1388412,58517.0,True,False,0,,False,,0,1
B0901098400000,tt1945217,236672.0,True,False,0,,False,,0,1
B1402092200000,tt6792258,,False,False,0,,False,,0,0
B0800959100000,tt1392261,46648.0,True,False,0,,False,,0,1
B0800902300000,tt1305091,623150.0,True,False,0,,False,,0,1
B0800959200000,tt1424733,293067.0,True,False,0,,False,,0,0
B0800914800000,tt1280567,20268.0,True,True,3,2008-10-24,False,,0,4
B1101441600000,tt1646957,81636.0,True,False,0,,False,,0,1
B1001302600000,tt1622567,241013.0,True,False,0,,False,,0,1
B1101396800000,tt1662615,300932.0,True,False,0,,False,,0,1
B1001236800000,tt3561206,243651.0,True,False,0,,False,,0,1
B0901121200000,tt1465474,81919.0,True,False,0,,False,,0,1
B1001172500000,tt1054677,24243.0,True,False,0,,False,,0,2
B1001164600000,tt1517615,1542879.0,True,True,3,2009-01-01,False,,0,1
B1001191000000,tt2391060,216604.0,True,False,0,,False,,0,1
B1001214400000,tt1735853,73976.0,True,False,0,,False,,0,1
B0901102500000,tt0814062,229664.0,True,False,0,,False,,0,1
B1001303400000,tt1365470,81536.0,True,False,0,,False,,0,1
B1500199100000,tt1129444,,False,False,0,,False,,0,0
B0901078400000,tt1314272,347928.0,True,False,0,,False,,0,1
B1001205900000,tt12345874,237786.0,True,False,0,,False,,0,1
B1001192900000,tt1362543,130105.0,True,False,0,,False,,0,0
B1001211600000,tt1532945,58960.0,True,True,3,2011-11-18,False,,0,2
B0901070100000,tt37286864,,False,False,0,,False,,0,0
B0901062900000,tt1511537,229665.0,True,False,0,,False,,0,1
B0901091900000,tt2500792,258202.0,True,False,0,,False,,0,1
B0901035900000,tt1568829,58209.0,True,False,0,,False,,0,1
B1001136000000,tt1439229,321187.0,True,False,0,,False,,0,1
B0901020100000,tt0989007,28997.0,True,True,3,2009-06-26,False,,0,1
B1001321100000,tt1186357,48573.0,True,True,3,2011-01-09,False,,0,2
B0901041200000,tt1843212,183029.0,True,False,0,,False,,0,1
B1001282000000,tt1781866,56840.0,True,False,0,,False,,0,1
B1101378300000,tt1522189,85389.0,True,False,0,,False,,0,1
B0901027100000,tt1072436,86614.0,True,False,0,,False,,0,1
B1001236300000,tt1410297,49374.0,True,False,0,,False,,0,1
B1201569100000,tt2491520,195013.0,True,False,0,,False,,0,1
B1001318100000,tt1784570,298611.0,True,False,0,,False,,0,1
B1001143200000,tt1483795,73919.0,True,False,0,,False,,0,2
B0901090500000,tt1522232,86218.0,True,False,0,,False,,0,1
B0901071800000,tt1205004,64510.0,True,False,0,,False,,0,1
B1001296100000,tt5177302,283471.0,True,False,0,,False,,0,1
B1302031200000,tt1269704,56270.0,True,False,0,,False,,0,1
B0901072300000,tt1526306,32254.0,True,True,3,2009-10-03,False,,0,2
B1001182000000,tt0439801,45060.0,True,False,0,,False,,0,1
B1001160300000,tt1513914,45170.0,True,False,0,,False,,0,2
B1001162900000,tt1483807,319307.0,True,False,0,,False,,0,1
B0901039400000,tt1552638,315749.0,True,False,0,,False,,0,1
B0901010400000,tt1866285,283648.0,True,False,0,,False,,0,1
B1001312000000,tt1714160,249886.0,True,False,0,,False,,0,1
B1101350700000,tt1401681,81722.0,True,False,0,,False,,0,1
B1001187000000,tt3515418,157291.0,True,False,0,,False,,0,1
B0901083500000,tt1500761,87199.0,True,False,0,,False,,0,1
B0901096800000,tt1576703,50642.0,True,False,0,,False,,0,1
B0901015000000,tt1016321,39641.0,True,False,0,,False,,0,5
B0901108700000,tt1134860,81055.0,True,False,0,,False,,0,1
B1001283500000,tt1720038,65150.0,True,True,2,2010-11-11,False,,0,2
B1101509900000,tt1756386,,False,False,0,,False,,0,0
B1101362100000,tt2104852,156180.0,True,False,0,,False,,0,1
B1201604900000,tt1322266,75875.0,True,False,0,,False,,0,2
B1101383200000,tt11093682,63392.0,True,False,0,,False,,0,1
B1001256000000,tt2160085,88853.0,True,False,0,,False,,0,1
B1101385900000,tt2261265,236305.0,True,False,0,,False,,0,1
B1101438900000,tt2973808,1456465.0,True,False,0,,False,,0,0
B1101348300000,tt1825692,64399.0,True,False,0,,False,,0,1
B1001298800000,tt1679538,74228.0,True,False,0,,False,,0,0
B1101347100000,tt1587828,58235.0,True,False,0,,False,,0,1
B1402087200000,tt37287324,,False,False,0,,False,,0,0
B1201630700000,tt1753648,199945.0,True,False,0,,False,,0,1
B1101413800000,tt1827391,151516.0,True,False,0,,False,,0,2
B1101457300000,tt2271409,331789.0,True,False,0,,False,,0,1
B1001318000000,tt1789810,94639.0,True,True,3,2012-04-01,False,,0,3
B1001317800000,tt12641046,723092.0,True,False,0,,False,,0,1
B1001290000000,tt1702002,255939.0,True,False,0,,False,,0,1
B1001288800000,tt1518211,279961.0,True,False,0,,False,,0,1
B1001344800000,tt2437816,182009.0,True,False,0,,False,,0,1
B1001259400000,tt1467388,52333.0,True,False,0,,False,,0,3
B1001205400000,tt1846683,256037.0,True,False,0,,False,,0,1
B1101457200000,tt12186156,263985.0,True,False,0,,False,,0,1
B1101427400000,tt2027178,73624.0,True,True,3,2013-09-08,False,,0,3
B1402693700000,tt6385028,303978.0,True,False,0,,False,,0,1
B1001320600000,tt1398399,201248.0,True,False,0,,False,,0,1
B1101460700000,tt3792210,195442.0,True,False,0,,False,,0,1
B1101509000000,tt2102396,113329.0,True,False,0,,False,,0,3
B1301916600000,tt8237880,501988.0,True,False,0,,False,,0,1
B1201567700000,tt1784599,129414.0,True,False,0,,False,,0,1
B1101438000000,tt1252516,79835.0,True,False,0,,False,,0,1
B1001271700000,tt7031058,52550.0,True,False,0,,False,,0,1
B1001324700000,tt2357347,233808.0,True,False,0,,False,,0,1
B1700012400000,tt1617205,719848.0,True,False,0,,False,,0,0
B1001298600000,tt1688465,287202.0,True,False,0,,False,,0,1
B1001251100000,tt12669684,135267.0,True,False,0,,False,,0,1
B1101426200000,tt1686328,96001.0,True,False,0,,False,,0,2
B1001229000000,tt1754803,67257.0,True,False,0,,False,,0,1
B1001311200000,tt2071650,67199.0,True,False,0,,False,,0,1
B1001330400000,tt1235548,70666.0,True,True,3,2011-03-25,False,,0,2
B1101366300000,tt1997594,74141.0,True,False,0,,False,,0,1
B1101377300000,tt3456124,140464.0,True,False,0,,False,,0,1
B1301869200000,tt2168334,241183.0,True,False,0,,False,,0,1
B1101405200000,tt2737624,172266.0,True,False,0,,False,,0,1
B1101537900000,tt2399493,112409.0,True,False,0,,False,,0,1
B1101460800000,tt2390985,103281.0,True,False,0,,False,,0,1
B1101510300000,tt2144824,250089.0,True,False,0,,False,,0,1
B1101520600000,tt2139601,254527.0,True,False,0,,False,,0,1
B1101377100000,tt1882041,69885.0,True,False,0,,False,,0,1
B1101449600000,tt1579223,72560.0,True,False,0,,False,,0,1
B1201565800000,tt1753455,,False,False,0,,False,,0,0
B1301934600000,tt2363105,274443.0,True,False,0,,False,,0,1
B1201564400000,tt2015338,340930.0,True,False,0,,False,,0,2
B1201613900000,tt2279238,259549.0,True,False,0,,False,,0,1
B1101413400000,tt2006109,81793.0,True,False,0,,False,,0,1
B1301795000000,tt2926790,194143.0,True,False,0,,False,,0,1
B1201558400000,tt2044009,92643.0,True,False,0,,False,,0,1
B1302053700000,tt2161938,263451.0,True,False,0,,False,,0,1
B1201622800000,tt2357958,203593.0,True,False,0,,False,,0,1
B1101491600000,tt6419694,,False,False,0,,False,,0,0
B1301982200000,tt12825572,764576.0,True,False,0,,False,,0,1
B1101438800000,tt2106575,78299.0,True,False,0,,False,,0,1
B1101490600000,tt1725057,110949.0,True,False,0,,False,,0,2
B1201626900000,tt2634236,137221.0,True,False,0,,False,,0,2
B1101424800000,tt3740010,345057.0,True,False,0,,False,,0,1
B1101515000000,tt14504282,1166415.0,True,False,0,,False,,0,1
B1101505000000,tt2238879,197736.0,True,False,0,,False,,0,2
B1101491200000,tt2016959,84914.0,True,False,0,,False,,0,1
B1201554600000,tt2200926,752588.0,True,False,0,,False,,0,1
B1101460100000,tt2113739,265813.0,True,False,0,,False,,0,1
B1301936500000,tt4945560,,False,False,0,,False,,0,0
B1101431800000,tt1730133,74053.0,True,False,0,,False,,0,1
B1201571600000,tt6419520,,False,False,0,,False,,0,0
B1301808000000,tt27607485,,False,False,0,,False,,0,0
B1101521000000,tt2237158,181206.0,True,False,0,,False,,0,1
B1201659300000,tt2180545,249132.0,True,False,0,,False,,0,1
B1201593600000,tt2066141,129707.0,True,False,0,,False,,0,1
B1101519400000,tt2189250,146680.0,True,False,0,,False,,0,1
B1101513100000,tt2548300,183545.0,True,False,0,,False,,0,1
B1101526700000,tt2157079,159174.0,True,False,0,,False,,0,1
B1201666700000,tt2550692,220022.0,True,False,0,,False,,0,1
B1301761800000,tt3366710,328278.0,True,False,0,,False,,0,1
B1201629200000,tt2244720,247634.0,True,False,0,,False,,0,1
B1201670700000,tt2323954,348564.0,True,False,0,,False,,0,1
B1201645500000,tt2177126,196008.0,True,False,0,,False,,0,1
B1201627800000,tt3342056,243656.0,True,False,0,,False,,0,1
B1201659200000,tt1528280,400140.0,True,False,0,,False,,0,1
B1201671000000,tt1883291,247267.0,True,False,0,,False,,0,1
B1201660900000,tt1179259,167983.0,True,False,0,,False,,0,1
B1301902700000,tt2363349,228201.0,True,False,0,,False,,0,1
B1201622100000,tt6449930,258970.0,True,False,0,,False,,0,1
B1301990000000,tt36050764,,False,False,0,,False,,0,0
B1201676800000,tt2296709,161908.0,True,False,0,,False,,0,1
B1201652600000,tt2141697,135913.0,True,False,0,,False,,0,1
B1201682700000,tt2545046,265825.0,True,False,0,,False,,0,1
B1201704900000,tt1857686,,False,False,0,,False,,0,0
B1201574300000,tt4360488,,False,False,0,,False,,0,0
B1201642000000,tt1663661,128149.0,True,False,0,,False,,0,3
B1201682400000,tt18261046,928962.0,True,False,0,,False,,0,0
B1301755800000,tt2217022,263839.0,True,False,0,,False,,0,1
B1201646900000,tt2333630,255933.0,True,False,0,,False,,0,1
B1201647100000,tt2478746,129705.0,True,False,0,,False,,0,1
B1301945700000,tt2764388,176775.0,True,False,0,,False,,0,1
B1402146400000,tt2440728,183863.0,True,False,0,,False,,0,1
B1201616800000,tt2156632,136502.0,True,False,0,,False,,0,1
B1201628500000,tt2275885,156033.0,True,False,0,,False,,0,1
B1500149400000,tt1637990,338815.0,True,False,0,,False,,0,1
B1301926100000,tt2861532,214135.0,True,False,0,,True,KR,1,4
B1201636000000,tt2925942,192839.0,True,False,0,,False,,0,2
B1201698500000,tt2190367,97989.0,True,True,3,2013-02-08,False,,0,5
B1201681100000,tt0452664,132712.0,True,False,0,,False,,0,1
B1302041500000,tt3280768,152294.0,True,False,0,,False,,0,1
B1201656300000,tt5235162,528976.0,True,False,0,,False,,0,1
B1301772600000,tt2263224,247213.0,True,False,0,,False,,0,1
B1302031600000,tt2463692,230714.0,True,False,0,,False,,0,1
B1201571700000,tt2317696,179810.0,True,True,3,2014-09-04,False,,0,3
B1301784200000,tt2182032,306948.0,True,False,0,,False,,0,1
B1301797400000,tt2900590,,False,False,0,,False,,0,0
B1201554700000,tt2146356,332021.0,True,False,0,,False,,0,1
B1301917000000,tt2211808,218528.0,True,False,0,,False,,0,1
B1301754000000,tt3506292,267135.0,True,False,0,,False,,0,1
B1301836900000,tt2140381,228148.0,True,False,0,,False,,0,1
B1402202200000,tt5609526,,False,False,0,,False,,0,0
B1201686200000,tt6419660,,False,False,0,,False,,0,0
B1201639800000,tt2153963,93858.0,True,True,3,2012-12-26,False,,0,10
B1402168700000,tt3791560,232712.0,True,False,0,,False,,0,1
B1201600900000,tt1497880,164120.0,True,False,0,,False,,0,2
B1201667100000,tt6419450,640325.0,True,False,0,,False,,0,1
B1201667800000,tt2917830,227745.0,True,False,0,,False,,0,1
B1301877200000,tt3174300,198950.0,True,False,0,,False,,0,1
B1302047400000,tt1878844,1252917.0,True,False,0,,False,,0,1
B1301910400000,tt2355346,260951.0,True,False,0,,False,,0,1
B1700452100000,tt2428824,227952.0,True,False,0,,False,,0,1
B1402089600000,tt5866814,,False,False,0,,False,,0,0
B1302035000000,tt3148528,228177.0,True,False,0,,False,,0,1
B1402117800000,tt5831162,280759.0,True,False,0,,False,,0,1
B1402300400000,tt2986122,248543.0,True,False,0,,False,,0,1
B1301899900000,tt2332712,159258.0,True,False,0,,False,,0,1
B1301984500000,tt2758700,239604.0,True,False,0,,False,,0,1
B1402227100000,tt5242080,405988.0,True,False,0,,False,,0,1
B1302000200000,tt2938008,227968.0,True,False,0,,False,,0,1
B1500018400000,tt3096778,310534.0,True,False,0,,False,,0,1
B1402086800000,tt3120448,314584.0,True,False,0,,False,,0,1
B1301938500000,tt4116398,185578.0,True,False,0,,False,,0,1
B1301935400000,tt2390460,199028.0,True,False,0,,False,,0,1
B1301998600000,tt3062922,255802.0,True,False,0,,False,,0,0
B1402091800000,tt3129920,229059.0,True,False,0,,False,,0,1
B1500019700000,tt5794222,422319.0,True,False,0,,False,,0,1
B1301899200000,tt3652622,263024.0,True,False,0,,False,,0,1
B1600772200000,tt3652622,263024.0,True,False,0,,False,,0,1
B1301938400000,tt2210527,227500.0,True,False,0,,False,,0,1
B1301940300000,tt3034258,228202.0,True,False,0,,False,,0,1
B1302050600000,tt2216536,228185.0,True,False,0,,False,,0,1
B1402126100000,tt5529600,298343.0,True,False,0,,False,,0,1
B1402201100000,tt3006814,228176.0,True,True,3,2015-07-31,False,,0,4
B1301837200000,tt2616114,210802.0,True,False,0,,False,,0,1
B1402214200000,tt3422390,259767.0,True,False,0,,False,,0,2
B1402086100000,tt12192784,290267.0,True,False,0,,False,,0,1
B1301781700000,tt2928842,201683.0,True,False,0,,False,,0,1
B1302060500000,tt3726156,251338.0,True,False,0,,False,,0,1
B1302033700000,tt3072174,327354.0,True,False,0,,False,,0,1
B1700084600000,tt3375524,394264.0,True,False,0,,False,,0,1
B1402118500000,tt2919776,183668.0,True,False,0,,False,,0,1
B1600341600000,tt6238922,,False,False,0,,False,,0,0
B1402089400000,tt4574628,365426.0,True,False,0,,False,,0,1
B1301740400000,tt6447654,,False,False,0,,False,,0,0
B1402122500000,tt3655598,347671.0,True,False,0,,False,,0,1
B1301943500000,tt3559258,360770.0,True,False,0,,False,,0,1
B1402269500000,tt1456606,211166.0,True,True,2,2016-04-15,False,,0,5
B1302034400000,tt2974644,228242.0,True,False,0,,False,,0,1
B1402106900000,tt3035582,227961.0,True,False,0,,False,,0,1
B1402133100000,tt2827688,300820.0,True,True,3,2014-11-22,False,,0,1
B1301969600000,tt2140381,228148.0,True,False,0,,False,,0,1
B1402151100000,tt3406920,284349.0,True,False,0,,False,,0,1
B1301963900000,tt2165082,229531.0,True,False,0,,False,,0,1
B1402280500000,tt3134058,286256.0,True,False,0,,False,,0,1
B1500269700000,tt3092456,402045.0,True,False,0,,False,,0,1
B1402294200000,tt1921149,206563.0,True,True,3,2015-10-09,True,KR,1,13
B1402505600000,tt2783490,780523.0,True,False,0,,False,,0,0
B1402229600000,tt27566996,337304.0,True,False,0,,False,,0,1
B1500140000000,tt15763178,,False,False,0,,False,,0,0
B1402296700000,tt3451254,326219.0,True,False,0,,False,,0,1
B1402085500000,tt14799770,,False,False,0,,False,,0,0
B1402372600000,tt3463250,286052.0,True,False,0,,False,,0,1
B1402149200000,tt2392343,254436.0,True,False,0,,False,,0,1
B1402126900000,tt4536936,282174.0,True,False,0,,False,,0,1
B1402307700000,tt5605728,299800.0,True,False,0,,False,,0,1
B1402723400000,tt4299406,309309.0,True,False,0,,False,,0,1
B1500265900000,tt4084566,337656.0,True,False,0,,False,,0,1
B1402781000000,tt3956754,314570.0,True,False,0,,False,,0,1
B1500404600000,tt5850588,259050.0,True,False,0,,False,,0,1
B1402081900000,tt3527550,227933.0,True,False,0,,False,,0,1
B1402480200000,tt4093828,298383.0,True,False,0,,False,,0,1
B1500451800000,tt4301200,354308.0,True,False,0,,False,,0,1
B1500276200000,tt4118056,298013.0,True,False,0,,False,,0,2
B1402203900000,tt3847420,298340.0,True,False,0,,False,,0,1
B1402144900000,tt3300382,354290.0,True,False,0,,False,,0,1
B1402750200000,tt3300382,354290.0,True,False,0,,False,,0,1
B1600340900000,tt4127548,365341.0,True,False,0,,False,,0,2
B1402145700000,tt3666526,243451.0,True,False,0,,False,,0,1
B1500614800000,tt5317568,527579.0,True,False,0,,False,,0,1
B1402183000000,tt4633984,334152.0,True,False,0,,False,,0,1
B1500335800000,tt4194984,227926.0,True,False,0,,False,,0,1
B1402150700000,tt2789926,262782.0,True,True,3,2015-04-26,False,,0,2
B1402161500000,tt3745772,270524.0,True,False,0,,False,,0,1
B1402130700000,tt1384925,267579.0,True,True,3,2015-07-17,False,,0,6
B1402707600000,tt3395532,492811.0,True,False,0,,False,,0,1
B1500388300000,tt3953892,,False,False,0,,False,,0,0
B1402094700000,tt1702014,237791.0,True,True,3,2014-11-07,True,HK|TH|TW,3,14
B1402185500000,tt5796726,197823.0,True,False,0,,False,,0,1
B1402233800000,tt2391094,228172.0,True,False,0,,False,,0,1
B1402107400000,tt3121734,254443.0,True,False,0,,False,,0,1
B1402115000000,tt3470762,227929.0,True,False,0,,False,,0,1
B1402243500000,tt3101632,294095.0,True,False,0,,False,,0,1
B1402543500000,tt3742398,298386.0,True,False,0,,False,,0,1
B1402261200000,tt12669516,847094.0,True,False,0,,False,,0,1
B1402825200000,tt6197460,337709.0,True,False,0,,False,,0,1
B1402380600000,tt4167524,297278.0,True,False,0,,False,,0,1
B1500257400000,tt4975468,335442.0,True,False,0,,False,,0,1
B1402260600000,tt4083076,254439.0,True,False,0,,False,,0,1
B1402192100000,tt4340222,227931.0,True,False,0,,False,,0,1
B1402189800000,tt12641132,723317.0,True,False,0,,False,,0,1
B1402235800000,tt14781430,390990.0,True,False,0,,False,,0,0
B1402245600000,tt4128662,250068.0,True,False,0,,False,,0,1
B1402197800000,tt3445484,314563.0,True,False,0,,False,,0,1
B1500897000000,tt3379372,322986.0,True,False,0,,False,,0,1
B1500018100000,tt4029806,400981.0,True,False,0,,False,,0,1
B1402408400000,tt5998860,354313.0,True,False,0,,False,,0,1
B1500339400000,tt4058952,322982.0,True,False,0,,False,,0,1
B1402297300000,tt10699654,,False,False,0,,False,,0,0
B1500138300000,tt4338276,332719.0,True,False,0,,False,,0,1
B1600730100000,tt3912238,422117.0,True,True,3,2016-05-02,False,,0,2
B1402719200000,tt5151144,348543.0,True,False,0,,False,,0,1
B1500166700000,tt4899718,,False,False,0,,False,,0,0
B1402173200000,tt3727096,299851.0,True,False,0,,False,,0,1
B1500091200000,tt3653518,308674.0,True,False,0,,False,,0,1
B1500071300000,tt6533312,1078898.0,True,False,0,,False,,0,1
B1402189700000,tt3661582,336035.0,True,False,0,,False,,0,0
B1402215300000,tt3650606,341430.0,True,False,0,,False,,0,1
B1500150200000,tt4972904,228152.0,True,False,0,,False,,0,7
B1402241100000,tt3668960,270525.0,True,False,0,,False,,0,1
B1600181500000,tt5466056,376092.0,True,False,0,,False,,0,1
B1600680500000,tt6788980,411193.0,True,False,0,,False,,0,1
B1500710900000,tt4724278,1157309.0,True,False,0,,False,,0,1
B1600296800000,tt3627990,344896.0,True,False,0,,False,,0,1
B1700428000000,tt4959972,480486.0,True,False,0,,False,,0,1
B1600180400000,tt11432384,535978.0,True,False,0,,False,,0,0
B1600464000000,tt4621286,527031.0,True,False,0,,False,,0,1
B1600096000000,tt5841300,385566.0,True,False,0,,False,,0,0
B1500904200000,tt3148528,228177.0,True,False,0,,False,,0,1
B1500840400000,tt4006906,363733.0,True,False,0,,False,,0,1
B1500712100000,tt5535604,361783.0,True,False,0,,False,,0,1
B1500798600000,tt4899406,314029.0,True,False,0,,False,,0,1
B1500584100000,tt5794118,,False,False,0,,False,,0,0
B1500562900000,tt4953554,,False,False,0,,False,,0,0
B1500340300000,tt4532634,362876.0,True,False,0,,False,,0,2
B1500542500000,tt4532704,414424.0,True,False,0,,False,,0,1
B1500453100000,tt4588050,307226.0,True,False,0,,False,,0,1
B1500777500000,tt5251348,359807.0,True,False,0,,False,,0,1
B1600115500000,tt6351892,431095.0,True,False,0,,False,,0,0
B1500723200000,tt4975844,360176.0,True,False,0,,False,,0,1
B1500559900000,tt8031064,413872.0,True,False,0,,False,,0,1
B1600192300000,tt4183372,291211.0,True,False,0,,False,,0,1
B1600454400000,tt4019666,329639.0,True,False,0,,False,,0,1
B1500558500000,tt3108662,347670.0,True,False,0,,False,,0,1
B1500183700000,tt3765088,271983.0,True,False,0,,False,,0,1
B1600492200000,tt15255066,,False,False,0,,False,,0,0
B1500865900000,tt4719202,365483.0,True,False,0,,False,,0,1
B1700544600000,tt4592408,533857.0,True,False,0,,False,,0,1
B1600472500000,tt4177596,443992.0,True,False,0,,False,,0,1
B1600116800000,tt5321646,365797.0,True,False,0,,False,,0,1
B1500253700000,tt4095870,300545.0,True,False,0,,False,,0,0
B1500498600000,tt6212712,420448.0,True,True,2,2016-10-01,False,,0,1
B1500643000000,tt4955038,355282.0,True,False,0,,False,,0,1
B1500575600000,tt4092686,299751.0,True,True,3,2016-05-27,False,,0,1
B1600294500000,tt3918584,372518.0,True,False,0,,False,,0,1
B1500240200000,tt5204834,364984.0,True,False,0,,False,,0,1
B1500661200000,tt5256044,360142.0,True,False,0,,False,,0,0
B1500543700000,tt5532160,361790.0,True,False,0,,False,,0,1
B1600047300000,tt9826818,771596.0,True,False,0,,False,,0,0
B1500837400000,tt4016634,282475.0,True,False,0,,False,,0,1
B1600408200000,tt5519250,381066.0,True,False,0,,False,,0,1
B1600059500000,tt6775872,413209.0,True,False,0,,False,,0,1
B1500448600000,tt6417676,336499.0,True,False,0,,False,,0,1
B1600602000000,tt6099502,456113.0,True,False,0,,False,,0,1
B1600294100000,tt3784222,336664.0,True,False,0,,False,,0,7
B1500592000000,tt4075760,361791.0,True,False,0,,False,,0,1
B1500689300000,tt4534160,365518.0,True,False,0,,False,,0,1
B1600368700000,tt5708172,394499.0,True,False,0,,False,,0,0
B1500903400000,tt4429002,453013.0,True,False,0,,False,,0,1
B1500562100000,tt5189386,367432.0,True,False,0,,False,,0,1
B1600017500000,tt5695842,363269.0,True,False,0,,False,,0,1
B1500251700000,tt6735022,369582.0,True,False,0,,False,,0,1
B1600685000000,tt5259978,417587.0,True,False,0,,False,,0,1
B1600536100000,tt9758112,,False,False,0,,False,,0,0
B1500654700000,tt11146692,,False,False,0,,False,,0,0
B1600068000000,tt5859458,365429.0,True,False,0,,False,,0,1
B1500754900000,tt32535885,,False,False,0,,False,,0,0
B1600011000000,tt5529392,379284.0,True,False,0,,False,,0,0
B1600305700000,tt4924082,381725.0,True,False,0,,False,,0,1
B1600067600000,tt3122282,392510.0,True,False,0,,False,,0,1
B1500654500000,tt4694404,303982.0,True,False,0,,False,,0,1
B1600532800000,tt2495980,409317.0,True,False,0,,False,,0,1
B1500585700000,tt5184580,368913.0,True,False,0,,False,,0,1
B1500218600000,tt4611160,334636.0,True,False,0,,False,,0,0
B1600603300000,tt6118820,500451.0,True,False,0,,False,,0,0
B1600439300000,tt5207840,411764.0,True,False,0,,False,,0,1
B1600543700000,tt6244144,413870.0,True,True,3,2016-09-24,False,,0,2
B1700499100000,tt9733934,417487.0,True,False,0,,False,,0,0
B1800223100000,tt5932766,454460.0,True,True,3,2017-04-18,False,,0,1
B1700175000000,tt5635808,448763.0,True,False,0,,False,,0,2
B1700416900000,tt7293380,479871.0,True,True,3,2017-10-19,False,,0,2
B1600478600000,tt5221584,377273.0,True,False,0,,False,,0,9
B1600585300000,tt5909684,535149.0,True,False,0,,False,,0,1
B1600752300000,tt5922422,409107.0,True,False,0,,False,,0,0
B1600750800000,tt8193472,897330.0,True,False,0,,False,,0,1
B1800073300000,tt6242664,420324.0,True,False,0,,False,,0,1
B1600352700000,tt5804126,352431.0,True,False,0,,False,,0,1
B1700046100000,tt3782790,353172.0,True,False,0,,False,,0,1
B1600710400000,tt7410400,,False,False,0,,False,,0,0
B1700258100000,tt6371834,395383.0,True,False,0,,False,,0,1
B1600765100000,tt6096528,409306.0,True,False,0,,False,,0,1
B1600355900000,tt5046504,352993.0,True,False,0,,False,,0,1
B1700145600000,tt6247306,417543.0,True,False,0,,False,,0,1
B1700243800000,tt5883632,418718.0,True,True,3,2016-07-12,True,HK,1,5
B1600793500000,tt1774374,,False,False,0,,False,,0,0
B1600534400000,tt5712864,417547.0,True,False,0,,False,,0,1
B1600685100000,tt6137416,417555.0,True,False,0,,False,,0,1
B1700463300000,tt5593116,787998.0,True,False,0,,False,,0,0
B1600421600000,tt2711256,364327.0,True,False,0,,False,,0,2
B1600791500000,tt7292072,,False,False,0,,False,,0,0
B1600442200000,tt5639362,430150.0,True,False,0,,False,,0,1
B1600624200000,tt6145074,431173.0,True,False,0,,False,,0,1
B1700248200000,tt5181270,487460.0,True,False,0,,False,,0,1
B1600314300000,tt4296874,366995.0,True,False,0,,False,,0,1
B1700011400000,tt35850792,,False,False,0,,False,,0,0
B1600445600000,tt5349564,,False,False,0,,False,,0,0
B1600280000000,tt3121724,371961.0,True,False,0,,False,,0,0
B1600200900000,tt5529726,397162.0,True,False,0,,False,,0,1
B1600716500000,tt3212812,227932.0,True,False,0,,False,,0,1
B1700614000000,tt5958060,471445.0,True,False,0,,False,,0,2
B1600713100000,tt5341098,417565.0,True,False,0,,False,,0,1
B1600773600000,tt4929038,377274.0,True,True,3,2017-05-07,False,,0,9
B1700159700000,tt10109932,420311.0,True,False,0,,False,,0,1
B1600710700000,tt5496926,418896.0,True,False,0,,False,,0,3
B1600784700000,tt5259790,428519.0,True,False,0,,False,,0,1
B1600738500000,tt5709620,430840.0,True,False,0,,False,,0,1
B1600785500000,tt7043506,494146.0,True,False,0,,False,,0,1
B1600530200000,tt1352393,366517.0,True,False,0,,False,,0,1
B1700107400000,tt5801550,417574.0,True,False,0,,False,,0,1
B1700275000000,tt1114732,345269.0,True,False,0,,False,,0,1
B1600757300000,tt7615756,515756.0,True,False,0,,False,,0,0
B1600604900000,tt5337480,361787.0,True,False,0,,False,,0,1
B1600625200000,tt11146692,,False,False,0,,False,,0,0
B1700025700000,tt8685650,365427.0,True,False,0,,False,,0,1
B1600483500000,tt10659466,453933.0,True,False,0,,False,,0,1
B1600436900000,tt5475002,355950.0,True,False,0,,False,,0,1
B1600439700000,tt5862036,379315.0,True,False,0,,False,,0,1
B1800033200000,tt7770022,480487.0,True,False,0,,False,,0,1
B1700467200000,tt21273218,,False,False,0,,False,,0,0
B1800473500000,tt9149314,554036.0,True,False,0,,False,,0,1
B1700362500000,tt5554042,462699.0,True,False,0,,False,,0,1
B1700548300000,tt5863402,480941.0,True,False,0,,False,,0,1
B1700306100000,tt6544318,480950.0,True,False,0,,False,,0,1
B1700255500000,tt7296608,480951.0,True,False,0,,False,,0,1
B1700085300000,tt6400280,434370.0,True,False,0,,False,,0,1
B1700330100000,tt6293516,429210.0,True,False,0,,False,,0,2
B1700349900000,tt8514504,528660.0,True,False,0,,False,,0,1
B1700560500000,tt7369764,,False,False,0,,False,,0,0
B1700172000000,tt7323460,451813.0,True,False,0,,False,,0,1
B1700435100000,tt6331818,453936.0,True,False,0,,False,,0,1
B1700261200000,tt7638762,463128.0,True,False,0,,False,,0,1
B1700244500000,tt5813948,451409.0,True,False,0,,False,,0,1
B1700488400000,tt7466600,,False,False,0,,False,,0,0
B1600789900000,tt5968964,428645.0,True,False,0,,False,,0,1
B1700598000000,tt7683842,533761.0,True,False,0,,False,,0,1
B1700172700000,tt38708588,1564282.0,True,False,0,,False,,0,0
B1700524700000,tt8740330,,False,False,0,,False,,0,0
B1700469700000,tt7487560,479563.0,True,False,0,,False,,0,1
B1700092500000,tt4895628,436349.0,True,False,0,,False,,0,1
B1800046600000,tt5818404,479266.0,True,False,0,,False,,0,1
B1700382400000,tt6424768,459788.0,True,False,0,,True,KR,1,8
B1700347600000,tt4733620,373579.0,True,False,0,,False,,0,1
B1700386400000,tt6103318,364691.0,True,False,0,,False,,0,1
B1700054100000,tt8079500,453040.0,True,False,0,,False,,0,1
B1700103500000,tt4117326,438154.0,True,False,0,,False,,0,1
B1700503500000,tt7702334,488503.0,True,False,0,,False,,0,1
B1700088400000,tt12749372,480519.0,True,False,0,,False,,0,1
B1800320400000,tt7146688,464194.0,True,False,0,,False,,0,1
B1700242100000,tt8041618,480242.0,True,False,0,,False,,0,1
B1700527500000,tt7734702,510044.0,True,False,0,,False,,0,1
B1700247000000,tt5642120,460120.0,True,False,0,,False,,0,1
B1700178100000,tt6881452,453971.0,True,False,0,,False,,0,1
B1700409900000,tt6683796,539990.0,True,False,0,,False,,0,1
B1700194400000,tt5797820,450600.0,True,False,0,,False,,0,1
B1700508700000,tt8210704,480637.0,True,False,0,,False,,0,1
B1700602500000,tt6923916,480541.0,True,False,0,,False,,0,1
B1800250800000,tt7524472,,False,False,0,,False,,0,0
B1700336900000,tt5259978,417587.0,True,False,0,,False,,0,1
B1700524600000,tt10839434,605367.0,True,False,0,,False,,0,1
B1700539500000,tt8262374,529528.0,True,False,0,,False,,0,1
B1800235900000,tt8591986,488689.0,True,False,0,,False,,0,1
B1700600300000,tt6776300,470202.0,True,False,0,,False,,0,1
B1700182900000,tt11342804,,False,False,0,,False,,0,0
B1800380700000,tt6251504,535105.0,True,False,0,,False,,0,1
B1800611900000,tt6251504,535105.0,True,False,0,,False,,0,1
B1800547100000,tt14935928,555797.0,True,False,0,,False,,0,1
B1800613100000,tt7975740,761304.0,True,False,0,,False,,0,1
B1800470600000,tt12543350,,False,False,0,,False,,0,0
B1800598100000,tt10375042,555796.0,True,False,0,,False,,0,1
B1800112900000,tt14970304,,False,False,0,,False,,0,0
B1900089100000,tt5480816,364598.0,True,False,0,,False,,0,2
B1800073500000,tt11396812,,False,False,0,,False,,0,0
B1800452400000,tt8647978,,False,False,0,,False,,0,0
B1800482700000,tt4857496,510662.0,True,False,0,,False,,0,1
B1800340300000,tt7986760,544946.0,True,False,0,,False,,0,1
B1900104200000,tt9214310,562289.0,True,False,0,,False,,0,1
B1800561400000,tt8709344,558394.0,True,False,0,,False,,0,1
B1800422100000,tt7862998,497557.0,True,False,0,,False,,0,4
B1800202200000,tt15120856,561046.0,True,False,0,,False,,0,1
B1800547000000,tt10026730,544484.0,True,False,0,,False,,0,0
B1800056700000,tt7467324,489991.0,True,False,0,,False,,0,0
B1800480100000,tt21878030,,False,False,0,,False,,0,0
B1800474200000,tt9627228,539193.0,True,False,0,,False,,0,1
B1800449100000,tt7943504,555794.0,True,False,0,,False,,0,1
B1900092000000,tt10181964,588753.0,True,False,0,,False,,0,1
B1800401200000,tt37598639,,False,False,0,,False,,0,0
B1800374500000,tt6202690,499536.0,True,False,0,,False,,0,0
B1800539000000,tt8619812,564427.0,True,False,0,,False,,0,2
B1800405900000,tt7986672,515908.0,True,False,0,,False,,0,1
B1900203600000,tt9461680,522637.0,True,False,0,,False,,0,0
B1800010300000,tt6038114,494491.0,True,False,0,,False,,0,1
B1800501600000,tt7644878,536733.0,True,False,0,,False,,0,1
B1800509700000,tt5977294,559497.0,True,False,0,,False,,0,1
B1800127700000,tt8374122,518415.0,True,False,0,,False,,0,1
B1800550200000,tt10700818,555762.0,True,False,0,,False,,0,1
B1800036200000,tt10306268,802351.0,True,False,0,,False,,0,1
B1800549200000,tt9159056,555590.0,True,False,0,,False,,0,0
B1900076300000,tt11718262,669317.0,True,False,0,,False,,0,0
B1800077300000,tt9055678,511648.0,True,False,0,,False,,0,1
B1800517000000,tt9347584,555814.0,True,False,0,,False,,0,0
B1900031700000,tt8211942,573660.0,True,False,0,,False,,0,1
B1900147200000,tt10298490,597826.0,True,False,0,,False,,0,1
B1800126800000,tt7165346,554691.0,True,False,0,,False,,0,1
B1800124400000,tt5725568,479703.0,True,False,0,,False,,0,1
B1800387000000,tt7239146,549246.0,True,False,0,,False,,0,1
B1800116000000,tt6645182,507084.0,True,False,0,,False,,0,1
B1800552500000,tt3636882,554936.0,True,False,0,,False,,0,0
B1900241900000,tt10648192,651866.0,True,False,0,,False,,0,1
B1900415900000,tt6891752,466188.0,True,False,0,,False,,0,2
B1900139400000,tt9794418,783087.0,True,False,0,,False,,0,0
B1900148100000,tt35675006,,False,False,0,,False,,0,0
B1900262200000,tt7986850,515477.0,True,False,0,,False,,0,1
B1900594800000,tt8814390,830663.0,True,False,0,,False,,0,1
B2000163700000,tt10471348,607950.0,True,False,0,,False,,0,0
B1900613600000,tt12204694,694043.0,True,False,0,,False,,0,0
B1900303600000,tt9114916,544147.0,True,False,0,,False,,0,1
B2000006500000,tt6850578,618386.0,True,False,0,,False,,0,1
B1900180000000,tt8194038,650046.0,True,False,0,,False,,0,1
B1900390400000,tt14470852,480502.0,True,False,0,,False,,0,1
B2000000500000,tt4857496,510662.0,True,False,0,,False,,0,1
B1900542000000,tt13328314,,False,False,0,,False,,0,0
B1900386800000,tt10278930,612304.0,True,False,0,,False,,0,1
B1900232700000,tt8311958,504592.0,True,False,0,,False,,0,3
B1900357900000,tt10584850,580574.0,True,False,0,,False,,0,1
B1900442300000,tt9660006,574547.0,True,False,0,,False,,0,1
B1900233300000,tt26787351,,False,False,0,,False,,0,0
B2000008400000,tt8275608,637847.0,True,False,0,,False,,0,0
B1900448700000,tt9191254,636682.0,True,False,0,,False,,0,1
B1900233000000,tt9067848,618087.0,True,False,0,,False,,0,1
B1900307900000,tt9676216,757516.0,True,False,0,,False,,0,1
B1900577700000,tt10363874,650916.0,True,False,0,,False,,0,1
B1900536300000,tt14274908,638197.0,True,False,0,,False,,0,0
B1900267800000,tt8110210,,False,False,0,,False,,0,0
B1900284300000,tt12018668,,False,False,0,,False,,0,0
B1900619400000,tt13268408,,False,False,0,,False,,0,0
B1900398400000,tt8631174,568985.0,True,False,0,,False,,0,1
B1900206200000,tt10308528,724606.0,True,False,0,,False,,0,1
B1900394800000,tt15656450,890506.0,True,False,0,,False,,0,1
B1900477300000,tt13198028,650690.0,True,False,0,,False,,0,0
B1900453000000,tt11000988,,False,False,0,,False,,0,0
B1900321800000,tt27656699,,False,False,0,,False,,0,0
B1900576900000,tt10611372,620683.0,True,False,0,,False,,0,1
B2000155000000,tt7266804,672279.0,True,False,0,,False,,0,2
B1900435600000,tt8786106,619139.0,True,False,0,,False,,0,1
B1900490500000,tt8800066,712214.0,True,False,0,,False,,0,0
B1900253800000,tt9627016,555785.0,True,False,0,,False,,0,1
B1900061900000,tt8998880,593226.0,True,False,0,,False,,0,1
B1900331000000,tt11235886,618741.0,True,False,0,,False,,0,1
B1900233200000,tt5228710,492826.0,True,False,0,,False,,0,1
B1900401700000,tt10627858,615275.0,True,False,0,,False,,0,1
B1900468100000,tt13334114,752666.0,True,False,0,,False,,0,1
B1900074200000,tt9915436,,False,False,0,,False,,0,0
B2000042900000,tt14456580,810215.0,True,False,0,,False,,0,0
B1900576700000,tt5739042,679677.0,True,False,0,,False,,0,0
B2000488900000,tt10806050,714511.0,True,False,0,,False,,0,1
B2000180800000,tt13437368,797998.0,True,False,0,,False,,0,0
B2000202000000,tt11019782,757898.0,True,False,0,,False,,0,0
B2000130700000,tt13927086,,False,False,0,,False,,0,0
B2000454300000,tt9122672,671119.0,True,False,0,,False,,0,1
B2000319700000,tt13334052,747002.0,True,False,0,,False,,0,0
B2000327800000,tt11687852,745867.0,True,False,0,,False,,0,0
B2000038100000,tt6693382,638234.0,True,False,0,,False,,0,0
B2000110400000,tt7737964,1157636.0,True,False,0,,False,,0,0
B2000183900000,tt14351556,788328.0,True,False,0,,False,,0,1
B2000323600000,tt15909496,896008.0,True,False,0,,False,,0,0
B2000151700000,tt11905352,698428.0,True,False,0,,False,,0,0
B2000312500000,tt21953846,,False,False,0,,False,,0,0
B2000081700000,tt10863980,884579.0,True,False,0,,False,,0,1
B2000028300000,tt11715202,670303.0,True,False,0,,False,,0,1
B2000297100000,tt7616020,667781.0,True,False,0,,False,,0,2
B2000173600000,tt9413078,853662.0,True,False,0,,False,,0,1
B2000041300000,tt10558652,760167.0,True,False,0,,False,,0,1
B2000251400000,tt19855324,764541.0,True,False,0,,True,KR,1,2
B2000397200000,tt13135928,739476.0,True,True,3,2020-09-18,False,,0,1
B2100057900000,tt13434448,739465.0,True,False,0,,False,,0,1
B2000115500000,tt13609508,736871.0,True,False,0,,False,,0,0
B2000365500000,tt26787366,1249412.0,True,False,0,,False,,0,0
B2000096400000,tt31411222,,False,False,0,,False,,0,0
B2000187100000,tt12712236,1451547.0,True,False,0,,False,,0,0
B2100016700000,tt13338422,752663.0,True,False,0,,False,,0,1
B2000337100000,tt11570272,761312.0,True,False,0,,False,,0,1
B2000292200000,tt14664312,943019.0,True,True,3,2021-10-22,False,,0,1
B2100362100000,tt8646254,593890.0,True,False,0,,False,,0,1
B2100498100000,tt17003896,884588.0,True,False,0,,False,,0,1
B2100035200000,tt13702366,768879.0,True,False,0,,False,,0,1
B2100432000000,tt8150228,853660.0,True,False,0,,False,,0,1
B2100263400000,tt9225812,575981.0,True,False,0,,False,,0,1
B2100401000000,tt15863594,887645.0,True,False,0,,False,,0,0
B2100294600000,tt11919710,,False,False,0,,False,,0,0
B2100167200000,tt37320533,,False,False,0,,False,,0,0
B2100458300000,tt21139960,882997.0,True,False,0,,False,,0,1
B2100425000000,tt8776978,1165832.0,True,False,0,,False,,0,1
B2100415100000,tt33067000,897413.0,True,False,0,,False,,0,1
B2100324700000,tt13238192,752622.0,True,False,0,,False,,0,1
B2100449500000,tt27662690,1030575.0,True,False,0,,False,,0,1
B2100299900000,tt9815156,844532.0,True,False,0,,False,,0,1
B2100271900000,tt14812780,764443.0,True,False,0,,False,,0,2
B2100363400000,tt10806034,896244.0,True,False,0,,False,,0,1
B2100062600000,tt13219112,752657.0,True,False,0,,False,,0,0
B2100269200000,tt28607155,1033347.0,True,False,0,,False,,0,1
B2100532300000,tt12473774,687577.0,True,False,0,,False,,0,1
B2100072000000,tt12186546,683598.0,True,False,0,,False,,0,1
B2100424200000,tt14687192,808734.0,True,False,0,,False,,0,0
B2100464300000,tt29466641,1141526.0,True,False,0,,False,,0,0
B2100161600000,tt9787228,882853.0,True,False,0,,False,,0,1
B2100445800000,tt13342872,752637.0,True,False,0,,False,,0,1
B2100266400000,tt14042038,856245.0,True,False,0,,False,,0,2
B2100262100000,tt9265520,918210.0,True,False,0,,False,,0,1
B2100113300000,tt12610576,848041.0,True,False,0,,False,,0,1
B2100226000000,tt19891540,616081.0,True,False,0,,False,,0,0
B2100261800000,tt24171650,,False,False,0,,False,,0,0
B2100333300000,tt12935690,799808.0,True,False,0,,False,,0,1
B2100454200000,tt18264754,,False,False,0,,False,,0,0
B2100290600000,tt6314382,872150.0,True,False,0,,False,,0,1
B2100339600000,tt15450536,745888.0,True,False,0,,False,,0,0
B2100115400000,tt14316942,1461209.0,True,False,0,,False,,0,1
B2100496300000,tt11674072,662745.0,True,False,0,,False,,0,1
B2100278800000,tt12003826,865962.0,True,False,0,,False,,0,1
B2100073300000,tt11197712,926954.0,True,False,0,,False,,0,0
B2100315800000,tt19414286,954795.0,True,False,0,,False,,0,0
B2100259600000,tt9471828,743048.0,True,False,0,,False,,0,3
B2200146400000,tt14667700,764510.0,True,False,0,,False,,0,1
B2200246300000,tt14795302,1188772.0,True,False,0,,False,,0,0
B2200398000000,tt21955892,1011802.0,True,False,0,,False,,0,0
B2200048000000,tt5617666,714694.0,True,False,0,,False,,0,1
B2300008100000,tt24083008,1030620.0,True,False,0,,False,,0,1
B2200344300000,tt19387730,958954.0,True,False,0,,False,,0,0
B2200285200000,tt18573106,945805.0,True,False,0,,False,,0,1
B2200244600000,tt28536342,1033322.0,True,False,0,,False,,0,2
B2200042500000,tt16449762,968519.0,True,False,0,,False,,0,1
B2200312700000,tt21637282,872989.0,True,False,0,,False,,0,3
B2200358600000,tt26997896,1200880.0,True,False,0,,False,,0,0
B2200184200000,tt10407924,974174.0,True,False,0,,False,,0,1
B2200402400000,tt19387670,959471.0,True,False,0,,False,,0,0
B2200412400000,tt22812908,1004290.0,True,False,0,,False,,0,1
B2200146200000,tt22802528,1030580.0,True,False,0,,False,,0,1
B2200258900000,tt22073312,1016467.0,True,False,0,,False,,0,1
B2200351900000,tt15727626,878366.0,True,False,0,,False,,0,0
B2200130100000,tt13070112,968098.0,True,False,0,,False,,0,0
B2200508100000,tt14817802,829424.0,True,False,0,,False,,0,6
B2200429300000,tt23854020,928745.0,True,False,0,,False,,0,0
B2200215900000,tt7466970,789602.0,True,False,0,,False,,0,1
B2200417400000,tt10504776,679905.0,True,False,0,,True,JP|KR,2,2
B2200181800000,tt14916812,842184.0,True,False,0,,False,,0,0
B2200154200000,tt21220538,951544.0,True,False,0,,False,,0,1
B2300212500000,tt21650856,1089883.0,True,False,0,,False,,0,1
B2300302500000,tt31778070,1283280.0,True,False,0,,False,,0,1
B2300570500000,tt27502245,1112543.0,True,False,0,,False,,0,4
B2300444900000,tt8992484,1140346.0,True,False,0,,False,,0,0
B2300379300000,tt23559706,1174139.0,True,False,0,,False,,0,1
B2300204800000,tt26745895,1096584.0,True,False,0,,False,,0,1
B2300491700000,tt35252244,,False,False,0,,False,,0,0
B2300526900000,tt12669950,1174260.0,True,False,0,,False,,0,2
B2300408400000,tt32751147,,False,False,0,,False,,0,0
B2300374600000,tt30048154,1184415.0,True,False,0,,False,,0,1
B2300147900000,tt14853756,976740.0,True,False,0,,False,,0,1
B2300565500000,tt38069773,1564745.0,True,False,0,,False,,0,0
B2300222400000,tt29361661,1008816.0,True,False,0,,False,,0,1
B2300376600000,tt22806464,,False,False,0,,False,,0,0
B2300517000000,tt30475450,1208769.0,True,False,0,,False,,0,1
B2300396300000,tt27721007,1241919.0,True,False,0,,False,,0,1
B2300125800000,tt31896236,1360065.0,True,False,0,,False,,0,1
B2300312800000,tt36697600,,False,False,0,,False,,0,0
B2300321400000,tt32389513,,False,False,0,,False,,0,0
B2300343000000,tt29011485,1174803.0,True,False,0,,False,,0,1
B2300552400000,tt26939019,743512.0,True,False,0,,False,,0,0
B2300352400000,tt14399538,1165506.0,True,False,0,,False,,0,1
B2300278000000,tt18563278,952022.0,True,False,0,,False,,0,1
B2300267400000,tt7415596,,False,False,0,,False,,0,0
B2300209300000,tt34880072,1413709.0,True,False,0,,False,,0,1
B2300062000000,tt27788763,1105948.0,True,False,0,,False,,0,0
B2300148100000,tt38773307,,False,False,0,,False,,0,0
B2300037500000,tt14201518,1004294.0,True,False,0,,False,,0,1
B2300535000000,tt10037498,1008568.0,True,False,0,,False,,0,6
B2300373000000,tt18558306,714889.0,True,True,3,2023-10-16,False,,0,13
B2300401000000,tt34459147,1033349.0,True,False,0,,False,,0,0
B2300531200000,tt24326062,1169900.0,True,False,0,,False,,0,1
B2300120400000,tt13366978,764834.0,True,False,0,,False,,0,1
B2300514300000,tt26594490,1083860.0,True,False,0,,False,,0,1
B2300519200000,tt27755460,1061240.0,True,False,0,,False,,0,1
B2300437800000,tt27766587,1122956.0,True,False,0,,False,,0,0
B2300186300000,tt30061541,1192989.0,True,False,0,,False,,0,1
B2300126700000,tt24325846,912885.0,True,False,0,,False,,0,1
B2300576500000,tt3096770,1004284.0,True,False,0,,False,,0,1
B2300396400000,tt33092692,,False,False,0,,False,,0,0
B2300367700000,tt29639785,1011449.0,True,False,0,,False,,0,1
B2300071700000,tt16375980,1156379.0,True,False,0,,False,,0,1
B2300123600000,tt19733788,1135378.0,True,False,0,,False,,0,0
B2300043000000,tt30973862,1030660.0,True,False,0,,False,,0,0
B2300512200000,tt34435534,,False,False,0,,False,,0,0
B2300524600000,tt13073252,1032795.0,True,False,0,,False,,0,1
B2300527900000,tt26546236,,False,False,0,,False,,0,0
B2300230600000,tt21993520,971041.0,True,False,0,,False,,0,1
B2300343300000,tt13846480,925113.0,True,False,0,,False,,0,0
B2300255800000,tt20420806,977592.0,True,False,0,,False,,0,2
B2300137400000,tt28708459,1136603.0,True,False,0,,False,,0,1
B2300212300000,tt27708729,1174335.0,True,False,0,,False,,0,1
B2300026000000,tt14256240,900587.0,True,False,0,,False,,0,1
B2300062400000,tt36946824,1137480.0,True,False,0,,False,,0,0
B2300327500000,tt27502227,1112548.0,True,False,0,,False,,0,3
B2300295700000,tt14618902,658168.0,True,False,0,,False,,0,1
B2300103200000,tt15528482,878374.0,True,False,0,,False,,0,1
B2300337300000,tt33197220,,False,False,0,,False,,0,0
B2300469100000,tt13796572,,False,False,0,,False,,0,0
B2300517700000,tt27448143,,False,False,0,,False,,0,0
B2300364700000,tt29762866,1199425.0,True,False,0,,False,,0,1
B2300338900000,tt28753273,1141271.0,True,False,0,,False,,0,0
B2300170000000,tt31835921,1150684.0,True,False,0,,False,,0,1
B2300212800000,tt10735238,1189694.0,True,False,0,,False,,0,0
B2300176900000,tt16748958,882979.0,True,False,0,,False,,0,0
B2300190300000,tt36222628,1445986.0,True,False,0,,False,,0,1
B2300139700000,tt32611733,1142867.0,True,False,0,,False,,0,1
B2300408000000,tt28260733,1086786.0,True,False,0,,False,,0,1
B2300465800000,tt29536981,1062892.0,True,False,0,,False,,0,1
B1600107600000,tt4612304,359806.0,True,False,0,,False,,0,0
B1600416100000,tt5452964,382455.0,True,True,2,2016-11-02,False,,0,3
B1600227000000,tt4302788,379316.0,True,False,0,,False,,0,1
B1600756100000,tt6182402,401912.0,True,False,0,,False,,0,0
B1600630700000,tt6365842,494141.0,True,False,0,,False,,0,1
B1700013000000,tt7414162,469915.0,True,False,0,,False,,0,2
B1700422600000,tt6987798,458905.0,True,False,0,,False,,0,1
B1600714000000,tt7618754,409312.0,True,False,0,,False,,0,0
B1600547800000,tt3476694,409313.0,True,False,0,,False,,0,1
B1700605000000,tt9064614,472303.0,True,False,0,,False,,0,1
B1800115300000,tt8327798,480489.0,True,False,0,,False,,0,1
B1800077200000,tt6021856,472545.0,True,False,0,,False,,0,1
B1700104400000,tt7890408,499195.0,True,False,0,,True,KR,1,2
B1700424500000,tt6682424,480252.0,True,False,0,,False,,0,1
B1900117400000,tt15670696,,False,False,0,,False,,0,0
B1900034500000,tt12538358,773062.0,True,True,3,2020-10-31,False,,0,1
B1800141000000,tt8183418,499689.0,True,False,0,,False,,0,1
B1800494000000,tt21306810,,False,False,0,,False,,0,0
B1800255500000,tt8599736,,False,False,0,,False,,0,0
B1800168300000,tt7895852,471291.0,True,False,0,,False,,0,1
B1800287700000,tt5089068,398826.0,True,False,0,,True,KR,1,2
B1800610400000,tt10696054,585163.0,True,False,0,,False,,0,1
B1800440700000,tt8272406,533412.0,True,True,3,2018-04-27,False,,0,2
B1800445800000,tt8800108,570099.0,True,False,0,,False,,0,0
B1800466100000,tt8731138,535348.0,True,False,0,,False,,0,2
B1800454800000,tt14933954,841982.0,True,False,0,,False,,0,1
B1900471700000,tt12629592,1667039.0,True,False,0,,False,,0,0
B1900611200000,tt15727368,799516.0,True,False,0,,False,,0,1
B1900249100000,tt10297530,575869.0,True,False,0,,False,,0,1
B1900347600000,tt10985014,633283.0,True,False,0,,False,,0,1
B1900223700000,tt9643312,496048.0,True,False,0,,False,,0,1
B1900498800000,tt12018108,634496.0,True,False,0,,False,,0,1
B1900045700000,tt11956308,,False,False,0,,False,,0,0
B1900308000000,tt15689900,883004.0,True,False,0,,False,,0,1
B1900379100000,tt10066262,746595.0,True,False,0,,False,,0,0
B1900298300000,tt8883102,566896.0,True,False,0,,False,,0,1
B2000230900000,tt15216944,576521.0,True,False,0,,False,,0,0
B1900090000000,tt8922784,650015.0,True,False,0,,False,,0,1
B1900423900000,tt14428040,810210.0,True,False,0,,False,,0,0
B1900205100000,tt11945060,593640.0,True,False,0,,False,,0,1
B1900461300000,tt9312830,615226.0,True,False,0,,False,,0,1
B1900350600000,tt36276441,,False,False,0,,False,,0,0
B1900507200000,tt9657946,576079.0,True,False,0,,False,,0,2
B2000294200000,tt4546156,935724.0,True,False,0,,False,,0,1
B2000523200000,tt10441878,784149.0,True,False,0,,False,,0,1
B2000096300000,tt12077826,656523.0,True,False,0,,False,,0,1
B2000096500000,tt11126036,637635.0,True,False,0,,False,,0,1
B2000255200000,tt11951090,724232.0,True,False,0,,False,,0,0
B2000073200000,tt21433706,1051652.0,True,False,0,,False,,0,1
B2000130600000,tt13519734,667246.0,True,False,0,,False,,0,0
B2000173800000,tt12492778,,False,False,0,,False,,0,0
B2000325100000,tt13351512,750534.0,True,False,0,,False,,0,1
B2000468500000,tt11383164,719284.0,True,False,0,,False,,0,1
B2000436900000,tt13339368,752656.0,True,False,0,,False,,0,0
B2000499300000,tt14362492,768878.0,True,False,0,,False,,0,1
B2000066500000,tt11912618,650040.0,True,False,0,,False,,0,1
B2000352100000,tt13236408,745907.0,True,False,0,,False,,0,1
B2000227100000,tt9474114,645884.0,True,True,3,2019-12-31,False,,0,2
B2000335200000,tt14893202,831745.0,True,False,0,,False,,0,0
B2000240100000,tt11701102,667143.0,True,False,0,,False,,0,0
B2000239400000,tt10640730,792931.0,True,False,0,,False,,0,1
B2000124100000,tt10418862,,False,False,0,,False,,0,0
B2000160000000,tt7746728,499517.0,True,False,0,,False,,0,0
B2000114300000,tt13392502,651920.0,True,False,0,,False,,0,1
B2000284300000,tt13730062,770736.0,True,False,0,,False,,0,1
B2100113900000,tt3548874,776490.0,True,True,2,2022-01-14,False,,0,3
B2100075400000,tt7304068,,False,False,0,,False,,0,0
B2200143600000,tt24067350,1061617.0,True,False,0,,False,,0,1
B2200073000000,tt15393438,821234.0,True,False,0,,False,,0,0
B2200449200000,tt33087749,1048794.0,True,False,0,,False,,0,1
B2200203400000,tt27418876,1033345.0,True,False,0,,False,,0,0
B2200497100000,tt10582752,1249224.0,True,False,0,,False,,0,1
B2200212700000,tt15823516,762792.0,True,False,0,,True,IN,1,2
B2200442900000,tt27665384,1130601.0,True,False,0,,False,,0,1
B2300007600000,tt32506908,1136606.0,True,False,0,,False,,0,0
B2200040500000,tt16436064,884569.0,True,False,0,,False,,0,1
B2200458400000,tt21742248,818502.0,True,False,0,,False,,0,0
B2300422000000,tt32142341,,False,False,0,,False,,0,0
B2300502400000,tt28701123,1168414.0,True,False,0,,False,,0,1
B2300252300000,tt40145189,,False,False,0,,False,,0,0
B2300377600000,tt10885608,,False,False,0,,False,,0,0
B2300567400000,tt27918943,,False,False,0,,False,,0,0
B2300201900000,tt28997874,1352381.0,True,False,0,,False,,0,1
B2300500100000,tt37514135,1494396.0,True,False,0,,False,,0,1
B2300140800000,tt33058029,1253668.0,True,False,0,,False,,0,1
B2300141200000,tt31778548,,False,False,0,,False,,0,0
B2300035300000,tt15655350,874729.0,True,False,0,,False,,0,0
B2300363900000,tt29742408,1174816.0,True,False,0,,False,,0,0
B2300011000000,tt33246968,,False,False,0,,False,,0,0
B2300114900000,tt36662741,1362770.0,True,False,0,,False,,0,1
B2100018500000,tt10805260,664422.0,True,False,0,,False,,0,1
B2300374700000,tt11141608,1127963.0,True,False,0,,False,,0,1
B2300247400000,tt9619234,662714.0,True,False,0,,False,,0,2
B2300402000000,tt28515096,1046813.0,True,False,0,,False,,0,1
B2300120800000,tt28184491,1135409.0,True,False,0,,False,,0,1
B1700411300000,tt7449594,469950.0,True,False,0,,False,,0,0
B1800090200000,tt7613748,480406.0,True,False,0,,False,,0,0
B1800245900000,tt5269624,510550.0,True,False,0,,False,,0,1
B1800445500000,tt8346446,519121.0,True,False,0,,False,,0,2
B1800517200000,tt10009602,555606.0,True,False,0,,False,,0,1
B2300123500000,tt15208678,1285706.0,True,False,0,,False,,0,1
B2300338800000,tt29120156,1030626.0,True,False,0,,False,,0,1
B2300261100000,tt27276658,999501.0,True,False,0,,False,,0,1
B2300551000000,tt29611473,1187762.0,True,False,0,,False,,0,1
B2100364800000,tt17058302,764522.0,True,False,0,,False,,0,1
B2200124400000,tt12076024,983488.0,True,False,0,,False,,0,1
B2200386600000,tt24251076,1038810.0,True,False,0,,False,,0,1
B2300001100000,tt15520368,997265.0,True,False,0,,False,,0,2
B2200243000000,tt19369774,950573.0,True,False,0,,False,,0,1
B2400339600000,tt4850742,1041390.0,True,False,0,,False,,0,1
B2300201800000,tt37657408,,False,False,0,,False,,0,0
B2300065800000,tt16951702,883014.0,True,False,0,,False,,0,1
B2300121300000,tt14589900,997792.0,True,False,0,,False,,0,1
B2300303300000,tt22376320,1123087.0,True,False,0,,False,,0,1
B2300240900000,tt11624812,911845.0,True,False,0,,False,,0,1
B2300491600000,tt9223884,970589.0,True,False,0,,False,,0,2
B2300527400000,tt13866866,764442.0,True,False,0,,False,,0,4
B2000497700000,tt5805768,484297.0,True,False,0,,True,KR|TW,2,3
B2000154900000,tt8217188,619154.0,True,False,0,,False,,0,1
B2000070300000,tt12947630,851683.0,True,False,0,,False,,0,1
B2100065700000,tt14029622,795780.0,True,False,0,,False,,0,0
B2100306300000,tt26915507,,False,False,0,,False,,0,0
B2100113200000,tt11150620,678941.0,True,False,0,,False,,0,0
B2100010700000,tt8241138,610203.0,True,False,0,,False,,0,0
B2100259000000,tt10395866,614282.0,True,False,0,,False,,0,1
B2100347700000,tt20853102,860772.0,True,False,0,,False,,0,1
B2200063900000,tt32596977,,False,False,0,,False,,0,0
B2300468500000,tt25383368,1027253.0,True,False,0,,False,,0,1
B2200343300000,tt22012140,950480.0,True,False,0,,False,,0,1
B2200299300000,tt13678246,1016341.0,True,False,0,,False,,0,1
B2200412200000,tt24083886,1030579.0,True,False,0,,False,,0,1
B2300288600000,tt30851950,684125.0,True,False,0,,False,,0,1
B2300008500000,tt32597133,1077760.0,True,False,0,,False,,0,1
B2300549200000,tt37157726,,False,False,0,,False,,0,0
B2300212900000,tt18244348,941220.0,True,False,0,,False,,0,1
B2300283600000,tt29556283,1195173.0,True,False,0,,False,,0,1
B2000034100000,tt9914192,669329.0,True,False,0,,False,,0,1
B2000502900000,tt10573946,668780.0,True,False,0,,False,,0,1
B2100036700000,tt29174442,1140842.0,True,False,0,,False,,0,1
B2200065000000,tt21103650,980180.0,True,False,0,,False,,0,1
B2200349500000,tt17055878,605127.0,True,False,0,,False,,0,0
B2300330000000,tt28671033,1166412.0,True,False,0,,False,,0,1
B2300349700000,tt15060662,947457.0,True,False,0,,False,,0,1
B2300536800000,tt34981216,1302903.0,True,False,0,,False,,0,1
B2200460100000,tt37255919,,False,False,0,,False,,0,0
B2300280900000,tt32099688,,False,False,0,,False,,0,0
B2300063500000,tt37256934,,False,False,0,,False,,0,0
B2300240100000,tt30767512,1177246.0,True,False,0,,False,,0,1
B1201586000000,tt2209400,117534.0,True,False,0,,False,,0,1
B1302052900000,tt34458894,,False,False,0,,False,,0,0
B1500883200000,tt6037266,420280.0,True,False,0,,False,,0,1
B1500572300000,tt6654698,447201.0,True,False,0,,False,,0,1
B1600193300000,tt6654698,447201.0,True,False,0,,False,,0,1
B1500916300000,tt6447984,,False,False,0,,False,,0,0
B1500515600000,tt9013662,,False,False,0,,False,,0,0
B1700145800000,tt3560090,469046.0,True,False,0,,False,,0,0
B1600739700000,tt10680630,569498.0,True,False,0,,False,,0,1
B1700207800000,tt25149372,1063958.0,True,False,0,,False,,0,1
B1700012200000,tt5441966,,False,False,0,,False,,0,0
B1700213000000,tt8040644,480516.0,True,False,0,,False,,0,1
B1700220800000,tt12780488,494143.0,True,False,0,,False,,0,1
B1700561500000,tt15294762,518618.0,True,False,0,,False,,0,0
B1700083900000,tt11279880,,False,False,0,,False,,0,0
B1700625600000,tt7144786,480540.0,True,False,0,,False,,0,1
B1700586400000,tt7839764,700474.0,True,False,0,,False,,0,1
B1700325000000,tt9534498,451540.0,True,False,0,,False,,0,1
B1800247400000,tt8040644,480516.0,True,False,0,,False,,0,1
B1700539800000,tt6791332,480706.0,True,False,0,,False,,0,1
B1700603800000,tt8461424,1145023.0,True,False,0,,False,,0,1
B1800188300000,tt8372336,614842.0,True,False,0,,False,,0,1
B1800282400000,tt13185652,712940.0,True,False,0,,False,,0,0
B1800493200000,tt39076522,,False,False,0,,False,,0,0
B1800556700000,tt13415520,728000.0,True,False,0,,False,,0,1
B1800223200000,tt29763927,,False,False,0,,False,,0,0
B1800536000000,tt7689936,492994.0,True,False,0,,False,,0,1
B1900423500000,tt10984348,,False,False,0,,False,,0,0
B1900262100000,tt12733660,607947.0,True,False,0,,False,,0,0
B1900450400000,tt13297190,773132.0,True,False,0,,False,,0,1
B1900595100000,tt13251752,650050.0,True,False,0,,False,,0,1
B1900131500000,tt13297320,554976.0,True,False,0,,False,,0,1
B1900589000000,tt7574106,529279.0,True,False,0,,False,,0,0
B1900150600000,tt27074909,591023.0,True,False,0,,False,,0,1
B1900094700000,tt15727610,,False,False,0,,False,,0,0
B1900289300000,tt10596876,733709.0,True,False,0,,False,,0,1
B1900225700000,tt10616544,715883.0,True,True,3,2018-09-15,False,,0,1
B1900092400000,tt14618902,658168.0,True,False,0,,False,,0,1
B2000098200000,tt8385420,577114.0,True,False,0,,False,,0,1
B2000375500000,tt13246380,780195.0,True,False,0,,False,,0,0
B2000556100000,tt12273578,651898.0,True,False,0,,False,,0,1
B2000367000000,tt12802724,876262.0,True,False,0,,False,,0,1
B2000091000000,tt15727610,,False,False,0,,False,,0,0
B2000478800000,tt10596876,733709.0,True,False,0,,False,,0,1
B2000192900000,tt12764602,730480.0,True,False,0,,False,,0,0
B2000495900000,tt12364408,,False,False,0,,False,,0,0
B2000199400000,tt11090990,638239.0,True,False,0,,False,,0,0
B2000172600000,tt13707412,701419.0,True,False,0,,False,,0,1
B2000129200000,tt27601977,953432.0,True,False,0,,False,,0,0
B2000151600000,tt9409886,573643.0,True,False,0,,False,,0,0
B2000337200000,tt13303296,738739.0,True,False,0,,False,,0,1
B2000221100000,tt27524327,892497.0,True,True,3,2020-03-14,False,,0,1
B2100304600000,tt10756704,,False,False,0,,False,,0,0
B2100298400000,tt33083988,,False,False,0,,False,,0,0
B2100142100000,tt14390456,,False,False,0,,False,,0,0
B2100265500000,tt14369822,810211.0,True,False,0,,False,,0,1
B2100153600000,tt22866344,,False,False,0,,False,,0,0
B2100262000000,tt14917992,841986.0,True,False,0,,False,,0,0
B2200066100000,tt31688608,,False,False,0,,False,,0,0
B2200459700000,tt27392210,1105951.0,True,False,0,,False,,0,0
B2200367100000,tt14464240,810209.0,True,False,0,,False,,0,0
B2200366600000,tt20517178,,False,False,0,,False,,0,0
B2200296300000,tt21968028,1179045.0,True,False,0,,False,,0,0
B2300404700000,tt27329068,1030583.0,True,False,0,,False,,0,1
B2300573000000,tt20252884,1226521.0,True,False,0,,False,,0,0
B2300223600000,tt34423231,,False,False,0,,False,,0,0
B1700117400000,tt8750328,736676.0,True,False,0,,False,,0,1
B2000114900000,tt13836616,749957.0,True,False,0,,False,,0,0
B1800172700000,tt12378482,478652.0,True,False,0,,False,,0,0
B1800451700000,tt8861328,586960.0,True,False,0,,False,,0,0
B1800479800000,tt8861328,586960.0,True,False,0,,False,,0,0
B2000108600000,tt12699234,650055.0,True,False,0,,False,,0,1
B1900166800000,tt10880830,555816.0,True,False,0,,False,,0,1
B2000069400000,tt13519428,900023.0,True,False,0,,False,,0,0
B2000139000000,tt10372816,601613.0,True,False,0,,False,,0,0
B2000437800000,tt19365442,,False,False,0,,False,,0,0
B2000112200000,tt12311540,712147.0,True,False,0,,False,,0,0
B2000100700000,tt13251676,651877.0,True,False,0,,False,,0,1
B2000284700000,tt13303186,738270.0,True,False,0,,False,,0,1
B2000340300000,tt13197974,766685.0,True,False,0,,False,,0,0
B2000406100000,tt13689288,789242.0,True,False,0,,False,,0,2
B2100227200000,tt14428040,810210.0,True,False,0,,False,,0,0
B2100219200000,tt14438316,810213.0,True,False,0,,False,,0,0
B2100366300000,tt14355874,788032.0,True,False,0,,False,,0,0
B2200306500000,tt29670449,1259319.0,True,False,0,,False,,0,1
B2200462000000,tt13792534,788040.0,True,False,0,,False,,0,0
B2200351600000,tt35511837,,False,False,0,,False,,0,0
B2300512000000,tt34382353,,False,False,0,,False,,0,0
B2300071400000,tt24578518,1051620.0,True,False,0,,False,,0,0
B2300344000000,tt29429433,1188577.0,True,False,0,,False,,0,1
B2300484500000,tt38268493,,False,False,0,,False,,0,0
B2300180300000,tt14763720,818836.0,True,False,0,,False,,0,1
B1700468400000,tt8792492,480714.0,True,False,0,,False,,0,1
B1700466900000,tt7308092,475756.0,True,False,0,,False,,0,1
B1700454300000,tt8034378,482016.0,True,False,0,,False,,0,1
B1600690400000,tt5820146,428327.0,True,False,0,,False,,0,1
B1800150400000,tt8210704,480637.0,True,False,0,,False,,0,1
B1700539700000,tt7594074,,False,False,0,,False,,0,0
B1900019000000,tt9214280,568700.0,True,False,0,,False,,0,1
B1700552000000,tt7744802,487491.0,True,False,0,,False,,0,1
B1800152000000,tt6217248,439296.0,True,False,0,,False,,0,1
B1700605800000,tt6805404,434488.0,True,False,0,,False,,0,1
B1700110600000,tt32225013,,False,False,0,,False,,0,0
B1700611000000,tt7882104,494493.0,True,False,0,,False,,0,1
B1700332400000,tt7579474,480636.0,True,False,0,,False,,0,1
B1800228200000,tt8800806,515488.0,True,False,0,,False,,0,1
B1800441300000,tt7247512,555793.0,True,False,0,,False,,0,1
B1800542400000,tt10865226,555430.0,True,False,0,,False,,0,1
B1800462300000,tt9046772,542480.0,True,False,0,,False,,0,1
B1800029400000,tt7853804,615322.0,True,False,0,,False,,0,1
B1800324100000,tt8972568,515921.0,True,False,0,,False,,0,1
B1800546900000,tt8753660,560491.0,True,False,0,,False,,0,2
B1900098600000,tt9070758,737828.0,True,False,0,,False,,0,0
B1800098700000,tt6145054,510314.0,True,False,0,,False,,0,1
B1800029300000,tt7633052,481204.0,True,False,0,,False,,0,0
B1900320300000,tt12529866,605322.0,True,False,0,,False,,0,0
B1900597000000,tt12553532,,False,False,0,,False,,0,0
B1900198800000,tt12344288,557493.0,True,False,0,,False,,0,1
B1900309300000,tt9356624,555798.0,True,False,0,,False,,0,1
B1900372100000,tt13836684,741799.0,True,False,0,,False,,0,0
B1900376800000,tt10293664,745884.0,True,False,0,,False,,0,1
B1900468300000,tt14111726,799497.0,True,False,0,,True,KR,1,2
B1900350700000,tt9784842,575817.0,True,False,0,,False,,0,1
B1900487000000,tt37858178,,False,False,0,,False,,0,0
B1900421800000,tt7954660,799524.0,True,False,0,,False,,0,1
B1900513800000,tt11150412,750520.0,True,False,0,,False,,0,1
B1900531900000,tt37286951,,False,False,0,,False,,0,0
B1900231600000,tt11695950,544482.0,True,False,0,,False,,0,0
B1900487100000,tt9207188,623780.0,True,False,0,,False,,0,1
B1900411500000,tt37497926,,False,False,0,,False,,0,0
B1900525000000,tt11350226,648858.0,True,False,0,,False,,0,1
B2000158900000,tt6459834,637612.0,True,False,0,,False,,0,1
B2000078000000,tt10520386,637881.0,True,False,0,,False,,0,1
B2000043200000,tt12627912,796536.0,True,False,0,,False,,0,1
B2000339200000,tt11259310,770730.0,True,False,0,,False,,0,1
B2000201000000,tt11689428,637613.0,True,False,0,,False,,0,0
B2000142200000,tt11235704,637616.0,True,False,0,,False,,0,0
B2000322300000,tt17155652,929219.0,True,False,0,,False,,0,1
B2000532000000,tt7611940,625518.0,True,False,0,,False,,0,1
B2000097600000,tt11235886,618741.0,True,False,0,,False,,0,1
B2000513600000,tt11057882,784117.0,True,False,0,,False,,0,1
B2100460000000,tt16226330,896559.0,True,False,0,,False,,0,1
B2100156800000,tt14428110,804775.0,True,False,0,,False,,0,1
B2100113400000,tt14916748,841983.0,True,False,0,,False,,0,0
B2100217200000,tt13527250,825656.0,True,False,0,,False,,0,0
B2100452100000,tt16295558,,False,False,0,,False,,0,0
B2100010600000,tt14356794,745887.0,True,False,0,,False,,0,0
B2200325000000,tt21186266,997791.0,True,False,0,,False,,0,1
B2200146300000,tt10951512,1030432.0,True,False,0,,False,,0,0
B2200250500000,tt15225968,,False,False,0,,False,,0,0
B2200504100000,tt15489762,952021.0,True,False,0,,False,,0,1
B2200250300000,tt21182882,875295.0,True,False,0,,False,,0,1
B2300001000000,tt26598541,1048814.0,True,False,0,,False,,0,1
B2200186300000,tt21156690,1038956.0,True,False,0,,False,,0,1
B2200003500000,tt10839454,687552.0,True,False,0,,False,,0,1
B2300484200000,tt30431349,1078556.0,True,False,0,,False,,0,1
B2300205100000,tt26255088,1030653.0,True,True,3,2023-12-08,False,,0,2
B2300531000000,tt39161167,,False,False,0,,False,,0,0
B2300270600000,tt30886398,1223899.0,True,False,0,,False,,0,1
B2300276400000,tt11286592,945813.0,True,False,0,,False,,0,1
B1700615400000,tt8752502,515190.0,True,False,0,,False,,0,0
B1800213800000,tt7754496,493659.0,True,False,0,,False,,0,2
B1900108800000,tt10075070,544478.0,True,False,0,,False,,0,1
B1900093000000,tt11145856,637634.0,True,False,0,,False,,0,1
B1900175200000,tt10457346,573672.0,True,False,0,,False,,0,0
B2000429100000,tt11640118,617097.0,True,False,0,,False,,0,2
B2000459900000,tt13119046,1103457.0,True,False,0,,False,,0,1
B2000542500000,tt11783108,656530.0,True,False,0,,False,,0,2
B2100232400000,tt22794548,1027254.0,True,False,0,,False,,0,1
B2100484600000,tt11337302,636368.0,True,False,0,,False,,0,0
B2300353100000,tt31418307,,False,False,0,,False,,0,0
B1700220900000,tt9064564,474279.0,True,False,0,,False,,0,1
B1800072600000,tt7516234,,False,False,0,,False,,0,0
B1700261300000,tt9736024,814024.0,True,False,0,,False,,0,1
B1600738400000,tt7789406,453956.0,True,False,0,,False,,0,1
B1600718700000,tt6412648,360113.0,True,False,0,,False,,0,1
B1900494500000,tt11547548,651899.0,True,False,0,,False,,0,1
B1800006500000,tt11009980,528891.0,True,False,0,,False,,0,1
B0901103700000,tt1440741,44125.0,True,True,3,2009-12-20,False,,0,3
B1001147500000,tt0768187,65105.0,True,False,0,,False,,0,1
B0901080700000,tt1322277,23854.0,True,False,0,,False,,0,4
B1001148600000,tt1234559,41520.0,True,False,0,,False,,0,1
B0901099200000,tt1609123,64515.0,True,False,0,,False,,0,2
B1001166000000,tt1500720,81076.0,True,False,0,,False,,0,2
B1001319100000,tt1832288,63696.0,True,False,0,,False,,0,1
B1201623700000,tt1827372,88237.0,True,False,0,,False,,0,4
B1101461100000,tt1891885,85812.0,True,False,0,,False,,0,1
B1201605900000,tt2113588,129697.0,True,False,0,,False,,0,1
B1201643000000,tt3455238,339853.0,True,False,0,,False,,0,1
B1101519200000,tt2181819,95753.0,True,False,0,,False,,0,1
B1101496800000,tt1828148,84106.0,True,False,0,,False,,0,1
B1101420100000,tt1653653,126304.0,True,False,0,,True,JP,1,2
B1101415000000,tt2139855,82745.0,True,False,0,,False,,0,1
B1101528200000,tt2106411,125935.0,True,False,0,,False,,0,2
B1201553500000,tt1720114,98525.0,True,True,3,2013-03-05,False,,0,3
B1101414400000,tt2043879,102860.0,True,True,3,2012-06-01,False,,0,6
B1101490400000,tt1734468,106763.0,True,True,3,2011-11-07,False,,0,2
B1201696600000,tt3443904,228151.0,True,False,0,,False,,0,1
B1101527800000,tt2130150,112869.0,True,False,0,,False,,0,1
B1301773400000,tt2215537,191034.0,True,False,0,,False,,0,1
B1101425400000,tt1998368,233427.0,True,False,0,,False,,0,1
B1201547400000,tt2142055,107203.0,True,True,3,2012-06-06,False,,0,4
B1301751900000,tt2125425,84195.0,True,True,3,2012-01-20,False,,0,3
B1201661300000,tt2476186,199288.0,True,False,0,,False,,0,1
B1201614400000,tt2565174,267138.0,True,False,0,,False,,0,1
B1301738800000,tt2428824,227952.0,True,False,0,,False,,0,1
B1301732600000,tt4832664,285618.0,True,False,0,,False,,0,1
B1201586300000,tt2435676,186599.0,True,False,0,,False,,0,1
B1301763500000,tt3256668,284062.0,True,False,0,,False,,0,1
B1201696900000,tt2217458,167683.0,True,True,3,2013-08-09,False,,0,6
B1301743100000,tt2402186,191185.0,True,False,0,,True,KR,1,3
B1301803700000,tt2364366,252836.0,True,False,0,,False,,0,1
B1201580500000,tt2231208,173443.0,True,True,3,2013-03-07,False,,0,3
B1301733000000,tt2220408,180371.0,True,False,0,,False,,0,1
B1301945900000,tt1734433,96599.0,True,True,2,2013-03-20,False,,0,2
B1301902100000,tt2124730,286326.0,True,False,0,,False,,0,1
B1402446800000,tt2650414,248475.0,True,False,0,,False,,0,2
B1301874500000,tt2322316,230310.0,True,False,0,,False,,0,1
B1402086200000,tt2445698,230129.0,True,False,0,,False,,0,1
B1301803100000,tt1869416,195423.0,True,False,0,,False,,0,2
B1402159100000,tt3046062,259719.0,True,False,0,,False,,0,1
B1301940000000,tt2039369,224233.0,True,False,0,,False,,0,2
B1301989000000,tt3183630,223706.0,True,True,3,2015-12-11,False,,0,9
B1301712200000,tt1708510,173214.0,True,False,0,,False,,0,1
B1301947600000,tt2746176,227493.0,True,False,0,,False,,0,1
B1301769500000,tt2956394,213131.0,True,False,0,,False,,0,1
B1402521900000,tt2216582,279387.0,True,True,3,2016-05-03,False,,0,2
B1500344400000,tt5446640,361788.0,True,False,0,,False,,0,1
B1402255700000,tt6477214,,False,False,0,,False,,0,0
B1402378700000,tt4954946,296697.0,True,False,0,,False,,0,1
B1500543200000,tt4543578,342238.0,True,False,0,,False,,0,1
B1402855900000,tt4669624,419062.0,True,False,0,,False,,0,1
B1402201200000,tt4224044,336182.0,True,False,0,,False,,0,1
B1402652900000,tt2168180,363103.0,True,False,0,,True,CN,1,2
B1402175100000,tt2343380,254435.0,True,False,0,,False,,0,1
B1500177200000,tt3806654,352002.0,True,False,0,,False,,0,1
B1500585400000,tt5155340,362313.0,True,False,0,,False,,0,1
B1402237400000,tt2746200,315992.0,True,False,0,,False,,0,2
B1402332500000,tt2041532,228210.0,True,False,0,,False,,0,1
B1402145600000,tt3735086,314565.0,True,False,0,,False,,0,1
B1600109600000,tt5060636,360141.0,True,False,0,,False,,0,1
B1600585400000,tt5630122,420322.0,True,False,0,,False,,0,1
B1600032100000,tt3411572,361781.0,True,False,0,,False,,0,1
B1600041000000,tt5812510,441601.0,True,False,0,,False,,0,1
B1500344800000,tt4954564,356202.0,True,False,0,,False,,0,1
B1500812200000,tt5221004,336183.0,True,False,0,,False,,0,0
B1600264400000,tt3922062,361146.0,True,False,0,,False,,0,1
B1500399400000,tt4938662,352996.0,True,False,0,,False,,0,1
B1500309900000,tt4657092,322977.0,True,False,0,,False,,0,1
B1500408100000,tt6412648,360113.0,True,False,0,,False,,0,1
B1500870400000,tt5325210,337708.0,True,False,0,,False,,0,1
B1500672000000,tt3695986,336180.0,True,False,0,,False,,0,1
B1600287300000,tt3583638,409304.0,True,False,0,,False,,0,1
B1600690600000,tt5067984,417544.0,True,False,0,,False,,0,2
B1700349800000,tt6103618,466870.0,True,False,0,,False,,0,1
B1700077100000,tt2371365,365003.0,True,False,0,,False,,0,1
B1600243000000,tt3108658,417579.0,True,False,0,,False,,0,1
B1700051600000,tt4673790,436355.0,True,True,3,2018-01-12,False,,0,3
B1700248900000,tt4778372,479699.0,True,False,0,,False,,0,2
B1800089800000,tt8790694,480408.0,True,False,0,,False,,0,1
B1700602000000,tt8377184,,False,False,0,,False,,0,0
B1700450500000,tt5480782,315205.0,True,False,0,,True,KR,1,6
B1700151900000,tt4012424,341244.0,True,True,3,2017-11-17,False,,0,2
B1700497900000,tt6992342,481254.0,True,False,0,,False,,0,1
B1700088100000,tt7230476,434485.0,True,False,0,,False,,0,1
B1800469700000,tt7644928,555890.0,True,False,0,,False,,0,1
B1800516900000,tt9876022,534149.0,True,False,0,,False,,0,1
B1800458500000,tt11664282,635741.0,True,False,0,,False,,0,1
B1800459400000,tt4195854,555775.0,True,False,0,,False,,0,1
B1800375900000,tt8288184,555817.0,True,False,0,,False,,0,1
B1800411600000,tt8900098,539042.0,True,False,0,,False,,0,1
B1800491800000,tt6682820,460424.0,True,False,0,,False,,0,0
B2000003600000,tt36948077,1705261.0,True,False,0,,False,,0,0
B1800567100000,tt8354064,880840.0,True,False,0,,False,,0,0
B1800212800000,tt5228710,492826.0,True,False,0,,False,,0,1
B1900029000000,tt8327492,528112.0,True,False,0,,False,,0,5
B1800504700000,tt8861074,540021.0,True,False,0,,False,,0,1
B1900448200000,tt11136510,631188.0,True,False,0,,False,,0,0
B1900157600000,tt9213932,600335.0,True,False,0,,False,,0,1
B1900548300000,tt10925780,900706.0,True,False,0,,False,,0,1
B1900618000000,tt10406288,637890.0,True,False,0,,False,,0,0
B1900063700000,tt7885540,565955.0,True,False,0,,False,,0,1
B1900347800000,tt6566846,440844.0,True,False,0,,False,,0,0
B1900331600000,tt6135454,626236.0,True,False,0,,False,,0,0
B2000185600000,tt10984662,,False,False,0,,False,,0,0
B2000364100000,tt13032562,680615.0,True,False,0,,False,,0,0
B2000525500000,tt8608144,764407.0,True,False,0,,False,,0,1
B2000320300000,tt2544134,432387.0,True,False,0,,False,,0,1
B2000106900000,tt11684006,,False,False,0,,False,,0,0
B2000040200000,tt5283934,675418.0,True,False,0,,False,,0,1
B2000436400000,tt8845322,655289.0,True,False,0,,False,,0,1
B2100349700000,tt10676276,871815.0,True,False,0,,False,,0,1
B2100103100000,tt12906328,914929.0,True,False,0,,False,,0,1
B2100271600000,tt4303322,972671.0,True,False,0,,False,,0,1
B2100218200000,tt12872150,778655.0,True,False,0,,False,,0,0
B2100326700000,tt14916760,770769.0,True,False,0,,False,,0,1
B2200405700000,tt11020826,1061631.0,True,False,0,,False,,0,0
B2200291400000,tt14720710,1098912.0,True,False,0,,False,,0,0
B2200307700000,tt11187100,1049208.0,True,False,0,,False,,0,0
B2200080600000,tt11153132,883016.0,True,False,0,,False,,0,1
B2200266500000,tt29542371,1174614.0,True,False,0,,False,,0,1
B2300257900000,tt32636834,1226421.0,True,False,0,,False,,0,0
B2300486200000,tt7737848,1123050.0,True,False,0,,False,,0,1
B2300282000000,tt26342302,1068034.0,True,False,0,,False,,0,1
B2300201100000,tt14022920,952020.0,True,False,0,,False,,0,1
B2300060700000,tt28287857,1148039.0,True,False,0,,False,,0,1
B2300099200000,tt33591742,1105950.0,True,False,0,,False,,0,0
B2300200700000,tt35716361,986149.0,True,False,0,,False,,0,1
B2300442100000,tt29372038,1174445.0,True,False,0,,False,,0,1
B2300258300000,tt31846941,,False,False,0,,False,,0,0
B2300382200000,tt30768102,1219606.0,True,False,0,,False,,0,2
B2300105700000,tt26342145,1262179.0,True,False,0,,False,,0,0
B1101406900000,tt1988573,69938.0,True,False,0,,False,,0,1
B1001305900000,tt1564916,62156.0,True,False,0,,False,,0,1
B1001315900000,tt1810574,70174.0,True,False,0,,False,,0,1
B1101537800000,tt2181839,113465.0,True,False,0,,False,,0,1
B1101456100000,tt1921043,79934.0,True,False,0,,False,,0,2
B1201657700000,tt2332518,154441.0,True,False,0,,False,,0,1
B1301739100000,tt2332672,197759.0,True,False,0,,False,,0,1
B1301930900000,tt2401711,223381.0,True,False,0,,False,,0,1
B1201628900000,tt6132286,419466.0,True,False,0,,False,,0,1
B1301910300000,tt3158456,227106.0,True,False,0,,False,,0,1
B1402137200000,tt3210830,227970.0,True,False,0,,False,,0,1
B1301916500000,tt3583676,341017.0,True,False,0,,False,,0,1
B1402131500000,tt3603568,313060.0,True,True,3,2014-03-09,False,,0,1
B1402125800000,tt1841490,253020.0,True,False,0,,True,KR,1,5
B1402131600000,tt3474994,268100.0,True,False,0,,False,,0,3
B1402406800000,tt3807222,228167.0,True,False,0,,False,,0,1
B1402704900000,tt3948438,261461.0,True,False,0,,False,,0,1
B1402689400000,tt2078693,248549.0,True,False,0,,False,,0,1
B1500554400000,tt3447830,227964.0,True,False,0,,False,,0,1
B1500591500000,tt4911404,341014.0,True,False,0,,False,,0,1
B1500572900000,tt5480816,364598.0,True,False,0,,False,,0,2
B1500843400000,tt4549746,348116.0,True,False,0,,False,,0,2
B1500873900000,tt4690052,348545.0,True,False,0,,False,,0,1
B1600100300000,tt5341056,324463.0,True,False,0,,False,,0,0
B1500585100000,tt3742378,310569.0,True,True,3,2015-08-28,True,KR,1,15
B1500899800000,tt5026038,359787.0,True,False,0,,False,,0,0
B1600036800000,tt21307846,,False,False,0,,False,,0,0
B1700162000000,tt5713208,480407.0,True,False,0,,False,,0,1
B1700386500000,tt6791886,421386.0,True,False,0,,False,,0,1
B1600680100000,tt4875150,360139.0,True,False,0,,False,,0,1
B1600567900000,tt5786508,420703.0,True,False,0,,False,,0,1
B1700011500000,tt7804254,456635.0,True,False,0,,False,,0,1
B1700177700000,tt6853930,448949.0,True,False,0,,False,,0,1
B1600564100000,tt4129802,417595.0,True,False,0,,False,,0,0
B1700353800000,tt7504268,478656.0,True,False,0,,False,,0,1
B1700119200000,tt5631456,439066.0,True,False,0,,False,,0,3
B1700395900000,tt5909218,478397.0,True,False,0,,False,,0,1
B1700109600000,tt5649480,440460.0,True,False,0,,False,,0,1
B1700571300000,tt3660682,346914.0,True,False,0,,False,,0,1
B1700600100000,tt8157400,569071.0,True,False,0,,False,,0,1
B1700168200000,tt6230488,435803.0,True,False,0,,False,,0,1
B1700260300000,tt8660600,535107.0,True,False,0,,False,,0,1
B1700052200000,tt6566878,445604.0,True,False,0,,False,,0,1
B1700513700000,tt5991954,480420.0,True,True,3,2018-03-22,False,,0,2
B1800202100000,tt13223014,,False,False,0,,False,,0,0
B1700480900000,tt3409848,326382.0,True,True,3,2018-04-13,True,KR,1,6
B1800089700000,tt7524558,623086.0,True,False,0,,False,,0,3
B1900019800000,tt7120018,586441.0,True,False,0,,False,,0,1
B1800130000000,tt2179155,418963.0,True,False,0,,False,,0,2
B1800166700000,tt7959390,516006.0,True,False,0,,False,,0,1
B1800106900000,tt5707048,490039.0,True,False,0,,True,KR,1,6
B1900048500000,tt8716800,553608.0,True,False,0,,False,,0,2
B1800607100000,tt9825916,590506.0,True,False,0,,False,,0,1
B1800216200000,tt7385582,499230.0,True,False,0,,False,,0,1
B1900005600000,tt7388700,561032.0,True,False,0,,False,,0,1
B1800502000000,tt12490110,841534.0,True,False,0,,False,,0,1
B1800279000000,tt10953126,678292.0,True,False,0,,False,,0,1
B1800269200000,tt7867358,522168.0,True,False,0,,False,,0,1
B1800307900000,tt8837044,541696.0,True,False,0,,False,,0,1
B1800000800000,tt3096782,397113.0,True,False,0,,False,,0,4
B1800115600000,tt6852272,548886.0,True,False,0,,False,,0,1
B1800307200000,tt8506788,534366.0,True,False,0,,False,,0,5
B1800410600000,tt9303696,549336.0,True,False,0,,False,,0,1
B1900240000000,tt14220888,638119.0,True,False,0,,False,,0,0
B1900232600000,tt2762506,446159.0,True,True,2,2020-03-06,True,JP|KR|TW,3,16
B2000006000000,tt8933992,568132.0,True,False,0,,False,,0,1
B1900075800000,tt10615452,620650.0,True,False,0,,False,,0,0
B2000006700000,tt7825208,500458.0,True,False,0,,True,TW,1,3
B1900341900000,tt8390616,643286.0,True,False,0,,False,,0,0
B1900572800000,tt9482968,664327.0,True,False,0,,False,,0,1
B1900042200000,tt12733422,613126.0,True,False,0,,False,,0,1
B1900508000000,tt6977632,228174.0,True,False,0,,False,,0,2
B1900417800000,tt12116556,667376.0,True,False,0,,False,,0,1
B1900439300000,tt2094955,779202.0,True,False,0,,False,,0,1
B1900235500000,tt8169552,459670.0,True,False,0,,False,,0,1
B1900486900000,tt12659790,774168.0,True,False,0,,False,,0,1
B1900454200000,tt7893570,514801.0,True,False,0,,False,,0,1
B1900380000000,tt7659918,615228.0,True,False,0,,False,,0,1
B2000440700000,tt13333998,752628.0,True,False,0,,False,,0,1
B2000240300000,tt10930820,853666.0,True,False,0,,False,,0,1
B2000047900000,tt14488200,892921.0,True,False,0,,False,,0,0
B2000042800000,tt9000454,582150.0,True,False,0,,False,,0,0
B2000360900000,tt14415376,619104.0,True,False,0,,False,,0,1
B2000127500000,tt21994096,1021497.0,True,False,0,,False,,0,1
B2000163800000,tt3583336,735838.0,True,False,0,,False,,0,1
B2000340700000,tt22052958,,False,False,0,,False,,0,0
B2000065800000,tt14760682,840439.0,True,False,0,,False,,0,1
B2100115300000,tt9090636,651657.0,True,False,0,,False,,0,3
B2100433800000,tt13886712,778629.0,True,True,2,2022-01-07,False,,0,2
B2100408300000,tt15132028,856321.0,True,True,2,2022-08-26,False,,0,7
B2100027200000,tt13935904,745885.0,True,False,0,,False,,0,1
B2100070100000,tt9463434,747016.0,True,False,0,,False,,0,0
B2100017600000,tt14169880,974273.0,True,False,0,,False,,0,0
B2200102500000,tt12373534,1129020.0,True,False,0,,False,,0,1
B2200375000000,tt26786982,1038364.0,True,False,0,,False,,0,1
B2200202000000,tt21812030,994368.0,True,False,0,,False,,0,1
B2200050700000,tt19379004,957838.0,True,False,0,,False,,0,1
B2200065900000,tt11281142,613339.0,True,False,0,,False,,0,1
B2200347700000,tt28697115,1142676.0,True,False,0,,False,,0,1
B2300247700000,tt13254306,1160734.0,True,False,0,,False,,0,1
B2300468900000,tt29808331,1174034.0,True,False,0,,False,,0,0
B2300408500000,tt12530442,1030611.0,True,False,0,,False,,0,1
B2300375400000,tt32658488,1131279.0,True,False,0,,False,,0,1
B0700727000000,tt1111953,,False,False,0,,False,,0,0
B1201590900000,tt4788844,,False,False,0,,False,,0,0
B1800001000000,tt7754564,493661.0,True,False,0,,False,,0,1
B1700339700000,tt6713562,477807.0,True,False,0,,False,,0,1
B1700184000000,tt5741770,456317.0,True,False,0,,False,,0,1
B1700584300000,tt9365634,482272.0,True,False,0,,False,,0,1
B1800132900000,tt7925066,500854.0,True,False,0,,True,KR,1,3
B1301968400000,tt3102382,225836.0,True,False,0,,False,,0,1
B1500113300000,tt2362770,296252.0,True,False,0,,False,,0,1
B1402192700000,tt2355936,230445.0,True,False,0,,False,,0,1
B1402146300000,tt2199543,227975.0,True,True,3,2015-02-27,False,,0,2
B1600245600000,tt5457252,383545.0,True,False,0,,False,,0,1
B1500818400000,tt5338992,365477.0,True,False,0,,False,,0,1
B1500651700000,tt3583538,359429.0,True,False,0,,False,,0,2
B1600033400000,tt4400360,362314.0,True,True,2,2020-01-17,False,,0,3
B1500868700000,tt3753384,365424.0,True,False,0,,False,,0,1
B1500778300000,tt4358196,337706.0,True,False,0,,False,,0,1
B1600043800000,tt4809638,322994.0,True,False,0,,False,,0,1
B1700402100000,tt13739990,586492.0,True,False,0,,False,,0,1
B1700028400000,tt5340590,421608.0,True,False,0,,False,,0,1
B1600564300000,tt4659964,416244.0,True,False,0,,False,,0,1
B1700477300000,tt7901878,476724.0,True,False,0,,False,,0,1
B1800029600000,tt10062650,555819.0,True,False,0,,False,,0,0
B1700405200000,tt6206880,480213.0,True,False,0,,False,,0,1
B1800262800000,tt5932706,518001.0,True,False,0,,False,,0,1
B1800556100000,tt9853264,580075.0,True,False,0,,False,,0,1
B1800445100000,tt6522668,518495.0,True,False,0,,True,JP,1,6
B1800300700000,tt8903368,518517.0,True,False,0,,False,,0,1
B1900019900000,tt7234048,575645.0,True,False,0,,False,,0,1
B1800346100000,tt5230380,496874.0,True,False,0,,False,,0,2
B1800187200000,tt5553810,510228.0,True,False,0,,False,,0,2
B1800285700000,tt8696442,551572.0,True,False,0,,False,,0,1
B1900588900000,tt13468144,648703.0,True,False,0,,False,,0,1
B2000102800000,tt14813842,838368.0,True,False,0,,False,,0,1
B2000277900000,tt4914486,1017333.0,True,False,0,,False,,0,1
B2100282100000,tt13841708,786375.0,True,False,0,,False,,0,2
B2100408100000,tt13350988,607442.0,True,True,3,2022-09-02,True,TW,1,3
B2100536000000,tt14317018,875315.0,True,False,0,,False,,0,1
B1700249500000,tt4524676,408296.0,True,False,0,,False,,0,0
B1700596400000,tt8301540,471284.0,True,False,0,,False,,0,1
B1600708000000,tt5657776,417546.0,True,False,0,,False,,0,1
B1600420900000,tt6032376,417561.0,True,False,0,,False,,0,1
B1700307900000,tt6388464,540020.0,True,False,0,,False,,0,0
B1700222300000,tt8310490,429542.0,True,False,0,,False,,0,1
B1700509000000,tt6682182,459687.0,True,False,0,,False,,0,0
B1700449500000,tt7368464,470023.0,True,False,0,,False,,0,1
B1700112000000,tt6474626,434471.0,True,False,0,,False,,0,3
B1700305400000,tt6805354,453356.0,True,False,0,,False,,0,3
B1700104200000,tt6368132,436365.0,True,False,0,,False,,0,1
B1700501700000,tt7768800,479781.0,True,False,0,,False,,0,1
B1900027100000,tt11075392,637637.0,True,False,0,,False,,0,1
B1800092400000,tt9077744,551306.0,True,False,0,,False,,0,1
B1800097300000,tt6678876,554689.0,True,False,0,,False,,0,1
B1800204300000,tt8169178,498086.0,True,False,0,,False,,0,0
B1900486200000,tt10603466,515985.0,True,False,0,,False,,0,2
B1900263400000,tt9095296,627077.0,True,False,0,,False,,0,1
B1900381200000,tt13529064,606967.0,True,False,0,,False,,0,1
B1900148000000,tt6217294,913692.0,True,False,0,,False,,0,0
B1900545200000,tt10507176,656531.0,True,False,0,,False,,0,2
B1900172900000,tt10394738,728123.0,True,False,0,,True,KR,1,9
B1900205500000,tt26915573,,False,False,0,,False,,0,0
B1900235800000,tt13509378,543653.0,True,False,0,,False,,0,1
B1900299800000,tt10090744,544479.0,True,False,0,,False,,0,0
B1900425300000,tt6363696,651141.0,True,False,0,,False,,0,0
B1900484900000,tt14658418,745911.0,True,False,0,,False,,0,1
B1900381500000,tt10222752,597107.0,True,False,0,,False,,0,0
B1900597200000,tt11275354,594478.0,True,False,0,,False,,0,0
B1900035900000,tt10626704,594137.0,True,False,0,,False,,0,1
B1900623600000,tt7811018,662711.0,True,False,0,,False,,0,2
B1900272800000,tt15645590,882296.0,True,False,0,,False,,0,0
B2000263300000,tt13518332,767379.0,True,False,0,,False,,0,0
B2000338900000,tt11713638,627293.0,True,False,0,,False,,0,1
B2000297200000,tt13399704,516756.0,True,False,0,,False,,0,1
B2000177900000,tt13787584,789070.0,True,False,0,,False,,0,1
B2000313600000,tt9790536,665406.0,True,False,0,,False,,0,0
B2000076800000,tt17550726,928001.0,True,False,0,,False,,0,1
B2000319500000,tt13343624,744800.0,True,False,0,,False,,0,1
B2000361300000,tt11747746,665773.0,True,False,0,,False,,0,1
B2000346300000,tt21220950,924146.0,True,False,0,,False,,0,1
B2000044900000,tt13455606,704081.0,True,False,0,,False,,0,0
B2000473600000,tt11719648,665783.0,True,True,2,2020-09-17,False,,0,3
B2100105600000,tt15529106,904453.0,True,False,0,,False,,0,1
B2100027500000,tt11724700,667413.0,True,False,0,,False,,0,0
B2200214700000,tt23132884,957280.0,True,False,0,,False,,0,1
B2200023200000,tt23830272,1033316.0,True,False,0,,False,,0,0
B2200132800000,tt17154156,928979.0,True,False,0,,False,,0,1
B2300031800000,tt32146385,1161171.0,True,False,0,,False,,0,1
B2200004100000,tt28242352,1030610.0,True,False,0,,False,,0,1
B2200295300000,tt22052704,916102.0,True,False,0,,False,,0,0
B2200297400000,tt23744594,893466.0,True,False,0,,False,,0,1
B2300051700000,tt14113574,764516.0,True,False,0,,False,,0,1
B2300041800000,tt28582081,928864.0,True,False,0,,False,,0,1
B1800115900000,tt6093428,417368.0,True,False,0,,False,,0,1
B1900322000000,tt9640694,553227.0,True,False,0,,False,,0,0
B1900541900000,tt9648372,577102.0,True,False,0,,False,,0,2
B2100148000000,tt9619150,636582.0,True,False,0,,False,,0,1
B2200208200000,tt11958732,856586.0,True,False,0,,False,,0,0
B2100120000000,tt2050452,534992.0,True,True,3,2019-03-30,False,,0,10
B2100277700000,tt15476398,852113.0,True,False,0,,False,,0,2
B2100119800000,tt16951574,882856.0,True,False,0,,False,,0,2
B2100472800000,tt12144262,836018.0,True,False,0,,False,,0,1
B1900209700000,tt5622284,610199.0,True,False,0,,True,CN,1,2
B2000142400000,tt12238030,750273.0,True,False,0,,False,,0,1
B2000484500000,tt11106034,853667.0,True,False,0,,False,,0,0
B2000461200000,tt11111232,644444.0,True,True,2,2020-08-25,True,JP,1,4
B2200250200000,tt17370648,647003.0,True,False,0,,False,,0,1
B2200012900000,tt26414360,1063751.0,True,False,0,,False,,0,0
B2300179900000,tt32748576,,False,False,0,,False,,0,0
B1900300800000,tt13644212,806446.0,True,False,0,,False,,0,1
B2000141100000,tt30816262,974049.0,True,False,0,,False,,0,1
B2000100300000,tt8178798,787393.0,True,False,0,,False,,0,1
B2000378500000,tt16381136,,False,False,0,,False,,0,0
B2000202100000,tt15094520,882973.0,True,False,0,,False,,0,1
B2100262500000,tt22698554,883006.0,True,False,0,,False,,0,2
B2200149500000,tt16085692,912643.0,True,False,0,,False,,0,1
B1900050700000,tt11183738,552516.0,True,False,0,,False,,0,1
B1900059200000,tt13520902,,False,False,0,,False,,0,0
B1900307100000,tt9646768,573661.0,True,False,0,,False,,0,2
B1900410500000,tt10785310,622971.0,True,True,2,2020-11-27,False,,0,6
B2000386800000,tt13229850,667241.0,True,False,0,,False,,0,1
B2000312900000,tt16377816,913816.0,True,True,2,2023-01-05,False,,0,2
B2000402100000,tt12069948,668048.0,True,False,0,,False,,0,0
B1800515000000,tt8423962,519241.0,True,False,0,,False,,0,5
B1800150600000,tt10451324,513038.0,True,False,0,,False,,0,0
B1900203000000,tt9843402,577024.0,True,False,0,,False,,0,0
B1900189800000,tt34822428,,False,False,0,,False,,0,0
B1900093600000,tt9786006,574674.0,True,False,0,,False,,0,2
B1900623300000,tt15661230,900685.0,True,False,0,,False,,0,1
B2200361800000,tt28514935,1111780.0,True,False,0,,False,,0,1
B2300366600000,tt28269344,1182226.0,True,False,0,,False,,0,0
B2200442800000,tt13846494,820710.0,True,True,3,2022-07-29,False,,0,8
B2300440300000,tt23329940,1008795.0,True,False,0,,False,,0,1
B2300345600000,tt15263366,,False,False,0,,False,,0,0
B2300484100000,tt31487448,1220331.0,True,False,0,,False,,0,1
B2300130000000,tt14797230,1501987.0,True,False,0,,False,,0,1
B2300165900000,tt11301546,810351.0,True,False,0,,False,,0,1
B1900363600000,tt9805984,,False,False,0,,False,,0,0
B2000484000000,tt11150646,769223.0,True,False,0,,False,,0,1
B2200393900000,tt13147622,739472.0,True,True,3,2020-09-18,False,,0,1
B2300472200000,tt29002719,1116407.0,True,False,0,,False,,0,1
B2300418000000,tt18560202,937949.0,True,False,0,,False,,0,1
B2300109700000,tt37677818,,False,False,0,,False,,0,0
