cpb,inv_total_r2024,inv_fsa_r2024,inv_renuncia_r2024,inv_producao_r2024,n_mecanismos,tem_renuncia
B0200000400000,397690.97,0.0,397690.97,397690.97,2,True
B0200001000000,1380993.0,0.0,1380993.0,1380993.0,2,True
B0200001200000,140000.0,0.0,140000.0,140000.0,1,True
B0200001300000,2986925.48,0.0,2986925.48,2986925.48,2,True
B0300001600000,3538999.66,0.0,3538999.66,3538999.66,2,True
B0300002200000,410336.0,0.0,410336.0,410336.0,1,True
B0300002500000,334750.0,0.0,334750.0,334750.0,1,True
B0300002700000,1937423.9100000001,0.0,1937423.9100000001,1937423.9100000001,2,True
B0300002800000,3002325.99,0.0,3002325.99,3002325.99,2,True
B0300002900000,3050320.0,0.0,3050320.0,3050320.0,2,True
B0300003400000,1544641.85,0.0,1544641.85,1544641.85,2,True
B0300004100000,2463224.7800000003,0.0,2463224.7800000003,2463224.7800000003,2,True
B0300004300000,229919.0,0.0,229919.0,229919.0,1,True
B0300004700000,5136693.0,0.0,5136693.0,5136693.0,2,True
B0300005800000,1314336.0,0.0,1314336.0,1314336.0,2,True
B0300006200000,3000000.0,0.0,3000000.0,3000000.0,2,True
B0300007900000,4130000.0,0.0,4130000.0,4130000.0,2,True
B0300008800000,2174214.4,0.0,2174214.4,2174214.4,2,True
B0300010000000,278768.0,0.0,278768.0,278768.0,2,True
B0300011200000,2985378.0,0.0,2985378.0,2985378.0,1,True
B0300011900000,134261.63,0.0,134261.63,134261.63,1,True
B0300015600000,3275535.0,0.0,3275535.0,3275535.0,2,True
B0300019500000,2998071.93,0.0,2998071.93,2998071.93,2,True
B0300020800000,2730523.0,0.0,2730523.0,2730523.0,2,True
B0300021600000,1500000.0,0.0,1500000.0,1500000.0,1,True
B0300026000000,864760.0,0.0,864760.0,864760.0,2,True
B0300029800000,1646970.27,0.0,1646970.27,1646970.27,2,True
B0300034800000,3814447.0,0.0,3814447.0,3814447.0,2,True
B0300039900000,2404334.79,0.0,2404334.79,2404334.79,2,True
B0300040100000,2065352.71,0.0,2065352.71,2065352.71,2,True
B0300040300000,550700.0,0.0,550700.0,550700.0,1,True
B0300040400000,1496129.55,0.0,1496129.55,1496129.55,2,True
B0300040900000,2750000.0,0.0,2750000.0,2750000.0,1,True
B0300041300000,50000.0,0.0,50000.0,50000.0,1,True
B0300041500000,4512000.0,0.0,4512000.0,4512000.0,2,True
B0300046000000,3619950.0,0.0,3619950.0,3619950.0,2,True
B0300046600000,1130000.0,0.0,1130000.0,1130000.0,1,True
B0300047000000,3267880.9,0.0,3267880.9,3267880.9,2,True
B0300050000000,2899731.0,0.0,2899731.0,2899731.0,2,True
B0400050100000,3619761.04,0.0,3619761.04,3619761.04,2,True
B0400051500000,88782.0,0.0,88782.0,88782.0,1,True
B0400052500000,113790.0,0.0,113790.0,113790.0,1,True
B0400053800000,1190000.0,0.0,1190000.0,1190000.0,2,True
B0400054400000,2999999.0,0.0,2999999.0,2999999.0,2,True
B0400055300000,2834981.0,0.0,2834981.0,2834981.0,1,True
B0400055700000,598312.0,0.0,598312.0,598312.0,1,True
B0400066300000,1018000.0,0.0,1018000.0,1018000.0,2,True
B0400069700000,200000.0,0.0,200000.0,200000.0,1,True
B0400081100000,3800000.0,0.0,3800000.0,3800000.0,2,True
B0400085800000,100000.0,0.0,100000.0,100000.0,1,True
B0400096900000,327239.0,0.0,327239.0,327239.0,1,True
B0400097900000,5999216.8100000005,0.0,5999216.8100000005,5999216.8100000005,2,True
B0400102600000,3503750.0,0.0,3503750.0,3503750.0,3,True
B0400102900000,1100000.0,0.0,1100000.0,1100000.0,1,True
B0400121700000,4258962.0,0.0,4258962.0,4258962.0,3,True
B0400126400000,4767115.0,0.0,4767115.0,4767115.0,2,True
B0400126800000,200000.0,0.0,200000.0,200000.0,1,True
B0400127100000,4896360.0,0.0,4896360.0,4896360.0,2,True
B0400128700000,559810.0,0.0,559810.0,559810.0,1,True
B0400129500000,1059405.0,0.0,1059405.0,1059405.0,1,True
B0400129600000,4500000.0,0.0,4500000.0,4500000.0,2,True
B0400129700000,429609.0,0.0,429609.0,429609.0,1,True
B0400129900000,4800000.0,0.0,4800000.0,4800000.0,2,True
B0400132100000,2141439.0,0.0,2141439.0,2141439.0,1,True
B0400134800000,319535.62,0.0,319535.62,319535.62,1,True
B0400142000000,374740.0,0.0,374740.0,374740.0,1,True
B0400142200000,1845723.66,0.0,1845723.66,1845723.66,2,True
B0400145800000,240000.0,0.0,240000.0,240000.0,1,True
B0400152400000,5027770.27,0.0,5027770.27,5027770.27,2,True
B0400154400000,3360566.8,0.0,3360566.8,3360566.8,2,True
B0400163000000,1163500.0,0.0,1163500.0,1163500.0,1,True
B0400168800000,5997000.0,0.0,5997000.0,5997000.0,2,True
B0400170600000,3000000.0,0.0,3000000.0,3000000.0,1,True
B0400171000000,1329542.0,0.0,1329542.0,1329542.0,2,True
B0500183300000,1190088.0,0.0,1190088.0,1190088.0,1,True
B0500186600000,3699999.98,0.0,3699999.98,3699999.98,2,True
B0500199300000,89000.0,0.0,89000.0,89000.0,1,True
B0500209900000,280000.0,0.0,280000.0,280000.0,1,True
B0500216600000,200000.0,0.0,200000.0,200000.0,1,True
B0500220600000,3262055.0,0.0,3262055.0,3262055.0,2,True
B0500222600000,3000000.0,0.0,3000000.0,3000000.0,1,True
B0500228000000,156766.29,0.0,156766.29,156766.29,1,True
B0500238500000,2235000.0,0.0,2235000.0,2235000.0,1,True
B0500239900000,127284.0,0.0,127284.0,127284.0,1,True
B0500242600000,3287780.0,0.0,3287780.0,3287780.0,2,True
B0500247700000,59227.0,0.0,59227.0,59227.0,1,True
B0500250700000,4752600.0,0.0,4752600.0,4752600.0,2,True
B0500251200000,585476.0,0.0,585476.0,585476.0,1,True
B0500254900000,346923.0,0.0,346923.0,346923.0,1,True
B0500255100000,215060.0,0.0,215060.0,215060.0,1,True
B0500255500000,846568.0,0.0,846568.0,846568.0,2,True
B0500256500000,1151599.0,0.0,1151599.0,1151599.0,1,True
B0500260500000,999035.01,0.0,999035.01,999035.01,1,True
B0500260600000,700943.76,0.0,700943.76,700943.76,1,True
B0500260700000,720858.98,0.0,720858.98,720858.98,1,True
B0500261200000,503516.0,0.0,503516.0,503516.0,1,True
B0500262300000,222796.0,0.0,222796.0,222796.0,1,True
B0500263900000,2361233.0,0.0,2361233.0,2361233.0,2,True
B0500265000000,2112452.75,0.0,2112452.75,2112452.75,2,True
B0500265400000,4325401.82,0.0,4325401.82,4325401.82,3,True
B0500272900000,457517.24,0.0,457517.24,457517.24,1,True
B0500276200000,518301.0,0.0,518301.0,518301.0,1,True
B0500277300000,2722000.0,0.0,2722000.0,2722000.0,1,True
B0500277500000,1044319.0,0.0,1044319.0,1044319.0,2,True
B0500279500000,253562.0,0.0,253562.0,253562.0,1,True
B0500281700000,2721000.0,0.0,2721000.0,2721000.0,2,True
B0500282100000,722723.0,0.0,722723.0,722723.0,2,True
B0500286100000,1835261.0,0.0,1835261.0,1835261.0,1,True
B0500286200000,1240500.0,0.0,1240500.0,1240500.0,1,True
B0500293200000,1586358.0,0.0,1586358.0,1586358.0,1,True
B0500293600000,900000.0,0.0,900000.0,900000.0,2,True
B0500294600000,1150000.0,0.0,1150000.0,1150000.0,1,True
B0500297900000,1812354.0,0.0,1812354.0,1812354.0,2,True
B0500298800000,745979.2,0.0,745979.2,745979.2,1,True
B0500299800000,437500.0,0.0,437500.0,437500.0,1,True
B0500301000000,586826.0,0.0,586826.0,586826.0,1,True
B0500302600000,5646000.0,0.0,5646000.0,5646000.0,2,True
B0500304300000,558412.0,0.0,558412.0,558412.0,1,True
B0500307600000,750489.88,0.0,750489.88,750489.88,1,True
B0500308800000,1294000.0,0.0,1294000.0,1294000.0,1,True
B0500309600000,1232698.02,0.0,1232698.02,1232698.02,2,True
B0500309700000,230517.0,0.0,230517.0,230517.0,1,True
B0500309800000,690630.0,0.0,690630.0,690630.0,1,True
B0500309900000,1422531.59,0.0,1422531.59,1422531.59,2,True
B0500310000000,115492.29,0.0,115492.29,115492.29,1,True
B0500311300000,297251.5,0.0,297251.5,297251.5,1,True
B0500311600000,3016760.08,0.0,3016760.08,3016760.08,2,True
B0500312000000,1929507.33,0.0,1929507.33,1929507.33,1,True
B0500312100000,347838.0,0.0,347838.0,347838.0,1,True
B0500312600000,2041809.44,0.0,2041809.44,2041809.44,1,True
B0500312900000,810384.17,0.0,810384.17,810384.17,2,True
B0500313700000,5920504.18,0.0,5920504.18,5920504.18,2,True
B0500313900000,2134536.79,0.0,2134536.79,2134536.79,2,True
B0500314000000,2227656.0,0.0,2227656.0,2227656.0,1,True
B0500321300000,1513598.26,0.0,1513598.26,1513598.26,1,True
B0500323500000,908247.3,0.0,908247.3,908247.3,2,True
B0500324300000,1401100.0,0.0,1401100.0,1401100.0,2,True
B0500334900000,2023003.8,0.0,2023003.8,2023003.8,2,True
B0500336400000,2100000.0,0.0,2100000.0,2100000.0,2,True
B0500353400000,292250.0,0.0,292250.0,292250.0,1,True
B0500355400000,880717.0,0.0,880717.0,880717.0,1,True
B0500363900000,265000.0,0.0,265000.0,265000.0,1,True
B0500364500000,1193741.13,0.0,1193741.13,1193741.13,1,True
B0500364700000,349000.0,0.0,349000.0,349000.0,1,True
B0500365600000,457000.0,0.0,457000.0,457000.0,1,True
B0500370500000,5294119.279999999,0.0,5294119.279999999,5294119.279999999,2,True
B0500376500000,505307.0,0.0,505307.0,505307.0,1,True
B0500377400000,4744449.0,0.0,4744449.0,4744449.0,2,True
B0500377900000,944130.21,0.0,944130.21,944130.21,2,True
B0500385000000,237021.0,0.0,237021.0,237021.0,1,True
B0500386700000,3344065.37,0.0,3344065.37,3344065.37,2,True
B0500388300000,540000.0,0.0,540000.0,540000.0,2,True
B0500403400000,3702530.0,0.0,3702530.0,3702530.0,2,True
B0500431200000,952500.0,0.0,952500.0,952500.0,1,True
B0500431500000,649000.0,0.0,649000.0,649000.0,2,True
B0500433200000,3000000.0,0.0,3000000.0,3000000.0,1,True
B0500433700000,5499763.5,0.0,5499763.5,5499763.5,3,True
B0500433800000,1540000.0,0.0,1540000.0,1540000.0,1,True
B0500434100000,529000.0,0.0,529000.0,529000.0,1,True
B0500436300000,384000.0,0.0,384000.0,384000.0,1,True
B0500437900000,1130587.0,0.0,1130587.0,1130587.0,1,True
B0500438300000,136000.0,0.0,136000.0,136000.0,1,True
B0500438700000,1364380.0,0.0,1364380.0,1364380.0,2,True
B0500440200000,1540330.0,0.0,1540330.0,1540330.0,1,True
B0500441200000,400000.0,0.0,400000.0,400000.0,1,True
B0500444000000,550000.0,0.0,550000.0,550000.0,1,True
B0500444400000,700509.0,0.0,700509.0,700509.0,1,True
B0500444500000,1315000.0,0.0,1315000.0,1315000.0,1,True
B0500444600000,3046105.9,0.0,3046105.9,3046105.9,3,True
B0600450400000,1816076.0,0.0,1816076.0,1816076.0,1,True
B0600458700000,1540000.0,0.0,1540000.0,1540000.0,1,True
B0600459900000,1712304.0,0.0,1712304.0,1712304.0,3,True
B0600460000000,1107000.0,0.0,1107000.0,1107000.0,1,True
B0600460600000,1698913.0,0.0,1698913.0,1698913.0,1,True
B0600466000000,6171085.79,0.0,6171085.79,6171085.79,1,True
B0600467100000,3434431.0,0.0,3434431.0,3434431.0,2,True
B0600470800000,105000.0,0.0,105000.0,105000.0,1,True
B0600471300000,368259.0,0.0,368259.0,368259.0,1,True
B0600475100000,1529000.0,0.0,1529000.0,1529000.0,1,True
B0600477800000,3960000.0,0.0,3960000.0,3960000.0,3,True
B0600490100000,3401052.02,0.0,3401052.02,3401052.02,3,True
B0600490200000,53692.06,0.0,53692.06,53692.06,2,True
B0600494700000,1925814.94,0.0,1925814.94,1925814.94,2,True
B0600496100000,440000.0,0.0,440000.0,440000.0,1,True
B0600498800000,609205.0,0.0,609205.0,609205.0,1,True
B0600502500000,3041029.0,0.0,3041029.0,3041029.0,2,True
B0600504400000,419192.0,0.0,419192.0,419192.0,1,True
B0600506100000,195500.0,0.0,195500.0,195500.0,1,True
B0600508700000,457220.0,0.0,457220.0,457220.0,1,True
B0600509100000,2809438.95,0.0,2809438.95,2809438.95,3,True
B0600513700000,430000.0,0.0,430000.0,430000.0,2,True
B0600520200000,1035672.76,0.0,1035672.76,1035672.76,1,True
B0600520300000,1545506.0,0.0,1545506.0,1545506.0,2,True
B0600522500000,1059888.0,0.0,1059888.0,1059888.0,1,True
B0600524400000,0.0,0.0,0.0,0.0,1,False
B0600527900000,3615722.1999999997,1670632.7999999998,1945089.4,3615722.1999999997,4,True
B0600532400000,289600.0,0.0,289600.0,289600.0,1,True
B0600534900000,975930.0,0.0,975930.0,975930.0,1,True
B0600535300000,2993723.51,0.0,2993723.51,2993723.51,4,True
B0600535800000,4536000.0,0.0,4536000.0,4536000.0,2,True
B0600538400000,132186.0,0.0,132186.0,132186.0,1,True
B0600539200000,620101.61,0.0,620101.61,620101.61,1,True
B0600543400000,294196.91,0.0,294196.91,294196.91,1,True
B0600546700000,5700940.0,0.0,5700940.0,5700940.0,2,True
B0600547500000,162624.0,0.0,162624.0,162624.0,1,True
B0600548900000,333500.0,0.0,333500.0,333500.0,2,True
B0600549900000,432279.0,0.0,432279.0,432279.0,1,True
B0600552000000,3280000.0,0.0,3280000.0,3280000.0,2,True
B0600552200000,2220000.0,0.0,2220000.0,2220000.0,3,True
B0600554700000,1126448.0,0.0,1126448.0,1126448.0,1,True
B0600555300000,490000.0,0.0,490000.0,490000.0,1,True
B0600556000000,1378141.2,0.0,1378141.2,1378141.2,1,True
B0600561200000,1269218.35,0.0,1269218.35,1269218.35,1,True
B0600566800000,4009050.0,0.0,4009050.0,4009050.0,2,True
B0600566900000,1256070.0,0.0,1256070.0,1256070.0,1,True
B0600572700000,4448000.0,0.0,4448000.0,4448000.0,3,True
B0600575000000,657535.0,0.0,657535.0,657535.0,1,True
B0600578000000,400000.0,0.0,400000.0,400000.0,1,True
B0600578400000,1749026.0,0.0,1749026.0,1749026.0,1,True
B0600581800000,1494712.61,0.0,1494712.61,1494712.61,3,True
B0600587200000,1152604.5799999998,0.0,1152604.5799999998,1152604.5799999998,4,True
B0600587800000,2950000.0,0.0,2950000.0,2950000.0,1,True
B0600588700000,3000000.0,0.0,3000000.0,3000000.0,1,True
B0600592800000,200000.0,0.0,200000.0,200000.0,1,True
B0600593100000,3079924.36,0.0,3079924.36,3079924.36,3,True
B0600598700000,107500.0,0.0,107500.0,107500.0,1,True
B0600599600000,3500000.0,0.0,3500000.0,3500000.0,3,True
B0600599800000,2690000.0,0.0,2690000.0,2690000.0,2,True
B0600602300000,3949202.0,2353382.0,1595820.0,3949202.0,3,True
B0600604600000,1615060.25,0.0,1615060.25,1615060.25,2,True
B0600615800000,200000.0,0.0,200000.0,200000.0,1,True
B0600616500000,4803500.0,0.0,4803500.0,4803500.0,3,True
B0600616600000,3998094.77,0.0,3998094.77,3998094.77,3,True
B0600618500000,240004.48,0.0,240004.48,240004.48,1,True
B0600623600000,2199250.0,0.0,2199250.0,2199250.0,2,True
B0600628200000,339292.0,0.0,339292.0,339292.0,1,True
B0700632300000,975999.61,0.0,975999.61,975999.61,3,True
B0700634700000,100000.0,0.0,100000.0,100000.0,1,True
B0700637600000,1191757.0,0.0,1191757.0,1191757.0,1,True
B0700638200000,100000.0,0.0,100000.0,100000.0,1,True
B0700640400000,219643.17,0.0,219643.17,219643.17,1,True
B0700640600000,625227.631818,339868.7214,285358.910418,625227.631818,2,True
B0700641700000,5360150.000000001,0.0,5360150.000000001,5360150.000000001,4,True
B0700643600000,200000.0,0.0,200000.0,200000.0,1,True
B0700644100000,100000.0,0.0,100000.0,100000.0,1,True
B0700648000000,3080255.0,0.0,3080255.0,3080255.0,3,True
B0700650300000,5957177.73,0.0,5957177.73,5957177.73,5,True
B0700651400000,152187.0,0.0,152187.0,152187.0,1,True
B0700652000000,449957.0,0.0,449957.0,449957.0,2,True
B0700653100000,670874.0,0.0,670874.0,670874.0,1,True
B0700653200000,2799958.76,0.0,2799958.76,2799958.76,4,True
B0700656800000,1700000.0,0.0,1700000.0,1700000.0,3,True
B0700660400000,167662.0,0.0,167662.0,167662.0,1,True
B0700661700000,4276150.0,0.0,4276150.0,4276150.0,3,True
B0700664600000,1162290.0,0.0,1162290.0,1162290.0,2,True
B0700670400000,509217.0,0.0,509217.0,509217.0,1,True
B0700670500000,412000.0,0.0,412000.0,412000.0,1,True
B0700676700000,185320.0,0.0,185320.0,185320.0,1,True
B0700678800000,1450553.0,0.0,1450553.0,1450553.0,1,True
B0700679600000,1552332.0,0.0,1552332.0,1552332.0,2,True
B0700680400000,3650000.0,0.0,3650000.0,3650000.0,4,True
B0700680500000,600000.0,0.0,600000.0,600000.0,1,True
B0700680800000,2080000.0,0.0,2080000.0,2080000.0,2,True
B0700686200000,906677.07,0.0,906677.07,906677.07,1,True
B0700688200000,150000.0,0.0,0.0,0.0,2,False
B0700689500000,2098880.0,0.0,2098880.0,2098880.0,1,True
B0700691000000,235000.0,0.0,235000.0,235000.0,1,True
B0700691900000,4970450.0,0.0,4970450.0,4970450.0,3,True
B0700692800000,5889270.54,0.0,5889270.54,5889270.54,3,True
B0700696000000,2090023.19,0.0,2090023.19,2090023.19,4,True
B0700701800000,700000.0,0.0,700000.0,700000.0,1,True
B0700714700000,6408249.13,0.0,6408249.13,6408249.13,4,True
B0700719300000,150345.55,0.0,150345.55,150345.55,2,True
B0700721300000,1728320.0,0.0,1728320.0,1728320.0,3,True
B0700722200000,1702774.65,0.0,1702774.65,1702774.65,3,True
B0700724300000,1431000.0,0.0,1431000.0,1431000.0,1,True
B0700735100000,224000.0,0.0,224000.0,224000.0,1,True
B0700739300000,948211.71,0.0,948211.71,948211.71,3,True
B0700746500000,794201.55,0.0,794201.55,794201.55,3,True
B0700748600000,4580001.0,0.0,4580001.0,4580001.0,3,True
B0700758700000,3235650.4575646003,2511650.4575646003,724000.0,3235650.4575646003,3,True
B0700758900000,798000.0,0.0,798000.0,798000.0,2,True
B0700759000000,5883654.01,0.0,5883654.01,5883654.01,3,True
B0700759900000,95000.0,0.0,95000.0,95000.0,1,True
B0700761400000,1574819.37,0.0,1574819.37,1574819.37,4,True
B0700764700000,150000.0,0.0,0.0,0.0,1,False
B0700765700000,163500.0,0.0,163500.0,163500.0,1,True
B0700766800000,4351675.0,0.0,4351675.0,4351675.0,3,True
B0700777200000,250000.0,0.0,250000.0,250000.0,1,True
B0700778100000,1772581.0,0.0,1772581.0,1772581.0,2,True
B0700787100000,361000.0,0.0,361000.0,361000.0,3,True
B0700790000000,700000.0,0.0,700000.0,700000.0,1,True
B0700798700000,3412160.0,0.0,3412160.0,3412160.0,3,True
B0700799500000,245481.2,0.0,245481.2,245481.2,1,True
B0700801600000,2320358.1799999997,0.0,2320358.1799999997,2320358.1799999997,5,True
B0700802200000,3729000.0,0.0,3729000.0,3729000.0,2,True
B0700807900000,3140000.0,0.0,3140000.0,3140000.0,3,True
B0700810200000,845963.26,0.0,845963.26,845963.26,2,True
B0800819200000,881251.0,0.0,881251.0,881251.0,1,True
B0800820100000,100000.0,0.0,100000.0,100000.0,1,True
B0800822000000,2225000.0,0.0,2225000.0,2225000.0,1,True
B0800826700000,4398324.0,0.0,4398324.0,4398324.0,3,True
B0800827400000,600000.0,0.0,600000.0,600000.0,2,True
B0800833500000,291937.33,0.0,291937.33,291937.33,2,True
B0800834800000,1012201.0,0.0,1012201.0,1012201.0,1,True
B0800838700000,3238000.0,0.0,3238000.0,3238000.0,4,True
B0800839000000,521000.0,0.0,521000.0,521000.0,1,True
B0800840400000,1517100.0,0.0,1517100.0,1517100.0,5,True
B0800842100000,1804019.99,0.0,1804019.99,1804019.99,2,True
B0800842700000,2085231.1,0.0,2085231.1,2085231.1,2,True
B0800850500000,220000.0,0.0,220000.0,220000.0,1,True
B0800852600000,250000.0,0.0,250000.0,250000.0,1,True
B0800853700000,1191970.98,0.0,1191970.98,1191970.98,1,True
B0800854000000,3000000.0,0.0,3000000.0,3000000.0,1,True
B0800855500000,1304290.96,0.0,1304290.96,1304290.96,2,True
B0800855600000,131796.0,0.0,131796.0,131796.0,2,True
B0800866000000,926445.6,0.0,926445.6,926445.6,4,True
B0800867500000,6900000.0,0.0,6900000.0,6900000.0,3,True
B0800873400000,250000.0,0.0,250000.0,250000.0,1,True
B0800877500000,4936903.0,0.0,4936903.0,4936903.0,2,True
B0800880800000,150000.0,0.0,0.0,0.0,2,False
B0800885900000,379926.0,0.0,379926.0,379926.0,1,True
B0800888300000,1820000.0,0.0,1820000.0,1820000.0,3,True
B0800888500000,4049576.71,0.0,4049576.71,4049576.71,3,True
B0800888700000,195000.0,0.0,195000.0,195000.0,1,True
B0800889600000,5733262.9,0.0,5733262.9,5733262.9,5,True
B0800890100000,1431958.96,0.0,1431958.96,1431958.96,2,True
B0800890900000,585256.26,0.0,585256.26,585256.26,2,True
B0800891400000,200000.0,0.0,200000.0,200000.0,1,True
B0800891600000,1369688.95,0.0,1369688.95,1369688.95,1,True
B0800895200000,1600000.0,0.0,1600000.0,1600000.0,2,True
B0800899200000,3258712.0,0.0,3258712.0,3258712.0,2,True
B0800902000000,3443651.0,0.0,3443651.0,3443651.0,2,True
B0800903600000,222500.0,0.0,222500.0,222500.0,1,True
B0800913100000,493689.696132,0.0,493689.696132,493689.696132,1,True
B0800914800000,3902500.0,0.0,3902500.0,3902500.0,4,True
B0800917000000,300000.0,0.0,300000.0,300000.0,1,True
B0800932600000,1299999.98,0.0,1299999.98,1299999.98,3,True
B0800932800000,5047123.39,0.0,5047123.39,5047123.39,4,True
B0800934800000,414495.14,0.0,414495.14,414495.14,2,True
B0800935300000,180000.0,0.0,180000.0,180000.0,1,True
B0800935400000,751000.0,0.0,751000.0,751000.0,1,True
B0800935800000,245481.2,0.0,245481.2,245481.2,1,True
B0800942700000,1227406.0,0.0,1227406.0,1227406.0,1,True
B0800947000000,1446901.46844844,0.0,1446901.46844844,1446901.46844844,2,True
B0800951000000,3941029.0,2193462.0,1747567.0,1747567.0,4,True
B0800953200000,500000.0,0.0,500000.0,500000.0,1,True
B0800953500000,4237799.0,0.0,4237799.0,4237799.0,2,True
B0800956800000,150000.0,0.0,0.0,0.0,2,False
B0800958700000,5425000.0,0.0,5425000.0,5425000.0,3,True
B0800959100000,722307.0,0.0,722307.0,722307.0,2,True
B0800959200000,593510.81,0.0,593510.81,593510.81,3,True
B0800959600000,574208.0,0.0,574208.0,574208.0,1,True
B0800959700000,381365.98,0.0,381365.98,381365.98,2,True
B0800964000000,3390588.81,0.0,3390588.81,3390588.81,3,True
B0800966100000,2426400.0,0.0,2426400.0,2426400.0,5,True
B0900978900000,741000.0,0.0,741000.0,741000.0,1,True
B0900979600000,474127.2,0.0,474127.2,474127.2,3,True
B0900982500000,800000.0,0.0,800000.0,800000.0,1,True
B0900982700000,572592.0,0.0,572592.0,572592.0,1,True
B0900987100000,4965758.97,0.0,4965758.97,4965758.97,3,True
B0900988600000,2399098.66,0.0,2249098.66,2249098.66,5,True
B0900991000000,381100.0,0.0,381100.0,381100.0,2,True
B0900993400000,1570000.0,0.0,1570000.0,1570000.0,2,True
B0900999100000,51100.0,0.0,51100.0,51100.0,1,True
B0901000100000,182782.0,0.0,182782.0,182782.0,2,True
B0901002100000,800000.0,0.0,800000.0,800000.0,1,True
B0901003500000,10432951.0,0.0,10432951.0,10432951.0,1,True
B0901006300000,50000.0,0.0,50000.0,50000.0,1,True
B0901007400000,675525.62,0.0,675525.62,675525.62,2,True
B0901010400000,295000.0,0.0,295000.0,295000.0,1,True
B0901010800000,5011244.0,0.0,5011244.0,5011244.0,4,True
B0901015000000,3800000.0,0.0,3800000.0,3800000.0,2,True
B0901020100000,4570859.944,0.0,4570859.944,4570859.944,1,True
B0901022100000,4217329.7028576,0.0,4217329.7028576,4217329.7028576,3,True
B0901024100000,1457441.0,0.0,1457441.0,1457441.0,1,True
B0901027100000,1056002.8900000001,0.0,906002.89,906002.89,3,True
B0901027800000,2038170.47,0.0,2038170.47,2038170.47,2,True
B0901028800000,1688551.585,0.0,1688551.585,1688551.585,1,True
B0901029800000,5570886.1,0.0,5570886.1,5570886.1,3,True
B0901034700000,1145047.39696578,0.0,1145047.39696578,1145047.39696578,1,True
B0901035900000,304657.09,0.0,304657.09,304657.09,3,True
B0901039400000,100000.0,0.0,100000.0,100000.0,1,True
B0901041200000,350000.0,0.0,350000.0,350000.0,1,True
B0901043200000,1114484.648,0.0,1114484.648,1114484.648,2,True
B0901059800000,39000.0,0.0,39000.0,39000.0,1,True
B0901062900000,7386951.535664,0.0,7386951.535664,7386951.535664,2,True
B0901070100000,1030000.0,0.0,1030000.0,1030000.0,2,True
B0901071800000,1707049.62,0.0,1707049.62,1707049.62,3,True
B0901072300000,6727434.19,0.0,6727434.19,6727434.19,4,True
B0901078400000,100000.0,0.0,100000.0,100000.0,1,True
B0901080700000,11087833.012304,3837833.442304,7249999.57,11087833.012304,4,True
B0901082900000,583459.66716362,0.0,583459.66716362,583459.66716362,1,True
B0901083500000,590.0,0.0,590.0,590.0,1,True
B0901090500000,1951662.12,0.0,1951662.12,1951662.12,3,True
B0901091900000,175000.0,0.0,175000.0,175000.0,1,True
B0901096800000,4263647.75066234,0.0,4263647.75066234,4263647.75066234,2,True
B0901098400000,459275.0,0.0,459275.0,459275.0,1,True
B0901099200000,651100.0,0.0,651100.0,651100.0,2,True
B0901102500000,400000.0,0.0,400000.0,400000.0,1,True
B0901103700000,2194328.14288,1133484.89288,1060843.25,2194328.14288,6,True
B0901108700000,1651999.97,0.0,1651999.97,1651999.97,3,True
B0901116300000,484942.0,0.0,484942.0,484942.0,1,True
B0901116400000,344226.46,0.0,344226.46,344226.46,1,True
B0901117100000,860000.0,0.0,860000.0,860000.0,3,True
B0901121200000,1362070.0,0.0,1362070.0,1362070.0,2,True
B0901121700000,1802136.0,0.0,1802136.0,1802136.0,4,True
B0901126600000,2038100.0,0.0,2038100.0,2038100.0,3,True
B1001133500000,3030342.52,0.0,3030342.52,3030342.52,3,True
B1001136000000,8008223.589065,0.0,8008223.589065,8008223.589065,3,True
B1001143200000,2609100.0,0.0,2609100.0,2609100.0,3,True
B1001147500000,6644812.0,2454812.0,4190000.0,6644812.0,4,True
B1001148600000,12125879.25041544,4418661.6,7707217.65041544,12125879.25041544,4,True
B1001151400000,2191283.64,0.0,2191283.64,2191283.64,1,True
B1001153800000,386765.85,0.0,386765.85,386765.85,2,True
B1001160300000,2425280.0,0.0,2425280.0,2425280.0,2,True
B1001162600000,703981.9839665999,0.0,703981.9839665999,703981.9839665999,1,True
B1001162900000,104078.7,0.0,104078.7,104078.7,2,True
B1001164600000,1801832.008,0.0,1801832.008,1801832.008,1,True
B1001166000000,2728001.0,1227406.0,1500595.0,2728001.0,2,True
B1001167100000,200000.0,0.0,200000.0,200000.0,1,True
B1001172500000,6428999.98,0.0,6428999.98,6428999.98,3,True
B1001179700000,1730641.9199413601,0.0,1730641.9199413601,1730641.9199413601,1,True
B1001180300000,1412029.2,0.0,1412029.2,1412029.2,1,True
B1001180900000,2449857.48,0.0,2449857.48,2449857.48,3,True
B1001182000000,1593873.0,0.0,1593873.0,1593873.0,3,True
B1001187000000,214000.0,0.0,214000.0,214000.0,1,True
B1001189100000,0.0,0.0,0.0,0.0,1,False
B1001190000000,2114490.19318,0.0,2114490.19318,2114490.19318,1,True
B1001192900000,368221.8,0.0,0.0,0.0,1,False
B1001202800000,3496264.18475928,0.0,3496264.18475928,3496264.18475928,2,True
B1001205400000,1335000.0,0.0,1335000.0,1335000.0,2,True
B1001205900000,638251.12,0.0,638251.12,638251.12,1,True
B1001208600000,1124358.77589832,0.0,1124358.77589832,1124358.77589832,1,True
B1001214400000,1497480.6,0.0,1497480.6,1497480.6,3,True
B1001229000000,930000.0,0.0,930000.0,930000.0,1,True
B1001236300000,6871100.0,0.0,6871100.0,6871100.0,3,True
B1001236800000,0.0,0.0,0.0,0.0,1,False
B1001251100000,1188801.03,0.0,1188801.03,1188801.03,1,True
B1001256000000,402000.0,0.0,402000.0,402000.0,2,True
B1001257100000,79997.85,0.0,79997.85,79997.85,1,True
B1001259400000,2521928.32,0.0,2521928.32,2521928.32,1,True
B1001259800000,2121207.9699999997,0.0,2121207.9699999997,2121207.9699999997,3,True
B1001260400000,1749999.04,0.0,1749999.04,1749999.04,2,True
B1001261900000,583521.0669,0.0,583521.0669,583521.0669,1,True
B1001271700000,1294360.0999999999,0.0,1294360.0999999999,1294360.0999999999,1,True
B1001276700000,2209330.8,0.0,2209330.8,2209330.8,1,True
B1001282000000,1267358.75,0.0,1267358.75,1267358.75,4,True
B1001282200000,1670000.0,0.0,1670000.0,1670000.0,2,True
B1001283500000,7000000.0,0.0,7000000.0,7000000.0,3,True
B1001288800000,2400800.0,0.0,2400800.0,2400800.0,2,True
B1001290000000,1088940.29,0.0,1088940.29,1088940.29,2,True
B1001294000000,1580799.25,0.0,1580799.25,1580799.25,3,True
B1001296000000,16473674.0,0.0,16473674.0,16473674.0,3,True
B1001296100000,200000.0,0.0,200000.0,200000.0,2,True
B1001298600000,223571.28999999998,0.0,223571.28999999998,223571.28999999998,1,True
B1001298800000,2226800.0,0.0,2226800.0,2226800.0,3,True
B1001299300000,75000.0,0.0,75000.0,75000.0,1,True
B1001302600000,449093.0,0.0,449093.0,449093.0,1,True
B1001303400000,700000.0,0.0,700000.0,700000.0,2,True
B1001305900000,11663793.7368,7364436.0,4299357.7368,11663793.7368,3,True
B1001308900000,1344251.7984,0.0,1344251.7984,1344251.7984,2,True
B1001311200000,1700000.0,0.0,1700000.0,1700000.0,4,True
B1001312000000,887895.0,0.0,887895.0,887895.0,1,True
B1001315900000,6486624.0,4909624.0,1577000.0,6486624.0,3,True
B1001316300000,1070371.01409354,0.0,1070371.01409354,1070371.01409354,1,True
B1001317400000,6471800.5,2353382.0,4118418.4999999995,6471800.5,2,True
B1001317800000,184110.9,0.0,184110.9,184110.9,1,True
B1001318100000,1738016.8400000003,0.0,1385009.5400000003,1385009.5400000003,5,True
B1001319100000,5516732.0,2353382.0,3163350.0,5516732.0,4,True
B1001320600000,368221.8,0.0,0.0,0.0,1,False
B1001321000000,719541.8397359999,0.0,719541.8397359999,719541.8397359999,1,True
B1001321100000,14120292.0,0.0,14120292.0,14120292.0,2,True
B1001324700000,1031659.0,0.0,1031659.0,1031659.0,1,True
B1001330400000,8673264.75094756,0.0,8673264.75094756,8673264.75094756,2,True
B1001330600000,706014.6,0.0,706014.6,706014.6,1,True
B1001344800000,500000.0,0.0,500000.0,500000.0,1,True
B1101347100000,2775056.99,0.0,2775056.99,2775056.99,3,True
B1101348200000,349371.23,0.0,349371.23,349371.23,1,True
B1101348300000,5509672.043703999,0.0,5509672.043703999,5509672.043703999,2,True
B1101350700000,5002542.57,0.0,5002542.57,5002542.57,3,True
B1101359200000,8000.0,0.0,8000.0,8000.0,1,True
B1101359600000,3148656.186,0.0,3148656.186,3148656.186,1,True
B1101366300000,740411.0,0.0,740411.0,740411.0,1,True
B1101369300000,1977631.62,1977631.62,0.0,1977631.62,1,False
B1101377100000,4645759.56410598,0.0,4645759.56410598,4645759.56410598,3,True
B1101377300000,391000.0,0.0,391000.0,391000.0,1,True
B1101378300000,450000.0,0.0,450000.0,450000.0,2,True
B1101383200000,1120137.7712565,0.0,1120137.7712565,1120137.7712565,2,True
B1101385900000,2477080.36,0.0,2108858.56,2108858.56,5,True
B1101390800000,91792.0,0.0,91792.0,91792.0,1,True
B1101395700000,320000.0,0.0,320000.0,320000.0,1,True
B1101396800000,735068.0,0.0,735068.0,735068.0,2,True
B1101397900000,2394924.0779648,0.0,2394924.0779648,2394924.0779648,2,True
B1101399100000,2151164.121577,2151164.121577,0.0,2151164.121577,1,False
B1101401000000,309300.0,0.0,309300.0,309300.0,1,True
B1101405200000,711218.7213999999,339868.7214,371350.0,711218.7213999999,3,True
B1101406900000,9345716.33386414,4706764.0,4638952.333864139,9345716.33386414,3,True
B1101412100000,4377290.52,0.0,4377290.52,4377290.52,1,True
B1101413400000,3725966.24,0.0,3725966.24,3725966.24,3,True
B1101413800000,358758.0,0.0,358758.0,358758.0,1,True
B1101414400000,466632.18,466632.18,0.0,466632.18,2,False
B1101415000000,2808669.6699999995,1364961.5599999998,1443708.11,2773051.5599999996,4,True
B1101416000000,1475570.514,0.0,1475570.514,1475570.514,2,True
B1101420100000,8800390.2,4571041.2,4229349.0,8800390.2,4,True
B1101424800000,150000.0,0.0,150000.0,150000.0,1,True
B1101425300000,80000.0,0.0,80000.0,80000.0,1,True
B1101425400000,1259941.1116339401,470676.39999999997,789264.71163394,1259941.1116339401,3,True
B1101426200000,2700293.2,0.0,2700293.2,2700293.2,2,True
B1101427400000,9356449.802520419,0.0,9356449.802520419,9356449.802520419,4,True
B1101430400000,1498684.3501524,0.0,1498684.3501524,1498684.3501524,1,True
B1101430900000,259030.791,0.0,259030.791,259030.791,1,True
B1101431300000,2769833.58406014,0.0,2769833.58406014,2769833.58406014,1,True
B1101431800000,3965000.0,0.0,3965000.0,3965000.0,3,True
B1101438000000,2806580.96262864,0.0,2806580.96262864,2806580.96262864,3,True
B1101438800000,5828762.3343899995,2311362.36439,3517399.9699999997,5828762.3343899995,4,True
B1101438900000,357544.620496,0.0,357544.620496,357544.620496,1,True
B1101441600000,600000.0,0.0,600000.0,600000.0,1,True
B1101443400000,1043430.7677838199,0.0,1043430.7677838199,1043430.7677838199,1,True
B1101445100000,2051776.6106970399,0.0,2051776.6106970399,2051776.6106970399,1,True
B1101445400000,3060714.7,1227406.0,1500000.0,2727406.0,5,True
B1101449600000,7075680.95698784,0.0,7075680.95698784,7075680.95698784,2,True
B1101456100000,9967937.120199999,1963849.6,8004087.5202,9967937.120199999,4,True
B1101456300000,1050000.0,0.0,1050000.0,1050000.0,1,True
B1101457200000,476000.0,0.0,476000.0,476000.0,1,True
B1101457300000,1120000.0,0.0,1120000.0,1120000.0,2,True
B1101460100000,860000.0,0.0,860000.0,860000.0,1,True
B1101460700000,894000.0,0.0,894000.0,894000.0,1,True
B1101460800000,6624819.064527599,0.0,6624819.064527599,6624819.064527599,3,True
B1101461100000,16605670.334789079,1412029.2,14911235.29478908,16323264.494789079,4,True
B1101462800000,2444263.8000000003,0.0,2444263.8000000003,2444263.8000000003,1,True
B1101472700000,20902330.82092512,0.0,20902330.82092512,20902330.82092512,1,True
B1101481400000,174749.38,0.0,174749.38,174749.38,1,True
B1101481500000,187570.18,0.0,187570.18,187570.18,1,True
B1101490400000,3318597.56,1176691.0,2141906.56,3318597.56,4,True
B1101490600000,688524.87,0.0,688524.87,688524.87,1,True
B1101491200000,1765036.5,0.0,1765036.5,1765036.5,2,True
B1101495000000,374990.0,0.0,374990.0,374990.0,1,True
B1101496800000,8151379.73,2353382.0,5797997.73,8151379.73,4,True
B1101503800000,5927486.28194568,0.0,5927486.28194568,5927486.28194568,1,True
B1101505000000,928110.7901624,0.0,928110.7901624,928110.7901624,1,True
B1101509000000,7051639.32,0.0,7051639.32,7051639.32,4,True
B1101509500000,7284351.28,4706764.0,2577587.2800000003,7284351.28,2,True
B1101509900000,662799.24,0.0,662799.24,662799.24,1,True
B1101510200000,15902640.2133302,0.0,15902640.2133302,15902640.2133302,2,True
B1101510300000,152093.39117424,0.0,152093.39117424,152093.39117424,1,True
B1101513100000,797813.9,0.0,797813.9,797813.9,1,True
B1101515000000,302939.0,0.0,302939.0,302939.0,1,True
B1101518000000,1306127.01,0.0,1306127.01,1306127.01,1,True
B1101519200000,11470480.067844,1111029.0,10359451.067844,11470480.067844,4,True
B1101519400000,1595627.8,0.0,1595627.8,1595627.8,1,True
B1101520600000,1717968.8599999999,0.0,1717968.8599999999,1717968.8599999999,1,True
B1101521000000,666617.4,0.0,666617.4,666617.4,2,True
B1101522700000,125000.0,0.0,125000.0,125000.0,1,True
B1101526700000,780900.0,0.0,780900.0,780900.0,1,True
B1101527700000,7045152.8802798,0.0,7045152.8802798,7045152.8802798,2,True
B1101527800000,1906014.6,706014.6,1200000.0,1906014.6,3,True
B1101528200000,7890936.4678428,1718368.4,6172568.0678428,7890936.4678428,3,True
B1101537800000,9166702.93337394,5307719.4,3858983.5333739403,9166702.93337394,5,True
B1101537900000,3401350.0,0.0,3401350.0,3401350.0,3,True
B1201541900000,444411.60000000003,0.0,444411.60000000003,444411.60000000003,1,True
B1201546600000,111102.90000000001,0.0,111102.90000000001,111102.90000000001,1,True
B1201547400000,19359982.452805102,3294734.8,16065247.6528051,19359982.452805102,5,True
B1201550400000,583123.0,0.0,583123.0,583123.0,1,True
B1201553500000,5002635.6,2353382.0,2649253.6,5002635.6,4,True
B1201553600000,1603202.3679072,0.0,1603202.3679072,1603202.3679072,1,True
B1201554100000,70000.0,0.0,70000.0,70000.0,1,True
B1201554500000,3648859.9959843005,0.0,3648859.9959843005,3648859.9959843005,2,True
B1201554600000,600000.0,0.0,600000.0,600000.0,1,True
B1201554700000,1606558.03,0.0,1606558.03,1606558.03,2,True
B1201556200000,415394.7,0.0,415394.7,415394.7,1,True
B1201556300000,309300.0,0.0,309300.0,309300.0,1,True
B1201558400000,2165111.44,0.0,2165111.44,2165111.44,2,True
B1201564400000,987325.3864,0.0,987325.3864,987325.3864,1,True
B1201565800000,1940388.27,0.0,1940388.27,1940388.27,1,True
B1201566400000,728000.0,0.0,728000.0,728000.0,1,True
B1201567700000,1710000.0,0.0,1710000.0,1710000.0,3,True
B1201568300000,3378235.0169599997,1193235.01696,2185000.0,3378235.0169599997,5,True
B1201569100000,2086590.2,0.0,2086590.2,2086590.2,1,True
B1201571600000,1462114.164,0.0,1462114.164,1462114.164,1,True
B1201571700000,2815911.5439999998,0.0,2815911.5439999998,2815911.5439999998,1,True
B1201572300000,8942851.6,0.0,8942851.6,8942851.6,2,True
B1201573200000,3898953.3514799997,1227406.0,2671547.35148,3898953.3514799997,3,True
B1201574300000,771000.0,0.0,771000.0,771000.0,2,True
B1201580400000,29258049.88832196,0.0,29258049.88832196,29258049.88832196,2,True
B1201580500000,5967195.347,3072904.7069999995,2894290.64,5967195.347,5,True
B1201582100000,1777646.4000000001,0.0,1777646.4000000001,1777646.4000000001,1,True
B1201583700000,459431.94080399995,459431.94080399995,0.0,459431.94080399995,1,False
B1201586000000,15308942.66,13222503.66,2086439.0,15308942.66,3,True
B1201586300000,3297367.4,1647367.4,1650000.0,3297367.4,3,True
B1201590700000,1472887.2,0.0,1472887.2,1472887.2,1,True
B1201590900000,1180235.364532,1178985.364532,1250.0,1180235.364532,3,True
B1201591400000,751118.0399999999,0.0,751118.0399999999,751118.0399999999,1,True
B1201592700000,153322.002,0.0,153322.002,153322.002,1,True
B1201593600000,5997557.12,2353382.0,3644175.12,5997557.12,3,True
B1201596000000,736443.6,0.0,0.0,0.0,2,False
B1201599600000,6259317.0,0.0,6259317.0,6259317.0,1,True
B1201600900000,4869365.0832,0.0,4869365.0832,4869365.0832,3,True
B1201602700000,19338352.767889623,0.0,19338352.767889623,19338352.767889623,2,True
B1201603300000,510241.0,0.0,510241.0,510241.0,1,True
B1201604400000,1669151.2,0.0,1669151.2,1669151.2,1,True
B1201604900000,150000.0,0.0,0.0,0.0,2,False
B1201605000000,1043219.5,0.0,1043219.5,1043219.5,1,True
B1201605200000,625931.7,0.0,625931.7,625931.7,1,True
B1201605900000,13515471.79051192,0.0,13515471.79051192,13515471.79051192,3,True
B1201613900000,444411.60000000003,0.0,444411.60000000003,444411.60000000003,1,True
B1201614100000,2869871.61296,2869871.61296,0.0,2869871.61296,1,False
B1201614400000,2391806.9283553,1303806.9283552999,1088000.0,2391806.9283553,2,True
B1201615300000,340000.0,0.0,340000.0,340000.0,1,True
B1201616800000,1562487.838,0.0,1562487.838,1562487.838,2,True
B1201617800000,130000.0,0.0,130000.0,130000.0,1,True
B1201622100000,312965.85,0.0,312965.85,312965.85,1,True
B1201623700000,3090251.8079672,506588.0679672,2583663.74,3090251.8079672,3,True
B1201623800000,577735.0800000001,0.0,577735.0800000001,577735.0800000001,1,True
B1201626900000,1675179.9,0.0,1675179.9,1675179.9,2,True
B1201628500000,2699496.0,0.0,2699496.0,2699496.0,3,True
B1201628900000,1613714.0373999998,860631.7973999999,753082.24,1613714.0373999998,2,True
B1201629200000,8608881.28998762,0.0,8608881.28998762,8608881.28998762,1,True
B1201630700000,1047254.99,0.0,1047254.99,1047254.99,1,True
B1201636000000,81549.5286,0.0,81549.5286,81549.5286,1,True
B1201638400000,1142627.65664671,0.0,1142627.65664671,1142627.65664671,1,True
B1201639800000,333308.7,0.0,0.0,0.0,1,False
B1201642000000,1901100.0,0.0,1901100.0,1901100.0,2,True
B1201643000000,4801451.0,1227406.0,3574045.0,4801451.0,3,True
B1201643500000,200000.0,0.0,200000.0,200000.0,1,True
B1201645500000,230000.0,0.0,230000.0,230000.0,1,True
B1201646900000,600000.0,0.0,600000.0,600000.0,1,True
B1201647100000,17183684.0,0.0,17183684.0,17183684.0,3,True
B1201652600000,2689512.46812958,0.0,2689512.46812958,2689512.46812958,2,True
B1201656200000,2549625.5787141803,0.0,2549625.5787141803,2549625.5787141803,1,True
B1201656300000,2984286.0,0.0,2984286.0,2984286.0,4,True
B1201657700000,11639673.842319999,4706764.0,6932909.84232,11639673.842319999,5,True
B1201659200000,2894948.227629,0.0,2894948.227629,2894948.227629,1,True
B1201659300000,135618.535,0.0,135618.535,135618.535,1,True
B1201660900000,3592702.6,0.0,3592702.6,3592702.6,2,True
B1201661300000,1647367.4,1647367.4,0.0,1647367.4,2,False
B1201663400000,6702471.0,0.0,6702471.0,6702471.0,1,True
B1201666600000,7217446.11370299,0.0,7217446.11370299,7217446.11370299,2,True
B1201666700000,1412029.2,0.0,1412029.2,1412029.2,1,True
B1201667100000,1400262.2899999998,0.0,1400262.2899999998,1400262.2899999998,2,True
B1201667300000,9212712.94590435,0.0,9212712.94590435,9212712.94590435,1,True
B1201667800000,921788.9000958,0.0,921788.9000958,921788.9000958,1,True
B1201671000000,388860.15,0.0,388860.15,388860.15,1,True
B1201673600000,1472887.2,0.0,1472887.2,1472887.2,1,True
B1201676800000,6154995.05,0.0,6154995.05,6154995.05,3,True
B1201679700000,576444.89436858,0.0,576444.89436858,576444.89436858,1,True
B1201681100000,12935921.8,0.0,12935921.8,12935921.8,3,True
B1201682400000,1312316.40466,0.0,1312316.40466,1312316.40466,1,True
B1201682600000,697926.45,0.0,697926.45,697926.45,2,True
B1201682700000,2222058.0,0.0,2222058.0,2222058.0,1,True
B1201686200000,176503.65,0.0,176503.65,176503.65,1,True
B1201690700000,1621540.1593260001,0.0,1621540.1593260001,1621540.1593260001,1,True
B1201696600000,12034767.232476,2353382.0,9681385.232476,12034767.232476,4,True
B1201696900000,21766430.09446618,5883455.0,15882975.094466178,21766430.09446618,5,True
B1201698400000,250000.0,0.0,250000.0,250000.0,2,True
B1201698500000,706014.6,0.0,706014.6,706014.6,1,True
B1201704500000,6172910.57143935,0.0,6172910.57143935,6172910.57143935,1,True
B1201704900000,2075685.493394,0.0,2075685.493394,2075685.493394,1,True
B1201708200000,2781086.2331440398,0.0,2781086.2331440398,2781086.2331440398,2,True
B1301712200000,5637137.63,0.0,5637137.63,5637137.63,4,True
B1301727200000,790866.8577099,0.0,790866.8577099,790866.8577099,1,True
B1301732600000,2477551.0,1176691.0,1300860.0,2477551.0,3,True
B1301733000000,2965660.8599999994,1718368.4,1247292.46,2965660.8599999994,3,True
B1301738200000,1341446.7449039998,0.0,1341446.7449039998,1341446.7449039998,2,True
B1301738800000,6419657.199772,1219395.4697719999,5200261.73,6419657.199772,4,True
B1301739100000,5293443.4799999995,1176691.0,4116752.48,5293443.4799999995,5,True
B1301740400000,2353382.0,0.0,2353382.0,2353382.0,1,True
B1301740700000,709722.6828749999,0.0,709722.6828749999,709722.6828749999,1,True
B1301743100000,3886791.6500000004,1777646.4000000001,2109145.25,3886791.6500000004,3,True
B1301751900000,13031569.25,2222058.0,10809511.25,13031569.25,4,True
B1301754000000,1027702.9511410799,0.0,1027702.9511410799,1027702.9511410799,1,True
B1301755800000,356000.0,0.0,356000.0,356000.0,1,True
B1301755900000,2411297.5523,0.0,2411297.5523,2411297.5523,1,True
B1301756900000,13087684.030000001,0.0,13087684.030000001,13087684.030000001,1,True
B1301757000000,6663139.82306036,0.0,6663139.82306036,6663139.82306036,1,True
B1301761800000,384463.71992431994,0.0,384463.71992431994,384463.71992431994,1,True
B1301763500000,2537657.0,1227406.0,1310251.0,2537657.0,3,True
B1301769500000,3505661.36,1111029.0,2394632.36,3505661.36,4,True
B1301773400000,6787021.074109999,1603521.07411,5183500.0,6787021.074109999,4,True
B1301774500000,2488704.96,0.0,2488704.96,2488704.96,1,True
B1301775100000,3766022.395,0.0,3766022.395,3766022.395,1,True
B1301775900000,2077179.8184,0.0,2077179.8184,2077179.8184,1,True
B1301781700000,7521008.15618476,0.0,7521008.15618476,7521008.15618476,2,True
B1301783300000,736443.6,0.0,736443.6,736443.6,1,True
B1301783500000,561246.0,0.0,561246.0,561246.0,1,True
B1301784200000,622176.24,0.0,622176.24,622176.24,1,True
B1301795000000,8156971.875365759,0.0,8156971.875365759,8156971.875365759,2,True
B1301797400000,165699.81,0.0,165699.81,165699.81,1,True
B1301803100000,5927742.47,2944776.5,2982965.97,5927742.47,6,True
B1301803700000,1970588.2763999999,362195.454,1608392.8224,1970588.2763999999,3,True
B1301805700000,1460507.3,0.0,1460507.3,1460507.3,1,True
B1301808000000,353142.0,0.0,353142.0,353142.0,1,True
B1301808100000,4736216.53,0.0,4736216.53,4736216.53,3,True
B1301812400000,3607453.031,0.0,3607453.031,3607453.031,1,True
B1301815500000,1288776.3,0.0,1288776.3,1288776.3,1,True
B1301823800000,4157133.29946135,0.0,4157133.29946135,4157133.29946135,1,True
B1301836900000,11961347.082,0.0,11961347.082,11961347.082,3,True
B1301837200000,7930425.279782,0.0,7930425.279782,7930425.279782,4,True
B1301841300000,652492.4514525,0.0,652492.4514525,652492.4514525,1,True
B1301864200000,9769502.32136,3963981.32136,5805521.0,9769502.32136,4,True
B1301866800000,171777.2,0.0,171777.2,171777.2,1,True
B1301868100000,5913409.1571567,0.0,5913409.1571567,5913409.1571567,1,True
B1301869200000,287980.0,0.0,287980.0,287980.0,2,True
B1301874500000,4755712.812,2472632.812,2283080.0,4755712.812,3,True
B1301877200000,1412029.2,0.0,1412029.2,1412029.2,1,True
B1301893900000,5432763.1732830005,0.0,5432763.1732830005,5432763.1732830005,1,True
B1301898100000,1696000.0,0.0,1696000.0,1696000.0,2,True
B1301899200000,547459.4,87459.4,460000.0,547459.4,2,True
B1301902100000,3161029.0,1111029.0,1900000.0,3011029.0,5,True
B1301902700000,3305673.46,0.0,3305673.46,3305673.46,3,True
B1301910300000,8066070.540000001,3333087.0,4732983.54,8066070.540000001,4,True
B1301910400000,1459096.8399999999,0.0,1459096.8399999999,1459096.8399999999,2,True
B1301916500000,2885783.0214649998,1167414.621465,1718368.4,2885783.0214649998,2,True
B1301916600000,593000.0,0.0,593000.0,593000.0,2,True
B1301917000000,6612121.17021527,0.0,6612121.17021527,6612121.17021527,3,True
B1301926100000,333308.7,0.0,333308.7,333308.7,1,True
B1301930900000,17809517.9502,5295109.5,12514408.450199999,17809517.9502,4,True
B1301931900000,6067707.57,5618247.75,449459.82,6067707.57,2,True
B1301933200000,852439.56,0.0,852439.56,852439.56,1,True
B1301934600000,235338.19999999998,0.0,0.0,0.0,1,False
B1301935400000,1725610.0954,0.0,1725610.0954,1725610.0954,3,True
B1301935700000,5711892.703496999,0.0,5711892.703496999,5711892.703496999,1,True
B1301936500000,939618.44,0.0,939618.44,939618.44,2,True
B1301938400000,3864200.317185,1218073.567185,2333160.9,3551234.467185,3,True
B1301938500000,2045934.2711681298,0.0,2045934.2711681298,2045934.2711681298,2,True
B1301940000000,9104288.010058621,3333087.0,5771201.010058619,9104288.010058621,5,True
B1301940300000,4238327.25,0.0,4238327.25,4238327.25,4,True
B1301942500000,350000.0,0.0,350000.0,350000.0,1,True
B1301943500000,3382194.1999999997,87459.4,3294734.8,3382194.1999999997,2,True
B1301944600000,1629441.66744,0.0,1629441.66744,1629441.66744,1,True
B1301945700000,417287.8,0.0,0.0,0.0,2,False
B1301945900000,2377264.806,904377.606,1472887.2,2377264.806,2,True
B1301947600000,4486157.784,1662099.384,2824058.4,4486157.784,2,True
B1301956300000,905107.088682,245107.08868199997,660000.0,905107.088682,4,True
B1301962700000,4114421.7744867997,0.0,4114421.7744867997,4114421.7744867997,1,True
B1301968400000,392538.099375,392538.099375,0.0,392538.099375,1,False
B1301969000000,1277885.2356,0.0,1277885.2356,1277885.2356,1,True
B1301971700000,481818.41639101,0.0,64530.61639101,64530.61639101,2,True
B1301974300000,5583933.0,0.0,5583933.0,5583933.0,2,True
B1301974900000,2718351.97813886,0.0,2718351.97813886,2718351.97813886,1,True
B1301977600000,9820725.2568045,0.0,9820725.2568045,9820725.2568045,1,True
B1301981300000,5429885.8813353,0.0,5429885.8813353,5429885.8813353,1,True
B1301981400000,2169717.14977692,0.0,2169717.14977692,2169717.14977692,1,True
B1301982200000,1753269.5899999999,0.0,1753269.5899999999,1753269.5899999999,1,True
B1301982700000,2944226.85,0.0,2944226.85,2944226.85,2,True
B1301983400000,45961.209225,0.0,45961.209225,45961.209225,1,True
B1301984500000,771982.4299999999,0.0,771982.4299999999,771982.4299999999,1,True
B1301987400000,5068611.75,3768611.75,1300000.0,5068611.75,2,True
B1301988500000,2247299.1,0.0,2247299.1,2247299.1,1,True
B1301989000000,4738129.995388,951707.6808,3786422.314588,4738129.995388,3,True
B1301996600000,3628319.6383539997,1639711.848354,1635600.49,3275312.338354,5,True
B1301998600000,676719.27725524,0.0,676719.27725524,676719.27725524,1,True
B1301999100000,9799252.75947912,0.0,9799252.75947912,9799252.75947912,2,True
B1302000200000,5490867.449999999,0.0,5490867.449999999,5490867.449999999,2,True
B1302001100000,1592995.30019562,0.0,1592995.30019562,1592995.30019562,1,True
B1302028100000,1097835.7249999999,941352.7999999999,156482.925,1097835.7249999999,2,True
B1302031600000,784583.37,784583.37,0.0,784583.37,1,False
B1302033700000,1072262.2,372262.2,700000.0,1072262.2,2,True
B1302034400000,686019.088,400176.945,285842.143,686019.088,2,True
B1302035000000,6533201.59138689,0.0,6533201.59138689,6533201.59138689,2,True
B1302041500000,858126.176028,0.0,858126.176028,858126.176028,1,True
B1302046500000,3722650.1988616497,0.0,3722650.1988616497,3722650.1988616497,1,True
B1302052900000,389048.871825,389048.871825,0.0,389048.871825,1,False
B1302053700000,212250.0,0.0,212250.0,212250.0,2,True
B1302055400000,6172448.21820246,5778185.21820246,0.0,905506.21820246,2,False
B1302059100000,100000.0,0.0,100000.0,100000.0,1,True
B1302060500000,1412029.2,0.0,1412029.2,1412029.2,1,True
B1302060700000,235398.94,0.0,235398.94,235398.94,1,True
B1402062500000,320000.0,0.0,320000.0,320000.0,1,True
B1402062600000,521609.75,0.0,521609.75,521609.75,1,True
B1402068500000,1488310.0,0.0,1488310.0,1488310.0,1,True
B1402071600000,2353382.0,2353382.0,0.0,2353382.0,1,False
B1402072200000,750892.41025875,0.0,750892.41025875,750892.41025875,1,True
B1402075800000,735000.0,0.0,735000.0,735000.0,2,True
B1402078000000,5125419.0,5125419.0,0.0,5125419.0,1,False
B1402080000000,135590.0,0.0,135590.0,135590.0,1,True
B1402080700000,12445848.492947418,4236087.6,8209760.89294742,12445848.492947418,4,True
B1402081900000,744524.4,0.0,744524.4,744524.4,1,True
B1402085500000,2602873.21660905,0.0,2602873.21660905,2602873.21660905,1,True
B1402086100000,2086590.2,0.0,2086590.2,2086590.2,1,True
B1402086200000,6816884.649999999,2956972.5,3859912.1500000004,6816884.649999999,5,True
B1402086800000,1790000.0,0.0,1790000.0,1790000.0,2,True
B1402087200000,197058.72,0.0,197058.72,197058.72,1,True
B1402087300000,86606.4,0.0,86606.4,86606.4,1,True
B1402089200000,1524852.68233659,0.0,1524852.68233659,1524852.68233659,2,True
B1402089600000,437382.0,0.0,437382.0,437382.0,1,True
B1402090700000,2065541.70685697,0.0,2065541.70685697,2065541.70685697,1,True
B1402091700000,4488215.0506698005,1555440.6,2932774.4506698,4488215.0506698005,2,True
B1402091800000,676414.0200760199,0.0,676414.0200760199,676414.0200760199,1,True
B1402091900000,930655.5,0.0,930655.5,930655.5,1,True
B1402094700000,5360258.040000001,1182789.0,4177469.04,5360258.040000001,3,True
B1402106900000,8115244.804969199,0.0,8115244.804969199,8115244.804969199,5,True
B1402107400000,280000.0,0.0,280000.0,280000.0,1,True
B1402111600000,349933.7,0.0,349933.7,349933.7,1,True
B1402114000000,781711.78,0.0,781711.78,781711.78,1,True
B1402115000000,6806233.393506721,1250978.7571649998,5555254.636341721,6806233.393506721,3,True
B1402117800000,745157.07,0.0,745157.07,745157.07,2,True
B1402118500000,941352.7999999999,0.0,941352.7999999999,941352.7999999999,1,True
B1402122500000,2615926.032105,982713.4021050001,1633212.6300000001,2615926.032105,3,True
B1402123800000,2784041.65611486,1111029.0,1673012.65611486,2784041.65611486,2,True
B1402125800000,6002187.6,4236087.6,1766100.0,6002187.6,4,True
B1402126100000,840973.17,0.0,840973.17,840973.17,2,True
B1402126900000,1256978.88941142,0.0,1256978.88941142,1256978.88941142,1,True
B1402127100000,6109118.650448999,0.0,6109118.650448999,6109118.650448999,1,True
B1402130700000,973249.8225,0.0,578986.8225,578986.8225,2,True
B1402131500000,4695220.3334259,1871161.9334259,2824058.4,4695220.3334259,4,True
B1402131600000,2483708.2624000004,2483217.3000000003,490.9624,2483708.2624000004,2,True
B1402133100000,2134901.7399999998,87459.4,2047442.3399999999,2134901.7399999998,2,True
B1402137200000,12682652.16428685,2759841.0,9922811.16428685,12682652.16428685,5,True
B1402143800000,574679.77125,0.0,574679.77125,574679.77125,1,True
B1402144300000,543502.812,0.0,543502.812,543502.812,1,True
B1402144500000,744524.4,0.0,744524.4,744524.4,1,True
B1402144900000,795564.30247555,0.0,795564.30247555,795564.30247555,2,True
B1402145600000,1740556.5855843,1384342.134,356214.4515843,1740556.5855843,2,True
B1402145700000,10725255.136438001,4632588.278685,6092666.857753,10725255.136438001,4,True
B1402146300000,13537614.46937828,4786670.72762,8750943.74175828,13537614.46937828,5,True
B1402146400000,999000.0,0.0,999000.0,999000.0,1,True
B1402147100000,3787329.4345808397,0.0,3787329.4345808397,3787329.4345808397,1,True
B1402148800000,1502077.977,0.0,1502077.977,1502077.977,1,True
B1402149200000,372558.82185,0.0,372558.82185,372558.82185,1,True
B1402149500000,3904394.15160843,0.0,3904394.15160843,3904394.15160843,2,True
B1402150700000,2434652.4,1182789.0,1251863.4,2434652.4,2,True
B1402151100000,591394.5,0.0,591394.5,591394.5,1,True
B1402156100000,8843291.45705606,0.0,8843291.45705606,8843291.45705606,2,True
B1402156400000,1598802.066,854277.666,744524.4,1598802.066,2,True
B1402158000000,2378540.46,0.0,2378540.46,2378540.46,1,True
B1402159100000,7569536.399999999,3530073.0,3726497.55,7256570.55,7,True
B1402163900000,2254743.55425285,2254743.55425285,0.0,2254743.55425285,1,False
B1402168400000,1685487.7693682997,0.0,1685487.7693682997,1685487.7693682997,1,True
B1402168700000,2200973.69032875,0.0,2200973.69032875,2200973.69032875,1,True
B1402173200000,1599881.76,0.0,1599881.76,1599881.76,2,True
B1402175100000,11422014.747796401,1666543.5,9755471.247796401,11422014.747796401,4,True
B1402176800000,2611450.9752869997,0.0,2611450.9752869997,2611450.9752869997,1,True
B1402183000000,1065367.049985,0.0,1065367.049985,1065367.049985,2,True
B1402183500000,5419528.272439,4221910.2,1197618.072439,5419528.272439,3,True
B1402186500000,1209852.15,0.0,1209852.15,1209852.15,1,True
B1402189000000,1468629.675,0.0,1468629.675,1468629.675,1,True
B1402192100000,3561506.4879608597,0.0,3561506.4879608597,3561506.4879608597,3,True
B1402192700000,4336259.2182599995,1669789.61826,2666469.6,4336259.2182599995,3,True
B1402193800000,170479.715463,0.0,170479.715463,170479.715463,1,True
B1402197800000,372262.2,372262.2,0.0,372262.2,1,False
B1402201100000,4534024.5,0.0,4534024.5,4534024.5,1,True
B1402201200000,4476398.03,2725644.2,1750753.83,4476398.03,3,True
B1402202200000,1957240.3960742198,0.0,1957240.3960742198,1957240.3960742198,1,True
B1402203900000,3294734.8,0.0,3294734.8,3294734.8,2,True
B1402204500000,3934391.2437941995,0.0,3934391.2437941995,3934391.2437941995,1,True
B1402211000000,176031.65,0.0,176031.65,176031.65,1,True
B1402211100000,177455.27,0.0,177455.27,177455.27,1,True
B1402213800000,1208464.670608,1208464.670608,0.0,1208464.670608,1,False
B1402214200000,4401519.30413032,0.0,4401519.30413032,4401519.30413032,1,True
B1402215300000,2042403.584,0.0,2042403.584,2042403.584,2,True
B1402217000000,1176691.0,1176691.0,0.0,1176691.0,1,False
B1402227100000,1882705.5999999999,0.0,1882705.5999999999,1882705.5999999999,1,True
B1402229600000,2160234.56,0.0,2160234.56,2160234.56,2,True
B1402230800000,425309.5635,0.0,425309.5635,425309.5635,1,True
B1402231200000,695576.48091195,0.0,695576.48091195,695576.48091195,1,True
B1402233800000,1478486.25,985657.5,492828.75,1478486.25,3,True
B1402235800000,72954.84199999999,0.0,72954.84199999999,72954.84199999999,1,True
B1402236600000,1132793.8746,0.0,1132793.8746,1132793.8746,2,True
B1402236900000,943920.1091466,0.0,943920.1091466,943920.1091466,1,True
B1402237200000,4998520.611714239,0.0,4998520.611714239,4998520.611714239,1,True
B1402237400000,5784961.999999999,1666543.5,4118418.4999999995,5784961.999999999,4,True
B1402241100000,5863129.65,0.0,5863129.65,5863129.65,2,True
B1402244100000,1717213.886313,0.0,1717213.886313,1717213.886313,1,True
B1402245600000,8243661.807799999,0.0,8243661.807799999,8243661.807799999,2,True
B1402246100000,4963915.880739749,0.0,4963915.880739749,4963915.880739749,1,True
B1402246200000,3169238.6977531496,0.0,3169238.6977531496,3169238.6977531496,1,True
B1402246600000,360000.0,0.0,360000.0,360000.0,1,True
B1402246700000,4187325.11264151,0.0,4187325.11264151,4187325.11264151,1,True
B1402250100000,113000.0,0.0,113000.0,113000.0,1,True
B1402254000000,2122298.714656,0.0,2122298.714656,2122298.714656,1,True
B1402255700000,591394.5,591394.5,0.0,591394.5,1,False
B1402260600000,8664402.705,0.0,8664402.705,8664402.705,5,True
B1402261200000,834575.6,0.0,834575.6,834575.6,1,True
B1402269500000,10743666.75,0.0,10743666.75,10743666.75,3,True
B1402269800000,2956972.5,2956972.5,0.0,2956972.5,1,False
B1402271000000,5940374.0565,0.0,5940374.0565,5940374.0565,4,True
B1402274200000,1192330.1646,1192330.1646,0.0,1192330.1646,1,False
B1402275800000,372262.2,372262.2,0.0,372262.2,1,False
B1402278100000,1224431.5999999999,0.0,1224431.5999999999,1224431.5999999999,1,True
B1402278700000,2109533.751225,2109533.751225,0.0,2109533.751225,1,False
B1402280500000,6707901.385,0.0,6707901.385,6707901.385,2,True
B1402280700000,9057220.720999999,0.0,9057220.720999999,9057220.720999999,1,True
B1402281100000,1379920.5,0.0,1379920.5,1379920.5,1,True
B1402282800000,4198051.199999999,0.0,4198051.199999999,4198051.199999999,2,True
B1402284400000,1419346.8,0.0,1419346.8,1419346.8,1,True
B1402294200000,6886850.513868899,0.0,6886850.513868899,6886850.513868899,4,True
B1402296700000,312965.85,0.0,0.0,0.0,1,False
B1402297300000,1410806.7357201,0.0,1410806.7357201,1410806.7357201,1,True
B1402299100000,7550619.73978692,0.0,7550619.73978692,7550619.73978692,1,True
B1402300300000,6996752.0,0.0,6996752.0,6996752.0,2,True
B1402300400000,5716813.51971315,2956972.5,2759841.01971315,5716813.51971315,2,True
B1402301100000,7085070.50133084,2085440.045772,4999630.45555884,7085070.50133084,4,True
B1402301300000,300000.0,0.0,300000.0,300000.0,2,True
B1402301900000,1084496.56,0.0,1084496.56,1084496.56,1,True
B1402307700000,2510000.0,0.0,2510000.0,2510000.0,2,True
B1402332500000,12631763.764707997,2706389.3,9925374.464707999,12631763.764707997,4,True
B1402368100000,1043219.5,0.0,1043219.5,1043219.5,1,True
B1402372600000,1231758.4775523,0.0,1231758.4775523,1231758.4775523,2,True
B1402378700000,5135492.242967309,2572782.76268046,2562709.48028685,5135492.242967309,4,True
B1402380600000,1768245.45,0.0,1768245.45,1768245.45,2,True
B1402391300000,295697.25,0.0,0.0,0.0,2,False
B1402406800000,19318887.01971315,5913945.0,13404942.01971315,19318887.01971315,5,True
B1402408400000,1111029.0,0.0,1111029.0,1111029.0,1,True
B1402431800000,1333234.8,1333234.8,0.0,1333234.8,1,False
B1402438200000,950020.80300132,0.0,950020.80300132,950020.80300132,1,True
B1402440900000,1777646.4000000001,1777646.4000000001,0.0,1777646.4000000001,1,False
B1402446800000,788526.0,788526.0,0.0,788526.0,1,False
B1402453900000,6724012.29247132,0.0,6724012.29247132,6724012.29247132,1,True
B1402480200000,1401806.70993912,0.0,1401806.70993912,1401806.70993912,1,True
B1402503800000,3510192.57,3048904.86,461287.71,3510192.57,3,True
B1402505600000,1100800.0,0.0,1100800.0,1100800.0,2,True
B1402512500000,909615.87330174,0.0,909615.87330174,909615.87330174,1,True
B1402521900000,3610387.2803502,1953227.2803502,1657160.0,3610387.2803502,3,True
B1402543500000,11298365.512856,0.0,11298365.512856,11298365.512856,3,True
B1402546500000,2199837.42,2199837.42,0.0,2199837.42,1,False
B1402621800000,433689.3,0.0,433689.3,433689.3,1,True
B1402633500000,299977.80777942005,0.0,299977.80777942005,299977.80777942005,2,True
B1402652900000,2172609.0,1176691.0,995918.0,2172609.0,3,True
B1402681000000,2743906.98465225,0.0,2743906.98465225,2743906.98465225,1,True
B1402687700000,3695632.9905,0.0,3695632.9905,3695632.9905,1,True
B1402689400000,10960576.67909,5599584.25,5360992.42909,10960576.67909,4,True
B1402693700000,1409895.0,0.0,1409895.0,1409895.0,2,True
B1402704900000,10170684.82492875,5913945.0,4256739.82492875,10170684.82492875,4,True
B1402707600000,5248087.77,0.0,5248087.77,5248087.77,3,True
B1402719200000,5359849.41,204744.21,5155105.2,5359849.41,4,True
B1402723400000,3203070.5711,0.0,3203070.5711,3203070.5711,3,True
B1402732100000,506000.0,0.0,506000.0,506000.0,1,True
B1402734500000,42691.74,0.0,42691.74,42691.74,1,True
B1402769800000,4017289.2155731497,0.0,4017289.2155731497,4017289.2155731497,1,True
B1402778200000,4372969.98250812,0.0,4372969.98250812,4372969.98250812,1,True
B1402778300000,4449527.150368,3252669.75,1196857.400368,4449527.150368,3,True
B1402778600000,1281354.75,0.0,1281354.75,1281354.75,1,True
B1402781000000,900831.82,0.0,900831.82,900831.82,1,True
B1402782000000,402313.24,0.0,402313.24,402313.24,1,True
B1402785400000,504656.63999999996,504656.63999999996,0.0,504656.63999999996,1,False
B1402822600000,3856151.4646451697,0.0,3856151.4646451697,3856151.4646451697,1,True
B1402825000000,3453569.02962225,0.0,3453569.02962225,3453569.02962225,1,True
B1402825200000,3388857.251895,1656345.293991,1732511.957904,3388857.251895,3,True
B1402845900000,402313.24,0.0,402313.24,402313.24,1,True
B1402850900000,1478486.25,1478486.25,0.0,1478486.25,1,False
B1402855900000,3321211.7,2468948.7,852263.0,3321211.7,4,True
B1500017300000,985657.5,0.0,985657.5,985657.5,1,True
B1500018100000,2503718.4125152198,0.0,2503718.4125152198,2503718.4125152198,1,True
B1500018400000,1000734.86245026,0.0,1000734.86245026,1000734.86245026,3,True
B1500018900000,444411.60000000003,444411.60000000003,0.0,444411.60000000003,1,False
B1500036000000,12829872.82504659,0.0,12829872.82504659,12829872.82504659,1,True
B1500037300000,2099025.6874594,0.0,2099025.6874594,2099025.6874594,1,True
B1500070300000,514261.272,0.0,514261.272,514261.272,1,True
B1500071200000,2488007.1209925,2222058.0,265949.1209925,2488007.1209925,2,True
B1500091200000,5913945.0,0.0,5913945.0,5913945.0,1,True
B1500101700000,1880379.5488631998,0.0,1880379.5488631998,1880379.5488631998,1,True
B1500105700000,0.0,0.0,0.0,0.0,1,False
B1500113300000,786371.3581119999,786371.3581119999,0.0,786371.3581119999,1,False
B1500118400000,2011566.2,0.0,2011566.2,2011566.2,2,True
B1500118500000,706014.6,0.0,706014.6,706014.6,1,True
B1500132900000,3942630.0,3942630.0,0.0,3942630.0,1,False
B1500138300000,10170099.354787018,5000257.678766999,5169841.67602002,10170099.354787018,3,True
B1500140000000,208575.54825836,0.0,208575.54825836,208575.54825836,1,True
B1500143900000,2134009.36,0.0,2134009.36,2134009.36,2,True
B1500149400000,208643.9,0.0,208643.9,208643.9,1,True
B1500150200000,15926010.496815018,0.0,15926010.496815018,15926010.496815018,4,True
B1500150500000,563655.28,0.0,563655.28,563655.28,2,True
B1500151700000,281700.91349999997,281700.91349999997,0.0,281700.91349999997,1,False
B1500166700000,577006.41,0.0,577006.41,577006.41,1,True
B1500168300000,930655.5,0.0,930655.5,930655.5,1,True
B1500177200000,1259353.95,1259353.95,0.0,1259353.95,1,False
B1500183700000,7658997.393446,2223969.273446,5435028.119999999,7658997.393446,4,True
B1500193000000,11721355.95,0.0,11721355.95,11721355.95,2,True
B1500198100000,94500.0,0.0,94500.0,94500.0,1,True
B1500199100000,2801433.0,0.0,2801433.0,2801433.0,2,True
B1500218400000,1971315.0,1971315.0,0.0,1971315.0,1,False
B1500240200000,197131.5,0.0,197131.5,197131.5,1,True
B1500245000000,1136972.2,0.0,1136972.2,1136972.2,1,True
B1500251700000,1472887.2,0.0,1472887.2,1472887.2,1,True
B1500257400000,555000.0,0.0,555000.0,555000.0,1,True
B1500257800000,5583933.0,5583933.0,0.0,5583933.0,1,False
B1500264500000,9306555.0,0.0,9306555.0,9306555.0,2,True
B1500265900000,816606.3150000001,0.0,816606.3150000001,816606.3150000001,1,True
B1500269700000,439935.68999999994,183664.74,256270.94999999998,439935.68999999994,2,True
B1500272800000,3669753.2049819,0.0,3669753.2049819,3669753.2049819,1,True
B1500275600000,836746.7761169999,0.0,836746.7761169999,836746.7761169999,1,True
B1500276200000,3017094.5,930655.5,2086439.0,3017094.5,4,True
B1500283900000,737347.5425999999,0.0,737347.5425999999,737347.5425999999,1,True
B1500296100000,5247564.0,0.0,5247564.0,5247564.0,2,True
B1500309600000,818236.6740224999,818236.6740224999,0.0,818236.6740224999,1,False
B1500309900000,12902919.784344528,3060470.22226388,9842449.562080648,12902919.784344528,5,True
B1500335800000,2404048.1727987,0.0,2404048.1727987,2404048.1727987,4,True
B1500339000000,1107542.1119,0.0,1107542.1119,1107542.1119,1,True
B1500339400000,8220383.55,0.0,8220383.55,8220383.55,4,True
B1500340300000,2050160.21,218648.5,1831511.71,2050160.21,2,True
B1500344400000,7507875.12,5254521.0,2253354.12,7507875.12,3,True
B1500344800000,9659443.5,1971315.0,7688128.5,9659443.5,4,True
B1500350300000,1777006.494244,0.0,1777006.494244,1777006.494244,1,True
B1500351900000,1176691.0,1176691.0,0.0,1176691.0,1,False
B1500375100000,1478486.25,1478486.25,0.0,1478486.25,1,False
B1500384200000,3263414.45506632,0.0,3263414.45506632,3263414.45506632,2,True
B1500385200000,1199899.98,0.0,1199899.98,1199899.98,1,True
B1500399400000,7331879.102746119,2222058.0,5016755.55274612,7238813.552746119,6,True
B1500404600000,165894.926808,0.0,165894.926808,165894.926808,1,True
B1500406100000,3184103.1877779597,0.0,3184103.1877779597,3184103.1877779597,1,True
B1500407800000,2376707.2854059995,2209145.5104059996,167561.775,2376707.2854059995,2,True
B1500408100000,2405840.5599999996,2405840.5599999996,0.0,2405840.5599999996,1,False
B1500428800000,599991.404715,599991.404715,0.0,599991.404715,1,False
B1500437700000,5291293.7,0.0,5291293.7,5291293.7,3,True
B1500448600000,1802089.0380000002,0.0,1802089.0380000002,1802089.0380000002,1,True
B1500450200000,1675179.9,0.0,1675179.9,1675179.9,1,True
B1500451800000,906804.9,0.0,906804.9,906804.9,1,True
B1500451900000,257000.0,0.0,257000.0,257000.0,2,True
B1500453100000,3856784.1664111195,1521793.56,2334990.60641112,3856784.1664111195,5,True
B1500464600000,1048977.184515,1048977.184515,0.0,1048977.184515,1,False
B1500478900000,5247563.96501624,0.0,5247563.96501624,5247563.96501624,2,True
B1500489000000,2864018.31413775,0.0,2864018.31413775,2864018.31413775,1,True
B1500489100000,4590422.72009944,0.0,4590422.72009944,4590422.72009944,1,True
B1500492300000,3106557.888,0.0,3106557.888,3106557.888,2,True
B1500496900000,300000.0,0.0,300000.0,300000.0,1,True
B1500515600000,1439268.90939,1439268.90939,0.0,1439268.90939,1,False
B1500542700000,7516580.4353,7516580.4353,0.0,7516580.4353,1,False
B1500543200000,8598647.22855843,1971315.0,6627332.2285584295,8598647.22855843,4,True
B1500543700000,939789.02,174918.8,764870.22,939789.02,2,True
B1500544400000,1340143.92,0.0,1340143.92,1340143.92,1,True
B1500554400000,7788155.991,3888601.5,3899554.491,7788155.991,3,True
B1500558500000,558393.2999999999,0.0,558393.2999999999,558393.2999999999,1,True
B1500559900000,1357919.7,372262.2,985657.5,1357919.7,2,True
B1500562100000,96938.59126422,0.0,96938.59126422,96938.59126422,1,True
B1500562900000,1137190.87,0.0,1137190.87,1137190.87,2,True
B1500572300000,233110.0,0.0,233110.0,233110.0,1,True
B1500572600000,2370816.0,0.0,2370816.0,2370816.0,1,True
B1500572900000,6196857.77,3530073.0,2666784.77,6196857.77,4,True
B1500575600000,1487007.2131566,0.0,1487007.2131566,1487007.2131566,1,True
B1500583400000,2139659.18476436,0.0,2139659.18476436,2139659.18476436,1,True
B1500584900000,266117.668425,0.0,266117.668425,266117.668425,1,True
B1500585100000,6611027.46,2233573.1999999997,4377454.26,6611027.46,4,True
B1500585200000,143800.46124942,0.0,143800.46124942,143800.46124942,1,True
B1500585400000,9589491.48275196,2353382.0,6883102.182751959,9236484.18275196,5,True
B1500585700000,1657655.2680000002,0.0,1657655.2680000002,1657655.2680000002,2,True
B1500591500000,7420250.800000001,2222058.0,5110733.4,7332791.4,3,True
B1500592000000,1302917.7,0.0,1302917.7,1302917.7,1,True
B1500593700000,8892042.6,5913945.0,2978097.6,8892042.6,2,True
B1500595400000,2250337.9164983397,0.0,2250337.9164983397,2250337.9164983397,1,True
B1500614800000,140676.70993209,0.0,140676.70993209,140676.70993209,1,True
B1500630200000,5001681.27254768,0.0,5001681.27254768,5001681.27254768,1,True
B1500637800000,792800.8704,0.0,792800.8704,792800.8704,1,True
B1500643000000,1116786.6,372262.2,744524.4,1116786.6,2,True
B1500650100000,1111029.0,1111029.0,0.0,1111029.0,1,False
B1500651700000,2806012.6324131,2368896.353583,344050.7288300999,2712947.0824131,5,True
B1500653700000,1014018.277104,0.0,1014018.277104,1014018.277104,1,True
B1500654500000,11335612.833999999,0.0,11335612.833999999,11335612.833999999,4,True
B1500654700000,3257294.25,0.0,3257294.25,3257294.25,1,True
B1500657300000,9626923.8712234,0.0,9626923.8712234,9626923.8712234,1,True
B1500659000000,1573229.620215,1573229.620215,0.0,1573229.620215,1,False
B1500660200000,1715044.05,1715044.05,0.0,1715044.05,1,False
B1500661200000,9398373.561347738,0.0,9398373.561347738,9398373.561347738,2,True
B1500672000000,11023690.3075,2797904.55,8225785.757499999,11023690.3075,3,True
B1500681300000,584801.28,0.0,584801.28,584801.28,1,True
B1500689300000,1355033.61480761,0.0,1355033.61480761,1355033.61480761,1,True
B1500701300000,5913944.960573699,0.0,5913944.960573699,5913944.960573699,2,True
B1500704800000,2069880.75,0.0,2069880.75,2069880.75,1,True
B1500710900000,1173024.4182,0.0,1173024.4182,1173024.4182,1,True
B1500711400000,4174878.5900000003,2338435.0,949999.99,3288434.99,6,True
B1500712100000,787134.5999999999,0.0,787134.5999999999,787134.5999999999,2,True
B1500714700000,2315938.50609181,0.0,2315938.50609181,2315938.50609181,1,True
B1500723200000,2140507.65,0.0,2140507.65,2140507.65,3,True
B1500726100000,1480161.46940928,0.0,1480161.46940928,1480161.46940928,1,True
B1500731600000,790938.8895599999,790938.8895599999,0.0,790938.8895599999,1,False
B1500740900000,465327.75,0.0,465327.75,465327.75,1,True
B1500742600000,2623782.0,0.0,2623782.0,2623782.0,1,True
B1500743200000,3054572.02064,0.0,3054572.02064,3054572.02064,1,True
B1500758100000,1392301.3241443501,985657.5,406643.82414435,1392301.3241443501,3,True
B1500777200000,404073.74192625,0.0,404073.74192625,404073.74192625,1,True
B1500777500000,7232754.734999999,0.0,7232754.734999999,7232754.734999999,3,True
B1500778100000,870751.34,0.0,870751.34,870751.34,1,True
B1500778300000,10144835.68,2605835.4,7539000.28,10144835.68,5,True
B1500785100000,3129658.5,0.0,3129658.5,3129658.5,1,True
B1500797500000,3801568.003604,0.0,3801568.003604,3801568.003604,1,True
B1500809300000,353007.3,0.0,353007.3,353007.3,1,True
B1500812200000,6117748.6375,4566587.85,1463701.3875,6030289.2375,4,True
B1500818400000,651458.85,651458.85,0.0,651458.85,1,False
B1500837300000,192410.68,0.0,192410.68,192410.68,2,True
B1500837400000,7898805.4399999995,2791966.5,5106838.9399999995,7898805.4399999995,4,True
B1500838900000,292114.396,0.0,292114.396,292114.396,1,True
B1500840400000,8436454.655994,0.0,8436454.655994,8436454.655994,3,True
B1500843400000,908644.936,908644.936,0.0,908644.936,1,False
B1500863000000,2668985.1514367997,0.0,2668985.1514367997,2668985.1514367997,1,True
B1500865900000,1624125.5999999999,372262.2,1251863.4,1624125.5999999999,2,True
B1500868700000,920423.873433,920423.873433,0.0,920423.873433,1,False
B1500870400000,10237210.5,1861311.0,8375899.5,10237210.5,5,True
B1500873900000,6779999.1178,3215595.88,3564403.2378000002,6779999.1178,3,True
B1500877500000,1309185.11066112,0.0,1309185.11066112,1309185.11066112,1,True
B1500896100000,637569.747318,0.0,637569.747318,637569.747318,1,True
B1500897000000,2700678.2324489597,1517889.23244896,1182789.0,2700678.2324489597,3,True
B1500899800000,13189685.257217,3942630.0,9247055.257217,13189685.257217,4,True
B1500903400000,681060.777,0.0,681060.777,681060.777,2,True
B1500903800000,2494156.7399999998,0.0,2494156.7399999998,2494156.7399999998,1,True
B1500904200000,11684846.07205412,3026365.47205412,8658480.6,11684846.07205412,3,True
B1500916300000,1557338.8499999999,1557338.8499999999,0.0,1557338.8499999999,2,False
B1500922400000,4741632.0,0.0,4741632.0,4741632.0,1,True
B1600003800000,3578465.3500318,2666469.6,911995.7500317999,3578465.3500318,2,True
B1600006200000,813567.8567752399,0.0,813567.8567752399,813567.8567752399,1,True
B1600011000000,9655517.76,0.0,9655517.76,9655517.76,4,True
B1600012600000,1033719.1580640001,0.0,1033719.1580640001,1033719.1580640001,1,True
B1600012800000,87459.4,87459.4,0.0,87459.4,1,False
B1600017500000,385991.21499999997,0.0,385991.21499999997,385991.21499999997,1,True
B1600019400000,898863.4575225,898863.4575225,0.0,898863.4575225,1,False
B1600019500000,1428412.65910052,0.0,1428412.65910052,1428412.65910052,1,True
B1600032100000,10768006.669270359,2845909.0,7922097.66927036,10768006.669270359,2,True
B1600033400000,15584352.51933724,4281015.3,11303337.21933724,15584352.51933724,4,True
B1600036800000,6278491.0902774995,5254770.0402775,1023721.0499999999,6278491.0902774995,3,True
B1600041000000,10078253.75,4186704.95,5891548.8,10078253.75,3,True
B1600043800000,9243638.32289332,5448856.94789332,3794781.375,9243638.32289332,3,True
B1600047300000,584202.9199999999,0.0,584202.9199999999,584202.9199999999,1,True
B1600057400000,4052896.2331703994,0.0,4052896.2331703994,4052896.2331703994,1,True
B1600058000000,5016305.983651999,3952486.5749999997,1063819.408652,5016305.983651999,2,True
B1600059500000,1311744.1993,0.0,1311744.1993,1311744.1993,1,True
B1600064700000,384147.92999999993,104951.28,279196.64999999997,384147.92999999993,2,True
B1600066700000,962053.4,0.0,962053.4,962053.4,1,True
B1600067600000,1859282.49,183664.74,1675617.75,1859282.49,2,True
B1600069800000,4714992.97021389,0.0,4714992.97021389,4714992.97021389,2,True
B1600084300000,335123.55,335123.55,0.0,335123.55,1,False
B1600084700000,3367451.90827122,1176691.0,2190760.90827122,3367451.90827122,3,True
B1600096000000,6744124.7282448,0.0,6744124.7282448,6744124.7282448,3,True
B1600098700000,1580544.0,0.0,1580544.0,1580544.0,1,True
B1600100000000,1709130.105,0.0,1709130.105,1709130.105,1,True
B1600100300000,9250493.481386889,4597216.0,4653277.48138689,9250493.481386889,3,True
B1600107600000,10281096.93841504,3282928.6884150403,6998168.25,10281096.93841504,5,True
B1600109500000,571422.477,0.0,571422.477,571422.477,1,True
B1600109600000,2598863.2,2353382.0,245481.2,2598863.2,2,True
B1600114000000,7605577.728,0.0,7605577.728,7605577.728,2,True
B1600115500000,790272.0,0.0,790272.0,790272.0,1,True
B1600116800000,349837.6,0.0,349837.6,349837.6,1,True
B1600131200000,475496.94852,475496.94852,0.0,475496.94852,1,False
B1600131300000,1877528.18001252,0.0,1877528.18001252,1877528.18001252,1,True
B1600137800000,4790984.95638132,0.0,4790984.95638132,4790984.95638132,1,True
B1600137900000,788526.0,0.0,788526.0,788526.0,1,True
B1600138900000,997683.0,0.0,997683.0,997683.0,1,True
B1600142700000,2657332.62,2657332.62,0.0,2657332.62,1,False
B1600181500000,1162759.515,372262.2,790497.315,1162759.515,2,True
B1600192300000,9685457.25,1861311.0,7824146.25,9685457.25,3,True
B1600200900000,474163.2,0.0,474163.2,474163.2,1,True
B1600203800000,2119685.71425688,0.0,2119685.71425688,2119685.71425688,1,True
B1600203900000,7752543.110323199,0.0,7752543.110323199,7752543.110323199,1,True
B1600217000000,3918181.12,0.0,3918181.12,3918181.12,1,True
B1600227000000,4110591.8,437297.0,3673294.8,4110591.8,2,True
B1600241200000,1111029.0,1111029.0,0.0,1111029.0,1,False
B1600243000000,8045723.25,3351235.5,4694487.75,8045723.25,3,True
B1600245600000,1290953.192892,1290953.192892,0.0,1290953.192892,2,False
B1600249600000,4795426.364251601,0.0,4795426.364251601,4795426.364251601,1,True
B1600264400000,5585015.8265136,1533050.4,4051965.4265136,5585015.8265136,2,True
B1600280000000,2365578.0,0.0,2365578.0,2365578.0,2,True
B1600280100000,3402237.44496,0.0,3402237.44496,3402237.44496,2,True
B1600287300000,3632076.4389029997,1946602.1139029998,1685474.325,3632076.4389029997,2,True
B1600288400000,2353382.0,2353382.0,0.0,2353382.0,1,False
B1600289200000,941352.7999999999,941352.7999999999,0.0,941352.7999999999,1,False
B1600294100000,437297.0,0.0,0.0,0.0,1,False
B1600294500000,8366650.5,1861311.0,6505339.5,8366650.5,3,True
B1600296800000,1877795.0999999999,0.0,1877795.0999999999,1877795.0999999999,1,True
B1600305700000,3219066.6750837,0.0,3219066.6750837,3219066.6750837,3,True
B1600308400000,988291.22,0.0,988291.22,988291.22,1,True
B1600310800000,3792487.51390712,0.0,3792487.51390712,3792487.51390712,2,True
B1600314200000,114880.35294,0.0,114880.35294,114880.35294,1,True
B1600315200000,538787.62957824,0.0,538787.62957824,538787.62957824,1,True
B1600324600000,466408.1411600799,466408.1411600799,0.0,466408.1411600799,1,False
B1600326400000,950308.51215776,0.0,950308.51215776,950308.51215776,1,True
B1600327100000,5152674.049376,0.0,5152674.049376,5152674.049376,2,True
B1600337700000,192410.68,0.0,192410.68,192410.68,1,True
B1600340900000,262378.2,0.0,0.0,0.0,1,False
B1600341600000,666617.4,0.0,666617.4,666617.4,1,True
B1600342000000,1399350.4,0.0,1399350.4,1399350.4,2,True
B1600348400000,1224431.5999999999,0.0,1224431.5999999999,1224431.5999999999,1,True
B1600352700000,3564126.5619456,0.0,3564126.5619456,3564126.5619456,3,True
B1600355900000,2399090.355,0.0,2399090.355,2399090.355,1,True
B1600358100000,566361.572391,0.0,566361.572391,566361.572391,1,True
B1600364000000,337770.08761700004,0.0,337770.08761700004,337770.08761700004,1,True
B1600368200000,363525.12,0.0,363525.12,363525.12,1,True
B1600368700000,5610931.18419456,0.0,5610931.18419456,5610931.18419456,4,True
B1600382200000,651047.89153365,651047.89153365,0.0,651047.89153365,1,False
B1600382500000,591394.5,0.0,591394.5,591394.5,1,True
B1600385400000,359538.19776,0.0,359538.19776,359538.19776,1,True
B1600388200000,3756267.2899584,0.0,3756267.2899584,3756267.2899584,1,True
B1600390300000,1264435.2,0.0,1264435.2,1264435.2,1,True
B1600400300000,299513.088,0.0,299513.088,299513.088,1,True
B1600408200000,5110955.6058,0.0,5110955.6058,5110955.6058,2,True
B1600411100000,1580544.0,0.0,1580544.0,1580544.0,1,True
B1600412400000,453402.45,453402.45,0.0,453402.45,1,False
B1600416100000,524756.4,524756.4,0.0,524756.4,1,False
B1600420100000,2605835.4,2605835.4,0.0,2605835.4,1,False
B1600420900000,2273966.40344028,2273966.40344028,0.0,2273966.40344028,1,False
B1600421600000,10014907.2,0.0,10014907.2,10014907.2,2,True
B1600428200000,1898537.22,1898537.22,0.0,1898537.22,1,False
B1600436900000,10057642.25526172,2425788.69168552,7631853.5635762,10057642.25526172,5,True
B1600437000000,360228.895488,0.0,360228.895488,360228.895488,1,True
B1600439300000,3750908.10569766,0.0,3750908.10569766,3750908.10569766,4,True
B1600439400000,1241866.6992,1241866.6992,0.0,1241866.6992,1,False
B1600439500000,1224419.792981,0.0,1224419.792981,1224419.792981,1,True
B1600439700000,14016186.3495,0.0,14016186.3495,14016186.3495,4,True
B1600442200000,3635251.1999999997,0.0,3635251.1999999997,3635251.1999999997,1,True
B1600445600000,1532400.62976,0.0,1532400.62976,1532400.62976,2,True
B1600445900000,96695.11263999999,0.0,96695.11263999999,96695.11263999999,1,True
B1600454400000,12118561.4832306,0.0,12118561.4832306,12118561.4832306,3,True
B1600459300000,474163.2,0.0,474163.2,474163.2,1,True
B1600462200000,3373737.8195404797,0.0,3373737.8195404797,3373737.8195404797,1,True
B1600464000000,335035.98,0.0,335035.98,335035.98,1,True
B1600466400000,423799.44356968004,0.0,423799.44356968004,423799.44356968004,1,True
B1600467400000,3530073.0,3530073.0,0.0,3530073.0,1,False
B1600471800000,446103.30000000005,0.0,446103.30000000005,446103.30000000005,1,True
B1600472500000,148680.98,148680.98,0.0,148680.98,1,False
B1600472600000,217929.58292339998,0.0,217929.58292339998,217929.58292339998,1,True
B1600473500000,262378.2,262378.2,0.0,262378.2,1,False
B1600477000000,2242804.5017999997,2242804.5017999997,0.0,2242804.5017999997,1,False
B1600478600000,3410916.6,0.0,3410916.6,3410916.6,2,True
B1600481100000,1228740.35265,1228740.35265,0.0,1228740.35265,1,False
B1600483500000,548701.1,148701.1,400000.0,548701.1,2,True
B1600486300000,1351904.17122,1351904.17122,0.0,1351904.17122,1,False
B1600492200000,317309.8824,0.0,317309.8824,317309.8824,1,True
B1600495300000,1046801.3064,1046801.3064,0.0,1046801.3064,1,False
B1600500100000,3839196.42634752,0.0,3839196.42634752,3839196.42634752,1,True
B1600500300000,967623.5619993599,0.0,967623.5619993599,967623.5619993599,1,True
B1600501200000,1106380.8,0.0,1106380.8,1106380.8,1,True
B1600509800000,122213.19,0.0,122213.19,122213.19,1,True
B1600509900000,772444.065,0.0,772444.065,772444.065,1,True
B1600512600000,3898051.38035712,0.0,3898051.38035712,3898051.38035712,2,True
B1600513600000,591394.5,591394.5,0.0,591394.5,1,False
B1600530200000,9819248.0,0.0,9819248.0,9819248.0,1,True
B1600530400000,8512737.40541952,0.0,8512737.40541952,8512737.40541952,1,True
B1600532800000,5583933.0,0.0,5583933.0,5583933.0,1,True
B1600534400000,699675.2,0.0,699675.2,699675.2,1,True
B1600534500000,9464762.76821733,0.0,9464762.76821733,9464762.76821733,1,True
B1600534700000,388892.8512,0.0,388892.8512,388892.8512,1,True
B1600536100000,649868.820888,0.0,649868.820888,649868.820888,1,True
B1600547800000,792785.184,792785.184,0.0,792785.184,1,False
B1600564100000,3233795.5225,985657.5,2248138.0225,3233795.5225,2,True
B1600564300000,1061518.692477,1061518.692477,0.0,1061518.692477,2,False
B1600565200000,3016708.4666879997,0.0,3016708.4666879997,3016708.4666879997,2,True
B1600567900000,7402869.809999999,3257294.25,4145575.5599999996,7402869.809999999,3,True
B1600585300000,458332.45254405,0.0,458332.45254405,458332.45254405,2,True
B1600585400000,7486778.488236001,1971315.0,5515463.488236001,7486778.488236001,3,True
B1600591900000,33317.4669,0.0,33317.4669,33317.4669,1,True
B1600595900000,1583014.7063807999,0.0,1583014.7063807999,1583014.7063807999,1,True
B1600602000000,1693793.01,0.0,1693793.01,1693793.01,1,True
B1600603300000,1673962.7522049001,0.0,1673962.7522049001,1673962.7522049001,2,True
B1600604900000,6775172.04,0.0,6775172.04,6775172.04,4,True
B1600613000000,892206.6000000001,0.0,892206.6000000001,892206.6000000001,1,True
B1600616400000,3319168.21028352,0.0,3319168.21028352,3319168.21028352,1,True
B1600624200000,474163.2,0.0,474163.2,474163.2,1,True
B1600625200000,2102583.94092897,0.0,2102583.94092897,2102583.94092897,2,True
B1600630700000,932899.683604,932899.683604,0.0,932899.683604,1,False
B1600633600000,817627.6346638399,0.0,817627.6346638399,817627.6346638399,1,True
B1600648800000,426746.88,0.0,426746.88,426746.88,1,True
B1600648900000,174918.8,0.0,174918.8,174918.8,1,True
B1600649400000,1122693.3050000002,0.0,1122693.3050000002,1122693.3050000002,1,True
B1600649600000,1132349.0905036798,0.0,1132349.0905036798,1132349.0905036798,1,True
B1600650300000,1008045.6744959999,0.0,1008045.6744959999,1008045.6744959999,1,True
B1600651600000,766313.3,174918.8,591394.5,766313.3,2,True
B1600651700000,817856.05,0.0,817856.05,817856.05,1,True
B1600667500000,2253932.8745472,0.0,2253932.8745472,2253932.8745472,1,True
B1600680100000,14406547.14,5044152.81,9362394.33,14406547.14,4,True
B1600680500000,1079356.6,148701.1,930655.5,1079356.6,2,True
B1600685000000,4741632.0,0.0,4741632.0,4741632.0,1,True
B1600685100000,612215.7999999999,0.0,612215.7999999999,612215.7999999999,1,True
B1600685500000,349837.6,0.0,349837.6,349837.6,1,True
B1600690500000,1867871.8840319999,0.0,1867871.8840319999,1867871.8840319999,1,True
B1600690600000,2033215.4499999997,1198639.8499999999,834575.6,2033215.4499999997,2,True
B1600690700000,1734323.5107,1734323.5107,0.0,1734323.5107,1,False
B1600695300000,795000.0,0.0,795000.0,795000.0,1,True
B1600698800000,1209852.15,1209852.15,0.0,1209852.15,1,False
B1600702800000,1279037.07987,1279037.07987,0.0,1279037.07987,1,False
B1600708000000,2127647.91941,2127647.91941,0.0,2127647.91941,1,False
B1600710700000,11527148.92,0.0,11527148.92,11527148.92,4,True
B1600713100000,3585835.4,0.0,3585835.4,3585835.4,1,True
B1600713500000,262378.2,262378.2,0.0,262378.2,1,False
B1600714000000,1542448.1636480598,1542448.1636480598,0.0,1542448.1636480598,1,False
B1600716500000,6481084.902,0.0,6481084.902,6481084.902,4,True
B1600719300000,8254350.0309999995,5397801.899999999,2856548.131,8254350.0309999995,2,True
B1600725300000,1022529.7415131,148701.1,873828.6415131,1022529.7415131,2,True
B1600725900000,1103936.4,1103936.4,0.0,1103936.4,1,False
B1600726200000,272873.328,272873.328,0.0,272873.328,1,False
B1600726600000,283368.456,283368.456,0.0,283368.456,1,False
B1600728000000,3016723.0078760004,0.0,3016723.0078760004,3016723.0078760004,1,True
B1600729900000,682183.32,682183.32,0.0,682183.32,1,False
B1600730100000,949809.0839999999,166172.86,783636.2239999999,949809.0839999999,3,True
B1600730300000,1302917.7,1302917.7,0.0,1302917.7,1,False
B1600738500000,4778776.90192896,0.0,4778776.90192896,4778776.90192896,2,True
B1600739400000,13959832.499999998,7259112.899999999,6700719.6,13959832.499999998,3,True
B1600739700000,1172998.1922,1172998.1922,0.0,1172998.1922,1,False
B1600744600000,1501437.7728,0.0,1501437.7728,1501437.7728,1,True
B1600745100000,1261274.112,0.0,1261274.112,1261274.112,1,True
B1600746900000,1136972.2,1136972.2,0.0,1136972.2,1,False
B1600750800000,474163.2,0.0,474163.2,474163.2,1,True
B1600751200000,416363.08,0.0,416363.08,416363.08,1,True
B1600754000000,4741632.0,0.0,4741632.0,4741632.0,1,True
B1600756100000,560576.273152,560576.273152,0.0,560576.273152,1,False
B1600759000000,459188.9968,0.0,459188.9968,459188.9968,1,True
B1600765100000,1823942.357286,909618.0,914324.3572859999,1823942.357286,2,True
B1600765300000,1817625.5999999999,0.0,1817625.5999999999,1817625.5999999999,1,True
B1600765400000,886838.316,886838.316,0.0,886838.316,1,False
B1600766600000,930655.5,930655.5,0.0,930655.5,1,False
B1600773600000,312965.85,0.0,0.0,0.0,1,False
B1600774200000,1165011.47421699,0.0,1165011.47421699,1165011.47421699,1,True
B1600775400000,1875232.3183739998,1875232.3183739998,0.0,1875232.3183739998,1,False
B1600779300000,278438.8,278438.8,0.0,0.0,1,False
B1600780800000,371752.75,0.0,371752.75,371752.75,1,True
B1600784700000,11073234.634,0.0,11073234.634,11073234.634,4,True
B1600784800000,1293973.1699895,1293973.1699895,0.0,1293973.1699895,1,False
B1600785000000,1136973.00462648,1136973.00462648,0.0,1136973.00462648,1,False
B1600785400000,371331.54449999996,0.0,371331.54449999996,371331.54449999996,1,True
B1600785500000,657215.483904,0.0,657215.483904,657215.483904,3,True
B1600789900000,6005482.123328,783099.491328,5222382.632000001,6005482.123328,5,True
B1600791000000,4739627.870208,0.0,4739627.870208,4739627.870208,1,True
B1600791500000,186131.1,0.0,186131.1,186131.1,1,True
B1700009500000,1485326.1779999998,1485326.1779999998,0.0,1485326.1779999998,1,False
B1700011500000,11225995.87533152,5725136.399999999,5500859.475331521,11225995.87533152,3,True
B1700011700000,795880.54,795880.54,0.0,795880.54,1,False
B1700012000000,233225.06083603998,233225.06083603998,0.0,233225.06083603998,1,False
B1700012200000,1085334.4041859999,910415.604186,174918.8,1085334.4041859999,2,True
B1700012400000,146194.55,0.0,146194.55,146194.55,2,True
B1700013000000,930776.7466040399,930776.7466040399,0.0,930776.7466040399,1,False
B1700013200000,1074480.6804479999,0.0,1074480.6804479999,1074480.6804479999,1,True
B1700014400000,272873.328,272873.328,0.0,272873.328,1,False
B1700014500000,2365578.0,2365578.0,0.0,2365578.0,1,False
B1700025700000,210528.4608,210528.4608,0.0,210528.4608,2,False
B1700025900000,1779743.0932534,0.0,1779743.0932534,1779743.0932534,1,True
B1700028400000,635835.969676,635835.969676,0.0,635835.969676,1,False
B1700030100000,2490100.3071,0.0,2490100.3071,2490100.3071,1,True
B1700033800000,1591761.08,1591761.08,0.0,1591761.08,1,False
B1700036100000,1126476.9573281999,1126476.9573281999,0.0,1126476.9573281999,1,False
B1700036400000,2105794.19985,2105794.19985,0.0,2105794.19985,1,False
B1700046100000,648034.3999999999,174918.8,473115.6,648034.3999999999,2,True
B1700048200000,1136972.2,1136972.2,0.0,1136972.2,1,False
B1700051600000,7161837.65,1666543.5,5216097.5,6882641.0,4,True
B1700052000000,9097618.725,0.0,9097618.725,9097618.725,4,True
B1700052200000,98565.75,0.0,98565.75,98565.75,1,True
B1700052500000,682183.32,682183.32,0.0,682183.32,1,False
B1700053400000,2069289.4039999999,2069289.4039999999,0.0,2069289.4039999999,1,False
B1700053600000,283368.456,283368.456,0.0,283368.456,1,False
B1700053800000,775796.3506943999,0.0,775796.3506943999,775796.3506943999,1,True
B1700054100000,157705.19999999998,0.0,157705.19999999998,157705.19999999998,1,True
B1700055500000,886838.316,886838.316,0.0,886838.316,1,False
B1700065900000,1340143.92,1340143.92,0.0,1340143.92,1,False
B1700066700000,482355.6179097599,0.0,482355.6179097599,482355.6179097599,1,True
B1700066800000,682183.32,682183.32,0.0,682183.32,1,False
B1700070600000,291531.33916396,291531.33916396,0.0,291531.33916396,1,False
B1700071900000,2064916.434,2064916.434,0.0,2064916.434,1,False
B1700072200000,4464539.51344128,0.0,4464539.51344128,4464539.51344128,1,True
B1700077100000,8811673.358847499,1749188.0,7062485.3588475,8811673.358847499,4,True
B1700079500000,12344766.6903572,6760833.6903572,5583933.0,12344766.6903572,3,True
B1700083900000,465327.75,465327.75,0.0,465327.75,1,False
B1700084600000,949827.59,0.0,949827.59,949827.59,1,True
B1700085000000,8775959.783396,8775959.783396,0.0,8775959.783396,1,False
B1700085300000,1243230.323324,342481.224,900749.099324,1243230.323324,2,True
B1700087800000,2844979.1999999997,0.0,2844979.1999999997,2844979.1999999997,1,True
B1700088100000,3330793.1500000004,2010012.1,1222215.3,3232227.4000000004,4,True
B1700088200000,1136972.2,1136972.2,0.0,1136972.2,1,False
B1700088700000,656583.039183,656583.039183,0.0,656583.039183,1,False
B1700092500000,448509.30000000005,0.0,186131.1,186131.1,2,True
B1700097600000,1181593.98588,1181593.98588,0.0,1181593.98588,1,False
B1700103500000,6382875.811574999,0.0,6382875.811574999,6382875.811574999,3,True
B1700104200000,2072841.617015,1886710.5170149999,186131.1,2072841.617015,3,True
B1700104400000,1307835.938,1307835.938,0.0,1029397.138,1,False
B1700107400000,1574269.2000000002,174918.8,1399350.4,1574269.2000000002,3,True
B1700107600000,272873.328,272873.328,0.0,272873.328,1,False
B1700107800000,795880.54,795880.54,0.0,795880.54,1,False
B1700109300000,1136884.7406,1136884.7406,0.0,1136884.7406,1,False
B1700109600000,4461033.0,0.0,4461033.0,4461033.0,1,True
B1700110500000,930655.5,930655.5,0.0,930655.5,1,False
B1700110600000,1490384.265678,1490384.265678,0.0,1490384.265678,1,False
B1700112000000,2303988.7835,1318331.2835,985657.5,2303988.7835,2,True
B1700116700000,3547287.1446936,3547287.1446936,0.0,3547287.1446936,1,False
B1700116800000,689960.25,689960.25,0.0,689960.25,1,False
B1700117400000,650342.0634,650342.0634,0.0,650342.0634,1,False
B1700118500000,682183.32,682183.32,0.0,682183.32,1,False
B1700118900000,283368.456,283368.456,0.0,283368.456,1,False
B1700119200000,10341504.621,5583933.0,4757571.621,10341504.621,4,True
B1700119300000,682183.32,682183.32,0.0,682183.32,1,False
B1700122600000,1136972.2,1136972.2,0.0,1136972.2,1,False
B1700122800000,1302917.7,1302917.7,0.0,1302917.7,1,False
B1700123200000,733316.4650182499,0.0,733316.4650182499,733316.4650182499,2,True
B1700128800000,2177419.8,1861311.0,316108.8,2177419.8,2,True
B1700129600000,1136972.2,1136972.2,0.0,1136972.2,1,False
B1700139700000,1302917.7,1302917.7,0.0,1302917.7,1,False
B1700140400000,1813460.4168119999,1813460.4168119999,0.0,1813460.4168119999,1,False
B1700141400000,886745.31167404,886745.31167404,0.0,886745.31167404,1,False
B1700145300000,886838.1410812,886838.1410812,0.0,886838.1410812,1,False
B1700145800000,1379920.5,0.0,1379920.5,1379920.5,1,True
B1700146700000,1489048.8,1489048.8,0.0,1489048.8,1,False
B1700148100000,2899639.6187279997,0.0,2899639.6187279997,2899639.6187279997,1,True
B1700148400000,3964249.0992384,0.0,3964249.0992384,3964249.0992384,1,True
B1700151900000,15965924.623530079,6083012.423530079,9882912.2,15965924.623530079,4,True
B1700158700000,682183.32,682183.32,0.0,682183.32,1,False
B1700159700000,133688.20720378,133688.20720378,0.0,133688.20720378,1,False
B1700160200000,306107.89999999997,306107.89999999997,0.0,306107.89999999997,1,False
B1700161700000,3178339.0958132003,0.0,3178339.0958132003,3178339.0958132003,1,True
B1700162000000,6802018.5008000005,5122798.0208,1679220.48,6802018.5008000005,2,True
B1700164400000,9028698.71727732,0.0,9028698.71727732,9028698.71727732,2,True
B1700167100000,2807292.3262334997,0.0,2807292.3262334997,2807292.3262334997,1,True
B1700168200000,7885260.0,3942630.0,3942630.0,7885260.0,3,True
B1700172000000,474163.2,0.0,474163.2,474163.2,1,True
B1700172700000,768812.85,0.0,768812.85,768812.85,1,True
B1700174700000,795880.54,795880.54,0.0,795880.54,1,False
B1700175000000,6596512.9868784,0.0,6596512.9868784,6596512.9868784,3,True
B1700177700000,8249938.63519474,4269803.0,3980135.63519474,8249938.63519474,4,True
B1700178100000,474163.2,0.0,474163.2,474163.2,1,True
B1700178200000,1591761.08,1591761.08,0.0,1591761.08,1,False
B1700180400000,2944281.7800000003,0.0,2944281.7800000003,2944281.7800000003,1,True
B1700182400000,795880.54,795880.54,0.0,795880.54,1,False
B1700182800000,1076350.464,0.0,1076350.464,1076350.464,1,True
B1700182900000,607731.5120486399,0.0,607731.5120486399,607731.5120486399,1,True
B1700183900000,743505.5,0.0,743505.5,743505.5,1,True
B1700184000000,99629.73700000001,99629.73700000001,0.0,99629.73700000001,1,False
B1700189700000,2375025.27907734,558393.2999999999,1816631.97907734,2375025.27907734,3,True
B1700194400000,11260931.55,0.0,11260931.55,11260931.55,2,True
B1700201400000,1064669.892,1064669.892,0.0,1064669.892,1,False
B1700204000000,682183.32,682183.32,0.0,682183.32,1,False
B1700204300000,204744.21,0.0,204744.21,204744.21,1,True
B1700204700000,3161088.0,0.0,3161088.0,3161088.0,1,True
B1700207800000,1067246.28522,1067246.28522,0.0,1067246.28522,1,False
B1700213000000,1047950.51253119,1047950.51253119,0.0,1047950.51253119,1,False
B1700214000000,58307.432792,58307.432792,0.0,58307.432792,1,False
B1700217600000,1577052.0,1577052.0,0.0,1577052.0,1,False
B1700217800000,1580544.0,0.0,1580544.0,1580544.0,1,True
B1700218600000,682183.32,682183.32,0.0,682183.32,1,False
B1700219000000,6988443.357,0.0,6988443.357,6988443.357,3,True
B1700219500000,8364497.23533312,0.0,8364497.23533312,8364497.23533312,1,True
B1700220500000,1105023.11448,1105023.11448,0.0,1105023.11448,1,False
B1700220800000,1116786.5999999999,1116786.5999999999,0.0,1116786.5999999999,1,False
B1700220900000,1136972.2,1136972.2,0.0,1136972.2,1,False
B1700221100000,1599257.02431,1599257.02431,0.0,1599257.02431,1,False
B1700222300000,4398658.6421759995,4398658.6421759995,0.0,4398658.6421759995,1,False
B1700222800000,1182446.33020864,1182446.33020864,0.0,1182446.33020864,1,False
B1700225000000,465327.75,465327.75,0.0,465327.75,1,False
B1700228000000,2945668.150656,0.0,2945668.150656,2945668.150656,1,True
B1700229000000,3547353.264,3547353.264,0.0,3547353.264,1,False
B1700233300000,840161.2150000001,0.0,840161.2150000001,840161.2150000001,1,True
B1700243100000,1606976.6227199999,0.0,1606976.6227199999,1606976.6227199999,1,True
B1700243800000,395136.0,0.0,0.0,0.0,1,False
B1700244500000,12810835.913145,0.0,12810835.913145,12810835.913145,3,True
B1700247000000,627289.8,278438.8,348851.0,348851.0,2,True
B1700248200000,1861311.0,0.0,1861311.0,1861311.0,1,True
B1700248900000,2744277.2,1403783.0,1340494.2,2744277.2,2,True
B1700249500000,1189718.972816,1189718.972816,0.0,1189718.972816,2,False
B1700255200000,2857386.4704,0.0,2857386.4704,2857386.4704,2,True
B1700255500000,474163.2,0.0,474163.2,474163.2,1,True
B1700256000000,2364902.176,2364902.176,0.0,2364902.176,1,False
B1700258100000,776616.0599999999,0.0,776616.0599999999,776616.0599999999,1,True
B1700260300000,2422945.2994850003,2422945.2994850003,0.0,2422945.2994850003,1,False
B1700261300000,1136972.2,1136972.2,0.0,1136972.2,1,False
B1700261700000,3167957.0972835105,0.0,3167957.0972835105,3167957.0972835105,1,True
B1700262700000,2364727.2572,2364727.2572,0.0,2364727.2572,1,False
B1700263000000,1182789.0,1182789.0,0.0,1182789.0,1,False
B1700266600000,283368.456,283368.456,0.0,283368.456,1,False
B1700271600000,988379.6014891801,0.0,988379.6014891801,988379.6014891801,1,True
B1700275000000,9659443.5,0.0,9659443.5,9659443.5,3,True
B1700275200000,415292.21496,415292.21496,0.0,415292.21496,1,False
B1700278800000,2382478.08,2382478.08,0.0,2382478.08,1,False
B1700280300000,2376032.98750218,0.0,2376032.98750218,2376032.98750218,1,True
B1700291100000,306107.025406,306107.025406,0.0,306107.025406,1,False
B1700297600000,682183.32,682183.32,0.0,682183.32,1,False
B1700301000000,682183.32,682183.32,0.0,682183.32,1,False
B1700305400000,3606813.1580000003,3606813.1580000003,0.0,3606813.1580000003,1,False
B1700306100000,4467146.4,0.0,4467146.4,4467146.4,2,True
B1700307900000,4005795.7870326,3020138.2870326,985657.5,4005795.7870326,2,True
B1700325000000,744524.4,744524.4,0.0,744524.4,1,False
B1700328500000,4461033.0,0.0,4461033.0,4461033.0,1,True
B1700329000000,446103.30000000005,0.0,446103.30000000005,446103.30000000005,1,True
B1700330100000,10315269.090280801,0.0,10315269.090280801,10315269.090280801,4,True
B1700332400000,4759953.02747396,4759953.02747396,0.0,4759953.02747396,1,False
B1700334600000,1112632.1538479999,1112632.1538479999,0.0,1112632.1538479999,1,False
B1700336900000,4333203.0,0.0,4333203.0,4333203.0,1,True
B1700339700000,3198317.5,743505.5,2454812.0,3198317.5,2,True
B1700339800000,283368.456,283368.456,0.0,283368.456,1,False
B1700342300000,1166125.28668832,1166125.28668832,0.0,1166125.28668832,1,False
B1700347400000,2154307.1862500003,0.0,2154307.1862500003,2154307.1862500003,1,True
B1700347600000,13098476.3955,0.0,13098476.3955,13098476.3955,4,True
B1700349800000,13220333.43603765,5811491.47107352,7408841.96496413,13220333.43603765,4,True
B1700349900000,3353859.8366280003,0.0,3353859.8366280003,3353859.8366280003,2,True
B1700350100000,341091.66,341091.66,0.0,341091.66,1,False
B1700353800000,6436379.180000001,6436379.180000001,0.0,6436379.180000001,1,False
B1700354000000,1931562.5124095997,0.0,1931562.5124095997,1931562.5124095997,1,True
B1700354200000,1351068.45438,0.0,1351068.45438,1351068.45438,1,True
B1700354400000,682183.32,682183.32,0.0,682183.32,1,False
B1700357200000,2448578.7648,0.0,2448578.7648,2448578.7648,1,True
B1700359600000,2161631.6970393597,0.0,2161631.6970393597,2161631.6970393597,1,True
B1700361400000,682183.32,682183.32,0.0,682183.32,1,False
B1700362200000,1197022.28978255,0.0,1197022.28978255,1197022.28978255,1,True
B1700362500000,575205.59745,101042.39745,474163.2,575205.59745,2,True
B1700363000000,807324.45984,807324.45984,0.0,807324.45984,1,False
B1700371900000,182790.146,0.0,182790.146,182790.146,1,True
B1700375000000,1714291.5605829,0.0,1714291.5605829,1714291.5605829,1,True
B1700375800000,4059565.823775,4059565.823775,0.0,4059565.823775,1,False
B1700376400000,1254341.1286594798,847909.058184,406432.07047548,1254341.1286594798,3,True
B1700378900000,5882255.53345512,4820687.533962,1061567.99949312,5882255.53345512,2,True
B1700379700000,1198292.4780345,1198292.4780345,0.0,1198292.4780345,1,False
B1700382400000,10111754.5749993,0.0,10111754.5749993,10111754.5749993,3,True
B1700386400000,2475543.63,0.0,2475543.63,2475543.63,2,True
B1700386500000,12117336.038333118,6514588.5,5602747.53833312,12117336.038333118,4,True
B1700395900000,8903305.88196685,7030556.65168,1872749.23028685,8903305.88196685,3,True
B1700396100000,395136.0,395136.0,0.0,395136.0,1,False
B1700401900000,583062.67832792,583062.67832792,0.0,583062.67832792,1,False
B1700402100000,1388126.656269,1388126.656269,0.0,1388126.656269,1,False
B1700405200000,3778280.8,3383144.8,158054.4,3541199.1999999997,4,True
B1700405300000,1136972.2,1136972.2,0.0,1136972.2,1,False
B1700409900000,1709242.566528,0.0,1709242.566528,1709242.566528,3,True
B1700411300000,540817.0,540817.0,0.0,262378.2,1,False
B1700411500000,1182451.088,1182451.088,0.0,1182451.088,1,False
B1700416900000,4461033.0,0.0,4461033.0,4461033.0,1,True
B1700422600000,5657847.77565228,882234.8030216,4775612.97263068,5657847.77565228,3,True
B1700424300000,1114232.756,1114232.756,0.0,1114232.756,1,False
B1700424500000,1346915.0,1346915.0,0.0,1346915.0,1,False
B1700428000000,5619285.844479,0.0,5619285.844479,5619285.844479,2,True
B1700430100000,9962057.79044466,0.0,9962057.79044466,9962057.79044466,1,True
B1700431000000,312965.85,0.0,0.0,0.0,2,False
B1700431800000,2364902.176,2364902.176,0.0,2364902.176,1,False
B1700433100000,6037678.08,0.0,6037678.08,6037678.08,3,True
B1700436300000,75000.0,0.0,75000.0,75000.0,1,True
B1700443500000,143923.09573524,0.0,143923.09573524,143923.09573524,1,True
B1700447300000,1136972.2,1136972.2,0.0,1136972.2,1,False
B1700448900000,886838.316,886838.316,0.0,886838.316,1,False
B1700449500000,925094.36805975,925094.36805975,0.0,925094.36805975,1,False
B1700449900000,3578274.7191929,0.0,3578274.7191929,3578274.7191929,1,True
B1700450500000,8722451.91714561,4128968.7,4593483.21714561,8722451.91714561,3,True
B1700450600000,787134.6,787134.6,0.0,787134.6,1,False
B1700452000000,2844979.1999999997,0.0,2844979.1999999997,2844979.1999999997,1,True
B1700452100000,633279.0,0.0,633279.0,633279.0,1,True
B1700452300000,1478055.11406,1478055.11406,0.0,1478055.11406,1,False
B1700454300000,4251893.56053318,4183976.1996748797,67917.3608583,4251893.56053318,2,True
B1700455700000,1861311.0,1861311.0,0.0,1861311.0,1,False
B1700457200000,994989.08285209,0.0,994989.08285209,994989.08285209,1,True
B1700462900000,692538.2,297402.2,0.0,297402.2,2,False
B1700463100000,1222550.784,1222550.784,0.0,1222550.784,1,False
B1700463300000,876304.38,0.0,876304.38,876304.38,1,True
B1700463400000,1858763.75,0.0,1858763.75,1858763.75,1,True
B1700464600000,1858763.75,0.0,1858763.75,1858763.75,1,True
B1700464900000,795880.54,795880.54,0.0,795880.54,1,False
B1700466400000,1861311.0,1861311.0,0.0,1861311.0,1,False
B1700466600000,330657.74374422,0.0,330657.74374422,330657.74374422,1,True
B1700466800000,3874187.3802742003,0.0,3874187.3802742003,3874187.3802742003,1,True
B1700466900000,11100871.6,6122158.0,4978713.6,11100871.6,3,True
B1700467200000,745988.052539,0.0,745988.052539,745988.052539,2,True
B1700467500000,847475.1493636799,847475.1493636799,0.0,847475.1493636799,1,False
B1700468400000,9598888.00753589,5448720.62,4150167.3875358906,9598888.00753589,3,True
B1700469000000,795880.54,795880.54,0.0,795880.54,1,False
B1700469600000,2814867.2126700003,0.0,2814867.2126700003,2814867.2126700003,2,True
B1700469700000,446103.30000000005,0.0,446103.30000000005,446103.30000000005,1,True
B1700472700000,1269414.102,1269414.102,0.0,1269414.102,1,False
B1700472900000,295988.052539,0.0,295988.052539,295988.052539,1,True
B1700473200000,295988.052539,0.0,295988.052539,295988.052539,1,True
B1700473300000,5021442.0923,5021442.0923,0.0,5021442.0923,1,False
B1700473700000,1561361.55,0.0,1561361.55,1561361.55,1,True
B1700474600000,8837080.45141877,0.0,8837080.45141877,8837080.45141877,1,True
B1700477000000,183749.36096604,174918.8,8830.560966039999,183749.36096604,2,True
B1700477300000,10818453.685481,2472697.6854809998,8345756.0,10818453.685481,3,True
B1700478200000,4461033.0,0.0,4461033.0,4461033.0,1,True
B1700479800000,724533.623437,724533.623437,0.0,446094.823437,2,False
B1700480000000,295988.052539,0.0,295988.052539,295988.052539,1,True
B1700480900000,4144422.2666510004,3241797.5166510004,465327.75,3707125.2666510004,3,True
B1700481900000,1302917.7,0.0,1302917.7,1302917.7,1,True
B1700483200000,794420.55,0.0,794420.55,794420.55,1,True
B1700487800000,2705469.46442136,0.0,2705469.46442136,2705469.46442136,1,True
B1700488300000,395136.0,0.0,395136.0,395136.0,1,True
B1700488400000,471476.54987999995,0.0,471476.54987999995,471476.54987999995,1,True
B1700491400000,921946.8200000001,0.0,921946.8200000001,921946.8200000001,1,True
B1700491900000,837589.95,837589.95,0.0,837589.95,1,False
B1700493600000,1445730.509097,1445730.509097,0.0,1445730.509097,1,False
B1700497900000,1555458.12362,1555458.12362,0.0,1555458.12362,1,False
B1700498000000,186131.1,0.0,186131.1,186131.1,1,True
B1700499100000,87459.4,0.0,87459.4,87459.4,1,True
B1700499500000,297402.2,0.0,297402.2,297402.2,1,True
B1700501700000,3581360.53288,3581360.53288,0.0,3302921.73288,1,False
B1700503500000,4461033.0,0.0,4461033.0,4461033.0,2,True
B1700509000000,1966510.7288000002,1018184.3288,948326.4,1688071.9287999999,2,True
B1700509400000,571154.448216,571154.448216,0.0,571154.448216,1,False
B1700510000000,295988.052539,0.0,295988.052539,295988.052539,1,True
B1700510100000,94456.152,94456.152,0.0,94456.152,1,False
B1700510200000,2994331.5962380003,0.0,2994331.5962380003,2994331.5962380003,1,True
B1700513700000,7145875.25,4642305.2,2503570.05,7145875.25,2,True
B1700518900000,335035.98,335035.98,0.0,335035.98,1,False
B1700524600000,6026304.42752436,0.0,6026304.42752436,6026304.42752436,2,True
B1700524700000,361100.25,0.0,361100.25,361100.25,1,True
B1700527500000,221276.15999999997,0.0,221276.15999999997,221276.15999999997,2,True
B1700529800000,267661.98000000004,0.0,267661.98000000004,267661.98000000004,1,True
B1700530500000,904178.351025,904178.351025,0.0,904178.351025,1,False
B1700532600000,1117577.0285372,1117577.0285372,0.0,1117577.0285372,1,False
B1700533700000,629707.68,0.0,629707.68,629707.68,2,True
B1700537400000,1508252.7645638399,0.0,1508252.7645638399,1508252.7645638399,2,True
B1700537500000,2504881.871954,2504881.871954,0.0,2504881.871954,1,False
B1700539000000,788296.32,0.0,788296.32,788296.32,1,True
B1700539500000,1922608.7584,0.0,1922608.7584,1922608.7584,2,True
B1700539700000,393567.40495128,393567.40495128,0.0,393567.40495128,1,False
B1700539800000,744524.4,744524.4,0.0,744524.4,1,False
B1700542200000,262378.2,262378.2,0.0,262378.2,1,False
B1700544600000,1095197.1269157,0.0,1095197.1269157,1095197.1269157,1,True
B1700548300000,446103.30000000005,297402.2,148701.1,446103.30000000005,2,True
B1700548500000,3440537.8995455997,0.0,3440537.8995455997,3440537.8995455997,1,True
B1700552000000,9030660.12068765,4346575.48555776,4684084.63512989,9030660.12068765,4,True
B1700555000000,4461033.0,0.0,4461033.0,4461033.0,1,True
B1700556000000,4461033.0,0.0,4461033.0,4461033.0,2,True
B1700558300000,418794.975,418794.975,0.0,418794.975,1,False
B1700560500000,892206.6000000001,0.0,892206.6000000001,892206.6000000001,2,True
B1700561400000,1136972.2,1136972.2,0.0,1136972.2,1,False
B1700561500000,1209014.56005,1209014.56005,0.0,1209014.56005,1,False
B1700568400000,4333203.0,0.0,4333203.0,4333203.0,1,True
B1700571000000,652025.59444748,0.0,652025.59444748,652025.59444748,2,True
B1700571300000,9298997.78568932,4745585.2,4454846.83568932,8921993.23568932,7,True
B1700571600000,5654266.1923968,4255643.28096,1398622.9114368,5654266.1923968,2,True
B1700574300000,328753.152,328753.152,0.0,328753.152,1,False
B1700578900000,2434593.3464439996,2399609.586444,34983.76,2434593.3464439996,2,True
B1700581800000,552530.17035,552530.17035,0.0,552530.17035,1,False
B1700582100000,2671119.36,2671119.36,0.0,2671119.36,1,False
B1700584000000,4333203.0,0.0,4333203.0,4333203.0,1,True
B1700584300000,148701.1,148701.1,0.0,148701.1,1,False
B1700586400000,651458.85,651458.85,0.0,651458.85,1,False
B1700589200000,1167041.997,1167041.997,0.0,1167041.997,1,False
B1700590400000,3338302.4,0.0,3338302.4,3338302.4,2,True
B1700595300000,520872.666615,0.0,520872.666615,520872.666615,1,True
B1700596400000,4007321.4867198,4007321.4867198,0.0,3798492.3867198,1,False
B1700596600000,227961.22499804004,0.0,227961.22499804004,227961.22499804004,1,True
B1700597100000,1573109.3699999999,1573109.3699999999,0.0,1573109.3699999999,1,False
B1700598000000,1087212.71612064,582610.9098,504601.80632063997,1087212.71612064,3,True
B1700598700000,607058.629884,0.0,607058.629884,607058.629884,1,True
B1700600000000,1114232.756,1114232.756,0.0,1114232.756,1,False
B1700600100000,13456196.17028685,3942630.0,9513566.17028685,13456196.17028685,5,True
B1700600300000,873477.9545,297402.2,110748.0045,408150.2045,3,True
B1700601300000,1302910.254756,1302910.254756,0.0,1302910.254756,1,False
B1700602000000,1907464.8499999999,1907464.8499999999,0.0,1768245.45,1,False
B1700602300000,1114225.7592479999,1114225.7592479999,0.0,1114225.7592479999,1,False
B1700602500000,524756.4,0.0,524756.4,524756.4,1,True
B1700603000000,4456350.402361,0.0,4456350.402361,4456350.402361,2,True
B1700603800000,1028020.6784099999,1028020.6784099999,0.0,1028020.6784099999,1,False
B1700605000000,1163250.26,1163250.26,0.0,1163250.26,1,False
B1700605800000,483172.07999999996,483172.07999999996,0.0,316108.8,1,False
B1700609800000,960345.8154,0.0,960345.8154,960345.8154,1,True
B1700610800000,522006.5214,0.0,522006.5214,522006.5214,1,True
B1700611000000,10079673.07195833,4658206.10611391,5421466.965844421,10079673.07195833,4,True
B1700611100000,522114.85147500003,0.0,522114.85147500003,522114.85147500003,1,True
B1700612200000,558393.2999999999,558393.2999999999,0.0,558393.2999999999,1,False
B1700614000000,9335775.853937019,0.0,9335775.853937019,9335775.853937019,3,True
B1700615100000,272873.328,272873.328,0.0,272873.328,1,False
B1700615400000,1023295.1,1023295.1,0.0,1023295.1,1,False
B1700615900000,2934195.8602305204,0.0,2934195.8602305204,2934195.8602305204,1,True
B1700616700000,1154300.96504064,1057224.648,97076.31704063999,1154300.96504064,2,True
B1700620000000,52475.64,52475.64,0.0,52475.64,1,False
B1700621600000,1861311.0,1861311.0,0.0,1861311.0,1,False
B1700621700000,2040103.9682042801,0.0,2040103.9682042801,2040103.9682042801,1,True
B1700621800000,1478063.8599999999,1478063.8599999999,0.0,1478063.8599999999,1,False
B1700623000000,148701.1,148701.1,0.0,148701.1,1,False
B1700625000000,4741631.999999999,0.0,4741631.999999999,4741631.999999999,2,True
B1700625600000,1209852.15,1209852.15,0.0,1209852.15,1,False
B1700625800000,1358757.03,1358757.03,0.0,1358757.03,1,False
B1700627500000,1429486.848,1429486.848,0.0,1429486.848,1,False
B1700628500000,893421.834756,893421.834756,0.0,893421.834756,1,False
B1800000300000,4461033.0,0.0,4461033.0,4461033.0,1,True
B1800000800000,20037204.244999997,6327438.5,13430569.095,19758007.595,6,True
B1800001000000,148701.1,148701.1,0.0,148701.1,1,False
B1800002100000,1100345.952468,1100345.952468,0.0,1100345.952468,1,False
B1800002400000,389944.6545,0.0,389944.6545,389944.6545,1,True
B1800005800000,663975.8,139219.4,524756.4,524756.4,2,True
B1800006500000,328753.152,328753.152,0.0,328753.152,1,False
B1800007000000,1272059.0249309998,1272059.0249309998,0.0,1272059.0249309998,1,False
B1800007200000,2981243.664,0.0,2981243.664,2981243.664,1,True
B1800009200000,755692.266,755692.266,0.0,755692.266,1,False
B1800010300000,5672287.5,930655.5,4741632.0,5672287.5,2,True
B1800019400000,558393.2999999999,558393.2999999999,0.0,558393.2999999999,1,False
B1800028600000,325465.62048,325465.62048,0.0,325465.62048,1,False
B1800028900000,616412.16,616412.16,0.0,616412.16,1,False
B1800029300000,1225927.3688661999,1136972.2,88955.1688662,1225927.3688661999,2,True
B1800029400000,9946170.485129891,4741632.0,5204538.485129891,9946170.485129891,4,True
B1800029600000,9044547.99693,4969667.063929999,4074880.9329999997,9044547.99693,4,True
B1800031900000,1254201.967872,0.0,1254201.967872,1254201.967872,1,True
B1800033200000,288880.2,0.0,288880.2,288880.2,1,True
B1800033500000,576898.5599999999,0.0,576898.5599999999,576898.5599999999,1,True
B1800034000000,3547353.264,3547353.264,0.0,3547353.264,1,False
B1800036200000,1504886.519808,0.0,1504886.519808,1504886.519808,1,True
B1800036900000,1209906.432,1209906.432,0.0,1209906.432,1,False
B1800042800000,1545081.706344,1545081.706344,0.0,1545081.706344,1,False
B1800043400000,1580544.0,0.0,1580544.0,1580544.0,1,True
B1800044200000,2082743.0699999998,0.0,2082743.0699999998,2082743.0699999998,1,True
B1800046400000,553190.4,0.0,553190.4,553190.4,2,True
B1800046600000,7069195.8128119,0.0,7069195.8128119,7069195.8128119,2,True
B1800046800000,9051470.8847514,0.0,9051470.8847514,9051470.8847514,1,True
B1800047000000,5136768.0,0.0,5136768.0,5136768.0,3,True
B1800054500000,122305.16773900001,0.0,122305.16773900001,122305.16773900001,1,True
B1800056700000,4163630.8000000003,0.0,4163630.8000000003,4163630.8000000003,1,True
B1800067300000,2289435.33986937,0.0,2289435.33986937,2289435.33986937,1,True
B1800072000000,4333203.0,0.0,4333203.0,4333203.0,1,True
B1800072200000,433320.3,0.0,433320.3,433320.3,1,True
B1800073300000,743505.5,0.0,743505.5,743505.5,1,True
B1800073500000,371111.7312,0.0,371111.7312,371111.7312,1,True
B1800077200000,307336.93231376,294121.62421375996,13215.3081,307336.93231376,2,True
B1800077300000,300303.36,0.0,300303.36,300303.36,1,True
B1800088600000,360332.728,0.0,360332.728,360332.728,1,True
B1800088900000,5876233.41312,5876233.41312,0.0,5876233.41312,1,False
B1800089700000,7365147.27644248,7365147.27644248,0.0,7086708.47644248,1,False
B1800089800000,1262356.76,1262356.76,0.0,1262356.76,1,False
B1800090200000,217726.98035456002,139219.4,78507.58035455999,78507.58035455999,3,True
B1800092400000,4822764.75,3935673.0,887091.75,4822764.75,2,True
B1800093300000,495603.26083604,495603.26083604,0.0,495603.26083604,1,False
B1800096200000,1618342.990425,0.0,1618342.990425,1618342.990425,1,True
B1800097300000,3157926.534909,2270834.784909,887091.75,3157926.534909,2,True
B1800098700000,13117487.942136,6457416.15,6660071.7921360005,13117487.942136,4,True
B1800102900000,1047738.22554806,0.0,1047738.22554806,1047738.22554806,1,True
B1800106900000,4609230.604318,4251006.754318,279196.64999999997,4251764.604318,4,True
B1800112900000,1311891.0,0.0,1311891.0,1311891.0,1,True
B1800114200000,2433807.5603368897,2433807.5603368897,0.0,1152989.08033689,1,False
B1800115400000,2455481.7,0.0,2455481.7,2455481.7,1,True
B1800115600000,7569565.112413529,0.0,7569565.112413529,7569565.112413529,4,True
B1800115900000,0.0,0.0,0.0,0.0,1,False
B1800116000000,4741632.0,0.0,4741632.0,4741632.0,1,True
B1800118200000,2306511.958464,0.0,2306511.958464,2306511.958464,1,True
B1800121800000,930655.5,930655.5,0.0,930655.5,1,False
B1800122600000,2478730.3092343,0.0,2478730.3092343,2478730.3092343,1,True
B1800122700000,1989807.5398005,0.0,1989807.5398005,1989807.5398005,1,True
B1800124000000,1962854.52,0.0,1962854.52,1962854.52,1,True
B1800124400000,3935673.0,0.0,3935673.0,3935673.0,2,True
B1800125800000,744524.4,744524.4,0.0,744524.4,1,False
B1800126200000,744524.4,744524.4,0.0,744524.4,1,False
B1800126800000,4461033.0,0.0,4461033.0,4461033.0,1,True
B1800127700000,288880.2,0.0,288880.2,288880.2,1,True
B1800130000000,2515783.935,2222058.0,293725.935,2515783.935,2,True
B1800130200000,3031844.1253328,0.0,3031844.1253328,3031844.1253328,1,True
B1800131200000,1253386.113407,262327.588407,991058.5249999999,1253386.113407,3,True
B1800132200000,682183.32,682183.32,0.0,682183.32,1,False
B1800132900000,148701.1,148701.1,0.0,148701.1,1,False
B1800134200000,801335.808,801335.808,0.0,801335.808,1,False
B1800134500000,198043.49039999998,198043.49039999998,0.0,198043.49039999998,1,False
B1800134700000,126443.51999999999,0.0,126443.51999999999,126443.51999999999,1,True
B1800136400000,1316017.6068179999,1316017.6068179999,0.0,1316017.6068179999,1,False
B1800136500000,5230072.12,0.0,5230072.12,5230072.12,2,True
B1800141000000,627195.0963999999,627195.0963999999,0.0,376600.1764,1,False
B1800141100000,1116786.5999999999,1116786.5999999999,0.0,1116786.5999999999,1,False
B1800143100000,474634.305,474634.305,0.0,474634.305,1,False
B1800145000000,11379572.72383869,0.0,11379572.72383869,11379572.72383869,1,True
B1800145300000,4549223.05263154,3403033.86254473,1146189.19008681,2814659.82706932,2,True
B1800150400000,1374532.0504,1374532.0504,0.0,1374532.0504,1,False
B1800150600000,1442794.545059,1442794.545059,0.0,1442794.545059,1,False
B1800151400000,1788217.31703,1788217.31703,0.0,1788217.31703,1,False
B1800152000000,262351.96218,262351.96218,0.0,262351.96218,1,False
B1800159100000,290373.81400496,290373.81400496,0.0,290373.81400496,1,False
B1800164100000,1444401.0,0.0,1444401.0,1444401.0,1,True
B1800166100000,1228465.26,1228465.26,0.0,1228465.26,1,False
B1800166700000,6724589.4553841995,4058119.8553842,2666469.6,6724589.4553841995,3,True
B1800168300000,149730.4928,149730.4928,0.0,149730.4928,1,False
B1800170400000,662280.63745536,0.0,662280.63745536,662280.63745536,1,True
B1800171500000,795880.54,795880.54,0.0,795880.54,1,False
B1800172700000,892206.6000000001,892206.6000000001,0.0,892206.6000000001,1,False
B1800182200000,4176582.0,0.0,4176582.0,4176582.0,1,True
B1800183500000,4333203.0,0.0,4333203.0,4333203.0,1,True
B1800187200000,709510.982356,709510.982356,0.0,431072.182356,1,False
B1800187500000,4332986.54206614,0.0,4332986.54206614,4332986.54206614,1,True
B1800188300000,1209852.15,1209852.15,0.0,1209852.15,1,False
B1800193300000,328595.0976,328595.0976,0.0,328595.0976,1,False
B1800193500000,2556109.495296,0.0,2556109.495296,2556109.495296,1,True
B1800202100000,9430593.990824278,7738667.47460028,1691926.516224,9430593.990824278,3,True
B1800202200000,1861311.0,0.0,1861311.0,1861311.0,1,True
B1800203300000,2533006.8417024002,0.0,2533006.8417024002,2533006.8417024002,1,True
B1800204300000,4236924.7897724,4236924.7897724,0.0,3986954.9648784,1,False
B1800206400000,4007017.3069619997,2755153.906962,1251863.4,4007017.3069619997,2,True
B1800209700000,1302917.7,1302917.7,0.0,1302917.7,1,False
B1800210700000,1933114.3,0.0,1933114.3,1933114.3,1,True
B1800212300000,5876462.592,5876462.592,0.0,5876462.592,1,False
B1800212800000,9640297.47378,1264435.2,8375862.273779999,9640297.47378,4,True
B1800213800000,790082.3347199999,790082.3347199999,0.0,790082.3347199999,1,False
B1800215300000,793718.473,543837.1,249881.37300000002,793718.473,2,True
B1800216200000,10536407.52706092,5529267.42706092,5007140.1,10536407.52706092,4,True
B1800216700000,4333203.0,0.0,4333203.0,4333203.0,1,True
B1800217200000,1209852.15,1209852.15,0.0,1209852.15,1,False
B1800219500000,1865887.4770348498,0.0,1865887.4770348498,1865887.4770348498,1,True
B1800219700000,9398079.06899422,0.0,9398079.06899422,9398079.06899422,1,True
B1800223000000,836486.7849559201,836486.7849559201,0.0,836486.7849559201,1,False
B1800223100000,2686924.8,0.0,2686924.8,2686924.8,1,True
B1800223200000,1238350.682721,1238350.682721,0.0,1238350.682721,1,False
B1800223400000,474163.2,0.0,474163.2,474163.2,1,True
B1800227200000,1330837.365,1330837.365,0.0,1330837.365,1,False
B1800228000000,1484763.0336,1484763.0336,0.0,1484763.0336,1,False
B1800228200000,524678.5611340001,524678.5611340001,0.0,524678.5611340001,1,False
B1800235200000,401597.6,401597.6,0.0,262378.2,1,False
B1800235900000,5553745.189218,0.0,5553745.189218,5553745.189218,3,True
B1800236000000,355747.35780864,355747.35780864,0.0,355747.35780864,1,False
B1800245900000,8187094.0,696097.0,7490997.0,7490997.0,3,True
B1800247700000,806077.44,0.0,806077.44,806077.44,1,True
B1800249200000,2698900.95,1861311.0,837589.95,2698900.95,2,True
B1800250800000,575800.76,278438.8,297361.96,297361.96,2,True
B1800255500000,838889.53344,838889.53344,0.0,838889.53344,1,False
B1800262500000,801335.808,801335.808,0.0,801335.808,1,False
B1800262800000,2773927.2298250003,1153130.625695,1541769.40413,2694900.029825,3,True
B1800264200000,1141982.1368102,1141982.1368102,0.0,1141982.1368102,1,False
B1800266200000,6595301.969519501,0.0,6595301.969519501,6595301.969519501,1,True
B1800266700000,1805501.25,0.0,1805501.25,1805501.25,1,True
B1800267900000,2086497.1871415002,0.0,2086497.1871415002,2086497.1871415002,1,True
B1800269200000,10658883.38419456,4810870.6,5848012.784194561,10658883.38419456,3,True
B1800277100000,2692530.8177,0.0,2692530.8177,2692530.8177,1,True
B1800278500000,889736.438976,889736.438976,0.0,889736.438976,1,False
B1800279000000,1764684.0933,1764684.0933,0.0,1487011.0,1,False
B1800282400000,930655.5,930655.5,0.0,930655.5,1,False
B1800285600000,4461026.3084505005,0.0,4461026.3084505005,4461026.3084505005,2,True
B1800285700000,8791433.69688379,5222607.29688379,3568826.4000000004,8791433.69688379,3,True
B1800287300000,174918.8,174918.8,0.0,174918.8,1,False
B1800287700000,1327148.5699999998,1327148.5699999998,0.0,1062631.71,1,False
B1800287800000,2671119.36,2671119.36,0.0,2671119.36,1,False
B1800288400000,1899784.5252750001,0.0,1899784.5252750001,1899784.5252750001,1,True
B1800288500000,1299960.9000000001,0.0,1299960.9000000001,1299960.9000000001,1,True
B1800290700000,328753.152,328753.152,0.0,328753.152,1,False
B1800293900000,395136.0,395136.0,0.0,395136.0,2,False
B1800294900000,2512769.85,2512769.85,0.0,2512769.85,1,False
B1800299500000,2345131.5350285,1949976.410796,395155.1242325,2345131.5350285,2,True
B1800300700000,1021074.564,230802.56399999998,790272.0,1021074.564,2,True
B1800301000000,6785881.135488,0.0,6785881.135488,6785881.135488,2,True
B1800302300000,2141862.00456814,0.0,2141862.00456814,2141862.00456814,1,True
B1800307200000,1674422.05,1209094.3,0.0,930655.5,2,False
B1800307800000,349837.6,349837.6,0.0,349837.6,1,False
B1800307900000,10999214.83638958,5714202.602234,5285012.23415558,10999214.83638958,4,True
B1800311700000,320101.404,320101.404,0.0,320101.404,1,False
B1800315500000,558071.2931969999,558071.2931969999,0.0,558071.2931969999,1,False
B1800316400000,371752.75,0.0,371752.75,371752.75,1,True
B1800320300000,1651323.476913,1651323.476913,0.0,1651323.476913,1,False
B1800324100000,10623777.102017079,7446094.902017079,3177682.2,10623777.102017079,2,True
B1800332500000,3177682.2,0.0,3177682.2,3177682.2,1,True
B1800335300000,532041.945,0.0,532041.945,532041.945,1,True
B1800337400000,8308201.792305369,4839408.6,3468793.1923053702,8308201.792305369,3,True
B1800340300000,4333203.0,0.0,4333203.0,4333203.0,1,True
B1800346000000,1872146.8490000002,0.0,1872146.8490000002,1872146.8490000002,1,True
B1800346100000,3070312.2344499994,3070312.2344499994,0.0,2791873.4344499996,1,False
B1800348000000,495600.934416,495600.934416,0.0,495600.934416,1,False
B1800348100000,1222544.4618239999,1222544.4618239999,0.0,1222544.4618239999,1,False
B1800348700000,4461033.0,0.0,4461033.0,4461033.0,1,True
B1800351200000,616159.27296,616159.27296,0.0,616159.27296,1,False
B1800352900000,4333203.0,0.0,4333203.0,4333203.0,1,True
B1800353300000,349837.6,0.0,349837.6,349837.6,1,True
B1800353500000,16027122.37561344,0.0,16027122.37561344,16027122.37561344,1,True
B1800354800000,1082724.6087,1082724.6087,0.0,1082724.6087,1,False
B1800356500000,1877721.3,0.0,1877721.3,1877721.3,1,True
B1800358100000,4246244.282196,0.0,4246244.282196,4246244.282196,1,True
B1800358900000,1462136.7312750001,1462136.7312750001,0.0,1183697.931275,1,False
B1800364300000,128776.095154,128776.095154,0.0,128776.095154,1,False
B1800375900000,7871346.0,3498376.0,4372970.0,7871346.0,3,True
B1800378500000,301105.22232,301105.22232,0.0,301105.22232,1,False
B1800379900000,1054305.57512,1054305.57512,0.0,1054305.57512,1,False
B1800380000000,4461033.000000001,0.0,4461033.000000001,4461033.000000001,2,True
B1800380700000,9242628.59423232,0.0,9242628.59423232,9242628.59423232,3,True
B1800381100000,139219.4,139219.4,0.0,0.0,1,False
B1800381300000,3164228.6999999997,3164228.6999999997,0.0,3164228.6999999997,1,False
B1800385900000,3148382.29128192,0.0,3148382.29128192,3148382.29128192,1,True
B1800387000000,5323499.38,0.0,5323499.38,5323499.38,4,True
B1800387200000,1602671.616,1602671.616,0.0,1602671.616,1,False
B1800389000000,1558062.69400221,0.0,1558062.69400221,1558062.69400221,1,True
B1800393400000,178909.21331999998,178909.21331999998,0.0,178909.21331999998,1,False
B1800394600000,223896.06399999998,223896.06399999998,0.0,223896.06399999998,1,False
B1800396800000,1939212.4492829998,1939212.4492829998,0.0,1939212.4492829998,1,False
B1800397100000,11876970.39812349,9774547.26,2102423.13812349,9231801.79812349,3,True
B1800401200000,186131.1,0.0,186131.1,186131.1,1,True
B1800402700000,1274393.108925,1274393.108925,0.0,1274393.108925,1,False
B1800403500000,4461033.0,0.0,4461033.0,4461033.0,1,True
B1800405900000,4741632.0,0.0,4741632.0,4741632.0,1,True
B1800406000000,2671119.36,2671119.36,0.0,2671119.36,1,False
B1800408800000,152112.69255168,152112.69255168,0.0,152112.69255168,1,False
B1800410600000,12423257.67768676,5583933.0,6839324.67768676,12423257.67768676,5,True
B1800411600000,7515521.842134699,3627123.9399999995,3888397.9021346997,7237083.042134699,4,True
B1800416100000,1302917.7,1302917.7,0.0,1302917.7,1,False
B1800421800000,1311891.0,787134.6,524756.4,1311891.0,2,True
B1800422000000,2978097.6,2978097.6,0.0,2978097.6,1,False
B1800422100000,139219.4,139219.4,0.0,0.0,1,False
B1800422200000,4332991.90079385,0.0,4332991.90079385,4332991.90079385,1,True
B1800424100000,2387233.96941015,0.0,2387233.96941015,2387233.96941015,1,True
B1800425700000,294965.57244,294965.57244,0.0,294965.57244,1,False
B1800430900000,2658106.2602581303,0.0,2658106.2602581303,2658106.2602581303,1,True
B1800433200000,2118747.6974026,0.0,2118747.6974026,2118747.6974026,1,True
B1800435600000,3261309.34299646,0.0,3261309.34299646,3261309.34299646,1,True
B1800440400000,1106380.8,1106380.8,0.0,1106380.8,1,False
B1800440700000,1165409.69916396,1165409.69916396,0.0,1026190.29916396,1,False
B1800441300000,4907091.68967,0.0,4907091.68967,4907091.68967,3,True
B1800443100000,58307.432792,58307.432792,0.0,58307.432792,1,False
B1800444000000,138428.114538,138428.114538,0.0,138428.114538,1,False
B1800445100000,1175512.004518,896315.354518,0.0,705902.19675,2,False
B1800445500000,2358231.93292765,278438.8,2079793.1329276501,2079793.1329276501,3,True
B1800445800000,319314.2694,319314.2694,0.0,319314.2694,1,False
B1800449100000,4461033.0,0.0,4461033.0,4461033.0,1,True
B1800449500000,856744.2999999999,856744.2999999999,0.0,856744.2999999999,1,False
B1800451700000,331313.358,331313.358,0.0,331313.358,1,False
B1800452000000,609353.24,609353.24,0.0,609353.24,1,False
B1800452400000,219386.167885,0.0,219386.167885,219386.167885,1,True
B1800454800000,262378.2,262378.2,0.0,262378.2,1,False
B1800457400000,12478480.5299679,0.0,12478480.5299679,12478480.5299679,1,True
B1800458000000,1980686.6330231498,1510010.23302315,470676.39999999997,1980686.6330231498,2,True
B1800458500000,3348009.210268,3348009.210268,0.0,3069570.4102680003,1,False
B1800458600000,539051.68788137,539051.68788137,0.0,401940.06959737,1,False
B1800459400000,3945357.2773599997,1382647.77736,2562709.5,3669090.3,2,True
B1800461900000,4176582.0,0.0,4176582.0,4176582.0,1,True
B1800462300000,578487.0,578487.0,0.0,578487.0,1,False
B1800465300000,4176582.0,0.0,4176582.0,4176582.0,1,True
B1800466100000,787134.6,787134.6,0.0,787134.6,1,False
B1800466200000,2897216.1918059997,2897216.1918059997,0.0,2897216.1918059997,1,False
B1800468000000,395136.0,395136.0,0.0,395136.0,2,False
B1800469100000,286165.18501542,0.0,286165.18501542,286165.18501542,1,True
B1800469700000,6228468.35233765,4647924.35233765,1580544.0,5950029.55233765,2,True
B1800470600000,964903.6224,0.0,964903.6224,964903.6224,1,True
B1800473500000,446103.30000000005,0.0,446103.30000000005,446103.30000000005,1,True
B1800474200000,555582.48,139219.4,416363.08,416363.08,2,True
B1800477500000,1250797.99528929,1250797.99528929,0.0,1250797.99528929,1,False
B1800479200000,765706.7,0.0,765706.7,765706.7,1,True
B1800480100000,550194.0700000001,0.0,550194.0700000001,550194.0700000001,2,True
B1800482600000,3831065.99096823,0.0,3831065.99096823,3831065.99096823,1,True
B1800482700000,8626138.64,0.0,8626138.64,8626138.64,3,True
B1800485500000,2228026.49322,2228026.49322,0.0,2228026.49322,1,False
B1800485700000,91527.36408844,91527.36408844,0.0,91527.36408844,1,False
B1800489100000,5568688.65374844,0.0,5568688.65374844,5568688.65374844,1,True
B1800489700000,1602671.616,1602671.616,0.0,1602671.616,1,False
B1800490800000,326302.708788,326302.708788,0.0,326302.708788,1,False
B1800491400000,535150.5705,0.0,535150.5705,535150.5705,1,True
B1800491800000,5553801.300609999,3737037.3966099997,1816763.904,5275362.5006099995,3,True
B1800493200000,1058025.01173,1058025.01173,0.0,1058025.01173,1,False
B1800494000000,874594.0,874594.0,0.0,874594.0,1,False
B1800494400000,1090543.4679322399,1090543.4679322399,0.0,1090543.4679322399,1,False
B1800495300000,1451822.5799999998,1451822.5799999998,0.0,1451822.5799999998,1,False
B1800496100000,1136972.2,1136972.2,0.0,1136972.2,1,False
B1800496300000,2671119.36,2671119.36,0.0,2671119.36,1,False
B1800497500000,328083.33325823996,328083.33325823996,0.0,328083.33325823996,1,False
B1800501600000,4461033.0,0.0,4461033.0,4461033.0,1,True
B1800502000000,3144246.3999999994,2698143.0999999996,446103.30000000005,2865807.5999999996,2,True
B1800504700000,2327197.368215,1415154.978215,912042.3899999999,2050317.825495,3,True
B1800505900000,1262728.2079999999,174918.8,1087809.408,1262728.2079999999,3,True
B1800509700000,586806.5952,0.0,586806.5952,586806.5952,1,True
B1800514200000,1302917.7,1302917.7,0.0,1302917.7,1,False
B1800514700000,496102.04000000004,496102.04000000004,0.0,356882.64,1,False
B1800515000000,1744902.4894,1744902.4894,0.0,1744902.4894,1,False
B1800516800000,4052898.2320654,0.0,4052898.2320654,4052898.2320654,1,True
B1800516900000,8231991.80113,4186528.1431299997,4045463.658,7953553.00113,3,True
B1800517000000,276158.386228,276158.386228,0.0,0.0,1,False
B1800517200000,1068710.8,278438.8,790272.0,790272.0,2,True
B1800517400000,301611.195,0.0,301611.195,301611.195,1,True
B1800523200000,3475734.3463500002,0.0,3475734.3463500002,3475734.3463500002,1,True
B1800530600000,1528651.5793919999,0.0,1528651.5793919999,1528651.5793919999,1,True
B1800535100000,1222550.784,1222550.784,0.0,1222550.784,1,False
B1800535300000,1876201.488,1876201.488,0.0,1876201.488,1,False
B1800536000000,1954376.55,1954376.55,0.0,1954376.55,1,False
B1800537600000,2622439.9148002705,0.0,2622439.9148002705,2622439.9148002705,1,True
B1800539000000,4176582.0,0.0,4176582.0,4176582.0,1,True
B1800539200000,2345251.86,2345251.86,0.0,2345251.86,1,False
B1800540900000,1054412.73,0.0,1054412.73,1054412.73,1,True
B1800541600000,558393.2999999999,558393.2999999999,0.0,558393.2999999999,1,False
B1800542400000,1136972.2,1136972.2,0.0,1136972.2,1,False
B1800546900000,4044322.8000000003,0.0,4044322.8000000003,4044322.8000000003,1,True
B1800547100000,2500496.8,278438.8,2222058.0,2222058.0,2,True
B1800548900000,1301056.389,1301056.389,0.0,1301056.389,1,False
B1800549200000,4741632.0,0.0,4741632.0,4741632.0,1,True
B1800550200000,223051.65000000002,0.0,223051.65000000002,223051.65000000002,1,True
B1800550500000,1106380.8,0.0,1106380.8,1106380.8,1,True
B1800550600000,328753.152,328753.152,0.0,328753.152,1,False
B1800553300000,1265442.064326,1265442.064326,0.0,1265442.064326,1,False
B1800555800000,870347.7206822999,870347.7206822999,0.0,870347.7206822999,1,False
B1800556100000,15178345.330083,5583933.0,9594412.330083,15178345.330083,4,True
B1800556200000,1054412.73,0.0,1054412.73,1054412.73,1,True
B1800559700000,2084668.3199999998,2084668.3199999998,0.0,2084668.3199999998,1,False
B1800561400000,6846460.74,0.0,6846460.74,6846460.74,2,True
B1800561600000,3220296.72380325,0.0,3220296.72380325,3220296.72380325,1,True
B1800561800000,1481562.236,1481562.236,0.0,1481562.236,1,False
B1800561900000,1749188.0,1749188.0,0.0,1749188.0,1,False
B1800563700000,979371.7955829499,979371.7955829499,0.0,979371.7955829499,1,False
B1800565900000,3527880.69939466,0.0,3527880.69939466,3527880.69939466,3,True
B1800566100000,81628.76167208,81628.76167208,0.0,81628.76167208,1,False
B1800567100000,5562597.228333,4310733.828333,1251863.4,5562597.228333,2,True
B1800569200000,839610.24,839610.24,0.0,839610.24,1,False
B1800572900000,1600679.7988815398,0.0,1600679.7988815398,1600679.7988815398,1,True
B1800580500000,11712712.8,7445244.0,4267468.8,11712712.8,2,True
B1800584800000,487267.89999999997,0.0,487267.89999999997,487267.89999999997,1,True
B1800586200000,296658.69450000004,0.0,296658.69450000004,296658.69450000004,1,True
B1800586900000,1368107.822592,1368107.822592,0.0,1368107.822592,1,False
B1800587600000,2075361.765,2075361.765,0.0,2075361.765,1,False
B1800593100000,508150.81,0.0,508150.81,508150.81,1,True
B1800593200000,580698.0254180599,0.0,580698.0254180599,580698.0254180599,1,True
B1800594800000,475779.136,475779.136,0.0,475779.136,1,False
B1800595300000,3770210.34460188,0.0,3770210.34460188,3770210.34460188,1,True
B1800595700000,2938231.296,2938231.296,0.0,2938231.296,1,False
B1800598100000,3857230.150209,0.0,3857230.150209,3857230.150209,3,True
B1800600000000,487267.89999999997,0.0,487267.89999999997,487267.89999999997,1,True
B1800603500000,1858900.7,873243.2,985657.5,1580461.9,2,True
B1800605000000,616412.16,616412.16,0.0,616412.16,1,False
B1800605100000,2744367.3887238,0.0,2744367.3887238,2744367.3887238,1,True
B1800605200000,2038287.5681019998,0.0,2038287.5681019998,2038287.5681019998,1,True
B1800605300000,3586129.58124288,0.0,3586129.58124288,3586129.58124288,1,True
B1800605500000,3535563.3966862,0.0,3535563.3966862,3535563.3966862,3,True
B1800606400000,6354131.4,0.0,6354131.4,6354131.4,2,True
B1800606700000,587369.3450000001,0.0,587369.3450000001,587369.3450000001,2,True
B1800607100000,1075873.276654,852821.626654,223051.65000000002,1075873.276654,2,True
B1800607800000,383914.00685999996,383914.00685999996,0.0,383914.00685999996,1,False
B1800608100000,990014.7485250001,990014.7485250001,0.0,990014.7485250001,1,False
B1800608400000,330401.31561,330401.31561,0.0,330401.31561,1,False
B1800608600000,544433.4675,544433.4675,0.0,544433.4675,1,False
B1800609700000,349837.6,349837.6,0.0,349837.6,1,False
B1800609900000,4950202.04,0.0,4950202.04,4950202.04,2,True
B1800610400000,400720.51778,400720.51778,0.0,262378.2,1,False
B1800610600000,146419.13638572,146419.13638572,0.0,146419.13638572,1,False
B1800612400000,1531621.33,0.0,1531621.33,1531621.33,1,True
B1800612900000,2315391.748803,2227932.348803,0.0,2088712.948803,3,False
B1800613100000,3405796.53,0.0,3405796.53,3405796.53,3,True
B1900005600000,660659.45988,660659.45988,0.0,382429.48898,1,False
B1900019000000,8088886.814967,2888802.0,5200084.814967001,8088886.814967,5,True
B1900019800000,9583678.3845757,5583933.0,3999745.3845757,9583678.3845757,4,True
B1900019900000,9736886.84497308,2707922.724417,7028964.12055608,9736886.84497308,5,True
B1900024800000,6043991.81760435,5148613.64160435,895378.176,6043991.81760435,3,True
B1900027100000,3832291.9839999997,3832291.9839999997,0.0,3553853.184,1,False
B1900027900000,58300.43604,58300.43604,0.0,58300.43604,1,False
B1900029000000,8606907.9,4467146.4,4139761.5,8606907.9,3,True
B1900029400000,325465.62048,325465.62048,0.0,325465.62048,1,False
B1900030000000,3509462.125916,0.0,3509462.125916,3509462.125916,1,True
B1900031700000,4333203.0,0.0,4333203.0,4333203.0,1,True
B1900032600000,357202.94399999996,357202.94399999996,0.0,357202.94399999996,1,False
B1900034500000,598344.2289999999,598344.2289999999,0.0,349837.6,1,False
B1900034800000,2671119.36,2671119.36,0.0,2671119.36,1,False
B1900035000000,698221.46734508,698221.46734508,0.0,698221.46734508,1,False
B1900035200000,2938231.296,2938231.296,0.0,2938231.296,1,False
B1900035900000,1444166.12364,1444166.12364,0.0,1304946.72364,1,False
B1900036000000,276595.2,276595.2,0.0,276595.2,1,False
B1900037900000,4333203.0,0.0,4333203.0,4333203.0,1,True
B1900038500000,1302368.3712845698,1302368.3712845698,0.0,1302368.3712845698,1,False
B1900042200000,1728543.39642,1254380.19642,474163.2,1589421.45,2,True
B1900042700000,2938231.296,2938231.296,0.0,2938231.296,1,False
B1900043300000,356882.64,356882.64,0.0,356882.64,1,False
B1900045700000,237524.15232,237524.15232,0.0,237524.15232,1,False
B1900047500000,8871491.46266496,8871491.46266496,0.0,8871491.46266496,1,False
B1900048500000,8348132.685555991,4014929.7,4333202.985555991,8348132.685555991,3,True
B1900048900000,4461033.0,0.0,4461033.0,4461033.0,2,True
B1900049200000,1847978.459217,1847978.459217,0.0,1847978.459217,1,False
B1900049300000,1527769.125,0.0,1527769.125,1527769.125,1,True
B1900050000000,1498355.355,1498355.355,0.0,1498355.355,1,False
B1900050700000,2737280.43535668,2737280.43535668,0.0,2458841.63535668,1,False
B1900050800000,276595.2,276595.2,0.0,276595.2,2,False
B1900050900000,538507.9839315,538507.9839315,0.0,538507.9839315,1,False
B1900054700000,1115436.69132,1115436.69132,0.0,1115436.69132,1,False
B1900056400000,345953.10915000003,345953.10915000003,0.0,345953.10915000003,1,False
B1900057300000,237081.6,0.0,0.0,0.0,1,False
B1900057400000,1115986.23627,1115986.23627,0.0,1115986.23627,1,False
B1900059200000,2622639.1155445604,2622639.1155445604,0.0,2622639.1155445604,1,False
B1900061100000,1152631.9980000001,0.0,1152631.9980000001,1152631.9980000001,1,True
B1900061900000,874293.64692852,0.0,874293.64692852,874293.64692852,2,True
B1900063700000,1734208.9751999998,1209452.5751999998,524756.4,1552110.0,2,True
B1900064000000,2639417.758802,0.0,2639417.758802,2639417.758802,2,True
B1900066100000,1222550.784,1222550.784,0.0,1222550.784,1,False
B1900066800000,4333203.0,0.0,4333203.0,4333203.0,1,True
B1900071900000,379014.05584,379014.05584,0.0,379014.05584,1,False
B1900074100000,173328.12,173328.12,0.0,173328.12,1,False
B1900074200000,2017873.9270000001,0.0,2017873.9270000001,2017873.9270000001,1,True
B1900075800000,8409590.8,3948557.8,4461033.0,7435055.0,2,True
B1900076300000,1292893.445907,0.0,1292893.445907,1292893.445907,1,True
B1900077800000,4176582.0,0.0,4176582.0,4176582.0,1,True
B1900083900000,912042.39,912042.39,0.0,912042.39,1,False
B1900086700000,906458.4569999999,906458.4569999999,0.0,906458.4569999999,1,False
B1900089200000,297809.76,297809.76,0.0,297809.76,1,False
B1900089400000,703480.64832305,328751.571456,374729.07686705,703480.64832305,2,True
B1900089900000,529033.72,0.0,529033.72,529033.72,1,True
B1900090000000,803195.2,803195.2,0.0,524756.4,1,False
B1900092000000,5583933.0,0.0,5583933.0,5583933.0,1,True
B1900093000000,874594.0,874594.0,0.0,874594.0,1,False
B1900093700000,1818175.599,1818175.599,0.0,1818175.599,1,False
B1900094700000,744524.4,744524.4,0.0,744524.4,1,False
B1900095200000,510055.05332999997,510055.05332999997,0.0,510055.05332999997,1,False
B1900098100000,3887628.0,3887628.0,0.0,3887628.0,1,False
B1900104200000,5055403.5,0.0,5055403.5,5055403.5,2,True
B1900108800000,352421.607,352421.607,0.0,352421.607,1,False
B1900109800000,4176582.0,0.0,4176582.0,4176582.0,1,True
B1900112800000,305782.551032,305782.551032,0.0,305782.551032,1,False
B1900116600000,1180648.9621606201,1180648.9621606201,0.0,1180648.9621606201,1,False
B1900117400000,3905938.9281952,3905938.9281952,0.0,3777857.0801951997,1,False
B1900117900000,1395983.25,1395983.25,0.0,1395983.25,1,False
B1900120600000,397167.53753309004,397167.53753309004,0.0,397167.53753309004,1,False
B1900121000000,2034662.694324,2034662.694324,0.0,1756989.601024,1,False
B1900124500000,3458656.5000145203,0.0,3458656.5000145203,3458656.5000145203,2,True
B1900128100000,1116786.5999999999,1116786.5999999999,0.0,1116786.5999999999,1,False
B1900131500000,893429.28,893429.28,0.0,893429.28,1,False
B1900131800000,4516091.42241324,0.0,4516091.42241324,4516091.42241324,1,True
B1900132700000,3547353.264,3547353.264,0.0,3547353.264,1,False
B1900137100000,1015711.828767,1015711.828767,0.0,1015711.828767,1,False
B1900139400000,75383.0955,0.0,75383.0955,75383.0955,1,True
B1900146900000,1166125.33916396,1166125.33916396,0.0,1166125.33916396,1,False
B1900147200000,1872209.1476999999,176878.24769999998,1695330.9,1695330.9,2,True
B1900148000000,1532185.5967488,741913.5967488,790272.0,1532185.5967488,2,True
B1900148100000,216660.15,0.0,216660.15,216660.15,1,True
B1900150600000,1302917.7,1302917.7,0.0,1302917.7,1,False
B1900152800000,763137.51,763137.51,0.0,763137.51,1,False
B1900153200000,3264714.9000232206,0.0,3264714.9000232206,3264714.9000232206,1,True
B1900153500000,544252.90756396,544252.90756396,0.0,544252.90756396,1,False
B1900157600000,12920173.91401936,7672609.91401936,5247564.0,12920173.91401936,3,True
B1900157700000,3960194.1636622194,0.0,3960194.1636622194,3960194.1636622194,1,True
B1900158600000,1970586.8682000001,0.0,1970586.8682000001,1970586.8682000001,1,True
B1900158800000,1679944.845152,1679944.845152,0.0,1679944.845152,1,False
B1900160800000,315457.30986,315457.30986,0.0,315457.30986,1,False
B1900161300000,616315.746816,616315.746816,0.0,616315.746816,1,False
B1900165300000,1005107.94,1005107.94,0.0,1005107.94,1,False
B1900166300000,801335.808,801335.808,0.0,801335.808,1,False
B1900166800000,892206.6000000001,892206.6000000001,0.0,892206.6000000001,1,False
B1900167100000,2160823.896,0.0,2160823.896,2160823.896,1,True
B1900169300000,4176582.0,0.0,4176582.0,4176582.0,1,True
B1900172100000,11555207.985555992,0.0,11555207.985555992,11555207.985555992,1,True
B1900172900000,2832604.00087,2832604.00087,0.0,2554165.2008700003,1,False
B1900173400000,758310.525,0.0,758310.525,758310.525,1,True
B1900173600000,513018.79500000004,513018.79500000004,0.0,513018.79500000004,1,False
B1900175200000,437297.0,437297.0,0.0,437297.0,1,False
B1900179300000,58306.260836040005,58306.260836040005,0.0,58306.260836040005,1,False
B1900180000000,4333203.0,0.0,4333203.0,4333203.0,1,True
B1900180200000,528612.324,528612.324,0.0,528612.324,1,False
B1900181400000,6554068.6565507,0.0,6554068.6565507,6554068.6565507,2,True
B1900186100000,4040207.29784408,0.0,4040207.29784408,4040207.29784408,1,True
B1900186200000,1341997.7857559999,1341997.7857559999,0.0,1341997.7857559999,1,False
B1900188300000,1442717.0910143598,0.0,1442717.0910143598,1442717.0910143598,1,True
B1900189100000,5410690.7206999995,1362043.4,4048647.3207,4714593.7206999995,4,True
B1900189200000,1023721.0499999999,1023721.0499999999,0.0,1023721.0499999999,1,False
B1900189600000,351124.51664718,0.0,351124.51664718,351124.51664718,1,True
B1900189800000,1177168.54024,1177168.54024,0.0,1177168.54024,1,False
B1900190200000,5035992.46114876,0.0,5035992.46114876,5035992.46114876,3,True
B1900197900000,699618.05402804,699618.05402804,0.0,699618.05402804,1,False
B1900201100000,2233374.65395563,2233374.65395563,0.0,2233374.65395563,1,False
B1900201200000,149730.4928,149730.4928,0.0,149730.4928,1,False
B1900202900000,2933202.4791552,2933202.4791552,0.0,2933202.4791552,1,False
B1900203000000,896688.22102244,896688.22102244,0.0,896688.22102244,1,False
B1900205100000,855082.2,262378.2,592704.0,855082.2,2,True
B1900205500000,1981830.004,1981830.004,0.0,1981830.004,1,False
B1900209700000,1858763.75,1858763.75,0.0,1858763.75,1,False
B1900210300000,26237.82,26237.82,0.0,26237.82,1,False
B1900211400000,792719.5490803199,792719.5490803199,0.0,792719.5490803199,1,False
B1900212200000,84835.618,0.0,84835.618,84835.618,1,True
B1900215700000,4839408.6,4839408.6,0.0,4839408.6,1,False
B1900216400000,247554.36299999998,247554.36299999998,0.0,247554.36299999998,1,False
B1900222900000,4461033.0,0.0,4461033.0,4461033.0,1,True
B1900223700000,787134.6,787134.6,0.0,787134.6,1,False
B1900225700000,744524.4,744524.4,0.0,744524.4,1,False
B1900229700000,748799.831367,748799.831367,0.0,748799.831367,1,False
B1900230300000,4088653.9644893394,0.0,4088653.9644893394,4088653.9644893394,1,True
B1900231600000,837739.07898,837739.07898,0.0,699675.2,1,False
B1900232500000,3749581.27851804,0.0,3749581.27851804,3749581.27851804,1,True
B1900232600000,4995160.199999999,2761587.0,2233573.1999999997,4995160.199999999,2,True
B1900232700000,835316.3999999999,0.0,835316.3999999999,835316.3999999999,1,True
B1900233000000,1749188.0,0.0,1749188.0,1749188.0,1,True
B1900233200000,2269468.09505289,278438.8,1991029.29505289,1991029.29505289,3,True
B1900233300000,1149335.05462272,0.0,1149335.05462272,1149335.05462272,2,True
B1900235200000,357202.94399999996,357202.94399999996,0.0,357202.94399999996,1,False
B1900235500000,11848503.648,4461033.0,7387470.648,11848503.648,3,True
B1900235800000,1456065.264542,756502.887168,699562.377374,1456065.264542,2,True
B1900238900000,3122149.113754,0.0,3122149.113754,3122149.113754,1,True
B1900240000000,3722622.0,3722622.0,0.0,3722622.0,1,False
B1900241600000,7435807.153229999,7435807.153229999,0.0,7435807.153229999,1,False
B1900241900000,4461033.0,0.0,4461033.0,4461033.0,1,True
B1900243600000,616412.16,616412.16,0.0,616412.16,1,False
B1900244900000,2973091.55142006,0.0,2973091.55142006,2973091.55142006,1,True
B1900245100000,2528746.5618733796,0.0,2528746.5618733796,2528746.5618733796,3,True
B1900245400000,3205343.232,3205343.232,0.0,3205343.232,1,False
B1900245500000,1470109.664152,1470109.664152,0.0,1191670.864152,1,False
B1900246600000,1036897.2705689999,1036897.2705689999,0.0,1036897.2705689999,1,False
B1900247000000,79027.2,79027.2,0.0,79027.2,1,False
B1900247200000,613382.6,139219.4,474163.2,474163.2,2,True
B1900247400000,660765.405,660765.405,0.0,660765.405,1,False
B1900247500000,158054.2419456,158054.2419456,0.0,158054.2419456,1,False
B1900247800000,1034056.94720922,1034056.94720922,0.0,1034056.94720922,1,False
B1900248100000,621134.903777,621134.903777,0.0,621134.903777,1,False
B1900248400000,314577.17705,314577.17705,0.0,314577.17705,1,False
B1900249100000,1223543.279725,1223543.279725,0.0,1223543.279725,1,False
B1900251500000,707298.1799999999,707298.1799999999,0.0,707298.1799999999,1,False
B1900251700000,519939.35246484005,0.0,519939.35246484005,519939.35246484005,1,True
B1900252400000,739228.970205,739228.970205,0.0,739228.970205,1,False
B1900253800000,250459.1334,0.0,250459.1334,250459.1334,2,True
B1900261200000,4176582.0,0.0,4176582.0,4176582.0,1,True
B1900261300000,327542.455296,327542.455296,0.0,327542.455296,1,False
B1900261400000,3015975.5137858503,0.0,3015975.5137858503,3015975.5137858503,1,True
B1900262200000,642589.00777137,0.0,642589.00777137,642589.00777137,1,True
B1900263400000,2788046.60084328,2788046.60084328,0.0,2788046.60084328,1,False
B1900263500000,4333203.0,0.0,4333203.0,4333203.0,1,True
B1900263600000,1269929.70832896,1269929.70832896,0.0,1269929.70832896,1,False
B1900266500000,4176582.0,0.0,4176582.0,4176582.0,1,True
B1900267300000,1217888.1792,1217888.1792,0.0,1217888.1792,1,False
B1900267800000,2195755.6130000004,139219.4,2056536.2130000002,2056536.2130000002,2,True
B1900268200000,94447.40606,94447.40606,0.0,94447.40606,1,False
B1900268600000,2644408.1664,2644408.1664,0.0,2644408.1664,1,False
B1900269000000,459938.304,459938.304,0.0,459938.304,1,False
B1900271600000,2599921.8000000003,0.0,2599921.8000000003,2599921.8000000003,1,True
B1900272200000,1486158.184017,1486158.184017,0.0,1486158.184017,1,False
B1900272800000,1069874.9,1069874.9,0.0,930655.5,1,False
B1900278700000,1145206.957659,1145206.957659,0.0,1145206.957659,1,False
B1900280000000,2667051.039744,2667051.039744,0.0,2667051.039744,1,False
B1900284200000,703342.08,703342.08,0.0,703342.08,1,False
B1900284300000,2495284.99396,0.0,2495284.99396,2495284.99396,1,True
B1900288400000,395136.0,395136.0,0.0,395136.0,1,False
B1900289200000,4461965.8820352,0.0,4461965.8820352,4461965.8820352,1,True
B1900289300000,813762.8583,813762.8583,0.0,813762.8583,1,False
B1900290500000,2364471.875752,2364471.875752,0.0,2364471.875752,1,False
B1900291200000,991506.031461,991506.031461,0.0,991506.031461,1,False
B1900298300000,1341089.05084386,1341089.05084386,0.0,1341089.05084386,1,False
B1900299800000,2609478.144,2609478.144,0.0,2609478.144,1,False
B1900300800000,1858763.75,1858763.75,0.0,1858763.75,1,False
B1900303300000,2694620.63954236,0.0,2694620.63954236,2694620.63954236,1,True
B1900303600000,553190.4,0.0,553190.4,553190.4,2,True
B1900303900000,176824.54499999998,176824.54499999998,0.0,176824.54499999998,1,False
B1900307100000,1227496.24497382,562359.84890008,665136.39607374,1227496.24497382,2,True
B1900307900000,507354.624,0.0,507354.624,507354.624,2,True
B1900308000000,401597.6,401597.6,0.0,262378.2,1,False
B1900308400000,3822004.88976864,0.0,3822004.88976864,3822004.88976864,1,True
B1900309300000,174918.8,174918.8,0.0,174918.8,1,False
B1900311700000,588689.8107680001,588689.8107680001,0.0,588689.8107680001,1,False
B1900314100000,1066587.84,0.0,1066587.84,1066587.84,1,True
B1900319200000,657148.87977984,0.0,657148.87977984,657148.87977984,1,True
B1900320300000,346929.92957951996,346929.92957951996,0.0,346929.92957951996,1,False
B1900323700000,214050.76499999998,214050.76499999998,0.0,214050.76499999998,1,False
B1900331600000,1548933.1199999999,1548933.1199999999,0.0,1548933.1199999999,1,False
B1900332300000,1264387.7836799999,1264387.7836799999,0.0,1264387.7836799999,1,False
B1900336100000,2226365.7380932,0.0,2226365.7380932,2226365.7380932,1,True
B1900336500000,262378.2,262378.2,0.0,262378.2,1,False
B1900336600000,81628.76167208,81628.76167208,0.0,81628.76167208,1,False
B1900337100000,4072568.75712989,2814608.75712989,1257960.0,4072568.75712989,2,True
B1900337200000,3653148.6309599197,0.0,3653148.6309599197,3653148.6309599197,2,True
B1900337300000,510004.3263008,510004.3263008,0.0,510004.3263008,1,False
B1900341900000,2230516.5,2230516.5,0.0,2230516.5,1,False
B1900343800000,237921.76,237921.76,0.0,237921.76,1,False
B1900343900000,2823230.0269131004,0.0,2823230.0269131004,2823230.0269131004,1,True
B1900344100000,3350106.0319,0.0,3350106.0319,3350106.0319,1,True
B1900344400000,594744.9195600001,594744.9195600001,0.0,594744.9195600001,1,False
B1900345500000,2710470.5591039998,0.0,2710470.5591039998,2710470.5591039998,1,True
B1900346200000,3205343.232,3205343.232,0.0,3205343.232,1,False
B1900347600000,583062.66083604,583062.66083604,0.0,583062.66083604,1,False
B1900347800000,4065827.1999999997,2316639.1999999997,1749188.0,3926607.8,2,True
B1900347900000,3270266.2119491994,0.0,3270266.2119491994,3270266.2119491994,1,True
B1900350600000,349837.6,349837.6,0.0,349837.6,1,False
B1900350700000,604989.0,316108.8,288880.2,604989.0,2,True
B1900350800000,1461803.7,0.0,1461803.7,1461803.7,1,True
B1900350900000,686090.475,0.0,686090.475,686090.475,1,True
B1900352900000,849692.95551,849692.95551,0.0,849692.95551,1,False
B1900363600000,75253.7240857,75253.7240857,0.0,0.0,1,False
B1900363700000,4386942.716535,4386942.716535,0.0,4386942.716535,1,False
B1900366600000,8144830.1781382,6543807.078138201,1601023.0999999999,8144830.1781382,2,True
B1900371100000,722200.5,0.0,722200.5,722200.5,1,True
B1900372100000,1466507.7504,1466507.7504,0.0,1466507.7504,1,False
B1900372300000,349837.6,349837.6,0.0,349837.6,1,False
B1900373100000,19735097.394857533,0.0,19735097.394857533,19735097.394857533,2,True
B1900374400000,452466.92029932,0.0,452466.92029932,452466.92029932,1,True
B1900375200000,59480.44,0.0,59480.44,59480.44,1,True
B1900376200000,595250.5033,595250.5033,0.0,595250.5033,1,False
B1900376800000,949231.38016896,918323.7,30907.68016896,949231.38016896,2,True
B1900379100000,1891004.4680378,1891004.4680378,0.0,1751785.0680378,1,False
B1900380000000,7479157.029216399,2156606.5292164,5322550.5,7479157.029216399,4,True
B1900380200000,1608675.25797,1608675.25797,0.0,1608675.25797,1,False
B1900381200000,1493614.0799999998,1493614.0799999998,0.0,1493614.0799999998,1,False
B1900381500000,3277186.0692479997,3277186.0692479997,0.0,3277186.0692479997,1,False
B1900386800000,7270502.4,0.0,7270502.4,7270502.4,3,True
B1900389300000,4176582.0,0.0,4176582.0,4176582.0,1,True
B1900389500000,5431228.74,0.0,5431228.74,5431228.74,2,True
B1900390100000,954681.302388,954681.302388,0.0,954681.302388,1,False
B1900390200000,3897314.83064806,0.0,3897314.83064806,3897314.83064806,1,True
B1900390400000,446103.30000000005,0.0,446103.30000000005,446103.30000000005,1,True
B1900392900000,1075674.81826035,0.0,1075674.81826035,1075674.81826035,1,True
B1900394800000,358159.99110006,0.0,358159.99110006,358159.99110006,1,True
B1900397500000,1670072.4626159999,1670072.4626159999,0.0,1670072.4626159999,1,False
B1900397800000,174918.8,174918.8,0.0,174918.8,1,False
B1900398400000,6954790.815,0.0,6954790.815,6954790.815,4,True
B1900400900000,519790.06695177994,0.0,519790.06695177994,519790.06695177994,1,True
B1900401700000,12197974.261620598,6017731.333047,6180242.928573599,12197974.261620598,4,True
B1900401800000,2658408.376283,0.0,2658408.376283,2658408.376283,1,True
B1900405700000,371140.10146800004,371140.10146800004,0.0,371140.10146800004,1,False
B1900409100000,4461033.0,0.0,4461033.0,4461033.0,1,True
B1900410500000,2099025.6,2099025.6,0.0,2099025.6,1,False
B1900411500000,577421.24141,577421.24141,0.0,577421.24141,1,False
B1900412100000,415285.218208,415285.218208,0.0,415285.218208,1,False
B1900413700000,12922734.954,10849234.5,2073500.454,12922734.954,2,True
B1900415900000,5674568.82336,3400350.31336,2274218.51,2274218.51,4,True
B1900417800000,7022533.163078739,6371074.31307874,651458.85,6744094.3630787395,3,True
B1900420000000,1323840.696951,1323840.696951,0.0,1323840.696951,1,False
B1900420300000,349837.6,349837.6,0.0,349837.6,1,False
B1900420500000,1200545.595,1200545.595,0.0,1200545.595,1,False
B1900421000000,2502109.50767037,2502109.50767037,0.0,2502109.50767037,1,False
B1900421600000,803195.2,803195.2,0.0,524756.4,1,False
B1900421800000,9410399.9662967,3737453.0012967004,5672946.965,9410399.9662967,4,True
B1900422100000,930655.5,930655.5,0.0,930655.5,1,False
B1900423500000,811613.493684,811613.493684,0.0,811613.493684,1,False
B1900423900000,942834.02396032,942834.02396032,0.0,942834.02396032,1,False
B1900425300000,2953571.71918563,2953571.71918563,0.0,2953571.71918563,1,False
B1900426000000,94456.152,94456.152,0.0,94456.152,1,False
B1900427100000,58306.260836040005,58306.260836040005,0.0,58306.260836040005,1,False
B1900428900000,1222873.7731672,1222873.7731672,0.0,1222873.7731672,1,False
B1900429200000,3125210.9359182296,2233573.1999999997,891637.73591823,3125210.9359182296,2,True
B1900431000000,4176581.9999999995,0.0,4176581.9999999995,4176581.9999999995,2,True
B1900433000000,58306.260836040005,58306.260836040005,0.0,58306.260836040005,1,False
B1900439300000,11261804.5,6458527.0,4803277.5,11261804.5,4,True
B1900442300000,6835672.54,0.0,6835672.54,6835672.54,2,True
B1900445000000,2166601.5,0.0,2166601.5,2166601.5,1,True
B1900446600000,556877.6,0.0,556877.6,556877.6,1,True
B1900447700000,5371893.1120873,0.0,5371893.1120873,5371893.1120873,1,True
B1900447800000,8602338.79679112,8235724.73468312,366614.062108,7923165.39058676,2,True
B1900448000000,1224431.5999999999,1224431.5999999999,0.0,1224431.5999999999,1,False
B1900448200000,4153099.8,2291788.8,1861311.0,4153099.8,2,True
B1900448300000,216373.483599,216373.483599,0.0,216373.483599,1,False
B1900448700000,867977.2712399999,262372.88123999996,605604.39,605604.39,2,True
B1900450400000,662626.716,662626.716,0.0,662626.716,1,False
B1900452000000,58306.260836040005,58306.260836040005,0.0,58306.260836040005,1,False
B1900452200000,4094884.1999999997,4094884.1999999997,0.0,4094884.1999999997,1,False
B1900453000000,288880.2,0.0,288880.2,288880.2,1,True
B1900453800000,766103.219632,766103.219632,0.0,766103.219632,1,False
B1900454100000,1064212.4978934,0.0,1064212.4978934,1064212.4978934,1,True
B1900454200000,11632675.56479265,6288391.86479265,5344283.7,11632675.56479265,3,True
B1900460900000,407627.109,407627.109,0.0,407627.109,1,False
B1900461300000,3415329.99414432,3415329.99414432,0.0,3143852.16414432,1,False
B1900461500000,1205645.32088,1205645.32088,0.0,1205645.32088,1,False
B1900461700000,744288.013503,744288.013503,0.0,744288.013503,1,False
B1900463100000,2096186.838934,893684.6889340001,1202502.15,2096186.838934,2,True
B1900468100000,1745805.070408,0.0,1745805.070408,1745805.070408,3,True
B1900468200000,231707.7504,0.0,231707.7504,231707.7504,1,True
B1900468300000,9586493.94485764,5409911.94485764,4176582.0,9586493.94485764,2,True
B1900471700000,165333.24976,165333.24976,0.0,165333.24976,1,False
B1900477300000,865848.0599999999,0.0,865848.0599999999,865848.0599999999,1,True
B1900478400000,4176582.0,0.0,4176582.0,4176582.0,1,True
B1900478800000,966765.33154,966765.33154,0.0,966765.33154,1,False
B1900479000000,4333203.0,0.0,4333203.0,4333203.0,1,True
B1900484900000,1572843.87412992,1572843.87412992,0.0,1572843.87412992,1,False
B1900486200000,3224309.76,3224309.76,0.0,3224309.76,1,False
B1900486900000,3408362.7158475798,2230516.5,1177846.21584758,3408362.7158475798,2,True
B1900487000000,326900.97402393003,326900.97402393003,0.0,326900.97402393003,1,False
B1900487100000,7391471.8672454,3214889.8672454,4176582.0,6695374.8672454,3,True
B1900489000000,149562.570752,149562.570752,0.0,149562.570752,1,False
B1900489400000,3771520.2958245003,0.0,3771520.2958245003,3771520.2958245003,1,True
B1900489800000,577810.6289840001,0.0,577810.6289840001,577810.6289840001,2,True
B1900490100000,1210047.587655,1210047.587655,0.0,1210047.587655,1,False
B1900493300000,1014529.04,0.0,1014529.04,1014529.04,1,True
B1900494500000,510797.0418432,510797.0418432,0.0,510797.0418432,1,False
B1900494600000,2301695.0044874996,2301695.0044874996,0.0,2301695.0044874996,1,False
B1900498800000,4834034.47487186,2877596.08237196,1956438.3924999,4834034.47487186,3,True
B1900500400000,653112.551848,0.0,653112.551848,653112.551848,1,True
B1900500500000,14907254.47900219,0.0,14907254.47900219,14907254.47900219,2,True
B1900504800000,699675.2,699675.2,0.0,699675.2,1,False
B1900505000000,1285538.88082028,0.0,1285538.88082028,1285538.88082028,1,True
B1900505100000,1853582.0922035999,1853582.0922035999,0.0,1853582.0922035999,1,False
B1900505800000,2513030.43354,2513030.43354,0.0,2513030.43354,1,False
B1900506600000,962297.0700000001,0.0,962297.0700000001,962297.0700000001,1,True
B1900507200000,1819155.52,1224431.6,594723.92,1819155.52,2,True
B1900508000000,11156190.409999998,5555145.0,5601045.41,11156190.409999998,5,True
B1900513800000,6607771.516465571,1852544.8766865702,4755226.639779,6607771.516465571,3,True
B1900514000000,357202.94399999996,357202.94399999996,0.0,357202.94399999996,1,False
B1900524900000,433320.3,0.0,433320.3,433320.3,1,True
B1900525000000,629707.6799999999,629707.6799999999,0.0,629707.6799999999,1,False
B1900525100000,1531413.4,0.0,1531413.4,1531413.4,1,True
B1900526700000,1784413.2000000002,1784413.2000000002,0.0,1784413.2000000002,1,False
B1900529800000,1693793.01,1693793.01,0.0,1693793.01,1,False
B1900531900000,1156974.0,1156974.0,0.0,1156974.0,1,False
B1900533600000,2623782.0,2623782.0,0.0,2623782.0,1,False
B1900534400000,450000.0,0.0,450000.0,450000.0,1,True
B1900535100000,1345299.75147,1345299.75147,0.0,1345299.75147,1,False
B1900535300000,3689314.0999999996,0.0,3689314.0999999996,3689314.0999999996,1,True
B1900536500000,20193439.514094,0.0,20193439.514094,20193439.514094,1,True
B1900537000000,678939.2456039999,678939.2456039999,0.0,678939.2456039999,1,False
B1900542000000,1428125.3644,0.0,1428125.3644,1428125.3644,1,True
B1900542100000,1200545.595,1200545.595,0.0,1200545.595,1,False
B1900542900000,335035.98,335035.98,0.0,335035.98,1,False
B1900545200000,2249614.722,2249614.722,0.0,2249614.722,2,False
B1900547900000,608388.7779999999,0.0,608388.7779999999,608388.7779999999,1,True
B1900548000000,6673349.479478701,0.0,6673349.479478701,6673349.479478701,1,True
B1900548300000,3947047.66,2370816.0,1576231.6600000001,3947047.66,2,True
B1900555000000,667335.0,0.0,667335.0,667335.0,1,True
B1900561100000,3494015.274316,3494015.274316,0.0,3494015.274316,1,False
B1900563800000,1568130.5654783999,1568130.5654783999,0.0,1568130.5654783999,1,False
B1900564100000,3099004.1444549,0.0,3099004.1444549,3099004.1444549,1,True
B1900564800000,4336541.5405053,0.0,4336541.5405053,4336541.5405053,1,True
B1900570100000,632217.6,632217.6,0.0,632217.6,1,False
B1900571100000,11341265.072643802,4372970.0,6968295.0726438,11341265.072643802,5,True
B1900572300000,4176582.0,0.0,4176582.0,4176582.0,1,True
B1900572600000,9832121.504703,7610063.504702999,2222058.0,9832121.504703,2,True
B1900572800000,1993479.5115450001,1993479.5115450001,0.0,1993479.5115450001,1,False
B1900576900000,4004010.0,0.0,4004010.0,4004010.0,2,True
B1900578700000,1641234.535399,0.0,1641234.535399,1641234.535399,1,True
B1900579700000,216660.15,216660.15,0.0,216660.15,1,False
B1900582500000,2751253.7828,0.0,2751253.7828,2751253.7828,2,True
B1900583000000,7933154.13639183,5641365.33639183,2291788.8,7933154.13639183,2,True
B1900583200000,3253161.8804638,1350842.9054638,1902318.9749999999,3253161.8804638,2,True
B1900584400000,446103.30000000005,446103.30000000005,0.0,446103.30000000005,1,False
B1900584500000,1223539.51412,1223539.51412,0.0,1223539.51412,1,False
B1900585300000,223021.47,223021.47,0.0,223021.47,1,False
B1900588100000,837589.95,837589.95,0.0,837589.95,1,False
B1900588900000,667705.12820207,370302.92820207,297402.2,667705.12820207,2,True
B1900589000000,356502.479763,356502.479763,0.0,356502.479763,1,False
B1900589200000,10383054.307500001,5922021.3075,4461033.0,10383054.307500001,2,True
B1900590100000,524756.4,524756.4,0.0,524756.4,1,False
B1900590800000,1754524.2789,0.0,1754524.2789,1754524.2789,1,True
B1900591800000,1372180.95,1372180.95,0.0,1372180.95,1,False
B1900592900000,5363648.677,0.0,5363648.677,5363648.677,3,True
B1900593100000,3421159.437078,0.0,3421159.437078,3421159.437078,2,True
B1900593500000,2129478.3452,2129478.3452,0.0,2129478.3452,1,False
B1900594800000,8534937.6,0.0,8534937.6,8534937.6,2,True
B1900595100000,930653.6386889999,930653.6386889999,0.0,930653.6386889999,1,False
B1900596400000,1202414.65344,1202414.65344,0.0,1202414.65344,1,False
B1900597000000,1928592.5,1928592.5,0.0,1580544.0,1,False
B1900597200000,2229665.51808,2229665.51808,0.0,2229665.51808,1,False
B1900597300000,4175829.7975818003,0.0,4175829.7975818003,4175829.7975818003,1,True
B1900605200000,210434.78169,210434.78169,0.0,210434.78169,1,False
B1900606600000,3955351.020885,3955351.020885,0.0,3955351.020885,1,False
B1900609700000,1139086.50653007,0.0,1139086.50653007,1139086.50653007,1,True
B1900611200000,262378.2,262378.2,0.0,262378.2,1,False
B1900616500000,1675179.9,1675179.9,0.0,1675179.9,1,False
B1900616600000,5246206.8499386,0.0,5246206.8499386,5246206.8499386,3,True
B1900617900000,81629.356396,81629.356396,0.0,81629.356396,1,False
B1900618000000,11593041.05,4985387.0,6607654.05,11593041.05,5,True
B1900623300000,1171906.2830608,1171906.2830608,0.0,1171906.2830608,1,False
B1900623600000,4180820.9985248004,3918442.7985248,0.0,3918442.7985248,2,False
B1900624500000,1108985.192,0.0,1108985.192,1108985.192,1,True
B1900630800000,2671119.36,2671119.36,0.0,2671119.36,1,False
B1900630900000,325465.62048,325465.62048,0.0,325465.62048,1,False
B2000002200000,4617620.65780281,4617620.65780281,0.0,4617620.65780281,1,False
B2000002500000,4176582.0,0.0,4176582.0,4176582.0,1,True
B2000003500000,1255932.4112865,0.0,1255932.4112865,1255932.4112865,1,True
B2000003600000,363525.12,363525.12,0.0,363525.12,1,False
B2000004600000,1441441.2882406,556960.0905299999,884481.1977106,1441441.2882406,2,True
B2000006000000,9091638.2,4758435.2,4333203.0,9091638.2,2,True
B2000006500000,1182173.745,0.0,1182173.745,1182173.745,2,True
B2000006700000,17353850.347999997,7910686.08,9443164.268,15376934.867999999,4,True
B2000007500000,94456.152,94456.152,0.0,94456.152,1,False
B2000008400000,632217.6,0.0,632217.6,632217.6,1,True
B2000008700000,530179.12768632,530179.12768632,0.0,530179.12768632,1,False
B2000008800000,2662037.554176,2662037.554176,0.0,2662037.554176,1,False
B2000010600000,1077107.1721019999,1077107.1721019999,0.0,1077107.1721019999,1,False
B2000011200000,4185083.8150008596,4185083.8150008596,0.0,4185083.8150008596,1,False
B2000026600000,297402.2,0.0,297402.2,297402.2,1,True
B2000026900000,322666.86807208,322666.86807208,0.0,322666.86807208,1,False
B2000028000000,1445969.4964,1445969.4964,0.0,1445969.4964,1,False
B2000028300000,585214.6100913,0.0,585214.6100913,585214.6100913,1,True
B2000034100000,10729725.055,6317080.0,4412645.055,5857046.055,4,True
B2000034400000,1264435.2,0.0,1264435.2,1264435.2,1,True
B2000038100000,349837.6,0.0,349837.6,349837.6,1,True
B2000038400000,1470212.33268,1470212.33268,0.0,1470212.33268,1,False
B2000040200000,2974022.0,743505.5,2230516.5,2974022.0,2,True
B2000041300000,5799280.2968369005,0.0,5799280.2968369005,5799280.2968369005,3,True
B2000042800000,1481583.4098500002,1481583.4098500002,0.0,1481583.4098500002,1,False
B2000042900000,349837.6,0.0,349837.6,349837.6,1,True
B2000043200000,1050424.5704,594804.4,455620.17040000006,1050424.5704,3,True
B2000043400000,395136.0,395136.0,0.0,395136.0,1,False
B2000044900000,1713524.1193855002,1713524.1193855002,0.0,1713524.1193855002,1,False
B2000045000000,4176582.0,0.0,4176582.0,4176582.0,1,True
B2000045700000,1440631.2368,1440631.2368,0.0,1440631.2368,1,False
B2000047900000,4272844.4078054,4272844.4078054,0.0,3720675.0686939997,1,False
B2000048800000,395136.0,395136.0,0.0,395136.0,1,False
B2000050400000,675775.73264651,675775.73264651,0.0,675775.73264651,1,False
B2000055300000,316108.8,0.0,316108.8,316108.8,1,True
B2000055900000,1046164.1812999999,0.0,1046164.1812999999,1046164.1812999999,1,True
B2000056100000,1811846.6601749999,1811846.6601749999,0.0,1811846.6601749999,1,False
B2000059600000,357076.50048,357076.50048,0.0,357076.50048,1,False
B2000059800000,288880.2,0.0,288880.2,288880.2,1,True
B2000059900000,201155.745406,201155.745406,0.0,201155.745406,1,False
B2000060300000,1946875.46667,1946875.46667,0.0,1946875.46667,1,False
B2000060400000,763137.51,763137.51,0.0,763137.51,1,False
B2000064200000,1946465.97825,1946465.97825,0.0,1946465.97825,1,False
B2000064800000,579934.29,579934.29,0.0,579934.29,1,False
B2000065100000,12770251.509096779,0.0,12770251.509096779,12770251.509096779,1,True
B2000065400000,3570248.6939715,0.0,3570248.6939715,3570248.6939715,1,True
B2000065800000,11736182.8344,5583933.0,6152249.8344,11736182.8344,3,True
B2000066500000,3645706.49143404,3645706.49143404,0.0,3645706.49143404,1,False
B2000067200000,4176582.0,0.0,4176582.0,4176582.0,2,True
B2000069400000,1115258.25,1115258.25,0.0,1115258.25,1,False
B2000070300000,10024594.8,4176582.0,5848012.8,5848012.8,4,True
B2000070700000,2345251.86,2345251.86,0.0,2345251.86,1,False
B2000072100000,624029.0386176,0.0,624029.0386176,624029.0386176,1,True
B2000073200000,557629.125,557629.125,0.0,557629.125,1,False
B2000075900000,1178057.83213503,0.0,1178057.83213503,1178057.83213503,1,True
B2000076800000,3556224.0,3556224.0,0.0,3556224.0,1,False
B2000078000000,12163653.574469801,6977192.6671968,5186460.907273,12163653.574469801,4,True
B2000078100000,218358.134792,0.0,218358.134792,218358.134792,1,True
B2000080900000,4461033.0,0.0,4461033.0,4461033.0,1,True
B2000081700000,6123052.76213764,0.0,6123052.76213764,6123052.76213764,2,True
B2000090900000,3238353.549264,3238353.549264,0.0,3238353.549264,1,False
B2000096200000,13496528.0745218,6324887.0107178,7171641.063804,13496528.0745218,4,True
B2000096300000,1192529.6519472,1192529.6519472,0.0,1192529.6519472,1,False
B2000096400000,148571.136,0.0,148571.136,148571.136,1,True
B2000096500000,3255168.9705007197,2902219.67,352949.30050072,3255168.9705007197,4,True
B2000097000000,2007464.85,0.0,2007464.85,2007464.85,1,True
B2000097600000,778447.0350000001,778447.0350000001,0.0,778447.0350000001,1,False
B2000098200000,2978097.6,2978097.6,0.0,2978097.6,1,False
B2000099000000,607716.116513,607716.116513,0.0,607716.116513,1,False
B2000100300000,1729334.31256,1729334.31256,0.0,1729334.31256,1,False
B2000100400000,81628.76167208,81628.76167208,0.0,81628.76167208,1,False
B2000100500000,279870.08,279870.08,0.0,279870.08,1,False
B2000100700000,698895.17,698895.17,0.0,698895.17,1,False
B2000102100000,4144665.7019550796,0.0,4144665.7019550796,4144665.7019550796,2,True
B2000102800000,9468599.55477465,1701733.362726,7766866.192048649,9468599.55477465,3,True
B2000106900000,2402426.88,2402426.88,0.0,2402426.88,1,False
B2000107100000,780680.775,780680.775,0.0,780680.775,1,False
B2000108600000,347345.94774337,347345.94774337,0.0,347345.94774337,1,False
B2000110400000,3376157.57046,0.0,3376157.57046,3376157.57046,1,True
B2000111500000,5155830.3532134,5155830.3532134,0.0,5155830.3532134,1,False
B2000111800000,8191430.05205504,0.0,8191430.05205504,8191430.05205504,2,True
B2000112100000,79027.2,79027.2,0.0,79027.2,1,False
B2000112200000,594777.6338020001,594777.6338020001,0.0,594777.6338020001,1,False
B2000112600000,6535413.345000001,0.0,6535413.345000001,6535413.345000001,2,True
B2000112700000,368539.578,368539.578,0.0,368539.578,1,False
B2000114300000,305801.7921,305801.7921,0.0,305801.7921,1,False
B2000114900000,594804.4,594804.4,0.0,594804.4,1,False
B2000115000000,395136.0,0.0,395136.0,395136.0,1,True
B2000115500000,178441.32,0.0,178441.32,178441.32,1,True
B2000117400000,1412660.4500000002,1412660.4500000002,0.0,1412660.4500000002,1,False
B2000120400000,2791966.5,2791966.5,0.0,2791966.5,1,False
B2000124100000,1574269.2,1574269.2,0.0,1574269.2,1,False
B2000127000000,3665982.1329599996,3665982.1329599996,0.0,3665982.1329599996,1,False
B2000127100000,780680.775,780680.775,0.0,780680.775,1,False
B2000127200000,3858751.8578850003,0.0,3858751.8578850003,3858751.8578850003,1,True
B2000127500000,9622380.6711716,4038447.6711716005,5583933.0,9622380.6711716,2,True
B2000129200000,279196.64999999997,279196.64999999997,0.0,279196.64999999997,1,False
B2000130600000,1048830.61668,1048830.61668,0.0,1048830.61668,1,False
B2000136800000,340082.389722,340082.389722,0.0,340082.389722,1,False
B2000139000000,883284.5340000001,883284.5340000001,0.0,883284.5340000001,1,False
B2000142200000,806464.50925852,806464.50925852,0.0,806464.50925852,1,False
B2000142400000,1858763.75,1858763.75,0.0,1858763.75,1,False
B2000142500000,979355.575628,0.0,979355.575628,979355.575628,1,True
B2000143100000,4605609.02739523,0.0,4605609.02739523,4605609.02739523,2,True
B2000144800000,1364136.2187899998,1364136.2187899998,0.0,1364136.2187899998,1,False
B2000145200000,3351235.5,3351235.5,0.0,3351235.5,1,False
B2000145400000,1508145.85086,1508145.85086,0.0,1508145.85086,1,False
B2000151600000,744524.4,744524.4,0.0,744524.4,1,False
B2000152800000,2054707.2,2054707.2,0.0,2054707.2,1,False
B2000154700000,1570437.7187494,790133.03857152,780304.68017788,1570437.7187494,2,True
B2000154900000,731597.9469999999,731597.9469999999,0.0,0.0,1,False
B2000155000000,1749188.0,0.0,1749188.0,1749188.0,1,True
B2000157600000,81628.76167208,81628.76167208,0.0,81628.76167208,1,False
B2000158900000,1623688.3605687502,661634.96056875,962053.4,1623688.3605687502,3,True
B2000160000000,874594.0,874594.0,0.0,874594.0,1,False
B2000162700000,1205258.052096,0.0,1205258.052096,1205258.052096,1,True
B2000163700000,1023721.0499999999,0.0,1023721.0499999999,1023721.0499999999,1,True
B2000163800000,9349161.9,8604637.5,744524.4,9349161.9,2,True
B2000172600000,651458.85,651458.85,0.0,651458.85,1,False
B2000172800000,2914040.933673,0.0,2914040.933673,2914040.933673,1,True
B2000173300000,1489048.8,1489048.8,0.0,1489048.8,1,False
B2000173600000,632217.6,0.0,632217.6,632217.6,1,True
B2000173800000,654079.990998,654079.990998,0.0,654079.990998,1,False
B2000177900000,719713.324,719713.324,0.0,719713.324,1,False
B2000180800000,1307440.08059805,0.0,1307440.08059805,1307440.08059805,1,True
B2000183900000,649980.4500000001,0.0,649980.4500000001,649980.4500000001,1,True
B2000184400000,614864.17839,614864.17839,0.0,614864.17839,1,False
B2000184900000,265148.69488128,265148.69488128,0.0,265148.69488128,1,False
B2000185600000,758375.61,758375.61,0.0,758375.61,1,False
B2000192900000,2156892.69196284,2156892.69196284,0.0,2156892.69196284,1,False
B2000199400000,1503008.6325,1503008.6325,0.0,1503008.6325,1,False
B2000200100000,780680.775,780680.775,0.0,780680.775,1,False
B2000200900000,172655.20836,172655.20836,0.0,172655.20836,1,False
B2000201000000,520153.24,520153.24,0.0,297402.2,1,False
B2000201800000,669124.0201712,669124.0201712,0.0,669124.0201712,1,False
B2000201900000,241199.82967752,0.0,241199.82967752,241199.82967752,1,True
B2000202000000,860596.0674811,0.0,860596.0674811,860596.0674811,2,True
B2000202100000,1858763.75,1858763.75,0.0,1858763.75,1,False
B2000204300000,2419704.3,2419704.3,0.0,2419704.3,1,False
B2000204400000,668988.2560669001,668988.2560669001,0.0,668988.2560669001,1,False
B2000205100000,1222536.84360192,1222536.84360192,0.0,1222536.84360192,1,False
B2000205300000,988706.1788450001,988706.1788450001,0.0,988706.1788450001,1,False
B2000205400000,915192.8457782201,915192.8457782201,0.0,915192.8457782201,1,False
B2000207600000,1582427.0502479998,1582427.0502479998,0.0,1582427.0502479998,1,False
B2000210600000,1011345.94023024,1011345.94023024,0.0,1011345.94023024,1,False
B2000211700000,2719466.1374026197,0.0,2719466.1374026197,2719466.1374026197,1,True
B2000221100000,449878.8687,449878.8687,0.0,449878.8687,1,False
B2000223500000,335767.0838,335767.0838,0.0,335767.0838,1,False
B2000227100000,479038.35,262378.2,216660.15,479038.35,2,True
B2000229200000,4004010.0,0.0,4004010.0,4004010.0,1,True
B2000230700000,6986152.8519668,1738588.8519668,5247564.0,5247564.0,2,True
B2000230800000,1263959.35,1263959.35,0.0,1263959.35,1,False
B2000230900000,874594.0,874594.0,0.0,874594.0,1,False
B2000233900000,2176949.0392398,1302355.0392398,874594.0,2176949.0392398,2,True
B2000234700000,1066867.2,0.0,1066867.2,1066867.2,2,True
B2000238900000,1747026.5045999999,1747026.5045999999,0.0,1747026.5045999999,1,False
B2000239400000,262378.2,262378.2,0.0,262378.2,1,False
B2000240100000,2515520.08,2515520.08,0.0,2515520.08,1,False
B2000240200000,892206.6000000001,892206.6000000001,0.0,892206.6000000001,1,False
B2000240300000,4065824.01,4065824.01,0.0,2791966.5,1,False
B2000243800000,675214.09,0.0,675214.09,675214.09,1,True
B2000251400000,2626681.27911,0.0,2626681.27911,2626681.27911,1,True
B2000253600000,781750.62,781750.62,0.0,781750.62,1,False
B2000255200000,1574269.2,1574269.2,0.0,1574269.2,1,False
B2000255600000,591400.4628,591400.4628,0.0,591400.4628,1,False
B2000259000000,552667.1876858,552667.1876858,0.0,0.0,1,False
B2000263300000,731609.412,731609.412,0.0,731609.412,1,False
B2000264700000,58306.260836040005,58306.260836040005,0.0,58306.260836040005,1,False
B2000264800000,1561361.55,1561361.55,0.0,1561361.55,1,False
B2000277900000,6330713.647524359,558393.2999999999,5772320.34752436,6330713.647524359,4,True
B2000284300000,1503791.202816,1503791.202816,0.0,1503791.202816,1,False
B2000284700000,530268.1226,530268.1226,0.0,530268.1226,1,False
B2000290500000,208829.09999999998,0.0,208829.09999999998,208829.09999999998,1,True
B2000292100000,1858763.75,1858763.75,0.0,1858763.75,1,False
B2000294200000,274083.44689152,274083.44689152,0.0,274083.44689152,1,False
B2000295000000,2118095.3815127397,0.0,2118095.3815127397,2118095.3815127397,1,True
B2000297200000,1309373.918468,1309373.918468,0.0,1309373.918468,1,False
B2000312500000,577760.4,0.0,577760.4,577760.4,1,True
B2000312900000,1997983.15,1997983.15,0.0,1997983.15,1,False
B2000313600000,3552138.3727871994,3552138.3727871994,0.0,3552138.3727871994,1,False
B2000319500000,1397884.48128,607612.48128,790272.0,1397884.48128,2,True
B2000320300000,1836647.4,1311891.0,524756.4,1836647.4,3,True
B2000321700000,2398597.03326,2398597.03326,0.0,2398597.03326,1,False
B2000322000000,94832.64,0.0,94832.64,94832.64,1,True
B2000322300000,806860.7932638001,806860.7932638001,0.0,806860.7932638001,1,False
B2000323600000,837799.4697792501,0.0,837799.4697792501,837799.4697792501,1,True
B2000324500000,2079959.2031699999,2079959.2031699999,0.0,2079959.2031699999,1,False
B2000325100000,222821.41540669996,222821.41540669996,0.0,222821.41540669996,1,False
B2000326100000,446103.30000000005,446103.30000000005,0.0,446103.30000000005,1,False
B2000327800000,403736.25999999995,0.0,403736.25999999995,403736.25999999995,1,True
B2000328300000,130291.76999999999,130291.76999999999,0.0,130291.76999999999,1,False
B2000328500000,721928.0844599999,721928.0844599999,0.0,721928.0844599999,1,False
B2000332600000,2138321.818,2138321.818,0.0,2138321.818,1,False
B2000335200000,1646979.005952,1646979.005952,0.0,1646979.005952,1,False
B2000336900000,950766.965355,950766.965355,0.0,950766.965355,1,False
B2000337100000,2292014.8139270004,0.0,2292014.8139270004,2292014.8139270004,2,True
B2000337200000,1114925.2889999999,1114925.2889999999,0.0,1114925.2889999999,1,False
B2000338200000,3717527.5,3717527.5,0.0,3717527.5,1,False
B2000338900000,3935673.0,3935673.0,0.0,3935673.0,1,False
B2000339200000,711027.1978677,236863.99786770003,474163.2,711027.1978677,2,True
B2000340300000,743505.5,743505.5,0.0,743505.5,1,False
B2000340700000,4648241.6068992205,4648241.6068992205,0.0,4648241.6068992205,1,False
B2000344400000,149730.4928,149730.4928,0.0,149730.4928,1,False
B2000346300000,3345774.75,3345774.75,0.0,3345774.75,1,False
B2000352100000,540689.0956880001,540689.0956880001,0.0,540689.0956880001,1,False
B2000360900000,1015628.513,1015628.513,0.0,1015628.513,1,False
B2000361000000,360959.56793659995,0.0,360959.56793659995,360959.56793659995,1,True
B2000361300000,801171.7865800001,801171.7865800001,0.0,801171.7865800001,1,False
B2000362200000,2140781.8649178,0.0,2140781.8649178,2140781.8649178,1,True
B2000364100000,2584038.5,2584038.5,0.0,2584038.5,1,False
B2000365500000,769882.9824,0.0,769882.9824,769882.9824,2,True
B2000367000000,17023118.912384838,12689915.91238484,4333203.0,12709102.5,3,True
B2000374000000,5422482.78250812,0.0,5422482.78250812,5422482.78250812,3,True
B2000375500000,930655.5,930655.5,0.0,930655.5,1,False
B2000375600000,237081.6,0.0,237081.6,237081.6,1,True
B2000375900000,1446983.1713999999,1446983.1713999999,0.0,1446983.1713999999,1,False
B2000378500000,1858763.75,1858763.75,0.0,1858763.75,1,False
B2000383500000,2733980.2169187004,0.0,2733980.2169187004,2733980.2169187004,1,True
B2000386800000,3429710.234,3429710.234,0.0,3429710.234,1,False
B2000397100000,393005.08147177997,393005.08147177997,0.0,393005.08147177997,1,False
B2000397200000,433320.30000000005,0.0,433320.30000000005,433320.30000000005,2,True
B2000402100000,1858763.75,1858763.75,0.0,1858763.75,1,False
B2000402300000,1513596.69096615,0.0,1513596.69096615,1513596.69096615,1,True
B2000405700000,2133734.4,2133734.4,0.0,2133734.4,1,False
B2000406100000,327142.42000000004,327142.42000000004,0.0,327142.42000000004,1,False
B2000411200000,4116575.918394,4116575.918394,0.0,4116575.918394,1,False
B2000413400000,308719.9894221,308719.9894221,0.0,308719.9894221,1,False
B2000414400000,139219.4,139219.4,0.0,0.0,1,False
B2000417200000,6792750.688815,0.0,6792750.688815,6792750.688815,2,True
B2000428000000,3908753.1,3908753.1,0.0,3908753.1,1,False
B2000429100000,3257017.369326,3257017.369326,0.0,3257017.369326,1,False
B2000430200000,1806662.9090399998,1806662.9090399998,0.0,1806662.9090399998,1,False
B2000432900000,1330837.365,1330837.365,0.0,1330837.365,1,False
B2000436400000,3566909.60121981,2496655.77621981,1070253.825,3566909.60121981,3,True
B2000436900000,131189.1,131189.1,0.0,131189.1,1,False
B2000437800000,820830.072,820830.072,0.0,820830.072,1,False
B2000439400000,3033242.1,3033242.1,0.0,3033242.1,1,False
B2000439700000,1949941.35,1949941.35,0.0,1949941.35,1,False
B2000440700000,6664331.3875,5111600.3125,1552731.075,6664331.3875,2,True
B2000441300000,1209852.15,1209852.15,0.0,1209852.15,1,False
B2000452700000,892206.6000000001,892206.6000000001,0.0,892206.6000000001,1,False
B2000453400000,5200508.85,4839408.6,361100.25,5200508.85,2,True
B2000454300000,3836638.37447415,0.0,3836638.37447415,3836638.37447415,3,True
B2000454900000,1587101.16,0.0,1587101.16,1587101.16,1,True
B2000459200000,579934.29,579934.29,0.0,579934.29,1,False
B2000459700000,5583988.83933,5583988.83933,0.0,5583988.83933,1,False
B2000459900000,1271993.6800000002,1153032.8,118960.88,993554.88,2,True
B2000461200000,4782371.15,4782371.15,0.0,1997983.15,1,False
B2000461900000,303334.70920499996,0.0,303334.70920499996,303334.70920499996,1,True
B2000462400000,446103.30000000005,0.0,446103.30000000005,446103.30000000005,1,True
B2000468500000,1489947.2,699675.2,790272.0,1489947.2,2,True
B2000473500000,714195.522,0.0,714195.522,714195.522,1,True
B2000473600000,2227542.478,2227542.478,0.0,2227542.478,1,False
B2000474800000,3583036.43245756,0.0,3583036.43245756,3583036.43245756,1,True
B2000477300000,2370816.0,2370816.0,0.0,2370816.0,1,False
B2000477400000,284497.92,284497.92,0.0,284497.92,1,False
B2000484000000,8636695.36927567,4238754.52327567,4397940.846,6118056.05644881,3,True
B2000484500000,1858763.75,1858763.75,0.0,1858763.75,1,False
B2000484600000,1949378.1744447,0.0,1949378.1744447,1949378.1744447,1,True
B2000488900000,4399333.04,0.0,4399333.04,4399333.04,2,True
B2000489000000,2540670.90189,2540670.90189,0.0,2540670.90189,1,False
B2000494000000,1749188.0,0.0,1749188.0,1749188.0,1,True
B2000495400000,519376.5577728,519376.5577728,0.0,519376.5577728,1,False
B2000495500000,504096.72900000005,504096.72900000005,0.0,504096.72900000005,1,False
B2000495900000,283291.5342,283291.5342,0.0,283291.5342,1,False
B2000497700000,12032528.38002868,4147268.38002868,7885260.0,10256076.0,2,True
B2000499300000,330747.82687060005,330747.82687060005,0.0,330747.82687060005,1,False
B2000499400000,1721587.5497118002,0.0,1721587.5497118002,1721587.5497118002,1,True
B2000502900000,9696244.222502831,4954612.22250283,4741632.0,5519662.22250283,2,True
B2000513600000,9092088.239022,4333203.0,4758885.239022,9092088.239022,4,True
B2000523200000,2922768.907879,2885593.632879,0.0,2885593.632879,2,False
B2000524900000,189665.28,189665.28,0.0,189665.28,1,False
B2000525500000,5602859.0625,2623782.0,2979077.0625,5602859.0625,4,True
B2000526600000,2574381.9139079,0.0,2574381.9139079,2574381.9139079,1,True
B2000530100000,743160.0590369999,743160.0590369999,0.0,743160.0590369999,1,False
B2000531300000,94135.28,0.0,94135.28,94135.28,1,True
B2000532000000,5880241.593,433320.3,5446921.293,5880241.593,4,True
B2000535600000,3967567.20916428,0.0,3967567.20916428,3967567.20916428,1,True
B2000542500000,2781236.8594314503,1665978.60943145,1115258.25,2781236.8594314503,2,True
B2000556100000,930655.5,930655.5,0.0,930655.5,1,False
B2000556500000,379608.3703634,379608.3703634,0.0,379608.3703634,1,False
B2000556700000,395136.0,395136.0,0.0,395136.0,1,False
B2000562700000,910395.129765,910395.129765,0.0,910395.129765,1,False
B2100003100000,1861311.0,1861311.0,0.0,1861311.0,1,False
B2100007000000,173162.11779773998,173162.11779773998,0.0,173162.11779773998,1,False
B2100010500000,681074.169321,681074.169321,0.0,681074.169321,1,False
B2100010600000,1576055.8905907199,1576055.8905907199,0.0,1576055.8905907199,1,False
B2100010700000,4020036.3640118,2354933.2600117996,1665103.1039999998,2824168.6987315197,3,True
B2100015200000,1115258.25,1115258.25,0.0,1115258.25,1,False
B2100016600000,3211683.1545,0.0,3211683.1545,3211683.1545,1,True
B2100017600000,1511741.479941,1511741.479941,0.0,1511741.479941,1,False
B2100017700000,4597216.0,874594.0,3722622.0,4597216.0,2,True
B2100018500000,10453408.761,2445388.761,8008020.0,8008020.0,4,True
B2100024000000,262378.2,262378.2,0.0,262378.2,1,False
B2100027200000,1988199.63019648,1395495.63019648,592704.0,1988199.63019648,2,True
B2100032600000,912042.39,912042.39,0.0,912042.39,1,False
B2100033900000,632217.6,632217.6,0.0,632217.6,1,False
B2100036700000,2600941.44,2600941.44,0.0,1264435.2,1,False
B2100053500000,386797.13768920006,386797.13768920006,0.0,386797.13768920006,1,False
B2100057000000,297402.2,0.0,297402.2,297402.2,1,True
B2100058600000,309298.288,309298.288,0.0,309298.288,1,False
B2100062500000,2871412.16304852,0.0,2871412.16304852,2871412.16304852,1,True
B2100065700000,2293956.74323456,2293956.74323456,0.0,1580543.96838912,1,False
B2100070100000,11446515.530748751,7113312.53074875,4333203.0,11446515.530748751,2,True
B2100072000000,223051.65000000002,0.0,223051.65000000002,223051.65000000002,1,True
B2100072600000,1673374.42833,1673374.42833,0.0,1673374.42833,1,False
B2100073300000,1444401.0,1444401.0,0.0,1444401.0,1,False
B2100074100000,9526689.79165604,0.0,9526689.79165604,9526689.79165604,1,True
B2100074300000,201156.62,201156.62,0.0,201156.62,1,False
B2100075200000,395136.0,395136.0,0.0,395136.0,1,False
B2100075400000,1729084.30244592,1729084.30244592,0.0,1729084.30244592,1,False
B2100075500000,1187189.291925,1187189.291925,0.0,1187189.291925,1,False
B2100075900000,1733281.2,1733281.2,0.0,1733281.2,1,False
B2100076100000,453388.00808447995,453388.00808447995,0.0,453388.00808447995,1,False
B2100077600000,200200.5,0.0,200200.5,200200.5,1,True
B2100080600000,579934.29,579934.29,0.0,579934.29,1,False
B2100086500000,743184.25608,743184.25608,0.0,743184.25608,1,False
B2100103100000,4815875.0256,3626266.2256,1189608.8,4815875.0256,2,True
B2100104400000,336064.48600000003,336064.48600000003,0.0,336064.48600000003,1,False
B2100105600000,3120309.174528,3120309.174528,0.0,3120309.174528,1,False
B2100109200000,4699810.274999999,4699810.274999999,0.0,4699810.274999999,1,False
B2100109300000,522056.87972354994,522056.87972354994,0.0,522056.87972354994,1,False
B2100110200000,1050083.92484352,1050083.92484352,0.0,1050083.92484352,1,False
B2100113200000,10069514.29055753,6179735.43637712,3889778.8541804105,3889778.8541804105,3,True
B2100113300000,63847.600000000006,0.0,63847.600000000006,63847.600000000006,1,True
B2100113400000,695394.5515776001,695394.5515776001,0.0,695394.5515776001,1,False
B2100113900000,521579.51999999996,521579.51999999996,0.0,521579.51999999996,1,False
B2100115100000,307662.5759,307662.5759,0.0,307662.5759,1,False
B2100115300000,7062139.799999999,4001060.8,3061078.9999999995,6783701.0,3,True
B2100115400000,99579.27925277999,0.0,99579.27925277999,99579.27925277999,1,True
B2100119800000,743564.9804400001,743564.9804400001,0.0,743564.9804400001,1,False
B2100120000000,704340.481635,704340.481635,0.0,704340.481635,1,False
B2100120800000,282532.09,282532.09,0.0,282532.09,1,False
B2100121100000,2540707.7558478,2540707.7558478,0.0,2540707.7558478,1,False
B2100125800000,308986.01569000003,308986.01569000003,0.0,308986.01569000003,1,False
B2100131800000,1162407.137751,1057300.961751,105106.17599999999,1162407.137751,2,True
B2100132300000,58305.683604,58305.683604,0.0,58305.683604,1,False
B2100139800000,1172625.93,1172625.93,0.0,1172625.93,1,False
B2100141600000,58300.43604,58300.43604,0.0,58300.43604,1,False
B2100141800000,2605848.4291769997,2605848.4291769997,0.0,2605848.4291769997,1,False
B2100142100000,186131.1,186131.1,0.0,186131.1,1,False
B2100148000000,395136.0,395136.0,0.0,395136.0,1,False
B2100153600000,930655.5,930655.5,0.0,930655.5,1,False
B2100156800000,1412860.4830000002,1412860.4830000002,0.0,1412860.4830000002,1,False
B2100160500000,1116786.5999999999,1116786.5999999999,0.0,1116786.5999999999,1,False
B2100160900000,994066.8535000001,994066.8535000001,0.0,994066.8535000001,1,False
B2100161600000,474163.2,0.0,474163.2,474163.2,1,True
B2100166300000,5490867.45,5490867.45,0.0,5490867.45,1,False
B2100167200000,456450.6086,0.0,456450.6086,456450.6086,1,True
B2100168100000,5506489.12906448,0.0,5506489.12906448,5506489.12906448,2,True
B2100179800000,3934842.7703462397,0.0,3934842.7703462397,3934842.7703462397,1,True
B2100185000000,928957.8677228999,0.0,928957.8677228999,928957.8677228999,1,True
B2100199000000,862977.024,862977.024,0.0,862977.024,1,False
B2100206300000,632659.6089,632659.6089,0.0,632659.6089,1,False
B2100207000000,1303505.8742759998,1303505.8742759998,0.0,1303505.8742759998,1,False
B2100217200000,347719.68,347719.68,0.0,347719.68,1,False
B2100217300000,1011080.7000000001,1011080.7000000001,0.0,1011080.7000000001,1,False
B2100217400000,538787.208619,538787.208619,0.0,538787.208619,1,False
B2100218200000,3003033.6,3003033.6,0.0,3003033.6,1,False
B2100219100000,579934.29,579934.29,0.0,579934.29,1,False
B2100219200000,743505.5,743505.5,0.0,743505.5,1,False
B2100226000000,104104.26,0.0,104104.26,104104.26,1,True
B2100232400000,1292372.3532020603,1292372.3532020603,0.0,1292372.3532020603,1,False
B2100239100000,1722829.4616,1722829.4616,0.0,1722829.4616,1,False
B2100239900000,1858763.75,0.0,1858763.75,1858763.75,1,True
B2100241700000,695787.31701,695787.31701,0.0,695787.31701,1,False
B2100242000000,1061140.10549699,1061140.10549699,0.0,1061140.10549699,1,False
B2100256400000,442991.23876887,442991.23876887,0.0,442991.23876887,1,False
B2100259000000,10795055.55401362,3859368.5540136197,6935687.000000001,8380088.000000001,3,True
B2100260000000,11794435.92804,4461033.0,7333402.92804,11794435.92804,4,True
B2100261500000,765957.3961649999,765957.3961649999,0.0,765957.3961649999,1,False
B2100261800000,79442.05500000001,0.0,79442.05500000001,79442.05500000001,1,True
B2100261900000,12108692.628648318,0.0,12108692.628648318,12108692.628648318,1,True
B2100262000000,930655.5,930655.5,0.0,930655.5,1,False
B2100262100000,4333138.001955,0.0,4333138.001955,4333138.001955,1,True
B2100262500000,1858763.75,1858763.75,0.0,1858763.75,1,False
B2100263400000,7591475.92,0.0,7591475.92,7591475.92,3,True
B2100265500000,744982.282506,744982.282506,0.0,744982.282506,1,False
B2100266100000,610284.18451,610284.18451,0.0,610284.18451,1,False
B2100267900000,866927.4130000001,866927.4130000001,0.0,866927.4130000001,1,False
B2100269300000,2543727.47678865,2543727.47678865,0.0,2543727.47678865,1,False
B2100271200000,12244316.0,0.0,12244316.0,12244316.0,3,True
B2100271600000,10190754.45840985,3861442.466,6329311.9924098505,8953093.99240985,4,True
B2100272900000,20374663.9639304,0.0,20374663.9639304,20374663.9639304,1,True
B2100277700000,676694.646495,676694.646495,0.0,676694.646495,1,False
B2100278600000,81628.76167208,81628.76167208,0.0,81628.76167208,1,False
B2100278800000,5360691.502619999,0.0,5360691.502619999,5360691.502619999,1,True
B2100281200000,1005303.096,0.0,1005303.096,1005303.096,1,True
B2100281700000,3194009.676,3194009.676,0.0,3194009.676,1,False
B2100282000000,2791966.5,2791966.5,0.0,2791966.5,1,False
B2100282100000,3307287.91894091,1374173.61894091,1933114.3,3028849.1189409103,2,True
B2100282200000,19546380.43441584,10073164.25941584,9473216.174999999,15592201.42591584,4,True
B2100290600000,4741632.0,0.0,4741632.0,4741632.0,1,True
B2100294600000,2088291.0000000002,0.0,2088291.0000000002,2088291.0000000002,3,True
B2100298400000,744524.4,744524.4,0.0,744524.4,1,False
B2100301200000,416512.44140962,416512.44140962,0.0,416512.44140962,1,False
B2100301600000,4425523.2,4425523.2,0.0,4425523.2,1,False
B2100302700000,3503461.8672295795,0.0,3503461.8672295795,3503461.8672295795,1,True
B2100304600000,744500.202957,744500.202957,0.0,744500.202957,1,False
B2100306300000,375057.0636,375057.0636,0.0,0.0,1,False
B2100308500000,1898537.22,1898537.22,0.0,1898537.22,1,False
B2100313500000,309298.288,309298.288,0.0,309298.288,1,False
B2100322200000,1954376.55,1954376.55,0.0,1954376.55,1,False
B2100322700000,11505378.1271048,5683344.369810641,5822033.757294159,11505378.1271048,3,True
B2100323600000,1767699.5171312802,0.0,1767699.5171312802,1767699.5171312802,1,True
B2100324200000,569525.213,569525.213,0.0,569525.213,1,False
B2100324700000,763858.0195093399,0.0,763858.0195093399,763858.0195093399,1,True
B2100326400000,1177709.170341,1177709.170341,0.0,1177709.170341,1,False
B2100326700000,371752.75,371752.75,0.0,371752.75,1,False
B2100328100000,347178.738816,347178.738816,0.0,347178.738816,1,False
B2100332000000,713765.28,713765.28,0.0,713765.28,1,False
B2100333300000,1786256.17970688,0.0,1786256.17970688,1786256.17970688,1,True
B2100335600000,446103.30000000005,446103.30000000005,0.0,446103.30000000005,1,False
B2100339300000,1665742.98646,1665742.98646,0.0,1665742.98646,1,False
B2100339600000,1382976.0,0.0,1382976.0,1382976.0,1,True
B2100347700000,2088291.0,0.0,2088291.0,2088291.0,2,True
B2100349700000,1933114.3,1933114.3,0.0,1933114.3,1,False
B2100357600000,1401708.75431466,1401708.75431466,0.0,1401708.75431466,1,False
B2100357900000,648188.8390656001,648188.8390656001,0.0,648188.8390656001,1,False
B2100359600000,3429800.3014372005,0.0,3429800.3014372005,3429800.3014372005,1,True
B2100362100000,2776905.90002812,0.0,2776905.90002812,2776905.90002812,3,True
B2100362700000,481699.12399999995,481699.12399999995,0.0,481699.12399999995,1,False
B2100363400000,5397729.755585641,0.0,5397729.755585641,5397729.755585641,1,True
B2100364800000,3732582.9699999997,2617324.7199999997,1115258.25,1393697.05,2,True
B2100366200000,1635712.1,1635712.1,0.0,1635712.1,1,False
B2100366300000,635948.507359,635948.507359,0.0,635948.507359,1,False
B2100371800000,3453416.281744,1801327.805744,1652088.476,3453416.281744,3,True
B2100390800000,2108834.23961794,0.0,2108834.23961794,2108834.23961794,2,True
B2100401000000,5220727.5,0.0,5220727.5,5220727.5,2,True
B2100403800000,1442331.02232576,0.0,1442331.02232576,1442331.02232576,1,True
B2100406300000,2308025.64,2308025.64,0.0,2308025.64,1,False
B2100408100000,4042634.968494,3963607.7684939997,0.0,3963607.7684939997,3,False
B2100408300000,3359482.25381562,3359482.25381562,0.0,2251963.05271206,2,False
B2100413100000,1490000.0,0.0,1340000.0,1340000.0,3,True
B2100414300000,3971233.841475,0.0,3971233.841475,3971233.841475,1,True
B2100415100000,829785.6,0.0,829785.6,829785.6,2,True
B2100417500000,624544.62,624544.62,0.0,624544.62,1,False
B2100423400000,2230180.4355140002,2230180.4355140002,0.0,2230180.4355140002,1,False
B2100424200000,1572711.14583456,0.0,1572711.14583456,1572711.14583456,2,True
B2100425000000,707298.18,0.0,707298.18,707298.18,2,True
B2100427100000,641760.4890345,641760.4890345,0.0,641760.4890345,1,False
B2100427500000,1472791.40068599,1472791.40068599,0.0,619423.81328199,1,False
B2100432000000,4461032.985129891,0.0,4461032.985129891,4461032.985129891,1,True
B2100433700000,4003341.9442782,0.0,4003341.9442782,4003341.9442782,1,True
B2100433800000,4021122.0501281605,3757606.1399981603,263515.91013000003,4021122.0501281605,2,True
B2100445800000,1817240.27412525,0.0,1817240.27412525,1817240.27412525,2,True
B2100446000000,690065.5104,690065.5104,0.0,690065.5104,1,False
B2100446100000,3830856.0000000005,0.0,3830856.0000000005,3830856.0000000005,1,True
B2100449200000,651458.85,651458.85,0.0,651458.85,1,False
B2100449500000,371752.75,0.0,371752.75,371752.75,1,True
B2100450300000,2891855.79773976,2891855.79773976,0.0,2370816.0,1,False
B2100450400000,794420.55,0.0,794420.55,794420.55,1,True
B2100452000000,487267.89999999997,0.0,487267.89999999997,487267.89999999997,1,True
B2100452100000,3510430.0,2370816.0,1139614.0,3510430.0,2,True
B2100454200000,223051.65000000002,0.0,223051.65000000002,223051.65000000002,1,True
B2100458300000,5055403.5,0.0,5055403.5,5055403.5,2,True
B2100460000000,748694.0614761199,0.0,748694.0614761199,748694.0614761199,1,True
B2100460300000,2678308.6644148,0.0,2678308.6644148,2678308.6644148,1,True
B2100460500000,256509.39750000002,256509.39750000002,0.0,256509.39750000002,1,False
B2100466100000,2540689.515,2540689.515,0.0,2540689.515,1,False
B2100472800000,4935289.5,4935289.5,0.0,4935289.5,1,False
B2100479300000,557629.125,557629.125,0.0,557629.125,1,False
B2100484600000,2668113.008935,2668113.008935,0.0,1712204.764655,1,False
B2100488500000,744524.4,744524.4,0.0,744524.4,1,False
B2100491200000,3809870.0952844997,0.0,3809870.0952844997,3809870.0952844997,1,True
B2100496300000,4591519.188101999,0.0,4591519.188101999,4591519.188101999,2,True
B2100497300000,719773.9063200001,719773.9063200001,0.0,719773.9063200001,1,False
B2100497800000,9901546.14238326,2704868.04238326,7196678.1,9901546.14238326,4,True
B2100498100000,6713614.24017858,0.0,6713614.24017858,6713614.24017858,2,True
B2100498200000,739694.592,0.0,739694.592,739694.592,1,True
B2100507100000,2490525.285666,2490525.285666,0.0,2212086.4856660003,1,False
B2100515000000,2791966.5,2791966.5,0.0,2791966.5,1,False
B2100518800000,250594.91999999998,0.0,250594.91999999998,250594.91999999998,1,True
B2100525200000,4858198.8,0.0,4858198.8,4858198.8,2,True
B2100526500000,1390878.72,0.0,1390878.72,1390878.72,2,True
B2100529600000,1971727.691142,1971727.691142,0.0,1971727.691142,1,False
B2100532300000,4004010.0,0.0,4004010.0,4004010.0,1,True
B2100535800000,1382920.23,1382920.23,0.0,1382920.23,1,False
B2100536000000,7505876.79298384,7505876.79298384,0.0,7505876.79298384,1,False
B2200003500000,11369303.78818071,7036100.802624721,4333202.98555599,9300765.18096495,3,True
B2200004100000,2343737.5224,2343737.5224,0.0,2343737.5224,1,False
B2200012900000,1858763.75,1858763.75,0.0,1858763.75,1,False
B2200013100000,81628.77916395999,81628.77916395999,0.0,81628.77916395999,1,False
B2200015800000,981427.26,981427.26,0.0,981427.26,1,False
B2200023200000,3271424.2,3271424.2,0.0,3271424.2,1,False
B2200040500000,5437729.0,696097.0,4741632.0,5437729.0,3,True
B2200040900000,1412660.4500000002,1412660.4500000002,0.0,1412660.4500000002,1,False
B2200042500000,594804.4,0.0,594804.4,594804.4,2,True
B2200047500000,139219.4,139219.4,0.0,139219.4,1,False
B2200048000000,5247564.0,0.0,5247564.0,5247564.0,2,True
B2200050700000,7822157.25,5555145.0,2267012.25,7822157.25,2,True
B2200056700000,1602671.616,1602671.616,0.0,1602671.616,1,False
B2200057500000,892206.6000000001,892206.6000000001,0.0,892206.6000000001,1,False
B2200063900000,1392194.0,1392194.0,0.0,0.0,1,False
B2200065000000,4872679.0,4872679.0,0.0,0.0,1,False
B2200065100000,648435.5656254,0.0,648435.5656254,648435.5656254,1,True
B2200065900000,4001060.8,4001060.8,0.0,4001060.8,1,False
B2200066000000,1040808.8137685001,1040808.8137685001,0.0,1040808.8137685001,1,False
B2200066100000,1463921.1014999999,1463921.1014999999,0.0,1463921.1014999999,1,False
B2200066200000,126480.8249,0.0,126480.8249,126480.8249,2,True
B2200070400000,3722622.0,3722622.0,0.0,3722622.0,1,False
B2200073000000,139219.4,139219.4,0.0,139219.4,1,False
B2200080600000,4978451.5,4047796.0,930655.5,4978451.5,2,True
B2200085600000,446933.2,0.0,446933.2,446933.2,1,True
B2200089800000,4846122.462499999,4178787.4624999994,667335.0,2663858.3674999997,2,True
B2200102500000,3460140.39178,3460140.39178,0.0,3460140.39178,1,False
B2200104100000,1142319.43145226,0.0,1142319.43145226,1142319.43145226,2,True
B2200105200000,1124350.1627904,0.0,1124350.1627904,1124350.1627904,1,True
B2200124400000,7707484.60860349,2796533.5004559997,4910951.10814749,4910951.10814749,4,True
B2200127600000,886829.071194,886829.071194,0.0,886829.071194,1,False
B2200130100000,541650.375,0.0,541650.375,541650.375,1,True
B2200132800000,560152.15275,560152.15275,0.0,560152.15275,1,False
B2200133000000,371737.87989000004,371737.87989000004,0.0,371737.87989000004,1,False
B2200133200000,114728.52787199999,114728.52787199999,0.0,114728.52787199999,1,False
B2200136500000,1858763.75,1858763.75,0.0,1858763.75,1,False
B2200143600000,2383183.60901397,2383183.60901397,0.0,2383183.60901397,1,False
B2200145800000,139219.4,139219.4,0.0,139219.4,1,False
B2200146300000,2736147.56412586,2736147.56412586,0.0,2457708.7641258603,1,False
B2200147500000,2088291.0,0.0,2088291.0,2088291.0,1,True
B2200149500000,1262216.5879781102,1262216.5879781102,0.0,1262216.5879781102,1,False
B2200154200000,744524.4,0.0,744524.4,744524.4,1,True
B2200154300000,790272.0,0.0,790272.0,790272.0,1,True
B2200154700000,1674161.0,930655.5,743505.5,1674161.0,2,True
B2200166200000,288880.2,0.0,288880.2,288880.2,1,True
B2200171000000,847596.27,0.0,847596.27,847596.27,1,True
B2200173200000,1971315.0,0.0,1971315.0,1971315.0,1,True
B2200176000000,2695735.1148102903,0.0,2695735.1148102903,2695735.1148102903,1,True
B2200178200000,145563.1217775,0.0,145563.1217775,145563.1217775,1,True
B2200184200000,5396273.711778,222605.5467,5173668.165078,5396273.711778,3,True
B2200185400000,710200.0,0.0,710200.0,710200.0,2,True
B2200185900000,267661.98000000004,267661.98000000004,0.0,267661.98000000004,1,False
B2200186300000,101108.07,101108.07,0.0,101108.07,1,False
B2200192800000,1004616.4469600001,0.0,1004616.4469600001,1004616.4469600001,1,True
B2200202000000,3470906.7256500004,3470906.7256500004,0.0,3470906.7256500004,1,False
B2200202800000,1159211.1873070102,1159211.1873070102,0.0,1159211.1873070102,1,False
B2200203400000,1554725.9402035198,1554725.9402035198,0.0,1554725.9402035198,1,False
B2200208200000,395136.0,395136.0,0.0,395136.0,2,False
B2200208300000,133467.0,0.0,133467.0,133467.0,1,True
B2200209900000,579934.29,579934.29,0.0,579934.29,1,False
B2200210000000,2277835.242885,0.0,2277835.242885,2277835.242885,1,True
B2200210800000,1253048.8077679998,644539.3677679999,608509.44,1083423.8908079998,2,True
B2200212700000,1299960.9000000001,1299960.9000000001,0.0,1299960.9000000001,1,False
B2200214700000,1064403.85672023,1064403.85672023,0.0,1064403.85672023,1,False
B2200215900000,1101982.2162468599,0.0,1101982.2162468599,1101982.2162468599,1,True
B2200223200000,8754935.303910911,3136766.70813394,5618168.59577697,8754935.303910911,3,True
B2200224300000,2419704.3,2419704.3,0.0,2419704.3,1,False
B2200226700000,2540689.515,2540689.515,0.0,2540689.515,1,False
B2200226900000,144440.1,0.0,144440.1,144440.1,1,True
B2200228000000,722200.5,0.0,722200.5,722200.5,1,True
B2200228100000,129996.09000000001,0.0,129996.09000000001,129996.09000000001,1,True
B2200239600000,991706.5007999999,991706.5007999999,0.0,991706.5007999999,1,False
B2200243000000,1545664.189,1278730.189,266934.0,266934.0,2,True
B2200244600000,767665.4914007101,0.0,767665.4914007101,767665.4914007101,2,True
B2200246400000,505540.35000000003,0.0,505540.35000000003,505540.35000000003,1,True
B2200247300000,417554.80752509995,0.0,417554.80752509995,417554.80752509995,1,True
B2200250200000,1831938.07156,1831938.07156,0.0,1831938.07156,1,False
B2200250300000,14318080.15334766,9576448.15334766,4741632.0,11854080.0,3,True
B2200250500000,752123.53173094,752123.53173094,0.0,752123.53173094,1,False
B2200251700000,744524.4,744524.4,0.0,744524.4,1,False
B2200252300000,744524.4,744524.4,0.0,744524.4,1,False
B2200253100000,744524.4,744524.4,0.0,744524.4,1,False
B2200253400000,946779.9037,946779.9037,0.0,946779.9037,1,False
B2200258900000,319238.0,0.0,319238.0,319238.0,1,True
B2200259700000,521579.51999999996,521579.51999999996,0.0,521579.51999999996,1,False
B2200266000000,266934.0,0.0,266934.0,266934.0,1,True
B2200266300000,1113251.225772,1113251.225772,0.0,1113251.225772,1,False
B2200266500000,1933114.3,1933114.3,0.0,1933114.3,1,False
B2200285200000,4333203.0,0.0,4333203.0,4333203.0,1,True
B2200289800000,1719851.3639999998,1719851.3639999998,0.0,1719851.3639999998,1,False
B2200290900000,744524.4,744524.4,0.0,744524.4,1,False
B2200291400000,985657.5,0.0,985657.5,985657.5,1,True
B2200291800000,309298.288,309298.288,0.0,309298.288,1,False
B2200292500000,2750059.1732625,0.0,2750059.1732625,2750059.1732625,1,True
B2200292800000,1116786.5999999999,0.0,1116786.5999999999,1116786.5999999999,1,True
B2200295300000,2342147.384917,2342147.384917,0.0,2202927.984917,1,False
B2200296300000,1291003.448289,1291003.448289,0.0,1291003.448289,1,False
B2200297400000,1242734.33088,1242734.33088,0.0,1242734.33088,1,False
B2200298400000,1089137.74927,810698.94927,278438.8,1089137.74927,2,True
B2200299300000,2366729.8,2366729.8,0.0,0.0,1,False
B2200304100000,2297627.12715208,0.0,2297627.12715208,2297627.12715208,1,True
B2200306200000,3503461.86722958,0.0,3503461.86722958,3503461.86722958,2,True
B2200306500000,296257.20153,296257.20153,0.0,296257.20153,1,False
B2200307700000,1784413.2000000002,1784413.2000000002,0.0,1784413.2000000002,1,False
B2200310400000,3480696.0,0.0,3480696.0,3480696.0,1,True
B2200310600000,2107404.9442893,0.0,2107404.9442893,2107404.9442893,1,True
B2200311200000,371633.78912000003,371633.78912000003,0.0,371633.78912000003,1,False
B2200312000000,774361.2153299999,774361.2153299999,0.0,774361.2153299999,1,False
B2200313200000,1189608.8,1189608.8,0.0,1189608.8,1,False
B2200313300000,2257242.87469264,0.0,2257242.87469264,2257242.87469264,1,True
B2200315100000,1395983.25,1395983.25,0.0,1395983.25,1,False
B2200317100000,50577.407999999996,0.0,50577.407999999996,50577.407999999996,1,True
B2200322100000,446103.30000000005,446103.30000000005,0.0,446103.30000000005,1,False
B2200324500000,938958.2258400001,938958.2258400001,0.0,938958.2258400001,1,False
B2200324900000,5964905.015181299,0.0,5964905.015181299,5964905.015181299,1,True
B2200325000000,8395455.31301531,7627710.59414065,767744.71887466,6946181.35901531,2,True
B2200325200000,3830856.0000000005,0.0,3830856.0000000005,3830856.0000000005,1,True
B2200325300000,4004010.0,0.0,4004010.0,4004010.0,1,True
B2200343100000,1701552.7425,0.0,1701552.7425,1701552.7425,1,True
B2200343300000,5620983.0,4176582.0,1444401.0,1444401.0,2,True
B2200346400000,216660.15,0.0,216660.15,216660.15,1,True
B2200347700000,4461033.0,0.0,4461033.0,4461033.0,1,True
B2200349100000,2423826.3035012702,2423826.3035012702,0.0,2423826.3035012702,1,False
B2200349500000,1215942.2396,1215942.2396,0.0,0.0,1,False
B2200351200000,102156.16,0.0,102156.16,102156.16,1,True
B2200351900000,1837696.0799999998,0.0,1837696.0799999998,1837696.0799999998,1,True
B2200352000000,724012.75278,724012.75278,0.0,724012.75278,1,False
B2200356700000,1530761.649087,1399153.929087,131607.72,1530761.649087,2,True
B2200360000000,357202.94399999996,357202.94399999996,0.0,357202.94399999996,1,False
B2200361900000,4093050.36,0.0,4093050.36,4093050.36,1,True
B2200366600000,705548.5476599999,705548.5476599999,0.0,705548.5476599999,1,False
B2200367100000,744524.4,744524.4,0.0,744524.4,1,False
B2200370700000,330300.63531767996,0.0,330300.63531767996,330300.63531767996,1,True
B2200372100000,1943488.0888809,0.0,1943488.0888809,1943488.0888809,1,True
B2200375000000,1692024.7576719,1692024.7576719,0.0,1692024.7576719,1,False
B2200376500000,2424080.8744176803,0.0,2424080.8744176803,2424080.8744176803,1,True
B2200380100000,4980274.014268599,4075347.9142686,904926.1,2195886.0142686,2,True
B2200386600000,4055461.122,4055461.122,0.0,0.0,1,False
B2200390700000,262378.2,262378.2,0.0,262378.2,1,False
B2200393900000,592373.63639638,69609.7,522763.93639638,522763.93639638,2,True
B2200397100000,1172626.706097,0.0,1172626.706097,1172626.706097,1,True
B2200398000000,237081.6,0.0,237081.6,237081.6,1,True
B2200401100000,1203366.75990312,0.0,1203366.75990312,1203366.75990312,2,True
B2200404500000,1023721.0499999999,1023721.0499999999,0.0,1023721.0499999999,1,False
B2200405700000,2211148.6,1861311.0,349837.6,2211148.6,2,True
B2200405900000,1841498.2187351603,863953.3910000001,977544.8277351601,1841498.2187351603,2,True
B2200409000000,2784388.0,0.0,2784388.0,2784388.0,1,True
B2200409600000,832726.16,832726.16,0.0,832726.16,1,False
B2200412200000,1406670.6875431798,1406670.6875431798,0.0,0.0,1,False
B2200412400000,5247563.96501624,0.0,5247563.96501624,5247563.96501624,1,True
B2200413500000,1489048.8,1489048.8,0.0,1489048.8,1,False
B2200418100000,766171.18723048,0.0,766171.18723048,766171.18723048,1,True
B2200421500000,5174184.777263341,0.0,5174184.777263341,5174184.777263341,3,True
B2200422100000,467134.5,0.0,467134.5,467134.5,1,True
B2200423400000,579934.29,579934.29,0.0,579934.29,1,False
B2200426400000,257782.24647,257782.24647,0.0,257782.24647,1,False
B2200429300000,6427584.450000001,0.0,6427584.450000001,6427584.450000001,3,True
B2200441900000,2949355.235538,2949355.235538,0.0,2949355.235538,1,False
B2200442800000,4763982.83727598,3940674.2672759797,823308.5700000001,823308.5700000001,3,True
B2200442900000,2383261.65,2383261.65,0.0,2383261.65,1,False
B2200449200000,657406.4627118601,657406.4627118601,0.0,657406.4627118601,1,False
B2200451700000,1444401.0,1444401.0,0.0,1444401.0,1,False
B2200452100000,3046621.1531427004,0.0,3046621.1531427004,3046621.1531427004,1,True
B2200454700000,1238223.3690485999,1238223.3690485999,0.0,1238223.3690485999,1,False
B2200457400000,353416.61199,353416.61199,0.0,0.0,1,False
B2200457500000,446103.30000000005,446103.30000000005,0.0,446103.30000000005,1,False
B2200458200000,826160.73,0.0,826160.73,826160.73,1,True
B2200458400000,162495.11250000002,162495.11250000002,0.0,162495.11250000002,1,False
B2200459700000,744524.4,744524.4,0.0,744524.4,1,False
B2200460100000,1392194.0,1392194.0,0.0,0.0,1,False
B2200462000000,579934.29,579934.29,0.0,579934.29,1,False
B2200462200000,1563501.24,1563501.24,0.0,1563501.24,1,False
B2200462300000,1763552.64,0.0,1763552.64,1763552.64,1,True
B2200462400000,3722622.0,3722622.0,0.0,3722622.0,1,False
B2200463100000,2923607.4,0.0,2923607.4,2923607.4,2,True
B2200496800000,1928318.196,1928318.196,0.0,1928318.196,1,False
B2200497100000,1159065.59473152,1159065.59473152,0.0,1159065.59473152,1,False
B2200497200000,479847.50597999996,479847.50597999996,0.0,479847.50597999996,1,False
B2200498900000,309298.288,309298.288,0.0,309298.288,1,False
B2200499400000,664703.37543678,664703.37543678,0.0,0.05777604,1,False
B2200499500000,222833.02233914,222833.02233914,0.0,135997.31616282,1,False
B2200504100000,9791854.30747357,5787844.30747357,4004010.0,7437409.4585803505,2,True
B2200507800000,2126052.5491264,0.0,2126052.5491264,2126052.5491264,1,True
B2200508100000,7665638.4,0.0,7665638.4,7665638.4,3,True
B2300001000000,245223.91641951003,245223.91641951003,0.0,245223.91641951003,1,False
B2300001100000,2942570.8000000003,2942570.8000000003,0.0,297402.2,1,False
B2300001300000,2357566.293576,2357566.293576,0.0,2357566.293576,1,False
B2300004200000,1113436.2402,1113436.2402,0.0,1113436.2402,1,False
B2300005100000,309298.288,309298.288,0.0,309298.288,1,False
B2300006800000,212526.342,212526.342,0.0,212526.342,1,False
B2300007600000,259992.18000000002,259992.18000000002,0.0,259992.18000000002,1,False
B2300008100000,540773.315646,0.0,540773.315646,540773.315646,1,True
B2300008500000,2050448.2257202398,1392194.0,658254.2257202399,658254.2257202399,2,True
B2300011000000,2226374.41394,2226374.41394,0.0,2226374.41394,1,False
B2300013200000,535323.9600000001,535323.9600000001,0.0,535323.9600000001,1,False
B2300017500000,1228465.26,1228465.26,0.0,1228465.26,1,False
B2300018300000,5480905.918272209,5480905.918272209,0.0,5480905.918272209,1,False
B2300023600000,2605835.4,2605835.4,0.0,2605835.4,1,False
B2300024000000,592580.002,176216.922,416363.08,592580.002,2,True
B2300026200000,1768245.45,1768245.45,0.0,1768245.45,1,False
B2300031800000,3572029.44,1201213.44,2370816.0,3572029.44,2,True
B2300035300000,557629.125,557629.125,0.0,557629.125,1,False
B2300036300000,1395983.25,1395983.25,0.0,1395983.25,1,False
B2300037500000,5531904.0,0.0,5531904.0,5531904.0,2,True
B2300037600000,1863172.311,1863172.311,0.0,1863172.311,1,False
B2300038600000,985657.5,0.0,985657.5,985657.5,1,True
B2300040400000,756386.4913791,0.0,756386.4913791,756386.4913791,1,True
B2300040600000,1914407.2684188,0.0,1914407.2684188,1914407.2684188,2,True
B2300041400000,2063711.03739328,0.0,2063711.03739328,2063711.03739328,1,True
B2300041800000,3345774.75,3345774.75,0.0,3345774.75,2,False
B2300043000000,118278.9,0.0,118278.9,118278.9,1,True
B2300043900000,467134.5,0.0,467134.5,467134.5,1,True
B2300045800000,3368972.9099999997,3368972.9099999997,0.0,3368972.9099999997,1,False
B2300048800000,567319.0,278438.8,288880.2,567319.0,2,True
B2300051700000,3335216.9719000002,3335216.9719000002,0.0,3335216.9719000002,1,False
B2300051800000,781620.32823,781620.32823,0.0,781620.32823,1,False
B2300063500000,1670618.87806,1670618.87806,0.0,0.0,1,False
B2300064600000,696097.0,696097.0,0.0,0.0,1,False
B2300064700000,3231710.1216,0.0,3231710.1216,3231710.1216,1,True
B2300065000000,1865549.8007665197,1865549.8007665197,0.0,1865549.8007665197,1,False
B2300065200000,1302917.7,1302917.7,0.0,1302917.7,1,False
B2300065800000,2088291.0,2088291.0,0.0,0.0,1,False
B2300071400000,163544.99399607,163544.99399607,0.0,163544.99399607,1,False
B2300071700000,196079.20799999998,0.0,196079.20799999998,196079.20799999998,1,True
B2300077800000,443601.36504247,443601.36504247,0.0,208390.18874247,1,False
B2300091700000,237914.324945,237914.324945,0.0,237914.324945,1,False
B2300095100000,663618.1095936,663618.1095936,0.0,663618.1095936,1,False
B2300095400000,781750.62,781750.62,0.0,781750.62,1,False
B2300097200000,1134441.8666386902,1134441.8666386902,0.0,1134441.8666386902,1,False
B2300097400000,773428.6223530001,773428.6223530001,0.0,773428.6223530001,1,False
B2300099200000,1186198.9,594804.4,591394.5,1186198.9,2,True
B2300099400000,578898.1407352,578898.1407352,0.0,578898.1407352,1,False
B2300103400000,1344201.9403835,0.0,1344201.9403835,1344201.9403835,1,True
B2300105700000,3050028.476924,3050028.476924,0.0,3050028.476924,1,False
B2300109700000,278438.8,278438.8,0.0,0.0,1,False
B2300111200000,892206.6000000001,892206.6000000001,0.0,892206.6000000001,1,False
B2300120400000,727294.491675,158054.4,569240.091675,727294.491675,2,True
B2300120500000,519334.50246975,519334.50246975,0.0,519334.50246975,1,False
B2300120800000,4316779.5304000005,78798.1804,4237981.35,4237981.35,3,True
B2300121300000,6454609.25626015,6454609.25626015,0.0,1986189.2468060702,1,False
B2300123500000,8129014.1060959995,1229411.606096,6899602.5,7599277.7,3,True
B2300123600000,1258851.72,0.0,1258851.72,1258851.72,1,True
B2300125800000,248467.26426728003,0.0,248467.26426728003,248467.26426728003,1,True
B2300126700000,4150960.2203892004,0.0,4150960.2203892004,4150960.2203892004,3,True
B2300127600000,6052310.399217601,0.0,6052310.399217601,6052310.399217601,2,True
B2300127700000,1614840.33244401,0.0,1614840.33244401,1614840.33244401,1,True
B2300130000000,2332398.1035310198,2332398.1035310198,0.0,948326.4,1,False
B2300131300000,519376.5577728,519376.5577728,0.0,519376.5577728,1,False
B2300131900000,7885260.0,0.0,7885260.0,7885260.0,1,True
B2300132000000,1063212.865,1063212.865,0.0,1063212.865,1,False
B2300135700000,1455769.2,744524.4,711244.8,1455769.2,3,True
B2300136300000,891690.815526,891690.815526,0.0,891690.815526,1,False
B2300136700000,1209852.15,1209852.15,0.0,1209852.15,1,False
B2300136800000,711192.8401906601,711192.8401906601,0.0,711192.8401906601,1,False
B2300139500000,1021920.7213756801,1021920.7213756801,0.0,1021920.7213756801,1,False
B2300140800000,259992.18000000002,259992.18000000002,0.0,259992.18000000002,1,False
B2300141200000,139219.4,139219.4,0.0,139219.4,1,False
B2300142500000,223051.65000000002,223051.65000000002,0.0,223051.65000000002,1,False
B2300145800000,2088291.0,2088291.0,0.0,0.0,1,False
B2300146200000,1121379.3848925,1121379.3848925,0.0,1121379.3848925,1,False
B2300147000000,523357.71482102,523357.71482102,0.0,523357.71482102,1,False
B2300147900000,1507352.3895367999,0.0,1507352.3895367999,1507352.3895367999,1,True
B2300148100000,471950.4384,0.0,471950.4384,471950.4384,1,True
B2300149000000,3650498.47090344,0.0,3650498.47090344,3650498.47090344,1,True
B2300149300000,2201430.0,0.0,2201430.0,2201430.0,1,True
B2300154100000,288880.2,288880.2,0.0,288880.2,1,False
B2300165900000,410351.28371294,410351.28371294,0.0,0.0,1,False
B2300166800000,297402.2,297402.2,0.0,297402.2,1,False
B2300170000000,1780000.0,0.0,1780000.0,1780000.0,2,True
B2300174000000,2880844.71448263,2880844.71448263,0.0,2880844.71448263,1,False
B2300174400000,395136.0,395136.0,0.0,395136.0,1,False
B2300174700000,3830856.0000000005,0.0,3830856.0000000005,3830856.0000000005,1,True
B2300176600000,686090.475,0.0,686090.475,686090.475,1,True
B2300179900000,1858763.75,1858763.75,0.0,1858763.75,1,False
B2300180300000,995806.9800000001,158054.4,837752.5800000001,995806.9800000001,2,True
B2300181500000,579934.29,579934.29,0.0,579934.29,1,False
B2300182200000,556877.6,556877.6,0.0,556877.6,1,False
B2300186300000,287314.2,0.0,287314.2,287314.2,1,True
B2300186600000,1198703.0456163,1198703.0456163,0.0,1198703.0456163,1,False
B2300194000000,766171.2000000001,0.0,766171.2000000001,766171.2000000001,1,True
B2300194200000,2526701.7628349997,2526701.7628349997,0.0,2526701.7628349997,1,False
B2300199800000,2603149.7752079996,0.0,2603149.7752079996,2603149.7752079996,2,True
B2300200500000,3052133.55312975,0.0,3052133.55312975,3052133.55312975,1,True
B2300200700000,6088343.5,3717527.5,2370816.0,6088343.5,2,True
B2300200800000,2220582.2410016004,0.0,2220582.2410016004,2220582.2410016004,1,True
B2300200900000,2503463.295,2503463.295,0.0,2503463.295,1,False
B2300201100000,5697884.15,2054707.2,3643176.95,5697884.15,3,True
B2300201700000,2029417.8907952001,2029417.8907952001,0.0,2029417.8907952001,1,False
B2300201800000,545740.048,545740.048,0.0,0.0,1,False
B2300201900000,3269400.09197,3269400.09197,0.0,3269400.09197,1,False
B2300204800000,722200.5,0.0,722200.5,722200.5,1,True
B2300207700000,309298.288,309298.288,0.0,309298.288,1,False
B2300208400000,579934.29,579934.29,0.0,579934.29,1,False
B2300211700000,2320814.68558312,0.0,2320814.68558312,2320814.68558312,1,True
B2300211800000,1102220.4,0.0,1102220.4,1102220.4,1,True
B2300212100000,1532342.38723048,0.0,1532342.38723048,1532342.38723048,1,True
B2300212300000,467869.09671422996,0.0,467869.09671422996,467869.09671422996,1,True
B2300212500000,3256766.9422551,0.0,3256766.9422551,3256766.9422551,2,True
B2300212700000,893162.0606999999,893162.0606999999,0.0,0.0,1,False
B2300212900000,9651190.2771763,4455020.8,5196169.4771763,5196169.4771763,4,True
B2300214200000,1116786.5999999999,1116786.5999999999,0.0,1116786.5999999999,1,False
B2300214300000,381033.09057983995,0.0,381033.09057983995,381033.09057983995,1,True
B2300214800000,1893383.8399999999,1893383.8399999999,0.0,0.0,1,False
B2300218800000,556885.6195,556885.6195,0.0,556885.6195,1,False
B2300222400000,1858763.75,0.0,1858763.75,1858763.75,1,True
B2300223600000,1116786.5999999999,1116786.5999999999,0.0,1116786.5999999999,1,False
B2300230600000,3830856.0000000005,0.0,3830856.0000000005,3830856.0000000005,1,True
B2300240100000,684159.632547,684159.632547,0.0,0.0,1,False
B2300240200000,991998.36,0.0,991998.36,991998.36,1,True
B2300240900000,488329.05960000004,488329.05960000004,0.0,0.0,1,False
B2300242000000,225129.85818624,225129.85818624,0.0,225129.85818624,1,False
B2300247400000,1032109.3399990001,83531.64,948577.6999990001,948577.6999990001,2,True
B2300247700000,6617347.93216676,5431939.93216676,1185408.0,6617347.93216676,2,True
B2300249900000,555485.406,555485.406,0.0,0.0,1,False
B2300255800000,10442088.0,0.0,10442088.0,10442088.0,3,True
B2300257900000,1189608.8,1189608.8,0.0,1189608.8,1,False
B2300258300000,1580544.0,1580544.0,0.0,1580544.0,1,False
B2300261100000,11904907.096908,2504745.3889079997,9400161.708,9400161.708,3,True
B2300261300000,859719.98842688,0.0,859719.98842688,859719.98842688,1,True
B2300268100000,919929.4256402999,0.0,919929.4256402999,919929.4256402999,1,True
B2300270000000,899861.823,899861.823,0.0,899861.823,1,False
B2300270100000,835316.3999999999,835316.3999999999,0.0,0.0,1,False
B2300270400000,4352023.77027935,4352023.77027935,0.0,4352023.77027935,1,False
B2300271800000,505539.0500391,505539.0500391,0.0,505539.0500391,1,False
B2300272300000,4764956.16,4764956.16,0.0,4764956.16,1,False
B2300276100000,580116.0,0.0,580116.0,580116.0,1,True
B2300276400000,8654225.100000001,8654225.100000001,0.0,4477643.100000001,1,False
B2300278000000,4629325.68,0.0,4629325.68,4629325.68,2,True
B2300280300000,1493827.5,0.0,1493827.5,1493827.5,1,True
B2300280900000,1113755.2,1113755.2,0.0,0.0,1,False
B2300282000000,1635464.2598766303,1635464.2598766303,0.0,1635464.2598766303,1,False
B2300283400000,3480696.0,0.0,3480696.0,3480696.0,1,True
B2300283600000,1392194.0,1392194.0,0.0,0.0,1,False
B2300286800000,487267.89999999997,487267.89999999997,0.0,487267.89999999997,1,False
B2300288600000,1724276.5129253198,1724276.5129253198,0.0,0.0,1,False
B2300289200000,2003196.73361052,0.0,2003196.73361052,2003196.73361052,1,True
B2300289500000,835316.3999999999,835316.3999999999,0.0,835316.3999999999,1,False
B2300290700000,2724931.5956364805,0.0,2724931.5956364805,2724931.5956364805,1,True
B2300295600000,711919.516,0.0,711919.516,711919.516,1,True
B2300295700000,487267.89999999997,0.0,487267.89999999997,487267.89999999997,1,True
B2300295800000,835316.3999999999,835316.3999999999,0.0,0.0,1,False
B2300302500000,3082060.8,0.0,3082060.8,3082060.8,1,True
B2300303300000,12605718.17970535,7985036.5820349995,4620681.59767035,4620681.59767035,3,True
B2300311700000,867998.565,0.0,867998.565,867998.565,1,True
B2300312800000,1111296.4024597201,0.0,1111296.4024597201,1111296.4024597201,1,True
B2300315200000,395136.0,395136.0,0.0,395136.0,1,False
B2300319000000,4199286.07297408,0.0,4199286.07297408,4199286.07297408,1,True
B2300319100000,4212571.1894358,0.0,4212571.1894358,4212571.1894358,2,True
B2300320300000,297402.2,0.0,297402.2,297402.2,1,True
B2300321400000,1161508.2552,0.0,1161508.2552,1161508.2552,1,True
B2300322500000,1392194.0,1392194.0,0.0,1392194.0,1,False
B2300328500000,3057437.89308768,0.0,3057437.89308768,3057437.89308768,1,True
B2300330000000,4148983.146144,4148983.146144,0.0,0.0,1,False
B2300332700000,402928.66790880007,0.0,402928.66790880007,402928.66790880007,1,True
B2300333700000,3722620.1386889997,3722620.1386889997,0.0,3722620.1386889997,1,False
B2300334500000,5959742.9661,5959742.9661,0.0,5959742.9661,1,False
B2300334800000,1106395.9618422,1106395.9618422,0.0,1106395.9618422,1,False
B2300334900000,556877.6,556877.6,0.0,0.0,1,False
B2300337300000,542066.1240000001,0.0,542066.1240000001,542066.1240000001,1,True
B2300338100000,1807357.11664023,0.0,1807357.11664023,1807357.11664023,1,True
B2300338800000,4846537.30754112,874434.55754112,3972102.75,3972102.75,2,True
B2300338900000,534538.7223672,0.0,534538.7223672,534538.7223672,1,True
B2300339000000,417658.19999999995,417658.19999999995,0.0,417658.19999999995,1,False
B2300343000000,3257613.27140256,0.0,3257613.27140256,3257613.27140256,2,True
B2300343300000,4313708.254164,283004.85416399996,4030703.4,4030703.4,4,True
B2300344000000,609674.51,609674.51,0.0,609674.51,1,False
B2300345600000,7208866.59026765,4392284.64026765,2816581.95,6339344.73547241,3,True
B2300345800000,1684218.4580493001,0.0,1684218.4580493001,1684218.4580493001,2,True
B2300346100000,139219.4,139219.4,0.0,139219.4,1,False
B2300346500000,3928238.17173624,0.0,3928238.17173624,3928238.17173624,2,True
B2300346800000,5151117.8,0.0,5151117.8,5151117.8,2,True
B2300347000000,892206.6000000001,892206.6000000001,0.0,892206.6000000001,1,False
B2300349500000,381458.696025,0.0,381458.696025,381458.696025,1,True
B2300349700000,9975924.9,4176582.0,5799342.9,5799342.9,3,True
B2300351600000,1493827.5,0.0,1493827.5,1493827.5,1,True
B2300352400000,1276952.0,0.0,1276952.0,1276952.0,1,True
B2300352500000,1116786.5999999999,1116786.5999999999,0.0,1116786.5999999999,1,False
B2300352600000,2340706.64752989,2340706.64752989,0.0,2340706.64752989,1,False
B2300352800000,1653330.5999999999,0.0,1653330.5999999999,1653330.5999999999,1,True
B2300353100000,979315.4765400301,979315.4765400301,0.0,979315.4765400301,1,False
B2300362800000,3478436.13491736,0.0,3478436.13491736,3478436.13491736,1,True
B2300363300000,743505.5,743505.5,0.0,743505.5,1,False
B2300363900000,1160170.94796,1160170.94796,0.0,1160170.94796,1,False
B2300364700000,3290192.9999999995,0.0,3290192.9999999995,3290192.9999999995,1,True
B2300364800000,243471.121362,243471.121362,0.0,243471.121362,1,False
B2300364900000,1099833.26,1099833.26,0.0,0.0,1,False
B2300365000000,558393.2999999999,558393.2999999999,0.0,558393.2999999999,1,False
B2300367700000,7521963.26543472,0.0,7521963.26543472,7521963.26543472,2,True
B2300374700000,4176582.0,0.0,4176582.0,4176582.0,1,True
B2300374900000,1392194.0,1392194.0,0.0,1392194.0,1,False
B2300375100000,5246517.3897258295,0.0,5246517.3897258295,5246517.3897258295,1,True
B2300375400000,8348132.7,4014929.7,4333203.0,8348132.7,2,True
B2300375800000,867132.9234879,0.0,867132.9234879,867132.9234879,1,True
B2300377600000,1299960.9000000001,1299960.9000000001,0.0,1299960.9000000001,1,False
B2300377700000,505540.35000000003,0.0,505540.35000000003,505540.35000000003,1,True
B2300379200000,309298.288,309298.288,0.0,309298.288,1,False
B2300381600000,1113755.2,1113755.2,0.0,0.0,1,False
B2300381800000,647063.12646817,647063.12646817,0.0,647063.12646817,1,False
B2300382200000,8917541.001,0.0,8917541.001,8917541.001,3,True
B2300387700000,762941.5297943999,0.0,762941.5297943999,762941.5297943999,1,True
B2300388100000,446103.30000000005,0.0,446103.30000000005,446103.30000000005,1,True
B2300396300000,3008587.0784255997,0.0,3008587.0784255997,3008587.0784255997,2,True
B2300397700000,1113755.2,1113755.2,0.0,0.0,1,False
B2300398900000,527510.659764,527510.659764,0.0,0.0,1,False
B2300399000000,839265.3503529401,839265.3503529401,0.0,839265.3503529401,1,False
B2300402000000,10599661.600948282,4776760.480948281,5822901.120000001,5822901.120000001,3,True
B2300403800000,1148765.7313142999,0.0,1148765.7313142999,1148765.7313142999,1,True
B2300404300000,1392194.0,1392194.0,0.0,0.0,1,False
B2300404700000,912193.156191,912193.156191,0.0,912193.156191,1,False
B2300405500000,1100388.1400000001,1100388.1400000001,0.0,1100388.1400000001,1,False
B2300408000000,3929417.9364393894,0.0,3929417.9364393894,3929417.9364393894,2,True
B2300408400000,7524601.11917206,0.0,7524601.11917206,7524601.11917206,1,True
B2300408500000,2527918.7,1487011.0,1040907.7000000001,2527918.7,3,True
B2300408800000,3944848.28509464,0.0,3944848.28509464,3944848.28509464,2,True
B2300418000000,9117072.29809912,623228.8420991199,8493843.456,8493843.456,4,True
B2300418300000,634066.788,0.0,634066.788,634066.788,1,True
B2300419800000,522104.39999999997,0.0,522104.39999999997,522104.39999999997,1,True
B2300422000000,1258223.07123651,1258223.07123651,0.0,1258223.07123651,1,False
B2300422200000,1201214.5999999999,1201214.5999999999,0.0,87459.4,1,False
B2300427100000,689736.8677274999,0.0,689736.8677274999,689736.8677274999,1,True
B2300427900000,1682159.6651301598,0.0,1682159.6651301598,1682159.6651301598,1,True
B2300432800000,892206.6000000001,892206.6000000001,0.0,892206.6000000001,1,False
B2300435100000,5499097.99607928,0.0,5499097.99607928,5499097.99607928,2,True
B2300437700000,3290192.9999999995,0.0,3290192.9999999995,3290192.9999999995,1,True
B2300437800000,647370.21,0.0,647370.21,647370.21,1,True
B2300440000000,722200.5,722200.5,0.0,722200.5,1,False
B2300440200000,1220582.698904,1220582.698904,0.0,1220582.698904,1,False
B2300440300000,3832066.9225585,2620953.75844242,1211113.16411608,1223501.35817278,2,True
B2300441800000,889050.15149052,889050.15149052,0.0,889050.15149052,1,False
B2300442100000,1732967.914,953774.15,779193.764,1732967.914,3,True
B2300442700000,4004010.0,0.0,4004010.0,4004010.0,1,True
B2300444900000,3981507.77672,0.0,3981507.77672,3981507.77672,1,True
B2300445300000,2081429.6388599998,2081429.6388599998,0.0,2081429.6388599998,1,False
B2300448200000,7067117.29297986,7067117.29297986,0.0,7067117.29297986,1,False
B2300448400000,1585851.50688,0.0,1585851.50688,1585851.50688,1,True
B2300449800000,4004010.0,0.0,4004010.0,4004010.0,1,True
B2300451700000,490713.63,490713.63,0.0,490713.63,1,False
B2300452900000,1302020.548098,1302020.548098,0.0,1302020.548098,1,False
B2300457700000,3271746.4742731205,0.0,3271746.4742731205,3271746.4742731205,2,True
B2300460400000,696139.2,0.0,696139.2,696139.2,1,True
B2300463800000,445552.2785681601,0.0,445552.2785681601,445552.2785681601,1,True
B2300464300000,3343775.7659865897,3343775.7659865897,0.0,3343775.7659865897,1,False
B2300468500000,2474975.9676227397,2474975.9676227397,0.0,158054.4,1,False
B2300468900000,1531621.33,1487011.0,0.0,1487011.0,2,False
B2300472000000,2860387.01171376,0.0,2860387.01171376,2860387.01171376,1,True
B2300472200000,4510708.56,0.0,4510708.56,4510708.56,2,True
B2300474000000,565064.18,565064.18,0.0,565064.18,1,False
B2300474100000,811908.006,811908.006,0.0,811908.006,1,False
B2300483300000,1392194.0,1392194.0,0.0,1392194.0,1,False
B2300483800000,176898.99744,176898.99744,0.0,176898.99744,1,False
B2300484100000,764148.9880553399,764148.9880553399,0.0,0.0,1,False
B2300484200000,9572644.51932237,4233964.51932237,5338680.0,9572644.51932237,3,True
B2300484500000,161489.3946,161489.3946,0.0,161489.3946,1,False
B2300485700000,889740.4047900001,0.0,889740.4047900001,889740.4047900001,1,True
B2300486200000,7796260.163456,2974022.0,4822238.163456,7796260.163456,4,True
B2300486300000,696097.0,696097.0,0.0,0.0,1,False
B2300488500000,566359.2999999999,566359.2999999999,0.0,566359.2999999999,1,False
B2300490400000,217213.05933127998,0.0,217213.05933127998,217213.05933127998,1,True
B2300491600000,1334670.0,1334670.0,0.0,0.0,1,False
B2300493100000,556877.6,556877.6,0.0,0.0,1,False
B2300495600000,1507643.277625,1507643.277625,0.0,1507643.277625,1,False
B2300498000000,2784388.0,2784388.0,0.0,2784388.0,1,False
B2300499000000,69609.7,69609.7,0.0,69609.7,1,False
B2300499100000,1040907.7000000001,1040907.7000000001,0.0,1040907.7000000001,1,False
B2300500100000,736644.51,736644.51,0.0,736644.51,1,False
B2300501200000,1113755.2,1113755.2,0.0,0.0,1,False
B2300502400000,2227510.4,2227510.4,0.0,1670632.7999999998,1,False
B2300513100000,139135.86836,139135.86836,0.0,139135.86836,1,False
B2300516300000,1054809.4684368002,1054809.4684368002,0.0,1054809.4684368002,1,False
B2300517000000,3204289.95730398,0.0,3204289.95730398,3204289.95730398,1,True
B2300519200000,10830616.7,0.0,10830616.7,10830616.7,3,True
B2300523600000,1363662.376164,1363662.376164,0.0,1363662.376164,1,False
B2300524600000,7309461.6,0.0,7309461.6,7309461.6,2,True
B2300525400000,892206.6000000001,892206.6000000001,0.0,892206.6000000001,1,False
B2300525700000,1080432.18471802,0.0,1080432.18471802,1080432.18471802,1,True
B2300526900000,219346.19999999998,0.0,219346.19999999998,219346.19999999998,1,True
B2300527200000,877275.1268999999,0.0,877275.1268999999,877275.1268999999,1,True
B2300527400000,1645096.4999999998,1645096.4999999998,0.0,0.0,1,False
B2300527700000,474163.2,474163.2,0.0,474163.2,1,False
B2300529000000,826629.4149000001,826629.4149000001,0.0,826629.4149000001,1,False
B2300529200000,223051.65000000002,223051.65000000002,0.0,223051.65000000002,1,False
B2300531100000,1392194.0,1392194.0,0.0,1392194.0,1,False
B2300531200000,3631960.9944090005,0.0,3631960.9944090005,3631960.9944090005,1,True
B2300532700000,1276255.2,0.0,1276255.2,1276255.2,1,True
B2300532800000,1045749.551616,0.0,1045749.551616,1045749.551616,1,True
B2300534900000,4467146.399999999,4467146.399999999,0.0,4467146.399999999,1,False
B2300535000000,266934.0,0.0,266934.0,266934.0,1,True
B2300535100000,163333.28824000002,163333.28824000002,0.0,163333.28824000002,1,False
B2300536800000,3184789.0,2784388.0,400401.0,400401.0,2,True
B2300536900000,2088291.0,2088291.0,0.0,2088291.0,1,False
B2300537000000,3345774.75,3345774.75,0.0,3345774.75,1,False
B2300546600000,580801.6659916799,580801.6659916799,0.0,580801.6659916799,1,False
B2300549200000,1129387.5338606401,1129387.5338606401,0.0,0.0,1,False
B2300550100000,69609.7,69609.7,0.0,69609.7,1,False
B2300551000000,6992510.483591519,1639100.0992689598,5353410.384322559,5353410.384322559,3,True
B2300551200000,1189608.8,1189608.8,0.0,1189608.8,1,False
B2300554500000,1391135.9325599999,1391135.9325599999,0.0,1391135.9325599999,1,False
B2300557100000,69609.7,69609.7,0.0,69609.7,1,False
B2300561400000,1392194.0,1392194.0,0.0,1392194.0,1,False
B2300561600000,2203677.1352975997,0.0,2203677.1352975997,2203677.1352975997,1,True
B2300563100000,696097.0,696097.0,0.0,0.0,1,False
B2300565200000,3034029.99555,3034029.99555,0.0,3034029.99555,1,False
B2300565300000,665579.9808,665579.9808,0.0,665579.9808,1,False
B2300565500000,987057.8999999999,0.0,987057.8999999999,987057.8999999999,1,True
B2300567400000,139219.4,139219.4,0.0,139219.4,1,False
B2300572700000,614792.8704,614792.8704,0.0,0.0,1,False
B2300573000000,1444401.0,0.0,1444401.0,1444401.0,1,True
B2300575200000,2619984.7139598,2619984.7139598,0.0,2619984.7139598,1,False
B2300576500000,16602698.328695908,0.0,16602698.328695908,16602698.328695908,5,True
B2300580700000,773976.13745284,773976.13745284,0.0,0.0,1,False
B2400004500000,1739359.66637145,1739359.66637145,0.0,1739359.66637145,1,False
B2400004900000,1099833.26,0.0,1099833.26,1099833.26,1,True
B2400005200000,1512240.7350599999,1512240.7350599999,0.0,1512240.7350599999,1,False
B2400007200000,556877.6,556877.6,0.0,556877.6,1,False
B2400008800000,5567035.757499999,5567035.757499999,0.0,0.0,1,False
B2400008900000,6814379.507154,0.0,6814379.507154,6814379.507154,1,True
B2400009100000,6773236.0163279995,0.0,6773236.0163279995,6773236.0163279995,2,True
B2400011800000,1627960.0781249998,0.0,1627960.0781249998,1627960.0781249998,1,True
B2400011900000,7902016.3978164,0.0,7902016.3978164,7902016.3978164,2,True
B2400012200000,4176582.0,0.0,4176582.0,4176582.0,1,True
B2400012600000,10861900.2,6264873.0,4597027.2,4597027.2,3,True
B2400013000000,1131058.29182976,0.0,1131058.29182976,1131058.29182976,1,True
B2400015500000,1302717.10689852,1302717.10689852,0.0,0.0,1,False
B2400015800000,4333203.0,0.0,4333203.0,4333203.0,1,True
B2400018000000,5948044.0,0.0,5948044.0,5948044.0,2,True
B2400019000000,1113755.2,1113755.2,0.0,0.0,1,False
B2400020300000,598643.4199999999,598643.4199999999,0.0,598643.4199999999,1,False
B2400022700000,1056953.6848,1056953.6848,0.0,0.0,1,False
B2400022800000,2784388.0,2784388.0,0.0,2784388.0,1,False
B2400024100000,4527948.495,4527948.495,0.0,4527948.495,1,False
B2400025000000,1113755.2,1113755.2,0.0,0.0,1,False
B2400035700000,1302917.7,1302917.7,0.0,1302917.7,1,False
B2400035800000,892206.6000000001,892206.6000000001,0.0,892206.6000000001,1,False
B2400035900000,394263.0,0.0,394263.0,394263.0,1,True
B2400036300000,209662.13302272,209662.13302272,0.0,209662.13302272,1,False
B2400036400000,120000.0,0.0,120000.0,120000.0,1,True
B2400036500000,7010466.48,0.0,7010466.48,7010466.48,2,True
B2400036600000,69606.0802956,69606.0802956,0.0,69606.0802956,1,False
B2400036700000,417658.19999999995,417658.19999999995,0.0,417658.19999999995,1,False
B2400039900000,4439542.1396079995,3139581.2396079996,1299960.9000000001,1299960.9000000001,2,True
B2400041500000,139067.650854,139067.650854,0.0,139067.650854,1,False
B2400041600000,1918711.98526392,0.0,1918711.98526392,1918711.98526392,1,True
B2400042000000,1929572.4591,1929572.4591,0.0,0.0,1,False
B2400042700000,556975.05358,556975.05358,0.0,0.0,1,False
B2400043900000,149730.4928,149730.4928,0.0,149730.4928,1,False
B2400044600000,835316.3999999999,835316.3999999999,0.0,0.0,1,False
B2400045400000,5055837.4,0.0,5055837.4,5055837.4,2,True
B2400045600000,1475725.64,1475725.64,0.0,0.0,1,False
B2400046700000,600601.5,0.0,600601.5,600601.5,1,True
B2400049400000,776425.8779616801,0.0,776425.8779616801,776425.8779616801,1,True
B2400051800000,515111.77999999997,515111.77999999997,0.0,0.0,1,False
B2400052200000,259992.18000000002,259992.18000000002,0.0,259992.18000000002,1,False
B2400052300000,1392194.0,1392194.0,0.0,1392194.0,1,False
B2400052600000,8499112.081319999,0.0,8499112.081319999,8499112.081319999,4,True
B2400052900000,2046349.7635559998,2046349.7635559998,0.0,0.0,1,False
B2400053100000,1503791.202816,1503791.202816,0.0,1503791.202816,1,False
B2400053200000,3529259.6516729603,3529259.6516729603,0.0,2642710.735224,1,False
B2400053300000,522104.39999999997,0.0,522104.39999999997,522104.39999999997,1,True
B2400055100000,1392194.0,1392194.0,0.0,1392194.0,1,False
B2400057900000,3290192.9999999995,0.0,3290192.9999999995,3290192.9999999995,1,True
B2400058600000,2088291.0,2088291.0,0.0,2088291.0,1,False
B2400061000000,2554748.487528,0.0,2554748.487528,2554748.487528,1,True
B2400063100000,2669340.0,2669340.0,0.0,0.0,1,False
B2400063300000,1392194.0,1392194.0,0.0,1392194.0,1,False
B2400071100000,1044145.5,1044145.5,0.0,1044145.5,1,False
B2400071900000,791531.8986999999,791531.8986999999,0.0,791531.8986999999,1,False
B2400072100000,835316.3999999999,835316.3999999999,0.0,0.0,1,False
B2400073100000,198102.64483610998,198102.64483610998,0.0,198102.64483610998,1,False
B2400073500000,1711745.355,1711745.355,0.0,1711745.355,1,False
B2400073800000,1113398.798336,1113398.798336,0.0,0.0,1,False
B2400076700000,1811868.1576875,0.0,1811868.1576875,1811868.1576875,1,True
B2400077000000,8467040.634000001,0.0,8467040.634000001,8467040.634000001,4,True
B2400077600000,2784388.0,2784388.0,0.0,2784388.0,1,False
B2400078000000,1413755.2,1113755.2,300000.0,300000.0,2,True
B2400081200000,556877.0431224,556877.0431224,0.0,556877.0431224,1,False
B2400081500000,6960970.0,0.0,6960970.0,6960970.0,2,True
B2400082100000,7695475.72714363,0.0,7695475.72714363,7695475.72714363,3,True
B2400082200000,1392194.0,1392194.0,0.0,1392194.0,1,False
B2400083000000,892206.6000000001,892206.6000000001,0.0,892206.6000000001,1,False
B2400083600000,1189608.8,1189608.8,0.0,1189608.8,1,False
B2400083700000,4176582.0,0.0,4176582.0,4176582.0,1,True
B2400084200000,579934.29,579934.29,0.0,579934.29,1,False
B2400084500000,1116786.5999999999,1116786.5999999999,0.0,1116786.5999999999,1,False
B2400085400000,139219.4,139219.4,0.0,139219.4,1,False
B2400085900000,881776.32,0.0,881776.32,881776.32,1,True
B2400086200000,656744.9948181899,0.0,656744.9948181899,656744.9948181899,1,True
B2400086600000,1858763.75,1858763.75,0.0,1858763.75,1,False
B2400087400000,139219.4,139219.4,0.0,139219.4,1,False
B2400088800000,2474794.35127,1392131.35127,1082663.0,1082663.0,2,True
B2400088900000,197568.0,0.0,197568.0,197568.0,1,True
B2400089200000,1113755.2,1113755.2,0.0,0.0,1,False
B2400089800000,417658.19999999995,417658.19999999995,0.0,417658.19999999995,1,False
B2400089900000,3135044.9999999995,3135044.9999999995,0.0,3135044.9999999995,1,False
B2400090400000,491223.4330415999,0.0,491223.4330415999,491223.4330415999,1,True
B2400092000000,231455.84954914,231455.84954914,0.0,231455.84954914,1,False
B2400092200000,3408173.2294282406,0.0,3408173.2294282406,3408173.2294282406,1,True
B2400092400000,835316.3999999999,835316.3999999999,0.0,0.0,1,False
B2400092600000,556877.6,556877.6,0.0,0.0,1,False
B2400093000000,4004010.0,0.0,4004010.0,4004010.0,2,True
B2400093200000,696097.0,696097.0,0.0,0.0,1,False
B2400094000000,3225284.55353705,3225284.55353705,0.0,3225284.55353705,1,False
B2400094400000,512956.11748635,0.0,512956.11748635,512956.11748635,2,True
B2400096900000,696097.0,696097.0,0.0,0.0,1,False
B2400097900000,2605835.4,2605835.4,0.0,2605835.4,1,False
B2400098300000,340519.30914045003,340519.30914045003,0.0,340519.30914045003,1,False
B2400099100000,537398.19,0.0,537398.19,537398.19,1,True
B2400100100000,2586091.698,0.0,2586091.698,2586091.698,1,True
B2400100400000,0.0,0.0,0.0,0.0,1,False
B2400100500000,548365.5,0.0,548365.5,548365.5,1,True
B2400103000000,1065028.41,1065028.41,0.0,0.0,1,False
B2400103500000,1527831.5931648,1527831.5931648,0.0,1527831.5931648,2,False
B2400104100000,2045348.4784499998,0.0,2045348.4784499998,2045348.4784499998,1,True
B2400104200000,556877.6,556877.6,0.0,556877.6,1,False
B2400109100000,1096731.0,0.0,1096731.0,1096731.0,1,True
B2400109700000,556877.6,556877.6,0.0,556877.6,1,False
B2400109900000,51078.08,0.0,51078.08,51078.08,1,True
B2400112000000,507151.18686411995,507151.18686411995,0.0,507151.18686411995,1,False
B2400112300000,2029847.2495773397,1841095.5222069998,188751.72737033997,1333751.6417713398,2,True
B2400112900000,2907073.238388,0.0,2907073.238388,2907073.238388,1,True
B2400114100000,892206.6000000001,892206.6000000001,0.0,892206.6000000001,1,False
B2400114200000,1086251.27985286,1086251.27985286,0.0,0.0,1,False
B2400114500000,835316.3999999999,835316.3999999999,0.0,0.0,1,False
B2400115200000,2419704.3,2419704.3,0.0,2419704.3,1,False
B2400115300000,367288.57226379,367288.57226379,0.0,367288.57226379,1,False
B2400115600000,1098738.49432616,1098738.49432616,0.0,0.0,1,False
B2400115700000,444375.09895699995,0.0,444375.09895699995,444375.09895699995,1,True
B2400118100000,383855.85,0.0,383855.85,383855.85,1,True
B2400118400000,696139.2,0.0,696139.2,696139.2,1,True
B2400119100000,1113643.82448,1113643.82448,0.0,1113643.82448,1,False
B2400119600000,3290192.9999999995,0.0,3290192.9999999995,3290192.9999999995,1,True
B2400119700000,8210620.34500484,3877417.3450048394,4333203.0,4333203.0,2,True
B2400119800000,835316.3999999999,835316.3999999999,0.0,0.0,1,False
B2400119900000,3423342.93901213,0.0,3423342.93901213,3423342.93901213,3,True
B2400120000000,3290192.9999999995,0.0,3290192.9999999995,3290192.9999999995,1,True
B2400120200000,658038.6,0.0,658038.6,658038.6,1,True
B2400120700000,387820.224099,387820.224099,0.0,387820.224099,1,False
B2400123700000,348048.5,348048.5,0.0,348048.5,1,False
B2400123900000,548365.5,0.0,548365.5,548365.5,1,True
B2400124700000,743505.5,743505.5,0.0,743505.5,1,False
B2400125100000,1635712.1,1635712.1,0.0,1635712.1,1,False
B2400125500000,487267.89999999997,487267.89999999997,0.0,487267.89999999997,1,False
B2400125600000,744524.4,744524.4,0.0,744524.4,1,False
B2400126700000,376067.56834584,376067.56834584,0.0,0.0,1,False
B2400127500000,608352.9290044999,0.0,608352.9290044999,608352.9290044999,1,True
B2400127600000,1189237.7999999998,0.0,1189237.7999999998,1189237.7999999998,1,True
B2400128400000,2429775.974,1933114.3,496661.67400000006,2429775.974,3,True
B2400129200000,835316.3999999999,835316.3999999999,0.0,0.0,1,False
B2400129900000,210103.98500000002,163571.21000000002,0.0,163571.21000000002,2,False
B2400131800000,932137.9984439999,0.0,932137.9984439999,932137.9984439999,1,True
B2400132900000,4489825.65,0.0,4489825.65,4489825.65,2,True
B2400133100000,866640.6,866640.6,0.0,866640.6,1,False
B2400134000000,3290192.9999999995,0.0,3290192.9999999995,3290192.9999999995,1,True
B2400135300000,548365.5,0.0,548365.5,548365.5,1,True
B2400138600000,1707997.1699277598,0.0,1707997.1699277598,1707997.1699277598,1,True
B2400140200000,2649079.64810538,0.0,2649079.64810538,2649079.64810538,1,True
B2400143700000,537398.19,0.0,537398.19,537398.19,1,True
B2400144100000,1299960.9000000001,1299960.9000000001,0.0,1299960.9000000001,1,False
B2400144400000,482759.59994549997,0.0,482759.59994549997,482759.59994549997,1,True
B2400144500000,4176582.0,0.0,4176582.0,4176582.0,1,True
B2400147000000,556877.6,556877.6,0.0,0.0,1,False
B2400147200000,161953.34203200002,161953.34203200002,0.0,161953.34203200002,1,False
B2400151000000,1572807.795,1572807.795,0.0,1572807.795,1,False
B2400156200000,348048.5,348048.5,0.0,348048.5,1,False
B2400158500000,1323804.5537983002,1323804.5537983002,0.0,1323804.5537983002,1,False
B2400158700000,696139.2,0.0,696139.2,696139.2,1,True
B2400164700000,695817.2246937599,695817.2246937599,0.0,695817.2246937599,1,False
B2400164900000,3202046.2,3202046.2,0.0,0.0,1,False
B2400165400000,130236.80625,0.0,130236.80625,130236.80625,1,True
B2400165900000,1113735.7092839999,1113735.7092839999,0.0,0.0,1,False
B2400167400000,6618357.58839768,237081.6,6381275.98839768,6618357.58839768,2,True
B2400170500000,849173.0800000001,0.0,849173.0800000001,849173.0800000001,1,True
B2400170700000,139219.4,139219.4,0.0,139219.4,1,False
B2400170900000,3781494.52,2974022.0,807472.5199999999,3781494.52,2,True
B2400171600000,2645168.6,2645168.6,0.0,2645168.6,1,False
B2400172100000,656121.5414839999,308073.041484,348048.5,348048.5,2,True
B2400172500000,1113628.5103459998,1113628.5103459998,0.0,0.0,1,False
B2400175900000,1971012.01837896,0.0,1971012.01837896,1971012.01837896,1,True
B2400176100000,1610593.45070756,1610593.45070756,0.0,1610593.45070756,1,False
B2400176600000,885099.2058539999,0.0,885099.2058539999,885099.2058539999,1,True
B2400177000000,1979670.83025348,0.0,1979670.83025348,1979670.83025348,1,True
B2400178300000,2048389.596,0.0,2048389.596,2048389.596,1,True
B2400179800000,590165.8754304,0.0,590165.8754304,590165.8754304,1,True
B2400180000000,1695498.51126696,0.0,1695498.51126696,1695498.51126696,2,True
B2400183400000,139219.4,139219.4,0.0,139219.4,1,False
B2400183500000,2731670.1258435,0.0,2731670.1258435,2731670.1258435,1,True
B2400183900000,11653008.331639199,0.0,11653008.331639199,11653008.331639199,1,True
B2400184000000,1419784.7791814401,1419784.7791814401,0.0,1419784.7791814401,2,False
B2400185200000,4108231.5788738704,0.0,4108231.5788738704,4108231.5788738704,1,True
B2400185900000,357284.13297000004,0.0,357284.13297000004,357284.13297000004,2,True
B2400186600000,2088291.0,2088291.0,0.0,0.0,1,False
B2400187100000,700004.480206,700004.480206,0.0,700004.480206,1,False
B2400187300000,10778315.09921111,6601733.09921111,4176582.0,6532123.399211111,2,True
B2400188000000,1113755.2,1113755.2,0.0,0.0,1,False
B2400188200000,2088291.0,2088291.0,0.0,2088291.0,1,False
B2400188800000,442479.614976,442479.614976,0.0,442479.614976,1,False
B2400190200000,237921.76,237921.76,0.0,237921.76,1,False
B2400190900000,541981.63538942,541981.63538942,0.0,541981.63538942,1,False
B2400191100000,2951493.2335855197,0.0,2951493.2335855197,2951493.2335855197,1,True
B2400193700000,881892.3432,0.0,881892.3432,881892.3432,1,True
B2400196000000,621445.9566969,621445.9566969,0.0,0.0,1,False
B2400200900000,367539.21599999996,367539.21599999996,0.0,0.0,1,False
B2400203300000,4861511.6377938,0.0,4861511.6377938,4861511.6377938,1,True
B2400205600000,223051.65000000002,223051.65000000002,0.0,223051.65000000002,1,False
B2400212800000,775090.08756,775090.08756,0.0,0.0,1,False
B2400212900000,2880582.73799616,0.0,2880582.73799616,2880582.73799616,2,True
B2400213100000,585882.334,0.0,585882.334,585882.334,2,True
B2400214700000,2784388.0,2784388.0,0.0,2784388.0,1,False
B2400217100000,743505.5,0.0,743505.5,743505.5,1,True
B2400220400000,784137.859281,0.0,784137.859281,784137.859281,1,True
B2400223200000,556877.6,556877.6,0.0,0.0,1,False
B2400224000000,1328527.9483506,0.0,1328527.9483506,1328527.9483506,1,True
B2400225400000,2088291.0,2088291.0,0.0,2088291.0,1,False
B2400225800000,139219.4,139219.4,0.0,139219.4,1,False
B2400226000000,830026.0628,830026.0628,0.0,0.0,1,False
B2400227400000,580116.0,0.0,580116.0,580116.0,1,True
B2400229400000,1044145.5,1044145.5,0.0,1044145.5,1,False
B2400229900000,721020.68920109,721020.68920109,0.0,721020.68920109,1,False
B2400230300000,139219.24685866,139219.24685866,0.0,139219.24685866,1,False
B2400230600000,1115258.25,0.0,1115258.25,1115258.25,1,True
B2400230900000,1155520.8,0.0,1155520.8,1155520.8,1,True
B2400235800000,5353239.6,0.0,5353239.6,5353239.6,2,True
B2400235900000,12184602.0,4176582.0,8008020.0,8008020.0,3,True
B2400241000000,1709529.4462499998,0.0,1709529.4462499998,1709529.4462499998,1,True
B2400241900000,1408495.2506456901,813690.85064569,594804.4,1408495.2506456901,2,True
B2400242300000,3144900.0,0.0,3144900.0,3144900.0,1,True
B2400244300000,1113755.2,1113755.2,0.0,0.0,1,False
B2400244500000,1031980.0017599999,1031980.0017599999,0.0,0.0,1,False
B2400244700000,1535186.2824,0.0,1530742.1664,1530742.1664,3,True
B2400245800000,3290192.9999999995,0.0,3290192.9999999995,3290192.9999999995,1,True
B2400246200000,1113755.2,1113755.2,0.0,0.0,1,False
B2400251100000,1493827.5,0.0,1493827.5,1493827.5,1,True
B2400251400000,890852.69135461,890852.69135461,0.0,890852.69135461,1,False
B2400253400000,793683.5345269999,0.0,793683.5345269999,793683.5345269999,1,True
B2400254900000,548365.5,0.0,548365.5,548365.5,1,True
B2400255200000,2389497.9393393896,0.0,2389497.9393393896,2389497.9393393896,1,True
B2400256300000,2088291.0,2088291.0,0.0,2088291.0,1,False
B2400257400000,2620750.0,0.0,2620750.0,2620750.0,1,True
B2400257900000,1044145.5,1044145.5,0.0,0.0,1,False
B2400258400000,4872679.0,4872679.0,0.0,4872679.0,1,False
B2400260100000,835316.3999999999,835316.3999999999,0.0,0.0,1,False
B2400260400000,471786.2104865,471786.2104865,0.0,471786.2104865,1,False
B2400260800000,2088291.0,2088291.0,0.0,2088291.0,1,False
B2400260900000,139219.4,139219.4,0.0,139219.4,1,False
B2400261700000,3480696.0,0.0,3480696.0,3480696.0,1,True
B2400262600000,443102.34400000004,0.0,443102.34400000004,443102.34400000004,1,True
B2400264600000,2193462.0,0.0,2193462.0,2193462.0,1,True
B2400265000000,1280818.48,1280818.48,0.0,0.0,1,False
B2400265500000,348048.5,348048.5,0.0,0.0,1,False
B2400266200000,1113755.2,1113755.2,0.0,0.0,1,False
B2400266300000,1113755.2,1113755.2,0.0,0.0,1,False
B2400267500000,993425.93743034,993425.93743034,0.0,0.0,1,False
B2400267700000,2250305.744,1392194.0,858111.7440000001,858111.7440000001,2,True
B2400268000000,3249638.08285704,0.0,3249638.08285704,3249638.08285704,1,True
B2400272100000,639759.7353769199,0.0,639759.7353769199,639759.7353769199,1,True
B2400272700000,8044797.6000000015,0.0,8044797.6000000015,8044797.6000000015,2,True
B2400273500000,556877.6,556877.6,0.0,556877.6,1,False
B2400273800000,2142956.5,1487011.0,655945.5,2142956.5,3,True
B2400276300000,1048083.31639,0.0,1048083.31639,1048083.31639,1,True
B2400276600000,1231728.20206854,1231728.20206854,0.0,0.0,1,False
B2400278100000,1964893.0032050002,0.0,1964893.0032050002,1964893.0032050002,1,True
B2400281500000,1046721.0589,1046721.0589,0.0,0.0,1,False
B2400282000000,1113755.2,1113755.2,0.0,0.0,1,False
B2400282400000,4004255.30783196,0.0,4004255.30783196,4004255.30783196,1,True
B2400282800000,835316.3999999999,835316.3999999999,0.0,0.0,1,False
B2400283000000,13785395.975881003,4538397.10552,9246998.870361,9941941.212449402,4,True
B2400284000000,438692.39999999997,0.0,438692.39999999997,438692.39999999997,1,True
B2400284500000,1113755.2,1113755.2,0.0,0.0,1,False
B2400285100000,1079737.52237764,1079737.52237764,0.0,1079737.52237764,1,False
B2400287000000,223051.65000000002,0.0,223051.65000000002,223051.65000000002,1,True
B2400287900000,1300000.0,0.0,1300000.0,1300000.0,1,True
B2400288300000,1113755.2,1113755.2,0.0,0.0,1,False
B2400288400000,2088291.0,2088291.0,0.0,2088291.0,1,False
B2400288600000,764012.8871698999,764012.8871698999,0.0,0.0,1,False
B2400288800000,2917961.6934,2917961.6934,0.0,2917961.6934,1,False
B2400288900000,753154.281,0.0,753154.281,753154.281,1,True
B2400289000000,3276910.9185840897,0.0,3276910.9185840897,3276910.9185840897,1,True
B2400290400000,556877.6,556877.6,0.0,0.0,1,False
B2400290500000,556877.6,556877.6,0.0,0.0,1,False
B2400291300000,11785581.275580619,5181676.025580619,6603905.25,6839054.6716606505,4,True
B2400293500000,8353375.0,4872679.0,3480696.0,3480696.0,2,True
B2400293900000,3678592.1568732895,0.0,3678592.1568732895,3678592.1568732895,2,True
B2400294100000,551110.2,0.0,551110.2,551110.2,1,True
B2400294400000,835316.3999999999,835316.3999999999,0.0,835316.3999999999,1,False
B2400294500000,643461.2206080001,0.0,643461.2206080001,643461.2206080001,1,True
B2400303100000,694816.18152,694816.18152,0.0,694816.18152,1,False
B2400306500000,758218.63220838,758218.63220838,0.0,758218.63220838,1,False
B2400307200000,3290192.9999999995,0.0,3290192.9999999995,3290192.9999999995,1,True
B2400308200000,2424709.3518835204,0.0,2424709.3518835204,2424709.3518835204,1,True
B2400311300000,4333203.0,0.0,4333203.0,4333203.0,1,True
B2400311500000,1110970.812,1110970.812,0.0,0.0,1,False
B2400312900000,515111.77999999997,515111.77999999997,0.0,515111.77999999997,1,False
B2400313800000,1228619.19619356,0.0,1228619.19619356,1228619.19619356,1,True
B2400314000000,1076165.962,1076165.962,0.0,0.0,1,False
B2400314800000,629097.65,556877.6,72220.05,72220.05,2,True
B2400314900000,357942.8382975,0.0,357942.8382975,357942.8382975,1,True
B2400315000000,411573.6576,411573.6576,0.0,411573.6576,1,False
B2400315800000,1947968.2213411198,0.0,1947968.2213411198,1947968.2213411198,1,True
B2400316000000,2500546.6799999997,0.0,2500546.6799999997,2500546.6799999997,1,True
B2400316100000,835316.3999999999,835316.3999999999,0.0,0.0,1,False
B2400317100000,796708.0,0.0,796708.0,796708.0,1,True
B2400320200000,626487.2999999999,626487.2999999999,0.0,626487.2999999999,1,False
B2400320300000,2217796.1232804,0.0,2217796.1232804,2217796.1232804,1,True
B2400321000000,1113755.2,1113755.2,0.0,0.0,1,False
B2400321300000,1670632.7999999998,1670632.7999999998,0.0,1670632.7999999998,1,False
B2400321800000,509863.95239999995,0.0,509863.95239999995,509863.95239999995,1,True
B2400322100000,2343076.0059519997,2343076.0059519997,0.0,2343076.0059519997,1,False
B2400322400000,4495966.13102352,0.0,4495966.13102352,4495966.13102352,2,True
B2400322500000,1113755.2,1113755.2,0.0,0.0,1,False
B2400323000000,2193462.0,0.0,2193462.0,2193462.0,1,True
B2400323400000,2227502.046836,2227502.046836,0.0,0.0,1,False
B2400323700000,4456452.671529,3488867.400074,967585.2714549999,1672064.671529,2,True
B2400324200000,3849092.6012549996,3849092.6012549996,0.0,3849092.6012549996,1,False
B2400325500000,766171.2000000001,0.0,766171.2000000001,766171.2000000001,1,True
B2400325700000,1392194.0,1392194.0,0.0,1392194.0,1,False
B2400328500000,1977266.6533264497,0.0,1977266.6533264497,1977266.6533264497,1,True
B2400328600000,355990.43340000004,355990.43340000004,0.0,355990.43340000004,1,False
B2400330000000,1843810.472448,0.0,1843810.472448,1843810.472448,3,True
B2400330900000,1566218.25,1566218.25,0.0,1566218.25,1,False
B2400331700000,9437573.126797918,0.0,9437573.126797918,9437573.126797918,1,True
B2400333000000,556877.6,556877.6,0.0,0.0,1,False
B2400333800000,1535423.4,0.0,1535423.4,1535423.4,1,True
B2400334200000,781420.8374999999,0.0,781420.8374999999,781420.8374999999,1,True
B2400334700000,346561.29839999997,0.0,346561.29839999997,346561.29839999997,1,True
B2400336600000,3422684.4,0.0,3422684.4,3422684.4,1,True
B2400337800000,1159697.602,0.0,1159697.602,1159697.602,1,True
B2400338200000,10831270.274875458,6654688.274875459,4176582.0,4176582.0,2,True
B2400339200000,1338309.9000000001,1338309.9000000001,0.0,1338309.9000000001,1,False
B2400339600000,5684861.0,0.0,5684861.0,5684861.0,3,True
B2400339900000,2294426.401729,0.0,2294426.401729,2294426.401729,2,True
B2400341300000,1996050.42,0.0,1996050.42,1996050.42,1,True
B2400342200000,2784388.0,2784388.0,0.0,0.0,1,False
B2400342400000,69609.7,69609.7,0.0,69609.7,1,False
B2400344000000,6352123.144190719,0.0,6352123.144190719,6352123.144190719,3,True
B2400344800000,3290192.9999999995,0.0,3290192.9999999995,3290192.9999999995,1,True
B2400346300000,432552.5463117,432552.5463117,0.0,0.0,1,False
B2400347600000,81628.76167208,81628.76167208,0.0,81628.76167208,1,False
B2400347800000,4104889.918591,0.0,4104889.918591,4104889.918591,2,True
B2400347900000,3861513.7876508003,3861513.7876508003,0.0,3861513.7876508003,1,False
B2400348400000,3208302.8858519997,3208302.8858519997,0.0,3208302.8858519997,1,False
B2400348600000,209660.0,0.0,209660.0,209660.0,1,True
B2400353100000,9885263.657399999,0.0,9885263.657399999,9885263.657399999,1,True
B2400354600000,3480696.0,0.0,3480696.0,3480696.0,1,True
B2400356100000,6129785.1019287,0.0,6129785.1019287,6129785.1019287,2,True
B2400359500000,707602.5,0.0,707602.5,707602.5,1,True
B2400359900000,382268.36454912,382268.36454912,0.0,382268.36454912,1,False
B2400362200000,4004010.0,0.0,4004010.0,4004010.0,2,True
B2400363500000,3717655.4777620495,0.0,3717655.4777620495,3717655.4777620495,2,True
B2400365700000,556877.6,556877.6,0.0,0.0,1,False
B2400365900000,2010680.3683467,2010680.3683467,0.0,0.0,1,False
B2400366000000,69602.73903,69602.73903,0.0,69602.73903,1,False
B2400367400000,556877.6,556877.6,0.0,556877.6,1,False
B2400368500000,1209852.15,1209852.15,0.0,1209852.15,1,False
B2400370600000,3849416.4099999997,3849416.4099999997,0.0,0.0,1,False
B2400371700000,1136811.8900000001,1136811.8900000001,0.0,579934.29,1,False
B2400372000000,1601408.3240313,0.0,1601408.3240313,1601408.3240313,1,True
B2400372400000,12717885.75,7879142.4,4838743.35,7644889.75,3,True
B2400373000000,417658.19999999995,417658.19999999995,0.0,417658.19999999995,1,False
B2400373800000,2771219.3753364296,0.0,2771219.3753364296,2771219.3753364296,1,True
B2400373900000,3432074.02939888,0.0,3432074.02939888,3432074.02939888,1,True
B2400374200000,5885894.7,0.0,5885894.7,5885894.7,3,True
B2400375200000,5115919.09204467,0.0,5115919.09204467,5115919.09204467,2,True
B2400376000000,1613962.5227549998,0.0,1613962.5227549998,1613962.5227549998,2,True
B2400379400000,1392194.0,1392194.0,0.0,1392194.0,1,False
B2400381200000,4004010.0,0.0,4004010.0,4004010.0,1,True
B2400381900000,4301430.5420856,0.0,4301430.5420856,4301430.5420856,2,True
B2400382000000,285150.06,0.0,285150.06,285150.06,1,True
B2400382900000,3622186.8985492806,0.0,3622186.8985492806,3622186.8985492806,1,True
B2400388000000,968967.024,968967.024,0.0,0.0,1,False
B2400388400000,522104.39999999997,0.0,522104.39999999997,522104.39999999997,1,True
B2400390300000,556877.6,556877.6,0.0,0.0,1,False
B2400390500000,1740242.5,1740242.5,0.0,0.0,1,False
B2400395000000,669043.512704,669043.512704,0.0,669043.512704,1,False
B2400395700000,219855.43413791998,0.0,219855.43413791998,219855.43413791998,1,True
B2400396900000,6100129.2683967,0.0,6100129.2683967,6100129.2683967,2,True
B2400397700000,5077065.67940165,3881375.35094714,1195690.32845451,1195690.32845451,2,True
B2400401400000,7677117.0,0.0,7677117.0,7677117.0,3,True
B2400402900000,2290333.57733376,2290333.57733376,0.0,2290333.57733376,1,False
B2400404700000,3568467.5508,0.0,3568467.5508,3568467.5508,1,True
B2400408200000,735578.2146187801,735578.2146187801,0.0,735578.2146187801,1,False
B2400410500000,556877.6,556877.6,0.0,0.0,1,False
B2400411600000,3290192.9999999995,0.0,3290192.9999999995,3290192.9999999995,1,True
B2400411800000,556780.14642,556780.14642,0.0,556780.14642,1,False
B2400412900000,695818.5612,695818.5612,0.0,695818.5612,1,False
B2400413000000,4326330.1067217,0.0,4326330.1067217,4326330.1067217,1,True
B2400416700000,183316.656,0.0,183316.656,183316.656,1,True
B2400417400000,7223771.12227245,0.0,7223771.12227245,7223771.12227245,2,True
B2400417700000,658038.6,0.0,658038.6,658038.6,1,True
B2400417900000,352600.04832,352600.04832,0.0,352600.04832,1,False
B2400433500000,1418257.4553132302,1418257.4553132302,0.0,1418257.4553132302,1,False
B2400436500000,1682303.8338942002,0.0,1682303.8338942002,1682303.8338942002,1,True
B2400443400000,4162083.3606220796,0.0,4162083.3606220796,4162083.3606220796,1,True
B2400444100000,892206.6000000001,892206.6000000001,0.0,892206.6000000001,1,False
B2400444200000,556877.6,556877.6,0.0,0.0,1,False
B2400444400000,1074318.5939999998,822548.2499999999,251770.34399999998,1074318.5939999998,2,True
B2400445200000,1247533.3468,1247533.3468,0.0,696097.0,1,False
B2400447300000,69609.7,69609.7,0.0,69609.7,1,False
B2400449500000,546086.704306,546086.704306,0.0,0.0,1,False
B2400450500000,1392167.03320222,1392167.03320222,0.0,1392167.03320222,1,False
B2400451000000,767711.7,767711.7,0.0,767711.7,1,False
B2400452300000,1818663.66,0.0,1818663.66,1818663.66,1,True
B2400454300000,4935289.5,4935289.5,0.0,4935289.5,1,False
B2400457500000,1411573.9863455999,0.0,1411573.9863455999,1411573.9863455999,1,True
B2400457700000,555485.406,555485.406,0.0,555485.406,1,False
B2400459000000,556877.6,556877.6,0.0,556877.6,1,False
B2400459900000,3290192.9999999995,0.0,3290192.9999999995,3290192.9999999995,1,True
B2400464600000,1461803.7,1461803.7,0.0,1461803.7,1,False
B2400466200000,5064444.740267,0.0,5064444.740267,5064444.740267,2,True
B2400467300000,493528.94999999995,0.0,493528.94999999995,493528.94999999995,1,True
B2400467400000,139219.4,139219.4,0.0,139219.4,1,False
B2400470400000,7338100.0,0.0,7338100.0,7338100.0,2,True
B2400471100000,2437297.5,0.0,2437297.5,2437297.5,1,True
B2400475500000,6321557.483999999,0.0,6321557.483999999,6321557.483999999,2,True
B2400475600000,329019.3,0.0,329019.3,329019.3,1,True
B2400475700000,556877.6,556877.6,0.0,556877.6,1,False
B2400476100000,987057.8999999999,0.0,987057.8999999999,987057.8999999999,1,True
B2400478100000,1824084.78,1824084.78,0.0,1824084.78,1,False
B2400479900000,537386.884,537386.884,0.0,0.0,1,False
B2400480200000,796708.0,0.0,796708.0,796708.0,1,True
B2400480300000,1066170.00908,1066170.00908,0.0,0.0,1,False
B2400480700000,1967170.1219999997,1967170.1219999997,0.0,1670632.7999999998,1,False
B2400487500000,2230516.5,2230516.5,0.0,2230516.5,1,False
B2400488300000,3554308.7219637996,2646142.0676777596,908166.65428604,2024189.7508777298,2,True
B2400491100000,611574.813969,611574.813969,0.0,611574.813969,1,False
B2400491400000,594804.4,594804.4,0.0,594804.4,1,False
B2400491900000,877384.7999999999,0.0,877384.7999999999,877384.7999999999,1,True
B2400492900000,12244315.982508121,0.0,12244315.982508121,12244315.982508121,4,True
B2400495700000,5055837.4,0.0,5055837.4,5055837.4,2,True
B2400497100000,786225.0,0.0,786225.0,786225.0,1,True
B2400498800000,1397790.34,0.0,1397790.34,1397790.34,1,True
B2400499300000,2784388.0,2784388.0,0.0,2784388.0,1,False
B2400502600000,1195062.0,0.0,1195062.0,1195062.0,1,True
B2400502800000,786225.0,0.0,786225.0,786225.0,1,True
B2400508000000,1997759.129203,1997759.129203,0.0,1997759.129203,1,False
B2400510500000,2088281.254642,2088281.254642,0.0,2088281.254642,1,False
B2400511500000,6809705.212533301,0.0,6809705.212533301,6809705.212533301,1,True
B2400520300000,3603609.0,0.0,3603609.0,3603609.0,1,True
B2400520600000,1276952.0,0.0,1276952.0,1276952.0,1,True
B2400521200000,2586574.5,2193462.0,393112.5,393112.5,2,True
B2400521700000,9359304.3442638,4464016.0438728,4895288.300391,4895288.300391,3,True
B2400522800000,9942232.0,5765650.0,4176582.0,9942232.0,2,True
B2400523000000,347701.843694,347701.843694,0.0,0.0,1,False
B2400526300000,108330.075,108330.075,0.0,108330.075,1,False
B2400528600000,6305949.204,2230516.5,4075432.704,6305949.204,3,True
B2400528800000,1670632.7999999998,1670632.7999999998,0.0,1670632.7999999998,1,False
B2400530300000,1572450.0,0.0,1572450.0,1572450.0,1,True
B2400530400000,813395.017,813395.017,0.0,813395.017,1,False
B2500002500000,4187802.1480377,4187802.1480377,0.0,4187802.1480377,1,False
B2500005500000,1828148.3308,0.0,1828148.3308,1828148.3308,2,True
B2500009400000,814089.0612043999,814089.0612043999,0.0,814089.0612043999,1,False
B2500011700000,1740337.098885,0.0,1740337.098885,1740337.098885,1,True
B2500013000000,3659696.6741762394,0.0,3659696.6741762394,3659696.6741762394,1,True
B2500013100000,835316.3999999999,835316.3999999999,0.0,0.0,1,False
B2500013200000,555486.19955058,555486.19955058,0.0,0.0,1,False
B2500016100000,624841.3786434999,624841.3786434999,0.0,0.0,1,False
B2500019900000,2088291.0,2088291.0,0.0,0.0,1,False
B2500022800000,5641286.85022779,0.0,5641286.85022779,5641286.85022779,2,True
B2500025700000,3290192.9999999995,0.0,3290192.9999999995,3290192.9999999995,1,True
B2500026700000,3103620.5999999996,0.0,3103620.5999999996,3103620.5999999996,1,True
B2500027400000,4461033.0,0.0,4461033.0,4461033.0,1,True
B2500027600000,3480115.2458724002,0.0,3480115.2458724002,3480115.2458724002,1,True
B2500028700000,3509539.1999999997,0.0,3509539.1999999997,3509539.1999999997,2,True
B2500030000000,6775703.2139685005,2944847.2139684996,3830856.0000000005,6775703.2139685005,2,True
B2500031100000,1392194.0,1392194.0,0.0,1392194.0,1,False
B2500034300000,779337.0486,0.0,779337.0486,779337.0486,1,True
B2500036100000,409324.4595,0.0,409324.4595,409324.4595,1,True
B2500036200000,3273282.34020135,0.0,3273282.34020135,3273282.34020135,1,True
B2500037000000,408837.0,0.0,408837.0,408837.0,1,True
B2500037100000,128776.095154,128776.095154,0.0,128776.095154,1,False
B2500038800000,424425.06,0.0,424425.06,424425.06,1,True
B2500039100000,12562504.74877537,3863033.013361,8699471.73541437,12562504.74877537,4,True
B2500039200000,786225.0,0.0,786225.0,786225.0,1,True
B2500039400000,1601023.0999999999,1601023.0999999999,0.0,1601023.0999999999,1,False
B2500040700000,438692.39999999997,0.0,438692.39999999997,438692.39999999997,1,True
B2500043200000,3290192.9999999995,0.0,3290192.9999999995,3290192.9999999995,1,True
B2500048500000,12158218.61469726,4176582.0,7981636.614697261,7981636.614697261,4,True
B2500048700000,19986321.785138186,0.0,19986321.785138186,19986321.785138186,1,True
B2500049200000,987057.8999999999,0.0,987057.8999999999,987057.8999999999,1,True
B2500049700000,1639612.8449999997,0.0,1639612.8449999997,1639612.8449999997,1,True
B2500049900000,1194605.15696,1194605.15696,0.0,1194605.15696,1,False
B2500050200000,987057.8999999999,0.0,987057.8999999999,987057.8999999999,1,True
B2500050600000,696097.0,696097.0,0.0,0.0,1,False
B2500050800000,1000000.0,0.0,1000000.0,1000000.0,1,True
B2500051000000,11115446.494848572,0.0,11115446.494848572,11115446.494848572,2,True
B2500052400000,69609.7,69609.7,0.0,69609.7,1,False
B2500054800000,3144900.0,0.0,3144900.0,3144900.0,2,True
B2500056900000,3452680.88,0.0,3452680.88,3452680.88,2,True
B2500057700000,5155367.185276,0.0,5155367.185276,5155367.185276,2,True
B2500059400000,786225.0,0.0,786225.0,786225.0,1,True
B2500059500000,1645096.4999999998,0.0,1645096.4999999998,1645096.4999999998,1,True
B2500059700000,2088235.3122399999,2088235.3122399999,0.0,0.0,1,False
B2500060200000,3678592.1568732895,0.0,3678592.1568732895,3678592.1568732895,2,True
B2500061100000,804626.1131330001,0.0,804626.1131330001,804626.1131330001,2,True
B2500061500000,1392191.0763926,1392191.0763926,0.0,1392191.0763926,1,False
B2500067500000,728624.16306695,728624.16306695,0.0,728624.16306695,1,False
B2500067700000,1645096.5,329019.3,1316077.2,1316077.2,2,True
B2500069700000,1237672.8450719998,0.0,1237672.8450719998,1237672.8450719998,2,True
B2500070700000,1247185.857348,1247185.857348,0.0,0.0,1,False
B2500074100000,845821.94284665,0.0,845821.94284665,845821.94284665,1,True
B2500075300000,1113755.2,1113755.2,0.0,1113755.2,1,False
B2500077700000,290058.0,0.0,290058.0,290058.0,1,True
B2500078000000,3130806.26823948,0.0,3130806.26823948,3130806.26823948,1,True
B2500078400000,421414.36714634,421414.36714634,0.0,421414.36714634,1,False
B2500078500000,3070846.8,0.0,3070846.8,3070846.8,1,True
B2500080300000,638106.5,348048.5,290058.0,638106.5,2,True
B2500084000000,3144900.0,0.0,3144900.0,3144900.0,1,True
B2500085100000,796708.0,0.0,796708.0,796708.0,1,True
B2500086200000,445502.07999999996,0.0,445502.07999999996,445502.07999999996,1,True
B2500086500000,3189959.6085,3189959.6085,0.0,3189959.6085,1,False
B2500098500000,2795737.76196471,2795737.76196471,0.0,2795737.76196471,1,False
B2500112500000,1754769.5999999999,1754769.5999999999,0.0,1754769.5999999999,1,False
B2500115900000,2850439.071392,0.0,2850439.071392,2850439.071392,1,True
B2500119200000,1041894.45,1041894.45,0.0,1041894.45,1,False
B2500122800000,3290192.9999999995,0.0,3290192.9999999995,3290192.9999999995,1,True
B2500127200000,1912099.2,0.0,1912099.2,1912099.2,1,True
B2500127400000,533868.0,0.0,533868.0,533868.0,1,True
B2500129100000,556877.6,556877.6,0.0,0.0,1,False
B2500129400000,556877.6,556877.6,0.0,0.0,1,False
B2500129500000,311558.07567654003,311558.07567654003,0.0,311558.07567654003,1,False
B2500131300000,556877.6,556877.6,0.0,0.0,1,False
B2500131400000,556877.6,556877.6,0.0,0.0,1,False
B2500132800000,3893491.2341291998,2710702.2341291998,1182789.0,2849332.5,3,True
B2500135100000,4741632.0,0.0,4741632.0,4741632.0,1,True
B2500136800000,4176582.0,0.0,4176582.0,4176582.0,2,True
B2500137000000,1740242.5,1740242.5,0.0,1740242.5,1,False
B2500137700000,556877.6,556877.6,0.0,0.0,1,False
B2500137800000,850174.3481234399,0.0,850174.3481234399,850174.3481234399,2,True
B2500140000000,874594.0,874594.0,0.0,874594.0,1,False
B2500140800000,1461803.7,1461803.7,0.0,1461803.7,1,False
B2500141200000,974535.7999999999,974535.7999999999,0.0,0.0,1,False
B2500146300000,4687081.245,0.0,4687081.245,4687081.245,4,True
B2500146900000,2307976.0633120798,0.0,2307976.0633120798,2307976.0633120798,1,True
B2500148100000,499184.9856,499184.9856,0.0,499184.9856,1,False
B2500149500000,556877.6,556877.6,0.0,0.0,1,False
B2500150500000,1411492.7969999998,0.0,1411492.7969999998,1411492.7969999998,1,True
B2500152900000,1951558.86595652,0.0,1951558.86595652,1951558.86595652,1,True
B2500157100000,835316.3999999999,835316.3999999999,0.0,0.0,1,False
B2500163700000,2219783.5439999998,2219783.5439999998,0.0,0.0,1,False
B2500165400000,1670632.7999999998,1670632.7999999998,0.0,1670632.7999999998,1,False
B2500166000000,1392194.0,1392194.0,0.0,0.0,1,False
B2500166800000,822548.2499999999,0.0,822548.2499999999,822548.2499999999,1,True
B2500173400000,645767.19005904,645767.19005904,0.0,645767.19005904,1,False
B2500178600000,1271313.7627329,1271313.7627329,0.0,0.0,1,False
B2500179400000,446103.30000000005,0.0,446103.30000000005,446103.30000000005,1,True
B2500179700000,1113755.2,1113755.2,0.0,1113755.2,1,False
B2500180000000,1100710.34222,0.0,1100710.34222,1100710.34222,1,True
B2500180300000,3290192.9999999995,0.0,3290192.9999999995,3290192.9999999995,1,True
B2500181200000,3820991.2137924805,0.0,3820991.2137924805,3820991.2137924805,1,True
B2500183700000,1108193.7135308702,1108193.7135308702,0.0,1108193.7135308702,1,False
B2500187000000,835245.0500574999,835245.0500574999,0.0,0.0,1,False
B2500189700000,991998.36,0.0,991998.36,991998.36,1,True
B2500190100000,659011.776,0.0,659011.776,659011.776,1,True
B2500191400000,1532882.5050135201,1133854.7850000001,399027.72001352004,1532882.5050135201,2,True
B2500192800000,9321529.033599999,5765650.0,3555879.0336,3555879.0336,3,True
B2500195700000,413787.7401,413787.7401,0.0,0.0,1,False
B2500197300000,542601.76995801,542601.76995801,0.0,542601.76995801,1,False
B2500197800000,1565263.204916,1565263.204916,0.0,1565263.204916,1,False
B2500199700000,730901.85,730901.85,0.0,730901.85,1,False
B2500200100000,8573580.3933352,8573580.3933352,0.0,0.0,1,False
B2500200200000,1121714.5321799999,1121714.5321799999,0.0,1121714.5321799999,1,False
B2500200600000,3963661.6619813396,0.0,3963661.6619813396,3963661.6619813396,2,True
B2500200700000,4005005.9475888,0.0,4005005.9475888,4005005.9475888,1,True
B2500202700000,835316.3999999999,835316.3999999999,0.0,0.0,1,False
B2500203300000,2193275.5557299997,2193275.5557299997,0.0,0.0,1,False
B2500204500000,3144129.0487309997,0.0,3144129.0487309997,3144129.0487309997,1,True
B2500208200000,2656791.599072,2656791.599072,0.0,2227510.4,1,False
B2500208500000,900000.0,0.0,900000.0,900000.0,1,True
B2500209100000,3686505.5316653093,0.0,3686505.5316653093,3686505.5316653093,2,True
B2500217300000,786356.127,0.0,786356.127,786356.127,1,True
B2500217400000,2784388.0,2784388.0,0.0,0.0,1,False
B2500219200000,3296567.69413854,3296567.69413854,0.0,0.0,1,False
B2500220000000,730901.85,730901.85,0.0,730901.85,1,False
B2500220300000,3830856.0000000005,0.0,3830856.0000000005,3830856.0000000005,1,True
B2500222800000,3044600.65557602,3044600.65557602,0.0,3044600.65557602,1,False
B2500223100000,69609.7,69609.7,0.0,69609.7,1,False
B2500227200000,69609.7,69609.7,0.0,69609.7,1,False
B2500227400000,2436339.5,2436339.5,0.0,2436339.5,1,False
B2500230600000,556877.6,556877.6,0.0,0.0,1,False
B2500231800000,1186187.4542749499,0.0,1186187.4542749499,1186187.4542749499,1,True
B2500234000000,361660.361692,0.0,361660.361692,361660.361692,1,True
B2500234800000,960609.106,960609.106,0.0,960609.106,1,False
B2500235500000,556877.6,556877.6,0.0,0.0,1,False
B2500235600000,649946.0,0.0,649946.0,649946.0,1,True
B2500238300000,699675.2,699675.2,0.0,699675.2,1,False
B2500240400000,1258180.156674,0.0,1258180.156674,1258180.156674,1,True
B2500244500000,2227510.4,2227510.4,0.0,0.0,1,False
B2500244900000,8776863.7457448,0.0,8776863.7457448,8776863.7457448,1,True
B2500246800000,348048.5,348048.5,0.0,348048.5,1,False
B2500248600000,282579.36594121996,282579.36594121996,0.0,0.0,1,False
B2500249300000,695902.0928399999,695902.0928399999,0.0,695902.0928399999,1,False
B2500252800000,2784388.0,2784388.0,0.0,2784388.0,1,False
B2500254900000,1316077.2,1316077.2,0.0,1316077.2,1,False
B2500256000000,116023.2,0.0,116023.2,116023.2,1,True
B2500259500000,475103.86919999996,0.0,475103.86919999996,475103.86919999996,1,True
B2500261900000,1032023.8709999999,1032023.8709999999,0.0,1032023.8709999999,1,False
B2500262200000,2987597.4,0.0,2987597.4,2987597.4,1,True
B2500263200000,3290192.9999999995,0.0,3290192.9999999995,3290192.9999999995,1,True
B2500264100000,1545846.7075199997,0.0,1545846.7075199997,1545846.7075199997,2,True
B2500264800000,3290192.9999999995,0.0,3290192.9999999995,3290192.9999999995,1,True
B2500265100000,3359161.6601078,3359161.6601078,0.0,1966967.6601078,1,False
B2500269700000,3290192.9999999995,0.0,3290192.9999999995,3290192.9999999995,1,True
B2500270400000,346780.44793898,346780.44793898,0.0,346780.44793898,1,False
B2500271400000,4640928.0,0.0,4640928.0,4640928.0,1,True
B2500271800000,2134732.05495,2134732.05495,0.0,0.0,1,False
B2500272500000,2974022.0,2974022.0,0.0,2974022.0,1,False
B2500272800000,3290193.0,0.0,3290193.0,3290193.0,2,True
B2500275700000,371752.75,0.0,371752.75,371752.75,1,True
B2500276200000,487267.89999999997,487267.89999999997,0.0,487267.89999999997,1,False
B2500277600000,4282591.680000001,0.0,4282591.680000001,4282591.680000001,1,True
B2500280900000,1740348.0,0.0,1740348.0,1740348.0,1,True
B2500281200000,1818967.5567008,0.0,1818967.5567008,1818967.5567008,1,True
B2500285800000,822548.2499999999,822548.2499999999,0.0,822548.2499999999,1,False
B2500287100000,3433765.14591,3433765.14591,0.0,3433765.14591,1,False
B2500287400000,4401325.174760999,4401325.174760999,0.0,4401325.174760999,1,False
B2500287500000,5483654.999999999,5483654.999999999,0.0,0.0,1,False
B2500287800000,1125246.0059999998,0.0,1125246.0059999998,1125246.0059999998,1,True
B2500289600000,2193462.0,2193462.0,0.0,0.0,1,False
B2500290100000,487267.89999999997,487267.89999999997,0.0,487267.89999999997,1,False
B2500291000000,277324.992,277324.992,0.0,277324.992,1,False
B2500295100000,208829.09999999998,0.0,208829.09999999998,208829.09999999998,1,True
B2500295200000,6392625.119999999,2216043.1199999996,4176582.0,4176582.0,2,True
B2500296500000,609405.5394503201,609405.5394503201,0.0,609405.5394503201,1,False
B2500298100000,320204.62,320204.62,0.0,0.0,1,False
B2500298300000,866640.6,866640.6,0.0,866640.6,1,False
B2500298500000,904900.92132,0.0,904900.92132,904900.92132,1,True
B2500298600000,1227740.85,0.0,1227740.85,1227740.85,1,True
B2500299100000,556877.6,556877.6,0.0,0.0,1,False
B2500299400000,3144540.234636,0.0,3144540.234636,3144540.234636,2,True
B2500300300000,877384.7999999999,0.0,877384.7999999999,877384.7999999999,1,True
B2500300500000,769905.1619999999,769905.1619999999,0.0,769905.1619999999,1,False
B2500300900000,1111597.5458541599,0.0,1111597.5458541599,1111597.5458541599,1,True
B2500302700000,383855.85,0.0,383855.85,383855.85,1,True
B2500305800000,2987655.0,0.0,2987655.0,2987655.0,1,True
B2500306200000,877384.7999999999,0.0,877384.7999999999,877384.7999999999,1,True
B2500306700000,2442162.2069999995,2080498.7069999997,361663.5,361663.5,2,True
B2500307600000,556877.6,556877.6,0.0,556877.6,1,False
B2500308500000,1507829.154,1507829.154,0.0,1507829.154,1,False
B2500309500000,1254722.36481042,1254722.36481042,0.0,1254722.36481042,1,False
B2500309600000,556877.6,556877.6,0.0,556877.6,1,False
B2500310900000,2341243.070892,0.0,2341243.070892,2341243.070892,2,True
B2500312100000,1487031.818154,1487031.818154,0.0,1487031.818154,1,False
B2500315100000,417658.19999999995,417658.19999999995,0.0,0.0,1,False
B2500316100000,109061.80799999999,0.0,109061.80799999999,109061.80799999999,1,True
B2500319300000,704318.8244180399,704318.8244180399,0.0,0.0,1,False
B2500320000000,3929855.92856,3929855.92856,0.0,2974022.0,1,False
B2500320300000,251325.774,0.0,251325.774,251325.774,1,True
B2500321600000,891055.0,0.0,891055.0,891055.0,1,True
B2500321700000,2251362.78351207,0.0,2251362.78351207,2251362.78351207,1,True
B2500322800000,1391273.7597659999,1391273.7597659999,0.0,0.0,1,False
B2500323600000,2500000.0,0.0,2500000.0,2500000.0,1,True
B2500325500000,1384819.6,1106380.8,278438.8,1384819.6,2,True
B2500325600000,104830.0,0.0,104830.0,104830.0,1,True
B2500326000000,1218742.32375,0.0,1218742.32375,1218742.32375,1,True
B2500329700000,309298.288,309298.288,0.0,309298.288,1,False
B2500329900000,542955.6599999999,542955.6599999999,0.0,542955.6599999999,1,False
B2500330000000,1740242.5,1740242.5,0.0,1740242.5,1,False
B2500330800000,3253872.9520151503,3253872.9520151503,0.0,2650913.73061515,1,False
B2500331100000,5198856.004024,4931922.004024,266934.0,266934.0,2,True
B2500331200000,2227510.4,2227510.4,0.0,0.0,1,False
B2500332900000,2431349.361936,0.0,2431349.361936,2431349.361936,2,True
B2500335800000,1062732.339,0.0,1062732.339,1062732.339,1,True
B2500336300000,1701140.584,1701140.584,0.0,1701140.584,1,False
B2500337500000,3144900.0,0.0,3144900.0,3144900.0,1,True
B2500338900000,696097.0,696097.0,0.0,0.0,1,False
B2500340500000,4910963.4,0.0,4910963.4,4910963.4,2,True
B2500343400000,3144900.0,0.0,3144900.0,3144900.0,1,True
B2500352800000,579934.29,579934.29,0.0,579934.29,1,False
B2500354200000,12709131.29265192,0.0,12709131.29265192,12709131.29265192,2,True
B2500354500000,2882094.65,0.0,2882094.65,2882094.65,2,True
B2500361700000,2462231.95,0.0,2462231.95,2462231.95,1,True
B2500363100000,921959.344,0.0,921959.344,921959.344,1,True
B2500363200000,2468986.8499999996,1809606.15,659380.7,2468986.8499999996,2,True
B2500364100000,7025892.51072264,0.0,7025892.51072264,7025892.51072264,3,True
B2500365100000,3290192.9999999995,0.0,3290192.9999999995,3290192.9999999995,2,True
B2500365200000,696139.2,0.0,696139.2,696139.2,1,True
B2500365800000,8899493.18549078,1160241.861972,7739251.32351878,7739251.32351878,4,True
B2500366300000,398167.484,398167.484,0.0,398167.484,1,False
B2500366400000,696097.0,696097.0,0.0,696097.0,1,False
B2500366600000,278438.8,278438.8,0.0,278438.8,1,False
B2500366700000,5928203.433955,0.0,5928203.433955,5928203.433955,2,True
B2500367400000,594466.838,0.0,594466.838,594466.838,1,True
B2500367500000,2193462.0,0.0,2193462.0,2193462.0,1,True
B2500371800000,6600975.35,0.0,6600975.35,6600975.35,2,True
B2500372200000,2639165.339338,0.0,2639165.339338,2639165.339338,2,True
B2500372300000,4004010.0,0.0,4004010.0,4004010.0,2,True
B2500374400000,1746149.16,0.0,1746149.16,1746149.16,1,True
B2500376100000,5206465.1536779,2511703.9384387797,2694761.21523912,5206465.1536779,3,True
B2500378800000,4394766.93,0.0,4394766.93,4394766.93,2,True
B2500380600000,1332023.3753199999,1332023.3753199999,0.0,1332023.3753199999,1,False
B2500381300000,5412669.142209041,0.0,5412669.142209041,5412669.142209041,2,True
B2500383300000,767486.82318668,225836.44818667998,541650.375,767486.82318668,2,True
B2500385200000,1979275.6,0.0,1979275.6,1979275.6,1,True
B2500386900000,417658.19999999995,417658.19999999995,0.0,0.0,1,False
B2500387600000,1283175.2699999998,0.0,1283175.2699999998,1283175.2699999998,1,True
B2500388500000,743349.53,0.0,743349.53,743349.53,2,True
B2500388600000,5324517.3729135,880400.2618844999,4444117.111029,4444117.111029,2,True
B2500389300000,2969628.7612002296,2969628.7612002296,0.0,0.0,1,False
B2500397900000,4461033.0,0.0,4461033.0,4461033.0,1,True
B2500399200000,556877.6,556877.6,0.0,0.0,1,False
B2500399900000,5396738.145,0.0,5396738.145,5396738.145,3,True
B2500400300000,5483654.999999999,5483654.999999999,0.0,0.0,1,False
B2500405800000,6674390.609471,6674390.609471,0.0,6674390.609471,2,False
B2500408500000,556877.6,556877.6,0.0,0.0,1,False
B2500410700000,482561.63999999996,0.0,482561.63999999996,482561.63999999996,1,True
B2500411800000,997080.4,0.0,997080.4,997080.4,1,True
B2500412200000,3858144.2,2675355.2,1182789.0,3858144.2,2,True
B2500414300000,156096.62649899998,0.0,156096.62649899998,156096.62649899998,1,True
B2500416200000,2741827.4999999995,0.0,2741827.4999999995,2741827.4999999995,1,True
B2500417200000,1645096.4999999998,0.0,1645096.4999999998,1645096.4999999998,1,True
B2500420900000,1500000.0,0.0,1500000.0,1500000.0,1,True
B2500421100000,2745391.8757499997,0.0,2745391.8757499997,2745391.8757499997,1,True
B2500424100000,5221044.0,0.0,5221044.0,5221044.0,3,True
B2500424200000,877384.7999999999,877384.7999999999,0.0,877384.7999999999,1,False
B2500425000000,427725.08999999997,0.0,427725.08999999997,427725.08999999997,1,True
B2500426300000,2201430.0,0.0,2201430.0,2201430.0,1,True
B2500426700000,3204277.94241968,0.0,3204277.94241968,3204277.94241968,3,True
B2500426800000,1645096.4999999998,0.0,1645096.4999999998,1645096.4999999998,1,True
B2500427000000,3290192.9999999995,0.0,3290192.9999999995,3290192.9999999995,1,True
B2500431100000,2083788.9,0.0,2083788.9,2083788.9,1,True
B2500431200000,3120242.5687949997,0.0,3120242.5687949997,3120242.5687949997,1,True
B2500431400000,3290192.9999999995,0.0,3290192.9999999995,3290192.9999999995,1,True
B2500435300000,1307428.488,1307428.488,0.0,1307428.488,1,False
B2500436100000,696139.2,0.0,696139.2,696139.2,1,True
B2500437600000,696139.2,0.0,696139.2,696139.2,1,True
B2500438000000,1367184.8646,0.0,1367184.8646,1367184.8646,2,True
B2500441800000,9851224.8,5847214.8,4004010.0,4004010.0,2,True
B2500442800000,1038560.38776,0.0,1038560.38776,1038560.38776,1,True
B2500445200000,493528.94999999995,0.0,493528.94999999995,493528.94999999995,1,True
B2500446200000,10204288.23582592,2301568.23582592,7902720.0,10204288.23582592,4,True
B2500447000000,3480696.0,0.0,3480696.0,3480696.0,1,True
B2500448900000,1039196.40145251,1039196.40145251,0.0,798461.27779931,1,False
B2500449100000,9808609.74582365,1481348.1458236498,8327261.6,8327261.6,4,True
B2500449200000,556877.6,556877.6,0.0,0.0,1,False
B2500453200000,4927010.0,0.0,4927010.0,4927010.0,2,True
B2500453600000,1583301.822165,1583301.822165,0.0,1583301.822165,2,False
B2500457200000,896246.7964957799,896246.7964957799,0.0,0.0,1,False
B2500458300000,307084.68,0.0,307084.68,307084.68,1,True
B2500458500000,375544.26,0.0,375544.26,375544.26,1,True
B2500460400000,2559038.634423,2559038.634423,0.0,2559038.634423,1,False
B2500460500000,1784413.2000000002,1784413.2000000002,0.0,1784413.2000000002,1,False
B2500463900000,525372.24978,525372.24978,0.0,525372.24978,1,False
B2500466800000,556877.6,556877.6,0.0,556877.6,1,False
B2500467900000,603135.0028799999,0.0,603135.0028799999,603135.0028799999,1,True
B2500469100000,767711.7,767711.7,0.0,767711.7,1,False
B2500469300000,15446119.647636091,0.0,15446119.647636091,15446119.647636091,4,True
B2500469500000,132081.03023499998,0.0,132081.03023499998,132081.03023499998,1,True
B2500469600000,500000.0,0.0,500000.0,500000.0,1,True
B2500474800000,1275498.153,0.0,1275498.153,1275498.153,1,True
B2500475000000,2028698.4000000001,0.0,2028698.4000000001,2028698.4000000001,2,True
B2500476700000,1603235.4261,0.0,1603235.4261,1603235.4261,1,True
B2500478000000,220444.08,0.0,220444.08,220444.08,1,True
B2500480300000,658038.6,658038.6,0.0,658038.6,1,False
B2500480800000,419320.0,0.0,419320.0,419320.0,1,True
B2500486200000,1147728.9915,1147728.9915,0.0,0.0,1,False
B2500488300000,4741632.0,0.0,4741632.0,4741632.0,1,True
B2500492000000,3910607.2121178596,0.0,3910607.2121178596,3910607.2121178596,2,True
B2500493500000,1053141.4264049998,1053141.4264049998,0.0,1053141.4264049998,1,False
B2500496400000,10712893.5,4935289.5,5777604.0,10712893.5,4,True
B2500496900000,723940.88,723940.88,0.0,723940.88,1,False
B2500500100000,843128.1597836199,806739.7,36388.45978361999,843128.1597836199,2,True
B2500500400000,553027.28,0.0,553027.28,553027.28,1,True
B2500500600000,534027.55406998,534027.55406998,0.0,534027.55406998,1,False
B2500503100000,4193200.0,0.0,4193200.0,4193200.0,1,True
B2500505400000,4751114.610836,0.0,4751114.610836,4751114.610836,2,True
B2500505800000,1392194.0,1392194.0,0.0,0.0,1,False
B2500509800000,1002856.1950000001,0.0,1002856.1950000001,1002856.1950000001,1,True
B2500514000000,1026266.0332499999,0.0,1026266.0332499999,1026266.0332499999,1,True
B2500514100000,805987.6118999999,805987.6118999999,0.0,805987.6118999999,1,False
B2500516200000,468304.13699999993,0.0,468304.13699999993,468304.13699999993,1,True
B2500516500000,658038.6,658038.6,0.0,0.0,1,False
B2500516600000,309119.84668,309119.84668,0.0,309119.84668,1,False
B2500521000000,1799996.0,0.0,1799996.0,1799996.0,1,True
B2500521500000,556877.6,556877.6,0.0,0.0,1,False
B2500521700000,943470.0,0.0,943470.0,943470.0,1,True
B2500523000000,3480696.0,0.0,3480696.0,3480696.0,1,True
B2500523500000,4733459.6,0.0,4733459.6,4733459.6,1,True
B2500525600000,2931253.2600000002,0.0,2931253.2600000002,2931253.2600000002,2,True
B2500526200000,1793145.872,1793145.872,0.0,1793145.872,1,False
B2500527300000,92818.56,0.0,92818.56,92818.56,1,True
B2500531300000,2177724.0857100002,0.0,2177724.0857100002,2177724.0857100002,2,True
B2500532900000,3603609.0,0.0,3603609.0,3603609.0,2,True
B2500534100000,1164580.2240000002,0.0,1164580.2240000002,1164580.2240000002,1,True
B2500535800000,4103641.4899656903,4103641.4899656903,0.0,4103641.4899656903,1,False
B2500537600000,765706.7,765706.7,0.0,0.0,1,False
B2600000100000,789646.32,789646.32,0.0,0.0,1,False
B2600000200000,3406975.0,0.0,3406975.0,3406975.0,2,True
B2600004600000,2650072.7026808998,0.0,2650072.7026808998,2650072.7026808998,1,True
B2600004700000,2478519.3330706796,2478519.3330706796,0.0,556877.6,1,False
B2600004800000,800000.0,0.0,800000.0,800000.0,1,True
B2600005000000,831359.13032082,831359.13032082,0.0,0.0,1,False
B2600005100000,501189.83999999997,222751.03999999998,278438.8,278438.8,2,True
B2600006800000,2937132.0,2937132.0,0.0,2937132.0,1,False
B2600007300000,800000.0,0.0,800000.0,800000.0,1,True
B2600007500000,125297.45999999999,125297.45999999999,0.0,0.0,1,False
B2600007800000,5241500.0,0.0,5241500.0,5241500.0,1,True
B2600008400000,696027.3903,696027.3903,0.0,696027.3903,1,False
B2600008500000,658038.6,658038.6,0.0,0.0,1,False
B2600008800000,3000000.0,0.0,3000000.0,3000000.0,1,True
B2600009200000,800000.0,0.0,800000.0,800000.0,1,True
B2600011300000,266934.0,0.0,266934.0,266934.0,1,True
B2600012700000,348048.5,348048.5,0.0,348048.5,1,False
B2600013900000,2463068.88513541,2463068.88513541,0.0,1992594.36824725,1,False
B2600014600000,3498203.9999999995,0.0,3498203.9999999995,3498203.9999999995,1,True
B2600015000000,286577.304,0.0,286577.304,286577.304,1,True
B2600016900000,7862250.0,7862250.0,0.0,7862250.0,1,False
B2600017600000,309298.288,309298.288,0.0,309298.288,1,False
B2600017700000,723940.88,723940.88,0.0,723940.88,1,False
B2600018300000,1336640.9062499998,0.0,1336640.9062499998,1336640.9062499998,1,True
B2600020300000,1392192.607806,1392192.607806,0.0,0.0,1,False
B2600020500000,464092.8,0.0,464092.8,464092.8,1,True
B2600021000000,3250000.0,0.0,3250000.0,3250000.0,1,True
B2600022700000,4386924.0,0.0,4386924.0,4386924.0,1,True
B2600026100000,556877.6,556877.6,0.0,556877.6,1,False
B2600026200000,77867.901,0.0,77867.901,77867.901,1,True
B2600026500000,8737965.14417469,0.0,8737965.14417469,8737965.14417469,3,True
B2600027100000,904803.075,904803.075,0.0,904803.075,1,False
B2600027400000,10000000.0,0.0,10000000.0,10000000.0,2,True
B2600028800000,1000087.0,0.0,1000087.0,1000087.0,1,True
B2600029500000,278438.8,278438.8,0.0,278438.8,1,False
B2600029800000,547864.293933,547864.293933,0.0,0.0,1,False
B2600031000000,440409.00276785996,0.0,440409.00276785996,440409.00276785996,1,True
B2600035800000,3663081.5399999996,0.0,3663081.5399999996,3663081.5399999996,2,True
B2600037500000,999673.13,0.0,999673.13,999673.13,1,True
B2600037800000,4134949.4948515994,4134949.4948515994,0.0,158054.4,1,False
B2600040000000,2908848.98304,2908848.98304,0.0,2908848.98304,1,False
B2600040300000,921000.631635,0.0,921000.631635,921000.631635,2,True
B2600041500000,822548.2499999999,822548.2499999999,0.0,822548.2499999999,1,False
B2600043100000,2648151.0,0.0,2648151.0,2648151.0,1,True
B2600043300000,6961768.24,0.0,6961768.24,6961768.24,2,True
B2600050500000,356699.953185,0.0,356699.953185,356699.953185,1,True
B2600062300000,5806961.16,0.0,5806961.16,5806961.16,2,True
B2600062700000,866640.6,866640.6,0.0,866640.6,1,False
B2600062800000,309298.288,309298.288,0.0,309298.288,1,False
B2600066500000,1400000.0,0.0,1400000.0,1400000.0,1,True
B2600066600000,3192698.88,0.0,3192698.88,3192698.88,1,True
B2600067700000,600000.0,0.0,600000.0,600000.0,1,True
B2600068500000,2810000.0,0.0,2810000.0,2810000.0,1,True
B2600068800000,4461033.0,0.0,4461033.0,4461033.0,2,True
B2600069700000,390000.0,0.0,390000.0,390000.0,1,True
B2600070100000,500000.0,0.0,500000.0,500000.0,1,True
B2600070200000,4576884.9861023,0.0,4576884.9861023,4576884.9861023,2,True
B2600070500000,877384.7999999999,0.0,877384.7999999999,877384.7999999999,1,True
B2600071300000,2349628.89544,1999628.89544,350000.0,2349628.89544,2,True
B2600072100000,301690.183619,0.0,301690.183619,301690.183619,1,True
B2600077600000,1362790.0,0.0,1362790.0,1362790.0,1,True
B2600078900000,7862250.0,7862250.0,0.0,7862250.0,1,False
B2600079400000,628980.0,0.0,628980.0,628980.0,1,True
B2600083700000,832898.4609000001,0.0,832898.4609000001,832898.4609000001,1,True
B2600083800000,411000.0,0.0,411000.0,411000.0,1,True
B2600084200000,3000000.0,0.0,3000000.0,3000000.0,1,True
B2600087900000,41932.0,0.0,41932.0,41932.0,1,True
B2600096600000,2895695.569107,0.0,2895695.569107,2895695.569107,1,True
B2600097000000,314490.0,0.0,314490.0,314490.0,1,True
B2600098100000,822646.9557899999,822646.9557899999,0.0,0.0,1,False
B2600100500000,390000.0,0.0,390000.0,390000.0,1,True
B2600104100000,2935240.0,0.0,2935240.0,2935240.0,1,True
B2600104400000,1633608.0782653498,0.0,1633608.0782653498,1633608.0782653498,1,True
B2600104900000,6132474.5554056,0.0,6132474.5554056,6132474.5554056,2,True
B2600107500000,874470.05536,0.0,874470.05536,874470.05536,1,True
B2600109400000,4470315.15,0.0,4470315.15,4470315.15,2,True
B2600113200000,2096600.0,0.0,2096600.0,2096600.0,1,True
B2600123800000,4186386.05,0.0,4186386.05,4186386.05,2,True
B2600125600000,2075634.0,0.0,2075634.0,2075634.0,1,True
B2600130000000,3336675.0,0.0,3336675.0,3336675.0,2,True
B2600130700000,413467.58699999994,0.0,413467.58699999994,413467.58699999994,1,True
B2600140800000,2987655.0,0.0,2987655.0,2987655.0,1,True
B2600141300000,5765650.0,0.0,5765650.0,5765650.0,2,True
B2600141800000,156028.29060500002,0.0,156028.29060500002,156028.29060500002,1,True
