cnpj_produtora,razao,n_obras,fsa_total_mi,inv_total_mi,publico_total,publico_med,renda_total_mi,efic,pct_cinema,pct_intl,admissoes_eu,critica_med,uf,cluster,cluster_label
12.580.503/0001-62,PARIS PRODUÇÕES CINEMATOGRÁFICAS LTDA,8,38.822843481,76.29924575917545,1743801.0,141378.5,33.07016745,14857.62745816995,100.0,37.5,2825.0,3.775,SP,4.0,Campeãs de público
03.987.306/0001-71,CAMISA LISTRADA LTDA,7,28.359628841890874,61.868670152534676,8312707.0,589443.0,124.61396917,53589.552415132275,100.0,0.0,0.0,3.5,RJ,4.0,Campeãs de público
01.378.559/0001-12,GULLANE ENTRETENIMENTO S.A.,8,31.05946816041352,59.0378529051396,411497.0,3127.0,8.00723923,645.2581469406068,87.5,50.0,0.0,3.8335,SP,3.0,Comerciais de sala
42.473.256/0001-66,MORENA FILMES EIRELI - ME,5,34.090241902486405,53.217297514330966,296780.0,18466.0,4.58606825,1289.6980462623355,100.0,0.0,0.0,3.8,RJ,4.0,Campeãs de público
01.473.536/0001-97,"ANANÃ PRODUÇÕES, EVENTOS E ASSESSORIA DE MARKETING LTDA",4,19.915203667009152,46.32460699283265,21427.0,7665.0,0.34937441999999996,658.9197779398937,75.0,0.0,0.0,3.8865,RJ,4.0,Campeãs de público
02.140.164/0001-40,GLAZ ENTRETENIMENTO S.A.,5,25.73723594283294,38.650681088291826,534136.0,3129.5,8.69029257,609.2063720603696,80.0,20.0,0.0,3.85,RJ,4.0,Campeãs de público
05.565.485/0001-84,PANORAMICA COMUNICACAO LTDA.,5,23.975166520577368,37.98025250613336,619510.0,105869.0,8.75084957,11059.535302528322,60.0,0.0,0.0,3.888,RJ,4.0,Campeãs de público
10.645.895/0001-75,MIGDAL PRODUÇÕES CINEMATOGRÁFICAS LTDA.,4,21.35903703807228,30.789884143862572,16374.0,8187.0,0.34106387,972.1910583221838,50.0,25.0,0.0,3.934,RJ,3.0,Comerciais de sala
09.180.984/0001-04,CONSPIRAÇÃO FILMES ENTRETENIMENTO 3º MILÊNIO LTDA.,4,13.68215006892412,30.041639523104525,71270.0,11561.0,1.13978328,1412.100557291757,75.0,25.0,0.0,3.8,RJ,4.0,Campeãs de público
02.008.424/0001-28,ATC ENTRETENIMENTOS LTDA.,3,19.30918724020164,24.90505043235764,10196.0,3481.0,0.15828416999999997,402.2312754494911,100.0,0.0,0.0,3.8435,CE,4.0,Campeãs de público
09.558.964/0001-24,CASÉ FILMES LTDA,4,6.807253933371661,24.027109006002345,196092.0,18828.0,2.88592311,2738.389094964922,100.0,0.0,0.0,3.6955,RJ,4.0,Campeãs de público
53.976.478/0001-18,NEXUS CINEMA E VÍDEO LTDA,3,5.6099363380959995,22.430360364505848,19198.0,3165.0,0.26245639000000004,389.3461074974081,100.0,0.0,0.0,3.15,SP,4.0,Campeãs de público
02.605.295/0001-55,LEREBY PRODUÇÕES LTDA,2,10.99871664399987,22.241571084762374,476820.0,238410.0,8.41829791,22080.719265903594,100.0,100.0,2379.0,4.0695,RJ,1.0,Prestígio internacional
02.140.120/0001-10,BANANEIRA FILMES LTDA.,6,15.8668149277016,19.34084500113435,7861.0,2329.0,0.07429669,312.1078901822697,83.33333333333334,83.33333333333334,5980.0,3.4735,RJ,1.0,Prestígio internacional
00.830.735/0001-42,ORIGEM COMUNICAÇÃO LTDA.,7,17.417431215112078,18.411174560412075,375.0,375.0,0.0055428000000000005,227.6896054198575,14.285714285714285,14.285714285714285,0.0,3.8375,BA,0.0,Produção para TV/VoD
67.942.250/0001-11,MOONSHOT CREATIVE LAB PRODUÇÕES ARTÍSTICAS LTDA.,2,12.57529800950896,17.365671207179307,2176.0,1088.0,0.02642404,193.92307153512414,100.0,50.0,0.0,4.3,SP,3.0,Comerciais de sala
02.736.672/0001-95,BRONZE FILMES PRODUTORA LTDA,5,10.944219290138278,16.767120410138283,270826.0,44.0,4.920173890000001,209.09091000373778,100.0,0.0,0.0,4.3,SP,4.0,Campeãs de público
04.661.796/0001-84,GIROS PROJETOS AUDIOVISUAIS LTDA,12,15.463464624452929,15.93762782445293,21.0,21.0,0.00029439,29.53473518731339,8.333333333333332,8.333333333333332,0.0,3.6,RJ,2.0,Baixo retorno / nicho
66.876.707/0001-74,DEZENOVE SOM E IMAGENS PRODUÇÕES LTDA - EPP,4,13.058635181945899,15.7588929877168,3364.0,599.0,0.03731637,203.55464738450854,75.0,50.0,0.0,4.1785,SP,3.0,Comerciais de sala
05.928.108/0001-62,COMPANHIA AMAZONICA DE FILMES S/S LTDA.,6,15.430782163163958,15.549303413163958,232.0,116.0,0.00365566,54.50484720793099,33.33333333333333,16.666666666666664,0.0,3.3715,PA,0.0,Produção para TV/VoD
72.062.029/0001-09,RACCORD PRODUÇÕES ARTÍSTICAS E CINEMATOGRÁFICAS LTDA,3,6.57409474752989,15.54765753168589,1549.0,774.5,0.02444248,132.79340100469227,66.66666666666666,0.0,0.0,3.83,RJ,0.0,Produção para TV/VoD
17.383.231/0001-24,RUBI FILMES E PRODUÇÕES ARTÍSTICAS LTDA,2,11.51198513092485,15.27550930747357,278415.0,139207.5,3.97711175,19075.900936887367,100.0,0.0,0.0,3.89,RJ,4.0,Campeãs de público
05.508.188/0001-05,CORAÇÃO DA SELVA TRANSMÍDIA S.A.,2,6.333610995911069,15.18456225009452,126.0,126.0,0.0023258000000000003,25.299812749059008,50.0,0.0,0.0,3.88,SP,0.0,Produção para TV/VoD
04.937.797/0001-09,GP7 CINEMA LTDA,7,14.384123258669,14.716519133669,3776.0,1394.0,0.037896349999999995,552.6655373693378,42.857142857142854,14.285714285714285,0.0,3.89,PR,0.0,Produção para TV/VoD
05.256.465/0001-21,URCA FILMES LTDA,3,6.2113988217600005,14.53607504776,501082.0,250541.0,8.443049620000002,25228.17703663976,66.66666666666666,0.0,0.0,3.6735,RJ,4.0,Campeãs de público
11.545.487/0001-04,QUEROSENE PRODUÇÕES ARTISTICAS E CINEMATOGRÁFICAS LTDA,3,2.7218802,14.525997558847498,16409.0,5207.0,0.27196803,590.9206785078829,100.0,66.66666666666666,0.0,2.7,SP,1.0,Prestígio internacional
01.374.871/0001-38,LUNI PRODUÇÕES LTDA,4,9.826829681799998,14.5240821358,0.0,0.0,0.0,0.0,0.0,0.0,0.0,4.225,PE,2.0,Baixo retorno / nicho
27.999.931/0001-00,CARNAVAL FILMES LTDA,3,14.2961022,14.2961022,3458.0,3458.0,0.047179910000000005,700.6681168348889,33.33333333333333,66.66666666666666,0.0,4.227,PE,3.0,Comerciais de sala
64.044.886/0001-58,FILMART PRODUÇÕES ARTISTICAS LTDA,9,14.259218407935057,14.27706810793506,0.0,0.0,0.0,0.0,0.0,0.0,0.0,4.095,SP,2.0,Baixo retorno / nicho
02.395.043/0001-49,KINOSCÓPIO CINEMATOGRÁFICA E COMÉRCIO LTDA - EPP,2,5.47154328303119,13.96140045758881,1999.0,1999.0,0.03487149,228.32835773292675,50.0,0.0,0.0,3.59,SP,0.0,Produção para TV/VoD
09.261.668/0001-67,ACERE PRODUÇÃO ARTÍSTICA E CULTURAL LTDA,2,10.04628107213,13.781080728560001,342.0,342.0,0.00553546,34.71649535395842,50.0,0.0,0.0,3.89,SP,0.0,Produção para TV/VoD
01.369.211/0001-69,REPÚBLICA PUREZA FILMES LTDA.,5,5.515172870041119,13.562708324041118,19073.0,7672.0,0.28092363,1582.9858542639327,60.0,60.0,0.0,3.7,RJ,3.0,Comerciais de sala
03.762.421/0001-48,FOGO CERRADO IMAGENS E SERVIÇOS LTDA ME,1,6.6284462107178,13.4965280745218,409458.0,409458.0,7.602613219999999,30338.024545213095,100.0,100.0,0.0,3.827,RJ,,Emergentes / micro
11.280.934/0001-40,LIGHTHOUSE PRODUÇÕES CINEMATOGRÁFICAS LTDA.,3,3.8428576651461,13.2430193731461,8786.0,8786.0,0.15825943,738.0149990655486,33.33333333333333,0.0,0.0,3.969,SP,0.0,Produção para TV/VoD
07.832.283/0001-87,PONTOS DE FUGA PRODUÇÕES ARTISTICAS LTDA,1,6.3845362,13.117487942136,65629.0,65629.0,1.19001169,5003.168311608391,100.0,100.0,0.0,3.89,RJ,,Emergentes / micro
00.538.914/0001-00,FRAIHA PRODUCOES DE EVENTOS E EDITORA EIRELI,3,11.6116812,13.0110356,369.0,45.0,0.00618862,23.333078397847135,100.0,0.0,0.0,3.89,RJ,4.0,Campeãs de público
00.817.115/0001-73,BSB CINEMA PRODUÇÕES LTDA. - ME,2,8.371055,12.744025,2515.0,1257.5,0.045837270000000006,210.6927862157049,100.0,0.0,0.0,3.63,DF,4.0,Campeãs de público
01.349.050/0001-41,INFLUÊNCIA FILMES LTDA. ME,1,3.863033013361,12.562504748775371,0.0,0.0,0.0,0.0,0.0,0.0,0.0,3.89,SC,,Emergentes / micro
02.525.725/0001-29,O2 CINEMA LTDA,2,6.0703262,12.49553078419456,92762.0,46381.0,1.4433091100000002,4385.418102679867,100.0,100.0,0.0,2.85,SP,1.0,Prestígio internacional
01.803.185/0001-35,ZAZEN PRODUÇÕES AUDIOVISUAIS LTDA.,2,5.4224828,12.359354350000002,2423.0,1211.5,0.043417080000000004,1529.1517173309608,100.0,0.0,0.0,3.7205,RJ,4.0,Campeãs de público
05.626.923/0001-77,DAMASCO FILMES LTDA,2,7.07277819967488,12.340780375500179,302770.0,151385.0,4.10573924,28379.879580785604,100.0,0.0,0.0,4.123,SP,4.0,Campeãs de público
04.551.480/0001-30,ATITUDE PRODUÇÕES E EMPREENDIMENTOS LTDA,1,7.0665169171968,12.163653574469802,13321.0,13321.0,0.24023976,1095.1479272608801,100.0,0.0,0.0,4.123,RJ,,Emergentes / micro
07.501.094/0001-21,MARIOLA FILMES E PRODUÇÕES LTDA.,1,4.176582,12.15821861469726,20421.0,20421.0,0.3733113,1679.6046071514468,100.0,100.0,0.0,3.89,PE,,Emergentes / micro
06.945.371/0001-22,SPRAY FILMES S.A.,1,3.8647433800286795,12.03252838002868,3610.0,3610.0,0.08787436,300.0200694304446,100.0,0.0,0.0,3.89,SP,,Emergentes / micro
09.506.070/0001-90,QUINTAL DIGITAL PRODUÇÕES LTDA,1,4.461033,11.848503648,2158789.0,2158789.0,30.45305916,182199.2940319007,100.0,100.0,0.0,3.9,SP,,Emergentes / micro
29.269.719/0001-04,TAMBELLINI FILMES E PRODUÇÕES AUDIOVISUAIS LTDA,1,4.817043242805689,11.785581275580618,104020.0,104020.0,1.90083058,8826.039002041114,100.0,0.0,0.0,3.89,RJ,,Emergentes / micro
13.650.474/0001-20,ROSZA FILMES PRODUÇÕES LTDA ME,5,11.616444977944038,11.616444977944038,21281.0,10523.0,0.27093813,2620.41718076172,60.0,0.0,0.0,4.0615000000000006,BA,4.0,Campeãs de público
07.579.479/0001-01,ALL SCREENS PRODUÇÃO DE CONTEÚDO AUDIOVISUAL LTDA,2,5.802369435296701,11.475316400296702,14840.0,14840.0,0.19992812,1576.9786675539174,50.0,0.0,0.0,3.89,PE,0.0,Produção para TV/VoD
07.202.193/0001-02,DEBERTON FILMES E PRODUÇÕES LTDA,4,7.6139497239685,11.4448057239685,12506.0,6253.0,0.15172491999999999,1803.416586361238,50.0,25.0,0.0,4.045,CE,3.0,Comerciais de sala
13.044.728/0001-67,CINCO DA NORTE-SERVIÇOS AUDIOVISUAIS LTDA-ME,4,11.2777833385,11.2777833385,2270.0,2270.0,0.02086961,638.3174963106936,25.0,25.0,1178.0,4.15,DF,0.0,Produção para TV/VoD
09.107.296/0001-19,3 TABELA FILMES E PRODUÇÕES ARTÍSTICAS LTDA,4,7.56430503288,11.136083182879998,7252.0,3626.0,0.059487519999999995,988.9200047459929,50.0,25.0,0.0,3.89,RJ,3.0,Comerciais de sala
01.613.170/0001-04,CANAL AZUL PRODUÇÕES CULTURAIS LTDA,7,8.909608627666,10.950525853386239,1849.0,1849.0,0.02950816,901.7540539705756,14.285714285714285,0.0,0.0,3.89,SP,0.0,Produção para TV/VoD
09.437.566/0001-50,GRAFO AUDIOVISUAL LTDA ME,6,10.642002126156921,10.925924662305743,10098.0,478.0,0.15682759000000002,196.00489637995202,66.66666666666666,50.0,7171.0,4.0184999999999995,PR,3.0,Comerciais de sala
08.517.383/0001-81,44 TOONS - PRODUÇÕES ARTÍSTICAS LTDA,1,7.01289885012194,10.831270274875457,142798.0,142798.0,2.67697198,13183.864530759478,100.0,0.0,0.0,3.89,SP,,Emergentes / micro
07.929.498/0001-10,DUO2.TV LTDA,9,10.41383652104246,10.83019960104246,137.0,137.0,0.001152,231.19241205848186,11.11111111111111,22.22222222222222,0.0,3.89,SP,0.0,Produção para TV/VoD
23.957.635/0001-87,A FABRICA FILMES LTDA,3,5.93622062668657,10.691447266465572,675.0,675.0,0.010563389999999999,102.15244251681551,33.33333333333333,0.0,0.0,3.89,RJ,0.0,Produção para TV/VoD
02.593.994/0001-22,AQUARELA PRODUÇÕES CULTURAIS LTDA,4,10.45156742214176,10.56146403616127,837.0,418.5,0.01121134,202.13463005190465,50.0,0.0,0.0,4.37,DF,0.0,Produção para TV/VoD
15.128.758/0001-87,TEM DENDE PRODUCOES LTDA - ME,10,10.48835018495708,10.49588232221237,1001.0,1001.0,0.00637126,2256.530477322055,10.0,0.0,0.0,3.835,BA,0.0,Produção para TV/VoD
20.290.522/0001-82,RENDERFRAME PRODUÇÕES AUDIOVISUAIS LTDA,2,5.2288999,10.433438385129891,58691.0,58691.0,0.91249246,5900.864064993305,50.0,0.0,0.0,4.3,SP,4.0,Campeãs de público
90.130.634/0001-51,INVÍDEO PRODUÇÕES CINEMATOGRÁFICAS LTDA.,4,7.433226058679999,10.130182549409998,17278.0,896.0,0.24189513,745.8114919849614,75.0,75.0,0.0,4.02,RS,1.0,Prestígio internacional
06.236.625/0001-33,KINOPUS AUDIOVISUAL LTDA - ME,7,9.814177063559999,9.814177063559999,58.0,58.0,0.00124116,33.538917014917935,14.285714285714285,0.0,0.0,3.2,PR,0.0,Produção para TV/VoD
16.871.935/0001-83,PLANETARIO FILMES LTDA,1,1.48134814582365,9.80860974582365,404.0,404.0,0.007404770000000001,41.18830399710996,100.0,0.0,0.0,3.89,RJ,,Emergentes / micro
00.338.948/0001-51,E.H. FILMES LTDA,2,5.4071237000000005,9.8017848,41542.0,41542.0,0.6391612099999999,4939.836073831321,50.0,0.0,0.0,4.3,RJ,4.0,Campeãs de público
42.488.478/0001-52,SINCROCINE PRODUÇÕES CINEMATOGRÁFICAS LTDA,1,4.90500230596082,9.696244222502832,15096.0,15096.0,0.25476706,1556.8914781421793,100.0,0.0,0.0,3.835,RJ,,Emergentes / micro
11.503.567/0001-05,CHOCOLATE FILMES EIRELI,1,1.2644351999999999,9.64029747378,38193.0,38193.0,0.55730825,3961.8072060409527,100.0,0.0,0.0,4.3,SP,,Emergentes / micro
09.095.244/0001-70,RACONTO PRODUÇÕES ARTÍSTICAS LTDA. ME.,1,4.038447671171601,9.6223806711716,151226.0,151226.0,2.21137833,15716.06914836254,100.0,0.0,0.0,3.17,RJ,,Emergentes / micro
02.298.682/0001-96,KINOTV LTDA.,2,6.79708799466552,9.453049922558499,3001.0,1500.5,0.0515578,324.1267705739375,100.0,50.0,0.0,4.0315,RJ,3.0,Comerciais de sala
27.872.415/0001-01,DUETO PRODUÇÕES E PUBLICIDADES LTDA,1,7.435055,9.430593990824278,21713.0,21713.0,0.32148879999999996,2302.40004194075,100.0,0.0,0.0,3.84,SP,,Emergentes / micro
55.084.750/0001-80,GAYA PRODUCOES CINEMATOGRAFICAS LTDA - ME,4,9.064089310192,9.142450280924,922.0,922.0,0.01202456,527.10171805432,25.0,0.0,0.0,3.89,DF,0.0,Produção para TV/VoD
15.367.770/0001-44,ARPOADOR AUDIOVISUAL LTDA,1,4.333203,9.092088239021999,79371.0,79371.0,1.21391855,8729.67770587075,100.0,0.0,0.0,3.0,RJ,,Emergentes / micro
13.029.754/0001-16,ESCARLATE CONTEÚDO AUDIOVISUAL E EXPERIENCIAS CRIATIVAS LTDA - ME,1,4.7584352,9.091638199999998,488.0,488.0,0.01052515,53.67569510190145,100.0,0.0,0.0,4.4,RJ,,Emergentes / micro
03.493.590/0001-20,POLO MS CINEMA E VÍDEO LTDA,5,8.97630178065992,8.97630178065992,292.0,292.0,0.00229356,97.23500929193732,20.0,20.0,0.0,3.6399999999999997,MS,0.0,Produção para TV/VoD
16.104.588/0001-63,SENTIMENTAL ETAL LTDA,1,1.160241861972,8.89949318549078,1333.0,1333.0,0.02883666,149.78381040543368,100.0,0.0,0.0,3.89,SP,,Emergentes / micro
11.223.363/0001-02,CABRAFULO PRODUÇÃO CULTURAL LTDA,3,6.091577479354569,8.82656646191565,22504.0,22504.0,0.42217757,3121.711259073873,33.33333333333333,0.0,0.0,3.0865,PE,0.0,Produção para TV/VoD
17.456.554/0001-09,FILMES DE PLASTICO PRODUCOES AUDIOVISUAIS LTDA - ME,5,7.837152272991099,8.823531431575518,122979.0,7784.0,1.9515463899999999,8052.302800720193,80.0,60.0,5299.0,3.9435000000000002,MG,3.0,Comerciais de sala
69.126.670/0001-55,A.F. CINEMA E VÍDEO LTDA,1,9.2299901955234,8.5735803933352,0.0,0.0,0.0,0.0,0.0,0.0,0.0,3.89,SP,,Emergentes / micro
12.091.067/0001-68,TRINCHEIRA FILMES LTDA,4,8.311692581601001,8.5327207161112,948.0,78.0,0.010329399999999999,46.82595132263703,75.0,25.0,0.0,3.89,PE,0.0,Produção para TV/VoD
02.174.031/0001-94,CINEMA INFLAMAVEL PRODUCOES CINEMATOGRAFICAS LTDA,1,4.872679,8.353375,67575.0,67575.0,1.13865057,8089.544645128466,100.0,100.0,11436.0,3.89,CE,,Emergentes / micro
10.505.568/0001-18,CARIRI PRODUÇÕES ARTÍSTICAS LTDA.,6,8.3335137946528,8.3335137946528,800.0,400.0,0.007471350000000001,173.59374475836415,33.33333333333333,0.0,0.0,3.88,CE,0.0,Produção para TV/VoD
13.207.081/0001-47,PLANO B PRODUTORA DE FILMES EIRELI-ME,2,6.0777662221579,8.1549858588634,24.0,24.0,0.00036760000000000004,5.970095249598482,50.0,0.0,0.0,3.356,MT,0.0,Produção para TV/VoD
05.387.293/0001-25,CAMISA TREZE CULTURAL LTDA,1,6.5190208331382005,8.1448301781382,136419.0,136419.0,2.3108101000000003,16749.152163560957,100.0,100.0,0.0,3.89,SP,,Emergentes / micro
04.069.379/0001-47,OCEAN PRODUÇÃO DE FILMES LTDA,4,6.303236519378061,8.10788828433689,1549.0,774.5,0.03030033,357.89934221469844,50.0,0.0,0.0,3.89,SC,0.0,Produção para TV/VoD
02.231.569/0001-93,UM FILMES LTDA,2,5.57629125,7.94710725,1835.0,917.5,0.016129349999999997,401.66669708917186,100.0,0.0,0.0,4.0,SP,4.0,Campeãs de público
03.675.713/0001-43,CITIZENCRANE - PRODUCOES CINEMATOGRAFICAS LTDA - ME,1,2.796533500456,7.707484608603489,2014.0,2014.0,0.04053806,261.30444655729445,100.0,0.0,0.0,3.89,SP,,Emergentes / micro
94.625.829/0001-23,CASA DE CINEMA DE PORTO ALEGRE LTDA.,4,4.4723910787,7.6497792787,14397.0,7198.5,0.28337154999999997,4309.289114047009,50.0,25.0,0.0,3.61,RS,3.0,Comerciais de sala
19.388.280/0001-85,PACTO AUDIOVISUAL PRODUTORES ASSOCIADOS LTDA,4,7.4474532170000005,7.4474532170000005,0.0,0.0,0.0,0.0,0.0,0.0,0.0,4.2055,PE,2.0,Baixo retorno / nicho
03.931.658/0001-05,LARTY MARK LTDA,6,7.408884429860639,7.408884429860639,275.0,275.0,0.0050849300000000005,243.49480736692232,16.666666666666664,0.0,0.0,3.923,BA,0.0,Produção para TV/VoD
18.082.113/0001-49,FORMATA PRODUCOES E CONTEUDO LTDA.,1,3.2785655703275003,7.3914718672454,1341305.0,1341305.0,18.60235239,181466.56364125048,100.0,0.0,0.0,2.3,SP,,Emergentes / micro
03.746.956/0001-25,COALA PRODUÇÕES AUDIOVISUAIS LTDA,2,3.658982,7.381604,1565.0,1565.0,0.025929490000000003,340.42342147943447,50.0,50.0,0.0,3.6,SP,3.0,Comerciais de sala
19.709.434/0001-93,A. S. C. E SOUZA - PRODUTORA,8,7.328179557492,7.328179557492,7111.0,3555.5,0.10678963,1963.3090443726603,25.0,25.0,0.0,3.7965,AC,0.0,Produção para TV/VoD
37.981.206/0001-50,ASACINE PRODUÇÕES EIRELI,4,7.24203736821376,7.24203736821376,11.0,11.0,0.0,5.550425605525347,25.0,0.0,0.0,3.6995,DF,2.0,Baixo retorno / nicho
01.125.538/0001-95,DM FILMES E PRODUÇÕES ARTÍSTICAS LTDA,2,6.880790098098561,7.0726767962645605,193.0,193.0,0.0030434299999999997,46.16318184110248,50.0,50.0,0.0,3.9675,RJ,3.0,Comerciais de sala
05.463.157/0001-77,PINK FLAMINGO PRODUÇÕES LTDA,1,1.63910009926896,6.992510483591519,21054.0,21054.0,0.36574271999999997,3010.9357789888027,100.0,0.0,0.0,4.165,SP,,Emergentes / micro
19.457.687/0001-17,ESTÚDIO GIZ PRODUÇÕES LTDA. - ME,6,6.978505417019701,6.978505417019701,1196.0,242.5,0.013538169999999999,209.27300245043395,66.66666666666666,100.0,0.0,4.3,RJ,1.0,Prestígio internacional
02.669.022/0001-74,REC PRODUTORES ASSOCIADOS LTDA,4,6.902986432271999,6.857465967674039,5770.0,5770.0,0.07569041,1582.683634449785,25.0,25.0,0.0,3.5215,PE,0.0,Produção para TV/VoD
01.231.528/0001-34,ARAÇÁ AZUL PRODUÇÃO EVENTOS E TURISMO LTDA,2,5.71659075,6.85620475,1154.0,577.0,0.0108378,171.85350059681372,100.0,0.0,0.0,3.8285,BA,4.0,Campeãs de público
15.745.495/0001-55,TEMPERO FILMES LTDA,5,6.908845446532201,6.850228976474,4228.0,812.5,0.056321800000000005,684.7379837741736,80.0,40.0,0.0,3.709,MG,3.0,Comerciais de sala
66.669.599/0001-69,CASA DE CRIAÇÃO CINEMA E ARTES LTDA,2,4.827879599999999,6.8373522,4089.0,2044.5,0.05936789,892.7038152092697,100.0,100.0,0.0,4.089,SP,1.0,Prestígio internacional
06.076.085/0001-78,CEREJA PRODUCAO CINEMATOGRAFICA LTDA,2,5.31820118954722,6.744428445833221,600.0,600.0,0.007015,129.08106994899777,50.0,0.0,0.0,3.89,PE,0.0,Produção para TV/VoD
05.270.790/0001-49,ACCORDE FILMES LTDA.,4,5.409134012999999,6.730921612999999,9258.0,4629.0,0.16640249,2028.3124763468686,50.0,0.0,0.0,2.6,RS,0.0,Produção para TV/VoD
07.477.471/0001-34,BOSSA NOVA FILMS CRIACOES E PRODUCOES S/A,1,3.71033594305125,6.7245894553842,2841.0,2841.0,0.04753901,422.47932291617997,100.0,0.0,0.0,4.6,SP,,Emergentes / micro
05.163.327/0001-06,ARUAC PRODUÇÕES LTDA,3,6.6517430493070195,6.6517430493070195,382.0,382.0,0.00519182,107.54085565091941,33.33333333333333,33.33333333333333,0.0,3.74,SP,0.0,Produção para TV/VoD
06.096.915/0001-29,MIRAÇÃO FILMES LTDA,1,5.48226239941194,6.617347932166759,520.0,520.0,0.00829368,78.5813297608689,100.0,0.0,0.0,3.89,SP,,Emergentes / micro
07.617.370/0001-11,PLANO 9 PRODUÇÕES AUDIOVISUAIS LTDA,4,4.9089663171415205,6.517708233141521,3997.0,900.0,0.03493265,754.6982152858434,75.0,25.0,0.0,3.441,PE,3.0,Comerciais de sala
03.093.490/0001-06,MERCADO CULTURAL LTDA EPP,1,6.66464681135914,6.4546092562601505,5074.0,5074.0,0.07223711000000001,786.1049055880285,100.0,100.0,0.0,3.902,DF,,Emergentes / micro
10.433.648/0001-05,STAIRS PRODUCOES AUDIOVISUAIS LTDA,2,6.334482700000001,6.334482700000001,1301.0,1301.0,0.019266509999999997,266.99891373923873,50.0,0.0,0.0,3.89,PB,0.0,Produção para TV/VoD
04.852.671/0001-31,34 FILMES LTDA,3,6.3861786729928705,6.253669664316851,868.0,868.0,0.01412353,366.1186696900983,33.33333333333333,0.0,0.0,3.89,DF,0.0,Produção para TV/VoD
13.384.449/0001-42,AMORIM FILMES PRODUÇÕES CINEMATOGRÁFICAS EIRELI,3,5.16323909796,6.21573229796,576.0,576.0,0.00959966,496.4785586234652,33.33333333333333,0.0,0.0,3.89,DF,0.0,Produção para TV/VoD
03.360.320/0001-40,TV ZERO CINEMA LTDA,6,6.05772214407512,6.2146394840277,1087.0,543.5,0.024200479999999996,390.3130362114755,33.33333333333333,0.0,0.0,3.15,RJ,0.0,Produção para TV/VoD
04.980.287/0001-14,PANDA FILMES LTDA,6,6.246280554153001,6.184363454153001,4451.0,644.0,0.06018361999999999,1509.0624316037151,66.66666666666666,33.33333333333333,0.0,3.9915,RS,3.0,Comerciais de sala
11.581.901/0001-30,GAVULINO PRODUCOES AUDIOVISUAIS E CULTURAIS EIRELI,6,6.119389747107559,6.119389747107559,0.0,0.0,0.0,0.0,0.0,0.0,0.0,3.89,CE,2.0,Baixo retorno / nicho
29.521.986/0001-27,KUARUP PRODUÇÕES LTDA,1,5.959742966099999,5.959742966099999,0.0,0.0,0.0,0.0,0.0,0.0,0.0,3.89,SP,,Emergentes / micro
23.541.197/0001-71,REAGENT MEDIA LTDA,1,0.4333203,5.880241593,1130.0,1130.0,0.02356252,192.16897505455947,100.0,100.0,0.0,3.89,SP,,Emergentes / micro
03.958.889/0001-02,MOVIOCA SALVADOR PRODUCOES ARTISTICAS LTDA ME,6,5.803160469149999,5.84013909915,0.0,0.0,0.0,0.0,0.0,0.0,0.0,3.89,BA,2.0,Baixo retorno / nicho
19.716.946/0001-87,MOLÊRA PRODUÇÃO DE FILMES LTDA,3,5.6602282336,5.8325946044874994,142.0,142.0,0.00200607,61.69366476581376,33.33333333333333,0.0,0.0,3.965,MT,0.0,Produção para TV/VoD
02.577.651/0001-74,W.G. PRODUÇÕES E PUBLICIDADE LTDA,4,5.7937103168,5.7937103168,0.0,0.0,0.0,0.0,0.0,0.0,0.0,3.96,SE,2.0,Baixo retorno / nicho
06.992.833/0001-62,MODO OPERANTE PRODUÇÕES CULTURAIS LTDA. ME,5,5.2183187802,5.7184390002,2388.0,2388.0,0.02291618,1376.9966792638706,20.0,0.0,0.0,3.5,RJ,0.0,Produção para TV/VoD
08.254.467/0001-70,MARREVOLTO PRODUCOES LTDA - ME,4,5.69149965515322,5.6709458268868,9817.0,2120.5,0.10078751000000001,1243.401645332014,100.0,0.0,0.0,4.285,CE,4.0,Campeãs de público
08.991.631/0001-21,99 PRODUCOES ARTISTICAS LTDA,4,5.6825705584,5.6563528584,182.0,182.0,0.0022804899999999996,87.15260468967209,25.0,0.0,0.0,2.817,PE,0.0,Produção para TV/VoD
10.441.993/0001-90,SOBRETUDO PRODUÇÃO AUDIOVISUAL E ARTÍSTICA LTDA.,1,2.623782,5.6028590625,4363.0,4363.0,0.06993166,778.7095751170342,100.0,100.0,1429.0,2.8,RJ,,Emergentes / micro
04.596.131/0001-34,ANIMAKING STUDIOS LTDA - EPP,3,5.598699864,5.598699864,0.0,0.0,0.0,0.0,0.0,0.0,0.0,3.6825,SC,2.0,Baixo retorno / nicho
18.274.744/0001-60,VIU CINE COMUNICAÇÃO LTDA - ME,6,5.49389003954234,5.49389003954234,0.0,0.0,0.0,0.0,0.0,0.0,0.0,3.97,PE,2.0,Baixo retorno / nicho
17.545.702/0001-53,PROSPERIDADE COMUNICAÇÃO E FILMES LTDA,4,5.429556600000001,5.429556600000001,0.0,0.0,0.0,0.0,0.0,0.0,0.0,3.89,SP,2.0,Baixo retorno / nicho
00.614.991/0001-00,ARTES BRASIL PRODUÇÕES ARTÍSTICAS LTDA,3,5.391627959999999,5.391627959999999,0.0,0.0,0.0,0.0,0.0,0.0,0.0,3.4,MT,2.0,Baixo retorno / nicho
02.908.530/0001-68,AROMA FILMES LTDA ME.,3,4.783045805407521,5.37582123048272,4409.0,2204.5,0.04508011,7559.8031460354205,66.66666666666666,66.66666666666666,0.0,3.89,PE,3.0,Comerciais de sala
05.141.481/0001-79,ANAYA PRODUÇÕES CULTURAIS LTDA,1,0.8804002618844999,5.3245173729135,0.0,0.0,0.0,0.0,0.0,100.0,0.0,3.89,MG,,Emergentes / micro
17.942.221/0001-81,PANACEIA PRODUCOES AUDIOVISUAIS LTDE-ME,3,4.822724436,5.255662681,14958.0,2143.0,0.21835803,3581.5503787536322,100.0,33.33333333333333,3022.0,3.89,GO,4.0,Campeãs de público
09.065.789/0001-33,400 FILMES - SERVIÇOS DE PRODUÇÃO LTDA ME,2,5.262155984,5.224485983999999,1996.0,998.0,0.019622849999999997,505.329627522785,100.0,50.0,0.0,3.689,DF,3.0,Comerciais de sala
06.071.600/0001-27,MEMÓRIA VIVA PRODUÇÃO DE IMAGEM E TEXTO LTDA,4,5.10691332,5.21185602,4525.0,2262.5,0.04754722,1440.3500577599825,50.0,0.0,0.0,2.675,SP,0.0,Produção para TV/VoD
68.317.445/0001-33,CINEMA BRASIL DIGITAL - ESCRITÓRIO DE PLANEJ. EMPR. AUD. LTDA,1,5.087415179142,5.198856004024,0.0,0.0,0.0,0.0,0.0,0.0,0.0,3.89,RJ,,Emergentes / micro
04.350.398/0001-47,CANAL AZUL CONSULTORIA AUDIOVISUAL - EIRELI,3,5.1511178,5.1511178,1548.0,774.0,0.023992279999999998,492.95868079237437,66.66666666666666,0.0,0.0,3.993,SP,0.0,Produção para TV/VoD
18.504.877/0001-85,"COMOVA ATIVIDADES DE PRODUCAO CINEMATOGRAFICA, DE VIDEOS E DE PROGRAMAS DE TELEVISAO LTDA ­ ME",1,2.2253101626804597,5.1354922429673096,3529.0,3529.0,0.04981828,687.1785279848712,100.0,0.0,0.0,4.03,RJ,,Emergentes / micro
10.407.637/0001-50,VACA AMARELA FILMES EIRELI,4,5.131512853203,5.131512853203,1082.0,541.0,0.0162071,607.3459882201653,50.0,25.0,0.0,4.2715,MG,0.0,Produção para TV/VoD
23.148.018/0001-30,FILMEGRAPH LTDA - ME,3,4.976814968134999,5.089824968134999,1373.0,1373.0,0.01603872,616.6977087965232,33.33333333333333,0.0,0.0,3.732,MG,0.0,Produção para TV/VoD
09.409.976/0001-97,SYNDROME FILMES E PRODUÇÕES CINEMATOGRÁFICAS LTDA,1,3.8813753509471396,5.07706567940165,0.0,0.0,0.0,0.0,0.0,0.0,0.0,3.89,RJ,,Emergentes / micro
13.359.654/0001-58,BELA FILMES PRODUÇÕES LTDA ME,2,3.40445932,5.044473969999999,2503.0,1251.5,0.03327247999999999,551.8147916610275,100.0,0.0,0.0,4.1240000000000006,SP,4.0,Campeãs de público
52.858.982/0001-50,CINEMATOGRÁFICA SUPERFILMES LTDA,3,4.401882309216,5.034936688876,1833.0,541.0,0.025830350000000002,450.1308587672564,100.0,100.0,942.0,4.245,SP,1.0,Prestígio internacional
12.345.593/0001-07,CARANGUEJEIRA COMUNICACAO E PRODUCAO AUDIOVISUAL LTDA ME.,9,5.021387492000001,5.021387492000001,0.0,0.0,0.0,0.0,0.0,0.0,0.0,4.1865000000000006,BA,2.0,Baixo retorno / nicho
07.718.282/0001-06,DOC FILMES PRODUÇÕES AUDIOVISUAIS LTDA ME,3,4.98484175402804,4.98484175402804,1406.0,703.0,0.02410584,329.635619877619,66.66666666666666,0.0,0.0,3.89,BA,0.0,Produção para TV/VoD
16.487.027/0001-90,TRUQUE PRODUTORA DE CINEMA TV E VÍDEO LTDA,3,4.95311735916396,4.95311735916396,0.0,0.0,0.0,0.0,0.0,0.0,0.0,3.604,BA,2.0,Baixo retorno / nicho
09.551.826/0001-13,COPA STUDIO PRODUTORA AUDIOVISUAL LTDA,1,4.9352895,4.9352895,0.0,0.0,0.0,0.0,0.0,0.0,0.0,3.89,RJ,,Emergentes / micro
07.419.227/0001-15,DIANE PEIXOTO MAIA - ME,2,0.1484078804,4.909153166796381,6329.0,3164.5,0.11202403,1770.0759683708613,100.0,0.0,0.0,3.42,SP,4.0,Campeãs de público
00.975.333/0001-36,LUZ PRODUÇÕES CINEMATOGRÁFICAS LTDA.,1,2.76626153130796,4.83403447487186,5941.0,5941.0,0.09467099000000001,1228.9941312753015,100.0,0.0,0.0,3.4,CE,,Emergentes / micro
44.154.342/0001-31,RAIZ PRODUÇÕES CINEMATOGRÁFICAS LTDA. ME.,1,3.935673,4.82276475,1950.0,1950.0,0.02517687,404.33239046130126,100.0,0.0,0.0,3.89,SP,,Emergentes / micro
12.106.102/0001-75,PAULA UN MI KIM - PRODUÇÕES - ME,1,3.6053882829625,4.8158750256000005,0.0,0.0,0.0,0.0,0.0,0.0,0.0,4.412,SP,,Emergentes / micro
02.501.714/0001-09,PERSONA FILMES EIRELI ­ ME,3,4.786771175925,4.753662501779999,2349.0,2349.0,0.04229863,678.8741883365038,33.33333333333333,0.0,0.0,4.1,MG,0.0,Produção para TV/VoD
17.902.521/0001-37,GUARNICE PRODUÇÕES EIRELI - EPP,5,4.736301184380499,4.73630118646878,0.0,0.0,0.0,0.0,0.0,0.0,0.0,3.89,MA,2.0,Baixo retorno / nicho
11.023.904/0001-59,BATTAGLIA PRODUCOES - EIRELI,2,4.6762602609198405,4.643014851672961,0.0,0.0,0.0,0.0,0.0,0.0,0.0,3.89,SP,2.0,Baixo retorno / nicho
22.971.615/0001-06,DROMEDARIO CINEMA E VIDEO LTDA - EPP,2,4.60423366,4.60423366,354.0,354.0,0.00593254,183.1241949842283,50.0,0.0,0.0,3.895,MG,0.0,Produção para TV/VoD
04.768.987/0001-40,LATINAMERICA ENTRETENIMENTO EIRELI,1,2.9825195369917603,4.5492230526315405,48.0,48.0,0.0,10.55125225663181,100.0,0.0,0.0,2.9,MG,,Emergentes / micro
02.902.219/0001-01,DRAMA FILMES LTDA.,3,4.50197251484667,4.49871619301771,153.0,76.5,0.00268083,279.17532774237856,66.66666666666666,0.0,0.0,4.031,SP,0.0,Produção para TV/VoD
11.384.969/0001-20,LEONARDO GARCIA E CIA LTDA,2,4.4610924804400005,4.4610924804400005,884.0,884.0,0.01227343,1188.867178060078,50.0,50.0,0.0,3.89,RS,3.0,Comerciais de sala
13.631.016/0001-44,MACHADO FILMES E PRODUÇÕES LTDA,2,4.30902519,4.459705189999999,1123.0,561.5,0.01071651,257.3326392126508,100.0,0.0,0.0,4.0520000000000005,DF,4.0,Campeãs de público
13.931.232/0001-05,VISAGEM SERVICO DE PRODUCAO DE VIDEO LTDA - ME,3,4.44293752,4.44293752,0.0,0.0,0.0,0.0,0.0,0.0,0.0,3.5355,PA,2.0,Baixo retorno / nicho
09.547.615/0001-07,TACACÁ FILMES LTDA,1,3.139581239608,4.439542139607999,5906.0,5906.0,0.06180546,1330.3173647815595,100.0,0.0,0.0,3.89,RJ,,Emergentes / micro
08.035.343/0001-01,NA LAJE FILMES PRODUÇÕES LTDA,4,4.435630896469441,4.435630896469441,0.0,0.0,0.0,0.0,0.0,0.0,0.0,4.5,SP,2.0,Baixo retorno / nicho
04.614.433/0001-98,ILUMINURA CINEMA E MULTIMIDIA EIRELI ­ ME,4,4.45384340693676,4.41814400693676,3747.0,1081.0,0.04005315,927.5707940095971,75.0,50.0,0.0,4.004,CE,3.0,Comerciais de sala
04.761.874/0001-12,CORTE SECO FILMES LTDA,3,4.059244144752,4.375153344752,2203.0,2203.0,0.0268495,642.3283162993879,33.33333333333333,0.0,0.0,4.225,CE,0.0,Produção para TV/VoD
12.667.775/0001-02,ATAMA FILMES PRODUTORA AUDIOVISUAL LTDA ME,3,4.32504436412586,4.314602964125861,403.0,403.0,0.00625024,147.2873778022092,33.33333333333333,0.0,0.0,3.8499999999999996,RS,0.0,Produção para TV/VoD
03.760.043/0001-63,AFINAL FILMES LTDA,3,4.2826139055341,4.2637026548841,2708.0,1354.0,0.03727619,760.3170519226974,66.66666666666666,0.0,0.0,3.7065,RJ,4.0,Campeãs de público
01.009.824/0001-95,ARAPY PRODUÇÕES LTDA.,3,4.248542860000001,4.248542860000001,0.0,0.0,0.0,0.0,0.0,0.0,0.0,3.89,SC,2.0,Baixo retorno / nicho
09.325.623/0001-09,IMMAGINI ANIMATION STUDIOS BRASIL LTDA,3,4.223769549958971,4.223769549958971,51392.0,51392.0,0.8574819499999999,21564.431630705607,33.33333333333333,0.0,0.0,4.0,MG,0.0,Produção para TV/VoD
06.023.805/0001-37,PLANO GERAL FILMES E VIDEOS LTDA,4,4.17802091821204,4.17802091821204,0.0,0.0,0.0,0.0,0.0,0.0,0.0,4.223,RJ,2.0,Baixo retorno / nicho
51.264.273/0001-84,"ELIXIR - COMUNICAÇÃO, CULTURA E ENTRETENIMENTO LTDA ME",2,2.93483532441804,4.11268154026562,943.0,943.0,0.01571382,276.67243149193354,50.0,0.0,0.0,4.123,SP,0.0,Produção para TV/VoD
22.604.204/0001-74,METAFIXA PRODUCOES CINEMATOGRAFICAS EIRELI,1,4.10364148996569,4.10364148996569,0.0,0.0,0.0,0.0,0.0,0.0,0.0,3.89,PR,,Emergentes / micro
57.643.793/0001-84,MAMO FILMES LTDA,4,4.08710510689852,4.08710510689852,0.0,0.0,0.0,0.0,0.0,0.0,0.0,3.89,SP,2.0,Baixo retorno / nicho
07.587.195/0001-67,BACTÉRIA FILMES LTDA. EPP,4,4.08568422,4.08568422,0.0,0.0,0.0,0.0,0.0,0.0,0.0,2.75,RS,2.0,Baixo retorno / nicho
15.479.865/0001-50,SANTA RITA FILMES EIRELI - ME,2,4.075488859217,4.075488859217,0.0,0.0,0.0,0.0,0.0,0.0,0.0,4.0,SP,2.0,Baixo retorno / nicho
20.514.258/0001-13,ROTTA E LIMA PRODUÇÕES,2,4.045821183039999,4.045821183039999,0.0,0.0,0.0,0.0,0.0,0.0,0.0,3.89,MS,2.0,Baixo retorno / nicho
08.267.476/0001-03,OKNA PRODUÇÕES CULTURAIS LTDA,5,3.9807614530350004,4.025371783035,2465.0,1232.5,0.03674671,894.201051367806,40.0,40.0,771.0,4.121499999999999,RS,3.0,Comerciais de sala
27.527.464/0001-07,COEVOS FILMES LTDA,4,3.78908124759284,4.0203158475928396,384.0,192.0,0.0042879,132.60766855872077,50.0,50.0,0.0,3.955,RJ,3.0,Comerciais de sala
08.813.728/0001-44,J O DE QUEIROGA NETO - EPP,2,4.0022761792,4.0022761792,0.0,0.0,0.0,0.0,0.0,0.0,0.0,4.025,AM,2.0,Baixo retorno / nicho
14.635.446/0001-05,EYE MOVE ESTUDIO DE ANIMACAO E ILUSTRACAO LTDA - ME,3,3.9510465719999996,3.9510465719999996,0.0,0.0,0.0,0.0,0.0,0.0,0.0,3.89,ES,2.0,Baixo retorno / nicho
08.408.195/0001-15,LAPILAR PRODUCÕES ARTISTICAS LTDA,1,2.370816,3.94704766,1179.0,1179.0,0.01926151,298.70427254987845,100.0,0.0,0.0,3.89,RJ,,Emergentes / micro
02.282.322/0001-04,KINOSSAURUS FILMES LTDA.,1,3.935673,3.935673,604.0,604.0,0.00949984,153.4680345648635,100.0,0.0,0.0,3.89,RJ,,Emergentes / micro
16.894.643/0001-66,TARDO FILMES LTDA ME,4,4.0041411408,3.9327423408000004,1970.0,1970.0,0.01754781,1506.3051432984862,25.0,0.0,0.0,3.7565,CE,0.0,Produção para TV/VoD
14.798.449/0001-51,ESQUINA PRODUÇÕES ARTÍSTICAS LTDA ME,3,3.8719338,3.9161938000000003,30959.0,6104.0,0.47271107,3820.3105687768266,100.0,66.66666666666666,2463.0,2.47,RJ,1.0,Prestígio internacional
19.152.930/0001-99,MALEMOLÊNCIA PRODUÇÕES LTDA,2,3.51301216306695,3.91341316306695,2717.0,2717.0,0.05278495,853.1177418661017,50.0,0.0,0.0,3.89,CE,0.0,Produção para TV/VoD
33.897.794/0001-97,IPANEMA FILMES LTDA,1,2.0451612341292,3.8934912341291996,1310.0,1310.0,0.02066626,336.4589570709509,100.0,100.0,0.0,3.89,RJ,,Emergentes / micro
10.281.460/0001-99,HAMACA PRODUÇÕES ARTÍSTICAS LTDA - ME,3,3.8779049916850004,3.8779049916850004,0.0,0.0,0.0,0.0,0.0,0.0,0.0,3.767,BA,2.0,Baixo retorno / nicho
03.334.227/0001-61,CARLOS ANDRÉ COSTANTIN,2,3.8758822422936,3.8758822422936,0.0,0.0,0.0,0.0,0.0,0.0,0.0,3.89,RS,2.0,Baixo retorno / nicho
05.064.901/0001-60,PRODUTORA DE FILMES H.L. LTDA-ME,4,3.86736068715053,3.86736068715053,0.0,0.0,0.0,0.0,0.0,0.0,0.0,4.09,TO,2.0,Baixo retorno / nicho
03.553.092/0001-25,FREDERICO DA CRUZ MACHADO - ME,2,3.8658925355140004,3.8658925355140004,0.0,0.0,0.0,0.0,0.0,0.0,0.0,3.89,MA,2.0,Baixo retorno / nicho
10.485.031/0001-33,PERDIDAS ILUSÕES LTDA,1,3.2901929999999995,3.8615137876508,0.0,0.0,0.0,0.0,0.0,0.0,0.0,3.89,PE,,Emergentes / micro
02.920.962/0001-94,BRAS FILMES LTDA,1,2.6078976000000003,3.8581442000000004,0.0,0.0,0.0,0.0,0.0,0.0,0.0,3.89,SP,,Emergentes / micro
06.137.016/0001-27,PRIMO FILMES LTDA,3,2.01131599753,3.8552227009438003,273.0,136.5,0.00397689,142.85313231056566,66.66666666666666,66.66666666666666,0.0,3.2,SP,3.0,Comerciais de sala
04.650.621/0001-71,MIRA FILMES LTDA - ME,5,3.045195814248799,3.8354678142487995,260.0,130.0,0.0018591500000000002,399.1677095556042,40.0,20.0,0.0,3.89,SP,0.0,Produção para TV/VoD
22.543.352/0001-26,PONTE PRODUTORAS ASSOCIADAS LTDA,3,3.8781305154037997,3.8259235154037996,331.0,331.0,0.00366339,2377.5422103528676,33.33333333333333,33.33333333333333,0.0,4.348,PE,3.0,Comerciais de sala
05.397.945/0001-02,OZ PRODUÇÕES AUDIOVISUAIS E COMUNICAÇÃO LTDA,3,3.8138071689559196,3.8138071689559196,0.0,0.0,0.0,0.0,0.0,0.0,0.0,3.6795,SP,2.0,Baixo retorno / nicho
08.296.780/0001-70,NEOPLASTIQUE ENTRETENIMENTO LTDA,2,1.3383098999999998,3.7931219,35878.0,35878.0,0.47463876,11217.77309475998,50.0,50.0,0.0,3.3,SP,3.0,Comerciais de sala
15.864.034/0001-00,HILDEBRANDO MAURICIO DA C MACEDO FILHO ­ ME,2,3.7749167608320002,3.789352687232,1321.0,1321.0,0.01229514,423.35548373978804,50.0,0.0,0.0,3.89,CE,0.0,Produção para TV/VoD
18.130.655/0001-40,MZN PUBLICIDADE AUDIO VISUAL LTDA,1,2.974022,3.78149452,0.0,0.0,0.0,0.0,0.0,0.0,0.0,3.89,TO,,Emergentes / micro
03.021.799/0001-90,DGT FILMES LTDA - EPP,5,3.7254534097148193,3.7254534097148193,0.0,0.0,0.0,0.0,0.0,0.0,0.0,3.49,SP,2.0,Baixo retorno / nicho
10.256.067/0001-45,SARASVATI PRODUTORA CULTURAL LTDA,3,3.7237584507479995,3.7237584507479995,0.0,0.0,0.0,0.0,0.0,0.0,0.0,3.89,MG,2.0,Baixo retorno / nicho
71.743.496/0001-31,MARCELO MACHADO PRODUÇÕES ARTÍSTICAS LTDA - ME,2,3.696010834423,3.696010834423,0.0,0.0,0.0,0.0,0.0,0.0,0.0,3.433,SP,2.0,Baixo retorno / nicho
09.369.796/0001-29,FÁBULAS NEGRAS PRODUÇÕES ARTÍSTICAS LTDA.,2,3.6282646524680002,3.684384452468,1134.0,567.0,0.011400180000000001,499.1162523695283,100.0,0.0,0.0,2.975,ES,4.0,Campeãs de público
01.106.959/0001-79,GUSTAVO SPOLIDORO,2,3.6919350158746402,3.67297161587464,4931.0,4931.0,0.02450665,1979.9036084395282,50.0,0.0,0.0,3.957,RS,0.0,Produção para TV/VoD
21.805.029/0001-10,EPARREI PRODUCAO CINEMATOGRAFICA LTDA - ME,2,3.620414616,3.620414616,0.0,0.0,0.0,0.0,0.0,0.0,0.0,3.89,AM,2.0,Baixo retorno / nicho
20.615.318/0001-94,TANDERA FILMES E PRODUCOES EIRELI - ME,3,3.4835180659410003,3.5911493475025003,260.0,130.0,0.009169630000000002,118.69221512628522,66.66666666666666,0.0,0.0,3.89,MG,0.0,Produção para TV/VoD
05.416.743/0001-60,MARÃO DESENHOS ANIMADOS LTDA ME,1,1.2012134399999999,3.57202944,2910.0,2910.0,0.027735700000000002,814.6629385003052,100.0,0.0,0.0,3.89,RJ,,Emergentes / micro
74.425.067/0001-04,PLATEAU MARKETING E PRODUÇÕES CULTURAIS LTDA,1,2.37511139496993,3.5543087219637997,25993.0,25993.0,0.41364384000000004,7313.095747529366,100.0,100.0,964.0,3.89,SP,,Emergentes / micro
06.244.934/0001-55,PERIN FILMES EIRELI,2,3.54632124308,3.54632124308,0.0,0.0,0.0,0.0,0.0,0.0,0.0,3.725,AM,2.0,Baixo retorno / nicho
02.342.813/0001-95,TB PRODUÇÕES LTDA,2,1.6450654,3.52372568,5312.0,2656.0,0.07206151,2479.4217131500855,100.0,0.0,0.0,3.4,RJ,4.0,Campeãs de público
17.783.080/0001-00,KAM FILMES LTDA - EPP,2,3.501874376,3.501874376,0.0,0.0,0.0,0.0,0.0,0.0,0.0,3.864,GO,2.0,Baixo retorno / nicho
09.137.251/0001-97,CAZA FILMES LTDA,1,3.494015274316,3.494015274316,0.0,0.0,0.0,0.0,0.0,0.0,0.0,3.89,DF,,Emergentes / micro
21.384.949/0001-02,MATRACA FILMES EIRELI,1,3.4709067256500004,3.4709067256500004,1108.0,1108.0,0.01760585,319.2249425234853,100.0,0.0,0.0,4.095,MA,,Emergentes / micro
14.520.885/0001-64,QUARTINHO DIRECOES ARTISTICAS EIRELI,1,3.5086093691443203,3.41532999414432,5611.0,5611.0,0.09585289999999999,1642.8866345624635,100.0,0.0,0.0,3.707,DF,,Emergentes / micro
30.510.135/0001-68,CRYSTAL CINEMATOGRÁFICA LTDA,1,3.34577475,3.34577475,601.0,601.0,0.00923942,179.62954619105784,100.0,100.0,0.0,3.89,RJ,,Emergentes / micro
20.519.742/0001-35,ROSEIRA FILMES E PRODUCOES ARTISTICAS,1,3.34577475,3.34577475,12658.0,12658.0,0.17683025,3783.2791941537607,100.0,100.0,0.0,3.89,SP,,Emergentes / micro
22.446.460/0001-80,MARAHU PRODUCOES DE CINEMA E TELEVISAO LTDA - ME,3,3.3104979678422,3.3104979678422,0.0,0.0,0.0,0.0,0.0,0.0,0.0,4.008,PA,2.0,Baixo retorno / nicho
24.929.247/0001-55,"3M EDITORA, ARTES GRÁFICAS E PRODUTORA LTDA-ME",2,3.30976024978,3.30976024978,0.0,0.0,0.0,0.0,0.0,0.0,0.0,3.89,PE,2.0,Baixo retorno / nicho
27.651.181/0001-72,CALIBAN PRODUÇÕES CINEMATOGRÁFICAS LTDA.,3,3.30914612570752,3.30914612570752,0.0,0.0,0.0,0.0,0.0,0.0,0.0,3.97,RJ,2.0,Baixo retorno / nicho
09.207.344/0001-40,EDER SAN JÚNIOR CINEMATOGRÁFICA E ARTE LTDA,3,3.3000208588800004,3.3000208588800004,598.0,598.0,0.00921687,481.19697439801683,33.33333333333333,0.0,0.0,3.89,MG,0.0,Produção para TV/VoD
05.515.177/0001-44,A FANTÁSTICA FÁBRICA DE FILMES LTDA,3,3.2714470709000003,3.2714470709000003,0.0,0.0,0.0,0.0,0.0,0.0,0.0,3.733,SP,2.0,Baixo retorno / nicho
07.533.507/0001-50,BE BOSSA NOVA CRIACOES E PRODUCOES S/A,1,3.2570173693260003,3.2570173693260003,782.0,782.0,0.01004112,240.09696950490175,100.0,100.0,0.0,3.045,SP,,Emergentes / micro
04.462.804/0001-63,CHÁ CINEMATOGRÁFICO LTDA.,1,3.0960627599999997,3.2551689705007196,1209.0,1209.0,0.01328193,371.4092911785246,100.0,0.0,0.0,3.89,PE,,Emergentes / micro
22.734.795/0001-02,TAMANDUA VERMELHO PRODUÇÕES ARTÍSTICAS EIRELI ME,1,3.2243097599999997,3.2243097599999997,529.0,529.0,0.0076514899999999995,164.06612248073833,100.0,100.0,3357.0,3.89,RJ,,Emergentes / micro
02.899.751/0001-17,CENA 1 PRODUÇÕES LTDA,1,3.2053432319999997,3.2053432319999997,0.0,0.0,0.0,0.0,0.0,0.0,0.0,4.175,DF,,Emergentes / micro
11.862.908/0001-20,VERTE FILMES LTDA ME,3,3.2752940180000003,3.2038952180000004,435.0,435.0,0.00570522,541.5869019137565,33.33333333333333,0.0,0.0,3.89,RS,0.0,Produção para TV/VoD
26.066.060/0001-09,SOTAQUE FILMES LTDA - ME,3,3.19000911353087,3.19000911353087,0.0,0.0,0.0,0.0,0.0,0.0,0.0,3.89,MA,2.0,Baixo retorno / nicho
12.658.679/0001-90,DESVIA PRODUÇÕES ARTISTICAS E AUDIOVISUAIS LTDA,4,3.1637022916577093,3.1863433603356395,7329.0,3664.5,0.06082318,6240.565246977096,50.0,75.0,0.0,4.13,PE,3.0,Comerciais de sala
06.900.652/0001-69,BSB SERVIÇOS CINEGROUP LTDA,5,3.1801854000000005,3.1801854000000005,0.0,0.0,0.0,0.0,0.0,0.0,0.0,4.05,DF,2.0,Baixo retorno / nicho
04.952.911/0001-70,WG7 AGENCIAMENTO E PRODUÇÕES LTDA. ME,4,3.174591680916,3.174591680916,97.0,97.0,0.0007635,132.5864846911606,25.0,25.0,0.0,3.75,PR,0.0,Produção para TV/VoD
14.440.714/0001-25,BUBBLES PRODUÇÕES ARTÍSTICAS LTDA,2,3.126196631275,3.1072332312749995,8392.0,4196.0,0.13392779999999999,2647.1348192411524,100.0,100.0,0.0,3.9,RJ,1.0,Prestígio internacional
09.019.897/0001-70,OLÉ PRODUÇÕES LTDA,5,3.06041487,3.0692454309660397,605.0,605.0,0.00943511,3292.5284573469307,20.0,0.0,0.0,3.8,SP,0.0,Produção para TV/VoD
09.583.743/0001-06,MANTRA PRODUCOES AUDIOVISUAIS LTDA,3,3.0653843499035203,3.0653843499035203,0.0,0.0,0.0,0.0,0.0,0.0,0.0,3.89,BA,2.0,Baixo retorno / nicho
25.025.612/0001-60,PAPAI PEQUENO HISTORIAS E FILMES LTDA - ME,1,3.04460065557602,3.04460065557602,0.0,0.0,0.0,0.0,0.0,100.0,0.0,3.89,DF,,Emergentes / micro
13.914.178/0001-90,CARAVELA FILMES LTDA.,1,3.0332421000000003,3.0332421000000003,0.0,0.0,0.0,0.0,0.0,0.0,0.0,4.3,RJ,,Emergentes / micro
08.394.172/0001-07,MANDRA FILMES PRODUÇÕES AUDIOVISUAIS LTDA,2,3.02339094,3.02339094,0.0,0.0,0.0,0.0,0.0,0.0,0.0,3.89,GO,2.0,Baixo retorno / nicho
01.486.085/0001-22,"GRIFA PRODUÇÕES CINEMATOGRÁFICAS, AUDIOVISUAIS E ARTÍSTICAS LTDA.",2,3.00713904,3.00713904,0.0,0.0,0.0,0.0,0.0,100.0,0.0,3.635,SP,2.0,Baixo retorno / nicho
07.978.267/0001-05,ÁRTEMIS PRODUÇÕES AUDIOVISUAIS LTDA,1,0.7435055,2.974022,20935.0,20935.0,0.33207282,7039.288882193877,100.0,0.0,0.0,3.89,RJ,,Emergentes / micro
21.188.662/0001-07,ALELO FILMES PRODUCOES ARTISTICAS LTDA,1,2.9696287612002297,2.9696287612002297,0.0,0.0,0.0,0.0,0.0,0.0,0.0,3.89,GO,,Emergentes / micro
04.760.800/0001-61,MERCÚRIO PRODUÇÕES LTDA-ME,4,3.03431136297154,2.94998773098914,8582.0,1724.0,0.10513223999999999,2046.143860521633,100.0,75.0,0.0,4.3,SP,1.0,Prestígio internacional
20.556.770/0001-22,CERBEROS FILMES,1,2.938231296,2.938231296,0.0,0.0,0.0,0.0,0.0,0.0,0.0,3.89,MT,,Emergentes / micro
08.277.315/0001-92,CABRA QUENTE FILMES LTDA,1,2.9332024791552,2.9332024791552,0.0,0.0,0.0,0.0,0.0,0.0,0.0,3.89,PE,,Emergentes / micro
14.210.788/0001-75,PIQUE-BANDEIRA PRODUCOES LTDA - ME,2,2.9026325159999997,2.9026325159999997,4454.0,4454.0,0.06062265,3426.2568974189912,50.0,50.0,0.0,4.2,ES,3.0,Comerciais de sala
08.573.621/0001-76,LANTERNINHA PRODUCOES EIRELI - ME,3,2.8280096146019997,2.8879415051520003,0.0,0.0,0.0,0.0,0.0,0.0,0.0,4.1585,BA,2.0,Baixo retorno / nicho
08.429.784/0001-80,AURORA FILMES LTDA.,2,2.8694597193855,2.8504963193855,643.0,643.0,0.0086937,375.250043302916,50.0,50.0,0.0,3.89,SP,3.0,Comerciais de sala
02.585.713/0001-90,TECNOKENA AUDIOVISUAL E MULTIMIDIA EIRELI,2,2.836595,2.836595,1048.0,1048.0,0.012605799999999999,725.5602841593159,50.0,0.0,0.0,3.89,PR,0.0,Produção para TV/VoD
07.543.070/0001-35,ARMANDO PINTO PRAÇA NETO,1,2.9564382008699996,2.83260400087,8709.0,8709.0,0.10869986999999999,3074.556131857872,100.0,100.0,6629.0,3.89,CE,,Emergentes / micro
19.069.618/0001-36,BRAVURA CINEMATOGRÁFICA LTDA.,2,1.8672802814487501,2.8293336814487504,636.0,636.0,0.01118412,391.7007816556744,50.0,50.0,0.0,3.89,SP,3.0,Comerciais de sala
13.993.337/0001-99,PC DA R FREIRE PRODUÇÕES CINEMATOGRÁFICAS,3,2.8243155259999995,2.8243155259999995,0.0,0.0,0.0,0.0,0.0,0.0,0.0,3.348,AM,2.0,Baixo retorno / nicho
05.791.137/0001-25,VÂNIA ALVES SMITH LIMA,3,2.8182061490000003,2.812453799,0.0,0.0,0.0,0.0,0.0,0.0,0.0,4.055,BA,2.0,Baixo retorno / nicho
09.028.371/0001-56,TORTUGA STUDIOS PRODUTORA DE FILMES LTDA,1,2.784388,2.784388,79.0,79.0,0.00125202,28.372482570676215,100.0,0.0,0.0,3.89,SP,,Emergentes / micro
03.138.801/0001-06,STÚDIO 10 ASSESSORIA E COMUNICAÇÃO LTDA ME,1,2.784388,2.784388,0.0,0.0,0.0,0.0,0.0,0.0,0.0,3.89,DF,,Emergentes / micro
14.487.133/0001-49,B3 CINE VÍDEO LTDA ME,5,2.784388,2.784388,0.0,0.0,0.0,0.0,0.0,0.0,0.0,3.89,BA,2.0,Baixo retorno / nicho
09.163.772/0001-19,MANJERICÃO FILMES LTDA ME,1,1.7100626500000002,2.7812368594314503,0.0,0.0,0.0,0.0,0.0,100.0,7317.0,3.857,SP,,Emergentes / micro
07.525.577/0001-66,ANAVILHANA FILMES LTDA - ME,2,2.7249147224000003,2.7810345224,1747.0,873.5,0.017723669999999997,846.0923991606403,100.0,50.0,0.0,4.03,MG,3.0,Comerciais de sala
07.060.648/0001-00,INDIANA PRODUÇÕES CINEMATOGRÁFICAS EIRELI - ME,3,1.6740649516863202,2.7618743596863196,1420.0,1420.0,0.023681110000000002,1124.549203069676,33.33333333333333,0.0,0.0,3.89,RJ,0.0,Produção para TV/VoD
04.302.591/0001-02,SERGIO J. DE ANDRADE,1,2.80867923535668,2.7372804353566798,706.0,706.0,0.00988932,257.92023019665686,100.0,0.0,0.0,2.9,AM,,Emergentes / micro
73.947.392/0001-74,TAIGA FILMES E VIDEO EIRELI,3,2.71820713473396,2.71820713473396,7493.0,7493.0,0.1052288,18963.091188856495,33.33333333333333,33.33333333333333,0.0,4.343,RJ,3.0,Comerciais de sala
13.510.088/0001-33,DOBLECHAPA CINEMATOGRAFIA LTDA,3,2.66660430949408,2.7076246907073602,0.0,0.0,0.0,0.0,0.0,0.0,0.0,3.775,RJ,2.0,Baixo retorno / nicho
02.402.531/0001-36,TV NORTE INDEPENDENTE SERVIÇOS DE PRODUÇÃO DE VIDEOS LTDA - ME,2,2.67134393296992,2.67134393296992,0.0,0.0,0.0,0.0,0.0,0.0,0.0,4.03,PA,2.0,Baixo retorno / nicho
16.101.680/0001-70,N. C. DE ARAUJO,1,2.67111936,2.67111936,0.0,0.0,0.0,0.0,0.0,0.0,0.0,3.9,TO,,Emergentes / micro
02.743.258/0001-03,LUCIANO DA LUZ MOUCKS,1,2.67111936,2.67111936,130.0,130.0,0.0,48.66873489322469,100.0,0.0,0.0,3.89,RS,,Emergentes / micro
12.106.692/0001-36,LABORATÓRIO CISCOEDUCAÇÃO E IMAGEM LTDA,3,2.66962895503508,2.66962895503508,0.0,0.0,0.0,0.0,0.0,0.0,0.0,2.093,SP,2.0,Baixo retorno / nicho
00.353.368/0001-33,GUABES PRODUÇÕES EIRELI,1,2.667051039744,2.667051039744,0.0,0.0,0.0,0.0,0.0,0.0,0.0,4.412,PI,,Emergentes / micro
15.724.988/0001-09,ARTRUPE PRODUCOES ARTISTICAS LTDA - ME,1,2.662037554176,2.662037554176,0.0,0.0,0.0,0.0,0.0,0.0,0.0,3.89,AM,,Emergentes / micro
09.124.563/0001-66,SANTA LUZIA FILMES E PRODUÇÕES ARTÍSTICAS LTDA,3,2.657225771284,2.657225771284,1551.0,461.0,0.01822073,621.6447281010162,100.0,66.66666666666666,1483.0,3.8625,BA,1.0,Prestígio internacional
05.456.798/0001-02,WALPER RUAS PRODUÇÕES LTDA,1,2.742616611224,2.656791599072,0.0,0.0,0.0,0.0,0.0,0.0,0.0,3.89,RS,,Emergentes / micro
14.151.128/0001-60,SOLO FILMES EIRELI ­ ME,1,2.6451686000000003,2.6451686000000003,0.0,0.0,0.0,0.0,0.0,0.0,0.0,3.89,MG,,Emergentes / micro
25.238.748/0001-58,TAGUAY TAYUSSY BRANDAO SOUZA - ME,4,2.6378787276465103,2.6378787276465103,0.0,0.0,0.0,0.0,0.0,0.0,0.0,3.062,BA,2.0,Baixo retorno / nicho
07.088.828/0001-92,RAINER CINE LTDA,1,2.6226391155445605,2.6226391155445605,307.0,307.0,0.002961,117.05766080448892,100.0,0.0,0.0,4.095,RS,,Emergentes / micro
09.291.317/0001-07,LOCKHEART FILMES LTDA.,1,2.6094781439999997,2.6094781439999997,135.0,135.0,0.00151497,51.734481973112864,100.0,100.0,0.0,3.89,RS,,Emergentes / micro
04.260.031/0001-32,LUNART S/S LTDA,2,2.604613364,2.604613364,0.0,0.0,0.0,0.0,0.0,0.0,0.0,4.133,CE,2.0,Baixo retorno / nicho
22.331.409/0001-23,QUIMERA FILMES LTDA,1,2.5204797450000003,2.51552008,0.0,0.0,0.0,0.0,0.0,0.0,0.0,3.89,MG,,Emergentes / micro
11.101.993/0001-04,MIRÍADE FILMES E PRODUÇÕES ARTÍSTICAS LTDA,2,0.40962790000000004,2.48942103292765,10108.0,5054.0,0.13863412,2258.3076246415026,100.0,100.0,0.0,3.6,SP,1.0,Prestígio internacional
05.752.246/0001-33,PALOMA ROCHA PRODUÇÕES ARTÍSTICAS E CINEMATOGRÁFICA LTDA,2,2.4775884504,2.4775884504,0.0,0.0,0.0,0.0,0.0,0.0,0.0,4.1,DF,2.0,Baixo retorno / nicho
22.071.805/0001-69,CRISGE - PRODUCOES AUDIOVISUAIS LTDA - ME,2,2.4751759100000004,2.4751759100000004,11.0,11.0,0.000102,5.917911837908394,50.0,0.0,0.0,3.9935,GO,0.0,Produção para TV/VoD
02.238.621/0001-33,BURITI FILMES LTDA,2,2.25430784700156,2.44265784323456,11580.0,5790.0,0.16860446,31242.61293011958,100.0,100.0,0.0,3.538,SP,1.0,Prestígio internacional
33.267.612/0001-02,KAREN SUZNAE SILVA AUDIOVISUAL,1,2.080498707,2.4421622069999995,0.0,0.0,0.0,0.0,0.0,0.0,0.0,3.89,MG,,Emergentes / micro
02.175.084/0001-20,R-TV PRODUÇÕES LTDA,3,2.43863379732,2.43863379732,0.0,0.0,0.0,0.0,0.0,0.0,0.0,4.3,PE,2.0,Baixo retorno / nicho
10.718.755/0001-80,TAO LOCADORA DE EQUIPAMENTOS CINEMATOGRAFICOS LTDA - ME,1,2.4363395,2.4363395,0.0,0.0,0.0,0.0,0.0,0.0,0.0,3.89,DF,,Emergentes / micro
11.360.555/0001-60,FLASH MINAS TV PRODUTORA E MARKETING EIRELI,1,2.38326165,2.38326165,9446.0,9446.0,0.12001124,3963.4758525149764,100.0,0.0,0.0,3.5,MG,,Emergentes / micro
04.979.293/0001-51,FLO PROJETOS LTDA,2,2.371659456,2.371659456,0.0,0.0,0.0,0.0,0.0,0.0,0.0,3.89,GO,2.0,Baixo retorno / nicho
19.099.086/0001-80,VERMELHO PROFUNDO PRODUÇÕES AUDIOVISUAIS LTDA,2,2.3394952203000003,2.360515479725,1824.0,1824.0,0.013055200000000001,1490.752333999952,50.0,0.0,0.0,3.75,PB,0.0,Produção para TV/VoD
04.125.602/0001-26,IDEOGRAMA PRODUÇÕES CULTURAIS LTDA ME,1,2.437251005952,2.3430760059519997,443.0,443.0,0.003286,189.06770368296594,100.0,0.0,0.0,3.89,RS,,Emergentes / micro
12.772.107/0001-37,NOVELO FILMES PRODUÇÕES AUDIOVISUAIS LTDA ME,3,2.2793988221649997,2.2793988221649997,0.0,0.0,0.0,0.0,0.0,0.0,0.0,3.89,SC,2.0,Baixo retorno / nicho
07.372.049/0001-14,FILMES DE ABRIL PRODUÇÕES AUDIOVISUAIS LTDA.,1,2.285314122,2.249614722,804.0,804.0,0.007923350000000001,357.39453166683177,100.0,100.0,0.0,3.89,SP,,Emergentes / micro
20.232.042/0001-65,POLANA FILMES LTDA.,1,2.2305165,2.2305165,70.0,70.0,0.0014616,31.382865807089974,100.0,0.0,0.0,4.3,SP,,Emergentes / micro
09.260.004/0001-83,TERRA FIRME PRODUÇÕES CINEMATOGRÁFICAS LTDA,3,1.6332754724399998,2.2246699724399996,1083.0,1083.0,0.012209459999999998,913.0003408366,33.33333333333333,0.0,0.0,4.003,SP,0.0,Produção para TV/VoD
25.278.158/0001-59,BAHIA VISUAL PRODUÇÕES E SERVIÇOS LTDA - EPP,3,2.22125595332,2.22125595332,0.0,0.0,0.0,0.0,0.0,0.0,0.0,4.058,BA,2.0,Baixo retorno / nicho
26.694.889/0001-48,CAPURI FILMES PRODUÇÕES LTDA,1,2.2197835439999998,2.2197835439999998,11014.0,11014.0,0.23510227,4961.745044813253,100.0,100.0,0.0,3.89,RJ,,Emergentes / micro
14.372.650/0001-72,LIBERATO PRODUÇÕES CULTURAIS LTDA,2,2.21823663,2.21823663,1017.0,1017.0,0.010216,735.4003346960944,50.0,0.0,0.0,3.2,BA,0.0,Produção para TV/VoD
13.041.064/0001-82,CINE & TEATRO PRODUÇÕES LTDA ME,1,2.193462,2.193462,0.0,0.0,0.0,0.0,0.0,0.0,0.0,3.89,RJ,,Emergentes / micro
28.448.655/0001-46,JULIA GUGGISBERG HANNUD ME,1,2.1932755557299997,2.1932755557299997,0.0,0.0,0.0,0.0,0.0,0.0,0.0,3.89,SP,,Emergentes / micro
05.246.567/0001-66,WILLIAM CUBITS CAPELA,1,1.3023550392398,2.1769490392398,0.0,0.0,0.0,0.0,0.0,0.0,0.0,3.89,PE,,Emergentes / micro
22.327.940/0001-22,ATO3 PRODUCOES ARTISTICAS E EDITORIAIS LTDA - ME,2,2.1544231879781104,2.1544231879781104,531.0,265.5,0.00755876,294.6197806437394,100.0,0.0,0.0,4.024,BA,4.0,Campeãs de público
20.374.049/0001-11,PONTILHADO CINEMATOGRÁFICO E PRODUÇÕES CULTURAIS E ARTÍSTICAS LTDA ME,1,2.1347320549499997,2.1347320549499997,0.0,0.0,0.0,0.0,0.0,0.0,0.0,3.89,PE,,Emergentes / micro
06.015.397/0001-71,ARTERIA PRODUCOES ARTISTICAS EIRELI,1,2.1025239759999996,2.1294783452,0.0,0.0,0.0,0.0,0.0,0.0,0.0,3.89,RJ,,Emergentes / micro
12.743.129/0001-79,ANDRE NASCIMENTO ARAUJO,2,2.1167361,2.1167361,0.0,0.0,0.0,0.0,0.0,0.0,0.0,4.1,TO,2.0,Baixo retorno / nicho
26.324.984/0001-50,CÉU VERMELHO FOGO FILMES LTDA,3,2.1063895219999997,2.1063895219999997,0.0,0.0,0.0,0.0,0.0,0.0,0.0,3.89,AL,2.0,Baixo retorno / nicho
00.205.194/0001-61,HECO PRODUÇÕES LTDA,2,2.1061583071672,2.1061583071672,0.0,0.0,0.0,0.0,0.0,0.0,0.0,3.89,SP,2.0,Baixo retorno / nicho
05.436.489/0001-62,REFINARIA PRODUÇÕES LTDA.,2,1.311952962915,2.102224962915,378.0,189.0,0.0061471,254.95250861858918,100.0,100.0,0.0,3.89,RJ,1.0,Prestígio internacional
09.942.024/0001-34,SÍMIO FILMES LTDA,2,2.0992296167999998,2.0992296167999998,0.0,0.0,0.0,0.0,0.0,0.0,0.0,3.325,PE,2.0,Baixo retorno / nicho
08.287.614/0001-08,88 ARTE CONTEMPORANEA LTDA,2,2.096508518468,2.096508518468,284.0,142.0,0.0026235499999999997,175.33409677347566,100.0,0.0,0.0,4.37,MG,4.0,Campeãs de público
13.393.029/0001-22,OBA CACAUE PRODUCOES EIRELI,2,1.31349075339254,2.09379543357042,0.0,0.0,0.0,0.0,0.0,0.0,0.0,4.17,BA,2.0,Baixo retorno / nicho
11.168.287/0001-80,O SOPRO DO TEMPO LTDA - ME,1,2.088291,2.088291,0.0,0.0,0.0,0.0,0.0,0.0,0.0,3.89,MG,,Emergentes / micro
23.240.437/0001-06,CAFEINA CONSULTORIA E MARKETING EIRELI - ME,1,2.088291,2.088291,0.0,0.0,0.0,0.0,0.0,0.0,0.0,3.89,MT,,Emergentes / micro
19.023.949/0001-35,ORLA FILMES LTDA - ME,1,2.088291,2.088291,0.0,0.0,0.0,0.0,0.0,0.0,0.0,3.89,CE,,Emergentes / micro
05.372.676/0001-20,MSTK PRODUÇÕES CINEMATOGRÁFICAS LTDA-ME,1,2.088291,2.088291,0.0,0.0,0.0,0.0,0.0,0.0,0.0,3.89,SP,,Emergentes / micro
10.468.552/0001-82,TOKYO FILMES LTDA,2,2.0690118252020597,2.0851575372020603,2719.0,1359.5,0.02242748,1549.786051464353,100.0,100.0,0.0,3.89,RS,1.0,Prestígio internacional
25.094.170/0001-03,CABORÉ PRODUTORES ASSOCIADOS LTDA - ME,3,2.082031017,2.082031017,0.0,0.0,0.0,0.0,0.0,0.0,0.0,3.89,RN,2.0,Baixo retorno / nicho
08.681.701/0001-45,MENDINA DE MORAIS SANTOS PRODUÇÕES LTDA.,2,2.0740651625624,2.0806697480378,882.0,882.0,0.011755030000000001,466.4187816093353,50.0,0.0,0.0,3.4,RS,0.0,Produção para TV/VoD
19.305.367/0001-41,VILAREJO FILMES LTDA ME,2,2.06185914723478,2.06185914723478,0.0,0.0,0.0,0.0,0.0,50.0,0.0,3.89,PE,2.0,Baixo retorno / nicho
07.496.159/0001-98,ALDEIA PRODUÇÕES LTDA,1,2.046349763556,2.046349763556,0.0,0.0,0.0,0.0,0.0,0.0,0.0,4.185,MG,,Emergentes / micro
23.747.020/0001-26,PAPO AMARELO PRODUÇÕES CINEMATOGRÁFICAS LTDA - ME,3,2.0417333289262305,2.0417333289262305,0.0,0.0,0.0,0.0,0.0,0.0,0.0,3.89,PE,2.0,Baixo retorno / nicho
10.831.015/0001-55,MOVIOLA PRODUÇÕES CINEMATOGRÁFICAS LTDA,1,2.038500301824,2.034662694324,236.0,236.0,0.0030802800000000003,115.98974152244388,100.0,0.0,0.0,4.225,RJ,,Emergentes / micro
11.422.855/0001-27,GAMAROSA FILMES LTDA.,1,1.8885039700000001,2.02984724957734,1526.0,1526.0,0.01750777,751.7807068082328,100.0,0.0,0.0,3.89,RJ,,Emergentes / micro
06.130.502/0001-13,DONA ROSA PRODUÇÕES ARTÍSTICAS LTDA.,1,2.0106803683467,2.0106803683467,0.0,0.0,0.0,0.0,0.0,100.0,0.0,3.89,RJ,,Emergentes / micro
14.989.694/0001-46,NIGERIA COMUNICAÇÃO E AUDIOVISUAL LTDA ME,4,1.9955122763008,1.9955122763008,0.0,0.0,0.0,0.0,0.0,0.0,0.0,3.89,CE,2.0,Baixo retorno / nicho
23.315.965/0001-79,JPL PRODUÇÕES LTDA -ME,4,1.9799310879999998,1.9799310879999998,0.0,0.0,0.0,0.0,0.0,0.0,0.0,3.708,BA,2.0,Baixo retorno / nicho
07.627.467/0001-05,WRITE PRODUÇÕES ARTÍSTICAS LTDA,2,1.9787209273700002,1.9787209273700002,0.0,0.0,0.0,0.0,0.0,0.0,0.0,3.885,SP,2.0,Baixo retorno / nicho
15.089.868/0001-87,STO LAT PRODUCOES CULTURAIS EIRELI ­ ME,2,1.96135425,1.96135425,1782.0,891.0,0.017988220000000003,1140.3588982006868,100.0,100.0,0.0,3.89,PR,1.0,Prestígio internacional
64.047.665/0001-33,ÁFRICA FILMES LTDA,2,1.9418778829999999,1.9376168830000005,35117.0,17558.5,0.45586948000000005,32748.15842654249,100.0,50.0,28144.0,3.66,SP,3.0,Comerciais de sala
12.827.703/0001-77,DOIS PLÁTANOS PRODUÇÕES CINEMATOGRÁFICAS LTDA,1,1.9331143,1.9331143,258.0,258.0,0.005528109999999999,133.46339634443757,100.0,0.0,0.0,3.89,SC,,Emergentes / micro
08.112.710/0001-15,BESOURO FILMES LTDA.,3,1.92808122,1.92808122,918.0,918.0,0.009867319999999999,1254.7678924611757,33.33333333333333,66.66666666666666,0.0,3.89,RS,3.0,Comerciais de sala
04.098.427/0001-25,SOUL FILMES LTDA - ME,3,1.9277079471108498,1.9277079471108498,0.0,0.0,0.0,0.0,0.0,0.0,0.0,3.89,RJ,2.0,Baixo retorno / nicho
04.178.239/0001-07,ALUMIA PRODUCAO DE FILMES LTDA,3,1.8004299995936002,1.8726500495936,0.0,0.0,0.0,0.0,0.0,0.0,0.0,3.89,PE,2.0,Baixo retorno / nicho
06.905.794/0001-19,AC CAVALCANTE SERVIÇOS LTDA.,3,1.86238338452838,1.86238338452838,154.0,154.0,0.00177341,177.6976522909266,33.33333333333333,0.0,0.0,4.027,PE,0.0,Produção para TV/VoD
06.975.561/0001-92,VAGALUZES FILMES LTDA,1,1.85876375,1.85876375,135.0,135.0,0.00163284,72.62891801069394,100.0,0.0,0.0,4.223,SC,,Emergentes / micro
12.380.610/0001-47,PARAKINO PRODUCOES LTDA.,1,1.85876375,1.85876375,282.0,282.0,0.002803,151.71373984456065,100.0,0.0,0.0,3.89,SP,,Emergentes / micro
05.609.007/0001-29,SAMBA FILMES LTDA,1,1.85876375,1.85876375,256.0,256.0,0.0029425500000000004,137.72594822768627,100.0,0.0,0.0,3.89,RJ,,Emergentes / micro
17.698.485/0001-31,A J MENDES DOS SANTOS - ME,1,1.85876375,1.85876375,0.0,0.0,0.0,0.0,0.0,0.0,0.0,3.89,AM,,Emergentes / micro
15.830.015/0001-54,"PATIO VAZIO PRODUÇÕES CINEMATOGRÁFICAS, ARTÍSTICAS E CULTURAIS LTDA - ME",1,1.85876375,1.85876375,274.0,274.0,0.00328076,147.40980396244547,100.0,0.0,0.0,4.0,RS,,Emergentes / micro
10.473.332/0001-47,ODUN PRODUÇÃO DE BENS CULTURAIS LTDA,1,1.85876375,1.85876375,27.0,27.0,0.0005873300000000001,14.525783602138787,100.0,0.0,0.0,4.123,SP,,Emergentes / micro
17.219.542/0001-52,PIRA FILMES E PRODUCOES LTDA,2,1.85413928,1.85413928,0.0,0.0,0.0,0.0,0.0,0.0,0.0,4.25,GO,2.0,Baixo retorno / nicho
13.622.499/0001-10,CINEMATOGRÁFICA PATA NEGRA LTDA,1,0.863953391,1.8414982187351603,0.0,0.0,0.0,0.0,0.0,0.0,0.0,3.89,RS,,Emergentes / micro
19.265.893/0001-25,AUTORIAS PRODUCOES CINEMATOGRAFICAS LTDA.,3,1.8258588766808603,1.8258588766808603,133.0,133.0,0.0021004,202.31014987495433,33.33333333333333,0.0,0.0,4.1,PE,0.0,Produção para TV/VoD
11.966.450/0001-50,CANABRAVA FILMES EIRELI,1,1.2244316,1.81915552,75.0,75.0,0.0012572899999999999,41.22792096411856,100.0,100.0,0.0,3.89,MG,,Emergentes / micro
08.794.303/0001-35,COSTA BARROS FILMES E PRODUÇÕES LTDA ME,1,1.7844132000000001,1.7844132000000001,0.0,0.0,0.0,0.0,0.0,0.0,0.0,3.89,CE,,Emergentes / micro
23.064.648/0001-27,PONTA NEGRA FILMES LTDA-ME,1,1.7844132000000001,1.7844132000000001,299.0,299.0,0.001984,167.5620870771411,100.0,0.0,0.0,3.4,RN,,Emergentes / micro
00.360.459/0001-04,DOCUMENTA PRODUCOES EIRELI - ME,3,1.7821234164800002,1.7821234164800002,0.0,0.0,0.0,0.0,0.0,0.0,0.0,4.3,RJ,2.0,Baixo retorno / nicho
12.126.484/0001-07,BOULEVARD FILMES LTDA,2,1.513799506,1.754327579,1075.0,1075.0,0.01483743,1354.3845035341644,50.0,50.0,0.0,4.5,SP,3.0,Comerciais de sala
16.957.757/0001-08,ENTRE FILMES PRODUCOES LTDA - ME,1,1.7449024894,1.7449024894,3815.0,3815.0,0.04291663,2186.3685926150642,100.0,100.0,0.0,4.003,MG,,Emergentes / micro
09.397.798/0001-21,KLAXON CULTURA AUDIOVISUAL LTDA,2,1.6053855868,1.7436353868,3284.0,3284.0,0.03305693,6619.605918169576,50.0,100.0,0.0,3.532,SP,1.0,Prestígio internacional
29.555.333/0001-69,R. SHIZUKO TAKAMATSU - FILMES,2,1.7402425,1.7402425,0.0,0.0,0.0,0.0,0.0,0.0,0.0,3.89,PR,2.0,Baixo retorno / nicho
17.814.194/0001-61,SOB ENCOMENDA PRODUCOES LTDA,1,1.7393596663714501,1.7393596663714501,0.0,0.0,0.0,0.0,0.0,0.0,0.0,3.89,CE,,Emergentes / micro
39.183.983/0001-84,"FRANCO PRODUÇÕES, FILMES, EVENTOS E PROMOÇÕES LTDA - ME.",1,0.96655715,1.732967914,3162.0,3162.0,0.04392332,1824.615432550934,100.0,0.0,0.0,4.4,RJ,,Emergentes / micro
04.696.982/0001-59,LANTERNA MÁGICA PRODUÇÕES EIRELI,1,1.72908430244592,1.72908430244592,0.0,0.0,0.0,0.0,0.0,0.0,0.0,3.89,DF,,Emergentes / micro
01.464.291/0001-31,KINOFILMES PRODUÇÕES ARTÍSTICAS E CINEMATOGRÁFICAS LTDA,1,1.2638552592299999,1.7285433964199999,1392.0,1392.0,0.01434192,805.3023157434071,100.0,0.0,0.0,3.543,RJ,,Emergentes / micro
03.767.725/0001-06,FABRICA ESTUDIOS LTDA,2,1.727523,1.727523,0.0,0.0,0.0,0.0,0.0,0.0,0.0,3.89,PE,2.0,Baixo retorno / nicho
07.168.260/0001-10,CUMBARU PRODUÇÕES ARTÍSTICAS LTDA - ME,2,1.727523,1.727523,0.0,0.0,0.0,0.0,0.0,0.0,0.0,3.708,MT,2.0,Baixo retorno / nicho
17.192.316/0001-25,SEUFILME PRODUCOES AUDIOVISUAIS LTDA,2,0.5865118414839999,1.7248323414839999,2820.0,1410.0,0.03139129,1728.5795517043925,100.0,50.0,0.0,3.857,RJ,3.0,Comerciais de sala
63.190.623/0001-94,PORTFOLIUM LABORATÓRIO DE IMAGENS EIRELI,3,1.7220864303999999,1.7220864303999999,6894.0,6894.0,0.09126283,19706.28657411325,33.33333333333333,0.0,0.0,3.89,BA,0.0,Produção para TV/VoD
40.530.917/0001-12,SANTO GUERREIRO COMUNICAÇÃO E EVENTOS EIRELI.,2,1.71690649,1.71690649,0.0,0.0,0.0,0.0,0.0,0.0,0.0,3.4665,BA,2.0,Baixo retorno / nicho
12.906.549/0001-29,BALAIO PRODUÇÕES CULTURAIS E CINEMATOGRÁFICAS LTDA - ME,2,1.7072074879999999,1.7072074879999999,0.0,0.0,0.0,0.0,0.0,0.0,0.0,3.89,GO,2.0,Baixo retorno / nicho
01.946.155/0001-88,CINÉTICA FILMES E PRODUÇÕES LTDA.,1,1.7090394377309,1.6920247576719,8384.0,8384.0,0.14966031,4955.0102396467055,100.0,0.0,0.0,4.4,RJ,,Emergentes / micro
02.857.394/0001-24,LUNI ÁUDIO E VÍDEO LTDA - ME,2,1.6654523200000002,1.6654523200000002,0.0,0.0,0.0,0.0,0.0,0.0,0.0,3.77,PE,2.0,Baixo retorno / nicho
07.206.747/0001-40,OLHO FILMES PRODUCOES EIRELI - ME,1,1.6354642598766302,1.6354642598766302,136.0,136.0,0.00105625,83.15681567401481,100.0,0.0,0.0,3.683,DF,,Emergentes / micro
05.815.669/0001-55,CASTANHA FILMES E INVENTÁRIOS CULTURAIS LTDA - ME,1,1.6026716159999999,1.6026716159999999,0.0,0.0,0.0,0.0,0.0,0.0,0.0,3.89,AP,,Emergentes / micro
21.797.177/0001-30,D. M. ZON PRODUCOES CINEMATOGRAFICAS EIRELI - ME,1,1.6010231,1.6010231,0.0,0.0,0.0,0.0,0.0,0.0,0.0,3.89,ES,,Emergentes / micro
10.855.589/0001-63,CABONG STUDIOS LTDA,1,1.5917610800000002,1.5917610800000002,0.0,0.0,0.0,0.0,0.0,0.0,0.0,3.89,PR,,Emergentes / micro
20.386.333/0001-08,BOSK CINEMA TV WEB LTDA,1,1.580544,1.580544,79.0,79.0,0.00148455,49.98279073534176,100.0,0.0,0.0,2.835,RJ,,Emergentes / micro
17.935.462/0001-01,DAS MINAS PRODUCOES CINEMATOGRAFICAS LTDA,2,1.5781105753059999,1.5781105753059999,0.0,0.0,0.0,0.0,0.0,0.0,0.0,3.89,RJ,2.0,Baixo retorno / nicho
07.567.854/0001-01,OGER SEPOL PRODUÇÃO E COMÉRCIO AUDIOVISUAL LTDA,2,1.57603081591,1.57603081591,286.0,286.0,0.00440758,193.0367187554803,50.0,0.0,0.0,3.6,PR,0.0,Produção para TV/VoD
09.085.894/0001-34,MAISON DU CINEMA PRODUCOES AUDIOVISUAIS LTDA - ME,1,1.5742692,1.5742692,0.0,0.0,0.0,0.0,0.0,0.0,0.0,3.8,GO,,Emergentes / micro
08.578.658/0001-97,MIL CICLOS PRODUÇÃO AUDIOVISUAL LTDA,3,1.56964218122,1.56964218122,0.0,0.0,0.0,0.0,0.0,0.0,0.0,3.89,MA,2.0,Baixo retorno / nicho
12.192.242/0001-03,FELIPE KLOVAN SILVA,1,1.5681305654784,1.5681305654784,0.0,0.0,0.0,0.0,0.0,0.0,0.0,3.89,RS,,Emergentes / micro
21.805.885/0001-76,INQUIETA CINEMA CULTURA E COMUNICAÇÃO LTDA - ME,1,1.56382184448,1.55545812362,2112.0,2112.0,0.022418340000000002,1357.799331225174,100.0,0.0,0.0,3.89,PE,,Emergentes / micro
08.016.733/0001-26,ORQUESTRA CINEMA ESTÚDIOS LTDA,1,1.5547259402035198,1.5547259402035198,534.0,534.0,0.008692,343.46889454362434,100.0,0.0,0.0,3.84,PE,,Emergentes / micro
01.025.252/0001-38,CABEÇA DE CUIA PRODUTORA DE FILMES E VÍDEOS LTDA,1,1.5489331199999998,1.5489331199999998,131.0,131.0,0.002567,84.57434237057312,100.0,0.0,0.0,3.89,CE,,Emergentes / micro
11.687.817/0001-04,GATO DO PARQUE CINEMATOGRÁFICA LTDA,1,1.1338547850000003,1.5328825050135202,0.0,0.0,0.0,0.0,0.0,0.0,0.0,3.89,SP,,Emergentes / micro
13.188.290/0001-90,INFFINITO ENTRETENIMENTO E COMUNICAÇÕES LTDA. ME.,1,1.3991539290869999,1.530761649087,493.0,493.0,0.00824338,322.0618966342948,100.0,0.0,0.0,3.788,RJ,,Emergentes / micro
07.467.108/0001-38,URSO FILMES EIRELI,2,1.53624449424404,1.5175239822117201,0.0,0.0,0.0,0.0,0.0,0.0,0.0,3.89,PE,2.0,Baixo retorno / nicho
05.564.112/0001-99,TRIO FILMES PRODUÇÕES ARTÍSTICAS LTDA,1,1.5037912028159999,1.5037912028159999,462.0,462.0,0.00492227,307.22350226205515,100.0,0.0,0.0,3.89,CE,,Emergentes / micro
13.650.111/0001-95,INSPIRAR COMUNICAÇÃO E CULTURA EIRELI,3,1.50050621512792,1.4920740151279202,0.0,0.0,0.0,0.0,0.0,0.0,0.0,4.4,BA,2.0,Baixo retorno / nicho
02.376.263/0001-25,RADIANTE FILMES LTDA,1,1.490384265678,1.490384265678,0.0,0.0,0.0,0.0,0.0,0.0,0.0,3.2,RJ,,Emergentes / micro
59.190.843/0001-40,SP FILMES DE SÃO PAULO LTDA,1,0.6996751999999999,1.4899472,87.0,87.0,0.00153588,58.39133091427669,100.0,0.0,0.0,3.5,SP,,Emergentes / micro
09.257.828/0001-02,"GARIMPO - PRODUÇÃO AUDIOVISUAL, CULTURAL E COMUNICAÇÃO LTDA",1,1.4870318181539999,1.4870318181539999,0.0,0.0,0.0,0.0,0.0,0.0,0.0,3.89,PE,,Emergentes / micro
24.144.897/0001-95,AMAZONIA VIDEO PRODUCOES LTDA - ME,1,1.4847630336,1.4847630336,0.0,0.0,0.0,0.0,0.0,0.0,0.0,3.89,AM,,Emergentes / micro
04.232.913/0001-94,OFICINA DE IMAGEM LTDA.,1,1.4780638599999998,1.4780638599999998,0.0,0.0,0.0,0.0,0.0,0.0,0.0,3.767,PR,,Emergentes / micro
07.530.292/0001-13,FILMES DO CERRADO PRODUÇÕES CINEMATOGRÁFICAS LTDA,1,0.756502887168,1.4560652645419998,40.0,40.0,0.00068302,27.47129608409542,100.0,0.0,0.0,3.89,MG,,Emergentes / micro
22.000.363/0001-60,LA URSA CINEMATOGRÁFICA LTDA,2,1.1759905,1.4544293000000001,0.0,0.0,0.0,0.0,0.0,0.0,0.0,3.89,AL,2.0,Baixo retorno / nicho
04.939.205/0001-98,MATIZAR PRODUÇÕES ARTÍSTICAS LTDA,1,1.4427945450589998,1.4427945450589998,333.0,333.0,0.0027008600000000002,230.80209246728384,100.0,0.0,0.0,3.5,RJ,,Emergentes / micro
05.572.253/0001-53,LENTE VIVA FILMES LTDA - EPP,2,1.4359448137685,1.4359448137685,1374.0,1374.0,0.00691465,3477.2837706511177,50.0,50.0,0.0,3.7,SP,3.0,Comerciais de sala
19.872.940/0001-07,FAUSTON FILMES LTDA,1,1.41825745531323,1.41825745531323,0.0,0.0,0.0,0.0,0.0,0.0,0.0,3.89,DF,,Emergentes / micro
87.435.368/0001-60,OTTO DESENHOS ANIMADOS LTDA,1,1.4126604500000002,1.4126604500000002,0.0,0.0,0.0,0.0,0.0,0.0,0.0,3.89,RS,,Emergentes / micro
02.759.786/0001-50,FLORA FILMES & VÍDEOS PRODUÇÕES ARTÍSTICAS LTDA ME,2,1.411238060768,1.411238060768,0.0,0.0,0.0,0.0,0.0,0.0,0.0,3.89,RJ,2.0,Baixo retorno / nicho
15.571.863/0001-96,COCRIATIVA CONTEÚDOS AUDIOVISUAIS LTDA,2,1.409845528,1.409845528,0.0,0.0,0.0,0.0,0.0,0.0,0.0,4.035,MG,2.0,Baixo retorno / nicho
00.020.648/0001-20,PRODIGO FILMS LTDA,1,0.802176614024,1.40849525064569,109.0,109.0,0.0020182999999999998,77.38755238970926,100.0,0.0,0.0,3.89,SP,,Emergentes / micro
17.223.211/0001-96,TRÓPICO AUDIOVISUAL LTDA - ME,1,1.392194,1.392194,0.0,0.0,0.0,0.0,0.0,0.0,0.0,3.89,PR,,Emergentes / micro
00.508.766/0001-81,SAMBAQUI CULTURAL CINE VÍDEO LTDA,1,1.392194,1.392194,0.0,0.0,0.0,0.0,0.0,0.0,0.0,3.89,PR,,Emergentes / micro
14.150.253/0001-56,ELEVATION TECNOLOGIA & COMUNICAÇÃO LTDA,1,1.392194,1.392194,0.0,0.0,0.0,0.0,0.0,0.0,0.0,3.89,SP,,Emergentes / micro
07.642.548/0001-84,RENDER BRASIL PRODUÇÕES EIRELI - EPP,1,1.392194,1.392194,0.0,0.0,0.0,0.0,0.0,0.0,0.0,4.025,MS,,Emergentes / micro
07.837.630/0001-64,MANIFESTO GAME STUDIO LTDA,1,1.392194,1.392194,0.0,0.0,0.0,0.0,0.0,0.0,0.0,3.89,PE,,Emergentes / micro
17.503.480/0001-06,JULIANE ALMEIDA GOMES,1,1.392194,1.392194,0.0,0.0,0.0,0.0,0.0,0.0,0.0,3.89,TO,,Emergentes / micro
11.717.663/0001-48,SPLIT STUDIO PRODUÇÕES AUDIOVISUAIS LTDA.,1,1.3921910763926,1.3921910763926,0.0,0.0,0.0,0.0,0.0,0.0,0.0,3.89,SP,,Emergentes / micro
06.274.259/0001-07,CATAVENTO PRODUÇÕES AUDIOVISUAIS LTDA - ME,1,1.39216703320222,1.39216703320222,0.0,0.0,0.0,0.0,0.0,0.0,0.0,3.89,SP,,Emergentes / micro
07.988.992/0001-56,PLANET POP MÍDIA E EDITORAÇÕES LIMITADA ME,1,1.39113593256,1.39113593256,0.0,0.0,0.0,0.0,0.0,0.0,0.0,3.767,SP,,Emergentes / micro
03.274.384/0001-29,BELLI STUDIO DESIGN LTDA.,1,1.37218095,1.37218095,0.0,0.0,0.0,0.0,0.0,0.0,0.0,3.89,SC,,Emergentes / micro
12.935.850/0001-60,MONTANHAS FILMES LTDA - ME,3,1.3684508598641199,1.3684508598641199,224.0,224.0,0.00113944,441.68288629089983,33.33333333333333,0.0,0.0,3.8465,BA,0.0,Produção para TV/VoD
03.189.055/0001-80,ABBAS FILMES LTDA.,1,1.363662376164,1.363662376164,0.0,0.0,0.0,0.0,0.0,0.0,0.0,3.89,RJ,,Emergentes / micro
01.230.968/0001-77,BANG BANG FILMES PRODUÇÕES EIRELI,2,1.3541356,1.3541356,0.0,0.0,0.0,0.0,0.0,0.0,0.0,3.89,RJ,2.0,Baixo retorno / nicho
11.907.529/0001-00,CONTAINER FILMES LTDA,1,1.3993503999999999,1.346915,7906.0,7906.0,0.10039273,5869.709669875233,100.0,100.0,0.0,3.89,RS,,Emergentes / micro
18.589.962/0001-93,FINORDIA PRODUÇÕES CULTURAIS LTDA - ME,1,1.36353273211288,1.34108905084386,115.0,115.0,0.00175648,85.75120341757916,100.0,0.0,0.0,3.83,ES,,Emergentes / micro
02.972.707/0001-95,ESPIRAL CRIACAO E PRODUCAO CULTURAL LTDA,2,1.32860285,1.32860285,672.0,672.0,0.0,1067.1618297556736,50.0,0.0,0.0,3.395,RJ,0.0,Produção para TV/VoD
05.760.527/0001-38,NÚCLEO ZERO PUBLICIDADE LTDA,2,1.32726941668,1.32726941668,1339.0,1339.0,0.016942040000000002,1276.6599093364675,50.0,0.0,0.0,4.4,AL,0.0,Produção para TV/VoD
12.751.837/0001-51,CRISTIANO T. AZZI,1,1.39497743,1.3271485699999999,1018.0,1018.0,0.012399799999999999,767.0580543970297,100.0,0.0,0.0,3.89,MG,,Emergentes / micro
08.677.301/0001-66,LACUNA FILMES LTDA,1,1.3238045537983003,1.3238045537983003,6829.0,6829.0,0.10980467999999999,5158.616489425139,100.0,0.0,0.0,3.89,SP,,Emergentes / micro
12.286.408/0001-50,PROCONTENT PRODUCAO LTDA,2,1.30851089135461,1.30851089135461,0.0,0.0,0.0,0.0,0.0,0.0,0.0,3.89,MA,2.0,Baixo retorno / nicho
10.403.803/0001-40,TON TON FILMES & PRODUÇÃO ARTÍSTICA LTDA,1,1.2590471879999998,1.307428488,0.0,0.0,0.0,0.0,0.0,0.0,0.0,3.89,RJ,,Emergentes / micro
09.514.942/0001-62,TVA2 PRODUÇÕES LTDA.,2,1.0122058,1.301086,2834.0,2834.0,0.019738139999999998,4684.382691255543,50.0,50.0,3530.0,3.89,RJ,3.0,Comerciais de sala
19.780.327/0001-51,GLOBAL VILLAGE CREATIVE E EXECUTIVE,1,1.2999609,1.2999609,0.0,0.0,0.0,0.0,0.0,0.0,0.0,3.89,ES,,Emergentes / micro
15.693.797/0001-27,EXPURGAÇÃO FILMES E PRODUÇÕES ARTÍSTICAS LTDA - ME,2,1.28777945,1.28777945,0.0,0.0,0.0,0.0,0.0,0.0,0.0,3.89,ES,2.0,Baixo retorno / nicho
25.302.358/0001-08,PRODUTORA PORTATIL LTDA. - ME,2,1.28081848,1.28081848,0.0,0.0,0.0,0.0,0.0,0.0,0.0,3.89,BA,2.0,Baixo retorno / nicho
01.456.361/0001-00,MP 2 PRODUCOES EIRELI,2,1.2788758788399999,1.2788758788399999,0.0,0.0,0.0,0.0,0.0,0.0,0.0,3.8,RJ,2.0,Baixo retorno / nicho
09.011.546/0001-12,GMB PRODUTORA DE CINEMA E VIDEO LTDA,2,1.2759616803000002,1.2759616803000002,0.0,0.0,0.0,0.0,0.0,0.0,0.0,3.89,BA,2.0,Baixo retorno / nicho
01.179.201/0001-60,VIDEOFORUM FILMES PRODUÇÕES ARTÍSTICAS LTDA.,1,1.2244316,1.2719936800000002,8505.0,8505.0,0.11859331,6686.353976224157,100.0,0.0,0.0,4.1,SP,,Emergentes / micro
73.364.879/0001-24,"FBL E ASSOCIADOS, COMUNICAÇÕES LTDA",1,1.2713137627329,1.2713137627329,0.0,0.0,0.0,0.0,0.0,0.0,0.0,3.89,RJ,,Emergentes / micro
04.474.294/0001-44,TEATRO ILUSTRE PRODUÇÕES ARTÍSTICAS LTDA,1,1.2639593500000001,1.2639593500000001,0.0,0.0,0.0,0.0,0.0,0.0,0.0,4.058,RJ,,Emergentes / micro
14.676.949/0001-10,LUMIÔ FILMES LTDA - ME,1,1.2582230712365101,1.2582230712365101,0.0,0.0,0.0,0.0,0.0,0.0,0.0,2.975,DF,,Emergentes / micro
18.562.109/0001-88,QUARTO STUDIO PRODUÇÃO AUDIOVISUAL LTDA ME,1,1.25472236481042,1.25472236481042,0.0,0.0,0.0,0.0,0.0,0.0,0.0,3.89,MG,,Emergentes / micro
12.638.556/0001-97,G2 PRODUÇÕES LTDA - ME,1,0.624777685768,1.2530488077679998,517.0,517.0,0.00854267,412.593664983337,100.0,0.0,0.0,3.89,SP,,Emergentes / micro
08.988.410/0001-02,PAJÉ PRODUÇÕES CULTURAIS,2,1.25269482469376,1.25269482469376,0.0,0.0,0.0,0.0,0.0,0.0,0.0,3.89,RJ,2.0,Baixo retorno / nicho
30.532.263/0001-02,LEONARDO GARCIA RIBEIRO LOPES DOMINGUES,1,1.247185857348,1.247185857348,0.0,0.0,0.0,0.0,0.0,0.0,0.0,3.89,RJ,,Emergentes / micro
01.282.220/0001-18,REALIZART PRODUÇÃO AUDIOVISUAL LTDA,3,1.239292373777,1.239292373777,135.0,135.0,0.00162,341.6545189504373,33.33333333333333,33.33333333333333,0.0,3.835,SC,0.0,Produção para TV/VoD
05.930.707/0001-10,PROCESSO MULTIARTES EIRELI,2,1.22416495538942,1.22416495538942,0.0,0.0,0.0,0.0,0.0,0.0,0.0,3.89,PR,2.0,Baixo retorno / nicho
14.263.150/0001-00,FABRICA DE IDEIAS CINEMATICAS LTDA,1,1.2235395141199998,1.2235395141199998,0.0,0.0,0.0,0.0,0.0,0.0,0.0,3.89,SP,,Emergentes / micro
20.240.711/0001-40,ILUMINURAS ESTÚDIO DE ANIMAÇÃO DE FILMES LTDA,1,1.222550784,1.222550784,0.0,0.0,0.0,0.0,0.0,0.0,0.0,3.89,PA,,Emergentes / micro
31.851.876/0001-75,PIAVENTURA PRODUÇÃO E COMUNICAÇÃO LTDA - ME,1,1.209906432,1.209906432,0.0,0.0,0.0,0.0,0.0,0.0,0.0,3.89,RJ,,Emergentes / micro
13.827.942/0001-90,MAGNO & MAGNO LTDA - ME,2,1.2044789100000002,1.2044789100000002,141.0,141.0,0.001946,185.9237007899028,50.0,0.0,0.0,3.89,PI,0.0,Produção para TV/VoD
05.808.346/0001-34,MAYA FILMES LTDA,2,1.20151782246975,1.20151782246975,0.0,0.0,0.0,0.0,0.0,0.0,0.0,4.1259999999999994,AM,2.0,Baixo retorno / nicho
17.686.492/0001-13,GAMA PINHEIRO PRODUÇÕES LTDA -ME,1,1.1896088,1.1896088,0.0,0.0,0.0,0.0,0.0,0.0,0.0,3.89,MA,,Emergentes / micro
03.545.965/0001-58,REAÇÃO CRIAÇÃO E PRODUÇÃO LTDA,2,1.1855514904865,1.1855514904865,0.0,0.0,0.0,0.0,0.0,0.0,0.0,4.3,MG,2.0,Baixo retorno / nicho
05.209.603/0001-11,FLORESTA VÍDEO GRÁFICA E EDITORA LTDA,1,1.16612528668832,1.16612528668832,0.0,0.0,0.0,0.0,0.0,0.0,0.0,4.0,PA,,Emergentes / micro
04.483.967/0001-22,G. L. MAGRI BARRADAS,1,1.1590655947315198,1.1590655947315198,730.0,730.0,0.00941557,629.8176766855836,100.0,0.0,0.0,2.4,MT,,Emergentes / micro
40.426.918/0001-11,MAC COMUNICAÇÃO E PRODUÇÃO LTDA,1,1.1419821368102,1.1419821368102,711.0,711.0,0.0075904499999999995,622.6016827075551,100.0,0.0,0.0,3.89,RJ,,Emergentes / micro
21.831.217/0001-13,SM & AA PRODUCAO AUDIOVISUAL LTDA ­ ME,1,1.1369722,1.1369722,0.0,0.0,0.0,0.0,0.0,0.0,0.0,4.1,AC,,Emergentes / micro
14.139.914/0001-42,FOREST COMUNICAÇÃO,1,1.1369722,1.1369722,0.0,0.0,0.0,0.0,0.0,0.0,0.0,2.9,MT,,Emergentes / micro
17.096.738/0001-05,DIADORIM FILMES LTDA-ME,1,1.1368847406,1.1368847406,0.0,0.0,0.0,0.0,0.0,0.0,0.0,3.89,PR,,Emergentes / micro
04.368.192/0001-44,"PRO AUTOR PRODUCAO, DIVULGACAO DE ARTE E PROJETOS CULTURAIS LTDA - ME",1,1.1344418666386902,1.1344418666386902,0.0,0.0,0.0,0.0,0.0,0.0,0.0,3.89,SP,,Emergentes / micro
03.250.728/0001-60,TAKAPY DIGITAL ART LTDA,2,1.12288995,1.12288995,0.0,0.0,0.0,0.0,0.0,0.0,0.0,3.89,BA,2.0,Baixo retorno / nicho
18.023.882/0001-76,PALADINA PRODUCOES ARTISTICAS LTDA. - ME,1,1.11525825,1.11525825,0.0,0.0,0.0,0.0,0.0,0.0,0.0,3.89,RJ,,Emergentes / micro
15.456.470/0001-31,"GRAVIDADE ZERO PRODUTORA, COMUNICACAO E TECNOLOGIA LTDA",1,1.114232756,1.114232756,0.0,0.0,0.0,0.0,0.0,0.0,0.0,3.89,DF,,Emergentes / micro
08.863.826/0001-96,TOCANTINS FILMES PRODUCOES AUDIOVISUAIS LTDA,1,1.1137552,1.1137552,0.0,0.0,0.0,0.0,0.0,0.0,0.0,3.89,TO,,Emergentes / micro
04.467.789/0001-46,PERSON PRODUCOES LTDA - ME,1,1.11364382448,1.11364382448,0.0,0.0,0.0,0.0,0.0,0.0,0.0,3.89,SP,,Emergentes / micro
24.121.437/0001-41,PRODUTORA RIO DE ARTE E CULTURA LTDA,1,1.113251225772,1.113251225772,0.0,0.0,0.0,0.0,0.0,0.0,0.0,2.19,RJ,,Emergentes / micro
05.958.016/0001-25,IMAGEM-TEMPO PRODUÇÕES CINEMATOGRÁFICAS LTDA-ME,2,1.09984321173094,1.09984321173094,0.0,0.0,0.0,0.0,0.0,50.0,0.0,3.095,RJ,2.0,Baixo retorno / nicho
12.837.401/0001-80,SOFÁ VERDE FILMES LTDA,2,1.1590919199999998,1.08769312,375.0,375.0,0.005119739999999999,466.8852602704797,50.0,0.0,0.0,3.89,RS,0.0,Produção para TV/VoD
19.332.605/0001-08,VANJA ORICO FILMES EIRELI - EPP,1,1.09497687237764,1.07973752237764,29.0,29.0,0.00028,26.858379373665226,100.0,0.0,0.0,3.89,RJ,,Emergentes / micro
04.728.553/0001-16,MUIRAQUITA FILMES E PRODUCOES ARTISTICAS EIRELI ­ ME,1,0.8528216266540001,1.075873276654,323.0,323.0,0.00541266,300.22123144887496,100.0,100.0,0.0,3.89,SP,,Emergentes / micro
15.595.876/0001-03,ML TOLEDO DE MARTINO PRODUÇÕES ARTÍSTICAS,1,0.8225482499999999,1.0743185939999997,0.0,0.0,0.0,0.0,0.0,0.0,0.0,3.89,RJ,,Emergentes / micro
13.994.239/0001-76,MACACO GORDO PUBLICIDADE E SERVIÇOS LTDA,1,1.06617000908,1.06617000908,0.0,0.0,0.0,0.0,0.0,0.0,0.0,3.89,BA,,Emergentes / micro
17.281.724/0001-53,TENDA DOS MILAGRES PRODUÇÕES ARTÍSTICAS E CULTURAIS LTDA,3,1.05666610648,1.05666610648,56.0,56.0,0.0003477,154.04712609681556,33.33333333333333,0.0,0.0,3.705,BA,0.0,Produção para TV/VoD
04.113.319/0001-84,DUPLA CRIAÇÃO & PUBLICIDADE LTDA - ME,1,1.0548094684368001,1.0548094684368001,0.0,0.0,0.0,0.0,0.0,0.0,0.0,4.3,MA,,Emergentes / micro
04.687.576/0001-20,SOMBUMBO FILMES LTDA - ME,2,1.021205255533,1.044542019632,113.0,113.0,0.00239675,147.49970644201167,50.0,50.0,0.0,4.055,SP,3.0,Comerciais de sala
12.240.058/0001-91,DAZA PRODUÇÃO CULTURAL LTDA ME,1,1.0441455,1.0441455,0.0,0.0,0.0,0.0,0.0,0.0,0.0,3.89,RJ,,Emergentes / micro
09.059.127/0001-50,COLATERAL FILMES LTDA.,1,1.0441455,1.0441455,0.0,0.0,0.0,0.0,0.0,0.0,0.0,3.89,RS,,Emergentes / micro
28.026.565/0001-67,ELIMAR PRODUÇÕES ARTÍSTICAS LTDA,1,1.05559194849511,1.0391964014525101,0.0,0.0,0.0,0.0,0.0,0.0,0.0,3.89,RJ,,Emergentes / micro
31.179.864/0001-46,VIDEOFILMES PRODUÇÕES ARTÍSTICA LTDA,1,0.08353164,1.032109339999,2640.0,2640.0,0.03836124,2557.868529706899,100.0,0.0,0.0,3.89,RJ,,Emergentes / micro
15.743.170/0001-33,MOVIOCA PRODUÇÕES ARTÍSTICAS LTDA - ME,1,1.015628513,1.015628513,8.0,8.0,0.00012,7.876895831103946,100.0,0.0,0.0,4.315,SP,,Emergentes / micro
12.985.991/0001-98,JACARÉ PRODUÇÕES CINEMATOGRÁFICAS LTDA,2,1.00175762345904,1.00175762345904,0.0,0.0,0.0,0.0,0.0,0.0,0.0,3.89,PE,2.0,Baixo retorno / nicho
21.866.996/0001-92,TF INTERNATIONAL PRODUTORA DE FILMES EIRELI,1,0.9745358,0.9745358,0.0,0.0,0.0,0.0,0.0,0.0,0.0,3.89,RJ,,Emergentes / micro
19.223.689/0001-41,BENDITAS PROJETOS CRIATIVOS LTDA - ME,2,0.9656952784244002,0.9656952784244002,0.0,0.0,0.0,0.0,0.0,0.0,0.0,3.32,BA,2.0,Baixo retorno / nicho
10.773.468/0001-72,CANAL DE VENDAS JP VÍDEO LTDA,2,0.95622276167208,0.95622276167208,148.0,148.0,0.0008105,169.22137586125677,50.0,0.0,0.0,4.055,PB,0.0,Produção para TV/VoD
07.521.590/0001-47,CANÁRIO PRODUTORA DE VÍDEO LTDA,2,0.95622276167208,0.95622276167208,80.0,80.0,0.0006500700000000001,91.47101397905772,50.0,0.0,0.0,3.9,PB,0.0,Produção para TV/VoD
13.124.984/0001-64,EXTRATO DE CINEMA PRODUÇÕES E SERVIÇOS CINEMATOGRÁFICOS LTDA,3,0.92706962250812,0.92706962250812,1132.0,566.0,0.00884137,1394.1707109737013,66.66666666666666,0.0,0.0,4.3,PB,4.0,Campeãs de público
10.519.798/0001-36,NOVA TRINITI COMUNICAÇÃO E PRODUÇÃO ARTÍSTICA LTDA ME,2,0.9304599600000001,0.91528924,532.0,532.0,0.00877734,1346.371882086168,50.0,50.0,0.0,3.933,RJ,3.0,Comerciais de sala
09.719.793/0001-78,MANJUBINHA FILMES EIRELI,1,0.9151928457782201,0.9151928457782201,0.0,0.0,0.0,0.0,0.0,0.0,0.0,3.89,RJ,,Emergentes / micro
13.486.716/0001-92,TROTOAR - PRODUCAO DE SERVICOS AUDIOVISUAIS LTDA ME,1,0.8966882210224401,0.8966882210224401,37.0,37.0,0.00025359,41.262948628689585,100.0,100.0,0.0,3.89,DF,,Emergentes / micro
19.867.828/0001-70,MVM MOVIMENTOS CULTURAIS LTDA,1,0.8962467964957799,0.8962467964957799,0.0,0.0,0.0,0.0,0.0,100.0,0.0,3.89,SP,,Emergentes / micro
03.081.598/0001-89,CINEBRAS CINERAMA BRASILIS CINEMATOGRAFICA EIRELI,1,0.8922066000000001,0.8922066000000001,0.0,0.0,0.0,0.0,0.0,0.0,0.0,3.89,RJ,,Emergentes / micro
13.328.225/0001-13,JARAGUA PRODUÇÕES E SERVIÇOS LTDA,1,0.8922066000000001,0.8922066000000001,0.0,0.0,0.0,0.0,0.0,0.0,0.0,3.89,PE,,Emergentes / micro
04.344.932/0001-02,INTRO LTDA,1,0.8922066000000001,0.8922066000000001,0.0,0.0,0.0,0.0,0.0,0.0,0.0,3.4,SP,,Emergentes / micro
02.066.541/0001-48,PRISMA PRODUÇÕES LTDA,2,0.88909453876887,0.88909453876887,0.0,0.0,0.0,0.0,0.0,0.0,0.0,4.1,RN,2.0,Baixo retorno / nicho
07.660.253/0001-30,EF PRODUCOES ARTISTICAS EIRELI,1,0.88905015149052,0.88905015149052,0.0,0.0,0.0,0.0,0.0,0.0,0.0,4.343,PA,,Emergentes / micro
12.965.878/0001-40,602 PRODUÇÕES DE FILMES LTDA,1,0.886838316,0.886838316,0.0,0.0,0.0,0.0,0.0,0.0,0.0,3.89,AM,,Emergentes / micro
04.482.216/0001-91,DHARMA FILMES E VIVENCIAS CINEMATOGRAFICAS LTDA ­ ME,1,0.88674531167404,0.88674531167404,0.0,0.0,0.0,0.0,0.0,0.0,0.0,3.89,GO,,Emergentes / micro
03.576.269/0001-09,CYCLOPEA PRODUÇÕES E EVENTOS LTDA,1,0.874594,0.874594,21.0,21.0,0.000186,24.01114116950265,100.0,0.0,0.0,3.6,PB,,Emergentes / micro
00.845.658/0001-02,COISA DE CINEMA - CINEMA E VÍDEO LTDA ME,2,0.892360371604,0.869874561152,11786.0,11786.0,0.15343721,21024.792814954246,50.0,0.0,0.0,4.176,BA,4.0,Campeãs de público
01.387.311/0001-18,ATALAIA PRODUÇÃO E DISTRIBUIÇÃO ARTÍSTICA S/C LTDA ME.,1,0.8666406,0.8666406,0.0,0.0,0.0,0.0,0.0,0.0,0.0,3.89,SC,,Emergentes / micro
13.571.915/0001-07,DILÚVIO FILMES PRODUÇÕES ARTÍSTICAS LTDA. -ME,1,0.8666406,0.8666406,0.0,0.0,0.0,0.0,0.0,0.0,0.0,3.89,RJ,,Emergentes / micro
06.228.927/0001-60,CASA REDONDA PRODUCOES CULTURAIS EIRELI,2,0.36732948,0.8631862799999999,20241.0,10120.5,0.31854934,26339.64749597876,100.0,50.0,0.0,3.4,SP,3.0,Comerciais de sala
02.825.596/0001-94,OFICINA DE CRIACAO DE FILMES EIRELI,1,0.874594,0.8567442999999999,553.0,553.0,0.00848603,645.4667979699428,100.0,0.0,0.0,3.983,MG,,Emergentes / micro
11.000.556/0001-02,SANCHO FILMES LTDA ME.,1,0.8731421739599999,0.83773907898,50.0,50.0,0.000491,59.68445456893111,100.0,100.0,0.0,4.3,SP,,Emergentes / micro
13.193.095/0001-59,PUNTA COLORADA PRODUÇÕES AUDIOVISUAIS LTDA - ME,2,0.8581956869999999,0.8355936869999999,2661.0,1330.5,0.02056255,3438.219573805555,100.0,100.0,0.0,3.54,SP,1.0,Prestígio internacional
22.369.189/0001-27,ORIGINA CONTEÚDO AUDIOVISUAL LTDA. - ME,1,0.8353164,0.8353164,0.0,0.0,0.0,0.0,0.0,0.0,0.0,3.89,SP,,Emergentes / micro
74.362.336/0001-30,I & C COMUNICAÇÃO ELETRÔNICA LTDA,1,0.8353164,0.8353164,0.0,0.0,0.0,0.0,0.0,0.0,0.0,3.89,SP,,Emergentes / micro
24.020.677/0001-50,CABRADABRA PRODUÇÃO DE FILMES LTDA,1,0.8353164,0.8353164,0.0,0.0,0.0,0.0,0.0,0.0,0.0,3.89,PB,,Emergentes / micro
08.233.638/0001-84,POSTURA DIGITAL FILMES EIRELI,1,0.8353164,0.8353164,0.0,0.0,0.0,0.0,0.0,0.0,0.0,4.4,MG,,Emergentes / micro
14.234.013/0001-30,EDILBERTO CIPRIANO DE BRITO EPP,1,0.8266294149000001,0.8266294149000001,0.0,0.0,0.0,0.0,0.0,0.0,0.0,3.89,PB,,Emergentes / micro
01.908.170/0001-31,"COOPERATIVA DE TRABALHO DE PRODUCAO AUDIOVISUAL DE SAUDE, SANEAMENTO E MEIO-AMBIENTE LTDA - COOPAS",1,0.8225482499999999,0.8225482499999999,0.0,0.0,0.0,0.0,0.0,0.0,0.0,3.89,RJ,,Emergentes / micro
30.120.265/0001-94,INDUSTRIA IMAGINARIA EIRELI,1,0.820830072,0.820830072,0.0,0.0,0.0,0.0,0.0,0.0,0.0,3.89,RJ,,Emergentes / micro
12.295.196/0001-78,DANNEMANN PRODUÇÕES LTDA ME,1,0.8140890612043999,0.8140890612043999,0.0,0.0,0.0,0.0,0.0,100.0,0.0,3.89,RJ,,Emergentes / micro
33.139.692/0001-02,MAPA FILMES DO BRASIL LTDA.,1,0.8068607932638001,0.8068607932638001,0.0,0.0,0.0,0.0,0.0,0.0,0.0,4.4,RJ,,Emergentes / micro
16.505.730/0001-84,OSMOSE FILMES LTDA,1,0.8059876118999999,0.8059876118999999,0.0,0.0,0.0,0.0,0.0,0.0,0.0,3.89,RJ,,Emergentes / micro
03.048.443/0001-40,MALAGUETA CINEMA E VIDEO LTDA,2,0.8018506578086401,0.8018506578086401,0.0,0.0,0.0,0.0,0.0,0.0,0.0,3.468,BA,2.0,Baixo retorno / nicho
12.475.126/0001-00,CLARTE SERVIÇOS DE FOTO E CINEMA LTDA ME,1,0.8011717865800001,0.8011717865800001,92.0,92.0,0.000714,114.83180204425913,100.0,0.0,0.0,3.844,PA,,Emergentes / micro
20.357.494/0001-73,MUAMBA ESTUDIO LTDA ME,2,0.796820655406,0.796820655406,8.0,8.0,0.000115,16.30278743225453,50.0,0.0,0.0,4.3,PA,0.0,Produção para TV/VoD
83.647.040/0001-57,3D PRODUCOES LTDA,1,0.7958805400000001,0.7958805400000001,0.0,0.0,0.0,0.0,0.0,0.0,0.0,3.853,PA,,Emergentes / micro
02.801.220/0001-40,CENTRAL DE PRODUÇÃO - CINEMA E VÍDEO NA AMAZÔNIA,1,0.7958805400000001,0.7958805400000001,0.0,0.0,0.0,0.0,0.0,0.0,0.0,3.89,PA,,Emergentes / micro
05.064.562/0001-12,CD CLIP PRODUCOES LTDA,1,0.7958805400000001,0.7958805400000001,0.0,0.0,0.0,0.0,0.0,0.0,0.0,3.817,SP,,Emergentes / micro
12.292.361/0001-38,VOLANT PRODUÇÕES ARTÍSTICAS LTDA - ME,1,0.7915318987,0.7915318987,0.0,0.0,0.0,0.0,0.0,0.0,0.0,3.89,PR,,Emergentes / micro
67.619.171/0001-74,PALEOTEVE PRODUCAO CULTURAL EIRELI ­ EPP,1,0.7900823347199999,0.7900823347199999,17378.0,17378.0,0.09614236999999999,21995.175991573906,100.0,100.0,3630.0,3.89,SP,,Emergentes / micro
05.913.319/0001-21,TOCA DE REIS PROJETOS EM COMUNICAÇÃO E CULTURA LTDA EPP,1,0.7896463199999999,0.7896463199999999,0.0,0.0,0.0,0.0,0.0,0.0,0.0,3.89,BA,,Emergentes / micro
10.527.236/0001-34,Z1 PRODUÇÃO AUDIOVISUAL LTDA,1,0.7871346,0.7871346,0.0,0.0,0.0,0.0,0.0,0.0,0.0,3.89,MG,,Emergentes / micro
14.341.183/0001-13,PIETÀ FILMES E PRODUÇÕES LTDA EPP,1,0.73664451,0.7784470350000001,1076.0,1076.0,0.00536004,1382.2391911352065,100.0,0.0,0.0,4.38,SP,,Emergentes / micro
29.121.096/0001-28,MULTIVERSO FILMES PRODUÇÕES ARTÍSTICAS LTDA,1,0.77509008756,0.77509008756,1308.0,1308.0,0.02028463,1687.5457717664945,100.0,100.0,0.0,3.89,SP,,Emergentes / micro
13.273.176/0001-69,ALESSANDRO DE FARIAS GUEDES ME,1,0.7734286223530001,0.7734286223530001,0.0,0.0,0.0,0.0,0.0,0.0,0.0,3.89,PE,,Emergentes / micro
31.553.936/0001-73,TELENEWS SERVICE LTDA,1,0.7699051619999999,0.7699051619999999,0.0,0.0,0.0,0.0,0.0,0.0,0.0,3.89,RJ,,Emergentes / micro
00.623.018/0001-40,DANIEL SOLÁ SANTIAGO PRODUÇÕES LTDA. ME,1,0.22583644818667997,0.7674868231866799,0.0,0.0,0.0,0.0,0.0,0.0,0.0,3.89,SP,,Emergentes / micro
21.869.247/0001-19,DANIEL CARVALHO SOLUCOES AUDIO E VISUAIS EIRELI,1,0.7657067,0.7657067,0.0,0.0,0.0,0.0,0.0,0.0,0.0,3.89,RJ,,Emergentes / micro
19.452.266/0001-01,BEBINHO SALGADO 45 LTDA - ME,2,0.75035122871072,0.7503512287107201,1050.0,1050.0,0.01264348,1941.9662951847163,50.0,0.0,0.0,3.89,PE,0.0,Produção para TV/VoD
18.572.922/0001-39,NEPOMUCENO FILMES E PRODUÇÕES ATISTICAS LTDA,1,0.7435055,0.7435055,0.0,0.0,0.0,0.0,0.0,0.0,0.0,3.985,RJ,,Emergentes / micro
12.477.209/0001-20,R DOS SANTOS SILVA - ME,1,0.73557821461878,0.73557821461878,0.0,0.0,0.0,0.0,0.0,0.0,0.0,3.89,CE,,Emergentes / micro
06.914.274/0001-72,CINCO CINCO PRODUÇÕES ENTRETENIMENTO E COMUNICAÇÃO LTDA,1,0.73090185,0.73090185,0.0,0.0,0.0,0.0,0.0,0.0,0.0,3.89,ES,,Emergentes / micro
09.372.544/0001-59,LATA FILMES LTDA EPP,1,0.7222005,0.7222005,0.0,0.0,0.0,0.0,0.0,0.0,0.0,4.1,RJ,,Emergentes / micro
11.680.681/0001-00,AMARALINA PRODUCOES LTDA,1,0.72102068920109,0.72102068920109,0.0,0.0,0.0,0.0,0.0,0.0,0.0,3.89,PE,,Emergentes / micro
16.099.989/0001-72,R. M. R. GUIMARÃES - ME,2,0.7197863798899999,0.7197863798899999,0.0,0.0,0.0,0.0,0.0,0.0,0.0,3.89,MA,2.0,Baixo retorno / nicho
06.967.225/0001-06,LOSBRAGAS PRODUÇÕES LTDA,1,0.328751571456,0.70348064832305,0.0,0.0,0.0,0.0,0.0,0.0,0.0,3.566,RJ,,Emergentes / micro
04.979.755/0001-30,DOMÍNIO PÚBLICO PRODUÇÕES ARTÍSTICAS LTDA,1,0.70334208,0.70334208,0.0,0.0,0.0,0.0,0.0,0.0,0.0,4.2,BA,,Emergentes / micro
18.641.448/0001-50,TUPI FILMES LTDA,1,0.6996751999999999,0.6996751999999999,0.0,0.0,0.0,0.0,0.0,0.0,0.0,4.175,GO,,Emergentes / micro
21.549.145/0001-16,BARROCA PRODUÇÕES ARTÍSTICAS E CINEMATOGRÁFICAS LTDA ME,1,0.6996751999999999,0.6996751999999999,0.0,0.0,0.0,0.0,0.0,0.0,0.0,3.89,GO,,Emergentes / micro
18.384.267/0001-95,DANIELA GOUVEIA MENEGOTTO - ME,1,0.696097,0.696097,0.0,0.0,0.0,0.0,0.0,0.0,0.0,3.89,RS,,Emergentes / micro
07.716.572/0001-10,LEP LUGAR DE ENCONTROS E PRODUCOES LTDA,1,0.696097,0.696097,0.0,0.0,0.0,0.0,0.0,0.0,0.0,3.89,SP,,Emergentes / micro
10.585.204/0001-95,FABULOSA PRODUCOES LTDA - ME,1,0.6959020928399999,0.6959020928399999,0.0,0.0,0.0,0.0,0.0,0.0,0.0,3.89,MG,,Emergentes / micro
11.501.891/0001-86,ANDARA FILMES LTDA-ME,1,0.6958185612,0.6958185612,0.0,0.0,0.0,0.0,0.0,0.0,0.0,3.89,SP,,Emergentes / micro
21.988.610/0001-15,GIRO PRODUÇÕES CULTURAIS LTDA - ME,1,0.69481618152,0.69481618152,346.0,346.0,0.003497,497.97343412912517,100.0,0.0,0.0,3.89,BA,,Emergentes / micro
16.481.402/0001-95,ESTALO CRIATIVO LTDA,2,0.694704806,0.694704806,335.0,335.0,0.00263648,603.0761499429924,50.0,0.0,0.0,3.89,MG,0.0,Produção para TV/VoD
07.875.582/0001-07,IDÉIA PRODUÇÕES DE EVENTOS EIRELI - ME,1,0.6821833199999999,0.6821833199999999,0.0,0.0,0.0,0.0,0.0,0.0,0.0,3.89,GO,,Emergentes / micro
10.648.306/0001-02,CAMINHO COMUNICAÇÃO LIMITADA,1,0.6821833199999999,0.6821833199999999,0.0,0.0,0.0,0.0,0.0,0.0,0.0,3.89,PR,,Emergentes / micro
10.499.966/0001-79,RIZOMA PRODUCAO AUDIOVISUAL EIRELI,1,0.6821833199999999,0.6821833199999999,0.0,0.0,0.0,0.0,0.0,0.0,0.0,3.89,AM,,Emergentes / micro
25.425.945/0001-86,CASA DE CINEMA DE OLINDA LTDA. - ME,1,0.6655799808,0.6655799808,0.0,0.0,0.0,0.0,0.0,0.0,0.0,3.8,PE,,Emergentes / micro
04.315.253/0001-05,MARCO AURELIO DEL FIOL ME,1,0.6796086373300001,0.66065945988,66.0,66.0,0.00092028,99.90018157310277,100.0,0.0,0.0,3.89,SP,,Emergentes / micro
16.653.286/0001-44,CAUE FERNANDES NUNES - ME,1,0.6580386,0.6580386,0.0,0.0,0.0,0.0,0.0,0.0,0.0,3.89,SP,,Emergentes / micro
22.962.526/0001-95,MZ CARAMEZ DE CASTRO,1,0.6580386,0.6580386,0.0,0.0,0.0,0.0,0.0,0.0,0.0,3.89,PA,,Emergentes / micro
03.104.388/0001-69,JOAN CARLOS SANTOS PRODUÇÕES-ME,1,0.6540799909980001,0.6540799909980001,0.0,0.0,0.0,0.0,0.0,0.0,0.0,3.89,MA,,Emergentes / micro
14.645.357/0001-31,FATO FILMES PRODUCOES CINEMATOGRAFICAS LTDA ME,1,0.6481888390656001,0.6481888390656001,0.0,0.0,0.0,0.0,0.0,0.0,0.0,4.225,RJ,,Emergentes / micro
26.242.766/0001-76,FONSECA & PAES LTDA,1,0.64706312646817,0.64706312646817,0.0,0.0,0.0,0.0,0.0,0.0,0.0,3.89,PA,,Emergentes / micro
51.428.977/0001-45,STAR FILMES LTDA.,1,0.3480485,0.6381065,0.0,0.0,0.0,0.0,0.0,0.0,0.0,3.89,SP,,Emergentes / micro
18.595.380/0001-10,IMAGINE STUDIOS DE ANIMAÇÃO LTDA- ME,2,0.6346253075999999,0.6346253075999999,0.0,0.0,0.0,0.0,0.0,0.0,0.0,3.89,BA,2.0,Baixo retorno / nicho
03.385.173/0001-63,LEÃOFILM CINEMA VÍDEO E MARKETING LTDA.,1,0.6322175999999999,0.6322175999999999,0.0,0.0,0.0,0.0,0.0,0.0,0.0,3.788,MT,,Emergentes / micro
14.949.815/0001-26,VOO AUDIOVISUAL PRODUÇÕES ARTÍSTICAS LTDA - ME,2,0.6283610608360399,0.6283610608360399,0.0,0.0,0.0,0.0,0.0,0.0,0.0,4.05,BA,2.0,Baixo retorno / nicho
14.595.634/0001-49,LUCINDA PRODUÇÕES CINEMATOGRÁFICAS E ARTÍSTICAS LTDA,1,0.6914540163999999,0.6271950963999999,4881.0,4881.0,0.041259989999999996,7782.267476286348,100.0,0.0,0.0,3.89,PE,,Emergentes / micro
21.452.971/0001-42,FERNANDO PEREIRA DE ARAUJO SOLUÇÕES ARTÍSTICAS,1,0.6264873,0.6264873,0.0,0.0,0.0,0.0,0.0,0.0,0.0,3.89,PE,,Emergentes / micro
19.923.803/0001-46,5E60 CONTEUDO E PRODUCOES ARTISTICAS LTDA - ME,1,0.6248413786434999,0.6248413786434999,17113.0,17113.0,0.29824230000000007,27387.750851506487,100.0,0.0,0.0,3.89,RJ,,Emergentes / micro
07.276.440/0001-15,CLUBTV PRODUÇÕES E ENTRETENIMENTO EIRELI,1,0.6214459566969,0.6214459566969,151.0,151.0,0.00259265,242.9817080194598,100.0,0.0,0.0,3.89,SP,,Emergentes / micro
21.082.017/0001-05,GLAUCO NEVES DE MENEZES ***********,2,0.62026202832,0.62026202832,0.0,0.0,0.0,0.0,0.0,0.0,0.0,3.89,BA,2.0,Baixo retorno / nicho
05.893.950/0001-06,MODUS VIVENDI PRODUTORA DE AUDIOVISUAL LTDA,1,0.61641216,0.61641216,0.0,0.0,0.0,0.0,0.0,0.0,0.0,3.89,RS,,Emergentes / micro
21.026.402/0001-35,FORMIGA DE FOGO FILMES EIRELI - ME,1,0.616315746816,0.616315746816,0.0,0.0,0.0,0.0,0.0,0.0,0.0,3.89,AM,,Emergentes / micro
10.638.697/0001-84,CAMBUI PRODUÇOES LTDA ME,2,0.6096745100000001,0.6096745100000001,0.0,0.0,0.0,0.0,0.0,0.0,0.0,3.89,BA,2.0,Baixo retorno / nicho
14.800.264/0001-34,MANGABA PRODUÇÕES LTDA,1,0.607716116513,0.607716116513,0.0,0.0,0.0,0.0,0.0,0.0,0.0,4.03,BA,,Emergentes / micro
11.788.633/0001-22,LIRACINE PRODUÇÕES AUDIOVISUAIS LTDA - EPP,1,0.5986434199999999,0.5986434199999999,799.0,799.0,0.009049209999999999,1334.684343477792,100.0,100.0,0.0,3.89,SP,,Emergentes / micro
05.406.333/0001-39,FITI PRODUÇÕES ARTÍSTICAS,1,0.5952505033,0.5952505033,0.0,0.0,0.0,0.0,0.0,0.0,0.0,3.89,RJ,,Emergentes / micro
12.961.838/0001-20,ROMAN FILMES EIRELI,1,0.5948044,0.5948044,0.0,0.0,0.0,0.0,0.0,0.0,0.0,3.89,DF,,Emergentes / micro
21.042.570/0001-14,GOIABEIRA FILMES E PRODUCOES LTDA - ME,1,0.5947776338020001,0.5947776338020001,0.0,0.0,0.0,0.0,0.0,0.0,0.0,3.857,RJ,,Emergentes / micro
07.947.109/0001-80,ANTONIO M. G. DE CARVALHO PRODUÇÕES ARTÍSTICAS E CINEMATOGRÁFICAS,1,0.5808016659916799,0.5808016659916799,0.0,0.0,0.0,0.0,0.0,0.0,0.0,3.89,PE,,Emergentes / micro
07.152.787/0001-56,RAINHA CINEMA DIGITAL LTDA,1,0.5799342900000001,0.5799342900000001,0.0,0.0,0.0,0.0,0.0,0.0,0.0,3.89,BA,,Emergentes / micro
96.713.128/0001-71,DPE PRODUCOES EIRELI,1,0.5799342900000001,0.5799342900000001,0.0,0.0,0.0,0.0,0.0,0.0,0.0,3.89,BA,,Emergentes / micro
17.534.469/0001-03,TRANSE FILMES LTDA - ME,1,0.5799342900000001,0.5799342900000001,0.0,0.0,0.0,0.0,0.0,0.0,0.0,3.89,BA,,Emergentes / micro
18.303.581/0001-04,FABIANA BRAZ MORON,1,0.5799342900000001,0.5799342900000001,0.0,0.0,0.0,0.0,0.0,0.0,0.0,3.89,BA,,Emergentes / micro
00.639.143/0001-48,FAGANELLO - COMUNICACOES EIRELI - ME,1,0.5774212414100001,0.5774212414100001,0.0,0.0,0.0,0.0,0.0,0.0,0.0,3.89,SC,,Emergentes / micro
10.780.165/0001-87,BRITO E SANTOS PRODUCOES LTDA - ME,1,0.569525213,0.569525213,0.0,0.0,0.0,0.0,0.0,0.0,0.0,4.1,RS,,Emergentes / micro
79.873.451/0001-93,BUREAU DE COMUNICAÇÃO E EVENTOS LTDA,1,0.5568776,0.5663592999999999,0.0,0.0,0.0,0.0,0.0,0.0,0.0,3.89,SC,,Emergentes / micro
13.202.884/0001-09,MONTANHA RUSSA PRODUCOES AUDIOVISUAIS LTDA - ME,1,0.52082560275,0.56015215275,2662.0,2662.0,0.039100699999999995,4752.28022766891,100.0,0.0,0.0,3.02,SP,,Emergentes / micro
06.842.017/0001-72,FRAMMELLO PRODUÇÕES AUDIOVISUAIS LTDA.,1,0.557629125,0.557629125,0.0,0.0,0.0,0.0,0.0,0.0,0.0,4.3,PI,,Emergentes / micro
21.277.034/0001-06,IMAGÍSTICA FILMES LTDA - ME,1,0.557629125,0.557629125,0.0,0.0,0.0,0.0,0.0,0.0,0.0,3.89,PR,,Emergentes / micro
21.160.910/0001-01,AMERICO PORCIUNCULA FILMES LTDA - ME,1,0.5568856195,0.5568856195,0.0,0.0,0.0,0.0,0.0,0.0,0.0,3.89,BA,,Emergentes / micro
25.184.968/0001-46,MARTINS & MIRANDA PRODUTORA INDEPENDENTE LTDA ­ ME,1,0.5568776,0.5568776,0.0,0.0,0.0,0.0,0.0,0.0,0.0,3.89,AP,,Emergentes / micro
08.594.668/0001-16,VISION FILMES E PRODUCOES LTDA,1,0.5568776,0.5568776,0.0,0.0,0.0,0.0,0.0,0.0,0.0,3.89,BA,,Emergentes / micro
05.147.291/0001-69,K.K. CINEMA E VIDEO LTDA. ME,1,0.5568776,0.5568776,0.0,0.0,0.0,0.0,0.0,0.0,0.0,3.89,RS,,Emergentes / micro
04.255.207/0001-68,CINCO EM PONTO LTDA ME,1,0.5568776,0.5568776,0.0,0.0,0.0,0.0,0.0,0.0,0.0,3.89,MG,,Emergentes / micro
20.684.611/0001-03,ESTRATOSFILMES PRODUÇÕES AUDIOVISUAIS LTDA,1,0.5568776,0.5568776,0.0,0.0,0.0,0.0,0.0,0.0,0.0,3.89,GO,,Emergentes / micro
09.165.254/0001-34,"ENCANTAMENTO CONSULTORIA DE PROJETOS, PRODUÇÕES ARTÍSTICAS E AUDIOVISUAIS EIRELI-ME",1,0.5568776,0.5568776,0.0,0.0,0.0,0.0,0.0,0.0,0.0,3.89,RJ,,Emergentes / micro
06.323.379/0001-57,BIG BONSAI BRASILIS PRODUÇÕES ARTISTICAS CULTURAIS E CINEMATOGRAFICAS LTDA,1,0.5568776,0.5568776,12258.0,12258.0,0.17906898000000002,22012.0184399588,100.0,0.0,0.0,3.89,SP,,Emergentes / micro
03.554.374/0001-47,MITIDIERO PRODUTORA CULTURAL EIRELI,1,0.5568770431223999,0.5568770431223999,0.0,0.0,0.0,0.0,0.0,0.0,0.0,3.89,MS,,Emergentes / micro
32.994.367/0001-64,ESCAFANDRA TRANSMEDIA PRODUÇÕES LTDA,1,0.547864293933,0.547864293933,0.0,0.0,0.0,0.0,0.0,0.0,0.0,3.89,SP,,Emergentes / micro
06.288.843/0001-11,"ARTÉRIA FILMES - COMÉRCIO, PRESTAÇÃO DE SERVIÇOS E PRODUÇÃO AUDIOVISUAL LTDA",1,0.545740048,0.545740048,1073.0,1073.0,0.0135251,1966.1375483296033,100.0,0.0,0.0,4.3,RS,,Emergentes / micro
94.100.302/0001-85,ZEPPELIN PRODUÇÕES DE CINEMA E TELEVISÃO LTDA.,1,0.4872679,0.540817,379.0,379.0,0.00585742,700.7915801463341,100.0,0.0,0.0,3.7,RS,,Emergentes / micro
02.521.216/0001-28,LUIZ BRASIL PRODUÇÕES ARTÍSTICAS LTDA,1,0.5387872086190001,0.5387872086190001,0.0,0.0,0.0,0.0,0.0,0.0,0.0,3.89,RJ,,Emergentes / micro
16.513.643/0001-79,JOSIVALDO OLIVEIRA SILVA ME,1,0.537386884,0.537386884,0.0,0.0,0.0,0.0,0.0,0.0,0.0,3.89,SE,,Emergentes / micro
09.230.926/0001-48,SUMA FILMES PRODUÇÕES CINEMATOGRÁFICAS LTDA.,1,0.5302681226,0.5302681226,0.0,0.0,0.0,0.0,0.0,0.0,0.0,3.548,RJ,,Emergentes / micro
02.725.763/0001-25,KINOFILME PRODUCOES ARTISTICAS SS LTDA,1,0.5246785611339999,0.524678561134,2940.0,2940.0,0.03983455,5603.430781783249,100.0,0.0,0.0,4.05,RJ,,Emergentes / micro
92.554.294/0001-11,GUARUJÁ PRODUÇÕES LTDA,1,0.52157952,0.52157952,1092.0,1092.0,0.01298152,2093.6404864976294,100.0,0.0,0.0,3.89,RS,,Emergentes / micro
11.157.228/0001-06,CLAUDIO ANTONIO SOUZA DE JESUS ¿ ME,1,0.51511178,0.51511178,0.0,0.0,0.0,0.0,0.0,0.0,0.0,3.89,BA,,Emergentes / micro
19.464.998/0001-03,GEORGE VARANESE NERI ­ ME,1,0.51511178,0.51511178,0.0,0.0,0.0,0.0,0.0,0.0,0.0,3.89,BA,,Emergentes / micro
10.358.078/0001-36,FINA FLOR PRODUTORA DE FILMES LTDA.,1,0.22275103999999998,0.50118984,0.0,0.0,0.0,0.0,0.0,0.0,0.0,3.89,RJ,,Emergentes / micro
10.730.207/0001-75,HYPE STUDIO COMPUTACAO GRAFICA LTDA,1,0.4872679,0.4872679,0.0,0.0,0.0,0.0,0.0,0.0,0.0,3.89,RS,,Emergentes / micro
13.100.305/0001-17,LUCIANA GOMES DA SILVA DRUZINA - ME,1,0.4872679,0.4872679,0.0,0.0,0.0,0.0,0.0,0.0,0.0,3.89,RS,,Emergentes / micro
17.623.726/0001-83,VALENTE STUDIO DE PESQUISA DE SOFTWARES E JOGOS LTDA - ME,1,0.481699124,0.481699124,0.0,0.0,0.0,0.0,0.0,0.0,0.0,3.89,CE,,Emergentes / micro
23.318.838/0001-23,UNIQUE ENTRETENIMENTO DIGITAL LTDA - ME,1,0.47984750598,0.47984750598,0.0,0.0,0.0,0.0,0.0,0.0,0.0,3.89,BA,,Emergentes / micro
09.559.284/0001-25,ORQUESTRA DE BOLSO PRODUÇÕES ARTÍSITCAS LTDA,1,0.475779136,0.475779136,0.0,0.0,0.0,0.0,0.0,0.0,0.0,4.05,RJ,,Emergentes / micro
13.601.904/0001-14,VERA LÚCIA DA SILVA OLIVEIRA-ME,1,0.4741632,0.4741632,0.0,0.0,0.0,0.0,0.0,0.0,0.0,4.008,AL,,Emergentes / micro
11.248.548/0001-71,CONTRAPONTO MULTIMEIOS LTDA. ME,1,0.45338800808447993,0.45338800808447993,0.0,0.0,0.0,0.0,0.0,0.0,0.0,4.068,SC,,Emergentes / micro
02.905.155/0001-00,JPZ COMUNICAÇÃO LTDA,1,0.44610330000000004,0.44610330000000004,0.0,0.0,0.0,0.0,0.0,0.0,0.0,4.05,MG,,Emergentes / micro
04.149.422/0001-84,ATELIÊ PRODUÇÕES LTDA - ME,1,0.44247961497599997,0.44247961497599997,0.0,0.0,0.0,0.0,0.0,0.0,0.0,3.89,PE,,Emergentes / micro
08.449.203/0001-71,LAUS COMERCIO DE ARTIGOS PARA SURF E SERVICOS DE FILMAGEM LTDA - ME,1,0.42141436714634,0.42141436714634,0.0,0.0,0.0,0.0,0.0,0.0,0.0,3.89,PR,,Emergentes / micro
22.534.164/0001-31,L ALVES DA SILVA,2,0.41765820000000003,0.41765820000000003,0.0,0.0,0.0,0.0,0.0,0.0,0.0,4.5,AL,2.0,Baixo retorno / nicho
13.704.733/0001-59,TRES QUADROS PRODUTORA LTDA-ME,1,0.4176582,0.4176582,0.0,0.0,0.0,0.0,0.0,0.0,0.0,3.89,SC,,Emergentes / micro
16.434.505/0001-02,FLAMBOYANT CONTENT FILMES LTDA,1,0.4176582,0.4176582,0.0,0.0,0.0,0.0,0.0,0.0,0.0,3.89,BA,,Emergentes / micro
00.198.170/0001-22,MARGOT FILMES LTDA,1,0.4176582,0.4176582,0.0,0.0,0.0,0.0,0.0,0.0,0.0,3.89,SC,,Emergentes / micro
25.301.822/0001-33,MANACÁ CINE STUDIO EIRELI-ME,1,0.4176582,0.4176582,0.0,0.0,0.0,0.0,0.0,0.0,0.0,3.837,SC,,Emergentes / micro
00.563.081/0001-38,ADALBERTO PENNA PRODUCOES CINEMATOGRAFICAS - ME,1,0.4176582,0.4176582,0.0,0.0,0.0,0.0,0.0,0.0,0.0,3.89,SC,,Emergentes / micro
04.315.795/0001-88,MACONDO FILMES S/C LTDA,1,0.437297,0.4015976,514.0,514.0,0.00718571,1279.888126821475,100.0,0.0,0.0,3.89,SP,,Emergentes / micro
13.254.763/0001-00,OSSO PRODUÇÕES LTDA.,1,0.43619501156,0.40072051778,543.0,543.0,0.00570666,1355.0591394926103,100.0,0.0,0.0,3.89,RS,,Emergentes / micro
28.960.596/0001-90,CAMILA DAMASIO NASCIMENTO ME,1,0.398167484,0.398167484,0.0,0.0,0.0,0.0,0.0,0.0,0.0,3.89,BA,,Emergentes / micro
05.959.925/0001-88,TELA PRODUTORA DE IMAGENS LTDA,1,0.395136,0.395136,0.0,0.0,0.0,0.0,0.0,0.0,0.0,3.7,BA,,Emergentes / micro
09.505.106/0001-11,ARISSAS MULTIMIDIA LTDA,1,0.395136,0.395136,0.0,0.0,0.0,0.0,0.0,100.0,0.0,3.89,RJ,,Emergentes / micro
06.169.280/0001-42,OPARA PRODUCOES AUDIOVISUAIS E COMUNICACAO EIRELI - EPP,1,0.39300508147178,0.39300508147178,0.0,0.0,0.0,0.0,0.0,0.0,0.0,3.89,PE,,Emergentes / micro
17.265.355/0001-05,OURIÇO PRODUÇÕES CINEMATOGRÁFICAS E TELEVISIVAS LTDA-ME,1,0.38226836454912,0.38226836454912,0.0,0.0,0.0,0.0,0.0,0.0,0.0,3.89,PE,,Emergentes / micro
02.145.146/0001-50,F & F CONSULTORIA E PRODUÇÕES LTDA,1,0.380674816,0.3796083703634,0.0,0.0,0.0,0.0,0.0,0.0,0.0,3.89,MG,,Emergentes / micro
08.587.501/0001-28,CINEMASCOPIO PRODUCOES CINEMATOGRAFICAS E ARTISTICAS,1,0.37606756834584,0.37606756834584,5813.0,5813.0,0.054815489999999994,15457.328653914228,100.0,100.0,5312.0,3.89,PE,,Emergentes / micro
27.338.929/0001-81,RAIZ DE OITO PRODUÇÕES LTDA - ME,1,0.371140101468,0.371140101468,0.0,0.0,0.0,0.0,0.0,0.0,0.0,3.89,RJ,,Emergentes / micro
09.193.884/0001-12,CAIPORA FILMES E PRODUCOES ARTISTICAS EIRELI,1,0.35720294399999997,0.35720294399999997,0.0,0.0,0.0,0.0,0.0,0.0,0.0,3.89,BA,,Emergentes / micro
08.346.159/0001-74,MEDIALAND PRODUÇÃO E COMUNICAÇÃO LTDA,1,0.35688264000000003,0.35688264000000003,0.0,0.0,0.0,0.0,0.0,0.0,0.0,3.89,SP,,Emergentes / micro
21.868.012/0001-02,GOYAZ FILMES EIRELI-ME,1,0.34983759999999997,0.34983759999999997,132.0,132.0,0.000966,377.3179326636131,100.0,0.0,0.0,3.89,GO,,Emergentes / micro
01.835.704/0001-47,AION CINEMATOGRAFICA LTDA,1,0.3480485,0.3480485,0.0,0.0,0.0,0.0,0.0,0.0,0.0,3.89,RJ,,Emergentes / micro
24.931.704/0001-46,FELIPE COSMOS DE OLIVEIRA,1,0.3480485,0.3480485,35.0,35.0,0.0006045,100.56069771885241,100.0,0.0,0.0,3.89,PR,,Emergentes / micro
11.233.226/0001-59,ESPAÇO LÍQUIDO ESTÚDIO DE CRIAÇÃO AUDIOVISUAL E EDITORA LTDA,1,0.347701843694,0.347701843694,0.0,0.0,0.0,0.0,0.0,0.0,0.0,3.89,SP,,Emergentes / micro
24.495.620/0001-07,SALAMANCA FILMES LTDA,1,0.34734594774337,0.34734594774337,0.0,0.0,0.0,0.0,0.0,0.0,0.0,3.89,SP,,Emergentes / micro
07.620.843/0001-30,F. P. FERREIRA DA SILVA & CIA LTDA,1,0.347178738816,0.347178738816,0.0,0.0,0.0,0.0,0.0,0.0,0.0,4.2,CE,,Emergentes / micro
09.121.996/0001-68,J PIRES COMÉRCIO ME,1,0.34678044793898,0.34678044793898,0.0,0.0,0.0,0.0,0.0,0.0,0.0,3.89,MA,,Emergentes / micro
12.444.492/0001-93,MANOEL FERNANDES NETO,2,0.34400696167208,0.34400696167208,0.0,0.0,0.0,0.0,0.0,0.0,0.0,4.2,PB,2.0,Baixo retorno / nicho
01.879.093/0001-39,IMAGO FILMES EIRELI - EPP,1,0.34109165999999996,0.34109165999999996,0.0,0.0,0.0,0.0,0.0,0.0,0.0,4.0,MG,,Emergentes / micro
06.267.302/0001-07,SEND MUSIC PRODUÇÕES ARTÍSTICAS LTDA,1,0.340082389722,0.340082389722,0.0,0.0,0.0,0.0,0.0,0.0,0.0,3.89,PA,,Emergentes / micro
18.800.502/0001-62,CASA DO SANTOMÉ FILMES LTDA - ME,1,0.33576708380000003,0.33576708380000003,0.0,0.0,0.0,0.0,0.0,0.0,0.0,3.89,BA,,Emergentes / micro
15.472.728/0001-93,MAR ILHA PRODUÇÃO E FINALIZAÇÃO LTDA - EPP,1,0.33074782687060006,0.33074782687060006,1782.0,1782.0,0.02133507,5387.790501484322,100.0,0.0,0.0,3.89,PE,,Emergentes / micro
23.634.448/0001-62,VIETNA PRODUÇOES AUDIOVISUAIS LTDA - ME,1,0.328753152,0.328753152,0.0,0.0,0.0,0.0,0.0,0.0,0.0,3.89,GO,,Emergentes / micro
12.298.240/0001-01,O QUADRO PRODUÇÕES LTDA. ME,1,0.328753152,0.328753152,0.0,0.0,0.0,0.0,0.0,0.0,0.0,3.775,PR,,Emergentes / micro
21.927.758/0001-40,IMAGEM NO AR PRODUÇÕES E EVENTOS EIRELI,1,0.32808333325823996,0.32808333325823996,0.0,0.0,0.0,0.0,0.0,0.0,0.0,3.89,DF,,Emergentes / micro
28.247.971/0001-50,VEMVER BRASIL - PRODUÇÕES AUDIOVISUAIS LTDA,1,0.32690097402393004,0.32690097402393004,97.0,97.0,0.00169072,296.7259436580918,100.0,0.0,0.0,3.656,RJ,,Emergentes / micro
19.984.916/0001-51,MOVIEMENTO PRODUCAO CINEMATOGRAFICA EIRELI,1,0.32546562048,0.32546562048,0.0,0.0,0.0,0.0,0.0,0.0,0.0,3.89,MT,,Emergentes / micro
08.410.008/0001-38,CAVALO DO CÃO PRODUÇÃO DE FILMES LTDA - ME,1,0.32266686807208,0.32266686807208,0.0,0.0,0.0,0.0,0.0,0.0,0.0,3.89,BA,,Emergentes / micro
12.064.131/0001-11,TULIO VIARO FILMES E VIDEOS,1,0.3193142694,0.3193142694,0.0,0.0,0.0,0.0,0.0,0.0,0.0,3.89,PR,,Emergentes / micro
05.145.815/0001-82,ARTE LUX PRODUÇÕES CINEMATOGRÁFICA LTDA.,1,0.31545730986,0.31545730986,0.0,0.0,0.0,0.0,0.0,0.0,0.0,3.89,PR,,Emergentes / micro
17.730.742/0001-75,DIOGO ALVES NEVES DE OLIVEIRA ***********,1,0.31457717705,0.31457717705,0.0,0.0,0.0,0.0,0.0,0.0,0.0,3.89,BA,,Emergentes / micro
10.524.095/0001-04,BODE ESPIATÓRIO FILMES LTDA,1,0.309298288,0.309298288,0.0,0.0,0.0,0.0,0.0,0.0,0.0,3.89,PE,,Emergentes / micro
20.148.736/0001-19,MARILIA OLIVEIRA CUNHA - ME,1,0.309298288,0.309298288,0.0,0.0,0.0,0.0,0.0,0.0,0.0,3.89,BA,,Emergentes / micro
13.456.325/0001-25,JAMILE DOS SANTOS COELHO - ME,1,0.309298288,0.309298288,0.0,0.0,0.0,0.0,0.0,0.0,0.0,3.89,BA,,Emergentes / micro
22.064.549/0001-82,GUARÁ PRODUÇÕES CINEMATOGRÁFICAS LTDA,1,0.309298288,0.309298288,0.0,0.0,0.0,0.0,0.0,0.0,0.0,3.89,PE,,Emergentes / micro
14.625.536/0001-07,PORTO 8 VIDEOS E PRODUCOES CINEMATOGRAFICAS EIRELI,1,0.309298288,0.309298288,0.0,0.0,0.0,0.0,0.0,0.0,0.0,3.0,BA,,Emergentes / micro
23.150.369/0001-86,DENISE MONTEIRO DE OLIVEIRA,1,0.30898601569,0.30898601569,0.0,0.0,0.0,0.0,0.0,0.0,0.0,3.89,BA,,Emergentes / micro
22.751.296/0001-15,RAMPA PRODUÇÕES LTDA,1,0.3087199894221,0.3087199894221,0.0,0.0,0.0,0.0,0.0,0.0,0.0,3.683,RJ,,Emergentes / micro
16.820.127/0001-97,MUVIOLA FILMES LTDA,1,0.29412162421376,0.30733693231375997,0.0,0.0,0.0,0.0,0.0,0.0,0.0,3.89,DF,,Emergentes / micro
15.096.957/0001-50,POLVO PRODUCAO DE FILMES E FOTOGRAFIA LTDA,1,0.3061079,0.3061079,0.0,0.0,0.0,0.0,0.0,0.0,0.0,2.093,RS,,Emergentes / micro
80.026.826/0001-69,ANDRE LUIZ DE SOUZA FARIA,1,0.30110522232,0.30110522232,0.0,0.0,0.0,0.0,0.0,0.0,0.0,3.6,PR,,Emergentes / micro
12.502.960/0001-39,MULTI PLANEJAMENTO CULTURAL LTDA,1,0.29625720153,0.29625720153,0.0,0.0,0.0,0.0,0.0,0.0,0.0,3.89,BA,,Emergentes / micro
16.701.009/0001-60,DOIS ARROZ FILMES & PRODUCOES LTDA ME,1,0.29037381400496,0.29037381400496,0.0,0.0,0.0,0.0,0.0,0.0,0.0,3.89,BA,,Emergentes / micro
20.119.267/0001-00,LUIZ AUGUSTO DE LIMA GOMES-ME,1,0.28888020000000003,0.28888020000000003,0.0,0.0,0.0,0.0,0.0,0.0,0.0,3.89,AM,,Emergentes / micro
09.649.616/0001-62,PARABOLÉ EDUCAÇÃO E CULTURA LTDA.,1,0.283368456,0.283368456,0.0,0.0,0.0,0.0,0.0,0.0,0.0,3.89,PR,,Emergentes / micro
21.681.140/0001-42,VENTANIA PRODUÇÕES AUDIOVISUAIS LTDA,1,0.283368456,0.283368456,8.0,8.0,0.0,28.231794437980778,100.0,0.0,0.0,3.89,ES,,Emergentes / micro
03.218.295/0001-65,FABRIKA FILMES LTDA,1,0.283368456,0.283368456,0.0,0.0,0.0,0.0,0.0,0.0,0.0,3.88,DF,,Emergentes / micro
18.088.212/0001-38,H. S. LIMA PRODUÇÕES AUDIOVISUAIS - ME,1,0.2784388,0.2784388,0.0,0.0,0.0,0.0,0.0,0.0,0.0,3.89,PA,,Emergentes / micro
04.791.421/0001-39,ESTAÇÃO ELÉTRICA PRODUÇÃO DE CINEMA E VÍDEO LTDA.,1,0.27287332799999997,0.27287332799999997,0.0,0.0,0.0,0.0,0.0,0.0,0.0,3.3,RS,,Emergentes / micro
17.904.679/0001-46,F64 PRODUÇÕES AUDIOVISUAIS LTDA,1,0.27287332799999997,0.27287332799999997,0.0,0.0,0.0,0.0,0.0,0.0,0.0,3.89,GO,,Emergentes / micro
10.615.584/0001-63,3 MOINHOS PRODUÇÕES ARTÍSTICAS EIRELI - ME,1,0.26514869488128,0.26514869488128,0.0,0.0,0.0,0.0,0.0,100.0,0.0,3.77,RJ,,Emergentes / micro
01.970.799/0001-01,MINERVA FILMES LTDA,1,0.2623782,0.2623782,0.0,0.0,0.0,0.0,0.0,0.0,0.0,3.933,PB,,Emergentes / micro
17.822.593/0001-74,CINEDIÁRIO PRODUÇÕES CULTURAIS LTDA,1,0.2623782,0.2623782,936.0,936.0,0.01095,3567.3695451832505,100.0,0.0,0.0,3.5,SP,,Emergentes / micro
12.325.821/0001-87,PITANGA FILMES LTDA,1,0.2623782,0.2623782,0.0,0.0,0.0,0.0,0.0,0.0,0.0,3.4,RS,,Emergentes / micro
15.288.201/0001-03,ÉBANO PRODUÇÕES CINEMATOGRÁFICAS E CULTURAIS LTDA ME,1,0.2623782,0.2623782,0.0,0.0,0.0,0.0,0.0,0.0,0.0,4.3,RS,,Emergentes / micro
03.863.923/0001-65,GATA CINE PRODUÇÕES LTDA,1,0.2623782,0.2623782,37.0,37.0,0.000616,141.01781321771398,100.0,0.0,0.0,4.118,SP,,Emergentes / micro
08.103.899/0001-80,LÚMEN PRODUÇÕES AUDIOVISUAIS LTDA. - ME,1,0.25999218,0.25999218,731.0,731.0,0.006646,2811.6230265079507,100.0,0.0,0.0,3.89,ES,,Emergentes / micro
16.853.684/0001-04,BITUIN FILMES LTDA - ME,1,0.25999218,0.25999218,0.0,0.0,0.0,0.0,0.0,0.0,0.0,3.89,SC,,Emergentes / micro
18.580.137/0001-28,LADART PRODUÇÕES E CONSULTORIA LTDA,1,0.25999218,0.25999218,0.0,0.0,0.0,0.0,0.0,0.0,0.0,2.64,ES,,Emergentes / micro
00.285.073/0001-77,TPS MULTIMÍDIA LTDA. EPP,1,0.25778224647000003,0.25778224647000003,0.0,0.0,0.0,0.0,0.0,0.0,0.0,3.2,SC,,Emergentes / micro
00.962.888/0001-43,LUBA FILMES LTDA.,1,0.24522391641951002,0.24522391641951002,0.0,0.0,0.0,0.0,0.0,0.0,0.0,3.89,RJ,,Emergentes / micro
15.281.532/0001-11,FM PRODUÇÕES LTDA EPP,1,0.243471121362,0.243471121362,0.0,0.0,0.0,0.0,0.0,100.0,0.0,3.905,RJ,,Emergentes / micro
10.849.845/0001-00,TWIST COMPUTAÇÃO GRÁFICA LTDA,1,0.23792176,0.23792176,0.0,0.0,0.0,0.0,0.0,0.0,0.0,3.89,MG,,Emergentes / micro
17.339.249/0001-29,SERGIO ANTONIO KLEIN CALDAS - ME,1,0.23145584954914,0.23145584954914,0.0,0.0,0.0,0.0,0.0,0.0,0.0,3.89,RS,,Emergentes / micro
18.935.572/0001-28,COSTURA FILMES EIRELI - ME,1,0.22512985818623998,0.22512985818623998,0.0,0.0,0.0,0.0,0.0,0.0,0.0,3.865,PE,,Emergentes / micro
09.355.997/0001-77,SEREIA FILMES LTDA ME,1,0.22389606399999998,0.22389606399999998,0.0,0.0,0.0,0.0,0.0,0.0,0.0,3.89,BA,,Emergentes / micro
17.514.352/0001-68,FILMERAMA PRODUÇÕES LTDA - EPP,1,0.22305165000000002,0.22305165000000002,0.0,0.0,0.0,0.0,0.0,0.0,0.0,3.89,CE,,Emergentes / micro
01.605.800/0001-07,OLHAR IMAGINÁRIO LTDA,1,0.22282141540669997,0.22282141540669997,6.0,6.0,8.148e-05,26.92739380121354,100.0,100.0,0.0,4.4,SP,,Emergentes / micro
16.100.516/0001-48,LAURENCE PRODUÇÕES AUDIOVISUAIS LTDA EPP,1,0.216373483599,0.216373483599,0.0,0.0,0.0,0.0,0.0,0.0,0.0,4.018,PE,,Emergentes / micro
07.871.687/0001-80,CATURRA DIGITAL LTDA,1,0.212526342,0.212526342,0.0,0.0,0.0,0.0,0.0,0.0,0.0,3.89,MG,,Emergentes / micro
18.799.359/0001-36,TREMDOBALAIO PRODUCOES & AUDIOVISUAL - EIRELI,1,0.16357121000000002,0.21010398500000002,0.0,0.0,0.0,0.0,0.0,0.0,0.0,3.89,MG,,Emergentes / micro
05.726.196/0001-10,LAMIRÉ CINEMA E VÍDEO LTDA,1,0.20115662,0.20115662,0.0,0.0,0.0,0.0,0.0,0.0,0.0,4.32,MT,,Emergentes / micro
10.306.335/0001-96,MONKEY FILMES EIRELI,1,0.201155745406,0.201155745406,0.0,0.0,0.0,0.0,0.0,0.0,0.0,3.89,MT,,Emergentes / micro
10.331.623/0001-09,SETE PERSONAGENS PRODUÇÕES CULTURAIS LTDA,1,0.19810264483610998,0.19810264483610998,253.0,253.0,0.00522513,1277.1157104404463,100.0,0.0,0.0,3.89,RJ,,Emergentes / micro
17.220.694/0001-75,CASU FILMES PRODUÇÕES AUDIOVISUAIS E ENTRETENIMENTO LTDA.-ME,3,0.17491995446407999,0.17491995446407999,0.0,0.0,0.0,0.0,0.0,0.0,0.0,3.7,RN,2.0,Baixo retorno / nicho
13.857.649/0001-75,ANDRE VILELA D'ELIA - ME,1,0.17491879999999999,0.17491879999999999,2017.0,2017.0,0.0243007,11531.064699734963,100.0,0.0,0.0,3.89,SP,,Emergentes / micro
32.022.899/0001-30,COMTEXTO PRODUÇÕES E PUBLICAÇÕES ARTISTÍCAS LTDA,1,0.17491879999999999,0.17491879999999999,0.0,0.0,0.0,0.0,0.0,0.0,0.0,3.89,RJ,,Emergentes / micro
11.757.060/0001-70,MARIO H. C. ZUGAIR PRODUÇÕES-ME,1,0.17491879999999999,0.17491879999999999,0.0,0.0,0.0,0.0,0.0,0.0,0.0,3.775,MT,,Emergentes / micro
12.573.633/0001-78,FILMES DO BEM PRODUÇÕES ARTÍSTICAS LTDA,1,0.16533324976,0.16533324976,51.0,51.0,0.0002717,308.46789786103096,100.0,0.0,0.0,3.88,RJ,,Emergentes / micro
20.238.227/0001-87,ANA CAROLINA SOARES DA COSTA COELHO,1,0.16354499399607,0.16354499399607,0.0,0.0,0.0,0.0,0.0,0.0,0.0,3.89,MG,,Emergentes / micro
13.117.161/0001-01,SABOTAGE FILMES LTDA,1,0.16333328824,0.16333328824,0.0,0.0,0.0,0.0,0.0,0.0,0.0,3.89,MG,,Emergentes / micro
24.304.911/0001-70,CAMPO CERRADO PRODUÇÕES E SERVIÇOS AUDIOVISUAIS LTDA,1,0.16195334203200001,0.16195334203200001,0.0,0.0,0.0,0.0,0.0,0.0,0.0,3.89,MG,,Emergentes / micro
12.999.768/0001-08,FERNANDO DE ASSIS LIBÂNIO - ME,1,0.1614893946,0.1614893946,0.0,0.0,0.0,0.0,0.0,0.0,0.0,4.3,MG,,Emergentes / micro
22.318.373/0001-48,CAMBARA LTDA,1,0.1580542419456,0.1580542419456,0.0,0.0,0.0,0.0,0.0,0.0,0.0,3.89,AM,,Emergentes / micro
07.242.328/0001-63,LINDEMBERG JARDIM DE FREITAS ME,1,0.1497304928,0.1497304928,0.0,0.0,0.0,0.0,0.0,0.0,0.0,3.89,CE,,Emergentes / micro
17.305.816/0001-26,TAIANE ALVES DE LIMA - EPP,1,0.1497304928,0.1497304928,0.0,0.0,0.0,0.0,0.0,0.0,0.0,3.89,CE,,Emergentes / micro
13.516.637/0001-87,AVANTE FILMES LTDA.,1,0.1487011,0.1487011,8290.0,8290.0,0.06435288,55749.4194730234,100.0,100.0,5329.0,2.6,RS,,Emergentes / micro
21.054.261/0001-64,LIRA FILMES PRODUÇÕES LTDA ME,1,0.1392194,0.1392194,218.0,218.0,0.00329676,1565.8737216221302,100.0,0.0,0.0,3.89,SP,,Emergentes / micro
13.100.379/0001-53,T.SAAD FILMES E VÍDEOS LTDA-ME,1,0.1392194,0.1392194,0.0,0.0,0.0,0.0,0.0,0.0,0.0,3.89,RJ,,Emergentes / micro
13.790.799/0001-09,8 DIGITOS PRODUCOES LTDA.,1,0.1392194,0.1392194,0.0,0.0,0.0,0.0,0.0,0.0,0.0,3.89,SP,,Emergentes / micro
09.074.852/0001-06,THAIS FERNANDES-ME,1,0.1392194,0.1392194,0.0,0.0,0.0,0.0,0.0,0.0,0.0,3.89,RS,,Emergentes / micro
10.551.469/0001-72,ALICE FANNY RIFF-PRODUCOES AUDIVISUAIS E CULTURAIS-ME,1,0.1392194,0.1392194,0.0,0.0,0.0,0.0,0.0,0.0,0.0,3.4,SP,,Emergentes / micro
17.724.039/0001-54,L R M PRODUÇÕES ARTÍSTICAS E DE EVENTOS LTDA,1,0.13921924685866,0.13921924685866,0.0,0.0,0.0,0.0,0.0,0.0,0.0,3.89,DF,,Emergentes / micro
20.786.426/0001-20,ID DA SILVEIRA JUNIOR - EPP,1,0.13913586836,0.13913586836,0.0,0.0,0.0,0.0,0.0,0.0,0.0,4.147,RJ,,Emergentes / micro
16.434.076/0001-65,4U FILMS LTDA ME,1,0.139067650854,0.139067650854,0.0,0.0,0.0,0.0,0.0,0.0,0.0,3.89,RJ,,Emergentes / micro
08.988.587/0001-09,GENESIS PRODUÇÕES LTDA,1,0.128776095154,0.128776095154,0.0,0.0,0.0,0.0,0.0,0.0,0.0,3.89,AC,,Emergentes / micro
15.048.775/0001-04,LASCENE PRODUCOES ARTISTICAS LTDA - ME,1,0.12529746,0.12529746,0.0,0.0,0.0,0.0,0.0,0.0,0.0,3.89,RJ,,Emergentes / micro
03.450.528/0001-50,PÁGINA 21 COMUNICAÇÃO LTDA,1,0.114728527872,0.114728527872,0.0,0.0,0.0,0.0,0.0,0.0,0.0,3.89,PE,,Emergentes / micro
17.433.250/0001-18,FARKATT PRODUÇÕES LTDA,1,0.108330075,0.108330075,0.0,0.0,0.0,0.0,0.0,0.0,0.0,3.89,PE,,Emergentes / micro
07.077.834/0001-44,EDSON SOARES DO NASCIMENTO ME,1,0.09962973700000001,0.09962973700000001,608.0,608.0,0.00869788,6102.595653745427,100.0,0.0,0.0,3.636,RN,,Emergentes / micro
08.378.645/0001-74,SPIRIT ENTRETENIMENTO LTDA,1,0.094456152,0.094456152,0.0,0.0,0.0,0.0,0.0,0.0,0.0,3.89,PR,,Emergentes / micro
06.768.153/0001-60,ZOOM ELEFANTE PRODUÇÃO CINEMATOGRÁFICA LTDA,1,0.094456152,0.094456152,0.0,0.0,0.0,0.0,0.0,0.0,0.0,3.89,PR,,Emergentes / micro
79.052.494/0001-08,CAMARADA FILMES LTDA - ME.,1,0.094456152,0.094456152,0.0,0.0,0.0,0.0,0.0,0.0,0.0,3.89,PR,,Emergentes / micro
03.827.382/0001-10,MORO COMUNICAÇÃO EIRELI-ME,1,0.09152736408843999,0.09152736408843999,0.0,0.0,0.0,0.0,0.0,0.0,0.0,3.89,PR,,Emergentes / micro
10.696.683/0001-17,PULO DO GATO FILMES LTDA,1,0.081629356396,0.081629356396,0.0,0.0,0.0,0.0,0.0,0.0,0.0,3.89,PB,,Emergentes / micro
10.679.333/0001-42,PIGMENTO CINEMATOGRAFICO LTDA,1,0.08162877916395998,0.08162877916395998,0.0,0.0,0.0,0.0,0.0,0.0,0.0,3.89,PB,,Emergentes / micro
10.501.535/0001-08,BASILISCO PRODUÇÕES LTDA,1,0.08162876167208,0.08162876167208,0.0,0.0,0.0,0.0,0.0,0.0,0.0,3.89,PB,,Emergentes / micro
07.427.355/0001-00,ORLANDO DA COSTA MACENA JUNIOR - ME,1,0.08162876167208,0.08162876167208,0.0,0.0,0.0,0.0,0.0,0.0,0.0,4.3,PB,,Emergentes / micro
13.667.540/0001-75,CASA DA PRAIA FILMES LTDA,1,0.07902719999999999,0.07902719999999999,0.0,0.0,0.0,0.0,0.0,0.0,0.0,3.89,RN,,Emergentes / micro
08.847.593/0001-38,PAVIRADA FILMES E PRODUÇÕES LTDA,1,0.0752537240857,0.0752537240857,660.0,660.0,0.0046316000000000005,8770.33008025467,100.0,0.0,0.0,4.223,DF,,Emergentes / micro
21.904.574/0001-64,YURI LUIZ GODEZ ***********,1,0.0696097,0.0696097,0.0,0.0,0.0,0.0,0.0,0.0,0.0,3.89,AL,,Emergentes / micro
15.474.450/0001-93,LEONARDO VIEIRA PEIXOTO -ME,1,0.0696097,0.0696097,284.0,284.0,0.0,4079.8911645934404,100.0,0.0,0.0,3.89,RS,,Emergentes / micro
07.822.394/0001-02,LINHA DE PRODUÇÃO CINEMA E TELEVISÃO LTDA,1,0.0696097,0.0696097,0.0,0.0,0.0,0.0,0.0,0.0,0.0,3.89,RS,,Emergentes / micro
04.297.951/0001-25,PRAÇA PRODUÇÕES AUDIOVISUAIS LTDA,1,0.0696060802956,0.0696060802956,0.0,0.0,0.0,0.0,0.0,0.0,0.0,3.89,RS,,Emergentes / micro
25.211.934/0001-01,CACTO FACTO PRODUCOES LTDA,1,0.06960273903,0.06960273903,0.0,0.0,0.0,0.0,0.0,0.0,0.0,3.89,AL,,Emergentes / micro
18.927.487/0001-18,MRW PRODUÇÕES E EVENTOS LTDA,1,0.058307432792,0.058307432792,0.0,0.0,0.0,0.0,0.0,0.0,0.0,4.3,RN,,Emergentes / micro
04.120.591/0001-91,STUDIUM PRODUCOES LTDA,1,0.05830626083604001,0.05830626083604001,0.0,0.0,0.0,0.0,0.0,0.0,0.0,3.9,RN,,Emergentes / micro
15.667.476/0001-58,LAMPARINA ANIMACAO E PRODUCAO DE VIDEOS LTDA ME,1,0.05830626083604001,0.05830626083604001,0.0,0.0,0.0,0.0,0.0,0.0,0.0,3.89,SE,,Emergentes / micro
21.624.748/0001-35,BARUC CARVALHO MARTINS FILMES E PRODUCOES - ME,1,0.05830626083604001,0.05830626083604001,0.0,0.0,0.0,0.0,0.0,0.0,0.0,3.993,SE,,Emergentes / micro
10.823.162/0001-83,ARIANE DOS SANTOS PEREIRA,1,0.058305683604,0.058305683604,0.0,0.0,0.0,0.0,0.0,0.0,0.0,4.5,RN,,Emergentes / micro
06.033.375/0001-34,ESTÚDIO 3 LOCAÇÃO E SERVIÇOS LTDA,1,0.05830043604,0.05830043604,0.0,0.0,0.0,0.0,0.0,0.0,0.0,4.252,SE,,Emergentes / micro
21.557.420/0001-43,NOVOS OLHARES PRODUÇÕES AUDIOVISUAIS LTDA,1,0.05830043604,0.05830043604,0.0,0.0,0.0,0.0,0.0,0.0,0.0,3.89,SE,,Emergentes / micro
11.274.042/0001-37,PEREIRA & FREITAS LTDA,1,0.02623782,0.02623782,0.0,0.0,0.0,0.0,0.0,0.0,0.0,3.89,TO,,Emergentes / micro
