CPB;titulo;ano;chamada;categoria;bilheteria_nominal_r;bilheteria_deflac_r2024;outras_janelas_deflac_r2024;outras_janelas_nominal_r;receita_total_deflac_r2024;roi_dom_fsa_deflac;roi_dom_total_deflac;roi_internacional_0_100;total_paises_alcancados;pontuacao_festivais;adm_eu_lumiere;vod_n_plataformas;vod_n_paises;critica_indice_1_5;critica_n_fontes;cita_n_papers;cita_soma_cit;prestigio_festiv;CNPJ_produtora;genero_diretor;diversidade_regional;protagonista_diverso;UF_requerente;tem_diretor_prestigio;IMDB_GENRES;IMDB_RUNTIME;PRESTIGIO_FESTIVAIS;N_DIRETORES;tipo_investimento;valor_nominal_r;valor_deflac_r2024;ano_referencia_deflacao;roi_sobre_este_inv_deflac
B1402149500000;100 ANOS DE SELEÇÃO BRASILEIRA;2014;;Renúncia — Art.3/3-A/39;0.0;0.0;104951.28;60000;0.0;0.0;0.0;0.0;0;0.0;0;0;0;0.0;0;1.0;0.0;;04.350.398/0001-47;;;;;;;;;;RENUNCIA_ART3;1279999.99;2238960.62;2014;0.0
B1402149500000;100 ANOS DE SELEÇÃO BRASILEIRA;2014;;Renúncia — Art.3/3-A/39;0.0;0.0;104951.28;60000;0.0;0.0;0.0;0.0;0;0.0;0;0;0;0.0;0;1.0;0.0;;04.350.398/0001-47;;;;;;;;;;RENUNCIA_OUTROS;817658.14;1430237.81;2014;0.0
B1402085500000;A BOLA;2014;;Renúncia — Art.3/3-A/39;0.0;0.0;139935.04;80000;0.0;0.0;0.0;0.0;0;0.0;0;0;0;3.878;2;0.0;;;04.453.786/0001-53;;;;;;;;;;RENUNCIA_ART3;1398408.55;2446079.45;2014;0.0
B1402778200000;A COPA PASSOU POR AQUI;2014;;Renúncia — Art.3/3-A/39;0.0;0.0;104951.28;60000;0.0;0.0;0.0;0.0;0;0.0;0;0;0;4.03;2;16.0;4.0;Cannes/Oscar;94.625.829/0001-23;;;;;;;;;;RENUNCIA_ART3;2499999.99;4372969.98;2014;0.0
B1402372600000;A DESPEDIDA;2014;;Renúncia — Art.3/3-A/39;21558.9;30396.52;594723.92;340000;30396.52;0.0;0.0263;0.0;0;0.0;0;0;0;0.0;0;;;;03.863.923/0001-65;;;;;;;;;;RENUNCIA_ART3;48000.0;83961.02;2014;0.362
B1402372600000;A DESPEDIDA;2014;;Renúncia — Art.3/3-A/39;21558.9;30396.52;594723.92;340000;30396.52;0.0;0.0263;0.0;0;0.0;0;0;0;0.0;0;;;;03.863.923/0001-65;;;;;;;;;;RENUNCIA_OUTROS;613769.3;1073597.89;2014;0.0283
B1500489000000;A GRANDE LUTA;2014;;Renúncia — Art.3/3-A/39;0.0;0.0;104951.28;60000;0.0;0.0;0.0;0.0;0;0.0;0;0;0;4.235;2;7.0;0.0;;16.729.130/0001-08;;;;;;;;;;RENUNCIA_ART3;1538710.25;2691493.5;2014;0.0
B1402149200000;A GRANDE VITORIA;2014;;Renúncia — Outros Mecanismos;326034.0;527814.0;743404.9;425000;527814.0;0.0;1.5966;0.0;0;0.0;0;0;0;4.164;2;;;;11.936.522/0001-16;;;;;;;;;;RENUNCIA_OUTROS;188990.0;330579.04;2014;1.5966
B1402126900000;A LINHA FRIA DO HORIZONTE;2014;;Renúncia — Outros Mecanismos;0.0;0.0;594723.92;340000;0.0;0.0;0.0;0.0;0;0.0;0;0;0;3.678;1;;;;07.381.315/0001-75;;;;;;;;;;RENUNCIA_OUTROS;602451.78;1053801.42;2014;0.0
B1402307700000;A LUNETA DO TEMPO;2014;;Renúncia — Outros Mecanismos;97068.0;136794.28;734658.96;420000;136794.28;0.0;0.026;0.0;0;0.0;0;0;0;3.648;2;;;;05.167.381/0001-11;;;;;;;;;;RENUNCIA_OUTROS;3010000.0;5265055.88;2014;0.026
B1402723400000;A NOITE DA VIRADA;2014;;Renúncia — Art.3/3-A/39;4333676.3;6954004.12;358583.54;205000;6954004.12;0.0;2.921;0.0;0;0.0;0;0;0;3.3;1;0.0;;;02.525.725/0001-29;;;;;;;;;;RENUNCIA_ART3;400000.0;699675.2;2014;9.9389
B1402723400000;A NOITE DA VIRADA;2014;;Renúncia — Art.3/3-A/39;4333676.3;6954004.12;358583.54;205000;6954004.12;0.0;2.921;0.0;0;0.0;0;0;0;3.3;1;0.0;;;02.525.725/0001-29;;;;;;;;;;RENUNCIA_OUTROS;961050.0;1681057.13;2014;4.1367
B1402282800000;A SEGUNDA VEZ;2014;;Renúncia — Art.3/3-A/39;0.0;0.0;104951.28;60000;0.0;0.0;0.0;0.0;0;0.0;0;0;0;4.105;2;1.0;0.0;;09.180.984/0001-04;;;;;;;;;;RENUNCIA_ART3;1000000.0;1749188.0;2014;0.0
B1402282800000;A SEGUNDA VEZ;2014;;Renúncia — Art.3/3-A/39;0.0;0.0;104951.28;60000;0.0;0.0;0.0;0.0;0;0.0;0;0;0;4.105;2;1.0;0.0;;09.180.984/0001-04;;;;;;;;;;RENUNCIA_OUTROS;1400000.0;2448863.2;2014;0.0
B1402237200000;A VAGA;2014;;Renúncia — Art.3/3-A/39;0.0;0.0;104951.28;60000;0.0;0.0;0.0;0.0;0;0.0;0;0;0;0.0;0;;;;02.525.725/0001-29;;;;;;;;;;RENUNCIA_ART3;2685483.84;4697416.11;2014;0.0
B1500265900000;A VIAGEM DE YOANI;2014;;Renúncia — Outros Mecanismos;13304.61;19462.52;209902.56;120000;19462.52;0.0;0.0303;0.0;0;0.0;0;0;0;3.9;1;;;;09.640.643/0001-74;;;;;;;;;;RENUNCIA_OUTROS;367500.0;642826.59;2014;0.0303
B1402781000000;A VIDA PRIVADA DOS HIPOPÓTAMOS;2014;;Renúncia — Outros Mecanismos;15506.19;22683.08;349837.6;200000;22683.08;0.0;0.0252;4.0;0;20.0;0;0;0;3.2;1;;;;06.137.016/0001-27;;;;;;;;;;RENUNCIA_OUTROS;515000.0;900831.82;2014;0.0252
B1500404600000;A VIZINHANÇA DO TIGRE;2014;;Renúncia — Outros Mecanismos;25464.6;35903.28;454788.88;260000;35903.28;0.0;0.2303;2.5;0;12.5;0;0;0;4.113;2;0.0;;;PESSOA FÍSICA;;;;;;;;;;RENUNCIA_OUTROS;89128.0;155901.63;2014;0.2303
B1402281100000;ADVOGADOS CONTRA A DITADURA;2014;;Renúncia — Outros Mecanismos;0.0;0.0;0.0;0;0.0;0.0;0.0;0.0;0;0.0;0;0;0;0.0;0;;;;27.651.181/0001-72;;;;;;;;;;RENUNCIA_OUTROS;700000.0;1224431.6;2014;0.0
B1402081900000;ALEMÃO;2014;;Renúncia — Outros Mecanismos;11819536.84;19134559.64;358583.54;205000;19134559.64;0.0;27.3478;0.0;0;0.0;0;0;0;3.5;1;;;;05.387.293/0001-25;;;;;;;;;;RENUNCIA_OUTROS;400000.0;699675.2;2014;27.3478
B1402148800000;ALMANAQUE DOS ESPORTES;2014;;Renúncia — Art.3/3-A/39;0.0;0.0;104951.28;60000;0.0;0.0;0.0;0.0;0;0.0;0;0;0;0.0;0;;;;10.532.883/0001-34;;;;;;;;;;RENUNCIA_ART3;807000.0;1411594.72;2014;0.0
B1500118400000;ANDRÉ MIDANI - DO VINIL AO DOWNLOAD;2014;;Renúncia — Art.3/3-A/39;0.0;0.0;104951.28;60000;0.0;0.0;0.0;0.0;0;0.0;0;0;0;0.0;0;1.0;1.0;;09.180.984/0001-04;;;;;;;;;;RENUNCIA_ART3;900000.0;1574269.2;2014;0.0
B1500118400000;ANDRÉ MIDANI - DO VINIL AO DOWNLOAD;2014;;Renúncia — Art.3/3-A/39;0.0;0.0;104951.28;60000;0.0;0.0;0.0;0.0;0;0.0;0;0;0;0.0;0;1.0;1.0;;09.180.984/0001-04;;;;;;;;;;RENUNCIA_OUTROS;250000.0;437297.0;2014;0.0
B1402480200000;APNEIA;2014;;Renúncia — Outros Mecanismos;65048.75;100851.24;209902.56;120000;100851.24;0.0;0.0914;0.0;0;0.0;0;0;0;0.0;0;;;;11.179.178/0001-68;;;;;;;;;;RENUNCIA_OUTROS;630859.64;1103492.11;2014;0.0914
B1402778600000;ARQUITETURA DA COR;2014;;Renúncia — Outros Mecanismos;0.0;0.0;113697.22;65000;0.0;0.0;0.0;0.0;0;0.0;0;0;0;0.0;0;;;;10.874.608/0001-07;;;;;;;;;;RENUNCIA_OUTROS;650000.0;1136972.2;2014;0.0
B1500451800000;ATO, ATALHO E VENTO;2014;;Renúncia — Outros Mecanismos;12244.59;17911.88;104951.28;60000;17911.88;0.0;0.0223;0.0;0;0.0;0;0;0;0.0;0;;;;66.708.900/0001-04;;;;;;;;;;RENUNCIA_OUTROS;460000.0;804626.48;2014;0.0223
B1500276200000;AUSÊNCIA;2014;;Renúncia — Art.3/3-A/39;55061.46;80116.4;113697.22;65000;80116.4;0.0;0.0458;11.7;0;48.5;0;1;1;0.0;0;;;;07.477.471/0001-34;;;;;;;;;;RENUNCIA_ART3;250000.0;437297.0;2014;0.1832
B1500276200000;AUSÊNCIA;2014;;Renúncia — Art.3/3-A/39;55061.46;80116.4;113697.22;65000;80116.4;0.0;0.0458;11.7;0;48.5;0;1;1;0.0;0;;;;07.477.471/0001-34;;;;;;;;;;RENUNCIA_OUTROS;750000.0;1311891.0;2014;0.0611
B1402203900000;BRINCANTE;2014;;Renúncia — Outros Mecanismos;90976.77;142380.56;104951.28;60000;142380.56;0.0;0.0581;0.0;0;0.0;0;0;0;0.0;0;;;;01.378.559/0001-12;;;;;;;;;;RENUNCIA_OUTROS;1400000.0;2448863.2;2014;0.0581
B1402244100000;CARLOS;2014;;Renúncia — Art.3/3-A/39;0.0;0.0;629707.68;360000;0.0;0.0;0.0;0.0;0;0.0;0;0;0;0.0;0;;;;08.378.645/0001-74;;;;;;;;;;RENUNCIA_OUTROS;922583.0;1613771.11;2014;0.0
B1500245000000;CAROL LEVY CONTAROLANDO;2014;;Renúncia — Art.3/3-A/39;0.0;0.0;139935.04;80000;0.0;0.0;0.0;0.0;0;0.0;0;0;0;4.3;1;;;;04.490.617/0001-93;;;;;;;;;;RENUNCIA_ART3;650000.0;1136972.2;2014;0.0
B1402144900000;CATIVAS - PRESAS PELO CORAÇÃO;2014;;Renúncia — Art.3/3-A/39;17830.08;26082.56;104951.28;60000;26082.56;0.0;0.0391;0.0;0;0.0;0;0;0;0.0;0;;;;00.508.766/0001-81;;;;;;;;;;RENUNCIA_ART3;80000.0;139935.04;2014;0.1864
B1402144900000;CATIVAS - PRESAS PELO CORAÇÃO;2014;;Renúncia — Art.3/3-A/39;17830.08;26082.56;104951.28;60000;26082.56;0.0;0.0391;0.0;0;0.0;0;0;0;0.0;0;;;;00.508.766/0001-81;;;;;;;;;;RENUNCIA_OUTROS;301302.45;527034.63;2014;0.0495
B1402750200000;CATIVAS - PRESAS PELO CORAÇÃO;2014;;Renúncia — Art.3/3-A/39;17830.08;26082.56;0.0;0;26082.56;0.0;0.0391;0.0;0;0.0;0;0;0;0.0;0;;;;00.508.766/0001-81;;;;;;;;;;RENUNCIA_ART3;80000.0;139935.04;2014;0.1864
B1402750200000;CATIVAS - PRESAS PELO CORAÇÃO;2014;;Renúncia — Art.3/3-A/39;17830.08;26082.56;0.0;0;26082.56;0.0;0.0391;0.0;0;0.0;0;0;0;0.0;0;;;;00.508.766/0001-81;;;;;;;;;;RENUNCIA_OUTROS;301302.45;527034.63;2014;0.0495
B1402246700000;CONSELHO TUTELAR;2014;;Renúncia — Art.3/3-A/39;0.0;0.0;244886.32;140000;0.0;0.0;0.0;0.0;0;0.0;0;0;0;0.0;0;;;;28.629.780/0001-52;;;;;;;;;;RENUNCIA_ART3;2249664.41;3935085.99;2014;0.0
B1402145700000;COPA DE ELITE;2014;;Renúncia — Art.3/3-A/39;8058713.16;13046190.36;743404.9;425000;13046190.36;0.0;2.5541;0.0;0;0.0;0;0;0;2.2;1;;;;02.140.164/0001-40;;;;;;;;;;RENUNCIA_ART3;2879535.11;5036848.26;2014;2.5901
B1402145700000;COPA DE ELITE;2014;;Renúncia — Art.3/3-A/39;8058713.16;13046190.36;743404.9;425000;13046190.36;0.0;2.5541;0.0;0;0.0;0;0;0;2.2;1;;;;02.140.164/0001-40;;;;;;;;;;RENUNCIA_OUTROS;40591.89;71002.85;2014;183.7418
B1500614800000;DAS PROFUNDEZAS;2014;;Renúncia — Outros Mecanismos;0.0;0.0;104951.28;60000;0.0;0.0;0.0;0.0;0;0.0;0;0;0;0.0;0;2.0;0.0;;00.563.081/0001-38;;;;;;;;;;RENUNCIA_OUTROS;67424.31;117937.79;2014;0.0
B1402183000000;DEMOCRACIA EM PRETO E BRANCO;2014;;Renúncia — Art.3/3-A/39;15644.72;25327.12;218648.5;125000;25327.12;0.0;0.0284;0.0;0;0.0;0;0;0;4.165;2;;;;03.360.320/0001-40;;;;;;;;;;RENUNCIA_ART3;235000.0;411059.18;2014;0.0616
B1402183000000;DEMOCRACIA EM PRETO E BRANCO;2014;;Renúncia — Art.3/3-A/39;15644.72;25327.12;218648.5;125000;25327.12;0.0;0.0284;0.0;0;0.0;0;0;0;4.165;2;;;;03.360.320/0001-40;;;;;;;;;;RENUNCIA_OUTROS;275615.0;482102.45;2014;0.0525
B1402284400000;DESCALÇO SOBRE A TERRA VERMELHA;2014;;Renúncia — Outros Mecanismos;0.0;0.0;139935.04;80000;0.0;0.0;0.0;0.0;0;0.0;0;0;0;3.883;2;;;;44.154.342/0001-31;;;;;;;;;;RENUNCIA_OUTROS;720000.0;1259415.36;2014;0.0
B1402189000000;DESTINO BRASIL DANÇA;2014;;Renúncia — Outros Mecanismos;0.0;0.0;489772.64;280000;0.0;0.0;0.0;0.0;0;0.0;0;0;0;0.0;0;;;;05.643.831/0001-03;;;;;;;;;;RENUNCIA_OUTROS;745000.0;1303145.06;2014;0.0
B1500335800000;DIVÃ A 2;2014;;Renúncia — Art.3/3-A/39;2262612.69;3309841.08;218648.5;125000;3309841.08;0.0;1.5516;0.0;0;0.0;0;0;0;3.5;1;;;;02.863.008/0001-07;;;;;;;;;;RENUNCIA_ART3;504514.98;882491.55;2014;3.7506
B1500335800000;DIVÃ A 2;2014;;Renúncia — Art.3/3-A/39;2262612.69;3309841.08;218648.5;125000;3309841.08;0.0;1.5516;0.0;0;0.0;0;0;0;3.5;1;;;;02.863.008/0001-07;;;;;;;;;;RENUNCIA_OUTROS;715000.0;1250669.42;2014;2.6465
B1402150700000;DO LADO DE FORA;2014;;Renúncia — Outros Mecanismos;122382.48;198124.08;104951.28;60000;198124.08;0.0;0.1762;15.35;0;0.0;81109;0;0;3.7;1;3.0;0.0;;05.045.517/0001-10;;;;;;;;;;RENUNCIA_OUTROS;642700.0;1124203.13;2014;0.1762
B1402161500000;DOMINGUINHOS;2014;;Renúncia — Art.3/3-A/39;126279.01;204366.4;358583.54;205000;204366.4;0.0;0.1509;0.0;0;0.0;0;0;0;0.0;0;2.0;0.0;;06.323.379/0001-57;;;;;;;;;;RENUNCIA_OUTROS;774373.5;1354524.83;2014;0.1509
B1402368100000;DUAS PÁTRIAS, DOIS AMORES;2014;;Renúncia — Outros Mecanismos;0.0;0.0;0.0;0;0.0;0.0;0.0;0.0;0;0.0;0;0;0;3.775;1;0.0;;;32.267.676/0001-32;;;;;;;;;;RENUNCIA_OUTROS;500000.0;874594.0;2014;0.0
B1402130700000;EL ARDOR;2014;;Renúncia — Art.3/3-A/39;3299.4;4651.92;113697.22;65000;4651.92;0.0;0.0096;12.3;0;11.5;0;46;8;0.0;0;;;;02.140.120/0001-10;;;;;;;;;;RENUNCIA_ART3;277500.0;485399.67;2014;0.0096
B1402707600000;ENCANTADOS;2014;;Renúncia — Art.3/3-A/39;113067.88;149696.4;244886.32;140000;149696.4;0.0;0.0159;0.0;0;0.0;0;0;0;0.0;0;;;;00.193.157/0001-80;;;;;;;;;;RENUNCIA_OUTROS;5398087.77;9442270.35;2014;0.0159
B1402687700000;ENTRE FRONTEIRAS ÁFRICA 2;2014;;Renúncia — Art.3/3-A/39;0.0;0.0;244886.32;140000;0.0;0.0;0.0;0.0;0;0.0;0;0;0;0.0;0;;;;00.669.963/0001-82;;;;;;;;;;RENUNCIA_ART3;1985500.0;3473012.77;2014;0.0
B1402246100000;EXPERIMENTOS EXTRAORDINÁRIOS;2014;;Renúncia — Art.3/3-A/39;0.0;0.0;244886.32;140000;0.0;0.0;0.0;0.0;0;0.0;0;0;0;3.928;2;;;;16.729.130/0001-08;;;;;;;;;;RENUNCIA_ART3;2666892.25;4664895.92;2014;0.0
B1500778100000;FERNANDO DE NORONHA - OBSERVATÓRIO DA NATUREZA;2014;;Renúncia — Outros Mecanismos;0.0;0.0;104951.28;60000;0.0;0.0;0.0;0.0;0;0.0;0;0;0;0.0;0;0.0;;;04.524.792/0001-54;;;;;;;;;;RENUNCIA_OUTROS;370000.0;647199.56;2014;0.0
B1500714700000;FESTA DA UVA 80 ANOS - A CELEBRAÇÃO DE UMA IDENTIDADE;2014;;Renúncia — Outros Mecanismos;0.0;0.0;489772.64;280000;0.0;0.0;0.0;0.0;0;0.0;0;0;0;4.068;2;1.0;0.0;;13.925.421/0001-75;;;;;;;;;;RENUNCIA_OUTROS;1109995.79;1941591.32;2014;0.0
B1700052000000;FILHOS DE BACH;2014;;Renúncia — Art.3/3-A/39;49455.0;65544.36;104951.28;60000;65544.36;0.0;0.0081;0.9;0;4.5;0;0;0;3.993;2;;;;09.180.984/0001-04;;;;;;;;;;RENUNCIA_ART3;3000000.0;5247564.0;2014;0.0125
B1700052000000;FILHOS DE BACH;2014;;Renúncia — Art.3/3-A/39;49455.0;65544.36;104951.28;60000;65544.36;0.0;0.0081;0.9;0;4.5;0;0;0;3.993;2;;;;09.180.984/0001-04;;;;;;;;;;RENUNCIA_OUTROS;1615000.0;2824938.62;2014;0.0232
B1500388300000;FRANCISCO DE ASSIS- UMA LIÇÃO DE VIDA;2014;;Renúncia — Outros Mecanismos;0.0;0.0;0.0;0;0.0;0.0;0.0;0.0;0;0.0;0;0;0;3.2;1;;;;PESSOA FÍSICA;;;;;;;;;;RENUNCIA_OUTROS;52207.6;91320.91;2014;0.0
B1402230800000;FREEWAY;2014;;Renúncia — Outros Mecanismos;0.0;0.0;104951.28;60000;0.0;0.0;0.0;0.0;0;0.0;0;0;0;0.0;0;;;;04.736.316/0001-05;;;;;;;;;;RENUNCIA_OUTROS;228500.0;399689.46;2014;0.0
B1402621800000;GRANDE HOTEL;2014;;Renúncia — Outros Mecanismos;0.0;0.0;104951.28;60000;0.0;0.0;0.0;0.0;0;0.0;0;0;0;4.4;1;;;;14.592.038/0001-05;;;;;;;;;;RENUNCIA_OUTROS;220000.0;384821.36;2014;0.0
B1402681000000;HISTORIAS DE VERÃO;2014;;Renúncia — Art.3/3-A/39;0.0;0.0;139935.04;80000;0.0;0.0;0.0;0.0;0;0.0;0;0;0;4.37;2;0.0;;;01.378.559/0001-12;;;;;;;;;;RENUNCIA_ART3;1474179.75;2578617.53;2014;0.0
B1402094700000;HOJE EU QUERO VOLTAR SOZINHO;2014;;Renúncia — Outros Mecanismos;2516876.92;4073133.68;358583.54;205000;4073133.68;0.0;1.2386;14.26;0;0.0;36402;0;0;3.965;2;0.0;;;08.677.301/0001-66;;;;;;;;;;RENUNCIA_OUTROS;1880000.0;3288473.44;2014;1.2386
B1402204500000;HOJE É DIA DE MÚSICA;2014;;Renúncia — Art.3/3-A/39;0.0;0.0;104951.28;60000;0.0;0.0;0.0;0.0;0;0.0;0;0;0;4.05;2;;;;09.180.984/0001-04;;;;;;;;;;RENUNCIA_ART3;1995820.68;3491065.58;2014;0.0
B1500168300000;HORA DE COMER;2014;;Renúncia — Outros Mecanismos;0.0;0.0;104951.28;60000;0.0;0.0;0.0;0.0;0;0.0;0;0;0;4.0;1;;;;04.350.398/0001-47;;;;;;;;;;RENUNCIA_OUTROS;500000.0;874594.0;2014;0.0
B1402825000000;HQ - EDIÇÃO ESPECIAL;2014;;Renúncia — Art.3/3-A/39;0.0;0.0;104951.28;60000;0.0;0.0;0.0;0.0;0;0.0;0;0;0;0.0;0;3.0;0.0;;05.840.498/0001-14;;;;;;;;;;RENUNCIA_ART3;1855449.75;3245530.44;2014;0.0
B1402299100000;IRMÃO DO JOREL- 1ª TEMPORADA;2014;;Renúncia — Art.3/3-A/39;0.0;0.0;244886.32;140000;0.0;0.0;0.0;0.0;0;0.0;0;0;0;0.0;0;;;;09.551.826/0001-13;;;;;;;;;;RENUNCIA_ART3;5292163.48;9256988.85;2014;0.0
B1402233800000;ISOLADOS;2014;;Renúncia — Art.3/3-A/39;1026386.96;1661610.16;603469.86;345000;1661610.16;0.0;3.7997;0.0;0;0.0;0;0;0;0.0;0;;;;13.110.657/0001-53;;;;;;;;;;RENUNCIA_ART3;150000.0;262378.2;2014;6.3329
B1402233800000;ISOLADOS;2014;;Renúncia — Art.3/3-A/39;1026386.96;1661610.16;603469.86;345000;1661610.16;0.0;3.7997;0.0;0;0.0;0;0;0;0.0;0;;;;13.110.657/0001-53;;;;;;;;;;RENUNCIA_OUTROS;100000.0;174918.8;2014;9.4993
B1402107400000;JOGO DE XADREZ;2014;;Renúncia — Outros Mecanismos;6397.88;10357.48;218648.5;125000;10357.48;0.0;0.0211;0.0;0;0.0;0;0;0;4.4;1;;;;05.865.587/0001-15;;;;;;;;;;RENUNCIA_OUTROS;280000.0;489772.64;2014;0.0211
B1402782000000;JOÃO DO VOO;2014;;Renúncia — Art.3/3-A/39;0.0;0.0;244886.32;140000;0.0;0.0;0.0;0.0;0;0.0;0;0;0;4.245;2;;;;27.815.174/0001-69;;;;;;;;;;RENUNCIA_ART3;230000.0;402313.24;2014;0.0
B1402115000000;JULIO SUMIU;2014;;Renúncia — Art.3/3-A/39;2181566.56;3531721.76;743404.9;425000;3531721.76;0.0;0.8076;0.0;0;0.0;0;0;0;0.0;0;;;;03.360.320/0001-40;;;;;;;;;;RENUNCIA_ART3;2500049.34;4373056.3;2014;0.8076
B1402301900000;LILI A EX;2014;;Renúncia — Art.3/3-A/39;0.0;0.0;104951.28;60000;0.0;0.0;0.0;0.0;0;0.0;0;0;0;0.0;0;;;;02.525.725/0001-29;;;;;;;;;;RENUNCIA_ART3;620000.0;1084496.56;2014;0.0
B1402246200000;LOWRIDER BRASIL;2014;;Renúncia — Art.3/3-A/39;0.0;0.0;209902.56;120000;0.0;0.0;0.0;0.0;0;0.0;0;0;0;0.0;0;;;;16.729.130/0001-08;;;;;;;;;;RENUNCIA_ART3;1702691.65;2978327.8;2014;0.0
B1402543500000;MADE IN CHINA;2014;;Renúncia — Art.3/3-A/39;4633556.09;7501002.32;253632.26;145000;7501002.32;0.0;0.9317;0.0;0;0.0;0;0;0;0.0;0;0.0;;;04.453.786/0001-53;;;;;;;;;;RENUNCIA_ART3;3000000.0;5247564.0;2014;1.4294
B1402543500000;MADE IN CHINA;2014;;Renúncia — Art.3/3-A/39;4633556.09;7501002.32;253632.26;145000;7501002.32;0.0;0.9317;0.0;0;0.0;0;0;0;0.0;0;0.0;;;04.453.786/0001-53;;;;;;;;;;RENUNCIA_OUTROS;1602538.0;2803140.24;2014;2.6759
B1500544400000;MANUAL PRÁTICO DA MELHOR IDADE;2014;;Renúncia — Art.3/3-A/39;0.0;0.0;244886.32;140000;0.0;0.0;0.0;0.0;0;0.0;0;0;0;3.657;1;0.0;;;08.304.465/0001-48;;;;;;;;;;RENUNCIA_ART3;720000.0;1259415.36;2014;0.0
B1600012600000;MAR ME QUER;2014;;Renúncia — Outros Mecanismos;0.0;0.0;104951.28;60000;0.0;0.0;0.0;0.0;0;0.0;0;0;0;0.0;0;;;;07.966.825/0001-04;;;;;;;;;;RENUNCIA_OUTROS;465208.0;813736.25;2014;0.0
B1402261200000;MENINOS DA VILA - A MAGIA DO SANTOS;2014;;Renúncia — Outros Mecanismos;429.8;695.8;8745.94;5000;695.8;0.0;0.001;0.0;0;0.0;0;0;0;3.965;2;;;;01.613.170/0001-04;;;;;;;;;;RENUNCIA_OUTROS;400000.0;699675.2;2014;0.001
B1402236600000;MEU AMIGÃOZÃO - SEGUNDA TEMPORADA;2014;;Renúncia — Art.3/3-A/39;0.0;0.0;349837.6;200000;0.0;0.0;0.0;0.0;0;0.0;0;0;0;0.0;0;0.0;;;02.683.477/0001-44;;;;;;;;;;RENUNCIA_OUTROS;1750000.0;3061079.0;2014;0.0
B1500437700000;MEU PASSADO ME CONDENA 2;2014;;Renúncia — Art.3/3-A/39;36626096.43;53578130.76;358583.54;205000;53578130.76;0.0;10.1257;0.0;0;0.0;0;0;0;3.7;1;;;;04.551.480/0001-30;;;;;;;;;;RENUNCIA_ART3;2750000.0;4810267.0;2014;11.1383
B1500437700000;MEU PASSADO ME CONDENA 2;2014;;Renúncia — Art.3/3-A/39;36626096.43;53578130.76;358583.54;205000;53578130.76;0.0;10.1257;0.0;0;0.0;0;0;0;3.7;1;;;;04.551.480/0001-30;;;;;;;;;;RENUNCIA_OUTROS;275000.0;481026.7;2014;111.3829
B1402280700000;MEUS DIAS DE ROCK;2014;;Renúncia — Outros Mecanismos;0.0;0.0;489772.64;280000;0.0;0.0;0.0;0.0;0;0.0;0;0;0;4.088;2;0.0;;;07.125.823/0001-92;;;;;;;;;;RENUNCIA_OUTROS;1798000.0;3145040.02;2014;0.0
B1402769800000;MISSÃO EXTREMA COM KARINA OLIANI;2014;;Renúncia — Art.3/3-A/39;0.0;0.0;104951.28;60000;0.0;0.0;0.0;0.0;0;0.0;0;0;0;0.0;0;1.0;0.0;;07.477.471/0001-34;;;;;;;;;;RENUNCIA_ART3;2158311.65;3775292.84;2014;0.0
B1500070300000;MMA EM FAMÍLIA;2014;;Renúncia — Art.3/3-A/39;0.0;0.0;104951.28;60000;0.0;0.0;0.0;0.0;0;0.0;0;0;0;3.656;1;;;;10.358.078/0001-36;;;;;;;;;;RENUNCIA_ART3;294000.0;514261.27;2014;0.0
B1402453900000;MOTEL;2014;;Renúncia — Art.3/3-A/39;0.0;0.0;104951.28;60000;0.0;0.0;0.0;0.0;0;0.0;0;0;0;3.295;2;2.0;0.0;;07.533.507/0001-50;;;;;;;;;;RENUNCIA_ART3;3844076.39;6724012.29;2014;0.0
B1402825200000;MULHERES NO PODER;2014;;Renúncia — Outros Mecanismos;108967.26;155501.36;594723.92;340000;155501.36;0.0;0.114;0.0;0;0.0;0;0;0;4.3;1;;;;04.486.752/0001-65;;;;;;;;;;RENUNCIA_OUTROS;779688.0;1363820.89;2014;0.114
B1402254000000;MY NAME IS NOW, ELZA SOARES;2014;;Renúncia — Outros Mecanismos;42653.44;56379.68;218648.5;125000;56379.68;0.0;0.0357;0.0;0;0.0;0;0;0;0.0;0;0.0;;;10.957.732/0001-28;;;;;;;;;;RENUNCIA_OUTROS;901808.0;1577431.73;2014;0.0357
B1402633500000;MÁRIO LAGO HOMEM DO SÉCULO XX;2014;;Renúncia — Art.3/3-A/39;0.0;0.0;209902.56;120000;0.0;0.0;0.0;0.0;0;0.0;0;0;0;0.0;0;;;;05.426.800/0001-92;;;;;;;;;;RENUNCIA_ART3;134999.99;236140.36;2014;0.0
B1500101700000;MÚSICA.DOC - 2ª TEMPORADA;2014;;Renúncia — Art.3/3-A/39;0.0;0.0;104951.28;60000;0.0;0.0;0.0;0.0;0;0.0;0;0;0;4.05;2;5.0;1.0;;10.645.895/0001-75;;;;;;;;;;RENUNCIA_ART3;1075001.4;1880379.55;2014;0.0
B1402380600000;NA QUEBRADA;2014;;Renúncia — Art.3/3-A/39;3150282.36;5095124.72;358583.54;205000;5095124.72;0.0;3.0662;0.0;0;0.0;0;0;0;0.0;0;;;;06.945.371/0001-22;;;;;;;;;;RENUNCIA_ART3;550000.0;962053.4;2014;5.2961
B1402380600000;NA QUEBRADA;2014;;Renúncia — Art.3/3-A/39;3150282.36;5095124.72;358583.54;205000;5095124.72;0.0;3.0662;0.0;0;0.0;0;0;0;0.0;0;;;;06.945.371/0001-22;;;;;;;;;;RENUNCIA_OUTROS;400000.0;699675.2;2014;7.2821
B1402438200000;NASCIDOS PARA LUTAR - GLOVER TEIXEIRA;2014;;Renúncia — Art.3/3-A/39;0.0;0.0;104951.28;60000;0.0;0.0;0.0;0.0;0;0.0;0;0;0;0.0;0;;;;05.638.479/0001-00;;;;;;;;;;RENUNCIA_ART3;510404.12;892792.76;2014;0.0
B1402512500000;NASCIDOS PARA LUTAR - LYOTO MACHIDA;2014;;Renúncia — Art.3/3-A/39;0.0;0.0;104951.28;60000;0.0;0.0;0.0;0.0;0;0.0;0;0;0;0.0;0;;;;05.638.479/0001-00;;;;;;;;;;RENUNCIA_ART3;488696.34;854821.77;2014;0.0
B1500257400000;NERVOS DE AÇO;2014;;Renúncia — Outros Mecanismos;1790.7;2524.76;489772.64;280000;2524.76;0.0;0.0026;0.0;0;0.0;0;0;0;4.259;2;;;;31.447.584/0001-71;;;;;;;;;;RENUNCIA_OUTROS;555000.0;970799.34;2014;0.0026
B1402186500000;NÃO TÁ FÁCIL PARA NINGUÉM;2014;;Renúncia — Art.3/3-A/39;0.0;0.0;104951.28;60000;0.0;0.0;0.0;0.0;0;0.0;0;0;0;0.0;0;;;;12.375.637/0001-41;;;;;;;;;;RENUNCIA_ART3;650000.0;1136972.2;2014;0.0
B1402260600000;O CANDIDATO HONESTO;2014;;Renúncia — Art.3/3-A/39;27935387.94;45223461.36;358583.54;205000;45223461.36;0.0;5.554;0.0;0;0.0;0;0;0;3.1;1;;;;03.987.306/0002-52;;;;;;;;;;RENUNCIA_ART3;3000000.0;5247564.0;2014;8.618
B1402260600000;O CANDIDATO HONESTO;2014;;Renúncia — Art.3/3-A/39;27935387.94;45223461.36;358583.54;205000;45223461.36;0.0;5.554;0.0;0;0.0;0;0;0;3.1;1;;;;03.987.306/0002-52;;;;;;;;;;RENUNCIA_OUTROS;1655000.0;2894906.14;2014;15.6217
B1402192100000;O CASAMENTO DE GORETE;2014;;Renúncia — Art.3/3-A/39;1146641.81;1854943.16;218648.5;125000;1854943.16;0.0;0.7007;0.0;0;0.0;0;0;0;2.3;1;;;;05.776.048/0001-00;;;;;;;;;;RENUNCIA_ART3;463356.73;810498.03;2014;2.2886
B1402192100000;O CASAMENTO DE GORETE;2014;;Renúncia — Art.3/3-A/39;1146641.81;1854943.16;218648.5;125000;1854943.16;0.0;0.7007;0.0;0;0.0;0;0;0;2.3;1;;;;05.776.048/0001-00;;;;;;;;;;RENUNCIA_OUTROS;1050000.0;1836647.4;2014;1.01
B1402189800000;O CINEMA ANIMADO;2014;;Renúncia — Outros Mecanismos;0.0;0.0;104951.28;60000;0.0;0.0;0.0;0.0;0;0.0;0;0;0;4.268;2;0.0;;;02.231.569/0001-93;;;;;;;;;;RENUNCIA_OUTROS;499931.1;874473.48;2014;0.0
B1500143900000;O DIÁRIO DE MIKA;2014;;Renúncia — Outros Mecanismos;0.0;0.0;638453.62;365000;0.0;0.0;0.0;0.0;0;0.0;0;0;0;3.271;1;0.0;;;11.899.615/0001-18;;;;;;;;;;RENUNCIA_OUTROS;1220000.0;2134009.36;2014;0.0
B1402235800000;O GIGANTESCO IMÃ;2014;;Renúncia — Outros Mecanismos;5301.6;7474.88;209902.56;120000;7474.88;0.0;0.1378;0.0;0;0.0;0;0;0;0.0;0;;;;07.947.109/0001-80;;;;;;;;;;RENUNCIA_OUTROS;31000.0;54224.83;2014;0.1378
B1500036000000;O HOMEM DA SUA VIDA;2014;;Renúncia — Art.3/3-A/39;0.0;0.0;104951.28;60000;0.0;0.0;0.0;0.0;0;0.0;0;0;0;3.2;1;20.0;4.0;Oscar;01.378.559/0001-12;;;;;;;;;;RENUNCIA_ART3;6892922.69;12057017.65;2014;0.0
B1402250100000;O REI DE UMA NOTA SÓ E A BORBOLETA AZUL;2014;;Renúncia — Outros Mecanismos;0.0;0.0;0.0;0;0.0;0.0;0.0;0.0;0;0.0;0;0;0;3.9;1;0.0;;;01.137.954/0001-03;;;;;;;;;;RENUNCIA_OUTROS;113000.0;197658.24;2014;0.0
B1500272800000;O RIO POR ELES - O RIO DE JANEIRO QUE OS BRASILEIROS NUNCA VIRAM NA TELA;2014;;Renúncia — Art.3/3-A/39;0.0;0.0;0.0;0;0.0;0.0;0.0;0.0;0;0.0;0;0;0;4.252;2;2.0;0.0;;03.279.751/0001-87;;;;;;;;;;RENUNCIA_ART3;1861576.26;3256246.86;2014;0.0
B1402845900000;O SAMURAI BRASILEIRO - A HISTÓRIA DE CHIAKI ISHII;2014;;Renúncia — Art.3/3-A/39;0.0;0.0;244886.32;140000;0.0;0.0;0.0;0.0;0;0.0;0;0;0;4.185;2;0.0;;;10.459.299/0001-09;;;;;;;;;;RENUNCIA_ART3;230000.0;402313.24;2014;0.0
B1402245600000;O SEGREDO DOS DIAMANTES;2014;;Renúncia — Outros Mecanismos;106388.85;164328.08;358583.54;205000;164328.08;0.0;0.0268;0.0;0;0.0;0;0;0;4.068;2;;;;22.331.409/0001-23;;;;;;;;;;RENUNCIA_OUTROS;3502900.0;6127230.65;2014;0.0268
B1500492300000;O SHOW DA LUNA! SEGUNDA TEMPORADA;2014;;Renúncia — Art.3/3-A/39;0.0;0.0;244886.32;140000;0.0;0.0;0.0;0.0;0;0.0;0;0;0;0.0;0;0.0;;;01.161.933/0001-23;;;;;;;;;;RENUNCIA_ART3;1808652.0;3163672.37;2014;0.0
B1500492300000;O SHOW DA LUNA! SEGUNDA TEMPORADA;2014;;Renúncia — Art.3/3-A/39;0.0;0.0;244886.32;140000;0.0;0.0;0.0;0.0;0;0.0;0;0;0;0.0;0;0.0;;;01.161.933/0001-23;;;;;;;;;;RENUNCIA_OUTROS;100000.0;174918.8;2014;0.0
B1600500300000;O SILÊNCIO DO CÉU;2014;;Renúncia — Outros Mecanismos;155985.0;219793.28;594723.92;340000;219793.28;0.0;0.2052;0.0;0;0.0;0;0;0;4.1;1;;;;05.387.293/0001-25;;;;;;;;;;RENUNCIA_OUTROS;612209.19;1070868.97;2014;0.2052
B1402503800000;O VERÃO DA LATA;2014;;Renúncia — Art.3/3-A/39;0.0;0.0;104951.28;60000;0.0;0.0;0.0;0.0;0;0.0;0;0;0;4.1;1;0.0;;;10.305.776/0001-73;;;;;;;;;;RENUNCIA_ART3;230000.0;402313.24;2014;0.0
B1402503800000;O VERÃO DA LATA;2014;;Renúncia — Art.3/3-A/39;0.0;0.0;104951.28;60000;0.0;0.0;0.0;0.0;0;0.0;0;0;0;4.1;1;0.0;;;10.305.776/0001-73;;;;;;;;;;RENUNCIA_OUTROS;4000.0;6996.75;2014;0.0
B1500897000000;O ÚLTIMO VIRGEM;2014;;Renúncia — Art.3/3-A/39;1808119.8;2549311.8;209902.56;120000;2549311.8;0.0;2.429;0.0;0;0.0;0;0;0;2.6;1;0.0;;;13.538.544/0001-53;;;;;;;;;;RENUNCIA_ART3;200000.0;349837.6;2014;7.2871
B1500897000000;O ÚLTIMO VIRGEM;2014;;Renúncia — Art.3/3-A/39;1808119.8;2549311.8;209902.56;120000;2549311.8;0.0;2.429;0.0;0;0.0;0;0;0;2.6;1;0.0;;;13.538.544/0001-53;;;;;;;;;;RENUNCIA_OUTROS;400000.0;699675.2;2014;3.6436
B1500018100000;ONÇA PINTADA, MAIS PERTO DO QUE SE PODE IMAGINAR;2014;;Renúncia — Outros Mecanismos;0.0;0.0;244886.32;140000;0.0;0.0;0.0;0.0;0;0.0;0;0;0;4.0;1;;;;13.066.775/0001-01;;;;;;;;;;RENUNCIA_OUTROS;1199995.98;2099018.57;2014;0.0
B1402271000000;OS CARAS DE PAU;2014;;Renúncia — Art.3/3-A/39;25109044.92;37988890.8;358583.54;205000;37988890.8;0.0;6.805;0.0;0;0.0;0;0;0;2.4;1;7.0;0.0;;09.558.964/0001-24;;;;;;;;;;RENUNCIA_ART3;3000000.0;5247564.0;2014;7.2393
B1402271000000;OS CARAS DE PAU;2014;;Renúncia — Art.3/3-A/39;25109044.92;37988890.8;358583.54;205000;37988890.8;0.0;6.805;0.0;0;0.0;0;0;0;2.4;1;7.0;0.0;;09.558.964/0001-24;;;;;;;;;;RENUNCIA_OUTROS;191500.0;334969.5;2014;113.41
B1600591900000;OS ENIGMAS DOS DESAPARECIDOS;2014;;Renúncia — Outros Mecanismos;0.0;0.0;0.0;0;0.0;0.0;0.0;0.0;0;0.0;0;0;0;3.771;1;;;;10.922.699/0001-09;;;;;;;;;;RENUNCIA_OUTROS;17900.0;31310.47;2014;0.0
B1402408400000;OURO, SUOR E LÁGRIMAS;2014;;Renúncia — Outros Mecanismos;23089.41;33776.12;209902.56;120000;33776.12;0.0;0.0386;0.0;0;0.0;0;0;0;3.962;2;;;;32.267.676/0001-32;;;;;;;;;;RENUNCIA_OUTROS;500000.0;874594.0;2014;0.0386
B1500339400000;PEQUENO DICIONÁRIO AMOROSO 2;2014;;Renúncia — Art.3/3-A/39;226164.78;330842.96;358583.54;205000;330842.96;0.0;0.0454;0.0;0;0.0;0;0;0;0.0;0;;;Sundance;40.447.906/0001-73;;;;;;;;;;RENUNCIA_ART3;2320000.0;4058116.16;2014;0.0815
B1500339400000;PEQUENO DICIONÁRIO AMOROSO 2;2014;;Renúncia — Art.3/3-A/39;226164.78;330842.96;358583.54;205000;330842.96;0.0;0.0454;0.0;0;0.0;0;0;0;0.0;0;;;Sundance;40.447.906/0001-73;;;;;;;;;;RENUNCIA_OUTROS;1850000.0;3235997.8;2014;0.1022
B1600137900000;PLANO DE NEGÓCIOS;2014;;Renúncia — Outros Mecanismos;0.0;0.0;244886.32;140000;0.0;0.0;0.0;0.0;0;0.0;0;0;0;4.13;2;1.0;0.0;;11.562.441/0001-01;;;;;;;;;;RENUNCIA_OUTROS;400000.0;699675.2;2014;0.0
B1402297300000;PLÍNIO MARCOS NAS QUEBRADAS DO MUNDARÉU;2014;;Renúncia — Outros Mecanismos;0.0;0.0;209902.56;120000;0.0;0.0;0.0;0.0;0;0.0;0;0;0;0.0;0;;;;02.758.386/0001-20;;;;;;;;;;RENUNCIA_OUTROS;599480.55;1048604.18;2014;0.0
B1500138300000;PONTE AÉREA;2014;;Renúncia — Art.3/3-A/39;473176.62;692181.84;358583.54;205000;692181.84;0.0;0.1701;0.0;0;0.0;0;0;0;3.9;1;;;;42.473.256/0001-66;;;;;;;;;;RENUNCIA_ART3;2326600.69;4069662.01;2014;0.1701
B1600730100000;POR TRÁS DO CÉU;2014;;Renúncia — Art.3/3-A/39;22065.0;29243.48;734658.96;420000;29243.48;0.0;0.0373;0.0;0;0.0;0;0;0;4.02;2;0.0;;;51.264.273/0001-84;;;;;;;;;;RENUNCIA_ART3;48000.0;83961.02;2014;0.3483
B1600730100000;POR TRÁS DO CÉU;2014;;Renúncia — Art.3/3-A/39;22065.0;29243.48;734658.96;420000;29243.48;0.0;0.0373;0.0;0;0.0;0;0;0;4.02;2;0.0;;;51.264.273/0001-84;;;;;;;;;;RENUNCIA_OUTROS;400000.0;699675.2;2014;0.0418
B1402301300000;POR UM PUNHADO DE DÓLARES - OS NOVOS EMIGRADOS;2014;;Renúncia — Outros Mecanismos;4547.7;6083.28;244886.32;140000;6083.28;0.0;0.0116;0.0;0;0.0;0;0;0;4.345;2;;;;31.553.936/0001-73;;;;;;;;;;RENUNCIA_OUTROS;300000.0;524756.4;2014;0.0116
B1402090700000;PROMESSAS DO FUTEBOL;2014;;Renúncia — Art.3/3-A/39;0.0;0.0;104951.28;60000;0.0;0.0;0.0;0.0;0;0.0;0;0;0;0.0;0;;;;03.360.320/0001-40;;;;;;;;;;RENUNCIA_ART3;989984.23;1731668.54;2014;0.0
B1500296100000;QUE TALENTO! SEGUNDA TEMPORADA;2014;;Renúncia — Art.3/3-A/39;0.0;0.0;104951.28;60000;0.0;0.0;0.0;0.0;0;0.0;0;0;0;0.0;0;0.0;;;67.414.508/0001-07;;;;;;;;;;RENUNCIA_ART3;3000000.0;5247564.0;2014;0.0
B1402719200000;REAL BELEZA;2014;;Renúncia — Art.3/3-A/39;152303.13;222795.16;349837.6;200000;222795.16;0.0;0.0607;0.0;0;0.0;0;0;0;0.0;0;;;;94.625.829/0001-23;;;;;;;;;;RENUNCIA_ART3;600000.0;1049512.8;2014;0.2123
B1402719200000;REAL BELEZA;2014;;Renúncia — Art.3/3-A/39;152303.13;222795.16;349837.6;200000;222795.16;0.0;0.0607;0.0;0;0.0;0;0;0;0.0;0;;;;94.625.829/0001-23;;;;;;;;;;RENUNCIA_OUTROS;1500000.0;2623782.0;2014;0.0849
B1402158000000;RESISTIR É PRECISO;2014;;Renúncia — Outros Mecanismos;0.0;0.0;244886.32;140000;0.0;0.0;0.0;0.0;0;0.0;0;0;0;0.0;0;;;;04.344.932/0001-02;;;;;;;;;;RENUNCIA_OUTROS;1140000.0;1994074.32;2014;0.0
B1402237600000;RONDON - O GRANDE CHEFE;2014;;Renúncia — Outros Mecanismos;0.0;0.0;209902.56;120000;0.0;0.0;0.0;0.0;0;0.0;0;0;0;4.343;2;;;;06.058.551/0001-92;;;;;;;;;;RENUNCIA_OUTROS;2270000.0;3970656.76;2014;0.0
B1500166700000;SABOTAGE: O MAESTRO DO CANÃO;2014;;Renúncia — Outros Mecanismos;0.0;0.0;734658.96;420000;0.0;0.0;0.0;0.0;0;0.0;0;0;0;3.734;2;;;;06.013.078/0001-27;;;;;;;;;;RENUNCIA_OUTROS;310000.0;542248.28;2014;0.0
B1500478900000;SE EU FOSSE VOCÊ: A SÉRIE - 2ª TEMPORADA;2014;;Renúncia — Art.3/3-A/39;0.0;0.0;104951.28;60000;0.0;0.0;0.0;0.0;0;0.0;0;0;0;3.895;2;;;;02.863.008/0001-07;;;;;;;;;;RENUNCIA_ART3;3000000.0;5247564.0;2014;0.0
B1500478900000;SE EU FOSSE VOCÊ: A SÉRIE - 2ª TEMPORADA;2014;;Renúncia — Art.3/3-A/39;0.0;0.0;104951.28;60000;0.0;0.0;0.0;0.0;0;0.0;0;0;0;3.895;2;;;;02.863.008/0001-07;;;;;;;;;;RENUNCIA_OUTROS;1298172.32;2270747.44;2014;0.0
B1402173200000;SEM PENA;2014;;Renúncia — Outros Mecanismos;91580.34;147787.92;323599.78;185000;147787.92;0.0;0.1119;0.0;0;0.0;0;0;0;0.0;0;;;;00.205.194/0001-61;;;;;;;;;;RENUNCIA_OUTROS;755000.0;1320636.94;2014;0.1119
B1500037300000;SHOW DO KIBE;2014;;Renúncia — Art.3/3-A/39;0.0;0.0;104951.28;60000;0.0;0.0;0.0;0.0;0;0.0;0;0;0;4.5;1;;;;08.371.400/0001-15;;;;;;;;;;RENUNCIA_ART3;1200000.05;2099025.69;2014;0.0
B1402278100000;SOS PÉ NA BUNDA;2014;;Renúncia — Outros Mecanismos;0.0;0.0;104951.28;60000;0.0;0.0;0.0;0.0;0;0.0;0;0;0;0.0;0;1.0;0.0;;06.967.225/0001-06;;;;;;;;;;RENUNCIA_OUTROS;700000.0;1224431.6;2014;0.0
B1500091200000;SUPERPAI;2014;;Renúncia — Art.3/3-A/39;6157832.85;9007926.2;358583.54;205000;9007926.2;0.0;1.7166;0.0;0;0.0;0;0;0;3.5;1;;;;11.545.487/0001-04;;;;;;;;;;RENUNCIA_ART3;3000000.0;5247564.0;2014;1.7166
B1402822600000;TRABALHO DURO;2014;;Renúncia — Art.3/3-A/39;0.0;0.0;104951.28;60000;0.0;0.0;0.0;0.0;0;0.0;0;0;0;0.0;0;;;;02.525.725/0001-29;;;;;;;;;;RENUNCIA_ART3;2071739.47;3623861.82;2014;0.0
B1402189700000;TRIUNFO;2014;;Renúncia — Art.3/3-A/39;0.0;0.0;209902.56;120000;0.0;0.0;0.0;0.0;0;0.0;0;0;0;4.062;2;0.0;;;01.379.004/0001-95;;;;;;;;;;RENUNCIA_OUTROS;314803.63;550650.73;2014;0.0
B1402215300000;TUDO POR AMOR AO CINEMA;2014;;Renúncia — Art.3/3-A/39;8140.41;11908.12;104951.28;60000;11908.12;0.0;0.0082;0.0;0;0.0;0;0;0;4.175;2;;;;01.605.800/0001-07;;;;;;;;;;RENUNCIA_ART3;32000.0;55974.02;2014;0.2127
B1402215300000;TUDO POR AMOR AO CINEMA;2014;;Renúncia — Art.3/3-A/39;8140.41;11908.12;104951.28;60000;11908.12;0.0;0.0082;0.0;0;0.0;0;0;0;4.175;2;;;;01.605.800/0001-07;;;;;;;;;;RENUNCIA_OUTROS;800000.0;1399350.4;2014;0.0085
B1500150200000;TUDO QUE APRENDEMOS JUNTOS;2014;;Renúncia — Art.3/3-A/39;652513.05;953365.28;358583.54;205000;953365.28;0.0;0.0805;4.5;0;22.5;0;0;0;3.612;2;;;;01.378.559/0001-12;;;;;;;;;;RENUNCIA_ART3;2768951.61;4843416.93;2014;0.1968
B1500150200000;TUDO QUE APRENDEMOS JUNTOS;2014;;Renúncia — Art.3/3-A/39;652513.05;953365.28;358583.54;205000;953365.28;0.0;0.0805;4.5;0;22.5;0;0;0;3.612;2;;;;01.378.559/0001-12;;;;;;;;;;RENUNCIA_OUTROS;3998335.0;6993839.6;2014;0.1363
B1500017300000;UM CONTRA TODOS;2014;;Renúncia — Art.3/3-A/39;0.0;0.0;104951.28;60000;0.0;0.0;0.0;0.0;0;0.0;0;0;0;3.5;1;;;;94.100.302/0001-85;;;;;;;;;;RENUNCIA_ART3;500000.0;874594.0;2014;0.0
B1402193800000;UMA GÔNDOLA PARA NOVA VENEZA;2014;;Renúncia — Outros Mecanismos;0.0;0.0;104951.28;60000;0.0;0.0;0.0;0.0;0;0.0;0;0;0;3.5;1;;;;00.508.766/0001-81;;;;;;;;;;RENUNCIA_OUTROS;86480.2;151270.13;2014;0.0
B1402156100000;VERMELHO BRASIL - FILME;2014;;Renúncia — Art.3/3-A/39;6606.64;10695.44;244886.32;140000;10695.44;0.0;0.0014;0.0;0;0.0;0;0;0;0.0;0;;;;02.020.661/0001-04;;;;;;;;;;RENUNCIA_ART3;1500000.0;2623782.0;2014;0.0041
B1402156100000;VERMELHO BRASIL - FILME;2014;;Renúncia — Art.3/3-A/39;6606.64;10695.44;244886.32;140000;10695.44;0.0;0.0014;0.0;0;0.0;0;0;0;0.0;0;;;;02.020.661/0001-04;;;;;;;;;;RENUNCIA_OUTROS;2738461.54;4790084.06;2014;0.0022
B1402161300000;VERMELHO BRASIL - SÉRIE;2014;;Renúncia — Art.3/3-A/39;0.0;0.0;139935.04;80000;0.0;0.0;0.0;0.0;0;0.0;0;0;0;0.0;0;;;;02.020.661/0001-04;;;;;;;;;;RENUNCIA_ART3;1500000.0;2623782.0;2014;0.0
B1402161300000;VERMELHO BRASIL - SÉRIE;2014;;Renúncia — Art.3/3-A/39;0.0;0.0;139935.04;80000;0.0;0.0;0.0;0.0;0;0.0;0;0;0;0.0;0;;;;02.020.661/0001-04;;;;;;;;;;RENUNCIA_OUTROS;2738461.54;4790084.06;2014;0.0
B1402176800000;VÁRZEA F.C.;2014;;Renúncia — Art.3/3-A/39;0.0;0.0;104951.28;60000;0.0;0.0;0.0;0.0;0;0.0;0;0;0;0.0;0;;;;10.502.952/0001-67;;;;;;;;;;RENUNCIA_ART3;1403017.0;2454140.5;2014;0.0
B1500198100000;ÁGUAS DO BRASIL;2014;;Renúncia — Outros Mecanismos;0.0;0.0;104951.28;60000;0.0;0.0;0.0;0.0;0;0.0;0;0;0;4.343;2;;;;01.613.170/0001-04;;;;;;;;;;RENUNCIA_OUTROS;199282.52;348582.59;2014;0.0
B1600109500000;A CIDADE NÃO PARA;2015;;Renúncia — Art.3/3-A/39;0.0;0.0;94832.64;60000;0.0;0.0;0.0;0.0;0;0.0;0;0;0;0.0;0;;;;09.494.764/0001-55;;;;;;;;;;RENUNCIA_ART3;307000.0;485227.01;2015;0.0
B1600181500000;A CIDADE ONDE ENVELHEÇO;2015;;Renúncia — Outros Mecanismos;139800.92;185281.6;221276.16;140000;185281.6;0.0;0.2923;20.6;0;53.0;0;7;7;0.0;0;;;;07.525.577/0001-66;;;;;;;;;;RENUNCIA_OUTROS;401000.0;633798.14;2015;0.2923
B1600680500000;A DESTRUIÇÃO DE BERNARDET;2015;;Renúncia — Outros Mecanismos;20379.2;26937.4;442552.32;280000;26937.4;0.0;0.0341;0.0;0;0.0;0;0;0;0.0;0;0.0;;;67.619.171/0001-74;;;;;;;;;;RENUNCIA_OUTROS;500000.0;790272.0;2015;0.0341
B1500681300000;A ESTILISTA;2015;;Renúncia — Outros Mecanismos;0.0;0.0;94832.64;60000;0.0;0.0;0.0;0.0;0;0.0;0;0;0;0.0;0;;;;03.699.216/0001-85;;;;;;;;;;RENUNCIA_OUTROS;370000.0;584801.28;2015;0.0
B1500710900000;A LENDA DO GATO PRETO;2015;;Renúncia — Outros Mecanismos;0.0;0.0;0.0;0;0.0;0.0;0.0;0.0;0;0.0;0;0;0;3.793;2;0.0;;;05.966.506/0001-73;;;;;;;;;;RENUNCIA_OUTROS;527900.0;834369.18;2015;0.0
B1600296800000;A LOUCURA ENTRE NÓS;2015;;Renúncia — Outros Mecanismos;72983.4;102839.24;102735.36;65000;102839.24;0.0;0.0723;0.0;0;0.0;0;0;0;3.6;1;0.0;;;13.535.692/0001-14;;;;;;;;;;RENUNCIA_OUTROS;900000.0;1422489.6;2015;0.0723
B1700428000000;A MENINA ÍNDIGO;2015;;Renúncia — Outros Mecanismos;201840.0;267505.28;229178.88;145000;267505.28;0.0;0.0594;0.0;0;0.0;0;0;0;2.5;1;;;;01.946.155/0001-88;;;;;;;;;;RENUNCIA_OUTROS;2850526.6;4505382.71;2015;0.0594
B1600180400000;A SAGA DA ALMA DE UM POETA;2015;;Renúncia — Art.3/3-A/39;0.0;0.0;94832.64;60000;0.0;0.0;0.0;0.0;0;0.0;0;0;0;4.095;2;;;;03.347.886/0001-32;;;;;;;;;;RENUNCIA_OUTROS;9359.68;14793.39;2015;0.0
B1500630200000;A VAGA - 2ª TEMPORADA;2015;;Renúncia — Art.3/3-A/39;0.0;0.0;94832.64;60000;0.0;0.0;0.0;0.0;0;0.0;0;0;0;0.0;0;;;;02.525.725/0001-29;;;;;;;;;;RENUNCIA_ART3;2859430.36;4519455.5;2015;0.0
B1600472600000;AGUÁPOLIS;2015;;Renúncia — Outros Mecanismos;0.0;0.0;94832.64;60000;0.0;0.0;0.0;0.0;0;0.0;0;0;0;0.0;0;0.0;;;12.521.386/0001-66;;;;;;;;;;RENUNCIA_OUTROS;110550.36;174729.71;2015;0.0
B1600310800000;ANJOS DA ESTRADA;2015;;Renúncia — Art.3/3-A/39;0.0;0.0;221276.16;140000;0.0;0.0;0.0;0.0;0;0.0;0;0;0;4.5;1;0.0;;;02.947.857/0001-49;;;;;;;;;;RENUNCIA_ART3;1668141.74;2636571.42;2015;0.0
B1600310800000;ANJOS DA ESTRADA;2015;;Renúncia — Art.3/3-A/39;0.0;0.0;221276.16;140000;0.0;0.0;0.0;0.0;0;0.0;0;0;0;4.5;1;0.0;;;02.947.857/0001-49;;;;;;;;;;RENUNCIA_OUTROS;500000.0;790272.0;2015;0.0
B1600464000000;AO SOM DO CHAMAMÉ;2015;;Renúncia — Outros Mecanismos;0.0;0.0;0.0;0;0.0;0.0;0.0;0.0;0;0.0;0;0;0;0.0;0;;;;12.772.107/0001-37;;;;;;;;;;RENUNCIA_OUTROS;180000.0;284497.92;2015;0.0
B1500659200000;ARACATI LONGA-METRAGEM;2015;;Renúncia — Art.3/3-A/39;0.0;0.0;0.0;0;0.0;0.0;0.0;0.0;0;0.0;0;0;0;0.0;0;4.0;2.0;;10.731.397/0001-45;;;;;;;;;;RENUNCIA_ART3;308750.0;487992.96;2015;0.0
B1500809300000;ATOL DAS ROCAS - RESERVA MARINHA;2015;;Renúncia — Outros Mecanismos;0.0;0.0;94832.64;60000;0.0;0.0;0.0;0.0;0;0.0;0;0;0;0.0;0;0.0;;;04.524.792/0001-54;;;;;;;;;;RENUNCIA_OUTROS;150000.0;237081.6;2015;0.0
B1500595400000;ATÉ QUE A MORTE NOS SEPARE - 2A TEMPORADA;2015;;Renúncia — Art.3/3-A/39;0.0;0.0;221276.16;140000;0.0;0.0;0.0;0.0;0;0.0;0;0;0;3.6;1;1.0;0.0;;00.020.648/0001-20;;;;;;;;;;RENUNCIA_ART3;930000.0;1469905.92;2015;0.0
B1500904200000;ATÉ QUE A SORTE NOS SEPARE 3;2015;;Renúncia — Art.3/3-A/39;47173626.27;67190583.04;324011.52;205000;67190583.04;0.0;8.5881;0.0;0;0.0;0;0;0;3.6;1;;;;01.378.559/0002-01;;;;;;;;;;RENUNCIA_ART3;3000000.0;4741632.0;2015;14.1703
B1500904200000;ATÉ QUE A SORTE NOS SEPARE 3;2015;;Renúncia — Art.3/3-A/39;47173626.27;67190583.04;324011.52;205000;67190583.04;0.0;8.5881;0.0;0;0.0;0;0;0;3.6;1;;;;01.378.559/0002-01;;;;;;;;;;RENUNCIA_OUTROS;1950000.0;3082060.8;2015;21.8005
B1500840400000;BEM CASADOS;2015;;Renúncia — Art.3/3-A/39;6778121.7;9912665.0;576898.56;365000;9912665.0;0.0;1.4655;0.0;0;0.0;0;0;0;0.0;0;10.0;0.0;;03.838.776/0001-73;;;;;;;;;;RENUNCIA_ART3;1079607.6;1706367.31;2015;5.8092
B1500840400000;BEM CASADOS;2015;;Renúncia — Art.3/3-A/39;6778121.7;9912665.0;576898.56;365000;9912665.0;0.0;1.4655;0.0;0;0.0;0;0;0;0.0;0;10.0;0.0;;03.838.776/0001-73;;;;;;;;;;RENUNCIA_OUTROS;3200000.0;5057740.8;2015;1.9599
B1500712100000;BETINHO-A ESPERANÇA EQUILIBRISTA;2015;;Renúncia — Art.3/3-A/39;29633.85;43338.4;537384.96;340000;43338.4;0.0;0.0292;2.5;0;12.5;0;0;0;0.0;0;;;;00.360.459/0001-04;;;;;;;;;;RENUNCIA_ART3;350000.0;553190.4;2015;0.0783
B1500712100000;BETINHO-A ESPERANÇA EQUILIBRISTA;2015;;Renúncia — Art.3/3-A/39;29633.85;43338.4;537384.96;340000;43338.4;0.0;0.0292;2.5;0;12.5;0;0;0;0.0;0;;;;00.360.459/0001-04;;;;;;;;;;RENUNCIA_OUTROS;590000.0;932520.96;2015;0.0465
B1500798600000;BOI NEON;2015;;Renúncia — Art.3/3-A/39;503341.0;709457.56;671731.2;425000;709457.56;0.0;1.2825;43.84;0;100.5;24787;22;8;3.5;1;;;Rotterdam;12.658.679/0001-90;;;;;;;;;;RENUNCIA_OUTROS;350000.0;553190.4;2015;1.2825
B1500704800000;BRASIL 2050 - 2ª TEMPORADA;2015;;Renúncia — Outros Mecanismos;0.0;0.0;663828.48;420000;0.0;0.0;0.0;0.0;0;0.0;0;0;0;0.0;0;1.0;0.0;;06.096.915/0001-29;;;;;;;;;;RENUNCIA_OUTROS;1050000.0;1659571.2;2015;0.0
B1500562900000;BRAVA GENTE ITALIANA;2015;;Renúncia — Outros Mecanismos;0.0;0.0;102735.36;65000;0.0;0.0;0.0;0.0;0;0.0;0;0;0;0.0;0;;;;00.101.698/0001-31;;;;;;;;;;RENUNCIA_OUTROS;1137190.87;1797380.21;2015;0.0
B1500340300000;CALIFÓRNIA;2015;;Renúncia — Art.3/3-A/39;191629.17;278081.44;410941.44;260000;278081.44;0.0;0.0961;3.8;0;19.0;0;0;0;0.0;0;;;Rotterdam;60.636.537/0001-74;;;;;;;;;;RENUNCIA_OUTROS;1831511.71;2894784.84;2015;0.0961
B1500453100000;CARROSSEL - O FILME;2015;;Renúncia — Art.3/3-A/39;35568471.36;52029916.12;324011.52;205000;52029916.12;0.0;24.6603;0.0;0;0.0;0;0;0;3.3;1;0.0;;;12.580.503/0002-43;;;;;;;;;;RENUNCIA_ART3;434899.74;687378.17;2015;75.6933
B1500453100000;CARROSSEL - O FILME;2015;;Renúncia — Art.3/3-A/39;35568471.36;52029916.12;324011.52;205000;52029916.12;0.0;24.6603;0.0;0;0.0;0;0;0;3.3;1;0.0;;;12.580.503/0002-43;;;;;;;;;;RENUNCIA_OUTROS;900000.0;1422489.6;2015;36.5767
B1500777500000;CHICO - ARTISTA BRASILEIRO;2015;;Renúncia — Art.3/3-A/39;1744883.85;2525018.44;324011.52;205000;2525018.44;0.0;0.4354;9.5;0;0.0;1091;0;0;0.0;0;;;;35.892.546/0001-89;;;;;;;;;;RENUNCIA_ART3;2400000.0;3793305.6;2015;0.6657
B1500777500000;CHICO - ARTISTA BRASILEIRO;2015;;Renúncia — Art.3/3-A/39;1744883.85;2525018.44;324011.52;205000;2525018.44;0.0;0.4354;9.5;0;0.0;1091;0;0;0.0;0;;;;35.892.546/0001-89;;;;;;;;;;RENUNCIA_OUTROS;1269000.0;2005710.34;2015;1.2589
B1600115500000;CHICO SCIENCE, UM CARANGUEJO ELÉTRICO;2015;;Renúncia — Art.3/3-A/39;0.0;0.0;126443.52;80000;0.0;0.0;0.0;0.0;0;0.0;0;0;0;0.0;0;;;;02.175.084/0001-20;;;;;;;;;;RENUNCIA_ART3;500000.0;790272.0;2015;0.0
B1500723200000;CINCO VEZES CHICO O VELHO E SUA GENTE;2015;;Renúncia — Art.3/3-A/39;15810.9;22881.88;221276.16;140000;22881.88;0.0;0.0126;1.7;0;8.5;0;0;0;3.75;1;15.0;18.0;;09.107.296/0001-19;;;;;;;;;;RENUNCIA_ART3;150000.0;237081.6;2015;0.0965
B1500723200000;CINCO VEZES CHICO O VELHO E SUA GENTE;2015;;Renúncia — Art.3/3-A/39;15810.9;22881.88;221276.16;140000;22881.88;0.0;0.0126;1.7;0;8.5;0;0;0;3.75;1;15.0;18.0;;09.107.296/0001-19;;;;;;;;;;RENUNCIA_OUTROS;1000000.0;1580544.0;2015;0.0145
B1500863000000;CLUBVERSÃO 2;2015;;Renúncia — Art.3/3-A/39;0.0;0.0;94832.64;60000;0.0;0.0;0.0;0.0;0;0.0;0;0;0;0.0;0;1.0;0.0;;08.708.048/0001-60;;;;;;;;;;RENUNCIA_ART3;1688649.7;2668985.15;2015;0.0
B1500583400000;COMER BEM, QUE MAL TEM?;2015;;Renúncia — Art.3/3-A/39;0.0;0.0;94832.64;60000;0.0;0.0;0.0;0.0;0;0.0;0;0;0;3.433;2;;;;15.479.865/0001-50;;;;;;;;;;RENUNCIA_ART3;1223229.97;1933368.79;2015;0.0
B1500922400000;CONSELHO TUTELAR - 2A TEMPORADA;2015;;Renúncia — Art.3/3-A/39;0.0;0.0;221276.16;140000;0.0;0.0;0.0;0.0;0;0.0;0;0;0;0.0;0;;;;28.629.780/0001-52;;;;;;;;;;RENUNCIA_ART3;2249664.41;3555693.59;2015;0.0
B1500559900000;CORA CORALINA - TODAS AS VIDAS;2015;;Renúncia — Outros Mecanismos;99769.92;132042.96;94832.64;60000;132042.96;0.0;0.1671;0.0;0;0.0;0;0;0;0.0;0;;;;37.981.206/0001-50;;;;;;;;;;RENUNCIA_OUTROS;500000.0;790272.0;2015;0.1671
B1500406100000;CÃES HERÓIS;2015;;Renúncia — Art.3/3-A/39;0.0;0.0;221276.16;140000;0.0;0.0;0.0;0.0;0;0.0;0;0;0;3.627;2;;;;02.947.857/0001-49;;;;;;;;;;RENUNCIA_ART3;1820332.17;2877115.09;2015;0.0
B1600192300000;DE ONDE EU TE VEJO;2015;;Renúncia — Art.3/3-A/39;465257.7;655980.36;229178.88;145000;655980.36;0.0;0.1107;0.0;0;0.0;0;0;0;4.0;1;;;;07.477.471/0001-34;;;;;;;;;;RENUNCIA_ART3;3000000.0;4741632.0;2015;0.1383
B1600192300000;DE ONDE EU TE VEJO;2015;;Renúncia — Art.3/3-A/39;465257.7;655980.36;229178.88;145000;655980.36;0.0;0.1107;0.0;0;0.0;0;0;0;4.0;1;;;;07.477.471/0001-34;;;;;;;;;;RENUNCIA_OUTROS;750000.0;1185408.0;2015;0.5534
B1600454400000;DESCULPE O TRANSTORNO;2015;;Renúncia — Art.3/3-A/39;2155128.6;3038578.48;221276.16;140000;3038578.48;0.0;0.3525;0.0;0;0.0;0;0;0;0.0;0;;;;01.378.559/0001-12;;;;;;;;;;RENUNCIA_ART3;4603755.7;7276438.45;2015;0.4176
B1600454400000;DESCULPE O TRANSTORNO;2015;;Renúncia — Art.3/3-A/39;2155128.6;3038578.48;221276.16;140000;3038578.48;0.0;0.3525;0.0;0;0.0;0;0;0;0.0;0;;;;01.378.559/0001-12;;;;;;;;;;RENUNCIA_OUTROS;850000.0;1343462.4;2015;2.2618
B1500657300000;DESTINO SALVADOR;2015;;Renúncia — Art.3/3-A/39;0.0;0.0;94832.64;60000;0.0;0.0;0.0;0.0;0;0.0;0;0;0;0.0;0;0.0;;;02.525.725/0001-29;;;;;;;;;;RENUNCIA_ART3;5503653.05;8698765.81;2015;0.0
B1500877500000;DEU MATCH!;2015;;Renúncia — Art.3/3-A/39;0.0;0.0;94832.64;60000;0.0;0.0;0.0;0.0;0;0.0;0;0;0;4.28;1;;;;06.900.652/0001-69;;;;;;;;;;RENUNCIA_ART3;828312.98;1309185.11;2015;0.0
B1500637800000;DISTRITO CULTURAL;2015;;Renúncia — Art.3/3-A/39;0.0;0.0;126443.52;80000;0.0;0.0;0.0;0.0;0;0.0;0;0;0;0.0;0;0.0;;;03.218.295/0001-65;;;;;;;;;;RENUNCIA_ART3;501600.0;792800.87;2015;0.0
B1500777200000;DO MEU JEITO;2015;;Renúncia — Outros Mecanismos;0.0;0.0;94832.64;60000;0.0;0.0;0.0;0.0;0;0.0;0;0;0;3.075;2;;;;09.494.764/0001-55;;;;;;;;;;RENUNCIA_ART3;204976.75;323974.77;2015;0.0
B1500740900000;DOCUMENTÁRIO SAMBA & JAZZ: RIO DE JANEIRO - NEW ORLEANS;2015;;Renúncia — Outros Mecanismos;25989.54;37632.84;537384.96;340000;37632.84;0.0;0.0952;0.0;0;0.0;0;0;0;4.252;2;;;;06.935.870/0001-39;;;;;;;;;;RENUNCIA_OUTROS;250000.0;395136.0;2015;0.0952
B1600445900000;DRAMA DA PAIXÃO - UM DOCUMENTÁRIO;2015;;Renúncia — Outros Mecanismos;0.0;0.0;221276.16;140000;0.0;0.0;0.0;0.0;0;0.0;0;0;0;4.1;1;;;;12.855.567/0001-29;;;;;;;;;;RENUNCIA_OUTROS;55280.0;87372.47;2015;0.0
B1500903800000;ECONOMIA BRASILEIRA - A HISTÓRIA CONTADA POR QUEM A FEZ.;2015;;Renúncia — Outros Mecanismos;0.0;0.0;126443.52;80000;0.0;0.0;0.0;0.0;0;0.0;0;0;0;3.767;1;;;;97.533.170/0001-73;;;;;;;;;;RENUNCIA_OUTROS;1340000.0;2117928.96;2015;0.0
B1500558500000;ENTRANDO NUMA ROUBADA;2015;;Renúncia — Art.3/3-A/39;1825775.73;2670818.36;197568.0;125000;2670818.36;0.0;5.6327;0.0;0;0.0;0;0;0;4.138;2;0.0;;;05.256.465/0001-21;;;;;;;;;;RENUNCIA_ART3;300000.0;474163.2;2015;5.6327
B1500183700000;ENTRE ABELHAS;2015;;Renúncia — Art.3/3-A/39;6035658.75;8829205.0;229178.88;145000;8829205.0;0.0;1.9131;0.0;0;0.0;0;0;0;0.0;0;;;;06.998.046/0001-28;;;;;;;;;;RENUNCIA_ART3;1900000.0;3003033.6;2015;2.9401
B1500183700000;ENTRE ABELHAS;2015;;Renúncia — Art.3/3-A/39;6035658.75;8829205.0;229178.88;145000;8829205.0;0.0;1.9131;0.0;0;0.0;0;0;0;0.0;0;;;;06.998.046/0001-28;;;;;;;;;;RENUNCIA_OUTROS;1020000.0;1612154.88;2015;5.4766
B1600492200000;ENTRE NÓS, O ESTRANHO;2015;;Renúncia — Outros Mecanismos;0.0;0.0;126443.52;80000;0.0;0.0;0.0;0.0;0;0.0;0;0;0;3.6;1;0.0;;;04.937.797/0001-09;;;;;;;;;;RENUNCIA_OUTROS;142800.0;225701.68;2015;0.0
B1500865900000;ESTIVE EM LISBOA E LEMBREI DE VOCÊ;2015;;Renúncia — Outros Mecanismos;50619.0;71369.2;94832.64;60000;71369.2;0.0;0.0753;10.88;0;0.0;694;1;1;3.683;2;;;;05.436.489/0001-62;;;;;;;;;;RENUNCIA_OUTROS;600000.0;948326.4;2015;0.0753
B1700544600000;ESTRADA DE SONHOS;2015;;Renúncia — Outros Mecanismos;4993.28;6600.16;102735.36;65000;6600.16;0.0;0.0075;0.0;0;0.0;0;0;0;3.32;1;;;;09.324.313/0001-70;;;;;;;;;;RENUNCIA_OUTROS;555566.78;878097.74;2015;0.0075
B1500785100000;ESTÚDIO 360;2015;;Renúncia — Art.3/3-A/39;0.0;0.0;94832.64;60000;0.0;0.0;0.0;0.0;0;0.0;0;0;0;3.8;1;0.0;;;08.440.376/0001-29;;;;;;;;;;RENUNCIA_ART3;1500000.0;2370816.0;2015;0.0
B1600249600000;GARAGEM HOT ROD;2015;;Renúncia — Art.3/3-A/39;0.0;0.0;94832.64;60000;0.0;0.0;0.0;0.0;0;0.0;0;0;0;0.0;0;7.0;0.0;;02.947.857/0001-49;;;;;;;;;;RENUNCIA_ART3;2741515.7;4333086.19;2015;0.0
B1600327100000;GIGANTES DO BRASIL;2015;;Renúncia — Art.3/3-A/39;0.0;0.0;94832.64;60000;0.0;0.0;0.0;0.0;0;0.0;0;0;0;3.733;1;;;;16.729.130/0001-08;;;;;;;;;;RENUNCIA_ART3;2000000.0;3161088.0;2015;0.0
B1600327100000;GIGANTES DO BRASIL;2015;;Renúncia — Art.3/3-A/39;0.0;0.0;94832.64;60000;0.0;0.0;0.0;0.0;0;0.0;0;0;0;3.733;1;;;;16.729.130/0001-08;;;;;;;;;;RENUNCIA_OUTROS;945752.0;1494802.65;2015;0.0
B1600116800000;GLAUCO DO BRASIL;2015;;Renúncia — Outros Mecanismos;3285.3;4632.04;94832.64;60000;4632.04;0.0;0.0147;0.0;0;0.0;0;0;0;4.343;2;;;;10.780.165/0001-87;;;;;;;;;;RENUNCIA_OUTROS;200000.0;316108.8;2015;0.0147
B1600069800000;GLITTER MODEL;2015;;Renúncia — Art.3/3-A/39;0.0;0.0;221276.16;140000;0.0;0.0;0.0;0.0;0;0.0;0;0;0;0.0;0;0.0;;;03.876.997/0001-36;;;;;;;;;;RENUNCIA_ART3;2533156.99;4003766.08;2015;0.0
B1500283900000;HENRY KAYATH: O HOMEM E SEU TEMPO;2015;;Renúncia — Art.3/3-A/39;253.8;357.84;0.0;0;357.84;0.0;0.0006;0.0;0;0.0;0;0;0;3.648;2;;;;60.636.537/0001-74;;;;;;;;;;RENUNCIA_OUTROS;353400.0;558564.25;2015;0.0006
B1500275500000;HISTORIETAS ASSOMBRADAS - 2ª TEMPORADA;2015;;sem_categoria;0.0;0.0;221276.16;140000;0.0;0.0;0.0;0.0;0;0.0;0;0;0;0.0;0;;;;02.140.164/0001-40;;;;;;;;;;RENUNCIA_OUTROS;360025.0;569035.35;2015;0.0
B1500286600000;HOMEM AO MAR - A CULTURA AÇORIANA NO IMAGINÁRIO BRASILEIRO;2015;;Renúncia — Outros Mecanismos;0.0;0.0;0.0;0;0.0;0.0;0.0;0.0;0;0.0;0;0;0;4.3;1;;;;59.075.184/0001-00;;;;;;;;;;RENUNCIA_OUTROS;281298.71;444604.99;2015;0.0
B1600348400000;INSPIRA.MOV BRASIL;2015;;Renúncia — Outros Mecanismos;0.0;0.0;221276.16;140000;0.0;0.0;0.0;0.0;0;0.0;0;0;0;0.0;0;;;;64.044.886/0001-58;;;;;;;;;;RENUNCIA_OUTROS;700000.0;1106380.8;2015;0.0
B1500643000000;INTRODUÇÃO À MÚSICA DO SANGUE;2015;;Renúncia — Outros Mecanismos;8235.0;10914.12;537384.96;340000;10914.12;0.0;0.0173;0.0;0;0.0;0;0;0;4.05;2;;;;03.191.048/0001-12;;;;;;;;;;RENUNCIA_OUTROS;400000.0;632217.6;2015;0.0173
B1500575600000;JIA ZHANG-KE, UM HOMEM DE FENYANG;2015;;Renúncia — Outros Mecanismos;88043.78;128563.96;197568.0;125000;128563.96;0.0;0.1216;0.0;0;0.0;0;0;0;4.1;1;;;;31.179.864/0001-46;;;;;;;;;;RENUNCIA_OUTROS;669202.7;1057704.31;2015;0.1216
B1600057400000;LABORATÓRIO DA LUTA;2015;;Renúncia — Art.3/3-A/39;0.0;0.0;189665.28;120000;0.0;0.0;0.0;0.0;0;0.0;0;0;0;4.45;2;0.0;;;02.947.857/0001-49;;;;;;;;;;RENUNCIA_ART3;2317015.8;3662145.42;2015;0.0
B1600294500000;MAIS FORTE QUE O MUNDO - A HISTÓRIA DE JOSÉ ALDO;2015;;Renúncia — Art.3/3-A/39;8052044.7;11352811.96;324011.52;205000;11352811.96;0.0;2.1766;0.0;0;0.0;0;0;0;4.0;1;2.0;0.0;;01.478.079/0001-23;;;;;;;;;;RENUNCIA_ART3;3000000.0;4741632.0;2015;2.3943
B1600294500000;MAIS FORTE QUE O MUNDO - A HISTÓRIA DE JOSÉ ALDO;2015;;Renúncia — Art.3/3-A/39;8052044.7;11352811.96;324011.52;205000;11352811.96;0.0;2.1766;0.0;0;0.0;0;0;0;4.0;1;2.0;0.0;;01.478.079/0001-23;;;;;;;;;;RENUNCIA_OUTROS;300000.0;474163.2;2015;23.9428
B1500240200000;MONSTROS DO RINGUE;2015;;Renúncia — Outros Mecanismos;0.0;0.0;189665.28;120000;0.0;0.0;0.0;0.0;0;0.0;0;0;0;0.0;0;;;;02.028.727/0001-02;;;;;;;;;;RENUNCIA_OUTROS;100000.0;158054.4;2015;0.0
B1500661200000;MUNDO CÃO;2015;;Renúncia — Art.3/3-A/39;276698.4;390125.12;102735.36;65000;390125.12;0.0;0.0618;0.0;0;0.0;0;0;0;3.5;1;;;;03.675.713/0001-43;;;;;;;;;;RENUNCIA_ART3;2928560.57;4628718.84;2015;0.0843
B1500661200000;MUNDO CÃO;2015;;Renúncia — Art.3/3-A/39;276698.4;390125.12;102735.36;65000;390125.12;0.0;0.0618;0.0;0;0.0;0;0;0;3.5;1;;;;03.675.713/0001-43;;;;;;;;;;RENUNCIA_OUTROS;1065000.0;1683279.36;2015;0.2318
B1500742600000;NASCIDOS PARA O COMBATE;2015;;Renúncia — Art.3/3-A/39;0.0;0.0;189665.28;120000;0.0;0.0;0.0;0.0;0;0.0;0;0;0;0.0;0;;;;06.998.046/0001-28;;;;;;;;;;RENUNCIA_ART3;1500000.0;2370816.0;2015;0.0
B1500543700000;NINGUÉM AMA NINGUÉM...POR MAIS DE DOIS ANOS;2015;;Renúncia — Outros Mecanismos;159432.0;233093.0;189665.28;120000;233093.0;0.0;0.3801;0.0;0;0.0;0;0;0;3.775;1;0.0;;;00.445.787/0001-03;;;;;;;;;;RENUNCIA_OUTROS;388000.0;613251.07;2015;0.3801
B1600047300000;NÃO ESTÁVAMOS ALI PARA FAZER AMIGOS;2015;;Renúncia — Outros Mecanismos;0.0;0.0;568995.84;360000;0.0;0.0;0.0;0.0;0;0.0;0;0;0;3.848;2;;;;74.425.067/0001-04;;;;;;;;;;RENUNCIA_OUTROS;280000.0;442552.32;2015;0.0
B1500837400000;O OUTRO LADO DO PARAÍSO;2015;;Renúncia — Art.3/3-A/39;102436.5;144428.2;663828.48;420000;144428.2;0.0;0.0421;5.5;0;27.5;0;0;0;3.3;1;0.0;;;03.093.490/0001-06;;;;;;;;;;RENUNCIA_ART3;60000.0;94832.64;2015;1.523
B1500837400000;O OUTRO LADO DO PARAÍSO;2015;;Renúncia — Art.3/3-A/39;102436.5;144428.2;663828.48;420000;144428.2;0.0;0.0421;5.5;0;27.5;0;0;0;3.3;1;0.0;;;03.093.490/0001-06;;;;;;;;;;RENUNCIA_OUTROS;2110000.0;3334947.84;2015;0.0433
B1600408200000;O ROUBO DA TAÇA;2015;;Renúncia — Outros Mecanismos;437156.4;616359.52;197568.0;125000;616359.52;0.0;0.1695;1.2;0;6.0;0;0;0;0.0;0;0.0;;;00.020.648/0001-20;;;;;;;;;;RENUNCIA_OUTROS;2300100.0;3635409.25;2015;0.1695
B1600059500000;OLHAR DE NISE;2015;;Renúncia — Outros Mecanismos;0.0;0.0;189665.28;120000;0.0;0.0;0.0;0.0;0;0.0;0;0;0;0.0;0;;;;38.027.546/0001-09;;;;;;;;;;RENUNCIA_OUTROS;628700.0;993688.01;2015;0.0
B1600315200000;OLIMPÍADAS DOSE DUPLA;2015;;Renúncia — Art.3/3-A/39;0.0;0.0;94832.64;60000;0.0;0.0;0.0;0.0;0;0.0;0;0;0;0.0;0;;;;03.257.178/0001-00;;;;;;;;;;RENUNCIA_ART3;340887.46;538787.63;2015;0.0
B1500448600000;ORESTES;2015;;Renúncia — Art.3/3-A/39;38671.56;56518.84;221276.16;140000;56518.84;0.0;0.0306;0.0;0;0.0;0;0;0;0.0;0;;;;05.780.593/0001-70;;;;;;;;;;RENUNCIA_OUTROS;1166764.4;1844122.47;2015;0.0306
B1500837300000;PAIXÃO, SUOR E GRAXA - OS PIONEIROS DO AUTOMOBILISMO BRASILEIRO;2015;;Renúncia — Art.3/3-A/39;0.0;0.0;94832.64;60000;0.0;0.0;0.0;0.0;0;0.0;0;0;0;0.0;0;0.0;;;11.280.934/0001-40;;;;;;;;;;RENUNCIA_ART3;73000.0;115379.71;2015;0.0
B1500837300000;PAIXÃO, SUOR E GRAXA - OS PIONEIROS DO AUTOMOBILISMO BRASILEIRO;2015;;Renúncia — Art.3/3-A/39;0.0;0.0;94832.64;60000;0.0;0.0;0.0;0.0;0;0.0;0;0;0;0.0;0;0.0;;;11.280.934/0001-40;;;;;;;;;;RENUNCIA_OUTROS;37000.0;58480.13;2015;0.0
B1600602000000;PALMEIRAS, O CAMPEÃO DO SÉCULO;2015;;Renúncia — Outros Mecanismos;83204.1;117311.88;0.0;0;117311.88;0.0;0.0816;0.0;0;0.0;0;0;0;4.287;2;;;;04.350.398/0001-47;;;;;;;;;;RENUNCIA_OUTROS;910000.0;1438295.04;2015;0.0816
B1500592000000;PAYSANDÚ 100 ANOS DE PAYXÃO;2015;;Renúncia — Outros Mecanismos;162441.27;237625.64;197568.0;125000;237625.64;0.0;0.2148;0.0;0;0.0;0;0;0;0.0;0;3.0;0.0;;05.256.465/0001-21;;;;;;;;;;RENUNCIA_OUTROS;700000.0;1106380.8;2015;0.2148
B1500585200000;PENAS;2015;;Renúncia — Outros Mecanismos;0.0;0.0;0.0;0;0.0;0.0;0.0;0.0;0;0.0;0;0;0;0.0;0;;;;09.218.906/0001-51;;;;;;;;;;RENUNCIA_OUTROS;64714.99;102284.89;2015;0.0
B1500689300000;PIADEIROS;2015;;Renúncia — Outros Mecanismos;9757.47;14234.08;94832.64;60000;14234.08;0.0;0.0139;0.0;0;0.0;0;0;0;0.0;0;;;;04.650.621/0001-71;;;;;;;;;;RENUNCIA_OUTROS;649447.99;1026481.12;2015;0.0139
B1600368700000;PORTA DOS FUNDOS - CONTRATO VITALÍCIO;2015;;Renúncia — Art.3/3-A/39;6469432.5;9121441.0;197568.0;125000;9121441.0;0.0;1.6257;0.0;0;0.0;0;0;0;1.3;1;;;;17.227.558/0001-07;;;;;;;;;;RENUNCIA_ART3;1799999.99;2844979.18;2015;3.2062
B1600368700000;PORTA DOS FUNDOS - CONTRATO VITALÍCIO;2015;;Renúncia — Art.3/3-A/39;6469432.5;9121441.0;197568.0;125000;9121441.0;0.0;1.6257;0.0;0;0.0;0;0;0;1.3;1;;;;17.227.558/0001-07;;;;;;;;;;RENUNCIA_OUTROS;1750000.0;2765952.0;2015;3.2978
B1600745100000;PRIMEIRO BAILARINO;2015;;Renúncia — Art.3/3-A/39;0.0;0.0;94832.64;60000;0.0;0.0;0.0;0.0;0;0.0;0;0;0;0.0;0;5.0;0.0;;06.967.225/0001-06;;;;;;;;;;RENUNCIA_ART3;798000.0;1261274.11;2015;0.0
B1500903400000;PUNHAL;2015;;Renúncia — Outros Mecanismos;0.0;0.0;189665.28;120000;0.0;0.0;0.0;0.0;0;0.0;0;0;0;0.0;0;;;;11.136.684/0001-70;;;;;;;;;;RENUNCIA_OUTROS;306500.0;484436.74;2015;0.0
B1500562100000;QUANTO TEMPO O TEMPO TEM;2015;;Renúncia — Art.3/3-A/39;84050.1;118504.68;94832.64;60000;118504.68;0.0;1.7187;0.0;0;0.0;0;0;0;3.648;2;0.0;;;04.303.816/0001-45;;;;;;;;;;RENUNCIA_ART3;43625.59;68952.16;2015;1.7187
B1500275600000;QUINZE - A FESTA DOS SONHOS;2015;;Renúncia — Art.3/3-A/39;0.0;0.0;94832.64;60000;0.0;0.0;0.0;0.0;0;0.0;0;0;0;3.32;1;;;;06.023.805/0001-37;;;;;;;;;;RENUNCIA_ART3;449547.0;710528.81;2015;0.0
B1600017500000;RALÉ;2015;;Renúncia — Outros Mecanismos;30667.5;43239.0;189665.28;120000;43239.0;0.0;0.1479;2.3;0;11.5;0;0;0;0.0;0;;;;04.760.800/0001-61;;;;;;;;;;RENUNCIA_OUTROS;185000.0;292400.64;2015;0.1479
B1800002400000;RAONI;2015;;Renúncia — Art.3/3-A/39;0.0;0.0;442552.32;280000;0.0;0.0;0.0;0.0;0;0.0;0;0;0;0.0;0;;;;13.864.163/0001-64;;;;;;;;;;RENUNCIA_ART3;209500.0;331123.97;2015;0.0
B1500339000000;REPÚBLICA DO STAND UP 2015;2015;;Renúncia — Art.3/3-A/39;0.0;0.0;94832.64;60000;0.0;0.0;0.0;0.0;0;0.0;0;0;0;0.0;0;;;;08.708.048/0001-60;;;;;;;;;;RENUNCIA_ART3;633175.0;1000760.95;2015;0.0
B1600131300000;SANGUE NOS OLHOS;2015;;Renúncia — Art.3/3-A/39;0.0;0.0;94832.64;60000;0.0;0.0;0.0;0.0;0;0.0;0;0;0;3.6;1;;;;03.360.320/0001-40;;;;;;;;;;RENUNCIA_ART3;1073371.29;1696510.55;2015;0.0
B1500743200000;SAÚDE À VONTADE;2015;;Renúncia — Outros Mecanismos;0.0;0.0;316108.8;200000;0.0;0.0;0.0;0.0;0;0.0;0;0;0;0.0;0;;;;05.565.485/0001-84;;;;;;;;;;RENUNCIA_OUTROS;1746280.0;2760072.38;2015;0.0
B1500251700000;SECA;2015;;Renúncia — Art.3/3-A/39;0.0;0.0;442552.32;280000;0.0;0.0;0.0;0.0;0;0.0;0;0;0;0.0;0;;;;08.184.185/0001-43;;;;;;;;;;RENUNCIA_OUTROS;600000.0;948326.4;2015;0.0
B1500264500000;SITIO DO PICAPAU AMARELO - TERCEIRA TEMPORADA;2015;;Renúncia — Art.3/3-A/39;0.0;0.0;221276.16;140000;0.0;0.0;0.0;0.0;0;0.0;0;0;0;0.0;0;;;;06.998.046/0001-28;;;;;;;;;;RENUNCIA_ART3;3000000.0;4741632.0;2015;0.0
B1500264500000;SITIO DO PICAPAU AMARELO - TERCEIRA TEMPORADA;2015;;Renúncia — Art.3/3-A/39;0.0;0.0;221276.16;140000;0.0;0.0;0.0;0.0;0;0.0;0;0;0;0.0;0;;;;06.998.046/0001-28;;;;;;;;;;RENUNCIA_OUTROS;2000000.0;3161088.0;2015;0.0
B1600685000000;SOB PRESSÃO;2015;;Renúncia — Art.3/3-A/39;554496.6;781800.88;316108.8;200000;781800.88;0.0;0.1649;0.0;0;0.0;0;0;0;4.2;1;1.0;1.0;;09.180.984/0001-04;;;;;;;;;;RENUNCIA_ART3;3000000.0;4741632.0;2015;0.1649
B1600326400000;SOUND-À-PORTER;2015;;Renúncia — Art.3/3-A/39;0.0;0.0;94832.64;60000;0.0;0.0;0.0;0.0;0;0.0;0;0;0;0.0;0;;;;04.853.740/0001-21;;;;;;;;;;RENUNCIA_ART3;543285.52;858686.67;2015;0.0
B1600536100000;SURF NO ALEMÃO;2015;;Renúncia — Art.3/3-A/39;0.0;0.0;94832.64;60000;0.0;0.0;0.0;0.0;0;0.0;0;0;0;3.5;1;1.0;0.0;;10.701.739/0001-84;;;;;;;;;;RENUNCIA_ART3;371526.0;587213.19;2015;0.0
B1600006200000;TALENTOS A MAIS;2015;;Renúncia — Art.3/3-A/39;0.0;0.0;94832.64;60000;0.0;0.0;0.0;0.0;0;0.0;0;0;0;4.2;1;;;;07.728.008/0001-18;;;;;;;;;;RENUNCIA_ART3;465111.73;735129.55;2015;0.0
B1500654700000;TODAS AS MANHÃS DO MUNDO;2015;;Renúncia — Art.3/3-A/39;173625.0;230111.0;94832.64;60000;230111.0;0.0;0.0832;0.0;0;0.0;0;0;0;3.927;2;;;;04.350.398/0001-47;;;;;;;;;;RENUNCIA_ART3;1750000.0;2765952.0;2015;0.0832
B1500726100000;TOP 5 RICHARD RASMUSSEN - 2ª TEMPORADA;2015;;Renúncia — Art.3/3-A/39;0.0;0.0;94832.64;60000;0.0;0.0;0.0;0.0;0;0.0;0;0;0;0.0;0;;;;13.404.221/0001-77;;;;;;;;;;RENUNCIA_ART3;936488.62;1480161.47;2015;0.0
B1600068000000;TRAVESSIA;2015;;Renúncia — Outros Mecanismos;70125.0;92939.0;94832.64;60000;92939.0;0.0;0.049;0.0;0;0.0;0;0;0;3.9;1;;;;07.632.461/0001-26;;;;;;;;;;RENUNCIA_OUTROS;1200000.0;1896652.8;2015;0.049
B1500754900000;TRAVESSIAS;2015;;Renúncia — Outros Mecanismos;220326.6;310644.88;221276.16;140000;310644.88;0.0;0.3742;0.0;0;0.0;0;0;0;0.0;0;;;;00.487.854/0001-44;;;;;;;;;;RENUNCIA_OUTROS;525191.56;830088.37;2015;0.3742
B1600203900000;UM CONTRA TODOS;2015;;Renúncia — Art.3/3-A/39;0.0;0.0;221276.16;140000;0.0;0.0;0.0;0.0;0;0.0;0;0;0;3.5;1;0.0;;;09.112.697/0001-67;;;;;;;;;;RENUNCIA_ART3;500000.0;790272.0;2015;0.0
B1600011000000;UM SUBURBANO SORTUDO;2015;;Renúncia — Art.3/3-A/39;15295750.5;21565923.4;324011.52;205000;21565923.4;0.0;2.4719;0.0;0;0.0;0;0;0;2.6;1;;;;03.987.306/0002-52;;;;;;;;;;RENUNCIA_ART3;3000000.0;4741632.0;2015;4.5482
B1600011000000;UM SUBURBANO SORTUDO;2015;;Renúncia — Art.3/3-A/39;15295750.5;21565923.4;324011.52;205000;21565923.4;0.0;2.4719;0.0;0;0.0;0;0;0;2.6;1;;;;03.987.306/0002-52;;;;;;;;;;RENUNCIA_OUTROS;2520000.0;3982970.88;2015;5.4145
B1600305700000;UMA LOUCURA DE MULHER;2015;;Renúncia — Art.3/3-A/39;1475804.7;2080779.96;576898.56;365000;2080779.96;0.0;0.8062;0.0;0;0.0;0;0;0;2.9;1;;;;04.854.820/0001-00;;;;;;;;;;RENUNCIA_ART3;550000.0;869299.2;2015;2.3936
B1600305700000;UMA LOUCURA DE MULHER;2015;;Renúncia — Art.3/3-A/39;1475804.7;2080779.96;576898.56;365000;2080779.96;0.0;0.8062;0.0;0;0.0;0;0;0;2.9;1;;;;04.854.820/0001-00;;;;;;;;;;RENUNCIA_OUTROS;1082953.98;1711656.42;2015;1.2157
B1600067600000;UMA NOITE EM SAMPA;2015;;Renúncia — Outros Mecanismos;45698.1;64431.08;94832.64;60000;64431.08;0.0;0.048;0.0;0;0.0;0;0;0;3.4;1;;;;59.190.843/0001-40;;;;;;;;;;RENUNCIA_OUTROS;850000.0;1343462.4;2015;0.048
B1500654500000;VAI QUE COLA - O FILME;2015;;Renúncia — Art.3/3-A/39;45808329.42;67010271.44;324011.52;205000;67010271.44;0.0;6.5422;0.0;0;0.0;0;0;0;3.3;1;1.0;0.0;;09.180.984/0001-04;;;;;;;;;;RENUNCIA_ART3;3000000.0;4741632.0;2015;14.1323
B1500654500000;VAI QUE COLA - O FILME;2015;;Renúncia — Art.3/3-A/39;45808329.42;67010271.44;324011.52;205000;67010271.44;0.0;6.5422;0.0;0;0.0;0;0;0;3.3;1;1.0;0.0;;09.180.984/0001-04;;;;;;;;;;RENUNCIA_OUTROS;3480500.0;5501083.39;2015;12.1813
B1500450200000;VILANOVA ARTIGAS: O ARQUITETO E A LUZ;2015;;Renúncia — Outros Mecanismos;0.0;0.0;221276.16;140000;0.0;0.0;0.0;0.0;0;0.0;0;0;0;3.4;1;;;;09.019.897/0001-70;;;;;;;;;;RENUNCIA_OUTROS;900000.0;1422489.6;2015;0.0
B1600725300000;VINTE ANOS;2015;;Renúncia — Art.3/3-A/39;18905.28;24989.16;442552.32;280000;24989.16;0.0;0.0313;0.0;0;0.0;0;0;0;0.0;0;4.0;0.0;;33.451.113/0001-62;;;;;;;;;;RENUNCIA_OUTROS;504607.57;797554.47;2015;0.0313
B1500653700000;VIVER PARA LUTAR - JIU JITSU E VIVER PARA LUTAR - BOXE;2015;;Renúncia — Art.3/3-A/39;0.0;0.0;189665.28;120000;0.0;0.0;0.0;0.0;0;0.0;0;0;0;4.084;2;0.0;;;06.998.046/0001-28;;;;;;;;;;RENUNCIA_ART3;579708.0;916254.0;2015;0.0
B1500797500000;ZÉ DO CAIXÃO;2015;;Renúncia — Art.3/3-A/39;0.0;0.0;94832.64;60000;0.0;0.0;0.0;0.0;0;0.0;0;0;0;3.975;1;;;;08.371.400/0001-15;;;;;;;;;;RENUNCIA_ART3;2173333.0;3435048.43;2015;0.0
B1500489100000;ÁGUIAS DA CIDADE - TERCEIRA TEMPORADA;2015;;Renúncia — Art.3/3-A/39;0.0;0.0;221276.16;140000;0.0;0.0;0.0;0.0;0;0.0;0;0;0;4.3;2;;;;02.947.857/0001-49;;;;;;;;;;RENUNCIA_ART3;2624316.38;4147847.51;2015;0.0
B1600532800000;É FADA!;2015;;Renúncia — Art.3/3-A/39;24620158.8;34712627.04;229178.88;145000;34712627.04;0.0;7.3208;0.0;0;0.0;0;0;0;2.1;1;0.0;;;02.605.295/0001-55;;;;;;;;;;RENUNCIA_ART3;3000000.0;4741632.0;2015;7.3208
B1500585700000;ÍDOLO;2015;;Renúncia — Art.3/3-A/39;0.0;0.0;324011.52;205000;0.0;0.0;0.0;8.7;0;0.0;608;0;0;0.0;0;;;;11.290.121/0001-31;;;;;;;;;;RENUNCIA_ART3;100000.0;158054.4;2015;0.0
B1500585700000;ÍDOLO;2015;;Renúncia — Art.3/3-A/39;0.0;0.0;324011.52;205000;0.0;0.0;0.0;8.7;0;0.0;608;0;0;0.0;0;;;;11.290.121/0001-31;;;;;;;;;;RENUNCIA_OUTROS;646000.0;1021031.42;2015;0.0
B1600534500000;#MECHAMADEBRUNA;2016;;Renúncia — Art.3/3-A/39;0.0;0.0;89220.66;60000;0.0;0.0;0.0;0.0;0;0.0;0;0;0;0.0;0;;;;03.360.320/0001-40;;;;;;;;;;RENUNCIA_ART3;5084998.03;7561448.01;2016;0.0
B1600603300000;1976 - O ANO DA INVASÃO CORINTHIANA;2016;;Renúncia — Art.3/3-A/39;83725.8;118047.44;89220.66;60000;118047.44;0.0;0.0935;0.0;0;0.0;0;0;0;3.865;2;1.0;0.0;;01.613.170/0001-04;;;;;;;;;;RENUNCIA_ART3;319160.46;474595.11;2016;0.2487
B1600603300000;1976 - O ANO DA INVASÃO CORINTHIANA;2016;;Renúncia — Art.3/3-A/39;83725.8;118047.44;89220.66;60000;118047.44;0.0;0.0935;0.0;0;0.0;0;0;0;3.865;2;1.0;0.0;;01.613.170/0001-04;;;;;;;;;;RENUNCIA_OUTROS;530000.0;788115.83;2016;0.1498
B1600439300000;A COMÉDIA DIVINA;2016;;Renúncia — Art.3/3-A/39;707565.0;937759.48;542759.02;365000;937759.48;0.0;3.1532;1.1;0;5.5;0;0;0;2.728;2;1.0;0.0;;01.605.800/0001-07;;;;;;;;;;RENUNCIA_ART3;200000.0;297402.2;2016;3.1532
B1600314200000;A CONFRARIA;2016;;Renúncia — Outros Mecanismos;0.0;0.0;0.0;0;0.0;0.0;0.0;0.0;0;0.0;0;0;0;0.0;0;;;;13.110.657/0001-53;;;;;;;;;;RENUNCIA_OUTROS;58276.0;86657.05;2016;0.0
B1600471800000;A CORRIDA DO DOPING;2016;;Renúncia — Art.3/3-A/39;0.0;0.0;0.0;0;0.0;0.0;0.0;0.0;0;0.0;0;0;0;0.0;0;;;;01.009.824/0001-95;;;;;;;;;;RENUNCIA_ART3;300000.0;446103.3;2016;0.0
B1600364000000;A LUTA DE UM HOMEM SÓ;2016;;Renúncia — Art.3/3-A/39;0.0;0.0;89220.66;60000;0.0;0.0;0.0;0.0;0;0.0;0;0;0;3.943;2;;;;10.874.608/0001-07;;;;;;;;;;RENUNCIA_ART3;227147.0;337770.09;2016;0.0
B1600765300000;A OLIMPÍADA PASSOU POR AQUI;2016;;Renúncia — Art.3/3-A/39;0.0;0.0;89220.66;60000;0.0;0.0;0.0;0.0;0;0.0;0;0;0;4.03;2;3.0;2.0;;94.625.829/0001-23;;;;;;;;;;RENUNCIA_ART3;1150000.0;1710062.65;2016;0.0
B1600774200000;A RETOMADA DO PORTO;2016;;Renúncia — Outros Mecanismos;0.0;0.0;416363.08;280000;0.0;0.0;0.0;0.0;0;0.0;0;0;0;0.0;0;;;;73.619.637/0001-34;;;;;;;;;;RENUNCIA_OUTROS;625909.09;930733.7;2016;0.0
B1700499100000;A SERPENTE;2016;;Renúncia — Outros Mecanismos;8331.87;10476.76;416363.08;280000;10476.76;0.0;0.1409;0.0;0;0.0;0;0;0;0.0;0;;;;05.246.567/0001-66;;;;;;;;;;RENUNCIA_OUTROS;50000.0;74350.55;2016;0.1409
B1600466400000;A VAGA: EPISÓDIO ESPECIAL;2016;;Renúncia — Art.3/3-A/39;0.0;0.0;89220.66;60000;0.0;0.0;0.0;0.0;0;0.0;0;0;0;0.0;0;;;;02.525.725/0001-29;;;;;;;;;;RENUNCIA_ART3;285000.88;423799.44;2016;0.0
B1600744600000;ACONTECE LÁ EM CASA. VIVENDO MELHOR EM FAMÍLIA;2016;;Renúncia — Outros Mecanismos;0.0;0.0;118960.88;80000;0.0;0.0;0.0;0.0;0;0.0;0;0;0;3.656;1;1.0;0.0;;67.802.652/0001-10;;;;;;;;;;RENUNCIA_OUTROS;949950.0;1412586.1;2016;0.0
B1600098700000;ALMANAQUE DOS ESPORTES - 2A TEMPORADA;2016;;Renúncia — Art.3/3-A/39;0.0;0.0;89220.66;60000;0.0;0.0;0.0;0.0;0;0.0;0;0;0;0.0;0;;;;10.532.883/0001-34;;;;;;;;;;RENUNCIA_ART3;807000.0;1200017.88;2016;0.0
B1800223100000;AMAZON ADVENTURE;2016;;Renúncia — Outros Mecanismos;0.0;0.0;0.0;0;0.0;0.0;0.0;10.0;0;0.0;0;28;27;0.0;0;;;;01.287.908/0001-90;;;;;;;;;;RENUNCIA_OUTROS;1700000.0;2527918.7;2016;0.0
B1600759000000;AMOR AO QUADRADO;2016;;Renúncia — Art.3/3-A/39;0.0;0.0;535323.96;360000;0.0;0.0;0.0;0.0;0;0.0;0;0;0;4.3;1;;;;09.012.841/0001-93;;;;;;;;;;RENUNCIA_ART3;308800.0;459189.0;2016;0.0
B1700175000000;AMOR.COM;2016;;Renúncia — Art.3/3-A/39;1377645.0;1825838.84;96655.72;65000;1825838.84;0.0;0.3465;0.0;0;0.0;0;0;0;3.425;2;2.0;0.0;;02.863.008/0001-07;;;;;;;;;;RENUNCIA_ART3;3474014.4;5165897.63;2016;0.3534
B1700175000000;AMOR.COM;2016;;Renúncia — Art.3/3-A/39;1377645.0;1825838.84;96655.72;65000;1825838.84;0.0;0.3465;0.0;0;0.0;0;0;0;3.425;2;2.0;0.0;;02.863.008/0001-07;;;;;;;;;;RENUNCIA_OUTROS;70000.0;104090.77;2016;17.5408
B1700416900000;AOS TEUS OLHOS;2016;;Renúncia — Art.3/3-A/39;419164.8;554055.6;535323.96;360000;554055.6;0.0;0.1242;14.45;0;25.0;1055;0;0;3.0;1;10.0;3.0;;09.180.984/0001-04;;;;;;;;;;RENUNCIA_ART3;3000000.0;4461033.0;2016;0.1242
B1600478600000;AQUARIUS;2016;;Renúncia — Art.3/3-A/39;5023036.22;7079009.56;215616.6;145000;7079009.56;0.0;2.4413;38.47;0;56.5;311538;22;7;3.7;1;;;Cannes/Oscar;08.587.501/0001-28;;;;;;;;;;RENUNCIA_ART3;850000.0;1263959.35;2016;5.6007
B1600478600000;AQUARIUS;2016;;Renúncia — Art.3/3-A/39;5023036.22;7079009.56;215616.6;145000;7079009.56;0.0;2.4413;38.47;0;56.5;311538;22;7;3.7;1;;;Cannes/Oscar;08.587.501/0001-28;;;;;;;;;;RENUNCIA_OUTROS;1100000.0;1635712.1;2016;4.3278
B1700013200000;AS AVENTURAS DE MARIGOTA;2016;;Renúncia — Outros Mecanismos;0.0;0.0;416363.08;280000;0.0;0.0;0.0;0.0;0;0.0;0;0;0;4.3;1;;;;12.521.386/0001-66;;;;;;;;;;RENUNCIA_OUTROS;679817.0;1010895.36;2016;0.0
B1600793600000;AS BATALHAS DA FÉ;2016;;sem_categoria;0.0;0.0;0.0;0;0.0;0.0;0.0;0.0;0;0.0;0;0;0;0.0;0;;;;15.745.495/0001-55;;;;;;;;;;RENUNCIA_OUTROS;558412.0;830364.79;2016;0.0
B1600459300000;BAIA DOS PESADELOS;2016;;Renúncia — Art.3/3-A/39;0.0;0.0;89220.66;60000;0.0;0.0;0.0;0.0;0;0.0;0;0;0;0.0;0;;;;07.060.648/0001-00;;;;;;;;;;RENUNCIA_ART3;300000.0;446103.3;2016;0.0
B1600750800000;BELO MONTE: UM MUNDO ONDE TUDO É POSSÍVEL;2016;;Renúncia — Art.3/3-A/39;1320.0;1749.44;89220.66;60000;1749.44;0.0;0.0039;0.0;0;0.0;0;0;0;3.738;1;;;;07.060.648/0001-00;;;;;;;;;;RENUNCIA_ART3;300000.0;446103.3;2016;0.0039
B1600780800000;BODE DE NATAL;2016;;Renúncia — Art.3/3-A/39;0.0;0.0;416363.08;280000;0.0;0.0;0.0;0.0;0;0.0;0;0;0;3.823;2;0.0;;;15.464.299/0001-02;;;;;;;;;;RENUNCIA_ART3;250000.0;371752.75;2016;0.0
B1700473700000;BORIS E RUFUS;2016;;Renúncia — Outros Mecanismos;0.0;0.0;535323.96;360000;0.0;0.0;0.0;0.0;0;0.0;0;0;0;0.0;0;;;;03.274.384/0001-29;;;;;;;;;;RENUNCIA_OUTROS;1050000.0;1561361.55;2016;0.0
B1600773300000;BR 3 - AMORES MIGRANTES;2016;;sem_categoria;0.0;0.0;0.0;0;0.0;0.0;0.0;0.0;0;0.0;0;0;0;0.0;0;;;;06.096.915/0001-29;;;;;;;;;;RENUNCIA_OUTROS;503516.0;748733.83;2016;0.0
B1600342000000;BRASIL, DNA ÁFRICA;2016;;Renúncia — Art.3/3-A/39;6852.6;9661.68;118960.88;80000;9661.68;0.0;0.0081;0.0;0;0.0;0;0;0;0.0;0;;;;06.900.652/0001-69;;;;;;;;;;RENUNCIA_ART3;300000.0;446103.3;2016;0.0217
B1600342000000;BRASIL, DNA ÁFRICA;2016;;Renúncia — Art.3/3-A/39;6852.6;9661.68;118960.88;80000;9661.68;0.0;0.0081;0.0;0;0.0;0;0;0;0.0;0;;;;06.900.652/0001-69;;;;;;;;;;RENUNCIA_OUTROS;500000.0;743505.5;2016;0.013
B1600368200000;BUCK, O MONSTRO DA LAGOA;2016;;Renúncia — Art.3/3-A/39;0.0;0.0;89220.66;60000;0.0;0.0;0.0;0.0;0;0.0;0;0;0;3.9;1;;;;02.367.665/0001-63;;;;;;;;;;RENUNCIA_ART3;230000.0;342012.53;2016;0.0
B1800073300000;CANASTRA SUJA;2016;;Renúncia — Outros Mecanismos;31147.84;41171.48;535323.96;360000;41171.48;0.0;0.0554;0.4;0;2.0;0;0;0;0.0;0;0.0;;;23.234.999/0001-39;;;;;;;;;;RENUNCIA_OUTROS;500000.0;743505.5;2016;0.0554
B1600203800000;CARAVANA NO AR;2016;;Renúncia — Art.3/3-A/39;0.0;0.0;89220.66;60000;0.0;0.0;0.0;0.0;0;0.0;0;0;0;4.3;1;;;;08.371.400/0001-15;;;;;;;;;;RENUNCIA_ART3;1211811.26;1801976.67;2016;0.0
B1700204300000;CARNAVAL EM LÁ MENOR;2016;;Renúncia — Outros Mecanismos;0.0;0.0;0.0;0;0.0;0.0;0.0;0.0;0;0.0;0;0;0;3.062;2;;;;50.867.183/0001-15;;;;;;;;;;RENUNCIA_OUTROS;110000.0;163571.21;2016;0.0
B1600613000000;CAROL LEVY CONTAROLANDO - SEGUNDA TEMPORADA;2016;;Renúncia — Art.3/3-A/39;0.0;0.0;118960.88;80000;0.0;0.0;0.0;0.0;0;0.0;0;0;0;4.3;1;;;;04.490.617/0001-93;;;;;;;;;;RENUNCIA_ART3;650000.0;966557.15;2016;0.0
B1600352700000;CARROSSEL 2 - O SUMIÇO DE MARIA JOAQUINA;2016;;Renúncia — Art.3/3-A/39;36278235.16;51149689.36;215616.6;145000;51149689.36;0.0;15.2539;0.0;0;0.0;0;0;0;3.0;1;;;;12.580.503/0001-62;;;;;;;;;;RENUNCIA_ART3;1499999.9;2230516.35;2016;22.9318
B1600352700000;CARROSSEL 2 - O SUMIÇO DE MARIA JOAQUINA;2016;;Renúncia — Art.3/3-A/39;36278235.16;51149689.36;215616.6;145000;51149689.36;0.0;15.2539;0.0;0;0.0;0;0;0;3.0;1;;;;12.580.503/0001-62;;;;;;;;;;RENUNCIA_OUTROS;755000.0;1122693.31;2016;45.5598
B1600400300000;CHAPÉU DE BICO;2016;;Renúncia — Outros Mecanismos;0.0;0.0;0.0;0;0.0;0.0;0.0;0.0;0;0.0;0;0;0;3.5;1;;;;21.917.692/0001-07;;;;;;;;;;RENUNCIA_OUTROS;189500.0;281788.58;2016;0.0
B1700025900000;CHOQUE TÉRMICO;2016;;Renúncia — Art.3/3-A/39;0.0;0.0;118960.88;80000;0.0;0.0;0.0;0.0;0;0.0;0;0;0;0.0;0;0.0;;;04.453.786/0001-53;;;;;;;;;;RENUNCIA_ART3;1196859.4;1779743.09;2016;0.0
B1600649600000;CINE ROOFTOP;2016;;Renúncia — Art.3/3-A/39;0.0;0.0;89220.66;60000;0.0;0.0;0.0;0.0;0;0.0;0;0;0;0.0;0;0.0;;;17.493.056/0001-28;;;;;;;;;;RENUNCIA_ART3;716429.97;1065339.25;2016;0.0
B1600595900000;CLASSICOMANIACO;2016;;Renúncia — Art.3/3-A/39;0.0;0.0;89220.66;60000;0.0;0.0;0.0;0.0;0;0.0;0;0;0;0.0;0;;;;05.256.465/0001-21;;;;;;;;;;RENUNCIA_ART3;1001563.2;1489335.5;2016;0.0
B1700046100000;COMEBACK;2016;;Renúncia — Art.3/3-A/39;50520.2;66955.84;89220.66;60000;66955.84;0.0;0.1876;0.0;0;0.0;0;0;0;0.0;0;0.0;;;12.839.664/0001-28;;;;;;;;;;RENUNCIA_OUTROS;240000.0;356882.64;2016;0.1876
B1600685500000;CORAGEM;2016;;Renúncia — Art.3/3-A/39;3761.7;5268.2;297402.2;200000;5268.2;0.0;0.0177;0.0;0;0.0;0;0;0;4.195;2;;;;12.081.251/0001-27;;;;;;;;;;RENUNCIA_OUTROS;200000.0;297402.2;2016;0.0177
B1700258100000;DANADO DE BOM;2016;;Renúncia — Outros Mecanismos;33510.0;44411.92;215616.6;145000;44411.92;0.0;0.0905;0.0;0;0.0;0;0;0;3.793;2;0.0;;;07.501.094/0001-21;;;;;;;;;;RENUNCIA_OUTROS;330000.0;490713.63;2016;0.0905
B1600648800000;DENTRO DA CAIXINHA;2016;;Renúncia — Outros Mecanismos;22588.2;31847.76;89220.66;60000;31847.76;0.0;0.0793;0.0;0;0.0;0;0;0;4.4;1;;;;08.233.638/0001-84;;;;;;;;;;RENUNCIA_OUTROS;270000.0;401492.97;2016;0.0793
B1600530400000;DESAFIO CELEBRIDADES;2016;;Renúncia — Art.3/3-A/39;0.0;0.0;89220.66;60000;0.0;0.0;0.0;0.0;0;0.0;0;0;0;0.0;0;;;;02.947.857/0001-49;;;;;;;;;;RENUNCIA_ART3;5385954.08;8008972.96;2016;0.0
B1700457200000;DESAPARECIDOS - 2ª TEMPORADA;2016;;Renúncia — Art.3/3-A/39;0.0;0.0;89220.66;60000;0.0;0.0;0.0;0.0;0;0.0;0;0;0;3.771;1;3.0;0.0;;08.703.139/0001-03;;;;;;;;;;RENUNCIA_ART3;669120.19;994989.08;2016;0.0
B1900454100000;DISTRITO CULTURAL - QUINTA TEMPORADA;2016;;Renúncia — Art.3/3-A/39;0.0;0.0;118960.88;80000;0.0;0.0;0.0;0.0;0;0.0;0;0;0;0.0;0;;;;03.218.295/0001-65;;;;;;;;;;RENUNCIA_ART3;797360.02;1185683.12;2016;0.0
B1600651700000;DISTRITO CULTURAL - SEGUNDA TEMPORADA;2016;;Renúncia — Art.3/3-A/39;0.0;0.0;118960.88;80000;0.0;0.0;0.0;0.0;0;0.0;0;0;0;0.0;0;;;;03.218.295/0001-65;;;;;;;;;;RENUNCIA_ART3;550000.0;817856.05;2016;0.0
B1600534700000;DO OUTRO LADO - A CONQUISTA DE MATHEUS RHEINE;2016;;Renúncia — Art.3/3-A/39;0.0;0.0;89220.66;60000;0.0;0.0;0.0;0.0;0;0.0;0;0;0;4.123;2;;;;04.736.316/0001-05;;;;;;;;;;RENUNCIA_ART3;246050.0;365879.06;2016;0.0
B1700045100000;DOLORES - UMA MULHER, DOIS AMORES;2016;;sem_categoria;46669.08;62184.64;89220.66;60000;62184.64;0.0;0.0831;0.0;0;0.0;0;0;0;3.775;1;;;;23.189.788/0001-21;;;;;;;;;;RENUNCIA_OUTROS;503516.0;748733.83;2016;0.0831
B1600308400000;DORINA - OLHAR PARA O MUNDO;2016;;Renúncia — Art.3/3-A/39;0.0;0.0;89220.66;60000;0.0;0.0;0.0;0.0;0;0.0;0;0;0;4.185;2;;;;07.490.019/0001-02;;;;;;;;;;RENUNCIA_ART3;565000.0;840161.22;2016;0.0
B1600648900000;DUAS MULHERES;2016;;Renúncia — Art.3/3-A/39;0.0;0.0;0.0;0;0.0;0.0;0.0;0.0;0;0.0;0;0;0;0.0;0;;;;02.669.022/0001-74;;;;;;;;;;RENUNCIA_OUTROS;100000.0;148701.1;2016;0.0
B1800134700000;DÚDÚ E O LÁPIS COR DA PELE;2016;;Renúncia — Outros Mecanismos;0.0;0.0;0.0;0;0.0;0.0;0.0;0.0;0;0.0;0;0;0;3.4;1;;;;21.154.983/0001-90;;;;;;;;;;RENUNCIA_OUTROS;80000.0;118960.88;2016;0.0
B1600765100000;ELON NÃO ACREDITA NA MORTE;2016;;Renúncia — Outros Mecanismos;33315.12;44153.48;416363.08;280000;44153.48;0.0;0.0604;6.1;0;30.5;0;0;0;3.57;2;;;;16.957.757/0001-08;;;;;;;;;;RENUNCIA_OUTROS;491226.0;730458.47;2016;0.0604
B1600616400000;EMERGÊNCIA PET;2016;;Renúncia — Art.3/3-A/39;0.0;0.0;89220.66;60000;0.0;0.0;0.0;0.0;0;0.0;0;0;0;0.0;0;;;;06.998.046/0001-28;;;;;;;;;;RENUNCIA_ART3;2100016.33;3122747.38;2016;0.0
B1600355900000;ENTRE IDAS E VINDAS;2016;;Renúncia — Art.3/3-A/39;1585178.4;2234989.12;542759.02;365000;2234989.12;0.0;1.235;0.0;0;0.0;0;0;0;3.759;2;;;;11.073.883/0001-86;;;;;;;;;;RENUNCIA_ART3;1217000.0;1809692.39;2016;1.235
B1600501200000;EU ME MOVO;2016;;Renúncia — Art.3/3-A/39;0.0;0.0;89220.66;60000;0.0;0.0;0.0;0.0;0;0.0;0;0;0;3.52;2;;;;16.104.588/0001-63;;;;;;;;;;RENUNCIA_ART3;700000.0;1040907.7;2016;0.0
B1700164400000;FAMILIA SCHURMANN - EXPEDIÇÃO ORIENTE;2016;;Renúncia — Art.3/3-A/39;0.0;0.0;89220.66;60000;0.0;0.0;0.0;0.0;0;0.0;0;0;0;3.656;1;3.0;2.0;Oscar;00.132.102/0001-60;;;;;;;;;;RENUNCIA_ART3;1098720.11;1633808.89;2016;0.0
B1700164400000;FAMILIA SCHURMANN - EXPEDIÇÃO ORIENTE;2016;;Renúncia — Art.3/3-A/39;0.0;0.0;89220.66;60000;0.0;0.0;0.0;0.0;0;0.0;0;0;0;3.656;1;3.0;2.0;Oscar;00.132.102/0001-60;;;;;;;;;;RENUNCIA_OUTROS;3752000.01;5579265.29;2016;0.0
B1600690500000;FORA DO ARMÁRIO;2016;;Renúncia — Art.3/3-A/39;0.0;0.0;89220.66;60000;0.0;0.0;0.0;0.0;0;0.0;0;0;0;3.9;1;0.0;;;07.988.992/0001-56;;;;;;;;;;RENUNCIA_ART3;1181790.5;1757335.47;2016;0.0
B1600754000000;GABY ESTRELLA;2016;;Renúncia — Art.3/3-A/39;570768.0;754446.0;89220.66;60000;754446.0;0.0;0.1268;0.0;0;0.0;0;0;0;0.0;0;0.0;;;05.565.485/0001-84;;;;;;;;;;RENUNCIA_ART3;3000000.0;4461033.0;2016;0.1691
B1600754000000;GABY ESTRELLA;2016;;Renúncia — Art.3/3-A/39;570768.0;754446.0;89220.66;60000;754446.0;0.0;0.1268;0.0;0;0.0;0;0;0;0.0;0;0.0;;;05.565.485/0001-84;;;;;;;;;;RENUNCIA_OUTROS;1000000.0;1487011.0;2016;0.5074
B1600534400000;GALERIA F;2016;;Renúncia — Art.3/3-A/39;8595.0;11391.24;416363.08;280000;11391.24;0.0;0.0192;0.0;0;0.0;0;0;0;0.0;0;0.0;;;18.009.049/0001-70;;;;;;;;;;RENUNCIA_ART3;400000.0;594804.4;2016;0.0192
B1700529800000;GARIMPEIROS DO VOTO;2016;;Renúncia — Art.3/3-A/39;1128.0;1491.0;416363.08;280000;1491.0;0.0;0.0056;0.0;0;0.0;0;0;0;0.0;0;2.0;0.0;;03.279.751/0001-87;;;;;;;;;;RENUNCIA_ART3;180000.0;267661.98;2016;0.0056
B1600439500000;HOLOCAUSTO BRASILEIRO;2016;;Renúncia — Art.3/3-A/39;0.0;0.0;178441.32;120000;0.0;0.0;0.0;0.0;0;0.0;0;0;0;0.0;0;1.0;0.0;;16.366.836/0001-44;;;;;;;;;;RENUNCIA_ART3;699993.25;1040897.66;2016;0.0
B1600685100000;INTOLERÂNCIA.DOC;2016;;Renúncia — Art.3/3-A/39;2760.0;3657.92;89220.66;60000;3657.92;0.0;0.007;0.0;0;0.0;0;0;0;0.0;0;;;;06.992.833/0001-62;;;;;;;;;;RENUNCIA_ART3;350000.0;520453.85;2016;0.007
B1600599000000;IRMÃO DO JOREL- 2ª TEMPORADA;2016;;Renúncia — Art.3/3-A/39;0.0;0.0;208181.54;140000;0.0;0.0;0.0;0.0;0;0.0;0;0;0;0.0;0;;;;09.551.826/0001-13;;;;;;;;;;RENUNCIA_ART3;5292163.48;7869505.31;2016;0.0
B1700463300000;JOGOS CLANDESTINOS;2016;;Renúncia — Art.3/3-A/39;0.0;0.0;0.0;0;0.0;0.0;0.0;0.0;0;0.0;0;0;0;0.0;0;0.0;;;08.790.022/0001-04;;;;;;;;;;RENUNCIA_OUTROS;420000.0;624544.62;2016;0.0
B1600217000000;JOGOS DO MUNDO;2016;;Renúncia — Art.3/3-A/39;0.0;0.0;118960.88;80000;0.0;0.0;0.0;0.0;0;0.0;0;0;0;3.195;2;16.0;0.0;;04.453.786/0001-53;;;;;;;;;;RENUNCIA_ART3;2240000.0;3330904.64;2016;0.0
B1600421600000;JONAS;2016;;Renúncia — Art.3/3-A/39;21051.3;29680.84;0.0;0;29680.84;0.0;0.0042;0.0;0;0.0;0;0;0;0.0;0;;;;02.625.405/0001-40;;;;;;;;;;RENUNCIA_ART3;3000000.0;4461033.0;2016;0.0067
B1600421600000;JONAS;2016;;Renúncia — Art.3/3-A/39;21051.3;29680.84;0.0;0;29680.84;0.0;0.0042;0.0;0;0.0;0;0;0;0.0;0;;;;02.625.405/0001-40;;;;;;;;;;RENUNCIA_OUTROS;1800000.0;2676619.8;2016;0.0111
B1700261700000;JUACAS;2016;;Renúncia — Art.3/3-A/39;0.0;0.0;89220.66;60000;0.0;0.0;0.0;0.0;0;0.0;0;0;0;0.0;0;0.0;;;09.193.471/0001-38;;;;;;;;;;RENUNCIA_ART3;2130419.41;3167957.1;2016;0.0
B1600114000000;LILI, A EX - 2ª TEMPORADA;2016;;Renúncia — Art.3/3-A/39;0.0;0.0;89220.66;60000;0.0;0.0;0.0;0.0;0;0.0;0;0;0;0.0;0;0.0;;;02.525.725/0001-29;;;;;;;;;;RENUNCIA_ART3;3000000.0;4461033.0;2016;0.0
B1600114000000;LILI, A EX - 2ª TEMPORADA;2016;;Renúncia — Art.3/3-A/39;0.0;0.0;89220.66;60000;0.0;0.0;0.0;0.0;0;0.0;0;0;0;0.0;0;0.0;;;02.525.725/0001-29;;;;;;;;;;RENUNCIA_OUTROS;1812000.0;2694463.93;2016;0.0
B1600719300000;LUCIA MCCARTNEY;2016;;Renúncia — Art.3/3-A/39;0.0;0.0;89220.66;60000;0.0;0.0;0.0;0.0;0;0.0;0;0;0;0.0;0;;;;10.874.608/0001-07;;;;;;;;;;RENUNCIA_ART3;1921000.0;2856548.13;2016;0.0
B1600791500000;LUTANDO PARA VENCER;2016;;Renúncia — Art.3/3-A/39;0.0;0.0;208181.54;140000;0.0;0.0;0.0;0.0;0;0.0;0;0;0;4.223;2;;;;65.705.055/0001-42;;;;;;;;;;RENUNCIA_ART3;100000.0;148701.1;2016;0.0
B1600442200000;MAGAL E OS FORMIGAS;2016;;Renúncia — Art.3/3-A/39;11992.5;16878.12;215616.6;145000;16878.12;0.0;0.0049;0.0;0;0.0;0;0;0;0.0;0;;;;07.627.467/0001-05;;;;;;;;;;RENUNCIA_ART3;2300000.0;3420125.3;2016;0.0049
B1700087800000;MANUAL PARA SE DEFENDER DE ALIENS, NINJAS E ZUMBIS;2016;;Renúncia — Art.3/3-A/39;0.0;0.0;89220.66;60000;0.0;0.0;0.0;0.0;0;0.0;0;0;0;3.683;2;0.0;;;08.371.400/0001-15;;;;;;;;;;RENUNCIA_ART3;1800000.0;2676619.8;2016;0.0
B1600624200000;MARGINAL;2016;;Renúncia — Art.3/3-A/39;1198.5;1689.8;89220.66;60000;1689.8;0.0;0.0038;0.0;0;0.0;0;0;0;0.0;0;3.0;14.0;;08.164.917/0001-33;;;;;;;;;;RENUNCIA_ART3;300000.0;446103.3;2016;0.0038
B1700248200000;MARIA - NÃO ESQUEÇA QUE EU VENHO DOS TRÓPICOS;2016;;Renúncia — Outros Mecanismos;15079.04;19979.4;297402.2;200000;19979.4;0.0;0.0134;0.0;0;0.0;0;0;0;3.3;1;;;;08.010.574/0001-52;;;;;;;;;;RENUNCIA_OUTROS;1000000.0;1487011.0;2016;0.0134
B1600314300000;MARIAS;2016;;Renúncia — Outros Mecanismos;24085.5;33955.04;215616.6;145000;33955.04;0.0;0.0339;0.0;0;0.0;0;0;0;0.0;0;;;;06.137.016/0001-27;;;;;;;;;;RENUNCIA_OUTROS;673000.0;1000758.4;2016;0.0339
B1600445600000;MENINAS DE OURO;2016;;Renúncia — Art.3/3-A/39;0.0;0.0;89220.66;60000;0.0;0.0;0.0;0.0;0;0.0;0;0;0;3.962;2;;;;10.825.940/0001-73;;;;;;;;;;RENUNCIA_ART3;300000.0;446103.3;2016;0.0
B1600445600000;MENINAS DE OURO;2016;;Renúncia — Art.3/3-A/39;0.0;0.0;89220.66;60000;0.0;0.0;0.0;0.0;0;0.0;0;0;0;3.962;2;;;;10.825.940/0001-73;;;;;;;;;;RENUNCIA_OUTROS;669540.0;995613.34;2016;0.0
B1600280000000;MENINO 23 - INFÂNCIAS PERDIDAS NO BRASIL;2016;;Renúncia — Art.3/3-A/39;102072.34;143116.12;542759.02;365000;143116.12;0.0;0.0802;0.0;0;0.0;0;0;0;4.3;1;;;;04.661.796/0001-84;;;;;;;;;;RENUNCIA_ART3;700000.0;1040907.7;2016;0.1375
B1600280000000;MENINO 23 - INFÂNCIAS PERDIDAS NO BRASIL;2016;;Renúncia — Art.3/3-A/39;102072.34;143116.12;542759.02;365000;143116.12;0.0;0.0802;0.0;0;0.0;0;0;0;4.3;1;;;;04.661.796/0001-84;;;;;;;;;;RENUNCIA_OUTROS;500000.0;743505.5;2016;0.1925
B1600200900000;MEU NOME É JACQUE;2016;;Renúncia — Art.3/3-A/39;7261.5;10238.2;89220.66;60000;10238.2;0.0;0.023;0.0;0;0.0;0;0;0;3.857;2;1.0;36.0;;00.360.459/0001-04;;;;;;;;;;RENUNCIA_ART3;300000.0;446103.3;2016;0.023
B1600382500000;MILLER;2016;;Renúncia — Art.3/3-A/39;3384.0;4771.2;208181.54;140000;4771.2;0.0;0.0107;0.0;0;0.0;0;0;0;0.0;0;;;;09.019.897/0001-70;;;;;;;;;;RENUNCIA_ART3;300000.0;446103.3;2016;0.0107
B1600728000000;MINHA ESTUPIDEZ;2016;;Renúncia — Art.3/3-A/39;0.0;0.0;208181.54;140000;0.0;0.0;0.0;0.0;0;0.0;0;0;0;0.0;0;;;;09.180.984/0001-04;;;;;;;;;;RENUNCIA_ART3;2028716.0;3016723.01;2016;0.0
B1600716500000;MINHA MÃE É UMA PEÇA 2;2016;;Renúncia — Art.3/3-A/39;138274801.13;186544437.24;542759.02;365000;186544437.24;0.0;55.264;0.0;0;0.0;0;0;0;0.0;0;1.0;0.0;;10.645.895/0001-75;;;;;;;;;;RENUNCIA_ART3;500000.0;743505.5;2016;250.8985
B1600716500000;MINHA MÃE É UMA PEÇA 2;2016;;Renúncia — Art.3/3-A/39;138274801.13;186544437.24;542759.02;365000;186544437.24;0.0;55.264;0.0;0;0.0;0;0;0;0.0;0;1.0;0.0;;10.645.895/0001-75;;;;;;;;;;RENUNCIA_OUTROS;1770000.0;2632009.47;2016;70.8753
B1800385900000;MISSÕES DE VIDA;2016;;Renúncia — Art.3/3-A/39;0.0;0.0;89220.66;60000;0.0;0.0;0.0;0.0;0;0.0;0;0;0;3.2;1;0.0;;;64.044.886/0001-58;;;;;;;;;;RENUNCIA_ART3;1991961.18;2962068.19;2016;0.0
B1700053800000;MODA-O-RAMA;2016;;Renúncia — Art.3/3-A/39;0.0;0.0;89220.66;60000;0.0;0.0;0.0;0.0;0;0.0;0;0;0;0.0;0;0.0;;;04.853.740/0001-21;;;;;;;;;;RENUNCIA_ART3;490841.35;729886.49;2016;0.0
B1700614000000;MOTORRAD;2016;;Renúncia — Art.3/3-A/39;162416.96;214684.12;208181.54;140000;214684.12;0.0;0.0323;2.4;0;12.0;0;0;0;0.0;0;;;;09.416.289/0001-07;;;;;;;;;;RENUNCIA_ART3;931888.18;1385727.97;2016;0.1549
B1700614000000;MOTORRAD;2016;;Renúncia — Art.3/3-A/39;162416.96;214684.12;208181.54;140000;214684.12;0.0;0.0323;2.4;0;12.0;0;0;0;0.0;0;;;;09.416.289/0001-07;;;;;;;;;;RENUNCIA_OUTROS;3542614.0;5267905.99;2016;0.0408
B1600066700000;MÃOS DE URSO;2016;;Renúncia — Art.3/3-A/39;0.0;0.0;89220.66;60000;0.0;0.0;0.0;0.0;0;0.0;0;0;0;4.343;2;0.0;;;56.486.590/0001-69;;;;;;;;;;RENUNCIA_ART3;550000.0;817856.05;2016;0.0
B1600785400000;NA FITA;2016;;Renúncia — Art.3/3-A/39;0.0;0.0;89220.66;60000;0.0;0.0;0.0;0.0;0;0.0;0;0;0;0.0;0;;;;28.629.780/0001-52;;;;;;;;;;RENUNCIA_ART3;199500.0;296658.69;2016;0.0
B1700148100000;NA TRILHA DA ENERGIA 2;2016;;Renúncia — Outros Mecanismos;0.0;0.0;89220.66;60000;0.0;0.0;0.0;0.0;0;0.0;0;0;0;0.0;0;;;;01.613.170/0001-04;;;;;;;;;;RENUNCIA_OUTROS;1557848.0;2316537.11;2016;0.0
B1600500100000;O BRASIL POR ELES - O OLHAR DO MUNDO PARA O ESPORTE BRASILEIRO;2016;;Renúncia — Art.3/3-A/39;0.0;0.0;535323.96;360000;0.0;0.0;0.0;0.0;0;0.0;0;0;0;4.343;2;2.0;0.0;;03.279.751/0001-87;;;;;;;;;;RENUNCIA_ART3;2429034.83;3612001.51;2016;0.0
B1600138900000;O CANGACEIRO - A SÉRIE;2016;;Renúncia — Art.3/3-A/39;0.0;0.0;89220.66;60000;0.0;0.0;0.0;0.0;0;0.0;0;0;0;0.0;0;0.0;;;44.182.046/0001-44;;;;;;;;;;RENUNCIA_ART3;1392516.1;2070686.76;2016;0.0
B1600138900000;O CANGACEIRO - A SÉRIE;2016;;Renúncia — Art.3/3-A/39;0.0;0.0;89220.66;60000;0.0;0.0;0.0;0.0;0;0.0;0;0;0;0.0;0;0.0;;;44.182.046/0001-44;;;;;;;;;;RENUNCIA_OUTROS;1192715.0;1773580.32;2016;0.0
B1700566900000;O DIA EM QUE NOS TORNAMOS TERRORISTAS;2016;;Renúncia — Art.3/3-A/39;0.0;0.0;0.0;0;0.0;0.0;0.0;0.0;0;0.0;0;0;0;3.6;1;;;;03.553.092/0001-25;;;;;;;;;;RENUNCIA_ART3;3000000.0;4461033.0;2016;0.0
B1600713100000;O FILHO ETERNO;2016;;Renúncia — Art.3/3-A/39;310490.4;437499.16;208181.54;140000;437499.16;0.0;0.1435;0.0;0;0.0;0;0;0;3.7;1;;;;05.387.293/0001-25;;;;;;;;;;RENUNCIA_ART3;2050000.0;3048372.55;2016;0.1435
B1700217800000;O NOME DELA É GAL;2016;;Renúncia — Art.3/3-A/39;0.0;0.0;89220.66;60000;0.0;0.0;0.0;0.0;0;0.0;0;0;0;3.0;1;1.0;0.0;;09.281.789/0001-70;;;;;;;;;;RENUNCIA_ART3;1000000.0;1487011.0;2016;0.0
B1600565200000;O SHOW DA LUNA! TERCEIRA TEMPORADA;2016;;Renúncia — Art.3/3-A/39;0.0;0.0;208181.54;140000;0.0;0.0;0.0;0.0;0;0.0;0;0;0;0.0;0;0.0;;;01.161.933/0001-23;;;;;;;;;;RENUNCIA_ART3;1808652.0;2689485.42;2016;0.0
B1600565200000;O SHOW DA LUNA! TERCEIRA TEMPORADA;2016;;Renúncia — Art.3/3-A/39;0.0;0.0;208181.54;140000;0.0;0.0;0.0;0.0;0;0.0;0;0;0;0.0;0;0.0;;;01.161.933/0001-23;;;;;;;;;;RENUNCIA_OUTROS;100000.0;148701.1;2016;0.0
B1700159700000;O SILÊNCIO DA NOITE É QUE TEM SIDO TESTEMUNHA DAS MINHAS AMARGURAS;2016;;Renúncia — Outros Mecanismos;11941.76;15784.72;89220.66;60000;15784.72;0.0;1.1795;0.0;0;0.0;0;0;0;4.1;1;;;;16.863.370/0001-92;;;;;;;;;;RENUNCIA_OUTROS;9000.0;13383.1;2016;1.1795
B1600710700000;O VENDEDOR DE SONHOS;2016;;Renúncia — Art.3/3-A/39;9718345.68;13603188.2;96655.72;65000;13603188.2;0.0;1.3882;11.75;0;0.0;5727;0;0;3.1;1;;;Oscar;09.416.289/0001-07;;;;;;;;;;RENUNCIA_ART3;3000000.0;4461033.0;2016;3.0493
B1600710700000;O VENDEDOR DE SONHOS;2016;;Renúncia — Art.3/3-A/39;9718345.68;13603188.2;96655.72;65000;13603188.2;0.0;1.3882;11.75;0;0.0;5727;0;0;3.1;1;;;Oscar;09.416.289/0001-07;;;;;;;;;;RENUNCIA_OUTROS;3590000.0;5338369.49;2016;2.5482
B1600784700000;OS PENETRAS 2 - QUEM DÁ MAIS?;2016;;Renúncia — Art.3/3-A/39;6089550.0;8070683.6;215616.6;145000;8070683.6;0.0;0.8573;0.0;0;0.0;0;0;0;3.1;1;1.0;1.0;;09.180.984/0001-04;;;;;;;;;;RENUNCIA_ART3;3000000.0;4461033.0;2016;1.8092
B1600784700000;OS PENETRAS 2 - QUEM DÁ MAIS?;2016;;Renúncia — Art.3/3-A/39;6089550.0;8070683.6;215616.6;145000;8070683.6;0.0;0.8573;0.0;0;0.0;0;0;0;3.1;1;1.0;1.0;;09.180.984/0001-04;;;;;;;;;;RENUNCIA_OUTROS;3330500.0;4952490.14;2016;1.6296
B1600738500000;OS SALTIMBANCOS TRAPALHÕES - RUMO A HOLLYWOOD;2016;;Renúncia — Art.3/3-A/39;1445115.0;1915259.08;215616.6;145000;1915259.08;0.0;0.426;0.0;0;0.0;0;0;0;0.0;0;;;;02.947.857/0001-49;;;;;;;;;;RENUNCIA_ART3;3000000.0;4461033.0;2016;0.4293
B1600738500000;OS SALTIMBANCOS TRAPALHÕES - RUMO A HOLLYWOOD;2016;;Renúncia — Art.3/3-A/39;1445115.0;1915259.08;215616.6;145000;1915259.08;0.0;0.426;0.0;0;0.0;0;0;0;0.0;0;;;;02.947.857/0001-49;;;;;;;;;;RENUNCIA_OUTROS;23501.34;34946.75;2016;54.8051
B1600280100000;OS SENHORES DA GUERRA;2016;;Renúncia — Outros Mecanismos;73658.4;103853.12;96655.72;65000;103853.12;0.0;0.0249;0.0;0;0.0;0;0;0;3.918;2;;;;05.456.798/0001-02;;;;;;;;;;RENUNCIA_OUTROS;2810000.0;4178500.91;2016;0.0249
B1600785500000;OS TRANSGRESSORES;2016;;Renúncia — Art.3/3-A/39;2520.0;3339.84;96655.72;65000;3339.84;0.0;0.0054;0.0;0;0.0;0;0;0;0.0;0;0.0;;;01.946.155/0001-88;;;;;;;;;;RENUNCIA_ART3;300000.0;446103.3;2016;0.0075
B1600785500000;OS TRANSGRESSORES;2016;;Renúncia — Art.3/3-A/39;2520.0;3339.84;96655.72;65000;3339.84;0.0;0.0054;0.0;0;0.0;0;0;0;0.0;0;0.0;;;01.946.155/0001-88;;;;;;;;;;RENUNCIA_OUTROS;115816.0;172219.67;2016;0.0194
B1600462200000;OUTROS TEMPOS - VELHOS;2016;;Renúncia — Art.3/3-A/39;0.0;0.0;89220.66;60000;0.0;0.0;0.0;0.0;0;0.0;0;0;0;0.0;0;1.0;0.0;;00.020.648/0001-20;;;;;;;;;;RENUNCIA_ART3;2134542.17;3174087.69;2016;0.0
B1800353500000;PACTO DE SANGUE;2016;;Renúncia — Art.3/3-A/39;0.0;0.0;89220.66;60000;0.0;0.0;0.0;0.0;0;0.0;0;0;0;4.175;2;;;;05.832.663/0001-96;;;;;;;;;;RENUNCIA_ART3;10140257.01;15078673.72;2016;0.0
B1700533700000;PARA ALÉM DA CURVA DA ESTRADA;2016;;Renúncia — Art.3/3-A/39;255.0;337.96;208181.54;140000;337.96;0.0;0.0006;0.0;0;0.0;0;0;0;3.97;2;;;;12.187.070/0001-80;;;;;;;;;;RENUNCIA_ART3;300000.0;446103.3;2016;0.0008
B1700533700000;PARA ALÉM DA CURVA DA ESTRADA;2016;;Renúncia — Art.3/3-A/39;255.0;337.96;208181.54;140000;337.96;0.0;0.0006;0.0;0;0.0;0;0;0;3.97;2;;;;12.187.070/0001-80;;;;;;;;;;RENUNCIA_OUTROS;60000.0;89220.66;2016;0.0038
B1600358100000;PARATODOS;2016;;Renúncia — Art.3/3-A/39;44302.2;62462.96;208181.54;140000;62462.96;0.0;0.138;0.0;0;0.0;0;0;0;0.0;0;;;;09.640.643/0001-74;;;;;;;;;;RENUNCIA_OUTROS;304281.0;452469.19;2016;0.138
B1600649400000;PARQUE PATATI PATATÁ - 2ª TEMPORADA;2016;;Renúncia — Outros Mecanismos;0.0;0.0;208181.54;140000;0.0;0.0;0.0;0.0;0;0.0;0;0;0;0.0;0;0.0;;;66.176.181/0001-10;;;;;;;;;;RENUNCIA_OUTROS;755000.0;1122693.31;2016;0.0
B1600530200000;PEQUENO SEGREDO;2016;;Renúncia — Outros Mecanismos;2669518.5;3763781.0;0.0;0;3763781.0;0.0;0.6328;10.3;0;0.0;1968;0;0;3.7;1;3.0;2.0;Oscar;00.132.102/0001-60;;;;;;;;;;RENUNCIA_OUTROS;4000000.0;5948044.0;2016;0.6328
B1600437000000;PIEDADE, PIEDADE!;2016;;Renúncia — Art.3/3-A/39;0.0;0.0;208181.54;140000;0.0;0.0;0.0;0.0;0;0.0;0;0;0;0.0;0;;;;05.303.120/0001-81;;;;;;;;;;RENUNCIA_ART3;227914.5;338911.37;2016;0.0
B1700107400000;PITANGA;2016;;Renúncia — Art.3/3-A/39;72585.0;96199.32;208181.54;140000;96199.32;0.0;0.0809;0.0;0;0.0;0;0;0;0.0;0;0.0;;;02.902.219/0001-01;;;;;;;;;;RENUNCIA_ART3;300000.0;446103.3;2016;0.2156
B1700107400000;PITANGA;2016;;Renúncia — Art.3/3-A/39;72585.0;96199.32;208181.54;140000;96199.32;0.0;0.0809;0.0;0;0.0;0;0;0;0.0;0;0.0;;;02.902.219/0001-01;;;;;;;;;;RENUNCIA_OUTROS;500000.0;743505.5;2016;0.1294
B1600411100000;POESIA E PROSA COM MARIA BETHÂNIA;2016;;Renúncia — Outros Mecanismos;0.0;0.0;297402.2;200000;0.0;0.0;0.0;0.0;0;0.0;0;0;0;0.0;0;;;;06.900.652/0001-69;;;;;;;;;;RENUNCIA_OUTROS;1000000.0;1487011.0;2016;0.0
B1600633600000;REGRAS DO MMA;2016;;Renúncia — Art.3/3-A/39;0.0;0.0;89220.66;60000;0.0;0.0;0.0;0.0;0;0.0;0;0;0;3.767;1;0.0;;;09.322.209/0001-46;;;;;;;;;;RENUNCIA_ART3;467432.68;695077.54;2016;0.0
B1600751200000;SANTINO E O BILHETE PREMIADO;2016;;Renúncia — Art.3/3-A/39;0.0;0.0;535323.96;360000;0.0;0.0;0.0;0.0;0;0.0;0;0;0;3.4;1;;;;14.151.128/0001-60;;;;;;;;;;RENUNCIA_ART3;280000.0;416363.08;2016;0.0
B1600385400000;SARAH - MENINA DE OURO;2016;;Renúncia — Art.3/3-A/39;0.0;0.0;89220.66;60000;0.0;0.0;0.0;0.0;0;0.0;0;0;0;4.343;2;;;;13.827.942/0001-90;;;;;;;;;;RENUNCIA_ART3;227477.5;338261.54;2016;0.0
B1700030100000;SEBASTIANA QUEBRA-GALHO;2016;;Renúncia — Outros Mecanismos;0.0;0.0;89220.66;60000;0.0;0.0;0.0;0.0;0;0.0;0;0;0;0.0;0;3.0;0.0;;05.256.465/0001-21;;;;;;;;;;RENUNCIA_OUTROS;1423575.0;2116871.68;2016;0.0
B1600251100000;SEQUESTRO;2016;;Renúncia — Art.3/3-A/39;0.0;0.0;89220.66;60000;0.0;0.0;0.0;0.0;0;0.0;0;0;0;3.923;2;;;;07.060.648/0001-00;;;;;;;;;;RENUNCIA_ART3;899755.45;1337946.25;2016;0.0
B1600509900000;SERGIO BRITTO O MESTRE DOS PALCOS;2016;;Renúncia — Outros Mecanismos;0.0;0.0;215616.6;145000;0.0;0.0;0.0;0.0;0;0.0;0;0;0;3.837;2;;;;73.364.879/0001-24;;;;;;;;;;RENUNCIA_OUTROS;415000.0;617109.57;2016;0.0
B1600388200000;SHOW DO KIBE - 2ª TEMPORADA;2016;;Renúncia — Art.3/3-A/39;0.0;0.0;89220.66;60000;0.0;0.0;0.0;0.0;0;0.0;0;0;0;0.0;0;;;;08.371.400/0001-15;;;;;;;;;;RENUNCIA_ART3;2376566.1;3533979.93;2016;0.0
B1600403500000;SONHADORES;2016;;Renúncia — Art.3/3-A/39;0.0;0.0;89220.66;60000;0.0;0.0;0.0;0.0;0;0.0;0;0;0;0.0;0;16.0;0.0;;10.874.608/0001-07;;;;;;;;;;RENUNCIA_ART3;524747.08;780304.68;2016;0.0
B1600512600000;SOS FADA MANU (SEGUNDA TEMPORADA);2016;;Renúncia — Art.3/3-A/39;0.0;0.0;535323.96;360000;0.0;0.0;0.0;0.0;0;0.0;0;0;0;0.0;0;;;;16.729.130/0001-08;;;;;;;;;;RENUNCIA_ART3;1707000.0;2538327.78;2016;0.0
B1600512600000;SOS FADA MANU (SEGUNDA TEMPORADA);2016;;Renúncia — Art.3/3-A/39;0.0;0.0;535323.96;360000;0.0;0.0;0.0;0.0;0;0.0;0;0;0;0.0;0;;;;16.729.130/0001-08;;;;;;;;;;RENUNCIA_OUTROS;759271.98;1129045.79;2016;0.0
B1700275000000;SOUNDTRACK;2016;;Renúncia — Art.3/3-A/39;197955.0;262356.36;215616.6;145000;262356.36;0.0;0.036;0.0;0;0.0;0;0;0;0.0;0;0.0;;;01.473.536/0001-97;;;;;;;;;;RENUNCIA_ART3;3000000.0;4461033.0;2016;0.0588
B1700275000000;SOUNDTRACK;2016;;Renúncia — Art.3/3-A/39;197955.0;262356.36;215616.6;145000;262356.36;0.0;0.036;0.0;0;0.0;0;0;0;0.0;0;0.0;;;01.473.536/0001-97;;;;;;;;;;RENUNCIA_OUTROS;1900000.0;2825320.9;2016;0.0929
B1600337700000;SÃO PAULO EM HI-FI;2016;;Renúncia — Outros Mecanismos;49858.8;70096.88;89220.66;60000;70096.88;0.0;0.4285;0.0;0;0.0;0;0;0;0.0;0;;;;09.005.783/0001-70;;;;;;;;;;RENUNCIA_OUTROS;110000.0;163571.21;2016;0.4285
B1700354000000;SÃO PAULO NAS ALTURAS;2016;;Renúncia — Art.3/3-A/39;0.0;0.0;89220.66;60000;0.0;0.0;0.0;0.0;0;0.0;0;0;0;3.9;1;0.0;;;08.440.376/0001-29;;;;;;;;;;RENUNCIA_ART3;1222087.15;1817257.04;2016;0.0
B1600604900000;TOC - TRANSTORNADA, OBSESSIVA, COMPULSIVA;2016;;Renúncia — Art.3/3-A/39;3675645.0;4871454.84;215616.6;145000;4871454.84;0.0;0.9;0.0;0;0.0;0;0;0;3.898;2;;;;07.570.789/0001-65;;;;;;;;;;RENUNCIA_ART3;2800000.0;4163630.8;2016;1.17
B1600604900000;TOC - TRANSTORNADA, OBSESSIVA, COMPULSIVA;2016;;Renúncia — Art.3/3-A/39;3675645.0;4871454.84;215616.6;145000;4871454.84;0.0;0.9;0.0;0;0.0;0;0;0;3.898;2;;;;07.570.789/0001-65;;;;;;;;;;RENUNCIA_OUTROS;840000.0;1249089.24;2016;3.9
B1600625200000;TODAS AS MANHÃS DO MUNDO;2016;;Renúncia — Art.3/3-A/39;173625.0;230111.0;89220.66;60000;230111.0;0.0;0.0884;0.0;0;0.0;0;0;0;3.927;2;;;;04.350.398/0001-47;;;;;;;;;;RENUNCIA_ART3;1750000.0;2602269.25;2016;0.0884
B1600483500000;TUDO É IRRELEVANTE - HELIO JAGUARIBE;2016;;Renúncia — Outros Mecanismos;3323.84;4393.48;416363.08;280000;4393.48;0.0;0.0067;0.0;0;0.0;0;0;0;3.738;1;1.0;0.0;;02.127.762/0001-89;;;;;;;;;;RENUNCIA_OUTROS;441205.0;656076.69;2016;0.0067
B1700430100000;UM CONTRA TODOS - 2ª TEMPORADA;2016;;Renúncia — Art.3/3-A/39;0.0;0.0;208181.54;140000;0.0;0.0;0.0;0.0;0;0.0;0;0;0;0.0;0;2.0;1.0;;09.180.984/0001-04;;;;;;;;;;RENUNCIA_ART3;6699384.06;9962057.79;2016;0.0
B1600436900000;UM NAMORADO PARA MINHA MULHER;2016;;Renúncia — Art.3/3-A/39;9622305.3;13566768.04;215616.6;145000;13566768.04;0.0;2.0911;0.0;0;0.0;0;0;0;3.133;1;;;;12.580.503/0001-62;;;;;;;;;;RENUNCIA_ART3;3271583.65;4864880.87;2016;2.7887
B1600436900000;UM NAMORADO PARA MINHA MULHER;2016;;Renúncia — Art.3/3-A/39;9622305.3;13566768.04;215616.6;145000;13566768.04;0.0;2.0911;0.0;0;0.0;0;0;0;3.133;1;;;;12.580.503/0001-62;;;;;;;;;;RENUNCIA_OUTROS;1091500.0;1623072.51;2016;8.3587
B1600439700000;VIDAS PARTIDAS;2016;;Renúncia — Art.3/3-A/39;83175.9;117272.12;208181.54;140000;117272.12;0.0;0.0125;0.0;0;0.0;0;0;0;3.7;1;;;;36.472.587/0001-89;;;;;;;;;;RENUNCIA_ART3;2500000.0;3717527.5;2016;0.0315
B1600439700000;VIDAS PARTIDAS;2016;;Renúncia — Art.3/3-A/39;83175.9;117272.12;208181.54;140000;117272.12;0.0;0.0125;0.0;0;0.0;0;0;0;3.7;1;;;;36.472.587/0001-89;;;;;;;;;;RENUNCIA_OUTROS;3807750.0;5662166.14;2016;0.0207
B1600390300000;VITÓRIAS ALÉM DO PÓDIO - O ESPORTE TRANSFORMANDO VIDAS;2016;;Renúncia — Outros Mecanismos;0.0;0.0;208181.54;140000;0.0;0.0;0.0;0.0;0;0.0;0;0;0;3.857;1;0.0;;;07.703.864/0001-19;;;;;;;;;;RENUNCIA_OUTROS;800000.0;1189608.8;2016;0.0
B1600791000000;VIVER PARA LUTAR;2016;;Renúncia — Art.3/3-A/39;0.0;0.0;89220.66;60000;0.0;0.0;0.0;0.0;0;0.0;0;0;0;4.084;2;0.0;;;06.998.046/0001-28;;;;;;;;;;RENUNCIA_ART3;2998732.0;4459147.47;2016;0.0
B1700066700000;#MECHAMADEBRUNA - VERDADES E MENTIRAS;2017;;Renúncia — Art.3/3-A/39;0.0;0.0;86664.06;60000;0.0;0.0;0.0;0.0;0;0.0;0;0;0;0.0;0;0.0;;;03.360.320/0001-40;;;;;;;;;;RENUNCIA_ART3;305183.29;440807.05;2017;0.0
B1700466800000;5 LOOKS;2017;;Renúncia — Art.3/3-A/39;0.0;0.0;86664.06;60000;0.0;0.0;0.0;0.0;0;0.0;0;0;0;0.0;0;0.0;;;01.894.553/0001-06;;;;;;;;;;RENUNCIA_ART3;2605352.2;3763173.32;2017;0.0
B1700354200000;A ARTE DO FUTEBOL BRASILEIRO;2017;;Renúncia — Art.3/3-A/39;0.0;0.0;86664.06;60000;0.0;0.0;0.0;0.0;0;0.0;0;0;0;3.88;1;;;;10.899.485/0001-50;;;;;;;;;;RENUNCIA_ART3;908580.0;1312353.86;2017;0.0
B1700228000000;A GRANDE LUTA - SEGUNDA TEMPORADA;2017;;Renúncia — Art.3/3-A/39;0.0;0.0;86664.06;60000;0.0;0.0;0.0;0.0;0;0.0;0;0;0;4.1;1;;;;16.729.130/0001-08;;;;;;;;;;RENUNCIA_ART3;1863705.25;2691937.73;2017;0.0
B1800033200000;A IMAGEM DA TOLERÂNCIA;2017;;Renúncia — Art.3/3-A/39;10091.84;13339.48;202216.14;140000;13339.48;0.0;0.0462;0.0;0;0.0;0;0;0;3.17;2;0.0;;;07.419.227/0001-15;;;;;;;;;;RENUNCIA_ART3;200000.0;288880.2;2017;0.0462
B1700467200000;A PONTE;2017;;Renúncia — Outros Mecanismos;0.0;0.0;86664.06;60000;0.0;0.0;0.0;0.0;0;0.0;0;0;0;0.0;0;;;;46.397.220/0001-00;;;;;;;;;;RENUNCIA_ART3;199049.0;287506.57;2017;0.0
B1800473500000;A ÚLTIMA ABOLIÇÃO;2017;;Renúncia — Art.3/3-A/39;57016.64;75365.08;202216.14;140000;75365.08;0.0;0.1739;0.0;0;0.0;0;0;0;4.013;2;5.0;2.0;;08.427.088/0001-34;;;;;;;;;;RENUNCIA_ART3;300000.0;433320.3;2017;0.1739
B1700329300000;A ÚLTIMA CHANCE;2017;;Renúncia — Outros Mecanismos;1478.49;1908.48;404432.28;280000;1908.48;0.0;0.022;0.0;0;0.0;0;0;0;4.013;2;;;;03.626.688/0001-08;;;;;;;;;;RENUNCIA_OUTROS;60000.0;86664.06;2017;0.022
B1700362500000;ABRINDO O ARMÁRIO;2017;;Renúncia — Art.3/3-A/39;24680.64;32623.08;404432.28;280000;32623.08;0.0;0.0753;0.0;0;0.0;0;0;0;0.0;0;0.0;;;00.962.888/0001-43;;;;;;;;;;RENUNCIA_ART3;300000.0;433320.3;2017;0.0753
B1700180400000;AEROPORTO - ÁREA RESTRITA;2017;;Renúncia — Art.3/3-A/39;0.0;0.0;202216.14;140000;0.0;0.0;0.0;0.0;0;0.0;0;0;0;0.0;0;0.0;;;07.627.467/0001-05;;;;;;;;;;RENUNCIA_ART3;1980000.0;2859913.98;2017;0.0
B1800007200000;AEROPORTO - ÁREA RESTRITA (2A TEMPORADA);2017;;Renúncia — Art.3/3-A/39;0.0;0.0;202216.14;140000;0.0;0.0;0.0;0.0;0;0.0;0;0;0;0.0;0;0.0;;;07.627.467/0001-05;;;;;;;;;;RENUNCIA_ART3;1980000.0;2859913.98;2017;0.0
B1700548300000;ALGUMA COISA ASSIM;2017;;Renúncia — Outros Mecanismos;88003.04;116337.76;404432.28;280000;116337.76;0.0;0.8054;1.9;0;9.5;0;0;0;0.0;0;16.0;4.0;;09.271.593/0001-03;;;;;;;;;;RENUNCIA_OUTROS;100000.0;144440.1;2017;0.8054
B1700255200000;ALTO LEBLON;2017;;Renúncia — Art.3/3-A/39;0.0;0.0;86664.06;60000;0.0;0.0;0.0;0.0;0;0.0;0;0;0;0.0;0;;;;06.023.805/0001-37;;;;;;;;;;RENUNCIA_ART3;1807850.0;2611260.35;2017;0.0
B1700359600000;AMOR DE COZINHA;2017;;Renúncia — Outros Mecanismos;0.0;0.0;173328.12;120000;0.0;0.0;0.0;0.0;0;0.0;0;0;0;4.3;1;;;;01.908.170/0001-31;;;;;;;;;;RENUNCIA_OUTROS;1367650.44;1975435.66;2017;0.0
B1700306100000;ANTES QUE EU ME ESQUEÇA;2017;;Renúncia — Art.3/3-A/39;244129.28;322692.16;209438.15;145000;322692.16;0.0;0.0931;2.2;0;11.0;0;0;0;3.3;1;;;;08.103.457/0001-33;;;;;;;;;;RENUNCIA_ART3;2400000.0;3466562.4;2017;0.0931
B1700255500000;AQUALOUCOS;2017;;Renúncia — Art.3/3-A/39;1770.0;2345.84;86664.06;60000;2345.84;0.0;0.0054;1.6;0;8.0;0;0;0;0.0;0;;;;12.580.503/0001-62;;;;;;;;;;RENUNCIA_ART3;300000.0;433320.3;2017;0.0054
B1700085300000;ARÁBIA;2017;;Renúncia — Art.3/3-A/39;177195.07;234186.4;202216.14;140000;234186.4;0.0;0.3756;14.9;0;74.5;0;0;0;4.353;2;0.0;;;07.530.292/0001-13;;;;;;;;;;RENUNCIA_OUTROS;431716.0;623571.02;2017;0.3756
B1700596600000;AULA NO TRAÇO;2017;;Renúncia — Outros Mecanismos;0.0;0.0;288880.2;200000;0.0;0.0;0.0;0.0;0;0.0;0;0;0;4.3;1;0.0;;;12.432.201/0001-47;;;;;;;;;;RENUNCIA_OUTROS;153301.64;221429.04;2017;0.0
B1800433200000;BABEL SP;2017;;Renúncia — Art.3/3-A/39;0.0;0.0;86664.06;60000;0.0;0.0;0.0;0.0;0;0.0;0;0;0;4.105;2;0.0;;;23.148.018/0001-30;;;;;;;;;;RENUNCIA_ART3;1424836.6;2058035.41;2017;0.0
B1800302300000;BELEZA GG;2017;;Renúncia — Art.3/3-A/39;0.0;0.0;86664.06;60000;0.0;0.0;0.0;0.0;0;0.0;0;0;0;0.0;0;0.0;;;09.719.793/0001-78;;;;;;;;;;RENUNCIA_ART3;1440380.74;2080487.38;2017;0.0
B1700361000000;BIKE AMOR;2017;;sem_categoria;0.0;0.0;86664.06;60000;0.0;0.0;0.0;0.0;0;0.0;0;0;0;4.3;1;;;;11.794.400/0001-32;;;;;;;;;;RENUNCIA_OUTROS;940000.0;1357736.94;2017;0.0
B1700330100000;BINGO - O REI DAS MANHÃS;2017;;Renúncia — Art.3/3-A/39;3795885.0;5030812.92;93886.07;65000;5030812.92;0.0;0.6656;0.0;0;0.0;0;0;0;3.9;1;20.0;4.0;Oscar;01.378.559/0001-12;;;;;;;;;;RENUNCIA_ART3;3000000.0;4333203.0;2017;1.161
B1700330100000;BINGO - O REI DAS MANHÃS;2017;;Renúncia — Art.3/3-A/39;3795885.0;5030812.92;93886.07;65000;5030812.92;0.0;0.6656;0.0;0;0.0;0;0;0;3.9;1;20.0;4.0;Oscar;01.378.559/0001-12;;;;;;;;;;RENUNCIA_OUTROS;2232684.32;3224891.46;2017;1.56
B1800054500000;BORIS E RUFUS- BIT STOP;2017;;Renúncia — Outros Mecanismos;0.0;0.0;519984.36;360000;0.0;0.0;0.0;0.0;0;0.0;0;0;0;0.0;0;;;;03.274.384/0001-29;;;;;;;;;;RENUNCIA_OUTROS;82249.0;118800.54;2017;0.0
B1700362200000;BRASIL ESTRADEIRO;2017;;Renúncia — Outros Mecanismos;0.0;0.0;115552.08;80000;0.0;0.0;0.0;0.0;0;0.0;0;0;0;0.0;0;0.0;;;07.346.770/0001-30;;;;;;;;;;RENUNCIA_OUTROS;573715.45;828675.17;2017;0.0
B1700487800000;BUZZU NA ESCOLA INTERGALÁCTICA;2017;;Renúncia — Art.3/3-A/39;0.0;0.0;86664.06;60000;0.0;0.0;0.0;0.0;0;0.0;0;0;0;0.0;0;;;;60.915.899/0001-02;;;;;;;;;;RENUNCIA_ART3;1546700.22;2234055.34;2017;0.0
B1700371900000;CADARÇO;2017;;Renúncia — Outros Mecanismos;0.0;0.0;288880.2;200000;0.0;0.0;0.0;0.0;0;0.0;0;0;0;0.0;0;;;;09.005.783/0001-70;;;;;;;;;;RENUNCIA_OUTROS;104500.0;150939.9;2017;0.0
B1700349900000;CAMINHO DO MAR;2017;;Renúncia — Outros Mecanismos;15596.48;20615.56;173328.12;120000;20615.56;0.0;0.0074;0.0;0;0.0;0;0;0;4.2;1;;;;01.230.968/0001-77;;;;;;;;;;RENUNCIA_OUTROS;1917381.0;2769467.03;2017;0.0074
B1700560500000;CARTAS PARA UM LADRÃO DE LIVROS;2017;;Renúncia — Art.3/3-A/39;5399.36;7136.92;86664.06;60000;7136.92;0.0;0.0082;0.0;0;0.0;0;0;0;4.055;2;9.0;3.0;;16.729.130/0001-08;;;;;;;;;;RENUNCIA_ART3;300000.0;433320.3;2017;0.0165
B1700560500000;CARTAS PARA UM LADRÃO DE LIVROS;2017;;Renúncia — Art.3/3-A/39;5399.36;7136.92;86664.06;60000;7136.92;0.0;0.0082;0.0;0;0.0;0;0;0;4.055;2;9.0;3.0;;16.729.130/0001-08;;;;;;;;;;RENUNCIA_OUTROS;300000.0;433320.3;2017;0.0165
B1700436300000;CHIBATA;2017;;Renúncia — Outros Mecanismos;0.0;0.0;0.0;0;0.0;0.0;0.0;0.0;0;0.0;0;0;0;0.0;0;;;;30.027.114/0001-96;;;;;;;;;;RENUNCIA_OUTROS;75000.0;108330.07;2017;0.0
B1700172000000;CIDADES FANTASMAS;2017;;Renúncia — Art.3/3-A/39;18390.0;24372.88;86664.06;60000;24372.88;0.0;0.0562;3.0;0;15.0;0;0;0;0.0;0;;;;94.625.829/0001-23;;;;;;;;;;RENUNCIA_ART3;300000.0;433320.3;2017;0.0562
B1800102900000;CINELAB APRENDIZ;2017;;Renúncia — Outros Mecanismos;0.0;0.0;86664.06;60000;0.0;0.0;0.0;0.0;0;0.0;0;0;0;0.0;0;;;;16.729.130/0001-08;;;;;;;;;;RENUNCIA_OUTROS;704593.46;1017715.5;2017;0.0
B1700625000000;CONSELHO TUTELAR 3ª TEMPORADA;2017;;Renúncia — Art.3/3-A/39;0.0;0.0;202216.14;140000;0.0;0.0;0.0;0.0;0;0.0;0;0;0;0.0;0;;;;28.629.780/0001-52;;;;;;;;;;RENUNCIA_ART3;3000000.0;4333203.0;2017;0.0
B1700537400000;CORAGEM! AS MUITAS VIDAS DO CARDEAL DOM PAULO EVARISTO ARNS;2017;;Renúncia — Art.3/3-A/39;13669.56;18110.68;0.0;0;18110.68;0.0;0.0155;0.0;0;0.0;0;0;0;2.712;2;;;;14.670.660/0001-94;;;;;;;;;;RENUNCIA_ART3;300000.0;433320.3;2017;0.0418
B1700537400000;CORAGEM! AS MUITAS VIDAS DO CARDEAL DOM PAULO EVARISTO ARNS;2017;;Renúncia — Art.3/3-A/39;13669.56;18110.68;0.0;0;18110.68;0.0;0.0155;0.0;0;0.0;0;0;0;2.712;2;;;;14.670.660/0001-94;;;;;;;;;;RENUNCIA_OUTROS;510317.44;737103.02;2017;0.0246
B1700167100000;CORTA! ANIMAÇÃO;2017;;Renúncia — Outros Mecanismos;0.0;0.0;86664.06;60000;0.0;0.0;0.0;0.0;0;0.0;0;0;0;0.0;0;0.0;;;02.683.477/0001-44;;;;;;;;;;RENUNCIA_OUTROS;1424070.9;2056929.43;2017;0.0
B1700328500000;D.P.A. - DETETIVES DO PRÉDIO AZUL;2017;;Renúncia — Art.3/3-A/39;18613007.96;24668237.16;209438.15;145000;24668237.16;0.0;5.6928;0.0;0;0.0;0;0;0;3.3;1;0.0;;;12.580.503/0002-43;;;;;;;;;;RENUNCIA_ART3;3000000.0;4333203.0;2017;5.6928
B1700182800000;DE CRIANÇA PARA CRIANÇA;2017;;Renúncia — Outros Mecanismos;0.0;0.0;404432.28;280000;0.0;0.0;0.0;0.0;0;0.0;0;0;0;4.407;2;;;;16.550.959/0001-30;;;;;;;;;;RENUNCIA_OUTROS;681000.0;983637.08;2017;0.0
B1800381100000;DELICADEZA É AZUL;2017;;Renúncia — Art.3/3-A/39;1031.32;1172.92;173328.12;120000;1172.92;0.0;0.0008;0.0;0;0.0;0;0;0;4.2;1;;;;23.586.904/0001-46;;;;;;;;;;RENUNCIA_OUTROS;965677.0;1394824.82;2017;0.0008
B1700621700000;DEU MATCH - 2º TEMPORADA;2017;;Renúncia — Art.3/3-A/39;0.0;0.0;86664.06;60000;0.0;0.0;0.0;0.0;0;0.0;0;0;0;0.0;0;;;;06.900.652/0001-69;;;;;;;;;;RENUNCIA_ART3;1371949.48;1981645.2;2017;0.0
B1700148400000;DIA UM;2017;;Renúncia — Art.3/3-A/39;0.0;0.0;86664.06;60000;0.0;0.0;0.0;0.0;0;0.0;0;0;0;3.98;2;0.0;;;02.525.725/0001-29;;;;;;;;;;RENUNCIA_ART3;2508154.85;3622781.37;2017;0.0
B1700483200000;DISTRITO CULTURAL - TERCEIRA TEMPORADA;2017;;Renúncia — Art.3/3-A/39;0.0;0.0;115552.08;80000;0.0;0.0;0.0;0.0;0;0.0;0;0;0;0.0;0;;;;03.218.295/0001-65;;;;;;;;;;RENUNCIA_ART3;550000.0;794420.55;2017;0.0
B1700244500000;DIVÓRCIO;2017;;Renúncia — Art.3/3-A/39;7474583.46;9906303.4;209438.15;145000;9906303.4;0.0;0.9965;0.9;0;4.5;0;0;0;3.868;2;;;;04.768.987/0001-40;;;;;;;;;;RENUNCIA_ART3;3000000.0;4333203.0;2017;2.2861
B1700244500000;DIVÓRCIO;2017;;Renúncia — Art.3/3-A/39;7474583.46;9906303.4;209438.15;145000;9906303.4;0.0;0.9965;0.9;0;4.5;0;0;0;3.868;2;;;;04.768.987/0001-40;;;;;;;;;;RENUNCIA_OUTROS;3882695.0;5608168.54;2017;1.7664
B1700339400000;DO JIU JITSU AO MMA;2017;;Renúncia — Art.3/3-A/39;0.0;0.0;86664.06;60000;0.0;0.0;0.0;0.0;0;0.0;0;0;0;0.0;0;7.0;0.0;;06.998.046/0001-28;;;;;;;;;;RENUNCIA_ART3;2999850.14;4332986.54;2017;0.0
B1700469600000;DRAG ME AS A QUEEN;2017;;Renúncia — Art.3/3-A/39;0.0;0.0;86664.06;60000;0.0;0.0;0.0;0.0;0;0.0;0;0;0;0.0;0;;;;15.743.170/0001-33;;;;;;;;;;RENUNCIA_ART3;1892970.0;2734207.76;2017;0.0
B1700488400000;E AGORA? O TRÁFICO DE ANIMAIS SILVESTRES NO BRASIL;2017;;Renúncia — Outros Mecanismos;0.0;0.0;86664.06;60000;0.0;0.0;0.0;0.0;0;0.0;0;0;0;4.3;1;;;;08.788.322/0001-59;;;;;;;;;;RENUNCIA_OUTROS;200340.0;289371.3;2017;0.0
B1700584000000;ENTRE IRMÃS - SÉRIE;2017;;Renúncia — Art.3/3-A/39;0.0;0.0;519984.36;360000;0.0;0.0;0.0;0.0;0;0.0;0;0;0;3.3;1;0.0;;;09.180.984/0001-04;;;;;;;;;;RENUNCIA_ART3;3000000.0;4333203.0;2017;0.0
B1700271600000;ENTRE RISOS;2017;;Renúncia — Art.3/3-A/39;0.0;0.0;86664.06;60000;0.0;0.0;0.0;0.0;0;0.0;0;0;0;0.0;0;;;;07.929.498/0001-10;;;;;;;;;;RENUNCIA_ART3;664675.38;960057.78;2017;0.0
B1700204700000;ERA UMA VEZ UMA HISTÓRIA;2017;;Renúncia — Outros Mecanismos;0.0;0.0;202216.14;140000;0.0;0.0;0.0;0.0;0;0.0;0;0;0;4.24;2;;;;06.900.652/0001-69;;;;;;;;;;RENUNCIA_OUTROS;2000000.0;2888802.0;2017;0.0
B1800000300000;ESCOLA DE GÊNIOS - PRIMEIRA TEMPORADA;2017;;Renúncia — Art.3/3-A/39;0.0;0.0;519984.36;360000;0.0;0.0;0.0;0.0;0;0.0;0;0;0;4.058;2;;;;06.998.046/0001-28;;;;;;;;;;RENUNCIA_ART3;3000000.0;4333203.0;2017;0.0
B1700072200000;ESPÍRITO DA LUTA 1ª TEMPORADA;2017;;Renúncia — Art.3/3-A/39;0.0;0.0;86664.06;60000;0.0;0.0;0.0;0.0;0;0.0;0;0;0;4.45;2;;;;03.435.290/0001-94;;;;;;;;;;RENUNCIA_ART3;2824685.37;4079978.37;2017;0.0
B1600789900000;EU FICO LOKO;2017;;Renúncia — Art.3/3-A/39;8520045.0;11291899.64;93886.07;65000;11291899.64;0.0;2.226;0.0;0;0.0;0;0;0;0.0;0;5.0;0.0;;01.473.536/0001-97;;;;;;;;;;RENUNCIA_ART3;3000000.0;4333203.0;2017;2.6059
B1600789900000;EU FICO LOKO;2017;;Renúncia — Art.3/3-A/39;8520045.0;11291899.64;93886.07;65000;11291899.64;0.0;2.226;0.0;0;0.0;0;0;0;0.0;0;5.0;0.0;;01.473.536/0001-97;;;;;;;;;;RENUNCIA_OUTROS;512000.0;739533.31;2017;15.269
B1700375000000;EU SOU ASSIM;2017;;Renúncia — Art.3/3-A/39;0.0;0.0;86664.06;60000;0.0;0.0;0.0;0.0;0;0.0;0;0;0;4.123;2;10.0;1.0;;03.360.320/0001-40;;;;;;;;;;RENUNCIA_ART3;1152843.9;1665168.88;2017;0.0
B1700463400000;EU, ADOLESCENTE;2017;;Renúncia — Art.3/3-A/39;0.0;0.0;86664.06;60000;0.0;0.0;0.0;0.0;0;0.0;0;0;0;0.0;0;0.0;;;03.360.320/0001-40;;;;;;;;;;RENUNCIA_OUTROS;1250000.0;1805501.25;2017;0.0
B1700568400000;EU,ELA E UM MILHÃO DE SEGUIDORES;2017;;Renúncia — Art.3/3-A/39;0.0;0.0;86664.06;60000;0.0;0.0;0.0;0.0;0;0.0;0;0;0;4.4;1;10.0;1.0;;09.629.963/0001-23;;;;;;;;;;RENUNCIA_ART3;3000000.0;4333203.0;2017;0.0
B1700123200000;EXODUS - DE ONDE VIM NÃO EXISTE MAIS;2017;;Renúncia — Art.3/3-A/39;89295.0;118345.64;0.0;0;118345.64;0.0;0.2203;0.4;0;2.0;0;0;0;0.0;0;;;;02.525.725/0001-29;;;;;;;;;;RENUNCIA_ART3;121980.0;176188.03;2017;0.6717
B1700123200000;EXODUS - DE ONDE VIM NÃO EXISTE MAIS;2017;;Renúncia — Art.3/3-A/39;89295.0;118345.64;0.0;0;118345.64;0.0;0.2203;0.4;0;2.0;0;0;0;0.0;0;;;;02.525.725/0001-29;;;;;;;;;;RENUNCIA_OUTROS;250013.55;361119.82;2017;0.3277
B1700595300000;FELIPA E O FOGUETE;2017;;Renúncia — Art.3/3-A/39;0.0;0.0;202216.14;140000;0.0;0.0;0.0;0.0;0;0.0;0;0;0;3.4;1;0.0;;;17.219.542/0001-52;;;;;;;;;;RENUNCIA_ART3;360615.0;520872.67;2017;0.0
B1700598000000;FEVEREIROS;2017;;Renúncia — Art.3/3-A/39;287710.38;361776.24;411654.29;285000;361776.24;0.0;0.7845;10.35;0;0.0;2051;0;0;0.0;0;;;;07.045.026/0001-03;;;;;;;;;;RENUNCIA_ART3;200000.0;288880.2;2017;1.2523
B1700598000000;FEVEREIROS;2017;;Renúncia — Art.3/3-A/39;287710.38;361776.24;411654.29;285000;361776.24;0.0;0.7845;10.35;0;0.0;2051;0;0;0.0;0;;;;07.045.026/0001-03;;;;;;;;;;RENUNCIA_OUTROS;119258.31;172256.82;2017;2.1002
B1700615900000;FUTUROS CAMPEÕES;2017;;Renúncia — Art.3/3-A/39;0.0;0.0;86664.06;60000;0.0;0.0;0.0;0.0;0;0.0;0;0;0;3.928;2;;;;03.435.290/0001-94;;;;;;;;;;RENUNCIA_ART3;1973217.32;2850117.07;2017;0.0
B1700172700000;FÁTIMA NO BRASIL;2017;;Renúncia — Outros Mecanismos;0.0;0.0;93886.07;65000;0.0;0.0;0.0;0.0;0;0.0;0;0;0;4.3;1;;;;03.327.485/0001-10;;;;;;;;;;RENUNCIA_OUTROS;390000.0;563316.39;2017;0.0
B1700524700000;GABEIRA;2017;;Renúncia — Art.3/3-A/39;20595.0;27295.24;86664.06;60000;27295.24;0.0;0.0756;0.0;0;0.0;0;0;0;0.0;0;;;;03.292.963/0001-02;;;;;;;;;;RENUNCIA_ART3;250000.0;361100.25;2017;0.0756
B1700571000000;GARRINCHA DO TIMÃO;2017;;Renúncia — Art.3/3-A/39;0.0;0.0;86664.06;60000;0.0;0.0;0.0;0.0;0;0.0;0;0;0;0.0;0;;;;04.350.398/0001-47;;;;;;;;;;RENUNCIA_ART3;404680.68;584521.18;2017;0.0
B1700571000000;GARRINCHA DO TIMÃO;2017;;Renúncia — Art.3/3-A/39;0.0;0.0;86664.06;60000;0.0;0.0;0.0;0.0;0;0.0;0;0;0;0.0;0;;;;04.350.398/0001-47;;;;;;;;;;RENUNCIA_OUTROS;33800.0;48820.75;2017;0.0
B1700233300000;GERAÇÃO Z;2017;;Renúncia — Art.3/3-A/39;0.0;0.0;86664.06;60000;0.0;0.0;0.0;0.0;0;0.0;0;0;0;0.0;0;;;;68.569.839/0001-89;;;;;;;;;;RENUNCIA_ART3;565000.0;816086.57;2017;0.0
B1700481900000;GRANDES MÉDICOS;2017;;Renúncia — Outros Mecanismos;360.96;477.12;0.0;0;477.12;0.0;0.0005;0.0;0;0.0;0;0;0;0.0;0;;;;05.270.790/0001-49;;;;;;;;;;RENUNCIA_OUTROS;700000.0;1011080.7;2017;0.0005
B1700611100000;GUERRA DA TAPIOCA;2017;;Renúncia — Art.3/3-A/39;0.0;0.0;519984.36;360000;0.0;0.0;0.0;0.0;0;0.0;0;0;0;3.918;2;;;;16.894.643/0001-66;;;;;;;;;;RENUNCIA_ART3;361475.0;522114.85;2017;0.0
B1700452000000;GUIA POLITICAMENTE INCORRETO DA HISTÓRIA DO BRASIL - A SÉRIE;2017;;Renúncia — Art.3/3-A/39;0.0;0.0;86664.06;60000;0.0;0.0;0.0;0.0;0;0.0;0;0;0;3.77;1;;;;08.449.178/0001-26;;;;;;;;;;RENUNCIA_ART3;1800000.0;2599921.8;2017;0.0
B1700469700000;HENFIL;2017;;Renúncia — Art.3/3-A/39;38316.44;50276.52;404432.28;280000;50276.52;0.0;0.116;0.0;0;0.0;0;0;0;0.0;0;1.0;36.0;;00.360.459/0001-04;;;;;;;;;;RENUNCIA_ART3;300000.0;433320.3;2017;0.116
B1800046400000;HISTÓRIAS DA FOME NO BRASIL;2017;;Renúncia — Outros Mecanismos;0.0;0.0;404432.28;280000;0.0;0.0;0.0;0.0;0;0.0;0;0;0;4.3;1;12.0;0.0;;27.920.016/0001-79;;;;;;;;;;RENUNCIA_OUTROS;350000.0;505540.35;2017;0.0
B1700565800000;ICAMIABAS NA CIDADE AMAZÔNIA;2017;;Renúncia — Art.3/3-A/39;0.0;0.0;115552.08;80000;0.0;0.0;0.0;0.0;0;0.0;0;0;0;0.0;0;;;;20.240.711/0001-40;;;;;;;;;;RENUNCIA_OUTROS;2000000.0;2888802.0;2017;0.0
B1800088600000;IMPÉRIO DA BELEZA;2017;;Renúncia — Art.3/3-A/39;0.0;0.0;86664.06;60000;0.0;0.0;0.0;0.0;0;0.0;0;0;0;0.0;0;0.0;;;15.743.170/0001-33;;;;;;;;;;RENUNCIA_ART3;206000.0;297546.61;2017;0.0
B1700381100000;INVISÍVEL;2017;;FSA Automático Festivais;145129.88;192339.0;0.0;0;192339.0;0.0;0.0266;7.1;0;35.5;0;0;0;3.673;2;;;;11.000.556/0001-02;;;;;;;;;;RENUNCIA_ART3;3000000.0;4333203.0;2017;0.0444
B1700381100000;INVISÍVEL;2017;;FSA Automático Festivais;145129.88;192339.0;0.0;0;192339.0;0.0;0.0266;7.1;0;35.5;0;0;0;3.673;2;;;;11.000.556/0001-02;;;;;;;;;;RENUNCIA_OUTROS;2011244.0;2905042.84;2017;0.0662
B1700219500000;IRMÃO DO JOREL 2ª TEMPORADA - COMPILADO;2017;;Renúncia — Art.3/3-A/39;0.0;0.0;86664.06;60000;0.0;0.0;0.0;0.0;0;0.0;0;0;0;0.0;0;;;;09.551.826/0001-13;;;;;;;;;;RENUNCIA_ART3;5292163.48;7644006.22;2017;0.0
B1700092500000;JOAQUIM;2017;;Renúncia — Art.3/3-A/39;295856.45;392093.24;209438.15;145000;392093.24;0.0;2.7146;15.09;0;20.0;809;1;1;0.0;0;;;;02.669.022/0001-74;;;;;;;;;;RENUNCIA_ART3;100000.0;144440.1;2017;2.7146
B1800067300000;JOGADA DE CHEF;2017;;Renúncia — Outros Mecanismos;0.0;0.0;86664.06;60000;0.0;0.0;0.0;0.0;0;0.0;0;0;0;4.0;1;;;;10.899.485/0001-50;;;;;;;;;;RENUNCIA_OUTROS;1585041.37;2289435.34;2017;0.0
B1700478200000;LABORATÓRIO DA LUTA - SEGUNDA TEMPORADA;2017;;Renúncia — Art.3/3-A/39;0.0;0.0;86664.06;60000;0.0;0.0;0.0;0.0;0;0.0;0;0;0;4.45;2;7.0;0.0;;02.947.857/0001-49;;;;;;;;;;RENUNCIA_ART3;3000000.0;4333203.0;2017;0.0
B1800046600000;LEGALIZE JÁ - AMIZADE NUNCA MORRE;2017;;Renúncia — Art.3/3-A/39;551090.24;728403.2;411654.29;285000;728403.2;0.0;0.1679;2.0;0;10.0;0;0;0;0.0;0;;;;03.435.290/0001-94;;;;;;;;;;RENUNCIA_ART3;1252079.18;1808504.42;2017;0.4028
B1800046600000;LEGALIZE JÁ - AMIZADE NUNCA MORRE;2017;;Renúncia — Art.3/3-A/39;551090.24;728403.2;411654.29;285000;728403.2;0.0;0.1679;2.0;0;10.0;0;0;0;0.0;0;;;;03.435.290/0001-94;;;;;;;;;;RENUNCIA_OUTROS;1751766.27;2530252.95;2017;0.2879
B1700329000000;LEÕES DE PARAISÓPOLIS;2017;;Renúncia — Art.3/3-A/39;0.0;0.0;86664.06;60000;0.0;0.0;0.0;0.0;0;0.0;0;0;0;0.0;0;0.0;;;14.860.932/0001-19;;;;;;;;;;RENUNCIA_ART3;300000.0;433320.3;2017;0.0
B1700464600000;LIBERDADE DE GÊNERO - SEGUNDA TEMPORADA;2017;;Renúncia — Outros Mecanismos;0.0;0.0;404432.28;280000;0.0;0.0;0.0;0.0;0;0.0;0;0;0;4.01;1;;;;28.026.565/0001-67;;;;;;;;;;RENUNCIA_OUTROS;1250000.0;1805501.25;2017;0.0
B1700382400000;LINO - UMA AVENTURA DE SETE VIDAS;2017;;Renúncia — Art.3/3-A/39;4908498.52;6505392.04;93886.07;65000;6505392.04;0.0;256.0883;15.21;0;0.0;73215;0;0;4.343;2;;;;60.915.899/0001-02;;;;;;;;;;RENUNCIA_OUTROS;17587.17;25402.93;2017;256.0883
B1700183900000;LIVRO VIVO;2017;;Renúncia — Outros Mecanismos;0.0;0.0;0.0;0;0.0;0.0;0.0;0.0;0;0.0;0;0;0;0.0;0;1.0;0.0;;06.900.652/0001-69;;;;;;;;;;RENUNCIA_OUTROS;500000.0;722200.5;2017;0.0
B1700443500000;LUBINHO, O LOBO MARINHO;2017;;Renúncia — Art.3/3-A/39;0.0;0.0;404432.28;280000;0.0;0.0;0.0;0.0;0;0.0;0;0;0;3.535;2;0.0;;;07.445.292/0001-15;;;;;;;;;;RENUNCIA_ART3;96786.84;139799.01;2017;0.0
B1700480000000;LUCA E A IDENTIDADE SECRETA DE SEU PAI;2017;;Renúncia — Art.3/3-A/39;0.0;0.0;86664.06;60000;0.0;0.0;0.0;0.0;0;0.0;0;0;0;4.123;2;;;;46.397.220/0001-00;;;;;;;;;;RENUNCIA_ART3;199049.0;287506.57;2017;0.0
B1700347600000;MALASARTES E O DUELO COM A MORTE;2017;;Renúncia — Art.3/3-A/39;1749585.0;2318783.32;209438.15;145000;2318783.32;0.0;0.2723;1.2;0;6.0;0;0;0;3.57;2;;;;02.525.725/0001-29;;;;;;;;;;RENUNCIA_ART3;3000000.0;4333203.0;2017;0.5351
B1700347600000;MALASARTES E O DUELO COM A MORTE;2017;;Renúncia — Art.3/3-A/39;1749585.0;2318783.32;209438.15;145000;2318783.32;0.0;0.2723;1.2;0;6.0;0;0;0;3.57;2;;;;02.525.725/0001-29;;;;;;;;;;RENUNCIA_OUTROS;2894750.0;4181179.79;2017;0.5546
B1700510200000;MAPA DO POP - 2ª TEMPORADA;2017;;Renúncia — Art.3/3-A/39;0.0;0.0;86664.06;60000;0.0;0.0;0.0;0.0;0;0.0;0;0;0;0.0;0;0.0;;;04.957.105/0001-94;;;;;;;;;;RENUNCIA_ART3;2013658.0;2908529.63;2017;0.0
B1700598700000;MEIO EXPEDIENTE;2017;;Renúncia — Art.3/3-A/39;0.0;0.0;519984.36;360000;0.0;0.0;0.0;0.0;0;0.0;0;0;0;0.0;0;;;;17.724.039/0001-54;;;;;;;;;;RENUNCIA_ART3;420284.0;607058.63;2017;0.0
B1700161700000;MENOS É DEMAIS;2017;;Renúncia — Art.3/3-A/39;0.0;0.0;86664.06;60000;0.0;0.0;0.0;0.0;0;0.0;0;0;0;3.918;2;0.0;;;01.894.553/0001-06;;;;;;;;;;RENUNCIA_ART3;2137401.2;3087264.43;2017;0.0
B1700243100000;MILTON NASCIMENTO - INTIMIDADE E POESIA;2017;;Renúncia — Art.3/3-A/39;0.0;0.0;86664.06;60000;0.0;0.0;0.0;0.0;0;0.0;0;0;0;0.0;0;0.0;;;09.260.004/0001-83;;;;;;;;;;RENUNCIA_ART3;1016723.75;1468556.8;2017;0.0
B1800223400000;MÉDICOS CUBANOS;2017;;Renúncia — Art.3/3-A/39;0.0;0.0;404432.28;280000;0.0;0.0;0.0;0.0;0;0.0;0;0;0;0.0;0;;;;01.009.824/0001-95;;;;;;;;;;RENUNCIA_ART3;300000.0;433320.3;2017;0.0
B1700609800000;NA CABEÇA DO CACHORRO;2017;;Renúncia — Outros Mecanismos;0.0;0.0;0.0;0;0.0;0.0;0.0;0.0;0;0.0;0;0;0;0.0;0;;;;02.882.274/0001-87;;;;;;;;;;RENUNCIA_OUTROS;487160.0;703654.39;2017;0.0
B1800491400000;NA ESTRADA DO JIU JITSU;2017;;Renúncia — Art.3/3-A/39;0.0;0.0;86664.06;60000;0.0;0.0;0.0;0.0;0;0.0;0;0;0;3.7;1;0.0;;;22.516.874/0001-39;;;;;;;;;;RENUNCIA_ART3;370500.0;535150.57;2017;0.0
B1700510000000;NARRATIVA DE UM CRIME;2017;;Renúncia — Art.3/3-A/39;0.0;0.0;86664.06;60000;0.0;0.0;0.0;0.0;0;0.0;0;0;0;4.133;2;0.0;;;46.397.220/0001-00;;;;;;;;;;RENUNCIA_ART3;199049.0;287506.57;2017;0.0
B1700449900000;NASCIDOS PARA O COMBATE - SEGUNDA TEMPORADA;2017;;Renúncia — Art.3/3-A/39;0.0;0.0;86664.06;60000;0.0;0.0;0.0;0.0;0;0.0;0;0;0;0.0;0;;;;06.998.046/0001-28;;;;;;;;;;RENUNCIA_ART3;2406353.9;3475739.98;2017;0.0
B1700539000000;NEYMAR JUNIOR, A SÉRIE;2017;;Renúncia — Art.3/3-A/39;0.0;0.0;86664.06;60000;0.0;0.0;0.0;0.0;0;0.0;0;0;0;3.39;2;;;;47.257.902/0001-71;;;;;;;;;;RENUNCIA_ART3;498750.0;720395.0;2017;0.0
B1700472900000;NY, MG;2017;;Renúncia — Art.3/3-A/39;0.0;0.0;86664.06;60000;0.0;0.0;0.0;0.0;0;0.0;0;0;0;0.0;0;;;;46.397.220/0001-00;;;;;;;;;;RENUNCIA_ART3;199049.0;287506.57;2017;0.0
B1700386400000;NÃO DEVORE MEU CORAÇÃO;2017;;Renúncia — Art.3/3-A/39;94230.56;124886.16;519984.36;360000;124886.16;0.0;0.065;7.4;0;37.0;0;0;0;0.0;0;1.0;0.0;;01.125.538/0001-95;;;;;;;;;;RENUNCIA_ART3;800000.0;1155520.8;2017;0.1081
B1700386400000;NÃO DEVORE MEU CORAÇÃO;2017;;Renúncia — Art.3/3-A/39;94230.56;124886.16;519984.36;360000;124886.16;0.0;0.065;7.4;0;37.0;0;0;0;0.0;0;1.0;0.0;;01.125.538/0001-95;;;;;;;;;;RENUNCIA_OUTROS;530000.0;765532.53;2017;0.1631
B1700610800000;O NATAL DE RITA;2017;;Renúncia — Art.3/3-A/39;0.0;0.0;115552.08;80000;0.0;0.0;0.0;0.0;0;0.0;0;0;0;0.0;0;;;;16.957.757/0001-08;;;;;;;;;;RENUNCIA_ART3;361400.0;522006.52;2017;0.0
B1700054100000;O QUE NOS OLHA;2017;;Renúncia — Outros Mecanismos;0.0;0.0;0.0;0;0.0;0.0;0.0;0.0;0;0.0;0;0;0;3.6;1;2.0;0.0;;07.944.843/0001-95;;;;;;;;;;RENUNCIA_OUTROS;80000.0;115552.08;2017;0.0
B1700103500000;O RASTRO;2017;;Renúncia — Art.3/3-A/39;1345080.0;1782679.36;93886.07;65000;1782679.36;0.0;0.3181;0.0;0;0.0;0;0;0;0.0;0;;;;19.478.327/0001-00;;;;;;;;;;RENUNCIA_ART3;2880015.0;4159896.55;2017;0.4285
B1700103500000;O RASTRO;2017;;Renúncia — Art.3/3-A/39;1345080.0;1782679.36;93886.07;65000;1782679.36;0.0;0.3181;0.0;0;0.0;0;0;0;0.0;0;;;;19.478.327/0001-00;;;;;;;;;;RENUNCIA_OUTROS;1000000.0;1444401.0;2017;1.2342
B1800033500000;OS CARABÃO - TEMPORADA 1;2017;;Renúncia — Outros Mecanismos;0.0;0.0;86664.06;60000;0.0;0.0;0.0;0.0;0;0.0;0;0;0;0.0;0;;;;10.220.793/0001-08;;;;;;;;;;RENUNCIA_OUTROS;365000.0;527206.36;2017;0.0
B1700503500000;OS PARÇAS;2017;;Renúncia — Art.3/3-A/39;23874795.0;31626316.68;209438.15;145000;31626316.68;0.0;7.2986;0.0;0;0.0;0;0;0;2.3;1;;;;18.082.113/0001-49;;;;;;;;;;RENUNCIA_ART3;3000000.0;4333203.0;2017;7.2986
B1700548500000;OUTROS TEMPOS - JOVENS;2017;;Renúncia — Art.3/3-A/39;0.0;0.0;86664.06;60000;0.0;0.0;0.0;0.0;0;0.0;0;0;0;0.0;0;0.0;;;00.020.648/0001-20;;;;;;;;;;RENUNCIA_ART3;2176806.15;3144180.98;2017;0.0
B1700357200000;PEDIDOS INCRÍVEIS;2017;;Renúncia — Art.3/3-A/39;0.0;0.0;86664.06;60000;0.0;0.0;0.0;0.0;0;0.0;0;0;0;0.0;0;;;;02.947.857/0001-49;;;;;;;;;;RENUNCIA_ART3;1549200.0;2237666.03;2017;0.0
B1700466600000;PERSIGNAÇÃO;2017;;Renúncia — Art.3/3-A/39;0.0;0.0;86664.06;60000;0.0;0.0;0.0;0.0;0;0.0;0;0;0;0.0;0;;;;46.397.220/0001-00;;;;;;;;;;RENUNCIA_ART3;222364.02;321182.81;2017;0.0
B1700146900000;POVOS DO XINGU;2017;;sem_categoria;0.0;0.0;86664.06;60000;0.0;0.0;0.0;0.0;0;0.0;0;0;0;3.9;1;;;;01.287.908/0001-90;;;;;;;;;;RENUNCIA_ART3;2727000.0;3938881.53;2017;0.0
B1700146900000;POVOS DO XINGU;2017;;sem_categoria;0.0;0.0;86664.06;60000;0.0;0.0;0.0;0.0;0;0.0;0;0;0;3.9;1;;;;01.287.908/0001-90;;;;;;;;;;RENUNCIA_OUTROS;5313448.05;7674749.68;2017;0.0
B1700527500000;PRA FICAR NA HISTÓRIA;2017;;Renúncia — Art.3/3-A/39;4647.36;6142.92;86664.06;60000;6142.92;0.0;0.0304;0.0;0;0.0;0;0;0;0.0;0;;;;11.411.520/0001-03;;;;;;;;;;RENUNCIA_ART3;100000.0;144440.1;2017;0.0425
B1700527500000;PRA FICAR NA HISTÓRIA;2017;;Renúncia — Art.3/3-A/39;4647.36;6142.92;86664.06;60000;6142.92;0.0;0.0304;0.0;0;0.0;0;0;0;0.0;0;;;;11.411.520/0001-03;;;;;;;;;;RENUNCIA_OUTROS;40000.0;57776.04;2017;0.1063
B1700247000000;PRIMAVERA;2017;;Renúncia — Art.3/3-A/39;9225.3;9602.04;0.0;0;9602.04;0.0;0.0191;0.0;0;0.0;0;0;0;0.0;0;3.0;2.0;;57.282.097/0001-90;;;;;;;;;;RENUNCIA_OUTROS;348851.0;503880.73;2017;0.0191
B1700178100000;QUEM É PRIMAVERA DAS NEVES;2017;;Renúncia — Art.3/3-A/39;16155.0;21410.76;404432.28;280000;21410.76;0.0;0.0494;1.6;0;8.0;0;0;0;0.0;0;3.0;2.0;;94.625.829/0001-23;;;;;;;;;;RENUNCIA_ART3;300000.0;433320.3;2017;0.0494
B1700409900000;QUERIDO EMBAIXADOR;2017;;Renúncia — Art.3/3-A/39;34546.88;45664.36;404432.28;280000;45664.36;0.0;0.0233;0.0;0;0.0;0;0;0;0.0;0;;;;29.254.331/0001-30;;;;;;;;;;RENUNCIA_ART3;300000.0;433320.3;2017;0.1054
B1700409900000;QUERIDO EMBAIXADOR;2017;;Renúncia — Art.3/3-A/39;34546.88;45664.36;404432.28;280000;45664.36;0.0;0.0233;0.0;0;0.0;0;0;0;0.0;0;;;;29.254.331/0001-30;;;;;;;;;;RENUNCIA_OUTROS;1057156.21;1526957.49;2017;0.0299
B1700194400000;REAL - O PLANO POR TRÁS DA HISTÓRIA;2017;;Renúncia — Art.3/3-A/39;715185.0;947858.52;209438.15;145000;947858.52;0.0;0.1085;0.0;0;0.0;0;0;0;3.8;1;;;;54.836.861/0001-33;;;;;;;;;;RENUNCIA_ART3;2500000.0;3611002.5;2017;0.2625
B1700194400000;REAL - O PLANO POR TRÁS DA HISTÓRIA;2017;;Renúncia — Art.3/3-A/39;715185.0;947858.52;209438.15;145000;947858.52;0.0;0.1085;0.0;0;0.0;0;0;0;3.8;1;;;;54.836.861/0001-33;;;;;;;;;;RENUNCIA_OUTROS;3550000.0;5127623.55;2017;0.1849
B1700347400000;RECEITAS EM SÉRIE;2017;;Renúncia — Art.3/3-A/39;0.0;0.0;86664.06;60000;0.0;0.0;0.0;0.0;0;0.0;0;0;0;4.058;2;;;;05.832.663/0001-96;;;;;;;;;;RENUNCIA_ART3;1448750.0;2092575.95;2017;0.0
B1700491400000;REGINALDO ROSSI, MEU GRANDE AMOR;2017;;Renúncia — Art.3/3-A/39;0.0;0.0;519984.36;360000;0.0;0.0;0.0;0.0;0;0.0;0;0;0;4.3;1;;;;02.175.084/0001-20;;;;;;;;;;RENUNCIA_ART3;620000.0;895528.62;2017;0.0
B1800122700000;REGRAS DO MMA - 2º TEMPORADA;2017;;Renúncia — Art.3/3-A/39;0.0;0.0;86664.06;60000;0.0;0.0;0.0;0.0;0;0.0;0;0;0;0.0;0;0.0;;;09.322.209/0001-46;;;;;;;;;;RENUNCIA_ART3;1377600.5;1989807.54;2017;0.0
B1800047000000;RIO HEROES;2017;;Renúncia — Art.3/3-A/39;0.0;0.0;86664.06;60000;0.0;0.0;0.0;0.0;0;0.0;0;0;0;4.252;2;;;;02.947.857/0001-49;;;;;;;;;;RENUNCIA_ART3;3250000.0;4694303.25;2017;0.0
B1700555000000;ROTAS DO ÓDIO - 1ª TEMPORADA;2017;;Renúncia — Art.3/3-A/39;0.0;0.0;86664.06;60000;0.0;0.0;0.0;0.0;0;0.0;0;0;0;0.0;0;;;;05.565.485/0001-84;;;;;;;;;;RENUNCIA_ART3;3000000.0;4333203.0;2017;0.0
B1700556000000;ROTAS DO ÓDIO - 2ª TEMPORADA;2017;;Renúncia — Art.3/3-A/39;0.0;0.0;86664.06;60000;0.0;0.0;0.0;0.0;0;0.0;0;0;0;0.0;0;;;;05.565.485/0001-84;;;;;;;;;;RENUNCIA_ART3;3000000.0;4333203.0;2017;0.0
B1800046800000;RUA AUGUSTA;2017;;Renúncia — Art.3/3-A/39;0.0;0.0;86664.06;60000;0.0;0.0;0.0;0.0;0;0.0;0;0;0;0.0;0;0.0;;;02.525.725/0001-29;;;;;;;;;;RENUNCIA_ART3;6266591.4;9051470.88;2017;0.0
B1700499500000;SANTO AMARO ERA SKATISTA;2017;;Renúncia — Art.3/3-A/39;495.0;656.04;86664.06;60000;656.04;0.0;0.0023;0.0;0;0.0;0;0;0;0.0;0;4.0;0.0;;00.360.459/0001-04;;;;;;;;;;RENUNCIA_ART3;200000.0;288880.2;2017;0.0023
B1700508700000;SAUDADE;2017;;Renúncia — Art.3/3-A/39;34381.44;45445.68;86664.06;60000;45445.68;0.0;0.0062;0.0;0;0.0;0;0;0;3.934;2;;;;08.991.631/0001-21;;;;;;;;;;RENUNCIA_ART3;1700000.0;2455481.7;2017;0.0185
B1700508700000;SAUDADE;2017;;Renúncia — Art.3/3-A/39;34381.44;45445.68;86664.06;60000;45445.68;0.0;0.0062;0.0;0;0.0;0;0;0;3.934;2;;;;08.991.631/0001-21;;;;;;;;;;RENUNCIA_OUTROS;3338324.0;4821878.52;2017;0.0094
B1700602500000;SILÊNCIO NO ESTÚDIO;2017;;Renúncia — Art.3/3-A/39;4305.88;5705.56;404432.28;280000;5705.56;0.0;0.0132;0.0;0;0.0;0;0;0;4.1;1;0.0;;;06.992.833/0001-62;;;;;;;;;;RENUNCIA_ART3;300000.0;433320.3;2017;0.0132
B1800250800000;SLAM: VOZ DE LEVANTE;2017;;Renúncia — Art.3/3-A/39;11249.92;14870.24;86664.06;60000;14870.24;0.0;0.0606;0.0;0;0.0;0;0;0;4.261;2;;;;19.886.089/0001-63;;;;;;;;;;RENUNCIA_ART3;170000.0;245548.17;2017;0.0606
B1700336900000;SOB PRESSÃO;2017;;Renúncia — Art.3/3-A/39;554496.6;781800.88;115552.08;80000;781800.88;0.0;0.1804;0.0;0;0.0;0;0;0;4.2;1;1.0;1.0;;09.180.984/0001-04;;;;;;;;;;RENUNCIA_ART3;3000000.0;4333203.0;2017;0.1804
B1700524600000;SOCORRO, VIREI UMA GAROTA!;2017;;Renúncia — Art.3/3-A/39;414411.72;521094.56;86664.06;60000;521094.56;0.0;0.098;0.0;0;0.0;0;0;0;3.765;2;;;;03.987.306/0001-71;;;;;;;;;;RENUNCIA_ART3;2880000.0;4159874.88;2017;0.1253
B1700524600000;SOCORRO, VIREI UMA GAROTA!;2017;;Renúncia — Art.3/3-A/39;414411.72;521094.56;86664.06;60000;521094.56;0.0;0.098;0.0;0;0.0;0;0;0;3.765;2;;;;03.987.306/0001-71;;;;;;;;;;RENUNCIA_OUTROS;800000.0;1155520.8;2017;0.451
B1800210700000;SOS FADA MANU (TERCEIRA TEMPORADA);2017;;Renúncia — Art.3/3-A/39;0.0;0.0;404432.28;280000;0.0;0.0;0.0;0.0;0;0.0;0;0;0;0.0;0;;;;16.729.130/0001-08;;;;;;;;;;RENUNCIA_ART3;1300000.0;1877721.3;2017;0.0
B1700565600000;SOU AMOR;2017;;sem_categoria;0.0;0.0;0.0;0;0.0;0.0;0.0;0.0;0;0.0;0;0;0;4.3;1;0.0;;;12.751.837/0001-51;;;;;;;;;;RENUNCIA_OUTROS;940000.0;1357736.94;2017;0.0
B1700498000000;TODOS;2017;;Renúncia — Art.3/3-A/39;1395.0;1848.84;86664.06;60000;1848.84;0.0;0.0128;0.0;0;0.0;0;0;0;4.1;1;;;;05.270.790/0001-49;;;;;;;;;;RENUNCIA_OUTROS;100000.0;144440.1;2017;0.0128
B1700603000000;TU CASA ES MI CASA;2017;;Renúncia — Art.3/3-A/39;0.0;0.0;0.0;0;0.0;0.0;0.0;0.0;0;0.0;0;0;0;0.0;0;;;;15.479.865/0001-50;;;;;;;;;;RENUNCIA_ART3;2996851.0;4328654.58;2017;0.0
B1700531300000;UM CONTRA TODOS 2 - TELEFILME;2017;;Renúncia — Art.3/3-A/39;0.0;0.0;86664.06;60000;0.0;0.0;0.0;0.0;0;0.0;0;0;0;0.0;0;2.0;1.0;;09.180.984/0001-04;;;;;;;;;;RENUNCIA_ART3;6699384.06;9676597.04;2017;0.0
B1700539500000;UM NOVO CAPITALISMO;2017;;Renúncia — Outros Mecanismos;0.0;0.0;86664.06;60000;0.0;0.0;0.0;0.0;0;0.0;0;0;0;4.4;1;;;;09.165.924/0001-12;;;;;;;;;;RENUNCIA_OUTROS;783200.0;1131254.86;2017;0.0
B1800235900000;UMA QUASE DUPLA;2017;;Renúncia — Art.3/3-A/39;9861331.82;13034779.24;202216.14;140000;13034779.24;0.0;2.4163;0.0;0;0.0;0;0;0;2.2;1;;;;07.570.789/0001-65;;;;;;;;;;RENUNCIA_ART3;3000000.0;4333203.0;2017;3.0081
B1800235900000;UMA QUASE DUPLA;2017;;Renúncia — Art.3/3-A/39;9861331.82;13034779.24;202216.14;140000;13034779.24;0.0;2.4163;0.0;0;0.0;0;0;0;2.2;1;;;;07.570.789/0001-65;;;;;;;;;;RENUNCIA_OUTROS;734838.0;1061400.74;2017;12.2807
B1700600300000;VERGEL;2017;;Renúncia — Outros Mecanismos;7572.99;9522.52;86664.06;60000;9522.52;0.0;0.1108;0.0;0;0.0;0;0;0;0.0;0;;;;16.490.810/0001-03;;;;;;;;;;RENUNCIA_OUTROS;59500.0;85941.86;2017;0.1108
B1700473200000;VIEW;2017;;Renúncia — Art.3/3-A/39;0.0;0.0;86664.06;60000;0.0;0.0;0.0;0.0;0;0.0;0;0;0;0.0;0;;;;46.397.220/0001-00;;;;;;;;;;RENUNCIA_ART3;199049.0;287506.57;2017;0.0
B1700219000000;VIVI VIRAVENTO;2017;;Renúncia — Art.3/3-A/39;0.0;0.0;519984.36;360000;0.0;0.0;0.0;0.0;0;0.0;0;0;0;0.0;0;;;;06.998.046/0001-28;;;;;;;;;;RENUNCIA_ART3;500000.0;722200.5;2017;0.0
B1700219000000;VIVI VIRAVENTO;2017;;Renúncia — Art.3/3-A/39;0.0;0.0;519984.36;360000;0.0;0.0;0.0;0.0;0;0.0;0;0;0;0.0;0;;;;06.998.046/0001-28;;;;;;;;;;RENUNCIA_OUTROS;3495250.0;5048542.6;2017;0.0
B1800606700000;ZAATARI, O FILME;2017;;Renúncia — Art.3/3-A/39;3288.48;4135.04;404432.28;280000;4135.04;0.0;0.0072;0.0;0;0.0;0;0;0;3.5;1;;;;64.044.886/0001-58;;;;;;;;;;RENUNCIA_ART3;300000.0;433320.3;2017;0.0095
B1800606700000;ZAATARI, O FILME;2017;;Renúncia — Art.3/3-A/39;3288.48;4135.04;404432.28;280000;4135.04;0.0;0.0072;0.0;0;0.0;0;0;0;3.5;1;;;;64.044.886/0001-58;;;;;;;;;;RENUNCIA_OUTROS;95000.0;137218.1;2017;0.0301
B1700280300000;ÁFRICA ANIMAL DE RICHARD RASMUSSEN - 1ª TEMPORADA;2017;;Renúncia — Art.3/3-A/39;0.0;0.0;86664.06;60000;0.0;0.0;0.0;0.0;0;0.0;0;0;0;3.635;2;;;;13.404.221/0001-77;;;;;;;;;;RENUNCIA_ART3;1597858.38;2307948.24;2017;0.0
B1700182900000;ÓPERA ABERTA - PESCADORES DE PÉROLAS;2017;;Renúncia — Art.3/3-A/39;0.0;0.0;86664.06;60000;0.0;0.0;0.0;0.0;0;0.0;0;0;0;0.0;0;30.0;11.0;;02.525.725/0001-29;;;;;;;;;;RENUNCIA_ART3;384507.81;555383.47;2017;0.0
B1800072200000;#MECHAMADEBRUNA - TELEFILME;2018;;Renúncia — Art.3/3-A/39;0.0;0.0;83531.64;60000;0.0;0.0;0.0;0.0;0;0.0;0;0;0;0.0;0;;;;03.360.320/0001-40;;;;;;;;;;RENUNCIA_ART3;300000.0;417658.2;2018;0.0
B1800380700000;10 SEGUNDOS PARA VENCER;2018;;Renúncia — Art.3/3-A/39;746314.88;986485.36;508150.81;365000;986485.36;0.0;0.1212;0.8;0;4.0;0;0;0;0.0;0;;;;29.269.719/0001-04;;;;;;;;;;RENUNCIA_ART3;2700000.0;3758923.8;2018;0.2624
B1800380700000;10 SEGUNDOS PARA VENCER;2018;;Renúncia — Art.3/3-A/39;746314.88;986485.36;508150.81;365000;986485.36;0.0;0.1212;0.8;0;4.0;0;0;0;0.0;0;;;;29.269.719/0001-04;;;;;;;;;;RENUNCIA_OUTROS;3147751.53;4382280.79;2018;0.2251
B1800611900000;10 SEGUNDOS PARA VENCER SÉRIE;2018;;Renúncia — Art.3/3-A/39;0.0;0.0;111375.52;80000;0.0;0.0;0.0;0.0;0;0.0;0;0;0;0.0;0;;;;29.269.719/0001-04;;;;;;;;;;RENUNCIA_ART3;2700000.0;3758923.8;2018;0.0
B1800611900000;10 SEGUNDOS PARA VENCER SÉRIE;2018;;Renúncia — Art.3/3-A/39;0.0;0.0;111375.52;80000;0.0;0.0;0.0;0.0;0;0.0;0;0;0;0.0;0;;;;29.269.719/0001-04;;;;;;;;;;RENUNCIA_OUTROS;3147751.53;4382280.79;2018;0.0
B1800586200000;A BUSCA PELO SABOR;2018;;Renúncia — Outros Mecanismos;0.0;0.0;389814.32;280000;0.0;0.0;0.0;0.0;0;0.0;0;0;0;3.6;1;;;;04.791.421/0001-39;;;;;;;;;;RENUNCIA_OUTROS;199500.0;277742.7;2018;0.0
B1800572900000;A LOUCA DAS PLANTAS - 1ª TEMPORADA;2018;;Renúncia — Art.3/3-A/39;0.0;0.0;83531.64;60000;0.0;0.0;0.0;0.0;0;0.0;0;0;0;0.0;0;0.0;;;07.627.467/0001-05;;;;;;;;;;RENUNCIA_ART3;1149753.41;1600679.8;2018;0.0
B1800584800000;A PRESEPADA;2018;;Renúncia — Art.3/3-A/39;0.0;0.0;501189.84;360000;0.0;0.0;0.0;0.0;0;0.0;0;0;0;0.0;0;;;;07.579.479/0001-01;;;;;;;;;;RENUNCIA_ART3;350000.0;487267.9;2018;0.0
B1800170400000;A REINVENÇÃO DO FUTEBOL ARTE;2018;;Renúncia — Art.3/3-A/39;0.0;0.0;83531.64;60000;0.0;0.0;0.0;0.0;0;0.0;0;0;0;3.88;1;1.0;0.0;;01.378.559/0001-12;;;;;;;;;;RENUNCIA_ART3;419020.69;583358.09;2018;0.0
B1800122600000;A ROUPA IDEAL;2018;;Renúncia — Art.3/3-A/39;0.0;0.0;83531.64;60000;0.0;0.0;0.0;0.0;0;0.0;0;0;0;4.16;2;;;;15.479.865/0001-50;;;;;;;;;;RENUNCIA_ART3;1666921.3;2320677.83;2018;0.0
B1800547100000;A TURMA DO PERERÊ.DOC;2018;;Renúncia — Outros Mecanismos;7478.26;9403.24;83531.64;60000;9403.24;0.0;0.0068;0.0;0;0.0;0;0;0;0.0;0;;;;03.984.281/0001-52;;;;;;;;;;RENUNCIA_OUTROS;1000000.0;1392194.0;2018;0.0068
B1800613100000;ALICE & SÓ;2018;;Renúncia — Art.3/3-A/39;2470.7;3081.4;83531.64;60000;3081.4;0.0;0.0006;0.0;0;0.0;0;0;0;0.0;0;2.0;1.0;;02.298.682/0001-96;;;;;;;;;;RENUNCIA_ART3;2390796.53;3328452.58;2018;0.0009
B1800613100000;ALICE & SÓ;2018;;Renúncia — Art.3/3-A/39;2470.7;3081.4;83531.64;60000;3081.4;0.0;0.0006;0.0;0;0.0;0;0;0;0.0;0;2.0;1.0;;02.298.682/0001-96;;;;;;;;;;RENUNCIA_OUTROS;1015000.0;1413076.91;2018;0.0022
B1800470600000;AMANHÃ CHEGOU;2018;;Renúncia — Art.3/3-A/39;10681.07;14094.92;83531.64;60000;14094.92;0.0;0.0195;0.0;0;0.0;0;0;0;0.0;0;;;;15.490.163/0001-77;;;;;;;;;;RENUNCIA_OUTROS;518400.0;721713.37;2018;0.0195
B1800598100000;AMAZÔNIA, O DESPERTAR DA FLORESTANIA;2018;;Renúncia — Art.3/3-A/39;60757.83;76398.84;389814.32;280000;76398.84;0.0;0.0265;0.0;0;0.0;0;0;0;3.6;1;0.0;;;05.081.895/0001-50;;;;;;;;;;RENUNCIA_ART3;500000.0;696097.0;2018;0.1098
B1800598100000;AMAZÔNIA, O DESPERTAR DA FLORESTANIA;2018;;Renúncia — Art.3/3-A/39;60757.83;76398.84;389814.32;280000;76398.84;0.0;0.0265;0.0;0;0.0;0;0;0;3.6;1;0.0;;;05.081.895/0001-50;;;;;;;;;;RENUNCIA_OUTROS;1572319.0;2188973.08;2018;0.0349
B1800112900000;AMEAÇAS DO CÉU;2018;;Renúncia — Outros Mecanismos;0.0;0.0;83531.64;60000;0.0;0.0;0.0;0.0;0;0.0;0;0;0;0.0;0;;;;14.215.563/0001-01;;;;;;;;;;RENUNCIA_OUTROS;750000.0;1044145.5;2018;0.0
B1800380000000;AMIGO DE ALUGUEL - 1ª TEMPORADA;2018;;Renúncia — Art.3/3-A/39;0.0;0.0;83531.64;60000;0.0;0.0;0.0;0.0;0;0.0;0;0;0;4.04;2;0.0;;;02.525.725/0001-29;;;;;;;;;;RENUNCIA_ART3;3000000.0;4176582.0;2018;0.0
B1900048900000;AMIGO DE ALUGUEL - 2ª TEMPORADA;2018;;Renúncia — Art.3/3-A/39;0.0;0.0;83531.64;60000;0.0;0.0;0.0;0.0;0;0.0;0;0;0;4.04;2;0.0;;;02.525.725/0001-29;;;;;;;;;;RENUNCIA_ART3;3000000.0;4176582.0;2018;0.0
B1900089100000;AS AVENTURAS DO PEQUENO COLOMBO;2018;;Renúncia — Art.3/3-A/39;35700.0;47314.4;83531.64;60000;47314.4;0.0;0.1545;10.86;0;0.0;2974;0;0;3.04;2;;;;07.060.648/0001-00;;;;;;;;;;RENUNCIA_ART3;220000.0;306282.68;2018;0.1545
B1800316400000;AS HISTÓRIAS QUE NÃO TERMINAM;2018;;Renúncia — Outros Mecanismos;0.0;0.0;167063.28;120000;0.0;0.0;0.0;0.0;0;0.0;0;0;0;4.4;1;;;;14.592.038/0001-05;;;;;;;;;;RENUNCIA_OUTROS;250000.0;348048.5;2018;0.0
B1800424100000;ATÉ QUE A MORTE NOS SEPARE - 3ª TEMPORADA;2018;;Renúncia — Art.3/3-A/39;0.0;0.0;83531.64;60000;0.0;0.0;0.0;0.0;0;0.0;0;0;0;3.6;1;1.0;0.0;;00.020.648/0001-20;;;;;;;;;;RENUNCIA_ART3;930000.0;1294740.42;2018;0.0
B1800461900000;AUTÊNTICAS;2018;;Renúncia — Art.3/3-A/39;0.0;0.0;83531.64;60000;0.0;0.0;0.0;0.0;0;0.0;0;0;0;0.0;0;;;;08.708.048/0001-60;;;;;;;;;;RENUNCIA_ART3;3000000.0;4176582.0;2018;0.0
B1800516800000;BABY & ROSE - 1A TEMPORADA;2018;;Renúncia — Art.3/3-A/39;0.0;0.0;389814.32;280000;0.0;0.0;0.0;0.0;0;0.0;0;0;0;4.043;2;2.0;2.0;;10.476.872/0001-84;;;;;;;;;;RENUNCIA_ART3;652327.66;908166.65;2018;0.0
B1800593100000;BAIÃO DE DOIS;2018;;Renúncia — Art.3/3-A/39;0.0;0.0;501189.84;360000;0.0;0.0;0.0;0.0;0;0.0;0;0;0;3.775;1;0.0;;;07.202.193/0001-02;;;;;;;;;;RENUNCIA_ART3;365000.0;508150.81;2018;0.0
B1900350900000;BALANGAY: NAS ÁGUAS FILIPINAS;2018;;Renúncia — Art.3/3-A/39;0.0;0.0;83531.64;60000;0.0;0.0;0.0;0.0;0;0.0;0;0;0;0.0;0;;;;16.551.639/0001-03;;;;;;;;;;RENUNCIA_ART3;475000.0;661292.15;2018;0.0
B1800073500000;BANDEIRAS;2018;;Renúncia — Outros Mecanismos;0.0;0.0;111375.52;80000;0.0;0.0;0.0;0.0;0;0.0;0;0;0;0.0;0;;;;14.592.038/0001-05;;;;;;;;;;RENUNCIA_OUTROS;234800.0;326887.15;2018;0.0
B1800452400000;BRUSQUE 92;2018;;Renúncia — Outros Mecanismos;0.0;0.0;0.0;0;0.0;0.0;0.0;0.0;0;0.0;0;0;0;0.0;0;;;;24.856.310/0001-70;;;;;;;;;;RENUNCIA_OUTROS;147535.0;205397.34;2018;0.0
B1800348700000;BUZZU NA ESCOLA INTERGALÁCTICA - 2A TEMPORADA;2018;;Renúncia — Art.3/3-A/39;0.0;0.0;83531.64;60000;0.0;0.0;0.0;0.0;0;0.0;0;0;0;0.0;0;;;;60.915.899/0001-02;;;;;;;;;;RENUNCIA_ART3;3000000.0;4176582.0;2018;0.0
B1800288500000;CAMPO DE BATALHA - OS MUNDIAIS E A GUERRA FRIA;2018;;Renúncia — Art.3/3-A/39;0.0;0.0;83531.64;60000;0.0;0.0;0.0;0.0;0;0.0;0;0;0;4.1;1;5.0;23.0;;04.069.379/0001-47;;;;;;;;;;RENUNCIA_ART3;900000.0;1252974.6;2018;0.0
B1900409100000;CARLINHOS E CARLÃO;2018;;Renúncia — Art.3/3-A/39;1546.18;1928.36;0.0;0;1928.36;0.0;0.0005;1.2;0;6.0;0;0;0;0.0;0;;;;10.645.895/0001-75;;;;;;;;;;RENUNCIA_ART3;3000000.0;4176582.0;2018;0.0005
B1800247700000;CAROS AMIGOS;2018;;Renúncia — Art.3/3-A/39;0.0;0.0;0.0;0;0.0;0.0;0.0;0.0;0;0.0;0;0;0;0.0;0;;;;20.520.970/0001-25;;;;;;;;;;RENUNCIA_ART3;510000.0;710018.94;2018;0.0
B1800482700000;CHACRINHA, O VELHO GUERREIRO;2018;;Renúncia — Art.3/3-A/39;546734.08;722677.76;194907.16;140000;722677.76;0.0;0.2595;0.0;0;0.0;0;0;0;4.197;2;1.0;1.0;;13.110.657/0001-53;;;;;;;;;;RENUNCIA_ART3;2000000.0;2784388.0;2018;0.2595
B1800605500000;CHARLIE, O ENTREVISTADOR DE COISAS;2018;;Renúncia — Art.3/3-A/39;0.0;0.0;194907.16;140000;0.0;0.0;0.0;0.0;0;0.0;0;0;0;0.0;0;0.0;;;01.161.933/0001-23;;;;;;;;;;RENUNCIA_ART3;1139562.3;1586491.8;2018;0.0
B1800605500000;CHARLIE, O ENTREVISTADOR DE COISAS;2018;;Renúncia — Art.3/3-A/39;0.0;0.0;194907.16;140000;0.0;0.0;0.0;0.0;0;0.0;0;0;0;0.0;0;0.0;;;01.161.933/0001-23;;;;;;;;;;RENUNCIA_OUTROS;1400000.0;1949071.6;2018;0.0
B1800266200000;CLUBVERSÃO LATINO;2018;;Renúncia — Art.3/3-A/39;0.0;0.0;83531.64;60000;0.0;0.0;0.0;0.0;0;0.0;0;0;0;0.0;0;1.0;0.0;;08.708.048/0001-60;;;;;;;;;;RENUNCIA_ART3;1223878.2;1703875.89;2018;0.0
B1800266700000;CLÁSSICOS DO FUTEBOL;2018;;Renúncia — Art.3/3-A/39;0.0;0.0;83531.64;60000;0.0;0.0;0.0;0.0;0;0.0;0;0;0;0.0;0;;;;19.542.988/0001-49;;;;;;;;;;RENUNCIA_ART3;1250000.0;1740242.5;2018;0.0
B1800458000000;CODINOME CLEMENTE;2018;;Renúncia — Outros Mecanismos;1706.07;1729.56;389814.32;280000;1729.56;0.0;0.0062;0.0;0;0.0;0;0;0;0.0;0;;;;73.315.293/0001-70;;;;;;;;;;RENUNCIA_OUTROS;200000.0;278438.8;2018;0.0062
B1800482600000;CONFISSÕES MÉDICAS;2018;;Renúncia — Art.3/3-A/39;0.0;0.0;83531.64;60000;0.0;0.0;0.0;0.0;0;0.0;0;0;0;3.05;1;;;;16.729.130/0001-08;;;;;;;;;;RENUNCIA_ART3;2652356.23;3692594.43;2018;0.0
B1800469100000;CORAÇÕES E MENTES - ESCOLAS QUE TRANSFORMAM;2018;;Renúncia — Outros Mecanismos;0.0;0.0;83531.64;60000;0.0;0.0;0.0;0.0;0;0.0;0;0;0;0.0;0;0.0;;;12.396.390/0001-40;;;;;;;;;;RENUNCIA_OUTROS;192443.22;267918.3;2018;0.0
B1800130200000;CRIADOR DE CELEBRIDADES;2018;;Renúncia — Art.3/3-A/39;0.0;0.0;83531.64;60000;0.0;0.0;0.0;0.0;0;0.0;0;0;0;0.0;0;;;;16.729.130/0001-08;;;;;;;;;;RENUNCIA_ART3;2038884.8;2838523.19;2018;0.0
B1800340300000;CRÔ EM FAMILIA;2018;;Renúncia — Art.3/3-A/39;7325307.2;9682653.4;201868.13;145000;9682653.4;0.0;2.3183;0.0;0;0.0;0;0;0;3.656;1;;;;02.863.008/0001-07;;;;;;;;;;RENUNCIA_ART3;3000000.0;4176582.0;2018;2.3183
B1800435600000;DE CARONA COM OS ÓVNIS;2018;;Renúncia — Art.3/3-A/39;0.0;0.0;83531.64;60000;0.0;0.0;0.0;0.0;0;0.0;0;0;0;0.0;0;0.0;;;01.246.684/0001-79;;;;;;;;;;RENUNCIA_ART3;2193197.86;3053356.9;2018;0.0
B1900104200000;DE PERNAS PRO AR 3;2018;;Renúncia — Art.3/3-A/39;57342486.42;72104223.24;194907.16;140000;72104223.24;0.0;14.7977;0.0;0;0.0;0;0;0;0.0;0;;;;42.473.256/0001-66;;;;;;;;;;RENUNCIA_ART3;3000000.0;4176582.0;2018;17.2639
B1900104200000;DE PERNAS PRO AR 3;2018;;Renúncia — Art.3/3-A/39;57342486.42;72104223.24;194907.16;140000;72104223.24;0.0;14.7977;0.0;0;0.0;0;0;0;0.0;0;;;;42.473.256/0001-66;;;;;;;;;;RENUNCIA_OUTROS;500000.0;696097.0;2018;103.5836
B1800072000000;DESNUDE;2018;;Renúncia — Art.3/3-A/39;0.0;0.0;83531.64;60000;0.0;0.0;0.0;0.0;0;0.0;0;0;0;0.0;0;10.0;3.0;;09.180.984/0001-04;;;;;;;;;;RENUNCIA_ART3;3000000.0;4176582.0;2018;0.0
B1800561400000;DETETIVES DO PRÉDIO AZUL 2 - O MISTÉRIO ITALIANO;2018;;Renúncia — Art.3/3-A/39;20523122.32;26671326.08;194907.16;140000;26671326.08;0.0;4.0417;1.6;0;8.0;0;0;0;0.0;0;;;;12.580.503/0002-43;;;;;;;;;;RENUNCIA_ART3;3000000.0;4176582.0;2018;6.3859
B1800561400000;DETETIVES DO PRÉDIO AZUL 2 - O MISTÉRIO ITALIANO;2018;;Renúncia — Art.3/3-A/39;20523122.32;26671326.08;194907.16;140000;26671326.08;0.0;4.0417;1.6;0;8.0;0;0;0;0.0;0;;;;12.580.503/0002-43;;;;;;;;;;RENUNCIA_OUTROS;1740000.0;2422417.56;2018;11.0102
B1800600000000;DIA DE REIS;2018;;Renúncia — Art.3/3-A/39;0.0;0.0;501189.84;360000;0.0;0.0;0.0;0.0;0;0.0;0;0;0;4.093;2;;;;15.745.495/0001-55;;;;;;;;;;RENUNCIA_ART3;350000.0;487267.9;2018;0.0
B1800479200000;DISTRITO CULTURAL - QUARTA TEMPORADA;2018;;Renúncia — Art.3/3-A/39;0.0;0.0;111375.52;80000;0.0;0.0;0.0;0.0;0;0.0;0;0;0;0.0;0;;;;03.218.295/0001-65;;;;;;;;;;RENUNCIA_ART3;550000.0;765706.7;2018;0.0
B1800187500000;DO JIU JITSU AO MMA - SEGUNDA TEMPORADA;2018;;Renúncia — Art.3/3-A/39;0.0;0.0;83531.64;60000;0.0;0.0;0.0;0.0;0;0.0;0;0;0;0.0;0;7.0;0.0;;02.947.857/0001-49;;;;;;;;;;RENUNCIA_ART3;2999850.14;4176373.37;2018;0.0
B1800216700000;DOUTORA DARCI - 1° TEMPORADA;2018;;Renúncia — Art.3/3-A/39;0.0;0.0;389814.32;280000;0.0;0.0;0.0;0.0;0;0.0;0;0;0;0.0;0;;;;18.082.113/0001-49;;;;;;;;;;RENUNCIA_ART3;3000000.0;4176582.0;2018;0.0
B1900030000000;DRAG ME AS A QUEEN - SEGUNDA TEMPORADA;2018;;Renúncia — Art.3/3-A/39;0.0;0.0;83531.64;60000;0.0;0.0;0.0;0.0;0;0.0;0;0;0;0.0;0;0.0;;;15.743.170/0001-33;;;;;;;;;;RENUNCIA_ART3;2520814.0;3509462.13;2018;0.0
B1800202200000;DÊ LEMBRANÇAS A TODOS;2018;;Renúncia — Art.3/3-A/39;0.0;0.0;278438.8;200000;0.0;0.0;0.0;0.3;0;1.5;0;0;0;3.962;2;0.0;;;08.304.465/0001-48;;;;;;;;;;RENUNCIA_ART3;1000000.0;1392194.0;2018;0.0
B1800605100000;ELAS NO SINGULAR;2018;;Renúncia — Art.3/3-A/39;0.0;0.0;83531.64;60000;0.0;0.0;0.0;0.0;0;0.0;0;0;0;4.3;1;2.0;0.0;;06.137.016/0001-27;;;;;;;;;;RENUNCIA_ART3;1900003.8;2645173.89;2018;0.0
B1800031900000;EM NOME DOS PAIS;2018;;Renúncia — Art.3/3-A/39;0.0;0.0;83531.64;60000;0.0;0.0;0.0;0.0;0;0.0;0;0;0;0.0;0;;;;16.729.130/0001-08;;;;;;;;;;RENUNCIA_ART3;793525.5;1104741.44;2018;0.0
B1900066800000;ESCOLA DE GÊNIOS - TERCEIRA TEMPORADA;2018;;Renúncia — Art.3/3-A/39;0.0;0.0;389814.32;280000;0.0;0.0;0.0;0.0;0;0.0;0;0;0;4.058;2;;;;06.998.046/0001-28;;;;;;;;;;RENUNCIA_ART3;3000000.0;4176582.0;2018;0.0
B1800422200000;ESCOLA DE GÊNIOS – SEGUNDA TEMPORADA;2018;;Renúncia — Art.3/3-A/39;0.0;0.0;389814.32;280000;0.0;0.0;0.0;0.0;0;0.0;0;0;0;4.058;2;;;;06.998.046/0001-28;;;;;;;;;;RENUNCIA_ART3;2999853.85;4176378.53;2018;0.0
B1800595300000;ESPAÇO PARA DOIS;2018;;Renúncia — Art.3/3-A/39;0.0;0.0;83531.64;60000;0.0;0.0;0.0;0.0;0;0.0;0;0;0;3.775;1;;;;13.021.376/0001-24;;;;;;;;;;RENUNCIA_ART3;2708107.02;3770210.34;2018;0.0
B1800605200000;FEITO COM AMOR;2018;;Renúncia — Art.3/3-A/39;0.0;0.0;83531.64;60000;0.0;0.0;0.0;0.0;0;0.0;0;0;0;4.3;1;;;;06.023.805/0001-37;;;;;;;;;;RENUNCIA_ART3;1464083.0;2038287.57;2018;0.0
B1800056700000;FERRUGEM;2018;;Renúncia — Art.3/3-A/39;419370.64;554254.4;501189.84;360000;554254.4;0.0;0.1422;9.0;0;45.0;0;0;0;2.9;1;0.0;;;09.437.566/0001-50;;;;;;;;;;RENUNCIA_ART3;2800000.0;3898143.2;2018;0.1422
B1800480100000;FILME ENSAIO;2018;;Renúncia — Art.3/3-A/39;496.6;516.88;83531.64;60000;516.88;0.0;0.001;0.0;0;0.0;0;0;0;0.0;0;;;;10.358.078/0001-36;;;;;;;;;;RENUNCIA_ART3;230000.0;320204.62;2018;0.0016
B1800480100000;FILME ENSAIO;2018;;Renúncia — Art.3/3-A/39;496.6;516.88;83531.64;60000;516.88;0.0;0.001;0.0;0;0.0;0;0;0;0.0;0;;;;10.358.078/0001-36;;;;;;;;;;RENUNCIA_OUTROS;140000.0;194907.16;2018;0.0027
B1800044200000;FILME PAISAGEM - UM OLHAR SOBRE ROBERTO BURLE MARX;2018;;Renúncia — Outros Mecanismos;33082.93;43378.16;194907.16;140000;43378.16;0.0;0.0352;0.0;0;0.0;0;0;0;3.4;1;;;;03.987.306/0001-71;;;;;;;;;;RENUNCIA_OUTROS;885000.0;1232091.69;2018;0.0352
B1800593200000;FUGA DE NATAL;2018;;Renúncia — Art.3/3-A/39;0.0;0.0;501189.84;360000;0.0;0.0;0.0;0.0;0;0.0;0;0;0;4.3;1;;;;17.724.039/0001-54;;;;;;;;;;RENUNCIA_ART3;417109.99;580698.03;2018;0.0
B1800530600000;FUTURO IMPERFEITO;2018;;Renúncia — Outros Mecanismos;0.0;0.0;83531.64;60000;0.0;0.0;0.0;0.0;0;0.0;0;0;0;0.0;0;;;;08.267.476/0001-03;;;;;;;;;;RENUNCIA_OUTROS;967168.0;1346485.49;2018;0.0
B1800096200000;FÁBRICA DE CASAMENTOS 2° TEMPORADA;2018;;Renúncia — Art.3/3-A/39;0.0;0.0;278438.8;200000;0.0;0.0;0.0;0.0;0;0.0;0;0;0;3.213;2;;;;18.082.113/0001-49;;;;;;;;;;RENUNCIA_ART3;1120425.0;1559848.96;2018;0.0
B1800285600000;GLITTER MODEL - TODA MENINA TEM SEU BRILHO;2018;;Renúncia — Art.3/3-A/39;0.0;0.0;194907.16;140000;0.0;0.0;0.0;0.0;0;0.0;0;0;0;0.0;0;0.0;;;03.876.997/0001-36;;;;;;;;;;RENUNCIA_ART3;2999995.5;4176575.74;2018;0.0
B1800444800000;HERANÇA - A CAVALHADA EM BRUMAL;2018;;Renúncia — Outros Mecanismos;0.0;0.0;0.0;0;0.0;0.0;0.0;0.0;0;0.0;0;0;0;3.152;2;;;;08.233.638/0001-84;;;;;;;;;;RENUNCIA_OUTROS;261000.0;363362.63;2018;0.0
B1800474200000;HUMBERTO MAURO;2018;;Renúncia — Outros Mecanismos;5123.35;6441.12;389814.32;280000;6441.12;0.0;0.0165;0.0;0;0.0;0;0;0;0.0;0;0.0;;;00.061.412/0001-31;;;;;;;;;;RENUNCIA_OUTROS;280000.0;389814.32;2018;0.0165
B1800457400000;IMPUROS;2018;;Renúncia — Art.3/3-A/39;0.0;0.0;194907.16;140000;0.0;0.0;0.0;0.0;0;0.0;0;0;0;0.0;0;;;;03.762.421/0001-48;;;;;;;;;;RENUNCIA_ART3;8639207.9;12027453.4;2018;0.0
B1800550500000;INSPIRA.MOV BRASIL - SEGUNDA TEMPORADA;2018;;Renúncia — Outros Mecanismos;0.0;0.0;194907.16;140000;0.0;0.0;0.0;0.0;0;0.0;0;0;0;0.0;0;;;;64.044.886/0001-58;;;;;;;;;;RENUNCIA_OUTROS;700000.0;974535.8;2018;0.0
B1900478400000;INTERVENÇÃO;2018;;Renúncia — Art.3/3-A/39;646.76;735.56;83531.64;60000;735.56;0.0;0.0002;0.0;0;0.0;0;0;0;0.0;0;0.0;;;13.110.657/0001-53;;;;;;;;;;RENUNCIA_ART3;3000000.0;4176582.0;2018;0.0002
B1800449100000;INTIMIDADE ENTRE ESTRANHOS;2018;;Renúncia — Art.3/3-A/39;62897.85;82979.12;501189.84;360000;82979.12;0.0;0.0199;0.8;0;4.0;0;0;0;2.4;1;;;;10.645.895/0001-75;;;;;;;;;;RENUNCIA_ART3;3000000.0;4176582.0;2018;0.0199
B1800219700000;IRMÃO DO JOREL - 3ª TEMPORADA;2018;;Renúncia — Art.3/3-A/39;0.0;0.0;194907.16;140000;0.0;0.0;0.0;0.0;0;0.0;0;0;0;0.0;0;;;;09.551.826/0001-13;;;;;;;;;;RENUNCIA_ART3;6320114.02;8798824.82;2018;0.0
B1800124000000;JORGE MAUTNER - KAOS EM AÇÃO;2018;;Renúncia — Art.3/3-A/39;0.0;0.0;194907.16;140000;0.0;0.0;0.0;0.0;0;0.0;0;0;0;0.0;0;;;;09.180.984/0001-04;;;;;;;;;;RENUNCIA_ART3;1320000.0;1837696.08;2018;0.0
B1900092000000;JORGINHO GUINLE - SÓ SE VIVE UMA VEZ;2018;;Renúncia — Outros Mecanismos;15272.46;19204.08;111375.52;80000;19204.08;0.0;0.0046;0.0;0;0.0;0;0;0;4.24;2;;;;04.031.248/0001-70;;;;;;;;;;RENUNCIA_OUTROS;3000000.0;4176582.0;2018;0.0046
B1800401200000;JUSTIÇA! UMA HISTÓRIA;2018;;Renúncia — Outros Mecanismos;0.0;0.0;0.0;0;0.0;0.0;0.0;0.0;0;0.0;0;0;0;4.147;2;;;;14.022.519/0001-85;;;;;;;;;;RENUNCIA_OUTROS;100000.0;139219.4;2018;0.0
B1800389000000;JUVENTUDE 100 ANOS DE PAPADA;2018;;Renúncia — Outros Mecanismos;0.0;0.0;389814.32;280000;0.0;0.0;0.0;0.0;0;0.0;0;0;0;0.0;0;1.0;0.0;;08.046.502/0001-65;;;;;;;;;;RENUNCIA_OUTROS;837078.11;1165375.12;2018;0.0
B1800352900000;LABORATORIO DA LUTA - TERCEIRA TEMPORADA;2018;;Renúncia — Art.3/3-A/39;0.0;0.0;83531.64;60000;0.0;0.0;0.0;0.0;0;0.0;0;0;0;4.45;2;7.0;0.0;;02.947.857/0001-49;;;;;;;;;;RENUNCIA_ART3;3000000.0;4176582.0;2018;0.0
B1900037900000;MAL ME QUER;2018;;Renúncia — Art.3/3-A/39;0.0;0.0;83531.64;60000;0.0;0.0;0.0;0.0;0;0.0;0;0;0;0.0;0;;;;16.729.130/0001-08;;;;;;;;;;RENUNCIA_ART3;3000000.0;4176582.0;2018;0.0
B1800561600000;MENOS É DEMAIS - 2A TEMPORADA;2018;;Renúncia — Art.3/3-A/39;0.0;0.0;83531.64;60000;0.0;0.0;0.0;0.0;0;0.0;0;0;0;3.918;2;0.0;;;01.894.553/0001-06;;;;;;;;;;RENUNCIA_ART3;2229503.25;3103901.05;2018;0.0
B1800136500000;MIL DIAS - UMA SAGA BRASILEIRA;2018;;Renúncia — Art.3/3-A/39;0.0;0.0;83531.64;60000;0.0;0.0;0.0;0.0;0;0.0;0;0;0;0.0;0;;;;06.900.652/0001-69;;;;;;;;;;RENUNCIA_ART3;1000000.0;1392194.0;2018;0.0
B1800136500000;MIL DIAS - UMA SAGA BRASILEIRA;2018;;Renúncia — Art.3/3-A/39;0.0;0.0;83531.64;60000;0.0;0.0;0.0;0.0;0;0.0;0;0;0;0.0;0;;;;06.900.652/0001-69;;;;;;;;;;RENUNCIA_OUTROS;1990000.0;2770466.06;2018;0.0
B1900493300000;MINHA FORTALEZA - OS FILHOS DE FULANO;2018;;Renúncia — Outros Mecanismos;314.64;357.84;83531.64;60000;357.84;0.0;0.0004;0.0;0;0.0;0;0;0;0.0;0;;;;19.886.089/0001-63;;;;;;;;;;RENUNCIA_OUTROS;580000.0;807472.52;2018;0.0004
B1800539000000;MINHA VIDA EM MARTE;2018;;Renúncia — Art.3/3-A/39;82841089.34;105072241.12;194907.16;140000;105072241.12;0.0;25.1575;0.0;0;0.0;0;0;0;3.2;1;;;;23.964.115/0001-00;;;;;;;;;;RENUNCIA_ART3;3000000.0;4176582.0;2018;25.1575
B1800193500000;MINHA VIDA É UM CIRCO;2018;;Renúncia — Art.3/3-A/39;0.0;0.0;83531.64;60000;0.0;0.0;0.0;0.0;0;0.0;0;0;0;3.2;1;1.0;1.0;;06.323.379/0001-57;;;;;;;;;;RENUNCIA_ART3;1617234.0;2251503.47;2018;0.0
B1800219500000;MINOTAURO, A VIDA DO LENDÁRIO LUTADOR ANTÔNIO RODRIGO NOGUEIRA;2018;;Renúncia — Art.3/3-A/39;0.0;0.0;194907.16;140000;0.0;0.0;0.0;0.0;0;0.0;0;0;0;3.2;1;;;;07.630.900/0001-61;;;;;;;;;;RENUNCIA_ART3;946519.19;1317738.34;2018;0.0
B1800182200000;MISSÃO DESIGN;2018;;Renúncia — Art.3/3-A/39;0.0;0.0;83531.64;60000;0.0;0.0;0.0;0.0;0;0.0;0;0;0;0.0;0;;;;16.729.130/0001-08;;;;;;;;;;RENUNCIA_ART3;3000000.0;4176582.0;2018;0.0
B1800405900000;MORTO NÃO FALA;2018;;Renúncia — Art.3/3-A/39;420134.94;528291.12;501189.84;360000;528291.12;0.0;0.1265;2.5;0;12.5;0;0;0;3.7;1;0.0;;;94.625.829/0001-23;;;;;;;;;;RENUNCIA_ART3;3000000.0;4176582.0;2018;0.1265
B1800277100000;MULHERES NA LUTA;2018;;Renúncia — Art.3/3-A/39;0.0;0.0;83531.64;60000;0.0;0.0;0.0;0.0;0;0.0;0;0;0;0.0;0;;;;09.180.984/0001-04;;;;;;;;;;RENUNCIA_ART3;1810700.0;2520845.68;2018;0.0
B1800479500000;MÃE;2018;;Renúncia — Outros Mecanismos;862.84;874.72;0.0;0;874.72;0.0;0.0002;0.0;0;0.0;0;0;0;4.115;2;0.0;;;16.861.733/0001-50;;;;;;;;;;RENUNCIA_OUTROS;3980000.0;5540932.12;2018;0.0002
B1800523200000;NASCIDOS PARA O COMBATE – TERCEIRA TEMPORADA;2018;;Renúncia — Art.3/3-A/39;0.0;0.0;83531.64;60000;0.0;0.0;0.0;0.0;0;0.0;0;0;0;0.0;0;;;;06.998.046/0001-28;;;;;;;;;;RENUNCIA_ART3;2406350.0;3350106.03;2018;0.0
B1800605300000;NO PARAÍSO, COM GIO EWBANK;2018;;Renúncia — Art.3/3-A/39;0.0;0.0;83531.64;60000;0.0;0.0;0.0;0.0;0;0.0;0;0;0;3.84;2;;;;05.326.727/0001-87;;;;;;;;;;RENUNCIA_ART3;2575883.52;3586129.58;2018;0.0
B1800010300000;NÃO SE ACEITAM DEVOLUÇÕES;2018;;Renúncia — Art.3/3-A/39;4462759.04;5898912.88;194907.16;140000;5898912.88;0.0;1.4124;0.0;0;0.0;0;0;0;2.3;1;0.0;;;02.863.008/0001-07;;;;;;;;;;RENUNCIA_ART3;3000000.0;4176582.0;2018;1.4124
B1800356500000;O AMOR É LINDO;2018;;Renúncia — Art.3/3-A/39;0.0;0.0;83531.64;60000;0.0;0.0;0.0;0.0;0;0.0;0;0;0;4.3;1;0.0;;;07.533.507/0001-50;;;;;;;;;;RENUNCIA_ART3;1300000.0;1809852.2;2018;0.0
B1800501600000;O AVENTAL ROSA;2018;;Renúncia — Art.3/3-A/39;1895.04;2504.88;111375.52;80000;2504.88;0.0;0.0006;0.0;0;0.0;0;0;0;4.09;2;;;Oscar;05.270.790/0001-49;;;;;;;;;;RENUNCIA_ART3;3000000.0;4176582.0;2018;0.0006
B1800612400000;O DIÁRIO DE MIKA - 2ª TEMPORADA;2018;;Renúncia — Outros Mecanismos;0.0;0.0;83531.64;60000;0.0;0.0;0.0;0.0;0;0.0;0;0;0;3.85;2;0.0;;;11.899.615/0001-18;;;;;;;;;;RENUNCIA_OUTROS;1220000.0;1698476.68;2018;0.0
B1800288400000;O FENÔMENO MMA;2018;;Renúncia — Art.3/3-A/39;0.0;0.0;83531.64;60000;0.0;0.0;0.0;0.0;0;0.0;0;0;0;2.8;1;;;;10.899.485/0001-50;;;;;;;;;;RENUNCIA_ART3;1315275.0;1831117.96;2018;0.0
B1800267900000;O NEGRO NO FUTEBOL BRASILEIRO;2018;;Renúncia — Art.3/3-A/39;0.0;0.0;83531.64;60000;0.0;0.0;0.0;0.0;0;0.0;0;0;0;4.3;1;;;;73.619.637/0001-34;;;;;;;;;;RENUNCIA_ART3;1444541.5;2011082.01;2018;0.0
B1800565900000;O SHOW DA LUNA! QUINTA TEMPORADA;2018;;Renúncia — Art.3/3-A/39;0.0;0.0;194907.16;140000;0.0;0.0;0.0;0.0;0;0.0;0;0;0;0.0;0;0.0;;;01.161.933/0001-23;;;;;;;;;;RENUNCIA_ART3;1534043.89;2135686.7;2018;0.0
B1800565900000;O SHOW DA LUNA! QUINTA TEMPORADA;2018;;Renúncia — Art.3/3-A/39;0.0;0.0;194907.16;140000;0.0;0.0;0.0;0.0;0;0.0;0;0;0;0.0;0;0.0;;;01.161.933/0001-23;;;;;;;;;;RENUNCIA_OUTROS;1000000.0;1392194.0;2018;0.0
B1800509700000;ONDE A MOEDA CAI EM PÉ - A HISTÓRIA DO SÃO PAULO FUTEBOL CLUBE;2018;;Renúncia — Art.3/3-A/39;57964.16;76617.52;83531.64;60000;76617.52;0.0;0.1482;0.0;0;0.0;0;0;0;3.77;1;1.0;0.0;;01.613.170/0001-04;;;;;;;;;;RENUNCIA_ART3;371268.75;516878.13;2018;0.1482
B1800164100000;OS GRETCHENS - 1ª TEMPORADA;2018;;Renúncia — Art.3/3-A/39;0.0;0.0;83531.64;60000;0.0;0.0;0.0;0.0;0;0.0;0;0;0;0.0;0;0.0;;;07.988.992/0001-56;;;;;;;;;;RENUNCIA_ART3;1000000.0;1392194.0;2018;0.0
B1800127700000;PAGLIACCI;2018;;Renúncia — Art.3/3-A/39;8572.8;11331.6;389814.32;280000;11331.6;0.0;0.0407;0.0;0;0.0;0;0;0;0.0;0;;;;07.533.507/0001-50;;;;;;;;;;RENUNCIA_ART3;200000.0;278438.8;2018;0.0407
B1800550200000;PALACE II - 3 QUARTOS COM VISTA PARA O MAR;2018;;Renúncia — Art.3/3-A/39;4584.9;5765.2;83531.64;60000;5765.2;0.0;0.0276;0.0;0;0.0;0;0;0;2.4;1;;;;11.721.296/0001-56;;;;;;;;;;RENUNCIA_ART3;150000.0;208829.1;2018;0.0276
B1800036200000;PANTANAL, A BOA INOCÊNCIA DE NOSSAS ORIGENS;2018;;Renúncia — Outros Mecanismos;52.44;59.64;111375.52;80000;59.64;0.0;0.0;0.0;0;0.0;0;0;0;4.015;2;2.0;0.0;;09.107.296/0001-19;;;;;;;;;;RENUNCIA_OUTROS;952132.0;1325552.46;2018;0.0
B1900624500000;PELÉ A ORIGEM;2018;;Renúncia — Outros Mecanismos;0.0;0.0;111375.52;80000;0.0;0.0;0.0;0.0;0;0.0;0;0;0;4.355;2;;;;03.729.417/0001-88;;;;;;;;;;RENUNCIA_OUTROS;634000.0;882651.0;2018;0.0
B1800606400000;PELÉ ETERNO - LONGA VERSÃO;2018;;Renúncia — Art.3/3-A/39;0.0;0.0;0.0;0;0.0;0.0;0.0;0.0;0;0.0;0;0;0;0.0;0;0.0;;;05.283.625/0001-21;;;;;;;;;;RENUNCIA_ART3;2700000.0;3758923.8;2018;0.0
B1900167100000;PEQUENOS GRANDES TALENTOS;2018;;Renúncia — Outros Mecanismos;0.0;0.0;194907.16;140000;0.0;0.0;0.0;0.0;0;0.0;0;0;0;2.885;2;;;;81.321.978/0001-57;;;;;;;;;;RENUNCIA_OUTROS;1496000.0;2082722.22;2018;0.0
B1800353300000;PLATAMAMA;2018;;Renúncia — Art.3/3-A/39;993.2;1033.76;0.0;0;1033.76;0.0;0.0037;0.0;0;0.0;0;0;0;0.0;0;2.0;2.0;;10.551.469/0001-72;;;;;;;;;;RENUNCIA_OUTROS;200000.0;278438.8;2018;0.0037
B1800332500000;QUEBRANDO O TABU;2018;;Renúncia — Outros Mecanismos;0.0;0.0;83531.64;60000;0.0;0.0;0.0;4.0;0;0.0;0;5;2;0.0;0;0.0;;;06.945.371/0001-22;;;;;;;;;;RENUNCIA_OUTROS;2711360.37;3774739.64;2018;0.0
B1800549200000;RASGA CORAÇÃO;2018;;Renúncia — Art.3/3-A/39;124388.0;164010.0;501189.84;360000;164010.0;0.0;0.0393;2.3;0;11.5;0;0;0;0.0;0;;;;94.625.829/0001-23;;;;;;;;;;RENUNCIA_ART3;3000000.0;4176582.0;2018;0.0393
B1900076300000;REFAVELA 40;2018;;Renúncia — Art.3/3-A/39;0.0;0.0;83531.64;60000;0.0;0.0;0.0;0.0;0;0.0;0;0;0;0.0;0;;;;09.180.984/0001-04;;;;;;;;;;RENUNCIA_ART3;895107.0;1246162.59;2018;0.0
B1800556200000;RINDO À TOA;2018;;Renúncia — Art.3/3-A/39;996.03;1252.44;389814.32;280000;1252.44;0.0;0.0012;0.0;0;0.0;0;0;0;0.0;0;3.0;0.0;;12.375.637/0001-41;;;;;;;;;;RENUNCIA_ART3;730000.0;1016301.62;2018;0.0012
B1800077300000;RIO DO MEDO;2018;;Renúncia — Art.3/3-A/39;1188.16;1570.52;389814.32;280000;1570.52;0.0;0.0059;0.0;0;0.0;0;0;0;4.252;2;2.0;0.0;;03.279.751/0001-87;;;;;;;;;;RENUNCIA_ART3;190000.0;264516.86;2018;0.0059
B1800430900000;ROMPENDO O SILÊNCIO;2018;;Renúncia — Outros Mecanismos;0.0;0.0;83531.64;60000;0.0;0.0;0.0;0.0;0;0.0;0;0;0;4.1;1;;;Rotterdam;00.020.648/0001-20;;;;;;;;;;RENUNCIA_ART3;1787549.83;2488616.15;2018;0.0
B1900031700000;SAI DE BAIXO, O FILME;2018;;Renúncia — Art.3/3-A/39;7498461.66;9428805.68;508150.81;365000;9428805.68;0.0;2.2575;12.16;0;0.0;7768;0;0;3.3;1;0.0;;;02.605.295/0001-55;;;;;;;;;;RENUNCIA_ART3;3000000.0;4176582.0;2018;2.2575
B1900147200000;SANTOS DE TODOS OS GOLS;2018;;Renúncia — Outros Mecanismos;55635.39;69957.72;83531.64;60000;69957.72;0.0;0.0584;0.0;0;0.0;0;0;0;3.543;2;;;;01.613.170/0001-04;;;;;;;;;;RENUNCIA_OUTROS;860000.0;1197286.84;2018;0.0584
B1800346000000;SENNINHA NA PISTA MALUCA;2018;;Renúncia — Outros Mecanismos;0.0;0.0;389814.32;280000;0.0;0.0;0.0;0.0;0;0.0;0;0;0;0.0;0;0.0;;;11.899.615/0001-18;;;;;;;;;;RENUNCIA_OUTROS;1259000.0;1752772.25;2018;0.0
B1800126800000;SEQUESTRO RELÂMPAGO;2018;;Renúncia — Art.3/3-A/39;196648.0;259931.0;501189.84;360000;259931.0;0.0;0.0622;1.6;0;8.0;0;0;0;0.0;0;;;;07.860.494/0001-23;;;;;;;;;;RENUNCIA_ART3;3000000.0;4176582.0;2018;0.0622
B1800465300000;SOB PRESSÃO - 2ª TEMPORADA;2018;;Renúncia — Art.3/3-A/39;0.0;0.0;111375.52;80000;0.0;0.0;0.0;0.0;0;0.0;0;0;0;4.2;1;1.0;1.0;;09.180.984/0001-04;;;;;;;;;;RENUNCIA_ART3;3000000.0;4176582.0;2018;0.0
B1800609900000;TAINÁ E OS GUARDIÕES DA AMAZÔNIA;2018;;Renúncia — Art.3/3-A/39;0.0;0.0;501189.84;360000;0.0;0.0;0.0;0.0;0;0.0;0;0;0;3.929;1;0.0;;;42.488.478/0001-52;;;;;;;;;;RENUNCIA_ART3;3000000.0;4176582.0;2018;0.0
B1800609900000;TAINÁ E OS GUARDIÕES DA AMAZÔNIA;2018;;Renúncia — Art.3/3-A/39;0.0;0.0;501189.84;360000;0.0;0.0;0.0;0.0;0;0.0;0;0;0;3.929;1;0.0;;;42.488.478/0001-52;;;;;;;;;;RENUNCIA_OUTROS;1043500.0;1452754.44;2018;0.0
B1900400900000;TE CONTO NO CAMINHO;2018;;Renúncia — Art.3/3-A/39;0.0;0.0;83531.64;60000;0.0;0.0;0.0;0.0;0;0.0;0;0;0;4.3;1;;;;23.511.961/0001-66;;;;;;;;;;RENUNCIA_ART3;373360.37;519790.07;2018;0.0
B1800115400000;TEMPERO & ARTE;2018;;Renúncia — Art.3/3-A/39;0.0;0.0;83531.64;60000;0.0;0.0;0.0;0.0;0;0.0;0;0;0;0.0;0;;;;02.113.430/0001-45;;;;;;;;;;RENUNCIA_OUTROS;1700000.0;2366729.8;2018;0.0
B1800118200000;TEMPO DE BOLA;2018;;Renúncia — Art.3/3-A/39;0.0;0.0;118336.49;85000;0.0;0.0;0.0;0.0;0;0.0;0;0;0;3.648;2;0.0;;;04.453.786/0001-53;;;;;;;;;;RENUNCIA_ART3;1596864.0;2223144.48;2018;0.0
B1800403500000;TERRORES URBANOS;2018;;Renúncia — Art.3/3-A/39;0.0;0.0;194907.16;140000;0.0;0.0;0.0;0.0;0;0.0;0;0;0;0.0;0;0.0;;Rotterdam;16.104.588/0001-63;;;;;;;;;;RENUNCIA_ART3;3000000.0;4176582.0;2018;0.0
B1800124400000;TEU MUNDO NÃO CABE NOS MEUS OLHOS;2018;;Renúncia — Art.3/3-A/39;230277.44;304382.68;285399.77;205000;304382.68;0.0;0.0972;0.0;0;0.0;0;0;0;3.6;1;;;;05.270.790/0001-49;;;;;;;;;;RENUNCIA_ART3;1400000.0;1949071.6;2018;0.1562
B1800124400000;TEU MUNDO NÃO CABE NOS MEUS OLHOS;2018;;Renúncia — Art.3/3-A/39;230277.44;304382.68;285399.77;205000;304382.68;0.0;0.0972;0.0;0;0.0;0;0;0;3.6;1;;;;05.270.790/0001-49;;;;;;;;;;RENUNCIA_OUTROS;850000.0;1183364.9;2018;0.2572
B1800387000000;TODAS AS CANÇÕES DE AMOR;2018;;Renúncia — Art.3/3-A/39;416694.7;550735.64;194907.16;140000;550735.64;0.0;0.1105;3.7;0;18.5;0;0;0;4.3;1;;;;07.419.227/0001-15;;;;;;;;;;RENUNCIA_ART3;3000000.0;4176582.0;2018;0.1319
B1800387000000;TODAS AS CANÇÕES DE AMOR;2018;;Renúncia — Art.3/3-A/39;416694.7;550735.64;194907.16;140000;550735.64;0.0;0.1105;3.7;0;18.5;0;0;0;4.3;1;;;;07.419.227/0001-15;;;;;;;;;;RENUNCIA_OUTROS;580000.0;807472.52;2018;0.682
B1800358100000;TROCA DE ESTILOS - 3ª TEMPORADA;2018;;Renúncia — Art.3/3-A/39;0.0;0.0;83531.64;60000;0.0;0.0;0.0;0.0;0;0.0;0;0;0;0.0;0;0.0;;;10.874.608/0001-07;;;;;;;;;;RENUNCIA_ART3;2939796.0;4092766.35;2018;0.0
B1800005800000;TUNGA, O ESQUECIMENTO DAS PAIXÕES;2018;;Renúncia — Outros Mecanismos;28173.42;35426.16;389814.32;280000;35426.16;0.0;0.0848;0.0;0;0.0;0;0;0;0.0;0;;;;74.425.067/0001-04;;;;;;;;;;RENUNCIA_OUTROS;300000.0;417658.2;2018;0.0848
B1800116000000;TUNGSTÊNIO;2018;;Renúncia — Art.3/3-A/39;86284.48;114051.56;501189.84;360000;114051.56;0.0;0.0273;0.0;0;0.0;0;0;0;0.0;0;;;;11.140.814/0001-48;;;;;;;;;;RENUNCIA_ART3;3000000.0;4176582.0;2018;0.0273
B1800540900000;TÁ RINDO DE QUÊ?;2018;;Renúncia — Art.3/3-A/39;23319.75;29323.0;501189.84;360000;29323.0;0.0;0.0289;0.0;0;0.0;0;0;0;3.705;2;3.0;0.0;;12.375.637/0001-41;;;;;;;;;;RENUNCIA_ART3;730000.0;1016301.62;2018;0.0289
B1800145000000;UM CONTRA TODOS - 3ª TEMPORADA;2018;;Renúncia — Art.3/3-A/39;0.0;0.0;83531.64;60000;0.0;0.0;0.0;0.0;0;0.0;0;0;0;0.0;0;2.0;1.0;;09.180.984/0001-04;;;;;;;;;;RENUNCIA_ART3;7878402.69;10968264.95;2018;0.0
B1800378400000;UM CONTRA TODOS 3 - TELEFILME;2018;;Renúncia — Art.3/3-A/39;0.0;0.0;83531.64;60000;0.0;0.0;0.0;0.0;0;0.0;0;0;0;0.0;0;2.0;1.0;;09.180.984/0001-04;;;;;;;;;;RENUNCIA_ART3;7878402.69;10968264.95;2018;0.0
B1800537600000;UM SHOW DE NOIVA - 2ª TEMPORADA;2018;;Renúncia — Art.3/3-A/39;0.0;0.0;83531.64;60000;0.0;0.0;0.0;0.0;0;0.0;0;0;0;4.105;2;;;;12.619.515/0001-53;;;;;;;;;;RENUNCIA_ART3;1763564.57;2455224.01;2018;0.0
B1800517400000;UNIDOS CONTRA DARWIN: CAVALO, HOMEM, SERTÃO;2018;;Renúncia — Outros Mecanismos;0.0;0.0;0.0;0;0.0;0.0;0.0;0.0;0;0.0;0;0;0;0.0;0;3.0;0.0;;08.752.098/0001-45;;;;;;;;;;RENUNCIA_OUTROS;153000.0;213005.68;2018;0.0
B1800183500000;VIVER PARA LUTAR – 2A TEMPORADA;2018;;Renúncia — Art.3/3-A/39;0.0;0.0;83531.64;60000;0.0;0.0;0.0;0.0;0;0.0;0;0;0;4.084;2;;;;06.998.046/0001-28;;;;;;;;;;RENUNCIA_ART3;2998732.0;4174816.7;2018;0.0
B1800363400000;Z4 - 2° TEMPORADA;2018;;Renúncia — Art.3/3-A/39;0.0;0.0;194907.16;140000;0.0;0.0;0.0;0.0;0;0.0;0;0;0;0.0;0;;;;18.082.113/0001-49;;;;;;;;;;RENUNCIA_ART3;2332728.67;3247610.86;2018;0.0
B1900548000000;#MECHAMADEBRUNA - 4A TEMPORADA;2019;;Renúncia — Art.3/3-A/39;0.0;0.0;80080.2;60000;0.0;0.0;0.0;0.0;0;0.0;0;0;0;0.0;0;10.0;1.0;;03.360.320/0001-40;;;;;;;;;;RENUNCIA_ART3;4999999.61;6673349.48;2019;0.0
B1900089900000;#OFUTUROÉFEMININO;2019;;Renúncia — Art.3/3-A/39;0.0;0.0;80080.2;60000;0.0;0.0;0.0;0.0;0;0.0;0;0;0;0.0;0;;;;18.675.219/0001-56;;;;;;;;;;RENUNCIA_ART3;285807.5;381458.7;2019;0.0
B1900241900000;A DIVISÃO;2019;;Renúncia — Art.3/3-A/39;0.0;0.0;186853.8;140000;0.0;0.0;0.0;0.0;0;0.0;0;0;0;2.9;1;;;;03.247.208/0001-06;;;;;;;;;;RENUNCIA_ART3;2000000.0;2669340.0;2019;0.0
B1900241900000;A DIVISÃO;2019;;Renúncia — Art.3/3-A/39;0.0;0.0;186853.8;140000;0.0;0.0;0.0;0.0;0;0.0;0;0;0;2.9;1;;;;03.247.208/0001-06;;;;;;;;;;RENUNCIA_OUTROS;1607000.0;2144814.69;2019;0.0
B1900592900000;A DIVISÃO - O FILME;2019;;Renúncia — Art.3/3-A/39;121685.96;151763.92;186853.8;140000;151763.92;0.0;0.0315;0.0;0;0.0;0;0;0;2.9;1;;;;03.247.208/0001-06;;;;;;;;;;RENUNCIA_ART3;2000000.0;2669340.0;2019;0.0569
B1900592900000;A DIVISÃO - O FILME;2019;;Renúncia — Art.3/3-A/39;121685.96;151763.92;186853.8;140000;151763.92;0.0;0.0315;0.0;0;0.0;0;0;0;2.9;1;;;;03.247.208/0001-06;;;;;;;;;;RENUNCIA_OUTROS;1607000.0;2144814.69;2019;0.0708
B1900266500000;A EVOLUÇÃO DO COMBATE;2019;;Renúncia — Art.3/3-A/39;0.0;0.0;80080.2;60000;0.0;0.0;0.0;0.0;0;0.0;0;0;0;3.17;2;7.0;0.0;;02.947.857/0001-49;;;;;;;;;;RENUNCIA_ART3;3000000.0;4004010.0;2019;0.0
B1900415900000;A FERA NA SELVA;2019;;Renúncia — Art.3/3-A/39;49311.39;62005.72;480481.2;360000;62005.72;0.0;0.0411;0.0;0;0.0;0;0;0;3.895;2;5.0;1.0;;49.079.395/0001-59;;;;;;;;;;RENUNCIA_ART3;400000.0;533868.0;2019;0.1161
B1900415900000;A FERA NA SELVA;2019;;Renúncia — Art.3/3-A/39;49311.39;62005.72;480481.2;360000;62005.72;0.0;0.0411;0.0;0;0.0;0;0;0;3.895;2;5.0;1.0;;49.079.395/0001-59;;;;;;;;;;RENUNCIA_OUTROS;730000.0;974309.1;2019;0.0636
B1900139400000;A HISTÓRIA DE UM SONHO;2019;;Renúncia — Outros Mecanismos;77627.1;97610.8;80080.2;60000;97610.8;0.0;1.8058;0.0;0;0.0;0;0;0;4.18;2;;;;07.716.572/0001-10;;;;;;;;;;RENUNCIA_OUTROS;40500.0;54054.14;2019;1.8058
B1900148100000;A IRMANDADE;2019;;Renúncia — Art.3/3-A/39;10814.04;13597.92;0.0;0;13597.92;0.0;0.0679;0.0;0;0.0;0;0;0;0.0;0;;;;06.842.017/0001-72;;;;;;;;;;RENUNCIA_ART3;150000.0;200200.5;2019;0.0679
B1900188300000;A REAÇÃO BRASILEIRA;2019;;Renúncia — Art.3/3-A/39;0.0;0.0;80080.2;60000;0.0;0.0;0.0;0.0;0;0.0;0;0;0;0.0;0;;;;27.052.323/0001-85;;;;;;;;;;RENUNCIA_ART3;824792.47;1100825.77;2019;0.0
B1900251700000;A ÁGUA QUE FALTA;2019;;Renúncia — Outros Mecanismos;0.0;0.0;106773.6;80000;0.0;0.0;0.0;0.0;0;0.0;0;0;0;0.0;0;;;;09.461.800/0001-84;;;;;;;;;;RENUNCIA_OUTROS;359968.84;480439.61;2019;0.0
B1900262200000;ADONIRAN, MEU NOME É JOÃO RUBINATO;2019;;Renúncia — Outros Mecanismos;117931.13;146893.32;373707.6;280000;146893.32;0.0;0.2547;0.0;0;0.0;0;0;0;0.0;0;;;;09.385.866/0001-32;;;;;;;;;;RENUNCIA_OUTROS;432134.67;576757.18;2019;0.2547
B1900564100000;AEROPORTO - ÁREA RESTRITA (3ª TEMPORADA);2019;;Renúncia — Art.3/3-A/39;0.0;0.0;186853.8;140000;0.0;0.0;0.0;0.0;0;0.0;0;0;0;0.0;0;0.0;;;07.627.467/0001-05;;;;;;;;;;RENUNCIA_ART3;2225985.85;2970956.53;2019;0.0
B1900371100000;ALIMENTANDO O MUNDO;2019;;Renúncia — Outros Mecanismos;0.0;0.0;80080.2;60000;0.0;0.0;0.0;0.0;0;0.0;0;0;0;3.51;2;;;;02.188.743/0001-62;;;;;;;;;;RENUNCIA_OUTROS;500000.0;667335.0;2019;0.0
B1900314100000;ALMA IMORAL;2019;;Renúncia — Outros Mecanismos;49690.83;62482.84;0.0;0;62482.84;0.0;0.0955;0.0;0;0.0;0;0;0;0.0;0;;;;27.651.181/0001-72;;;;;;;;;;RENUNCIA_OUTROS;490000.0;653988.3;2019;0.0955
B1900124500000;ALTO LEBLON - 2A TEMPORADA;2019;;Renúncia — Art.3/3-A/39;0.0;0.0;80080.2;60000;0.0;0.0;0.0;0.0;0;0.0;0;0;0;0.0;0;0.0;;;06.023.805/0001-37;;;;;;;;;;RENUNCIA_ART3;1807850.0;2412883.16;2019;0.0
B1900594800000;AMIGAS DE SORTE;2019;;Renúncia — Art.3/3-A/39;7254.2;8250.2;186853.8;140000;8250.2;0.0;0.0011;0.0;0;0.0;0;0;0;4.1;1;;;;09.281.789/0001-70;;;;;;;;;;RENUNCIA_ART3;3000000.0;4004010.0;2019;0.0021
B1900594800000;AMIGAS DE SORTE;2019;;Renúncia — Art.3/3-A/39;7254.2;8250.2;186853.8;140000;8250.2;0.0;0.0011;0.0;0;0.0;0;0;0;4.1;1;;;;09.281.789/0001-70;;;;;;;;;;RENUNCIA_OUTROS;2400000.0;3203208.0;2019;0.0026
B2000163700000;AMIGO ARRIGO;2019;;Renúncia — Art.3/3-A/39;401.1;417.48;373707.6;280000;417.48;0.0;0.0006;0.0;0;0.0;0;0;0;0.0;0;24.0;9.0;;69.126.670/0001-55;;;;;;;;;;RENUNCIA_OUTROS;550000.0;734068.5;2019;0.0006
B1900613600000;AMOR SERTANEJO;2019;;sem_categoria;0.0;0.0;80080.2;60000;0.0;0.0;0.0;0.0;0;0.0;0;0;0;4.3;1;1.0;0.0;;07.276.440/0001-15;;;;;;;;;;RENUNCIA_OUTROS;940000.0;1254589.8;2019;0.0
B1900303600000;AMÉRICA ARMADA;2019;;Renúncia — Art.3/3-A/39;0.0;0.0;373707.6;280000;0.0;0.0;0.0;0.0;0;0.0;0;0;0;0.0;0;0.0;;;35.792.621/0001-30;;;;;;;;;;RENUNCIA_ART3;300000.0;400401.0;2019;0.0
B1900303600000;AMÉRICA ARMADA;2019;;Renúncia — Art.3/3-A/39;0.0;0.0;373707.6;280000;0.0;0.0;0.0;0.0;0;0.0;0;0;0;0.0;0;0.0;;;35.792.621/0001-30;;;;;;;;;;RENUNCIA_OUTROS;50000.0;66733.5;2019;0.0
B2000097000000;ANIMAZOO - SÉRIE TELEVISIVA;2019;;Renúncia — Outros Mecanismos;0.0;0.0;373707.6;280000;0.0;0.0;0.0;0.0;0;0.0;0;0;0;0.0;0;0.0;;;18.053.877/0001-06;;;;;;;;;;RENUNCIA_OUTROS;1350000.0;1801804.5;2019;0.0
B1900609700000;APENAS MENINAS;2019;;Renúncia — Art.3/3-A/39;0.0;0.0;80080.2;60000;0.0;0.0;0.0;0.0;0;0.0;0;0;0;0.0;0;0.0;;;04.661.796/0001-84;;;;;;;;;;RENUNCIA_ART3;788622.07;1052550.22;2019;0.0
B1900261400000;ARQUIS;2019;;Renúncia — Art.3/3-A/39;0.0;0.0;80080.2;60000;0.0;0.0;0.0;0.0;0;0.0;0;0;0;0.0;0;;;;11.443.174/0001-45;;;;;;;;;;RENUNCIA_ART3;2088045.85;2786852.15;2019;0.0
B1900343900000;AUTÊNTICAS - 2ª TEMPORADA;2019;;Renúncia — Art.3/3-A/39;0.0;0.0;80080.2;60000;0.0;0.0;0.0;0.0;0;0.0;0;0;0;0.0;0;1.0;0.0;;08.708.048/0001-60;;;;;;;;;;RENUNCIA_ART3;2115301.93;2823230.03;2019;0.0
B2000006500000;BABENCO - ALGUÉM TEM QUE OUVIR O CORAÇÃO E DIZER: PAROU;2019;;Renúncia — Art.3/3-A/39;77484.6;95682.44;373707.6;280000;95682.44;0.0;0.0902;0.0;0;0.0;0;0;0;3.955;2;0.0;;Oscar;46.848.701/0001-86;;;;;;;;;;RENUNCIA_ART3;335000.0;447114.45;2019;0.214
B2000006500000;BABENCO - ALGUÉM TEM QUE OUVIR O CORAÇÃO E DIZER: PAROU;2019;;Renúncia — Art.3/3-A/39;77484.6;95682.44;373707.6;280000;95682.44;0.0;0.0902;0.0;0;0.0;0;0;0;3.955;2;0.0;;Oscar;46.848.701/0001-86;;;;;;;;;;RENUNCIA_OUTROS;460000.0;613948.2;2019;0.1558
B1900489400000;BABY & ROSE - 2A TEMPORADA;2019;;Renúncia — Art.3/3-A/39;0.0;0.0;373707.6;280000;0.0;0.0;0.0;0.0;0;0.0;0;0;0;4.043;2;2.0;2.0;;10.476.872/0001-84;;;;;;;;;;RENUNCIA_ART3;2825807.35;3771520.3;2019;0.0
B1900131800000;BATALHA MAKERS BRASIL;2019;;Renúncia — Art.3/3-A/39;0.0;0.0;80080.2;60000;0.0;0.0;0.0;0.0;0;0.0;0;0;0;0.0;0;1.0;0.0;;03.435.290/0001-94;;;;;;;;;;RENUNCIA_ART3;3243866.46;4329491.25;2019;0.0
B1900392900000;BERTHA LUTZ - A MULHER NA CARTA DA ONU;2019;;Renúncia — Art.3/3-A/39;0.0;0.0;80080.2;60000;0.0;0.0;0.0;0.0;0;0.0;0;0;0;3.809;2;0.0;;;07.988.992/0001-56;;;;;;;;;;RENUNCIA_ART3;744720.35;993955.91;2019;0.0
B1900180000000;BOCA DE OURO;2019;;Renúncia — Art.3/3-A/39;16290.68;20317.36;480481.2;360000;20317.36;0.0;0.0051;13.92;0;6.0;11707;0;0;3.962;2;;;;02.605.295/0001-55;;;;;;;;;;RENUNCIA_ART3;3000000.0;4004010.0;2019;0.0051
B2000067200000;BORN TO FASHION;2019;;Renúncia — Art.3/3-A/39;0.0;0.0;80080.2;60000;0.0;0.0;0.0;0.0;0;0.0;0;0;0;0.0;0;0.0;;;08.440.376/0001-29;;;;;;;;;;RENUNCIA_ART3;3000000.0;4004010.0;2019;0.0
B1900374400000;BRASIL DE IMIGRANTES;2019;;Renúncia — Art.3/3-A/39;0.0;0.0;80080.2;60000;0.0;0.0;0.0;0.0;0;0.0;0;0;0;2.8;2;0.0;;;07.700.630/0001-18;;;;;;;;;;RENUNCIA_ART3;223119.11;297790.38;2019;0.0
B1900374400000;BRASIL DE IMIGRANTES;2019;;Renúncia — Art.3/3-A/39;0.0;0.0;80080.2;60000;0.0;0.0;0.0;0.0;0;0.0;0;0;0;2.8;2;0.0;;;07.700.630/0001-18;;;;;;;;;;RENUNCIA_OUTROS;191916.89;256145.72;2019;0.0
B1900489800000;BRASIL DE IMIGRANTES ESPECIAL;2019;;Renúncia — Art.3/3-A/39;0.0;0.0;80080.2;60000;0.0;0.0;0.0;0.0;0;0.0;0;0;0;0.0;0;0.0;;;07.700.630/0001-18;;;;;;;;;;RENUNCIA_ART3;223119.11;297790.38;2019;0.0
B1900489800000;BRASIL DE IMIGRANTES ESPECIAL;2019;;Renúncia — Art.3/3-A/39;0.0;0.0;80080.2;60000;0.0;0.0;0.0;0.0;0;0.0;0;0;0;0.0;0;0.0;;;07.700.630/0001-18;;;;;;;;;;RENUNCIA_OUTROS;191916.89;256145.72;2019;0.0
B1900390400000;CALLADO;2019;;Renúncia — Art.3/3-A/39;2027.68;2306.08;373707.6;280000;2306.08;0.0;0.0058;0.0;0;0.0;0;0;0;0.0;0;0.0;;;18.009.049/0001-70;;;;;;;;;;RENUNCIA_ART3;300000.0;400401.0;2019;0.0058
B1900350800000;CANHOTAS;2019;;Renúncia — Art.3/3-A/39;0.0;0.0;80080.2;60000;0.0;0.0;0.0;0.0;0;0.0;0;0;0;0.0;0;;;;00.669.963/0001-82;;;;;;;;;;RENUNCIA_ART3;1050000.0;1401403.5;2019;0.0
B1900189600000;CAXIAS - QUE CIDADE É ESSA?;2019;;Renúncia — Outros Mecanismos;0.0;0.0;80080.2;60000;0.0;0.0;0.0;0.0;0;0.0;0;0;0;4.5;1;1.0;0.0;;08.046.502/0001-65;;;;;;;;;;RENUNCIA_OUTROS;158017.71;210901.5;2019;0.0
B2000000500000;CHACRINHA O VELHO GUERREIRO;2019;;Renúncia — Art.3/3-A/39;546734.08;722677.76;480481.2;360000;722677.76;0.0;0.2707;0.0;0;0.0;0;0;0;4.197;2;1.0;1.0;;13.110.657/0001-53;;;;;;;;;;RENUNCIA_ART3;2000000.0;2669340.0;2019;0.2707
B1900572300000;CLUBE DA ANITTINHA - SEGUNDA TEMPORADA;2019;;Renúncia — Art.3/3-A/39;0.0;0.0;373707.6;280000;0.0;0.0;0.0;0.0;0;0.0;0;0;0;4.45;2;;;;31.291.787/0001-11;;;;;;;;;;RENUNCIA_ART3;3000000.0;4004010.0;2019;0.0
B1900542000000;CONEXÕES;2019;;Renúncia — Outros Mecanismos;0.0;0.0;80080.2;60000;0.0;0.0;0.0;0.0;0;0.0;0;0;0;0.0;0;;;;08.267.476/0001-03;;;;;;;;;;RENUNCIA_OUTROS;960400.0;1281817.07;2019;0.0
B1900500400000;CONTRAPONTO 2;2019;;Renúncia — Art.3/3-A/39;0.0;0.0;0.0;0;0.0;0.0;0.0;0.0;0;0.0;0;0;0;0.0;0;1.0;0.0;;09.514.197/0001-51;;;;;;;;;;RENUNCIA_OUTROS;266054.0;355094.29;2019;0.0
B1900319200000;CRAQUES PARA SEMPRE;2019;;Renúncia — Art.3/3-A/39;0.0;0.0;80080.2;60000;0.0;0.0;0.0;0.0;0;0.0;0;0;0;4.4;1;;;;03.360.320/0001-40;;;;;;;;;;RENUNCIA_ART3;415773.86;554920.9;2019;0.0
B1900077800000;CREDO, QUE DELÍCIA!;2019;;Renúncia — Art.3/3-A/39;0.0;0.0;80080.2;60000;0.0;0.0;0.0;0.0;0;0.0;0;0;0;0.0;0;;;;07.627.467/0001-05;;;;;;;;;;RENUNCIA_ART3;3000000.0;4004010.0;2019;0.0
B1900153200000;CRIMES.COM;2019;;Renúncia — Art.3/3-A/39;0.0;0.0;80080.2;60000;0.0;0.0;0.0;0.0;0;0.0;0;0;0;0.0;0;1.0;0.0;;01.009.824/0001-95;;;;;;;;;;RENUNCIA_ART3;2260255.22;3016694.83;2019;0.0
B1900247200000;CRÔNICA DE UMA CIDADE PARTIDA;2019;;Renúncia — Art.3/3-A/39;6157.54;6242.32;80080.2;60000;6242.32;0.0;0.0156;0.0;0;0.0;0;0;0;4.45;2;;;;30.120.265/0001-94;;;;;;;;;;RENUNCIA_ART3;300000.0;400401.0;2019;0.0156
B1900049300000;DANIEL - TRINTA ANOS NA ESTRADA;2019;;Renúncia — Outros Mecanismos;0.0;0.0;80080.2;60000;0.0;0.0;0.0;0.0;0;0.0;0;0;0;3.7;1;;;;10.626.318/0001-36;;;;;;;;;;RENUNCIA_OUTROS;775000.0;1034369.25;2019;0.0
B1900336100000;DESAFIO DE TALENTOS;2019;;Renúncia — Art.3/3-A/39;0.0;0.0;80080.2;60000;0.0;0.0;0.0;0.0;0;0.0;0;0;0;0.0;0;;;;09.193.471/0001-38;;;;;;;;;;RENUNCIA_ART3;1599177.8;2134374.63;2019;0.0
B1900386800000;DIVALDO – O MENSAGEIRO DA PAZ;2019;;Renúncia — Art.3/3-A/39;6885745.11;8658356.28;80080.2;60000;8658356.28;0.0;38.3862;0.0;0;0.0;0;0;0;4.4;1;0.0;;;00.975.333/0001-36;;;;;;;;;;RENUNCIA_ART3;169000.0;225559.23;2019;38.3862
B1900232700000;DIVINO AMOR;2019;;Renúncia — Art.3/3-A/39;569403.78;715978.2;186853.8;140000;715978.2;0.0;0.8941;21.7;0;58.5;0;8;5;4.3;1;;;Rotterdam;12.658.679/0001-90;;;;;;;;;;RENUNCIA_ART3;600000.0;800802.0;2019;0.8941
B1900212200000;DOIS;2019;;Renúncia — Outros Mecanismos;0.0;0.0;0.0;0;0.0;0.0;0.0;0.0;0;0.0;0;0;0;3.427;2;;;;07.419.227/0001-15;;;;;;;;;;RENUNCIA_OUTROS;62100.0;82883.01;2019;0.0
B2000172800000;DRA. DARCI - 2ª TEMPORADA;2019;;Renúncia — Art.3/3-A/39;0.0;0.0;373707.6;280000;0.0;0.0;0.0;0.0;0;0.0;0;0;0;0.0;0;0.0;;;18.082.113/0001-49;;;;;;;;;;RENUNCIA_ART3;2183341.9;2914040.93;2019;0.0
B1900442300000;ELA DISSE, ELE DISSE;2019;;Renúncia — Art.3/3-A/39;3919409.67;4928391.16;186853.8;140000;4928391.16;0.0;0.7521;0.0;0;0.0;0;0;0;4.4;1;1.0;0.0;;73.619.637/0001-34;;;;;;;;;;RENUNCIA_ART3;3000000.0;4004010.0;2019;1.2309
B1900442300000;ELA DISSE, ELE DISSE;2019;;Renúncia — Art.3/3-A/39;3919409.67;4928391.16;186853.8;140000;4928391.16;0.0;0.7521;0.0;0;0.0;0;0;0;4.4;1;1.0;0.0;;73.619.637/0001-34;;;;;;;;;;RENUNCIA_OUTROS;1910000.0;2549219.7;2019;1.9333
B1900061100000;ELOGIO DA LIBERDADE;2019;;Renúncia — Art.3/3-A/39;0.0;0.0;80080.2;60000;0.0;0.0;0.0;0.0;0;0.0;0;0;0;4.287;2;0.0;;;06.967.225/0001-06;;;;;;;;;;RENUNCIA_ART3;798000.0;1065066.66;2019;0.0
B1900401800000;EM BUSCA DE ANSELMO;2019;;Renúncia — Art.3/3-A/39;0.0;0.0;80080.2;60000;0.0;0.0;0.0;0.0;0;0.0;0;0;0;3.96;2;5.0;17.0;;22.889.475/0001-13;;;;;;;;;;RENUNCIA_ART3;1787753.0;2386060.3;2019;0.0
B1900233300000;EM BUSCA DE CINDERELA;2019;;Renúncia — Outros Mecanismos;0.0;0.0;0.0;0;0.0;0.0;0.0;0.0;0;0.0;0;0;0;4.3;1;;;;18.822.538/0001-47;;;;;;;;;;RENUNCIA_OUTROS;727176.88;970541.17;2019;0.0
B1900232500000;EM NOME DA JUSTIÇA;2019;;Renúncia — Art.3/3-A/39;0.0;0.0;186853.8;140000;0.0;0.0;0.0;0.0;0;0.0;0;0;0;3.825;2;;;;14.574.635/0001-07;;;;;;;;;;RENUNCIA_ART3;2595942.04;3464725.96;2019;0.0
B2000008400000;ENCARCERADOS;2019;;Renúncia — Art.3/3-A/39;48891.56;55604.36;80080.2;60000;55604.36;0.0;0.1042;1.2;0;6.0;0;0;0;0.0;0;0.0;;;01.378.559/0001-12;;;;;;;;;;RENUNCIA_ART3;400000.0;533868.0;2019;0.1042
B2000055300000;ENTRE GREVES;2019;;Renúncia — Art.3/3-A/39;0.0;0.0;0.0;0;0.0;0.0;0.0;0.0;0;0.0;0;0;0;0.0;0;0.0;;;10.144.873/0001-21;;;;;;;;;;RENUNCIA_OUTROS;200000.0;266934.0;2019;0.0
B1900261200000;ESCOLA DE GÊNIOS - QUARTA TEMPORADA;2019;;Renúncia — Art.3/3-A/39;0.0;0.0;373707.6;280000;0.0;0.0;0.0;0.0;0;0.0;0;0;0;4.058;2;;;;06.998.046/0001-28;;;;;;;;;;RENUNCIA_ART3;3000000.0;4004010.0;2019;0.0
B2000002500000;ESCOLA DE GÊNIOS - QUINTA TEMPORADA;2019;;Renúncia — Art.3/3-A/39;0.0;0.0;373707.6;280000;0.0;0.0;0.0;0.0;0;0.0;0;0;0;4.058;2;0.0;;;06.998.046/0001-28;;;;;;;;;;RENUNCIA_ART3;3000000.0;4004010.0;2019;0.0
B1900238900000;ESCRAVIDÃO - SÉCULO XXI;2019;;Renúncia — Art.3/3-A/39;0.0;0.0;80080.2;60000;0.0;0.0;0.0;0.0;0;0.0;0;0;0;0.0;0;38.0;49.0;;73.619.637/0001-34;;;;;;;;;;RENUNCIA_ART3;2099614.0;2802291.82;2019;0.0
B1900448700000;EU SINTO MUITO;2019;;Renúncia — Outros Mecanismos;45216.6;56856.8;80080.2;60000;56856.8;0.0;0.0979;0.0;0;0.0;0;0;0;0.0;0;2.0;0.0;;03.138.801/0001-06;;;;;;;;;;RENUNCIA_OUTROS;435000.0;580581.45;2019;0.0979
B1900233000000;EU SOU BRASILEIRO;2019;;Renúncia — Outros Mecanismos;23904.72;30058.56;186853.8;140000;30058.56;0.0;0.0225;0.0;0;0.0;0;0;0;4.123;2;1.0;0.0;;14.100.997/0001-66;;;;;;;;;;RENUNCIA_OUTROS;1000000.0;1334670.0;2019;0.0225
B1900307900000;FAZ SOL LÁ SIM;2019;;Renúncia — Art.3/3-A/39;908.58;1133.16;80080.2;60000;1133.16;0.0;0.0026;0.0;0;0.0;0;0;0;3.88;1;3.0;0.0;;13.223.702/0001-86;;;;;;;;;;RENUNCIA_ART3;300000.0;400401.0;2019;0.0028
B1900307900000;FAZ SOL LÁ SIM;2019;;Renúncia — Art.3/3-A/39;908.58;1133.16;80080.2;60000;1133.16;0.0;0.0026;0.0;0;0.0;0;0;0;3.88;1;3.0;0.0;;13.223.702/0001-86;;;;;;;;;;RENUNCIA_OUTROS;21000.0;28028.07;2019;0.0404
B1900267800000;FREI DAMIÃO - O SANTO DO NORDESTE;2019;;Renúncia — Outros Mecanismos;0.0;0.0;80080.2;60000;0.0;0.0;0.0;0.0;0;0.0;0;0;0;0.0;0;0.0;;;03.767.725/0001-06;;;;;;;;;;RENUNCIA_OUTROS;1383000.0;1845848.61;2019;0.0
B1900173400000;FRONTEIRAS DO PENSAMENTO;2019;;Renúncia — Outros Mecanismos;0.0;0.0;186853.8;140000;0.0;0.0;0.0;0.0;0;0.0;0;0;0;0.0;0;0.0;;;17.545.702/0001-53;;;;;;;;;;RENUNCIA_OUTROS;525000.0;700701.75;2019;0.0
B1900158600000;FÁBRICA DE CASAMENTOS - 3ª TEMPORADA;2019;;Renúncia — Art.3/3-A/39;0.0;0.0;186853.8;140000;0.0;0.0;0.0;0.0;0;0.0;0;0;0;3.213;2;;;;18.082.113/0001-49;;;;;;;;;;RENUNCIA_ART3;1476460.0;1970586.87;2019;0.0
B1900347900000;FÉRIAS EM FAMÍLIA - 1ª TEMPORADA;2019;;Renúncia — Art.3/3-A/39;0.0;0.0;80080.2;60000;0.0;0.0;0.0;0.0;0;0.0;0;0;0;3.656;1;0.0;;;07.988.992/0001-56;;;;;;;;;;RENUNCIA_ART3;2349001.8;3135142.23;2019;0.0
B1900284300000;GERAÇÕES DA VELA;2019;;Renúncia — Art.3/3-A/39;0.0;0.0;80080.2;60000;0.0;0.0;0.0;0.0;0;0.0;0;0;0;0.0;0;;;;00.538.914/0001-00;;;;;;;;;;RENUNCIA_ART3;1792340.0;2392182.43;2019;0.0
B1900597300000;GLITTER MODEL - UMA AVENTURA CHEIA DE ESTILO;2019;;Renúncia — Art.3/3-A/39;0.0;0.0;80080.2;60000;0.0;0.0;0.0;0.0;0;0.0;0;0;0;4.3;1;0.0;;;04.853.740/0001-21;;;;;;;;;;RENUNCIA_ART3;2999459.7;4003288.88;2019;0.0
B1900536500000;HARD;2019;;Renúncia — Art.3/3-A/39;0.0;0.0;80080.2;60000;0.0;0.0;0.0;0.0;0;0.0;0;0;0;0.0;0;2.0;1.0;;01.378.559/0001-12;;;;;;;;;;RENUNCIA_ART3;13980494.0;18659345.93;2019;0.0
B1900578700000;HOMENS DO CAMINHO - ROTAS HISTÓRICAS BRASILEIRAS NA COMPANHIA DO MANGALARGA MARCHADOR;2019;;Renúncia — Outros Mecanismos;0.0;0.0;80080.2;60000;0.0;0.0;0.0;0.0;0;0.0;0;0;0;3.965;2;5.0;23.0;;01.613.170/0001-04;;;;;;;;;;RENUNCIA_OUTROS;1178883.5;1573420.44;2019;0.0
B1900230300000;ICO BIT ZIP - 1ª TEMPORADA;2019;;Renúncia — Art.3/3-A/39;0.0;0.0;80080.2;60000;0.0;0.0;0.0;0.0;0;0.0;0;0;0;0.0;0;;;;09.551.826/0001-13;;;;;;;;;;RENUNCIA_ART3;2936842.11;3919715.06;2019;0.0
B1900394800000;IMPUROS;2019;;Renúncia — Art.3/3-A/39;0.0;0.0;80080.2;60000;0.0;0.0;0.0;0.0;0;0.0;0;0;0;0.0;0;;;;03.762.421/0001-48;;;;;;;;;;RENUNCIA_ART3;8639207.9;11530491.61;2019;0.0
B1900547900000;JORNADA DUPLA;2019;;Renúncia — Art.3/3-A/39;0.0;0.0;373707.6;280000;0.0;0.0;0.0;0.0;0;0.0;0;0;0;3.685;2;3.0;14.0;;08.164.917/0001-33;;;;;;;;;;RENUNCIA_ART3;437000.0;583250.79;2019;0.0
B1900477300000;JOSÉ APARECIDO DE OLIVEIRA - O MAIOR MINEIRO DO MUNDO;2019;;Renúncia — Outros Mecanismos;1013.88;1013.88;373707.6;280000;1013.88;0.0;0.0015;0.0;0;0.0;0;0;0;3.3;1;;;;00.815.123/0001-80;;;;;;;;;;RENUNCIA_OUTROS;495000.0;660661.65;2019;0.0015
B1900181400000;JUACAS - SEGUNDA TEMPORADA;2019;;Renúncia — Art.3/3-A/39;0.0;0.0;80080.2;60000;0.0;0.0;0.0;0.0;0;0.0;0;0;0;0.0;0;;;;28.303.041/0001-76;;;;;;;;;;RENUNCIA_ART3;4707726.55;6283261.39;2019;0.0
B1900431000000;JUJU BOOT CAMP;2019;;Renúncia — Art.3/3-A/39;0.0;0.0;80080.2;60000;0.0;0.0;0.0;0.0;0;0.0;0;0;0;0.0;0;0.0;;;11.280.934/0001-40;;;;;;;;;;RENUNCIA_ART3;3000000.0;4004010.0;2019;0.0
B1900389500000;JUNGLE PILOT;2019;;Renúncia — Art.3/3-A/39;0.0;0.0;80080.2;60000;0.0;0.0;0.0;0.0;0;0.0;0;0;0;0.0;0;;;;04.661.796/0001-84;;;;;;;;;;RENUNCIA_ART3;3000000.0;4004010.0;2019;0.0
B1900389500000;JUNGLE PILOT;2019;;Renúncia — Art.3/3-A/39;0.0;0.0;80080.2;60000;0.0;0.0;0.0;0.0;0;0.0;0;0;0;0.0;0;;;;04.661.796/0001-84;;;;;;;;;;RENUNCIA_OUTROS;105000.0;140140.35;2019;0.0
B1900453000000;LINHA DE FRENTE;2019;;Renúncia — Art.3/3-A/39;529.47;536.76;373707.6;280000;536.76;0.0;0.002;0.0;0;0.0;0;0;0;4.0;1;;;;06.967.225/0001-06;;;;;;;;;;RENUNCIA_ART3;200000.0;266934.0;2019;0.002
B1900118200000;LIVRE PENSAR - CINEBIOGRAFIA - MARIA DA CONCEIÇÃO TAVARES;2019;;Renúncia — Outros Mecanismos;0.0;0.0;80080.2;60000;0.0;0.0;0.0;0.0;0;0.0;0;0;0;4.1;1;;;;28.330.561/0001-78;;;;;;;;;;RENUNCIA_OUTROS;700000.0;934269.0;2019;0.0
B1900186100000;LUANA É DE LUA;2019;;Renúncia — Art.3/3-A/39;0.0;0.0;80080.2;60000;0.0;0.0;0.0;0.0;0;0.0;0;0;0;4.203;2;0.0;;;09.281.789/0001-70;;;;;;;;;;RENUNCIA_ART3;2902043.32;3873270.16;2019;0.0
B1900445000000;MAR BRASIL;2019;;Renúncia — Art.3/3-A/39;0.0;0.0;480481.2;360000;0.0;0.0;0.0;0.0;0;0.0;0;0;0;0.0;0;;;;04.069.379/0001-47;;;;;;;;;;RENUNCIA_OUTROS;1500000.0;2002005.0;2019;0.0
B1900534400000;MARIO WALLACE SIMONSEN, ENTRE A MEMÓRIA E A HISTÓRIA;2019;;Renúncia — Outros Mecanismos;0.0;0.0;80080.2;60000;0.0;0.0;0.0;0.0;0;0.0;0;0;0;3.788;2;;;;52.097.649/0001-76;;;;;;;;;;RENUNCIA_OUTROS;450000.0;600601.5;2019;0.0
B1900064000000;MAUÁ, O PRIMEIRO GIGANTE;2019;;Renúncia — Art.3/3-A/39;0.0;0.0;80080.2;60000;0.0;0.0;0.0;0.0;0;0.0;0;0;0;4.273;2;;;;16.729.130/0001-08;;;;;;;;;;RENUNCIA_ART3;1350000.0;1801804.5;2019;0.0
B1900064000000;MAUÁ, O PRIMEIRO GIGANTE;2019;;Renúncia — Art.3/3-A/39;0.0;0.0;80080.2;60000;0.0;0.0;0.0;0.0;0;0.0;0;0;0;4.273;2;;;;16.729.130/0001-08;;;;;;;;;;RENUNCIA_OUTROS;424982.0;567210.73;2019;0.0
B1900109800000;ME DEIXA DANÇAR;2019;;Renúncia — Art.3/3-A/39;0.0;0.0;80080.2;60000;0.0;0.0;0.0;0.0;0;0.0;0;0;0;0.0;0;0.0;;;07.627.467/0001-05;;;;;;;;;;RENUNCIA_ART3;3000000.0;4004010.0;2019;0.0
B1900524900000;MESA PARA TODOS;2019;;Renúncia — Art.3/3-A/39;0.0;0.0;80080.2;60000;0.0;0.0;0.0;0.0;0;0.0;0;0;0;4.1;1;0.0;;;12.396.390/0001-40;;;;;;;;;;RENUNCIA_ART3;300000.0;400401.0;2019;0.0
B1900261100000;MEU PAI E EU;2019;;Renúncia — Art.3/3-A/39;0.0;0.0;0.0;0;0.0;0.0;0.0;0.0;0;0.0;0;0;0;4.257;2;;;;08.103.899/0001-80;;;;;;;;;;RENUNCIA_ART3;380000.0;507174.6;2019;0.0
B1900261100000;MEU PAI E EU;2019;;Renúncia — Art.3/3-A/39;0.0;0.0;0.0;0;0.0;0.0;0.0;0.0;0;0.0;0;0;0;4.257;2;;;;08.103.899/0001-80;;;;;;;;;;RENUNCIA_OUTROS;500000.0;667335.0;2019;0.0
B1900576900000;MINHA MÃE É UMA PEÇA 3;2019;;Renúncia — Art.3/3-A/39;176631405.66;220681419.0;186853.8;140000;220681419.0;0.0;55.1151;0.8;0;4.0;0;0;0;4.2;1;;;;10.645.895/0001-75;;;;;;;;;;RENUNCIA_ART3;3000000.0;4004010.0;2019;55.1151
B2000055900000;NA ESTRADA DO JIU-JITSU - 2 TEMPORADA;2019;;Renúncia — Art.3/3-A/39;0.0;0.0;80080.2;60000;0.0;0.0;0.0;0.0;0;0.0;0;0;0;3.7;1;0.0;;;22.516.874/0001-39;;;;;;;;;;RENUNCIA_ART3;751450.0;1002937.77;2019;0.0
B1900344100000;NASCIDOS PARA O COMBATE - QUARTA TEMPORADA;2019;;Renúncia — Art.3/3-A/39;0.0;0.0;80080.2;60000;0.0;0.0;0.0;0.0;0;0.0;0;0;0;0.0;0;7.0;0.0;;06.998.046/0001-28;;;;;;;;;;RENUNCIA_ART3;2406350.0;3211683.15;2019;0.0
B1900245100000;NOVAS ESPÉCIES - A EXPEDIÇÃO DO SÉCULO;2019;;Renúncia — Art.3/3-A/39;3494.01;4393.48;186853.8;140000;4393.48;0.0;0.0024;0.0;0;0.0;0;0;0;0.0;0;;;;64.044.886/0001-58;;;;;;;;;;RENUNCIA_ART3;400000.0;533868.0;2019;0.0082
B1900245100000;NOVAS ESPÉCIES - A EXPEDIÇÃO DO SÉCULO;2019;;Renúncia — Art.3/3-A/39;3494.01;4393.48;186853.8;140000;4393.48;0.0;0.0024;0.0;0;0.0;0;0;0;0.0;0;;;;64.044.886/0001-58;;;;;;;;;;RENUNCIA_OUTROS;958583.58;1279392.75;2019;0.0034
B2000155000000;O BUSCADOR;2019;;Renúncia — Art.3/3-A/39;2429.72;2763.32;0.0;0;2763.32;0.0;0.0021;0.0;0;0.0;0;0;0;0.0;0;0.0;;;07.125.823/0001-92;;;;;;;;;;RENUNCIA_OUTROS;1000000.0;1334670.0;2019;0.0021
B1900308400000;O DONO DO LAR;2019;;Renúncia — Art.3/3-A/39;0.0;0.0;373707.6;280000;0.0;0.0;0.0;0.0;0;0.0;0;0;0;3.9;1;;;;03.816.467/0001-00;;;;;;;;;;RENUNCIA_ART3;2745310.56;3664083.65;2019;0.0
B1900172100000;O DOUTRINADOR - SÉRIE;2019;;Renúncia — Art.3/3-A/39;0.0;0.0;80080.2;60000;0.0;0.0;0.0;0.0;0;0.0;0;0;0;3.6;1;0.0;;;12.580.503/0001-62;;;;;;;;;;RENUNCIA_ART3;7999999.99;10677359.99;2019;0.0
B1900593100000;O SHOW DA LUNA! SEXTA TEMPORADA;2019;;Renúncia — Art.3/3-A/39;0.0;0.0;186853.8;140000;0.0;0.0;0.0;0.0;0;0.0;0;0;0;0.0;0;0.0;;;01.161.933/0001-23;;;;;;;;;;RENUNCIA_ART3;1657387.0;2212064.71;2019;0.0
B1900593100000;O SHOW DA LUNA! SEXTA TEMPORADA;2019;;Renúncia — Art.3/3-A/39;0.0;0.0;186853.8;140000;0.0;0.0;0.0;0.0;0;0.0;0;0;0;0.0;0;0.0;;;01.161.933/0001-23;;;;;;;;;;RENUNCIA_OUTROS;800000.0;1067736.0;2019;0.0
B1900564800000;OPERAÇÃO FRONTEIRA - AMÉRICA DO SUL;2019;;Renúncia — Art.3/3-A/39;0.0;0.0;80080.2;60000;0.0;0.0;0.0;0.0;0;0.0;0;0;0;3.566;2;0.0;;;02.947.857/0001-49;;;;;;;;;;RENUNCIA_ART3;3114897.45;4157360.18;2019;0.0
B1900500500000;OS IRMÃOS FREITAS;2019;;Renúncia — Art.3/3-A/39;0.0;0.0;80080.2;60000;0.0;0.0;0.0;0.0;0;0.0;0;0;0;3.013;1;0.0;;;01.378.559/0001-12;;;;;;;;;;RENUNCIA_ART3;10024979.29;13380039.11;2019;0.0
B1900157700000;OS RONI - 1ª TEMPORADA;2019;;Renúncia — Art.3/3-A/39;0.0;0.0;373707.6;280000;0.0;0.0;0.0;0.0;0;0.0;0;0;0;0.0;0;1.0;0.0;;18.082.113/0001-49;;;;;;;;;;RENUNCIA_ART3;2844570.63;3796563.08;2019;0.0
B1900390200000;OS RONI - 2ª TEMPORADA;2019;;Renúncia — Art.3/3-A/39;0.0;0.0;373707.6;280000;0.0;0.0;0.0;0.0;0;0.0;0;0;0;0.0;0;1.0;0.0;;18.082.113/0001-49;;;;;;;;;;RENUNCIA_ART3;2799404.99;3736281.86;2019;0.0
B1900479000000;OS SUBURBANOS - O FILME;2019;;Renúncia — Art.3/3-A/39;1650488.3;1717890.44;186853.8;140000;1717890.44;0.0;0.429;0.0;0;0.0;0;0;0;2.5;1;;;;07.630.900/0001-61;;;;;;;;;;RENUNCIA_ART3;3000000.0;4004010.0;2019;0.429
B1900505000000;POP!;2019;;Renúncia — Art.3/3-A/39;0.0;0.0;80080.2;60000;0.0;0.0;0.0;0.0;0;0.0;0;0;0;4.327;2;2.0;15.0;;15.743.170/0001-33;;;;;;;;;;RENUNCIA_ART3;923390.62;1232421.76;2019;0.0
B1900244900000;PROVA DE NOIVA;2019;;Renúncia — Art.3/3-A/39;0.0;0.0;80080.2;60000;0.0;0.0;0.0;0.0;0;0.0;0;0;0;4.418;2;0.0;;;05.372.676/0001-20;;;;;;;;;;RENUNCIA_ART3;2058356.06;2747226.08;2019;0.0
B1900303300000;QUEBRANDO O TABU - 2ª TEMPORADA;2019;;Renúncia — Art.3/3-A/39;0.0;0.0;80080.2;60000;0.0;0.0;0.0;0.0;0;0.0;0;0;0;0.0;0;2.0;0.0;;06.945.371/0001-22;;;;;;;;;;RENUNCIA_ART3;1935520.94;2583281.73;2019;0.0
B1900582500000;RAZÕES PARA NÃO SER MÃE;2019;;Renúncia — Art.3/3-A/39;666.74;675.92;0.0;0;675.92;0.0;0.0003;0.0;0;0.0;0;0;0;3.5;1;;;;11.545.487/0001-04;;;;;;;;;;RENUNCIA_ART3;1976200.0;2637574.85;2019;0.0003
B1900253800000;RELATOS DO FRONT;2019;;Renúncia — Art.3/3-A/39;11699.4;14711.2;373707.6;280000;14711.2;0.0;0.0636;1.2;0;6.0;0;0;0;3.927;2;;;;09.064.138/0001-29;;;;;;;;;;RENUNCIA_ART3;150000.0;200200.5;2019;0.0735
B1900253800000;RELATOS DO FRONT;2019;;Renúncia — Art.3/3-A/39;11699.4;14711.2;373707.6;280000;14711.2;0.0;0.0636;1.2;0;6.0;0;0;0;3.927;2;;;;09.064.138/0001-29;;;;;;;;;;RENUNCIA_OUTROS;23400.0;31231.28;2019;0.471
B2000374000000;RIO HEAT;2019;;Renúncia — Art.3/3-A/39;0.0;0.0;0.0;0;0.0;0.0;0.0;0.0;0;0.0;0;0;0;4.252;2;0.0;;;33.451.113/0001-62;;;;;;;;;;RENUNCIA_ART3;2999999.99;4004009.99;2019;0.0
B2000374000000;RIO HEAT;2019;;Renúncia — Art.3/3-A/39;0.0;0.0;0.0;0;0.0;0.0;0.0;0.0;0;0.0;0;0;0;4.252;2;0.0;;;33.451.113/0001-62;;;;;;;;;;RENUNCIA_OUTROS;100000.0;133467.0;2019;0.0
B1900190200000;RIO HEROES – SEGUNDA TEMPORADA;2019;;Renúncia — Art.3/3-A/39;0.0;0.0;80080.2;60000;0.0;0.0;0.0;0.0;0;0.0;0;0;0;4.252;2;;;;02.947.857/0001-49;;;;;;;;;;RENUNCIA_ART3;3617306.54;4827910.52;2019;0.0
B1900263500000;ROTAS DO ÓDIO - 3ª TEMPORADA;2019;;Renúncia — Art.3/3-A/39;0.0;0.0;80080.2;60000;0.0;0.0;0.0;0.0;0;0.0;0;0;0;0.0;0;;;;05.565.485/0001-84;;;;;;;;;;RENUNCIA_ART3;3000000.0;4004010.0;2019;0.0
B2000045000000;ROTAS DO ÓDIO – 4ª TEMPORADA;2019;;Renúncia — Art.3/3-A/39;0.0;0.0;80080.2;60000;0.0;0.0;0.0;0.0;0;0.0;0;0;0;0.0;0;;;;05.565.485/0001-84;;;;;;;;;;RENUNCIA_ART3;3000000.0;4004010.0;2019;0.0
B1900061900000;RUMO;2019;;Renúncia — Art.3/3-A/39;2412.24;2743.44;373707.6;280000;2743.44;0.0;0.0041;0.0;0;0.0;0;0;0;3.3;1;;;;02.395.043/0001-49;;;;;;;;;;RENUNCIA_OUTROS;499828.29;667105.82;2019;0.0041
B1900373100000;SANTOS DUMONT;2019;;Renúncia — Art.3/3-A/39;0.0;0.0;186853.8;140000;0.0;0.0;0.0;0.0;0;0.0;0;0;0;0.0;0;0.0;;;04.453.786/0001-53;;;;;;;;;;RENUNCIA_ART3;13198895.23;17616169.5;2019;0.0
B1900337200000;SE ESSA ROUPA FOSSE MINHA;2019;;Renúncia — Art.3/3-A/39;0.0;0.0;80080.2;60000;0.0;0.0;0.0;0.0;0;0.0;0;0;0;0.0;0;;;;09.180.984/0001-04;;;;;;;;;;RENUNCIA_ART3;1740372.48;2322822.94;2019;0.0
B1900337200000;SE ESSA ROUPA FOSSE MINHA;2019;;Renúncia — Art.3/3-A/39;0.0;0.0;80080.2;60000;0.0;0.0;0.0;0.0;0;0.0;0;0;0;0.0;0;;;;09.180.984/0001-04;;;;;;;;;;RENUNCIA_OUTROS;883650.2;1179381.41;2019;0.0
B1900331000000;SELVAGEM;2019;;Renúncia — Art.3/3-A/39;18808.48;21390.88;0.0;0;21390.88;0.0;0.0801;0.0;0;0.0;0;0;0;4.38;2;;;;19.457.687/0001-17;;;;;;;;;;RENUNCIA_ART3;200000.0;266934.0;2019;0.0801
B1900555000000;SEM RASTRO - 3ª TEMPORADA;2019;;Renúncia — Art.3/3-A/39;0.0;0.0;80080.2;60000;0.0;0.0;0.0;0.0;0;0.0;0;0;0;3.793;2;3.0;0.0;;08.703.139/0001-03;;;;;;;;;;RENUNCIA_ART3;500000.0;667335.0;2019;0.0
B1900169300000;SOB PRESSÃO - 3ªTEMPORADA;2019;;Renúncia — Art.3/3-A/39;0.0;0.0;106773.6;80000;0.0;0.0;0.0;0.0;0;0.0;0;0;0;4.2;1;1.0;1.0;;09.180.984/0001-04;;;;;;;;;;RENUNCIA_ART3;3000000.0;4004010.0;2019;0.0
B1900271600000;SOS FADA MANU (QUARTA TEMPORADA);2019;;Renúncia — Art.3/3-A/39;0.0;0.0;373707.6;280000;0.0;0.0;0.0;0.0;0;0.0;0;0;0;0.0;0;;;;16.729.130/0001-08;;;;;;;;;;RENUNCIA_ART3;1800000.0;2402406.0;2019;0.0
B1900345500000;TRANSAMAZÔNICA - UMA ESTRADA PARA O PASSADO;2019;;Renúncia — Art.3/3-A/39;0.0;0.0;80080.2;60000;0.0;0.0;0.0;0.0;0;0.0;0;0;0;3.8;1;5.0;23.0;;04.069.379/0001-47;;;;;;;;;;RENUNCIA_ART3;1714897.25;2288821.91;2019;0.0
B1900590800000;TRANSVERSAL DO TEMPO;2019;;Renúncia — Outros Mecanismos;0.0;0.0;106773.6;80000;0.0;0.0;0.0;0.0;0;0.0;0;0;0;3.648;2;;;;06.096.915/0001-29;;;;;;;;;;RENUNCIA_OUTROS;1179900.0;1574777.13;2019;0.0
B1900506600000;TUDO NA PANELA;2019;;Renúncia — Art.3/3-A/39;0.0;0.0;80080.2;60000;0.0;0.0;0.0;0.0;0;0.0;0;0;0;0.0;0;0.0;;;11.403.337/0001-66;;;;;;;;;;RENUNCIA_ART3;721000.0;962297.07;2019;0.0
B1900447700000;TURMA DA MÔNICA JOVEM – 1ª TEMPORADA,;2019;;Renúncia — Art.3/3-A/39;0.0;0.0;80080.2;60000;0.0;0.0;0.0;0.0;0;0.0;0;0;0;3.9;1;;;;08.267.787/0001-64;;;;;;;;;;RENUNCIA_ART3;7350420.85;9810386.2;2019;0.0
B1900233200000;UMA HISTÓRIA DE AMOR ASSOMBRADO;2019;;Renúncia — Art.3/3-A/39;11620.35;14611.8;0.0;0;14611.8;0.0;0.0033;0.0;0;0.0;0;0;0;4.3;1;;;;01.946.155/0001-88;;;;;;;;;;RENUNCIA_ART3;350000.0;467134.5;2019;0.0313
B1900233200000;UMA HISTÓRIA DE AMOR ASSOMBRADO;2019;;Renúncia — Art.3/3-A/39;11620.35;14611.8;0.0;0;14611.8;0.0;0.0033;0.0;0;0.0;0;0;0;4.3;1;;;;01.946.155/0001-88;;;;;;;;;;RENUNCIA_OUTROS;3014467.44;4023319.26;2019;0.0036
B1900616600000;UNIDADE BÁSICA - 2ª TEMPORADA;2019;;Renúncia — Art.3/3-A/39;0.0;0.0;80080.2;60000;0.0;0.0;0.0;0.0;0;0.0;0;0;0;0.0;0;1.0;0.0;;01.378.559/0001-12;;;;;;;;;;RENUNCIA_ART3;2932098.6;3913384.04;2019;0.0
B1900616600000;UNIDADE BÁSICA - 2ª TEMPORADA;2019;;Renúncia — Art.3/3-A/39;0.0;0.0;80080.2;60000;0.0;0.0;0.0;0.0;0;0.0;0;0;0;0.0;0;1.0;0.0;;01.378.559/0001-12;;;;;;;;;;RENUNCIA_OUTROS;700000.0;934269.0;2019;0.0
B1900401700000;VAI QUE COLA 2 - O COMEÇO;2019;;Renúncia — Art.3/3-A/39;12893671.59;16212915.32;186853.8;140000;16212915.32;0.0;2.6233;0.0;0;0.0;0;0;0;3.1;1;1.0;0.0;;09.180.984/0001-04;;;;;;;;;;RENUNCIA_ART3;2580540.08;3444169.43;2019;4.7074
B1900401700000;VAI QUE COLA 2 - O COMEÇO;2019;;Renúncia — Art.3/3-A/39;12893671.59;16212915.32;186853.8;140000;16212915.32;0.0;2.6233;0.0;0;0.0;0;0;0;3.1;1;1.0;0.0;;09.180.984/0001-04;;;;;;;;;;RENUNCIA_OUTROS;2050000.0;2736073.5;2019;5.9256
B1900375200000;VENTOS DO BRASIL;2019;;Renúncia — Outros Mecanismos;0.0;0.0;0.0;0;0.0;0.0;0.0;0.0;0;0.0;0;0;0;4.343;2;;;;18.274.744/0001-60;;;;;;;;;;RENUNCIA_OUTROS;40000.0;53386.8;2019;0.0
B1900468100000;VERLUST;2019;;Renúncia — Art.3/3-A/39;3044.54;3797.08;480481.2;360000;3797.08;0.0;0.0029;1.6;0;8.0;0;0;0;0.0;0;16.0;4.0;;94.625.829/0001-23;;;;;;;;;;RENUNCIA_ART3;650000.0;867535.5;2019;0.0044
B1900468100000;VERLUST;2019;;Renúncia — Art.3/3-A/39;3044.54;3797.08;480481.2;360000;3797.08;0.0;0.0029;1.6;0;8.0;0;0;0;0.0;0;16.0;4.0;;94.625.829/0001-23;;;;;;;;;;RENUNCIA_OUTROS;348066.0;464553.25;2019;0.0082
B1900074200000;VIDA EM MOVIMENTO;2019;;Renúncia — Outros Mecanismos;0.0;0.0;80080.2;60000;0.0;0.0;0.0;0.0;0;0.0;0;0;0;3.2;1;1.0;0.0;;07.533.507/0001-50;;;;;;;;;;RENUNCIA_OUTROS;1357000.0;1811147.19;2019;0.0
B1900149500000;VIDA, PAIXÃO E MORTE DE PADRE CÍCERO (PILOTO);2019;;sem_categoria;0.0;0.0;0.0;0;0.0;0.0;0.0;0.0;0;0.0;0;0;0;3.2;1;0.0;;;10.505.568/0001-18;;;;;;;;;;RENUNCIA_OUTROS;1025000.0;1368036.75;2019;0.0
B1900525100000;VIOLA E TAMBOR;2019;;Renúncia — Outros Mecanismos;0.0;0.0;373707.6;280000;0.0;0.0;0.0;0.0;0;0.0;0;0;0;0.0;0;;;;10.730.207/0001-75;;;;;;;;;;RENUNCIA_OUTROS;1100000.0;1468137.0;2019;0.0
B1900389300000;VIVER PARA LUTAR - TERCEIRA TEMPORADA;2019;;Renúncia — Art.3/3-A/39;0.0;0.0;80080.2;60000;0.0;0.0;0.0;0.0;0;0.0;0;0;0;4.084;2;;;;06.998.046/0001-28;;;;;;;;;;RENUNCIA_ART3;3000000.0;4004010.0;2019;0.0
B1900535300000;VÍTIMAS DIGITAIS;2019;;Renúncia — Art.3/3-A/39;0.0;0.0;80080.2;60000;0.0;0.0;0.0;0.0;0;0.0;0;0;0;0.0;0;;;;02.630.678/0001-83;;;;;;;;;;RENUNCIA_ART3;2650000.0;3536875.5;2019;0.0
B2000042900000;ZIMBA;2019;;Renúncia — Art.3/3-A/39;996.36;1133.16;373707.6;280000;1133.16;0.0;0.0033;0.0;0;0.0;0;0;0;0.0;0;;;;08.747.116/0001-09;;;;;;;;;;RENUNCIA_ART3;200000.0;266934.0;2019;0.0042
B2000042900000;ZIMBA;2019;;Renúncia — Art.3/3-A/39;996.36;1133.16;373707.6;280000;1133.16;0.0;0.0033;0.0;0;0.0;0;0;0;0.0;0;;;;08.747.116/0001-09;;;;;;;;;;RENUNCIA_OUTROS;60000.0;80080.2;2019;0.0142
B1900446600000;É TETRA;2019;;Renúncia — Art.3/3-A/39;0.0;0.0;80080.2;60000;0.0;0.0;0.0;0.0;0;0.0;0;0;0;0.0;0;;;;10.899.485/0001-50;;;;;;;;;;RENUNCIA_OUTROS;400000.0;533868.0;2019;0.0
B2000526600000;+ AMOR;2020;;Renúncia — Outros Mecanismos;0.0;0.0;102156.16;80000;0.0;0.0;0.0;0.0;0;0.0;0;0;0;4.147;2;;;;05.306.875/0001-30;;;;;;;;;;RENUNCIA_OUTROS;940000.0;1200334.88;2020;0.0
B2000488900000;10 HORAS PARA O NATAL;2020;;Renúncia — Art.3/3-A/39;515878.66;642700.52;178773.28;140000;642700.52;0.0;0.1593;0.8;0;4.0;0;0;0;3.8;1;0.0;;;12.580.503/0001-62;;;;;;;;;;RENUNCIA_ART3;3000000.0;3830856.0;2020;0.1678
B2000488900000;10 HORAS PARA O NATAL;2020;;Renúncia — Art.3/3-A/39;515878.66;642700.52;178773.28;140000;642700.52;0.0;0.1593;0.8;0;4.0;0;0;0;3.8;1;0.0;;;12.580.503/0001-62;;;;;;;;;;RENUNCIA_OUTROS;160000.0;204312.32;2020;3.1457
B2000180800000;12 MOEDAS;2020;;Renúncia — Art.3/3-A/39;0.0;0.0;76617.12;60000;0.0;0.0;0.0;0.0;0;0.0;0;0;0;0.0;0;;;;02.525.725/0001-29;;;;;;;;;;RENUNCIA_ART3;905178.05;1155868.92;2020;0.0
B2000234700000;A PONTE DE BAMBU;2020;;Renúncia — Art.3/3-A/39;874.0;994.0;76617.12;60000;994.0;0.0;0.0012;0.0;0;0.0;0;0;0;0.0;0;;;;71.743.496/0001-31;;;;;;;;;;RENUNCIA_ART3;300000.0;383085.6;2020;0.0026
B2000234700000;A PONTE DE BAMBU;2020;;Renúncia — Art.3/3-A/39;874.0;994.0;76617.12;60000;994.0;0.0;0.0012;0.0;0;0.0;0;0;0;0.0;0;;;;71.743.496/0001-31;;;;;;;;;;RENUNCIA_OUTROS;375000.0;478857.0;2020;0.0021
B2000202000000;A VERDADE DA MENTIRA;2020;;Renúncia — Art.3/3-A/39;95.64;119.28;76617.12;60000;119.28;0.0;0.0002;0.0;0;0.0;0;0;0;3.913;2;;;;07.700.630/0001-18;;;;;;;;;;RENUNCIA_ART3;150000.0;191542.8;2020;0.0006
B2000202000000;A VERDADE DA MENTIRA;2020;;Renúncia — Art.3/3-A/39;95.64;119.28;76617.12;60000;119.28;0.0;0.0002;0.0;0;0.0;0;0;0;3.913;2;;;;07.700.630/0001-18;;;;;;;;;;RENUNCIA_OUTROS;468158.15;597815.49;2020;0.0002
B2000499400000;ACADEMIA DE GIUSEPPE;2020;;Renúncia — Art.3/3-A/39;0.0;0.0;76617.12;60000;0.0;0.0;0.0;0.0;0;0.0;0;0;0;3.643;2;;;;12.394.570/0001-92;;;;;;;;;;RENUNCIA_ART3;1289897.54;1647137.24;2020;0.0
B2000454300000;AMARRAÇÃO DO AMOR;2020;;Renúncia — Art.3/3-A/39;463045.2;526621.2;76617.12;60000;526621.2;0.0;0.1553;0.1;0;0.5;0;0;0;4.3;1;1.0;0.0;;10.645.895/0001-75;;;;;;;;;;RENUNCIA_ART3;2256214.15;2881077.17;2020;0.1828
B2000454300000;AMARRAÇÃO DO AMOR;2020;;Renúncia — Art.3/3-A/39;463045.2;526621.2;76617.12;60000;526621.2;0.0;0.1553;0.1;0;0.5;0;0;0;4.3;1;1.0;0.0;;10.645.895/0001-75;;;;;;;;;;RENUNCIA_OUTROS;400000.0;510780.8;2020;1.031
B2000295000000;AS GRANDES RIVALIDADES DO MMA;2020;;Renúncia — Art.3/3-A/39;0.0;0.0;76617.12;60000;0.0;0.0;0.0;0.0;0;0.0;0;0;0;0.0;0;0.0;;;09.322.209/0001-46;;;;;;;;;;RENUNCIA_ART3;1521408.21;1942765.26;2020;0.0
B2100057000000;AS NOVAS AVENTURAS DO KAISER;2020;;Renúncia — Outros Mecanismos;0.0;0.0;0.0;0;0.0;0.0;0.0;0.0;0;0.0;0;0;0;3.04;2;;;;31.525.918/0001-88;;;;;;;;;;RENUNCIA_OUTROS;200000.0;255390.4;2020;0.0
B2000327800000;ATRAVESSA A VIDA;2020;;Renúncia — Art.3/3-A/39;0.0;0.0;76617.12;60000;0.0;0.0;0.0;0.0;0;0.0;0;0;0;3.2;1;;;;28.026.565/0001-67;;;;;;;;;;RENUNCIA_ART3;290000.0;370316.08;2020;0.0
B2000038100000;BARRETÃO;2020;;Renúncia — Art.3/3-A/39;0.0;0.0;357546.56;280000;0.0;0.0;0.0;0.0;0;0.0;0;0;0;0.0;0;;;;02.787.555/0001-50;;;;;;;;;;RENUNCIA_ART3;200000.0;255390.4;2020;0.0
B2000474800000;BELEZA GG -SEGUNDA TEMPORADA;2020;;Renúncia — Art.3/3-A/39;0.0;0.0;76617.12;60000;0.0;0.0;0.0;0.0;0;0.0;0;0;0;0.0;0;0.0;;;09.719.793/0001-78;;;;;;;;;;RENUNCIA_ART3;1440380.74;1839297.07;2020;0.0
B2000110400000;BRASIL ÁFRICA - UM ELO NATURAL;2020;;Renúncia — Outros Mecanismos;458.4;477.12;0.0;0;477.12;0.0;0.0002;0.0;0;0.0;0;0;0;0.0;0;1.0;5.0;;06.242.683/0001-70;;;;;;;;;;RENUNCIA_OUTROS;1813860.0;2316212.15;2020;0.0002
B2000183900000;CHACRINHA, EU VIM PARA CONFUNDIR NÃO PARA EXPLICAR;2020;;Renúncia — Art.3/3-A/39;2324.84;2644.04;357546.56;280000;2644.04;0.0;0.0046;0.0;0;0.0;0;0;0;0.0;0;0.0;;;13.110.657/0001-53;;;;;;;;;;RENUNCIA_ART3;450000.0;574628.4;2020;0.0046
B2000454900000;CIDADES POSSÍVEIS;2020;;Renúncia — Outros Mecanismos;0.0;0.0;76617.12;60000;0.0;0.0;0.0;0.0;0;0.0;0;0;0;0.0;0;2.0;0.0;;01.835.704/0001-47;;;;;;;;;;RENUNCIA_OUTROS;1140000.0;1455725.28;2020;0.0
B2000323600000;CONFISCO;2020;;Renúncia — Art.3/3-A/39;0.0;0.0;76617.12;60000;0.0;0.0;0.0;0.0;0;0.0;0;0;0;0.0;0;1.0;0.0;;16.729.130/0001-08;;;;;;;;;;RENUNCIA_ART3;563411.75;719449.76;2020;0.0
B2000290500000;COROANDO;2020;;Renúncia — Art.3/3-A/39;0.0;0.0;76617.12;60000;0.0;0.0;0.0;0.0;0;0.0;0;0;0;0.0;0;;;;11.199.599/0001-50;;;;;;;;;;RENUNCIA_ART3;150000.0;191542.8;2020;0.0
B2000201900000;CORPOS PERIFÉRICOS;2020;;Renúncia — Outros Mecanismos;0.0;0.0;178773.28;140000;0.0;0.0;0.0;0.0;0;0.0;0;0;0;0.0;0;;;;22.865.259/0001-38;;;;;;;;;;RENUNCIA_OUTROS;166989.52;213237.6;2020;0.0
B2000312500000;DNA ABDELMASSIH;2020;;Renúncia — Art.3/3-A/39;0.0;0.0;76617.12;60000;0.0;0.0;0.0;0.0;0;0.0;0;0;0;0.0;0;;;;01.369.211/0001-69;;;;;;;;;;RENUNCIA_ART3;1600000.0;2043123.2;2020;0.0
B2000383500000;DRA. DARCI - 3ª TEMPORADA;2020;;Renúncia — Art.3/3-A/39;0.0;0.0;357546.56;280000;0.0;0.0;0.0;0.0;0;0.0;0;0;0;0.0;0;0.0;;;18.082.113/0001-49;;;;;;;;;;RENUNCIA_ART3;2048431.61;2615748.84;2020;0.0
B2200306200000;DRAG ME AS A QUEEN – QUARTA TEMPORADA;2020;;Renúncia — Art.3/3-A/39;0.0;0.0;76617.12;60000;0.0;0.0;0.0;0.0;0;0.0;0;0;0;0.0;0;;;;15.743.170/0001-33;;;;;;;;;;RENUNCIA_ART3;2516504.07;3213454.91;2020;0.0
B2000081700000;ELA E EU;2020;;Renúncia — Art.3/3-A/39;43166.0;44928.8;0.0;0;44928.8;0.0;0.0101;2.4;0;12.0;0;0;0;4.4;1;;;;04.650.621/0001-71;;;;;;;;;;RENUNCIA_ART3;2999999.7;3830855.62;2020;0.0117
B2000081700000;ELA E EU;2020;;Renúncia — Art.3/3-A/39;43166.0;44928.8;0.0;0;44928.8;0.0;0.0101;2.4;0;12.0;0;0;0;4.4;1;;;;04.650.621/0001-71;;;;;;;;;;RENUNCIA_OUTROS;500511.83;639129.58;2020;0.0703
B2000065400000;EM BUSCA DO U-513;2020;;Renúncia — Outros Mecanismos;267.4;278.32;0.0;0;278.32;0.0;0.0001;0.0;0;0.0;0;0;0;3.993;2;3.0;2.0;Oscar;05.372.676/0001-20;;;;;;;;;;RENUNCIA_OUTROS;1711168.5;2185080.04;2020;0.0001
B2000229200000;ESCOLA DE GÊNIOS - SEXTA TEMPORADA;2020;;Renúncia — Art.3/3-A/39;0.0;0.0;357546.56;280000;0.0;0.0;0.0;0.0;0;0.0;0;0;0;4.058;2;0.0;;;06.998.046/0001-28;;;;;;;;;;RENUNCIA_ART3;3000000.0;3830856.0;2020;0.0
B2000531300000;ESPETÁCULO - POR TRÁS DAS CORTINAS DO MUSICAL;2020;;Renúncia — Outros Mecanismos;0.0;0.0;0.0;0;0.0;0.0;0.0;0.0;0;0.0;0;0;0;0.0;0;;;;10.445.307/0001-50;;;;;;;;;;RENUNCIA_OUTROS;40000.0;51078.08;2020;0.0
B2000080900000;ESPÍRITO DA LUTA 2ª TEMPORADA;2020;;Renúncia — Art.3/3-A/39;0.0;0.0;76617.12;60000;0.0;0.0;0.0;0.0;0;0.0;0;0;0;4.45;2;1.0;0.0;;03.435.290/0001-94;;;;;;;;;;RENUNCIA_ART3;3000000.0;3830856.0;2020;0.0
B2000417200000;EXTERMINADORES DO ALÉM;2020;;Renúncia — Art.3/3-A/39;0.0;0.0;178773.28;140000;0.0;0.0;0.0;0.0;0;0.0;0;0;0;3.5;1;1.0;0.0;;07.276.440/0001-15;;;;;;;;;;RENUNCIA_ART3;4702815.0;6005269.02;2020;0.0
B2000243800000;FRONTEIRAS DO PENSAMENTO - 2ª TEMPORADA;2020;;Renúncia — Outros Mecanismos;0.0;0.0;76617.12;60000;0.0;0.0;0.0;0.0;0;0.0;0;0;0;0.0;0;0.0;;;17.545.702/0001-53;;;;;;;;;;RENUNCIA_OUTROS;485000.0;619321.72;2020;0.0
B2000036900000;FÉRIAS EM FAMÍLIA - 2ª TEMPORADA;2020;;Renúncia — Art.3/3-A/39;0.0;0.0;76617.12;60000;0.0;0.0;0.0;0.0;0;0.0;0;0;0;3.656;1;;;;07.988.992/0001-56;;;;;;;;;;RENUNCIA_ART3;2349001.8;2999562.55;2020;0.0
B2000028300000;GABRIEL MEDINA;2020;;Renúncia — Art.3/3-A/39;0.0;0.0;76617.12;60000;0.0;0.0;0.0;0.0;0;0.0;0;0;0;0.0;0;;;;09.174.621/0001-66;;;;;;;;;;RENUNCIA_ART3;438471.39;559906.92;2020;0.0
B2000361000000;GUATÓ: UMA REMADA NO TEMPO;2020;;Renúncia — Art.3/3-A/39;0.0;0.0;357546.56;280000;0.0;0.0;0.0;0.0;0;0.0;0;0;0;3.648;2;;;;09.616.650/0001-30;;;;;;;;;;RENUNCIA_ART3;259273.9;331080.33;2020;0.0
B2000072100000;GUI E ESTOPA 5ª TEMPORADA;2020;;Renúncia — Outros Mecanismos;0.0;0.0;76617.12;60000;0.0;0.0;0.0;0.0;0;0.0;0;0;0;0.0;0;;;;01.833.200/0001-98;;;;;;;;;;RENUNCIA_OUTROS;734849.15;938367.09;2020;0.0
B2000362200000;GUIA POLITICAMENTE INCORRETO II;2020;;Renúncia — Art.3/3-A/39;0.0;0.0;76617.12;60000;0.0;0.0;0.0;0.0;0;0.0;0;0;0;0.0;0;;;;08.449.178/0001-26;;;;;;;;;;RENUNCIA_ART3;1537703.7;1963573.82;2020;0.0
B2000173600000;HOMEM ONÇA;2020;;Renúncia — Art.3/3-A/39;13005.12;14790.72;459702.72;360000;14790.72;0.0;0.029;0.0;0;0.0;0;0;0;3.6;1;;;;09.547.615/0001-07;;;;;;;;;;RENUNCIA_ART3;400000.0;510780.8;2020;0.029
B2000162700000;IDEIAS PARA O MUNDO;2020;;Renúncia — Outros Mecanismos;0.0;0.0;76617.12;60000;0.0;0.0;0.0;0.0;0;0.0;0;0;0;3.7;1;;;;08.267.476/0001-03;;;;;;;;;;RENUNCIA_OUTROS;762559.0;973751.24;2020;0.0
B2100261900000;INSÂNIA;2020;;Renúncia — Art.3/3-A/39;0.0;0.0;76617.12;60000;0.0;0.0;0.0;0.0;0;0.0;0;0;0;0.0;0;;;;05.832.663/0001-96;;;;;;;;;;RENUNCIA_ART3;8697561.28;11106368.27;2020;0.0
B2000484600000;JOVENS GUERREIROS;2020;;Renúncia — Art.3/3-A/39;0.0;0.0;255390.4;200000;0.0;0.0;0.0;0.0;0;0.0;0;0;0;0.0;0;7.0;0.0;;02.947.857/0001-49;;;;;;;;;;RENUNCIA_ART3;1460569.41;1865077.03;2020;0.0
B2000375600000;MANGUEIRA EM 2 TEMPOS;2020;;Renúncia — Outros Mecanismos;36746.2;41787.76;357546.56;280000;41787.76;0.0;0.2182;0.0;0;0.0;0;0;0;0.0;0;0.0;;;29.415.130/0001-77;;;;;;;;;;RENUNCIA_OUTROS;150000.0;191542.8;2020;0.2182
B2000026600000;NA TRILHA DAS BORBOLETAS AZUIS;2020;;Renúncia — Outros Mecanismos;0.0;0.0;0.0;0;0.0;0.0;0.0;0.0;0;0.0;0;0;0;0.0;0;;;;11.717.663/0001-48;;;;;;;;;;RENUNCIA_OUTROS;200000.0;255390.4;2020;0.0
B2100016600000;NASCIDOS PARA O COMBATE - 5ª TEMPORADA;2020;;Renúncia — Art.3/3-A/39;0.0;0.0;153234.24;120000;0.0;0.0;0.0;0.0;0;0.0;0;0;0;0.0;0;7.0;0.0;;06.998.046/0001-28;;;;;;;;;;RENUNCIA_ART3;1500000.0;1915428.0;2020;0.0
B2000127200000;O DONO DO LAR 2ª TEMPORADA;2020;;Renúncia — Art.3/3-A/39;0.0;0.0;357546.56;280000;0.0;0.0;0.0;0.0;0;0.0;0;0;0;3.9;1;;;;03.816.467/0001-00;;;;;;;;;;RENUNCIA_ART3;2891165.5;3691879.57;2020;0.0
B2000041300000;O PALESTRANTE;2020;;Renúncia — Art.3/3-A/39;2429481.8;2528696.24;178773.28;140000;2528696.24;0.0;0.487;0.0;0;0.0;0;0;0;0.0;0;;;;03.987.306/0001-71;;;;;;;;;;RENUNCIA_ART3;2999957.9;3830802.24;2020;0.6601
B2000041300000;O PALESTRANTE;2020;;Renúncia — Art.3/3-A/39;2429481.8;2528696.24;178773.28;140000;2528696.24;0.0;0.487;0.0;0;0.0;0;0;0;0.0;0;;;;03.987.306/0001-71;;;;;;;;;;RENUNCIA_OUTROS;1066200.0;1361486.22;2020;1.8573
B2000251400000;O RIO DO DESEJO;2020;;Renúncia — Art.3/3-A/39;152506.97;154606.76;357546.56;280000;154606.76;0.0;8.0717;0.0;0;0.0;0;0;0;4.252;2;;;;04.344.932/0001-02;;;;;;;;;;RENUNCIA_OUTROS;15000.0;19154.28;2020;8.0717
B2000397200000;O SAMBA É PRIMO DO JAZZ;2020;;Renúncia — Art.3/3-A/39;2951.76;3220.56;357546.56;280000;3220.56;0.0;0.0084;0.0;0;0.0;0;0;0;4.2;1;1.0;36.0;;00.360.459/0001-04;;;;;;;;;;RENUNCIA_ART3;200000.0;255390.4;2020;0.0126
B2000397200000;O SAMBA É PRIMO DO JAZZ;2020;;Renúncia — Art.3/3-A/39;2951.76;3220.56;357546.56;280000;3220.56;0.0;0.0084;0.0;0;0.0;0;0;0;4.2;1;1.0;36.0;;00.360.459/0001-04;;;;;;;;;;RENUNCIA_OUTROS;100000.0;127695.2;2020;0.0252
B2000402300000;ODILON, RÉU DE SI MESMO;2020;;Renúncia — Art.3/3-A/39;0.0;0.0;76617.12;60000;0.0;0.0;0.0;0.0;0;0.0;0;0;0;0.0;0;;;;27.436.455/0001-00;;;;;;;;;;RENUNCIA_ART3;1047906.15;1338125.85;2020;0.0
B2000078100000;ONDE O BENEDITO ENCONTRA O CEDROS;2020;;Renúncia — Outros Mecanismos;0.0;0.0;0.0;0;0.0;0.0;0.0;0.0;0;0.0;0;0;0;0.0;0;;;;04.736.316/0001-05;;;;;;;;;;RENUNCIA_OUTROS;124834.0;159407.03;2020;0.0
B2000535600000;OS SZAFIRS - 1ª TEMPORADA;2020;;Renúncia — Art.3/3-A/39;0.0;0.0;76617.12;60000;0.0;0.0;0.0;0.0;0;0.0;0;0;0;0.0;0;0.0;;;08.346.159/0001-74;;;;;;;;;;RENUNCIA_ART3;2849866.62;3639142.88;2020;0.0
B2200463100000;PAPAYA BULL - TERCEIRA TEMPORADA;2020;;Renúncia — Art.3/3-A/39;0.0;0.0;0.0;0;0.0;0.0;0.0;0.0;0;0.0;0;0;0;0.0;0;0.0;;;16.729.130/0001-08;;;;;;;;;;RENUNCIA_ART3;2100000.0;2681599.2;2020;0.0
B2000115500000;PORTUÑOL;2020;;Renúncia — Art.3/3-A/39;1992.72;2266.32;357546.56;280000;2266.32;0.0;0.0148;0.0;0;0.0;0;0;0;0.0;0;;;;08.112.710/0001-15;;;;;;;;;;RENUNCIA_ART3;120000.0;153234.24;2020;0.0148
B2000461900000;PRAZER EM CONHECER;2020;;Renúncia — Art.3/3-A/39;0.0;0.0;357546.56;280000;0.0;0.0;0.0;0.0;0;0.0;0;0;0;0.0;0;;;;06.992.833/0001-62;;;;;;;;;;RENUNCIA_ART3;217882.5;278225.49;2020;0.0
B2000111800000;PREDESTINADO: ARIGÓ E O ESPÍRITO DO DR. FRITZ;2020;;Renúncia — Art.3/3-A/39;5212791.1;5425669.48;76617.12;60000;5425669.48;0.0;0.9073;0.0;0;0.0;0;0;0;4.175;2;;;;07.627.467/0001-05;;;;;;;;;;RENUNCIA_ART3;2882990.08;3681439.95;2020;1.4738
B2000111800000;PREDESTINADO: ARIGÓ E O ESPÍRITO DO DR. FRITZ;2020;;Renúncia — Art.3/3-A/39;5212791.1;5425669.48;76617.12;60000;5425669.48;0.0;0.9073;0.0;0;0.0;0;0;0;4.175;2;;;;07.627.467/0001-05;;;;;;;;;;RENUNCIA_OUTROS;1800000.0;2298513.6;2020;2.3605
B2000322000000;QUEM É VOCÊ?;2020;;Renúncia — Outros Mecanismos;0.0;0.0;0.0;0;0.0;0.0;0.0;0.0;0;0.0;0;0;0;3.928;2;;;;04.736.316/0001-05;;;;;;;;;;RENUNCIA_OUTROS;60000.0;76617.12;2020;0.0
B2000365500000;ROGAI POR NÓS;2020;;Renúncia — Outros Mecanismos;210.1;218.68;0.0;0;218.68;0.0;0.0004;0.0;0;0.0;0;0;0;3.6;1;;;;18.822.538/0001-47;;;;;;;;;;RENUNCIA_OUTROS;487100.0;622003.32;2020;0.0004
B2000462400000;SEM MAQUIAGEM;2020;;Renúncia — Art.3/3-A/39;0.0;0.0;76617.12;60000;0.0;0.0;0.0;0.0;0;0.0;0;0;0;0.0;0;;;;02.899.751/0001-17;;;;;;;;;;RENUNCIA_ART3;300000.0;383085.6;2020;0.0
B2000462400000;SEM MAQUIAGEM;2020;;Renúncia — Art.3/3-A/39;0.0;0.0;76617.12;60000;0.0;0.0;0.0;0.0;0;0.0;0;0;0;0.0;0;;;;02.899.751/0001-17;;;;;;;;;;RENUNCIA_OUTROS;65100.0;83129.58;2020;0.0
B2000102100000;SENNINHA NA PISTA MALUCA - SEGUNDA TEMPORADA;2020;;Renúncia — Art.3/3-A/39;0.0;0.0;357546.56;280000;0.0;0.0;0.0;0.0;0;0.0;0;0;0;0.0;0;0.0;;;01.378.559/0001-12;;;;;;;;;;RENUNCIA_ART3;100000.0;127695.2;2020;0.0
B2000102100000;SENNINHA NA PISTA MALUCA - SEGUNDA TEMPORADA;2020;;Renúncia — Art.3/3-A/39;0.0;0.0;357546.56;280000;0.0;0.0;0.0;0.0;0;0.0;0;0;0;0.0;0;0.0;;;01.378.559/0001-12;;;;;;;;;;RENUNCIA_OUTROS;2877074.82;3673886.45;2020;0.0
B2000050600000;SOPRO, XINGU, CARIRI, CARUARU, CARIOCA;2020;;Renúncia — Art.3/3-A/39;0.0;0.0;76617.12;60000;0.0;0.0;0.0;0.0;0;0.0;0;0;0;0.0;0;0.0;;;31.390.347/0001-11;;;;;;;;;;RENUNCIA_ART3;2727000.0;3482248.1;2020;0.0
B2000050600000;SOPRO, XINGU, CARIRI, CARUARU, CARIOCA;2020;;Renúncia — Art.3/3-A/39;0.0;0.0;76617.12;60000;0.0;0.0;0.0;0.0;0;0.0;0;0;0;0.0;0;0.0;;;31.390.347/0001-11;;;;;;;;;;RENUNCIA_OUTROS;5313448.05;6785018.11;2020;0.0
B2000473500000;TERRAS TROPICAIS;2020;;Renúncia — Art.3/3-A/39;0.0;0.0;357546.56;280000;0.0;0.0;0.0;0.0;0;0.0;0;0;0;0.0;0;;;;16.551.639/0001-03;;;;;;;;;;RENUNCIA_ART3;513000.0;655076.38;2020;0.0
B2000418400000;UBUNTU - A PARTILHA QUILOMBOLA;2020;;sem_categoria;0.0;0.0;153234.24;120000;0.0;0.0;0.0;0.0;0;0.0;0;0;0;0.0;0;0.0;;;02.402.531/0001-36;;;;;;;;;;RENUNCIA_ART3;789365.71;1007982.12;2020;0.0
B2000418400000;UBUNTU - A PARTILHA QUILOMBOLA;2020;;sem_categoria;0.0;0.0;153234.24;120000;0.0;0.0;0.0;0.0;0;0.0;0;0;0;0.0;0;0.0;;;02.402.531/0001-36;;;;;;;;;;RENUNCIA_OUTROS;1000000.0;1276952.0;2020;0.0
B2000065100000;UM CONTRA TODOS - QUARTA TEMPORADA;2020;;Renúncia — Art.3/3-A/39;0.0;0.0;76617.12;60000;0.0;0.0;0.0;0.0;0;0.0;0;0;0;0.0;0;2.0;1.0;;09.180.984/0001-04;;;;;;;;;;RENUNCIA_ART3;6699384.06;8554791.87;2020;0.0
B2000142500000;UM DIA QUALQUER - SÉRIE;2020;;Renúncia — Art.3/3-A/39;0.0;0.0;76617.12;60000;0.0;0.0;0.0;0.0;0;0.0;0;0;0;4.123;2;;;;51.264.273/0001-84;;;;;;;;;;RENUNCIA_ART3;703462.0;898287.21;2020;0.0
B2000337100000;UM PRESENTE À PROVA DE FUTURO;2020;;Renúncia — Art.3/3-A/39;0.0;0.0;178773.28;140000;0.0;0.0;0.0;0.0;0;0.0;0;0;0;4.38;2;1.0;0.0;;19.291.237/0001-05;;;;;;;;;;RENUNCIA_ART3;200000.0;255390.4;2020;0.0
B2000337100000;UM PRESENTE À PROVA DE FUTURO;2020;;Renúncia — Art.3/3-A/39;0.0;0.0;178773.28;140000;0.0;0.0;0.0;0.0;0;0.0;0;0;0;4.38;2;1.0;0.0;;19.291.237/0001-05;;;;;;;;;;RENUNCIA_OUTROS;1341357.0;1712848.5;2020;0.0
B2000003500000;VIAGEM A QUALQUER CUSTO;2020;;Renúncia — Art.3/3-A/39;0.0;0.0;357546.56;280000;0.0;0.0;0.0;0.0;0;0.0;0;0;0;3.9;1;;;;10.899.485/0001-50;;;;;;;;;;RENUNCIA_ART3;941005.95;1201619.43;2020;0.0
B2000075900000;VIAJO LOGO EXISTO;2020;;Renúncia — Outros Mecanismos;0.0;0.0;76617.12;60000;0.0;0.0;0.0;0.0;0;0.0;0;0;0;0.0;0;;;;18.883.243/0001-80;;;;;;;;;;RENUNCIA_OUTROS;815603.03;1041485.92;2020;0.0
B2000050700000;VOZES DA FLORESTA;2020;;Renúncia — Outros Mecanismos;0.0;0.0;76617.12;60000;0.0;0.0;0.0;0.0;0;0.0;0;0;0;4.0;1;1.0;0.0;;02.229.175/0001-09;;;;;;;;;;RENUNCIA_OUTROS;800000.0;1021561.6;2020;0.0
B2000059800000;WILD - REDE SELVAGEM;2020;;Renúncia — Art.3/3-A/39;279.68;318.08;76617.12;60000;318.08;0.0;0.0012;0.0;0;0.0;0;0;0;3.905;2;1.0;5.0;;06.242.683/0001-70;;;;;;;;;;RENUNCIA_ART3;200000.0;255390.4;2020;0.0012
B2100460300000;30 SEGUNDOS;2021;;Renúncia — Art.3/3-A/39;0.0;0.0;69613.92;60000;0.0;0.0;0.0;0.0;0;0.0;0;0;0;0.0;0;;;;02.947.857/0001-49;;;;;;;;;;RENUNCIA_ART3;1923804.2;2232059.19;2021;0.0
B2100362100000;45 DO SEGUNDO TEMPO;2021;;Renúncia — Art.3/3-A/39;527752.1;549304.28;162432.48;140000;549304.28;0.0;0.2982;0.0;0;0.0;0;0;0;3.648;2;;;;07.477.471/0001-34;;;;;;;;;;RENUNCIA_ART3;799999.99;928185.59;2021;0.5918
B2100362100000;45 DO SEGUNDO TEMPO;2021;;Renúncia — Art.3/3-A/39;527752.1;549304.28;162432.48;140000;549304.28;0.0;0.2982;0.0;0;0.0;0;0;0;3.648;2;;;;07.477.471/0001-34;;;;;;;;;;RENUNCIA_OUTROS;787540.0;913729.11;2021;0.6012
B2100498100000;A JAULA;2021;;Renúncia — Outros Mecanismos;449423.0;467776.4;0.0;0;467776.4;0.0;7.3305;0.0;0;0.0;0;0;0;3.543;2;;;;13.383.501/0001-46;;;;;;;;;;RENUNCIA_OUTROS;55000.0;63812.76;2021;7.3305
B2100035200000;A LUZ DE MÁRIO CARNEIRO;2021;;sem_categoria;0.0;0.0;69613.92;60000;0.0;0.0;0.0;0.0;0;0.0;0;0;0;0.0;0;1.0;0.0;;02.229.175/0001-09;;;;;;;;;;RENUNCIA_OUTROS;240004.48;278460.88;2021;0.0
B2100432000000;A SUSPEITA;2021;;Renúncia — Art.3/3-A/39;147795.8;153831.44;69613.92;60000;153831.44;0.0;0.0442;0.0;0;0.0;0;0;0;0.0;0;;;;18.082.113/0001-49;;;;;;;;;;RENUNCIA_ART3;2999999.99;3480695.99;2021;0.0442
B2100263400000;A VIAGEM DE PEDRO;2021;;Renúncia — Art.3/3-A/39;226373.2;235617.76;162432.48;140000;235617.76;0.0;0.0468;16.38;0;20.0;2090;1;1;3.9;1;;;;02.238.621/0001-33;;;;;;;;;;RENUNCIA_ART3;2790000.0;3237047.28;2021;0.0728
B2100263400000;A VIAGEM DE PEDRO;2021;;Renúncia — Art.3/3-A/39;226373.2;235617.76;162432.48;140000;235617.76;0.0;0.0468;16.38;0;20.0;2090;1;1;3.9;1;;;;02.238.621/0001-33;;;;;;;;;;RENUNCIA_OUTROS;1550000.0;1798359.6;2021;0.131
B2100239900000;ALMANAQUE DOS ESPORTES - 3A TEMPORADA;2021;;Renúncia — Art.3/3-A/39;0.0;0.0;69613.92;60000;0.0;0.0;0.0;0.0;0;0.0;0;0;0;0.0;0;;;;19.542.988/0001-49;;;;;;;;;;RENUNCIA_ART3;1250000.0;1450290.0;2021;0.0
B2100401000000;AMOR SEM MEDIDA;2021;;Renúncia — Art.3/3-A/39;1660.6;1888.6;0.0;0;1888.6;0.0;0.0004;0.0;0;0.0;0;0;0;4.3;1;0.0;;;05.508.188/0001-05;;;;;;;;;;RENUNCIA_ART3;3000000.0;3480696.0;2021;0.0005
B2100401000000;AMOR SEM MEDIDA;2021;;Renúncia — Art.3/3-A/39;1660.6;1888.6;0.0;0;1888.6;0.0;0.0004;0.0;0;0.0;0;0;0;4.3;1;0.0;;;05.508.188/0001-05;;;;;;;;;;RENUNCIA_OUTROS;750000.0;870174.0;2021;0.0022
B2100294600000;ARAÑA;2021;;Renúncia — Art.3/3-A/39;24856.56;28269.36;0.0;0;28269.36;0.0;0.0162;0.0;0;0.0;0;0;0;0.0;0;;;;07.533.507/0001-50;;;;;;;;;;RENUNCIA_ART3;1500000.0;1740348.0;2021;0.0162
B2100167200000;AS PORTAS ABERTAS;2021;;Renúncia — Art.3/3-A/39;0.0;0.0;0.0;0;0.0;0.0;0.0;0.0;0;0.0;0;0;0;0.0;0;;;;12.879.401/0001-42;;;;;;;;;;RENUNCIA_OUTROS;260950.0;302762.54;2021;0.0
B2100458300000;AS VERDADES;2021;;Renúncia — Art.3/3-A/39;30731.9;31986.92;162432.48;140000;31986.92;0.0;0.0079;0.9;0;4.5;0;0;0;0.0;0;;;;01.378.559/0001-12;;;;;;;;;;RENUNCIA_ART3;3000000.0;3480696.0;2021;0.0092
B2100458300000;AS VERDADES;2021;;Renúncia — Art.3/3-A/39;30731.9;31986.92;162432.48;140000;31986.92;0.0;0.0079;0.9;0;4.5;0;0;0;0.0;0;;;;01.378.559/0001-12;;;;;;;;;;RENUNCIA_OUTROS;500000.0;580116.0;2021;0.0551
B2100425000000;BALA SEM NOME;2021;;Renúncia — Art.3/3-A/39;78.44;79.52;0.0;0;79.52;0.0;0.0002;0.0;0;0.0;0;0;0;4.105;2;0.0;;;04.728.553/0001-16;;;;;;;;;;RENUNCIA_ART3;330000.0;382876.56;2021;0.0002
B2100425000000;BALA SEM NOME;2021;;Renúncia — Art.3/3-A/39;78.44;79.52;0.0;0;79.52;0.0;0.0002;0.0;0;0.0;0;0;0;4.105;2;0.0;;;04.728.553/0001-16;;;;;;;;;;RENUNCIA_OUTROS;50000.0;58011.6;2021;0.0014
B2100415100000;BRAVOS VALENTES: VAQUEIROS DO BRASIL;2021;;Renúncia — Art.3/3-A/39;0.0;0.0;162432.48;140000;0.0;0.0;0.0;0.0;0;0.0;0;0;0;4.343;2;;;;74.107.475/0001-18;;;;;;;;;;RENUNCIA_ART3;300000.0;348069.6;2021;0.0
B2100415100000;BRAVOS VALENTES: VAQUEIROS DO BRASIL;2021;;Renúncia — Art.3/3-A/39;0.0;0.0;162432.48;140000;0.0;0.0;0.0;0.0;0;0.0;0;0;0;4.343;2;;;;74.107.475/0001-18;;;;;;;;;;RENUNCIA_OUTROS;225000.0;261052.2;2021;0.0
B2100403800000;CARANGAS ABSURDAS;2021;;Renúncia — Art.3/3-A/39;0.0;0.0;69613.92;60000;0.0;0.0;0.0;0.0;0;0.0;0;0;0;0.0;0;0.0;;;07.627.467/0001-05;;;;;;;;;;RENUNCIA_ART3;912553.54;1058773.82;2021;0.0
B2100414300000;CLUBE DA ANITTINHA - TERCEIRA TEMPORADA;2021;;Renúncia — Art.3/3-A/39;0.0;0.0;324864.96;280000;0.0;0.0;0.0;0.0;0;0.0;0;0;0;4.45;2;;;;31.291.787/0001-11;;;;;;;;;;RENUNCIA_ART3;2975442.5;3452203.6;2021;0.0
B2100062500000;COMO ELA FAZ?;2021;;Renúncia — Outros Mecanismos;0.0;0.0;417683.52;360000;0.0;0.0;0.0;0.0;0;0.0;0;0;0;4.4;1;0.0;;;19.291.237/0001-05;;;;;;;;;;RENUNCIA_OUTROS;1987960.52;2306495.41;2021;0.0
B2100324700000;CURRAL;2021;;Renúncia — Art.3/3-A/39;16186.48;18408.88;0.0;0;18408.88;0.0;0.0289;0.0;0;0.0;0;0;0;0.0;0;;;;12.859.237/0001-01;;;;;;;;;;RENUNCIA_OUTROS;548672.11;636586.94;2021;0.0289
B2100185000000;DIMINUTA;2021;;Renúncia — Outros Mecanismos;0.0;0.0;0.0;0;0.0;0.0;0.0;0.0;0;0.0;0;0;0;0.0;0;;;;07.720.343/0001-70;;;;;;;;;;RENUNCIA_OUTROS;471237.66;546745.01;2021;0.0
B2100449500000;DIÁLOGOS COM RUTH DE SOUZA;2021;;Renúncia — Outros Mecanismos;10079.16;10079.16;0.0;0;10079.16;0.0;0.0347;0.0;0;0.0;0;0;0;0.0;0;;;;11.265.176/0001-91;;;;;;;;;;RENUNCIA_OUTROS;250000.0;290058.0;2021;0.0347
B2100413100000;DORES & AMORES;2021;;Renúncia — Art.3/3-A/39;0.0;0.0;0.0;0;0.0;0.0;0.0;0.0;0;0.0;0;0;0;0.0;0;;;;00.605.488/0001-80;;;;;;;;;;RENUNCIA_OUTROS;1340000.0;1554710.88;2021;0.0
B2100299900000;DOUTOR GAMA;2021;;sem_categoria;97042.9;110254.48;162432.48;140000;110254.48;0.0;0.0228;0.0;0;0.0;0;0;0;4.152;2;;;;11.140.814/0001-48;;;;;;;;;;RENUNCIA_ART3;3000000.0;3480696.0;2021;0.0317
B2100299900000;DOUTOR GAMA;2021;;sem_categoria;97042.9;110254.48;162432.48;140000;110254.48;0.0;0.0228;0.0;0;0.0;0;0;0;4.152;2;;;;11.140.814/0001-48;;;;;;;;;;RENUNCIA_OUTROS;1175000.0;1363272.6;2021;0.0809
B2100302700000;DRAG ME AS A QUEEN – TERCEIRA TEMPORADA;2021;;Renúncia — Art.3/3-A/39;0.0;0.0;69613.92;60000;0.0;0.0;0.0;0.0;0;0.0;0;0;0;0.0;0;;;;15.743.170/0001-33;;;;;;;;;;RENUNCIA_ART3;2516504.07;2919728.55;2021;0.0
B2100491200000;EM NOME DA JUSTIÇA - 2ª TEMPORADA;2021;;Renúncia — Art.3/3-A/39;0.0;0.0;69613.92;60000;0.0;0.0;0.0;0.0;0;0.0;0;0;0;3.825;2;;;;14.574.635/0001-07;;;;;;;;;;RENUNCIA_ART3;2595942.04;3011895.02;2021;0.0
B2100498200000;ESTRADA NATURAL;2021;;Renúncia — Outros Mecanismos;0.0;0.0;92818.56;80000;0.0;0.0;0.0;0.0;0;0.0;0;0;0;0.0;0;0.0;;;14.038.312/0001-07;;;;;;;;;;RENUNCIA_OUTROS;468000.0;542988.58;2021;0.0
B2100526500000;EU, MEU PAI E OS CARIOCAS - 70 ANOS DE MÚSICA NO BRASIL;2021;;Renúncia — Art.3/3-A/39;0.0;0.0;0.0;0;0.0;0.0;0.0;0.0;0;0.0;0;0;0;4.257;2;;;;18.677.618/0001-56;;;;;;;;;;RENUNCIA_ART3;380000.0;440888.16;2021;0.0
B2100526500000;EU, MEU PAI E OS CARIOCAS - 70 ANOS DE MÚSICA NO BRASIL;2021;;Renúncia — Art.3/3-A/39;0.0;0.0;0.0;0;0.0;0.0;0.0;0.0;0;0.0;0;0;0;4.257;2;;;;18.677.618/0001-56;;;;;;;;;;RENUNCIA_OUTROS;500000.0;580116.0;2021;0.0
B2300557200000;FLUXO - MELHOR PAUSA;2021;;sem_categoria;0.0;0.0;0.0;0;0.0;0.0;0.0;0.0;0;0.0;0;0;0;0.0;0;0.0;;;01.374.871/0001-38;;;;;;;;;;RENUNCIA_ART3;1000000.0;1160232.0;2021;0.0
B2100446100000;FUJA SE FOR CAPAZ;2021;;Renúncia — Art.3/3-A/39;0.0;0.0;324864.96;280000;0.0;0.0;0.0;0.0;0;0.0;0;0;0;3.791;2;;;;23.964.115/0001-00;;;;;;;;;;RENUNCIA_ART3;3000000.0;3480696.0;2021;0.0
B2100168100000;GALERA FC;2021;;Renúncia — Art.3/3-A/39;0.0;0.0;69613.92;60000;0.0;0.0;0.0;0.0;0;0.0;0;0;0;0.0;0;1.0;0.0;;23.964.115/0001-00;;;;;;;;;;RENUNCIA_ART3;3955259.92;4589019.13;2021;0.0
B2100363400000;GALERIA FUTURO;2021;;Renúncia — Art.3/3-A/39;10260.76;11669.56;162432.48;140000;11669.56;0.0;0.0035;0.0;0;0.0;0;0;0;0.0;0;2.0;0.0;;01.478.079/0001-23;;;;;;;;;;RENUNCIA_ART3;2899961.24;3364627.83;2021;0.0035
B2100433700000;GLITTER MODEL - GIRL POWER JÁ;2021;;Renúncia — Art.3/3-A/39;0.0;0.0;69613.92;60000;0.0;0.0;0.0;0.0;0;0.0;0;0;0;3.509;2;0.0;;;03.876.997/0001-36;;;;;;;;;;RENUNCIA_ART3;2999499.46;3480115.26;2021;0.0
B2300427900000;HOMENS DO CAMINHO - ROTAS HISTÓRICAS BRASILEIRAS A CAVALO - 3ª TEMPORADA;2021;;Renúncia — Outros Mecanismos;0.0;0.0;69613.92;60000;0.0;0.0;0.0;0.0;0;0.0;0;0;0;3.65;2;;;;04.350.398/0001-47;;;;;;;;;;RENUNCIA_OUTROS;1208279.64;1401884.7;2021;0.0
B2100323600000;HOMENS DO CAMINHO - ROTAS HISTÓRICAS BRASILEIRAS NA COMPANHIA DO MANGALARGA MARCHADOR - 2ª TEMPORADA;2021;;Renúncia — Outros Mecanismos;0.0;0.0;69613.92;60000;0.0;0.0;0.0;0.0;0;0.0;0;0;0;3.965;2;;;;04.350.398/0001-47;;;;;;;;;;RENUNCIA_OUTROS;1269722.12;1473172.23;2021;0.0
B2100450400000;INSPIRA.MOV BRASIL - TERCEIRA TEMPORADA;2021;;Renúncia — Outros Mecanismos;0.0;0.0;0.0;0;0.0;0.0;0.0;0.0;0;0.0;0;0;0;0.0;0;;;;64.044.886/0001-58;;;;;;;;;;RENUNCIA_OUTROS;550000.0;638127.6;2021;0.0
B2100074100000;IRMÃO DO JOREL - 4ª TEMPORADA;2021;;Renúncia — Art.3/3-A/39;0.0;0.0;162432.48;140000;0.0;0.0;0.0;0.0;0;0.0;0;0;0;0.0;0;;;;09.551.826/0001-13;;;;;;;;;;RENUNCIA_ART3;6842932.66;7939389.45;2021;0.0
B2100525200000;JUJU BOOT CAMP - 2ª TEMPORADA;2021;;Renúncia — Art.3/3-A/39;0.0;0.0;69613.92;60000;0.0;0.0;0.0;0.0;0;0.0;0;0;0;0.0;0;;;;11.280.934/0001-40;;;;;;;;;;RENUNCIA_ART3;3000000.0;3480696.0;2021;0.0
B2100532300000;JUNTOS E ENROLADOS;2021;;Renúncia — Art.3/3-A/39;4816093.06;5012901.04;162432.48;140000;5012901.04;0.0;1.4402;0.0;0;0.0;0;0;0;3.612;2;1.0;0.0;;17.383.231/0001-24;;;;;;;;;;RENUNCIA_ART3;3000000.0;3480696.0;2021;1.4402
B2100072000000;LIBELU - ABAIXO A DITADURA;2021;;Renúncia — Art.3/3-A/39;3700.3;4154.92;324864.96;280000;4154.92;0.0;0.0239;0.8;0;4.0;0;0;0;0.0;0;0.0;;;12.126.484/0001-07;;;;;;;;;;RENUNCIA_ART3;150000.0;174034.8;2021;0.0239
B2100424200000;LUTAR, LUTAR, LUTAR;2021;;Renúncia — Art.3/3-A/39;167809.52;190569.68;0.0;0;190569.68;0.0;0.2321;1.2;0;6.0;0;0;0;4.4;1;;;;11.966.450/0001-50;;;;;;;;;;RENUNCIA_ART3;197772.32;229461.77;2021;0.8305
B2100424200000;LUTAR, LUTAR, LUTAR;2021;;Renúncia — Art.3/3-A/39;167809.52;190569.68;0.0;0;190569.68;0.0;0.2321;1.2;0;6.0;0;0;0;4.4;1;;;;11.966.450/0001-50;;;;;;;;;;RENUNCIA_OUTROS;510000.0;591718.32;2021;0.3221
B2100161600000;MAIOR QUE O MUNDO;2021;;Renúncia — Outros Mecanismos;10424.1;11212.32;69613.92;60000;11212.32;0.0;0.0322;0.0;0;0.0;0;0;0;3.83;2;;;;09.281.789/0001-70;;;;;;;;;;RENUNCIA_OUTROS;300000.0;348069.6;2021;0.0322
B2100445800000;MAR DE DENTRO;2021;;Renúncia — Art.3/3-A/39;14668.8;15267.84;69613.92;60000;15267.84;0.0;0.0135;1.1;0;5.5;0;0;0;4.5;1;0.0;;;04.728.553/0001-16;;;;;;;;;;RENUNCIA_ART3;226322.75;262586.9;2021;0.0581
B2100445800000;MAR DE DENTRO;2021;;Renúncia — Art.3/3-A/39;14668.8;15267.84;69613.92;60000;15267.84;0.0;0.0135;1.1;0;5.5;0;0;0;4.5;1;0.0;;;04.728.553/0001-16;;;;;;;;;;RENUNCIA_OUTROS;750000.0;870174.0;2021;0.0175
B2100262100000;MEU ÁLBUM DE AMORES;2021;;Renúncia — Art.3/3-A/39;16964.14;17633.56;0.0;0;17633.56;0.0;0.0051;0.0;0;0.0;0;0;0;4.1;1;;;;07.570.789/0001-65;;;;;;;;;;RENUNCIA_ART3;2999955.0;3480643.79;2021;0.0051
B2100113300000;MIGLIACCIO, O BRASILEIRO EM CENA;2021;;Renúncia — Art.3/3-A/39;1538.24;1749.44;324864.96;280000;1749.44;0.0;0.0302;0.0;0;0.0;0;0;0;0.0;0;;;;03.760.043/0001-63;;;;;;;;;;RENUNCIA_ART3;50000.0;58011.6;2021;0.0302
B2100226000000;NEM TUDO SE DESFAZ;2021;;Renúncia — Outros Mecanismos;4317.56;4910.36;0.0;0;4910.36;0.0;0.0543;0.0;0;0.0;0;0;0;0.0;0;;;;31.608.781/0001-25;;;;;;;;;;RENUNCIA_OUTROS;78000.0;90498.1;2021;0.0543
B2100261800000;O FILHO ÚNICO DO MEU PAI;2021;;Renúncia — Outros Mecanismos;11152.24;12683.44;69613.92;60000;12683.44;0.0;0.1988;0.0;0;0.0;0;0;0;4.257;2;0.0;;;07.847.012/0001-03;;;;;;;;;;RENUNCIA_OUTROS;55000.0;63812.76;2021;0.1988
B2100272900000;O HÓSPEDE AMERICANO;2021;;Renúncia — Art.3/3-A/39;0.0;0.0;69613.92;60000;0.0;0.0;0.0;0.0;0;0.0;0;0;0;3.673;2;38.0;49.0;;61.383.022/0001-72;;;;;;;;;;RENUNCIA_ART3;14634931.6;16979915.96;2021;0.0
B2100333300000;O SEGUNDO HOMEM;2021;;Renúncia — Outros Mecanismos;0.0;0.0;0.0;0;0.0;0.0;0.0;0.0;0;0.0;0;0;0;3.707;2;;;;14.741.081/0001-95;;;;;;;;;;RENUNCIA_OUTROS;1130152.77;1311239.41;2021;0.0
B2100454200000;O TEMPO QUE RESTA;2021;;Renúncia — Art.3/3-A/39;0.0;0.0;324864.96;280000;0.0;0.0;0.0;0.0;0;0.0;0;0;0;3.648;2;;;;16.603.000/0001-16;;;;;;;;;;RENUNCIA_ART3;150000.0;174034.8;2021;0.0
B2100179800000;OS SZAFIRS - 2ª TEMPORADA;2021;;Renúncia — Art.3/3-A/39;0.0;0.0;69613.92;60000;0.0;0.0;0.0;0.0;0;0.0;0;0;0;0.0;0;0.0;;;08.346.159/0001-74;;;;;;;;;;RENUNCIA_ART3;2826360.96;3279234.43;2021;0.0
B2100452000000;PALAVRA ALADA;2021;;Renúncia — Outros Mecanismos;0.0;0.0;232046.4;200000;0.0;0.0;0.0;0.0;0;0.0;0;0;0;0.0;0;0.0;;;30.743.385/0001-48;;;;;;;;;;RENUNCIA_OUTROS;350000.0;406081.2;2021;0.0
B2100077600000;PAPO MUSICAL;2021;;Renúncia — Outros Mecanismos;0.0;0.0;139227.84;120000;0.0;0.0;0.0;0.0;0;0.0;0;0;0;0.0;0;0.0;;;61.383.022/0001-72;;;;;;;;;;RENUNCIA_OUTROS;150000.0;174034.8;2021;0.0
B2100390800000;PÓLVORA NEGRA;2021;;Renúncia — Art.3/3-A/39;0.0;0.0;0.0;0;0.0;0.0;0.0;0.0;0;0.0;0;0;0;0.0;0;0.0;;;09.506.070/0001-90;;;;;;;;;;RENUNCIA_ART3;696086.67;807622.03;2021;0.0
B2100390800000;PÓLVORA NEGRA;2021;;Renúncia — Art.3/3-A/39;0.0;0.0;0.0;0;0.0;0.0;0.0;0.0;0;0.0;0;0;0;0.0;0;0.0;;;09.506.070/0001-90;;;;;;;;;;RENUNCIA_OUTROS;200000.0;232046.4;2021;0.0
B2100290600000;REAÇÃO EM CADEIA;2021;;Renúncia — Art.3/3-A/39;56268.12;63993.72;69613.92;60000;63993.72;0.0;0.0184;0.0;0;0.0;0;0;0;3.858;2;;;;11.660.296/0001-93;;;;;;;;;;RENUNCIA_ART3;3000000.0;3480696.0;2021;0.0184
B2100367200000;ROTAS;2021;;sem_categoria;0.0;0.0;69613.92;60000;0.0;0.0;0.0;0.0;0;0.0;0;0;0;0.0;0;;;;02.669.022/0001-74;;;;;;;;;;RENUNCIA_ART3;3000000.0;3480696.0;2021;0.0
B2100339600000;SEGREDOS DO PUTUMAYO;2021;;Renúncia — Art.3/3-A/39;19742.03;20536.04;69613.92;60000;20536.04;0.0;0.0885;0.0;0;0.0;0;0;0;3.4;1;;;;02.919.018/0001-17;;;;;;;;;;RENUNCIA_OUTROS;200000.0;232046.4;2021;0.0885
B2100359600000;SOCIEDADE DO CANSAÇO;2021;;Renúncia — Art.3/3-A/39;0.0;0.0;69613.92;60000;0.0;0.0;0.0;0.0;0;0.0;0;0;0;4.45;2;2.0;2.0;;06.945.371/0001-22;;;;;;;;;;RENUNCIA_ART3;2685927.35;3116298.86;2021;0.0
B2100518800000;TEATRO UMA JANELA PARA A VIDA;2021;;Renúncia — Outros Mecanismos;0.0;0.0;0.0;0;0.0;0.0;0.0;0.0;0;0.0;0;0;0;3.2;1;0.0;;;08.215.198/0001-32;;;;;;;;;;RENUNCIA_OUTROS;180000.0;208841.76;2021;0.0
B2100115400000;TIME DE FÁBRICA;2021;;Renúncia — Outros Mecanismos;0.0;0.0;324864.96;280000;0.0;0.0;0.0;0.0;0;0.0;0;0;0;4.133;2;;;;24.856.310/0001-70;;;;;;;;;;RENUNCIA_OUTROS;71526.87;82987.76;2021;0.0
B2100496300000;TURMA DA MÔNICA: LIÇÕES;2021;;Renúncia — Art.3/3-A/39;15806824.99;16553002.48;92818.56;80000;16553002.48;0.0;4.1471;2.0;0;10.0;0;0;0;4.068;2;20.0;4.0;Oscar;07.570.789/0001-65;;;;;;;;;;RENUNCIA_ART3;3000000.0;3480696.0;2021;4.7557
B2100496300000;TURMA DA MÔNICA: LIÇÕES;2021;;Renúncia — Art.3/3-A/39;15806824.99;16553002.48;92818.56;80000;16553002.48;0.0;4.1471;2.0;0;10.0;0;0;0;4.068;2;20.0;4.0;Oscar;07.570.789/0001-65;;;;;;;;;;RENUNCIA_OUTROS;440190.6;510723.22;2021;32.4109
B2100278800000;UM CASAL INSEPARÁVEL;2021;;Renúncia — Art.3/3-A/39;0.0;0.0;162432.48;140000;0.0;0.0;0.0;0.8;0;4.0;0;0;0;3.603;2;;;;03.360.320/0001-40;;;;;;;;;;RENUNCIA_ART3;2719348.0;3155074.57;2021;0.0
B2100315800000;VENTO NA FRONTEIRA;2021;;FSA Automático Festivais;0.0;0.0;0.0;0;0.0;0.0;0.0;2.0;0;10.0;0;0;0;3.97;2;;;;12.106.692/0001-36;;;;;;;;;;RENUNCIA_OUTROS;252001.55;292380.26;2021;0.0
B2100281200000;VOCÊ NÃO É UM SOLDADO;2021;;Renúncia — Outros Mecanismos;603.24;656.04;69613.92;60000;656.04;0.0;0.0008;0.0;0;0.0;0;0;0;4.0;1;3.0;2.0;;07.700.630/0001-18;;;;;;;;;;RENUNCIA_OUTROS;696000.0;807521.47;2021;0.0008
B2200317100000;171;2022;;Renúncia — Art.3/3-A/39;3021.76;3021.76;65803.86;60000;3021.76;0.0;0.0861;0.0;0;0.0;0;0;0;0.0;0;;;;05.780.593/0001-70;;;;;;;;;;RENUNCIA_OUTROS;32000.0;35095.39;2022;0.0861
B2200401100000;24 HORAS PARA REDECORAR – 2ª TEMPORADA;2022;;Renúncia — Art.3/3-A/39;0.0;0.0;65803.86;60000;0.0;0.0;0.0;0.0;0;0.0;0;0;0;0.0;0;;;;63.053.185/0001-12;;;;;;;;;;RENUNCIA_ART3;2133934.24;2340351.83;2022;0.0
B2200398000000;ADEMÃ - A VIDA E AS NOTAS DE IBRAHIM SUED;2022;;Renúncia — Art.3/3-A/39;974.1;1013.88;307084.68;280000;1013.88;0.0;0.0062;0.0;0;0.0;0;0;0;3.2;1;;;;08.542.085/0001-41;;;;;;;;;;RENUNCIA_ART3;150000.0;164509.65;2022;0.0062
B2200292500000;AEROPORTO - ÁREA RESTRITA (4A TEMPORADA);2022;;Renúncia — Art.3/3-A/39;0.0;0.0;65803.86;60000;0.0;0.0;0.0;0.0;0;0.0;0;0;0;0.0;0;;;;07.627.467/0001-05;;;;;;;;;;RENUNCIA_ART3;2060478.75;2259790.92;2022;0.0
B2200048000000;ALEMÃO 2;2022;;Renúncia — Art.3/3-A/39;766043.7;797327.16;307084.68;280000;797327.16;0.0;0.2423;0.8;0;4.0;0;0;0;3.5;1;;;;05.387.293/0001-25;;;;;;;;;;RENUNCIA_ART3;3000000.0;3290193.0;2022;0.2423
B2300041400000;ANDES EXTREMO;2022;;Renúncia — Art.3/3-A/39;0.0;0.0;65803.86;60000;0.0;0.0;0.0;0.0;0;0.0;0;0;0;0.0;0;;;;05.606.825/0001-78;;;;;;;;;;RENUNCIA_ART3;1616122.64;1772451.8;2022;0.0
B2300462200000;ANINHA - A INFÂNCIA DE CORA CORALINA;2022;;sem_categoria;0.0;0.0;0.0;0;0.0;0.0;0.0;0.0;0;0.0;0;0;0;0.0;0;;;;09.085.894/0001-34;;;;;;;;;;RENUNCIA_ART3;300000.0;329019.3;2022;0.0
B2200154300000;ARQUEOLOGIA DO POETA;2022;;Renúncia — Outros Mecanismos;0.0;0.0;131607.72;120000;0.0;0.0;0.0;0.0;0;0.0;0;0;0;0.0;0;;;;27.651.181/0001-72;;;;;;;;;;RENUNCIA_OUTROS;500000.0;548365.5;2022;0.0
B2200065100000;AYRTON MENINICES NO CORAÇÃO DO BRASIL;2022;;Renúncia — Outros Mecanismos;0.0;0.0;0.0;0;0.0;0.0;0.0;0.0;0;0.0;0;0;0;4.3;1;;;;14.022.519/0001-85;;;;;;;;;;RENUNCIA_OUTROS;485839.62;532835.37;2022;0.0
B2200422100000;BELEZA DA NOITE;2022;;Renúncia — Art.3/3-A/39;0.0;0.0;87738.48;80000;0.0;0.0;0.0;0.0;0;0.0;0;0;0;4.0;1;0.0;;;14.625.536/0001-07;;;;;;;;;;RENUNCIA_ART3;350000.0;383855.85;2022;0.0
B2200285200000;BEM-VINDA A QUIXERAMOBIM;2022;;Renúncia — Art.3/3-A/39;1403150.6;1459708.88;153542.34;140000;1459708.88;0.0;0.4437;1.1;0;5.5;0;0;0;3.948;2;;;;02.140.164/0001-40;;;;;;;;;;RENUNCIA_ART3;3000000.0;3290193.0;2022;0.4437
B2200215800000;BOI BANDIDO;2022;;sem_categoria;0.0;0.0;0.0;0;0.0;0.0;0.0;0.0;0;0.0;0;0;0;0.0;0;;;;09.011.546/0001-12;;;;;;;;;;RENUNCIA_OUTROS;350000.0;383855.85;2022;0.0
B2200085600000;BOSSA NOSSA;2022;;Renúncia — Art.3/3-A/39;0.0;0.0;65803.86;60000;0.0;0.0;0.0;0.0;0;0.0;0;0;0;0.0;0;0.0;;;28.629.780/0001-52;;;;;;;;;;RENUNCIA_ART3;350000.0;383855.85;2022;0.0
B2200042500000;BRASILEIRÍSSIMA;2022;;Renúncia — Art.3/3-A/39;1623.5;1689.8;307084.68;280000;1689.8;0.0;0.0039;0.0;0;0.0;0;0;0;0.0;0;0.0;;;11.400.059/0001-93;;;;;;;;;;RENUNCIA_ART3;300000.0;329019.3;2022;0.0051
B2200042500000;BRASILEIRÍSSIMA;2022;;Renúncia — Art.3/3-A/39;1623.5;1689.8;307084.68;280000;1689.8;0.0;0.0039;0.0;0;0.0;0;0;0;0.0;0;0.0;;;11.400.059/0001-93;;;;;;;;;;RENUNCIA_OUTROS;100000.0;109673.1;2022;0.0154
B2200104100000;CIDADE MARAVILHOSA - A FUNDAÇÂO DA CIDADE DO RIO DE JANEIRO;2022;;Renúncia — Outros Mecanismos;0.0;0.0;0.0;0;0.0;0.0;0.0;0.0;0;0.0;0;0;0;4.252;2;;;;10.712.207/0001-42;;;;;;;;;;RENUNCIA_OUTROS;613717.66;673083.18;2022;0.0
B2200246400000;DEPOIS DO FOGO - TECNOLOGIAS QUE MUDARAM E VÃO MUDAR O MUNDO;2022;;Renúncia — Outros Mecanismos;0.0;0.0;307084.68;280000;0.0;0.0;0.0;0.0;0;0.0;0;0;0;4.5;1;6.0;4.0;;13.483.286/0001-55;;;;;;;;;;RENUNCIA_OUTROS;350000.0;383855.85;2022;0.0
B2300442700000;DESCOSTURANDO COM HERCHCOVITCH;2022;;Renúncia — Art.3/3-A/39;0.0;0.0;65803.86;60000;0.0;0.0;0.0;0.0;0;0.0;0;0;0;0.0;0;;;;06.177.126/0001-12;;;;;;;;;;RENUNCIA_ART3;3000000.0;3290193.0;2022;0.0
B2200247300000;ECONOMIA CIRCULAR;2022;;Renúncia — Outros Mecanismos;0.0;0.0;65803.86;60000;0.0;0.0;0.0;0.0;0;0.0;0;0;0;0.0;0;6.0;4.0;;13.483.286/0001-55;;;;;;;;;;RENUNCIA_OUTROS;289085.1;317048.59;2022;0.0
B2200105200000;EXPEDICIONÁRIOS DO BRASIL;2022;;Renúncia — Outros Mecanismos;0.0;0.0;307084.68;280000;0.0;0.0;0.0;0.0;0;0.0;0;0;0;4.343;2;;;;03.228.054/0001-05;;;;;;;;;;RENUNCIA_OUTROS;711369.1;780180.54;2022;0.0
B2200412400000;FERVO;2022;;Renúncia — Art.3/3-A/39;232123.57;235319.56;0.0;0;235319.56;0.0;0.0715;0.0;0;0.0;0;0;0;0.0;0;7.0;0.0;;46.397.220/0001-00;;;;;;;;;;RENUNCIA_ART3;2999999.98;3290192.98;2022;0.0715
B2200313300000;FOME DE LUTA;2022;;Renúncia — Art.3/3-A/39;0.0;0.0;65803.86;60000;0.0;0.0;0.0;0.0;0;0.0;0;0;0;3.478;2;;;;10.899.485/0001-50;;;;;;;;;;RENUNCIA_ART3;1621356.56;1778192.0;2022;0.0
B2200310400000;FUJA SE FOR CAPAZ - 2ª TEMPORADA;2022;;Renúncia — Art.3/3-A/39;0.0;0.0;307084.68;280000;0.0;0.0;0.0;0.0;0;0.0;0;0;0;3.791;2;0.0;;;23.964.115/0001-00;;;;;;;;;;RENUNCIA_ART3;3000000.0;3290193.0;2022;0.0
B2200176000000;FUNK.DOC - POPULAR E PROIBIDO;2022;;Renúncia — Art.3/3-A/39;0.0;0.0;65803.86;60000;0.0;0.0;0.0;0.0;0;0.0;0;0;0;3.382;2;;;Annecy;01.378.559/0001-12;;;;;;;;;;RENUNCIA_ART3;1866334.29;2046866.67;2022;0.0
B2200325200000;GIGABLASTER 3ª TEMPORADA;2022;;Renúncia — Art.3/3-A/39;0.0;0.0;307084.68;280000;0.0;0.0;0.0;0.0;0;0.0;0;0;0;0.0;0;;;;08.662.115/0001-53;;;;;;;;;;RENUNCIA_ART3;3000000.0;3290193.0;2022;0.0
B2200228000000;INDÚSTRIA 4.0;2022;;Renúncia — Outros Mecanismos;0.0;0.0;307084.68;280000;0.0;0.0;0.0;0.0;0;0.0;0;0;0;4.091;2;0.0;;;13.483.286/0001-55;;;;;;;;;;RENUNCIA_OUTROS;500000.0;548365.5;2022;0.0
B2200266000000;JAMBALAIA;2022;;Renúncia — Outros Mecanismos;0.0;0.0;0.0;0;0.0;0.0;0.0;0.0;0;0.0;0;0;0;0.0;0;0.0;;;26.694.889/0001-48;;;;;;;;;;RENUNCIA_OUTROS;200000.0;219346.2;2022;0.0
B2200171000000;LAMPZ;2022;;Renúncia — Outros Mecanismos;0.0;0.0;0.0;0;0.0;0.0;0.0;0.0;0;0.0;0;0;0;0.0;0;0.0;;;15.128.758/0001-87;;;;;;;;;;RENUNCIA_OUTROS;570000.0;625136.67;2022;0.0
B2300048800000;LULINA E A LUA;2022;;Renúncia — Outros Mecanismos;0.0;0.0;87738.48;80000;0.0;0.0;0.0;0.0;0;0.0;0;0;0;0.0;0;;;;12.975.490/0001-20;;;;;;;;;;RENUNCIA_OUTROS;200000.0;219346.2;2022;0.0
B2200507800000;MAPA DAS ESTRELAS;2022;;Renúncia — Art.3/3-A/39;0.0;0.0;65803.86;60000;0.0;0.0;0.0;0.0;0;0.0;0;0;0;4.4;1;;;;16.104.588/0001-63;;;;;;;;;;RENUNCIA_ART3;1664943.2;1825994.82;2022;0.0
B2200210000000;MAPA DO POP - 3° TEMPORADA;2022;;Renúncia — Art.3/3-A/39;0.0;0.0;65803.86;60000;0.0;0.0;0.0;0.0;0;0.0;0;0;0;0.0;0;0.0;;;04.957.105/0001-94;;;;;;;;;;RENUNCIA_ART3;1706665.5;1871752.96;2022;0.0
B2200258900000;MARIA - NINGUÉM SABE QUEM SOU EU;2022;;Renúncia — Art.3/3-A/39;390862.4;406824.32;307084.68;280000;406824.32;0.0;1.4838;0.0;0;0.0;0;0;0;0.0;0;1.0;0.0;;09.535.973/0001-08;;;;;;;;;;RENUNCIA_ART3;250000.0;274182.75;2022;1.4838
B2200409000000;MARIGHELLA - SÉRIE;2022;;Renúncia — Art.3/3-A/39;0.0;0.0;87738.48;80000;0.0;0.0;0.0;0.0;0;0.0;0;0;0;3.464;2;;;;02.525.725/0001-29;;;;;;;;;;RENUNCIA_ART3;2000000.0;2193462.0;2022;0.0
B2200310600000;MENOS É DEMAIS - 3A TEMPORADA;2022;;Renúncia — Art.3/3-A/39;0.0;0.0;65803.86;60000;0.0;0.0;0.0;0.0;0;0.0;0;0;0;3.918;2;;;;01.894.553/0001-06;;;;;;;;;;RENUNCIA_ART3;1578970.79;1731706.21;2022;0.0
B2300064700000;MULHERES NA LUTA - 2ª TEMPORADA;2022;;Renúncia — Art.3/3-A/39;0.0;0.0;307084.68;280000;0.0;0.0;0.0;0.0;0;0.0;0;0;0;0.0;0;0.0;;;09.180.984/0001-04;;;;;;;;;;RENUNCIA_ART3;2530800.0;2775606.81;2022;0.0
B2200351200000;MULHERES VS COVID-19;2022;;Renúncia — Art.3/3-A/39;0.0;0.0;65803.86;60000;0.0;0.0;0.0;0.0;0;0.0;0;0;0;0.0;0;0.0;;;18.675.219/0001-56;;;;;;;;;;RENUNCIA_ART3;80000.0;87738.48;2022;0.0
B2300261300000;NA ESTRADA DO JIU JITSU 3ª TEMPORADA;2022;;Renúncia — Art.3/3-A/39;0.0;0.0;65803.86;60000;0.0;0.0;0.0;0.0;0;0.0;0;0;0;3.7;1;0.0;;;22.516.874/0001-39;;;;;;;;;;RENUNCIA_ART3;673259.44;738384.5;2022;0.0
B2200397100000;NON DUCOR, DUCO!;2022;;Renúncia — Outros Mecanismos;0.0;0.0;0.0;0;0.0;0.0;0.0;0.0;0;0.0;0;0;0;0.0;0;;;;68.311.943/0001-79;;;;;;;;;;RENUNCIA_OUTROS;562023.0;616388.05;2022;0.0
B2200351900000;NUNCA MAIS SEREI A MESMA;2022;;Renúncia — Outros Mecanismos;1699.9;1769.32;0.0;0;1769.32;0.0;0.0012;0.0;0;0.0;0;0;0;0.0;0;0.0;;;27.920.016/0001-79;;;;;;;;;;RENUNCIA_OUTROS;1320000.0;1447684.92;2022;0.0012
B2200421500000;O AMOR DÁ VOLTAS;2022;;Renúncia — Art.3/3-A/39;228036.55;237049.12;153542.34;140000;237049.12;0.0;0.2299;0.8;0;4.0;0;0;0;4.3;1;;;;07.832.283/0001-87;;;;;;;;;;RENUNCIA_OUTROS;940000.0;1030927.14;2022;0.2299
B2200228100000;O FUTURO DO TRABALHO;2022;;Renúncia — Outros Mecanismos;0.0;0.0;65803.86;60000;0.0;0.0;0.0;0.0;0;0.0;0;0;0;4.38;2;0.0;;;13.483.286/0001-55;;;;;;;;;;RENUNCIA_OUTROS;90000.0;98705.79;2022;0.0
B2200130100000;O PONTO FIRME;2022;;Renúncia — Art.3/3-A/39;0.0;0.0;307084.68;280000;0.0;0.0;0.0;0.0;0;0.0;0;0;0;0.0;0;;;;18.913.837/0001-97;;;;;;;;;;RENUNCIA_OUTROS;375000.0;411274.12;2022;0.0
B2200324900000;OPERAÇÃO FRONTEIRA BRASIL - 1ª TEMPORADA;2022;;Renúncia — Art.3/3-A/39;0.0;0.0;65803.86;60000;0.0;0.0;0.0;0.0;0;0.0;0;0;0;3.566;2;;;;02.947.857/0001-49;;;;;;;;;;RENUNCIA_ART3;4469198.39;4901508.42;2022;0.0
B2200087900000;OSWALDO MASSAINI - UMA PAIXÃO PELO CINEMA;2022;;Renúncia — Art.3/3-A/39;0.0;0.0;307084.68;280000;0.0;0.0;0.0;0.0;0;0.0;0;0;0;0.0;0;0.0;;;44.182.046/0001-44;;;;;;;;;;RENUNCIA_ART3;3000000.0;3290193.0;2022;0.0
B2200458200000;OTTO: DE TRÁS P/ DIANTE;2022;;Renúncia — Art.3/3-A/39;6731.28;6858.6;153542.34;140000;6858.6;0.0;0.0101;0.0;0;0.0;0;0;0;0.0;0;;;;02.367.665/0001-63;;;;;;;;;;RENUNCIA_OUTROS;619000.0;678876.49;2022;0.0101
B2200185400000;PAGANDO CARO - O DIÁRIO DE UMA CRISE ANUNCIADA;2022;;Renúncia — Art.3/3-A/39;0.0;0.0;0.0;0;0.0;0.0;0.0;0.0;0;0.0;0;0;0;3.864;2;;;;03.039.811/0001-94;;;;;;;;;;RENUNCIA_OUTROS;710200.0;778898.36;2022;0.0
B2200452100000;PAPAYA BULL - SEGUNDA TEMPORADA;2022;;Renúncia — Art.3/3-A/39;0.0;0.0;0.0;0;0.0;0.0;0.0;0.0;0;0.0;0;0;0;0.0;0;0.0;;;16.729.130/0001-08;;;;;;;;;;RENUNCIA_ART3;2109262.7;2313293.79;2022;0.0
B2200376500000;PERICIA LAB;2022;;Renúncia — Art.3/3-A/39;0.0;0.0;65803.86;60000;0.0;0.0;0.0;0.0;0;0.0;0;0;0;0.0;0;;;;06.177.126/0001-12;;;;;;;;;;RENUNCIA_ART3;1898333.59;2081961.3;2022;0.0
B2200208300000;PERSPECTIVAS;2022;;Renúncia — Outros Mecanismos;0.0;0.0;0.0;0;0.0;0.0;0.0;0.0;0;0.0;0;0;0;0.0;0;;;;12.521.386/0001-66;;;;;;;;;;RENUNCIA_OUTROS;100000.0;109673.1;2022;0.0
B2200178200000;PIRANGA, O HERÓI TACITURNO;2022;;Renúncia — Outros Mecanismos;0.0;0.0;0.0;0;0.0;0.0;0.0;0.0;0;0.0;0;0;0;4.3;1;0.0;;;22.791.682/0001-30;;;;;;;;;;RENUNCIA_OUTROS;100777.5;110525.81;2022;0.0
B2200429300000;PROCURA-SE;2022;;Renúncia — Art.3/3-A/39;38.2;39.76;65803.86;60000;39.76;0.0;0.0001;0.0;0;0.0;0;0;0;3.7;1;;;;24.029.216/0001-48;;;;;;;;;;RENUNCIA_ART3;300000.0;329019.3;2022;0.0001
B2200304100000;QUEM SALVA QUEM?;2022;;Renúncia — Art.3/3-A/39;0.0;0.0;65803.86;60000;0.0;0.0;0.0;0.0;0;0.0;0;0;0;0.0;0;1.0;0.0;;23.957.635/0001-87;;;;;;;;;;RENUNCIA_ART3;1799305.79;1973354.44;2022;0.0
B2200215900000;RAQUEL 1:1;2022;;Renúncia — Art.3/3-A/39;23983.03;24313.24;65803.86;60000;24313.24;0.0;0.0374;2.7;0;13.5;0;0;0;3.83;1;;;;16.835.137/0001-04;;;;;;;;;;RENUNCIA_OUTROS;592046.26;649315.49;2022;0.0374
B2200343100000;SEM BLOQUEIO;2022;;Renúncia — Art.3/3-A/39;0.0;0.0;131607.72;120000;0.0;0.0;0.0;0.0;0;0.0;0;0;0;0.0;0;2.0;0.0;;01.613.170/0001-04;;;;;;;;;;RENUNCIA_ART3;1425000.0;1562841.67;2022;0.0
B2200166200000;SUBSOLO;2022;;Renúncia — Art.3/3-A/39;0.0;0.0;307084.68;280000;0.0;0.0;0.0;0.0;0;0.0;0;0;0;0.0;0;0.0;;;87.435.368/0001-60;;;;;;;;;;RENUNCIA_OUTROS;200000.0;219346.2;2022;0.0
B2200370700000;TERRITÓRIO ANTÁRTICO;2022;;Renúncia — Art.3/3-A/39;0.0;0.0;65803.86;60000;0.0;0.0;0.0;0.0;0;0.0;0;0;0;0.0;0;;;;14.323.160/0001-86;;;;;;;;;;RENUNCIA_ART3;284684.99;312222.85;2022;0.0
B2200066200000;TUCA ESPECIAL DIA DAS BRUXAS - UMA NOITE ARREPIANTE -  ANIMAÇÃO;2022;;Renúncia — Art.3/3-A/39;0.0;0.0;87738.48;80000;0.0;0.0;0.0;0.0;0;0.0;0;0;0;3.898;2;0.0;;;03.274.384/0001-29;;;;;;;;;;RENUNCIA_ART3;65000.0;71287.51;2022;0.0
B2200066200000;TUCA ESPECIAL DIA DAS BRUXAS - UMA NOITE ARREPIANTE -  ANIMAÇÃO;2022;;Renúncia — Art.3/3-A/39;0.0;0.0;87738.48;80000;0.0;0.0;0.0;0.0;0;0.0;0;0;0;3.898;2;0.0;;;03.274.384/0001-29;;;;;;;;;;RENUNCIA_OUTROS;25850.0;28350.5;2022;0.0
B2200192800000;TUDO FÁCIL;2022;;Renúncia — Art.3/3-A/39;0.0;0.0;65803.86;60000;0.0;0.0;0.0;0.0;0;0.0;0;0;0;0.0;0;;;;27.102.439/0001-81;;;;;;;;;;RENUNCIA_ART3;786730.0;862831.18;2022;0.0
B2200154200000;UM BROTO LEGAL;2022;;Renúncia — Outros Mecanismos;34713.36;36082.2;153542.34;140000;36082.2;0.0;0.0822;0.0;0;0.0;0;0;0;0.0;0;;;;54.110.648/0001-40;;;;;;;;;;RENUNCIA_OUTROS;400000.0;438692.4;2022;0.0822
B2300212500000;UM DIA CINCO ESTRELAS;2022;;Renúncia — Art.3/3-A/39;348097.11;352889.88;65803.86;60000;352889.88;0.0;0.1084;0.0;0;0.0;0;0;0;4.123;2;;;;12.580.503/0001-62;;;;;;;;;;RENUNCIA_ART3;2547522.1;2793946.46;2022;0.1263
B2300212500000;UM DIA CINCO ESTRELAS;2022;;Renúncia — Art.3/3-A/39;348097.11;352889.88;65803.86;60000;352889.88;0.0;0.1084;0.0;0;0.0;0;0;0;4.123;2;;;;12.580.503/0001-62;;;;;;;;;;RENUNCIA_OUTROS;422000.0;462820.48;2022;0.7625
B2200372100000;UM DIA DE CHEF - 3° TEMPORADA;2022;;Renúncia — Art.3/3-A/39;0.0;0.0;65803.86;60000;0.0;0.0;0.0;0.0;0;0.0;0;0;0;4.123;2;;;;16.729.130/0001-08;;;;;;;;;;RENUNCIA_ART3;1456156.27;1597011.72;2022;0.0
B2300040600000;UM DIA DE CHEF - 4º TEMPORADA;2022;;Renúncia — Art.3/3-A/39;0.0;0.0;65803.86;60000;0.0;0.0;0.0;0.0;0;0.0;0;0;0;4.123;2;;;;16.729.130/0001-08;;;;;;;;;;RENUNCIA_ART3;1499200.65;1644219.83;2022;0.0
B2200325300000;VAMOS BRINCAR COM A TURMA DA MÔNICA - 1ª TEMPORADA;2022;;Renúncia — Art.3/3-A/39;0.0;0.0;307084.68;280000;0.0;0.0;0.0;0.0;0;0.0;0;0;0;3.9;1;1.0;1.0;;08.267.787/0001-64;;;;;;;;;;RENUNCIA_ART3;3000000.0;3290193.0;2022;0.0
B2200292800000;VENCER NA VIDA;2022;;Renúncia — Outros Mecanismos;0.0;0.0;0.0;0;0.0;0.0;0.0;0.0;0;0.0;0;0;0;3.2;1;;;;06.814.372/0001-38;;;;;;;;;;RENUNCIA_OUTROS;600000.0;658038.6;2022;0.0
B2200346400000;VOTOS;2022;;Renúncia — Art.3/3-A/39;4989.88;4989.88;307084.68;280000;4989.88;0.0;0.0303;0.0;0;0.0;0;0;0;0.0;0;0.0;;;68.593.466/0001-81;;;;;;;;;;RENUNCIA_ART3;150000.0;164509.65;2022;0.0303
B2300211800000;#DEIXAELA;2023;;Renúncia — Art.3/3-A/39;0.0;0.0;62898.0;60000;0.0;0.0;0.0;0.0;0;0.0;0;0;0;0.0;0;0.0;;;34.878.582/0001-25;;;;;;;;;;RENUNCIA_ART3;950000.0;995885.0;2023;0.0
B2300290700000;24 HORAS PARA REDECORAR – 3ª TEMPORADA;2023;;Renúncia — Art.3/3-A/39;0.0;0.0;62898.0;60000;0.0;0.0;0.0;0.0;0;0.0;0;0;0;0.0;0;;;;63.053.185/0001-12;;;;;;;;;;RENUNCIA_ART3;2133934.24;2237003.26;2023;0.0
B2300302500000;A ERA DOS HUMANOS;2023;;Renúncia — Outros Mecanismos;196.1;198.8;0.0;0;198.8;0.0;0.0001;0.0;0;0.0;0;0;0;4.11;1;;;;14.215.563/0001-01;;;;;;;;;;RENUNCIA_OUTROS;1950000.0;2044185.0;2023;0.0001
B2300419800000;A FLOR DA IDADE;2023;;Renúncia — Art.3/3-A/39;0.0;0.0;83864.0;80000;0.0;0.0;0.0;0.0;0;0.0;0;0;0;3.985;2;0.0;;;13.631.016/0001-44;;;;;;;;;;RENUNCIA_ART3;450000.0;471735.0;2023;0.0
B2300444900000;A HERANÇA;2023;;Renúncia — Art.3/3-A/39;50475.32;50475.32;62898.0;60000;50475.32;0.0;0.0168;0.0;0;0.0;0;0;0;3.152;2;;;;14.440.714/0001-25;;;;;;;;;;RENUNCIA_ART3;2859880.0;2998012.2;2023;0.0168
B2300352800000;A ONDA;2023;;Renúncia — Art.3/3-A/39;0.0;0.0;125796.0;120000;0.0;0.0;0.0;0.0;0;0.0;0;0;0;3.0;1;0.0;;;09.174.621/0001-66;;;;;;;;;;RENUNCIA_ART3;1425000.0;1493827.5;2023;0.0
B2300149300000;A VIRADA;2023;;Renúncia — Art.3/3-A/39;0.0;0.0;125796.0;120000;0.0;0.0;0.0;0.0;0;0.0;0;0;0;3.716;2;;;;26.851.408/0001-60;;;;;;;;;;RENUNCIA_ART3;2100000.0;2201430.0;2023;0.0
B2300472000000;ABERTO PARA COMPRAS;2023;;Renúncia — Art.3/3-A/39;0.0;0.0;62898.0;60000;0.0;0.0;0.0;0.0;0;0.0;0;0;0;0.0;0;0.0;;;01.894.553/0001-06;;;;;;;;;;RENUNCIA_ART3;2240011.38;2348203.93;2023;0.0
B2300403800000;ACENDE A LUZ;2023;;Renúncia — Art.3/3-A/39;0.0;0.0;62898.0;60000;0.0;0.0;0.0;0.0;0;0.0;0;0;0;4.2;1;;;;06.323.379/0001-57;;;;;;;;;;RENUNCIA_ART3;1047445.3;1098036.91;2023;0.0
B2300457700000;AEROPORTO - ÁREA RESTRITA (5A TEMPORADA);2023;;Renúncia — Art.3/3-A/39;0.0;0.0;62898.0;60000;0.0;0.0;0.0;0.0;0;0.0;0;0;0;0.0;0;;;;07.627.467/0001-05;;;;;;;;;;RENUNCIA_ART3;2562153.06;2685905.05;2023;0.0
B2300319100000;ALTA ESTIMA;2023;;Renúncia — Art.3/3-A/39;0.0;0.0;62898.0;60000;0.0;0.0;0.0;0.0;0;0.0;0;0;0;0.0;0;0.0;;;13.188.290/0001-90;;;;;;;;;;RENUNCIA_ART3;2976478.65;3120242.57;2023;0.0
B2300204800000;ALÉM DO APOSENTO;2023;;Renúncia — Outros Mecanismos;0.0;0.0;0.0;0;0.0;0.0;0.0;0.0;0;0.0;0;0;0;4.6;1;;;;07.867.455/0001-58;;;;;;;;;;RENUNCIA_OUTROS;500000.0;524150.0;2023;0.0
B2300561600000;AMAZING RIDERS;2023;;Renúncia — Art.3/3-A/39;0.0;0.0;125796.0;120000;0.0;0.0;0.0;0.0;0;0.0;0;0;0;0.0;0;;;;05.260.263/0001-53;;;;;;;;;;RENUNCIA_ART3;1899341.8;1991080.01;2023;0.0
B2300408400000;ASTRONAUTA;2023;;Renúncia — Art.3/3-A/39;0.0;0.0;62898.0;60000;0.0;0.0;0.0;0.0;0;0.0;0;0;0;2.6;1;;;;47.257.902/0001-71;;;;;;;;;;RENUNCIA_ART3;5404850.99;5665905.29;2023;0.0
B2300408800000;BELEZA GG -3A.TEMPORADA;2023;;Renúncia — Art.3/3-A/39;0.0;0.0;62898.0;60000;0.0;0.0;0.0;0.0;0;0.0;0;0;0;0.0;0;0.0;;;09.719.793/0001-78;;;;;;;;;;RENUNCIA_ART3;3400051.27;3564273.75;2023;0.0
B2300418300000;BLACK TO BLACK;2023;;Renúncia — Art.3/3-A/39;0.0;0.0;62898.0;60000;0.0;0.0;0.0;0.0;0;0.0;0;0;0;3.862;2;3.0;1.0;;11.086.688/0001-90;;;;;;;;;;RENUNCIA_ART3;546500.0;572895.95;2023;0.0
B2300532700000;BRASIL 2050 - 3ª TEMPORADA;2023;;Renúncia — Outros Mecanismos;0.0;0.0;125796.0;120000;0.0;0.0;0.0;0.0;0;0.0;0;0;0;0.0;0;;;;06.096.915/0001-29;;;;;;;;;;RENUNCIA_OUTROS;1100000.0;1153130.0;2023;0.0
B2300295600000;CAPIVARA - ARTE RUPESTRE NO SUL DO PIAUÍ;2023;;Renúncia — Outros Mecanismos;0.0;0.0;0.0;0;0.0;0.0;0.0;0.0;0;0.0;0;0;0;4.3;1;1.0;0.0;;44.154.342/0001-31;;;;;;;;;;RENUNCIA_OUTROS;407000.0;426658.1;2023;0.0
B2300565500000;CARA A CARA;2023;;Renúncia — Art.3/3-A/39;0.0;0.0;125796.0;120000;0.0;0.0;0.0;0.0;0;0.0;0;0;0;0.0;0;;;;26.851.408/0001-60;;;;;;;;;;RENUNCIA_ART3;2719106.24;2850439.07;2023;0.0
B2300289200000;CAÇADORES DOS VENTOS - NO LIMITE;2023;;Renúncia — Outros Mecanismos;0.0;0.0;293524.0;280000;0.0;0.0;0.0;0.0;0;0.0;0;0;0;3.0;1;;;;04.350.398/0001-47;;;;;;;;;;RENUNCIA_OUTROS;1438877.58;1508375.37;2023;0.0
B2300103400000;COISA DE MENINO;2023;;Renúncia — Art.3/3-A/39;0.0;0.0;62898.0;60000;0.0;0.0;0.0;0.0;0;0.0;0;0;0;4.128;2;;;;07.988.992/0001-56;;;;;;;;;;RENUNCIA_ART3;965527.75;1012162.74;2023;0.0
B2300043900000;COMADRES;2023;;Renúncia — Art.3/3-A/39;0.0;0.0;83864.0;80000;0.0;0.0;0.0;0.0;0;0.0;0;0;0;0.0;0;;;;22.971.615/0001-06;;;;;;;;;;RENUNCIA_ART3;350000.0;366905.0;2023;0.0
B2300443400000;CONDOR;2023;;Renúncia — Outros Mecanismos;0.0;0.0;0.0;0;0.0;0.0;0.0;0.0;0;0.0;0;0;0;3.828;2;;;;13.931.232/0001-05;;;;;;;;;;RENUNCIA_OUTROS;890000.0;932987.0;2023;0.0
B2300222400000;DE PAI PARA FILHO;2023;;Renúncia — Art.3/3-A/39;0.0;0.0;0.0;0;0.0;0.0;0.0;0.0;0;0.0;0;0;0;3.629;1;;;;15.096.101/0001-85;;;;;;;;;;RENUNCIA_ART3;1250000.0;1310375.0;2023;0.0
B2400284000000;DE VOLTA AO PARAÍSO;2023;;Renúncia — Art.3/3-A/39;0.0;0.0;62898.0;60000;0.0;0.0;0.0;0.0;0;0.0;0;0;0;3.84;2;0.0;;;20.840.042/0001-48;;;;;;;;;;RENUNCIA_ART3;400000.0;419320.0;2023;0.0
B2300200500000;DO AMOR E DE LUTA;2023;;Renúncia — Art.3/3-A/39;0.0;0.0;62898.0;60000;0.0;0.0;0.0;0.0;0;0.0;0;0;0;4.3;1;;;;07.988.992/0001-56;;;;;;;;;;RENUNCIA_ART3;2782937.25;2917353.12;2023;0.0
B2300125800000;ENSINANDO COMO APRECIAR VINHOS;2023;;Renúncia — Outros Mecanismos;0.0;0.0;62898.0;60000;0.0;0.0;0.0;0.0;0;0.0;0;0;0;0.0;0;;;;13.483.286/0001-55;;;;;;;;;;RENUNCIA_OUTROS;194578.39;203976.53;2023;0.0
B2300312800000;ESTRANHAS COTOVELADAS;2023;;Renúncia — Outros Mecanismos;4254.32;4254.32;62898.0;60000;4254.32;0.0;0.0081;0.0;0;0.0;0;0;0;0.0;0;;;;57.312.878/0001-80;;;;;;;;;;RENUNCIA_OUTROS;500120.34;524276.15;2023;0.0081
B2300321400000;EU DEVERIA ESTAR FELIZ;2023;;Renúncia — Art.3/3-A/39;0.0;0.0;62898.0;60000;0.0;0.0;0.0;0.0;0;0.0;0;0;0;0.0;0;0.0;;;12.081.251/0001-27;;;;;;;;;;RENUNCIA_ART3;1001100.0;1049453.13;2023;0.0
B2300343000000;EU SOU MARIA;2023;;Renúncia — Art.3/3-A/39;10747.63;10894.24;146762.0;140000;10894.24;0.0;0.0244;0.0;0;0.0;0;0;0;4.123;2;4.0;1.0;;02.597.024/0001-03;;;;;;;;;;RENUNCIA_ART3;426502.5;447102.57;2023;0.0244
B2300362800000;EXPERIÊNCIA DE MESTRE;2023;;Renúncia — Art.3/3-A/39;0.0;0.0;62898.0;60000;0.0;0.0;0.0;0.0;0;0.0;0;0;0;4.133;2;7.0;0.0;;02.947.857/0001-49;;;;;;;;;;RENUNCIA_ART3;2998052.23;3142858.15;2023;0.0
B2300194000000;FAZ TEU CORRE;2023;;Renúncia — Art.3/3-A/39;0.0;0.0;62898.0;60000;0.0;0.0;0.0;0.0;0;0.0;0;0;0;0.0;0;;;;29.219.840/0001-21;;;;;;;;;;RENUNCIA_ART3;600000.0;628980.0;2023;0.0
B2300352400000;FLUXO;2023;;Renúncia — Art.3/3-A/39;3000.33;3041.64;62898.0;60000;3041.64;0.0;0.0029;0.0;0;0.0;0;0;0;0.0;0;0.0;;;13.110.657/0001-53;;;;;;;;;;RENUNCIA_ART3;1000000.0;1048300.0;2023;0.0029
B2300437700000;FUJA SE FOR CAPAZ - 3ª TEMPORADA;2023;;Renúncia — Art.3/3-A/39;0.0;0.0;293524.0;280000;0.0;0.0;0.0;0.0;0;0.0;0;0;0;3.791;2;;;;23.957.635/0001-87;;;;;;;;;;RENUNCIA_ART3;3000000.0;3144900.0;2023;0.0
B2300176600000;FUTURO DA EDUCAÇÃO;2023;;Renúncia — Outros Mecanismos;0.0;0.0;62898.0;60000;0.0;0.0;0.0;0.0;0;0.0;0;0;0;3.732;2;0.0;;;02.483.996/0001-69;;;;;;;;;;RENUNCIA_OUTROS;475000.0;497942.5;2023;0.0
B2300278000000;FÉRIAS TROCADAS;2023;;Renúncia — Art.3/3-A/39;2475656.4;2475656.4;0.0;0;2475656.4;0.0;0.5919;0.0;0;0.0;0;0;0;3.033;2;38.0;49.0;;12.580.503/0001-62;;;;;;;;;;RENUNCIA_ART3;3000000.0;3144900.0;2023;0.7872
B2300278000000;FÉRIAS TROCADAS;2023;;Renúncia — Art.3/3-A/39;2475656.4;2475656.4;0.0;0;2475656.4;0.0;0.5919;0.0;0;0.0;0;0;0;3.033;2;38.0;49.0;;12.580.503/0001-62;;;;;;;;;;RENUNCIA_OUTROS;990000.0;1037817.0;2023;2.3854
B2300212600000;HERANÇA;2023;;sem_categoria;0.0;0.0;0.0;0;0.0;0.0;0.0;0.0;0;0.0;0;0;0;3.152;2;;;;10.233.319/0001-10;;;;;;;;;;RENUNCIA_ART3;2859880.0;2998012.2;2023;0.0
B2300062000000;INCOMPATÍVEL COM A VIDA;2023;;sem_categoria;14711.55;14910.0;62898.0;60000;14910.0;0.0;0.0036;0.0;0;0.0;0;0;0;3.2;1;0.0;;Berlim;09.514.942/0001-62;;;;;;;;;;RENUNCIA_ART3;3833731.35;4018900.57;2023;0.0037
B2300062000000;INCOMPATÍVEL COM A VIDA;2023;;sem_categoria;14711.55;14910.0;62898.0;60000;14910.0;0.0;0.0036;0.0;0;0.0;0;0;0;3.2;1;0.0;;Berlim;09.514.942/0001-62;;;;;;;;;;RENUNCIA_OUTROS;150000.0;157245.0;2023;0.0948
B2300148100000;IRACEMAS;2023;;Renúncia — Art.3/3-A/39;2531.95;2544.64;293524.0;280000;2544.64;0.0;0.016;0.0;0;0.0;0;0;0;0.0;0;;;;05.249.852/0001-30;;;;;;;;;;RENUNCIA_OUTROS;151928.0;159266.12;2023;0.016
B2300037500000;LA SITUACIÓN;2023;;Renúncia — Art.3/3-A/39;193138.89;195798.12;0.0;0;195798.12;0.0;0.0333;0.0;0;0.0;0;0;0;0.0;0;;;;10.645.895/0001-75;;;;;;;;;;RENUNCIA_ART3;3000000.0;3144900.0;2023;0.0623
B2300037500000;LA SITUACIÓN;2023;;Renúncia — Art.3/3-A/39;193138.89;195798.12;0.0;0;195798.12;0.0;0.0333;0.0;0;0.0;0;0;0;0.0;0;;;;10.645.895/0001-75;;;;;;;;;;RENUNCIA_OUTROS;2617098.49;2743504.35;2023;0.0714
B2300375800000;LENDAS DO MOTOCROSS BRASILEIRO;2023;;Renúncia — Outros Mecanismos;0.0;0.0;62898.0;60000;0.0;0.0;0.0;0.0;0;0.0;0;0;0;3.853;2;;;;24.856.310/0001-70;;;;;;;;;;RENUNCIA_OUTROS;649698.37;681078.8;2023;0.0
B2300535000000;LEVANTE;2023;;Renúncia — Art.3/3-A/39;60176.76;60176.76;62898.0;60000;60176.76;0.0;0.3377;30.15;0;36.0;13883;27;9;4.261;2;;;;09.505.106/0001-11;;;;;;;;;;RENUNCIA_ART3;170000.0;178211.0;2023;0.3377
B2300345800000;LUANA É DE LUA - 2 TEMPORADA;2023;;Renúncia — Art.3/3-A/39;0.0;0.0;62898.0;60000;0.0;0.0;0.0;0.0;0;0.0;0;0;0;4.203;2;0.0;;;09.281.789/0001-70;;;;;;;;;;RENUNCIA_ART3;1261898.79;1322848.5;2023;0.0
B2300319000000;LÍNGUAS DA NOSSA LÍNGUA;2023;;Renúncia — Art.3/3-A/39;0.0;0.0;62898.0;60000;0.0;0.0;0.0;0.0;0;0.0;0;0;0;0.0;0;0.0;;;04.453.786/0001-53;;;;;;;;;;RENUNCIA_OUTROS;417000.0;437141.1;2023;0.0
B2300531200000;MAMONAS ASSASSINAS O FILME;2023;;Renúncia — Art.3/3-A/39;17583015.99;17632327.44;62898.0;60000;17632327.44;0.0;6.181;10.29;0;0.0;1957;0;0;3.48;2;0.0;;;02.863.008/0001-07;;;;;;;;;;RENUNCIA_ART3;2721242.7;2852678.72;2023;6.181
B2300120400000;MARIA;2023;;Renúncia — Art.3/3-A/39;0.0;0.0;146762.0;140000;0.0;0.0;0.0;0.0;0;0.0;0;0;0;4.0;1;;;;08.847.593/0001-38;;;;;;;;;;RENUNCIA_ART3;426502.5;447102.57;2023;0.0
B2300211700000;MASSACRE NA ESCOLA - A TRAGÉDIA DAS MENINAS DE REALENGO;2023;;Renúncia — Art.3/3-A/39;0.0;0.0;62898.0;60000;0.0;0.0;0.0;0.0;0;0.0;0;0;0;3.765;2;0.0;;;04.661.796/0001-84;;;;;;;;;;RENUNCIA_ART3;1817464.31;1905247.84;2023;0.0
B2300332700000;MEDICINA: SAÚDE E BEM-ESTAR;2023;;Renúncia — Outros Mecanismos;0.0;0.0;293524.0;280000;0.0;0.0;0.0;0.0;0;0.0;0;0;0;0.0;0;;;;13.483.286/0001-55;;;;;;;;;;RENUNCIA_OUTROS;315539.4;330779.95;2023;0.0
B2300200800000;MENOS É DEMAIS - 4A TEMPORADA;2023;;Renúncia — Art.3/3-A/39;0.0;0.0;62898.0;60000;0.0;0.0;0.0;0.0;0;0.0;0;0;0;3.918;2;0.0;;;01.894.553/0001-06;;;;;;;;;;RENUNCIA_ART3;1738970.8;1822963.09;2023;0.0
B2300519200000;MINHA IRMÃ E EU;2023;;Renúncia — Art.3/3-A/39;46049453.58;46124979.6;146762.0;140000;46124979.6;0.0;6.5671;0.9;0;4.5;0;0;0;3.741;2;;;;12.580.503/0001-62;;;;;;;;;;RENUNCIA_ART3;3000000.0;3144900.0;2023;14.6666
B2300519200000;MINHA IRMÃ E EU;2023;;Renúncia — Art.3/3-A/39;46049453.58;46124979.6;146762.0;140000;46124979.6;0.0;6.5671;0.9;0;4.5;0;0;0;3.741;2;;;;12.580.503/0001-62;;;;;;;;;;RENUNCIA_OUTROS;3700000.0;3878710.0;2023;11.8918
B2300038600000;MIRANDA;2023;;Renúncia — Art.3/3-A/39;0.0;0.0;0.0;0;0.0;0.0;0.0;0.0;0;0.0;0;0;0;0.0;0;;;;11.265.176/0001-91;;;;;;;;;;RENUNCIA_ART3;3400000.0;3564220.0;2023;0.0
B2300268100000;MUNDO INVISÍVEL DOS GAMERS;2023;;Renúncia — Art.3/3-A/39;0.0;0.0;62898.0;60000;0.0;0.0;0.0;0.0;0;0.0;0;0;0;2.9;1;0.0;;;00.020.648/0001-20;;;;;;;;;;RENUNCIA_ART3;689256.09;722547.16;2023;0.0
B2300126700000;NINGUÉM É DE NINGUÉM;2023;;Renúncia — Art.3/3-A/39;2768265.26;2806380.08;62898.0;60000;2806380.08;0.0;0.8235;0.0;0;0.0;0;0;0;3.683;2;;;;01.946.155/0001-88;;;;;;;;;;RENUNCIA_ART3;3000000.0;3144900.0;2023;0.8924
B2300126700000;NINGUÉM É DE NINGUÉM;2023;;Renúncia — Art.3/3-A/39;2768265.26;2806380.08;62898.0;60000;2806380.08;0.0;0.8235;0.0;0;0.0;0;0;0;3.683;2;;;;01.946.155/0001-88;;;;;;;;;;RENUNCIA_OUTROS;250678.35;262786.11;2023;10.6793
B2300387700000;NOS BARES DA VIDA;2023;;Renúncia — Art.3/3-A/39;0.0;0.0;62898.0;60000;0.0;0.0;0.0;0.0;0;0.0;0;0;0;3.6;1;;;;07.988.992/0001-56;;;;;;;;;;RENUNCIA_ART3;657576.7;689337.65;2023;0.0
B2300576500000;NOSSO LAR 2 - OS MENSAGEIROS;2023;;Renúncia — Art.3/3-A/39;33111988.84;33111988.84;0.0;0;33111988.84;0.0;3.5411;0.0;0;0.0;0;0;0;4.027;2;;;;01.946.155/0001-88;;;;;;;;;;RENUNCIA_ART3;4999998.81;5241498.75;2023;6.3173
B2300576500000;NOSSO LAR 2 - OS MENSAGEIROS;2023;;Renúncia — Art.3/3-A/39;33111988.84;33111988.84;0.0;0;33111988.84;0.0;3.5411;0.0;0;0.0;0;0;0;4.027;2;;;;01.946.155/0001-88;;;;;;;;;;RENUNCIA_OUTROS;3919896.0;4109226.98;2023;8.058
B2300377700000;O FUTURO DA MEDICINA;2023;;Renúncia — Outros Mecanismos;0.0;0.0;62898.0;60000;0.0;0.0;0.0;0.0;0;0.0;0;0;0;3.853;2;;;;13.483.286/0001-55;;;;;;;;;;RENUNCIA_OUTROS;350000.0;366905.0;2023;0.0
B2300463800000;O FUTURO DO AGRONEGÓCIO;2023;;Renúncia — Outros Mecanismos;0.0;0.0;62898.0;60000;0.0;0.0;0.0;0.0;0;0.0;0;0;0;4.38;2;;;;13.483.286/0001-55;;;;;;;;;;RENUNCIA_OUTROS;348918.58;365771.35;2023;0.0
B2300349500000;O FUTURO É FEMININO;2023;;Renúncia — Art.3/3-A/39;0.0;0.0;62898.0;60000;0.0;0.0;0.0;0.0;0;0.0;0;0;0;3.4;1;0.0;;;18.675.219/0001-56;;;;;;;;;;RENUNCIA_ART3;380000.0;398354.0;2023;0.0
B2300525700000;O GAROTO;2023;;Renúncia — Outros Mecanismos;0.0;0.0;0.0;0;0.0;0.0;0.0;0.0;0;0.0;0;0;0;3.705;2;;;;11.326.389/0001-86;;;;;;;;;;RENUNCIA_OUTROS;726579.82;761673.63;2023;0.0
B2300071700000;O MENSAGEIRO;2023;;Renúncia — Art.3/3-A/39;79321.2;79321.2;62898.0;60000;79321.2;0.0;0.4477;0.0;0;0.0;0;0;0;4.4;1;;;;73.947.392/0001-74;;;;;;;;;;RENUNCIA_ART3;169000.0;177162.7;2023;0.4477
B2300123600000;O OUTRO MUNDO DE SOFIA;2023;;Renúncia — Art.3/3-A/39;0.0;0.0;62898.0;60000;0.0;0.0;0.0;0.0;0;0.0;0;0;0;3.767;1;;;;10.519.798/0001-36;;;;;;;;;;RENUNCIA_ART3;1085000.0;1137405.5;2023;0.0
B2300524600000;O SEQUESTRO DO VOO 375;2023;;Renúncia — Art.3/3-A/39;3951845.22;4005959.16;0.0;0;4005959.16;0.0;0.6066;1.9;0;9.5;0;0;0;4.218;2;;;;13.029.754/0001-16;;;;;;;;;;RENUNCIA_ART3;6300000.0;6604290.0;2023;0.6066
B2300346500000;OLHOS DA LEI;2023;;Renúncia — Art.3/3-A/39;0.0;0.0;62898.0;60000;0.0;0.0;0.0;0.0;0;0.0;0;0;0;4.3;1;0.0;;;64.044.886/0001-58;;;;;;;;;;RENUNCIA_ART3;3385735.07;3549266.07;2023;0.0
B2300276100000;ONDA DE ESPERANÇA;2023;;Renúncia — Art.3/3-A/39;0.0;0.0;62898.0;60000;0.0;0.0;0.0;0.0;0;0.0;0;0;0;4.208;2;;;;20.840.042/0001-48;;;;;;;;;;RENUNCIA_ART3;500000.0;524150.0;2023;0.0
B2300127600000;OPERAÇÃO FRONTEIRA BRASIL - 2º TEMPORADA;2023;;Renúncia — Art.3/3-A/39;0.0;0.0;62898.0;60000;0.0;0.0;0.0;0.0;0;0.0;0;0;0;3.566;2;;;;02.947.857/0001-49;;;;;;;;;;RENUNCIA_ART3;4739653.8;4968579.08;2023;0.0
B2300435100000;OPERAÇÃO FRONTEIRA BRASIL - 3º TEMPORADA;2023;;Renúncia — Art.3/3-A/39;0.0;0.0;62898.0;60000;0.0;0.0;0.0;0.0;0;0.0;0;0;0;3.566;2;;;;02.947.857/0001-49;;;;;;;;;;RENUNCIA_ART3;4739653.79;4968579.07;2023;0.0
B2300230600000;OS AVENTUREIROS - A ORIGEM;2023;;Renúncia — Art.3/3-A/39;8487874.74;8604739.92;62898.0;60000;8604739.92;0.0;2.7361;12.77;0;0.0;12199;0;0;4.355;2;0.0;;;28.485.087/0001-53;;;;;;;;;;RENUNCIA_ART3;3000000.0;3144900.0;2023;2.7361
B2300311700000;PARA OS QUE FICAM;2023;;Renúncia — Art.3/3-A/39;0.0;0.0;62898.0;60000;0.0;0.0;0.0;0.0;0;0.0;0;0;0;4.1;1;;;;06.992.833/0001-62;;;;;;;;;;RENUNCIA_ART3;748125.0;784259.44;2023;0.0
B2300427100000;PARÁ MUSICAL;2023;;Renúncia — Art.3/3-A/39;0.0;0.0;62898.0;60000;0.0;0.0;0.0;0.0;0;0.0;0;0;0;0.0;0;;;;06.267.302/0001-07;;;;;;;;;;RENUNCIA_ART3;628902.5;659278.49;2023;0.0
B2300040400000;PASSAPORTE FEMININO;2023;;Renúncia — Art.3/3-A/39;0.0;0.0;62898.0;60000;0.0;0.0;0.0;0.0;0;0.0;0;0;0;0.0;0;0.0;;;28.878.082/0001-90;;;;;;;;;;RENUNCIA_ART3;566721.73;594094.39;2023;0.0
B2300532800000;PECUÁRIA EM FOCO - EDUCAÇÃO;2023;;Renúncia — Outros Mecanismos;0.0;0.0;0.0;0;0.0;0.0;0.0;0.0;0;0.0;0;0;0;3.732;2;;;;14.215.682/0001-64;;;;;;;;;;RENUNCIA_OUTROS;661639.0;693596.16;2023;0.0
B2300343300000;PEDÁGIO;2023;;Renúncia — Art.3/3-A/39;226788.19;229236.28;146762.0;140000;229236.28;0.0;0.0724;30.27;0;82.5;1332;2;2;0.0;0;0.0;;;07.570.789/0001-65;;;;;;;;;;RENUNCIA_ART3;3000000.0;3144900.0;2023;0.0729
B2300343300000;PEDÁGIO;2023;;Renúncia — Art.3/3-A/39;226788.19;229236.28;146762.0;140000;229236.28;0.0;0.0724;30.27;0;82.5;1332;2;2;0.0;0;0.0;;;07.570.789/0001-65;;;;;;;;;;RENUNCIA_OUTROS;20000.0;20966.0;2023;10.9337
B2300255800000;PERDIDA;2023;;Renúncia — Art.3/3-A/39;1895855.58;1921958.64;0.0;0;1921958.64;0.0;0.2037;0.0;0;0.0;0;0;0;3.803;2;;;;09.416.289/0001-07;;;;;;;;;;RENUNCIA_ART3;5000000.0;5241500.0;2023;0.3667
B2300255800000;PERDIDA;2023;;Renúncia — Art.3/3-A/39;1895855.58;1921958.64;0.0;0;1921958.64;0.0;0.2037;0.0;0;0.0;0;0;0;3.803;2;;;;09.416.289/0001-07;;;;;;;;;;RENUNCIA_OUTROS;4000000.0;4193200.0;2023;0.4584
B2300460400000;RAONI - UMA AMIZADE IMPROVAVEL;2023;;Renúncia — Art.3/3-A/39;2007.88;2007.88;293524.0;280000;2007.88;0.0;0.0091;0.0;0;0.0;0;0;0;0.0;0;;;;07.060.648/0001-00;;;;;;;;;;RENUNCIA_ART3;209500.0;219618.85;2023;0.0091
B2300230700000;RESÍDUO;2023;;sem_categoria;0.0;0.0;62898.0;60000;0.0;0.0;0.0;0.0;0;0.0;0;0;0;0.0;0;;;;07.525.577/0001-66;;;;;;;;;;RENUNCIA_OUTROS;316341.69;331620.99;2023;0.0
B2300295700000;REVOLTA DOS MALÊS;2023;;Renúncia — Outros Mecanismos;12334.69;12504.52;62898.0;60000;12504.52;0.0;0.0341;0.0;0;0.0;0;0;0;3.98;2;;;;04.661.796/0001-84;;;;;;;;;;RENUNCIA_OUTROS;350000.0;366905.0;2023;0.0341
B2300131900000;RIO DA DÚVIDA;2023;;Renúncia — Outros Mecanismos;0.0;0.0;0.0;0;0.0;0.0;0.0;0.0;0;0.0;0;0;0;3.959;2;;;;29.055.209/0001-34;;;;;;;;;;RENUNCIA_OUTROS;4000000.0;4193200.0;2023;0.0
B2300103200000;RIO DOCE;2023;;sem_categoria;26042.08;26400.64;62898.0;60000;26400.64;0.0;1.6789;0.0;0;0.0;0;0;0;4.252;2;0.0;;;22.543.352/0001-26;;;;;;;;;;RENUNCIA_OUTROS;15000.0;15724.5;2023;1.6789
B2300320300000;SAFO;2023;;Renúncia — Art.3/3-A/39;0.0;0.0;0.0;0;0.0;0.0;0.0;0.0;0;0.0;0;0;0;0.0;0;;;;09.047.640/0001-21;;;;;;;;;;RENUNCIA_OUTROS;200000.0;209660.0;2023;0.0
B2300490400000;SANTINO;2023;;Renúncia — Art.3/3-A/39;6202.56;6202.56;0.0;0;6202.56;0.0;0.0211;0.0;0;0.0;0;0;0;0.0;0;0.0;;;04.255.207/0001-68;;;;;;;;;;RENUNCIA_ART3;280000.0;293524.0;2023;0.0211
B2300351600000;SEM BLOQUEIO - 2ª TEMPORADA;2023;;Renúncia — Art.3/3-A/39;0.0;0.0;125796.0;120000;0.0;0.0;0.0;0.0;0;0.0;0;0;0;0.0;0;2.0;0.0;;01.613.170/0001-04;;;;;;;;;;RENUNCIA_ART3;1425000.0;1493827.5;2023;0.0
B2300338900000;SURDES;2023;;Renúncia — Art.3/3-A/39;0.0;0.0;125796.0;120000;0.0;0.0;0.0;0.0;0;0.0;0;0;0;0.0;0;0.0;;;28.037.068/0001-64;;;;;;;;;;RENUNCIA_ART3;460717.1;482969.74;2023;0.0
B2300170000000;TECA E TUTI: UMA NOITE NA BIBLIOTECA;2023;;Renúncia — Outros Mecanismos;175938.0;175938.0;209660.0;200000;175938.0;0.0;0.0943;0.0;0;0.0;0;0;0;4.013;2;0.0;;;05.738.800/0001-28;;;;;;;;;;RENUNCIA_OUTROS;1780000.0;1865974.0;2023;0.0943
B2300190300000;TODO DIA É DIA DE FEIRA;2023;;Renúncia — Art.3/3-A/39;218.68;218.68;0.0;0;218.68;0.0;0.0006;0.0;0;0.0;0;0;0;4.0;1;;;;00.538.914/0001-00;;;;;;;;;;RENUNCIA_ART3;353020.0;370070.87;2023;0.0006
B2300214300000;TRANSMUSICAL;2023;;Renúncia — Art.3/3-A/39;0.0;0.0;62898.0;60000;0.0;0.0;0.0;0.0;0;0.0;0;0;0;0.0;0;;;;20.840.042/0001-48;;;;;;;;;;RENUNCIA_ART3;328411.12;344273.38;2023;0.0
B2300408000000;TÁ ESCRITO;2023;;Renúncia — Art.3/3-A/39;1093212.17;1108250.36;146762.0;140000;1108250.36;0.0;0.2951;0.0;0;0.0;0;0;0;0.0;0;;;;12.580.503/0001-62;;;;;;;;;;RENUNCIA_ART3;3000000.0;3144900.0;2023;0.3524
B2300408000000;TÁ ESCRITO;2023;;Renúncia — Art.3/3-A/39;1093212.17;1108250.36;146762.0;140000;1108250.36;0.0;0.2951;0.0;0;0.0;0;0;0;0.0;0;;;;12.580.503/0001-62;;;;;;;;;;RENUNCIA_OUTROS;582845.69;610997.14;2023;1.8138
B2300388100000;UM CERTO WILSON;2023;;Renúncia — Art.3/3-A/39;2007.88;2007.88;0.0;0;2007.88;0.0;0.0064;0.0;0;0.0;0;0;0;3.8;1;;;;01.369.211/0001-69;;;;;;;;;;RENUNCIA_ART3;300000.0;314490.0;2023;0.0064
B2300346800000;UNIDADE BÁSICA - 3ª TEMPORADA;2023;;Renúncia — Art.3/3-A/39;0.0;0.0;62898.0;60000;0.0;0.0;0.0;0.0;0;0.0;0;0;0;0.0;0;0.0;;;01.378.559/0001-12;;;;;;;;;;RENUNCIA_ART3;3000000.0;3144900.0;2023;0.0
B2300346800000;UNIDADE BÁSICA - 3ª TEMPORADA;2023;;Renúncia — Art.3/3-A/39;0.0;0.0;62898.0;60000;0.0;0.0;0.0;0.0;0;0.0;0;0;0;0.0;0;0.0;;;01.378.559/0001-12;;;;;;;;;;RENUNCIA_OUTROS;700000.0;733810.0;2023;0.0
B2300449800000;VAMOS BRINCAR COM A TURMA DA MÔNICA – 2ª TEMPORADA;2023;;Renúncia — Art.3/3-A/39;0.0;0.0;293524.0;280000;0.0;0.0;0.0;0.0;0;0.0;0;0;0;3.9;1;1.0;1.0;;08.267.787/0001-64;;;;;;;;;;RENUNCIA_ART3;3000000.0;3144900.0;2023;0.0
B2300280300000;VEM COM ELAS!;2023;;Renúncia — Art.3/3-A/39;0.0;0.0;125796.0;120000;0.0;0.0;0.0;0.0;0;0.0;0;0;0;0.0;0;;;;01.613.170/0001-04;;;;;;;;;;RENUNCIA_ART3;1425000.0;1493827.5;2023;0.0
B1600324600000;BILL, O TOURO;2015;ARRANJOS REGIONAIS;FSA SAV/MINC / Arranjos Regionais;0.0;0.0;126443.52;80000;0.0;0.3189;0.0;0.0;0;0.0;0;0;0;4.3;1;0.0;;;00.830.735/0001-42;;;;;;;;;;FSA;266642.66;396500.57;2015;0.0
B1800159100000;DIVERSIDADE;2015;ARRANJOS REGIONAIS;FSA SAV/MINC / Arranjos Regionais;0.0;0.0;0.0;0;0.0;0.0;0.0;0.0;0;0.0;0;0;0;0.0;0;0.0;;;16.701.009/0001-60;;;;;;;;;;FSA;166004.92;246851.14;2015;0.0
B1800159100000;DIVERSIDADE;2015;ARRANJOS REGIONAIS;FSA SAV/MINC / Arranjos Regionais;0.0;0.0;0.0;0;0.0;0.0;0.0;0.0;0;0.0;0;0;0;0.0;0;0.0;;;16.701.009/0001-60;;;;;;;;;;RENUNCIA_OUTROS;200000.0;316108.8;2015;0.0
B1600107600000;EM NOME DA LEI;2015;ARRANJOS REGIONAIS;FSA SAV/MINC / Arranjos Regionais;3261654.3;4598701.24;324011.52;205000;4598701.24;1.7001;1.3975;0.0;0;0.0;0;0;0;4.3;1;;;;42.473.256/0001-66;;;;;;;;;;FSA;1831960.08;2895493.51;2015;1.5882
B1600107600000;EM NOME DA LEI;2015;ARRANJOS REGIONAIS;FSA SAV/MINC / Arranjos Regionais;3261654.3;4598701.24;324011.52;205000;4598701.24;1.7001;1.3975;0.0;0;0.0;0;0;0;4.3;1;;;;42.473.256/0001-66;;;;;;;;;;RENUNCIA_ART3;250000.0;395136.0;2015;11.6383
B1600064700000;ESPAÇO ALÉM - MARINA ABRAMOVIC E O BRASIL;2015;ARRANJOS REGIONAIS;FSA SAV/MINC / Arranjos Regionais;285087.9;401953.72;189665.28;120000;401953.72;6.631;1.2318;0.0;0;0.0;0;0;0;3.4;1;;;;06.228.927/0001-60;;;;;;;;;;FSA;60000.0;89220.66;2015;4.5052
B1600064700000;ESPAÇO ALÉM - MARINA ABRAMOVIC E O BRASIL;2015;ARRANJOS REGIONAIS;FSA SAV/MINC / Arranjos Regionais;285087.9;401953.72;189665.28;120000;401953.72;6.631;1.2318;0.0;0;0.0;0;0;0;3.4;1;;;;06.228.927/0001-60;;;;;;;;;;RENUNCIA_OUTROS;150000.0;237081.6;2015;1.6954
B1600416100000;MÃE SÓ HÁ UMA;2015;ARRANJOS REGIONAIS;FSA SAV/MINC / Arranjos Regionais;478551.3;674488.64;671731.2;425000;674488.64;6.2135;0.1037;13.91;0;0.0;28144;0;0;3.5;1;0.0;;;64.047.665/0001-33;;;;;;;;;;FSA;150000.0;216660.15;2015;3.1131
B1600416100000;MÃE SÓ HÁ UMA;2015;ARRANJOS REGIONAIS;FSA SAV/MINC / Arranjos Regionais;478551.3;674488.64;671731.2;425000;674488.64;6.2135;0.1037;13.91;0;0.0;28144;0;0;3.5;1;0.0;;;64.047.665/0001-33;;;;;;;;;;RENUNCIA_OUTROS;3980000.0;6290565.12;2015;0.1072
B1600227000000;O CASEIRO;2015;ARRANJOS REGIONAIS;FSA SAV/MINC / Arranjos Regionais;186754.5;263310.6;94832.64;60000;263310.6;0.9064;0.0709;0.0;0;0.0;0;0;0;3.4;1;;;;53.976.478/0001-18;;;;;;;;;;FSA;250000.0;395136.0;2015;0.6664
B1600227000000;O CASEIRO;2015;ARRANJOS REGIONAIS;FSA SAV/MINC / Arranjos Regionais;186754.5;263310.6;94832.64;60000;263310.6;0.9064;0.0709;0.0;0;0.0;0;0;0;3.4;1;;;;53.976.478/0001-18;;;;;;;;;;RENUNCIA_ART3;2100000.0;3319142.4;2015;0.0793
B1600756100000;A CIDADE DO FUTURO;2016;ARRANJOS REGIONAIS;FSA SAV/MINC / Arranjos Regionais;177261.44;234305.68;208181.54;140000;234305.68;1.4878;0.5858;0.0;0;0.0;0;0;0;4.062;2;1.0;0.0;;00.845.658/0001-02;;;;;;;;;;FSA;200000.0;297402.2;2016;0.7878
B1600756100000;A CIDADE DO FUTURO;2016;ARRANJOS REGIONAIS;FSA SAV/MINC / Arranjos Regionais;177261.44;234305.68;208181.54;140000;234305.68;1.4878;0.5858;0.0;0;0.0;0;0;0;4.062;2;1.0;0.0;;00.845.658/0001-02;;;;;;;;;;RENUNCIA_OUTROS;69000.0;102603.76;2016;2.2836
B1600630700000;A FINADA MÃE DA MADAME;2016;ARRANJOS REGIONAIS;FSA SAV/MINC / Arranjos Regionais;6915.0;9164.68;208181.54;140000;9164.68;0.2741;0.0014;0.0;0;0.0;0;0;0;3.5;1;;;;09.124.563/0001-66;;;;;;;;;;FSA;533333.0;793072.04;2016;0.0116
B1600630700000;A FINADA MÃE DA MADAME;2016;ARRANJOS REGIONAIS;FSA SAV/MINC / Arranjos Regionais;6915.0;9164.68;208181.54;140000;9164.68;0.2741;0.0014;0.0;0;0.0;0;0;0;3.5;1;;;;09.124.563/0001-66;;;;;;;;;;RENUNCIA_OUTROS;3980000.0;5918303.78;2016;0.0015
B1700012000000;A PROFESSORA DE MÚSICA;2016;ARRANJOS REGIONAIS;FSA SAV/MINC / Arranjos Regionais;0.0;0.0;0.0;0;0.0;0.0;0.0;0.0;0;0.0;0;0;0;4.05;2;1.0;0.0;;14.949.815/0001-26;;;;;;;;;;FSA;133333.33;198268.13;2016;0.0
B1600713500000;AS AVENTURAS DE MINUANO KID;2016;ARRANJOS REGIONAIS;FSA SAV/MINC / Arranjos Regionais;0.0;0.0;118960.88;80000;0.0;0.5018;0.0;0.0;0;0.0;0;0;0;4.3;1;1.0;0.0;;15.288.201/0001-03;;;;;;;;;;FSA;150000.0;237081.6;2016;0.0
B1700013000000;CAFÉ COM CANELA;2016;ARRANJOS REGIONAIS;FSA SAV/MINC / Arranjos Regionais;158265.92;209197.24;297402.2;200000;209197.24;0.6402;0.2644;0.0;0;0.0;0;0;0;3.7;1;36.0;14.0;Rotterdam;13.650.474/0001-20;;;;;;;;;;FSA;532119.33;791267.3;2016;0.2644
B1700422600000;CHOCANTE;2016;ARRANJOS REGIONAIS;FSA SAV/MINC / Arranjos Regionais;2376420.0;3149548.64;215616.6;145000;3149548.64;4.6192;0.5722;0.0;0;0.0;0;0;0;0.0;0;;;;09.558.964/0001-24;;;;;;;;;;FSA;504368.2;728509.93;2016;4.3233
B1700422600000;CHOCANTE;2016;ARRANJOS REGIONAIS;FSA SAV/MINC / Arranjos Regionais;2376420.0;3149548.64;215616.6;145000;3149548.64;4.6192;0.5722;0.0;0;0.0;0;0;0;0.0;0;;;;09.558.964/0001-24;;;;;;;;;;RENUNCIA_ART3;3000000.0;4461033.0;2016;0.706
B1700422600000;CHOCANTE;2016;ARRANJOS REGIONAIS;FSA SAV/MINC / Arranjos Regionais;2376420.0;3149548.64;215616.6;145000;3149548.64;4.6192;0.5722;0.0;0;0.0;0;0;0;0.0;0;;;;09.558.964/0001-24;;;;;;;;;;RENUNCIA_OUTROS;211551.88;314579.97;2016;10.0119
B1600651600000;CURUMIM, O HOMEM QUE QUERIA VOAR;2016;ARRANJOS REGIONAIS;FSA SAV/MINC / Arranjos Regionais;32965.8;46479.44;89220.66;60000;46479.44;0.9126;0.0405;0.0;0;0.0;0;0;0;3.9;1;;;;01.803.185/0001-35;;;;;;;;;;FSA;100000.0;148701.1;2016;0.3126
B1600651600000;CURUMIM, O HOMEM QUE QUERIA VOAR;2016;ARRANJOS REGIONAIS;FSA SAV/MINC / Arranjos Regionais;32965.8;46479.44;89220.66;60000;46479.44;0.9126;0.0405;0.0;0;0.0;0;0;0;3.9;1;;;;01.803.185/0001-35;;;;;;;;;;RENUNCIA_ART3;300000.0;446103.3;2016;0.1042
B1600651600000;CURUMIM, O HOMEM QUE QUERIA VOAR;2016;ARRANJOS REGIONAIS;FSA SAV/MINC / Arranjos Regionais;32965.8;46479.44;89220.66;60000;46479.44;0.9126;0.0405;0.0;0;0.0;0;0;0;3.9;1;;;;01.803.185/0001-35;;;;;;;;;;RENUNCIA_OUTROS;371010.0;551695.95;2016;0.0842
B1700401900000;EU MORO AQUI;2016;ARRANJOS REGIONAIS;FSA SAV/MINC / Arranjos Regionais;0.0;0.0;118960.88;80000;0.0;0.24;0.0;0.0;0;0.0;0;0;0;4.03;2;;;;02.402.531/0001-36;;;;;;;;;;FSA;333333.34;495670.34;2016;0.0
B1600714000000;O ÚLTIMO TRAGO;2016;ARRANJOS REGIONAIS;FSA SAV/MINC / Arranjos Regionais;7525.56;9462.88;0.0;0;9462.88;0.007;0.007;0.0;0;0.0;0;0;0;4.6;1;;;;08.254.467/0001-70;;;;;;;;;;FSA;904326.46;1344743.39;2016;0.007
B1600473500000;QUATRO MILAGRES DE UM SANTO LADRÃO;2016;ARRANJOS REGIONAIS;FSA SAV/MINC / Arranjos Regionais;0.0;0.0;89220.66;60000;0.0;0.3763;0.0;0.0;0;0.0;0;0;0;4.1;1;0.0;;;12.667.775/0001-02;;;;;;;;;;FSA;150000.0;237081.6;2016;0.0
B1600547800000;RIFLE;2016;ARRANJOS REGIONAIS;FSA SAV/MINC / Arranjos Regionais;30630.12;40594.96;208181.54;140000;40594.96;0.3879;0.0633;9.4;0;37.0;0;1;1;0.0;0;14.0;7.0;;10.468.552/0001-82;;;;;;;;;;FSA;444000.0;641314.04;2016;0.0633
B1700605000000;A MOÇA DO CALENDÁRIO;2017;ARRANJOS REGIONAIS;FSA SAV/MINC / Arranjos Regionais;40848.64;53994.08;86664.06;60000;53994.08;0.1361;0.0522;4.1;0;20.5;0;0;0;0.0;0;;;;04.760.800/0001-61;;;;;;;;;;FSA;695000.0;1033472.65;2017;0.0522
B1800115300000;A VIDA EXTRA-ORDINÁRIA DE TARSO DE CASTRO;2017;ARRANJOS REGIONAIS;FSA SAV/MINC / Arranjos Regionais;21251.52;28090.44;519984.36;360000;28090.44;2.5297;0.1297;0.0;0;0.0;0;0;0;3.2;1;;;;11.384.969/0001-20;;;;;;;;;;FSA;150000.0;216660.15;2017;0.1297
B1700542200000;ALCE & ALICE;2017;ARRANJOS REGIONAIS;FSA SAV/MINC / Arranjos Regionais;0.0;0.0;404432.28;280000;0.0;1.7059;0.0;0.0;0;0.0;0;0;0;0.0;0;0.0;;;11.862.908/0001-20;;;;;;;;;;FSA;150000.0;237081.6;2017;0.0
B1800408800000;AURORA 1964;2017;ARRANJOS REGIONAIS;FSA SAV/MINC / Arranjos Regionais;0.0;0.0;86664.06;60000;0.0;0.6468;0.0;0.0;0;0.0;0;0;0;0.0;0;;;;18.274.744/0001-60;;;;;;;;;;FSA;96240.72;133985.75;2017;0.0
B1800408800000;AURORA 1964;2017;ARRANJOS REGIONAIS;FSA SAV/MINC / Arranjos Regionais;0.0;0.0;86664.06;60000;0.0;0.6468;0.0;0.0;0;0.0;0;0;0;0.0;0;;;;18.274.744/0001-60;;;;;;;;;;RENUNCIA_OUTROS;500000.0;722200.5;2017;0.0
B1700620000000;BRAZIL, MADE IN PARANÁ;2017;ARRANJOS REGIONAIS;FSA SAV/MINC / Arranjos Regionais;0.0;0.0;115552.08;80000;0.0;2.5903;0.0;0.0;0;0.0;0;0;0;0.0;0;0.0;;;04.937.797/0001-09;;;;;;;;;;FSA;30000.0;44610.33;2017;0.0
B1700620000000;BRAZIL, MADE IN PARANÁ;2017;ARRANJOS REGIONAIS;FSA SAV/MINC / Arranjos Regionais;0.0;0.0;115552.08;80000;0.0;2.5903;0.0;0.0;0;0.0;0;0;0;0.0;0;0.0;;;04.937.797/0001-09;;;;;;;;;;RENUNCIA_ART3;606680.17;876289.44;2017;0.0
B1900426000000;CANAL 60;2017;ARRANJOS REGIONAIS;FSA SAV/MINC / Arranjos Regionais;0.0;0.0;0.0;0;0.0;0.0;0.0;0.0;0;0.0;0;0;0;0.0;0;0.0;;;79.052.494/0001-08;;;;;;;;;;FSA;54000.0;80298.59;2017;0.0
B1900452000000;CLANDESTINO;2017;ARRANJOS REGIONAIS;FSA SAV/MINC / Arranjos Regionais;0.0;0.0;0.0;0;0.0;0.0;0.0;0.0;0;0.0;0;0;0;0.0;0;0.0;;;15.667.476/0001-58;;;;;;;;;;FSA;33333.33;49567.03;2017;0.0
B1900452000000;CLANDESTINO;2017;ARRANJOS REGIONAIS;FSA SAV/MINC / Arranjos Regionais;0.0;0.0;0.0;0;0.0;0.0;0.0;0.0;0;0.0;0;0;0;0.0;0;0.0;;;15.667.476/0001-58;;;;;;;;;;RENUNCIA_ART3;620101.61;895675.39;2017;0.0
B1900452000000;CLANDESTINO;2017;ARRANJOS REGIONAIS;FSA SAV/MINC / Arranjos Regionais;0.0;0.0;0.0;0;0.0;0.0;0.0;0.0;0;0.0;0;0;0;0.0;0;0.0;;;15.667.476/0001-58;;;;;;;;;;RENUNCIA_OUTROS;100000.0;144440.1;2017;0.0
B1700342300000;DIÁRIOS DA FLORESTA;2017;ARRANJOS REGIONAIS;FSA SAV/MINC / Arranjos Regionais;0.0;0.0;202216.14;140000;0.0;0.204;0.0;0.0;0;0.0;0;0;0;4.0;1;;;;05.209.603/0001-11;;;;;;;;;;FSA;666666.64;991340.63;2017;0.0
B1800077200000;JEITOSINHA;2017;ARRANJOS REGIONAIS;FSA SAV/MINC / Arranjos Regionais;0.0;0.0;86664.06;60000;0.0;0.3466;0.0;0.0;0;0.0;0;0;0;0.0;0;;;;16.820.127/0001-97;;;;;;;;;;FSA;168147.52;250037.21;2017;0.0
B1800077200000;JEITOSINHA;2017;ARRANJOS REGIONAIS;FSA SAV/MINC / Arranjos Regionais;0.0;0.0;86664.06;60000;0.0;0.3466;0.0;0.0;0;0.0;0;0;0;0.0;0;;;;16.820.127/0001-97;;;;;;;;;;RENUNCIA_OUTROS;7100.0;10255.25;2017;0.0
B1900203700000;JOÃO E MARIA - UMA AVENTURA NO CERRADO (O FILME);2017;ARRANJOS REGIONAIS;FSA SAV/MINC / Arranjos Regionais;0.0;0.0;0.0;0;0.0;0.0;0.0;0.0;0;0.0;0;0;0;4.3;1;;;;11.274.042/0001-37;;;;;;;;;;FSA;28000.0;40443.23;2017;0.0
B1900203700000;JOÃO E MARIA - UMA AVENTURA NO CERRADO (O FILME);2017;ARRANJOS REGIONAIS;FSA SAV/MINC / Arranjos Regionais;0.0;0.0;0.0;0;0.0;0.0;0.0;0.0;0;0.0;0;0;0;4.3;1;;;;11.274.042/0001-37;;;;;;;;;;RENUNCIA_OUTROS;1980000.0;2859913.98;2017;0.0
B1800443100000;LENINGRADO LINHA 41;2017;ARRANJOS REGIONAIS;FSA SAV/MINC / Arranjos Regionais;0.0;0.0;0.0;0;0.0;0.0;0.0;0.0;0;0.0;0;0;0;0.0;0;0.0;;;17.220.694/0001-75;;;;;;;;;;FSA;33334.0;49568.02;2017;0.0
B1700214000000;NO FIM DE TUDO;2017;ARRANJOS REGIONAIS;FSA SAV/MINC / Arranjos Regionais;0.0;0.0;173328.12;120000;0.0;3.4968;0.0;0.0;0;0.0;0;0;0;4.3;1;;;;25.094.170/0001-03;;;;;;;;;;FSA;33334.0;49568.02;2017;0.0
B1700104400000;O CLUBE DOS CANIBAIS;2017;ARRANJOS REGIONAIS;FSA SAV/MINC / Arranjos Regionais;31148.43;39163.6;86664.06;60000;39163.6;0.1073;0.0334;0.0;0;0.0;0;0;0;3.445;2;;;;16.894.643/0001-66;;;;;;;;;;FSA;788500.0;1172508.17;2017;0.0334
B1800609700000;O SAMBA QUE MORA AQUI;2017;ARRANJOS REGIONAIS;FSA SAV/MINC / Arranjos Regionais;0.0;0.0;0.0;0;0.0;0.0;0.0;0.0;0;0.0;0;0;0;4.03;2;;;;12.345.593/0001-07;;;;;;;;;;FSA;200000.0;297402.2;2017;0.0
B1800609700000;O SAMBA QUE MORA AQUI;2017;ARRANJOS REGIONAIS;FSA SAV/MINC / Arranjos Regionais;0.0;0.0;0.0;0;0.0;0.0;0.0;0.0;0;0.0;0;0;0;4.03;2;;;;12.345.593/0001-07;;;;;;;;;;RENUNCIA_ART3;158458.94;228878.25;2017;0.0
B1800609700000;O SAMBA QUE MORA AQUI;2017;ARRANJOS REGIONAIS;FSA SAV/MINC / Arranjos Regionais;0.0;0.0;0.0;0;0.0;0.0;0.0;0.0;0;0.0;0;0;0;4.03;2;;;;12.345.593/0001-07;;;;;;;;;;RENUNCIA_OUTROS;1226550.6;1771630.91;2017;0.0
B1700070600000;O SENHOR DAS JORNADAS;2017;ARRANJOS REGIONAIS;FSA SAV/MINC / Arranjos Regionais;0.0;0.0;115552.08;80000;0.0;0.4662;0.0;0.0;0;0.0;0;0;0;4.133;2;;;;16.487.027/0001-90;;;;;;;;;;FSA;166666.67;247835.17;2017;0.0
B1700510100000;PAULA PARANORMAL;2017;ARRANJOS REGIONAIS;FSA SAV/MINC / Arranjos Regionais;0.0;0.0;0.0;0;0.0;0.0;0.0;0.0;0;0.0;0;0;0;0.0;0;1.0;0.0;;06.768.153/0001-60;;;;;;;;;;FSA;54000.0;80298.59;2017;0.0
B1800236000000;PROFETAS DA CHUVA;2017;ARRANJOS REGIONAIS;FSA SAV/MINC / Arranjos Regionais;0.0;0.0;288880.2;200000;0.0;0.8886;0.0;0.0;0;0.0;0;0;0;3.468;2;;;;03.048.443/0001-40;;;;;;;;;;FSA;225079.06;325104.42;2017;0.0
B1800364300000;SABÁ;2017;ARRANJOS REGIONAIS;FSA SAV/MINC / Arranjos Regionais;0.0;0.0;0.0;0;0.0;0.0;0.0;0.0;0;0.0;0;0;0;0.0;0;2.0;1.0;;19.709.434/0001-93;;;;;;;;;;FSA;73620.5;106337.52;2017;0.0
B1700424500000;YONLU;2017;ARRANJOS REGIONAIS;FSA SAV/MINC / Arranjos Regionais;118906.24;157171.28;86664.06;60000;157171.28;0.205;0.1321;2.4;0;12.0;0;0;0;0.0;0;;;;11.907.529/0001-00;;;;;;;;;;FSA;800000.0;1189608.8;2017;0.1321
B1800307800000;1798 REVOLTA DOS BÚZIOS;2018;ARRANJOS REGIONAIS;FSA SAV/MINC / Arranjos Regionais;137052.72;137052.72;194907.16;140000;137052.72;1.1162;0.4608;0.0;0;0.0;0;0;0;0.0;0;3.0;39.0;;63.190.623/0001-94;;;;;;;;;;FSA;200000.0;297402.2;2018;0.4608
B1900117400000;A COLMEIA;2018;ARRANJOS REGIONAIS;FSA SAV/MINC / Arranjos Regionais;14917.1;15526.28;83531.64;60000;15526.28;0.1699;0.0266;0.0;0;0.0;0;0;0;0.0;0;;;;13.622.499/0001-10;;;;;;;;;;FSA;392000.0;582908.31;2018;0.0266
B1900412100000;A VOZ DO VERBO ENCANTADO;2018;ARRANJOS REGIONAIS;FSA SAV/MINC / Arranjos Regionais;0.0;0.0;0.0;0;0.0;0.0;0.0;0.0;0;0.0;0;0;0;2.6;1;0.0;;;11.223.363/0001-02;;;;;;;;;;FSA;237416.0;342923.91;2018;0.0
B1900034500000;ALASKA;2018;ARRANJOS REGIONAIS;FSA SAV/MINC / Arranjos Regionais;33880.83;42602.84;83531.64;60000;42602.84;0.2394;0.0808;0.0;0;0.0;0;0;0;0.0;0;;;;17.942.221/0001-81;;;;;;;;;;FSA;378500.0;526945.43;2018;0.0808
B1800093300000;ANJOS HUMANOS;2018;ARRANJOS REGIONAIS;FSA SAV/MINC / Arranjos Regionais;0.0;0.0;111375.52;80000;0.0;0.2721;0.0;0.0;0;0.0;0;0;0;0.0;0;15.0;18.0;;07.467.108/0001-38;;;;;;;;;;FSA;283333.33;409246.95;2018;0.0
B1800141000000;AZOUGUE NAZARÉ;2018;ARRANJOS REGIONAIS;FSA SAV/MINC / Arranjos Regionais;77264.29;97034.28;83531.64;60000;97034.28;0.3162;0.1699;0.0;0;0.0;0;0;0;0.0;0;;;;14.595.634/0001-49;;;;;;;;;;FSA;395300.0;570971.72;2018;0.1699
B1800494000000;BEIÇO DE ESTRADA;2018;ARRANJOS REGIONAIS;FSA SAV/MINC / Arranjos Regionais;334.74;417.48;0.0;0;417.48;0.0006;0.0001;0.0;0;0.0;0;0;0;3.6;1;1.0;0.0;;03.576.269/0001-09;;;;;;;;;;FSA;500000.0;743505.5;2018;0.0006
B1800494000000;BEIÇO DE ESTRADA;2018;ARRANJOS REGIONAIS;FSA SAV/MINC / Arranjos Regionais;334.74;417.48;0.0;0;417.48;0.0006;0.0001;0.0;0;0.0;0;0;0;3.6;1;1.0;0.0;;03.576.269/0001-09;;;;;;;;;;RENUNCIA_OUTROS;4000000.0;5568776.0;2018;0.0001
B1800394600000;BOTECAM;2018;ARRANJOS REGIONAIS;FSA SAV/MINC / Arranjos Regionais;0.0;0.0;0.0;0;0.0;0.0;0.0;0.0;0;0.0;0;0;0;0.0;0;0.0;;;09.355.997/0001-77;;;;;;;;;;FSA;128000.0;190337.41;2018;0.0
B1900032600000;CARTAS PARA...A SÉRIE, ESCRITORAS BAIANAS;2018;ARRANJOS REGIONAIS;FSA SAV/MINC / Arranjos Regionais;0.0;0.0;278438.8;200000;0.0;0.853;0.0;0.0;0;0.0;0;0;0;4.055;2;;;;05.791.137/0001-25;;;;;;;;;;FSA;226000.0;326434.63;2018;0.0
B1900210300000;"CIRCO SOCIAL ""OS KACO""";2018;ARRANJOS REGIONAIS;FSA SAV/MINC / Arranjos Regionais;0.0;0.0;0.0;0;0.0;0.0;0.0;0.0;0;0.0;0;0;0;0.0;0;;;;11.274.042/0001-37;;;;;;;;;;FSA;15000.0;21666.01;2018;0.0
B1900433000000;CODINOME BRENO;2018;ARRANJOS REGIONAIS;FSA SAV/MINC / Arranjos Regionais;0.0;0.0;83531.64;60000;0.0;1.7349;0.0;0.0;0;0.0;0;0;0;0.0;0;;;;17.220.694/0001-75;;;;;;;;;;FSA;33333.33;48146.7;2018;0.0
B1800569200000;CRISÁLIDA;2018;ARRANJOS REGIONAIS;FSA SAV/MINC / Arranjos Regionais;0.0;0.0;111375.52;80000;0.0;0.1606;0.0;0.0;0;0.0;0;0;0;0.0;0;;;;01.009.824/0001-95;;;;;;;;;;FSA;480000.0;693312.48;2018;0.0
B1800569200000;CRISÁLIDA;2018;ARRANJOS REGIONAIS;FSA SAV/MINC / Arranjos Regionais;0.0;0.0;111375.52;80000;0.0;0.1606;0.0;0.0;0;0.0;0;0;0;0.0;0;;;;01.009.824/0001-95;;;;;;;;;;RENUNCIA_ART3;3000000.0;4176582.0;2018;0.0
B1800566100000;CRUA;2018;ARRANJOS REGIONAIS;FSA SAV/MINC / Arranjos Regionais;0.0;0.0;0.0;0;0.0;0.0;0.0;0.0;0;0.0;0;0;0;4.23;2;1.0;0.0;;10.773.468/0001-72;;;;;;;;;;FSA;46666.66;67405.37;2018;0.0
B1800485700000;ESTANTE DE LIVROS;2018;ARRANJOS REGIONAIS;FSA SAV/MINC / Arranjos Regionais;0.0;0.0;0.0;0;0.0;0.0;0.0;0.0;0;0.0;0;0;0;0.0;0;;;;03.827.382/0001-10;;;;;;;;;;FSA;52325.63;77808.79;2018;0.0
B1800449500000;EU, UM OUTRO;2018;ARRANJOS REGIONAIS;FSA SAV/MINC / Arranjos Regionais;10564.85;10993.64;83531.64;60000;10993.64;0.1413;0.0164;0.0;0;0.0;0;0;0;3.983;1;;;;02.825.596/0001-94;;;;;;;;;;FSA;450000.0;669154.95;2018;0.0164
B1800335300000;FRANS KRAJCBERG: MANIFESTO;2018;ARRANJOS REGIONAIS;FSA SAV/MINC / Arranjos Regionais;27114.15;34094.2;83531.64;60000;34094.2;0.4121;0.0532;0.0;0;0.0;0;0;0;0.0;0;;;;60.636.537/0001-74;;;;;;;;;;FSA;205000.0;285399.77;2018;0.1195
B1800335300000;FRANS KRAJCBERG: MANIFESTO;2018;ARRANJOS REGIONAIS;FSA SAV/MINC / Arranjos Regionais;27114.15;34094.2;83531.64;60000;34094.2;0.4121;0.0532;0.0;0;0.0;0;0;0;0.0;0;;;;60.636.537/0001-74;;;;;;;;;;RENUNCIA_OUTROS;255000.0;355009.47;2018;0.096
B1800452000000;FRONTEIRAS;2018;ARRANJOS REGIONAIS;FSA SAV/MINC / Arranjos Regionais;0.0;0.0;0.0;0;0.0;0.0;0.0;0.0;0;0.0;0;0;0;3.817;1;;;;14.622.284/0001-62;;;;;;;;;;FSA;30000.0;44610.33;2018;0.0
B1800452000000;FRONTEIRAS;2018;ARRANJOS REGIONAIS;FSA SAV/MINC / Arranjos Regionais;0.0;0.0;0.0;0;0.0;0.0;0.0;0.0;0;0.0;0;0;0;3.817;1;;;;14.622.284/0001-62;;;;;;;;;;RENUNCIA_ART3;1985500.0;2764201.19;2018;0.0
B1900248400000;HUNT;2018;ARRANJOS REGIONAIS;FSA SAV/MINC / Arranjos Regionais;0.0;0.0;0.0;0;0.0;0.0;0.0;0.0;0;0.0;0;0;0;0.0;0;0.0;;;17.730.742/0001-75;;;;;;;;;;FSA;211550.0;294518.64;2018;0.0
B1800255500000;ILHA;2018;ARRANJOS REGIONAIS;FSA SAV/MINC / Arranjos Regionais;2604.28;2604.28;83531.64;60000;2604.28;0.1124;0.0003;0.0;0;0.0;0;0;0;4.423;2;36.0;14.0;Rotterdam;13.650.474/0001-20;;;;;;;;;;FSA;530760.0;766630.27;2018;0.0034
B1800255500000;ILHA;2018;ARRANJOS REGIONAIS;FSA SAV/MINC / Arranjos Regionais;2604.28;2604.28;83531.64;60000;2604.28;0.1124;0.0003;0.0;0;0.0;0;0;0;4.423;2;36.0;14.0;Rotterdam;13.650.474/0001-20;;;;;;;;;;RENUNCIA_OUTROS;5398087.77;7515185.4;2018;0.0003
B1800168300000;INFERNINHO;2018;ARRANJOS REGIONAIS;FSA SAV/MINC / Arranjos Regionais;59524.65;74848.2;194907.16;140000;74848.2;2.1818;0.6054;0.0;0;0.0;0;0;0;0.0;0;;;;08.254.467/0001-70;;;;;;;;;;FSA;85600.0;123640.73;2018;0.6054
B1800190900000;JOVENS DE CORAÇÃO - EPISÓDIO PILOTO;2018;ARRANJOS REGIONAIS;FSA SAV/MINC / Arranjos Regionais;0.0;0.0;83531.64;60000;0.0;1.1111;0.0;0.0;0;0.0;0;0;0;4.203;2;1.0;0.0;;05.930.707/0001-10;;;;;;;;;;FSA;54000.0;75178.48;2018;0.0
B1800444000000;JUVENAL E OLIVER;2018;ARRANJOS REGIONAIS;FSA SAV/MINC / Arranjos Regionais;0.0;0.0;0.0;0;0.0;0.0;0.0;0.0;0;0.0;0;0;0;0.0;0;;;;19.709.434/0001-93;;;;;;;;;;FSA;79138.5;114307.73;2018;0.0
B1800287700000;LUNA;2018;ARRANJOS REGIONAIS;FSA SAV/MINC / Arranjos Regionais;16094.58;20237.84;83531.64;60000;20237.84;0.109;0.0031;0.0;0;0.0;0;0;0;0.0;0;0.0;;;12.751.837/0001-51;;;;;;;;;;FSA;640000.0;951687.04;2018;0.0213
B1800287700000;LUNA;2018;ARRANJOS REGIONAIS;FSA SAV/MINC / Arranjos Regionais;16094.58;20237.84;83531.64;60000;20237.84;0.109;0.0031;0.0;0;0.0;0;0;0;0.0;0;0.0;;;12.751.837/0001-51;;;;;;;;;;RENUNCIA_ART3;3993500.0;5559726.74;2018;0.0036
B1800610400000;MIRANTE;2018;ARRANJOS REGIONAIS;FSA SAV/MINC / Arranjos Regionais;10682.79;10794.84;0.0;0;10794.84;0.0291;0.0291;0.0;0;0.0;0;0;0;0.0;0;;;;13.254.763/0001-00;;;;;;;;;;FSA;249370.0;370815.93;2018;0.0291
B1900112800000;NA ASA DO VENTO;2018;ARRANJOS REGIONAIS;FSA SAV/MINC / Arranjos Regionais;0.0;0.0;83531.64;60000;0.0;0.3308;0.0;0.0;0;0.0;0;0;0;0.0;0;;;;17.902.521/0001-37;;;;;;;;;;FSA;174814.0;252501.52;2018;0.0
B1800348000000;NA CONTRAMÃO;2018;ARRANJOS REGIONAIS;FSA SAV/MINC / Arranjos Regionais;0.0;0.0;111375.52;80000;0.0;0.2721;0.0;0.0;0;0.0;0;0;0;0.0;0;;;;02.669.022/0001-74;;;;;;;;;;FSA;283332.0;409245.02;2018;0.0
B1900027900000;NADIR;2018;ARRANJOS REGIONAIS;FSA SAV/MINC / Arranjos Regionais;0.0;0.0;83531.64;60000;0.0;1.6854;0.0;0.0;0;0.0;0;0;0;0.0;0;0.0;;;21.557.420/0001-43;;;;;;;;;;FSA;33330.0;49562.08;2018;0.0
B1800440700000;O BARCO;2018;ARRANJOS REGIONAIS;FSA SAV/MINC / Arranjos Regionais;17265.02;21490.28;0.0;0;21490.28;0.021;0.021;0.8;0;4.0;0;0;0;0.0;0;;;;04.614.433/0001-98;;;;;;;;;;FSA;686666.67;1021080.89;2018;0.021
B1800311700000;O BEIJO DE ALICE;2018;ARRANJOS REGIONAIS;FSA SAV/MINC / Arranjos Regionais;0.0;0.0;0.0;0;0.0;0.0;0.0;0.0;0;0.0;0;0;0;4.11;2;;;;04.952.911/0001-70;;;;;;;;;;FSA;183000.0;272123.01;2018;0.0
B1800445800000;O BEM-AVENTURADO;2018;ARRANJOS REGIONAIS;FSA SAV/MINC / Arranjos Regionais;0.0;0.0;0.0;0;0.0;0.0;0.0;0.0;0;0.0;0;0;0;0.0;0;;;;12.064.131/0001-11;;;;;;;;;;FSA;182550.0;263675.4;2018;0.0
B1800378500000;O DESPERTAR DE SOLOMON;2018;ARRANJOS REGIONAIS;FSA SAV/MINC / Arranjos Regionais;0.0;0.0;0.0;0;0.0;0.0;0.0;0.0;0;0.0;0;0;0;3.6;1;0.0;;;80.026.826/0001-69;;;;;;;;;;FSA;172140.0;255974.07;2018;0.0
B1800189500000;OFF-GRID - (DES)REGRADOS (EPISÓDIO PILOTO);2018;ARRANJOS REGIONAIS;FSA SAV/MINC / Arranjos Regionais;0.0;0.0;83531.64;60000;0.0;2.0;0.0;0.0;0;0.0;0;0;0;0.0;0;0.0;;;05.930.707/0001-10;;;;;;;;;;FSA;30000.0;41765.82;2018;0.0
B1800235200000;ONDE QUER QUE VOCÊ ESTEJA;2018;ARRANJOS REGIONAIS;FSA SAV/MINC / Arranjos Regionais;8126.34;10218.32;83531.64;60000;10218.32;0.2522;0.0275;0.0;0;0.0;0;0;0;0.0;0;;;;04.315.795/0001-88;;;;;;;;;;FSA;250000.0;371752.75;2018;0.0275
B1800595000000;PEDRINHO E A CHUTEIRA DA SORTE;2018;ARRANJOS REGIONAIS;FSA SAV/MINC / Arranjos Regionais;0.0;0.0;111375.52;80000;0.0;0.2255;0.0;0.0;0;0.0;0;0;0;0.0;0;;;;18.274.744/0001-60;;;;;;;;;;FSA;354824.28;493984.23;2018;0.0
B1900427100000;QUANDO AS COISAS SE DESMANCHAM;2018;ARRANJOS REGIONAIS;FSA SAV/MINC / Arranjos Regionais;0.0;0.0;0.0;0;0.0;0.0;0.0;0.0;0;0.0;0;0;0;3.7;1;;;;17.220.694/0001-75;;;;;;;;;;FSA;33333.33;48146.7;2018;0.0
B1800216300000;RICK COM MONSTROS NOS DEDOS - EPISÓDIO PILOTO;2018;ARRANJOS REGIONAIS;FSA SAV/MINC / Arranjos Regionais;0.0;0.0;0.0;0;0.0;0.0;0.0;0.0;0;0.0;0;0;0;3.6;1;1.0;0.0;;06.768.153/0001-60;;;;;;;;;;FSA;43537.5;60612.65;2018;0.0
B1800466100000;TEMPORADA;2018;ARRANJOS REGIONAIS;FSA SAV/MINC / Arranjos Regionais;118668.15;149259.04;194907.16;140000;149259.04;0.5143;0.0102;20.14;0;48.0;2353;0;0;3.213;2;0.0;;;17.456.554/0001-09;;;;;;;;;;FSA;450000.0;669154.95;2018;0.2231
B1800466100000;TEMPORADA;2018;ARRANJOS REGIONAIS;FSA SAV/MINC / Arranjos Regionais;118668.15;149259.04;194907.16;140000;149259.04;0.5143;0.0102;20.14;0;48.0;2353;0;0;3.213;2;0.0;;;17.456.554/0001-09;;;;;;;;;;RENUNCIA_ART3;10043688.1;13982762.31;2018;0.0107
B1800454800000;XADALU E O JAGUARETÊ;2018;ARRANJOS REGIONAIS;FSA SAV/MINC / Arranjos Regionais;0.0;0.0;0.0;0;0.0;0.0;0.0;0.0;0;0.0;0;0;0;3.4;1;;;;12.325.821/0001-87;;;;;;;;;;FSA;150000.0;223051.65;2018;0.0
B1900471700000;A ARTE URBANA;2019;ARRANJOS REGIONAIS;FSA SAV/MINC / Arranjos Regionais;974.1;1013.88;0.0;0;1013.88;0.0074;0.0074;0.0;0;0.0;0;0;0;3.88;1;5.0;2.0;;12.573.633/0001-78;;;;;;;;;;FSA;94520.0;136524.78;2019;0.0074
B1900494600000;A BATALHA DE SHANGRI-LÁ;2019;ARRANJOS REGIONAIS;FSA SAV/MINC / Arranjos Regionais;2712.2;2822.96;0.0;0;2822.96;0.0015;0.0006;0.0;0;0.0;0;0;0;3.965;2;2.0;0.0;;19.716.946/0001-87;;;;;;;;;;FSA;1347212.5;1875581.16;2019;0.0015
B1900494600000;A BATALHA DE SHANGRI-LÁ;2019;ARRANJOS REGIONAIS;FSA SAV/MINC / Arranjos Regionais;2712.2;2822.96;0.0;0;2822.96;0.0015;0.0006;0.0;0;0.0;0;0;0;3.965;2;2.0;0.0;;19.716.946/0001-87;;;;;;;;;;RENUNCIA_OUTROS;1880000.0;2509179.6;2019;0.0011
B1900371300000;A CIDADE DO FUTURO TV;2019;ARRANJOS REGIONAIS;FSA SAV/MINC / Arranjos Regionais;0.0;0.0;0.0;0;0.0;0.0;0.0;0.0;0;0.0;0;0;0;4.062;2;1.0;0.0;;00.845.658/0001-02;;;;;;;;;;FSA;200000.0;266934.0;2019;0.0
B1900371300000;A CIDADE DO FUTURO TV;2019;ARRANJOS REGIONAIS;FSA SAV/MINC / Arranjos Regionais;0.0;0.0;0.0;0;0.0;0.0;0.0;0.0;0;0.0;0;0;0;4.062;2;1.0;0.0;;00.845.658/0001-02;;;;;;;;;;RENUNCIA_OUTROS;69000.0;92092.23;2019;0.0
B1900611200000;A CIDADE DOS ABISMOS;2019;ARRANJOS REGIONAIS;FSA SAV/MINC / Arranjos Regionais;18354.96;18607.68;0.0;0;18607.68;0.0891;0.0618;0.0;0;0.0;0;0;0;3.5;1;;;;17.822.593/0001-74;;;;;;;;;;FSA;150000.0;208829.1;2019;0.0891
B1900611200000;A CIDADE DOS ABISMOS;2019;ARRANJOS REGIONAIS;FSA SAV/MINC / Arranjos Regionais;18354.96;18607.68;0.0;0;18607.68;0.0891;0.0618;0.0;0;0.0;0;0;0;3.5;1;;;;17.822.593/0001-74;;;;;;;;;;RENUNCIA_OUTROS;69000.0;92092.23;2019;0.2021
B1900585300000;A MARAVILHA DO SÉCULO;2019;ARRANJOS REGIONAIS;FSA SAV/MINC / Arranjos Regionais;0.0;0.0;80080.2;60000;0.0;0.4348;0.0;0.0;0;0.0;0;0;0;0.0;0;;;;01.282.220/0001-18;;;;;;;;;;FSA;127500.0;184161.13;2019;0.0
B1900249100000;A NOITE AMARELA;2019;ARRANJOS REGIONAIS;FSA SAV/MINC / Arranjos Regionais;28840.82;36261.12;106773.6;80000;36261.12;0.1494;0.0379;0.0;0;0.0;0;0;0;3.2;1;;;;19.099.086/0001-80;;;;;;;;;;FSA;687475.0;957098.57;2019;0.0379
B1900617900000;A ÉTICA DAS HIENAS;2019;ARRANJOS REGIONAIS;FSA SAV/MINC / Arranjos Regionais;0.0;0.0;160160.4;120000;0.0;2.3761;0.0;0.0;0;0.0;0;0;0;0.0;0;;;;10.696.683/0001-17;;;;;;;;;;FSA;46667.0;67405.86;2019;0.0
B1900347600000;AMBIENTE FAMILIAR;2019;ARRANJOS REGIONAIS;FSA SAV/MINC / Arranjos Regionais;11509.68;14472.64;186853.8;140000;14472.64;0.4182;0.0301;0.0;0;0.0;0;0;0;0.0;0;;;;13.124.984/0001-64;;;;;;;;;;FSA;333333.33;481467.0;2019;0.0301
B2000007500000;APERTE START, WOLFGANG;2019;ARRANJOS REGIONAIS;FSA SAV/MINC / Arranjos Regionais;0.0;0.0;0.0;0;0.0;0.0;0.0;0.0;0;0.0;0;0;0;0.0;0;;;;08.378.645/0001-74;;;;;;;;;;FSA;54000.0;80298.59;2019;0.0
B1900158800000;AVENTURAS DE AMÍ;2019;ARRANJOS REGIONAIS;FSA SAV/MINC / Arranjos Regionais;0.0;0.0;186853.8;140000;0.0;0.1422;0.0;0.0;0;0.0;0;0;0;4.5;1;;;;08.573.621/0001-76;;;;;;;;;;FSA;910000.0;1314404.91;2019;0.0
B1900223700000;BAIXO CENTRO;2019;ARRANJOS REGIONAIS;FSA SAV/MINC / Arranjos Regionais;5248.32;5248.32;106773.6;80000;5248.32;0.1674;0.0078;0.0;0;0.0;0;0;0;0.0;0;0.0;;;08.287.614/0001-08;;;;;;;;;;FSA;450000.0;669154.95;2019;0.0078
B1900498800000;BATE CORAÇÃO;2019;ARRANJOS REGIONAIS;FSA SAV/MINC / Arranjos Regionais;93927.21;118107.08;80080.2;60000;118107.08;0.09;0.0335;0.0;0;0.0;0;0;0;3.4;1;;;;00.975.333/0001-36;;;;;;;;;;FSA;1581454.67;2201691.7;2019;0.0536
B1900498800000;BATE CORAÇÃO;2019;ARRANJOS REGIONAIS;FSA SAV/MINC / Arranjos Regionais;93927.21;118107.08;80080.2;60000;118107.08;0.09;0.0335;0.0;0;0.0;0;0;0;3.4;1;;;;00.975.333/0001-36;;;;;;;;;;RENUNCIA_OUTROS;992453.46;1324597.86;2019;0.0892
B1900045700000;BECO;2019;ARRANJOS REGIONAIS;FSA SAV/MINC / Arranjos Regionais;0.0;0.0;106773.6;80000;0.0;0.5103;0.0;0.0;0;0.0;0;0;0;4.027;2;15.0;18.0;;06.905.794/0001-19;;;;;;;;;;FSA;150280.0;209218.91;2019;0.0
B1900160800000;BOIS, RAPOSAS E CROCODILOS;2019;ARRANJOS REGIONAIS;FSA SAV/MINC / Arranjos Regionais;0.0;0.0;0.0;0;0.0;0.0;0.0;0.0;0;0.0;0;0;0;0.0;0;0.0;;;05.145.815/0001-82;;;;;;;;;;FSA;180345.0;260490.5;2019;0.0
B1900591800000;BORIS E RUFUS- TEMPORADA 03;2019;ARRANJOS REGIONAIS;FSA SAV/MINC / Arranjos Regionais;0.0;0.0;480481.2;360000;0.0;0.3961;0.0;0.0;0;0.0;0;0;0;0.0;0;;;;03.274.384/0001-29;;;;;;;;;;FSA;950000.0;1213104.4;2019;0.0
B1900591800000;BORIS E RUFUS- TEMPORADA 03;2019;ARRANJOS REGIONAIS;FSA SAV/MINC / Arranjos Regionais;0.0;0.0;480481.2;360000;0.0;0.3961;0.0;0.0;0;0.0;0;0;0;0.0;0;;;;03.274.384/0001-29;;;;;;;;;;RENUNCIA_OUTROS;1050000.0;1401403.5;2019;0.0
B1900504800000;BRASÍLIA, A HISTÓRIA DA HISTÓRIA;2019;ARRANJOS REGIONAIS;FSA SAV/MINC / Arranjos Regionais;0.0;0.0;0.0;0;0.0;0.0;0.0;0.0;0;0.0;0;0;0;4.175;2;;;;18.641.448/0001-50;;;;;;;;;;FSA;400000.0;556877.6;2019;0.0
B1900504800000;BRASÍLIA, A HISTÓRIA DA HISTÓRIA;2019;ARRANJOS REGIONAIS;FSA SAV/MINC / Arranjos Regionais;0.0;0.0;0.0;0;0.0;0.0;0.0;0.0;0;0.0;0;0;0;4.175;2;;;;18.641.448/0001-50;;;;;;;;;;RENUNCIA_OUTROS;390465.0;521141.92;2019;0.0
B1900561100000;CAPITÃO ASTÚCIA;2019;ARRANJOS REGIONAIS;FSA SAV/MINC / Arranjos Regionais;0.0;0.0;106773.6;80000;0.0;0.037;0.0;0.0;0;0.0;0;0;0;0.0;0;;;;09.137.251/0001-97;;;;;;;;;;FSA;1997507.0;2885201.11;2019;0.0
B1900561100000;CAPITÃO ASTÚCIA;2019;ARRANJOS REGIONAIS;FSA SAV/MINC / Arranjos Regionais;0.0;0.0;106773.6;80000;0.0;0.037;0.0;0.0;0;0.0;0;0;0;0.0;0;;;;09.137.251/0001-97;;;;;;;;;;RENUNCIA_OUTROS;833000.0;1111780.11;2019;0.0
B1900268200000;CASALTOPIA;2019;ARRANJOS REGIONAIS;FSA SAV/MINC / Arranjos Regionais;0.0;0.0;0.0;0;0.0;0.0;0.0;0.0;0;0.0;0;0;0;0.0;0;0.0;;;07.567.854/0001-01;;;;;;;;;;FSA;53995.0;80291.16;2019;0.0
B1900583200000;CIDADE PÁSSARO;2019;ARRANJOS REGIONAIS;FSA SAV/MINC / Arranjos Regionais;3379.28;4214.56;80080.2;60000;4214.56;0.0895;0.0019;2.4;0;12.0;0;0;0;0.0;0;;;;06.137.016/0001-27;;;;;;;;;;FSA;705428.17;941513.82;2019;0.0045
B1900583200000;CIDADE PÁSSARO;2019;ARRANJOS REGIONAIS;FSA SAV/MINC / Arranjos Regionais;3379.28;4214.56;80080.2;60000;4214.56;0.0895;0.0019;2.4;0;12.0;0;0;0;0.0;0;;;;06.137.016/0001-27;;;;;;;;;;RENUNCIA_OUTROS;965000.0;1287956.55;2019;0.0033
B1900308000000;CURTAS JORNADAS NOITE ADENTRO;2019;ARRANJOS REGIONAIS;FSA SAV/MINC / Arranjos Regionais;9206.2;9582.16;0.0;0;9582.16;0.0275;0.0275;0.0;0;0.0;0;0;0;0.0;0;;;;06.071.600/0001-27;;;;;;;;;;FSA;250000.0;348048.5;2019;0.0275
B1900514000000;D'ARQUEOLOGIA - A OCUPAÇÃO DO BRASIL;2019;ARRANJOS REGIONAIS;FSA SAV/MINC / Arranjos Regionais;0.0;0.0;106773.6;80000;0.0;0.3271;0.0;0.0;0;0.0;0;0;0;4.343;2;;;;12.345.593/0001-07;;;;;;;;;;FSA;226000.0;326434.63;2019;0.0
B1900379100000;DEPOIS DE SER CINZA;2019;ARRANJOS REGIONAIS;FSA SAV/MINC / Arranjos Regionais;17296.02;17534.16;80080.2;60000;17534.16;0.0679;0.0122;0.0;0;0.0;0;0;0;0.0;0;0.0;;;08.681.701/0001-45;;;;;;;;;;FSA;1077299.8;1437839.72;2019;0.0122
B1900298300000;DESTINO DAS SOMBRAS;2019;ARRANJOS REGIONAIS;FSA SAV/MINC / Arranjos Regionais;2255.15;2286.2;0.0;0;2286.2;0.0025;0.0025;0.0;0;0.0;0;0;0;3.83;2;;;;18.589.962/0001-93;;;;;;;;;;FSA;688773.26;919285.01;2019;0.0025
B2000230900000;DESVIO;2019;ARRANJOS REGIONAIS;FSA SAV/MINC / Arranjos Regionais;1468.06;1590.4;186853.8;140000;1590.4;0.2609;0.0022;0.0;0;0.0;0;0;0;0.0;0;1.0;0.0;;07.521.590/0001-47;;;;;;;;;;FSA;500000.0;722200.5;2019;0.0022
B1900090000000;DISFORIA;2019;ARRANJOS REGIONAIS;FSA SAV/MINC / Arranjos Regionais;5977.5;7455.0;80080.2;60000;7455.0;0.1212;0.0103;0.0;0;0.0;0;0;0;0.0;0;;;;12.837.401/0001-80;;;;;;;;;;FSA;500000.0;722200.5;2019;0.0103
B1900423900000;DOIS TEMPOS;2019;ARRANJOS REGIONAIS;FSA SAV/MINC / Arranjos Regionais;0.0;0.0;0.0;0;0.0;0.0;0.0;0.0;0;0.0;0;0;0;3.775;1;;;;21.868.012/0001-02;;;;;;;;;;FSA;156460.64;217823.56;2019;0.0
B1900423900000;DOIS TEMPOS;2019;ARRANJOS REGIONAIS;FSA SAV/MINC / Arranjos Regionais;0.0;0.0;0.0;0;0.0;0.0;0.0;0.0;0;0.0;0;0;0;3.775;1;;;;21.868.012/0001-02;;;;;;;;;;RENUNCIA_OUTROS;62100.0;82883.01;2019;0.0
B1900288400000;DR. OCRIDE;2019;ARRANJOS REGIONAIS;FSA SAV/MINC / Arranjos Regionais;0.0;0.0;186853.8;140000;0.0;0.5175;0.0;0.0;0;0.0;0;0;0;0.0;0;1.0;0.0;;14.949.815/0001-26;;;;;;;;;;FSA;250000.0;361100.25;2019;0.0
B1900247000000;EM REFORMA;2019;ARRANJOS REGIONAIS;FSA SAV/MINC / Arranjos Regionais;0.0;0.0;0.0;0;0.0;0.0;0.0;0.0;0;0.0;0;0;0;0.0;0;5.0;0.0;;25.094.170/0001-03;;;;;;;;;;FSA;50000.0;69609.7;2019;0.0
B1900247000000;EM REFORMA;2019;ARRANJOS REGIONAIS;FSA SAV/MINC / Arranjos Regionais;0.0;0.0;0.0;0;0.0;0.0;0.0;0.0;0;0.0;0;0;0;0.0;0;5.0;0.0;;25.094.170/0001-03;;;;;;;;;;RENUNCIA_ART3;1041000.0;1389391.47;2019;0.0
B1900336600000;FAIXA DE GAZA;2019;ARRANJOS REGIONAIS;FSA SAV/MINC / Arranjos Regionais;0.0;0.0;0.0;0;0.0;0.0;0.0;0.0;0;0.0;0;0;0;0.0;0;;;;13.124.984/0001-64;;;;;;;;;;FSA;46666.66;67405.37;2019;0.0
B1900205100000;FOTOGRAFAÇÃO;2019;ARRANJOS REGIONAIS;FSA SAV/MINC / Arranjos Regionais;8623.54;10755.08;347014.2;260000;10755.08;1.7132;0.0152;0.4;0;2.0;0;0;0;0.0;0;;;;52.858.982/0001-50;;;;;;;;;;FSA;150000.0;208829.1;2019;0.0515
B1900205100000;FOTOGRAFAÇÃO;2019;ARRANJOS REGIONAIS;FSA SAV/MINC / Arranjos Regionais;8623.54;10755.08;347014.2;260000;10755.08;1.7132;0.0152;0.4;0;2.0;0;0;0;0.0;0;;;;52.858.982/0001-50;;;;;;;;;;RENUNCIA_OUTROS;375000.0;500501.25;2019;0.0215
B1900201200000;GÊNERO PLURAL;2019;ARRANJOS REGIONAIS;FSA SAV/MINC / Arranjos Regionais;0.0;0.0;0.0;0;0.0;0.0;0.0;0.0;0;0.0;0;0;0;0.0;0;;;;17.305.816/0001-26;;;;;;;;;;FSA;85600.0;123640.73;2019;0.0
B2000100400000;HOSANA NAS ALTURAS;2019;ARRANJOS REGIONAIS;FSA SAV/MINC / Arranjos Regionais;0.0;0.0;0.0;0;0.0;0.0;0.0;0.0;0;0.0;0;0;0;3.9;1;0.0;;;07.521.590/0001-47;;;;;;;;;;FSA;46666.66;67405.37;2019;0.0
B1900247500000;MEZANINO;2019;ARRANJOS REGIONAIS;FSA SAV/MINC / Arranjos Regionais;0.0;0.0;0.0;0;0.0;0.0;0.0;0.0;0;0.0;0;0;0;0.0;0;0.0;;;22.318.373/0001-48;;;;;;;;;;FSA;99999.9;139219.26;2019;0.0
B1900153500000;NATUREZA DO HOMEM;2019;ARRANJOS REGIONAIS;FSA SAV/MINC / Arranjos Regionais;0.0;0.0;0.0;0;0.0;0.0;0.0;0.0;0;0.0;0;0;0;4.4;1;0.0;;;13.650.111/0001-95;;;;;;;;;;FSA;265966.67;395495.36;2019;0.0
B1900197700000;NATUREZA DO HOMEM;2019;ARRANJOS REGIONAIS;FSA SAV/MINC / Arranjos Regionais;0.0;0.0;0.0;0;0.0;0.0;0.0;0.0;0;0.0;0;0;0;4.4;1;0.0;;;25.094.170/0001-03;;;;;;;;;;FSA;265966.67;395495.36;2019;0.0
B1900461300000;O HOMEM CORDIAL;2019;ARRANJOS REGIONAIS;FSA SAV/MINC / Arranjos Regionais;110031.71;111546.68;80080.2;60000;111546.68;0.062;0.0361;0.0;0;0.0;0;0;0;3.707;2;;;;14.520.885/0001-64;;;;;;;;;;FSA;2219874.53;3090496.0;2019;0.0361
B1900448300000;OLHAR SUBMERSO - NAUFRÁGIOS DE PERNAMBUCO;2019;ARRANJOS REGIONAIS;FSA SAV/MINC / Arranjos Regionais;0.0;0.0;106773.6;80000;0.0;0.5271;0.0;0.0;0;0.0;0;0;0;4.018;2;0.0;;;16.100.516/0001-48;;;;;;;;;;FSA;145509.0;202576.76;2019;0.0
B1900179300000;OLHOS DE FOGO;2019;ARRANJOS REGIONAIS;FSA SAV/MINC / Arranjos Regionais;0.0;0.0;0.0;0;0.0;0.0;0.0;0.0;0;0.0;0;0;0;3.993;2;;;;21.624.748/0001-35;;;;;;;;;;FSA;33333.33;48146.7;2019;0.0
B1900235200000;ORQUESTRA DO MUNDO - RIO SÃO FRANCISCO;2019;ARRANJOS REGIONAIS;FSA SAV/MINC / Arranjos Regionais;0.0;0.0;80080.2;60000;0.0;0.2453;0.0;0.0;0;0.0;0;0;0;4.252;2;;;;12.935.850/0001-60;;;;;;;;;;FSA;226000.0;326434.63;2019;0.0
B1900235200000;ORQUESTRA DO MUNDO - RIO SÃO FRANCISCO;2019;ARRANJOS REGIONAIS;FSA SAV/MINC / Arranjos Regionais;0.0;0.0;80080.2;60000;0.0;0.2453;0.0;0.0;0;0.0;0;0;0;4.252;2;;;;12.935.850/0001-60;;;;;;;;;;RENUNCIA_OUTROS;15000.0;20020.05;2019;0.0
B1900421600000;OS BRAVOS NUNCA SE CALAM;2019;ARRANJOS REGIONAIS;FSA SAV/MINC / Arranjos Regionais;8308.5;8647.8;0.0;0;8647.8;0.012;0.012;0.0;0;0.0;0;0;0;0.0;0;;;;11.862.908/0001-20;;;;;;;;;;FSA;500000.0;722200.5;2019;0.012
B1900489000000;OS HERDEIROS;2019;ARRANJOS REGIONAIS;FSA SAV/MINC / Arranjos Regionais;0.0;0.0;80080.2;60000;0.0;0.6298;0.0;0.0;0;0.0;0;0;0;0.0;0;;;;04.761.874/0001-12;;;;;;;;;;FSA;85504.0;127145.39;2019;0.0
B1900146900000;OS KONSIDERADOS;2019;ARRANJOS REGIONAIS;FSA SAV/MINC / Arranjos Regionais;0.0;0.0;0.0;0;0.0;0.0;0.0;0.0;0;0.0;0;0;0;0.0;0;;;;05.928.108/0001-62;;;;;;;;;;FSA;666666.67;991340.67;2019;0.0
B1900350600000;PARQUE OESTE;2019;ARRANJOS REGIONAIS;FSA SAV/MINC / Arranjos Regionais;2498.52;2624.16;80080.2;60000;2624.16;0.297;0.0094;0.0;0;0.0;0;0;0;0.0;0;2.0;0.0;;21.868.012/0001-02;;;;;;;;;;FSA;200000.0;278438.8;2019;0.0094
B1900570100000;QUEM TEM MEDO DE LUCIENE CARVALHO?;2019;ARRANJOS REGIONAIS;FSA SAV/MINC / Arranjos Regionais;0.0;0.0;373707.6;280000;0.0;0.6468;0.0;0.0;0;0.0;0;0;0;3.788;2;;;;03.385.173/0001-63;;;;;;;;;;FSA;400000.0;577760.4;2019;0.0
B1900570100000;QUEM TEM MEDO DE LUCIENE CARVALHO?;2019;ARRANJOS REGIONAIS;FSA SAV/MINC / Arranjos Regionais;0.0;0.0;373707.6;280000;0.0;0.6468;0.0;0.0;0;0.0;0;0;0;3.788;2;;;;03.385.173/0001-63;;;;;;;;;;RENUNCIA_ART3;150000.0;200200.5;2019;0.0
B1900507200000;QUERÊNCIA;2019;ARRANJOS REGIONAIS;FSA SAV/MINC / Arranjos Regionais;1249.4;1491.0;0.0;0;1491.0;0.0014;0.001;5.2;0;26.0;0;0;0;0.0;0;;;;11.966.450/0001-50;;;;;;;;;;FSA;700000.0;1040907.7;2019;0.0014
B1900507200000;QUERÊNCIA;2019;ARRANJOS REGIONAIS;FSA SAV/MINC / Arranjos Regionais;1249.4;1491.0;0.0;0;1491.0;0.0014;0.001;5.2;0;26.0;0;0;0;0.0;0;;;;11.966.450/0001-50;;;;;;;;;;RENUNCIA_OUTROS;340000.0;453787.8;2019;0.0033
B1900336500000;SEU AMOR DE VOLTA (MESMO QUE ELE NÃO QUEIRA);2019;ARRANJOS REGIONAIS;FSA SAV/MINC / Arranjos Regionais;7922.44;8031.52;80080.2;60000;8031.52;0.4067;0.0055;0.0;0;0.0;0;0;0;4.3;1;5.0;0.0;;13.124.984/0001-64;;;;;;;;;;FSA;150000.0;216660.15;2019;0.0371
B1900336500000;SEU AMOR DE VOLTA (MESMO QUE ELE NÃO QUEIRA);2019;ARRANJOS REGIONAIS;FSA SAV/MINC / Arranjos Regionais;7922.44;8031.52;80080.2;60000;8031.52;0.4067;0.0055;0.0;0;0.0;0;0;0;4.3;1;5.0;0.0;;13.124.984/0001-64;;;;;;;;;;RENUNCIA_OUTROS;940000.0;1254589.8;2019;0.0064
B1900197900000;TABUH!;2019;ARRANJOS REGIONAIS;FSA SAV/MINC / Arranjos Regionais;0.0;0.0;186853.8;140000;0.0;0.3142;0.0;0.0;0;0.0;0;0;0;0.0;0;;;;07.718.282/0001-06;;;;;;;;;;FSA;399967.33;594755.82;2019;0.0
B1900397800000;UM PEIXE PARA DOIS;2019;ARRANJOS REGIONAIS;FSA SAV/MINC / Arranjos Regionais;0.0;0.0;0.0;0;0.0;0.0;0.0;0.0;0;0.0;0;0;0;3.775;1;0.0;;;11.757.060/0001-70;;;;;;;;;;FSA;100000.0;144440.1;2019;0.0
B1900397800000;UM PEIXE PARA DOIS;2019;ARRANJOS REGIONAIS;FSA SAV/MINC / Arranjos Regionais;0.0;0.0;0.0;0;0.0;0.0;0.0;0.0;0;0.0;0;0;0;3.775;1;0.0;;;11.757.060/0001-70;;;;;;;;;;RENUNCIA_OUTROS;62100.0;82883.01;2019;0.0
B1900590100000;VILA MARIOTE;2019;ARRANJOS REGIONAIS;FSA SAV/MINC / Arranjos Regionais;0.0;0.0;0.0;0;0.0;0.0;0.0;0.0;0;0.0;0;0;0;0.0;0;;;;12.906.549/0001-29;;;;;;;;;;FSA;300000.0;417658.2;2019;0.0
B2000223500000;80 ANOS;2020;ARRANJOS REGIONAIS;FSA SAV/MINC / Arranjos Regionais;0.0;0.0;0.0;0;0.0;0.0;0.0;0.0;0;0.0;0;0;0;0.0;0;0.0;;;18.800.502/0001-62;;;;;;;;;;FSA;225800.0;314357.41;2020;0.0
B2000223500000;80 ANOS;2020;ARRANJOS REGIONAIS;FSA SAV/MINC / Arranjos Regionais;0.0;0.0;0.0;0;0.0;0.0;0.0;0.0;0;0.0;0;0;0;0.0;0;0.0;;;18.800.502/0001-62;;;;;;;;;;RENUNCIA_OUTROS;1109995.79;1417411.34;2020;0.0
B2000294200000;A ESPERA DE LIZ;2020;ARRANJOS REGIONAIS;FSA SAV/MINC / Arranjos Regionais;1069.6;1113.28;0.0;0;1113.28;0.0046;0.0046;0.0;0;0.0;0;0;0;4.37;2;1.0;0.0;;02.593.994/0001-22;;;;;;;;;;FSA;173410.83;241421.52;2020;0.0046
B2000523200000;A MESMA PARTE DE UM HOMEM;2020;ARRANJOS REGIONAIS;FSA SAV/MINC / Arranjos Regionais;13045.3;13578.04;76617.12;60000;13578.04;0.0365;0.0055;0.8;0;4.0;0;0;0;4.1;1;2.0;0.0;;09.437.566/0001-50;;;;;;;;;;FSA;1774289.0;2470154.5;2020;0.0055
B2000096300000;A MORTE HABITA À NOITE;2020;ARRANJOS REGIONAIS;FSA SAV/MINC / Arranjos Regionais;17312.91;17892.0;0.0;0;17892.0;0.0177;0.0177;3.9;0;19.5;0;0;0;3.57;2;0.0;;;07.617.370/0001-11;;;;;;;;;;FSA;701044.4;1012589.23;2020;0.0177
B2000264700000;A TRADICIONAL FAMÍLIA BRASILEIRA - KATU;2020;ARRANJOS REGIONAIS;FSA SAV/MINC / Arranjos Regionais;0.0;0.0;0.0;0;0.0;0.0;0.0;0.0;0;0.0;0;0;0;3.9;1;;;;04.120.591/0001-91;;;;;;;;;;FSA;33333.33;48146.7;2020;0.0
B2000096500000;ACQUA MOVIE;2020;ARRANJOS REGIONAIS;FSA SAV/MINC / Arranjos Regionais;21133.32;24034.92;357546.56;280000;24034.92;0.1493;0.0085;0.0;0;0.0;0;0;0;0.0;0;;;;04.462.804/0001-63;;;;;;;;;;FSA;1770000.0;2556589.77;2020;0.0094
B2000096500000;ACQUA MOVIE;2020;ARRANJOS REGIONAIS;FSA SAV/MINC / Arranjos Regionais;21133.32;24034.92;357546.56;280000;24034.92;0.1493;0.0085;0.0;0;0.0;0;0;0;0.0;0;;;;04.462.804/0001-63;;;;;;;;;;RENUNCIA_ART3;171778.94;219353.46;2020;0.1096
B2000096500000;ACQUA MOVIE;2020;ARRANJOS REGIONAIS;FSA SAV/MINC / Arranjos Regionais;21133.32;24034.92;357546.56;280000;24034.92;0.1493;0.0085;0.0;0;0.0;0;0;0;0.0;0;;;;04.462.804/0001-63;;;;;;;;;;RENUNCIA_OUTROS;30000.0;38308.56;2020;0.6274
B2000255200000;ATRAS DA SOMBRA;2020;ARRANJOS REGIONAIS;FSA SAV/MINC / Arranjos Regionais;0.0;0.0;76617.12;60000;0.0;0.0611;0.0;0.0;0;0.0;0;0;0;4.2;1;;;;17.219.542/0001-52;;;;;;;;;;FSA;900000.0;1252974.6;2020;0.0
B2000495400000;CAMINHO DE VOLTA;2020;ARRANJOS REGIONAIS;FSA SAV/MINC / Arranjos Regionais;11048.67;16162.44;76617.12;60000;16162.44;0.2028;0.0353;0.0;0;0.0;0;0;0;4.3;1;6.0;9.0;;04.614.433/0001-98;;;;;;;;;;FSA;328606.2;457483.58;2020;0.0353
B2000073200000;CASA IZABEL;2020;ARRANJOS REGIONAIS;FSA SAV/MINC / Arranjos Regionais;19740.84;19740.84;0.0;0;19740.84;0.0378;0.0378;0.0;0;0.0;0;0;0;0.0;0;;;;04.952.911/0001-70;;;;;;;;;;FSA;375000.0;522072.75;2020;0.0378
B2000130600000;CAVALO;2020;ARRANJOS REGIONAIS;FSA SAV/MINC / Arranjos Regionais;23405.72;26619.32;76617.12;60000;26619.32;0.1192;0.0079;0.0;0;0.0;0;0;0;4.4;1;;;;05.760.527/0001-38;;;;;;;;;;FSA;599610.0;866077.28;2020;0.0307
B2000130600000;CAVALO;2020;ARRANJOS REGIONAIS;FSA SAV/MINC / Arranjos Regionais;23405.72;26619.32;76617.12;60000;26619.32;0.1192;0.0079;0.0;0;0.0;0;0;0;4.4;1;;;;05.760.527/0001-38;;;;;;;;;;RENUNCIA_ART3;887439.18;1133217.24;2020;0.0235
B2000130600000;CAVALO;2020;ARRANJOS REGIONAIS;FSA SAV/MINC / Arranjos Regionais;23405.72;26619.32;76617.12;60000;26619.32;0.1192;0.0079;0.0;0;0.0;0;0;0;4.4;1;;;;05.760.527/0001-38;;;;;;;;;;RENUNCIA_OUTROS;1080227.33;1379398.45;2020;0.0193
B2000173800000;CELSO ANTÔNIO, BRASILEIRO;2020;ARRANJOS REGIONAIS;FSA SAV/MINC / Arranjos Regionais;0.0;0.0;0.0;0;0.0;0.0;0.0;0.0;0;0.0;0;0;0;0.0;0;;;;03.104.388/0001-69;;;;;;;;;;FSA;373933.5;520587.98;2020;0.0
B2000344400000;CIDADE SUBMERSA;2020;ARRANJOS REGIONAIS;FSA SAV/MINC / Arranjos Regionais;0.0;0.0;0.0;0;0.0;0.0;0.0;0.0;0;0.0;0;0;0;0.0;0;0.0;;;16.894.643/0001-66;;;;;;;;;;FSA;85600.0;119171.81;2020;0.0
B2000157600000;COLETIVO DE MULTIDÃO;2020;ARRANJOS REGIONAIS;FSA SAV/MINC / Arranjos Regionais;0.0;0.0;0.0;0;0.0;0.0;0.0;0.0;0;0.0;0;0;0;0.0;0;;;;12.444.492/0001-93;;;;;;;;;;FSA;46666.66;67405.37;2020;0.0
B2000026900000;CULTURAMA;2020;ARRANJOS REGIONAIS;FSA SAV/MINC / Arranjos Regionais;0.0;0.0;0.0;0;0.0;0.0;0.0;0.0;0;0.0;0;0;0;0.0;0;0.0;;;08.410.008/0001-38;;;;;;;;;;FSA;184466.66;274303.95;2020;0.0
B2000059600000;DA MANGA ROSA;2020;ARRANJOS REGIONAIS;FSA SAV/MINC / Arranjos Regionais;0.0;0.0;76617.12;60000;0.0;0.2348;0.0;0.0;0;0.0;0;0;0;4.09;2;0.0;;;17.281.724/0001-53;;;;;;;;;;FSA;225920.0;326319.07;2020;0.0
B2000059600000;DA MANGA ROSA;2020;ARRANJOS REGIONAIS;FSA SAV/MINC / Arranjos Regionais;0.0;0.0;76617.12;60000;0.0;0.2348;0.0;0.0;0;0.0;0;0;0;4.09;2;0.0;;;17.281.724/0001-53;;;;;;;;;;RENUNCIA_ART3;1216630.8;1553579.13;2020;0.0
B2000325100000;DENTRO DA MINHA PELE;2020;ARRANJOS REGIONAIS;FSA SAV/MINC / Arranjos Regionais;95.64;119.28;357546.56;280000;119.28;1.9261;0.0006;2.0;0;10.0;0;0;0;4.4;1;1.0;0.0;;01.605.800/0001-07;;;;;;;;;;FSA;160050.55;185695.77;2020;0.0006
B2000468500000;DORA E GABRIEL;2020;ARRANJOS REGIONAIS;FSA SAV/MINC / Arranjos Regionais;1520.76;1729.56;178773.28;140000;1729.56;0.3241;0.0014;0.0;0;0.0;0;0;0;3.5;1;;;;59.190.843/0001-40;;;;;;;;;;FSA;400000.0;556877.6;2020;0.0031
B2000468500000;DORA E GABRIEL;2020;ARRANJOS REGIONAIS;FSA SAV/MINC / Arranjos Regionais;1520.76;1729.56;178773.28;140000;1729.56;0.3241;0.0014;0.0;0;0.0;0;0;0;3.5;1;;;;59.190.843/0001-40;;;;;;;;;;RENUNCIA_OUTROS;500000.0;638476.0;2020;0.0027
B2000436900000;ENTRE NÓS, UM SEGREDO;2020;ARRANJOS REGIONAIS;FSA SAV/MINC / Arranjos Regionais;559.36;636.16;76617.12;60000;636.16;0.7131;0.0059;0.0;0;0.0;0;0;0;3.6;1;0.0;;;11.101.993/0001-04;;;;;;;;;;FSA;75000.0;108330.07;2020;0.0059
B2000499300000;ESPERO QUE ESTA TE ENCONTRE E QUE ESTEJAS BEM;2020;ARRANJOS REGIONAIS;FSA SAV/MINC / Arranjos Regionais;34055.07;35426.16;76617.12;60000;35426.16;0.3774;0.1193;0.0;0;0.0;0;0;0;0.0;0;;;;15.472.728/0001-93;;;;;;;;;;FSA;222424.6;296863.44;2020;0.1193
B2000066500000;FIM DE FESTA;2020;ARRANJOS REGIONAIS;FSA SAV/MINC / Arranjos Regionais;92215.26;114707.6;76617.12;60000;114707.6;0.0692;0.0415;1.2;0;6.0;0;0;0;3.998;2;;;;02.669.022/0001-74;;;;;;;;;;FSA;1985415.5;2764083.55;2020;0.0415
B2000184000000;FRANCISCO SÓ QUER JOGAR BOLA;2020;ARRANJOS REGIONAIS;FSA SAV/MINC / Arranjos Regionais;0.0;0.0;102156.16;80000;0.0;0.05;0.0;0.0;0;0.0;0;0;0;0.0;0;0.0;;;07.718.282/0001-06;;;;;;;;;;FSA;1599862.0;2042946.98;2020;0.0
B2000352100000;GYURI;2020;ARRANJOS REGIONAIS;FSA SAV/MINC / Arranjos Regionais;20055.0;20874.0;76617.12;60000;20874.0;0.2009;0.043;0.0;0;0.0;0;0;0;0.0;0;;;;19.452.266/0001-01;;;;;;;;;;FSA;363608.0;485296.69;2020;0.043
B2000227100000;MEU QUERIDO SUPERMERCADO;2020;ARRANJOS REGIONAIS;FSA SAV/MINC / Arranjos Regionais;384.56;437.36;459702.72;360000;437.36;2.2034;0.0021;10.6;0;13.0;0;6;4;0.0;0;;;;06.228.927/0001-60;;;;;;;;;;FSA;150000.0;208829.1;2020;0.0021
B2000335200000;MEU TIO JOSÉ;2020;ARRANJOS REGIONAIS;FSA SAV/MINC / Arranjos Regionais;7162.5;7455.0;357546.56;280000;7455.0;0.2425;0.005;4.0;0;20.0;0;0;0;3.375;2;0.0;;;00.830.735/0001-42;;;;;;;;;;FSA;1042033.0;1505113.51;2020;0.005
B2000100500000;NOSSO AMOR DE HOJE;2020;ARRANJOS REGIONAIS;FSA SAV/MINC / Arranjos Regionais;0.0;0.0;0.0;0;0.0;0.0;0.0;0.0;0;0.0;0;0;0;4.3;1;0.0;;;17.219.542/0001-52;;;;;;;;;;FSA;160000.0;231104.16;2020;0.0
B2000100500000;NOSSO AMOR DE HOJE;2020;ARRANJOS REGIONAIS;FSA SAV/MINC / Arranjos Regionais;0.0;0.0;0.0;0;0.0;0.0;0.0;0.0;0;0.0;0;0;0;4.3;1;0.0;;;17.219.542/0001-52;;;;;;;;;;RENUNCIA_ART3;208800.0;266627.58;2020;0.0
B2000100500000;NOSSO AMOR DE HOJE;2020;ARRANJOS REGIONAIS;FSA SAV/MINC / Arranjos Regionais;0.0;0.0;0.0;0;0.0;0.0;0.0;0.0;0;0.0;0;0;0;4.3;1;0.0;;;17.219.542/0001-52;;;;;;;;;;RENUNCIA_OUTROS;1400000.0;1787732.8;2020;0.0
B2000524900000;O CINEMA E AS CIDADES;2020;ARRANJOS REGIONAIS;FSA SAV/MINC / Arranjos Regionais;0.0;0.0;76617.12;60000;0.0;0.4586;0.0;0.0;0;0.0;0;0;0;3.4;1;0.0;;;08.681.701/0001-45;;;;;;;;;;FSA;120000.0;167063.28;2020;0.0
B2000524900000;O CINEMA E AS CIDADES;2020;ARRANJOS REGIONAIS;FSA SAV/MINC / Arranjos Regionais;0.0;0.0;76617.12;60000;0.0;0.4586;0.0;0.0;0;0.0;0;0;0;3.4;1;0.0;;;08.681.701/0001-45;;;;;;;;;;RENUNCIA_OUTROS;900000.0;1149256.8;2020;0.0
B2000240100000;O LODO;2020;ARRANJOS REGIONAIS;FSA SAV/MINC / Arranjos Regionais;0.0;0.0;76617.12;60000;0.0;0.0348;0.0;0.0;0;0.0;0;0;0;0.0;0;;;;22.331.409/0001-23;;;;;;;;;;FSA;1650000.0;2202205.5;2020;0.0
B2000397100000;PALAVRA CRÍTICA;2020;ARRANJOS REGIONAIS;FSA SAV/MINC / Arranjos Regionais;0.0;0.0;178773.28;140000;0.0;0.5068;0.0;0.0;0;0.0;0;0;0;0.0;0;;;;06.169.280/0001-42;;;;;;;;;;FSA;264291.98;352742.58;2020;0.0
B2000255600000;POR TRÁS DA LINHA DE ESCUDOS;2020;ARRANJOS REGIONAIS;FSA SAV/MINC / Arranjos Regionais;0.0;0.0;0.0;0;0.0;0.0;0.0;0.0;0;0.0;0;0;0;3.325;1;;;;09.942.024/0001-34;;;;;;;;;;FSA;338100.0;488351.98;2020;0.0
B2000239400000;SELVA;2020;ARRANJOS REGIONAIS;FSA SAV/MINC / Arranjos Regionais;0.0;0.0;0.0;0;0.0;0.0;0.0;0.0;0;0.0;0;0;0;4.2;1;;;;12.444.492/0001-93;;;;;;;;;;FSA;150000.0;216660.15;2020;0.0
B2000239400000;SELVA;2020;ARRANJOS REGIONAIS;FSA SAV/MINC / Arranjos Regionais;0.0;0.0;0.0;0;0.0;0.0;0.0;0.0;0;0.0;0;0;0;4.2;1;;;;12.444.492/0001-93;;;;;;;;;;RENUNCIA_ART3;417137.63;532664.73;2020;0.0
B2000239400000;SELVA;2020;ARRANJOS REGIONAIS;FSA SAV/MINC / Arranjos Regionais;0.0;0.0;0.0;0;0.0;0.0;0.0;0.0;0;0.0;0;0;0;4.2;1;;;;12.444.492/0001-93;;;;;;;;;;RENUNCIA_OUTROS;5362219.19;6847296.52;2020;0.0
B2000124100000;SEM RETORNO;2020;ARRANJOS REGIONAIS;FSA SAV/MINC / Arranjos Regionais;0.0;0.0;0.0;0;0.0;0.0;0.0;0.0;0;0.0;0;0;0;3.8;1;;;;09.085.894/0001-34;;;;;;;;;;FSA;900000.0;1252974.6;2020;0.0
B2000160000000;SOL ALEGRIA;2020;ARRANJOS REGIONAIS;FSA SAV/MINC / Arranjos Regionais;2942.24;2942.24;0.0;0;2942.24;0.0041;0.0041;0.0;0;0.0;0;0;0;3.88;1;;;;10.773.468/0001-72;;;;;;;;;;FSA;500000.0;722200.5;2020;0.0041
B2000154700000;SONHADORES;2020;ARRANJOS REGIONAIS;FSA SAV/MINC / Arranjos Regionais;0.0;0.0;0.0;0;0.0;0.0;0.0;0.0;0;0.0;0;0;0;0.0;0;;;;13.393.029/0001-22;;;;;;;;;;FSA;499912.08;695974.6;2020;0.0
B2000154700000;SONHADORES;2020;ARRANJOS REGIONAIS;FSA SAV/MINC / Arranjos Regionais;0.0;0.0;0.0;0;0.0;0.0;0.0;0.0;0;0.0;0;0;0;0.0;0;;;;13.393.029/0001-22;;;;;;;;;;RENUNCIA_ART3;524747.08;670076.83;2020;0.0
B2000114300000;TERMINAL PRAIA GRANDE;2020;ARRANJOS REGIONAIS;FSA SAV/MINC / Arranjos Regionais;0.0;0.0;102156.16;80000;0.0;0.4197;0.0;0.0;0;0.0;0;0;0;0.0;0;;;;08.578.658/0001-97;;;;;;;;;;FSA;174825.0;243390.32;2020;0.0
B2000048800000;UMA MULHER, UMA ALDEIA;2020;ARRANJOS REGIONAIS;FSA SAV/MINC / Arranjos Regionais;0.0;0.0;0.0;0;0.0;0.0;0.0;0.0;0;0.0;0;0;0;4.305;2;4.0;0.0;;13.650.111/0001-95;;;;;;;;;;FSA;250000.0;361100.25;2020;0.0
B2000112100000;VAI MELHORAR;2020;ARRANJOS REGIONAIS;FSA SAV/MINC / Arranjos Regionais;0.0;0.0;76617.12;60000;0.0;1.1481;0.0;0.0;0;0.0;0;0;0;0.0;0;;;;13.667.540/0001-75;;;;;;;;;;FSA;50000.0;66733.5;2020;0.0
B2000477400000;VIA PÚBLICA;2020;ARRANJOS REGIONAIS;FSA SAV/MINC / Arranjos Regionais;0.0;0.0;76617.12;60000;0.0;0.3189;0.0;0.0;0;0.0;0;0;0;0.0;0;;;;12.837.401/0001-80;;;;;;;;;;FSA;180000.0;240240.6;2020;0.0
B2000059900000;VILA HAITI;2020;ARRANJOS REGIONAIS;FSA SAV/MINC / Arranjos Regionais;0.0;0.0;76617.12;60000;0.0;0.4613;0.0;0.0;0;0.0;0;0;0;0.0;0;;;;10.306.335/0001-96;;;;;;;;;;FSA;114999.5;166105.39;2020;0.0
B2000284300000;ÚLTIMA CIDADE;2020;ARRANJOS REGIONAIS;FSA SAV/MINC / Arranjos Regionais;3533.5;3677.8;0.0;0;3677.8;0.0028;0.0028;0.0;0;0.0;0;0;0;0.0;0;;;;08.254.467/0001-70;;;;;;;;;;FSA;951439.0;1324587.67;2020;0.0028
B2100075200000;A LUZ NA ESCURIDÃO;2021;ARRANJOS REGIONAIS;FSA SAV/MINC / Arranjos Regionais;0.0;0.0;92818.56;80000;0.0;0.2782;0.0;0.0;0;0.0;0;0;0;3.7;1;2.0;18.0;;05.959.925/0001-88;;;;;;;;;;FSA;250000.0;333667.5;2021;0.0
B2100113900000;A NUVEM ROSA;2021;ARRANJOS REGIONAIS;FSA SAV/MINC / Arranjos Regionais;6869.38;7733.32;69613.92;60000;7733.32;0.1756;0.0176;5.7;0;28.5;0;0;0;4.02;2;;;;90.130.634/0001-51;;;;;;;;;;FSA;330000.0;440441.1;2021;0.0176
B2100328100000;A RAINHA E SEUS REIS DE BARRO;2021;ARRANJOS REGIONAIS;FSA SAV/MINC / Arranjos Regionais;0.0;0.0;0.0;0;0.0;0.0;0.0;0.0;0;0.0;0;0;0;4.2;1;;;;07.620.843/0001-30;;;;;;;;;;FSA;219657.75;293170.61;2021;0.0
B2100074300000;AS CORES QUE HABITAMOS;2021;ARRANJOS REGIONAIS;FSA SAV/MINC / Arranjos Regionais;0.0;0.0;0.0;0;0.0;0.0;0.0;0.0;0;0.0;0;0;0;4.32;2;;;;05.726.196/0001-10;;;;;;;;;;FSA;115000.0;166106.12;2021;0.0
B2100074300000;AS CORES QUE HABITAMOS;2021;ARRANJOS REGIONAIS;FSA SAV/MINC / Arranjos Regionais;0.0;0.0;0.0;0;0.0;0.0;0.0;0.0;0;0.0;0;0;0;4.32;2;;;;05.726.196/0001-10;;;;;;;;;;RENUNCIA_OUTROS;1266962.74;1469970.71;2021;0.0
B2100446000000;AVE CANUDOS! OS QUE SOBREVIVERAM TE SAÚDAM;2021;ARRANJOS REGIONAIS;FSA SAV/MINC / Arranjos Regionais;0.0;0.0;0.0;0;0.0;0.0;0.0;0.0;0;0.0;0;0;0;0.0;0;3.0;39.0;;63.190.623/0001-94;;;;;;;;;;FSA;436600.0;630625.48;2021;0.0
B2100017700000;BOB CUSPE - NÓS NÃO GOSTAMOS DE GENTE;2021;ARRANJOS REGIONAIS;FSA SAV/MINC / Arranjos Regionais;27526.3;31112.2;417683.52;360000;31112.2;0.6036;0.0102;9.9;0;49.5;0;0;0;3.6;1;6.0;0.0;;03.746.956/0001-25;;;;;;;;;;FSA;500000.0;743505.5;2021;0.0418
B2100017700000;BOB CUSPE - NÓS NÃO GOSTAMOS DE GENTE;2021;ARRANJOS REGIONAIS;FSA SAV/MINC / Arranjos Regionais;27526.3;31112.2;417683.52;360000;31112.2;0.6036;0.0102;9.9;0;49.5;0;0;0;3.6;1;6.0;0.0;;03.746.956/0001-25;;;;;;;;;;RENUNCIA_OUTROS;2000000.0;2320464.0;2021;0.0134
B2100278600000;FLOR NO QUINTAL;2021;ARRANJOS REGIONAIS;FSA SAV/MINC / Arranjos Regionais;0.0;0.0;139227.84;120000;0.0;2.0655;0.0;0.0;0;0.0;0;0;0;4.3;1;;;;07.427.355/0001-00;;;;;;;;;;FSA;46666.66;67405.37;2021;0.0
B2100132300000;MAR DE ZILA;2021;ARRANJOS REGIONAIS;FSA SAV/MINC / Arranjos Regionais;0.0;0.0;0.0;0;0.0;0.0;0.0;0.0;0;0.0;0;0;0;4.5;1;2.0;0.0;;10.823.162/0001-83;;;;;;;;;;FSA;33333.0;49566.54;2021;0.0
B2100033900000;MATA GROSSA;2021;ARRANJOS REGIONAIS;FSA SAV/MINC / Arranjos Regionais;0.0;0.0;69613.92;60000;0.0;0.125;0.0;0.0;0;0.0;0;0;0;0.0;0;;;;00.614.991/0001-00;;;;;;;;;;FSA;400000.0;556877.6;2021;0.0
B2100053500000;PEQUENO TRATADO DE PEQUENAS COISAS;2021;ARRANJOS REGIONAIS;FSA SAV/MINC / Arranjos Regionais;0.0;0.0;92818.56;80000;0.0;0.2563;0.0;0.0;0;0.0;0;0;0;0.0;0;;;;19.223.689/0001-41;;;;;;;;;;FSA;260117.2;362133.61;2021;0.0
B2100075400000;TEORIA DO ÍMPETO;2021;ARRANJOS REGIONAIS;FSA SAV/MINC / Arranjos Regionais;0.0;0.0;0.0;0;0.0;0.0;0.0;0.0;0;0.0;0;0;0;0.0;0;;;;04.696.982/0001-59;;;;;;;;;;FSA;988506.84;1469920.54;2021;0.0
B2100104400000;TODA MENINA BAIANA;2021;ARRANJOS REGIONAIS;FSA SAV/MINC / Arranjos Regionais;0.0;0.0;162432.48;140000;0.0;0.5385;0.0;0.0;0;0.0;0;0;0;0.0;0;0.0;;;17.281.724/0001-53;;;;;;;;;;FSA;226000.0;301635.42;2021;0.0
B2100141600000;TOTOTÓS CANOAS DO RIO SERGIPE;2021;ARRANJOS REGIONAIS;FSA SAV/MINC / Arranjos Regionais;0.0;0.0;0.0;0;0.0;0.0;0.0;0.0;0;0.0;0;0;0;4.252;2;;;;06.033.375/0001-34;;;;;;;;;;FSA;33330.0;49562.08;2021;0.0
B2100141600000;TOTOTÓS CANOAS DO RIO SERGIPE;2021;ARRANJOS REGIONAIS;FSA SAV/MINC / Arranjos Regionais;0.0;0.0;0.0;0;0.0;0.0;0.0;0.0;0;0.0;0;0;0;4.252;2;;;;06.033.375/0001-34;;;;;;;;;;RENUNCIA_OUTROS;15000.0;17403.48;2021;0.0
B2100024000000;TRÊS VIDAS E UM SONHO;2021;ARRANJOS REGIONAIS;FSA SAV/MINC / Arranjos Regionais;706.7;735.56;0.0;0;735.56;0.0037;0.0037;0.0;0;0.0;0;0;0;4.118;2;;;;03.863.923/0001-65;;;;;;;;;;FSA;150000.0;200200.5;2021;0.0037
B2200127900000;A PEDRA E A PALAVRA - PADRE ANTÔNIO VIEIRA;2022;ARRANJOS REGIONAIS;FSA SAV/MINC / Arranjos Regionais;0.0;0.0;65803.86;60000;0.0;0.2098;0.0;0.0;0;0.0;0;0;0;3.858;2;;;;17.902.521/0001-37;;;;;;;;;;FSA;286000.0;313665.07;2022;0.0
B2200013100000;ANIMAIS NA PISTA;2022;ARRANJOS REGIONAIS;FSA SAV/MINC / Arranjos Regionais;0.0;0.0;0.0;0;0.0;0.0;0.0;0.0;0;0.0;0;0;0;0.0;0;;;;10.679.333/0001-42;;;;;;;;;;FSA;46666.67;62284.6;2022;0.0
B2200360000000;BAHIA DA FÉ AO PROFANO;2022;ARRANJOS REGIONAIS;FSA SAV/MINC / Arranjos Regionais;0.0;0.0;65803.86;60000;0.0;0.2182;0.0;0.0;0;0.0;0;0;0;0.0;0;;;;09.193.884/0001-12;;;;;;;;;;FSA;226000.0;301635.42;2022;0.0
B2200360000000;BAHIA DA FÉ AO PROFANO;2022;ARRANJOS REGIONAIS;FSA SAV/MINC / Arranjos Regionais;0.0;0.0;65803.86;60000;0.0;0.2182;0.0;0.0;0;0.0;0;0;0;0.0;0;;;;09.193.884/0001-12;;;;;;;;;;RENUNCIA_OUTROS;558412.0;612427.75;2022;0.0
B2200451700000;BRICHOS 3 - MEGAVIRUS;2022;ARRANJOS REGIONAIS;FSA SAV/MINC / Arranjos Regionais;20551.28;20834.24;0.0;0;20834.24;0.0156;0.0095;0.0;0;0.0;0;0;0;0.0;0;;;;02.585.713/0001-90;;;;;;;;;;FSA;1000000.0;1334670.0;2022;0.0156
B2200451700000;BRICHOS 3 - MEGAVIRUS;2022;ARRANJOS REGIONAIS;FSA SAV/MINC / Arranjos Regionais;20551.28;20834.24;0.0;0;20834.24;0.0156;0.0095;0.0;0;0.0;0;0;0;0.0;0;;;;02.585.713/0001-90;;;;;;;;;;RENUNCIA_OUTROS;783199.0;858958.62;2022;0.0243
B2200143600000;CHEF JACK, O COZINHEIRO AVENTUREIRO;2022;ARRANJOS REGIONAIS;FSA SAV/MINC / Arranjos Regionais;1007797.12;1021672.96;65803.86;60000;1021672.96;0.4938;0.4639;0.0;0;0.0;0;0;0;4.0;1;4.0;0.0;;09.325.623/0001-09;;;;;;;;;;FSA;1649945.97;2202133.39;2022;0.4639
B2200073000000;DEUS TEM AIDS;2022;ARRANJOS REGIONAIS;FSA SAV/MINC / Arranjos Regionais;6345.05;6580.28;0.0;0;6580.28;0.0628;0.0628;1.2;0;6.0;0;0;0;0.0;0;0.0;;;22.543.352/0001-26;;;;;;;;;;FSA;100000.0;104830.0;2022;0.0628
B2200449200000;ESPUMAS AO VENTO;2022;ARRANJOS REGIONAIS;FSA SAV/MINC / Arranjos Regionais;2644.04;2644.04;0.0;0;2644.04;0.0047;0.0047;0.0;0;0.0;0;0;0;4.1;1;;;;19.265.893/0001-25;;;;;;;;;;FSA;442099.26;564539.53;2022;0.0047
B2200203400000;FIM DE SEMANA NO PARAÍSO SELVAGEM;2022;ARRANJOS REGIONAIS;FSA SAV/MINC / Arranjos Regionais;10471.74;10615.92;0.0;0;10615.92;0.0085;0.0085;0.0;0;0.0;0;0;0;3.84;2;;;;08.016.733/0001-26;;;;;;;;;;FSA;983665.08;1256093.09;2022;0.0085
B2200133200000;MÚLTIPLO VALDI;2022;ARRANJOS REGIONAIS;FSA SAV/MINC / Arranjos Regionais;0.0;0.0;0.0;0;0.0;0.0;0.0;0.0;0;0.0;0;0;0;0.0;0;;;;03.450.528/0001-50;;;;;;;;;;FSA;72588.0;104846.18;2022;0.0
B2200497100000;O ANEL DE EVA;2022;ARRANJOS REGIONAIS;FSA SAV/MINC / Arranjos Regionais;14512.4;14512.4;65803.86;60000;14512.4;0.0758;0.0137;0.0;0;0.0;0;0;0;2.4;1;1.0;0.0;;04.483.967/0001-22;;;;;;;;;;FSA;733333.33;1059227.4;2022;0.0137
B2200390700000;O QUE OS OLHOS NÃO VEEM...;2022;ARRANJOS REGIONAIS;FSA SAV/MINC / Arranjos Regionais;0.0;0.0;0.0;0;0.0;0.0;0.0;0.0;0;0.0;0;0;0;3.933;2;;;;01.970.799/0001-01;;;;;;;;;;FSA;150000.0;216660.15;2022;0.0
B2200212700000;OS PRIMEIROS SOLDADOS;2022;ARRANJOS REGIONAIS;FSA SAV/MINC / Arranjos Regionais;85071.4;88545.52;307084.68;280000;88545.52;0.3158;0.0707;3.3;0;16.5;0;0;0;4.2;1;;;;14.210.788/0001-75;;;;;;;;;;FSA;900000.0;1252974.6;2022;0.0707
B2200442900000;PLACA-MÃE;2022;ARRANJOS REGIONAIS;FSA SAV/MINC / Arranjos Regionais;187786.48;187786.48;0.0;0;187786.48;0.0853;0.0775;0.0;0;0.0;0;0;0;3.5;1;;;;11.360.555/0001-60;;;;;;;;;;FSA;1650000.0;2202205.5;2022;0.0853
B2200442900000;PLACA-MÃE;2022;ARRANJOS REGIONAIS;FSA SAV/MINC / Arranjos Regionais;187786.48;187786.48;0.0;0;187786.48;0.0853;0.0775;0.0;0;0.0;0;0;0;3.5;1;;;;11.360.555/0001-60;;;;;;;;;;RENUNCIA_OUTROS;200000.0;219346.2;2022;0.8561
B2200259700000;PLAUTO, UM  SOPRO MUSICAL;2022;ARRANJOS REGIONAIS;FSA SAV/MINC / Arranjos Regionais;21598.8;21708.96;0.0;0;21708.96;0.0473;0.0473;0.0;0;0.0;0;0;0;0.0;0;;;;92.554.294/0001-11;;;;;;;;;;FSA;330000.0;459424.02;2022;0.0473
B2300006800000;SINDICATO DO FOLCLORE BRASILEIRO;2022;ARRANJOS REGIONAIS;FSA SAV/MINC / Arranjos Regionais;0.0;0.0;0.0;0;0.0;0.0;0.0;0.0;0;0.0;0;0;0;0.0;0;;;;07.871.687/0001-80;;;;;;;;;;FSA;121500.0;169151.57;2022;0.0
B2300007600000;TODA NOITE ESTAREI LÁ;2022;ARRANJOS REGIONAIS;FSA SAV/MINC / Arranjos Regionais;14532.28;14532.28;0.0;0;14532.28;0.058;0.058;0.0;0;0.0;0;0;0;0.0;0;;;;08.103.899/0001-80;;;;;;;;;;FSA;180000.0;250594.92;2022;0.058
B2200210800000;UM SAMURAI EM SÃO PAULO;2022;ARRANJOS REGIONAIS;FSA SAV/MINC / Arranjos Regionais;10138.37;10277.96;0.0;0;10277.96;0.0224;0.0117;0.0;0;0.0;0;0;0;0.0;0;0.0;;;12.638.556/0001-97;;;;;;;;;;FSA;343852.0;458928.95;2022;0.0224
B2200210800000;UM SAMURAI EM SÃO PAULO;2022;ARRANJOS REGIONAIS;FSA SAV/MINC / Arranjos Regionais;10138.37;10277.96;0.0;0;10277.96;0.0224;0.0117;0.0;0;0.0;0;0;0;0.0;0;0.0;;;12.638.556/0001-97;;;;;;;;;;RENUNCIA_OUTROS;385000.0;422241.43;2022;0.0243
B2200040500000;VALE NIGHT;2022;ARRANJOS REGIONAIS;FSA SAV/MINC / Arranjos Regionais;213347.0;222059.6;0.0;0;222059.6;0.3828;0.0574;0.0;0;0.0;0;0;0;0.0;0;;;;11.545.487/0001-04;;;;;;;;;;FSA;500000.0;580116.0;2022;0.3828
B2200040500000;VALE NIGHT;2022;ARRANJOS REGIONAIS;FSA SAV/MINC / Arranjos Regionais;213347.0;222059.6;0.0;0;222059.6;0.3828;0.0574;0.0;0;0.0;0;0;0;0.0;0;;;;11.545.487/0001-04;;;;;;;;;;RENUNCIA_ART3;3000000.0;3290193.0;2022;0.0675
B2200426400000;VIDA DE ORQUESTRA;2022;ARRANJOS REGIONAIS;FSA SAV/MINC / Arranjos Regionais;0.0;0.0;65803.86;60000;0.0;0.2887;0.0;0.0;0;0.0;0;0;0;3.2;1;0.0;;;00.285.073/0001-77;;;;;;;;;;FSA;178470.0;227897.62;2022;0.0
B2200426400000;VIDA DE ORQUESTRA;2022;ARRANJOS REGIONAIS;FSA SAV/MINC / Arranjos Regionais;0.0;0.0;65803.86;60000;0.0;0.2887;0.0;0.0;0;0.0;0;0;0;3.2;1;0.0;;;00.285.073/0001-77;;;;;;;;;;RENUNCIA_OUTROS;743565.0;815490.79;2022;0.0
B2200458400000;VIZINHOS;2022;ARRANJOS REGIONAIS;FSA SAV/MINC / Arranjos Regionais;0.0;0.0;219346.2;200000;0.0;1.6805;0.0;0.0;0;0.0;0;0;0;3.7;2;;;;06.900.652/0001-69;;;;;;;;;;FSA;112500.0;130526.1;2022;0.0
B2200458400000;VIZINHOS;2022;ARRANJOS REGIONAIS;FSA SAV/MINC / Arranjos Regionais;0.0;0.0;219346.2;200000;0.0;1.6805;0.0;0.0;0;0.0;0;0;0;3.7;2;;;;06.900.652/0001-69;;;;;;;;;;RENUNCIA_OUTROS;846000.0;927834.43;2022;0.0
B2200324500000;ZOOPEDIA;2022;ARRANJOS REGIONAIS;FSA SAV/MINC / Arranjos Regionais;0.0;0.0;87738.48;80000;0.0;0.1041;0.0;0.0;0;0.0;0;0;0;0.0;0;1.0;0.0;;18.274.744/0001-60;;;;;;;;;;FSA;631440.0;842764.02;2022;0.0
B2300552600000;AVENTURAS DE AMÍ - 2º TEMPORADA;2023;ARRANJOS REGIONAIS;FSA SAV/MINC / Arranjos Regionais;0.0;0.0;146762.0;140000;0.0;0.1538;0.0;0.0;0;0.0;0;0;0;3.213;2;;;;08.573.621/0001-76;;;;;;;;;;FSA;910000.0;953953.0;2023;0.0
B2300142500000;CAINÃ;2023;ARRANJOS REGIONAIS;FSA SAV/MINC / Arranjos Regionais;0.0;0.0;83864.0;80000;0.0;0.4189;0.0;0.0;0;0.0;0;0;0;0.0;0;;;;18.595.380/0001-10;;;;;;;;;;FSA;150000.0;200200.5;2023;0.0
B2300422000000;CARTÓRIO DAS ALMAS;2023;ARRANJOS REGIONAIS;FSA SAV/MINC / Arranjos Regionais;0.0;0.0;0.0;0;0.0;0.0;0.0;0.0;0;0.0;0;0;0;2.975;2;;;;14.676.949/0001-10;;;;;;;;;;FSA;846142.41;1080483.24;2023;0.0
B2300502400000;CHAMA A BEBEL;2023;ARRANJOS REGIONAIS;FSA SAV/MINC / Arranjos Regionais;160630.4;160630.4;62898.0;60000;160630.4;0.1274;0.0915;0.0;0;0.0;0;0;0;0.0;0;;;;05.270.790/0001-49;;;;;;;;;;FSA;1600000.0;1754769.6;2023;0.0915
B2300095100000;COLETIVOS;2023;ARRANJOS REGIONAIS;FSA SAV/MINC / Arranjos Regionais;0.0;0.0;0.0;0;0.0;0.0;0.0;0.0;0;0.0;0;0;0;0.0;0;7.0;2.0;;04.178.239/0001-07;;;;;;;;;;FSA;419866.9;560383.76;2023;0.0
B2300433200000;DENTRO DE MIM;2023;ARRANJOS REGIONAIS;FSA SAV/MINC / Arranjos Regionais;0.0;0.0;0.0;0;0.0;0.0;0.0;0.0;0;0.0;0;0;0;4.2;1;;;;22.000.363/0001-60;;;;;;;;;;FSA;50000.0;52415.0;2023;0.0
B2300565300000;DESTINOS DA FÉ;2023;ARRANJOS REGIONAIS;FSA SAV/MINC / Arranjos Regionais;0.0;0.0;0.0;0;0.0;0.0;0.0;0.0;0;0.0;0;0;0;3.8;2;15.0;18.0;;25.425.945/0001-86;;;;;;;;;;FSA;460800.0;534634.91;2023;0.0
B2300565300000;DESTINOS DA FÉ;2023;ARRANJOS REGIONAIS;FSA SAV/MINC / Arranjos Regionais;0.0;0.0;0.0;0;0.0;0.0;0.0;0.0;0;0.0;0;0;0;3.8;2;15.0;18.0;;25.425.945/0001-86;;;;;;;;;;RENUNCIA_OUTROS;558412.0;585383.3;2023;0.0
B2300529200000;DIAS DE TEMPESTADE;2023;ARRANJOS REGIONAIS;FSA SAV/MINC / Arranjos Regionais;0.0;0.0;0.0;0;0.0;0.0;0.0;0.0;0;0.0;0;0;0;4.5;1;;;;12.345.593/0001-07;;;;;;;;;;FSA;150000.0;208829.1;2023;0.0
B2300557100000;GUIA;2023;ARRANJOS REGIONAIS;FSA SAV/MINC / Arranjos Regionais;0.0;0.0;0.0;0;0.0;0.0;0.0;0.0;0;0.0;0;0;0;4.5;1;0.0;;;22.534.164/0001-31;;;;;;;;;;FSA;50000.0;54836.55;2023;0.0
B2300557100000;GUIA;2023;ARRANJOS REGIONAIS;FSA SAV/MINC / Arranjos Regionais;0.0;0.0;0.0;0;0.0;0.0;0.0;0.0;0;0.0;0;0;0;4.5;1;0.0;;;22.534.164/0001-31;;;;;;;;;;RENUNCIA_ART3;1800000.0;1886940.0;2023;0.0
B2300242000000;INVASÃO MARCIANA;2023;ARRANJOS REGIONAIS;FSA SAV/MINC / Arranjos Regionais;0.0;0.0;0.0;0;0.0;0.0;0.0;0.0;0;0.0;0;0;0;3.865;2;;;;18.935.572/0001-28;;;;;;;;;;FSA;142438.21;165261.37;2023;0.0
B2300108000000;IYAS IDANAS - MULHERES DA COZINHA;2023;ARRANJOS REGIONAIS;FSA SAV/MINC / Arranjos Regionais;0.0;0.0;62898.0;60000;0.0;0.275;0.0;0.0;0;0.0;0;0;0;0.0;0;;;;21.988.610/0001-15;;;;;;;;;;FSA;218150.0;228686.64;2023;0.0
B2300136800000;JANGADEIROS DA SÃO PEDRO;2023;ARRANJOS REGIONAIS;FSA SAV/MINC / Arranjos Regionais;0.0;0.0;0.0;0;0.0;0.0;0.0;0.0;0;0.0;0;0;0;0.0;0;0.0;;;18.274.744/0001-60;;;;;;;;;;FSA;478270.06;638332.7;2023;0.0
B2300252300000;LUTA DA ERVA;2023;ARRANJOS REGIONAIS;FSA SAV/MINC / Arranjos Regionais;0.0;0.0;0.0;0;0.0;0.0;0.0;0.0;0;0.0;0;0;0;4.45;2;;;;01.282.220/0001-18;;;;;;;;;;FSA;180000.0;188694.0;2023;0.0
B2300154100000;MAMULENGO;2023;ARRANJOS REGIONAIS;FSA SAV/MINC / Arranjos Regionais;0.0;0.0;0.0;0;0.0;0.0;0.0;0.0;0;0.0;0;0;0;0.0;0;;;;20.119.267/0001-00;;;;;;;;;;FSA;200000.0;232046.4;2023;0.0
B2300377600000;MARRAIA;2023;ARRANJOS REGIONAIS;FSA SAV/MINC / Arranjos Regionais;0.0;0.0;0.0;0;0.0;0.0;0.0;0.0;0;0.0;0;0;0;0.0;0;0.0;;;19.780.327/0001-51;;;;;;;;;;FSA;900000.0;1252974.6;2023;0.0
B2300550100000;O CANTO;2023;ARRANJOS REGIONAIS;FSA SAV/MINC / Arranjos Regionais;0.0;0.0;0.0;0;0.0;0.0;0.0;0.0;0;0.0;0;0;0;0.0;0;;;;26.324.984/0001-50;;;;;;;;;;FSA;50000.0;54836.55;2023;0.0
B2300527700000;O IMPEACHMENT - SETEMBRO, 1957, SEXTA-FEIRA 13;2023;ARRANJOS REGIONAIS;FSA SAV/MINC / Arranjos Regionais;0.0;0.0;0.0;0;0.0;0.0;0.0;0.0;0;0.0;0;0;0;4.008;2;;;;13.601.904/0001-14;;;;;;;;;;FSA;300000.0;400401.0;2023;0.0
B2300131300000;O POETA QUE VEIO DO POVO;2023;ARRANJOS REGIONAIS;FSA SAV/MINC / Arranjos Regionais;0.0;0.0;62898.0;60000;0.0;0.1434;0.0;0.0;0;0.0;0;0;0;0.0;0;0.0;;;10.505.568/0001-18;;;;;;;;;;FSA;328606.2;438580.84;2023;0.0
B2300567400000;O POLICIAL E A PASTORA;2023;ARRANJOS REGIONAIS;FSA SAV/MINC / Arranjos Regionais;0.0;0.0;0.0;0;0.0;0.0;0.0;0.0;0;0.0;0;0;0;3.4;1;2.0;2.0;;10.551.469/0001-72;;;;;;;;;;FSA;100000.0;116023.2;2023;0.0
B2300201900000;O SILÊNCIO DAS OSTRAS;2023;ARRANJOS REGIONAIS;FSA SAV/MINC / Arranjos Regionais;50256.64;50256.64;0.0;0;50256.64;0.0263;0.0263;0.0;0;0.0;0;0;0;4.1;1;;;;15.745.495/0001-55;;;;;;;;;;FSA;1650000.0;1914382.8;2023;0.0263
B2300500100000;O SILÊNCIO DE EVA;2023;ARRANJOS REGIONAIS;FSA SAV/MINC / Arranjos Regionais;0.0;0.0;0.0;0;0.0;0.0;0.0;0.0;0;0.0;0;0;0;4.1;1;0.0;;;02.501.714/0001-09;;;;;;;;;;FSA;510000.0;680681.7;2023;0.0
B2300546600000;OPARÁ;2023;ARRANJOS REGIONAIS;FSA SAV/MINC / Arranjos Regionais;0.0;0.0;0.0;0;0.0;0.0;0.0;0.0;0;0.0;0;0;0;0.0;0;2.0;2.0;;07.947.109/0001-80;;;;;;;;;;FSA;367469.47;426349.84;2023;0.0
B2300546600000;OPARÁ;2023;ARRANJOS REGIONAIS;FSA SAV/MINC / Arranjos Regionais;0.0;0.0;0.0;0;0.0;0.0;0.0;0.0;0;0.0;0;0;0;0.0;0;2.0;2.0;;07.947.109/0001-80;;;;;;;;;;RENUNCIA_OUTROS;50000.0;52415.0;2023;0.0
B2300488500000;PALAVRA PRESA;2023;ARRANJOS REGIONAIS;FSA SAV/MINC / Arranjos Regionais;0.0;0.0;125796.0;120000;0.0;0.2259;0.0;0.0;0;0.0;0;0;0;0.0;0;;;;79.873.451/0001-93;;;;;;;;;;FSA;400000.0;556877.6;2023;0.0
B2300499000000;PASTRANA;2023;ARRANJOS REGIONAIS;FSA SAV/MINC / Arranjos Regionais;0.0;0.0;62898.0;60000;0.0;1.147;0.0;0.0;0;0.0;0;0;0;0.0;0;;;;08.267.476/0001-03;;;;;;;;;;FSA;50000.0;54836.55;2023;0.0
B2300140800000;PRESENÇA;2023;ARRANJOS REGIONAIS;FSA SAV/MINC / Arranjos Regionais;0.0;0.0;0.0;0;0.0;0.0;0.0;0.0;0;0.0;0;0;0;2.64;1;17.0;3.0;;18.580.137/0001-28;;;;;;;;;;FSA;180000.0;240240.6;2023;0.0
B2300140800000;PRESENÇA;2023;ARRANJOS REGIONAIS;FSA SAV/MINC / Arranjos Regionais;0.0;0.0;0.0;0;0.0;0.0;0.0;0.0;0;0.0;0;0;0;2.64;1;17.0;3.0;;18.580.137/0001-28;;;;;;;;;;RENUNCIA_ART3;200464.32;210146.75;2023;0.0
B2300535500000;PROCURA METEORANGO KID: VIVO OU MORTO;2023;ARRANJOS REGIONAIS;FSA SAV/MINC / Arranjos Regionais;0.0;0.0;62898.0;60000;0.0;0.1622;0.0;0.0;0;0.0;0;0;0;3.433;2;0.0;;;04.125.602/0001-26;;;;;;;;;;FSA;370000.0;387871.0;2023;0.0
B2300535500000;PROCURA METEORANGO KID: VIVO OU MORTO;2023;ARRANJOS REGIONAIS;FSA SAV/MINC / Arranjos Regionais;0.0;0.0;62898.0;60000;0.0;0.1622;0.0;0.0;0;0.0;0;0;0;3.433;2;0.0;;;04.125.602/0001-26;;;;;;;;;;RENUNCIA_ART3;450000.0;471735.0;2023;0.0
B2300339000000;SÉRGIO RICARDO: UMA OUTRA HISTÓRIA DO CINEMA NOVO;2023;ARRANJOS REGIONAIS;FSA SAV/MINC / Arranjos Regionais;0.0;0.0;62898.0;60000;0.0;0.1807;0.0;0.0;0;0.0;0;0;0;3.837;2;;;;25.301.822/0001-33;;;;;;;;;;FSA;300000.0;348069.6;2023;0.0
B2300141200000;TENHO FÉ;2023;ARRANJOS REGIONAIS;FSA SAV/MINC / Arranjos Regionais;4274.98;4333.84;125796.0;120000;4333.84;1.2413;0.0063;0.0;0;0.0;0;0;0;0.0;0;;;;21.054.261/0001-64;;;;;;;;;;FSA;100000.0;104830.0;2023;0.0413
B2300141200000;TENHO FÉ;2023;ARRANJOS REGIONAIS;FSA SAV/MINC / Arranjos Regionais;4274.98;4333.84;125796.0;120000;4333.84;1.2413;0.0063;0.0;0;0.0;0;0;0;0.0;0;;;;21.054.261/0001-64;;;;;;;;;;RENUNCIA_OUTROS;558412.0;585383.3;2023;0.0074
B2300035300000;URSA;2023;ARRANJOS REGIONAIS;FSA SAV/MINC / Arranjos Regionais;0.0;0.0;62898.0;60000;0.0;0.1205;0.0;0.0;0;0.0;0;0;0;0.0;0;;;;21.277.034/0001-06;;;;;;;;;;FSA;375000.0;522072.75;2023;0.0
B2300363900000;UTOPIA TROPICAL;2023;ARRANJOS REGIONAIS;FSA SAV/MINC / Arranjos Regionais;11450.88;11450.88;62898.0;60000;11450.88;0.0813;0.0124;0.0;0;0.0;0;0;0;0.0;0;;;;13.384.449/0001-42;;;;;;;;;;FSA;833340.0;913949.81;2023;0.0125
B2300363900000;UTOPIA TROPICAL;2023;ARRANJOS REGIONAIS;FSA SAV/MINC / Arranjos Regionais;11450.88;11450.88;62898.0;60000;11450.88;0.0813;0.0124;0.0;0;0.0;0;0;0;0.0;0;;;;13.384.449/0001-42;;;;;;;;;;RENUNCIA_OUTROS;6290.0;6593.81;2023;1.7366
B2300011000000;ZÉ;2023;ARRANJOS REGIONAIS;FSA SAV/MINC / Arranjos Regionais;27295.24;27295.24;62898.0;60000;27295.24;0.0706;0.0077;0.0;0;0.0;0;0;0;3.732;2;;;;23.148.018/0001-30;;;;;;;;;;FSA;918010.0;1278048.01;2023;0.0214
B2300011000000;ZÉ;2023;ARRANJOS REGIONAIS;FSA SAV/MINC / Arranjos Regionais;27295.24;27295.24;62898.0;60000;27295.24;0.0706;0.0077;0.0;0;0.0;0;0;0;3.732;2;;;;23.148.018/0001-30;;;;;;;;;;RENUNCIA_ART3;2173333.0;2278304.98;2023;0.012
B2300114900000;THIAGO & ÍSIS E OS SEGREDOS DO BRASIL;2023;CINEMA NOVOS REALIZADORES;FSA Apenas roteiro;0.0;0.0;0.0;0;0.0;0.0;0.0;0.0;0;0.0;0;0;0;3.863;1;;;;13.384.449/0001-42;;;;;;;;;;FSA;2000000.0;2096600.0;2023;0.0
B2300114900000;THIAGO & ÍSIS E OS SEGREDOS DO BRASIL;2023;CINEMA NOVOS REALIZADORES;FSA Apenas roteiro;0.0;0.0;0.0;0;0.0;0.0;0.0;0.0;0;0.0;0;0;0;3.863;1;;;;13.384.449/0001-42;;;;;;;;;;RENUNCIA_OUTROS;375000.0;393112.5;2023;0.0
B1600656800000;FIM DO MUNDO;2016;COMERCIALIZAÇÃO - OPÇÃO DE INVESTIMENTO EM COMERCIALIZAÇÃO;FSA Comercialização / Distribuição;0.0;0.0;89220.66;60000;0.0;0.0235;0.0;0.0;0;0.0;0;0;0;3.195;2;;;;02.669.022/0001-74;;;;;;;;;;FSA;2556500.0;3801543.62;2016;0.0
B1600656800000;FIM DO MUNDO;2016;COMERCIALIZAÇÃO - OPÇÃO DE INVESTIMENTO EM COMERCIALIZAÇÃO;FSA Comercialização / Distribuição;0.0;0.0;89220.66;60000;0.0;0.0235;0.0;0.0;0;0.0;0;0;0;3.195;2;;;;02.669.022/0001-74;;;;;;;;;;RENUNCIA_ART3;3000000.0;4461033.0;2016;0.0
B1600656800000;FIM DO MUNDO;2016;COMERCIALIZAÇÃO - OPÇÃO DE INVESTIMENTO EM COMERCIALIZAÇÃO;FSA Comercialização / Distribuição;0.0;0.0;89220.66;60000;0.0;0.0235;0.0;0.0;0;0.0;0;0;0;3.195;2;;;;02.669.022/0001-74;;;;;;;;;;RENUNCIA_OUTROS;3000000.0;4461033.0;2016;0.0
B2100018500000;DETETIVES DO PRÉDIO AZUL 3 - UMA AVENTURA NO FIM DO MUNDO;2020;COMERCIALIZAÇÃO - OPÇÃO DE INVESTIMENTO EM COMERCIALIZAÇÃO;FSA Comercialização / Distribuição;8277452.08;8615157.04;459702.72;360000;8615157.04;4.7108;1.0797;0.8;0;4.0;0;0;0;4.3;1;;;;12.580.503/0002-43;;;;;;;;;;FSA;1756500.0;1926408.0;2020;4.4721
B2100018500000;DETETIVES DO PRÉDIO AZUL 3 - UMA AVENTURA NO FIM DO MUNDO;2020;COMERCIALIZAÇÃO - OPÇÃO DE INVESTIMENTO EM COMERCIALIZAÇÃO;FSA Comercialização / Distribuição;8277452.08;8615157.04;459702.72;360000;8615157.04;4.7108;1.0797;0.8;0;4.0;0;0;0;4.3;1;;;;12.580.503/0002-43;;;;;;;;;;RENUNCIA_ART3;3000000.0;3830856.0;2020;2.2489
B2100018500000;DETETIVES DO PRÉDIO AZUL 3 - UMA AVENTURA NO FIM DO MUNDO;2020;COMERCIALIZAÇÃO - OPÇÃO DE INVESTIMENTO EM COMERCIALIZAÇÃO;FSA Comercialização / Distribuição;8277452.08;8615157.04;459702.72;360000;8615157.04;4.7108;1.0797;0.8;0;4.0;0;0;0;4.3;1;;;;12.580.503/0002-43;;;;;;;;;;RENUNCIA_OUTROS;1740000.0;2221896.48;2020;3.8774
B2000230700000;NAS ONDAS DA FÉ;2020;COMERCIALIZAÇÃO - OPÇÃO DE INVESTIMENTO EM COMERCIALIZAÇÃO;FSA Comercialização / Distribuição;735237.73;745360.84;0.0;0;745360.84;0.5694;0.145;0.0;0;0.0;0;0;0;3.786;1;7.0;0.0;;09.558.964/0001-24;;;;;;;;;;FSA;1248812.2;1309129.83;2020;0.5694
B2000230700000;NAS ONDAS DA FÉ;2020;COMERCIALIZAÇÃO - OPÇÃO DE INVESTIMENTO EM COMERCIALIZAÇÃO;FSA Comercialização / Distribuição;735237.73;745360.84;0.0;0;745360.84;0.5694;0.145;0.0;0;0.0;0;0;0;3.786;1;7.0;0.0;;09.558.964/0001-24;;;;;;;;;;RENUNCIA_ART3;3000000.0;3830856.0;2020;0.1946
B2300374700000;DE REPENTE, MISS!;2023;COMERCIALIZAÇÃO - OPÇÃO DE INVESTIMENTO EM COMERCIALIZAÇÃO;FSA Comercialização / Distribuição;314163.64;314163.64;62898.0;60000;314163.64;1.3041;1.0866;0.0;0;0.0;0;0;0;4.095;2;;;;23.707.667/0001-24;;;;;;;;;;FSA;275812.0;289133.72;2023;1.0866
B2300247400000;MARINHEIRO DAS MONTANHAS;2023;COMERCIALIZAÇÃO - OPÇÃO DE INVESTIMENTO EM COMERCIALIZAÇÃO;FSA Comercialização / Distribuição;51770.4;52483.2;293524.0;280000;52483.2;5.5011;0.0717;0.0;0;0.0;0;0;0;0.0;0;;;Oscar;31.179.864/0001-46;;;;;;;;;;FSA;60000.0;62898.0;2023;0.8344
B2300247400000;MARINHEIRO DAS MONTANHAS;2023;COMERCIALIZAÇÃO - OPÇÃO DE INVESTIMENTO EM COMERCIALIZAÇÃO;FSA Comercialização / Distribuição;51770.4;52483.2;293524.0;280000;52483.2;5.5011;0.0717;0.0;0;0.0;0;0;0;0.0;0;;;Oscar;31.179.864/0001-46;;;;;;;;;;RENUNCIA_ART3;637909.0;668720.0;2023;0.0785
B2300402000000;UMA FADA VEIO ME VISITAR;2023;COMERCIALIZAÇÃO - OPÇÃO DE INVESTIMENTO EM COMERCIALIZAÇÃO;FSA Comercialização / Distribuição;1258510.97;1275838.76;83864.0;80000;1275838.76;0.3613;0.1493;0.0;0;0.0;0;0;0;0.0;0;;;;02.736.672/0001-95;;;;;;;;;;FSA;3431102.62;3762996.61;2023;0.339
B2300402000000;UMA FADA VEIO ME VISITAR;2023;COMERCIALIZAÇÃO - OPÇÃO DE INVESTIMENTO EM COMERCIALIZAÇÃO;FSA Comercialização / Distribuição;1258510.97;1275838.76;83864.0;80000;1275838.76;0.3613;0.1493;0.0;0;0.0;0;0;0;0.0;0;;;;02.736.672/0001-95;;;;;;;;;;RENUNCIA_ART3;2700000.0;2830410.0;2023;0.4508
B2300402000000;UMA FADA VEIO ME VISITAR;2023;COMERCIALIZAÇÃO - OPÇÃO DE INVESTIMENTO EM COMERCIALIZAÇÃO;FSA Comercialização / Distribuição;1258510.97;1275838.76;83864.0;80000;1275838.76;0.3613;0.1493;0.0;0;0.0;0;0;0;0.0;0;;;;02.736.672/0001-95;;;;;;;;;;RENUNCIA_OUTROS;1860000.0;1949838.0;2023;0.6543
B2300120800000;VAI TER TROCO;2023;COMERCIALIZAÇÃO - OPÇÃO DE INVESTIMENTO EM COMERCIALIZAÇÃO;FSA Comercialização / Distribuição;96187.05;97511.4;0.0;0;97511.4;1.6434;1.6434;0.0;0;0.0;0;0;0;3.32;1;;;;07.419.227/0001-15;;;;;;;;;;FSA;56600.0;59333.78;2023;1.6434
B1700411300000;MÚSICA PARA QUANDO AS LUZES SE APAGAM;2015;COMERCIALIZAÇÃO EM CINEMA;FSA Comercialização / Distribuição;6566.47;7534.52;0.0;0;7534.52;0.0145;0.0145;0.0;0;0.0;0;0;0;3.7;1;;;;94.100.302/0001-85;;;;;;;;;;FSA;350000.0;520453.85;2015;0.0145
B1600779300000;NÓIS POR NÓIS;2016;COMERCIALIZAÇÃO EM CINEMA;FSA Comercialização / Distribuição;2470.7;3081.4;89220.66;60000;3081.4;0.3458;0.0115;1.0;0;5.0;0;0;0;0.0;0;0.0;;;09.437.566/0001-50;;;;;;;;;;FSA;200000.0;266934.0;2016;0.0115
B1800090200000;AÇUCAR;2017;COMERCIALIZAÇÃO EM CINEMA;FSA Comercialização / Distribuição;51454.32;64172.64;202216.14;140000;64172.64;1.9959;0.3127;3.0;0;15.0;0;0;0;0.0;0;;;;02.908.530/0001-68;;;;;;;;;;FSA;100000.0;133467.0;2017;0.4808
B1800090200000;AÇUCAR;2017;COMERCIALIZAÇÃO EM CINEMA;FSA Comercialização / Distribuição;51454.32;64172.64;202216.14;140000;64172.64;1.9959;0.3127;3.0;0;15.0;0;0;0;0.0;0;;;;02.908.530/0001-68;;;;;;;;;;RENUNCIA_ART3;49671.24;71745.19;2017;0.8945
B1900189100000;MISSÃO CUPIDO;2017;COMERCIALIZAÇÃO EM CINEMA;FSA Comercialização / Distribuição;20678.84;23518.04;86664.06;60000;23518.04;0.0848;0.0055;0.0;0;0.0;0;0;0;0.0;0;;;;72.062.029/0001-09;;;;;;;;;;FSA;900000.0;1299960.9;2017;0.0181
B1900189100000;MISSÃO CUPIDO;2017;COMERCIALIZAÇÃO EM CINEMA;FSA Comercialização / Distribuição;20678.84;23518.04;86664.06;60000;23518.04;0.0848;0.0055;0.0;0;0.0;0;0;0;0.0;0;;;;72.062.029/0001-09;;;;;;;;;;RENUNCIA_ART3;1649280.0;2382221.68;2017;0.0099
B1900189100000;MISSÃO CUPIDO;2017;COMERCIALIZAÇÃO EM CINEMA;FSA Comercialização / Distribuição;20678.84;23518.04;86664.06;60000;23518.04;0.0848;0.0055;0.0;0;0.0;0;0;0;0.0;0;;;;72.062.029/0001-09;;;;;;;;;;RENUNCIA_OUTROS;404500.0;584260.2;2017;0.0403
B1800245900000;O JUÍZO;2017;COMERCIALIZAÇÃO EM CINEMA;FSA Comercialização / Distribuição;182779.41;229832.68;202216.14;140000;229832.68;0.6474;0.0373;0.0;0;0.0;0;0;0;0.0;0;1.0;1.0;;09.180.984/0001-04;;;;;;;;;;FSA;500000.0;667335.0;2017;0.3444
B1800245900000;O JUÍZO;2017;COMERCIALIZAÇÃO EM CINEMA;FSA Comercialização / Distribuição;182779.41;229832.68;202216.14;140000;229832.68;0.6474;0.0373;0.0;0;0.0;0;0;0;0.0;0;1.0;1.0;;09.180.984/0001-04;;;;;;;;;;RENUNCIA_ART3;1800000.0;2599921.8;2017;0.0884
B1800245900000;O JUÍZO;2017;COMERCIALIZAÇÃO EM CINEMA;FSA Comercialização / Distribuição;182779.41;229832.68;202216.14;140000;229832.68;0.6474;0.0373;0.0;0;0.0;0;0;0;0.0;0;1.0;1.0;;09.180.984/0001-04;;;;;;;;;;RENUNCIA_OUTROS;2000000.0;2888802.0;2017;0.0796
B1800445500000;LOS SILENCIOS;2018;COMERCIALIZAÇÃO EM CINEMA;FSA Comercialização / Distribuição;159305.07;200310.88;501189.84;360000;200310.88;2.628;0.1154;20.8;4;64.0;0;12;4;0.0;0;0.0;;;11.101.993/0001-04;;;;;;;;;;FSA;200000.0;266934.0;2018;0.7504
B1800445500000;LOS SILENCIOS;2018;COMERCIALIZAÇÃO EM CINEMA;FSA Comercialização / Distribuição;159305.07;200310.88;501189.84;360000;200310.88;2.628;0.1154;20.8;4;64.0;0;12;4;0.0;0;0.0;;;11.101.993/0001-04;;;;;;;;;;RENUNCIA_OUTROS;1055028.31;1468804.08;2018;0.1364
B1800517200000;MEU NOME É DANIEL;2018;COMERCIALIZAÇÃO EM CINEMA;FSA Comercialização / Distribuição;22592.49;28408.52;83531.64;60000;28408.52;0.4194;0.0295;3.7;0;18.5;0;0;0;3.857;2;0.0;;;17.192.316/0001-25;;;;;;;;;;FSA;200000.0;266934.0;2018;0.1064
B1800517200000;MEU NOME É DANIEL;2018;COMERCIALIZAÇÃO EM CINEMA;FSA Comercialização / Distribuição;22592.49;28408.52;83531.64;60000;28408.52;0.4194;0.0295;3.7;0;18.5;0;0;0;3.857;2;0.0;;;17.192.316/0001-25;;;;;;;;;;RENUNCIA_OUTROS;500000.0;696097.0;2018;0.0408
B2000414400000;OLHA PRA ELAS;2020;COMERCIALIZAÇÃO EM CINEMA;FSA Comercialização / Distribuição;7471.41;7574.28;0.0;0;7574.28;0.0691;0.0048;0.0;0;0.0;0;0;0;0.0;0;;;;04.980.287/0001-14;;;;;;;;;;FSA;100000.0;109673.1;2020;0.0691
B2000414400000;OLHA PRA ELAS;2020;COMERCIALIZAÇÃO EM CINEMA;FSA Comercialização / Distribuição;7471.41;7574.28;0.0;0;7574.28;0.0691;0.0048;0.0;0;0.0;0;0;0;0.0;0;;;;04.980.287/0001-14;;;;;;;;;;RENUNCIA_ART3;1140000.0;1455725.28;2020;0.0052
B2300077800000;ANTES QUE ME ESQUEÇAM MEU NOME É EDY STAR - O FILME;2023;COMERCIALIZAÇÃO EM CINEMA;FSA Comercialização / Distribuição;19899.88;19899.88;62898.0;60000;19899.88;0.2278;0.0548;0.0;0;0.0;0;0;0;3.3;1;;;;15.128.758/0001-87;;;;;;;;;;FSA;313224.47;363413.05;2023;0.0548
B2300123500000;MADAME DUROCHER;2023;COMPLEMENTAÇÃO;FSA Complementação;62920.2;62920.2;293524.0;280000;62920.2;0.3587;0.0135;0.0;0;0.0;0;0;0;2.9;1;0.0;;;53.976.478/0001-18;;;;;;;;;;FSA;856578.0;993829.21;2023;0.0633
B2300123500000;MADAME DUROCHER;2023;COMPLEMENTAÇÃO;FSA Complementação;62920.2;62920.2;293524.0;280000;62920.2;0.3587;0.0135;0.0;0;0.0;0;0;0;2.9;1;0.0;;;53.976.478/0001-18;;;;;;;;;;RENUNCIA_ART3;3000000.0;3144900.0;2023;0.02
B2300123500000;MADAME DUROCHER;2023;COMPLEMENTAÇÃO;FSA Complementação;62920.2;62920.2;293524.0;280000;62920.2;0.3587;0.0135;0.0;0;0.0;0;0;0;2.9;1;0.0;;;53.976.478/0001-18;;;;;;;;;;RENUNCIA_OUTROS;500000.0;524150.0;2023;0.12
B2300338800000;PÉROLA;2023;COMPLEMENTAÇÃO;FSA Complementação;150447.92;152519.36;377388.0;360000;152519.36;0.6707;0.0415;1.9;0;9.5;0;0;0;4.305;2;;;;01.369.211/0001-69;;;;;;;;;;FSA;753672.16;790074.53;2023;0.193
B2300338800000;PÉROLA;2023;COMPLEMENTAÇÃO;FSA Complementação;150447.92;152519.36;377388.0;360000;152519.36;0.6707;0.0415;1.9;0;9.5;0;0;0;4.305;2;;;;01.369.211/0001-69;;;;;;;;;;RENUNCIA_ART3;2750000.0;2882825.0;2023;0.0529
B2300261100000;RODEIO ROCK;2023;COMPLEMENTAÇÃO;FSA Complementação;172293.46;174665.68;146762.0;140000;174665.68;0.1707;0.0201;0.0;0;0.0;0;0;0;0.0;0;;;;11.280.934/0001-40;;;;;;;;;;FSA;1796331.5;1883094.31;2023;0.0928
B2300261100000;RODEIO ROCK;2023;COMPLEMENTAÇÃO;FSA Complementação;172293.46;174665.68;146762.0;140000;174665.68;0.1707;0.0201;0.0;0;0.0;0;0;0;0.0;0;;;;11.280.934/0001-40;;;;;;;;;;RENUNCIA_ART3;3000000.0;3144900.0;2023;0.0555
B2300261100000;RODEIO ROCK;2023;COMPLEMENTAÇÃO;FSA Complementação;172293.46;174665.68;146762.0;140000;174665.68;0.1707;0.0201;0.0;0;0.0;0;0;0;0.0;0;;;;11.280.934/0001-40;;;;;;;;;;RENUNCIA_OUTROS;3508000.0;3677436.4;2023;0.0475
B2300551000000;SAUDOSA MALOCA;2023;COMPLEMENTAÇÃO;FSA Complementação;418553.52;418553.52;125796.0;120000;418553.52;0.4282;0.3292;0.0;0;0.0;0;0;0;4.165;2;;;;05.463.157/0001-77;;;;;;;;;;FSA;1212734.78;1271309.87;2023;0.3292
B2100364800000;A MÃE;2021;CONCURSO PRODUÇÃO PARA CINEMA;FSA Pontuação Festivais e Roteiro;31257.77;32344.76;69613.92;60000;32344.76;0.0494;0.011;0.0;0;0.0;0;0;0;4.115;2;1.0;0.0;;13.359.654/0001-58;;;;;;;;;;FSA;1880000.0;2061854.28;2021;0.0157
B2100364800000;A MÃE;2021;CONCURSO PRODUÇÃO PARA CINEMA;FSA Pontuação Festivais e Roteiro;31257.77;32344.76;69613.92;60000;32344.76;0.0494;0.011;0.0;0;0.0;0;0;0;4.115;2;1.0;0.0;;13.359.654/0001-58;;;;;;;;;;RENUNCIA_OUTROS;750000.0;870174.0;2021;0.0372
B2200124400000;ABESTALHADOS 2;2022;CONCURSO PRODUÇÃO PARA CINEMA;FSA Pontuação Festivais e Roteiro;38467.4;40038.32;0.0;0;40038.32;0.0156;0.0064;0.0;0;0.0;0;0;0;0.0;0;;;;03.675.713/0001-43;;;;;;;;;;FSA;2008724.0;2565044.13;2022;0.0156
B2200124400000;ABESTALHADOS 2;2022;CONCURSO PRODUÇÃO PARA CINEMA;FSA Pontuação Festivais e Roteiro;38467.4;40038.32;0.0;0;40038.32;0.0156;0.0064;0.0;0;0.0;0;0;0;0.0;0;;;;03.675.713/0001-43;;;;;;;;;;RENUNCIA_ART3;2999991.49;3290183.67;2022;0.0122
B2200124400000;ABESTALHADOS 2;2022;CONCURSO PRODUÇÃO PARA CINEMA;FSA Pontuação Festivais e Roteiro;38467.4;40038.32;0.0;0;40038.32;0.0156;0.0064;0.0;0;0.0;0;0;0;0.0;0;;;;03.675.713/0001-43;;;;;;;;;;RENUNCIA_OUTROS;400000.0;438692.4;2022;0.0913
B2200386600000;NA RÉDEA CURTA;2022;CONCURSO PRODUÇÃO PARA CINEMA;FSA Pontuação Festivais e Roteiro;204221.42;211264.76;65803.86;60000;211264.76;0.0713;0.0543;0.0;0;0.0;0;0;0;0.0;0;36.0;14.0;Rotterdam;13.650.474/0001-20;;;;;;;;;;FSA;2913000.0;3887893.71;2022;0.0543
B2200380100000;O PORÃO DA RUA DO GRITO;2022;CONCURSO PRODUÇÃO PARA CINEMA;FSA Pontuação Festivais e Roteiro;2504.88;2504.88;65803.86;60000;2504.88;0.0202;0.0006;0.0;0;0.0;0;0;0;3.88;1;;;;05.508.188/0001-05;;;;;;;;;;FSA;2911840.61;3378410.65;2022;0.0007
B2200380100000;O PORÃO DA RUA DO GRITO;2022;CONCURSO PRODUÇÃO PARA CINEMA;FSA Pontuação Festivais e Roteiro;2504.88;2504.88;65803.86;60000;2504.88;0.0202;0.0006;0.0;0;0.0;0;0;0;3.88;1;;;;05.508.188/0001-05;;;;;;;;;;RENUNCIA_OUTROS;650000.0;712875.15;2022;0.0035
B2300001100000;REGRA 34;2022;CONCURSO PRODUÇÃO PARA CINEMA;FSA Pontuação Festivais e Roteiro;119699.44;121347.52;65803.86;60000;121347.52;0.0668;0.0433;33.1;0;62.5;2463;19;5;2.47;2;;;Locarno;14.798.449/0001-51;;;;;;;;;;FSA;2100000.0;2802807.0;2022;0.0433
B2200243000000;SINFONIA DE UM HOMEM COMUM;2022;CONCURSO PRODUÇÃO PARA CINEMA;FSA Pontuação Festivais e Roteiro;294.15;298.2;307084.68;280000;298.2;0.2507;0.0002;1.7;0;8.5;0;0;0;4.1;1;;;;27.527.464/0001-07;;;;;;;;;;FSA;918500.0;1225894.4;2022;0.0002
B2200243000000;SINFONIA DE UM HOMEM COMUM;2022;CONCURSO PRODUÇÃO PARA CINEMA;FSA Pontuação Festivais e Roteiro;294.15;298.2;307084.68;280000;298.2;0.2507;0.0002;1.7;0;8.5;0;0;0;4.1;1;;;;27.527.464/0001-07;;;;;;;;;;RENUNCIA_ART3;200000.0;219346.2;2022;0.0014
B2400339600000;A VILÃ DAS NOVE;2023;CONCURSO PRODUÇÃO PARA CINEMA;FSA Pontuação Festivais e Roteiro;27513.92;27513.92;0.0;0;27513.92;0.0262;0.0062;0.0;0;0.0;0;0;0;3.965;2;;;;19.478.327/0001-00;;;;;;;;;;FSA;1000000.0;1048300.0;2023;0.0262
B2400339600000;A VILÃ DAS NOVE;2023;CONCURSO PRODUÇÃO PARA CINEMA;FSA Pontuação Festivais e Roteiro;27513.92;27513.92;0.0;0;27513.92;0.0262;0.0062;0.0;0;0.0;0;0;0;3.965;2;;;;19.478.327/0001-00;;;;;;;;;;RENUNCIA_ART3;3000000.0;3144900.0;2023;0.0087
B2400339600000;A VILÃ DAS NOVE;2023;CONCURSO PRODUÇÃO PARA CINEMA;FSA Pontuação Festivais e Roteiro;27513.92;27513.92;0.0;0;27513.92;0.0262;0.0062;0.0;0;0.0;0;0;0;3.965;2;;;;19.478.327/0001-00;;;;;;;;;;RENUNCIA_OUTROS;250000.0;262075.0;2023;0.105
B2300201800000;JANGO NO EXÍLIO;2023;CONCURSO PRODUÇÃO PARA CINEMA;FSA Pontuação Festivais e Roteiro;21331.24;21331.24;0.0;0;21331.24;0.0408;0.0408;0.0;0;0.0;0;0;0;4.3;1;;;;06.288.843/0001-11;;;;;;;;;;FSA;392000.0;523190.64;2023;0.0408
B2300065800000;O CIRCO VOLTOU;2023;CONCURSO PRODUÇÃO PARA CINEMA;FSA Pontuação Festivais e Roteiro;3569.02;3618.16;62898.0;60000;3618.16;0.0332;0.0018;0.0;0;0.0;0;0;0;1.7;1;0.0;;;08.991.631/0001-21;;;;;;;;;;FSA;1500000.0;2002005.0;2023;0.0018
B2300121300000;O PASTOR E O GUERRILHEIRO;2023;CONCURSO PRODUÇÃO PARA CINEMA;FSA Pontuação Festivais e Roteiro;99501.14;100871.12;62898.0;60000;100871.12;0.0268;0.0165;2.4;0;12.0;0;0;0;3.902;2;;;;03.093.490/0001-06;;;;;;;;;;FSA;4787153.81;6112965.63;2023;0.0165
B2300303300000;TPM! MEU AMOR;2023;CONCURSO PRODUÇÃO PARA CINEMA;FSA Pontuação Festivais e Roteiro;10393.3;10536.4;0.0;0;10536.4;0.0018;0.0017;0.0;0;0.0;0;0;0;4.3;1;4.0;3.0;;67.942.250/0001-11;;;;;;;;;;FSA;5735577.5;6012605.89;2023;0.0018
B2300303300000;TPM! MEU AMOR;2023;CONCURSO PRODUÇÃO PARA CINEMA;FSA Pontuação Festivais e Roteiro;10393.3;10536.4;0.0;0;10536.4;0.0018;0.0017;0.0;0;0.0;0;0;0;4.3;1;4.0;3.0;;67.942.250/0001-11;;;;;;;;;;RENUNCIA_ART3;225280.89;236161.96;2023;0.0446
B2200457400000;NOVO MUNDO, PINTURA DE RUA NA AMÉRICA LATINA;2022;COPRODUÇÃO INTERNACIONAL;FSA Coprodução Internacional;0.0;0.0;65803.86;60000;0.0;0.1946;0.0;0.0;0;0.0;0;0;0;4.1;1;;;;04.661.796/0001-84;;;;;;;;;;FSA;264797.0;338133.06;2022;0.0
B2300240900000;AMOR REBELDE;2023;COPRODUÇÃO INTERNACIONAL;FSA Coprodução Internacional;0.0;0.0;62898.0;60000;0.0;0.1346;0.0;0.0;0;0.0;0;0;0;4.3;1;;;;19.457.687/0001-17;;;;;;;;;;FSA;365880.0;467211.2;2023;0.0
B2300240900000;AMOR REBELDE;2023;COPRODUÇÃO INTERNACIONAL;FSA Coprodução Internacional;0.0;0.0;62898.0;60000;0.0;0.1346;0.0;0.0;0;0.0;0;0;0;4.3;1;;;;19.457.687/0001-17;;;;;;;;;;RENUNCIA_OUTROS;940000.0;985402.0;2023;0.0
B2300491600000;LA OTRA FORMA;2023;COPRODUÇÃO INTERNACIONAL;FSA Coprodução Internacional;4651.92;4651.92;0.0;0;4651.92;0.0042;0.0042;0.0;0;0.0;0;0;0;0.0;0;;;;19.457.687/0001-17;;;;;;;;;;FSA;1000000.0;1096731.0;2023;0.0042
B2300527400000;PUAN;2023;COPRODUÇÃO INTERNACIONAL CINEMA;FSA Coprodução Internacional;115178.72;116377.52;0.0;0;116377.52;0.074;0.074;19.2;0;46.0;0;19;12;0.0;0;;;;14.440.714/0001-25;;;;;;;;;;FSA;1500000.0;1572450.0;2023;0.074
B2000497700000;ABE;2020;FLUXO CONTÍNUO PRODUÇÃO PARA CINEMA;FSA Automático Bilheteria;63102.8;71766.8;76617.12;60000;71766.8;0.037;0.0079;0.0;0;0.0;0;0;0;0.0;0;;;;06.945.371/0001-22;;;;;;;;;;FSA;2776009.22;4009670.49;2020;0.0179
B2000497700000;ABE;2020;FLUXO CONTÍNUO PRODUÇÃO PARA CINEMA;FSA Automático Bilheteria;63102.8;71766.8;76617.12;60000;71766.8;0.037;0.0079;0.0;0;0.0;0;0;0;0.0;0;;;;06.945.371/0001-22;;;;;;;;;;RENUNCIA_OUTROS;4000000.0;5107808.0;2020;0.0141
B2000154900000;ALICE JÚNIOR;2020;FLUXO CONTÍNUO PRODUÇÃO PARA CINEMA;FSA Automático Bilheteria;1546.18;1928.36;178773.28;140000;1928.36;0.2576;0.0027;8.5;0;42.5;0;0;0;3.39;2;;;;04.952.911/0001-70;;;;;;;;;;FSA;525500.0;701369.08;2020;0.0027
B2000070300000;DOIS MAIS DOIS;2020;FLUXO CONTÍNUO PRODUÇÃO PARA CINEMA;FSA Automático Bilheteria;255103.12;290128.72;255390.4;200000;290128.72;0.1362;0.0332;0.0;0;0.0;0;0;0;3.775;1;;;;12.580.503/0001-62;;;;;;;;;;FSA;3000000.0;4004010.0;2020;0.0725
B2000070300000;DOIS MAIS DOIS;2020;FLUXO CONTÍNUO PRODUÇÃO PARA CINEMA;FSA Automático Bilheteria;255103.12;290128.72;255390.4;200000;290128.72;0.1362;0.0332;0.0;0;0.0;0;0;0;3.775;1;;;;12.580.503/0001-62;;;;;;;;;;RENUNCIA_ART3;3000000.0;3830856.0;2020;0.0757
B2000070300000;DOIS MAIS DOIS;2020;FLUXO CONTÍNUO PRODUÇÃO PARA CINEMA;FSA Automático Bilheteria;255103.12;290128.72;255390.4;200000;290128.72;0.1362;0.0332;0.0;0;0.0;0;0;0;3.775;1;;;;12.580.503/0001-62;;;;;;;;;;RENUNCIA_OUTROS;700000.0;893866.4;2020;0.3246
B2000259000000;ZONA ÁRIDA;2020;FLUXO CONTÍNUO PRODUÇÃO PARA CINEMA;FSA Automático Bilheteria;15.94;19.88;76617.12;60000;19.88;0.1446;0.0;0.4;0;2.0;0;0;0;0.0;0;;;;09.437.566/0001-50;;;;;;;;;;FSA;396975.7;529831.56;2020;0.0
B2100065700000;A ÚLTIMA FLORESTA;2021;FLUXO CONTÍNUO PRODUÇÃO PARA CINEMA;FSA Automático Bilheteria;42773.56;48646.36;69613.92;60000;48646.36;0.0562;0.0231;7.5;0;37.5;0;0;0;3.538;1;;;Annecy;02.238.621/0001-33;;;;;;;;;;FSA;1512437.74;2105606.75;2021;0.0231
B2100306300000;ALDEIA NATAL;2021;FLUXO CONTÍNUO PRODUÇÃO PARA CINEMA;FSA Automático Bilheteria;27336.34;27712.72;0.0;0;27712.72;0.0981;0.0981;0.0;0;0.0;0;0;0;0.0;0;0.0;;;04.937.797/0001-09;;;;;;;;;;FSA;269400.0;282412.02;2021;0.0981
B2100113200000;L.O.C.A.;2021;FLUXO CONTÍNUO PRODUÇÃO PARA CINEMA;FSA Automático Bilheteria;174.8;198.8;162432.48;140000;198.8;0.0275;0.0;0.0;0;0.0;0;0;0;4.3;1;0.0;;;09.180.984/0001-04;;;;;;;;;;FSA;4438846.48;5924395.23;2021;0.0
B2100113200000;L.O.C.A.;2021;FLUXO CONTÍNUO PRODUÇÃO PARA CINEMA;FSA Automático Bilheteria;174.8;198.8;162432.48;140000;198.8;0.0275;0.0;0.0;0;0.0;0;0;0;4.3;1;0.0;;;09.180.984/0001-04;;;;;;;;;;RENUNCIA_ART3;2545837.31;2953761.91;2021;0.0001
B2100113200000;L.O.C.A.;2021;FLUXO CONTÍNUO PRODUÇÃO PARA CINEMA;FSA Automático Bilheteria;174.8;198.8;162432.48;140000;198.8;0.0275;0.0;0.0;0;0.0;0;0;0;4.3;1;0.0;;;09.180.984/0001-04;;;;;;;;;;RENUNCIA_OUTROS;70000.0;81216.24;2021;0.0024
B2100010700000;LOOP;2021;FLUXO CONTÍNUO PRODUÇÃO PARA CINEMA;FSA Automático Bilheteria;428.04;477.12;162432.48;140000;477.12;0.0735;0.0001;0.0;0;0.0;0;0;0;3.356;1;3.0;1.0;;13.207.081/0001-47;;;;;;;;;;FSA;1592313.95;2216809.93;2021;0.0002
B2100010700000;LOOP;2021;FLUXO CONTÍNUO PRODUÇÃO PARA CINEMA;FSA Automático Bilheteria;428.04;477.12;162432.48;140000;477.12;0.0735;0.0001;0.0;0;0.0;0;0;0;3.356;1;3.0;1.0;;13.207.081/0001-47;;;;;;;;;;RENUNCIA_ART3;900000.0;1044208.8;2021;0.0005
B2100010700000;LOOP;2021;FLUXO CONTÍNUO PRODUÇÃO PARA CINEMA;FSA Automático Bilheteria;428.04;477.12;162432.48;140000;477.12;0.0735;0.0001;0.0;0;0.0;0;0;0;3.356;1;3.0;1.0;;13.207.081/0001-47;;;;;;;;;;RENUNCIA_OUTROS;153500.0;178095.61;2021;0.0027
B2100259000000;MEDIDA PROVISÓRIA;2021;FLUXO CONTÍNUO PRODUÇÃO PARA CINEMA;FSA Automático Bilheteria;9075619.36;9446061.52;162432.48;140000;9446061.52;2.6326;1.1083;12.66;0;10.5;2379;0;0;4.039;2;;;;02.605.295/0001-55;;;;;;;;;;FSA;2734648.73;3649853.62;2021;2.5881
B2100259000000;MEDIDA PROVISÓRIA;2021;FLUXO CONTÍNUO PRODUÇÃO PARA CINEMA;FSA Automático Bilheteria;9075619.36;9446061.52;162432.48;140000;9446061.52;2.6326;1.1083;12.66;0;10.5;2379;0;0;4.039;2;;;;02.605.295/0001-55;;;;;;;;;;RENUNCIA_ART3;2800000.0;3248649.6;2021;2.9077
B2100259000000;MEDIDA PROVISÓRIA;2021;FLUXO CONTÍNUO PRODUÇÃO PARA CINEMA;FSA Automático Bilheteria;9075619.36;9446061.52;162432.48;140000;9446061.52;2.6326;1.1083;12.66;0;10.5;2379;0;0;4.039;2;;;;02.605.295/0001-55;;;;;;;;;;RENUNCIA_OUTROS;1400000.0;1624324.8;2021;5.8154
B2100347700000;O JARDIM SECRETO DE MARIANA;2021;FLUXO CONTÍNUO PRODUÇÃO PARA CINEMA;FSA Automático Bilheteria;14298.64;16261.84;162432.48;140000;16261.84;0.0513;0.0031;0.0;0;0.0;0;0;0;4.273;2;;;;42.473.256/0001-66;;;;;;;;;;FSA;3000000.0;3480696.0;2021;0.0047
B2100347700000;O JARDIM SECRETO DE MARIANA;2021;FLUXO CONTÍNUO PRODUÇÃO PARA CINEMA;FSA Automático Bilheteria;14298.64;16261.84;162432.48;140000;16261.84;0.0513;0.0031;0.0;0;0.0;0;0;0;4.273;2;;;;42.473.256/0001-66;;;;;;;;;;RENUNCIA_ART3;1000000.0;1160232.0;2021;0.014
B2100347700000;O JARDIM SECRETO DE MARIANA;2021;FLUXO CONTÍNUO PRODUÇÃO PARA CINEMA;FSA Automático Bilheteria;14298.64;16261.84;162432.48;140000;16261.84;0.0513;0.0031;0.0;0;0.0;0;0;0;4.273;2;;;;42.473.256/0001-66;;;;;;;;;;RENUNCIA_OUTROS;500000.0;580116.0;2021;0.028
B2200063900000;1999 - A CONQUISTA DA AMÉRICA;2022;FLUXO CONTÍNUO PRODUÇÃO PARA CINEMA;FSA Automático Bilheteria;21430.2;22305.36;0.0;0;22305.36;0.0192;0.0192;0.0;0;0.0;0;0;0;3.993;2;;;;04.350.398/0001-47;;;;;;;;;;FSA;1000000.0;1160232.0;2022;0.0192
B2300468500000;A FILHA DO PALHAÇO;2022;FLUXO CONTÍNUO PRODUÇÃO PARA CINEMA;FSA Automático Bilheteria;107173.08;107173.08;65803.86;60000;107173.08;0.0679;0.0421;0.0;0;0.0;0;0;0;3.97;2;;;;08.254.467/0001-70;;;;;;;;;;FSA;1764223.21;2548245.77;2022;0.0421
B2200343300000;A ÚLTIMA FESTA;2022;FLUXO CONTÍNUO PRODUÇÃO PARA CINEMA;FSA Automático Bilheteria;31846.64;32285.12;153542.34;140000;32285.12;0.0464;0.0063;0.0;0;0.0;0;0;0;4.7;1;;;;02.298.682/0001-96;;;;;;;;;;FSA;3000000.0;4004010.0;2022;0.0081
B2200343300000;A ÚLTIMA FESTA;2022;FLUXO CONTÍNUO PRODUÇÃO PARA CINEMA;FSA Automático Bilheteria;31846.64;32285.12;153542.34;140000;32285.12;0.0464;0.0063;0.0;0;0.0;0;0;0;4.7;1;;;;02.298.682/0001-96;;;;;;;;;;RENUNCIA_ART3;1000000.0;1096731.0;2022;0.0294
B2200299300000;CORDIALMENTE TEUS;2022;FLUXO CONTÍNUO PRODUÇÃO PARA CINEMA;FSA Automático Bilheteria;8136.6;8468.88;0.0;0;8468.88;0.0037;0.0037;0.0;0;0.0;0;0;0;0.0;0;0.0;;;04.350.398/0001-47;;;;;;;;;;FSA;1700000.0;2268939.0;2022;0.0037
B2200412200000;FAUSTO FAWCETT NA CABEÇA;2022;FLUXO CONTÍNUO PRODUÇÃO PARA CINEMA;FSA Automático Bilheteria;21152.32;21152.32;307084.68;280000;21152.32;0.3099;0.02;0.0;0;0.0;0;0;0;3.92;1;;;;03.360.320/0001-40;;;;;;;;;;FSA;1010398.47;1059200.72;2022;0.02
B2300288600000;FORAM OS SUSSURROS QUE ME MATARAM;2022;FLUXO CONTÍNUO PRODUÇÃO PARA CINEMA;FSA Automático Bilheteria;5427.24;5427.24;0.0;0;5427.24;0.0034;0.0034;0.0;0;0.0;0;0;0;0.0;0;5.0;3.0;;09.437.566/0001-50;;;;;;;;;;FSA;1238531.78;1581545.63;2022;0.0034
B2200089800000;O TRAIDOR;2022;FLUXO CONTÍNUO PRODUÇÃO PARA CINEMA;FSA Automático Bilheteria;59729.78;62164.76;65803.86;60000;62164.76;0.0412;0.017;6.7;0;33.5;0;0;0;3.529;1;;;;01.378.559/0001-12;;;;;;;;;;FSA;2435000.0;3109378.12;2022;0.02
B2200089800000;O TRAIDOR;2022;FLUXO CONTÍNUO PRODUÇÃO PARA CINEMA;FSA Automático Bilheteria;59729.78;62164.76;65803.86;60000;62164.76;0.0412;0.017;6.7;0;33.5;0;0;0;3.529;1;;;;01.378.559/0001-12;;;;;;;;;;RENUNCIA_ART3;500000.0;548365.5;2022;0.1134
B2300008500000;VAI CORINTHIANS!;2022;FLUXO CONTÍNUO PRODUÇÃO PARA CINEMA;FSA Automático Bilheteria;36258.89;36758.12;0.0;0;36758.12;0.0275;0.0188;0.0;0;0.0;0;0;0;0.0;0;2.0;0.0;;01.613.170/0001-04;;;;;;;;;;FSA;1000000.0;1334670.0;2022;0.0275
B2300008500000;VAI CORINTHIANS!;2022;FLUXO CONTÍNUO PRODUÇÃO PARA CINEMA;FSA Automático Bilheteria;36258.89;36758.12;0.0;0;36758.12;0.0275;0.0188;0.0;0;0.0;0;0;0;0.0;0;2.0;0.0;;01.613.170/0001-04;;;;;;;;;;RENUNCIA_ART3;567347.07;622227.12;2022;0.0591
B2300549200000;A ENTREGA;2023;FLUXO CONTÍNUO PRODUÇÃO PARA CINEMA;FSA Automático Bilheteria;5467.0;5467.0;0.0;0;5467.0;0.0058;0.0058;0.0;0;0.0;0;0;0;3.923;2;0.0;;;03.931.658/0001-05;;;;;;;;;;FSA;811228.56;941213.33;2023;0.0058
B2300212900000;MEU NOME É GAL;2023;FLUXO CONTÍNUO PRODUÇÃO PARA CINEMA;FSA Automático Bilheteria;3310347.4;3355505.44;146762.0;140000;3355505.44;1.044;0.4709;11.89;0;5.5;2825;0;0;3.0;1;1.0;0.0;;12.580.503/0001-62;;;;;;;;;;FSA;3200000.0;3354560.0;2023;1.0003
B2300212900000;MEU NOME É GAL;2023;FLUXO CONTÍNUO PRODUÇÃO PARA CINEMA;FSA Automático Bilheteria;3310347.4;3355505.44;146762.0;140000;3355505.44;1.044;0.4709;11.89;0;5.5;2825;0;0;3.0;1;1.0;0.0;;12.580.503/0001-62;;;;;;;;;;RENUNCIA_ART3;3000000.0;3144900.0;2023;1.067
B2300212900000;MEU NOME É GAL;2023;FLUXO CONTÍNUO PRODUÇÃO PARA CINEMA;FSA Automático Bilheteria;3310347.4;3355505.44;146762.0;140000;3355505.44;1.044;0.4709;11.89;0;5.5;2825;0;0;3.0;1;1.0;0.0;;12.580.503/0001-62;;;;;;;;;;RENUNCIA_OUTROS;597456.3;626313.44;2023;5.3575
B2300283600000;O VAZIO DE DOMINGO À TARDE;2023;FLUXO CONTÍNUO PRODUÇÃO PARA CINEMA;FSA Automático Bilheteria;21291.48;21291.48;0.0;0;21291.48;0.0184;0.0144;0.0;0;0.0;0;0;0;4.078;2;;;;09.065.789/0001-33;;;;;;;;;;FSA;1000000.0;1160232.0;2023;0.0184
B2300283600000;O VAZIO DE DOMINGO À TARDE;2023;FLUXO CONTÍNUO PRODUÇÃO PARA CINEMA;FSA Automático Bilheteria;21291.48;21291.48;0.0;0;21291.48;0.0184;0.0144;0.0;0;0.0;0;0;0;4.078;2;;;;09.065.789/0001-33;;;;;;;;;;RENUNCIA_ART3;300000.0;314490.0;2023;0.0677
B2300493100000;SOB A VERDE NEBULOSA;2023;FLUXO CONTÍNUO PRODUÇÃO PARA CINEMA;FSA Automático Bilheteria;0.0;0.0;0.0;0;0.0;0.0;0.0;0.0;0;0.0;0;0;0;2.4;1;;;;05.928.108/0001-62;;;;;;;;;;FSA;400000.0;533868.0;2023;0.0
B2000034100000;NO GOGÓ DO PAULINHO;2020;FLUXO CONTÍNUO PRODUÇÃO PARA CINEMA - VIA DISTRIBUIDORA;FSA Automático Bilheteria;1737.46;2166.92;0.0;0;2166.92;0.0003;0.0002;0.0;0;0.0;0;0;0;3.673;2;;;;03.987.306/0001-71;;;;;;;;;;FSA;4500000.0;6264873.0;2020;0.0003
B2000034100000;NO GOGÓ DO PAULINHO;2020;FLUXO CONTÍNUO PRODUÇÃO PARA CINEMA - VIA DISTRIBUIDORA;FSA Automático Bilheteria;1737.46;2166.92;0.0;0;2166.92;0.0003;0.0002;0.0;0;0.0;0;0;0;3.673;2;;;;03.987.306/0001-71;;;;;;;;;;RENUNCIA_ART3;3000000.0;3830856.0;2020;0.0006
B2000034100000;NO GOGÓ DO PAULINHO;2020;FLUXO CONTÍNUO PRODUÇÃO PARA CINEMA - VIA DISTRIBUIDORA;FSA Automático Bilheteria;1737.46;2166.92;0.0;0;2166.92;0.0003;0.0002;0.0;0;0.0;0;0;0;3.673;2;;;;03.987.306/0001-71;;;;;;;;;;RENUNCIA_OUTROS;55000.0;70232.36;2020;0.0309
B2000502900000;QUEM VAI FICAR COM MÁRIO;2020;FLUXO CONTÍNUO PRODUÇÃO PARA CINEMA - VIA DISTRIBUIDORA;FSA Automático Bilheteria;263878.08;300108.48;153234.24;120000;300108.48;0.0964;0.0352;0.0;0;0.0;0;0;0;3.835;2;;;;42.488.478/0001-52;;;;;;;;;;FSA;3523217.53;4702332.74;2020;0.0638
B2000502900000;QUEM VAI FICAR COM MÁRIO;2020;FLUXO CONTÍNUO PRODUÇÃO PARA CINEMA - VIA DISTRIBUIDORA;FSA Automático Bilheteria;263878.08;300108.48;153234.24;120000;300108.48;0.0964;0.0352;0.0;0;0.0;0;0;0;3.835;2;;;;42.488.478/0001-52;;;;;;;;;;RENUNCIA_ART3;3000000.0;3830856.0;2020;0.0783
B2100036700000;O ESPAÇO INFINITO;2021;FLUXO CONTÍNUO PRODUÇÃO PARA CINEMA - VIA DISTRIBUIDORA;FSA Automático Bilheteria;11479.61;11590.04;0.0;0;11590.04;0.0047;0.0047;0.0;0;0.0;0;0;0;3.845;2;;;;13.631.016/0001-44;;;;;;;;;;FSA;1760000.0;2450261.44;2021;0.0047
B2200065000000;AMADO;2022;FLUXO CONTÍNUO PRODUÇÃO PARA CINEMA - VIA DISTRIBUIDORA;FSA Automático Bilheteria;24887.3;25903.64;65803.86;60000;25903.64;0.0196;0.0021;0.0;0;0.0;0;0;0;3.63;2;2.0;0.0;;00.817.115/0001-73;;;;;;;;;;FSA;3500000.0;4671345.0;2022;0.0055
B2200065000000;AMADO;2022;FLUXO CONTÍNUO PRODUÇÃO PARA CINEMA - VIA DISTRIBUIDORA;FSA Automático Bilheteria;24887.3;25903.64;65803.86;60000;25903.64;0.0196;0.0021;0.0;0;0.0;0;0;0;3.63;2;2.0;0.0;;00.817.115/0001-73;;;;;;;;;;RENUNCIA_ART3;3000000.0;3290193.0;2022;0.0079
B2200065000000;AMADO;2022;FLUXO CONTÍNUO PRODUÇÃO PARA CINEMA - VIA DISTRIBUIDORA;FSA Automático Bilheteria;24887.3;25903.64;65803.86;60000;25903.64;0.0196;0.0021;0.0;0;0.0;0;0;0;3.63;2;2.0;0.0;;00.817.115/0001-73;;;;;;;;;;RENUNCIA_OUTROS;3871100.0;4245555.37;2022;0.0061
B2200349500000;TRÊS TIGRES TRISTES;2022;FLUXO CONTÍNUO PRODUÇÃO PARA CINEMA - VIA DISTRIBUIDORA;FSA Automático Bilheteria;14217.25;14413.0;65803.86;60000;14413.0;0.0688;0.0124;11.0;0;55.0;0;0;0;3.75;1;;;;15.745.495/0001-55;;;;;;;;;;FSA;873400.0;1165700.78;2022;0.0124
B2300330000000;ENTRELINHAS;2023;FLUXO CONTÍNUO PRODUÇÃO PARA CINEMA - VIA DISTRIBUIDORA;FSA Automático Bilheteria;45584.84;45584.84;62898.0;60000;45584.84;0.0273;0.0115;0.0;0;0.0;0;0;0;0.0;0;0.0;;;04.937.797/0001-09;;;;;;;;;;FSA;2980176.0;3977551.5;2023;0.0115
B2300349700000;NOSSO SONHO;2023;FLUXO CONTÍNUO PRODUÇÃO PARA CINEMA - VIA DISTRIBUIDORA;FSA Automático Bilheteria;9797171.76;9932028.12;146762.0;140000;9932028.12;2.8956;1.3122;0.0;0;0.0;0;0;0;4.259;2;;;;05.256.465/0001-21;;;;;;;;;;FSA;3000000.0;3480696.0;2023;2.8535
B2300349700000;NOSSO SONHO;2023;FLUXO CONTÍNUO PRODUÇÃO PARA CINEMA - VIA DISTRIBUIDORA;FSA Automático Bilheteria;9797171.76;9932028.12;146762.0;140000;9932028.12;2.8956;1.3122;0.0;0;0.0;0;0;0;4.259;2;;;;05.256.465/0001-21;;;;;;;;;;RENUNCIA_ART3;3000000.0;3144900.0;2023;3.1581
B2300349700000;NOSSO SONHO;2023;FLUXO CONTÍNUO PRODUÇÃO PARA CINEMA - VIA DISTRIBUIDORA;FSA Automático Bilheteria;9797171.76;9932028.12;146762.0;140000;9932028.12;2.8956;1.3122;0.0;0;0.0;0;0;0;4.259;2;;;;05.256.465/0001-21;;;;;;;;;;RENUNCIA_OUTROS;900000.0;943470.0;2023;10.5271
B2300536800000;SALA ESCURA;2023;FLUXO CONTÍNUO PRODUÇÃO PARA CINEMA - VIA DISTRIBUIDORA;FSA Automático Bilheteria;54013.96;54013.96;0.0;0;54013.96;0.0202;0.0181;0.0;0;0.0;0;0;0;0.0;0;;;;19.152.930/0001-99;;;;;;;;;;FSA;2000000.0;2669340.0;2023;0.0202
B2300536800000;SALA ESCURA;2023;FLUXO CONTÍNUO PRODUÇÃO PARA CINEMA - VIA DISTRIBUIDORA;FSA Automático Bilheteria;54013.96;54013.96;0.0;0;54013.96;0.0202;0.0181;0.0;0;0.0;0;0;0;0.0;0;;;;19.152.930/0001-99;;;;;;;;;;RENUNCIA_OUTROS;300000.0;314490.0;2023;0.1718
B1700361300000;MEMÓRIAS DO BRASIL;2016;FLUXO CONTÍNUO PRODUÇÃO PARA TELEVISÃO;_tv_excluir;0.0;0.0;178441.32;120000;0.0;0.1132;0.0;0.0;0;0.0;0;0;0;4.343;2;;;;15.128.758/0001-87;;;;;;;;;;FSA;1060000.0;1576231.66;2016;0.0
B1800114200000;INSTANTES CRUZADOS;2018;FLUXO CONTÍNUO PRODUÇÃO PARA TELEVISÃO;_tv_excluir;0.0;0.0;83531.64;60000;0.0;0.0365;0.0;0.0;0;0.0;0;0;0;0.0;0;;;;04.069.379/0001-47;;;;;;;;;;FSA;1539449.99;2289179.07;2018;0.0
B2400276600000;CONTOS DO MESTRE DOS MAGOS;2022;FLUXO CONTÍNUO PRODUÇÃO PARA TELEVISÃO;_tv_excluir;0.0;0.0;0.0;0;0.0;0.0;0.0;0.0;0;0.0;0;0;0;4.223;2;;;;06.023.805/0001-37;;;;;;;;;;FSA;884738.91;1026502.4;2022;0.0
B2200460100000;NEYMAR JR;2022;FLUXO CONTÍNUO PRODUÇÃO PARA TELEVISÃO;_tv_excluir;0.0;0.0;65803.86;60000;0.0;0.06;0.0;0.0;0;0.0;0;0;0;0.0;0;;;;04.350.398/0001-47;;;;;;;;;;FSA;1000000.0;1096731.0;2022;0.0
B2400052900000;O MUNDO DAS ECOVILAS;2022;FLUXO CONTÍNUO PRODUÇÃO PARA TELEVISÃO;_tv_excluir;0.0;0.0;0.0;0;0.0;0.0;0.0;0.0;0;0.0;0;0;0;4.185;2;;;;07.496.159/0001-98;;;;;;;;;;FSA;1469874.0;1705394.85;2022;0.0
B2300249900000;A SAGA DOS JUDEUS NO NORDESTE BRASILEIRO;2023;FLUXO CONTÍNUO PRODUÇÃO PARA TELEVISÃO;_tv_excluir;0.0;0.0;83864.0;80000;0.0;0.1916;0.0;0.0;0;0.0;0;0;0;4.3;1;;;;02.175.084/0001-20;;;;;;;;;;FSA;399000.0;437595.67;2023;0.0
B2300249900000;A SAGA DOS JUDEUS NO NORDESTE BRASILEIRO;2023;FLUXO CONTÍNUO PRODUÇÃO PARA TELEVISÃO;_tv_excluir;0.0;0.0;83864.0;80000;0.0;0.1916;0.0;0.0;0;0.0;0;0;0;4.3;1;;;;02.175.084/0001-20;;;;;;;;;;RENUNCIA_OUTROS;9359.68;9811.75;2023;0.0
B2300270100000;BIKE SP;2023;FLUXO CONTÍNUO PRODUÇÃO PARA TELEVISÃO;_tv_excluir;0.0;0.0;146762.0;140000;0.0;0.223;0.0;0.0;0;0.0;0;0;0;0.0;0;;;;09.019.897/0001-70;;;;;;;;;;FSA;600000.0;658038.6;2023;0.0
B2300280900000;BIKERS NO FIM DO MUNDO;2023;FLUXO CONTÍNUO PRODUÇÃO PARA TELEVISÃO;_tv_excluir;0.0;0.0;62898.0;60000;0.0;0.0717;0.0;0.0;0;0.0;0;0;0;4.3;1;;;;64.044.886/0001-58;;;;;;;;;;FSA;800000.0;877384.8;2023;0.0
B2300280900000;BIKERS NO FIM DO MUNDO;2023;FLUXO CONTÍNUO PRODUÇÃO PARA TELEVISÃO;_tv_excluir;0.0;0.0;62898.0;60000;0.0;0.0717;0.0;0.0;0;0.0;0;0;0;4.3;1;;;;64.044.886/0001-58;;;;;;;;;;RENUNCIA_ART3;3000000.0;3144900.0;2023;0.0
B2300280900000;BIKERS NO FIM DO MUNDO;2023;FLUXO CONTÍNUO PRODUÇÃO PARA TELEVISÃO;_tv_excluir;0.0;0.0;62898.0;60000;0.0;0.0717;0.0;0.0;0;0.0;0;0;0;4.3;1;;;;64.044.886/0001-58;;;;;;;;;;RENUNCIA_OUTROS;3000000.0;3144900.0;2023;0.0
B2300191700000;BUSCANDO BUSKERS - TEMPORADA 3;2023;FLUXO CONTÍNUO PRODUÇÃO PARA TELEVISÃO;_tv_excluir;0.0;0.0;62898.0;60000;0.0;0.06;0.0;0.0;0;0.0;0;0;0;4.2;1;2.0;17.0;;00.817.115/0001-73;;;;;;;;;;FSA;1000000.0;1048300.0;2023;0.0
B2300334900000;CARROÇA E A CULTURA POPULAR;2023;FLUXO CONTÍNUO PRODUÇÃO PARA TELEVISÃO;_tv_excluir;0.0;0.0;62898.0;60000;0.0;0.1355;0.0;0.0;0;0.0;0;0;0;0.0;0;7.0;1.0;;11.581.901/0001-30;;;;;;;;;;FSA;400000.0;464092.8;2023;0.0
B2300295800000;DESCUBRA-SE;2023;FLUXO CONTÍNUO PRODUÇÃO PARA TELEVISÃO;_tv_excluir;0.0;0.0;62898.0;60000;0.0;0.0904;0.0;0.0;0;0.0;0;0;0;0.0;0;;;;07.929.498/0001-10;;;;;;;;;;FSA;600000.0;696139.2;2023;0.0
B2300364900000;DESIGNERS DO BRASIL - 2ª TEMPORADA;2023;FLUXO CONTÍNUO PRODUÇÃO PARA TELEVISÃO;_tv_excluir;0.0;0.0;62898.0;60000;0.0;0.0686;0.0;0.0;0;0.0;0;0;0;4.343;2;;;;19.388.280/0001-85;;;;;;;;;;FSA;790000.0;916583.28;2023;0.0
B2300364900000;DESIGNERS DO BRASIL - 2ª TEMPORADA;2023;FLUXO CONTÍNUO PRODUÇÃO PARA TELEVISÃO;_tv_excluir;0.0;0.0;62898.0;60000;0.0;0.0686;0.0;0.0;0;0.0;0;0;0;4.343;2;;;;19.388.280/0001-85;;;;;;;;;;RENUNCIA_OUTROS;1781327.9;1867366.04;2023;0.0
B2300381600000;DOUTORA QUERIDA;2023;FLUXO CONTÍNUO PRODUÇÃO PARA TELEVISÃO;_tv_excluir;0.0;0.0;62898.0;60000;0.0;0.0717;0.0;0.0;0;0.0;0;0;0;0.0;0;;;;57.643.793/0001-84;;;;;;;;;;FSA;800000.0;877384.8;2023;0.0
B2300214800000;FAMILIA ANIMAL;2023;FLUXO CONTÍNUO PRODUÇÃO PARA TELEVISÃO;_tv_excluir;0.0;0.0;62898.0;60000;0.0;0.0399;0.0;0.0;0;0.0;0;0;0;3.635;2;;;;01.486.085/0001-22;;;;;;;;;;FSA;1360000.0;1577915.52;2023;0.0
B2300501200000;FUNK FAVELA;2023;FLUXO CONTÍNUO PRODUÇÃO PARA TELEVISÃO;_tv_excluir;0.0;0.0;62898.0;60000;0.0;0.0678;0.0;0.0;0;0.0;0;0;0;0.0;0;;;;01.486.085/0001-22;;;;;;;;;;FSA;800000.0;928185.6;2023;0.0
B2300501200000;FUNK FAVELA;2023;FLUXO CONTÍNUO PRODUÇÃO PARA TELEVISÃO;_tv_excluir;0.0;0.0;62898.0;60000;0.0;0.0678;0.0;0.0;0;0.0;0;0;0;0.0;0;;;;01.486.085/0001-22;;;;;;;;;;RENUNCIA_ART3;3000000.0;3144900.0;2023;0.0
B2300063500000;GRUTA DO LAGO AZUL;2023;FLUXO CONTÍNUO PRODUÇÃO PARA TELEVISÃO;_tv_excluir;0.0;0.0;62898.0;60000;0.0;0.0452;0.0;0.0;0;0.0;0;0;0;0.0;0;;;;01.613.170/0001-04;;;;;;;;;;FSA;1199990.0;1392266.8;2023;0.0
B2300212700000;HOMO BRASILIS - 2ª TEMPORADA;2023;FLUXO CONTÍNUO PRODUÇÃO PARA TELEVISÃO;_tv_excluir;0.0;0.0;62898.0;60000;0.0;0.0845;0.0;0.0;0;0.0;0;0;0;0.0;0;0.0;;;04.661.796/0001-84;;;;;;;;;;FSA;641550.0;744346.84;2023;0.0
B2300422200000;INVASORES;2023;FLUXO CONTÍNUO PRODUÇÃO PARA TELEVISÃO;_tv_excluir;6264.99;9164.68;62898.0;60000;9164.68;0.057;0.0072;0.0;0;0.0;0;0;0;3.89;2;;;;64.044.886/0001-58;;;;;;;;;;FSA;800000.0;1264435.2;2023;0.0072
B2400288500000;MEMÓRIAS DO BRASIL - 3ª TEMPORADA;2023;FLUXO CONTÍNUO PRODUÇÃO PARA TELEVISÃO;_tv_excluir;0.0;0.0;0.0;0;0.0;0.0;0.0;0.0;0;0.0;0;0;0;4.343;2;;;;05.791.137/0001-25;;;;;;;;;;FSA;1060000.0;1111198.0;2023;0.0
B2400288500000;MEMÓRIAS DO BRASIL - 3ª TEMPORADA;2023;FLUXO CONTÍNUO PRODUÇÃO PARA TELEVISÃO;_tv_excluir;0.0;0.0;0.0;0;0.0;0.0;0.0;0.0;0;0.0;0;0;0;4.343;2;;;;05.791.137/0001-25;;;;;;;;;;RENUNCIA_ART3;1250000.0;1310375.0;2023;0.0
B2300480000000;META-REALIDADE - AS POLÍTÍCAS DA IMAGEM CONTEMPORÂNEA;2023;FLUXO CONTÍNUO PRODUÇÃO PARA TELEVISÃO;_tv_excluir;0.0;0.0;62898.0;60000;0.0;0.075;0.0;0.0;0;0.0;0;0;0;3.695;2;;;;19.388.280/0001-85;;;;;;;;;;FSA;800000.0;838640.0;2023;0.0
B2300240100000;MULHERES RADICAIS;2023;FLUXO CONTÍNUO PRODUÇÃO PARA TELEVISÃO;_tv_excluir;0.0;0.0;62898.0;60000;0.0;0.1103;0.0;0.0;0;0.0;0;0;0;0.0;0;;;;09.180.984/0001-04;;;;;;;;;;FSA;491425.5;570167.59;2023;0.0
B2300064600000;MÚSICA SUBSTANTIVO FEMININO – CHIQUINHA GONZAGA;2023;FLUXO CONTÍNUO PRODUÇÃO PARA TELEVISÃO;_tv_excluir;0.0;0.0;62898.0;60000;0.0;0.1084;0.0;0.0;0;0.0;0;0;0;4.05;2;;;;06.900.652/0001-69;;;;;;;;;;FSA;500000.0;580116.0;2023;0.0
B2300580700000;NA GUERRA DOS OUTROS.;2023;FLUXO CONTÍNUO PRODUÇÃO PARA TELEVISÃO;_tv_excluir;0.0;0.0;62898.0;60000;0.0;0.0975;0.0;0.0;0;0.0;0;0;0;3.955;2;;;;27.527.464/0001-07;;;;;;;;;;FSA;555939.86;645019.22;2023;0.0
B2300572700000;NA TRILHA DO SOM;2023;FLUXO CONTÍNUO PRODUÇÃO PARA TELEVISÃO;_tv_excluir;0.0;0.0;62898.0;60000;0.0;0.1228;0.0;0.0;0;0.0;0;0;0;3.088;2;;;;05.256.465/0001-21;;;;;;;;;;FSA;441600.0;512358.45;2023;0.0
B2300397700000;O PODER DO SUTIL;2023;FLUXO CONTÍNUO PRODUÇÃO PARA TELEVISÃO;_tv_excluir;0.0;0.0;62898.0;60000;0.0;0.0717;0.0;0.0;0;0.0;0;0;0;3.733;1;0.0;;;05.515.177/0001-44;;;;;;;;;;FSA;800000.0;877384.8;2023;0.0
B2300398900000;PEDAL SUL;2023;FLUXO CONTÍNUO PRODUÇÃO PARA TELEVISÃO;_tv_excluir;0.0;0.0;62898.0;60000;0.0;0.1514;0.0;0.0;0;0.0;0;0;0;0.0;0;;;;03.021.799/0001-90;;;;;;;;;;FSA;378906.0;415557.96;2023;0.0
B2300404300000;SOTAQUES - A BOSSA DA LÍNGUA PORTUGUESA NO BRASIL;2023;FLUXO CONTÍNUO PRODUÇÃO PARA TELEVISÃO;_tv_excluir;0.0;0.0;62898.0;60000;0.0;0.0542;0.0;0.0;0;0.0;0;0;0;4.3;1;;;;00.338.948/0001-51;;;;;;;;;;FSA;1000000.0;1160232.0;2023;0.0
B2300404300000;SOTAQUES - A BOSSA DA LÍNGUA PORTUGUESA NO BRASIL;2023;FLUXO CONTÍNUO PRODUÇÃO PARA TELEVISÃO;_tv_excluir;0.0;0.0;62898.0;60000;0.0;0.0542;0.0;0.0;0;0.0;0;0;0;4.3;1;;;;00.338.948/0001-51;;;;;;;;;;RENUNCIA_OUTROS;417000.0;437141.1;2023;0.0
B2300563100000;TERCEIRO GOLEIRO;2023;FLUXO CONTÍNUO PRODUÇÃO PARA TELEVISÃO;_tv_excluir;0.0;0.0;62898.0;60000;0.0;0.1147;0.0;0.0;0;0.0;0;0;0;0.0;0;;;;09.514.942/0001-62;;;;;;;;;;FSA;500000.0;548365.5;2023;0.0
B2300563100000;TERCEIRO GOLEIRO;2023;FLUXO CONTÍNUO PRODUÇÃO PARA TELEVISÃO;_tv_excluir;0.0;0.0;62898.0;60000;0.0;0.1147;0.0;0.0;0;0.0;0;0;0;0.0;0;;;;09.514.942/0001-62;;;;;;;;;;RENUNCIA_OUTROS;341000.0;357470.3;2023;0.0
B2300486300000;VELHO CHICO, A ALMA DO POVO XOKÓ;2023;FLUXO CONTÍNUO PRODUÇÃO PARA TELEVISÃO;_tv_excluir;0.0;0.0;83864.0;80000;0.0;0.1529;0.0;0.0;0;0.0;0;0;0;0.0;0;;;;02.577.651/0001-74;;;;;;;;;;FSA;500000.0;548365.5;2023;0.0
B2200266300000;CANAL DA QUEBRADA;2022;PRODAV - TVS PÚBLICAS;_tv_excluir;0.0;0.0;394823.16;360000;0.0;0.4256;0.0;0.0;0;0.0;0;0;0;2.19;2;;;;24.121.437/0001-41;;;;;;;;;;FSA;799638.0;927765.6;2022;0.0
B2400007200000;ALIMENTANDO A ALMA;2023;PRODAV - TVS PÚBLICAS;_tv_excluir;0.0;0.0;0.0;0;0.0;0.0;0.0;0.0;0;0.0;0;0;0;0.0;0;2.0;1.0;;19.709.434/0001-93;;;;;;;;;;FSA;400000.0;464092.8;2023;0.0
B2400260800000;BOLA PRA FRENTE;2023;PRODAV - TVS PÚBLICAS;_tv_excluir;0.0;0.0;0.0;0;0.0;0.0;0.0;0.0;0;0.0;0;0;0;0.0;0;6.0;12.0;;11.168.287/0001-80;;;;;;;;;;FSA;1500000.0;1740348.0;2023;0.0
B2300563000000;CASSIMIRO E FLOR DA DONA FLOR;2023;PRODAV - TVS PÚBLICAS;_tv_excluir;0.0;0.0;0.0;0;0.0;0.0;0.0;0.0;0;0.0;0;0;0;4.035;2;;;;01.025.252/0001-38;;;;;;;;;;FSA;1500000.0;1572450.0;2023;0.0
B2300536900000;ENTRE LONGES;2023;PRODAV - TVS PÚBLICAS;_tv_excluir;0.0;0.0;0.0;0;0.0;0.0;0.0;0.0;0;0.0;0;0;0;0.0;0;0.0;;;23.240.437/0001-06;;;;;;;;;;FSA;1500000.0;1740348.0;2023;0.0
B2300182200000;FILOSOFIA COM ARTE;2023;PRODAV - TVS PÚBLICAS;_tv_excluir;0.0;0.0;0.0;0;0.0;0.0;0.0;0.0;0;0.0;0;0;0;0.0;0;2.0;0.0;;09.107.296/0001-19;;;;;;;;;;FSA;400000.0;464092.8;2023;0.0
B2300554500000;MASHUP À BRASILEIRA;2023;PRODAV - TVS PÚBLICAS;_tv_excluir;0.0;0.0;0.0;0;0.0;0.0;0.0;0.0;0;0.0;0;0;0;3.767;1;;;;07.988.992/0001-56;;;;;;;;;;FSA;999240.0;1159350.22;2023;0.0
B2300523600000;MINHA CASA, NOSSO MUNDO;2023;PRODAV - TVS PÚBLICAS;_tv_excluir;0.0;0.0;0.0;0;0.0;0.0;0.0;0.0;0;0.0;0;0;0;0.0;0;;;;03.189.055/0001-80;;;;;;;;;;FSA;979506.0;1136454.21;2023;0.0
B2300374900000;MITOS VIVOS;2023;PRODAV - TVS PÚBLICAS;_tv_excluir;0.0;0.0;0.0;0;0.0;0.0;0.0;0.0;0;0.0;0;0;0;4.025;2;1.0;6.0;;07.642.548/0001-84;;;;;;;;;;FSA;1000000.0;1160232.0;2023;0.0
B2300483300000;NA RAIZ DOS FESTEJOS;2023;PRODAV - TVS PÚBLICAS;_tv_excluir;0.0;0.0;0.0;0;0.0;0.0;0.0;0.0;0;0.0;0;0;0;0.0;0;;;;11.581.901/0001-30;;;;;;;;;;FSA;1000000.0;1160232.0;2023;0.0
B2300498000000;O BIPO;2023;PRODAV - TVS PÚBLICAS;_tv_excluir;0.0;0.0;0.0;0;0.0;0.0;0.0;0.0;0;0.0;0;0;0;0.0;0;2.0;0.0;;03.138.801/0001-06;;;;;;;;;;FSA;2000000.0;2320464.0;2023;0.0
B1402546500000;A GRANDE VIAGEM - A SÉRIE;2014;PRODAV 01;_tv_excluir;0.0;0.0;139935.04;80000;0.0;0.0759;0.0;0.0;0;0.0;0;0;0;3.9;1;1.0;0.0;;08.429.784/0001-80;;;;;;;;;;FSA;990000.0;1842697.89;2014;0.0
B1402546500000;A GRANDE VIAGEM - A SÉRIE;2014;PRODAV 01;_tv_excluir;0.0;0.0;139935.04;80000;0.0;0.0759;0.0;0.0;0;0.0;0;0;0;3.9;1;1.0;0.0;;08.429.784/0001-80;;;;;;;;;;RENUNCIA_OUTROS;131400.0;229843.3;2014;0.0
B1402274200000;AS GRANDES ENTREVISTAS DO PASQUIM;2014;PRODAV 01;_tv_excluir;0.0;0.0;104951.28;60000;0.0;0.0932;0.0;0.0;0;0.0;0;0;0;0.0;0;0.0;;;01.369.211/0001-69;;;;;;;;;;FSA;604840.0;1125795.35;2014;0.0
B1402217000000;BOA NOITE, MARTHA;2014;PRODAV 01;_tv_excluir;0.0;0.0;244886.32;140000;0.0;0.2484;0.0;0.0;0;0.0;0;0;0;3.0;1;;;;87.435.368/0001-60;;;;;;;;;;FSA;500000.0;985657.5;2014;0.0
B1402217000000;BOA NOITE, MARTHA;2014;PRODAV 01;_tv_excluir;0.0;0.0;244886.32;140000;0.0;0.2484;0.0;0.0;0;0.0;0;0;0;3.0;1;;;;87.435.368/0001-60;;;;;;;;;;RENUNCIA_ART3;19555.09;34205.53;2014;0.0
B1402213800000;BOM DIA ARQUEOLOGIA;2014;PRODAV 01;_tv_excluir;0.0;0.0;244886.32;140000;0.0;0.2673;0.0;0.0;0;0.0;0;0;0;3.7;1;0.0;;;32.056.954/0001-02;;;;;;;;;;FSA;492284.0;916293.62;2014;0.0
B1500151700000;CATÁLOGO BRASIL;2014;PRODAV 01;_tv_excluir;0.0;0.0;104951.28;60000;0.0;0.4199;0.0;0.0;0;0.0;0;0;0;0.0;0;;;;07.060.648/0001-00;;;;;;;;;;FSA;142900.0;249958.97;2014;0.0
B1402091700000;FANÁTICOS;2014;PRODAV 01;_tv_excluir;0.0;0.0;104951.28;60000;0.0;0.0857;0.0;0.0;0;0.0;0;0;0;0.0;0;;;;03.360.320/0001-40;;;;;;;;;;FSA;700000.0;1224431.6;2014;0.0
B1402091700000;FANÁTICOS;2014;PRODAV 01;_tv_excluir;0.0;0.0;104951.28;60000;0.0;0.0857;0.0;0.0;0;0.0;0;0;0;0.0;0;;;;03.360.320/0001-40;;;;;;;;;;RENUNCIA_ART3;1487724.92;2602310.58;2014;0.0
B1500351900000;HÁ MUITAS NOITES NA NOITE;2014;PRODAV 01;_tv_excluir;0.0;0.0;629707.68;360000;0.0;0.6766;0.0;0.0;0;0.0;0;0;0;4.013;2;;;;27.651.181/0001-72;;;;;;;;;;FSA;500000.0;930655.5;2014;0.0
B1500351900000;HÁ MUITAS NOITES NA NOITE;2014;PRODAV 01;_tv_excluir;0.0;0.0;629707.68;360000;0.0;0.6766;0.0;0.0;0;0.0;0;0;0;4.013;2;;;;27.651.181/0001-72;;;;;;;;;;RENUNCIA_OUTROS;500000.0;874594.0;2014;0.0
B1402269800000;MEU AMIGO ENCOSTO;2014;PRODAV 01;_tv_excluir;0.0;0.0;209902.56;120000;0.0;0.08;0.0;0.0;0;0.0;0;0;0;4.3;1;;;;05.565.485/0001-84;;;;;;;;;;FSA;1500000.0;2623782.0;2014;0.0
B1500132900000;O MILAGRE DE SANTA LUZIA - CULTURA POPULAR;2014;PRODAV 01;_tv_excluir;0.0;0.0;349837.6;200000;0.0;0.1;0.0;0.0;0;0.0;0;0;0;3.815;2;;;;06.096.915/0001-29;;;;;;;;;;FSA;2000000.0;3498376.0;2014;0.0
B1500132900000;O MILAGRE DE SANTA LUZIA - CULTURA POPULAR;2014;PRODAV 01;_tv_excluir;0.0;0.0;349837.6;200000;0.0;0.1;0.0;0.0;0;0.0;0;0;0;3.815;2;;;;06.096.915/0001-29;;;;;;;;;;RENUNCIA_OUTROS;1457441.0;2549338.31;2014;0.0
B1402183500000;O SHOW DA LUNA!;2014;PRODAV 01;_tv_excluir;0.0;0.0;358583.54;205000;0.0;0.1014;0.0;0.0;0;0.0;0;0;0;0.0;0;0.0;;;01.161.933/0001-23;;;;;;;;;;FSA;1900000.0;3536490.9;2014;0.0
B1402183500000;O SHOW DA LUNA!;2014;PRODAV 01;_tv_excluir;0.0;0.0;358583.54;205000;0.0;0.1014;0.0;0.0;0;0.0;0;0;0;0.0;0;0.0;;;01.161.933/0001-23;;;;;;;;;;RENUNCIA_ART3;1808652.0;3163672.37;2014;0.0
B1402183500000;O SHOW DA LUNA!;2014;PRODAV 01;_tv_excluir;0.0;0.0;358583.54;205000;0.0;0.1014;0.0;0.0;0;0.0;0;0;0;0.0;0;0.0;;;01.161.933/0001-23;;;;;;;;;;RENUNCIA_OUTROS;100000.0;174918.8;2014;0.0
B1402785400000;OS ANOS 80 ESTÃO DE VOLTA;2014;PRODAV 01;_tv_excluir;0.0;0.0;104951.28;60000;0.0;0.2344;0.0;0.0;0;0.0;0;0;0;0.0;0;0.0;;;02.993.488/0001-20;;;;;;;;;;FSA;256000.0;447792.13;2014;0.0
B1500218400000;OSMAR, A PRIMEIRA FATIA DO PÃO DE FORMA - 2ª TEMPORADA;2014;PRODAV 01;_tv_excluir;0.0;0.0;244886.32;140000;0.0;0.1549;0.0;0.0;0;0.0;0;0;0;3.803;2;0.0;;;08.517.383/0001-81;;;;;;;;;;FSA;1000000.0;1580544.0;2014;0.0
B1500218400000;OSMAR, A PRIMEIRA FATIA DO PÃO DE FORMA - 2ª TEMPORADA;2014;PRODAV 01;_tv_excluir;0.0;0.0;244886.32;140000;0.0;0.1549;0.0;0.0;0;0.0;0;0;0;3.803;2;0.0;;;08.517.383/0001-81;;;;;;;;;;RENUNCIA_ART3;2503250.0;4378654.86;2014;0.0
B1402156400000;OXIGÊNIO;2014;PRODAV 01;_tv_excluir;706.7;735.56;0.0;0;735.56;0.0011;0.0005;0.0;0;0.0;0;0;0;3.662;2;;;;04.980.287/0001-14;;;;;;;;;;FSA;363000.0;675655.89;2014;0.0011
B1402156400000;OXIGÊNIO;2014;PRODAV 01;_tv_excluir;706.7;735.56;0.0;0;735.56;0.0011;0.0005;0.0;0;0.0;0;0;0;3.662;2;;;;04.980.287/0001-14;;;;;;;;;;RENUNCIA_OUTROS;400000.0;699675.2;2014;0.0011
B1402163900000;QUERO TER UM MILHÃO DE AMIGOS.;2014;PRODAV 01;_tv_excluir;0.0;0.0;244886.32;140000;0.0;0.115;0.0;0.0;0;0.0;0;0;0;3.965;2;;;;04.650.621/0001-71;;;;;;;;;;FSA;1143776.39;2128923.58;2014;0.0
B1402147900000;QUESTÃO DE FAMÍLIA;2014;PRODAV 01;_tv_excluir;0.0;0.0;104951.28;60000;0.0;0.0127;0.0;0.0;0;0.0;0;0;0;3.656;1;;;;04.551.480/0001-30;;;;;;;;;;FSA;4731917.0;8277012.43;2014;0.0
B1500257800000;QUESTÃO DE FAMÍLIA 2º TEMPORADA;2014;PRODAV 01;_tv_excluir;0.0;0.0;104951.28;60000;0.0;0.0221;0.0;0.0;0;0.0;0;0;0;3.656;1;;;;04.551.480/0001-30;;;;;;;;;;FSA;3000000.0;4741632.0;2014;0.0
B1500257800000;QUESTÃO DE FAMÍLIA 2º TEMPORADA;2014;PRODAV 01;_tv_excluir;0.0;0.0;104951.28;60000;0.0;0.0221;0.0;0.0;0;0.0;0;0;0;3.656;1;;;;04.551.480/0001-30;;;;;;;;;;RENUNCIA_ART3;2736594.25;4786817.82;2014;0.0
B1402826500000;REIS DA RUA TERCEIRA TEMPORADA;2014;PRODAV 01;_tv_excluir;0.0;0.0;629707.68;360000;0.0;0.3852;0.0;0.0;0;0.0;0;0;0;4.095;2;0.0;;;04.727.439/0001-71;;;;;;;;;;FSA;934512.0;1634637.18;2014;0.0
B1402850900000;SONHOS DE ABU;2014;PRODAV 01;_tv_excluir;0.0;0.0;104951.28;60000;0.0;0.08;0.0;0.0;0;0.0;0;0;0;3.32;1;0.0;;;05.515.177/0001-44;;;;;;;;;;FSA;750000.0;1311891.0;2014;0.0
B1402778300000;SOS FADA MANU;2014;PRODAV 01;_tv_excluir;0.0;0.0;734658.96;420000;0.0;0.2545;0.0;0.0;0;0.0;0;0;0;0.0;0;;;;16.729.130/0001-08;;;;;;;;;;FSA;1650000.0;2886160.2;2014;0.0
B1402778300000;SOS FADA MANU;2014;PRODAV 01;_tv_excluir;0.0;0.0;734658.96;420000;0.0;0.2545;0.0;0.0;0;0.0;0;0;0;0.0;0;;;;16.729.130/0001-08;;;;;;;;;;RENUNCIA_ART3;234236.0;409722.8;2014;0.0
B1402778300000;SOS FADA MANU;2014;PRODAV 01;_tv_excluir;0.0;0.0;734658.96;420000;0.0;0.2545;0.0;0.0;0;0.0;0;0;0;0.0;0;;;;16.729.130/0001-08;;;;;;;;;;RENUNCIA_OUTROS;450000.0;787134.6;2014;0.0
B1402431800000;VAN BORA!;2014;PRODAV 01;_tv_excluir;0.0;0.0;244886.32;140000;0.0;0.2193;0.0;0.0;0;0.0;0;0;0;0.0;0;;;;04.760.800/0001-61;;;;;;;;;;FSA;600000.0;1116786.6;2014;0.0
B1402440900000;X-CORAÇÃO;2014;PRODAV 01;_tv_excluir;0.0;0.0;349837.6;200000;0.0;0.2349;0.0;0.0;0;0.0;0;0;0;0.0;0;0.0;;;05.491.003/0001-99;;;;;;;;;;FSA;800000.0;1489048.8;2014;0.0
B1600137800000;A GAROTA DA MOTO;2015;PRODAV 01;_tv_excluir;0.0;0.0;221276.16;140000;0.0;0.0291;0.0;0.0;0;0.0;0;0;0;3.8;1;0.0;;;02.947.857/0001-49;;;;;;;;;;FSA;4813557.84;7608039.96;2015;0.0
B1600137800000;A GAROTA DA MOTO;2015;PRODAV 01;_tv_excluir;0.0;0.0;221276.16;140000;0.0;0.0291;0.0;0.0;0;0.0;0;0;0;3.8;1;0.0;;;02.947.857/0001-49;;;;;;;;;;RENUNCIA_ART3;2573984.12;4068295.16;2015;0.0
B1500497300000;A MANSÃO MALUCA DO PROFESSOR AMBRÓSIO - TEMPORADA 4;2015;PRODAV 01;_tv_excluir;0.0;0.0;442552.32;280000;0.0;0.3015;0.0;0.0;0;0.0;0;0;0;3.8;1;;;;09.028.371/0001-56;;;;;;;;;;FSA;928735.0;1467906.53;2015;0.0
B1500497300000;A MANSÃO MALUCA DO PROFESSOR AMBRÓSIO - TEMPORADA 4;2015;PRODAV 01;_tv_excluir;0.0;0.0;442552.32;280000;0.0;0.3015;0.0;0.0;0;0.0;0;0;0;3.8;1;;;;09.028.371/0001-56;;;;;;;;;;RENUNCIA_OUTROS;276632.0;437229.05;2015;0.0
B1600019400000;A REVOLUÇÃO DO CINEMA NOVO;2015;PRODAV 01;_tv_excluir;0.0;0.0;94832.64;60000;0.0;0.1189;0.0;0.0;0;0.0;0;0;0;3.6;1;0.0;;;02.298.682/0001-96;;;;;;;;;;FSA;455971.5;797579.88;2015;0.0
B1600412400000;ARTISTAS;2015;PRODAV 01;_tv_excluir;0.0;0.0;94832.64;60000;0.0;0.2609;0.0;0.0;0;0.0;0;0;0;0.0;0;;;;07.060.648/0001-00;;;;;;;;;;FSA;230000.0;363525.12;2015;0.0
B1600412400000;ARTISTAS;2015;PRODAV 01;_tv_excluir;0.0;0.0;94832.64;60000;0.0;0.2609;0.0;0.0;0;0.0;0;0;0;0.0;0;;;;07.060.648/0001-00;;;;;;;;;;RENUNCIA_OUTROS;1205000.0;1904555.52;2015;0.0
B1500758100000;AS AVENTURAS DO HOMEM CUECA;2015;PRODAV 01;_tv_excluir;0.0;0.0;221276.16;140000;0.0;0.253;0.0;0.0;0;0.0;0;0;0;2.5;1;1.0;3.0;;10.689.019/0001-40;;;;;;;;;;FSA;500000.0;874594.0;2015;0.0
B1500758100000;AS AVENTURAS DO HOMEM CUECA;2015;PRODAV 01;_tv_excluir;0.0;0.0;221276.16;140000;0.0;0.253;0.0;0.0;0;0.0;0;0;0;2.5;1;1.0;3.0;;10.689.019/0001-40;;;;;;;;;;RENUNCIA_ART3;137692.07;217628.38;2015;0.0
B1500758100000;AS AVENTURAS DO HOMEM CUECA;2015;PRODAV 01;_tv_excluir;0.0;0.0;221276.16;140000;0.0;0.253;0.0;0.0;0;0.0;0;0;0;2.5;1;1.0;3.0;;10.689.019/0001-40;;;;;;;;;;RENUNCIA_OUTROS;68588.42;108407.02;2015;0.0
B1500309600000;CALE-SE - A CENSURA MUSICAL;2015;PRODAV 01;_tv_excluir;0.0;0.0;94832.64;60000;0.0;0.1227;0.0;0.0;0;0.0;0;0;0;0.0;0;;;;04.661.796/0001-84;;;;;;;;;;FSA;415071.5;772577.15;2015;0.0
B1500883200000;CAPOEIRA, UM PASSO A DOIS;2015;PRODAV 01;_tv_excluir;5205.0;6898.36;94832.64;60000;6898.36;0.452;0.0213;0.0;0;0.0;0;0;0;0.0;0;;;;12.240.058/0001-91;;;;;;;;;;FSA;142405.0;225077.37;2015;0.0306
B1500883200000;CAPOEIRA, UM PASSO A DOIS;2015;PRODAV 01;_tv_excluir;5205.0;6898.36;94832.64;60000;6898.36;0.452;0.0213;0.0;0;0.0;0;0;0;0.0;0;;;;12.240.058/0001-91;;;;;;;;;;RENUNCIA_OUTROS;62100.0;98151.78;2015;0.0703
B1700088700000;COLECIONADORES;2015;PRODAV 01;_tv_excluir;0.0;0.0;94832.64;60000;0.0;0.1701;0.0;0.0;0;0.0;0;0;0;0.0;0;0.0;;;01.541.247/0001-88;;;;;;;;;;FSA;352753.0;557541.64;2015;0.0
B1600003800000;CONDOMINIO JAQUELINE;2015;PRODAV 01;_tv_excluir;0.0;0.0;94832.64;60000;0.0;0.0425;0.0;0.0;0;0.0;0;0;0;0.0;0;;;;05.508.188/0001-05;;;;;;;;;;FSA;1200000.0;2233573.2;2015;0.0
B1600003800000;CONDOMINIO JAQUELINE;2015;PRODAV 01;_tv_excluir;0.0;0.0;94832.64;60000;0.0;0.0425;0.0;0.0;0;0.0;0;0;0;0.0;0;;;;05.508.188/0001-05;;;;;;;;;;RENUNCIA_ART3;521382.35;824067.74;2015;0.0
B1600358700000;E AÍ... COMEU?;2015;PRODAV 01;_tv_excluir;29523400.98;51215114.44;94832.64;60000;51215114.44;3.9617;3.5243;0.0;0;0.0;0;0;0;0.0;0;;;;09.558.964/0001-24;;;;;;;;;;FSA;6570000.0;12951539.55;2015;3.9544
B1600358700000;E AÍ... COMEU?;2015;PRODAV 01;_tv_excluir;29523400.98;51215114.44;94832.64;60000;51215114.44;3.9617;3.5243;0.0;0;0.0;0;0;0;0.0;0;;;;09.558.964/0001-24;;;;;;;;;;RENUNCIA_ART3;1000000.0;1580544.0;2015;32.4035
B1600477000000;ERNESTO, O EXTERMINADOR DE SERES MONSTRUOSOS E OUTRAS PORCARIAS;2015;PRODAV 01;_tv_excluir;0.0;0.0;126443.52;80000;0.0;0.0703;0.0;0.0;0;0.0;0;0;0;0.0;0;;;;09.107.296/0001-19;;;;;;;;;;FSA;1137720.0;1798216.52;2015;0.0
B1500407800000;FEITO TORTO PRA FICAR DIREITO;2015;PRODAV 01;_tv_excluir;0.0;0.0;189665.28;120000;0.0;0.1248;0.0;0.0;0;0.0;0;0;0;0.0;0;;;;04.736.316/0001-05;;;;;;;;;;FSA;869146.0;1520299.75;2015;0.0
B1500407800000;FEITO TORTO PRA FICAR DIREITO;2015;PRODAV 01;_tv_excluir;0.0;0.0;189665.28;120000;0.0;0.1248;0.0;0.0;0;0.0;0;0;0;0.0;0;;;;04.736.316/0001-05;;;;;;;;;;RENUNCIA_OUTROS;85000.0;134346.24;2015;0.0
B1500660200000;FORA DE QUADRO;2015;PRODAV 01;_tv_excluir;0.0;0.0;94832.64;60000;0.0;0.0623;0.0;0.0;0;0.0;0;0;0;3.98;2;;;;94.625.829/0001-23;;;;;;;;;;FSA;870000.0;1521793.56;2015;0.0
B1500572300000;IMAGENS DO ESTADO NOVO 1937-45;2015;PRODAV 01;_tv_excluir;40623.04;53695.88;221276.16;140000;53695.88;0.29;0.0408;0.0;0;0.0;0;0;0;4.095;2;0.0;;;01.519.695/0001-85;;;;;;;;;;FSA;600000.0;948326.4;2015;0.0566
B1500572300000;IMAGENS DO ESTADO NOVO 1937-45;2015;PRODAV 01;_tv_excluir;40623.04;53695.88;221276.16;140000;53695.88;0.29;0.0408;0.0;0;0.0;0;0;0;4.095;2;0.0;;;01.519.695/0001-85;;;;;;;;;;RENUNCIA_OUTROS;233110.0;368440.61;2015;0.1457
B1600193300000;IMAGENS DO ESTADO NOVO 1937-45;2015;PRODAV 01;_tv_excluir;40623.04;53695.88;0.0;0;53695.88;0.0566;0.0408;0.0;0;0.0;0;0;0;4.095;2;0.0;;;01.519.695/0001-85;;;;;;;;;;FSA;600000.0;948326.4;2015;0.0566
B1600193300000;IMAGENS DO ESTADO NOVO 1937-45;2015;PRODAV 01;_tv_excluir;40623.04;53695.88;0.0;0;53695.88;0.0566;0.0408;0.0;0;0.0;0;0;0;4.095;2;0.0;;;01.519.695/0001-85;;;;;;;;;;RENUNCIA_OUTROS;233110.0;368440.61;2015;0.1457
B1600131200000;INCERTEZAS CRÍTICAS;2015;PRODAV 01;_tv_excluir;0.0;0.0;568995.84;360000;0.0;1.4925;0.0;0.0;0;0.0;0;0;0;0.0;0;8.0;0.0;;64.044.886/0001-58;;;;;;;;;;FSA;241208.0;381239.86;2015;0.0
B1500916300000;INSÔNIA;2015;PRODAV 01;_tv_excluir;25530.12;41330.52;94832.64;60000;41330.52;0.0985;0.0106;0.0;0;0.0;0;0;0;3.96;2;0.0;;;02.993.488/0001-20;;;;;;;;;;FSA;790000.0;1381858.52;2015;0.0299
B1500916300000;INSÔNIA;2015;PRODAV 01;_tv_excluir;25530.12;41330.52;94832.64;60000;41330.52;0.0985;0.0106;0.0;0;0.0;0;0;0;3.96;2;0.0;;;02.993.488/0001-20;;;;;;;;;;RENUNCIA_OUTROS;1587199.24;2508638.24;2015;0.0165
B1500515600000;MAD DOGS;2015;PRODAV 01;_tv_excluir;0.0;0.0;442552.32;280000;0.0;0.3465;0.0;0.0;0;0.0;0;0;0;0.0;0;;;;09.499.033/0001-00;;;;;;;;;;FSA;730106.0;1277092.65;2015;0.0
B1500650100000;MERCADOS;2015;PRODAV 01;_tv_excluir;0.0;0.0;126443.52;80000;0.0;0.1446;0.0;0.0;0;0.0;0;0;0;0.0;0;;;;10.331.623/0001-09;;;;;;;;;;FSA;500000.0;874594.0;2015;0.0
B1600241200000;MINHA TRIBO;2015;PRODAV 01;_tv_excluir;0.0;0.0;0.0;0;0.0;0.0;0.0;0.0;0;0.0;0;0;0;0.0;0;0.0;;;07.477.471/0001-34;;;;;;;;;;FSA;500000.0;874594.0;2015;0.0
B1500838900000;NOTAS DE AMOR;2015;PRODAV 01;_tv_excluir;0.0;0.0;221276.16;140000;0.0;0.35;0.0;0.0;0;0.0;0;0;0;4.3;1;;;;94.307.840/0001-45;;;;;;;;;;FSA;400000.0;632217.6;2015;0.0
B1500838900000;NOTAS DE AMOR;2015;PRODAV 01;_tv_excluir;0.0;0.0;221276.16;140000;0.0;0.35;0.0;0.0;0;0.0;0;0;0;4.3;1;;;;94.307.840/0001-45;;;;;;;;;;RENUNCIA_OUTROS;167000.0;263950.85;2015;0.0
B1500896100000;OS UNDER UNDERGROUNDS - TEMPORADA 1;2015;PRODAV 01;_tv_excluir;0.0;0.0;221276.16;140000;0.0;0.0515;0.0;0.0;0;0.0;0;0;0;0.0;0;;;;09.028.371/0001-56;;;;;;;;;;FSA;2716789.87;4294005.93;2015;0.0
B1600775400000;PLANETORAMA;2015;PRODAV 01;_tv_excluir;0.0;0.0;221276.16;140000;0.0;0.133;0.0;0.0;0;0.0;0;0;0;0.0;0;2.0;0.0;;10.855.589/0001-63;;;;;;;;;;FSA;951259.6;1663931.88;2015;0.0
B1500375100000;REPÚBLICA DO PERU;2015;PRODAV 01;_tv_excluir;0.0;0.0;221276.16;140000;0.0;0.1687;0.0;0.0;0;0.0;0;0;0;0.0;0;0.0;;;02.759.786/0001-50;;;;;;;;;;FSA;750000.0;1311891.0;2015;0.0
B1500659000000;RIBANCEIRA;2015;PRODAV 01;_tv_excluir;0.0;0.0;94832.64;60000;0.0;0.0752;0.0;0.0;0;0.0;0;0;0;0.0;0;;;;08.588.114/0001-06;;;;;;;;;;FSA;798061.0;1261370.53;2015;0.0
B1600084300000;RIO+BOSSA;2015;PRODAV 01;_tv_excluir;0.0;0.0;94832.64;60000;0.0;0.3189;0.0;0.0;0;0.0;0;0;0;4.225;2;;;;13.171.263/0001-05;;;;;;;;;;FSA;170000.0;297361.96;2015;0.0
B1600084300000;RIO+BOSSA;2015;PRODAV 01;_tv_excluir;0.0;0.0;94832.64;60000;0.0;0.3189;0.0;0.0;0;0.0;0;0;0;4.225;2;;;;13.171.263/0001-05;;;;;;;;;;RENUNCIA_OUTROS;15000.0;23708.16;2015;0.0
B1500593700000;SANTO FORTE;2015;PRODAV 01;_tv_excluir;0.0;0.0;94832.64;60000;0.0;0.0181;0.0;0.0;0;0.0;0;0;0;0.0;0;0.0;;;67.942.250/0001-11;;;;;;;;;;FSA;3000000.0;5247564.0;2015;0.0
B1500593700000;SANTO FORTE;2015;PRODAV 01;_tv_excluir;0.0;0.0;94832.64;60000;0.0;0.0181;0.0;0.0;0;0.0;0;0;0;0.0;0;0.0;;;67.942.250/0001-11;;;;;;;;;;RENUNCIA_ART3;1600000.0;2528870.4;2015;0.0
B1500634100000;SETE VIDAS EM 7 CORDAS;2015;PRODAV 01;_tv_excluir;0.0;0.0;442552.32;280000;0.0;0.8917;0.0;0.0;0;0.0;0;0;0;4.343;2;;;;13.510.088/0001-33;;;;;;;;;;FSA;314000.0;496290.82;2015;0.0
B1500634100000;SETE VIDAS EM 7 CORDAS;2015;PRODAV 01;_tv_excluir;0.0;0.0;442552.32;280000;0.0;0.8917;0.0;0.0;0;0.0;0;0;0;4.343;2;;;;13.510.088/0001-33;;;;;;;;;;RENUNCIA_OUTROS;17587.17;27797.3;2015;0.0
B1600486300000;SÉRIE C;2015;PRODAV 01;_tv_excluir;0.0;0.0;126443.52;80000;0.0;0.1054;0.0;0.0;0;0.0;0;0;0;0.0;0;;;;72.062.029/0001-09;;;;;;;;;;FSA;685788.0;1199572.14;2015;0.0
B1500428800000;TAQUARAS, TAMBORES E VIOLAS;2015;PRODAV 01;_tv_excluir;0.0;0.0;94832.64;60000;0.0;0.1781;0.0;0.0;0;0.0;0;0;0;0.0;0;;;;12.106.692/0001-36;;;;;;;;;;FSA;304361.0;532384.61;2015;0.0
B1600084700000;TERRA PROMETIDA;2015;PRODAV 01;_tv_excluir;0.0;0.0;568995.84;360000;0.0;0.6506;0.0;0.0;0;0.0;0;0;0;3.277;2;;;;09.180.984/0001-04;;;;;;;;;;FSA;500000.0;874594.0;2015;0.0
B1600084700000;TERRA PROMETIDA;2015;PRODAV 01;_tv_excluir;0.0;0.0;568995.84;360000;0.0;0.6506;0.0;0.0;0;0.0;0;0;0;3.277;2;;;;09.180.984/0001-04;;;;;;;;;;RENUNCIA_ART3;199999.98;316108.77;2015;0.0
B1600084700000;TERRA PROMETIDA;2015;PRODAV 01;_tv_excluir;0.0;0.0;568995.84;360000;0.0;0.6506;0.0;0.0;0;0.0;0;0;0;3.277;2;;;;09.180.984/0001-04;;;;;;;;;;RENUNCIA_OUTROS;850000.0;1343462.4;2015;0.0
B1600659200000;TERRA PROMETIDA;2015;PRODAV 01;_tv_excluir;0.0;0.0;0.0;0;0.0;0.0;0.0;0.0;0;0.0;0;0;0;3.277;2;;;;09.180.984/0001-04;;;;;;;;;;FSA;500000.0;874594.0;2015;0.0
B1600659200000;TERRA PROMETIDA;2015;PRODAV 01;_tv_excluir;0.0;0.0;0.0;0;0.0;0.0;0.0;0.0;0;0.0;0;0;0;3.277;2;;;;09.180.984/0001-04;;;;;;;;;;RENUNCIA_ART3;199999.98;316108.77;2015;0.0
B1600659200000;TERRA PROMETIDA;2015;PRODAV 01;_tv_excluir;0.0;0.0;0.0;0;0.0;0.0;0.0;0.0;0;0.0;0;0;0;3.277;2;;;;09.180.984/0001-04;;;;;;;;;;RENUNCIA_OUTROS;850000.0;1343462.4;2015;0.0
B1500769700000;VIDA DE ESTAGIÁRIO - 2ª TEMPORADA;2015;PRODAV 01;_tv_excluir;0.0;0.0;94832.64;60000;0.0;0.021;0.0;0.0;0;0.0;0;0;0;3.2;1;0.0;;;08.296.780/0001-70;;;;;;;;;;FSA;2860000.0;4520355.84;2015;0.0
B1700140400000;WERNER E OS MORTOS;2015;PRODAV 01;_tv_excluir;0.0;0.0;94832.64;60000;0.0;0.0616;0.0;0.0;0;0.0;0;0;0;0.0;0;0.0;;;01.541.247/0001-88;;;;;;;;;;FSA;974292.0;1539911.37;2015;0.0
B1600117100000;WORK IN PROGRESS – POR DENTRO DO BALÉ DA CIDADE DE SÃO PAULO;2015;PRODAV 01;_tv_excluir;0.0;0.0;316108.8;200000;0.0;0.2254;0.0;0.0;0;0.0;0;0;0;4.45;2;0.0;;;00.020.648/0001-20;;;;;;;;;;FSA;887183.0;1402231.77;2015;0.0
B1500731600000;À MODA DA CASA;2015;PRODAV 01;_tv_excluir;0.0;0.0;94832.64;60000;0.0;0.1495;0.0;0.0;0;0.0;0;0;0;3.488;1;;;;08.798.008/0001-57;;;;;;;;;;FSA;401224.0;634152.19;2015;0.0
B1700110500000;A CARA DO FUTURO;2016;PRODAV 01;_tv_excluir;0.0;0.0;89220.66;60000;0.0;0.1129;0.0;0.0;0;0.0;0;0;0;4.062;2;0.0;;;07.560.127/0001-04;;;;;;;;;;FSA;500000.0;790272.0;2016;0.0
B1700263000000;A LINGUAGEM DO CINEMA - SÉRIE II;2016;PRODAV 01;_tv_excluir;0.0;0.0;89220.66;60000;0.0;0.085;0.0;0.0;0;0.0;0;0;0;0.0;0;;;;33.737.511/0001-40;;;;;;;;;;FSA;600000.0;1049512.8;2016;0.0
B1600513600000;A RAZÃO E A LOUCURA;2016;PRODAV 01;_tv_excluir;0.0;0.0;0.0;0;0.0;0.0;0.0;0.0;0;0.0;0;0;0;4.133;2;0.0;;;09.456.031/0001-26;;;;;;;;;;FSA;300000.0;524756.4;2016;0.0
B1600650300000;A SECRETÁRIA DO PRESIDENTE;2016;PRODAV 01;_tv_excluir;0.0;0.0;89220.66;60000;0.0;0.025;0.0;0.0;0;0.0;0;0;0;3.732;2;;;;06.998.046/0001-28;;;;;;;;;;FSA;2400000.0;3568826.4;2016;0.0
B1600650300000;A SECRETÁRIA DO PRESIDENTE;2016;PRODAV 01;_tv_excluir;0.0;0.0;89220.66;60000;0.0;0.025;0.0;0.0;0;0.0;0;0;0;3.732;2;;;;06.998.046/0001-28;;;;;;;;;;RENUNCIA_ART3;637784.0;948391.82;2016;0.0
B1600428200000;AMOR DE 4;2016;PRODAV 01;_tv_excluir;0.0;0.0;89220.66;60000;0.0;0.0553;0.0;0.0;0;0.0;0;0;0;4.3;1;;;;13.914.178/0001-90;;;;;;;;;;FSA;1020000.0;1612154.88;2016;0.0
B1600428200000;AMOR DE 4;2016;PRODAV 01;_tv_excluir;0.0;0.0;89220.66;60000;0.0;0.0553;0.0;0.0;0;0.0;0;0;0;4.3;1;;;;13.914.178/0001-90;;;;;;;;;;RENUNCIA_OUTROS;940000.0;1397790.34;2016;0.0
B1600690700000;ANGELI THE KILLER;2016;PRODAV 01;_tv_excluir;0.0;0.0;89220.66;60000;0.0;0.0642;0.0;0.0;0;0.0;0;0;0;2.627;2;6.0;0.0;;03.746.956/0001-25;;;;;;;;;;FSA;879780.0;1390531.0;2016;0.0
B1700628500000;ARTE BRASILEIRA QUADRO A QUADRO;2016;PRODAV 01;_tv_excluir;0.0;0.0;89220.66;60000;0.0;0.125;0.0;0.0;0;0.0;0;0;0;3.767;1;5.0;23.0;;07.832.283/0001-87;;;;;;;;;;FSA;479996.0;713759.33;2016;0.0
B1600142700000;AS AVENTURAS DE FUJIWARA MANCHESTER;2016;PRODAV 01;_tv_excluir;0.0;0.0;118960.88;80000;0.0;0.0474;0.0;0.0;0;0.0;0;0;0;4.3;1;0.0;;;02.231.569/0001-93;;;;;;;;;;FSA;1348000.0;2509047.23;2016;0.0
B1700145800000;BARÃO VERMELHO - POR QUE A GENTE É ASSIM?;2016;PRODAV 01;_tv_excluir;0.0;0.0;208181.54;140000;0.0;0.6635;0.0;0.0;0;0.0;0;0;0;3.995;2;;;;09.180.984/0001-04;;;;;;;;;;FSA;211000.0;313759.32;2016;0.0
B1700145800000;BARÃO VERMELHO - POR QUE A GENTE É ASSIM?;2016;PRODAV 01;_tv_excluir;0.0;0.0;208181.54;140000;0.0;0.6635;0.0;0.0;0;0.0;0;0;0;3.995;2;;;;09.180.984/0001-04;;;;;;;;;;RENUNCIA_OUTROS;700000.0;1040907.7;2016;0.0
B1600382200000;BRASIL ADENTRO - MÚSICA DE PERNAMBUCO;2016;PRODAV 01;_tv_excluir;0.0;0.0;89220.66;60000;0.0;0.1544;0.0;0.0;0;0.0;0;0;0;4.05;2;2.0;0.0;;03.760.075/0001-69;;;;;;;;;;FSA;330260.71;577688.07;2016;0.0
B1600559000000;CAUSANDO NA RUA;2016;PRODAV 01;_tv_excluir;0.0;0.0;89220.66;60000;0.0;0.0751;0.0;0.0;0;0.0;0;0;0;3.003;2;0.0;;;07.860.494/0001-23;;;;;;;;;;FSA;798447.0;1187299.47;2016;0.0
B1600739700000;CHÃO DE FÁBRICA;2016;PRODAV 01;_tv_excluir;0.0;0.0;208181.54;140000;0.0;0.209;0.0;0.0;0;0.0;0;0;0;4.133;2;;;;12.106.692/0001-36;;;;;;;;;;FSA;630200.0;996058.83;2016;0.0
B1700472700000;CINEASTAS;2016;PRODAV 01;_tv_excluir;0.0;0.0;89220.66;60000;0.0;0.088;0.0;0.0;0;0.0;0;0;0;0.0;0;;;;07.115.568/0001-05;;;;;;;;;;FSA;682000.0;1014141.5;2016;0.0
B1700207800000;DUNAS DO BARATO;2016;PRODAV 01;_tv_excluir;0.0;0.0;89220.66;60000;0.0;0.1043;0.0;0.0;0;0.0;0;0;0;0.0;0;;;;72.047.608/0001-82;;;;;;;;;;FSA;541388.0;855687.56;2016;0.0
B1700466400000;FILME B;2016;PRODAV 01;_tv_excluir;0.0;0.0;89220.66;60000;0.0;0.0564;0.0;0.0;0;0.0;0;0;0;0.0;0;0.0;;;08.346.159/0001-74;;;;;;;;;;FSA;1000000.0;1580544.0;2016;0.0
B1700455700000;GAME BROS;2016;PRODAV 01;_tv_excluir;0.0;0.0;89220.66;60000;0.0;0.0564;0.0;0.0;0;0.0;0;0;0;0.0;0;0.0;;;08.346.159/0001-74;;;;;;;;;;FSA;1000000.0;1580544.0;2016;0.0
B1600288400000;GODOFREDO;2016;PRODAV 01;_tv_excluir;0.0;0.0;118960.88;80000;0.0;0.0639;0.0;0.0;0;0.0;0;0;0;0.0;0;1.0;0.0;;02.231.569/0001-93;;;;;;;;;;FSA;1000000.0;1861311.0;2016;0.0
B1700036100000;HOMO BRASILIS;2016;PRODAV 01;_tv_excluir;0.0;0.0;89220.66;60000;0.0;0.0933;0.0;0.0;0;0.0;0;0;0;0.0;0;0.0;;;04.661.796/0001-84;;;;;;;;;;FSA;605206.2;956555.03;2016;0.0
B1700009500000;LATITUDE, LONGITUDE;2016;PRODAV 01;_tv_excluir;0.0;0.0;89220.66;60000;0.0;0.0707;0.0;0.0;0;0.0;0;0;0;0.0;0;0.0;;;04.661.796/0001-84;;;;;;;;;;FSA;798000.0;1261274.11;2016;0.0
B1700012200000;LILA;2016;PRODAV 01;_tv_excluir;0.0;0.0;89220.66;60000;0.0;0.1154;0.0;0.0;0;0.0;0;0;0;3.853;2;0.0;;;04.661.796/0001-84;;;;;;;;;;FSA;489126.0;773085.16;2016;0.0
B1700012200000;LILA;2016;PRODAV 01;_tv_excluir;0.0;0.0;89220.66;60000;0.0;0.1154;0.0;0.0;0;0.0;0;0;0;3.853;2;0.0;;;04.661.796/0001-84;;;;;;;;;;RENUNCIA_OUTROS;100000.0;148701.1;2016;0.0
B1700363000000;LINHAS TORTAS;2016;PRODAV 01;_tv_excluir;0.0;0.0;208181.54;140000;0.0;0.3216;0.0;0.0;0;0.0;0;0;0;0.0;0;;;;03.435.290/0001-94;;;;;;;;;;FSA;409536.0;647289.67;2016;0.0
B1800249200000;MANUAL DE SOBREVIVÊNCIA PARA O SÉCULO XXI;2016;PRODAV 01;_tv_excluir;0.0;0.0;89220.66;60000;0.0;0.06;0.0;0.0;0;0.0;0;0;0;3.755;2;;;;33.139.692/0001-02;;;;;;;;;;FSA;1000000.0;1487011.0;2016;0.0
B1800249200000;MANUAL DE SOBREVIVÊNCIA PARA O SÉCULO XXI;2016;PRODAV 01;_tv_excluir;0.0;0.0;89220.66;60000;0.0;0.06;0.0;0.0;0;0.0;0;0;0;3.755;2;;;;33.139.692/0001-02;;;;;;;;;;RENUNCIA_OUTROS;629000.0;935329.92;2016;0.0
B1600725900000;MIXADOS;2016;PRODAV 01;_tv_excluir;0.0;0.0;89220.66;60000;0.0;0.1008;0.0;0.0;0;0.0;0;0;0;0.0;0;0.0;;;03.435.290/0001-94;;;;;;;;;;FSA;560000.0;885104.64;2016;0.0
B1600289200000;NA BOCA DO POVO;2016;PRODAV 01;_tv_excluir;0.0;0.0;208181.54;140000;0.0;0.2796;0.0;0.0;0;0.0;0;0;0;0.0;0;;;;03.189.055/0001-80;;;;;;;;;;FSA;400000.0;744524.4;2016;0.0
B1700509400000;NA RODA DO SAMBA;2016;PRODAV 01;_tv_excluir;0.0;0.0;89220.66;60000;0.0;0.184;0.0;0.0;0;0.0;0;0;0;4.2;1;0.0;;;08.680.516/0001-36;;;;;;;;;;FSA;306856.0;484999.41;2016;0.0
B1600698800000;NO CAMINHO DO BEM;2016;PRODAV 01;_tv_excluir;0.0;0.0;297402.2;200000;0.0;0.2895;0.0;0.0;0;0.0;0;0;0;4.3;1;0.0;;;04.661.796/0001-84;;;;;;;;;;FSA;650000.0;1027353.6;2016;0.0
B1700213000000;O MURO;2016;PRODAV 01;_tv_excluir;3083.2;4075.4;0.0;0;4075.4;0.005;0.005;0.0;0;0.0;0;0;0;0.0;0;;;;20.556.770/0001-22;;;;;;;;;;FSA;569041.29;821923.81;2016;0.005
B1700220800000;O PIANO QUE CONVERSA;2016;PRODAV 01;_tv_excluir;10875.0;14413.0;208181.54;140000;14413.0;0.2347;0.0152;0.0;0;0.0;0;0;0;4.25;2;;;;71.743.496/0001-31;;;;;;;;;;FSA;600000.0;948326.4;2016;0.0152
B1600481100000;OS CUPINS - SEGUNDA TEMPORADA;2016;PRODAV 01;_tv_excluir;0.0;0.0;535323.96;360000;0.0;0.491;0.0;0.0;0;0.0;0;0;0;0.0;0;;;;09.299.923/0001-60;;;;;;;;;;FSA;623310.0;1090286.37;2016;0.0
B1600495300000;PRA ONDE CORRE O RIO;2016;PRODAV 01;_tv_excluir;0.0;0.0;89220.66;60000;0.0;0.1004;0.0;0.0;0;0.0;0;0;0;4.225;2;;;;05.728.475/0001-12;;;;;;;;;;FSA;562400.0;888897.95;2016;0.0
B1600495300000;PRA ONDE CORRE O RIO;2016;PRODAV 01;_tv_excluir;0.0;0.0;89220.66;60000;0.0;0.1004;0.0;0.0;0;0.0;0;0;0;4.225;2;;;;05.728.475/0001-12;;;;;;;;;;RENUNCIA_OUTROS;15000.0;22305.17;2016;0.0
B1700085000000;QUESTÃO DE FAMILIA 3º TEMPORADA;2016;PRODAV 01;_tv_excluir;0.0;0.0;89220.66;60000;0.0;0.0131;0.0;0.0;0;0.0;0;0;0;3.656;1;;;;04.551.480/0001-30;;;;;;;;;;FSA;4731917.0;6834785.65;2016;0.0
B1600784800000;SAIDEIRA;2016;PRODAV 01;_tv_excluir;183929.76;183929.76;89220.66;60000;183929.76;0.2486;0.0711;0.0;0;0.0;0;0;0;3.87;1;;;;40.426.918/0001-11;;;;;;;;;;FSA;695194.5;1098785.5;2016;0.1674
B1600784800000;SAIDEIRA;2016;PRODAV 01;_tv_excluir;183929.76;183929.76;89220.66;60000;183929.76;0.2486;0.0711;0.0;0;0.0;0;0;0;3.87;1;;;;40.426.918/0001-11;;;;;;;;;;RENUNCIA_OUTROS;1000000.0;1487011.0;2016;0.1237
B1900505100000;SAIDEIRA 2ª TEMPORADA;2016;PRODAV 01;_tv_excluir;0.0;0.0;416363.08;280000;0.0;0.3003;0.0;0.0;0;0.0;0;0;0;3.87;1;;;;40.426.918/0001-11;;;;;;;;;;FSA;995847.6;1386413.05;2016;0.0
B1600739400000;SEM VOLTA;2016;PRODAV 01;_tv_excluir;0.0;0.0;208181.54;140000;0.0;0.0338;0.0;0.0;0;0.0;0;0;0;4.5;1;0.0;;;05.565.485/0001-84;;;;;;;;;;FSA;3900000.0;6164121.6;2016;0.0
B1600739400000;SEM VOLTA;2016;PRODAV 01;_tv_excluir;0.0;0.0;208181.54;140000;0.0;0.0338;0.0;0.0;0;0.0;0;0;0;4.5;1;0.0;;;05.565.485/0001-84;;;;;;;;;;RENUNCIA_ART3;2100000.0;3122723.1;2016;0.0
B1600739400000;SEM VOLTA;2016;PRODAV 01;_tv_excluir;0.0;0.0;208181.54;140000;0.0;0.0338;0.0;0.0;0;0.0;0;0;0;4.5;1;0.0;;;05.565.485/0001-84;;;;;;;;;;RENUNCIA_OUTROS;1500000.0;2230516.5;2016;0.0
B1700014500000;TADINHA;2016;PRODAV 01;_tv_excluir;0.0;0.0;118960.88;80000;0.0;0.0627;0.0;0.0;0;0.0;0;0;0;0.0;0;0.0;;;16.487.027/0001-90;;;;;;;;;;FSA;1200000.0;1896652.8;2016;0.0
B1600058000000;TERMINADORES;2016;PRODAV 01;_tv_excluir;0.0;0.0;208181.54;140000;0.0;0.0594;0.0;0.0;0;0.0;0;0;0;0.0;0;;;;03.847.111/0001-26;;;;;;;;;;FSA;2005000.0;3507121.94;2016;0.0
B1600058000000;TERMINADORES;2016;PRODAV 01;_tv_excluir;0.0;0.0;208181.54;140000;0.0;0.0594;0.0;0.0;0;0.0;0;0;0;0.0;0;;;;03.847.111/0001-26;;;;;;;;;;RENUNCIA_ART3;608179.0;904368.86;2016;0.0
B1700146700000;TERRA BRASIL;2016;PRODAV 01;_tv_excluir;0.0;0.0;89220.66;60000;0.0;0.0706;0.0;0.0;0;0.0;0;0;0;0.0;0;0.0;;;08.346.159/0001-74;;;;;;;;;;FSA;800000.0;1264435.2;2016;0.0
B1700116800000;TODOS OS SANTOS;2016;PRODAV 01;_tv_excluir;0.0;0.0;0.0;0;0.0;0.0;0.0;0.0;0;0.0;0;0;0;4.1;1;0.0;;;09.456.031/0001-26;;;;;;;;;;FSA;350000.0;612215.8;2016;0.0
B1700116800000;TODOS OS SANTOS;2016;PRODAV 01;_tv_excluir;0.0;0.0;0.0;0;0.0;0.0;0.0;0.0;0;0.0;0;0;0;4.1;1;0.0;;;09.456.031/0001-26;;;;;;;;;;RENUNCIA_OUTROS;860000.0;1278829.46;2016;0.0
B1600766600000;UM MARANHENSE CHAMADO JOSÉ RIBAMAR;2016;PRODAV 01;_tv_excluir;0.0;0.0;89220.66;60000;0.0;0.1129;0.0;0.0;0;0.0;0;0;0;0.0;0;;;;33.139.692/0001-02;;;;;;;;;;FSA;500000.0;790272.0;2016;0.0
B1600467400000;UNIDADE BÁSICA;2016;PRODAV 01;_tv_excluir;0.0;0.0;89220.66;60000;0.0;0.0376;0.0;0.0;0;0.0;0;0;0;0.0;0;1.0;0.0;;01.378.559/0001-12;;;;;;;;;;FSA;1500000.0;2370816.0;2016;0.0
B1600467400000;UNIDADE BÁSICA;2016;PRODAV 01;_tv_excluir;0.0;0.0;89220.66;60000;0.0;0.0376;0.0;0.0;0;0.0;0;0;0;0.0;0;1.0;0.0;;01.378.559/0001-12;;;;;;;;;;RENUNCIA_ART3;400000.0;594804.4;2016;0.0
B1600543200000;ZICA E OS CAMALEÕES - SEGUNDA TEMPORADA;2016;PRODAV 01;_tv_excluir;0.0;0.0;118960.88;80000;0.0;0.07;0.0;0.0;0;0.0;0;0;0;0.0;0;0.0;;;02.762.890/0001-02;;;;;;;;;;FSA;1142100.0;1698315.26;2016;0.0
B1600543200000;ZICA E OS CAMALEÕES - SEGUNDA TEMPORADA;2016;PRODAV 01;_tv_excluir;0.0;0.0;118960.88;80000;0.0;0.07;0.0;0.0;0;0.0;0;0;0;0.0;0;0.0;;;02.762.890/0001-02;;;;;;;;;;RENUNCIA_OUTROS;538888.88;801333.69;2016;0.0
B1700079500000;171 - NEGÓCIO DE FAMÍLIA;2017;PRODAV 01;_tv_excluir;0.0;0.0;86664.06;60000;0.0;0.0156;0.0;0.0;0;0.0;0;0;0;3.656;1;;;;67.942.250/0001-11;;;;;;;;;;FSA;3736926.9;5556851.41;2017;0.0
B1700079500000;171 - NEGÓCIO DE FAMÍLIA;2017;PRODAV 01;_tv_excluir;0.0;0.0;86664.06;60000;0.0;0.0156;0.0;0.0;0;0.0;0;0;0;3.656;1;;;;67.942.250/0001-11;;;;;;;;;;RENUNCIA_ART3;3000000.0;4333203.0;2017;0.0
B1700561500000;A PALESTINA BRASILEIRA;2017;PRODAV 01;_tv_excluir;0.0;0.0;86664.06;60000;0.0;0.0897;0.0;0.0;0;0.0;0;0;0;3.767;1;;;;10.828.110/0001-08;;;;;;;;;;FSA;649550.0;965888.0;2017;0.0
B1700083900000;AIKEWARA;2017;PRODAV 01;_tv_excluir;0.0;0.0;115552.08;80000;0.0;0.2924;0.0;0.0;0;0.0;0;0;0;0.0;0;0.0;;;05.209.603/0001-11;;;;;;;;;;FSA;250000.0;395136.0;2017;0.0
B1700530500000;AILTON KRENAK: O SONHO DA PEDRA;2017;PRODAV 01;_tv_excluir;0.0;0.0;86664.06;60000;0.0;0.12;0.0;0.0;0;0.0;0;0;0;0.0;0;;;;07.060.648/0001-00;;;;;;;;;;FSA;485775.0;722352.77;2017;0.0
B1700201400000;ALMA IMORAL, A SÉRIE;2017;PRODAV 01;_tv_excluir;0.0;0.0;86664.06;60000;0.0;0.0959;0.0;0.0;0;0.0;0;0;0;0.0;0;;;;27.651.181/0001-72;;;;;;;;;;FSA;572000.0;904071.17;2017;0.0
B1700201400000;ALMA IMORAL, A SÉRIE;2017;PRODAV 01;_tv_excluir;0.0;0.0;86664.06;60000;0.0;0.0959;0.0;0.0;0;0.0;0;0;0;0.0;0;;;;27.651.181/0001-72;;;;;;;;;;RENUNCIA_OUTROS;490000.0;707756.49;2017;0.0
B1700220500000;ARQUEOLOGIAS - EM BUSCA DOS PRIMEIROS BRASILEIROS;2017;PRODAV 01;_tv_excluir;0.0;0.0;202216.14;140000;0.0;0.2155;0.0;0.0;0;0.0;0;0;0;0.0;0;;;;12.953.770/0001-38;;;;;;;;;;FSA;593680.0;938337.36;2017;0.0
B1700376400000;ARTISTAS PLÁSTICOS BRASILEIROS;2017;PRODAV 01;_tv_excluir;0.0;0.0;202216.14;140000;0.0;0.2985;0.0;0.0;0;0.0;0;0;0;0.0;0;0.0;;;73.364.879/0001-24;;;;;;;;;;FSA;455544.0;677398.94;2017;0.0
B1700376400000;ARTISTAS PLÁSTICOS BRASILEIROS;2017;PRODAV 01;_tv_excluir;0.0;0.0;202216.14;140000;0.0;0.2985;0.0;0.0;0;0.0;0;0;0;0.0;0;0.0;;;73.364.879/0001-24;;;;;;;;;;RENUNCIA_ART3;79868.18;115361.68;2017;0.0
B1700376400000;ARTISTAS PLÁSTICOS BRASILEIROS;2017;PRODAV 01;_tv_excluir;0.0;0.0;202216.14;140000;0.0;0.2985;0.0;0.0;0;0.0;0;0;0;0.0;0;0.0;;;73.364.879/0001-24;;;;;;;;;;RENUNCIA_OUTROS;152486.53;220251.7;2017;0.0
B1700537500000;ASDRUBAL TROUXE O TROMBONE;2017;PRODAV 01;_tv_excluir;0.0;0.0;86664.06;60000;0.0;0.0427;0.0;0.0;0;0.0;0;0;0;0.0;0;;;;09.558.964/0001-24;;;;;;;;;;FSA;1364720.5;2029354.4;2017;0.0
B1700467500000;CAIXA PRETA;2017;PRODAV 01;_tv_excluir;0.0;0.0;86664.06;60000;0.0;0.128;0.0;0.0;0;0.0;0;0;0;3.82;2;;;;11.452.188/0001-25;;;;;;;;;;FSA;455310.88;677052.29;2017;0.0
B1700467500000;CAIXA PRETA;2017;PRODAV 01;_tv_excluir;0.0;0.0;86664.06;60000;0.0;0.128;0.0;0.0;0;0.0;0;0;0;3.82;2;;;;11.452.188/0001-25;;;;;;;;;;RENUNCIA_ART3;3136379.4;4530189.54;2017;0.0
B1700215800000;CAÇADORES DA ALMA - 2A TEMPORADA;2017;PRODAV 01;_tv_excluir;0.0;0.0;86664.06;60000;0.0;0.0807;0.0;0.0;0;0.0;0;0;0;4.095;2;;;;27.651.181/0001-72;;;;;;;;;;FSA;743600.0;1074056.58;2017;0.0
B1700625600000;CLARA ESTRELA;2017;PRODAV 01;_tv_excluir;0.0;0.0;173328.12;120000;0.0;0.1793;0.0;0.0;0;0.0;0;0;0;0.0;0;;;;06.992.833/0001-62;;;;;;;;;;FSA;650000.0;966557.15;2017;0.0
B1700597100000;CORAÇÃO DAS TREVAS;2017;PRODAV 01;_tv_excluir;0.0;0.0;115552.08;80000;0.0;0.0828;0.0;0.0;0;0.0;0;0;0;4.445;2;;;;07.311.501/0001-38;;;;;;;;;;FSA;798000.0;1395852.02;2017;0.0
B1700625800000;CRIATIVOS.BR - MODA E IDENTIDADE;2017;PRODAV 01;_tv_excluir;0.0;0.0;202216.14;140000;0.0;0.1918;0.0;0.0;0;0.0;0;0;0;4.068;2;;;;15.128.758/0001-87;;;;;;;;;;FSA;730000.0;1054412.73;2017;0.0
B1700518900000;DO JAZZ AO SAMBA;2017;PRODAV 01;_tv_excluir;0.0;0.0;86664.06;60000;0.0;0.3238;0.0;0.0;0;0.0;0;0;0;4.2;1;0.0;;;01.475.173/0001-29;;;;;;;;;;FSA;180000.0;267661.98;2017;0.0
B1800009200000;ESSE NEGÓCIO DE LIVRO;2017;PRODAV 01;_tv_excluir;0.0;0.0;86664.06;60000;0.0;0.1351;0.0;0.0;0;0.0;0;0;0;0.0;0;2.0;0.0;;04.661.796/0001-84;;;;;;;;;;FSA;406000.0;641700.86;2017;0.0
B1700616700000;EU TE DEDICO;2017;PRODAV 01;_tv_excluir;0.0;0.0;86664.06;60000;0.0;0.1026;0.0;0.0;0;0.0;0;0;0;3.358;2;;;;03.435.290/0001-94;;;;;;;;;;FSA;568000.0;844622.25;2017;0.0
B1700616700000;EU TE DEDICO;2017;PRODAV 01;_tv_excluir;0.0;0.0;86664.06;60000;0.0;0.1026;0.0;0.0;0;0.0;0;0;0;3.358;2;;;;03.435.290/0001-94;;;;;;;;;;RENUNCIA_ART3;61419.56;88714.47;2017;0.0
B1700278800000;EXPRESSO;2017;PRODAV 01;_tv_excluir;0.0;0.0;86664.06;60000;0.0;0.0428;0.0;0.0;0;0.0;0;0;0;3.6;1;0.0;;;23.723.437/0001-59;;;;;;;;;;FSA;1280000.0;2023096.32;2017;0.0
B1700278800000;EXPRESSO;2017;PRODAV 01;_tv_excluir;0.0;0.0;86664.06;60000;0.0;0.0428;0.0;0.0;0;0.0;0;0;0;3.6;1;0.0;;;23.723.437/0001-59;;;;;;;;;;RENUNCIA_OUTROS;4574359.98;6607210.13;2017;0.0
B1700627500000;GEEK - OS AMADOS NERDS;2017;PRODAV 01;_tv_excluir;0.0;0.0;86664.06;60000;0.0;0.0714;0.0;0.0;0;0.0;0;0;0;0.0;0;0.0;;;08.346.159/0001-74;;;;;;;;;;FSA;768000.0;1213857.79;2017;0.0
B1700379700000;GEOGRAFIA DA ARTE;2017;PRODAV 01;_tv_excluir;0.0;0.0;86664.06;60000;0.0;0.0932;0.0;0.0;0;0.0;0;0;0;3.9;1;0.0;;;07.988.992/0001-56;;;;;;;;;;FSA;643789.5;929890.2;2017;0.0
B1700493600000;GUARDIÃS DA FLORESTA;2017;PRODAV 01;_tv_excluir;0.0;0.0;86664.06;60000;0.0;0.0706;0.0;0.0;0;0.0;0;0;0;4.0;1;1.0;0.0;;02.229.175/0001-09;;;;;;;;;;FSA;776727.0;1227651.2;2017;0.0
B1700493600000;GUARDIÃS DA FLORESTA;2017;PRODAV 01;_tv_excluir;0.0;0.0;86664.06;60000;0.0;0.0706;0.0;0.0;0;0.0;0;0;0;4.0;1;1.0;0.0;;02.229.175/0001-09;;;;;;;;;;RENUNCIA_OUTROS;800000.0;1155520.8;2017;0.0
B1700565000000;GUERRA DO ARAGUAIA;2017;PRODAV 01;_tv_excluir;0.0;0.0;86664.06;60000;0.0;0.1333;0.0;0.0;0;0.0;0;0;0;4.1;2;;;;07.115.568/0001-05;;;;;;;;;;FSA;450000.0;649980.45;2017;0.0
B1700621600000;HISTÓRIA DA ALIMENTAÇÃO NO BRASIL;2017;PRODAV 01;_tv_excluir;0.0;0.0;86664.06;60000;0.0;0.0548;0.0;0.0;0;0.0;0;0;0;4.3;1;;;;00.205.194/0001-61;;;;;;;;;;FSA;1000000.0;1580544.0;2017;0.0
B1700621600000;HISTÓRIA DA ALIMENTAÇÃO NO BRASIL;2017;PRODAV 01;_tv_excluir;0.0;0.0;86664.06;60000;0.0;0.0548;0.0;0.0;0;0.0;0;0;0;4.3;1;;;;00.205.194/0001-61;;;;;;;;;;RENUNCIA_OUTROS;1121000.0;1619173.52;2017;0.0
B1800381300000;LAMA DOS DIAS;2017;PRODAV 01;_tv_excluir;0.0;0.0;86664.06;60000;0.0;0.0353;0.0;0.0;0;0.0;0;0;0;3.965;2;;;;28.432.721/0001-90;;;;;;;;;;FSA;1700000.0;2455481.7;2017;0.0
B1700586400000;LEGÍTIMA DEFESA;2017;PRODAV 01;_tv_excluir;0.0;0.0;86664.06;60000;0.0;0.1665;0.0;0.0;0;0.0;0;0;0;0.0;0;;;;04.069.379/0003-09;;;;;;;;;;FSA;350000.0;520453.85;2017;0.0
B1700325000000;MEXEU COM UMA MEXEU COM TODAS;2017;PRODAV 01;_tv_excluir;0.0;0.0;93886.07;65000;0.0;0.1625;0.0;0.0;0;0.0;0;0;0;0.0;0;;;Sundance;40.447.906/0001-73;;;;;;;;;;FSA;400000.0;577760.4;2017;0.0
B1700571600000;NATÁLIA - 2ª TEMPORADA;2017;PRODAV 01;_tv_excluir;0.0;0.0;202216.14;140000;0.0;0.063;0.0;0.0;0;0.0;0;0;0;0.0;0;0.0;;;03.435.290/0001-94;;;;;;;;;;FSA;2158784.0;3210135.55;2017;0.0
B1700571600000;NATÁLIA - 2ª TEMPORADA;2017;PRODAV 01;_tv_excluir;0.0;0.0;202216.14;140000;0.0;0.063;0.0;0.0;0;0.0;0;0;0;0.0;0;0.0;;;03.435.290/0001-94;;;;;;;;;;RENUNCIA_OUTROS;884899.7;1278150.01;2017;0.0
B1700601300000;O AMBIENTALISTA;2017;PRODAV 01;_tv_excluir;0.0;0.0;86664.06;60000;0.0;0.0833;0.0;0.0;0;0.0;0;0;0;0.0;0;;;;13.891.678/0001-53;;;;;;;;;;FSA;699996.0;1040901.75;2017;0.0
B1800247400000;O MURO;2017;PRODAV 01;_tv_excluir;3083.2;4075.4;86664.06;60000;4075.4;0.1104;0.005;0.0;0;0.0;0;0;0;0.0;0;;;;02.972.707/0001-95;;;;;;;;;;FSA;569041.29;821923.81;2017;0.005
B1700217600000;O SOM E O TEMPO;2017;PRODAV 01;_tv_excluir;0.0;0.0;86664.06;60000;0.0;0.0685;0.0;0.0;0;0.0;0;0;0;3.648;2;12.0;0.0;Rotterdam;66.876.707/0001-74;;;;;;;;;;FSA;800000.0;1264435.2;2017;0.0
B1800209700000;OS ÍMPARES;2017;PRODAV 01;_tv_excluir;0.0;0.0;404432.28;280000;0.0;0.4;0.0;0.0;0;0.0;0;0;0;0.0;0;0.0;;;17.935.462/0001-01;;;;;;;;;;FSA;700000.0;1011080.7;2017;0.0
B1700590400000;OSMAR, A PRIMEIRA FATIA DO PÃO DE FORMA - O FILME;2017;PRODAV 01;_tv_excluir;0.0;0.0;86664.06;60000;0.0;0.06;0.0;0.0;0;0.0;0;0;0;3.3;1;0.0;;;01.287.007/0001-07;;;;;;;;;;FSA;1000000.0;1444401.0;2017;0.0
B1700590400000;OSMAR, A PRIMEIRA FATIA DO PÃO DE FORMA - O FILME;2017;PRODAV 01;_tv_excluir;0.0;0.0;86664.06;60000;0.0;0.06;0.0;0.0;0;0.0;0;0;0;3.3;1;0.0;;;01.287.007/0001-07;;;;;;;;;;RENUNCIA_OUTROS;1600000.0;2311041.6;2017;0.0
B1700378900000;PERRENGUE;2017;PRODAV 01;_tv_excluir;0.0;0.0;86664.06;60000;0.0;0.0212;0.0;0.0;0;0.0;0;0;0;3.958;2;;;;01.369.211/0001-69;;;;;;;;;;FSA;2589942.0;4093517.29;2017;0.0
B1700378900000;PERRENGUE;2017;PRODAV 01;_tv_excluir;0.0;0.0;86664.06;60000;0.0;0.0212;0.0;0.0;0;0.0;0;0;0;3.958;2;;;;01.369.211/0001-69;;;;;;;;;;RENUNCIA_ART3;671647.23;970127.93;2017;0.0
B1700036400000;POLTRONA 27;2017;PRODAV 01;_tv_excluir;0.0;0.0;86664.06;60000;0.0;0.0485;0.0;0.0;0;0.0;0;0;0;0.0;0;;;;03.626.688/0001-08;;;;;;;;;;FSA;1131350.0;1788148.45;2017;0.0
B1700128800000;QUEM SE IMPORTA - A SÉRIE;2017;PRODAV 01;_tv_excluir;0.0;0.0;86664.06;60000;0.0;0.0548;0.0;0.0;0;0.0;0;0;0;0.0;0;;;;57.643.793/0001-84;;;;;;;;;;FSA;1000000.0;1580544.0;2017;0.0
B1700128800000;QUEM SE IMPORTA - A SÉRIE;2017;PRODAV 01;_tv_excluir;0.0;0.0;86664.06;60000;0.0;0.0548;0.0;0.0;0;0.0;0;0;0;0.0;0;;;;57.643.793/0001-84;;;;;;;;;;RENUNCIA_OUTROS;200000.0;288880.2;2017;0.0
B1700334600000;RETORNADOS;2017;PRODAV 01;_tv_excluir;0.0;0.0;86664.06;60000;0.0;0.0917;0.0;0.0;0;0.0;0;0;0;0.0;0;;;;08.968.868/0001-91;;;;;;;;;;FSA;597768.0;944798.63;2017;0.0
B1700539800000;SOLDADOS DO ARAGUAIA;2017;PRODAV 01;_tv_excluir;19536.96;25824.12;93886.07;65000;25824.12;0.2013;0.0434;0.0;0;0.0;0;0;0;0.0;0;;;;04.661.796/0001-84;;;;;;;;;;FSA;400000.0;594804.4;2017;0.0434
B1700603800000;SOTAQUE ELÉTRICO;2017;PRODAV 01;_tv_excluir;0.0;0.0;202216.14;140000;0.0;0.2462;0.0;0.0;0;0.0;0;0;0;0.0;0;0.0;;;13.510.088/0001-33;;;;;;;;;;FSA;552310.0;821291.05;2017;0.0
B1800151400000;À BRASILEIRA;2017;PRODAV 01;_tv_excluir;0.0;0.0;86664.06;60000;0.0;0.0571;0.0;0.0;0;0.0;0;0;0;3.767;1;0.0;;;08.346.159/0001-74;;;;;;;;;;FSA;960730.0;1518476.04;2017;0.0
B1800151400000;À BRASILEIRA;2017;PRODAV 01;_tv_excluir;0.0;0.0;86664.06;60000;0.0;0.0571;0.0;0.0;0;0.0;0;0;0;3.767;1;0.0;;;08.346.159/0001-74;;;;;;;;;;RENUNCIA_OUTROS;1340000.0;1935497.34;2017;0.0
B1800416100000;13 CANÇÕES PARA ENTENDER O SAMBA;2018;PRODAV 01;_tv_excluir;0.0;0.0;194907.16;140000;0.0;0.1872;0.0;0.0;0;0.0;0;0;0;4.2;1;;;;08.296.780/0001-70;;;;;;;;;;FSA;700000.0;1040907.7;2018;0.0
B1900050000000;1968 - O DESPERTAR;2018;PRODAV 01;_tv_excluir;0.0;0.0;83531.64;60000;0.0;0.0745;0.0;0.0;0;0.0;0;0;0;3.6;1;;;;64.044.886/0001-58;;;;;;;;;;FSA;805000.0;1120716.17;2018;0.0
B1800495300000;A ARTE DO CINEMA;2018;PRODAV 01;_tv_excluir;0.0;0.0;83531.64;60000;0.0;0.0741;0.0;0.0;0;0.0;0;0;0;3.88;1;;;;07.060.648/0001-00;;;;;;;;;;FSA;780000.0;1126632.78;2018;0.0
B1800121800000;A CHAVE - 2ª TEMPORADA;2018;PRODAV 01;_tv_excluir;0.0;0.0;194907.16;140000;0.0;0.2699;0.0;0.0;0;0.0;0;0;0;0.0;0;;;;15.128.758/0001-87;;;;;;;;;;FSA;500000.0;722200.5;2018;0.0
B1900047500000;A GAROTA DA MOTO – SEGUNDA TEMPORADA;2018;PRODAV 01;_tv_excluir;0.0;0.0;111375.52;80000;0.0;0.0166;0.0;0.0;0;0.0;0;0;0;3.8;1;1.0;0.0;;02.947.857/0001-49;;;;;;;;;;FSA;4813557.84;6701406.34;2018;0.0
B1900047500000;A GAROTA DA MOTO – SEGUNDA TEMPORADA;2018;PRODAV 01;_tv_excluir;0.0;0.0;111375.52;80000;0.0;0.0166;0.0;0.0;0;0.0;0;0;0;3.8;1;1.0;0.0;;02.947.857/0001-49;;;;;;;;;;RENUNCIA_ART3;2573984.12;3583485.25;2018;0.0
B1800410100000;A LEI DO RISO - CRIMES BIZARROS;2018;PRODAV 01;_tv_excluir;0.0;0.0;111375.52;80000;0.0;0.1067;0.0;0.0;0;0.0;0;0;0;2.902;2;0.0;;;03.958.889/0001-02;;;;;;;;;;FSA;750000.0;1044145.5;2018;0.0
B1800227200000;ALEGORIAS DO BRASIL;2018;PRODAV 01;_tv_excluir;0.0;0.0;83531.64;60000;0.0;0.0786;0.0;0.0;0;0.0;0;0;0;4.343;2;;;;68.317.445/0001-33;;;;;;;;;;FSA;715000.0;1063212.86;2018;0.0
B1800444900000;AS MICROAVENTURAS DE TITO E MUDA - 1ª TEMPORADA;2018;PRODAV 01;_tv_excluir;0.0;0.0;194907.16;140000;0.0;0.2545;0.0;0.0;0;0.0;0;0;0;3.683;2;;;;08.296.780/0001-70;;;;;;;;;;FSA;550000.0;765706.7;2018;0.0
B1900244200000;AS MICROAVENTURAS DE TITO E MUDA - 2ª TEMPORADA;2018;PRODAV 01;_tv_excluir;0.0;0.0;194907.16;140000;0.0;0.2545;0.0;0.0;0;0.0;0;0;0;3.683;2;;;;08.296.780/0001-70;;;;;;;;;;FSA;550000.0;765706.7;2018;0.0
B1800188300000;AS MIL MULHERES;2018;PRODAV 01;_tv_excluir;0.0;0.0;83531.64;60000;0.0;0.0864;0.0;0.0;0;0.0;0;0;0;4.4;1;3.0;2.0;;12.240.058/0001-91;;;;;;;;;;FSA;650000.0;966557.15;2018;0.0
B1800136400000;BRASIL FOLCLORE;2018;PRODAV 01;_tv_excluir;0.0;0.0;83531.64;60000;0.0;0.0795;0.0;0.0;0;0.0;0;0;0;0.0;0;;;;05.832.663/0001-96;;;;;;;;;;FSA;707038.0;1051373.28;2018;0.0
B1800282400000;CANDEIA;2018;PRODAV 01;_tv_excluir;0.0;0.0;83531.64;60000;0.0;0.1123;0.0;0.0;0;0.0;0;0;0;0.0;0;;;;08.408.195/0001-15;;;;;;;;;;FSA;500000.0;743505.5;2018;0.0
B2000056100000;DIRETAS JÁ;2018;PRODAV 01;_tv_excluir;0.0;0.0;111375.52;80000;0.0;0.0792;0.0;0.0;0;0.0;0;0;0;0.0;0;;;;05.011.204/0001-41;;;;;;;;;;FSA;973425.0;1406016.04;2018;0.0
B1800493200000;ERLON CHAVES: O MAESTRO DO VENENO;2018;PRODAV 01;_tv_excluir;0.0;0.0;167063.28;120000;0.0;0.1976;0.0;0.0;0;0.0;0;0;0;3.734;2;10.0;11.0;;15.316.382/0001-34;;;;;;;;;;FSA;568430.0;845261.66;2018;0.0
B1800294900000;EXPEDIÇÃO NORDESTE;2018;PRODAV 01;_tv_excluir;0.0;0.0;501189.84;360000;0.0;0.257;0.0;0.0;0;0.0;0;0;0;0.0;0;2.0;0.0;;15.128.758/0001-87;;;;;;;;;;FSA;1350000.0;1949941.35;2018;0.0
B1900024800000;FERAS;2018;PRODAV 01;_tv_excluir;0.0;0.0;83531.64;60000;0.0;0.0211;0.0;0.0;0;0.0;0;0;0;3.5;1;;;;06.137.016/0001-27;;;;;;;;;;FSA;2734817.0;3950172.41;2018;0.0
B1900024800000;FERAS;2018;PRODAV 01;_tv_excluir;0.0;0.0;83531.64;60000;0.0;0.0211;0.0;0.0;0;0.0;0;0;0;3.5;1;;;;06.137.016/0001-27;;;;;;;;;;RENUNCIA_ART3;522000.0;726725.27;2018;0.0
B1900024800000;FERAS;2018;PRODAV 01;_tv_excluir;0.0;0.0;83531.64;60000;0.0;0.0211;0.0;0.0;0;0.0;0;0;0;3.5;1;;;;06.137.016/0001-27;;;;;;;;;;RENUNCIA_OUTROS;44500.0;61952.63;2018;0.0
B1800595400000;FOLIAR BRASIL DOC- 2A TEMPORADA;2018;PRODAV 01;_tv_excluir;0.0;0.0;83531.64;60000;0.0;0.077;0.0;0.0;0;0.0;0;0;0;0.0;0;0.0;;;02.759.786/0001-50;;;;;;;;;;FSA;779197.32;1084793.83;2018;0.0
B1800595400000;FOLIAR BRASIL DOC- 2A TEMPORADA;2018;PRODAV 01;_tv_excluir;0.0;0.0;83531.64;60000;0.0;0.077;0.0;0.0;0;0.0;0;0;0;0.0;0;0.0;;;02.759.786/0001-50;;;;;;;;;;RENUNCIA_OUTROS;590000.0;821394.46;2018;0.0
B1800143100000;GRUPO DE BAGÉ;2018;PRODAV 01;_tv_excluir;0.0;0.0;83531.64;60000;0.0;0.2203;0.0;0.0;0;0.0;0;0;0;0.0;0;;;;10.780.165/0001-87;;;;;;;;;;FSA;255000.0;379187.8;2018;0.0
B1800587600000;GUERRAS DO BRASIL.DOC;2018;PRODAV 01;_tv_excluir;0.0;0.0;194907.16;140000;0.0;0.121;0.0;0.0;0;0.0;0;0;0;4.343;2;;;Annecy;02.238.621/0001-33;;;;;;;;;;FSA;1115000.0;1610507.11;2018;0.0
B1800556700000;IDADE DA ÁGUA;2018;PRODAV 01;_tv_excluir;0.0;0.0;167063.28;120000;0.0;0.2;0.0;0.0;0;0.0;0;0;0;4.4;1;;;;07.115.568/0001-05;;;;;;;;;;FSA;600000.0;835316.4;2018;0.0
B1800299500000;MAKING OF;2018;PRODAV 01;_tv_excluir;0.0;0.0;83531.64;60000;0.0;0.0504;0.0;0.0;0;0.0;0;0;0;0.0;0;0.0;;;08.346.159/0001-74;;;;;;;;;;FSA;1047636.0;1655834.79;2018;0.0
B1800299500000;MAKING OF;2018;PRODAV 01;_tv_excluir;0.0;0.0;83531.64;60000;0.0;0.0504;0.0;0.0;0;0.0;0;0;0;0.0;0;0.0;;;08.346.159/0001-74;;;;;;;;;;RENUNCIA_ART3;283836.25;395155.12;2018;0.0
B1800223200000;MAMIRAUÁ;2018;PRODAV 01;_tv_excluir;0.0;0.0;83531.64;60000;0.0;0.0844;0.0;0.0;0;0.0;0;0;0;0.0;0;;;;68.696.756/0001-50;;;;;;;;;;FSA;665311.0;989324.78;2018;0.0
B1800125800000;MEU BEBÊ REBORN;2018;PRODAV 01;_tv_excluir;0.0;0.0;83531.64;60000;0.0;0.1446;0.0;0.0;0;0.0;0;0;0;0.0;0;;;;00.508.766/0001-81;;;;;;;;;;FSA;400000.0;577760.4;2018;0.0
B1800125800000;MEU BEBÊ REBORN;2018;PRODAV 01;_tv_excluir;0.0;0.0;83531.64;60000;0.0;0.1446;0.0;0.0;0;0.0;0;0;0;0.0;0;;;;00.508.766/0001-81;;;;;;;;;;RENUNCIA_ART3;100000.0;139219.4;2018;0.0
B1800125800000;MEU BEBÊ REBORN;2018;PRODAV 01;_tv_excluir;0.0;0.0;83531.64;60000;0.0;0.1446;0.0;0.0;0;0.0;0;0;0;0.0;0;;;;00.508.766/0001-81;;;;;;;;;;RENUNCIA_OUTROS;7500.0;10441.45;2018;0.0
B1800042800000;MOBILIS;2018;PRODAV 01;_tv_excluir;0.0;0.0;83531.64;60000;0.0;0.0697;0.0;0.0;0;0.0;0;0;0;0.0;0;0.0;;;06.096.915/0001-29;;;;;;;;;;FSA;830104.0;1199003.05;2018;0.0
B1800159500000;O MORTO MUNDO DE GEORGE - EPISÓDIO PILOTO;2018;PRODAV 01;_tv_excluir;0.0;0.0;0.0;0;0.0;0.0;0.0;0.0;0;0.0;0;0;0;3.767;1;2.0;0.0;;10.855.589/0001-63;;;;;;;;;;FSA;1726932.0;2404224.37;2018;0.0
B1800354800000;O SOM E O SILÊNCIO;2018;PRODAV 01;_tv_excluir;0.0;0.0;83531.64;60000;0.0;0.0966;0.0;0.0;0;0.0;0;0;0;4.1;1;;;;27.527.464/0001-07;;;;;;;;;;FSA;581700.0;864994.3;2018;0.0
B1800354800000;O SOM E O SILÊNCIO;2018;PRODAV 01;_tv_excluir;0.0;0.0;83531.64;60000;0.0;0.0966;0.0;0.0;0;0.0;0;0;0;4.1;1;;;;27.527.464/0001-07;;;;;;;;;;RENUNCIA_OUTROS;100000.0;139219.4;2018;0.0
B1800278500000;PALAVRAS PERMANECEM;2018;PRODAV 01;_tv_excluir;0.0;0.0;83531.64;60000;0.0;0.121;0.0;0.0;0;0.0;0;0;0;0.0;0;;;;06.323.379/0001-57;;;;;;;;;;FSA;478016.0;690446.79;2018;0.0
B1800514200000;PALMARES CORAÇÃO BRASILEIRO ALMA AFRICANA;2018;PRODAV 01;_tv_excluir;0.0;0.0;83531.64;60000;0.0;0.0802;0.0;0.0;0;0.0;0;0;0;0.0;0;;;;35.792.621/0001-30;;;;;;;;;;FSA;700000.0;1040907.7;2018;0.0
B1900413700000;PLANETA PALAVRA;2018;PRODAV 01;_tv_excluir;0.0;0.0;111375.52;80000;0.0;0.0235;0.0;0.0;0;0.0;0;0;0;0.0;0;3.0;0.0;;09.180.984/0001-04;;;;;;;;;;FSA;3000000.0;4741632.0;2018;0.0
B1900413700000;PLANETA PALAVRA;2018;PRODAV 01;_tv_excluir;0.0;0.0;111375.52;80000;0.0;0.0235;0.0;0.0;0;0.0;0;0;0;0.0;0;3.0;0.0;;09.180.984/0001-04;;;;;;;;;;RENUNCIA_OUTROS;1114000.0;1550904.12;2018;0.0
B1800043400000;SEBASTIANA QUEBRA-GALHO 2A TEMPORADA;2018;PRODAV 01;_tv_excluir;0.0;0.0;83531.64;60000;0.0;0.0601;0.0;0.0;0;0.0;0;0;0;0.0;0;3.0;0.0;;05.256.465/0001-21;;;;;;;;;;FSA;998931.0;1390705.74;2018;0.0
B1800043400000;SEBASTIANA QUEBRA-GALHO 2A TEMPORADA;2018;PRODAV 01;_tv_excluir;0.0;0.0;83531.64;60000;0.0;0.0601;0.0;0.0;0;0.0;0;0;0;0.0;0;3.0;0.0;;05.256.465/0001-21;;;;;;;;;;RENUNCIA_OUTROS;1423575.0;1981892.57;2018;0.0
B1900201100000;SEMPRE POA;2018;PRODAV 01;_tv_excluir;0.0;0.0;83531.64;60000;0.0;0.0482;0.0;0.0;0;0.0;0;0;0;0.0;0;;;;07.842.589/0001-14;;;;;;;;;;FSA;1199893.33;1733127.13;2018;0.0
B1900053800000;SOM, SOL & SURF - SAQUAREMA;2018;PRODAV 01;_tv_excluir;0.0;0.0;83531.64;60000;0.0;0.0857;0.0;0.0;0;0.0;0;0;0;3.88;1;;;;04.876.666/0001-69;;;;;;;;;;FSA;700000.0;974535.8;2018;0.0
B1800539200000;SONHO AMERICANO;2018;PRODAV 01;_tv_excluir;0.0;0.0;83531.64;60000;0.0;0.0459;0.0;0.0;0;0.0;0;0;0;0.0;0;;;;05.270.790/0001-49;;;;;;;;;;FSA;1260000.0;1819945.26;2018;0.0
B1900093700000;STELLA MODELS;2018;PRODAV 01;_tv_excluir;0.0;0.0;83531.64;60000;0.0;0.0562;0.0;0.0;0;0.0;0;0;0;0.0;0;;;;02.298.682/0001-96;;;;;;;;;;FSA;999000.0;1485523.99;2018;0.0
B1800536000000;THE CLEANERS;2018;PRODAV 01;_tv_excluir;6766.68;8508.64;83531.64;60000;8508.64;0.063;0.0058;0.0;0;0.0;0;0;0;0.0;0;;;;64.044.886/0001-58;;;;;;;;;;FSA;1050000.0;1461803.7;2018;0.0058
B2000453400000;TUCA, O MESTRE CUCA;2018;PRODAV 01;_tv_excluir;0.0;0.0;194907.16;140000;0.0;0.0538;0.0;0.0;0;0.0;0;0;0;3.5;1;0.0;;;03.274.384/0001-29;;;;;;;;;;FSA;2600000.0;3619704.4;2018;0.0
B2000453400000;TUCA, O MESTRE CUCA;2018;PRODAV 01;_tv_excluir;0.0;0.0;194907.16;140000;0.0;0.0538;0.0;0.0;0;0.0;0;0;0;3.5;1;0.0;;;03.274.384/0001-29;;;;;;;;;;RENUNCIA_ART3;250000.0;348048.5;2018;0.0
B1800559700000;TUNADAS;2018;PRODAV 01;_tv_excluir;0.0;0.0;194907.16;140000;0.0;0.117;0.0;0.0;0;0.0;0;0;0;0.0;0;0.0;;;08.346.159/0001-74;;;;;;;;;;FSA;1120000.0;1665452.32;2018;0.0
B1800126200000;ULTRA BEBÊ;2018;PRODAV 01;_tv_excluir;0.0;0.0;83531.64;60000;0.0;0.1446;0.0;0.0;0;0.0;0;0;0;0.0;0;;;;00.508.766/0001-81;;;;;;;;;;FSA;400000.0;577760.4;2018;0.0
B1800402700000;VIAGEM DE BOLSO;2018;PRODAV 01;_tv_excluir;0.0;0.0;83531.64;60000;0.0;0.082;0.0;0.0;0;0.0;0;0;0;0.0;0;;;;04.650.621/0001-71;;;;;;;;;;FSA;684675.0;1018119.26;2018;0.0
B1900086700000;VINHOS.BR;2018;PRODAV 01;_tv_excluir;0.0;0.0;83531.64;60000;0.0;0.1188;0.0;0.0;0;0.0;0;0;0;0.0;0;;;;15.595.876/0001-03;;;;;;;;;;FSA;487000.0;703423.29;2018;0.0
B1900086700000;VINHOS.BR;2018;PRODAV 01;_tv_excluir;0.0;0.0;83531.64;60000;0.0;0.1188;0.0;0.0;0;0.0;0;0;0;0.0;0;;;;15.595.876/0001-03;;;;;;;;;;RENUNCIA_OUTROS;217000.0;302106.1;2018;0.0
B1800485500000;VIVER DO RISO;2018;PRODAV 01;_tv_excluir;0.0;0.0;83531.64;60000;0.0;0.0483;0.0;0.0;0;0.0;0;0;0;0.0;0;0.0;;;07.988.992/0001-56;;;;;;;;;;FSA;1197020.0;1728976.89;2018;0.0
B1900122000000;VIVER DO RISO (VERSAO 2019);2018;PRODAV 01;_tv_excluir;0.0;0.0;111375.52;80000;0.0;0.0668;0.0;0.0;0;0.0;0;0;0;4.112;1;0.0;;;07.988.992/0001-56;;;;;;;;;;FSA;1197020.0;1666484.06;2018;0.0
B1800320300000;WORK IN PROGRESS - POR DENTRO DA OSESP;2018;PRODAV 01;_tv_excluir;0.0;0.0;194907.16;140000;0.0;0.1521;0.0;0.0;0;0.0;0;0;0;4.4;1;0.0;;;00.020.648/0001-20;;;;;;;;;;FSA;887183.0;1281448.01;2018;0.0
B1800337400000;Z4;2018;PRODAV 01;_tv_excluir;0.0;0.0;194907.16;140000;0.0;0.0538;0.0;0.0;0;0.0;0;0;0;0.0;0;;;;18.082.113/0001-49;;;;;;;;;;FSA;2600000.0;3619704.4;2018;0.0
B1800337400000;Z4;2018;PRODAV 01;_tv_excluir;0.0;0.0;194907.16;140000;0.0;0.0538;0.0;0.0;0;0.0;0;0;0;0.0;0;;;;18.082.113/0001-49;;;;;;;;;;RENUNCIA_ART3;2332728.67;3247610.86;2018;0.0
B1900423500000;50 ANOS DO BALÉ DA CIDADE DE SÃO PAULO;2019;PRODAV 01;_tv_excluir;0.0;0.0;80080.2;60000;0.0;0.1319;0.0;0.0;0;0.0;0;0;0;4.058;2;0.0;;;00.020.648/0001-20;;;;;;;;;;FSA;436044.0;607057.84;2019;0.0
B1900074300000;A CARA DO FUTURO - TEMPORADA 2;2019;PRODAV 01;_tv_excluir;0.0;0.0;80080.2;60000;0.0;0.0923;0.0;0.0;0;0.0;0;0;0;4.062;2;0.0;;;07.560.127/0001-04;;;;;;;;;;FSA;650000.0;867535.5;2019;0.0
B1900074300000;A CARA DO FUTURO - TEMPORADA 2;2019;PRODAV 01;_tv_excluir;0.0;0.0;80080.2;60000;0.0;0.0923;0.0;0.0;0;0.0;0;0;0;4.062;2;0.0;;;07.560.127/0001-04;;;;;;;;;;RENUNCIA_ART3;2100000.0;2802807.0;2019;0.0
B1900542900000;A CRUCIGRAMISTA - 2ª TEMPORADA;2019;PRODAV 01;_tv_excluir;0.0;0.0;80080.2;60000;0.0;0.3333;0.0;0.0;0;0.0;0;0;0;0.0;0;;;;15.743.170/0001-33;;;;;;;;;;FSA;180000.0;240240.6;2019;0.0
B1900262100000;ALCEU VALENÇA - NA EMBOLADA DO TEMPO;2019;PRODAV 01;_tv_excluir;0.0;0.0;80080.2;60000;0.0;0.1091;0.0;0.0;0;0.0;0;0;0;3.648;2;;;;03.360.320/0001-40;;;;;;;;;;FSA;550000.0;734068.5;2019;0.0
B1900252400000;ALMA CLANDESTINA;2019;PRODAV 01;_tv_excluir;0.0;0.0;80080.2;60000;0.0;0.1396;0.0;0.0;0;0.0;0;0;0;0.0;0;;;;05.436.489/0001-62;;;;;;;;;;FSA;397155.0;573651.08;2019;0.0
B2000207600000;AMORES CUBANOS;2019;PRODAV 01;_tv_excluir;0.0;0.0;80080.2;60000;0.0;0.0652;0.0;0.0;0;0.0;0;0;0;0.0;0;4.0;0.0;;25.263.548/0001-55;;;;;;;;;;FSA;850168.0;1227983.51;2019;0.0
B2000207600000;AMORES CUBANOS;2019;PRODAV 01;_tv_excluir;0.0;0.0;80080.2;60000;0.0;0.0652;0.0;0.0;0;0.0;0;0;0;0.0;0;4.0;0.0;;25.263.548/0001-55;;;;;;;;;;RENUNCIA_OUTROS;503516.0;672027.7;2019;0.0
B1900422100000;ANTES QUE ME ESQUEÇAM MEU NOME É EDY STAR;2019;PRODAV 01;_tv_excluir;0.0;0.0;80080.2;60000;0.0;0.1109;0.0;0.0;0;0.0;0;0;0;3.3;1;;;;15.128.758/0001-87;;;;;;;;;;FSA;500000.0;722200.5;2019;0.0
B1900189200000;BICOS;2019;PRODAV 01;_tv_excluir;0.0;0.0;266934.0;200000;0.0;0.3486;0.0;0.0;0;0.0;0;0;0;0.0;0;0.0;;;00.830.735/0001-42;;;;;;;;;;FSA;550000.0;765706.7;2019;0.0
B1900505800000;BILLY E CATARINA;2019;PRODAV 01;_tv_excluir;0.0;0.0;0.0;0;0.0;0.0;0.0;0.0;0;0.0;0;0;0;0.0;0;0.0;;;04.661.796/0001-84;;;;;;;;;;FSA;1350140.0;1950143.57;2019;0.0
B1900117900000;BIOGRAFIAS URBANAS - OLINDA  RECIFE;2019;PRODAV 01;_tv_excluir;0.0;0.0;106773.6;80000;0.0;0.1023;0.0;0.0;0;0.0;0;0;0;0.0;0;;;;24.715.333/0001-65;;;;;;;;;;FSA;750000.0;1044145.5;2019;0.0
B1900117900000;BIOGRAFIAS URBANAS - OLINDA  RECIFE;2019;PRODAV 01;_tv_excluir;0.0;0.0;106773.6;80000;0.0;0.1023;0.0;0.0;0;0.0;0;0;0;0.0;0;;;;24.715.333/0001-65;;;;;;;;;;RENUNCIA_ART3;309300.0;412813.43;2019;0.0
B1900450400000;BIW, SAL E SOM;2019;PRODAV 01;_tv_excluir;0.0;0.0;80080.2;60000;0.0;0.1513;0.0;0.0;0;0.0;0;0;0;0.0;0;;;;07.299.608/0001-08;;;;;;;;;;FSA;356000.0;529375.92;2019;0.0
B1900595100000;BLITZ, O FILME;2019;PRODAV 01;_tv_excluir;6407.88;7991.76;80080.2;60000;7991.76;0.1265;0.0115;0.0;0;0.0;0;0;0;3.933;2;;;;11.721.296/0001-56;;;;;;;;;;FSA;499999.0;696095.61;2019;0.0115
B1900272200000;CAUSANDO NA RUA - 2ª TEMPORADA;2019;PRODAV 01;_tv_excluir;0.0;0.0;80080.2;60000;0.0;0.0694;0.0;0.0;0;0.0;0;0;0;0.0;0;0.0;;;07.860.494/0001-23;;;;;;;;;;FSA;798447.0;1153277.65;2019;0.0
B1900215700000;CHUTEIRA PRETA;2019;PRODAV 01;_tv_excluir;0.0;0.0;80080.2;60000;0.0;0.0221;0.0;0.0;0;0.0;0;0;0;0.0;0;;;;05.270.790/0001-49;;;;;;;;;;FSA;2600000.0;3619704.4;2019;0.0
B1900131500000;CLEMENTINA;2019;PRODAV 01;_tv_excluir;0.0;0.0;186853.8;140000;0.0;0.2695;0.0;0.0;0;0.0;0;0;0;0.0;0;3.0;0.0;;06.130.502/0001-13;;;;;;;;;;FSA;480000.0;693312.48;2019;0.0
B1900363700000;CONTA COMIGO;2019;PRODAV 01;_tv_excluir;0.0;0.0;480481.2;360000;0.0;0.1366;0.0;0.0;0;0.0;0;0;0;4.385;2;0.0;;;02.683.477/0001-44;;;;;;;;;;FSA;2225389.0;3517325.23;2019;0.0
B1900363700000;CONTA COMIGO;2019;PRODAV 01;_tv_excluir;0.0;0.0;480481.2;360000;0.0;0.1366;0.0;0.0;0;0.0;0;0;0;4.385;2;0.0;;;02.683.477/0001-44;;;;;;;;;;RENUNCIA_ART3;3612544.3;4821554.5;2019;0.0
B1900452200000;DEPENDENTES;2019;PRODAV 01;_tv_excluir;0.0;0.0;160160.4;120000;0.0;0.0523;0.0;0.0;0;0.0;0;0;0;0.0;0;;;;07.060.648/0001-00;;;;;;;;;;FSA;2200000.0;3062826.8;2019;0.0
B1900390100000;ELE ERA ASSIM: ARY BARROSO;2019;PRODAV 01;_tv_excluir;0.0;0.0;373707.6;280000;0.0;0.5044;0.0;0.0;0;0.0;0;0;0;0.0;0;1.0;36.0;;00.360.459/0001-04;;;;;;;;;;FSA;512908.0;740844.83;2019;0.0
B2200441900000;EMPURRANDO COM A BARRIGA;2019;PRODAV 01;_tv_excluir;0.0;0.0;0.0;0;0.0;0.0;0.0;0.0;0;0.0;0;0;0;0.0;0;5.0;7.0;;08.296.780/0001-70;;;;;;;;;;FSA;1584558.0;2114862.03;2019;0.0
B1900589000000;FABIANA;2019;PRODAV 01;_tv_excluir;0.0;0.0;80080.2;60000;0.0;0.3003;0.0;0.0;0;0.0;0;0;0;0.0;0;0.0;;;25.246.774/0001-28;;;;;;;;;;FSA;191533.0;266651.09;2019;0.0
B1900251500000;FAZENDAS HISTÓRICAS;2019;PRODAV 01;_tv_excluir;0.0;0.0;0.0;0;0.0;0.0;0.0;0.0;0;0.0;0;0;0;0.0;0;0.0;;;08.346.159/0001-74;;;;;;;;;;FSA;380000.0;548872.38;2019;0.0
B1900468200000;FEITO TORTO PARA FICAR DIREITO - A SÉRIE;2019;PRODAV 01;_tv_excluir;0.0;0.0;160160.4;120000;0.0;0.1381;0.0;0.0;0;0.0;0;0;0;0.0;0;;;;04.736.316/0001-05;;;;;;;;;;FSA;869146.0;1160023.09;2019;0.0
B1900468200000;FEITO TORTO PARA FICAR DIREITO - A SÉRIE;2019;PRODAV 01;_tv_excluir;0.0;0.0;160160.4;120000;0.0;0.1381;0.0;0.0;0;0.0;0;0;0;0.0;0;;;;04.736.316/0001-05;;;;;;;;;;RENUNCIA_OUTROS;146600.0;195662.62;2019;0.0
B1900606600000;FREQUÊNCIA POSITIVA;2019;PRODAV 01;_tv_excluir;0.0;0.0;80080.2;60000;0.0;0.0271;0.0;0.0;0;0.0;0;0;0;0.0;0;2.0;0.0;;09.107.296/0001-19;;;;;;;;;;FSA;2125035.0;2958460.98;2019;0.0
B1900216400000;HAYDEE E O PEIXE VOADOR;2019;PRODAV 01;_tv_excluir;0.0;0.0;80080.2;60000;0.0;0.4325;0.0;0.0;0;0.0;0;0;0;3.4;1;;;;04.661.796/0001-84;;;;;;;;;;FSA;133000.0;185161.8;2019;0.0
B1900137100000;HISTÓRIAS DA ARTE;2019;PRODAV 01;_tv_excluir;0.0;0.0;80080.2;60000;0.0;0.1016;0.0;0.0;0;0.0;0;0;0;3.9;1;;;;46.397.220/0001-00;;;;;;;;;;FSA;545697.0;788205.29;2019;0.0
B1900461700000;IBIUNA;2019;PRODAV 01;_tv_excluir;0.0;0.0;373707.6;280000;0.0;0.6285;0.0;0.0;0;0.0;0;0;0;0.0;0;;;;27.651.181/0001-72;;;;;;;;;;FSA;399873.0;594615.55;2019;0.0
B1900380200000;ITINERÁRIOS DO OLHAR;2019;PRODAV 01;_tv_excluir;0.0;0.0;80080.2;60000;0.0;0.0666;0.0;0.0;0;0.0;0;0;0;4.245;2;;;;52.858.982/0001-50;;;;;;;;;;FSA;864270.0;1203231.51;2019;0.0
B1900186200000;MARCADAS;2019;PRODAV 01;_tv_excluir;0.0;0.0;80080.2;60000;0.0;0.0769;0.0;0.0;0;0.0;0;0;0;0.0;0;0.0;;;04.661.796/0001-84;;;;;;;;;;FSA;720996.0;1041407.34;2019;0.0
B1900150600000;MEMÓRIAS DO GRUPO OPINIÃO;2019;PRODAV 01;_tv_excluir;0.0;0.0;80080.2;60000;0.0;0.0792;0.0;0.0;0;0.0;0;0;0;0.0;0;;;;03.626.688/0001-08;;;;;;;;;;FSA;700000.0;1011080.7;2019;0.0
B1900616500000;MILTON E O  CLUBE DA ESQUINA;2019;PRODAV 01;_tv_excluir;0.0;0.0;80080.2;60000;0.0;0.0639;0.0;0.0;0;0.0;0;0;0;4.45;2;;;;01.378.559/0001-12;;;;;;;;;;FSA;900000.0;1252974.6;2019;0.0
B1900094700000;NÓS;2019;PRODAV 01;_tv_excluir;0.0;0.0;80080.2;60000;0.0;0.1346;0.0;0.0;0;0.0;0;0;0;3.6;1;;;;08.296.780/0001-70;;;;;;;;;;FSA;400000.0;594804.4;2019;0.0
B1900094700000;NÓS;2019;PRODAV 01;_tv_excluir;0.0;0.0;80080.2;60000;0.0;0.1346;0.0;0.0;0;0.0;0;0;0;3.6;1;;;;08.296.780/0001-70;;;;;;;;;;RENUNCIA_ART3;3000000.0;4004010.0;2019;0.0
B1900094700000;NÓS;2019;PRODAV 01;_tv_excluir;0.0;0.0;80080.2;60000;0.0;0.1346;0.0;0.0;0;0.0;0;0;0;3.6;1;;;;08.296.780/0001-70;;;;;;;;;;RENUNCIA_OUTROS;1950000.0;2602606.5;2019;0.0
B1900532900000;O BARATO IACANGA;2019;PRODAV 01;_tv_excluir;0.0;0.0;80080.2;60000;0.0;0.12;0.0;0.0;0;0.0;0;0;0;0.0;0;;;;06.323.379/0001-57;;;;;;;;;;FSA;500000.0;667335.0;2019;0.0
B1900535100000;O MILAGRE DE SANTA LUZIA - 3ª TEMPORADA;2019;PRODAV 01;_tv_excluir;0.0;0.0;80080.2;60000;0.0;0.0767;0.0;0.0;0;0.0;0;0;0;3.815;2;;;;06.096.915/0001-29;;;;;;;;;;FSA;722770.0;1043969.71;2019;0.0
B1900535100000;O MILAGRE DE SANTA LUZIA - 3ª TEMPORADA;2019;PRODAV 01;_tv_excluir;0.0;0.0;80080.2;60000;0.0;0.0767;0.0;0.0;0;0.0;0;0;0;3.815;2;;;;06.096.915/0001-29;;;;;;;;;;RENUNCIA_OUTROS;1457441.0;1945202.78;2019;0.0
B1900289300000;O MÉTODO;2019;PRODAV 01;_tv_excluir;0.0;0.0;80080.2;60000;0.0;0.1263;0.0;0.0;0;0.0;0;0;0;0.0;0;0.0;;;94.307.840/0001-45;;;;;;;;;;FSA;455300.0;633865.93;2019;0.0
B1900460900000;ONDE A BELEZA ESTÁ;2019;PRODAV 01;_tv_excluir;0.0;0.0;80080.2;60000;0.0;0.2627;0.0;0.0;0;0.0;0;0;0;4.1;1;0.0;;;01.456.361/0001-00;;;;;;;;;;FSA;219000.0;304890.49;2019;0.0
B1900116600000;ONDE NASCEM AS IDEIAS;2019;PRODAV 01;_tv_excluir;0.0;0.0;80080.2;60000;0.0;0.0907;0.0;0.0;0;0.0;0;0;0;0.0;0;0.0;;;05.609.007/0001-29;;;;;;;;;;FSA;634310.42;883083.16;2019;0.0
B1900303900000;PLIN & PLAN;2019;PRODAV 01;_tv_excluir;0.0;0.0;373707.6;280000;0.0;2.8256;0.0;0.0;0;0.0;0;0;0;0.0;0;0.0;;;16.737.383/0001-15;;;;;;;;;;FSA;95000.0;132258.43;2019;0.0
B1900225700000;QUERO BOTAR MEU BLOCO NA RUA;2019;PRODAV 01;_tv_excluir;0.0;0.0;80080.2;60000;0.0;0.1386;0.0;0.0;0;0.0;0;0;0;3.965;2;0.0;;;13.188.290/0001-90;;;;;;;;;;FSA;400000.0;577760.4;2019;0.0
B1900173300000;REPÚBLICA DO PERU, 2A TEMPORADA;2019;PRODAV 01;_tv_excluir;0.0;0.0;106773.6;80000;0.0;0.0727;0.0;0.0;0;0.0;0;0;0;0.0;0;0.0;;;02.759.786/0001-50;;;;;;;;;;FSA;1100000.0;1468137.0;2019;0.0
B1900420000000;RETRATOS DO CÁRCERE;2019;PRODAV 01;_tv_excluir;0.0;0.0;80080.2;60000;0.0;0.078;0.0;0.0;0;0.0;0;0;0;0.0;0;;;;04.980.287/0001-14;;;;;;;;;;FSA;711241.0;1027317.21;2019;0.0
B1900490100000;RETRATOS URBANOS;2019;PRODAV 01;_tv_excluir;0.0;0.0;160160.4;120000;0.0;0.1846;0.0;0.0;0;0.0;0;0;0;0.0;0;5.0;2.0;;02.288.320/0001-14;;;;;;;;;;FSA;650105.0;867675.64;2019;0.0
B1900092400000;REVOLTA DOS MALÊS;2019;PRODAV 01;_tv_excluir;12334.69;12504.52;160160.4;120000;12504.52;0.1294;0.0069;0.0;0;0.0;0;0;0;3.98;2;;;;04.661.796/0001-84;;;;;;;;;;FSA;1000000.0;1334670.0;2019;0.0094
B1900092400000;REVOLTA DOS MALÊS;2019;PRODAV 01;_tv_excluir;12334.69;12504.52;160160.4;120000;12504.52;0.1294;0.0069;0.0;0;0.0;0;0;0;3.98;2;;;;04.661.796/0001-84;;;;;;;;;;RENUNCIA_OUTROS;350000.0;467134.5;2019;0.0268
B2000070700000;RIOS;2019;PRODAV 01;_tv_excluir;0.0;0.0;186853.8;140000;0.0;0.1027;0.0;0.0;0;0.0;0;0;0;3.938;2;4.0;6.0;;15.128.758/0001-87;;;;;;;;;;FSA;1260000.0;1819945.26;2019;0.0
B2000070700000;RIOS;2019;PRODAV 01;_tv_excluir;0.0;0.0;186853.8;140000;0.0;0.1027;0.0;0.0;0;0.0;0;0;0;3.938;2;4.0;6.0;;15.128.758/0001-87;;;;;;;;;;RENUNCIA_OUTROS;732340.0;977432.23;2019;0.0
B1900529800000;SABORES DA FLORESTA;2019;PRODAV 01;_tv_excluir;0.0;0.0;160160.4;120000;0.0;0.1319;0.0;0.0;0;0.0;0;0;0;4.0;1;;;;22.446.460/0001-80;;;;;;;;;;FSA;910000.0;1214549.7;2019;0.0
B1900429200000;SUBMERSOS;2019;PRODAV 01;_tv_excluir;0.0;0.0;80080.2;60000;0.0;0.0462;0.0;0.0;0;0.0;0;0;0;0.0;0;;;;01.282.220/0001-18;;;;;;;;;;FSA;1200000.0;1733281.2;2019;0.0
B1900429200000;SUBMERSOS;2019;PRODAV 01;_tv_excluir;0.0;0.0;80080.2;60000;0.0;0.0462;0.0;0.0;0;0.0;0;0;0;0.0;0;;;;01.282.220/0001-18;;;;;;;;;;RENUNCIA_ART3;617306.23;823900.11;2019;0.0
B1900246600000;SÃO PAULO MEU HUMOR;2019;PRODAV 01;_tv_excluir;0.0;0.0;80080.2;60000;0.0;0.0995;0.0;0.0;0;0.0;0;0;0;0.0;0;;;;03.435.290/0001-94;;;;;;;;;;FSA;557079.0;804645.46;2019;0.0
B1900278700000;TAQUARAS, TAMBORES E VIOLAS - 2ª TEMPORADA;2019;PRODAV 01;_tv_excluir;0.0;0.0;80080.2;60000;0.0;0.0875;0.0;0.0;0;0.0;0;0;0;0.0;0;;;;12.106.692/0001-36;;;;;;;;;;FSA;615269.0;914911.77;2019;0.0
B1900537000000;TELA SOBRE TINTA;2019;PRODAV 01;_tv_excluir;0.0;0.0;80080.2;60000;0.0;0.1577;0.0;0.0;0;0.0;0;0;0;0.0;0;;;;15.595.876/0001-03;;;;;;;;;;FSA;364764.0;507822.25;2019;0.0
B1900397500000;TEMPO DA TERRA;2019;PRODAV 01;_tv_excluir;0.0;0.0;266934.0;200000;0.0;0.2137;0.0;0.0;0;0.0;0;0;0;3.648;2;0.0;;;73.364.879/0001-24;;;;;;;;;;FSA;897256.0;1249154.42;2019;0.0
B1900397500000;TEMPO DA TERRA;2019;PRODAV 01;_tv_excluir;0.0;0.0;266934.0;200000;0.0;0.2137;0.0;0.0;0;0.0;0;0;0;3.648;2;0.0;;;73.364.879/0001-24;;;;;;;;;;RENUNCIA_OUTROS;950000.0;1267936.5;2019;0.0
B1900241600000;TODA FORMA DE AMOR;2019;PRODAV 01;_tv_excluir;0.0;0.0;373707.6;280000;0.0;0.0648;0.0;0.0;0;0.0;0;0;0;4.3;1;38.0;49.0;;13.914.178/0001-90;;;;;;;;;;FSA;3994930.0;5770280.89;2019;0.0
B1900241600000;TODA FORMA DE AMOR;2019;PRODAV 01;_tv_excluir;0.0;0.0;373707.6;280000;0.0;0.0648;0.0;0.0;0;0.0;0;0;0;4.3;1;38.0;49.0;;13.914.178/0001-90;;;;;;;;;;RENUNCIA_OUTROS;940000.0;1254589.8;2019;0.0
B1900229700000;TRANSGENTE;2019;PRODAV 01;_tv_excluir;0.0;0.0;80080.2;60000;0.0;0.1378;0.0;0.0;0;0.0;0;0;0;0.0;0;0.0;;;13.188.290/0001-90;;;;;;;;;;FSA;402297.0;581078.19;2019;0.0
B1900165300000;TRANSPLANTES - UMA SEGUNDA CHANCE;2019;PRODAV 01;_tv_excluir;0.0;0.0;80080.2;60000;0.0;0.1027;0.0;0.0;0;0.0;0;0;0;4.16;1;0.0;;;08.346.159/0001-74;;;;;;;;;;FSA;540000.0;779976.54;2019;0.0
B1900211400000;VIRANDO A PAGINA;2019;PRODAV 01;_tv_excluir;0.0;0.0;80080.2;60000;0.0;0.119;0.0;0.0;0;0.0;0;0;0;0.0;0;;;;17.383.231/0001-24;;;;;;;;;;FSA;425893.12;673142.82;2019;0.0
B2000210600000;A ARTE DE VER O INVISIVEL;2020;PRODAV 01;_tv_excluir;0.0;0.0;76617.12;60000;0.0;0.0983;0.0;0.0;0;0.0;0;0;0;2.9;1;;;;06.900.652/0001-69;;;;;;;;;;FSA;559999.23;779627.57;2020;0.0
B2000428000000;A3;2020;PRODAV 01;_tv_excluir;0.0;0.0;76617.12;60000;0.0;0.0262;0.0;0.0;0;0.0;0;0;0;0.0;0;;;;08.346.159/0001-74;;;;;;;;;;FSA;2100000.0;2923607.4;2020;0.0
B2000204300000;AGBARA DUDU - NARRATIVAS NEGRAS;2020;PRODAV 01;_tv_excluir;0.0;0.0;153234.24;120000;0.0;0.0847;0.0;0.0;0;0.0;0;0;0;0.0;0;;;;16.487.027/0001-90;;;;;;;;;;FSA;1300000.0;1809852.2;2020;0.0
B2000489000000;ALMANAQUE BRASIL - SÉRIE DE DOCUMENTÁRIOS;2020;PRODAV 01;_tv_excluir;0.0;0.0;76617.12;60000;0.0;0.0403;0.0;0.0;0;0.0;0;0;0;3.7;1;1.0;0.0;;74.425.067/0001-04;;;;;;;;;;FSA;1364990.0;1900330.89;2020;0.0
B2000321700000;BELATRIX - 1ª TEMPORADA;2020;PRODAV 01;_tv_excluir;0.0;0.0;76617.12;60000;0.0;0.0412;0.0;0.0;0;0.0;0;0;0;0.0;0;0.0;;;00.830.735/0001-42;;;;;;;;;;FSA;1288660.0;1861341.79;2020;0.0
B2000145400000;CAIXAS MÁGICAS;2020;PRODAV 01;_tv_excluir;0.0;0.0;76617.12;60000;0.0;0.0679;0.0;0.0;0;0.0;0;0;0;0.0;0;;;;19.388.280/0001-85;;;;;;;;;;FSA;810260.0;1128039.11;2020;0.0
B2000127000000;COLÔNIA;2020;PRODAV 01;_tv_excluir;0.0;0.0;76617.12;60000;0.0;0.0266;0.0;0.0;0;0.0;0;0;0;2.863;2;0.0;;;04.687.576/0001-20;;;;;;;;;;FSA;1996400.0;2883602.16;2020;0.0
B2000127000000;COLÔNIA;2020;PRODAV 01;_tv_excluir;0.0;0.0;76617.12;60000;0.0;0.0266;0.0;0.0;0;0.0;0;0;0;2.863;2;0.0;;;04.687.576/0001-20;;;;;;;;;;RENUNCIA_OUTROS;225000.0;287314.2;2020;0.0
B2000098200000;CÍCERO;2020;PRODAV 01;_tv_excluir;0.0;0.0;102156.16;80000;0.0;0.0459;0.0;0.0;0;0.0;0;0;0;0.0;0;1.0;0.0;;15.128.758/0001-87;;;;;;;;;;FSA;1600000.0;2227510.4;2020;0.0
B2000098200000;CÍCERO;2020;PRODAV 01;_tv_excluir;0.0;0.0;102156.16;80000;0.0;0.0459;0.0;0.0;0;0.0;0;0;0;0.0;0;1.0;0.0;;15.128.758/0001-87;;;;;;;;;;RENUNCIA_OUTROS;1025000.0;1308875.8;2020;0.0
B2000430200000;DANÇAS DO MUNDO;2020;PRODAV 01;_tv_excluir;0.0;0.0;76617.12;60000;0.0;0.0591;0.0;0.0;0;0.0;0;0;0;3.195;2;0.0;;;07.988.992/0001-56;;;;;;;;;;FSA;970640.0;1295484.09;2020;0.0
B2000562700000;DESTINO INCOMUM - CIVILIZAÇÕES PERDIDAS;2020;PRODAV 01;_tv_excluir;0.0;0.0;76617.12;60000;0.0;0.1125;0.0;0.0;0;0.0;0;0;0;0.0;0;;;;25.448.159/0001-02;;;;;;;;;;FSA;489115.0;680942.97;2020;0.0
B2000375500000;EM BUSCA DE CARLOS ZÉFIRO;2020;PRODAV 01;_tv_excluir;0.0;0.0;76617.12;60000;0.0;0.1061;0.0;0.0;0;0.0;0;0;0;2.6;1;;;;27.651.181/0001-72;;;;;;;;;;FSA;500000.0;722200.5;2020;0.0
B2000556100000;FAVELA É MODA;2020;PRODAV 01;_tv_excluir;0.0;0.0;76617.12;60000;0.0;0.1101;0.0;0.0;0;0.0;0;0;0;0.0;0;0.0;;;02.972.707/0001-95;;;;;;;;;;FSA;500000.0;696097.0;2020;0.0
B2000367000000;GAROTA DA MOTO;2020;PRODAV 01;_tv_excluir;51094.04;58109.24;76617.12;60000;58109.24;0.0112;0.0038;0.0;0;0.0;0;0;0;3.8;1;;;;02.947.857/0001-49;;;;;;;;;;FSA;7598717.86;12010107.92;2020;0.0048
B2000367000000;GAROTA DA MOTO;2020;PRODAV 01;_tv_excluir;51094.04;58109.24;76617.12;60000;58109.24;0.0112;0.0038;0.0;0;0.0;0;0;0;3.8;1;;;;02.947.857/0001-49;;;;;;;;;;RENUNCIA_ART3;2573984.12;3286854.17;2020;0.0177
B2000459700000;HIT PARADE;2020;PRODAV 01;_tv_excluir;0.0;0.0;76617.12;60000;0.0;0.0177;0.0;0.0;0;0.0;0;0;0;0.0;0;;;;29.521.986/0001-27;;;;;;;;;;FSA;3000030.0;4333246.33;2020;0.0
B2000324500000;HQUEM A ARTE DE DESENHAR HISTÓRIAS;2020;PRODAV 01;_tv_excluir;0.0;0.0;178773.28;140000;0.0;0.1149;0.0;0.0;0;0.0;0;0;0;3.413;2;0.0;;;73.364.879/0001-24;;;;;;;;;;FSA;1117470.0;1555735.03;2020;0.0
B2000120400000;IMAGEM VINIL - ZONA NORTE;2020;PRODAV 01;_tv_excluir;0.0;0.0;76617.12;60000;0.0;0.0354;0.0;0.0;0;0.0;0;0;0;0.0;0;0.0;;;09.039.726/0001-02;;;;;;;;;;FSA;1500000.0;2166601.5;2020;0.0
B2000060300000;LINHAS DO TEMPO - MODA E TENDÊNCIAS QUE NÃO PASSAM;2020;PRODAV 01;_tv_excluir;0.0;0.0;76617.12;60000;0.0;0.0526;0.0;0.0;0;0.0;0;0;0;3.648;2;0.0;;;73.364.879/0001-24;;;;;;;;;;FSA;1045970.0;1456193.16;2020;0.0
B2000432900000;LUZES DA AMAZÔNIA AZUL;2020;PRODAV 01;_tv_excluir;0.0;0.0;76617.12;60000;0.0;0.077;0.0;0.0;0;0.0;0;0;0;3.929;1;;;;03.931.658/0001-05;;;;;;;;;;FSA;715000.0;995418.71;2020;0.0
B2000432900000;LUZES DA AMAZÔNIA AZUL;2020;PRODAV 01;_tv_excluir;0.0;0.0;76617.12;60000;0.0;0.077;0.0;0.0;0;0.0;0;0;0;3.929;1;;;;03.931.658/0001-05;;;;;;;;;;RENUNCIA_OUTROS;2000000.0;2553904.0;2020;0.0
B2000038400000;MATIZES DO BRASIL;2020;PRODAV 01;_tv_excluir;0.0;0.0;76617.12;60000;0.0;0.0672;0.0;0.0;0;0.0;0;0;0;4.343;2;0.0;;;04.661.796/0001-84;;;;;;;;;;FSA;789880.0;1140903.46;2020;0.0
B2000336900000;ME LIGA NA LATA;2020;PRODAV 01;_tv_excluir;0.0;0.0;459702.72;360000;0.0;0.6464;0.0;0.0;0;0.0;0;0;0;0.0;0;7.0;9.0;;12.396.390/0001-40;;;;;;;;;;FSA;510805.0;711139.66;2020;0.0
B2000411200000;MUSICÓPOLIS;2020;PRODAV 01;_tv_excluir;0.0;0.0;178773.28;140000;0.0;0.0606;0.0;0.0;0;0.0;0;0;0;0.0;0;2.0;0.0;;26.530.678/0001-70;;;;;;;;;;FSA;2211654.0;2951828.24;2020;0.0
B2000091000000;NÓS;2020;PRODAV 01;_tv_excluir;0.0;0.0;76617.12;60000;0.0;0.1288;0.0;0.0;0;0.0;0;0;0;3.6;1;8.0;17.0;;02.154.879/0001-51;;;;;;;;;;FSA;400000.0;594804.4;2020;0.0
B2000091000000;NÓS;2020;PRODAV 01;_tv_excluir;0.0;0.0;76617.12;60000;0.0;0.1288;0.0;0.0;0;0.0;0;0;0;3.6;1;8.0;17.0;;02.154.879/0001-51;;;;;;;;;;RENUNCIA_ART3;3000000.0;3830856.0;2020;0.0
B2000091000000;NÓS;2020;PRODAV 01;_tv_excluir;0.0;0.0;76617.12;60000;0.0;0.1288;0.0;0.0;0;0.0;0;0;0;3.6;1;8.0;17.0;;02.154.879/0001-51;;;;;;;;;;RENUNCIA_OUTROS;1950000.0;2490056.4;2020;0.0
B2000441300000;O AQUECIMENTO GLOBAL;2020;PRODAV 01;_tv_excluir;0.0;0.0;76617.12;60000;0.0;0.0847;0.0;0.0;0;0.0;0;0;0;0.0;0;0.0;;;08.346.159/0001-74;;;;;;;;;;FSA;650000.0;904926.1;2020;0.0
B2000328500000;O CINEMA DAS MULHERES;2020;PRODAV 01;_tv_excluir;0.0;0.0;76617.12;60000;0.0;0.1419;0.0;0.0;0;0.0;0;0;0;3.522;1;;;;15.048.775/0001-04;;;;;;;;;;FSA;387860.0;539976.36;2020;0.0
B2000090900000;O LABORATÓRIO DO PROFESSOR POLICARPO - 2ª TEMPORADA;2020;PRODAV 01;_tv_excluir;0.0;0.0;102156.16;80000;0.0;0.0422;0.0;0.0;0;0.0;0;0;0;3.728;2;;;;57.381.915/0001-01;;;;;;;;;;FSA;1739824.0;2422172.53;2020;0.0
B2000478800000;O MÉTODO;2020;PRODAV 01;_tv_excluir;0.0;0.0;76617.12;60000;0.0;0.1209;0.0;0.0;0;0.0;0;0;0;0.0;0;;;;94.307.840/0001-45;;;;;;;;;;FSA;455300.0;633865.93;2020;0.0
B2000192900000;OPERAÇÃO PEDRO PAN;2020;PRODAV 01;_tv_excluir;0.0;0.0;76617.12;60000;0.0;0.0444;0.0;0.0;0;0.0;0;0;0;0.0;0;;;;64.044.886/0001-58;;;;;;;;;;FSA;1194916.84;1725939.08;2020;0.0
B2000010600000;OPÇÃO AMÉRICA;2020;PRODAV 01;_tv_excluir;0.0;0.0;76617.12;60000;0.0;0.0917;0.0;0.0;0;0.0;0;0;0;0.0;0;0.0;;;13.188.290/0001-90;;;;;;;;;;FSA;578682.0;835848.86;2020;0.0
B2000544800000;ORÁCULO DAS BORBOLETAS AMARELAS;2020;PRODAV 01;_tv_excluir;0.0;0.0;102156.16;80000;0.0;0.038;0.0;0.0;0;0.0;0;0;0;0.0;0;;;;08.112.710/0001-15;;;;;;;;;;FSA;2104056.0;2686778.52;2020;0.0
B2000530100000;OS RESISTENTES II;2020;PRODAV 01;_tv_excluir;0.0;0.0;76617.12;60000;0.0;0.1329;0.0;0.0;0;0.0;0;0;0;0.0;0;;;;05.163.327/0001-06;;;;;;;;;;FSA;399267.0;576701.65;2020;0.0
B2000495900000;PELAS RUAS DO RIO;2020;PRODAV 01;_tv_excluir;0.0;0.0;76617.12;60000;0.0;0.3485;0.0;0.0;0;0.0;0;0;0;4.225;2;;;;05.617.531/0001-41;;;;;;;;;;FSA;152200.0;219837.83;2020;0.0
B2000495900000;PELAS RUAS DO RIO;2020;PRODAV 01;_tv_excluir;0.0;0.0;76617.12;60000;0.0;0.3485;0.0;0.0;0;0.0;0;0;0;4.225;2;;;;05.617.531/0001-41;;;;;;;;;;RENUNCIA_OUTROS;15000.0;19154.28;2020;0.0
B2000011200000;PERDIDO;2020;PRODAV 01;_tv_excluir;0.0;0.0;76617.12;60000;0.0;0.0245;0.0;0.0;0;0.0;0;0;0;3.96;2;;;;06.015.397/0001-71;;;;;;;;;;FSA;2248460.26;3130292.88;2020;0.0
B2000011200000;PERDIDO;2020;PRODAV 01;_tv_excluir;0.0;0.0;76617.12;60000;0.0;0.0245;0.0;0.0;0;0.0;0;0;0;3.96;2;;;;06.015.397/0001-71;;;;;;;;;;RENUNCIA_ART3;50000.0;63847.6;2020;0.0
B2000011200000;PERDIDO;2020;PRODAV 01;_tv_excluir;0.0;0.0;76617.12;60000;0.0;0.0245;0.0;0.0;0;0.0;0;0;0;3.96;2;;;;06.015.397/0001-71;;;;;;;;;;RENUNCIA_OUTROS;2242240.0;2863232.85;2020;0.0
B2000199400000;PESSOAS - CONTAR PARA VIVER;2020;PRODAV 01;_tv_excluir;0.0;0.0;178773.28;140000;0.0;0.159;0.0;0.0;0;0.0;0;0;0;4.084;2;;;;06.228.927/0001-60;;;;;;;;;;FSA;807500.0;1124196.66;2020;0.0
B2000172600000;POR ONDE ANDA MAKUNAÍMA;2020;PRODAV 01;_tv_excluir;0.0;0.0;178773.28;140000;0.0;0.3669;0.0;0.0;0;0.0;0;0;0;0.0;0;;;;21.265.743/0001-63;;;;;;;;;;FSA;350000.0;487267.9;2020;0.0
B2000112700000;SALVE O PRAZER;2020;PRODAV 01;_tv_excluir;0.0;0.0;76617.12;60000;0.0;0.2679;0.0;0.0;0;0.0;0;0;0;3.49;2;;;;01.374.871/0001-38;;;;;;;;;;FSA;198000.0;285991.4;2020;0.0
B2000064200000;SANKOFA A AFRICA QUE TE HABITA;2020;PRODAV 01;_tv_excluir;0.0;0.0;178773.28;140000;0.0;0.1228;0.0;0.0;0;0.0;0;0;0;0.0;0;0.0;;;73.364.879/0001-24;;;;;;;;;;FSA;1045750.0;1455886.88;2020;0.0
B2000064200000;SANKOFA A AFRICA QUE TE HABITA;2020;PRODAV 01;_tv_excluir;0.0;0.0;178773.28;140000;0.0;0.1228;0.0;0.0;0;0.0;0;0;0;0.0;0;0.0;;;73.364.879/0001-24;;;;;;;;;;RENUNCIA_OUTROS;1606519.34;2051448.08;2020;0.0
B2000145200000;SEIS NA ILHA;2020;PRODAV 01;_tv_excluir;0.0;0.0;102156.16;80000;0.0;0.038;0.0;0.0;0;0.0;0;0;0;3.548;2;;;;03.847.111/0001-26;;;;;;;;;;FSA;1700000.0;2686924.8;2020;0.0
B2000375900000;SONS BRASILIS;2020;PRODAV 01;_tv_excluir;0.0;0.0;76617.12;60000;0.0;0.0708;0.0;0.0;0;0.0;0;0;0;0.0;0;0.0;;;13.188.290/0001-90;;;;;;;;;;FSA;777400.0;1082291.62;2020;0.0
B2000238900000;TEMPO PRESENTE;2020;PRODAV 01;_tv_excluir;0.0;0.0;153234.24;120000;0.0;0.1223;0.0;0.0;0;0.0;0;0;0;3.648;2;0.0;;Berlim;09.514.942/0001-62;;;;;;;;;;FSA;938600.0;1252721.26;2020;0.0
B2000238900000;TEMPO PRESENTE;2020;PRODAV 01;_tv_excluir;0.0;0.0;153234.24;120000;0.0;0.1223;0.0;0.0;0;0.0;0;0;0;3.648;2;0.0;;Berlim;09.514.942/0001-62;;;;;;;;;;RENUNCIA_ART3;537779.98;686719.22;2020;0.0
B2000253600000;TRANSAMAZÔNICA UTOPIAS NA SELVA;2020;PRODAV 01;_tv_excluir;0.0;0.0;102156.16;80000;0.0;0.1747;0.0;0.0;0;0.0;0;0;0;3.895;2;;;;05.209.603/0001-11;;;;;;;;;;FSA;420000.0;584721.48;2020;0.0
B2000129200000;TRINTA POVOS;2020;PRODAV 01;_tv_excluir;0.0;0.0;76617.12;60000;0.0;0.3669;0.0;0.0;0;0.0;0;0;0;0.0;0;;;;10.780.165/0001-87;;;;;;;;;;FSA;150000.0;208829.1;2020;0.0
B2000129200000;TRINTA POVOS;2020;PRODAV 01;_tv_excluir;0.0;0.0;76617.12;60000;0.0;0.3669;0.0;0.0;0;0.0;0;0;0;0.0;0;;;;10.780.165/0001-87;;;;;;;;;;RENUNCIA_ART3;1537500.0;1963313.7;2020;0.0
B2000129200000;TRINTA POVOS;2020;PRODAV 01;_tv_excluir;0.0;0.0;76617.12;60000;0.0;0.3669;0.0;0.0;0;0.0;0;0;0;0.0;0;;;;10.780.165/0001-87;;;;;;;;;;RENUNCIA_OUTROS;2679994.0;3422223.7;2020;0.0
B2000111500000;TÁ PUXADO;2020;PRODAV 01;_tv_excluir;0.0;0.0;102156.16;80000;0.0;0.0265;0.0;0.0;0;0.0;0;0;0;0.0;0;;;;07.579.479/0001-01;;;;;;;;;;FSA;2769999.4;3856376.54;2020;0.0
B2000151600000;UM FILME DE VERÃO;2020;PRODAV 01;_tv_excluir;0.0;0.0;76617.12;60000;0.0;0.1376;0.0;0.0;0;0.0;0;0;0;2.675;2;;;;12.088.742/0001-08;;;;;;;;;;FSA;400000.0;556877.6;2020;0.0
B2000337200000;YOU TUBERS;2020;PRODAV 01;_tv_excluir;0.0;0.0;76617.12;60000;0.0;0.0958;0.0;0.0;0;0.0;0;0;0;0.0;0;;;Sundance;40.447.906/0001-73;;;;;;;;;;FSA;599000.0;799467.33;2020;0.0
B2000221100000;ÀKÀRÀ NO FOGO DA INTOLERÂNCIA;2020;PRODAV 01;_tv_excluir;0.0;0.0;76617.12;60000;0.0;0.2277;0.0;0.0;0;0.0;0;0;0;4.3;1;;;;11.211.689/0001-10;;;;;;;;;;FSA;241700.0;336493.29;2020;0.0
B2100109300000;A ÚLTIMA GRAVAÇÃO;2021;PRODAV 01;_tv_excluir;0.0;0.0;69613.92;60000;0.0;0.1783;0.0;0.0;0;0.0;0;0;0;4.013;2;;;;06.992.833/0001-62;;;;;;;;;;FSA;280478.05;390479.86;2021;0.0
B2100304600000;AINDA ESTOU VIVO;2021;PRODAV 01;_tv_excluir;0.0;0.0;69613.92;60000;0.0;0.125;0.0;0.0;0;0.0;0;0;0;4.4;1;0.0;;;04.650.621/0001-71;;;;;;;;;;FSA;399987.0;556859.5;2021;0.0
B2100003100000;AMAZÔNIA OCULTA;2021;PRODAV 01;_tv_excluir;0.0;0.0;0.0;0;0.0;0.0;0.0;0.0;0;0.0;0;0;0;0.0;0;;;;13.931.232/0001-05;;;;;;;;;;FSA;1000000.0;1392194.0;2021;0.0
B2100003100000;AMAZÔNIA OCULTA;2021;PRODAV 01;_tv_excluir;0.0;0.0;0.0;0;0.0;0.0;0.0;0.0;0;0.0;0;0;0;0.0;0;;;;13.931.232/0001-05;;;;;;;;;;RENUNCIA_OUTROS;2000000.0;2320464.0;2021;0.0
B2100515000000;AMOR DOS OUTROS;2021;PRODAV 01;_tv_excluir;0.0;0.0;69613.92;60000;0.0;0.0333;0.0;0.0;0;0.0;0;0;0;4.3;1;0.0;;;06.842.017/0001-72;;;;;;;;;;FSA;1500000.0;2088291.0;2021;0.0
B2100515000000;AMOR DOS OUTROS;2021;PRODAV 01;_tv_excluir;0.0;0.0;69613.92;60000;0.0;0.0333;0.0;0.0;0;0.0;0;0;0;4.3;1;0.0;;;06.842.017/0001-72;;;;;;;;;;RENUNCIA_OUTROS;4128340.06;4789832.24;2021;0.0
B2100121100000;AS PROTAGONISTAS;2021;PRODAV 01;_tv_excluir;0.0;0.0;69613.92;60000;0.0;0.0366;0.0;0.0;0;0.0;0;0;0;0.0;0;;;;07.860.494/0001-23;;;;;;;;;;FSA;1365009.8;1900358.45;2021;0.0
B2100139800000;BALANÇO BLACK;2021;PRODAV 01;_tv_excluir;0.0;0.0;69613.92;60000;0.0;0.0765;0.0;0.0;0;0.0;0;0;0;0.0;0;;;;02.395.043/0001-49;;;;;;;;;;FSA;630000.0;909972.63;2021;0.0
B2100357600000;BIRDWATCHING - APRECIADORES DE AVES;2021;PRODAV 01;_tv_excluir;0.0;0.0;0.0;0;0.0;0.0;0.0;0.0;0;0.0;0;0;0;0.0;0;;;;15.489.382/0001-36;;;;;;;;;;FSA;753076.06;1005108.03;2021;0.0
B2100298400000;BOCA FECHADA;2021;PRODAV 01;_tv_excluir;0.0;0.0;69613.92;60000;0.0;0.125;0.0;0.0;0;0.0;0;0;0;0.0;0;0.0;;;01.374.871/0001-38;;;;;;;;;;FSA;400000.0;556877.6;2021;0.0
B2100141800000;CIDADES DE CINEMA;2021;PRODAV 01;_tv_excluir;0.0;0.0;69613.92;60000;0.0;0.0373;0.0;0.0;0;0.0;0;0;0;3.7;1;5.0;23.0;;05.565.485/0001-84;;;;;;;;;;FSA;1400007.0;1868547.34;2021;0.0
B2100282000000;CINEMA CAFÉ;2021;PRODAV 01;_tv_excluir;0.0;0.0;0.0;0;0.0;0.0;0.0;0.0;0;0.0;0;0;0;0.0;0;;;;01.254.746/0001-94;;;;;;;;;;FSA;1500000.0;2088291.0;2021;0.0
B2100166300000;CORDÉLICOS;2021;PRODAV 01;_tv_excluir;0.0;0.0;92818.56;80000;0.0;0.0226;0.0;0.0;0;0.0;0;0;0;0.0;0;;;;20.290.522/0001-82;;;;;;;;;;FSA;2950000.0;4106972.3;2021;0.0
B2100142100000;DEPOIS DA PRIMAVERA;2021;PRODAV 01;_tv_excluir;0.0;0.0;69613.92;60000;0.0;0.5216;0.0;0.0;0;0.0;0;0;0;3.618;2;;;;27.527.464/0001-07;;;;;;;;;;FSA;100000.0;133467.0;2021;0.0
B2100265500000;EDNA;2021;PRODAV 01;_tv_excluir;0.0;0.0;69613.92;60000;0.0;0.1249;0.0;0.0;0;0.0;0;0;0;0.0;0;0.0;;;05.163.327/0001-06;;;;;;;;;;FSA;400246.0;557220.08;2021;0.0
B2100265500000;EDNA;2021;PRODAV 01;_tv_excluir;0.0;0.0;69613.92;60000;0.0;0.1249;0.0;0.0;0;0.0;0;0;0;0.0;0;0.0;;;05.163.327/0001-06;;;;;;;;;;RENUNCIA_ART3;300000.0;348069.6;2021;0.0
B2100160500000;ESC: O BOM CINEMA;2021;PRODAV 01;_tv_excluir;0.0;0.0;69613.92;60000;0.0;0.0833;0.0;0.0;0;0.0;0;0;0;3.788;2;;;;00.205.194/0001-61;;;;;;;;;;FSA;600000.0;835316.4;2021;0.0
B2100449200000;EXPEDIÇÃO ROOSEVELT - RONDON;2021;PRODAV 01;_tv_excluir;0.0;0.0;69613.92;60000;0.0;0.149;0.0;0.0;0;0.0;0;0;0;0.0;0;;;;06.900.652/0001-69;;;;;;;;;;FSA;350000.0;467134.5;2021;0.0
B2100449200000;EXPEDIÇÃO ROOSEVELT - RONDON;2021;PRODAV 01;_tv_excluir;0.0;0.0;69613.92;60000;0.0;0.149;0.0;0.0;0;0.0;0;0;0;0.0;0;;;;06.900.652/0001-69;;;;;;;;;;RENUNCIA_OUTROS;1800005.2;2088423.63;2021;0.0
B2100206300000;G.I.B.I.S.;2021;PRODAV 01;_tv_excluir;0.0;0.0;69613.92;60000;0.0;0.1471;0.0;0.0;0;0.0;0;0;0;3.115;2;;;;09.059.127/0001-50;;;;;;;;;;FSA;339900.0;473206.74;2021;0.0
B2100269300000;HACKERS X CRACKERS;2021;PRODAV 01;_tv_excluir;0.0;0.0;69613.92;60000;0.0;0.0341;0.0;0.0;0;0.0;0;0;0;0.0;0;;;;64.044.886/0001-58;;;;;;;;;;FSA;1414728.65;2043435.48;2021;0.0
B2100326400000;INCERTEZAS CRÍTICAS - TERCEIRA TEMPORADA;2021;PRODAV 01;_tv_excluir;0.0;0.0;69613.92;60000;0.0;0.0824;0.0;0.0;0;0.0;0;0;0;0.0;0;8.0;0.0;;64.044.886/0001-58;;;;;;;;;;FSA;632731.0;844487.08;2021;0.0
B2100466100000;LIBERTÁRIOS;2021;PRODAV 01;_tv_excluir;0.0;0.0;92818.56;80000;0.0;0.0509;0.0;0.0;0;0.0;0;0;0;0.0;0;;;;55.084.750/0001-80;;;;;;;;;;FSA;1365000.0;1821824.55;2021;0.0
B2100427100000;LITERATURA, SUBSTANTIVO FEMININO;2021;PRODAV 01;_tv_excluir;0.0;0.0;69613.92;60000;0.0;0.145;0.0;0.0;0;0.0;0;0;0;0.0;0;;;;15.048.775/0001-04;;;;;;;;;;FSA;344789.5;480013.87;2021;0.0
B2100529600000;LOBO DO LOBO;2021;PRODAV 01;_tv_excluir;0.0;0.0;69613.92;60000;0.0;0.0472;0.0;0.0;0;0.0;0;0;0;3.77;2;8.0;0.0;;19.388.280/0001-85;;;;;;;;;;FSA;1059322.0;1474781.73;2021;0.0
B2100529600000;LOBO DO LOBO;2021;PRODAV 01;_tv_excluir;0.0;0.0;69613.92;60000;0.0;0.0472;0.0;0.0;0;0.0;0;0;0;3.77;2;8.0;0.0;;19.388.280/0001-85;;;;;;;;;;RENUNCIA_OUTROS;1711168.5;1985352.45;2021;0.0
B2100261500000;LÁ E CÁ;2021;PRODAV 01;_tv_excluir;0.0;0.0;69613.92;60000;0.0;0.1267;0.0;0.0;0;0.0;0;0;0;3.8;1;1.0;36.0;;00.360.459/0001-04;;;;;;;;;;FSA;411515.0;549236.73;2021;0.0
B2100322200000;MEU CLOSET É UM MUNDO;2021;PRODAV 01;_tv_excluir;0.0;0.0;92818.56;80000;0.0;0.0662;0.0;0.0;0;0.0;0;0;0;3.6;1;0.0;;;03.958.889/0001-02;;;;;;;;;;FSA;1050000.0;1401403.5;2021;0.0
B2100010500000;MODA SEM MEDIDA;2021;PRODAV 01;_tv_excluir;0.0;0.0;69613.92;60000;0.0;0.1367;0.0;0.0;0;0.0;0;0;0;3.055;2;;;;15.048.775/0001-04;;;;;;;;;;FSA;365911.0;509419.1;2021;0.0
B2100131800000;MULHERES E HOMENS DA TERRA;2021;PRODAV 01;_tv_excluir;0.0;0.0;162432.48;140000;0.0;0.2142;0.0;0.0;0;0.0;0;0;0;4.1;1;0.0;;;04.610.548/0001-04;;;;;;;;;;FSA;568041.0;758147.28;2021;0.0
B2100131800000;MULHERES E HOMENS DA TERRA;2021;PRODAV 01;_tv_excluir;0.0;0.0;162432.48;140000;0.0;0.2142;0.0;0.0;0;0.0;0;0;0;4.1;1;0.0;;;04.610.548/0001-04;;;;;;;;;;RENUNCIA_OUTROS;66500.0;77155.43;2021;0.0
B2100072600000;NA BOCA DO POVO - 2ª TEMPORADA;2021;PRODAV 01;_tv_excluir;0.0;0.0;69613.92;60000;0.0;0.0556;0.0;0.0;0;0.0;0;0;0;0.0;0;;;;03.189.055/0001-80;;;;;;;;;;FSA;899030.0;1251624.17;2021;0.0
B2100086500000;O NOME DO PAI;2021;PRODAV 01;_tv_excluir;0.0;0.0;69613.92;60000;0.0;0.1252;0.0;0.0;0;0.0;0;0;0;3.878;2;;;;02.597.024/0001-03;;;;;;;;;;FSA;399280.0;555875.22;2021;0.0
B2100086500000;O NOME DO PAI;2021;PRODAV 01;_tv_excluir;0.0;0.0;69613.92;60000;0.0;0.1252;0.0;0.0;0;0.0;0;0;0;3.878;2;;;;02.597.024/0001-03;;;;;;;;;;RENUNCIA_ART3;500000.0;580116.0;2021;0.0
B2100086500000;O NOME DO PAI;2021;PRODAV 01;_tv_excluir;0.0;0.0;69613.92;60000;0.0;0.1252;0.0;0.0;0;0.0;0;0;0;3.878;2;;;;02.597.024/0001-03;;;;;;;;;;RENUNCIA_OUTROS;2769917.52;3213746.94;2021;0.0
B2100032600000;O SÍNDICO;2021;PRODAV 01;_tv_excluir;0.0;0.0;0.0;0;0.0;0.0;0.0;0.0;0;0.0;0;0;0;0.0;0;1.0;0.0;;28.099.914/0001-70;;;;;;;;;;FSA;490000.0;653988.3;2021;0.0
B2100488500000;OS SÚDITOS DO EIXO;2021;PRODAV 01;_tv_excluir;0.0;0.0;0.0;0;0.0;0.0;0.0;0.0;0;0.0;0;0;0;0.0;0;;;;37.155.280/0001-17;;;;;;;;;;FSA;400000.0;594804.4;2021;0.0
B2100109200000;OS UNDER-UNDERGROUNDS - 2º TEMPORADA;2021;PRODAV 01;_tv_excluir;0.0;0.0;162432.48;140000;0.0;0.0482;0.0;0.0;0;0.0;0;0;0;0.0;0;;;;09.028.371/0001-56;;;;;;;;;;FSA;2525000.0;3370041.75;2021;0.0
B2100308500000;PEQUENOS NARRADORES: COMUNIDADE;2021;PRODAV 01;_tv_excluir;0.0;0.0;92818.56;80000;0.0;0.0654;0.0;0.0;0;0.0;0;0;0;0.0;0;0.0;;;03.250.728/0001-60;;;;;;;;;;FSA;1020000.0;1420037.88;2021;0.0
B2100239100000;RINGUE;2021;PRODAV 01;_tv_excluir;0.0;0.0;69613.92;60000;0.0;0.0476;0.0;0.0;0;0.0;0;0;0;0.0;0;0.0;;;02.282.322/0001-04;;;;;;;;;;FSA;925600.0;1462951.53;2021;0.0
B2100239100000;RINGUE;2021;PRODAV 01;_tv_excluir;0.0;0.0;69613.92;60000;0.0;0.0476;0.0;0.0;0;0.0;0;0;0;0.0;0;0.0;;;02.282.322/0001-04;;;;;;;;;;RENUNCIA_OUTROS;100000.0;116023.2;2021;0.0
B2100406300000;ROTA DAS EMOÇÕES;2021;PRODAV 01;_tv_excluir;0.0;0.0;162432.48;140000;0.0;0.0941;0.0;0.0;0;0.0;0;0;0;0.0;0;2.0;0.0;;03.958.889/0001-02;;;;;;;;;;FSA;1240000.0;1726320.56;2021;0.0
B2100207000000;SEMENTES DA EDUCAÇÃO - 2º TEMPORADA;2021;PRODAV 01;_tv_excluir;0.0;0.0;232046.4;200000;0.0;0.2483;0.0;0.0;0;0.0;0;0;0;3.732;2;0.0;;;05.397.945/0001-02;;;;;;;;;;FSA;700316.0;934690.76;2021;0.0
B2100207000000;SEMENTES DA EDUCAÇÃO - 2º TEMPORADA;2021;PRODAV 01;_tv_excluir;0.0;0.0;232046.4;200000;0.0;0.2483;0.0;0.0;0;0.0;0;0;0;3.732;2;0.0;;;05.397.945/0001-02;;;;;;;;;;RENUNCIA_OUTROS;287789.93;333903.09;2021;0.0
B2100007000000;UM DOMINGO DE 53 HORAS;2021;PRODAV 01;_tv_excluir;0.0;0.0;69613.92;60000;0.0;0.5606;0.0;0.0;0;0.0;0;0;0;4.1;1;2.0;0.0;;03.138.801/0001-06;;;;;;;;;;FSA;93032.34;124167.47;2021;0.0
B2100007000000;UM DOMINGO DE 53 HORAS;2021;PRODAV 01;_tv_excluir;0.0;0.0;69613.92;60000;0.0;0.5606;0.0;0.0;0;0.0;0;0;0;4.1;1;2.0;0.0;;03.138.801/0001-06;;;;;;;;;;RENUNCIA_ART3;300000.0;348069.6;2021;0.0
B2100153600000;VENTOS QUE SOPRAM - PARÁ;2021;PRODAV 01;_tv_excluir;0.0;0.0;69613.92;60000;0.0;0.1;0.0;0.0;0;0.0;0;0;0;0.0;0;;;;55.084.750/0001-80;;;;;;;;;;FSA;500000.0;696097.0;2021;0.0
B2100262000000;VENTOS QUE SOPRAM MARANHÃO;2021;PRODAV 01;_tv_excluir;0.0;0.0;69613.92;60000;0.0;0.1;0.0;0.0;0;0.0;0;0;0;0.0;0;1.0;0.0;;55.084.750/0001-80;;;;;;;;;;FSA;500000.0;696097.0;2021;0.0
B2200066100000;/LOST+FOUND;2022;PRODAV 01;_tv_excluir;0.0;0.0;65803.86;60000;0.0;0.0601;0.0;0.0;0;0.0;0;0;0;0.0;0;0.0;;;13.571.915/0001-07;;;;;;;;;;FSA;786500.0;1094960.58;2022;0.0
B2200404500000;A ÚLTIMA VANGUARDA;2022;PRODAV 01;_tv_excluir;0.0;0.0;65803.86;60000;0.0;0.0859;0.0;0.0;0;0.0;0;0;0;4.013;2;;;;03.958.889/0001-02;;;;;;;;;;FSA;550000.0;765706.7;2022;0.0
B2200251700000;ARISTIDES MALTEZ, O MÉDICO DOS POBRES;2022;PRODAV 01;_tv_excluir;0.0;0.0;87738.48;80000;0.0;0.1643;0.0;0.0;0;0.0;0;0;0;0.0;0;0.0;;;14.487.133/0001-49;;;;;;;;;;FSA;400000.0;533868.0;2022;0.0
B2300018300000;CHUVA NEGRA;2022;PRODAV 01;_tv_excluir;0.0;0.0;65803.86;60000;0.0;0.0167;0.0;0.0;0;0.0;0;0;0;0.0;0;;;;13.353.285/0001-96;;;;;;;;;;FSA;2944648.11;3930133.49;2022;0.0
B2200239600000;CINE COACHING;2022;PRODAV 01;_tv_excluir;0.0;0.0;0.0;0;0.0;0.0;0.0;0.0;0;0.0;0;0;0;0.0;0;;;;12.187.070/0001-80;;;;;;;;;;FSA;532800.0;711112.18;2022;0.0
B2200349100000;CINE TERROR;2022;PRODAV 01;_tv_excluir;0.0;0.0;65803.86;60000;0.0;0.0379;0.0;0.0;0;0.0;0;0;0;0.0;0;;;;64.044.886/0001-58;;;;;;;;;;FSA;1302214.57;1738026.72;2022;0.0
B2200462400000;CINEMA DE ENREDO;2022;PRODAV 01;_tv_excluir;0.0;0.0;65803.86;60000;0.0;0.0236;0.0;0.0;0;0.0;0;0;0;3.868;2;;;;08.408.195/0001-15;;;;;;;;;;FSA;2000000.0;2784388.0;2022;0.0
B2300004200000;CONEXÃO BRASIL SENEGAL: A CULTURA EM NÓS;2022;PRODAV 01;_tv_excluir;0.0;0.0;65803.86;60000;0.0;0.079;0.0;0.0;0;0.0;0;0;0;3.6;1;0.0;;;09.010.913/0001-63;;;;;;;;;;FSA;598200.0;832810.45;2022;0.0
B2300004200000;CONEXÃO BRASIL SENEGAL: A CULTURA EM NÓS;2022;PRODAV 01;_tv_excluir;0.0;0.0;65803.86;60000;0.0;0.079;0.0;0.0;0;0.0;0;0;0;3.6;1;0.0;;;09.010.913/0001-63;;;;;;;;;;RENUNCIA_OUTROS;403730.5;442783.75;2022;0.0
B2200226700000;CRIATIVOS EM FOCO;2022;PRODAV 01;_tv_excluir;0.0;0.0;65803.86;60000;0.0;0.0346;0.0;0.0;0;0.0;0;0;0;0.0;0;;;;64.044.886/0001-58;;;;;;;;;;FSA;1365000.0;1900344.81;2022;0.0
B2200127600000;DO SOM À ARTE;2022;PRODAV 01;_tv_excluir;0.0;0.0;65803.86;60000;0.0;0.1035;0.0;0.0;0;0.0;0;0;0;3.77;1;;;;08.856.362/0001-90;;;;;;;;;;FSA;476454.0;635908.86;2022;0.0
B2200413500000;ESQUADRÃO JAMBOCK;2022;PRODAV 01;_tv_excluir;0.0;0.0;87738.48;80000;0.0;0.0822;0.0;0.0;0;0.0;0;0;0;0.0;0;;;;07.752.214/0001-63;;;;;;;;;;FSA;800000.0;1067736.0;2022;0.0
B2200290900000;GORDURINHA - O BOM BAIANO;2022;PRODAV 01;_tv_excluir;0.0;0.0;87738.48;80000;0.0;0.1643;0.0;0.0;0;0.0;0;0;0;3.788;2;0.0;;;23.315.965/0001-79;;;;;;;;;;FSA;400000.0;533868.0;2022;0.0
B2200287800000;GUARDIÃS DA FLORESTA - SEGUNDA TEMPORADA;2022;PRODAV 01;_tv_excluir;0.0;0.0;65803.86;60000;0.0;0.0772;0.0;0.0;0;0.0;0;0;0;3.2;1;4.0;3.0;;02.229.175/0001-09;;;;;;;;;;FSA;776727.0;851860.58;2022;0.0
B2200289800000;MARESIAS;2022;PRODAV 01;_tv_excluir;0.0;0.0;0.0;0;0.0;0.0;0.0;0.0;0;0.0;0;0;0;0.0;0;0.0;;;05.959.925/0001-88;;;;;;;;;;FSA;924000.0;1233235.08;2022;0.0
B2200070400000;MENINAS DO BENFICA;2022;PRODAV 01;_tv_excluir;0.0;0.0;65803.86;60000;0.0;0.0247;0.0;0.0;0;0.0;0;0;0;0.0;0;;;;04.399.431/0001-23;;;;;;;;;;FSA;2000000.0;2669340.0;2022;0.0
B2300017500000;NA FRONTEIRA DA IMAGEM;2022;PRODAV 01;_tv_excluir;0.0;0.0;65803.86;60000;0.0;0.0747;0.0;0.0;0;0.0;0;0;0;3.97;2;;;;05.617.531/0001-41;;;;;;;;;;FSA;660000.0;880882.2;2022;0.0
B2300017500000;NA FRONTEIRA DA IMAGEM;2022;PRODAV 01;_tv_excluir;0.0;0.0;65803.86;60000;0.0;0.0747;0.0;0.0;0;0.0;0;0;0;3.97;2;;;;05.617.531/0001-41;;;;;;;;;;RENUNCIA_OUTROS;252001.55;276377.91;2022;0.0
B2200459700000;NADA SOBRE MEU PAI;2022;PRODAV 01;_tv_excluir;0.0;0.0;65803.86;60000;0.0;0.1182;0.0;0.0;0;0.0;0;0;0;4.4;1;;;;06.992.833/0001-62;;;;;;;;;;FSA;400000.0;556877.6;2022;0.0
B2200315100000;NO PAÍS DA POESIA POPULAR;2022;PRODAV 01;_tv_excluir;0.0;0.0;153542.34;140000;0.0;0.1534;0.0;0.0;0;0.0;0;0;0;0.0;0;;;;16.487.027/0001-90;;;;;;;;;;FSA;750000.0;1001002.5;2022;0.0
B2200352000000;NÃO MATOU EL MATADOR;2022;PRODAV 01;_tv_excluir;0.0;0.0;65803.86;60000;0.0;0.1215;0.0;0.0;0;0.0;0;0;0;0.0;0;;;;00.353.368/0001-33;;;;;;;;;;FSA;388980.0;541535.62;2022;0.0
B2200496800000;O FUTURO DA ENERGIA;2022;PRODAV 01;_tv_excluir;0.0;0.0;65803.86;60000;0.0;0.0456;0.0;0.0;0;0.0;0;0;0;3.87;1;0.0;;;08.346.159/0001-74;;;;;;;;;;FSA;1036000.0;1442312.98;2022;0.0
B2200224300000;O PARQUE DE ADELIN;2022;PRODAV 01;_tv_excluir;0.0;0.0;153542.34;140000;0.0;0.0848;0.0;0.0;0;0.0;0;0;0;0.0;0;;;;08.394.172/0001-07;;;;;;;;;;FSA;1300000.0;1809852.2;2022;0.0
B2200367100000;OS ARREPENDIDOS;2022;PRODAV 01;_tv_excluir;0.0;0.0;65803.86;60000;0.0;0.1139;0.0;0.0;0;0.0;0;0;0;0.0;0;0.0;;;04.728.553/0001-16;;;;;;;;;;FSA;400000.0;577760.4;2022;0.0
B2200366600000;PANORAMA;2022;PRODAV 01;_tv_excluir;0.0;0.0;65803.86;60000;0.0;0.1247;0.0;0.0;0;0.0;0;0;0;0.0;0;2.0;0.0;;04.650.621/0001-71;;;;;;;;;;FSA;379060.0;527725.06;2022;0.0
B2200454700000;PLURAL, A SÉRIE;2022;PRODAV 01;_tv_excluir;0.0;0.0;65803.86;60000;0.0;0.0741;0.0;0.0;0;0.0;0;0;0;3.008;2;;;;05.207.463/0001-42;;;;;;;;;;FSA;665242.6;887879.34;2022;0.0
B2200462200000;PROFISSÃO: MÃE;2022;PRODAV 01;_tv_excluir;0.0;0.0;87738.48;80000;0.0;0.0783;0.0;0.0;0;0.0;0;0;0;3.5;1;;;;02.188.743/0001-62;;;;;;;;;;FSA;840000.0;1121122.8;2022;0.0
B2200462200000;PROFISSÃO: MÃE;2022;PRODAV 01;_tv_excluir;0.0;0.0;87738.48;80000;0.0;0.0783;0.0;0.0;0;0.0;0;0;0;3.5;1;;;;02.188.743/0001-62;;;;;;;;;;RENUNCIA_OUTROS;3980000.0;4364989.38;2022;0.0
B2200296300000;REPÚBLICA DOS JUÍZES;2022;PRODAV 01;_tv_excluir;0.0;0.0;65803.86;60000;0.0;0.0711;0.0;0.0;0;0.0;0;0;0;0.0;0;0.0;;;00.205.194/0001-61;;;;;;;;;;FSA;693599.0;925725.78;2022;0.0
B2200312000000;RUBENS GERCHMAN - ATEMPORAL;2022;PRODAV 01;_tv_excluir;0.0;0.0;65803.86;60000;0.0;0.1136;0.0;0.0;0;0.0;0;0;0;0.0;0;0.0;;;27.527.464/0001-07;;;;;;;;;;FSA;416030.0;579194.47;2022;0.0
B2200154700000;SE EU CONTAR, VOCÊ ESCUTA ?;2022;PRODAV 01;_tv_excluir;10294.9;10715.32;0.0;0;10715.32;0.0161;0.0082;0.0;0;0.0;0;0;0;3.895;2;;;;07.110.153/0001-30;;;;;;;;;;FSA;500000.0;667335.0;2022;0.0161
B2200154700000;SE EU CONTAR, VOCÊ ESCUTA ?;2022;PRODAV 01;_tv_excluir;10294.9;10715.32;0.0;0;10715.32;0.0161;0.0082;0.0;0;0.0;0;0;0;3.895;2;;;;07.110.153/0001-30;;;;;;;;;;RENUNCIA_OUTROS;587000.0;643781.1;2022;0.0166
B2200253100000;SMETAK - DO SILÊNCIO AO CAOS;2022;PRODAV 01;_tv_excluir;0.0;0.0;87738.48;80000;0.0;0.1643;0.0;0.0;0;0.0;0;0;0;4.1;1;0.0;;;14.487.133/0001-49;;;;;;;;;;FSA;400000.0;533868.0;2022;0.0
B2200253100000;SMETAK - DO SILÊNCIO AO CAOS;2022;PRODAV 01;_tv_excluir;0.0;0.0;87738.48;80000;0.0;0.1643;0.0;0.0;0;0.0;0;0;0;4.1;1;0.0;;;14.487.133/0001-49;;;;;;;;;;RENUNCIA_ART3;1468536.6;1610589.61;2022;0.0
B2300001300000;TODO MUNDO É FILHO DE SANTO;2022;PRODAV 01;_tv_excluir;0.0;0.0;131607.72;120000;0.0;0.0779;0.0;0.0;0;0.0;0;0;0;3.683;2;0.0;;;04.661.796/0001-84;;;;;;;;;;FSA;1266616.0;1690514.38;2022;0.0
B2200252300000;UM BAIANO CHAMADO HANSEN;2022;PRODAV 01;_tv_excluir;0.0;0.0;87738.48;80000;0.0;0.1643;0.0;0.0;0;0.0;0;0;0;0.0;0;0.0;;;14.487.133/0001-49;;;;;;;;;;FSA;400000.0;533868.0;2022;0.0
B2300026200000;13 CANÇÕES PARA FALAR DO SERTANEJO;2023;PRODAV 01;_tv_excluir;0.0;0.0;0.0;0;0.0;0.0;0.0;0.0;0;0.0;0;0;0;0.0;0;0.0;;;08.296.780/0001-70;;;;;;;;;;FSA;950000.0;1267936.5;2023;0.0
B2300365000000;A GUERRA DA LAGOSTA;2023;PRODAV 01;_tv_excluir;0.0;0.0;62898.0;60000;0.0;0.1452;0.0;0.0;0;0.0;0;0;0;4.143;2;11.0;0.0;;09.260.004/0001-83;;;;;;;;;;FSA;300000.0;433320.3;2023;0.0
B2300136700000;ARTE URBANA;2023;PRODAV 01;_tv_excluir;0.0;0.0;0.0;0;0.0;0.0;0.0;0.0;0;0.0;0;0;0;0.0;0;;;;27.651.181/0001-72;;;;;;;;;;FSA;650000.0;904926.1;2023;0.0
B2300272300000;AZUL CELESTE;2023;PRODAV 01;_tv_excluir;0.0;0.0;0.0;0;0.0;0.0;0.0;0.0;0;0.0;0;0;0;0.0;0;0.0;;;22.971.615/0001-06;;;;;;;;;;FSA;2560000.0;3564016.64;2023;0.0
B2300065000000;FLORESTA, ONDE A TERRA RESPIRA;2023;PRODAV 01;_tv_excluir;0.0;0.0;62898.0;60000;0.0;0.0451;0.0;0.0;0;0.0;0;0;0;3.538;1;;;;01.282.220/0001-18;;;;;;;;;;FSA;1002277.32;1395364.47;2023;0.0
B2300200900000;GALERA DA PRAIA;2023;PRODAV 01;_tv_excluir;0.0;0.0;62898.0;60000;0.0;0.035;0.0;0.0;0;0.0;0;0;0;0.0;0;0.0;;;03.250.728/0001-60;;;;;;;;;;FSA;1345000.0;1795131.15;2023;0.0
B2300464300000;HISTÓRIAS DA GENTE BRASILEIRA;2023;PRODAV 01;_tv_excluir;0.0;0.0;62898.0;60000;0.0;0.0262;0.0;0.0;0;0.0;0;0;0;0.0;0;0.0;;;04.661.796/0001-84;;;;;;;;;;FSA;1796462.69;2397684.86;2023;0.0
B2300333700000;JENIPAPO - A FRONTEIRA DA INDEPENDÊNCIA;2023;PRODAV 01;_tv_excluir;0.0;0.0;0.0;0;0.0;0.0;0.0;0.0;0;0.0;0;0;0;3.97;2;0.0;;;06.842.017/0001-72;;;;;;;;;;FSA;1999999.0;2784386.61;2023;0.0
B2300333700000;JENIPAPO - A FRONTEIRA DA INDEPENDÊNCIA;2023;PRODAV 01;_tv_excluir;0.0;0.0;0.0;0;0.0;0.0;0.0;0.0;0;0.0;0;0;0;3.97;2;0.0;;;06.842.017/0001-72;;;;;;;;;;RENUNCIA_OUTROS;745979.2;782010.0;2023;0.0
B2300174000000;JUNINAS;2023;PRODAV 01;_tv_excluir;0.0;0.0;146762.0;140000;0.0;0.0743;0.0;0.0;0;0.0;0;0;0;0.0;0;0.0;;;22.427.423/0001-25;;;;;;;;;;FSA;1547750.33;1976402.88;2023;0.0
B2300036300000;LINHAS NEGRAS;2023;PRODAV 01;_tv_excluir;0.0;0.0;62898.0;60000;0.0;0.0628;0.0;0.0;0;0.0;0;0;0;0.0;0;;;;06.992.833/0001-62;;;;;;;;;;FSA;750000.0;1001002.5;2023;0.0
B2300065200000;MEMÓRIA DA MÍDIA;2023;PRODAV 01;_tv_excluir;0.0;0.0;62898.0;60000;0.0;0.0673;0.0;0.0;0;0.0;0;0;0;3.77;2;0.0;;;31.390.347/0001-11;;;;;;;;;;FSA;700000.0;934269.0;2023;0.0
B2300448200000;NO ANO QUE  VEM;2023;PRODAV 01;_tv_excluir;0.0;0.0;62898.0;60000;0.0;0.0143;0.0;0.0;0;0.0;0;0;0;4.3;1;;;;10.358.078/0001-36;;;;;;;;;;FSA;3796849.26;4405226.01;2023;0.0
B2300404700000;NÃO É A PRIMEIRA VEZ QUE LUTAMOS PELO NOSSO AMOR;2023;PRODAV 01;_tv_excluir;0.0;0.0;62898.0;60000;0.0;0.0922;0.0;0.0;0;0.0;0;0;0;4.3;1;;;;22.865.259/0001-38;;;;;;;;;;FSA;490081.0;682287.83;2023;0.0
B2300404700000;NÃO É A PRIMEIRA VEZ QUE LUTAMOS PELO NOSSO AMOR;2023;PRODAV 01;_tv_excluir;0.0;0.0;62898.0;60000;0.0;0.0922;0.0;0.0;0;0.0;0;0;0;4.3;1;;;;22.865.259/0001-38;;;;;;;;;;RENUNCIA_OUTROS;940000.0;985402.0;2023;0.0
B2300575200000;ON BOARD;2023;PRODAV 01;_tv_excluir;0.0;0.0;62898.0;60000;0.0;0.035;0.0;0.0;0;0.0;0;0;0;0.0;0;;;;14.372.650/0001-72;;;;;;;;;;FSA;1407601.8;1797439.93;2023;0.0
B2300146200000;OS HERDEIROS DE VARGAS;2023;PRODAV 01;_tv_excluir;0.0;0.0;62898.0;60000;0.0;0.075;0.0;0.0;0;0.0;0;0;0;0.0;0;0.0;;;05.913.319/0001-21;;;;;;;;;;FSA;602467.5;838751.64;2023;0.0
B2300565200000;PEDRO E A PEDRA SECRETA;2023;PRODAV 01;_tv_excluir;0.0;0.0;83864.0;80000;0.0;0.037;0.0;0.0;0;0.0;0;0;0;4.175;2;0.0;;;09.583.743/0001-06;;;;;;;;;;FSA;1630050.0;2269345.83;2023;0.0
B2300489900000;RIOS;2023;PRODAV 01;_tv_excluir;0.0;0.0;83864.0;80000;0.0;0.0461;0.0;0.0;0;0.0;0;0;0;3.938;2;1.0;0.0;;25.238.748/0001-58;;;;;;;;;;FSA;1260000.0;1819945.26;2023;0.0
B2300489900000;RIOS;2023;PRODAV 01;_tv_excluir;0.0;0.0;83864.0;80000;0.0;0.0461;0.0;0.0;0;0.0;0;0;0;3.938;2;1.0;0.0;;25.238.748/0001-58;;;;;;;;;;RENUNCIA_OUTROS;732340.0;767712.02;2023;0.0
B2300573000000;SAIDEIRA;2023;PRODAV 01;_tv_excluir;183929.76;183929.76;146762.0;140000;183929.76;0.301;0.0857;0.0;0;0.0;0;0;0;3.87;1;;;;02.140.164/0001-40;;;;;;;;;;FSA;695194.5;1098785.5;2023;0.1674
B2300573000000;SAIDEIRA;2023;PRODAV 01;_tv_excluir;183929.76;183929.76;146762.0;140000;183929.76;0.301;0.0857;0.0;0;0.0;0;0;0;3.87;1;;;;02.140.164/0001-40;;;;;;;;;;RENUNCIA_OUTROS;1000000.0;1048300.0;2023;0.1755
B2300194200000;SALA DOS PROFESSORES;2023;PRODAV 01;_tv_excluir;0.0;0.0;62898.0;60000;0.0;0.0333;0.0;0.0;0;0.0;0;0;0;3.885;2;0.0;;;10.476.872/0001-84;;;;;;;;;;FSA;1357485.0;1889882.47;2023;0.0
B2300095400000;SEIS PROPOSTAS PARA UM MUNDO POSSÍVEL;2023;PRODAV 01;_tv_excluir;0.0;0.0;0.0;0;0.0;0.0;0.0;0.0;0;0.0;0;0;0;4.118;2;;;;13.571.915/0001-07;;;;;;;;;;FSA;420000.0;584721.48;2023;0.0
B2300045800000;SHOPTUDO;2023;PRODAV 01;_tv_excluir;0.0;0.0;0.0;0;0.0;0.0;0.0;0.0;0;0.0;0;0;0;0.0;0;0.0;;;08.296.780/0001-70;;;;;;;;;;FSA;1810000.0;2415752.7;2023;0.0
B2300136300000;SIMPLES PRAZERES;2023;PRODAV 01;_tv_excluir;0.0;0.0;83864.0;80000;0.0;0.1177;0.0;0.0;0;0.0;0;0;0;0.0;0;;;;07.614.651/0001-10;;;;;;;;;;FSA;479066.0;712376.41;2023;0.0
B2300051800000;SOMBRAS SOBRE O CONTINENTE;2023;PRODAV 01;_tv_excluir;0.0;0.0;83864.0;80000;0.0;0.1434;0.0;0.0;0;0.0;0;0;0;3.414;1;;;;12.106.692/0001-36;;;;;;;;;;FSA;419930.0;584624.03;2023;0.0
B2300534900000;SUÍTE MAGNÓLIA;2023;PRODAV 01;_tv_excluir;0.0;0.0;62898.0;60000;0.0;0.0196;0.0;0.0;0;0.0;0;0;0;4.143;2;;;;09.558.964/0001-24;;;;;;;;;;FSA;2400000.0;3203208.0;2023;0.0
B2300352500000;TEU ARMÁRIO É SHOW;2023;PRODAV 01;_tv_excluir;0.0;0.0;62898.0;60000;0.0;0.0753;0.0;0.0;0;0.0;0;0;0;0.0;0;;;;03.081.598/0001-89;;;;;;;;;;FSA;600000.0;835316.4;2023;0.0
B2400089900000;TRINDADE NORDESTINA;2023;PRODAV 01;_tv_excluir;0.0;0.0;146762.0;140000;0.0;0.0647;0.0;0.0;0;0.0;0;0;0;0.0;0;;;;15.128.758/0001-87;;;;;;;;;;FSA;1700000.0;2268939.0;2023;0.0
B2300223600000;UAKTI;2023;PRODAV 01;_tv_excluir;0.0;0.0;62898.0;60000;0.0;0.0753;0.0;0.0;0;0.0;0;0;0;0.0;0;7.0;0.0;;09.207.344/0001-40;;;;;;;;;;FSA;600000.0;835316.4;2023;0.0
B2300023600000;WAR LOVE - AMORES DE GUERRA;2023;PRODAV 01;_tv_excluir;0.0;0.0;83864.0;80000;0.0;0.0449;0.0;0.0;0;0.0;0;0;0;3.3;1;1.0;0.0;;00.830.735/0001-42;;;;;;;;;;FSA;1400000.0;1868538.0;2023;0.0
B2300023600000;WAR LOVE - AMORES DE GUERRA;2023;PRODAV 01;_tv_excluir;0.0;0.0;83864.0;80000;0.0;0.0449;0.0;0.0;0;0.0;0;0;0;3.3;1;1.0;0.0;;00.830.735/0001-42;;;;;;;;;;RENUNCIA_OUTROS;503516.0;527835.82;2023;0.0
B2300214200000;ZÉLIA. MEMÓRIAS E SAUDADES.;2023;PRODAV 01;_tv_excluir;0.0;0.0;62898.0;60000;0.0;0.0785;0.0;0.0;0;0.0;0;0;0;0.0;0;0.0;;;18.800.502/0001-62;;;;;;;;;;FSA;600000.0;800802.0;2023;0.0
B2300445300000;À MESA;2023;PRODAV 01;_tv_excluir;0.0;0.0;0.0;0;0.0;0.0;0.0;0.0;0;0.0;0;0;0;0.0;0;;;;58.496.571/0001-49;;;;;;;;;;FSA;1118260.0;1492508.07;2023;0.0
B1800396800000;ARQUITETOS;2015;PRODAV 02 - PROJETO DERIVADO;_tv_excluir;0.0;0.0;94832.64;60000;0.0;0.0576;0.0;0.0;0;0.0;0;0;0;0.0;0;;;;64.044.886/0001-58;;;;;;;;;;FSA;1041853.0;1646694.51;2015;0.0
B1600730300000;AS CANÇÕES DA MINHA VIDA;2015;PRODAV 02 - PROJETO DERIVADO;_tv_excluir;0.0;0.0;94832.64;60000;0.0;0.0857;0.0;0.0;0;0.0;0;0;0;3.2;1;0.0;;;72.062.029/0001-09;;;;;;;;;;FSA;700000.0;1106380.8;2015;0.0
B2000328300000;RODRIGO SANTOS TREM BALA;2015;PRODAV 02 - PROJETO DERIVADO;_tv_excluir;0.0;0.0;94832.64;60000;0.0;0.9379;0.0;0.0;0;0.0;0;0;0;4.0;1;;;;08.724.947/0001-57;;;;;;;;;;FSA;70000.0;101108.07;2015;0.0
B1900057400000;TAXITRAMAS;2015;PRODAV 02 - PROJETO DERIVADO;_tv_excluir;0.0;0.0;94832.64;60000;0.0;0.1064;0.0;0.0;0;0.0;0;0;0;0.0;0;;;;01.541.247/0001-88;;;;;;;;;;FSA;599570.0;891567.19;2015;0.0
B1700221100000;DESIGNERS DO BRASIL;2016;PRODAV 02 - PROJETO DERIVADO;_tv_excluir;0.0;0.0;89220.66;60000;0.0;0.0657;0.0;0.0;0;0.0;0;0;0;4.343;2;;;;23.723.437/0001-59;;;;;;;;;;FSA;859210.0;1358019.21;2016;0.0
B1600702800000;GRANDES CENAS;2016;PRODAV 02 - PROJETO DERIVADO;_tv_excluir;0.0;0.0;89220.66;60000;0.0;0.0821;0.0;0.0;0;0.0;0;0;0;0.0;0;3.0;2.0;;94.625.829/0001-23;;;;;;;;;;FSA;687170.0;1086102.42;2016;0.0
B1600420100000;IMPRESSÕES DO MUNDO;2016;PRODAV 02 - PROJETO DERIVADO;_tv_excluir;0.0;0.0;89220.66;60000;0.0;0.0403;0.0;0.0;0;0.0;0;0;0;3.195;2;;;;03.093.490/0001-06;;;;;;;;;;FSA;1400000.0;2212761.6;2016;0.0
B1700139700000;MISH MASH - A PRESENÇA JUDAICA NO BRASIL;2016;PRODAV 02 - PROJETO DERIVADO;_tv_excluir;0.0;0.0;89220.66;60000;0.0;0.0806;0.0;0.0;0;0.0;0;0;0;3.543;2;;;;19.388.280/0001-85;;;;;;;;;;FSA;700000.0;1106380.8;2016;0.0
B1700225000000;NÓS, OS FASHIONISTAS;2016;PRODAV 02 - PROJETO DERIVADO;_tv_excluir;0.0;0.0;89220.66;60000;0.0;0.24;0.0;0.0;0;0.0;0;0;0;3.6;1;;;;06.992.833/0001-62;;;;;;;;;;FSA;250000.0;371752.75;2016;0.0
B1800007000000;ATÉ O PRIMEIRO DISCO;2017;PRODAV 02 - PROJETO DERIVADO;_tv_excluir;0.0;0.0;86664.06;60000;0.0;0.0802;0.0;0.0;0;0.0;0;0;0;4.273;2;2.0;0.0;Rotterdam;04.650.621/0001-71;;;;;;;;;;FSA;683421.0;1080176.96;2017;0.0
B1700122800000;BOTO FÉ;2017;PRODAV 02 - PROJETO DERIVADO;_tv_excluir;0.0;0.0;288880.2;200000;0.0;0.2611;0.0;0.0;0;0.0;0;0;0;0.0;0;0.0;;;04.661.796/0001-84;;;;;;;;;;FSA;700000.0;1106380.8;2017;0.0
B1700122800000;BOTO FÉ;2017;PRODAV 02 - PROJETO DERIVADO;_tv_excluir;0.0;0.0;288880.2;200000;0.0;0.2611;0.0;0.0;0;0.0;0;0;0;0.0;0;0.0;;;04.661.796/0001-84;;;;;;;;;;RENUNCIA_OUTROS;558412.0;806570.85;2017;0.0
B1700558300000;CINEMA DIVERSIDADE;2017;PRODAV 02 - PROJETO DERIVADO;_tv_excluir;0.0;0.0;86664.06;60000;0.0;0.259;0.0;0.0;0;0.0;0;0;0;0.0;0;;;;09.005.783/0001-70;;;;;;;;;;FSA;225000.0;334577.48;2017;0.0
B1800393400000;DE SHOW A SHOW COM YAMANDU COSTA;2017;PRODAV 02 - PROJETO DERIVADO;_tv_excluir;0.0;0.0;86664.06;60000;0.0;0.6063;0.0;0.0;0;0.0;0;0;0;4.105;2;;;;10.613.589/0001-57;;;;;;;;;;FSA;96120.0;142931.5;2017;0.0
B1800490800000;DESCOBRINDO TRILHAS;2017;PRODAV 02 - PROJETO DERIVADO;_tv_excluir;0.0;0.0;86664.06;60000;0.0;0.3324;0.0;0.0;0;0.0;0;0;0;0.0;0;0.0;;;18.920.745/0001-34;;;;;;;;;;FSA;175308.0;260684.92;2017;0.0
B1800608400000;ENTRADA FRANCA - FAUSE HATEN;2017;PRODAV 02 - PROJETO DERIVADO;_tv_excluir;0.0;0.0;86664.06;60000;0.0;0.338;0.0;0.0;0;0.0;0;0;0;0.0;0;;;;10.445.307/0001-50;;;;;;;;;;FSA;177510.0;256395.62;2017;0.0
B1700065900000;ESTADOS DA ARTE;2017;PRODAV 02 - PROJETO DERIVADO;_tv_excluir;0.0;0.0;86664.06;60000;0.0;0.0762;0.0;0.0;0;0.0;0;0;0;3.9;1;2.0;0.0;;01.835.704/0001-47;;;;;;;;;;FSA;720000.0;1137991.68;2017;0.0
B1800477500000;FORMIGAS;2017;PRODAV 02 - PROJETO DERIVADO;_tv_excluir;0.0;0.0;0.0;0;0.0;0.0;0.0;0.0;0;0.0;0;0;0;0.0;0;;;;01.106.959/0001-79;;;;;;;;;;FSA;671998.39;999269.0;2017;0.0
B1800477500000;FORMIGAS;2017;PRODAV 02 - PROJETO DERIVADO;_tv_excluir;0.0;0.0;0.0;0;0.0;0.0;0.0;0.0;0;0.0;0;0;0;0.0;0;;;;01.106.959/0001-79;;;;;;;;;;RENUNCIA_ART3;2300000.0;3322122.3;2017;0.0
B1700581800000;GUERREIROS DA SELVA;2017;PRODAV 02 - PROJETO DERIVADO;_tv_excluir;0.0;0.0;86664.06;60000;0.0;0.2021;0.0;0.0;0;0.0;0;0;0;0.0;0;0.0;;;11.280.934/0001-40;;;;;;;;;;FSA;296850.0;428770.44;2017;0.0
B1700375800000;IMORTAIS DA ACADEMIA;2017;PRODAV 02 - PROJETO DERIVADO;_tv_excluir;0.0;0.0;288880.2;200000;0.0;0.0838;0.0;0.0;0;0.0;0;0;0;3.6;1;;;;04.661.796/0001-84;;;;;;;;;;FSA;2181025.0;3447205.98;2017;0.0
B1700473300000;NATUREZA MORTA;2017;PRODAV 02 - PROJETO DERIVADO;_tv_excluir;3922.0;3976.0;86664.06;60000;3976.0;0.0382;0.0009;0.0;0;0.0;0;0;0;0.0;0;;;;02.395.043/0001-49;;;;;;;;;;FSA;1500000.0;2370816.0;2017;0.0017
B1700473300000;NATUREZA MORTA;2017;PRODAV 02 - PROJETO DERIVADO;_tv_excluir;3922.0;3976.0;86664.06;60000;3976.0;0.0382;0.0009;0.0;0;0.0;0;0;0;0.0;0;;;;02.395.043/0001-49;;;;;;;;;;RENUNCIA_OUTROS;1437290.82;2076024.3;2017;0.0019
B1700264800000;OFÍCIO DA PALAVRA;2017;PRODAV 02 - PROJETO DERIVADO;_tv_excluir;0.0;0.0;86664.06;60000;0.0;0.2275;0.0;0.0;0;0.0;0;0;0;0.0;0;;;;04.547.429/0001-54;;;;;;;;;;FSA;263700.0;380888.54;2017;0.0
B1700612200000;OS SAMBAS;2017;PRODAV 02 - PROJETO DERIVADO;_tv_excluir;0.0;0.0;86664.06;60000;0.0;0.1943;0.0;0.0;0;0.0;0;0;0;0.0;0;;;;00.086.803/0001-00;;;;;;;;;;FSA;300000.0;446103.3;2017;0.0
B1700612200000;OS SAMBAS;2017;PRODAV 02 - PROJETO DERIVADO;_tv_excluir;0.0;0.0;86664.06;60000;0.0;0.1943;0.0;0.0;0;0.0;0;0;0;0.0;0;;;;00.086.803/0001-00;;;;;;;;;;RENUNCIA_ART3;1736788.95;2508619.7;2017;0.0
B1700117400000;POR UM TRIZ;2017;PRODAV 02 - PROJETO DERIVADO;_tv_excluir;0.0;0.0;86664.06;60000;0.0;0.1569;0.0;0.0;0;0.0;0;0;0;4.068;2;0.0;;;03.987.306/0001-71;;;;;;;;;;FSA;349400.0;552242.07;2017;0.0
B1700491900000;PRIMAVERA DAS MULHERES;2017;PRODAV 02 - PROJETO DERIVADO;_tv_excluir;0.0;0.0;86664.06;60000;0.0;0.1333;0.0;0.0;0;0.0;0;0;0;3.522;1;;;;07.528.463/0001-70;;;;;;;;;;FSA;450000.0;649980.45;2017;0.0
B1800600400000;QUEM FOI SEU MESTRE? 1º TEMPORADA;2017;PRODAV 02 - PROJETO DERIVADO;_tv_excluir;0.0;0.0;86664.06;60000;0.0;0.0974;0.0;0.0;0;0.0;0;0;0;0.0;0;0.0;;;96.713.128/0001-71;;;;;;;;;;FSA;616000.0;889751.02;2017;0.0
B1700589200000;SANGUE DA TERRA;2017;PRODAV 02 - PROJETO DERIVADO;_tv_excluir;0.0;0.0;86664.06;60000;0.0;0.0875;0.0;0.0;0;0.0;0;0;0;3.97;2;0.0;;;04.069.379/0001-47;;;;;;;;;;FSA;627000.0;991001.09;2017;0.0
B2000114900000;A FLECHA E A FARDA;2018;PRODAV 02 - PROJETO DERIVADO;_tv_excluir;0.0;0.0;194907.16;140000;0.0;0.35;0.0;0.0;0;0.0;0;0;0;0.0;0;;;;08.296.780/0001-70;;;;;;;;;;FSA;400000.0;556877.6;2018;0.0
B1900038500000;BRASIL, TRAVESSIAS;2018;PRODAV 02 - PROJETO DERIVADO;_tv_excluir;0.0;0.0;83531.64;60000;0.0;0.0755;0.0;0.0;0;0.0;0;0;0;0.0;0;;;;27.651.181/0001-72;;;;;;;;;;FSA;699704.87;1105914.33;2018;0.0
B1900038500000;BRASIL, TRAVESSIAS;2018;PRODAV 02 - PROJETO DERIVADO;_tv_excluir;0.0;0.0;83531.64;60000;0.0;0.0755;0.0;0.0;0;0.0;0;0;0;0.0;0;;;;27.651.181/0001-72;;;;;;;;;;RENUNCIA_OUTROS;525191.56;731168.54;2018;0.0
B1800563700000;CINE BARATO;2018;PRODAV 02 - PROJETO DERIVADO;_tv_excluir;0.0;0.0;83531.64;60000;0.0;0.1116;0.0;0.0;0;0.0;0;0;0;0.0;0;0.0;;;16.487.027/0001-90;;;;;;;;;;FSA;503194.83;748256.25;2018;0.0
B1800541600000;CINEMA EM TRANSE;2018;PRODAV 02 - PROJETO DERIVADO;_tv_excluir;0.0;0.0;83531.64;60000;0.0;0.1928;0.0;0.0;0;0.0;0;0;0;2.093;2;;;;07.115.568/0001-05;;;;;;;;;;FSA;300000.0;433320.3;2018;0.0
B1800315500000;DESTINO INCOMUM - 2ª TEMPORADA;2018;PRODAV 02 - PROJETO DERIVADO;_tv_excluir;0.0;0.0;83531.64;60000;0.0;0.1874;0.0;0.0;0;0.0;0;0;0;0.0;0;;;;08.047.810/0001-05;;;;;;;;;;FSA;299827.0;445846.05;2018;0.0
B1800548900000;DOÇARIA BRASILEIRA;2018;PRODAV 02 - PROJETO DERIVADO;_tv_excluir;0.0;0.0;83531.64;60000;0.0;0.0756;0.0;0.0;0;0.0;0;0;0;0.0;0;2.0;0.0;;12.839.664/0001-28;;;;;;;;;;FSA;699000.0;1104800.26;2018;0.0
B1800553300000;FAMÍLIA NA TRIBO;2018;PRODAV 02 - PROJETO DERIVADO;_tv_excluir;0.0;0.0;83531.64;60000;0.0;0.0777;0.0;0.0;0;0.0;0;0;0;3.656;1;;;;01.287.908/0001-90;;;;;;;;;;FSA;679866.0;1074558.13;2018;0.0
B1900049200000;GUERREIROS DA FLORESTA;2018;PRODAV 02 - PROJETO DERIVADO;_tv_excluir;0.0;0.0;167063.28;120000;0.0;0.0966;0.0;0.0;0;0.0;0;0;0;4.0;1;0.0;;;15.479.865/0001-50;;;;;;;;;;FSA;1242747.0;1730144.92;2018;0.0
B1800172700000;KARINGANA - LICENÇA PARA CONTAR;2018;PRODAV 02 - PROJETO DERIVADO;_tv_excluir;0.0;0.0;278438.8;200000;0.0;0.3333;0.0;0.0;0;0.0;0;0;0;3.31;2;;;;06.900.652/0001-69;;;;;;;;;;FSA;600000.0;835316.4;2018;0.0
B1900050900000;LINCOLN OLIVETTI - O MAGO DO POP;2018;PRODAV 02 - PROJETO DERIVADO;_tv_excluir;0.0;0.0;83531.64;60000;0.0;0.1999;0.0;0.0;0;0.0;0;0;0;4.1;1;;;;09.505.106/0001-11;;;;;;;;;;FSA;289316.5;417889.04;2018;0.0
B1900050900000;LINCOLN OLIVETTI - O MAGO DO POP;2018;PRODAV 02 - PROJETO DERIVADO;_tv_excluir;0.0;0.0;83531.64;60000;0.0;0.1999;0.0;0.0;0;0.0;0;0;0;4.1;1;;;;09.505.106/0001-11;;;;;;;;;;RENUNCIA_ART3;923390.62;1285538.88;2018;0.0
B1800141100000;LINHAS ABERTAS;2018;PRODAV 02 - PROJETO DERIVADO;_tv_excluir;0.0;0.0;83531.64;60000;0.0;0.0936;0.0;0.0;0;0.0;0;0;0;0.0;0;;;;19.388.280/0001-85;;;;;;;;;;FSA;600000.0;892206.6;2018;0.0
B1800535300000;LUA EM CÂNCER;2018;PRODAV 02 - PROJETO DERIVADO;_tv_excluir;0.0;0.0;0.0;0;0.0;0.0;0.0;0.0;0;0.0;0;0;0;3.93;2;4.0;34.0;;06.255.414/0001-48;;;;;;;;;;FSA;1008000.0;1498907.09;2018;0.0
B1800451700000;MEU CORPO É MAIS;2018;PRODAV 02 - PROJETO DERIVADO;_tv_excluir;0.0;0.0;83531.64;60000;0.0;0.3371;0.0;0.0;0;0.0;0;0;0;3.7;1;;;;06.992.833/0001-62;;;;;;;;;;FSA;178000.0;247810.53;2018;0.0
B1800479800000;MEU CORPO É MAIS;2018;PRODAV 02 - PROJETO DERIVADO;_tv_excluir;0.0;0.0;0.0;0;0.0;0.0;0.0;0.0;0;0.0;0;0;0;3.7;1;;;;06.992.833/0001-62;;;;;;;;;;FSA;178000.0;247810.53;2018;0.0
B1800607800000;NA REDE BR;2018;PRODAV 02 - PROJETO DERIVADO;_tv_excluir;0.0;0.0;83531.64;60000;0.0;0.2723;0.0;0.0;0;0.0;0;0;0;0.0;0;0.0;;;13.740.305/0001-81;;;;;;;;;;FSA;206260.0;306710.89;2018;0.0
B1800555800000;OFÍCIO DA PALAVRA - 2ª TEMPORADA;2018;PRODAV 02 - PROJETO DERIVADO;_tv_excluir;0.0;0.0;83531.64;60000;0.0;0.2004;0.0;0.0;0;0.0;0;0;0;0.0;0;;;;04.547.429/0001-54;;;;;;;;;;FSA;263700.0;416789.45;2018;0.0
B1800610600000;ORIGENS;2018;PRODAV 02 - PROJETO DERIVADO;_tv_excluir;0.0;0.0;83531.64;60000;0.0;0.7141;0.0;0.0;0;0.0;0;0;0;3.864;2;;;;10.613.589/0001-57;;;;;;;;;;FSA;78664.52;116975.01;2018;0.0
B1800610600000;ORIGENS;2018;PRODAV 02 - PROJETO DERIVADO;_tv_excluir;0.0;0.0;83531.64;60000;0.0;0.7141;0.0;0.0;0;0.0;0;0;0;3.864;2;;;;10.613.589/0001-57;;;;;;;;;;RENUNCIA_OUTROS;952132.0;1325552.46;2018;0.0
B1800134500000;OUTRO SOM - 2ª TEMPORADA;2018;PRODAV 02 - PROJETO DERIVADO;_tv_excluir;0.0;0.0;83531.64;60000;0.0;0.5435;0.0;0.0;0;0.0;0;0;0;0.0;0;0.0;;;04.864.360/0001-92;;;;;;;;;;FSA;106400.0;153684.27;2018;0.0
B1800608600000;PROFUNDO SCUBA DIVING 3ª TEMPORADA;2018;PRODAV 02 - PROJETO DERIVADO;_tv_excluir;0.0;0.0;83531.64;60000;0.0;0.192;0.0;0.0;0;0.0;0;0;0;0.0;0;;;;01.287.908/0001-90;;;;;;;;;;FSA;292500.0;434950.72;2018;0.0
B1800546400000;PROIBIDO PARA MAIORES - A SÉRIE;2018;PRODAV 02 - PROJETO DERIVADO;_tv_excluir;0.0;0.0;83531.64;60000;0.0;0.1055;0.0;0.0;0;0.0;0;0;0;2.3;1;0.0;;;12.667.775/0001-02;;;;;;;;;;FSA;568685.0;791719.84;2018;0.0
B1800166100000;REPÚBLICA DA POESIA;2018;PRODAV 02 - PROJETO DERIVADO;_tv_excluir;0.0;0.0;83531.64;60000;0.0;0.0851;0.0;0.0;0;0.0;0;0;0;0.0;0;0.0;;;19.388.280/0001-85;;;;;;;;;;FSA;660000.0;981427.26;2018;0.0
B1900054700000;ROTAS SUSTENTÁVEIS - NORDESTE;2018;PRODAV 02 - PROJETO DERIVADO;_tv_excluir;0.0;0.0;167063.28;120000;0.0;0.16;0.0;0.0;0;0.0;0;0;0;0.0;0;;;;02.175.084/0001-20;;;;;;;;;;FSA;750120.0;1044312.56;2018;0.0
B1800217200000;TURMA 5B;2018;PRODAV 02 - PROJETO DERIVADO;_tv_excluir;0.0;0.0;111375.52;80000;0.0;0.1152;0.0;0.0;0;0.0;0;0;0;0.0;0;;;;90.130.634/0001-51;;;;;;;;;;FSA;650000.0;966557.15;2018;0.0
B2000108600000;A NOSSA BANDEIRA JAMAIS SERÁ VERMELHA;2019;PRODAV 02 - PROJETO DERIVADO;_tv_excluir;0.0;0.0;80080.2;60000;0.0;0.2463;0.0;0.0;0;0.0;0;0;0;0.0;0;;;;24.495.620/0001-07;;;;;;;;;;FSA;233586.67;325197.96;2019;0.0
B1900247400000;A VIDA NAS BACIAS HIDROGRÁFICAS DA REGIÃO SUDESTE;2019;PRODAV 02 - PROJETO DERIVADO;_tv_excluir;0.0;0.0;80080.2;60000;0.0;0.1562;0.0;0.0;0;0.0;0;0;0;3.2;1;;;;01.287.908/0001-90;;;;;;;;;;FSA;355000.0;512762.36;2019;0.0
B2000107100000;AMAZON FASHION;2019;PRODAV 02 - PROJETO DERIVADO;_tv_excluir;0.0;0.0;160160.4;120000;0.0;0.2191;0.0;0.0;0;0.0;0;0;0;0.0;0;;;;05.064.901/0001-60;;;;;;;;;;FSA;525000.0;730901.85;2019;0.0
B1900180200000;AO VIVO NO SOMA;2019;PRODAV 02 - PROJETO DERIVADO;_tv_excluir;0.0;0.0;80080.2;60000;0.0;0.1952;0.0;0.0;0;0.0;0;0;0;4.3;1;;;;04.716.920/0001-61;;;;;;;;;;FSA;284000.0;410209.88;2019;0.0
B1900584400000;AQUARELA MUSICAL;2019;PRODAV 02 - PROJETO DERIVADO;_tv_excluir;0.0;0.0;80080.2;60000;0.0;0.1917;0.0;0.0;0;0.0;0;0;0;0.0;0;;;;13.827.942/0001-90;;;;;;;;;;FSA;300000.0;417658.2;2019;0.0
B1900588100000;BANALIDADE DO MAL;2019;PRODAV 02 - PROJETO DERIVADO;_tv_excluir;0.0;0.0;80080.2;60000;0.0;0.1232;0.0;0.0;0;0.0;0;0;0;3.802;2;0.0;;;13.072.702/0001-22;;;;;;;;;;FSA;450000.0;649980.45;2019;0.0
B1900420500000;CENÁRIOS FUTUROS;2019;PRODAV 02 - PROJETO DERIVADO;_tv_excluir;0.0;0.0;80080.2;60000;0.0;0.086;0.0;0.0;0;0.0;0;0;0;0.0;0;;;;09.243.525/0001-22;;;;;;;;;;FSA;645000.0;931638.65;2019;0.0
B1900323700000;CURTA O SOM - 2ª TEMPORADA;2019;PRODAV 02 - PROJETO DERIVADO;_tv_excluir;0.0;0.0;80080.2;60000;0.0;0.4821;0.0;0.0;0;0.0;0;0;0;0.0;0;;;;06.223.418/0001-44;;;;;;;;;;FSA;115000.0;166106.12;2019;0.0
B1900352900000;DA NASCENTE À FOZ;2019;PRODAV 02 - PROJETO DERIVADO;_tv_excluir;0.0;0.0;160160.4;120000;0.0;0.2013;0.0;0.0;0;0.0;0;0;0;0.0;0;;;;12.106.692/0001-36;;;;;;;;;;FSA;571410.0;795513.57;2019;0.0
B2000205400000;ENTRE VOOS E CAMINHADAS;2019;PRODAV 02 - PROJETO DERIVADO;_tv_excluir;0.0;0.0;373707.6;280000;0.0;0.4549;0.0;0.0;0;0.0;0;0;0;0.0;0;0.0;;;09.719.793/0001-78;;;;;;;;;;FSA;615458.02;821433.36;2019;0.0
B1900344400000;EU, PRESO;2019;PRODAV 02 - PROJETO DERIVADO;_tv_excluir;0.0;0.0;80080.2;60000;0.0;0.1438;0.0;0.0;0;0.0;0;0;0;0.0;0;;;;04.650.621/0001-71;;;;;;;;;;FSA;399960.0;556821.91;2019;0.0
B1900542100000;GUAÍBA, ONDE AS ÁGUAS SE ENCONTRAM;2019;PRODAV 02 - PROJETO DERIVADO;_tv_excluir;0.0;0.0;80080.2;60000;0.0;0.086;0.0;0.0;0;0.0;0;0;0;0.0;0;;;;17.767.631/0001-33;;;;;;;;;;FSA;645000.0;931638.65;2019;0.0
B2100281700000;JACARILDO E A NATUREZA;2019;PRODAV 02 - PROJETO DERIVADO;_tv_excluir;0.0;0.0;0.0;0;0.0;0.0;0.0;0.0;0;0.0;0;0;0;0.0;0;;;;69.055.812/0001-30;;;;;;;;;;FSA;1716000.0;2389004.9;2019;0.0
B1900248100000;JUNTOS;2019;PRODAV 02 - PROJETO DERIVADO;_tv_excluir;0.0;0.0;80080.2;60000;0.0;0.1377;0.0;0.0;0;0.0;0;0;0;3.612;2;;;;01.282.220/0001-18;;;;;;;;;;FSA;417707.0;581529.18;2019;0.0
B1900248100000;JUNTOS;2019;PRODAV 02 - PROJETO DERIVADO;_tv_excluir;0.0;0.0;80080.2;60000;0.0;0.1377;0.0;0.0;0;0.0;0;0;0;3.612;2;;;;01.282.220/0001-18;;;;;;;;;;RENUNCIA_ART3;2768951.61;3695636.65;2019;0.0
B1900248100000;JUNTOS;2019;PRODAV 02 - PROJETO DERIVADO;_tv_excluir;0.0;0.0;80080.2;60000;0.0;0.1377;0.0;0.0;0;0.0;0;0;0;3.612;2;;;;01.282.220/0001-18;;;;;;;;;;RENUNCIA_OUTROS;3998335.0;5336457.77;2019;0.0
B1900128100000;LIBERTO;2019;PRODAV 02 - PROJETO DERIVADO;_tv_excluir;0.0;0.0;80080.2;60000;0.0;0.0924;0.0;0.0;0;0.0;0;0;0;0.0;0;;;;07.842.589/0001-14;;;;;;;;;;FSA;600000.0;866640.6;2019;0.0
B1900089200000;LÁ EM CASA SESSIONS- 2°TEMPORADA;2019;PRODAV 02 - PROJETO DERIVADO;_tv_excluir;0.0;0.0;80080.2;60000;0.0;0.3465;0.0;0.0;0;0.0;0;0;0;0.0;0;;;;21.082.017/0001-05;;;;;;;;;;FSA;160000.0;231104.16;2019;0.0
B1900095200000;MISTER HAZZY;2019;PRODAV 02 - PROJETO DERIVADO;_tv_excluir;0.0;0.0;80080.2;60000;0.0;0.2023;0.0;0.0;0;0.0;0;0;0;0.0;0;0.0;;;01.541.247/0001-88;;;;;;;;;;FSA;274030.0;395809.21;2019;0.0
B1900343800000;O RIO FEITICEIRO;2019;PRODAV 02 - PROJETO DERIVADO;_tv_excluir;0.0;0.0;80080.2;60000;0.0;0.3595;0.0;0.0;0;0.0;0;0;0;4.225;2;0.0;;;01.374.871/0001-38;;;;;;;;;;FSA;160000.0;222751.04;2019;0.0
B1900343800000;O RIO FEITICEIRO;2019;PRODAV 02 - PROJETO DERIVADO;_tv_excluir;0.0;0.0;80080.2;60000;0.0;0.3595;0.0;0.0;0;0.0;0;0;0;4.225;2;0.0;;;01.374.871/0001-38;;;;;;;;;;RENUNCIA_OUTROS;15000.0;20020.05;2019;0.0
B1900083900000;ON THE ROD;2019;PRODAV 02 - PROJETO DERIVADO;_tv_excluir;0.0;0.0;80080.2;60000;0.0;0.1131;0.0;0.0;0;0.0;0;0;0;0.0;0;0.0;;;01.541.247/0001-88;;;;;;;;;;FSA;490000.0;707756.49;2019;0.0
B1900291200000;PARALELO 30;2019;PRODAV 02 - PROJETO DERIVADO;_tv_excluir;0.0;0.0;80080.2;60000;0.0;0.1005;0.0;0.0;0;0.0;0;0;0;0.0;0;;;;04.980.287/0001-14;;;;;;;;;;FSA;551591.0;796718.59;2019;0.0
B1900337300000;PASSARINHAS MULHERES INSPIRADORAS;2019;PRODAV 02 - PROJETO DERIVADO;_tv_excluir;0.0;0.0;160160.4;120000;0.0;0.3354;0.0;0.0;0;0.0;0;0;0;0.0;0;1.0;0.0;;14.989.694/0001-46;;;;;;;;;;FSA;342972.8;477484.67;2019;0.0
B1900247800000;PELA FECHADURA;2019;PRODAV 02 - PROJETO DERIVADO;_tv_excluir;0.0;0.0;80080.2;60000;0.0;0.0969;0.0;0.0;0;0.0;0;0;0;0.0;0;0.0;;;17.713.833/0001-00;;;;;;;;;;FSA;555553.02;826113.45;2019;0.0
B1900405700000;RECONSTRUÇÕES;2019;PRODAV 02 - PROJETO DERIVADO;_tv_excluir;0.0;0.0;160160.4;120000;0.0;0.4609;0.0;0.0;0;0.0;0;0;0;0.0;0;;;;27.338.929/0001-81;;;;;;;;;;FSA;249588.0;347474.92;2019;0.0
B1900421000000;RÁDIO ZOO;2019;PRODAV 02 - PROJETO DERIVADO;_tv_excluir;0.0;0.0;80080.2;60000;0.0;0.0428;0.0;0.0;0;0.0;0;0;0;0.0;0;;;;09.012.841/0001-93;;;;;;;;;;FSA;1344272.67;1871488.35;2019;0.0
B1900478800000;SEMENTES DO AMANHÃ;2019;PRODAV 02 - PROJETO DERIVADO;_tv_excluir;0.0;0.0;160160.4;120000;0.0;0.1769;0.0;0.0;0;0.0;0;0;0;4.193;2;;;;08.267.476/0001-03;;;;;;;;;;FSA;650140.0;905121.01;2019;0.0
B1900035800000;SÉRIE MAR DE HISTÓRIAS;2019;PRODAV 02 - PROJETO DERIVADO;_tv_excluir;0.0;0.0;80080.2;60000;0.0;0.093;0.0;0.0;0;0.0;0;0;0;3.7;1;0.0;;;91.974.634/0001-09;;;;;;;;;;FSA;645000.0;860862.15;2019;0.0
B1900152800000;TESOUROS DO TAPAJÓS;2019;PRODAV 02 - PROJETO DERIVADO;_tv_excluir;0.0;0.0;80080.2;60000;0.0;0.1352;0.0;0.0;0;0.0;0;0;0;0.0;0;;;;09.019.897/0001-70;;;;;;;;;;FSA;410000.0;592204.41;2019;0.0
B1900166800000;ZUZA, O HOMEM DE JAZZ;2019;PRODAV 02 - PROJETO DERIVADO;_tv_excluir;0.0;0.0;80080.2;60000;0.0;0.0959;0.0;0.0;0;0.0;0;0;0;4.3;1;;;;06.900.652/0001-69;;;;;;;;;;FSA;600000.0;835316.4;2019;0.0
B2000338200000;A BÊNÇÃO;2020;PRODAV 02 - PROJETO DERIVADO;_tv_excluir;0.0;0.0;76617.12;60000;0.0;0.022;0.0;0.0;0;0.0;0;0;0;0.0;0;2.0;0.0;;11.384.969/0001-20;;;;;;;;;;FSA;2500000.0;3480485.0;2020;0.0
B2000069400000;A MÃE DE TODAS AS LUTAS;2020;PRODAV 02 - PROJETO DERIVADO;_tv_excluir;0.0;0.0;76617.12;60000;0.0;0.0734;0.0;0.0;0;0.0;0;0;0;3.5;1;;;;06.992.833/0001-62;;;;;;;;;;FSA;750000.0;1044145.5;2020;0.0
B2000069400000;A MÃE DE TODAS AS LUTAS;2020;PRODAV 02 - PROJETO DERIVADO;_tv_excluir;0.0;0.0;76617.12;60000;0.0;0.0734;0.0;0.0;0;0.0;0;0;0;3.5;1;;;;06.992.833/0001-62;;;;;;;;;;RENUNCIA_OUTROS;3980000.0;5082268.96;2020;0.0
B2000264800000;AMÉLIO, O HOMEM DE VERDADE;2020;PRODAV 02 - PROJETO DERIVADO;_tv_excluir;0.0;0.0;76617.12;60000;0.0;0.0524;0.0;0.0;0;0.0;0;0;0;4.3;1;;;;04.980.287/0001-14;;;;;;;;;;FSA;1050000.0;1461803.7;2020;0.0
B2000064800000;BAHIA DE FÉ;2020;PRODAV 02 - PROJETO DERIVADO;_tv_excluir;0.0;0.0;102156.16;80000;0.0;0.1963;0.0;0.0;0;0.0;0;0;0;3.733;1;;;;40.530.917/0001-12;;;;;;;;;;FSA;390000.0;520521.3;2020;0.0
B2000064800000;BAHIA DE FÉ;2020;PRODAV 02 - PROJETO DERIVADO;_tv_excluir;0.0;0.0;102156.16;80000;0.0;0.1963;0.0;0.0;0;0.0;0;0;0;3.733;1;;;;40.530.917/0001-12;;;;;;;;;;RENUNCIA_OUTROS;558412.0;713065.32;2020;0.0
B2000139000000;BANQUETE COUTINHO;2020;PRODAV 02 - PROJETO DERIVADO;_tv_excluir;0.0;0.0;76617.12;60000;0.0;0.0926;0.0;0.0;0;0.0;0;0;0;0.0;0;;;;00.205.194/0001-61;;;;;;;;;;FSA;594000.0;826963.24;2020;0.0
B2000437800000;BLINK;2020;PRODAV 02 - PROJETO DERIVADO;_tv_excluir;0.0;0.0;76617.12;60000;0.0;0.0997;0.0;0.0;0;0.0;0;0;0;0.0;0;;;;30.120.265/0001-94;;;;;;;;;;FSA;552000.0;768491.09;2020;0.0
B2000028000000;BRASIL JOIADO;2020;PRODAV 02 - PROJETO DERIVADO;_tv_excluir;0.0;0.0;76617.12;60000;0.0;0.0545;0.0;0.0;0;0.0;0;0;0;0.0;0;;;;11.581.901/0001-30;;;;;;;;;;FSA;972400.0;1404535.53;2020;0.0
B2000413400000;CANTOS DE TRABALHO: BOIS, BATAS E CANTIGAS;2020;PRODAV 02 - PROJETO DERIVADO;_tv_excluir;0.0;0.0;102156.16;80000;0.0;0.3687;0.0;0.0;0;0.0;0;0;0;3.683;2;1.0;6.0;;22.751.296/0001-15;;;;;;;;;;FSA;207611.1;277092.31;2020;0.0
B2000099000000;COMIDA AQUI É MATO!;2020;PRODAV 02 - PROJETO DERIVADO;_tv_excluir;0.0;0.0;102156.16;80000;0.0;0.1873;0.0;0.0;0;0.0;0;0;0;4.03;2;;;;14.800.264/0001-34;;;;;;;;;;FSA;408683.0;545456.94;2020;0.0
B2000240200000;CRÍTICA;2020;PRODAV 02 - PROJETO DERIVADO;_tv_excluir;0.0;0.0;76617.12;60000;0.0;0.0917;0.0;0.0;0;0.0;0;0;0;0.0;0;;;;05.270.790/0001-49;;;;;;;;;;FSA;600000.0;835316.4;2020;0.0
B2000112200000;DIGA MEU NOME;2020;PRODAV 02 - PROJETO DERIVADO;_tv_excluir;0.0;0.0;76617.12;60000;0.0;0.1376;0.0;0.0;0;0.0;0;0;0;3.857;2;;;;21.042.570/0001-14;;;;;;;;;;FSA;399982.0;556852.54;2020;0.0
B2000452700000;DORIVANDO SARAVÁ;2020;PRODAV 02 - PROJETO DERIVADO;_tv_excluir;0.0;0.0;153234.24;120000;0.0;0.1834;0.0;0.0;0;0.0;0;0;0;0.0;0;;;;10.281.460/0001-99;;;;;;;;;;FSA;600000.0;835316.4;2020;0.0
B2000201800000;EM BUSCA DE KARDEC;2020;PRODAV 02 - PROJETO DERIVADO;_tv_excluir;0.0;0.0;178773.28;140000;0.0;0.2854;0.0;0.0;0;0.0;0;0;0;3.8;1;;;;11.280.934/0001-40;;;;;;;;;;FSA;449979.2;626458.34;2020;0.0
B2000201800000;EM BUSCA DE KARDEC;2020;PRODAV 02 - PROJETO DERIVADO;_tv_excluir;0.0;0.0;178773.28;140000;0.0;0.2854;0.0;0.0;0;0.0;0;0;0;3.8;1;;;;11.280.934/0001-40;;;;;;;;;;RENUNCIA_ART3;3000000.0;3830856.0;2020;0.0
B2000144800000;FAMÍLIA PEREIRA;2020;PRODAV 02 - PROJETO DERIVADO;_tv_excluir;0.0;0.0;0.0;0;0.0;0.0;0.0;0.0;0;0.0;0;0;0;3.656;1;1.0;0.0;;14.853.467/0001-99;;;;;;;;;;FSA;732890.0;1058587.05;2020;0.0
B2000204400000;FASHION CLICK 2;2020;PRODAV 02 - PROJETO DERIVADO;_tv_excluir;0.0;0.0;76617.12;60000;0.0;0.1223;0.0;0.0;0;0.0;0;0;0;4.138;2;0.0;;;11.280.934/0001-40;;;;;;;;;;FSA;449887.9;626331.24;2020;0.0
B2000326100000;MEMÓRIAS EM MOVIMENTO;2020;PRODAV 02 - PROJETO DERIVADO;_tv_excluir;0.0;0.0;76617.12;60000;0.0;0.1834;0.0;0.0;0;0.0;0;0;0;0.0;0;;;;03.048.443/0001-40;;;;;;;;;;FSA;300000.0;417658.2;2020;0.0
B2000060400000;MERGULHANDO;2020;PRODAV 02 - PROJETO DERIVADO;_tv_excluir;0.0;0.0;76617.12;60000;0.0;0.1294;0.0;0.0;0;0.0;0;0;0;0.0;0;;;;01.246.684/0001-79;;;;;;;;;;FSA;410000.0;592204.41;2020;0.0
B2000100700000;MOVIMENTOS DO INVISÍVEL;2020;PRODAV 02 - PROJETO DERIVADO;_tv_excluir;0.0;0.0;76617.12;60000;0.0;0.1171;0.0;0.0;0;0.0;0;0;0;2.9;1;;;;02.972.707/0001-95;;;;;;;;;;FSA;470000.0;654331.18;2020;0.0
B2000284700000;NA ILHA;2020;PRODAV 02 - PROJETO DERIVADO;_tv_excluir;0.0;0.0;76617.12;60000;0.0;0.1543;0.0;0.0;0;0.0;0;0;0;3.548;2;;;;09.230.926/0001-48;;;;;;;;;;FSA;356600.0;496456.38;2020;0.0
B2000340300000;NEY À FLOR DA PELE;2020;PRODAV 02 - PROJETO DERIVADO;_tv_excluir;0.0;0.0;76617.12;60000;0.0;0.1101;0.0;0.0;0;0.0;0;0;0;3.985;2;0.0;;;18.572.922/0001-39;;;;;;;;;;FSA;500000.0;696097.0;2020;0.0
B2000127100000;NÓS, OS FASHIONISTAS - 2ª TEMPORADA;2020;PRODAV 02 - PROJETO DERIVADO;_tv_excluir;0.0;0.0;76617.12;60000;0.0;0.1048;0.0;0.0;0;0.0;0;0;0;3.6;1;;;;06.992.833/0001-62;;;;;;;;;;FSA;525000.0;730901.85;2020;0.0
B2000332600000;O COMPLEXO;2020;PRODAV 02 - PROJETO DERIVADO;_tv_excluir;0.0;0.0;76617.12;60000;0.0;0.0383;0.0;0.0;0;0.0;0;0;0;0.0;0;;;;11.862.908/0001-20;;;;;;;;;;FSA;1438000.0;2001974.97;2020;0.0
B2000495500000;OFÍCIOS EM EXTINÇÃO;2020;PRODAV 02 - PROJETO DERIVADO;_tv_excluir;0.0;0.0;76617.12;60000;0.0;0.1565;0.0;0.0;0;0.0;0;0;0;3.441;2;;;;12.935.850/0001-60;;;;;;;;;;FSA;339000.0;489651.94;2020;0.0
B2000406100000;OPERAÇÃO CAMANDUCAIA;2020;PRODAV 02 - PROJETO DERIVADO;_tv_excluir;0.0;0.0;76617.12;60000;0.0;0.2502;0.0;0.0;0;0.0;0;0;0;0.0;0;;;;10.638.697/0001-84;;;;;;;;;;FSA;220000.0;306282.68;2020;0.0
B2000184400000;QUANTOS CABEM?;2020;PRODAV 02 - PROJETO DERIVADO;_tv_excluir;0.0;0.0;76617.12;60000;0.0;0.1331;0.0;0.0;0;0.0;0;0;0;0.0;0;1.0;36.0;;00.360.459/0001-04;;;;;;;;;;FSA;413490.0;575658.3;2020;0.0
B2000459200000;QUEM FOI SEU MESTRE? 2º TEMPORADA;2020;PRODAV 02 - PROJETO DERIVADO;_tv_excluir;0.0;0.0;102156.16;80000;0.0;0.1963;0.0;0.0;0;0.0;0;0;0;0.0;0;0.0;;;96.713.128/0001-71;;;;;;;;;;FSA;390000.0;520521.3;2020;0.0
B2000268600000;ROBERTINHO DE RECIFE?ROBERTINHO DO MUNDO!!!;2020;PRODAV 02 - PROJETO DERIVADO;_tv_excluir;0.0;0.0;76617.12;60000;0.0;0.1063;0.0;0.0;0;0.0;0;0;0;3.9;1;1.0;0.0;;24.979.771/0001-30;;;;;;;;;;FSA;564688.8;721080.49;2020;0.0
B2000200900000;ROTA DO VINIL;2020;PRODAV 02 - PROJETO DERIVADO;_tv_excluir;0.0;0.0;76617.12;60000;0.0;0.5718;0.0;0.0;0;0.0;0;0;0;0.0;0;;;;06.223.418/0001-44;;;;;;;;;;FSA;92760.0;133982.64;2020;0.0
B2000200100000;SAGRADOS E PROFANOS;2020;PRODAV 02 - PROJETO DERIVADO;_tv_excluir;0.0;0.0;76617.12;60000;0.0;0.1048;0.0;0.0;0;0.0;0;0;0;0.0;0;;;;08.267.476/0001-03;;;;;;;;;;FSA;525000.0;730901.85;2020;0.0
B2000173300000;UM LUGAR PARA SENTIR;2020;PRODAV 02 - PROJETO DERIVADO;_tv_excluir;0.0;0.0;0.0;0;0.0;0.0;0.0;0.0;0;0.0;0;0;0;0.0;0;;;;04.791.421/0001-39;;;;;;;;;;FSA;800000.0;1155520.8;2020;0.0
B1900526700000;ÁGUA DE PLANTAR;2020;PRODAV 02 - PROJETO DERIVADO;_tv_excluir;0.0;0.0;153234.24;120000;0.0;0.0917;0.0;0.0;0;0.0;0;0;0;0.0;0;7.0;0.0;;09.207.344/0001-40;;;;;;;;;;FSA;1200000.0;1670632.8;2020;0.0
B2100058600000;A CRIANÇA QUE EXISTE EM VOCÊ;2021;PRODAV 02 - PROJETO DERIVADO;_tv_excluir;0.0;0.0;92818.56;80000;0.0;0.3343;0.0;0.0;0;0.0;0;0;0;0.0;0;;;;20.148.736/0001-19;;;;;;;;;;FSA;208000.0;277611.36;2021;0.0
B2100313500000;A MENINA DE OURO;2021;PRODAV 02 - PROJETO DERIVADO;_tv_excluir;0.0;0.0;92818.56;80000;0.0;0.3343;0.0;0.0;0;0.0;0;0;0;4.29;1;1.0;0.0;;00.845.658/0001-02;;;;;;;;;;FSA;208000.0;277611.36;2021;0.0
B2100332000000;ACORDA, AMOR;2021;PRODAV 02 - PROJETO DERIVADO;_tv_excluir;0.0;0.0;69613.92;60000;0.0;0.1042;0.0;0.0;0;0.0;0;0;0;4.3;1;;;;03.545.965/0001-58;;;;;;;;;;FSA;480000.0;668253.12;2021;0.0
B2100332000000;ACORDA, AMOR;2021;PRODAV 02 - PROJETO DERIVADO;_tv_excluir;0.0;0.0;69613.92;60000;0.0;0.1042;0.0;0.0;0;0.0;0;0;0;4.3;1;;;;03.545.965/0001-58;;;;;;;;;;RENUNCIA_OUTROS;940000.0;1090618.08;2021;0.0
B2300013200000;ALBA E OS FANTASMAS;2021;PRODAV 02 - PROJETO DERIVADO;_tv_excluir;0.0;0.0;417683.52;360000;0.0;1.0;0.0;0.0;0;0.0;0;0;0;4.133;2;;;;04.260.031/0001-32;;;;;;;;;;FSA;360000.0;417683.52;2021;0.0
B2100479300000;AMOR À QUEIMA ROUPA;2021;PRODAV 02 - PROJETO DERIVADO;_tv_excluir;0.0;0.0;69613.92;60000;0.0;0.1333;0.0;0.0;0;0.0;0;0;0;4.3;1;0.0;;;06.842.017/0001-72;;;;;;;;;;FSA;375000.0;522072.75;2021;0.0
B2100479300000;AMOR À QUEIMA ROUPA;2021;PRODAV 02 - PROJETO DERIVADO;_tv_excluir;0.0;0.0;69613.92;60000;0.0;0.1333;0.0;0.0;0;0.0;0;0;0;4.3;1;0.0;;;06.842.017/0001-72;;;;;;;;;;RENUNCIA_OUTROS;940000.0;1090618.08;2021;0.0
B2100366200000;BALACLAVA;2021;PRODAV 02 - PROJETO DERIVADO;_tv_excluir;0.0;0.0;69613.92;60000;0.0;0.0455;0.0;0.0;0;0.0;0;0;0;0.0;0;;;;03.958.889/0001-02;;;;;;;;;;FSA;1100000.0;1531413.4;2021;0.0
B2100217400000;BRASIL DE TODOS OS RITMOS;2021;PRODAV 02 - PROJETO DERIVADO;_tv_excluir;0.0;0.0;69613.92;60000;0.0;0.138;0.0;0.0;0;0.0;0;0;0;3.89;2;1.0;0.0;;02.521.216/0001-28;;;;;;;;;;FSA;362329.0;504432.26;2021;0.0
B2100120800000;BRASIL TUPINAMBÁ;2021;PRODAV 02 - PROJETO DERIVADO;_tv_excluir;0.0;0.0;92818.56;80000;0.0;0.366;0.0;0.0;0;0.0;0;0;0;0.0;0;0.0;;;10.638.697/0001-84;;;;;;;;;;FSA;190000.0;253587.3;2021;0.0
B2100460500000;DANIEL SENISE - NEM TUDO TEM QUE SER SOBRE ALGUMA COISA.;2021;PRODAV 02 - PROJETO DERIVADO;_tv_excluir;0.0;0.0;69613.92;60000;0.0;0.2899;0.0;0.0;0;0.0;0;0;0;3.3;1;0.0;;;27.527.464/0001-07;;;;;;;;;;FSA;172500.0;240153.46;2021;0.0
B2100227200000;DOIS TEMPOS;2021;PRODAV 02 - PROJETO DERIVADO;_tv_excluir;0.0;0.0;69613.92;60000;0.0;0.1111;0.0;0.0;0;0.0;0;0;0;3.775;1;;;;13.510.088/0001-33;;;;;;;;;;FSA;450000.0;626487.3;2021;0.0
B2100227200000;DOIS TEMPOS;2021;PRODAV 02 - PROJETO DERIVADO;_tv_excluir;0.0;0.0;69613.92;60000;0.0;0.1111;0.0;0.0;0;0.0;0;0;0;3.775;1;;;;13.510.088/0001-33;;;;;;;;;;RENUNCIA_OUTROS;62100.0;72050.41;2021;0.0
B2100080600000;DONAS DO BABA;2021;PRODAV 02 - PROJETO DERIVADO;_tv_excluir;0.0;0.0;92818.56;80000;0.0;0.1783;0.0;0.0;0;0.0;0;0;0;0.0;0;;;;03.958.889/0001-02;;;;;;;;;;FSA;390000.0;520521.3;2021;0.0
B2100256400000;ENCANTARIAS;2021;PRODAV 02 - PROJETO DERIVADO;_tv_excluir;0.0;0.0;69613.92;60000;0.0;0.1678;0.0;0.0;0;0.0;0;0;0;0.0;0;;;;02.066.541/0001-48;;;;;;;;;;FSA;297907.17;414744.57;2021;0.0
B2100115100000;EU NÃO ANDO SÓ;2021;PRODAV 02 - PROJETO DERIVADO;_tv_excluir;0.0;0.0;69613.92;60000;0.0;0.2521;0.0;0.0;0;0.0;0;0;0;0.0;0;;;Rotterdam;13.650.474/0001-20;;;;;;;;;;FSA;206900.0;276143.22;2021;0.0
B2100417500000;JUNHO DE 2013 - O COMEÇO DO AVESSO;2021;PRODAV 02 - PROJETO DERIVADO;_tv_excluir;0.0;0.0;69613.92;60000;0.0;0.1191;0.0;0.0;0;0.0;0;0;0;0.0;0;3.0;0.0;;01.009.824/0001-95;;;;;;;;;;FSA;420000.0;584721.48;2021;0.0
B2100015200000;NATUREZA FEMININA;2021;PRODAV 02 - PROJETO DERIVADO;_tv_excluir;0.0;0.0;232046.4;200000;0.0;0.2222;0.0;0.0;0;0.0;0;0;0;0.0;0;3.0;0.0;;18.023.882/0001-76;;;;;;;;;;FSA;750000.0;1044145.5;2021;0.0
B2100219100000;NINGUÉNS;2021;PRODAV 02 - PROJETO DERIVADO;_tv_excluir;0.0;0.0;92818.56;80000;0.0;0.1783;0.0;0.0;0;0.0;0;0;0;0.0;0;3.0;3.0;;07.152.787/0001-56;;;;;;;;;;FSA;390000.0;520521.3;2021;0.0
B2100335300000;O HOTEL SILVESTRE DE ANAFLOR;2021;PRODAV 02 - PROJETO DERIVADO;_tv_excluir;0.0;0.0;69613.92;60000;0.0;0.0555;0.0;0.0;0;0.0;0;0;0;0.0;0;0.0;;;02.683.477/0001-44;;;;;;;;;;FSA;1081000.0;1254210.79;2021;0.0
B2100335600000;ONDE ESTÁ O CINEMA BRASILEIRO;2021;PRODAV 02 - PROJETO DERIVADO;_tv_excluir;0.0;0.0;69613.92;60000;0.0;0.1667;0.0;0.0;0;0.0;0;0;0;4.1;1;0.0;;;02.066.541/0001-48;;;;;;;;;;FSA;300000.0;417658.2;2021;0.0
B2100219200000;PAULO CÉSAR PINHEIRO - LETRA E ALMA;2021;PRODAV 02 - PROJETO DERIVADO;_tv_excluir;0.0;0.0;69613.92;60000;0.0;0.1;0.0;0.0;0;0.0;0;0;0;4.003;2;1.0;0.0;;09.260.004/0001-83;;;;;;;;;;FSA;500000.0;696097.0;2021;0.0
B2100267900000;PLURAL;2021;PRODAV 02 - PROJETO DERIVADO;_tv_excluir;0.0;0.0;69613.92;60000;0.0;0.0858;0.0;0.0;0;0.0;0;0;0;0.0;0;;;;05.270.790/0001-49;;;;;;;;;;FSA;583000.0;811649.1;2021;0.0
B2100267900000;PLURAL;2021;PRODAV 02 - PROJETO DERIVADO;_tv_excluir;0.0;0.0;69613.92;60000;0.0;0.0858;0.0;0.0;0;0.0;0;0;0;0.0;0;;;;05.270.790/0001-49;;;;;;;;;;RENUNCIA_OUTROS;360000.0;417683.52;2021;0.0
B2100423400000;PUNGA;2021;PRODAV 02 - PROJETO DERIVADO;_tv_excluir;0.0;0.0;0.0;0;0.0;0.0;0.0;0.0;0;0.0;0;0;0;0.0;0;;;;03.553.092/0001-25;;;;;;;;;;FSA;1499774.0;2087976.36;2021;0.0
B2100324200000;ROD LIVRE;2021;PRODAV 02 - PROJETO DERIVADO;_tv_excluir;0.0;0.0;69613.92;60000;0.0;0.1306;0.0;0.0;0;0.0;0;0;0;4.1;1;;;;10.780.165/0001-87;;;;;;;;;;FSA;383000.0;533210.3;2021;0.0
B2100160900000;RODA DE CHORO;2021;PRODAV 02 - PROJETO DERIVADO;_tv_excluir;0.0;0.0;69613.92;60000;0.0;0.0748;0.0;0.0;0;0.0;0;0;0;0.0;0;;;;03.493.590/0001-20;;;;;;;;;;FSA;668500.0;930681.69;2021;0.0
B2300529000000;SR. JOSÉ RAMALHO;2021;PRODAV 02 - PROJETO DERIVADO;_tv_excluir;0.0;0.0;69613.92;60000;0.0;0.1079;0.0;0.0;0;0.0;0;0;0;0.0;0;5.0;7.0;;14.234.013/0001-30;;;;;;;;;;FSA;555900.0;644972.97;2021;0.0
B2100366300000;SUBTERRÂNEA;2021;PRODAV 02 - PROJETO DERIVADO;_tv_excluir;0.0;0.0;69613.92;60000;0.0;0.1169;0.0;0.0;0;0.0;0;0;0;0.0;0;;;;23.148.018/0001-30;;;;;;;;;;FSA;427669.0;595398.22;2021;0.0
B2100125800000;TERRAS QUE LIBERTAM - HISTÓRIAS DOS CUPERTINOS;2021;PRODAV 02 - PROJETO DERIVADO;_tv_excluir;0.0;0.0;92818.56;80000;0.0;0.3347;0.0;0.0;0;0.0;0;0;0;0.0;0;0.0;;;23.150.369/0001-86;;;;;;;;;;FSA;207790.0;277331.08;2021;0.0
B2200498900000;50 ANOS EM CENA;2022;PRODAV 02 - PROJETO DERIVADO;_tv_excluir;0.0;0.0;87738.48;80000;0.0;0.316;0.0;0.0;0;0.0;0;0;0;4.058;2;;;;25.278.158/0001-59;;;;;;;;;;FSA;208000.0;277611.36;2022;0.0
B2200040900000;A TERCEIRA ERA DO ESPIRITO SANTO: A FÉ, A FESTA E A UTOPIA;2022;PRODAV 02 - PROJETO DERIVADO;_tv_excluir;0.0;0.0;65803.86;60000;0.0;0.0498;0.0;0.0;0;0.0;0;0;0;4.193;2;0.0;;;10.505.568/0001-18;;;;;;;;;;FSA;950000.0;1322584.3;2022;0.0
B2200040900000;A TERCEIRA ERA DO ESPIRITO SANTO: A FÉ, A FESTA E A UTOPIA;2022;PRODAV 02 - PROJETO DERIVADO;_tv_excluir;0.0;0.0;65803.86;60000;0.0;0.0498;0.0;0.0;0;0.0;0;0;0;4.193;2;0.0;;;10.505.568/0001-18;;;;;;;;;;RENUNCIA_OUTROS;558412.0;612427.75;2022;0.0
B2300005100000;AREMBEPE;2022;PRODAV 02 - PROJETO DERIVADO;_tv_excluir;0.0;0.0;87738.48;80000;0.0;0.303;0.0;0.0;0;0.0;0;0;0;0.0;0;0.0;;;00.830.735/0001-42;;;;;;;;;;FSA;208000.0;289576.35;2022;0.0
B2200203800000;AS GRAVAÇÕES DE TURNER NA BAHIA;2022;PRODAV 02 - PROJETO DERIVADO;_tv_excluir;0.0;0.0;0.0;0;0.0;0.0;0.0;0.0;0;0.0;0;0;0;0.0;0;;;;24.924.270/0001-57;;;;;;;;;;FSA;203248.8;222909.26;2022;0.0
B2200306500000;COSMOVISÕES;2022;PRODAV 02 - PROJETO DERIVADO;_tv_excluir;0.0;0.0;87738.48;80000;0.0;0.33;0.0;0.0;0;0.0;0;0;0;0.0;0;;;;12.502.960/0001-39;;;;;;;;;;FSA;199230.0;265906.3;2022;0.0
B2200313200000;ESTADOS DA ARTE - 2ª TEMPORADA - NORTE E NORDESTE;2022;PRODAV 02 - PROJETO DERIVADO;_tv_excluir;0.0;0.0;65803.86;60000;0.0;0.0644;0.0;0.0;0;0.0;0;0;0;0.0;0;2.0;0.0;;25.094.170/0001-03;;;;;;;;;;FSA;800000.0;1021561.6;2022;0.0
B2200462000000;EU, EMPRESA;2022;PRODAV 02 - PROJETO DERIVADO;_tv_excluir;0.0;0.0;87738.48;80000;0.0;0.1686;0.0;0.0;0;0.0;0;0;0;0.0;0;;;;17.534.469/0001-03;;;;;;;;;;FSA;390000.0;520521.3;2022;0.0
B2200057500000;GAROTO, O GÊNIO DAS CORDAS;2022;PRODAV 02 - PROJETO DERIVADO;_tv_excluir;0.0;0.0;65803.86;60000;0.0;0.0788;0.0;0.0;0;0.0;0;0;0;3.4;2;;;;04.344.932/0001-02;;;;;;;;;;FSA;600000.0;835316.4;2022;0.0
B2200057500000;GAROTO, O GÊNIO DAS CORDAS;2022;PRODAV 02 - PROJETO DERIVADO;_tv_excluir;0.0;0.0;65803.86;60000;0.0;0.0788;0.0;0.0;0;0.0;0;0;0;3.4;2;;;;04.344.932/0001-02;;;;;;;;;;RENUNCIA_OUTROS;726579.82;796862.61;2022;0.0
B2200253400000;GRANDES CENAS - 2ª TEMPORADA;2022;PRODAV 02 - PROJETO DERIVADO;_tv_excluir;0.0;0.0;65803.86;60000;0.0;0.0774;0.0;0.0;0;0.0;0;0;0;0.0;0;3.0;2.0;;94.625.829/0001-23;;;;;;;;;;FSA;636700.0;849784.39;2022;0.0
B2200457500000;GRUPO CORPO PELA MÚSICA;2022;PRODAV 02 - PROJETO DERIVADO;_tv_excluir;0.0;0.0;65803.86;60000;0.0;0.1576;0.0;0.0;0;0.0;0;0;0;4.05;2;1.0;0.0;;02.905.155/0001-00;;;;;;;;;;FSA;300000.0;417658.2;2022;0.0
B2200209900000;HIPER PRAIA;2022;PRODAV 02 - PROJETO DERIVADO;_tv_excluir;0.0;0.0;87738.48;80000;0.0;0.1686;0.0;0.0;0;0.0;0;0;0;0.0;0;;;;03.250.728/0001-60;;;;;;;;;;FSA;390000.0;520521.3;2022;0.0
B2200311200000;ILHA DE TODOS OS MESTRES;2022;PRODAV 02 - PROJETO DERIVADO;_tv_excluir;0.0;0.0;0.0;0;0.0;0.0;0.0;0.0;0;0.0;0;0;0;3.89;2;;;;08.578.658/0001-97;;;;;;;;;;FSA;249920.0;333560.73;2022;0.0
B2200133000000;LINDBERG LEITE, OS OLHOS DO MARANHÃO.;2022;PRODAV 02 - PROJETO DERIVADO;_tv_excluir;0.0;0.0;87738.48;80000;0.0;0.263;0.0;0.0;0;0.0;0;0;0;0.0;0;;;;16.099.989/0001-72;;;;;;;;;;FSA;249990.0;333654.15;2022;0.0
B2200322100000;O SILÊNCIO QUE CANTA POR LIBERDADE;2022;PRODAV 02 - PROJETO DERIVADO;_tv_excluir;0.0;0.0;65803.86;60000;0.0;0.1576;0.0;0.0;0;0.0;0;0;0;4.1;1;;;;12.743.129/0001-79;;;;;;;;;;FSA;300000.0;417658.2;2022;0.0
B2200086800000;RAJA NA ROTA;2022;PRODAV 02 - PROJETO DERIVADO;_tv_excluir;0.0;0.0;87738.48;80000;0.0;0.1001;0.0;0.0;0;0.0;0;0;0;0.0;0;;;;17.902.521/0001-37;;;;;;;;;;FSA;799560.0;876902.24;2022;0.0
B2200423400000;RURALIDADES BAHIA;2022;PRODAV 02 - PROJETO DERIVADO;_tv_excluir;0.0;0.0;87738.48;80000;0.0;0.1762;0.0;0.0;0;0.0;0;0;0;0.0;0;;;;25.278.158/0001-59;;;;;;;;;;FSA;390000.0;498011.28;2022;0.0
B2200087500000;SKATE A MAIS DE 100;2022;PRODAV 02 - PROJETO DERIVADO;_tv_excluir;0.0;0.0;307084.68;280000;0.0;1.1738;0.0;0.0;0;0.0;0;0;0;4.3;1;0.0;;;08.863.826/0001-96;;;;;;;;;;FSA;238549.62;261624.76;2022;0.0
B2200024300000;SONS DO CHORO;2022;PRODAV 02 - PROJETO DERIVADO;_tv_excluir;0.0;0.0;65803.86;60000;0.0;0.4001;0.0;0.0;0;0.0;0;0;0;0.0;0;0.0;;;07.345.730/0001-73;;;;;;;;;;FSA;149950.0;164454.81;2022;0.0
B2200066000000;SOU MODERNO SOU ÍNDIO;2022;PRODAV 02 - PROJETO DERIVADO;_tv_excluir;0.0;0.0;65803.86;60000;0.0;0.0675;0.0;0.0;0;0.0;0;0;0;0.0;0;0.0;;;05.572.253/0001-53;;;;;;;;;;FSA;699933.5;974443.22;2022;0.0
B2200231900000;TODA MENINA BAIANA - 2A TEMPORADA;2022;PRODAV 02 - PROJETO DERIVADO;_tv_excluir;0.0;0.0;153542.34;140000;0.0;0.1381;0.0;0.0;0;0.0;0;0;0;0.0;0;0.0;;;16.487.027/0001-90;;;;;;;;;;FSA;1014000.0;1112085.23;2022;0.0
B2200351600000;TRAVESSIA;2022;PRODAV 02 - PROJETO DERIVADO;_tv_excluir;70125.0;92939.0;65803.86;60000;92939.0;0.2617;0.0483;0.0;0;0.0;0;0;0;3.9;1;2.0;0.0;;08.429.784/0001-80;;;;;;;;;;FSA;419999.99;606648.41;2022;0.1532
B2200351600000;TRAVESSIA;2022;PRODAV 02 - PROJETO DERIVADO;_tv_excluir;70125.0;92939.0;65803.86;60000;92939.0;0.2617;0.0483;0.0;0;0.0;0;0;0;3.9;1;2.0;0.0;;08.429.784/0001-80;;;;;;;;;;RENUNCIA_OUTROS;1200000.0;1316077.2;2022;0.0706
B2200405900000;TRAVESSIAS;2022;PRODAV 02 - PROJETO DERIVADO;_tv_excluir;220326.6;310644.88;65803.86;60000;310644.88;0.4654;0.2243;0.0;0;0.0;0;0;0;0.0;0;;;;13.622.499/0001-10;;;;;;;;;;FSA;581000.0;808864.71;2022;0.3841
B2200405900000;TRAVESSIAS;2022;PRODAV 02 - PROJETO DERIVADO;_tv_excluir;220326.6;310644.88;65803.86;60000;310644.88;0.4654;0.2243;0.0;0;0.0;0;0;0;0.0;0;;;;13.622.499/0001-10;;;;;;;;;;RENUNCIA_OUTROS;525191.56;575993.86;2022;0.5393
B2200185900000;UM TAKE UM SOM - 2ª TEMPORADA;2022;PRODAV 02 - PROJETO DERIVADO;_tv_excluir;0.0;0.0;65803.86;60000;0.0;0.2626;0.0;0.0;0;0.0;0;0;0;0.0;0;;;;21.082.017/0001-05;;;;;;;;;;FSA;180000.0;250594.92;2022;0.0
B2200291800000;YBY YARA- TERRA DO CONHECIMENTO;2022;PRODAV 02 - PROJETO DERIVADO;_tv_excluir;0.0;0.0;87738.48;80000;0.0;0.316;0.0;0.0;0;0.0;0;0;0;3.708;2;2.0;18.0;;23.315.965/0001-79;;;;;;;;;;FSA;208000.0;277611.36;2022;0.0
B2200158100000;ZIRALDO - ERA UMA VEZ UM MENINO...;2022;PRODAV 02 - PROJETO DERIVADO;_tv_excluir;0.0;0.0;65803.86;60000;0.0;0.1017;0.0;0.0;0;0.0;0;0;0;4.24;2;2.0;0.0;;35.794.023/0001-08;;;;;;;;;;FSA;590000.0;647071.29;2022;0.0
B2300352600000;A DONA DA BANCA;2023;PRODAV 02 - PROJETO DERIVADO;_tv_excluir;0.0;0.0;0.0;0;0.0;0.0;0.0;0.0;0;0.0;0;0;0;3.83;2;;;;72.062.029/0001-09;;;;;;;;;;FSA;1578399.99;2197439.0;2023;0.0
B2300405500000;A PERSISTÊNCIA DA MEMÓRIA;2023;PRODAV 02 - PROJETO DERIVADO;_tv_excluir;0.0;0.0;62898.0;60000;0.0;0.0637;0.0;0.0;0;0.0;0;0;0;3.77;2;;;;02.857.394/0001-24;;;;;;;;;;FSA;740000.0;987655.8;2023;0.0
B2300201700000;A SUSTENTÁVEL LEVEZA DO SER;2023;PRODAV 02 - PROJETO DERIVADO;_tv_excluir;0.0;0.0;125796.0;120000;0.0;0.0691;0.0;0.0;0;0.0;0;0;0;0.0;0;;;;02.593.994/0001-22;;;;;;;;;;FSA;1364763.2;1821508.5;2023;0.0
B2300037600000;AMAZONITA;2023;PRODAV 02 - PROJETO DERIVADO;_tv_excluir;0.0;0.0;62898.0;60000;0.0;0.0451;0.0;0.0;0;0.0;0;0;0;0.0;0;0.0;;;04.661.796/0001-84;;;;;;;;;;FSA;1001000.0;1393586.19;2023;0.0
B2300097400000;ANDANTE - 3ª TEMPORADA;2023;PRODAV 02 - PROJETO DERIVADO;_tv_excluir;0.0;0.0;62898.0;60000;0.0;0.1042;0.0;0.0;0;0.0;0;0;0;0.0;0;0.0;;;13.273.176/0001-69;;;;;;;;;;FSA;520123.0;603463.35;2023;0.0
B2300208400000;APRENDER A SONHAR - 2ª TEMPORADA;2023;PRODAV 02 - PROJETO DERIVADO;_tv_excluir;0.0;0.0;83864.0;80000;0.0;0.1611;0.0;0.0;0;0.0;0;0;0;0.0;0;;;;12.345.593/0001-07;;;;;;;;;;FSA;390000.0;520521.3;2023;0.0
B2300097200000;AQUARELA BRASILEIRA;2023;PRODAV 02 - PROJETO DERIVADO;_tv_excluir;0.0;0.0;0.0;0;0.0;0.0;0.0;0.0;0;0.0;0;0;0;0.0;0;;;;04.368.192/0001-44;;;;;;;;;;FSA;762900.79;1062105.9;2023;0.0
B2300379200000;AS INDÍGENAS DA TERRA;2023;PRODAV 02 - PROJETO DERIVADO;_tv_excluir;0.0;0.0;83864.0;80000;0.0;0.3021;0.0;0.0;0;0.0;0;0;0;3.0;1;0.0;;;14.625.536/0001-07;;;;;;;;;;FSA;208000.0;277611.36;2023;0.0
B2300474100000;BAR BRASIL;2023;PRODAV 02 - PROJETO DERIVADO;_tv_excluir;0.0;0.0;62898.0;60000;0.0;0.0993;0.0;0.0;0;0.0;0;0;0;0.0;0;;;;22.446.460/0001-80;;;;;;;;;;FSA;546000.0;633486.67;2023;0.0
B2300452900000;BRASIL, 500 ANOS DE ECONOMIA;2023;PRODAV 02 - PROJETO DERIVADO;_tv_excluir;0.0;0.0;0.0;0;0.0;0.0;0.0;0.0;0;0.0;0;0;0;0.0;0;;;;71.617.252/0001-02;;;;;;;;;;FSA;699518.0;1105618.98;2023;0.0
B2300452900000;BRASIL, 500 ANOS DE ECONOMIA;2023;PRODAV 02 - PROJETO DERIVADO;_tv_excluir;0.0;0.0;0.0;0;0.0;0.0;0.0;0.0;0;0.0;0;0;0;0.0;0;;;;71.617.252/0001-02;;;;;;;;;;RENUNCIA_OUTROS;4618000.0;4841049.4;2023;0.0
B2300132000000;CIENTISTAS BRASILEIROS;2023;PRODAV 02 - PROJETO DERIVADO;_tv_excluir;0.0;0.0;62898.0;60000;0.0;0.0659;0.0;0.0;0;0.0;0;0;0;0.0;0;;;;06.236.625/0001-33;;;;;;;;;;FSA;715000.0;954289.05;2023;0.0
B2300363300000;COM AS PRÓPRIAS MÃOS;2023;PRODAV 02 - PROJETO DERIVADO;_tv_excluir;0.0;0.0;62898.0;60000;0.0;0.0985;0.0;0.0;0;0.0;0;0;0;4.068;2;;;;19.388.280/0001-85;;;;;;;;;;FSA;500000.0;638476.0;2023;0.0
B2300181500000;CONEXÕES E HASHTAGS;2023;PRODAV 02 - PROJETO DERIVADO;_tv_excluir;0.0;0.0;83864.0;80000;0.0;0.1611;0.0;0.0;0;0.0;0;0;0;0.0;0;0.0;;;18.303.581/0001-04;;;;;;;;;;FSA;390000.0;520521.3;2023;0.0
B2300181500000;CONEXÕES E HASHTAGS;2023;PRODAV 02 - PROJETO DERIVADO;_tv_excluir;0.0;0.0;83864.0;80000;0.0;0.1611;0.0;0.0;0;0.0;0;0;0;0.0;0;0.0;;;18.303.581/0001-04;;;;;;;;;;RENUNCIA_OUTROS;960400.0;1006787.32;2023;0.0
B2300512000000;CORPO PRESENTE;2023;PRODAV 02 - PROJETO DERIVADO;_tv_excluir;3995.88;3995.88;0.0;0;3995.88;0.0035;0.0035;0.0;0;0.0;0;0;0;0.0;0;;;;20.615.318/0001-94;;;;;;;;;;FSA;612265.5;1139616.51;2023;0.0035
B2300512000000;CORPO PRESENTE;2023;PRODAV 02 - PROJETO DERIVADO;_tv_excluir;3995.88;3995.88;0.0;0;3995.88;0.0035;0.0035;0.0;0;0.0;0;0;0;0.0;0;;;;20.615.318/0001-94;;;;;;;;;;RENUNCIA_OUTROS;1250.0;1310.38;2023;3.0494
B2300347000000;CUSTOMIZE!;2023;PRODAV 02 - PROJETO DERIVADO;_tv_excluir;0.0;0.0;62898.0;60000;0.0;0.0753;0.0;0.0;0;0.0;0;0;0;0.0;0;;;;03.081.598/0001-89;;;;;;;;;;FSA;600000.0;835316.4;2023;0.0
B2300441800000;DIVAS DO BRASIL;2023;PRODAV 02 - PROJETO DERIVADO;_tv_excluir;0.0;0.0;125796.0;120000;0.0;0.1648;0.0;0.0;0;0.0;0;0;0;4.343;2;0.0;;;07.660.253/0001-30;;;;;;;;;;FSA;597877.32;763460.64;2023;0.0
B2300147000000;DIÁRIO DA PRIMAVERA;2023;PRODAV 02 - PROJETO DERIVADO;_tv_excluir;0.0;0.0;125796.0;120000;0.0;0.2567;0.0;0.0;0;0.0;0;0;0;4.17;2;0.0;;;13.393.029/0001-22;;;;;;;;;;FSA;351952.82;489986.6;2023;0.0
B2300525400000;DOIS SERTÕES;2023;PRODAV 02 - PROJETO DERIVADO;_tv_excluir;10198.44;10198.44;62898.0;60000;10198.44;0.0913;0.0118;0.0;0;0.0;0;0;0;3.775;1;1.0;0.0;;22.327.940/0001-22;;;;;;;;;;FSA;600000.0;800802.0;2023;0.0127
B2300525400000;DOIS SERTÕES;2023;PRODAV 02 - PROJETO DERIVADO;_tv_excluir;10198.44;10198.44;62898.0;60000;10198.44;0.0913;0.0118;0.0;0;0.0;0;0;0;3.775;1;1.0;0.0;;22.327.940/0001-22;;;;;;;;;;RENUNCIA_OUTROS;62100.0;65099.43;2023;0.1567
B2300399000000;FLORADAS - NA TRILHA DA AGROECOLOGIA;2023;PRODAV 02 - PROJETO DERIVADO;_tv_excluir;0.0;0.0;83864.0;80000;0.0;0.1113;0.0;0.0;0;0.0;0;0;0;0.0;0;0.0;;;09.583.743/0001-06;;;;;;;;;;FSA;564397.54;753284.46;2023;0.0
B2300071400000;GERAIS DA PEDRA;2023;PRODAV 02 - PROJETO DERIVADO;_tv_excluir;0.0;0.0;0.0;0;0.0;0.0;0.0;0.0;0;0.0;0;0;0;0.0;0;0.0;;;20.238.227/0001-87;;;;;;;;;;FSA;109982.37;127605.07;2023;0.0
B2400417900000;LÁ EM CASA SESSIONS 3ª TEMPORADA;2023;PRODAV 02 - PROJETO DERIVADO;_tv_excluir;0.0;0.0;62898.0;60000;0.0;0.2419;0.0;0.0;0;0.0;0;0;0;0.0;0;;;;21.082.017/0001-05;;;;;;;;;;FSA;237120.0;260056.85;2023;0.0
B2300207700000;MARÉ VAZANTE;2023;PRODAV 02 - PROJETO DERIVADO;_tv_excluir;0.0;0.0;83864.0;80000;0.0;0.3021;0.0;0.0;0;0.0;0;0;0;2.8;1;;;;12.345.593/0001-07;;;;;;;;;;FSA;208000.0;277611.36;2023;0.0
B2300207700000;MARÉ VAZANTE;2023;PRODAV 02 - PROJETO DERIVADO;_tv_excluir;0.0;0.0;83864.0;80000;0.0;0.3021;0.0;0.0;0;0.0;0;0;0;2.8;1;;;;12.345.593/0001-07;;;;;;;;;;RENUNCIA_ART3;900000.0;943470.0;2023;0.0
B2300207700000;MARÉ VAZANTE;2023;PRODAV 02 - PROJETO DERIVADO;_tv_excluir;0.0;0.0;83864.0;80000;0.0;0.3021;0.0;0.0;0;0.0;0;0;0;2.8;1;;;;12.345.593/0001-07;;;;;;;;;;RENUNCIA_OUTROS;1600000.0;1677280.0;2023;0.0
B2300535100000;MINHA ÁFRICA IMAGINÁRIA;2023;PRODAV 02 - PROJETO DERIVADO;_tv_excluir;0.0;0.0;83864.0;80000;0.0;0.6581;0.0;0.0;0;0.0;0;0;0;0.0;0;;;;13.117.161/0001-01;;;;;;;;;;FSA;109840.0;127439.88;2023;0.0
B2300516300000;NO BATUQUE DO TAMBOR;2023;PRODAV 02 - PROJETO DERIVADO;_tv_excluir;0.0;0.0;0.0;0;0.0;0.0;0.0;0.0;0;0.0;0;0;0;4.3;1;;;;04.113.319/0001-84;;;;;;;;;;FSA;709348.8;946746.56;2023;0.0
B2300344000000;NOITE E DIA - LIMA BARRETO: OBRA E VIDA;2023;PRODAV 02 - PROJETO DERIVADO;_tv_excluir;0.0;0.0;62898.0;60000;0.0;0.1322;0.0;0.0;0;0.0;0;0;0;3.2;1;;;;06.236.625/0001-33;;;;;;;;;;FSA;410000.0;475695.12;2023;0.0
B2300474000000;O GRÁFICO AMADOR;2023;PRODAV 02 - PROJETO DERIVADO;_tv_excluir;0.0;0.0;62898.0;60000;0.0;0.124;0.0;0.0;0;0.0;0;0;0;0.0;0;0.0;;;02.857.394/0001-24;;;;;;;;;;FSA;380000.0;507174.6;2023;0.0
B2300120500000;O SOM DA COR;2023;PRODAV 02 - PROJETO DERIVADO;_tv_excluir;0.0;0.0;62898.0;60000;0.0;0.1552;0.0;0.0;0;0.0;0;0;0;4.287;2;;;;05.808.346/0001-34;;;;;;;;;;FSA;349247.25;405207.84;2023;0.0
B2300551200000;OUTRO PANTHEON;2023;PRODAV 02 - PROJETO DERIVADO;_tv_excluir;0.0;0.0;0.0;0;0.0;0.0;0.0;0.0;0;0.0;0;0;0;0.0;0;0.0;;;26.066.060/0001-09;;;;;;;;;;FSA;800000.0;1067736.0;2023;0.0
B2300381800000;PANELA AMAZÔNIA 1ª TEMPORADA;2023;PRODAV 02 - PROJETO DERIVADO;_tv_excluir;0.0;0.0;62898.0;60000;0.0;0.1246;0.0;0.0;0;0.0;0;0;0;0.0;0;;;;26.242.766/0001-76;;;;;;;;;;FSA;435143.47;504867.38;2023;0.0
B2300381800000;PANELA AMAZÔNIA 1ª TEMPORADA;2023;PRODAV 02 - PROJETO DERIVADO;_tv_excluir;0.0;0.0;62898.0;60000;0.0;0.1246;0.0;0.0;0;0.0;0;0;0;0.0;0;;;;26.242.766/0001-76;;;;;;;;;;RENUNCIA_OUTROS;2000000.0;2096600.0;2023;0.0
B2300432800000;PIAUÍ, JORNADA PELO TESOURO DAS AMÉRICAS;2023;PRODAV 02 - PROJETO DERIVADO;_tv_excluir;0.0;0.0;62898.0;60000;0.0;0.0904;0.0;0.0;0;0.0;0;0;0;0.0;0;;;;08.578.658/0001-97;;;;;;;;;;FSA;600000.0;696139.2;2023;0.0
B2300218800000;RAW BAHIA;2023;PRODAV 02 - PROJETO DERIVADO;_tv_excluir;0.0;0.0;83864.0;80000;0.0;0.1678;0.0;0.0;0;0.0;0;0;0;0.0;0;;;;21.160.910/0001-01;;;;;;;;;;FSA;374500.0;499833.92;2023;0.0
B2300091700000;SALVE-ME QUEM PUDER!;2023;PRODAV 02 - PROJETO DERIVADO;_tv_excluir;0.0;0.0;83864.0;80000;0.0;0.4518;0.0;0.0;0;0.0;0;0;0;0.0;0;;;;09.325.623/0001-09;;;;;;;;;;FSA;159995.0;185631.32;2023;0.0
B2300495600000;SECULARES, O MUNDO HÁ MAIS DE CEM;2023;PRODAV 02 - PROJETO DERIVADO;_tv_excluir;0.0;0.0;83864.0;80000;0.0;0.062;0.0;0.0;0;0.0;0;0;0;3.767;1;;;;10.281.460/0001-99;;;;;;;;;;FSA;1013875.0;1353188.55;2023;0.0
B2300111200000;SEGREDOS DO CORAÇÃO DA AMÉRICA DO SUL;2023;PRODAV 02 - PROJETO DERIVADO;_tv_excluir;0.0;0.0;62898.0;60000;0.0;0.0904;0.0;0.0;0;0.0;0;0;0;3.708;2;1.0;1.0;;07.168.260/0001-10;;;;;;;;;;FSA;600000.0;696139.2;2023;0.0
B2300111200000;SEGREDOS DO CORAÇÃO DA AMÉRICA DO SUL;2023;PRODAV 02 - PROJETO DERIVADO;_tv_excluir;0.0;0.0;62898.0;60000;0.0;0.0904;0.0;0.0;0;0.0;0;0;0;3.708;2;1.0;1.0;;07.168.260/0001-10;;;;;;;;;;RENUNCIA_OUTROS;200000.0;209660.0;2023;0.0
B2300484500000;SIBILA NO TIJUCO;2023;PRODAV 02 - PROJETO DERIVADO;_tv_excluir;0.0;0.0;83864.0;80000;0.0;0.6656;0.0;0.0;0;0.0;0;0;0;4.3;1;0.0;;;12.999.768/0001-08;;;;;;;;;;FSA;108600.0;126001.2;2023;0.0
B2300099400000;TODOS OS SONHOS;2023;PRODAV 02 - PROJETO DERIVADO;_tv_excluir;0.0;0.0;83864.0;80000;0.0;0.1614;0.0;0.0;0;0.0;0;0;0;3.32;1;;;;19.223.689/0001-41;;;;;;;;;;FSA;389303.2;519591.3;2023;0.0
B2300180300000;CAPITU E O CAPITULO;2023;PRODAV 05;_tv_excluir;92073.54;93336.6;146762.0;140000;93336.6;1.6623;0.124;0.0;0;0.0;0;0;0;3.4;1;;;;02.342.813/0001-95;;;;;;;;;;FSA;100000.0;144440.1;2023;0.6462
B2300180300000;CAPITU E O CAPITULO;2023;PRODAV 05;_tv_excluir;92073.54;93336.6;146762.0;140000;93336.6;1.6623;0.124;0.0;0;0.0;0;0;0;3.4;1;;;;02.342.813/0001-95;;;;;;;;;;RENUNCIA_ART3;580000.0;608014.0;2023;0.1535
B1700468400000;COMO É  CRUEL VIVER ASSIM;2016;PRODAV 06;_tv_excluir;77922.24;102998.28;89220.66;60000;102998.28;0.0427;0.0119;0.0;0;0.0;0;0;0;4.084;2;;;;42.473.256/0001-66;;;;;;;;;;FSA;3115000.0;4499309.12;2016;0.0229
B1700468400000;COMO É  CRUEL VIVER ASSIM;2016;PRODAV 06;_tv_excluir;77922.24;102998.28;89220.66;60000;102998.28;0.0427;0.0119;0.0;0;0.0;0;0;0;4.084;2;;;;42.473.256/0001-66;;;;;;;;;;RENUNCIA_ART3;2790945.99;4150167.39;2016;0.0248
B1700466900000;ENTRE IRMÃS;2016;PRODAV 06;_tv_excluir;895485.0;1186816.12;535323.96;360000;1186816.12;0.3534;0.1242;1.2;0;6.0;0;0;0;3.3;1;0.0;;;09.180.984/0001-04;;;;;;;;;;FSA;3500000.0;4872679.0;2016;0.2436
B1700466900000;ENTRE IRMÃS;2016;PRODAV 06;_tv_excluir;895485.0;1186816.12;535323.96;360000;1186816.12;0.3534;0.1242;1.2;0;6.0;0;0;0;3.3;1;0.0;;;09.180.984/0001-04;;;;;;;;;;RENUNCIA_ART3;3000000.0;4461033.0;2016;0.266
B1700466900000;ENTRE IRMÃS;2016;PRODAV 06;_tv_excluir;895485.0;1186816.12;535323.96;360000;1186816.12;0.3534;0.1242;1.2;0;6.0;0;0;0;3.3;1;0.0;;;09.180.984/0001-04;;;;;;;;;;RENUNCIA_OUTROS;150000.0;223051.65;2016;5.3208
B1900056400000;GEEK TOUR ADVENTURES;2016;PRODAV 06;_tv_excluir;0.0;0.0;89220.66;60000;0.0;0.2655;0.0;0.0;0;0.0;0;0;0;0.0;0;0.0;;;03.958.889/0001-02;;;;;;;;;;FSA;232650.0;336039.89;2016;0.0
B1700454300000;GOSTO SE DISCUTE;2016;PRODAV 06;_tv_excluir;2598900.0;3444408.8;215616.6;145000;3444408.8;0.9298;0.8638;0.0;0;0.0;0;0;0;0.0;0;0.0;;;05.626.923/0001-77;;;;;;;;;;FSA;2647174.77;3936378.0;2016;0.875
B1700454300000;GOSTO SE DISCUTE;2016;PRODAV 06;_tv_excluir;2598900.0;3444408.8;215616.6;145000;3444408.8;0.9298;0.8638;0.0;0;0.0;0;0;0;0.0;0;0.0;;;05.626.923/0001-77;;;;;;;;;;RENUNCIA_OUTROS;34452.82;51231.72;2016;67.232
B1700532600000;MESTRE CABELO;2016;PRODAV 06;_tv_excluir;0.0;0.0;208181.54;140000;0.0;0.2191;0.0;0.0;0;0.0;0;0;0;0.0;0;0.0;;;08.035.343/0001-01;;;;;;;;;;FSA;638911.9;950069.02;2016;0.0
B1600690400000;O AMOR NO DIVÃ;2016;PRODAV 06;_tv_excluir;67421.1;94927.0;89220.66;60000;94927.0;0.4595;0.0141;0.0;0;0.0;0;0;0;4.3;1;0.0;;;09.028.371/0001-56;;;;;;;;;;FSA;269506.04;400758.45;2016;0.2369
B1600690400000;O AMOR NO DIVÃ;2016;PRODAV 06;_tv_excluir;67421.1;94927.0;89220.66;60000;94927.0;0.4595;0.0141;0.0;0;0.0;0;0;0;4.3;1;0.0;;;09.028.371/0001-56;;;;;;;;;;RENUNCIA_OUTROS;4250000.0;6319796.75;2016;0.015
B1600785000000;PRAZER EM RECEBER;2016;PRODAV 06;_tv_excluir;0.0;0.0;89220.66;60000;0.0;0.0923;0.0;0.0;0;0.0;0;0;0;0.0;0;;;;04.098.427/0001-25;;;;;;;;;;FSA;650000.46;966557.83;2016;0.0
B1800150400000;SAUDADE;2016;PRODAV 06;_tv_excluir;34381.44;45445.68;89220.66;60000;45445.68;0.1164;0.0053;0.0;0;0.0;0;0;0;3.934;2;;;;08.991.631/0001-21;;;;;;;;;;FSA;800800.0;1156676.32;2016;0.0393
B1800150400000;SAUDADE;2016;PRODAV 06;_tv_excluir;34381.44;45445.68;89220.66;60000;45445.68;0.1164;0.0053;0.0;0;0.0;0;0;0;3.934;2;;;;08.991.631/0001-21;;;;;;;;;;RENUNCIA_ART3;1700000.0;2527918.7;2016;0.018
B1800150400000;SAUDADE;2016;PRODAV 06;_tv_excluir;34381.44;45445.68;89220.66;60000;45445.68;0.1164;0.0053;0.0;0;0.0;0;0;0;3.934;2;;;;08.991.631/0001-21;;;;;;;;;;RENUNCIA_OUTROS;3338324.0;4964124.51;2016;0.0092
B1700539700000;ASAS PARA LAUREN;2017;PRODAV 06;_tv_excluir;0.0;0.0;404432.28;280000;0.0;1.2088;0.0;0.0;0;0.0;0;0;0;0.0;0;;;;04.098.427/0001-25;;;;;;;;;;FSA;225000.06;334577.56;2017;0.0
B1900019000000;EU SOU MAIS EU;2017;PRODAV 06;_tv_excluir;2047553.1;2574658.8;93886.07;65000;2574658.8;0.9997;0.3272;0.0;0;0.0;0;0;0;4.123;2;;;;05.626.923/0001-77;;;;;;;;;;FSA;2000000.0;2669340.0;2017;0.9645
B1900019000000;EU SOU MAIS EU;2017;PRODAV 06;_tv_excluir;2047553.1;2574658.8;93886.07;65000;2574658.8;0.9997;0.3272;0.0;0;0.0;0;0;0;4.123;2;;;;05.626.923/0001-77;;;;;;;;;;RENUNCIA_ART3;3000000.0;4333203.0;2017;0.5942
B1900019000000;EU SOU MAIS EU;2017;PRODAV 06;_tv_excluir;2047553.1;2574658.8;93886.07;65000;2574658.8;0.9997;0.3272;0.0;0;0.0;0;0;0;4.123;2;;;;05.626.923/0001-77;;;;;;;;;;RENUNCIA_OUTROS;600167.0;866881.81;2017;2.97
B1700552000000;FALA SÉRIO, MÃE!;2017;PRODAV 06;_tv_excluir;44441535.86;58771343.4;209438.15;145000;58771343.4;14.423;6.8029;0.0;0;0.0;0;0;0;3.5;1;;;;03.987.306/0001-71;;;;;;;;;;FSA;2750050.29;4089355.03;2017;14.3718
B1700552000000;FALA SÉRIO, MÃE!;2017;PRODAV 06;_tv_excluir;44441535.86;58771343.4;209438.15;145000;58771343.4;14.423;6.8029;0.0;0;0.0;0;0;0;3.5;1;;;;03.987.306/0001-71;;;;;;;;;;RENUNCIA_ART3;2999999.99;4333202.99;2017;13.563
B1700552000000;FALA SÉRIO, MÃE!;2017;PRODAV 06;_tv_excluir;44441535.86;58771343.4;209438.15;145000;58771343.4;14.423;6.8029;0.0;0;0.0;0;0;0;3.5;1;;;;03.987.306/0001-71;;;;;;;;;;RENUNCIA_OUTROS;150000.0;216660.15;2017;271.2605
B1700275200000;FÉ NA BATIDA;2017;PRODAV 06;_tv_excluir;0.0;0.0;288880.2;200000;0.0;0.8183;0.0;0.0;0;0.0;0;0;0;3.56;2;;;;04.661.796/0001-84;;;;;;;;;;FSA;237420.0;353046.15;2017;0.0
B1700275200000;FÉ NA BATIDA;2017;PRODAV 06;_tv_excluir;0.0;0.0;288880.2;200000;0.0;0.8183;0.0;0.0;0;0.0;0;0;0;3.56;2;;;;04.661.796/0001-84;;;;;;;;;;RENUNCIA_OUTROS;558412.0;806570.85;2017;0.0
B1800496100000;GRAVADOR DE HISTÓRIAS;2017;PRODAV 06;_tv_excluir;0.0;0.0;173328.12;120000;0.0;0.1793;0.0;0.0;0;0.0;0;0;0;4.37;2;0.0;;;15.128.758/0001-87;;;;;;;;;;FSA;650000.0;966557.15;2017;0.0
B1800152000000;GUARNIERI;2017;PRODAV 06;_tv_excluir;2992.96;3956.12;202216.14;140000;3956.12;0.9517;0.0183;0.0;0;0.0;0;0;0;0.0;0;;;;04.650.621/0001-71;;;;;;;;;;FSA;149985.0;216638.48;2017;0.0183
B1800594800000;JAZZ -MÚSICA INSTRUMENTAL BRASILEIRA;2017;PRODAV 06;_tv_excluir;0.0;0.0;86664.06;60000;0.0;0.2206;0.0;0.0;0;0.0;0;0;0;4.05;2;;;;09.559.284/0001-25;;;;;;;;;;FSA;272000.0;392877.07;2017;0.0
B1700605800000;LOS TERRITORIOS;2017;PRODAV 06;_tv_excluir;13215.9;17454.64;0.0;0;17454.64;0.0378;0.0378;4.2;0;21.0;0;0;0;0.0;0;;;;13.193.095/0001-59;;;;;;;;;;FSA;320000.0;462208.32;2017;0.0378
B1700110600000;MEU CORPO, MINHA VIDA;2017;PRODAV 06;_tv_excluir;0.0;0.0;86664.06;60000;0.0;0.0704;0.0;0.0;0;0.0;0;0;0;3.2;1;;;;02.376.263/0001-25;;;;;;;;;;FSA;852043.5;1230692.48;2017;0.0
B1800458200000;MPB 73- O ANO DA REINVENÇÃO -      EX:1973;2017;PRODAV 06;_tv_excluir;0.0;0.0;404432.28;280000;0.0;0.3567;0.0;0.0;0;0.0;0;0;0;0.0;0;;;;01.645.618/0001-71;;;;;;;;;;FSA;785050.0;1133927.01;2017;0.0
B1700373800000;MÚSICA PELOS POROS;2017;PRODAV 06;_tv_excluir;0.0;0.0;86664.06;60000;0.0;0.1845;0.0;0.0;0;0.0;0;0;0;4.05;2;;;;71.743.496/0001-31;;;;;;;;;;FSA;325160.0;469661.43;2017;0.0
B1700611000000;OS FAROFEIROS;2017;PRODAV 06;_tv_excluir;39417952.3;52102895.6;209438.15;145000;52102895.6;14.8032;6.0116;0.0;0;0.0;0;0;0;3.4;1;;;;03.987.306/0001-71;;;;;;;;;;FSA;2446579.73;3533842.21;2017;14.744
B1700611000000;OS FAROFEIROS;2017;PRODAV 06;_tv_excluir;39417952.3;52102895.6;209438.15;145000;52102895.6;14.8032;6.0116;0.0;0;0.0;0;0;0;3.4;1;;;;03.987.306/0001-71;;;;;;;;;;RENUNCIA_ART3;2908000.0;4200318.11;2017;12.4045
B1700611000000;OS FAROFEIROS;2017;PRODAV 06;_tv_excluir;39417952.3;52102895.6;209438.15;145000;52102895.6;14.8032;6.0116;0.0;0;0.0;0;0;0;3.4;1;;;;03.987.306/0001-71;;;;;;;;;;RENUNCIA_OUTROS;645882.22;932912.92;2017;55.8497
B1700332400000;QUERIDA MAMÃE;2017;PRODAV 06;_tv_excluir;24755.84;32722.48;202216.14;140000;32722.48;0.062;0.0086;1.4;0;7.0;0;0;0;0.0;0;;;;67.942.250/0001-11;;;;;;;;;;FSA;2624224.17;3790432.02;2017;0.0086
B1700477000000;TUDO É PROJETO;2017;PRODAV 06;_tv_excluir;9080.0;12027.4;86664.06;60000;12027.4;0.6833;0.0799;0.0;0;0.0;0;0;0;3.8;1;;;;09.019.897/0001-70;;;;;;;;;;FSA;100000.0;144440.1;2017;0.0833
B1700477000000;TUDO É PROJETO;2017;PRODAV 06;_tv_excluir;9080.0;12027.4;86664.06;60000;12027.4;0.6833;0.0799;0.0;0;0.0;0;0;0;3.8;1;;;;09.019.897/0001-70;;;;;;;;;;RENUNCIA_OUTROS;4232.36;6113.23;2017;1.9674
B1800425700000;A NUVEM;2018;PRODAV 06;_tv_excluir;0.0;0.0;83531.64;60000;0.0;0.3331;0.0;0.0;0;0.0;0;0;0;0.0;0;0.0;;;09.260.004/0001-83;;;;;;;;;;FSA;168630.0;250754.66;2018;0.0
B1900071900000;ANJOS DE IPANEMA;2018;PRODAV 06;_tv_excluir;0.0;0.0;83531.64;60000;0.0;0.2592;0.0;0.0;0;0.0;0;0;0;3.8;1;;;;01.456.361/0001-00;;;;;;;;;;FSA;216680.0;322205.54;2018;0.0
B1800379900000;ARQUIBANCADAS;2018;PRODAV 06;_tv_excluir;0.0;0.0;83531.64;60000;0.0;0.0932;0.0;0.0;0;0.0;0;0;0;0.0;0;;;;01.374.871/0001-38;;;;;;;;;;FSA;602740.0;896281.01;2018;0.0
B1800228200000;AUTO DE RESISTÊNCIA;2018;PRODAV 06;_tv_excluir;44217.6;58447.2;83531.64;60000;58447.2;0.3277;0.1349;0.0;0;0.0;0;0;0;4.05;2;;;;02.725.763/0001-25;;;;;;;;;;FSA;299955.5;433256.02;2018;0.1349
B1800494400000;AYAHUASCA, EXPANSÃO DA CONSCIÊNCIA;2018;PRODAV 06;_tv_excluir;0.0;0.0;83531.64;60000;0.0;0.0928;0.0;0.0;0;0.0;0;0;0;0.0;0;0.0;;;08.035.343/0001-01;;;;;;;;;;FSA;623456.98;900521.89;2018;0.0
B1800441300000;CINE HOLLIÚDY 2 - A CHIBATA SIDERAL;2018;PRODAV 06;_tv_excluir;2697059.52;3391368.96;194907.16;140000;3391368.96;0.896;0.7357;0.0;0;0.0;0;0;0;4.0;1;;;;02.008.424/0001-28;;;;;;;;;;FSA;2875025.15;4002592.76;2018;0.8473
B1800441300000;CINE HOLLIÚDY 2 - A CHIBATA SIDERAL;2018;PRODAV 06;_tv_excluir;2697059.52;3391368.96;194907.16;140000;3391368.96;0.896;0.7357;0.0;0;0.0;0;0;0;4.0;1;;;;02.008.424/0001-28;;;;;;;;;;RENUNCIA_OUTROS;436000.0;606996.58;2018;5.5871
B1800608100000;CLAUDE - ALÉM DA COZINHA;2018;PRODAV 06;_tv_excluir;0.0;0.0;83531.64;60000;0.0;0.0901;0.0;0.0;0;0.0;0;0;0;3.97;2;;;;07.627.467/0001-05;;;;;;;;;;FSA;665775.0;926887.96;2018;0.0
B1800542400000;COM A PALAVRA, ARNALDO ANTUNES;2018;PRODAV 06;_tv_excluir;0.0;0.0;194907.16;140000;0.0;0.2076;0.0;0.0;0;0.0;0;0;0;3.433;1;;;;71.743.496/0001-31;;;;;;;;;;FSA;650000.0;938860.65;2018;0.0
B2000230800000;CONFISSÕES DE MULHERES DE 50;2018;PRODAV 06;_tv_excluir;0.0;0.0;83531.64;60000;0.0;0.0706;0.0;0.0;0;0.0;0;0;0;4.058;2;0.0;;;04.474.294/0001-44;;;;;;;;;;FSA;850000.0;1183364.9;2018;0.0
B1800421800000;ELEGIA DE UM CRIME;2018;PRODAV 06;_tv_excluir;13850.86;17414.88;167063.28;120000;17414.88;0.2838;0.0163;0.0;0;0.0;0;0;0;4.133;2;1.0;0.0;;13.359.654/0001-58;;;;;;;;;;FSA;450000.0;649980.45;2018;0.0268
B1800421800000;ELEGIA DE UM CRIME;2018;PRODAV 06;_tv_excluir;13850.86;17414.88;167063.28;120000;17414.88;0.2838;0.0163;0.0;0;0.0;0;0;0;4.133;2;1.0;0.0;;13.359.654/0001-58;;;;;;;;;;RENUNCIA_OUTROS;300000.0;417658.2;2018;0.0417
B1900035000000;ESQUERDA EM TRANSE;2018;PRODAV 06;_tv_excluir;0.0;0.0;194907.16;140000;0.0;0.3284;0.0;0.0;0;0.0;0;0;0;2.093;2;;;;12.106.692/0001-36;;;;;;;;;;FSA;399168.91;593568.56;2018;0.0
B1800462300000;EXCELENTÍSSIMOS;2018;PRODAV 06;_tv_excluir;33439.37;43934.8;83531.64;60000;43934.8;0.2449;0.0844;0.0;0;0.0;0;0;0;0.0;0;0.0;;;14.798.449/0001-51;;;;;;;;;;FSA;350000.0;520453.85;2018;0.0844
B1900043300000;HACKERS - 2ª TEMPORADA;2018;PRODAV 06;_tv_excluir;0.0;0.0;83531.64;60000;0.0;0.241;0.0;0.0;0;0.0;0;0;0;0.0;0;0.0;;;08.346.159/0001-74;;;;;;;;;;FSA;240000.0;346656.24;2018;0.0
B1800505900000;MARCIA HAYDÉE;2018;PRODAV 06;_tv_excluir;22450.2;28229.6;389814.32;280000;28229.6;2.8942;0.0256;0.0;0;0.0;0;0;0;0.0;0;2.0;0.0;;07.060.648/0001-00;;;;;;;;;;FSA;100000.0;144440.1;2018;0.1954
B1800505900000;MARCIA HAYDÉE;2018;PRODAV 06;_tv_excluir;22450.2;28229.6;389814.32;280000;28229.6;2.8942;0.0256;0.0;0;0.0;0;0;0;0.0;0;2.0;0.0;;07.060.648/0001-00;;;;;;;;;;RENUNCIA_ART3;300000.0;417658.2;2018;0.0676
B1800505900000;MARCIA HAYDÉE;2018;PRODAV 06;_tv_excluir;22450.2;28229.6;389814.32;280000;28229.6;2.8942;0.0256;0.0;0;0.0;0;0;0;0.0;0;2.0;0.0;;07.060.648/0001-00;;;;;;;;;;RENUNCIA_OUTROS;388250.0;540519.32;2018;0.0522
B1800029400000;O AMOR DÁ TRABALHO;2018;PRODAV 06;_tv_excluir;927907.96;1166777.08;194907.16;140000;1166777.08;0.3142;0.1267;0.0;0;0.0;0;0;0;4.3;1;0.0;;;20.290.522/0001-82;;;;;;;;;;FSA;3000000.0;4333203.0;2018;0.2693
B1800029400000;O AMOR DÁ TRABALHO;2018;PRODAV 06;_tv_excluir;927907.96;1166777.08;194907.16;140000;1166777.08;0.3142;0.1267;0.0;0;0.0;0;0;0;4.3;1;0.0;;;20.290.522/0001-82;;;;;;;;;;RENUNCIA_ART3;2999999.99;4176581.99;2018;0.2794
B1800029400000;O AMOR DÁ TRABALHO;2018;PRODAV 06;_tv_excluir;927907.96;1166777.08;194907.16;140000;1166777.08;0.3142;0.1267;0.0;0;0.0;0;0;0;4.3;1;0.0;;;20.290.522/0001-82;;;;;;;;;;RENUNCIA_OUTROS;500000.0;696097.0;2018;1.6762
B1800397100000;O DOUTRINADOR - O FILME;2018;PRODAV 06;_tv_excluir;4269314.56;5643216.32;90492.61;65000;5643216.32;0.7693;0.5953;0.8;0;4.0;0;0;0;3.6;1;;;;12.580.503/0001-62;;;;;;;;;;FSA;5584000.0;7452797.28;2018;0.7572
B1800397100000;O DOUTRINADOR - O FILME;2018;PRODAV 06;_tv_excluir;4269314.56;5643216.32;90492.61;65000;5643216.32;0.7693;0.5953;0.8;0;4.0;0;0;0;3.6;1;;;;12.580.503/0001-62;;;;;;;;;;RENUNCIA_ART3;355567.49;495018.93;2018;11.4
B1800397100000;O DOUTRINADOR - O FILME;2018;PRODAV 06;_tv_excluir;4269314.56;5643216.32;90492.61;65000;5643216.32;0.7693;0.5953;0.8;0;4.0;0;0;0;3.6;1;;;;12.580.503/0001-62;;;;;;;;;;RENUNCIA_OUTROS;1100000.0;1531413.4;2018;3.685
B1800324100000;O PACIENTE, O CASO TANCREDO NEVES;2018;PRODAV 06;_tv_excluir;613526.72;810964.84;194907.16;140000;810964.84;0.2908;0.2092;0.0;0;0.0;0;0;0;3.8;1;;;;42.473.256/0001-66;;;;;;;;;;FSA;2394373.07;3458434.86;2018;0.2345
B1800324100000;O PACIENTE, O CASO TANCREDO NEVES;2018;PRODAV 06;_tv_excluir;613526.72;810964.84;194907.16;140000;810964.84;0.2908;0.2092;0.0;0;0.0;0;0;0;3.8;1;;;;42.473.256/0001-66;;;;;;;;;;RENUNCIA_ART3;300000.0;417658.2;2018;1.9417
B1800546900000;OS EXTERMINADORES DO ALÉM CONTRA A LOIRA DO BANHEIRO;2018;PRODAV 06;_tv_excluir;2790884.77;3688932.8;0.0;0;3688932.8;1.3249;0.552;0.0;0;0.0;0;0;0;3.5;1;1.0;0.0;;07.276.440/0001-15;;;;;;;;;;FSA;2000000.0;2784388.0;2018;1.3249
B1800546900000;OS EXTERMINADORES DO ALÉM CONTRA A LOIRA DO BANHEIRO;2018;PRODAV 06;_tv_excluir;2790884.77;3688932.8;0.0;0;3688932.8;1.3249;0.552;0.0;0;0.0;0;0;0;3.5;1;1.0;0.0;;07.276.440/0001-15;;;;;;;;;;RENUNCIA_ART3;2800000.0;3898143.2;2018;0.9463
B1900098600000;OS UNDER-UNDERGROUNDS, O COMEÇO;2018;PRODAV 06;_tv_excluir;1549.46;1828.96;0.0;0;1828.96;0.0131;0.0131;0.0;0;0.0;0;0;0;3.628;2;;;;09.028.371/0001-56;;;;;;;;;;FSA;100000.0;139219.4;2018;0.0131
B1800561800000;PAULO CASÉ;2018;PRODAV 06;_tv_excluir;3113.3;3240.44;0.0;0;3240.44;0.0026;0.0026;0.0;0;0.0;0;0;0;0.0;0;;;;09.558.964/0001-24;;;;;;;;;;FSA;847000.0;1223407.65;2018;0.0026
B1800586900000;SEGUNDO TAKE;2018;PRODAV 06;_tv_excluir;0.0;0.0;278438.8;200000;0.0;0.2227;0.0;0.0;0;0.0;0;0;0;0.0;0;0.0;;;04.661.796/0001-84;;;;;;;;;;FSA;865593.0;1250263.39;2018;0.0
B1800223000000;SEMENTES DA EDUCAÇÃO;2018;PRODAV 06;_tv_excluir;0.0;0.0;278438.8;200000;0.0;0.3916;0.0;0.0;0;0.0;0;0;0;3.732;2;;;;05.397.945/0001-02;;;;;;;;;;FSA;478214.34;711109.98;2018;0.0
B1800098700000;SIMONAL;2018;PRODAV 06;_tv_excluir;1037594.49;1304704.52;194907.16;140000;1304704.52;0.2951;0.1257;3.1;0;15.5;0;0;0;0.0;0;;;;07.832.283/0001-87;;;;;;;;;;FSA;3650000.0;5081508.1;2018;0.2568
B1800098700000;SIMONAL;2018;PRODAV 06;_tv_excluir;1037594.49;1304704.52;194907.16;140000;1304704.52;0.2951;0.1257;3.1;0;15.5;0;0;0;0.0;0;;;;07.832.283/0001-87;;;;;;;;;;RENUNCIA_ART3;3000000.0;4176582.0;2018;0.3124
B1800098700000;SIMONAL;2018;PRODAV 06;_tv_excluir;1037594.49;1304704.52;194907.16;140000;1304704.52;0.2951;0.1257;3.1;0;15.5;0;0;0;0.0;0;;;;07.832.283/0001-87;;;;;;;;;;RENUNCIA_OUTROS;807522.0;1124227.28;2018;1.1605
B1800506100000;SONHOS DE ABU - SEGUNDA TEMPORADA;2018;PRODAV 06;_tv_excluir;0.0;0.0;389814.32;280000;0.0;0.1713;0.0;0.0;0;0.0;0;0;0;3.32;1;0.0;;;05.515.177/0001-44;;;;;;;;;;FSA;1634615.0;2275701.2;2018;0.0
B1800029300000;TODOS OS PAULOS DO MUNDO;2018;PRODAV 06;_tv_excluir;42803.84;56578.48;389814.32;280000;56578.48;0.4755;0.0552;2.7;0;13.5;0;0;0;3.927;2;;;;02.140.120/0001-10;;;;;;;;;;FSA;650000.0;938860.65;2018;0.0603
B1800029300000;TODOS OS PAULOS DO MUNDO;2018;PRODAV 06;_tv_excluir;42803.84;56578.48;389814.32;280000;56578.48;0.4755;0.0552;2.7;0;13.5;0;0;0;3.927;2;;;;02.140.120/0001-10;;;;;;;;;;RENUNCIA_ART3;61586.2;85739.94;2018;0.6599
B1900593500000;101 CANÇÕES;2019;PRODAV 06;_tv_excluir;0.0;0.0;80080.2;60000;0.0;0.0499;0.0;0.0;0;0.0;0;0;0;0.0;0;;;;06.015.397/0001-71;;;;;;;;;;FSA;1202000.0;1604273.34;2019;0.0
B1900320300000;A MULHER DA LUZ PRÓPRIA;2019;PRODAV 06;_tv_excluir;227.24;258.44;160160.4;120000;258.44;0.4915;0.0002;3.8;0;19.0;0;0;0;4.3;1;;;;04.760.800/0001-61;;;;;;;;;;FSA;219500.33;326399.41;2019;0.0008
B1900320300000;A MULHER DA LUZ PRÓPRIA;2019;PRODAV 06;_tv_excluir;227.24;258.44;160160.4;120000;258.44;0.4915;0.0002;3.8;0;19.0;0;0;0;4.3;1;;;;04.760.800/0001-61;;;;;;;;;;RENUNCIA_ART3;744720.35;993955.91;2019;0.0003
B1900597000000;A QUEM INTERESSA A IGNORÂNCIA?;2019;PRODAV 06;_tv_excluir;786.6;894.6;0.0;0;894.6;0.0005;0.0005;0.0;0;0.0;0;0;0;0.0;0;3.0;0.0;;00.538.914/0001-00;;;;;;;;;;FSA;1250000.0;1805501.25;2019;0.0005
B1900366600000;A VIDA INVISÍVEL;2019;PRODAV 06;_tv_excluir;2159280.0;2712009.72;480481.2;360000;2712009.72;0.9455;0.5522;21.9;0;59.5;0;45;11;0.0;0;;;Oscar;05.387.293/0001-25;;;;;;;;;;FSA;2529714.44;3376333.97;2019;0.8032
B1900366600000;A VIDA INVISÍVEL;2019;PRODAV 06;_tv_excluir;2159280.0;2712009.72;480481.2;360000;2712009.72;0.9455;0.5522;21.9;0;59.5;0;45;11;0.0;0;;;Oscar;05.387.293/0001-25;;;;;;;;;;RENUNCIA_ART3;1150000.0;1534870.5;2019;1.7669
B1900198800000;ACONTECEU NA QUARTA-FEIRA (DOPPELGANGER);2019;PRODAV 06;_tv_excluir;3335.91;4194.68;80080.2;60000;4194.68;0.3157;0.0157;0.0;0;0.0;0;0;0;0.0;0;0.0;;;04.474.294/0001-44;;;;;;;;;;FSA;200000.0;266934.0;2019;0.0157
B1900309300000;ANGEL VIANNA VOANDO COM OS PÉS NO CHÃO;2019;PRODAV 06;_tv_excluir;0.0;0.0;80080.2;60000;0.0;0.5752;0.0;0.0;0;0.0;0;0;0;0.0;0;;;;32.022.899/0001-30;;;;;;;;;;FSA;100000.0;139219.4;2019;0.0
B1900372100000;ANTENA DA RAÇA;2019;PRODAV 06;_tv_excluir;0.0;0.0;80080.2;60000;0.0;0.0598;0.0;0.0;0;0.0;0;0;0;4.1;1;;;;05.752.246/0001-33;;;;;;;;;;FSA;927850.0;1340187.47;2019;0.0
B1900372100000;ANTENA DA RAÇA;2019;PRODAV 06;_tv_excluir;0.0;0.0;80080.2;60000;0.0;0.0598;0.0;0.0;0;0.0;0;0;0;4.1;1;;;;05.752.246/0001-33;;;;;;;;;;RENUNCIA_OUTROS;280000.0;373707.6;2019;0.0
B1900420300000;ARTE CONTEMPORÂNEA: DIÁLOGOS;2019;PRODAV 06;_tv_excluir;0.0;0.0;80080.2;60000;0.0;0.2772;0.0;0.0;0;0.0;0;0;0;0.0;0;0.0;;;06.900.652/0001-69;;;;;;;;;;FSA;200000.0;288880.2;2019;0.0
B1900420300000;ARTE CONTEMPORÂNEA: DIÁLOGOS;2019;PRODAV 06;_tv_excluir;0.0;0.0;80080.2;60000;0.0;0.2772;0.0;0.0;0;0.0;0;0;0;0.0;0;0.0;;;06.900.652/0001-69;;;;;;;;;;RENUNCIA_OUTROS;100000.0;133467.0;2019;0.0
B1900120600000;ATLÂNTICO NORTE EXTREMO;2019;PRODAV 06;_tv_excluir;0.0;0.0;80080.2;60000;0.0;0.2076;0.0;0.0;0;0.0;0;0;0;0.0;0;;;;04.098.427/0001-25;;;;;;;;;;FSA;267091.19;385786.78;2019;0.0
B1900173600000;BAILÃO - SÉRIE ESPECIAL;2019;PRODAV 06;_tv_excluir;0.0;0.0;106773.6;80000;0.0;0.2223;0.0;0.0;0;0.0;0;0;0;0.0;0;3.0;0.0;;25.238.748/0001-58;;;;;;;;;;FSA;345000.0;480306.93;2019;0.0
B1900376800000;BOA NOITE;2019;PRODAV 06;_tv_excluir;402.04;457.24;80080.2;60000;457.24;0.1062;0.0006;0.0;0;0.0;0;0;0;3.0;1;0.0;;;03.360.320/0001-40;;;;;;;;;;FSA;525000.0;758310.53;2019;0.0006
B1900376800000;BOA NOITE;2019;PRODAV 06;_tv_excluir;402.04;457.24;80080.2;60000;457.24;0.1062;0.0006;0.0;0;0.0;0;0;0;3.0;1;0.0;;;03.360.320/0001-40;;;;;;;;;;RENUNCIA_ART3;19555.09;26099.59;2019;0.0175
B1900468300000;CABRAS DA PESTE;2019;PRODAV 06;_tv_excluir;1944.68;2425.36;266934.0;200000;2425.36;0.1118;0.0004;0.0;0;0.0;0;0;0;3.97;2;;;;02.008.424/0001-28;;;;;;;;;;FSA;1730280.79;2408886.53;2019;0.001
B1900468300000;CABRAS DA PESTE;2019;PRODAV 06;_tv_excluir;1944.68;2425.36;266934.0;200000;2425.36;0.1118;0.0004;0.0;0;0.0;0;0;0;3.97;2;;;;02.008.424/0001-28;;;;;;;;;;RENUNCIA_ART3;3000000.0;4004010.0;2019;0.0006
B2000136800000;CAVERNA DO CARUSO;2019;PRODAV 06;_tv_excluir;0.0;0.0;80080.2;60000;0.0;0.2515;0.0;0.0;0;0.0;0;0;0;0.0;0;;;;06.267.302/0001-07;;;;;;;;;;FSA;228702.0;318397.55;2019;0.0
B1900350700000;ESPERO TUA (RE)VOLTA;2019;PRODAV 06;_tv_excluir;44805.54;56339.92;80080.2;60000;56339.92;0.4899;0.1033;20.19;0;45.5;3530;0;0;0.0;0;0.0;;Berlim;09.514.942/0001-62;;;;;;;;;;FSA;200000.0;278438.8;2019;0.2023
B1900350700000;ESPERO TUA (RE)VOLTA;2019;PRODAV 06;_tv_excluir;44805.54;56339.92;80080.2;60000;56339.92;0.4899;0.1033;20.19;0;45.5;3530;0;0;0.0;0;0.0;;Berlim;09.514.942/0001-62;;;;;;;;;;RENUNCIA_ART3;200000.0;266934.0;2019;0.2111
B1900487000000;FAMÍLIA DE AXÉ;2019;PRODAV 06;_tv_excluir;1546.18;1928.36;373707.6;280000;1928.36;1.2802;0.0066;0.0;0;0.0;0;0;0;3.656;1;;;;28.247.971/0001-50;;;;;;;;;;FSA;219837.63;293410.69;2019;0.0066
B1900612000000;FILHOS DO PAI ETERNO;2019;PRODAV 06;_tv_excluir;252.96;318.08;0.0;0;318.08;0.0016;0.0016;0.0;0;0.0;0;0;0;2.663;2;0.0;;;02.736.672/0001-95;;;;;;;;;;FSA;150000.0;200200.5;2019;0.0016
B1900368000000;FIO DA MEADA;2019;PRODAV 06;_tv_excluir;0.0;0.0;80080.2;60000;0.0;0.15;0.0;0.0;0;0.0;0;0;0;0.0;0;;;;27.651.181/0001-72;;;;;;;;;;FSA;399873.0;533698.5;2019;0.0
B1900368000000;FIO DA MEADA;2019;PRODAV 06;_tv_excluir;0.0;0.0;80080.2;60000;0.0;0.15;0.0;0.0;0;0.0;0;0;0;0.0;0;;;;27.651.181/0001-72;;;;;;;;;;RENUNCIA_OUTROS;199972.0;266896.63;2019;0.0
B1900376200000;GIGANTE POR NATUREZA;2019;PRODAV 06;_tv_excluir;0.0;0.0;80080.2;60000;0.0;0.1499;0.0;0.0;0;0.0;0;0;0;0.0;0;7.0;0.0;;05.406.333/0001-39;;;;;;;;;;FSA;400300.0;534268.4;2019;0.0
B1900376200000;GIGANTE POR NATUREZA;2019;PRODAV 06;_tv_excluir;0.0;0.0;80080.2;60000;0.0;0.1499;0.0;0.0;0;0.0;0;0;0;0.0;0;7.0;0.0;;05.406.333/0001-39;;;;;;;;;;RENUNCIA_ART3;8195456.75;10938230.26;2019;0.0
B1900605200000;JORGE, O PADROEIRO GUERREIRO;2019;PRODAV 06;_tv_excluir;695.64;874.72;0.0;0;874.72;0.0045;0.0045;0.0;0;0.0;0;0;0;4.197;2;0.0;;;02.736.672/0001-95;;;;;;;;;;FSA;145690.0;194448.07;2019;0.0045
B2000045700000;JUAZEIRO - CHÃO SAGRADO;2019;PRODAV 06;_tv_excluir;0.0;0.0;80080.2;60000;0.0;0.0654;0.0;0.0;0;0.0;0;0;0;0.0;0;0.0;;;10.505.568/0001-18;;;;;;;;;;FSA;823600.0;1224702.26;2019;0.0
B1900421800000;LUCICREIDE VAI PRA MARTE;2019;PRODAV 06;_tv_excluir;259403.2;295019.2;186853.8;140000;295019.2;0.1327;0.0338;0.0;0;0.0;0;0;0;0.0;0;;;;07.579.479/0001-01;;;;;;;;;;FSA;2513399.7;3630357.04;2019;0.0813
B1900421800000;LUCICREIDE VAI PRA MARTE;2019;PRODAV 06;_tv_excluir;259403.2;295019.2;186853.8;140000;295019.2;0.1327;0.0338;0.0;0;0.0;0;0;0;0.0;0;;;;07.579.479/0001-01;;;;;;;;;;RENUNCIA_ART3;3000000.0;4004010.0;2019;0.0737
B1900421800000;LUCICREIDE VAI PRA MARTE;2019;PRODAV 06;_tv_excluir;259403.2;295019.2;186853.8;140000;295019.2;0.1327;0.0338;0.0;0;0.0;0;0;0;0.0;0;;;;07.579.479/0001-01;;;;;;;;;;RENUNCIA_OUTROS;815000.0;1087756.05;2019;0.2712
B1900311700000;LUSÓFONAS;2019;PRODAV 06;_tv_excluir;0.0;0.0;160160.4;120000;0.0;0.2801;0.0;0.0;0;0.0;0;0;0;0.0;0;0.0;;;02.759.786/0001-50;;;;;;;;;;FSA;395888.0;571821.02;2019;0.0
B1900447800000;M8;2019;PRODAV 06;_tv_excluir;143755.44;178741.08;80080.2;60000;178741.08;0.0383;0.0254;1.6;0;8.0;0;0;0;3.934;2;;;;10.645.895/0001-75;;;;;;;;;;FSA;4679677.71;6759331.16;2019;0.0264
B1900447800000;M8;2019;PRODAV 06;_tv_excluir;143755.44;178741.08;80080.2;60000;178741.08;0.0383;0.0254;1.6;0;8.0;0;0;0;3.934;2;;;;10.645.895/0001-75;;;;;;;;;;RENUNCIA_OUTROS;209591.0;279734.82;2019;0.639
B1900461500000;MUSEUS À CÉU ABERTO;2019;PRODAV 06;_tv_excluir;0.0;0.0;80080.2;60000;0.0;0.0804;0.0;0.0;0;0.0;0;0;0;0.0;0;;;;19.069.618/0001-36;;;;;;;;;;FSA;689260.0;995567.83;2019;0.0
B1900513800000;NÃO VAMOS PAGAR NADA;2019;PRODAV 06;_tv_excluir;10759.5;13419.0;186853.8;140000;13419.0;0.1204;0.0022;0.0;0;0.0;0;0;0;0.0;0;;;;23.957.635/0001-87;;;;;;;;;;FSA;1245817.87;1662755.74;2019;0.0081
B1900513800000;NÃO VAMOS PAGAR NADA;2019;PRODAV 06;_tv_excluir;10759.5;13419.0;186853.8;140000;13419.0;0.1204;0.0022;0.0;0;0.0;0;0;0;0.0;0;;;;23.957.635/0001-87;;;;;;;;;;RENUNCIA_ART3;3000000.0;4004010.0;2019;0.0034
B1900513800000;NÃO VAMOS PAGAR NADA;2019;PRODAV 06;_tv_excluir;10759.5;13419.0;186853.8;140000;13419.0;0.1204;0.0022;0.0;0;0.0;0;0;0;0.0;0;;;;23.957.635/0001-87;;;;;;;;;;RENUNCIA_OUTROS;292179.0;389962.55;2019;0.0344
B1900531900000;O ASTRONAUTA TUPY;2019;PRODAV 06;_tv_excluir;0.0;0.0;80080.2;60000;0.0;0.1386;0.0;0.0;0;0.0;0;0;0;2.6;1;;;;03.360.320/0001-40;;;;;;;;;;FSA;400000.0;577760.4;2019;0.0
B1900453800000;O DIABO BRANCO;2019;PRODAV 06;_tv_excluir;1975.24;2246.44;0.0;0;2246.44;0.0034;0.0034;0.0;0;0.0;0;0;0;4.31;2;;;;04.687.576/0001-20;;;;;;;;;;FSA;499503.0;666671.67;2019;0.0034
B1900428900000;OCUPAÇÕES;2019;PRODAV 06;_tv_excluir;0.0;0.0;160160.4;120000;0.0;0.1541;0.0;0.0;0;0.0;0;0;0;0.0;0;;;;00.205.194/0001-61;;;;;;;;;;FSA;699109.4;1039583.37;2019;0.0
B1900231600000;ONTEM HAVIA COISAS ESTRANHAS NO CÉU;2019;PRODAV 06;_tv_excluir;797.0;994.0;0.0;0;994.0;0.0013;0.0013;2.0;0;10.0;0;0;0;4.3;1;0.0;;;11.000.556/0001-02;;;;;;;;;;FSA;499170.0;742271.28;2019;0.0013
B1900487100000;OS PARÇAS 2;2019;PRODAV 06;_tv_excluir;21206859.63;26665143.4;186853.8;140000;26665143.4;11.0359;4.1424;0.0;0;0.0;0;0;0;2.3;1;0.0;;;18.082.113/0001-49;;;;;;;;;;FSA;1823032.89;2433147.31;2019;10.9591
B1900487100000;OS PARÇAS 2;2019;PRODAV 06;_tv_excluir;21206859.63;26665143.4;186853.8;140000;26665143.4;11.0359;4.1424;0.0;0;0.0;0;0;0;2.3;1;0.0;;;18.082.113/0001-49;;;;;;;;;;RENUNCIA_ART3;3000000.0;4004010.0;2019;6.6596
B1900579700000;PADROEIROS OFICIAIS DO BRASIL;2019;PRODAV 06;_tv_excluir;173.91;218.68;0.0;0;218.68;0.0011;0.0011;0.0;0;0.0;0;0;0;4.343;2;0.0;;;02.736.672/0001-95;;;;;;;;;;FSA;150000.0;200200.5;2019;0.0011
B2000008700000;SALVE A MALANDRAGEM;2019;PRODAV 06;_tv_excluir;0.0;0.0;80080.2;60000;0.0;0.1829;0.0;0.0;0;0.0;0;0;0;0.0;0;;;;07.060.648/0001-00;;;;;;;;;;FSA;303100.14;437798.15;2019;0.0
B1900583000000;SERIAL KELLY;2019;PRODAV 06;_tv_excluir;47342.09;49222.88;186853.8;140000;49222.88;0.0581;0.0082;0.6;0;3.0;0;0;0;0.0;0;;;;02.140.120/0001-10;;;;;;;;;;FSA;3042944.16;4061326.28;2019;0.0121
B1900583000000;SERIAL KELLY;2019;PRODAV 06;_tv_excluir;47342.09;49222.88;186853.8;140000;49222.88;0.0581;0.0082;0.6;0;3.0;0;0;0;0.0;0;;;;02.140.120/0001-10;;;;;;;;;;RENUNCIA_ART3;1450000.0;1935271.5;2019;0.0254
B1900579600000;SOB O OLHAR DO PADROEIRO;2019;PRODAV 06;_tv_excluir;727.26;914.48;0.0;0;914.48;0.0046;0.0046;0.0;0;0.0;0;0;0;3.728;2;0.0;;;02.736.672/0001-95;;;;;;;;;;FSA;150000.0;200200.5;2019;0.0046
B1900372300000;SONS AFRICANOS;2019;PRODAV 06;_tv_excluir;0.0;0.0;80080.2;60000;0.0;0.2772;0.0;0.0;0;0.0;0;0;0;0.0;0;0.0;;;06.900.652/0001-69;;;;;;;;;;FSA;200000.0;288880.2;2019;0.0
B1900072800000;TEATROS NO BRASIL  CLAUDIO SANTORO - MEMÓRIAS DO MAESTRO E DO TEATRO EM VIDA;2019;PRODAV 06;_tv_excluir;268.77;337.96;160160.4;120000;337.96;1.0021;0.0021;0.0;0;0.0;0;0;0;3.2;1;0.0;;;02.736.672/0001-95;;;;;;;;;;FSA;120000.0;160160.4;2019;0.0021
B1900074000000;TEATROS NO BRASIL  TEATROS AMAZONAS - O FILHO OURO DA FLORESTA;2019;PRODAV 06;_tv_excluir;521.73;656.04;160160.4;120000;656.04;1.0041;0.0041;0.0;0;0.0;0;0;0;3.962;2;0.0;;;02.736.672/0001-95;;;;;;;;;;FSA;120000.0;160160.4;2019;0.0041
B1900074100000;TEATROS NO BRASIL CASTRO ALVES - O TEATRO E O HOMEM;2019;PRODAV 06;_tv_excluir;347.82;437.36;160160.4;120000;437.36;0.9613;0.0026;0.0;0;0.0;0;0;0;4.3;1;0.0;;;02.736.672/0001-95;;;;;;;;;;FSA;120000.0;167063.28;2019;0.0026
B1900121900000;TEATROS NO BRASIL SUDESTE MUNICIPAL - ENREDOS DA JÓIA CARIOCA;2019;PRODAV 06;_tv_excluir;300.39;377.72;160160.4;120000;377.72;1.0024;0.0024;0.0;0;0.0;0;0;0;4.3;1;0.0;;;02.736.672/0001-95;;;;;;;;;;FSA;120000.0;160160.4;2019;0.0024
B1900147000000;TEATROS NO BRASIL THEATRO SÃO PEDRO - SÍMBOLO DE ARTE E RESISTÊNCIA;2019;PRODAV 06;_tv_excluir;252.96;318.08;160160.4;120000;318.08;1.002;0.002;0.0;0;0.0;0;0;0;4.05;2;0.0;;;02.736.672/0001-95;;;;;;;;;;FSA;120000.0;160160.4;2019;0.002
B1900411500000;TEKOAYHU - AMIZADE;2019;PRODAV 06;_tv_excluir;0.0;0.0;80080.2;60000;0.0;0.1428;0.0;0.0;0;0.0;0;0;0;0.0;0;0.0;;;00.639.143/0001-48;;;;;;;;;;FSA;388310.0;560875.35;2019;0.0
B1900525000000;UMA GAROTA CHAMADA MARINA;2019;PRODAV 06;_tv_excluir;10711.68;13359.36;80080.2;60000;13359.36;0.1797;0.0257;0.0;0;0.0;0;0;0;3.89;2;1.0;4.0;;02.972.707/0001-95;;;;;;;;;;FSA;360000.0;519984.36;2019;0.0257
B1900584500000;UTOPIA BRASIL;2019;PRODAV 06;_tv_excluir;0.0;0.0;0.0;0;0.0;0.0;0.0;0.0;0;0.0;0;0;0;0.0;0;;;;14.263.150/0001-00;;;;;;;;;;FSA;699490.0;1040149.32;2019;0.0
B1900584500000;UTOPIA BRASIL;2019;PRODAV 06;_tv_excluir;0.0;0.0;0.0;0;0.0;0.0;0.0;0.0;0;0.0;0;0;0;0.0;0;;;;14.263.150/0001-00;;;;;;;;;;RENUNCIA_OUTROS;6290.0;8395.07;2019;0.0
B1900448000000;VEREDAS DO BRASIL - ESTRADA REAL E SEUS OFÍCIOS;2019;PRODAV 06;_tv_excluir;0.0;0.0;80080.2;60000;0.0;0.0769;0.0;0.0;0;0.0;0;0;0;4.343;2;;;;10.407.637/0001-50;;;;;;;;;;FSA;700000.0;1040907.7;2019;0.0
B1900448000000;VEREDAS DO BRASIL - ESTRADA REAL E SEUS OFÍCIOS;2019;PRODAV 06;_tv_excluir;0.0;0.0;80080.2;60000;0.0;0.0769;0.0;0.0;0;0.0;0;0;0;4.343;2;;;;10.407.637/0001-50;;;;;;;;;;RENUNCIA_OUTROS;4000000.0;5338680.0;2019;0.0
B1900263600000;VESTÍGIOS DO BRASIL;2019;PRODAV 06;_tv_excluir;0.0;0.0;80080.2;60000;0.0;0.0716;0.0;0.0;0;0.0;0;0;0;4.343;2;;;;73.947.392/0001-74;;;;;;;;;;FSA;803476.34;1118594.94;2019;0.0
B2000439400000;AMOR DE 4 + 1;2020;PRODAV 06;_tv_excluir;0.0;0.0;76617.12;60000;0.0;0.0262;0.0;0.0;0;0.0;0;0;0;4.3;1;;;;13.914.178/0001-90;;;;;;;;;;FSA;2100000.0;2923607.4;2020;0.0
B2000439400000;AMOR DE 4 + 1;2020;PRODAV 06;_tv_excluir;0.0;0.0;76617.12;60000;0.0;0.0262;0.0;0.0;0;0.0;0;0;0;4.3;1;;;;13.914.178/0001-90;;;;;;;;;;RENUNCIA_OUTROS;940000.0;1200334.88;2020;0.0
B2000112600000;ARIANO APRESENTA: O AUTO DA BOA MENTIRA;2020;PRODAV 06;_tv_excluir;213378.36;242675.16;178773.28;140000;242675.16;0.4523;0.2604;0.0;0;0.0;0;0;0;4.445;2;;;;06.900.652/0001-69;;;;;;;;;;FSA;729684.26;931771.78;2020;0.2604
B2000158900000;CHORÃO: MARGINAL ALADO;2020;PRODAV 06;_tv_excluir;11117.28;12643.68;76617.12;60000;12643.68;0.146;0.0096;2.4;0;12.0;0;0;0;0.0;0;0.0;;;19.069.618/0001-36;;;;;;;;;;FSA;458068.75;611370.62;2020;0.0207
B2000158900000;CHORÃO: MARGINAL ALADO;2020;PRODAV 06;_tv_excluir;11117.28;12643.68;76617.12;60000;12643.68;0.146;0.0096;2.4;0;12.0;0;0;0;0.0;0;0.0;;;19.069.618/0001-36;;;;;;;;;;RENUNCIA_ART3;500000.0;638476.0;2020;0.0198
B2000158900000;CHORÃO: MARGINAL ALADO;2020;PRODAV 06;_tv_excluir;11117.28;12643.68;76617.12;60000;12643.68;0.146;0.0096;2.4;0;12.0;0;0;0;0.0;0;0.0;;;19.069.618/0001-36;;;;;;;;;;RENUNCIA_OUTROS;50000.0;63847.6;2020;0.198
B2000078000000;DEPOIS A LOUCA SOU EU;2020;PRODAV 06;_tv_excluir;232851.08;264821.48;255390.4;200000;264821.48;0.1047;0.0281;0.0;0;0.0;0;0;0;4.123;2;;;;04.551.480/0001-30;;;;;;;;;;FSA;3720939.7;4966226.59;2020;0.0533
B2000078000000;DEPOIS A LOUCA SOU EU;2020;PRODAV 06;_tv_excluir;232851.08;264821.48;255390.4;200000;264821.48;0.1047;0.0281;0.0;0;0.0;0;0;0;4.123;2;;;;04.551.480/0001-30;;;;;;;;;;RENUNCIA_ART3;3000000.0;3830856.0;2020;0.0691
B2000078000000;DEPOIS A LOUCA SOU EU;2020;PRODAV 06;_tv_excluir;232851.08;264821.48;255390.4;200000;264821.48;0.1047;0.0281;0.0;0;0.0;0;0;0;4.123;2;;;;04.551.480/0001-30;;;;;;;;;;RENUNCIA_OUTROS;487843.0;622952.09;2020;0.4251
B2000205300000;EM BUSCA DA ESSÊNCIA NA COZINHA;2020;PRODAV 06;_tv_excluir;0.0;0.0;76617.12;60000;0.0;0.0828;0.0;0.0;0;0.0;0;0;0;3.8;1;0.0;;;07.627.467/0001-05;;;;;;;;;;FSA;664895.0;925662.83;2020;0.0
B2000050400000;HISTÓRIAS DE CARNAVAL - SÉRIE ESPECIAL;2020;PRODAV 06;_tv_excluir;0.0;0.0;178773.28;140000;0.0;0.2947;0.0;0.0;0;0.0;0;0;0;3.062;2;;;;25.238.748/0001-58;;;;;;;;;;FSA;454452.41;606544.0;2020;0.0
B2000043200000;LEGADO ITALIANO;2020;PRODAV 06;_tv_excluir;1447.38;1749.44;0.0;0;1749.44;0.003;0.0018;0.0;0;0.0;0;0;0;0.0;0;0.0;;;03.987.306/0001-71;;;;;;;;;;FSA;400000.0;577760.4;2020;0.003
B2000043200000;LEGADO ITALIANO;2020;PRODAV 06;_tv_excluir;1447.38;1749.44;0.0;0;1749.44;0.003;0.0018;0.0;0;0.0;0;0;0;0.0;0;0.0;;;03.987.306/0001-71;;;;;;;;;;RENUNCIA_ART3;200000.0;255390.4;2020;0.0069
B2000043200000;LEGADO ITALIANO;2020;PRODAV 06;_tv_excluir;1447.38;1749.44;0.0;0;1749.44;0.003;0.0018;0.0;0;0.0;0;0;0;0.0;0;0.0;;;03.987.306/0001-71;;;;;;;;;;RENUNCIA_OUTROS;106400.0;135867.69;2020;0.0129
B2000233900000;MANGUE BIT;2020;PRODAV 06;_tv_excluir;0.0;0.0;76617.12;60000;0.0;0.0712;0.0;0.0;0;0.0;0;0;0;0.0;0;;;;05.246.567/0001-66;;;;;;;;;;FSA;744548.35;1075426.38;2020;0.0
B2000233900000;MANGUE BIT;2020;PRODAV 06;_tv_excluir;0.0;0.0;76617.12;60000;0.0;0.0712;0.0;0.0;0;0.0;0;0;0;0.0;0;;;;05.246.567/0001-66;;;;;;;;;;RENUNCIA_OUTROS;500000.0;638476.0;2020;0.0
B2000002200000;MATCHES;2020;PRODAV 06;_tv_excluir;0.0;0.0;76617.12;60000;0.0;0.0183;0.0;0.0;0;0.0;0;0;0;0.0;0;10.0;1.0;;10.645.895/0001-75;;;;;;;;;;FSA;3000000.0;4176582.0;2020;0.0
B2000002200000;MATCHES;2020;PRODAV 06;_tv_excluir;0.0;0.0;76617.12;60000;0.0;0.0183;0.0;0.0;0;0.0;0;0;0;0.0;0;10.0;1.0;;10.645.895/0001-75;;;;;;;;;;RENUNCIA_ART3;5920576.92;7560292.54;2020;0.0
B2000339200000;NAZINHA, OLHAI POR NÓS;2020;PRODAV 06;_tv_excluir;367.08;417.48;357546.56;280000;417.48;1.6355;0.0007;0.0;0;0.0;0;0;0;3.6;1;;;;04.661.796/0001-84;;;;;;;;;;FSA;163987.7;218869.46;2020;0.0019
B2000339200000;NAZINHA, OLHAI POR NÓS;2020;PRODAV 06;_tv_excluir;367.08;417.48;357546.56;280000;417.48;1.6355;0.0007;0.0;0;0.0;0;0;0;3.6;1;;;;04.661.796/0001-84;;;;;;;;;;RENUNCIA_ART3;300000.0;383085.6;2020;0.0011
B2000405700000;NOTURNOS 1ª TEMPORADA;2020;PRODAV 06;_tv_excluir;0.0;0.0;76617.12;60000;0.0;0.0408;0.0;0.0;0;0.0;0;0;0;0.0;0;12.0;0.0;Rotterdam;23.957.635/0001-87;;;;;;;;;;FSA;1350000.0;1879461.9;2020;0.0
B2000439700000;NOTURNOS 2ª TEMPORADA;2020;PRODAV 06;_tv_excluir;0.0;0.0;76617.12;60000;0.0;0.0408;0.0;0.0;0;0.0;0;0;0;0.0;0;12.0;0.0;Rotterdam;23.957.635/0001-87;;;;;;;;;;FSA;1350000.0;1879461.9;2020;0.0
B2000201000000;O MÊS QUE NÃO TERMINOU;2020;PRODAV 06;_tv_excluir;0.0;0.0;76617.12;60000;0.0;0.1529;0.0;0.0;0;0.0;0;0;0;3.933;2;;;;10.519.798/0001-36;;;;;;;;;;FSA;360000.0;501189.84;2020;0.0
B2000142200000;O PARADOXO DA DEMOCRACIA;2020;PRODAV 06;_tv_excluir;0.0;0.0;76617.12;60000;0.0;0.1151;0.0;0.0;0;0.0;0;0;0;0.0;0;;;;04.661.796/0001-84;;;;;;;;;;FSA;461050.79;665942.22;2020;0.0
B2000322300000;O QUE QUEREM AS MULHERES?;2020;PRODAV 06;_tv_excluir;0.0;0.0;76617.12;60000;0.0;0.1058;0.0;0.0;0;0.0;0;0;0;4.4;1;;;;33.139.692/0001-02;;;;;;;;;;FSA;542605.8;724199.68;2020;0.0
B2000532000000;PACIFIED;2020;PRODAV 06;_tv_excluir;21583.0;22464.4;0.0;0;22464.4;0.0561;0.0044;8.6;0;43.0;0;0;0;0.0;0;;;;23.541.197/0001-71;;;;;;;;;;FSA;300000.0;400401.0;2020;0.0561
B2000532000000;PACIFIED;2020;PRODAV 06;_tv_excluir;21583.0;22464.4;0.0;0;22464.4;0.0561;0.0044;8.6;0;43.0;0;0;0;0.0;0;;;;23.541.197/0001-71;;;;;;;;;;RENUNCIA_ART3;3000000.0;3830856.0;2020;0.0059
B2000532000000;PACIFIED;2020;PRODAV 06;_tv_excluir;21583.0;22464.4;0.0;0;22464.4;0.0561;0.0044;8.6;0;43.0;0;0;0;0.0;0;;;;23.541.197/0001-71;;;;;;;;;;RENUNCIA_OUTROS;663000.0;846619.18;2020;0.0265
B2000556500000;POR TRÁS DAS CÂMERAS;2020;PRODAV 06;_tv_excluir;0.0;0.0;76617.12;60000;0.0;0.2485;0.0;0.0;0;0.0;0;0;0;0.0;0;2.0;0.0;;02.145.146/0001-50;;;;;;;;;;FSA;230971.94;308271.32;2020;0.0
B2000117400000;ROCKY & HUDSON: OS CAUBÓIS GAYS;2020;PRODAV 06;_tv_excluir;0.0;0.0;357546.56;280000;0.0;0.2606;0.0;0.0;0;0.0;0;0;0;0.0;0;0.0;;;87.435.368/0001-60;;;;;;;;;;FSA;950000.0;1372180.95;2020;0.0
B2000200600000;RUA DO SOBE E DESCE, NÚMERO QUE DESAPARECE;2020;PRODAV 06;_tv_excluir;0.0;0.0;357546.56;280000;0.0;0.2333;0.0;0.0;0;0.0;0;0;0;0.0;0;;;;03.191.048/0001-12;;;;;;;;;;FSA;1200000.0;1532342.4;2020;0.0
B2000097600000;SELVAGEM;2020;PRODAV 06;_tv_excluir;18808.48;21390.88;76617.12;60000;21390.88;0.1618;0.0248;0.0;0;0.0;0;0;0;4.38;2;1.0;0.0;;14.341.183/0001-13;;;;;;;;;;FSA;435000.0;605604.39;2020;0.0353
B2000097600000;SELVAGEM;2020;PRODAV 06;_tv_excluir;18808.48;21390.88;76617.12;60000;21390.88;0.1618;0.0248;0.0;0;0.0;0;0;0;4.38;2;1.0;0.0;;14.341.183/0001-13;;;;;;;;;;RENUNCIA_ART3;200000.0;255390.4;2020;0.0838
B2000513600000;UM TIO QUASE PERFEITO 2;2020;PRODAV 06;_tv_excluir;1387405.08;1577895.48;178773.28;140000;1577895.48;0.4387;0.1885;0.0;0;0.0;0;0;0;3.0;1;;;;15.367.770/0001-44;;;;;;;;;;FSA;3000000.0;4004010.0;2020;0.3941
B2000513600000;UM TIO QUASE PERFEITO 2;2020;PRODAV 06;_tv_excluir;1387405.08;1577895.48;178773.28;140000;1577895.48;0.4387;0.1885;0.0;0;0.0;0;0;0;3.0;1;;;;15.367.770/0001-44;;;;;;;;;;RENUNCIA_ART3;3000000.0;3830856.0;2020;0.4119
B2000513600000;UM TIO QUASE PERFEITO 2;2020;PRODAV 06;_tv_excluir;1387405.08;1577895.48;178773.28;140000;1577895.48;0.4387;0.1885;0.0;0;0.0;0;0;0;3.0;1;;;;15.367.770/0001-44;;;;;;;;;;RENUNCIA_OUTROS;418263.0;534101.77;2020;2.9543
B2100460000000;8 PRESIDENTES 1 JURAMENTO - A HISTÓRIA DE UM TEMPO PRESENTE;2021;PRODAV 06;_tv_excluir;0.0;0.0;69613.92;60000;0.0;0.0434;0.0;0.0;0;0.0;0;0;0;3.648;2;33.0;76.0;;28.026.565/0001-67;;;;;;;;;;FSA;1382000.0;1603440.62;2021;0.0
B2100460000000;8 PRESIDENTES 1 JURAMENTO - A HISTÓRIA DE UM TEMPO PRESENTE;2021;PRODAV 06;_tv_excluir;0.0;0.0;69613.92;60000;0.0;0.0434;0.0;0.0;0;0.0;0;0;0;3.648;2;33.0;76.0;;28.026.565/0001-67;;;;;;;;;;RENUNCIA_ART3;537779.98;623949.54;2021;0.0
B2100075900000;A RUPTURA;2021;PRODAV 06;_tv_excluir;549.08;556.64;0.0;0;556.64;0.0003;0.0003;0.0;0;0.0;0;0;0;0.0;0;;;;00.538.914/0001-00;;;;;;;;;;FSA;1200000.0;1601604.0;2021;0.0003
B2100156800000;ALVORADA;2021;PRODAV 06;_tv_excluir;20842.04;23637.32;69613.92;60000;23637.32;0.0733;0.0186;0.0;0;0.0;0;0;0;3.82;2;0.0;;;64.047.665/0001-33;;;;;;;;;;FSA;953000.0;1271940.51;2021;0.0186
B2100323100000;ANGELI THE KILLER - 2º TEMPORADA;2021;PRODAV 06;_tv_excluir;0.0;0.0;69613.92;60000;0.0;0.0233;0.0;0.0;0;0.0;0;0;0;2.627;2;6.0;0.0;;03.746.956/0001-25;;;;;;;;;;FSA;2579780.0;2993143.31;2021;0.0
B2100450300000;ANJO LOIRO COM SANGUE NO CABELO;2021;PRODAV 06;_tv_excluir;0.0;0.0;69613.92;60000;0.0;0.0257;0.0;0.0;0;0.0;0;0;0;4.3;1;1.0;0.0;Rotterdam;01.125.538/0001-95;;;;;;;;;;FSA;1874258.04;2707180.19;2021;0.0
B2100217300000;ANTENA DA RAÇA - O FILME;2021;PRODAV 06;_tv_excluir;0.0;0.0;69613.92;60000;0.0;0.0714;0.0;0.0;0;0.0;0;0;0;4.1;1;;;;05.752.246/0001-33;;;;;;;;;;FSA;700000.0;974535.8;2021;0.0
B2100217300000;ANTENA DA RAÇA - O FILME;2021;PRODAV 06;_tv_excluir;0.0;0.0;69613.92;60000;0.0;0.0714;0.0;0.0;0;0.0;0;0;0;4.1;1;;;;05.752.246/0001-33;;;;;;;;;;RENUNCIA_OUTROS;280000.0;324864.96;2021;0.0
B2100266100000;CAMINHO DA RENDA - A HISTÓRIA DOS IMPOSTOS NO BRASIL;2021;PRODAV 06;_tv_excluir;0.0;0.0;69613.92;60000;0.0;0.1218;0.0;0.0;0;0.0;0;0;0;4.3;1;1.0;36.0;;00.360.459/0001-04;;;;;;;;;;FSA;410410.0;571370.34;2021;0.0
B2100266100000;CAMINHO DA RENDA - A HISTÓRIA DOS IMPOSTOS NO BRASIL;2021;PRODAV 06;_tv_excluir;0.0;0.0;69613.92;60000;0.0;0.1218;0.0;0.0;0;0.0;0;0;0;4.3;1;1.0;36.0;;00.360.459/0001-04;;;;;;;;;;RENUNCIA_OUTROS;1121000.0;1300620.07;2021;0.0
B2100199000000;CANTADA DE MINA;2021;PRODAV 06;_tv_excluir;0.0;0.0;69613.92;60000;0.0;0.0916;0.0;0.0;0;0.0;0;0;0;0.0;0;0.0;;Berlim;13.510.088/0001-33;;;;;;;;;;FSA;546000.0;760137.92;2021;0.0
B2100113400000;CHICO MARIO, A MELODIA DA LIBERDADE;2021;PRODAV 06;_tv_excluir;0.0;0.0;69613.92;60000;0.0;0.1137;0.0;0.0;0;0.0;0;0;0;4.287;2;;;;27.651.181/0001-72;;;;;;;;;;FSA;439971.65;612525.89;2021;0.0
B2100113400000;CHICO MARIO, A MELODIA DA LIBERDADE;2021;PRODAV 06;_tv_excluir;0.0;0.0;69613.92;60000;0.0;0.1137;0.0;0.0;0;0.0;0;0;0;4.287;2;;;;27.651.181/0001-72;;;;;;;;;;RENUNCIA_OUTROS;240004.48;278460.88;2021;0.0
B2100301600000;CHÃO DE ESTRELAS;2021;PRODAV 06;_tv_excluir;0.0;0.0;69613.92;60000;0.0;0.0179;0.0;0.0;0;0.0;0;0;0;4.227;2;;;;27.999.931/0001-00;;;;;;;;;;FSA;2800000.0;3898143.2;2021;0.0
B2100497800000;HERMANOTEU NA TERRA DE GODAH;2021;PRODAV 06;_tv_excluir;139.84;159.04;69613.92;60000;159.04;0.0276;0.0;0.0;0;0.0;0;0;0;3.605;2;;;;09.558.964/0001-24;;;;;;;;;;FSA;1818996.66;2532396.24;2021;0.0001
B2100497800000;HERMANOTEU NA TERRA DE GODAH;2021;PRODAV 06;_tv_excluir;139.84;159.04;69613.92;60000;159.04;0.0276;0.0;0.0;0;0.0;0;0;0;3.605;2;;;;09.558.964/0001-24;;;;;;;;;;RENUNCIA_ART3;2700000.0;3132626.4;2021;0.0001
B2100497800000;HERMANOTEU NA TERRA DE GODAH;2021;PRODAV 06;_tv_excluir;139.84;159.04;69613.92;60000;159.04;0.0276;0.0;0.0;0;0.0;0;0;0;3.605;2;;;;09.558.964/0001-24;;;;;;;;;;RENUNCIA_OUTROS;1500000.0;1740348.0;2021;0.0001
B2100497300000;HISTÓRIAS DA CIDADANIA;2021;PRODAV 06;_tv_excluir;0.0;0.0;69613.92;60000;0.0;0.1047;0.0;0.0;0;0.0;0;0;0;0.0;0;;;;06.023.805/0001-37;;;;;;;;;;FSA;498320.0;665092.75;2021;0.0
B2100217200000;MATA;2021;PRODAV 06;_tv_excluir;0.0;0.0;69613.92;60000;0.0;0.2273;0.0;0.0;0;0.0;0;0;0;3.095;2;0.0;;;05.958.016/0001-25;;;;;;;;;;FSA;220000.0;306282.68;2021;0.0
B2100217200000;MATA;2021;PRODAV 06;_tv_excluir;0.0;0.0;69613.92;60000;0.0;0.2273;0.0;0.0;0;0.0;0;0;0;3.095;2;0.0;;;05.958.016/0001-25;;;;;;;;;;RENUNCIA_ART3;6483154.46;7521963.27;2021;0.0
B2100452100000;NINA;2021;PRODAV 06;_tv_excluir;1503.28;1709.68;0.0;0;1709.68;0.0009;0.0004;0.0;0;0.0;0;0;0;3.817;2;;;;01.231.528/0001-34;;;;;;;;;;FSA;1500000.0;2002005.0;2021;0.0009
B2100452100000;NINA;2021;PRODAV 06;_tv_excluir;1503.28;1709.68;0.0;0;1709.68;0.0009;0.0004;0.0;0;0.0;0;0;0;3.817;2;;;;01.231.528/0001-34;;;;;;;;;;RENUNCIA_OUTROS;2039614.0;2366425.43;2021;0.0007
B2100357900000;O RIO DOS IMIGRANTES;2021;PRODAV 06;_tv_excluir;0.0;0.0;69613.92;60000;0.0;0.1175;0.0;0.0;0;0.0;0;0;0;4.225;2;;;;14.645.357/0001-31;;;;;;;;;;FSA;410104.9;592355.93;2021;0.0
B2100357900000;O RIO DOS IMIGRANTES;2021;PRODAV 06;_tv_excluir;0.0;0.0;69613.92;60000;0.0;0.1175;0.0;0.0;0;0.0;0;0;0;4.225;2;;;;14.645.357/0001-31;;;;;;;;;;RENUNCIA_OUTROS;15000.0;17403.48;2021;0.0
B2100010600000;OS QUATRO PARALAMAS;2021;PRODAV 06;_tv_excluir;0.0;0.0;69613.92;60000;0.0;0.0535;0.0;0.0;0;0.0;0;0;0;3.3;1;;;;03.360.320/0001-40;;;;;;;;;;FSA;901021.44;1301436.27;2021;0.0
B2100301200000;PRAIA DA SAUDADE;2021;PRODAV 06;_tv_excluir;14552.16;14552.16;139227.84;120000;14552.16;0.7323;0.0693;0.0;0;0.0;0;0;0;0.0;0;;;;04.760.800/0001-61;;;;;;;;;;FSA;150833.98;209990.16;2021;0.0693
B2100322700000;QUATRO AMIGAS NUMA FRIA;2021;PRODAV 06;_tv_excluir;275651.2;286908.16;0.0;0;286908.16;0.0808;0.0387;0.0;0;0.0;0;0;0;4.138;2;;;;01.378.559/0001-12;;;;;;;;;;FSA;2457043.06;3548955.45;2021;0.0808
B2100322700000;QUATRO AMIGAS NUMA FRIA;2021;PRODAV 06;_tv_excluir;275651.2;286908.16;0.0;0;286908.16;0.0808;0.0387;0.0;0;0.0;0;0;0;4.138;2;;;;01.378.559/0001-12;;;;;;;;;;RENUNCIA_ART3;2999999.82;3480695.79;2021;0.0824
B2100322700000;QUATRO AMIGAS NUMA FRIA;2021;PRODAV 06;_tv_excluir;275651.2;286908.16;0.0;0;286908.16;0.0808;0.0387;0.0;0;0.0;0;0;0;4.138;2;;;;01.378.559/0001-12;;;;;;;;;;RENUNCIA_OUTROS;328421.0;381044.55;2021;0.753
B2100076100000;QUEM PRECISA DE IDENTIDADE?;2021;PRODAV 06;_tv_excluir;0.0;0.0;69613.92;60000;0.0;0.1743;0.0;0.0;0;0.0;0;0;0;4.068;2;;;;11.248.548/0001-71;;;;;;;;;;FSA;286855.67;399358.74;2021;0.0
B2100110200000;SOL DA BAHIA;2021;PRODAV 06;_tv_excluir;0.0;0.0;69613.92;60000;0.0;0.0753;0.0;0.0;0;0.0;0;0;0;3.88;1;;;;05.064.901/0001-60;;;;;;;;;;FSA;664381.33;924947.7;2021;0.0
B2100014600000;SOM DA RUA - TEMPORADA 3;2021;PRODAV 06;_tv_excluir;0.0;0.0;69613.92;60000;0.0;0.06;0.0;0.0;0;0.0;0;0;0;4.287;2;;;;03.360.320/0001-40;;;;;;;;;;FSA;1000000.0;1160232.0;2021;0.0
B2100014600000;SOM DA RUA - TEMPORADA 3;2021;PRODAV 06;_tv_excluir;0.0;0.0;69613.92;60000;0.0;0.06;0.0;0.0;0;0.0;0;0;0;4.287;2;;;;03.360.320/0001-40;;;;;;;;;;RENUNCIA_OUTROS;297413.03;345068.11;2021;0.0
B2200325000000;A PORTA AO LADO;2022;PRODAV 06;_tv_excluir;19943.37;20217.96;65803.86;60000;20217.96;0.0158;0.0033;0.0;0;0.0;0;0;0;3.171;1;;;;42.473.256/0001-66;;;;;;;;;;FSA;4073854.15;5437250.92;2022;0.0037
B2200325000000;A PORTA AO LADO;2022;PRODAV 06;_tv_excluir;19943.37;20217.96;65803.86;60000;20217.96;0.0158;0.0033;0.0;0;0.0;0;0;0;3.171;1;;;;42.473.256/0001-66;;;;;;;;;;RENUNCIA_ART3;551463.89;604807.54;2022;0.0334
B2200146300000;ALÉM DE NÓS;2022;PRODAV 06;_tv_excluir;7902.83;8011.64;0.0;0;8011.64;0.003;0.0028;0.0;0;0.0;0;0;0;3.6;1;;;;12.667.775/0001-02;;;;;;;;;;FSA;1901541.86;2647315.17;2022;0.003
B2200146300000;ALÉM DE NÓS;2022;PRODAV 06;_tv_excluir;7902.83;8011.64;0.0;0;8011.64;0.003;0.0028;0.0;0;0.0;0;0;0;3.6;1;;;;12.667.775/0001-02;;;;;;;;;;RENUNCIA_ART3;150000.0;164509.65;2022;0.0487
B2200250500000;BARRAGEM;2022;PRODAV 06;_tv_excluir;0.0;0.0;65803.86;60000;0.0;0.0934;0.0;0.0;0;0.0;0;0;0;0.0;0;0.0;;;05.958.016/0001-25;;;;;;;;;;FSA;505795.54;704165.52;2022;0.0
B2200504100000;DESAPEGA;2022;PRODAV 06;_tv_excluir;3084485.08;3126905.32;65803.86;60000;3126905.32;0.6593;0.6457;0.0;0;0.0;0;0;0;0.0;0;;;;17.383.231/0001-24;;;;;;;;;;FSA;4173584.85;4842326.7;2022;0.6457
B2200250300000;EIKE, TUDO OU NADA;2022;PRODAV 06;_tv_excluir;352700.6;367104.08;65803.86;60000;367104.08;0.0517;0.0315;0.0;0;0.0;0;0;0;3.63;2;0.0;;;42.473.256/0001-66;;;;;;;;;;FSA;6269868.39;8368205.24;2022;0.0439
B2200250300000;EIKE, TUDO OU NADA;2022;PRODAV 06;_tv_excluir;352700.6;367104.08;65803.86;60000;367104.08;0.0517;0.0315;0.0;0;0.0;0;0;0;3.63;2;0.0;;;42.473.256/0001-66;;;;;;;;;;RENUNCIA_ART3;3000000.0;3290193.0;2022;0.1116
B2300001000000;MANDADO;2022;PRODAV 06;_tv_excluir;0.0;0.0;65803.86;60000;0.0;0.3341;0.0;0.0;0;0.0;0;0;0;0.0;0;0.0;;;00.962.888/0001-43;;;;;;;;;;FSA;169775.51;196978.98;2022;0.0
B2200015800000;MANUFATURA FASHION;2022;PRODAV 06;_tv_excluir;0.0;0.0;65803.86;60000;0.0;0.0716;0.0;0.0;0;0.0;0;0;0;0.0;0;;;;17.902.521/0001-37;;;;;;;;;;FSA;660000.0;918848.04;2022;0.0
B2200202800000;NA FORÇA DA LEI;2022;PRODAV 06;_tv_excluir;0.0;0.0;65803.86;60000;0.0;0.0606;0.0;0.0;0;0.0;0;0;0;4.3;1;;;;05.064.901/0001-60;;;;;;;;;;FSA;779557.91;1085295.84;2022;0.0
B2200186300000;PAISAGEM CONCRETA;2022;PRODAV 06;_tv_excluir;0.0;0.0;65803.86;60000;0.0;0.8102;0.0;0.0;0;0.0;0;0;0;0.0;0;;;;09.019.897/0001-70;;;;;;;;;;FSA;70000.0;81216.24;2022;0.0
B2200003500000;TÔ RYCA! 2;2022;PRODAV 06;_tv_excluir;10070742.4;10482008.32;153542.34;140000;10482008.32;2.2561;1.3095;0.0;0;0.0;0;0;0;3.85;2;;;;02.140.164/0001-40;;;;;;;;;;FSA;3386091.1;4714095.71;2022;2.2235
B2200003500000;TÔ RYCA! 2;2022;PRODAV 06;_tv_excluir;10070742.4;10482008.32;153542.34;140000;10482008.32;2.2561;1.3095;0.0;0;0.0;0;0;0;3.85;2;;;;02.140.164/0001-40;;;;;;;;;;RENUNCIA_ART3;2999999.99;3290192.99;2022;3.1858
B2300271800000;1968 UM ANO NA VIDA;2023;PRODAV 06;_tv_excluir;0.0;0.0;62898.0;60000;0.0;0.1549;0.0;0.0;0;0.0;0;0;0;3.2;1;0.0;;;03.760.043/0001-63;;;;;;;;;;FSA;349999.1;406080.16;2023;0.0
B2300440000000;A ÉTICA DO SILÊNCIO;2023;PRODAV 06;_tv_excluir;0.0;0.0;62898.0;60000;0.0;0.1084;0.0;0.0;0;0.0;0;0;0;4.1;1;;;;09.372.544/0001-59;;;;;;;;;;FSA;500000.0;580116.0;2023;0.0
B2300139500000;AMADOS ENCONTROS;2023;PRODAV 06;_tv_excluir;0.0;0.0;62898.0;60000;0.0;0.0867;0.0;0.0;0;0.0;0;0;0;0.0;0;;;;07.467.108/0001-38;;;;;;;;;;FSA;520900.76;725194.91;2023;0.0
B2300484200000;AS AVENTURAS DE POLIANA - O FILME;2023;PRODAV 06;_tv_excluir;2076115.39;2104675.72;0.0;0;2104675.72;0.6547;0.2841;0.0;0;0.0;0;0;0;3.833;2;0.0;;;05.565.485/0001-84;;;;;;;;;;FSA;2931294.37;3214841.41;2023;0.6547
B2300484200000;AS AVENTURAS DE POLIANA - O FILME;2023;PRODAV 06;_tv_excluir;2076115.39;2104675.72;0.0;0;2104675.72;0.6547;0.2841;0.0;0;0.0;0;0;0;3.833;2;0.0;;;05.565.485/0001-84;;;;;;;;;;RENUNCIA_ART3;3000000.0;3144900.0;2023;0.6692
B2300484200000;AS AVENTURAS DE POLIANA - O FILME;2023;PRODAV 06;_tv_excluir;2076115.39;2104675.72;0.0;0;2104675.72;0.6547;0.2841;0.0;0;0.0;0;0;0;3.833;2;0.0;;;05.565.485/0001-84;;;;;;;;;;RENUNCIA_OUTROS;1000000.0;1048300.0;2023;2.0077
B2300270400000;COMPRO LIKES;2023;PRODAV 06;_tv_excluir;0.0;0.0;0.0;0;0.0;0.0;0.0;0.0;0;0.0;0;0;0;0.0;0;0.0;;;02.593.994/0001-22;;;;;;;;;;FSA;1616629.83;2157667.34;2023;0.0
B2300205100000;ELIS & TOM, SÓ TINHA DE SER COM VOCÊ;2023;PRODAV 06;_tv_excluir;1655524.96;1678130.44;62898.0;60000;1678130.44;1.6608;0.2655;11.5;0;0.0;4789;0;0;3.8;1;;;;06.015.397/0001-71;;;;;;;;;;FSA;1000000.0;1048300.0;2023;1.6008
B2300205100000;ELIS & TOM, SÓ TINHA DE SER COM VOCÊ;2023;PRODAV 06;_tv_excluir;1655524.96;1678130.44;62898.0;60000;1678130.44;1.6608;0.2655;11.5;0;0.0;4789;0;0;3.8;1;;;;06.015.397/0001-71;;;;;;;;;;RENUNCIA_ART3;3000000.0;3144900.0;2023;0.5336
B2300205100000;ELIS & TOM, SÓ TINHA DE SER COM VOCÊ;2023;PRODAV 06;_tv_excluir;1655524.96;1678130.44;62898.0;60000;1678130.44;1.6608;0.2655;11.5;0;0.0;4789;0;0;3.8;1;;;;06.015.397/0001-71;;;;;;;;;;RENUNCIA_OUTROS;2030000.0;2128049.0;2023;0.7886
B2300531000000;EU SOU O SAMBA MAS PODE ME CHAMAR DE ZÉ KETTI;2023;PRODAV 06;_tv_excluir;0.0;0.0;62898.0;60000;0.0;0.0828;0.0;0.0;0;0.0;0;0;0;3.975;1;;;;01.456.361/0001-00;;;;;;;;;;FSA;725000.0;760017.5;2023;0.0
B2300531000000;EU SOU O SAMBA MAS PODE ME CHAMAR DE ZÉ KETTI;2023;PRODAV 06;_tv_excluir;0.0;0.0;62898.0;60000;0.0;0.0828;0.0;0.0;0;0.0;0;0;0;3.975;1;;;;01.456.361/0001-00;;;;;;;;;;RENUNCIA_OUTROS;867000.0;908876.1;2023;0.0
B2300270600000;LEOPOLDINA, A IMPERATRIZ DO BRASIL;2023;PRODAV 06;_tv_excluir;0.0;0.0;62898.0;60000;0.0;0.15;0.0;0.0;0;0.0;0;0;0;4.343;2;0.0;;;04.661.796/0001-84;;;;;;;;;;FSA;400000.0;419320.0;2023;0.0
B2300364800000;MATA SELVAGEM;2023;PRODAV 06;_tv_excluir;0.0;0.0;62898.0;60000;0.0;0.3402;0.0;0.0;0;0.0;0;0;0;3.905;2;;;;15.281.532/0001-11;;;;;;;;;;FSA;168562.0;184867.17;2023;0.0
B2300186600000;MOBYLAS;2023;PRODAV 06;_tv_excluir;0.0;0.0;62898.0;60000;0.0;0.0777;0.0;0.0;0;0.0;0;0;0;0.0;0;;;;07.929.498/0001-10;;;;;;;;;;FSA;738117.05;809515.85;2023;0.0
B2300499100000;MÃES DA TERRA;2023;PRODAV 06;_tv_excluir;0.0;0.0;0.0;0;0.0;0.0;0.0;0.0;0;0.0;0;0;0;3.97;2;;;;27.651.181/0001-72;;;;;;;;;;FSA;700000.0;934269.0;2023;0.0
B2300334500000;NOTÍCIAS POPULARES;2023;PRODAV 06;_tv_excluir;0.0;0.0;62898.0;60000;0.0;0.0114;0.0;0.0;0;0.0;0;0;0;0.0;0;;;;29.521.986/0001-27;;;;;;;;;;FSA;4126100.0;5506981.89;2023;0.0
B2300166800000;PARTOUR;2023;PRODAV 06;_tv_excluir;0.0;0.0;62898.0;60000;0.0;0.2356;0.0;0.0;0;0.0;0;0;0;0.0;0;;;;64.044.886/0001-58;;;;;;;;;;FSA;200000.0;266934.0;2023;0.0
B2300024000000;POVO DA FLORESTA;2023;PRODAV 06;_tv_excluir;2723.56;2723.56;293524.0;280000;2723.56;1.8194;0.006;0.0;0;0.0;0;0;0;0.0;0;;;;07.929.498/0001-10;;;;;;;;;;FSA;122000.0;162829.74;2023;0.0167
B2300024000000;POVO DA FLORESTA;2023;PRODAV 06;_tv_excluir;2723.56;2723.56;293524.0;280000;2723.56;1.8194;0.006;0.0;0;0.0;0;0;0;0.0;0;;;;07.929.498/0001-10;;;;;;;;;;RENUNCIA_ART3;280000.0;293524.0;2023;0.0093
B2300270000000;RIO - DO BARROCO AO CONTEMPORÂNEO, UM MUSEU A CÉU ABERTO;2023;PRODAV 06;_tv_excluir;0.0;0.0;62898.0;60000;0.0;0.087;0.0;0.0;0;0.0;0;0;0;0.0;0;0.0;;Oscar;01.456.361/0001-00;;;;;;;;;;FSA;623000.0;722824.54;2023;0.0
B2300270000000;RIO - DO BARROCO AO CONTEMPORÂNEO, UM MUSEU A CÉU ABERTO;2023;PRODAV 06;_tv_excluir;0.0;0.0;62898.0;60000;0.0;0.087;0.0;0.0;0;0.0;0;0;0;0.0;0;0.0;;Oscar;01.456.361/0001-00;;;;;;;;;;RENUNCIA_OUTROS;15000.0;15724.5;2023;0.0
B2300276400000;VERMELHO MONET;2023;PRODAV 06;_tv_excluir;69202.28;69202.28;146762.0;140000;69202.28;0.0254;0.0081;0.0;0;0.0;0;0;0;3.717;1;;;;02.008.424/0001-28;;;;;;;;;;FSA;6100000.0;8492383.4;2023;0.0081
B2300334800000;VILLA-LOBOS EM PARIS;2023;PRODAV 06;_tv_excluir;0.0;0.0;62898.0;60000;0.0;0.0729;0.0;0.0;0;0.0;0;0;0;4.008;2;;;;22.446.460/0001-80;;;;;;;;;;FSA;744040.2;863259.25;2023;0.0
B1700615400000;O DESMONTE DO MONTE;2017;PRODAV 07;_tv_excluir;77019.84;101805.48;173328.12;120000;101805.48;0.2901;0.1074;2.1;0;10.5;0;0;0;0.0;0;;;;04.760.800/0001-61;;;;;;;;;;FSA;600000.0;948326.4;2017;0.1074
B1800213800000;BIXA TRAVESTY;2018;PRODAV 07;_tv_excluir;275128.51;345474.64;389814.32;280000;345474.64;1.0184;0.4785;22.53;0;57.0;3630;0;0;0.0;0;0.0;;;67.619.171/0001-74;;;;;;;;;;FSA;499880.0;722027.17;2018;0.4785
B1900108800000;OS JOVENS BAUMANN;2018;PRODAV 07;_tv_excluir;28192.74;35446.04;83531.64;60000;35446.04;0.3606;0.1074;0.9;0;4.5;0;0;0;3.54;2;0.0;;;13.193.095/0001-59;;;;;;;;;;FSA;237000.0;329949.98;2018;0.1074
B1800287300000;SERTÃO VELHO CERRADO;2018;PRODAV 07;_tv_excluir;30364.72;40097.96;83531.64;60000;40097.96;0.888;0.0138;0.0;0;0.0;0;0;0;0.0;0;1.0;105.0;;13.857.649/0001-75;;;;;;;;;;FSA;100000.0;139219.4;2018;0.288
B1800287300000;SERTÃO VELHO CERRADO;2018;PRODAV 07;_tv_excluir;30364.72;40097.96;83531.64;60000;40097.96;0.888;0.0138;0.0;0;0.0;0;0;0;0.0;0;1.0;105.0;;13.857.649/0001-75;;;;;;;;;;RENUNCIA_OUTROS;1980000.0;2756544.12;2018;0.0145
B1800458600000;VERMELHO SOL;2018;PRODAV 07;_tv_excluir;100716.52;126854.28;83531.64;60000;126854.28;0.4098;0.2471;9.5;0;47.5;0;0;0;3.88;1;;;;12.658.679/0001-90;;;;;;;;;;FSA;368786.67;513422.59;2018;0.2471
B1900093000000;A JANGADA DE WELLES;2019;PRODAV 07;_tv_excluir;19367.4;20158.32;80080.2;60000;20158.32;0.1388;0.0279;2.1;0;10.5;0;0;0;0.0;0;;;;04.614.433/0001-98;;;;;;;;;;FSA;500000.0;722200.5;2019;0.0279
B1900175200000;ENQUANTO ESTAMOS AQUI;2019;PRODAV 07;_tv_excluir;9721.9;10118.92;0.0;0;10118.92;0.028;0.028;3.3;0;16.5;0;0;0;4.03;2;1.0;0.0;;07.525.577/0001-66;;;;;;;;;;FSA;250000.0;361100.25;2019;0.028
B1900269000000;SEM DESCANSO;2019;PRODAV 07;_tv_excluir;4845.76;6043.52;80080.2;60000;6043.52;0.2126;0.0149;2.1;0;10.5;0;0;0;0.0;0;;;;09.124.563/0001-66;;;;;;;;;;FSA;291000.0;405128.45;2019;0.0149
B2000429100000;CASA DE ANTIGUIDADES;2020;PRODAV 07;_tv_excluir;14936.2;15546.16;76617.12;60000;15546.16;0.0392;0.0066;0.0;0;0.0;0;0;0;3.045;2;;;;07.533.507/0001-50;;;;;;;;;;FSA;2026732.61;2351480.03;2020;0.0066
B2000459900000;DORIVAL CAYMMI – UM HOMEM DE AFETOS;2020;PRODAV 07;_tv_excluir;169079.4;169079.4;357546.56;280000;169079.4;0.5209;0.1519;0.0;0;0.0;0;0;0;4.1;1;2.0;0.0;;01.179.201/0001-60;;;;;;;;;;FSA;700000.0;1011080.7;2020;0.1672
B2000459900000;DORIVAL CAYMMI – UM HOMEM DE AFETOS;2020;PRODAV 07;_tv_excluir;169079.4;169079.4;357546.56;280000;169079.4;0.5209;0.1519;0.0;0;0.0;0;0;0;4.1;1;2.0;0.0;;01.179.201/0001-60;;;;;;;;;;RENUNCIA_OUTROS;80000.0;102156.16;2020;1.6551
B2000542500000;MEU NOME É BAGDÁ;2020;PRODAV 07;_tv_excluir;0.0;0.0;76617.12;60000;0.0;0.0499;0.0;20.68;0;43.0;7317;0;0;3.857;2;0.0;;;09.163.772/0001-19;;;;;;;;;;FSA;1150000.0;1534870.5;2020;0.0
B2000542500000;MEU NOME É BAGDÁ;2020;PRODAV 07;_tv_excluir;0.0;0.0;76617.12;60000;0.0;0.0499;0.0;20.68;0;43.0;7317;0;0;3.857;2;0.0;;;09.163.772/0001-19;;;;;;;;;;RENUNCIA_OUTROS;750000.0;957714.0;2020;0.0
B2100232400000;O ACIDENTE;2021;PRODAV 07;_tv_excluir;13275.97;13458.76;0.0;0;13458.76;0.0111;0.0111;4.0;0;20.0;0;0;0;0.0;0;0.0;;;10.468.552/0001-82;;;;;;;;;;FSA;869107.46;1209966.19;2021;0.0111
B2100242000000;OS CAMINHOS DO MEU PAI;2021;PRODAV 07;_tv_excluir;3775.68;4294.08;0.0;0;4294.08;0.0043;0.0043;0.0;0;0.0;0;0;0;4.257;2;;;;66.876.707/0001-74;;;;;;;;;;FSA;713606.09;993478.12;2021;0.0043
B2100484600000;TINNITUS;2021;PRODAV 07;_tv_excluir;23551.61;23875.88;69613.92;60000;23875.88;0.0385;0.0098;15.1;0;29.0;942;0;0;0.0;0;;;;52.858.982/0001-50;;;;;;;;;;FSA;1819275.0;2428131.76;2021;0.0098
B2200499500000;PRAIA DO SILÊNCIO;2022;PRODAV 07;_tv_excluir;2306.08;2306.08;0.0;0;2306.08;0.0115;0.0115;0.0;0;0.0;0;0;0;4.1;1;;;;02.902.219/0001-01;;;;;;;;;;FSA;156528.1;199878.87;2022;0.0115
B2300353100000;À MARGEM DO OURO;2023;PRODAV 07;_tv_excluir;735.56;735.56;62898.0;60000;735.56;0.0809;0.0009;0.0;0;0.0;0;0;0;3.962;2;;;;02.902.219/0001-01;;;;;;;;;;FSA;678008.03;786646.61;2023;0.0009
B2300353100000;À MARGEM DO OURO;2023;PRODAV 07;_tv_excluir;735.56;735.56;62898.0;60000;735.56;0.0809;0.0009;0.0;0;0.0;0;0;0;3.962;2;;;;02.902.219/0001-01;;;;;;;;;;RENUNCIA_OUTROS;30000.0;31449.0;2023;0.0234
B1700066800000;AMAZÔNIA POSTAL;2016;PRODAV 08;_tv_excluir;0.0;0.0;89220.66;60000;0.0;0.1538;0.0;0.0;0;0.0;0;0;0;0.0;0;1.0;0.0;;10.499.966/0001-79;;;;;;;;;;FSA;390000.0;579934.29;2016;0.0
B1700066800000;AMAZÔNIA POSTAL;2016;PRODAV 08;_tv_excluir;0.0;0.0;89220.66;60000;0.0;0.1538;0.0;0.0;0;0.0;0;0;0;0.0;0;1.0;0.0;;10.499.966/0001-79;;;;;;;;;;RENUNCIA_OUTROS;2000000.0;2974022.0;2016;0.0
B1700118500000;AURÁ, EU SOU DE LÁ;2016;PRODAV 08;_tv_excluir;0.0;0.0;0.0;0;0.0;0.0;0.0;0.0;0;0.0;0;0;0;3.8;1;;;;13.931.232/0001-05;;;;;;;;;;FSA;390000.0;616412.16;2016;0.0
B1700448900000;BLOG DA MARI;2016;PRODAV 08;_tv_excluir;0.0;0.0;0.0;0;0.0;0.0;0.0;0.0;0;0.0;0;0;0;0.0;0;;;;12.965.878/0001-40;;;;;;;;;;FSA;507000.0;753914.58;2016;0.0
B1700048200000;MAUANI, O SILÊNCIO DE MARIA;2016;PRODAV 08;_tv_excluir;0.0;0.0;0.0;0;0.0;0.0;0.0;0.0;0;0.0;0;0;0;4.1;1;;;;21.831.217/0001-13;;;;;;;;;;FSA;650000.0;966557.15;2016;0.0
B1700048200000;MAUANI, O SILÊNCIO DE MARIA;2016;PRODAV 08;_tv_excluir;0.0;0.0;0.0;0;0.0;0.0;0.0;0.0;0;0.0;0;0;0;4.1;1;;;;21.831.217/0001-13;;;;;;;;;;RENUNCIA_ART3;426502.5;634213.91;2016;0.0
B1700097600000;MEU PEQUENO MUNDO;2016;PRODAV 08;_tv_excluir;0.0;0.0;0.0;0;0.0;0.0;0.0;0.0;0;0.0;0;0;0;3.725;2;;;;06.244.934/0001-55;;;;;;;;;;FSA;675510.0;1004490.8;2016;0.0
B1700256000000;NOKUN TXAI - NOSSOS TXAIS;2016;PRODAV 08;_tv_excluir;0.0;0.0;0.0;0;0.0;0.0;0.0;0.0;0;0.0;0;0;0;0.0;0;2.0;1.0;;19.709.434/0001-93;;;;;;;;;;FSA;1352000.0;2010438.87;2016;0.0
B1600729900000;RODA MOINHO, RODA PIÃO, QUERO CULTURA NO MEU PIRÃO;2016;PRODAV 08;_tv_excluir;0.0;0.0;0.0;0;0.0;0.0;0.0;0.0;0;0.0;0;0;0;3.965;2;0.0;;;05.808.346/0001-34;;;;;;;;;;FSA;390000.0;616412.16;2016;0.0
B1700129600000;SQUAT NA AMAZÔNIA;2016;PRODAV 08;_tv_excluir;0.0;0.0;89220.66;60000;0.0;0.0868;0.0;0.0;0;0.0;0;0;0;3.271;1;;;;13.931.232/0001-05;;;;;;;;;;FSA;650000.0;1027353.6;2016;0.0
B1700129600000;SQUAT NA AMAZÔNIA;2016;PRODAV 08;_tv_excluir;0.0;0.0;89220.66;60000;0.0;0.0868;0.0;0.0;0;0.0;0;0;0;3.271;1;;;;13.931.232/0001-05;;;;;;;;;;RENUNCIA_OUTROS;2000000.0;2974022.0;2016;0.0
B1700291100000;TAPUME;2016;PRODAV 08;_tv_excluir;0.0;0.0;178441.32;120000;0.0;0.6857;0.0;0.0;0;0.0;0;0;0;0.0;0;0.0;;;20.357.494/0001-73;;;;;;;;;;FSA;174999.5;260226.18;2016;0.0
B1700218600000;TERRITÓRIOS;2016;PRODAV 08;_tv_excluir;0.0;0.0;0.0;0;0.0;0.0;0.0;0.0;0;0.0;0;0;0;0.0;0;0.0;;;21.805.029/0001-10;;;;;;;;;;FSA;390000.0;579934.29;2016;0.0
B1700262700000;ÍNDIO PRESENTE;2016;PRODAV 08;_tv_excluir;0.0;0.0;0.0;0;0.0;0.0;0.0;0.0;0;0.0;0;0;0;0.0;0;0.0;;;06.244.934/0001-55;;;;;;;;;;FSA;1351900.0;2010290.17;2016;0.0
B1800228000000;AMAZÔNIA LEGAL;2017;PRODAV 08;_tv_excluir;0.0;0.0;0.0;0;0.0;0.0;0.0;0.0;0;0.0;0;0;0;0.0;0;;;;24.144.897/0001-95;;;;;;;;;;FSA;939400.0;1356870.3;2017;0.0
B1800228000000;AMAZÔNIA LEGAL;2017;PRODAV 08;_tv_excluir;0.0;0.0;0.0;0;0.0;0.0;0.0;0.0;0;0.0;0;0;0;0.0;0;;;;24.144.897/0001-95;;;;;;;;;;RENUNCIA_OUTROS;2000000.0;2888802.0;2017;0.0
B1700464900000;AS LENDAS DA TURMA DO JAMBU;2017;PRODAV 08;_tv_excluir;0.0;0.0;0.0;0;0.0;0.0;0.0;0.0;0;0.0;0;0;0;3.853;2;;;;83.647.040/0001-57;;;;;;;;;;FSA;455000.0;676590.01;2017;0.0
B1700052500000;GLEBA - CHÃO DE MARIAS;2017;PRODAV 08;_tv_excluir;0.0;0.0;0.0;0;0.0;0.0;0.0;0.0;0;0.0;0;0;0;0.0;0;;;;13.993.337/0001-99;;;;;;;;;;FSA;390000.0;616412.16;2017;0.0
B1700052500000;GLEBA - CHÃO DE MARIAS;2017;PRODAV 08;_tv_excluir;0.0;0.0;0.0;0;0.0;0.0;0.0;0.0;0;0.0;0;0;0;0.0;0;;;;13.993.337/0001-99;;;;;;;;;;RENUNCIA_OUTROS;673000.0;972081.87;2017;0.0
B1700053600000;PLANTÃO DA IMAGINAÇÃO;2017;PRODAV 08;_tv_excluir;0.0;0.0;0.0;0;0.0;0.0;0.0;0.0;0;0.0;0;0;0;3.348;2;;;;13.993.337/0001-99;;;;;;;;;;FSA;162000.0;256048.13;2017;0.0
B1900132700000;AMAZÔNIA OCUPADA;2018;PRODAV 08;_tv_excluir;0.0;0.0;0.0;0;0.0;0.0;0.0;0.0;0;0.0;0;0;0;0.0;0;;;;05.928.108/0001-62;;;;;;;;;;FSA;2028000.0;3015658.31;2018;0.0
B1900132700000;AMAZÔNIA OCUPADA;2018;PRODAV 08;_tv_excluir;0.0;0.0;0.0;0;0.0;0.0;0.0;0.0;0;0.0;0;0;0;0.0;0;;;;05.928.108/0001-62;;;;;;;;;;RENUNCIA_OUTROS;2000000.0;2784388.0;2018;0.0
B1800550600000;BIMI SHU IKAYA;2018;PRODAV 08;_tv_excluir;0.0;0.0;0.0;0;0.0;0.0;0.0;0.0;0;0.0;0;0;0;0.0;0;0.0;;;19.709.434/0001-93;;;;;;;;;;FSA;208000.0;300435.41;2018;0.0
B1900066100000;BRINQUEDONAUTAS;2018;PRODAV 08;_tv_excluir;0.0;0.0;83531.64;60000;0.0;0.0748;0.0;0.0;0;0.0;0;0;0;0.0;0;0.0;;;20.240.711/0001-40;;;;;;;;;;FSA;773500.0;1117244.17;2018;0.0
B1800262500000;O OLHAR QUE VEM DE DENTRO;2018;PRODAV 08;_tv_excluir;0.0;0.0;0.0;0;0.0;0.0;0.0;0.0;0;0.0;0;0;0;4.018;2;2.0;1.0;;19.709.434/0001-93;;;;;;;;;;FSA;507000.0;732311.31;2018;0.0
B1800171500000;OS DINÂMICOS;2018;PRODAV 08;_tv_excluir;0.0;0.0;0.0;0;0.0;0.0;0.0;0.0;0;0.0;0;0;0;0.0;0;0.0;;;02.801.220/0001-40;;;;;;;;;;FSA;455000.0;676590.01;2018;0.0
B1900161300000;PA'LANTE;2018;PRODAV 08;_tv_excluir;0.0;0.0;0.0;0;0.0;0.0;0.0;0.0;0;0.0;0;0;0;0.0;0;6.0;1.0;;21.026.402/0001-35;;;;;;;;;;FSA;389939.0;563228.28;2018;0.0
B1800595700000;TRANSVIAR;2018;PRODAV 08;_tv_excluir;0.0;0.0;0.0;0;0.0;0.0;0.0;0.0;0;0.0;0;0;0;0.0;0;0.0;;;21.805.029/0001-10;;;;;;;;;;FSA;1859000.0;2685141.46;2018;0.0
B2000008800000;BOTO;2019;PRODAV 08;_tv_excluir;0.0;0.0;0.0;0;0.0;0.0;0.0;0.0;0;0.0;0;0;0;0.0;0;0.0;;;15.724.988/0001-09;;;;;;;;;;FSA;1684254.0;2432738.16;2019;0.0
B1900267300000;LUPITA NO PLANETA DE GENTE GRANDE;2019;PRODAV 08;_tv_excluir;0.0;0.0;373707.6;280000;0.0;0.3358;0.0;0.0;0;0.0;0;0;0;4.025;2;0.0;;;08.813.728/0001-44;;;;;;;;;;FSA;770550.0;1112983.19;2019;0.0
B1900630800000;O BONECO DE BARRO E O REI;2019;PRODAV 08;_tv_excluir;0.0;0.0;0.0;0;0.0;0.0;0.0;0.0;0;0.0;0;0;0;3.9;1;;;;16.101.680/0001-70;;;;;;;;;;FSA;1690000.0;2513048.59;2019;0.0
B1900337100000;TRAVESSIA;2019;PRODAV 08;_tv_excluir;70125.0;92939.0;0.0;0;92939.0;0.3093;0.0489;0.0;0;0.0;0;0;0;3.9;1;0.0;;;21.805.029/0001-10;;;;;;;;;;FSA;208000.0;300435.41;2019;0.3093
B1900337100000;TRAVESSIA;2019;PRODAV 08;_tv_excluir;70125.0;92939.0;0.0;0;92939.0;0.3093;0.0489;0.0;0;0.0;0;0;0;3.9;1;0.0;;;21.805.029/0001-10;;;;;;;;;;RENUNCIA_OUTROS;1200000.0;1601604.0;2019;0.058
B2200056700000;MAD SCIENTISTS - CIENTISTAS QUE NINGUÉM QUIS OUVIR;2022;PRODAV 08;_tv_excluir;0.0;0.0;0.0;0;0.0;0.0;0.0;0.0;0;0.0;0;0;0;0.0;0;;;;05.815.669/0001-55;;;;;;;;;;FSA;1014000.0;1464622.61;2022;0.0
B1700452300000;A BICICLETA DO VOVÔ, A SÉRIE;2016;PRODAV 09;_tv_excluir;0.0;0.0;0.0;0;0.0;0.0;0.0;0.0;0;0.0;0;0;0;0.0;0;;;;10.281.460/0001-99;;;;;;;;;;FSA;844995.0;1256516.86;2016;0.0
B1700182400000;ALÉM DA LENDA;2016;PRODAV 09;_tv_excluir;0.0;0.0;118960.88;80000;0.0;0.1758;0.0;0.0;0;0.0;0;0;0;3.97;2;0.0;;;18.274.744/0001-60;;;;;;;;;;FSA;455000.0;676590.01;2016;0.0
B1700182400000;ALÉM DA LENDA;2016;PRODAV 09;_tv_excluir;0.0;0.0;118960.88;80000;0.0;0.1758;0.0;0.0;0;0.0;0;0;0;3.97;2;0.0;;;18.274.744/0001-60;;;;;;;;;;RENUNCIA_ART3;150000.0;223051.65;2016;0.0
B1700053400000;ASTROBALDO;2016;PRODAV 09;_tv_excluir;0.0;0.0;416363.08;280000;0.0;0.2367;0.0;0.0;0;0.0;0;0;0;0.0;0;;;;04.260.031/0001-32;;;;;;;;;;FSA;1183000.0;1759134.01;2016;0.0
B1700071900000;BELA CRIATIVA;2016;PRODAV 09;_tv_excluir;0.0;0.0;535323.96;360000;0.0;0.2869;0.0;0.0;0;0.0;0;0;0;0.0;0;;;;07.579.479/0001-01;;;;;;;;;;FSA;1180500.0;1865832.19;2016;0.0
B1600746900000;MÚSICA DA MINHA VIDA;2016;PRODAV 09;_tv_excluir;0.0;0.0;0.0;0;0.0;0.0;0.0;0.0;0;0.0;0;0;0;3.2;1;;;;40.530.917/0001-12;;;;;;;;;;FSA;650000.0;1027353.6;2016;0.0
B1700220900000;O NÓ DO DIABO;2016;PRODAV 09;_tv_excluir;31102.72;41111.84;0.0;0;41111.84;0.04;0.04;0.0;0;0.0;0;0;0;4.3;1;;;Rotterdam;19.099.086/0001-80;;;;;;;;;;FSA;650000.0;1027353.6;2016;0.04
B1700127900000;TÁ NA HORA DE BRINCAR;2016;PRODAV 09;_tv_excluir;0.0;0.0;0.0;0;0.0;0.0;0.0;0.0;0;0.0;0;0;0;0.0;0;0.0;;;06.842.017/0001-72;;;;;;;;;;FSA;162000.0;240895.78;2016;0.0
B1700119300000;APRENDER A SONHAR;2017;PRODAV 09;_tv_excluir;0.0;0.0;86664.06;60000;0.0;0.1494;0.0;0.0;0;0.0;0;0;0;0.0;0;;;;12.345.593/0001-07;;;;;;;;;;FSA;390000.0;579934.29;2017;0.0
B1700582100000;LANA & CAROL;2017;PRODAV 09;_tv_excluir;0.0;0.0;86664.06;60000;0.0;0.0355;0.0;0.0;0;0.0;0;0;0;4.3;1;;;;07.202.193/0001-02;;;;;;;;;;FSA;1690000.0;2441037.69;2017;0.0
B1800072600000;MANOEL BERNARDINO: O LENIN DA MATTA;2017;PRODAV 09;_tv_excluir;0.0;0.0;0.0;0;0.0;0.0;0.0;0.0;0;0.0;0;0;0;0.0;0;;;;03.553.092/0001-25;;;;;;;;;;FSA;156000.0;225326.56;2017;0.0
B1700600000000;MEU IRMÃO NERD;2017;PRODAV 09;_tv_excluir;0.0;0.0;115552.08;80000;0.0;0.122;0.0;0.0;0;0.0;0;0;0;3.075;2;0.0;;;16.487.027/0001-90;;;;;;;;;;FSA;637000.0;947226.01;2017;0.0
B1800034000000;SERTÃO DE DENTRO;2017;PRODAV 09;_tv_excluir;0.0;0.0;0.0;0;0.0;0.0;0.0;0.0;0;0.0;0;0;0;0.0;0;;;;16.487.027/0001-90;;;;;;;;;;FSA;2028000.0;3015658.31;2017;0.0
B1700301000000;TRAVESSIAS NEGRAS;2017;PRODAV 09;_tv_excluir;0.0;0.0;86664.06;60000;0.0;0.1494;0.0;0.0;0;0.0;0;0;0;0.0;0;3.0;39.0;;63.190.623/0001-94;;;;;;;;;;FSA;390000.0;579934.29;2017;0.0
B1700301000000;TRAVESSIAS NEGRAS;2017;PRODAV 09;_tv_excluir;0.0;0.0;86664.06;60000;0.0;0.1494;0.0;0.0;0;0.0;0;0;0;0.0;0;3.0;39.0;;63.190.623/0001-94;;;;;;;;;;RENUNCIA_OUTROS;525191.56;758587.21;2017;0.0
B1700469000000;UM CONTO EM CADA PONTO;2017;PRODAV 09;_tv_excluir;0.0;0.0;0.0;0;0.0;0.0;0.0;0.0;0;0.0;0;0;0;4.24;2;;;;04.761.874/0001-12;;;;;;;;;;FSA;455000.0;676590.01;2017;0.0
B1700574300000;XAVANTE - O POVO DO SOL NASCENTE;2017;PRODAV 09;_tv_excluir;0.0;0.0;0.0;0;0.0;0.0;0.0;0.0;0;0.0;0;0;0;3.88;1;1.0;0.0;;10.505.568/0001-18;;;;;;;;;;FSA;208000.0;300435.41;2017;0.0
B1700447300000;ÁFRICA DA SORTE;2017;PRODAV 09;_tv_excluir;0.0;0.0;86664.06;60000;0.0;0.0844;0.0;0.0;0;0.0;0;0;0;0.0;0;;;;02.908.530/0001-68;;;;;;;;;;FSA;650000.0;1027353.6;2017;0.0
B1800348100000;BIA DESENHA;2018;PRODAV 09;_tv_excluir;0.0;0.0;167063.28;120000;0.0;0.1495;0.0;0.0;0;0.0;0;0;0;0.0;0;0.0;;;02.669.022/0001-74;;;;;;;;;;FSA;773496.0;1117238.4;2018;0.0
B1900166300000;BORBOLETAS E SEREIAS;2018;PRODAV 09;_tv_excluir;0.0;0.0;111375.52;80000;0.0;0.1521;0.0;0.0;0;0.0;0;0;0;0.0;0;0.0;;;08.991.631/0001-21;;;;;;;;;;FSA;507000.0;732311.31;2018;0.0
B1900243600000;IDENTIDADE #TRANSVIVE;2018;PRODAV 09;_tv_excluir;0.0;0.0;0.0;0;0.0;0.0;0.0;0.0;0;0.0;0;0;0;4.068;2;;;;16.894.643/0001-66;;;;;;;;;;FSA;390000.0;563316.39;2018;0.0
B1900035200000;PEQUENO GIGANTE;2018;PRODAV 09;_tv_excluir;0.0;0.0;111375.52;80000;0.0;0.0415;0.0;0.0;0;0.0;0;0;0;0.0;0;0.0;;;03.931.658/0001-05;;;;;;;;;;FSA;1859000.0;2685141.46;2018;0.0
B1900035200000;PEQUENO GIGANTE;2018;PRODAV 09;_tv_excluir;0.0;0.0;111375.52;80000;0.0;0.0415;0.0;0.0;0;0.0;0;0;0;0.0;0;0.0;;;03.931.658/0001-05;;;;;;;;;;RENUNCIA_ART3;8195456.75;11409665.71;2018;0.0
B1900245400000;DE QUEBRADA EM QUEBRADA;2019;PRODAV 09;_tv_excluir;0.0;0.0;0.0;0;0.0;0.0;0.0;0.0;0;0.0;0;0;0;3.96;2;;;;02.577.651/0001-74;;;;;;;;;;FSA;2028000.0;2929245.23;2019;0.0
B1900280000000;DIÁRIO DE LULI;2019;PRODAV 09;_tv_excluir;0.0;0.0;0.0;0;0.0;0.0;0.0;0.0;0;0.0;0;0;0;4.412;2;;;;00.353.368/0001-33;;;;;;;;;;FSA;1687426.0;2437319.8;2019;0.0
B1900596400000;FOI ASSIM E FOI ASSADO;2019;PRODAV 09;_tv_excluir;0.0;0.0;0.0;0;0.0;0.0;0.0;0.0;0;0.0;0;0;0;0.0;0;0.0;;;11.223.363/0001-02;;;;;;;;;;FSA;760760.0;1098842.5;2019;0.0
B1900261300000;O OUTRO LADO DO OUTRO;2019;PRODAV 09;_tv_excluir;0.0;0.0;80080.2;60000;0.0;0.2675;0.0;0.0;0;0.0;0;0;0;4.348;2;;;;22.543.352/0001-26;;;;;;;;;;FSA;207234.0;299329.0;2019;0.0
B1900261300000;O OUTRO LADO DO OUTRO;2019;PRODAV 09;_tv_excluir;0.0;0.0;80080.2;60000;0.0;0.2675;0.0;0.0;0;0.0;0;0;0;4.348;2;;;;22.543.352/0001-26;;;;;;;;;;RENUNCIA_ART3;60000.0;80080.2;2019;0.0
B1900261300000;O OUTRO LADO DO OUTRO;2019;PRODAV 09;_tv_excluir;0.0;0.0;80080.2;60000;0.0;0.2675;0.0;0.0;0;0.0;0;0;0;4.348;2;;;;22.543.352/0001-26;;;;;;;;;;RENUNCIA_OUTROS;2110000.0;2816153.7;2019;0.0
B1900202900000;OS OVOS DA RAPOSA;2019;PRODAV 09;_tv_excluir;0.0;0.0;106773.6;80000;0.0;0.0398;0.0;0.0;0;0.0;0;0;0;0.0;0;;;;08.277.315/0001-92;;;;;;;;;;FSA;1855818.3;2680545.81;2019;0.0
B1700141400000;A ESCOLA DOS MISTÉRIOS;2016;PRODAV 10;_tv_excluir;0.0;0.0;0.0;0;0.0;0.0;0.0;0.0;0;0.0;0;0;0;0.0;0;7.0;9.0;;04.482.216/0001-91;;;;;;;;;;FSA;506946.83;801251.77;2016;0.0
B1700261300000;CIDADE INVISÍVEL;2016;PRODAV 10;_tv_excluir;0.0;0.0;0.0;0;0.0;0.0;0.0;0.0;0;0.0;0;0;0;2.9;1;;;;14.139.914/0001-42;;;;;;;;;;FSA;650000.0;1027353.6;2016;0.0
B1700297600000;FANTASMAS DA CASA PRÓPRIA;2016;PRODAV 10;_tv_excluir;0.0;0.0;0.0;0;0.0;0.0;0.0;0.0;0;0.0;0;0;0;4.4;1;0.0;;;13.044.728/0001-67;;;;;;;;;;FSA;390000.0;616412.16;2016;0.0
B1700411500000;GIRAMUNDO;2016;PRODAV 10;_tv_excluir;0.0;0.0;0.0;0;0.0;0.0;0.0;0.0;0;0.0;0;0;0;0.0;0;2.0;0.0;;12.906.549/0001-29;;;;;;;;;;FSA;676000.0;1068447.74;2016;0.0
B1700122600000;GUATEKA;2016;PRODAV 10;_tv_excluir;0.0;0.0;89220.66;60000;0.0;0.0868;0.0;0.0;0;0.0;0;0;0;0.0;0;;;;20.514.258/0001-13;;;;;;;;;;FSA;650000.0;1027353.6;2016;0.0
B1700089300000;JÚLIO E VERNE OS IRMÃOS GEMIAIS;2016;PRODAV 10;_tv_excluir;0.0;0.0;535323.96;360000;0.0;0.426;0.0;0.0;0;0.0;0;0;0;3.013;1;;;;08.394.172/0001-07;;;;;;;;;;FSA;845000.0;1256524.3;2016;0.0
B1700405300000;MEU SKATE NÃO É ENFEITE;2016;PRODAV 10;_tv_excluir;0.0;0.0;0.0;0;0.0;0.0;0.0;0.0;0;0.0;0;0;0;3.857;2;;;;17.783.080/0001-00;;;;;;;;;;FSA;650000.0;1027353.6;2016;0.0
B1700107800000;MURALZINHO;2016;PRODAV 10;_tv_excluir;0.0;0.0;535323.96;360000;0.0;0.7444;0.0;0.0;0;0.0;0;0;0;0.0;0;;;;08.394.172/0001-07;;;;;;;;;;FSA;455000.0;719147.52;2016;0.0
B1600726600000;OLIMPÍADAS DA RUA;2016;PRODAV 10;_tv_excluir;0.0;0.0;0.0;0;0.0;0.0;0.0;0.0;0;0.0;0;0;0;3.88;1;0.0;;;03.218.295/0001-65;;;;;;;;;;FSA;162000.0;240895.78;2016;0.0
B1700424300000;VAMOS ACABAR COM O MONSTRO;2016;PRODAV 10;_tv_excluir;0.0;0.0;118960.88;80000;0.0;0.1182;0.0;0.0;0;0.0;0;0;0;0.0;0;;;;15.456.470/0001-31;;;;;;;;;;FSA;637000.0;1006806.53;2016;0.0
B1700431800000;AMANAJÉ, O MENSAGEIRO DO FUTURO;2017;PRODAV 10;_tv_excluir;0.0;0.0;0.0;0;0.0;0.0;0.0;0.0;0;0.0;0;0;0;3.871;1;;;;17.783.080/0001-00;;;;;;;;;;FSA;1352000.0;2136895.49;2017;0.0
B1700431800000;AMANAJÉ, O MENSAGEIRO DO FUTURO;2017;PRODAV 10;_tv_excluir;0.0;0.0;0.0;0;0.0;0.0;0.0;0.0;0;0.0;0;0;0;3.871;1;;;;17.783.080/0001-00;;;;;;;;;;RENUNCIA_ART3;169000.0;244103.77;2017;0.0
B1700229000000;BRASIL MIGRANTE;2017;PRODAV 10;_tv_excluir;0.0;0.0;0.0;0;0.0;0.0;0.0;0.0;0;0.0;0;0;0;0.0;0;5.0;23.0;;55.084.750/0001-80;;;;;;;;;;FSA;2028000.0;3205343.23;2017;0.0
B1900042700000;INSUSTENTÁVEIS;2017;PRODAV 10;_tv_excluir;0.0;0.0;115552.08;80000;0.0;0.043;0.0;0.0;0;0.0;0;0;0;0.0;0;;;;20.556.770/0001-22;;;;;;;;;;FSA;1859000.0;2685141.46;2017;0.0
B1900029400000;KUNTANAWA - A RECONSTRUÇÃO DE UM POVO;2017;PRODAV 10;_tv_excluir;0.0;0.0;0.0;0;0.0;0.0;0.0;0.0;0;0.0;0;0;0;3.629;1;;;;37.981.206/0001-50;;;;;;;;;;FSA;205920.0;297431.05;2017;0.0
B1700174700000;LENDAS ANIMADAS;2017;PRODAV 10;_tv_excluir;0.0;0.0;86664.06;60000;0.0;0.1205;0.0;0.0;0;0.0;0;0;0;0.0;0;;;;55.084.750/0001-80;;;;;;;;;;FSA;455000.0;719147.52;2017;0.0
B1700615100000;RAÍZES;2017;PRODAV 10;_tv_excluir;0.0;0.0;0.0;0;0.0;0.0;0.0;0.0;0;0.0;0;0;0;0.0;0;;;;17.904.679/0001-46;;;;;;;;;;FSA;156000.0;231973.72;2017;0.0
B1700615100000;RAÍZES;2017;PRODAV 10;_tv_excluir;0.0;0.0;0.0;0;0.0;0.0;0.0;0.0;0;0.0;0;0;0;0.0;0;;;;17.904.679/0001-46;;;;;;;;;;RENUNCIA_OUTROS;930884.4;1344570.36;2017;0.0
B1700339800000;TRAVESSURAS;2017;PRODAV 10;_tv_excluir;0.0;0.0;86664.06;60000;0.0;0.3385;0.0;0.0;0;0.0;0;0;0;0.0;0;;;;04.979.293/0001-51;;;;;;;;;;FSA;162000.0;256048.13;2017;0.0
B1800497500000;3 REFEIÇÕES;2018;PRODAV 10;_tv_excluir;0.0;0.0;0.0;0;0.0;0.0;0.0;0.0;0;0.0;0;0;0;0.0;0;;;;21.927.758/0001-40;;;;;;;;;;FSA;207576.21;299823.29;2018;0.0
B1800605000000;ALEM DOS MUROS;2018;PRODAV 10;_tv_excluir;0.0;0.0;83531.64;60000;0.0;0.1483;0.0;0.0;0;0.0;0;0;0;3.86;2;;;;22.071.805/0001-69;;;;;;;;;;FSA;390000.0;563316.39;2018;0.0
B1900034800000;O PANTANAL E OUTROS BICHOS;2018;PRODAV 10;_tv_excluir;0.0;0.0;111375.52;80000;0.0;0.0456;0.0;0.0;0;0.0;0;0;0;3.4;1;;;;00.614.991/0001-00;;;;;;;;;;FSA;1690000.0;2441037.69;2018;0.0
B1800132200000;PELAS BEIRADAS;2018;PRODAV 10;_tv_excluir;0.0;0.0;83531.64;60000;0.0;0.144;0.0;0.0;0;0.0;0;0;0;0.0;0;;;;07.875.582/0001-07;;;;;;;;;;FSA;390000.0;579934.29;2018;0.0
B1800290700000;RESPLENDOR;2018;PRODAV 10;_tv_excluir;0.0;0.0;0.0;0;0.0;0.0;0.0;0.0;0;0.0;0;0;0;0.0;0;2.0;0.0;;23.634.448/0001-62;;;;;;;;;;FSA;208000.0;300435.41;2018;0.0
B1900268600000;CRIAS DE DULCINA;2019;PRODAV 10;_tv_excluir;0.0;0.0;0.0;0;0.0;0.0;0.0;0.0;0;0.0;0;0;0;0.0;0;0.0;;;37.981.206/0001-50;;;;;;;;;;FSA;1673100.0;2416627.31;2019;0.0
B1900290500000;FRONTEIRAS FLUIDAS;2019;PRODAV 10;_tv_excluir;0.0;0.0;80080.2;60000;0.0;0.0398;0.0;0.0;0;0.0;0;0;0;0.0;0;;;;03.493.590/0001-20;;;;;;;;;;FSA;1351754.0;2010073.07;2019;0.0
B1900346200000;INVESTIGADORES DA HISTÓRIA;2019;PRODAV 10;_tv_excluir;0.0;0.0;80080.2;60000;0.0;0.0273;0.0;0.0;0;0.0;0;0;0;4.175;2;;;;02.899.751/0001-17;;;;;;;;;;FSA;2028000.0;2929245.23;2019;0.0
B1900630900000;MISSIVAS;2019;PRODAV 10;_tv_excluir;0.0;0.0;0.0;0;0.0;0.0;0.0;0.0;0;0.0;0;0;0;0.0;0;3.0;1.0;;19.984.916/0001-51;;;;;;;;;;FSA;205920.0;297431.05;2019;0.0
B2000205100000;O MENINO QUE ENGOLIU O SOL;2020;PRODAV 10;_tv_excluir;0.0;0.0;153234.24;120000;0.0;0.1423;0.0;0.0;0;0.0;0;0;0;3.88;1;;;;03.493.590/0001-20;;;;;;;;;;FSA;773491.18;1076849.78;2020;0.0
B1700014400000;ACEITO FOLIA;2016;PRODAV 11;_tv_excluir;0.0;0.0;0.0;0;0.0;0.0;0.0;0.0;0;0.0;0;0;0;0.0;0;3.0;0.0;;15.571.863/0001-96;;;;;;;;;;FSA;156000.0;231973.72;2016;0.0
B1700088200000;AXOGUN;2016;PRODAV 11;_tv_excluir;0.0;0.0;0.0;0;0.0;0.0;0.0;0.0;0;0.0;0;0;0;0.0;0;0.0;;;08.429.784/0001-80;;;;;;;;;;FSA;650000.0;966557.15;2016;0.0
B1700561400000;CANAL TELEVISÃO: UM MORRO DO BARULHO;2016;PRODAV 11;_tv_excluir;0.0;0.0;0.0;0;0.0;0.0;0.0;0.0;0;0.0;0;0;0;4.035;2;;;;15.571.863/0001-96;;;;;;;;;;FSA;650000.0;966557.15;2016;0.0
B1600765400000;DE MALA E CUIA;2016;PRODAV 11;_tv_excluir;0.0;0.0;208181.54;140000;0.0;0.2761;0.0;0.0;0;0.0;0;0;0;3.683;2;0.0;;;04.661.796/0001-84;;;;;;;;;;FSA;507000.0;753914.58;2016;0.0
B1600738400000;MEU CORPO É POLÍTICO;2016;PRODAV 11;_tv_excluir;34065.0;45147.48;89220.66;60000;45147.48;0.5792;0.1946;0.0;0;0.0;0;0;0;3.7;1;2.0;2.0;;10.551.469/0001-72;;;;;;;;;;FSA;156000.0;231973.72;2016;0.1946
B1700011700000;MINO E NINA;2016;PRODAV 11;_tv_excluir;0.0;0.0;0.0;0;0.0;0.0;0.0;0.0;0;0.0;0;0;0;3.817;2;0.0;;;05.064.562/0001-12;;;;;;;;;;FSA;455000.0;676590.01;2016;0.0
B1700011700000;MINO E NINA;2016;PRODAV 11;_tv_excluir;0.0;0.0;0.0;0;0.0;0.0;0.0;0.0;0;0.0;0;0;0;3.817;2;0.0;;;05.064.562/0001-12;;;;;;;;;;RENUNCIA_OUTROS;2039614.0;3032928.45;2016;0.0
B1700375500000;MOSTRA A TUA CARA!;2016;PRODAV 11;_tv_excluir;0.0;0.0;0.0;0;0.0;0.0;0.0;0.0;0;0.0;0;0;0;0.0;0;;;;07.496.159/0001-98;;;;;;;;;;FSA;1689600.0;2512453.79;2016;0.0
B1700260200000;MUNDO DA GENTE;2016;PRODAV 11;_tv_excluir;0.0;0.0;89220.66;60000;0.0;0.0888;0.0;0.0;0;0.0;0;0;0;3.2;1;0.0;;;08.266.867/0001-03;;;;;;;;;;FSA;675913.0;1005090.07;2016;0.0
B1700450600000;NINO: VIAGEM AO CONHECIMENTO;2016;PRODAV 11;_tv_excluir;0.0;0.0;0.0;0;0.0;0.0;0.0;0.0;0;0.0;0;0;0;0.0;0;;;;10.527.236/0001-34;;;;;;;;;;FSA;450000.0;669154.95;2016;0.0
B1700602300000;PINTANDO A SÉTIMA ARTE;2016;PRODAV 11;_tv_excluir;0.0;0.0;0.0;0;0.0;0.0;0.0;0.0;0;0.0;0;0;0;0.0;0;;;;10.256.067/0001-45;;;;;;;;;;FSA;636996.0;947220.06;2016;0.0
B1600718700000;UM FILME DE CINEMA;2016;PRODAV 11;_tv_excluir;74341.51;75365.08;0.0;0;75365.08;0.0452;0.0452;0.0;0;0.0;0;0;0;2.675;2;;;;06.071.600/0001-27;;;;;;;;;;FSA;845000.0;1665761.18;2016;0.0452
B1700266600000;ZORA CURIOSA;2016;PRODAV 11;_tv_excluir;126.48;159.04;0.0;0;159.04;0.0007;0.0007;0.0;0;0.0;0;0;0;0.0;0;0.0;;;21.681.140/0001-42;;;;;;;;;;FSA;162000.0;240895.78;2016;0.0007
B1800387200000;CIENTISTAS BRASILEIROS ENTRE OS MELHORES;2017;PRODAV 11;_tv_excluir;0.0;0.0;115552.08;80000;0.0;0.0789;0.0;0.0;0;0.0;0;0;0;0.0;0;3.0;0.0;;09.325.623/0001-09;;;;;;;;;;FSA;1014000.0;1464622.61;2017;0.0
B1700145300000;CIÊNCIA PARA CRIANÇAS;2017;PRODAV 11;_tv_excluir;0.0;0.0;0.0;0;0.0;0.0;0.0;0.0;0;0.0;0;0;0;0.0;0;;;;64.044.886/0001-58;;;;;;;;;;FSA;506999.9;801335.65;2017;0.0
B1700354400000;DIÁRIOS SOBRE O CORPO;2017;PRODAV 11;_tv_excluir;0.0;0.0;115552.08;80000;0.0;0.1993;0.0;0.0;0;0.0;0;0;0;3.543;1;;;;15.745.495/0001-55;;;;;;;;;;FSA;390000.0;579934.29;2017;0.0
B1800036900000;FÁBULAS TORTAS;2017;PRODAV 11;_tv_excluir;0.0;0.0;0.0;0;0.0;0.0;0.0;0.0;0;0.0;0;0;0;0.0;0;0.0;;;31.851.876/0001-75;;;;;;;;;;FSA;765500.0;1105688.97;2017;0.0
B1700350100000;O CÉU DE LÁ;2017;PRODAV 11;_tv_excluir;0.0;0.0;0.0;0;0.0;0.0;0.0;0.0;0;0.0;0;0;0;4.0;1;1.0;0.0;;01.879.093/0001-39;;;;;;;;;;FSA;195000.0;289967.15;2017;0.0
B1700107600000;TRAVESSIA DE OLHARES;2017;PRODAV 11;_tv_excluir;0.0;0.0;0.0;0;0.0;0.0;0.0;0.0;0;0.0;0;0;0;0.0;0;2.0;1.0;;09.207.344/0001-40;;;;;;;;;;FSA;156000.0;231973.72;2017;0.0
B1700107600000;TRAVESSIA DE OLHARES;2017;PRODAV 11;_tv_excluir;0.0;0.0;0.0;0;0.0;0.0;0.0;0.0;0;0.0;0;0;0;0.0;0;2.0;1.0;;09.207.344/0001-40;;;;;;;;;;RENUNCIA_OUTROS;1200000.0;1733281.2;2017;0.0
B1800496300000;ÁRVORE DOS ARAÚJOS;2017;PRODAV 11;_tv_excluir;0.0;0.0;86664.06;60000;0.0;0.0355;0.0;0.0;0;0.0;0;0;0;0.0;0;0.0;;;22.971.615/0001-06;;;;;;;;;;FSA;1690000.0;2441037.69;2017;0.0
B1800028600000;A TERRA E A VIDA;2018;PRODAV 11;_tv_excluir;0.0;0.0;0.0;0;0.0;0.0;0.0;0.0;0;0.0;0;0;0;3.2;1;;;;06.137.016/0001-27;;;;;;;;;;FSA;205920.0;297431.05;2018;0.0
B1800088900000;BAILE DE MÁSCARAS;2018;PRODAV 11;_tv_excluir;0.0;0.0;83531.64;60000;0.0;0.0156;0.0;0.0;0;0.0;0;0;0;2.627;2;16.0;0.0;;04.661.796/0001-84;;;;;;;;;;FSA;3717855.0;5370073.48;2018;0.0
B1800351200000;FAMÍLIAS;2018;PRODAV 11;_tv_excluir;0.0;0.0;167063.28;120000;0.0;0.2967;0.0;0.0;0;0.0;0;0;0;0.0;0;0.0;;;04.650.621/0001-71;;;;;;;;;;FSA;389840.0;563085.29;2018;0.0
B1800489700000;HABITAÇÃO SOCIAL - PROJETOS DE UM BRASIL;2018;PRODAV 11;_tv_excluir;0.0;0.0;0.0;0;0.0;0.0;0.0;0.0;0;0.0;0;0;0;0.0;0;0.0;;;14.210.788/0001-75;;;;;;;;;;FSA;1014000.0;1464622.61;2018;0.0
B1800535100000;MYTIKAH - O LIVRO DOS HERÓIS;2018;PRODAV 11;_tv_excluir;0.0;0.0;278438.8;200000;0.0;0.2492;0.0;0.0;0;0.0;0;0;0;3.627;2;;;;05.397.945/0001-02;;;;;;;;;;FSA;773500.0;1117244.17;2018;0.0
B1900089400000;FRONTEIRA;2019;PRODAV 11;_tv_excluir;0.0;0.0;0.0;0;0.0;0.0;0.0;0.0;0;0.0;0;0;0;3.566;2;5.0;0.0;;06.967.225/0001-06;;;;;;;;;;FSA;207999.0;300433.96;2019;0.0
B1900089400000;FRONTEIRA;2019;PRODAV 11;_tv_excluir;0.0;0.0;0.0;0;0.0;0.0;0.0;0.0;0;0.0;0;0;0;3.566;2;5.0;0.0;;06.967.225/0001-06;;;;;;;;;;RENUNCIA_OUTROS;252001.55;336338.91;2019;0.0
B1900494500000;FÉ E FÚRIA;2019;PRODAV 11;_tv_excluir;17190.0;17892.0;80080.2;60000;17892.0;0.2149;0.0149;2.6;0;13.0;0;0;0;2.5;1;;;;15.745.495/0001-55;;;;;;;;;;FSA;306532.8;455817.65;2019;0.0393
B1900494500000;FÉ E FÚRIA;2019;PRODAV 11;_tv_excluir;17190.0;17892.0;80080.2;60000;17892.0;0.2149;0.0149;2.6;0;13.0;0;0;0;2.5;1;;;;15.745.495/0001-55;;;;;;;;;;RENUNCIA_OUTROS;558412.0;745295.74;2019;0.024
B1700178200000;#PARTIUBRASIL;2016;PRODAV 12;_tv_excluir;0.0;0.0;0.0;0;0.0;0.0;0.0;0.0;0;0.0;0;0;0;0.0;0;2.0;0.0;;10.855.589/0001-63;;;;;;;;;;FSA;910000.0;1353180.01;2016;0.0
B1700222800000;A VELHA HISTÓRIA DO MEU AMIGO NOVO;2016;PRODAV 12;_tv_excluir;0.0;0.0;0.0;0;0.0;0.0;0.0;0.0;0;0.0;0;0;0;3.957;1;;;;01.106.959/0001-79;;;;;;;;;;FSA;675997.28;1005215.39;2016;0.0
B1700118900000;AUÊ;2016;PRODAV 12;_tv_excluir;0.0;0.0;0.0;0;0.0;0.0;0.0;0.0;0;0.0;0;0;0;0.0;0;;;;09.649.616/0001-62;;;;;;;;;;FSA;162000.0;240895.78;2016;0.0
B1700055500000;BRINCANDO COM A CIÊNCIA!;2016;PRODAV 12;_tv_excluir;0.0;0.0;0.0;0;0.0;0.0;0.0;0.0;0;0.0;0;0;0;3.2;1;;;;06.236.625/0001-33;;;;;;;;;;FSA;507000.0;753914.58;2016;0.0
B1600726200000;CAVALO DE SANTO - O FILME;2016;PRODAV 12;_tv_excluir;0.0;0.0;0.0;0;0.0;0.0;0.0;0.0;0;0.0;0;0;0;3.3;1;;;;04.791.421/0001-39;;;;;;;;;;FSA;156000.0;246564.86;2016;0.0
B1700204000000;DEFENSORES;2016;PRODAV 12;_tv_excluir;0.0;0.0;0.0;0;0.0;0.0;0.0;0.0;0;0.0;0;0;0;0.0;0;;;;10.648.306/0001-02;;;;;;;;;;FSA;390000.0;579934.29;2016;0.0
B1700621800000;O COLORIDO MUNDO DE DALTON;2016;PRODAV 12;_tv_excluir;0.0;0.0;0.0;0;0.0;0.0;0.0;0.0;0;0.0;0;0;0;3.767;1;;;;04.232.913/0001-94;;;;;;;;;;FSA;845000.0;1256524.3;2016;0.0
B1700033800000;PASSADO DA HORA;2016;PRODAV 12;_tv_excluir;0.0;0.0;0.0;0;0.0;0.0;0.0;0.0;0;0.0;0;0;0;3.965;2;0.0;;;04.596.131/0001-34;;;;;;;;;;FSA;910000.0;1438295.04;2016;0.0
B1700030900000;UM LUGAR PARA CHAMAR DE C. E. U.;2016;PRODAV 12;_tv_excluir;0.0;0.0;89220.66;60000;0.0;0.1538;0.0;0.0;0;0.0;0;0;0;3.95;2;0.0;;;04.937.797/0001-09;;;;;;;;;;FSA;390000.0;579934.29;2016;0.0
B1700116700000;VENTO SUL;2016;PRODAV 12;_tv_excluir;0.0;0.0;0.0;0;0.0;0.0;0.0;0.0;0;0.0;0;0;0;0.0;0;0.0;;;03.334.227/0001-61;;;;;;;;;;FSA;2027962.2;3205283.49;2016;0.0
B1700361400000;[DES]IGUAIS;2016;PRODAV 12;_tv_excluir;0.0;0.0;0.0;0;0.0;0.0;0.0;0.0;0;0.0;0;0;0;0.0;0;2.0;0.0;;05.930.707/0001-10;;;;;;;;;;FSA;390000.0;579934.29;2016;0.0
B1700463100000;CHAPEUZINHO DE TODAS AS CORES;2017;PRODAV 12;_tv_excluir;0.0;0.0;86664.06;60000;0.0;0.0753;0.0;0.0;0;0.0;0;0;0;3.4;1;0.0;;;04.596.131/0001-34;;;;;;;;;;FSA;773500.0;1150203.01;2017;0.0
B1700463100000;CHAPEUZINHO DE TODAS AS CORES;2017;PRODAV 12;_tv_excluir;0.0;0.0;86664.06;60000;0.0;0.0753;0.0;0.0;0;0.0;0;0;0;3.4;1;0.0;;;04.596.131/0001-34;;;;;;;;;;RENUNCIA_OUTROS;1266962.74;1830002.25;2017;0.0
B1800006500000;EULLER MILLER ENTRE DOIS MUNDOS;2017;PRODAV 12;_tv_excluir;0.0;0.0;0.0;0;0.0;0.0;0.0;0.0;0;0.0;0;0;0;3.775;1;;;;12.298.240/0001-01;;;;;;;;;;FSA;208000.0;300435.41;2017;0.0
B1800006500000;EULLER MILLER ENTRE DOIS MUNDOS;2017;PRODAV 12;_tv_excluir;0.0;0.0;0.0;0;0.0;0.0;0.0;0.0;0;0.0;0;0;0;3.775;1;;;;12.298.240/0001-01;;;;;;;;;;RENUNCIA_OUTROS;62100.0;89697.3;2017;0.0
B1700109300000;RAREFEITO;2017;PRODAV 12;_tv_excluir;0.0;0.0;0.0;0;0.0;0.0;0.0;0.0;0;0.0;0;0;0;0.0;0;0.0;;;17.096.738/0001-05;;;;;;;;;;FSA;649950.0;966482.8;2017;0.0
B1700160200000;RUAS EM TRANSE;2017;PRODAV 12;_tv_excluir;0.0;0.0;173328.12;120000;0.0;0.6661;0.0;0.0;0;0.0;0;0;0;2.093;2;;;;15.096.957/0001-50;;;;;;;;;;FSA;175000.0;260226.93;2017;0.0
B1800406000000;SUPER TINGA E ABELHA GIRL;2017;PRODAV 12;_tv_excluir;2549.3;2584.4;0.0;0;2584.4;0.0011;0.0011;0.0;0;0.0;0;0;0;0.0;0;;;;02.743.258/0001-03;;;;;;;;;;FSA;1690000.0;2441037.69;2017;0.0011
B1800406000000;SUPER TINGA E ABELHA GIRL;2017;PRODAV 12;_tv_excluir;2549.3;2584.4;0.0;0;2584.4;0.0011;0.0011;0.0;0;0.0;0;0;0;0.0;0;;;;02.743.258/0001-03;;;;;;;;;;RENUNCIA_OUTROS;2000.0;2888.8;2017;0.8946
B1700158700000;VIDA FLUXO;2017;PRODAV 12;_tv_excluir;0.0;0.0;173328.12;120000;0.0;0.2989;0.0;0.0;0;0.0;0;0;0;3.2;1;;;;07.587.195/0001-67;;;;;;;;;;FSA;390000.0;579934.29;2017;0.0
B1700158700000;VIDA FLUXO;2017;PRODAV 12;_tv_excluir;0.0;0.0;173328.12;120000;0.0;0.2989;0.0;0.0;0;0.0;0;0;0;3.2;1;;;;07.587.195/0001-67;;;;;;;;;;RENUNCIA_ART3;1000000.0;1444401.0;2017;0.0
B1700584400000;VISCERAL BRASIL, AS VEIAS ABERTAS DA MÚSICA - 2A TEMPORADA;2017;PRODAV 12;_tv_excluir;0.0;0.0;86664.06;60000;0.0;0.0592;0.0;0.0;0;0.0;0;0;0;4.05;2;;;;01.282.220/0001-18;;;;;;;;;;FSA;1013999.98;1464622.59;2017;0.0
B1700584400000;VISCERAL BRASIL, AS VEIAS ABERTAS DA MÚSICA - 2A TEMPORADA;2017;PRODAV 12;_tv_excluir;0.0;0.0;86664.06;60000;0.0;0.0592;0.0;0.0;0;0.0;0;0;0;4.05;2;;;;01.282.220/0001-18;;;;;;;;;;RENUNCIA_OUTROS;801850.74;1158194.01;2017;0.0
B1800134200000;AFINAL, QUEM É DEUS?;2018;PRODAV 12;_tv_excluir;0.0;0.0;0.0;0;0.0;0.0;0.0;0.0;0;0.0;0;0;0;0.0;0;;;;08.112.710/0001-15;;;;;;;;;;FSA;507000.0;732311.31;2018;0.0
B1800212300000;CONTRACAPA;2018;PRODAV 12;_tv_excluir;0.0;0.0;83531.64;60000;0.0;0.0151;0.0;0.0;0;0.0;0;0;0;0.0;0;0.0;;;04.937.797/0001-09;;;;;;;;;;FSA;3718000.0;5528706.9;2018;0.0
B1800028900000;CULTURANDO;2018;PRODAV 12;_tv_excluir;0.0;0.0;83531.64;60000;0.0;0.1483;0.0;0.0;0;0.0;0;0;0;0.0;0;;;;05.893.950/0001-06;;;;;;;;;;FSA;390000.0;563316.39;2018;0.0
B1800440400000;JOGOS DE INVENTAR;2018;PRODAV 12;_tv_excluir;0.0;0.0;389814.32;280000;0.0;0.3855;0.0;0.0;0;0.0;0;0;0;2.3;1;;;;07.587.195/0001-67;;;;;;;;;;FSA;700000.0;1011080.7;2018;0.0
B1800193300000;PAMPA HYPERTROPICAL;2018;PRODAV 12;_tv_excluir;0.0;0.0;0.0;0;0.0;0.0;0.0;0.0;0;0.0;0;0;0;0.0;0;0.0;;;03.334.227/0001-61;;;;;;;;;;FSA;207900.0;300290.97;2018;0.0
B1800287800000;SUPER FAMÍLIA;2018;PRODAV 12;_tv_excluir;0.0;0.0;83531.64;60000;0.0;0.0342;0.0;0.0;0;0.0;0;0;0;0.0;0;;;;06.236.625/0001-33;;;;;;;;;;FSA;1690000.0;2441037.69;2018;0.0
B1900563800000;AS CIDADES AZUIS;2019;PRODAV 12;_tv_excluir;0.0;0.0;0.0;0;0.0;0.0;0.0;0.0;0;0.0;0;0;0;0.0;0;;;;12.192.242/0001-03;;;;;;;;;;FSA;992146.1;1433056.82;2019;0.0
B1402521900000;AS AVENTURAS DO AVIÃO VERMELHO;2014;PRODECINE 01;FSA Pontuação Bilheteria e Roteiro — Produtora;273824.73;439884.76;253632.26;145000;439884.76;0.4005;0.0949;0.0;0;0.0;0;0;0;4.003;2;4.0;34.0;;04.909.742/0001-95;;;;;;;;;;FSA;829966.1;1731673.64;2014;0.254
B1402521900000;AS AVENTURAS DO AVIÃO VERMELHO;2014;PRODECINE 01;FSA Pontuação Bilheteria e Roteiro — Produtora;273824.73;439884.76;253632.26;145000;439884.76;0.4005;0.0949;0.0;0;0.0;0;0;0;4.003;2;4.0;34.0;;04.909.742/0001-95;;;;;;;;;;RENUNCIA_OUTROS;1660660.0;2904806.54;2014;0.1514
B1500344400000;DEPOIS DE TUDO;2014;PRODECINE 01;FSA Pontuação Bilheteria e Roteiro — Produtora;302309.55;442230.6;358583.54;205000;442230.6;0.1665;0.066;0.0;0;0.0;0;0;0;3.51;2;;;;09.558.964/0001-24;;;;;;;;;;FSA;2750000.0;4810267.0;2014;0.0919
B1500344400000;DEPOIS DE TUDO;2014;PRODECINE 01;FSA Pontuação Bilheteria e Roteiro — Produtora;302309.55;442230.6;358583.54;205000;442230.6;0.1665;0.066;0.0;0;0.0;0;0;0;3.51;2;;;;09.558.964/0001-24;;;;;;;;;;RENUNCIA_ART3;80000.0;139935.04;2014;3.1603
B1500344400000;DEPOIS DE TUDO;2014;PRODECINE 01;FSA Pontuação Bilheteria e Roteiro — Produtora;302309.55;442230.6;358583.54;205000;442230.6;0.1665;0.066;0.0;0;0.0;0;0;0;3.51;2;;;;09.558.964/0001-24;;;;;;;;;;RENUNCIA_OUTROS;1000000.0;1749188.0;2014;0.2528
B1402255700000;GALAXIAS;2014;PRODECINE 01;FSA Pontuação Bilheteria e Roteiro — Produtora;743.07;934.36;603469.86;345000;934.36;1.0824;0.0017;0.0;0;0.0;0;0;0;3.793;2;5.0;23.0;;01.369.211/0001-69;;;;;;;;;;FSA;300000.0;558393.3;2014;0.0017
B1402378700000;INFÂNCIA;2014;PRODECINE 01;FSA Pontuação Bilheteria e Roteiro — Produtora;47959.11;70156.52;209902.56;120000;70156.52;0.2508;0.0427;0.0;0;0.0;0;0;0;4.03;2;0.0;;;04.474.294/0001-44;;;;;;;;;;FSA;600000.0;1116786.6;2014;0.0628
B1402378700000;INFÂNCIA;2014;PRODECINE 01;FSA Pontuação Bilheteria e Roteiro — Produtora;47959.11;70156.52;209902.56;120000;70156.52;0.2508;0.0427;0.0;0;0.0;0;0;0;4.03;2;0.0;;;04.474.294/0001-44;;;;;;;;;;RENUNCIA_ART3;300000.0;524756.4;2014;0.1337
B1500543200000;LINDA DE MORRER;2014;PRODECINE 01;FSA Pontuação Bilheteria e Roteiro — Produtora;13216261.41;19333280.12;358583.54;205000;19333280.12;11.2577;2.6465;0.0;0;0.0;0;0;0;3.2;1;0.0;;;10.645.895/0001-75;;;;;;;;;;FSA;1000000.0;1749188.0;2014;11.0527
B1500543200000;LINDA DE MORRER;2014;PRODECINE 01;FSA Pontuação Bilheteria e Roteiro — Produtora;13216261.41;19333280.12;358583.54;205000;19333280.12;11.2577;2.6465;0.0;0;0.0;0;0;0;3.2;1;0.0;;;10.645.895/0001-75;;;;;;;;;;RENUNCIA_ART3;2926384.37;5118796.42;2014;3.7769
B1500543200000;LINDA DE MORRER;2014;PRODECINE 01;FSA Pontuação Bilheteria e Roteiro — Produtora;13216261.41;19333280.12;358583.54;205000;19333280.12;11.2577;2.6465;0.0;0;0.0;0;0;0;3.2;1;0.0;;;10.645.895/0001-75;;;;;;;;;;RENUNCIA_OUTROS;250000.0;437297.0;2014;44.2109
B1402855900000;MARESIA;2014;PRODECINE 01;FSA Pontuação Bilheteria e Roteiro — Produtora;12725.4;17872.12;594723.92;340000;17872.12;0.2918;0.005;3.1;0;15.5;0;0;0;0.0;0;;;;03.766.122/0001-81;;;;;;;;;;FSA;1200000.0;2099025.6;2014;0.0085
B1402855900000;MARESIA;2014;PRODECINE 01;FSA Pontuação Bilheteria e Roteiro — Produtora;12725.4;17872.12;594723.92;340000;17872.12;0.2918;0.005;3.1;0;15.5;0;0;0;0.0;0;;;;03.766.122/0001-81;;;;;;;;;;RENUNCIA_OUTROS;852263.0;1490768.21;2014;0.012
B1402201200000;MUITOS HOMENS NUM SÓ;2014;PRODECINE 01;FSA Pontuação Bilheteria e Roteiro — Produtora;39370.23;57592.36;603469.86;345000;57592.36;0.2795;0.0106;0.0;0;0.0;0;0;0;0.0;0;;;;29.269.719/0001-04;;;;;;;;;;FSA;1200000.0;2365578.0;2014;0.0243
B1402201200000;MUITOS HOMENS NUM SÓ;2014;PRODECINE 01;FSA Pontuação Bilheteria e Roteiro — Produtora;39370.23;57592.36;603469.86;345000;57592.36;0.2795;0.0106;0.0;0;0.0;0;0;0;0.0;0;;;;29.269.719/0001-04;;;;;;;;;;RENUNCIA_OUTROS;1750753.83;3062397.59;2014;0.0188
B1402652900000;NISE - O CORAÇÃO DA LOUCURA;2014;PRODECINE 01;FSA Pontuação Bilheteria e Roteiro — Produtora;2181443.64;3075356.48;638453.62;365000;3075356.48;3.7679;0.8793;2.9;0;14.5;0;0;0;4.3;1;;;;03.360.320/0001-40;;;;;;;;;;FSA;500000.0;985657.5;2014;3.1201
B1402652900000;NISE - O CORAÇÃO DA LOUCURA;2014;PRODECINE 01;FSA Pontuação Bilheteria e Roteiro — Produtora;2181443.64;3075356.48;638453.62;365000;3075356.48;3.7679;0.8793;2.9;0;14.5;0;0;0;4.3;1;;;;03.360.320/0001-40;;;;;;;;;;RENUNCIA_OUTROS;1435918.0;2511690.53;2014;1.2244
B1402175100000;O MENINO NO ESPELHO;2014;PRODECINE 01;FSA Pontuação Bilheteria e Roteiro — Produtora;287136.7;464695.0;743404.9;425000;464695.0;0.8171;0.0551;0.0;0;0.0;0;0;0;3.5;1;;;;03.987.306/0001-71;;;;;;;;;;FSA;750000.0;1478486.25;2014;0.3143
B1402175100000;O MENINO NO ESPELHO;2014;PRODECINE 01;FSA Pontuação Bilheteria e Roteiro — Produtora;287136.7;464695.0;743404.9;425000;464695.0;0.8171;0.0551;0.0;0;0.0;0;0;0;3.5;1;;;;03.987.306/0001-71;;;;;;;;;;RENUNCIA_OUTROS;3974019.7;6951307.57;2014;0.0669
B1500177200000;PARA MINHA AMADA MORTA;2014;PRODECINE 01;FSA Pontuação Bilheteria e Roteiro — Produtora;101468.8;143036.6;209902.56;120000;143036.6;0.3104;0.1258;7.4;0;37.0;0;0;0;3.133;1;0.0;;;09.437.566/0001-50;;;;;;;;;;FSA;650000.0;1136972.2;2014;0.1258
B1500585400000;QUASE MEMÓRIA;2014;PRODECINE 01;FSA Pontuação Bilheteria e Roteiro — Produtora;62987.52;83257.44;629707.68;360000;83257.44;0.383;0.0123;0.0;0;0.0;0;0;0;0.0;0;;;;02.282.322/0001-04;;;;;;;;;;FSA;1000000.0;1861311.0;2014;0.0447
B1500585400000;QUASE MEMÓRIA;2014;PRODECINE 01;FSA Pontuação Bilheteria e Roteiro — Produtora;62987.52;83257.44;629707.68;360000;83257.44;0.383;0.0123;0.0;0;0.0;0;0;0;0.0;0;;;;02.282.322/0001-04;;;;;;;;;;RENUNCIA_ART3;424922.33;743269.04;2014;0.112
B1500585400000;QUASE MEMÓRIA;2014;PRODECINE 01;FSA Pontuação Bilheteria e Roteiro — Produtora;62987.52;83257.44;629707.68;360000;83257.44;0.383;0.0123;0.0;0;0.0;0;0;0;0.0;0;;;;02.282.322/0001-04;;;;;;;;;;RENUNCIA_OUTROS;2379000.0;4161318.25;2014;0.02
B1402237400000;SANGUE AZUL;2014;PRODECINE 01;FSA Pontuação Bilheteria e Roteiro — Produtora;136497.96;199674.72;253632.26;145000;199674.72;0.3066;0.044;15.02;0;30.5;711;0;0;4.0;1;;;;02.902.219/0001-01;;;;;;;;;;FSA;750000.0;1478486.25;2014;0.1351
B1402237400000;SANGUE AZUL;2014;PRODECINE 01;FSA Pontuação Bilheteria e Roteiro — Produtora;136497.96;199674.72;253632.26;145000;199674.72;0.3066;0.044;15.02;0;30.5;711;0;0;4.0;1;;;;02.902.219/0001-01;;;;;;;;;;RENUNCIA_ART3;150000.0;262378.2;2014;0.761
B1402237400000;SANGUE AZUL;2014;PRODECINE 01;FSA Pontuação Bilheteria e Roteiro — Produtora;136497.96;199674.72;253632.26;145000;199674.72;0.3066;0.044;15.02;0;30.5;711;0;0;4.0;1;;;;02.902.219/0001-01;;;;;;;;;;RENUNCIA_OUTROS;1600000.0;2798700.8;2014;0.0713
B1402332500000;TRINTA;2014;PRODECINE 01;FSA Pontuação Bilheteria e Roteiro — Produtora;268182.3;433602.68;358583.54;205000;433602.68;0.3701;0.0456;0.0;0;0.0;0;0;0;0.0;0;;;;06.137.016/0001-27;;;;;;;;;;FSA;1150000.0;2140507.65;2014;0.2026
B1402332500000;TRINTA;2014;PRODECINE 01;FSA Pontuação Bilheteria e Roteiro — Produtora;268182.3;433602.68;358583.54;205000;433602.68;0.3701;0.0456;0.0;0;0.0;0;0;0;0.0;0;;;;06.137.016/0001-27;;;;;;;;;;RENUNCIA_ART3;1537500.0;2689376.55;2014;0.1612
B1402332500000;TRINTA;2014;PRODECINE 01;FSA Pontuação Bilheteria e Roteiro — Produtora;268182.3;433602.68;358583.54;205000;433602.68;0.3701;0.0456;0.0;0;0.0;0;0;0;0.0;0;;;;06.137.016/0001-27;;;;;;;;;;RENUNCIA_OUTROS;2679994.0;4687813.34;2014;0.0925
B1402145600000;À QUEIMA ROUPA;2014;PRODECINE 01;FSA Pontuação Bilheteria e Roteiro — Produtora;17670.92;28607.32;209902.56;120000;28607.32;0.2057;0.0199;0.0;0;0.0;0;0;0;4.16;2;;;;01.464.291/0001-31;;;;;;;;;;FSA;623000.0;1159596.75;2014;0.0247
B1402145600000;À QUEIMA ROUPA;2014;PRODECINE 01;FSA Pontuação Bilheteria e Roteiro — Produtora;17670.92;28607.32;209902.56;120000;28607.32;0.2057;0.0199;0.0;0;0.0;0;0;0;4.16;2;;;;01.464.291/0001-31;;;;;;;;;;RENUNCIA_OUTROS;160308.35;280409.44;2014;0.102
B1600109600000;A FRENTE FRIA QUE A CHUVA TRAZ;2015;PRODECINE 01;FSA Pontuação Bilheteria e Roteiro — Produtora;23899.5;33696.6;197568.0;125000;33696.6;0.1242;0.0167;0.0;0;0.0;0;0;0;2.2;1;;;;04.092.785/0001-20;;;;;;;;;;FSA;1000000.0;1861311.0;2015;0.0181
B1600109600000;A FRENTE FRIA QUE A CHUVA TRAZ;2015;PRODECINE 01;FSA Pontuação Bilheteria e Roteiro — Produtora;23899.5;33696.6;197568.0;125000;33696.6;0.1242;0.0167;0.0;0;0.0;0;0;0;2.2;1;;;;04.092.785/0001-20;;;;;;;;;;RENUNCIA_ART3;100000.0;158054.4;2015;0.2132
B1600585400000;A GLÓRIA E A GRAÇA;2015;PRODECINE 01;FSA Pontuação Bilheteria e Roteiro — Produtora;85290.0;113037.68;671731.2;425000;113037.68;0.4965;0.0205;1.9;0;9.5;0;0;0;4.2;1;;;;29.269.719/0001-04;;;;;;;;;;FSA;1000000.0;1580544.0;2015;0.0715
B1600585400000;A GLÓRIA E A GRAÇA;2015;PRODECINE 01;FSA Pontuação Bilheteria e Roteiro — Produtora;85290.0;113037.68;671731.2;425000;113037.68;0.4965;0.0205;1.9;0;9.5;0;0;0;4.2;1;;;;29.269.719/0001-04;;;;;;;;;;RENUNCIA_ART3;1000000.0;1580544.0;2015;0.0715
B1600585400000;A GLÓRIA E A GRAÇA;2015;PRODECINE 01;FSA Pontuação Bilheteria e Roteiro — Produtora;85290.0;113037.68;671731.2;425000;113037.68;0.4965;0.0205;1.9;0;9.5;0;0;0;4.2;1;;;;29.269.719/0001-04;;;;;;;;;;RENUNCIA_OUTROS;1482142.0;2342590.65;2015;0.0483
B1600032100000;AMOR EM SAMPA;2015;PRODECINE 01;FSA Pontuação Bilheteria e Roteiro — Produtora;186120.0;262416.0;324011.52;205000;262416.0;0.2235;0.0318;0.0;0;0.0;0;0;0;4.3;1;1.0;0.0;;56.839.830/0001-61;;;;;;;;;;FSA;1500000.0;2623782.0;2015;0.1
B1600032100000;AMOR EM SAMPA;2015;PRODECINE 01;FSA Pontuação Bilheteria e Roteiro — Produtora;186120.0;262416.0;324011.52;205000;262416.0;0.2235;0.0318;0.0;0;0.0;0;0;0;4.3;1;1.0;0.0;;56.839.830/0001-61;;;;;;;;;;RENUNCIA_OUTROS;3565207.42;5634967.2;2015;0.0466
B1600041000000;BUGIGANGUE NO ESPAÇO;2015;PRODECINE 01;FSA Pontuação Bilheteria e Roteiro — Produtora;1780770.0;2360113.84;229178.88;145000;2360113.84;0.6806;0.3106;0.0;0;0.0;0;0;0;4.3;1;0.0;;;08.517.383/0001-81;;;;;;;;;;FSA;1930000.0;3804637.95;2015;0.6203
B1600041000000;BUGIGANGUE NO ESPAÇO;2015;PRODECINE 01;FSA Pontuação Bilheteria e Roteiro — Produtora;1780770.0;2360113.84;229178.88;145000;2360113.84;0.6806;0.3106;0.0;0;0.0;0;0;0;4.3;1;0.0;;;08.517.383/0001-81;;;;;;;;;;RENUNCIA_OUTROS;2400000.0;3793305.6;2015;0.6222
B1500344800000;CAMPO GRANDE;2015;PRODECINE 01;FSA Pontuação Bilheteria e Roteiro — Produtora;68441.4;96497.52;576898.56;365000;96497.52;0.385;0.0122;6.6;0;33.0;0;0;0;0.0;0;;;;29.269.719/0001-04;;;;;;;;;;FSA;1000000.0;1749188.0;2015;0.0552
B1500344800000;CAMPO GRANDE;2015;PRODECINE 01;FSA Pontuação Bilheteria e Roteiro — Produtora;68441.4;96497.52;576898.56;365000;96497.52;0.385;0.0122;6.6;0;33.0;0;0;0;0.0;0;;;;29.269.719/0001-04;;;;;;;;;;RENUNCIA_OUTROS;3900000.0;6164121.6;2015;0.0157
B1500812200000;DOIDAS E SANTAS;2015;PRODECINE 01;FSA Pontuação Bilheteria e Roteiro — Produtora;457560.0;606419.52;102735.36;65000;606419.52;0.1621;0.0776;0.0;0;0.0;0;0;0;0.0;0;;;;03.626.688/0001-08;;;;;;;;;;FSA;2350000.0;4374080.85;2015;0.1386
B1500812200000;DOIDAS E SANTAS;2015;PRODECINE 01;FSA Pontuação Bilheteria e Roteiro — Produtora;457560.0;606419.52;102735.36;65000;606419.52;0.1621;0.0776;0.0;0;0.0;0;0;0;0.0;0;;;;03.626.688/0001-08;;;;;;;;;;RENUNCIA_ART3;600000.0;948326.4;2015;0.6395
B1500812200000;DOIDAS E SANTAS;2015;PRODECINE 01;FSA Pontuação Bilheteria e Roteiro — Produtora;457560.0;606419.52;102735.36;65000;606419.52;0.1621;0.0776;0.0;0;0.0;0;0;0;0.0;0;;;;03.626.688/0001-08;;;;;;;;;;RENUNCIA_OUTROS;1575000.0;2489356.8;2015;0.2436
B1600264400000;PONTO ZERO;2015;PRODECINE 01;FSA Pontuação Bilheteria e Roteiro — Produtora;116282.7;163950.36;189665.28;120000;163950.36;0.2527;0.0383;0.0;0;0.0;0;0;0;0.0;0;;;;10.387.192/0001-94;;;;;;;;;;FSA;800000.0;1399350.4;2015;0.1172
B1600264400000;PONTO ZERO;2015;PRODECINE 01;FSA Pontuação Bilheteria e Roteiro — Produtora;116282.7;163950.36;189665.28;120000;163950.36;0.2527;0.0383;0.0;0;0.0;0;0;0;0.0;0;;;;10.387.192/0001-94;;;;;;;;;;RENUNCIA_OUTROS;1823519.2;2882152.33;2015;0.0569
B1500399400000;PROVA DE CORAGEM;2015;PRODECINE 01;FSA Pontuação Bilheteria e Roteiro — Produtora;170877.9;240925.72;221276.16;140000;240925.72;0.2642;0.0496;0.0;0;0.0;0;0;0;4.015;2;;;;86.777.331/0001-58;;;;;;;;;;FSA;1000000.0;1749188.0;2015;0.1377
B1500399400000;PROVA DE CORAGEM;2015;PRODECINE 01;FSA Pontuação Bilheteria e Roteiro — Produtora;170877.9;240925.72;221276.16;140000;240925.72;0.2642;0.0496;0.0;0;0.0;0;0;0;4.015;2;;;;86.777.331/0001-58;;;;;;;;;;RENUNCIA_ART3;887439.18;1402636.67;2015;0.1718
B1500399400000;PROVA DE CORAGEM;2015;PRODECINE 01;FSA Pontuação Bilheteria e Roteiro — Produtora;170877.9;240925.72;221276.16;140000;240925.72;0.2642;0.0496;0.0;0;0.0;0;0;0;4.015;2;;;;86.777.331/0001-58;;;;;;;;;;RENUNCIA_OUTROS;1080227.33;1707346.83;2015;0.1411
B1500309900000;QUALQUER GATO VIRA-LATA 2;2015;PRODECINE 01;FSA Pontuação Bilheteria e Roteiro — Produtora;11115464.85;16260150.2;324011.52;205000;16260150.2;6.0808;1.4636;0.0;0;0.0;0;0;0;3.605;2;;;;42.488.478/0001-52;;;;;;;;;;FSA;1559169.01;2727279.72;2015;5.962
B1500309900000;QUALQUER GATO VIRA-LATA 2;2015;PRODECINE 01;FSA Pontuação Bilheteria e Roteiro — Produtora;11115464.85;16260150.2;324011.52;205000;16260150.2;6.0808;1.4636;0.0;0;0.0;0;0;0;3.605;2;;;;42.488.478/0001-52;;;;;;;;;;RENUNCIA_ART3;2936834.51;4641796.16;2015;3.503
B1500309900000;QUALQUER GATO VIRA-LATA 2;2015;PRODECINE 01;FSA Pontuação Bilheteria e Roteiro — Produtora;11115464.85;16260150.2;324011.52;205000;16260150.2;6.0808;1.4636;0.0;0;0.0;0;0;0;3.605;2;;;;42.488.478/0001-52;;;;;;;;;;RENUNCIA_OUTROS;2366635.0;3740570.75;2015;4.347
B1500408100000;UM FILME DE CINEMA;2015;PRODECINE 01;FSA Pontuação Bilheteria e Roteiro — Produtora;60649.96;80374.84;102735.36;65000;80374.84;0.2064;0.0906;0.0;0;0.0;0;0;0;2.675;2;;;;01.369.211/0001-69;;;;;;;;;;FSA;450000.0;887091.75;2015;0.0906
B1500870400000;VAI QUE DÁ CERTO 2;2015;PRODECINE 01;FSA Pontuação Bilheteria e Roteiro — Produtora;13144900.89;18534263.16;229178.88;145000;18534263.16;11.8715;2.1321;0.0;0;0.0;0;0;0;3.5;1;;;;00.538.914/0001-00;;;;;;;;;;FSA;1000000.0;1580544.0;2015;11.7265
B1500870400000;VAI QUE DÁ CERTO 2;2015;PRODECINE 01;FSA Pontuação Bilheteria e Roteiro — Produtora;13144900.89;18534263.16;229178.88;145000;18534263.16;11.8715;2.1321;0.0;0;0.0;0;0;0;3.5;1;;;;00.538.914/0001-00;;;;;;;;;;RENUNCIA_ART3;2900000.0;4583577.6;2015;4.0436
B1500870400000;VAI QUE DÁ CERTO 2;2015;PRODECINE 01;FSA Pontuação Bilheteria e Roteiro — Produtora;13144900.89;18534263.16;229178.88;145000;18534263.16;11.8715;2.1321;0.0;0;0.0;0;0;0;3.5;1;;;;00.538.914/0001-00;;;;;;;;;;RENUNCIA_OUTROS;1600000.0;2528870.4;2015;7.3291
B1500672000000;ÓRFÃOS DO ELDORADO;2015;PRODECINE 01;FSA Pontuação Bilheteria e Roteiro — Produtora;54764.37;79977.24;545287.68;345000;79977.24;0.2317;0.009;0.0;0;0.0;0;0;0;0.0;0;;;;04.939.205/0001-98;;;;;;;;;;FSA;1450000.0;2698900.95;2015;0.0296
B1500672000000;ÓRFÃOS DO ELDORADO;2015;PRODECINE 01;FSA Pontuação Bilheteria e Roteiro — Produtora;54764.37;79977.24;545287.68;345000;79977.24;0.2317;0.009;0.0;0;0.0;0;0;0;0.0;0;;;;04.939.205/0001-98;;;;;;;;;;RENUNCIA_OUTROS;3942500.0;6231294.72;2015;0.0128
B1600287300000;DESERTO;2016;PRODECINE 01;FSA Pontuação Bilheteria e Roteiro — Produtora;20355.0;26977.16;416363.08;280000;26977.16;0.2494;0.0088;0.0;0;0.0;0;0;0;3.705;2;;;;02.140.120/0001-10;;;;;;;;;;FSA;1016273.0;1777652.54;2016;0.0152
B1600287300000;DESERTO;2016;PRODECINE 01;FSA Pontuação Bilheteria e Roteiro — Produtora;20355.0;26977.16;416363.08;280000;26977.16;0.2494;0.0088;0.0;0;0.0;0;0;0;3.705;2;;;;02.140.120/0001-10;;;;;;;;;;RENUNCIA_OUTROS;855000.0;1271394.41;2016;0.0212
B1600690600000;ERA O HOTEL CAMBRIDGE;2016;PRODECINE 01;FSA Pontuação Bilheteria e Roteiro — Produtora;448426.54;594650.56;208181.54;140000;594650.56;0.7815;0.3666;16.75;0;24.0;1525;1;1;3.8;1;2.0;0.0;;08.429.784/0001-80;;;;;;;;;;FSA;650000.0;1027353.6;2016;0.5788
B1600690600000;ERA O HOTEL CAMBRIDGE;2016;PRODECINE 01;FSA Pontuação Bilheteria e Roteiro — Produtora;448426.54;594650.56;208181.54;140000;594650.56;0.7815;0.3666;16.75;0;24.0;1525;1;1;3.8;1;2.0;0.0;;08.429.784/0001-80;;;;;;;;;;RENUNCIA_OUTROS;400000.0;594804.4;2016;0.9997
B1700349800000;JOÃO, O MAESTRO;2016;PRODECINE 01;FSA Pontuação Bilheteria e Roteiro — Produtora;1398300.0;1853213.6;535323.96;360000;1853213.6;0.5391;0.1908;1.6;0;8.0;0;0;0;3.734;2;;;;73.619.637/0001-34;;;;;;;;;;FSA;2979524.54;4430585.77;2016;0.4183
B1700349800000;JOÃO, O MAESTRO;2016;PRODECINE 01;FSA Pontuação Bilheteria e Roteiro — Produtora;1398300.0;1853213.6;535323.96;360000;1853213.6;0.5391;0.1908;1.6;0;8.0;0;0;0;3.734;2;;;;73.619.637/0001-34;;;;;;;;;;RENUNCIA_ART3;1000000.0;1487011.0;2016;1.2463
B1700349800000;JOÃO, O MAESTRO;2016;PRODECINE 01;FSA Pontuação Bilheteria e Roteiro — Produtora;1398300.0;1853213.6;535323.96;360000;1853213.6;0.5391;0.1908;1.6;0;8.0;0;0;0;3.734;2;;;;73.619.637/0001-34;;;;;;;;;;RENUNCIA_OUTROS;2550950.67;3793291.71;2016;0.4886
B1700077100000;LA VINGANÇA;2016;PRODECINE 01;FSA Pontuação Bilheteria e Roteiro — Produtora;78105.0;103515.16;215616.6;145000;103515.16;0.2146;0.0152;0.0;0;0.0;0;0;0;2.7;1;;;;11.545.487/0001-04;;;;;;;;;;FSA;1000000.0;1487011.0;2016;0.0696
B1700077100000;LA VINGANÇA;2016;PRODECINE 01;FSA Pontuação Bilheteria e Roteiro — Produtora;78105.0;103515.16;215616.6;145000;103515.16;0.2146;0.0152;0.0;0;0.0;0;0;0;2.7;1;;;;11.545.487/0001-04;;;;;;;;;;RENUNCIA_ART3;2997626.5;4457503.58;2016;0.0232
B1700077100000;LA VINGANÇA;2016;PRODECINE 01;FSA Pontuação Bilheteria e Roteiro — Produtora;78105.0;103515.16;215616.6;145000;103515.16;0.2146;0.0152;0.0;0;0.0;0;0;0;2.7;1;;;;11.545.487/0001-04;;;;;;;;;;RENUNCIA_OUTROS;585000.0;869901.44;2016;0.119
B1600243000000;REDEMOINHO;2016;PRODECINE 01;FSA Pontuação Bilheteria e Roteiro — Produtora;183735.6;244106.52;208181.54;140000;244106.52;0.1521;0.0386;2.1;0;10.5;0;0;0;0.0;0;;;;02.140.120/0001-10;;;;;;;;;;FSA;1700000.0;2973619.6;2016;0.0821
B1600243000000;REDEMOINHO;2016;PRODECINE 01;FSA Pontuação Bilheteria e Roteiro — Produtora;183735.6;244106.52;208181.54;140000;244106.52;0.1521;0.0386;2.1;0;10.5;0;0;0;0.0;0;;;;02.140.120/0001-10;;;;;;;;;;RENUNCIA_ART3;1250000.0;1858763.75;2016;0.1313
B1600243000000;REDEMOINHO;2016;PRODECINE 01;FSA Pontuação Bilheteria e Roteiro — Produtora;183735.6;244106.52;208181.54;140000;244106.52;0.1521;0.0386;2.1;0;10.5;0;0;0;0.0;0;;;;02.140.120/0001-10;;;;;;;;;;RENUNCIA_OUTROS;1000000.0;1487011.0;2016;0.1642
B1800514700000;SOBRE RODAS;2016;PRODECINE 01;FSA Pontuação Bilheteria e Roteiro — Produtora;51920.04;65285.92;208181.54;140000;65285.92;0.5777;0.0194;2.5;0;12.5;0;0;0;3.532;2;;;;09.397.798/0001-21;;;;;;;;;;FSA;340000.0;473345.96;2016;0.1379
B1800514700000;SOBRE RODAS;2016;PRODECINE 01;FSA Pontuação Bilheteria e Roteiro — Produtora;51920.04;65285.92;208181.54;140000;65285.92;0.5777;0.0194;2.5;0;12.5;0;0;0;3.532;2;;;;09.397.798/0001-21;;;;;;;;;;RENUNCIA_ART3;504435.45;750101.06;2016;0.087
B1800514700000;SOBRE RODAS;2016;PRODECINE 01;FSA Pontuação Bilheteria e Roteiro — Produtora;51920.04;65285.92;208181.54;140000;65285.92;0.5777;0.0194;2.5;0;12.5;0;0;0;3.532;2;;;;09.397.798/0001-21;;;;;;;;;;RENUNCIA_OUTROS;1445564.55;2149570.39;2016;0.0304
B1700051600000;VAZANTE;2016;PRODECINE 01;FSA Pontuação Bilheteria e Roteiro — Produtora;152943.4;202656.72;208181.54;140000;202656.72;0.3466;0.0413;19.81;0;36.0;2475;3;1;2.8;1;1.0;0.0;;66.876.707/0001-74;;;;;;;;;;FSA;750000.0;1185408.0;2016;0.171
B1700051600000;VAZANTE;2016;PRODECINE 01;FSA Pontuação Bilheteria e Roteiro — Produtora;152943.4;202656.72;208181.54;140000;202656.72;0.3466;0.0413;19.81;0;36.0;2475;3;1;2.8;1;1.0;0.0;;66.876.707/0001-74;;;;;;;;;;RENUNCIA_ART3;900000.0;1338309.9;2016;0.1514
B1700051600000;VAZANTE;2016;PRODECINE 01;FSA Pontuação Bilheteria e Roteiro — Produtora;152943.4;202656.72;208181.54;140000;202656.72;0.3466;0.0413;19.81;0;36.0;2475;3;1;2.8;1;1.0;0.0;;66.876.707/0001-74;;;;;;;;;;RENUNCIA_OUTROS;1600000.0;2379217.6;2016;0.0852
B1700248900000;A SUPERFÍCIE DA SOMBRA;2017;PRODECINE 01;FSA Pontuação Bilheteria e Roteiro — Produtora;17717.12;23418.64;86664.06;60000;23418.64;0.0823;0.0101;0.0;0;0.0;0;0;0;2.6;1;;;;05.270.790/0001-49;;;;;;;;;;FSA;900000.0;1338309.9;2017;0.0175
B1700248900000;A SUPERFÍCIE DA SOMBRA;2017;PRODECINE 01;FSA Pontuação Bilheteria e Roteiro — Produtora;17717.12;23418.64;86664.06;60000;23418.64;0.0823;0.0101;0.0;0;0.0;0;0;0;2.6;1;;;;05.270.790/0001-49;;;;;;;;;;RENUNCIA_OUTROS;680000.0;982192.68;2017;0.0238
B1800089800000;AMORES DE CHUMBO;2017;PRODECINE 01;FSA Pontuação Bilheteria e Roteiro — Produtora;38777.79;51131.36;288880.2;200000;51131.36;0.309;0.028;0.0;0;0.0;0;0;0;3.312;1;;;;07.617.370/0001-11;;;;;;;;;;FSA;740000.0;1100388.14;2017;0.0465
B1800089800000;AMORES DE CHUMBO;2017;PRODECINE 01;FSA Pontuação Bilheteria e Roteiro — Produtora;38777.79;51131.36;288880.2;200000;51131.36;0.309;0.028;0.0;0;0.0;0;0;0;3.312;1;;;;07.617.370/0001-11;;;;;;;;;;RENUNCIA_OUTROS;503516.0;727279.01;2017;0.0703
B1700602000000;ANTÁRTICA POR UM ANO;2017;PRODECINE 01;FSA Pontuação Bilheteria e Roteiro — Produtora;7652.04;9621.92;0.0;0;9621.92;0.0058;0.0058;0.0;0;0.0;0;0;0;3.748;2;;;;09.107.296/0001-19;;;;;;;;;;FSA;1050000.0;1659571.2;2017;0.0058
B1700450500000;AS BOAS MANEIRAS;2017;PRODECINE 01;FSA Pontuação Bilheteria e Roteiro — Produtora;171776.82;227029.6;209438.15;145000;227029.6;0.1334;0.0352;40.46;0;82.5;29188;24;8;3.1;1;;;Rotterdam;66.876.707/0001-74;;;;;;;;;;FSA;2200000.0;3271424.2;2017;0.0694
B1700450500000;AS BOAS MANEIRAS;2017;PRODECINE 01;FSA Pontuação Bilheteria e Roteiro — Produtora;171776.82;227029.6;209438.15;145000;227029.6;0.1334;0.0352;40.46;0;82.5;29188;24;8;3.1;1;;;Rotterdam;66.876.707/0001-74;;;;;;;;;;RENUNCIA_ART3;1000000.0;1444401.0;2017;0.1572
B1700450500000;AS BOAS MANEIRAS;2017;PRODECINE 01;FSA Pontuação Bilheteria e Roteiro — Produtora;171776.82;227029.6;209438.15;145000;227029.6;0.1334;0.0352;40.46;0;82.5;29188;24;8;3.1;1;;;Rotterdam;66.876.707/0001-74;;;;;;;;;;RENUNCIA_OUTROS;1201589.99;1735577.78;2017;0.1308
B1700189700000;EM UM MUNDO INTERIOR;2017;PRODECINE 01;FSA Pontuação Bilheteria e Roteiro — Produtora;35554.56;46996.32;288880.2;200000;46996.32;0.7084;0.0249;0.0;0;0.0;0;0;0;3.538;2;;;;02.395.043/0001-49;;;;;;;;;;FSA;300000.0;474163.2;2017;0.0991
B1700189700000;EM UM MUNDO INTERIOR;2017;PRODECINE 01;FSA Pontuação Bilheteria e Roteiro — Produtora;35554.56;46996.32;288880.2;200000;46996.32;0.7084;0.0249;0.0;0;0.0;0;0;0;3.538;2;;;;02.395.043/0001-49;;;;;;;;;;RENUNCIA_OUTROS;975995.94;1409729.51;2017;0.0333
B1700151900000;O FILME DA MINHA VIDA;2017;PRODECINE 01;FSA Pontuação Bilheteria e Roteiro — Produtora;4486321.33;5945849.56;209438.15;145000;5945849.56;1.1916;0.4462;2.5;0;12.5;0;0;0;3.2;1;;;;02.140.120/0001-10;;;;;;;;;;FSA;3268133.28;5165428.45;2017;1.1511
B1700151900000;O FILME DA MINHA VIDA;2017;PRODECINE 01;FSA Pontuação Bilheteria e Roteiro — Produtora;4486321.33;5945849.56;209438.15;145000;5945849.56;1.1916;0.4462;2.5;0;12.5;0;0;0;3.2;1;;;;02.140.120/0001-10;;;;;;;;;;RENUNCIA_ART3;3000000.0;4333203.0;2017;1.3722
B1700151900000;O FILME DA MINHA VIDA;2017;PRODECINE 01;FSA Pontuação Bilheteria e Roteiro — Produtora;4486321.33;5945849.56;209438.15;145000;5945849.56;1.1916;0.4462;2.5;0;12.5;0;0;0;3.2;1;;;;02.140.120/0001-10;;;;;;;;;;RENUNCIA_OUTROS;2650000.0;3827662.65;2017;1.5534
B1700497900000;ORGANISMO;2017;PRODECINE 01;FSA Pontuação Bilheteria e Roteiro — Produtora;33390.72;41986.56;86664.06;60000;41986.56;0.09;0.0294;0.0;0;0.0;0;0;0;0.0;0;;;;21.805.885/0001-76;;;;;;;;;;FSA;989420.0;1429119.24;2017;0.0294
B1700088100000;PELA JANELA;2017;PRODECINE 01;FSA Pontuação Bilheteria e Roteiro — Produtora;79075.14;104389.88;288880.2;200000;104389.88;0.2262;0.0396;4.6;0;23.0;0;0;0;0.0;0;7.0;0.0;;66.876.707/0001-74;;;;;;;;;;FSA;1100000.0;1738598.4;2017;0.06
B1700088100000;PELA JANELA;2017;PRODECINE 01;FSA Pontuação Bilheteria e Roteiro — Produtora;79075.14;104389.88;288880.2;200000;104389.88;0.2262;0.0396;4.6;0;23.0;0;0;0;0.0;0;7.0;0.0;;66.876.707/0001-74;;;;;;;;;;RENUNCIA_OUTROS;620000.0;895528.62;2017;0.1166
B1800469700000;A CABEÇA DE GUMERCINDO SARAIVA;2018;PRODECINE 01;FSA Pontuação Bilheteria e Roteiro — Produtora;77742.71;102541.04;83531.64;60000;102541.04;0.0506;0.0202;0.0;0;0.0;0;0;0;3.471;1;;;;05.456.798/0001-02;;;;;;;;;;FSA;2547531.15;3679656.54;2018;0.0279
B1800469700000;A CABEÇA DE GUMERCINDO SARAIVA;2018;PRODECINE 01;FSA Pontuação Bilheteria e Roteiro — Produtora;77742.71;102541.04;83531.64;60000;102541.04;0.0506;0.0202;0.0;0;0.0;0;0;0;3.471;1;;;;05.456.798/0001-02;;;;;;;;;;RENUNCIA_OUTROS;1000000.0;1392194.0;2018;0.0737
B1800516900000;A CIDADE DOS PIRATAS;2018;PRODECINE 01;FSA Pontuação Bilheteria e Roteiro — Produtora;37693.64;47393.92;389814.32;280000;47393.92;0.1115;0.0075;0.0;0;0.0;0;0;0;3.5;1;;;;87.435.368/0001-60;;;;;;;;;;FSA;2105830.0;3919604.54;2018;0.0121
B1800516900000;A CIDADE DOS PIRATAS;2018;PRODECINE 01;FSA Pontuação Bilheteria e Roteiro — Produtora;37693.64;47393.92;389814.32;280000;47393.92;0.1115;0.0075;0.0;0;0.0;0;0;0;3.5;1;;;;87.435.368/0001-60;;;;;;;;;;RENUNCIA_OUTROS;1719000.0;2393181.49;2018;0.0198
B1800458500000;A PRINCESA DE ELYMIA;2018;PRODECINE 01;FSA Pontuação Bilheteria e Roteiro — Produtora;0.0;0.0;0.0;0;0.0;0.0;0.0;0.0;0;0.0;0;0;0;3.343;2;;;;10.433.648/0001-05;;;;;;;;;;FSA;1675246.0;3302437.57;2018;0.0
B1800459400000;AMAZÔNIA GROOVE;2018;PRODECINE 01;FSA Pontuação Bilheteria e Roteiro — Produtora;23446.23;29482.04;0.0;0;29482.04;0.0227;0.0094;0.0;0;0.0;0;0;0;0.0;0;0.0;;;05.256.465/0001-21;;;;;;;;;;FSA;898440.0;1297707.63;2018;0.0227
B1800459400000;AMAZÔNIA GROOVE;2018;PRODECINE 01;FSA Pontuação Bilheteria e Roteiro — Produtora;23446.23;29482.04;0.0;0;29482.04;0.0227;0.0094;0.0;0;0.0;0;0;0;0.0;0;0.0;;;05.256.465/0001-21;;;;;;;;;;RENUNCIA_OUTROS;1330000.0;1851618.02;2018;0.0159
B1800375900000;CANO SERRADO;2018;PRODECINE 01;FSA Pontuação Bilheteria e Roteiro — Produtora;23149.2;24094.56;194907.16;140000;24094.56;0.0758;0.0038;0.0;0;0.0;0;0;0;0.0;0;2.0;0.0;;00.817.115/0001-73;;;;;;;;;;FSA;2000000.0;2888802.0;2018;0.0083
B1800375900000;CANO SERRADO;2018;PRODECINE 01;FSA Pontuação Bilheteria e Roteiro — Produtora;23149.2;24094.56;194907.16;140000;24094.56;0.0758;0.0038;0.0;0;0.0;0;0;0;0.0;0;2.0;0.0;;00.817.115/0001-73;;;;;;;;;;RENUNCIA_ART3;1500000.0;2088291.0;2018;0.0115
B1800375900000;CANO SERRADO;2018;PRODECINE 01;FSA Pontuação Bilheteria e Roteiro — Produtora;23149.2;24094.56;194907.16;140000;24094.56;0.0758;0.0038;0.0;0;0.0;0;0;0;0.0;0;2.0;0.0;;00.817.115/0001-73;;;;;;;;;;RENUNCIA_OUTROS;1000000.0;1392194.0;2018;0.0173
B1800411600000;DESLEMBRO;2018;PRODECINE 01;FSA Pontuação Bilheteria e Roteiro — Produtora;260865.0;328020.0;508150.81;365000;328020.0;0.2899;0.0583;9.2;0;0.0;878;0;0;0.0;0;;;;31.179.864/0001-46;;;;;;;;;;FSA;1940000.0;2884801.34;2018;0.1137
B1800411600000;DESLEMBRO;2018;PRODECINE 01;FSA Pontuação Bilheteria e Roteiro — Produtora;260865.0;328020.0;508150.81;365000;328020.0;0.2899;0.0583;9.2;0;0.0;878;0;0;0.0;0;;;;31.179.864/0001-46;;;;;;;;;;RENUNCIA_ART3;722489.38;1005845.38;2018;0.3261
B1800411600000;DESLEMBRO;2018;PRODECINE 01;FSA Pontuação Bilheteria e Roteiro — Produtora;260865.0;328020.0;508150.81;365000;328020.0;0.2899;0.0583;9.2;0;0.0;878;0;0;0.0;0;;;;31.179.864/0001-46;;;;;;;;;;RENUNCIA_OUTROS;1250000.0;1740242.5;2018;0.1885
B1800466200000;GUERRA DE ALGODÃO;2018;PRODECINE 01;FSA Pontuação Bilheteria e Roteiro — Produtora;2387.38;2962.12;194907.16;140000;2962.12;0.0855;0.0013;0.0;0;0.0;0;0;0;4.03;2;1.0;0.0;;00.845.658/0001-02;;;;;;;;;;FSA;1556546.0;2314601.02;2018;0.0013
B1800491800000;LEGALIDADE;2018;PRODECINE 01;FSA Pontuação Bilheteria e Roteiro — Produtora;252849.33;317940.84;83531.64;60000;317940.84;0.1342;0.0744;1.6;0;8.0;0;0;0;0.0;0;;;;90.130.634/0001-51;;;;;;;;;;FSA;2148510.0;2991142.73;2018;0.1063
B1800491800000;LEGALIDADE;2018;PRODECINE 01;FSA Pontuação Bilheteria e Roteiro — Produtora;252849.33;317940.84;83531.64;60000;317940.84;0.1342;0.0744;1.6;0;8.0;0;0;0;0.0;0;;;;90.130.634/0001-51;;;;;;;;;;RENUNCIA_OUTROS;921600.0;1283045.99;2018;0.2478
B2000003600000;ONDE DORMEM OS SONHOS;2018;PRODECINE 01;FSA Pontuação Bilheteria e Roteiro — Produtora;1069.6;1113.28;111375.52;80000;1113.28;0.3386;0.0034;0.0;0;0.0;0;0;0;3.32;1;0.0;;;17.281.724/0001-53;;;;;;;;;;FSA;230000.0;332212.23;2018;0.0034
B1800567100000;TAIS & TAIANE;2018;PRODECINE 01;FSA Pontuação Bilheteria e Roteiro — Produtora;943.92;1073.52;0.0;0;1073.52;0.0003;0.0002;0.0;0;0.0;0;0;0;0.0;0;1.0;0.0;;01.111.024/0001-80;;;;;;;;;;FSA;2097403.0;3903919.28;2018;0.0003
B1800567100000;TAIS & TAIANE;2018;PRODECINE 01;FSA Pontuação Bilheteria e Roteiro — Produtora;943.92;1073.52;0.0;0;1073.52;0.0003;0.0002;0.0;0;0.0;0;0;0;0.0;0;1.0;0.0;;01.111.024/0001-80;;;;;;;;;;RENUNCIA_OUTROS;600000.0;835316.4;2018;0.0013
B1800212800000;TALVEZ UMA HISTÓRIA DE AMOR;2018;PRODECINE 01;FSA Pontuação Bilheteria e Roteiro — Produtora;574422.72;759276.84;194907.16;140000;759276.84;0.8258;0.1023;0.0;0;0.0;0;0;0;4.3;1;;;;11.503.567/0001-05;;;;;;;;;;FSA;800000.0;1155520.8;2018;0.6571
B1800212800000;TALVEZ UMA HISTÓRIA DE AMOR;2018;PRODECINE 01;FSA Pontuação Bilheteria e Roteiro — Produtora;574422.72;759276.84;194907.16;140000;759276.84;0.8258;0.1023;0.0;0;0.0;0;0;0;4.3;1;;;;11.503.567/0001-05;;;;;;;;;;RENUNCIA_ART3;2999980.0;4176554.16;2018;0.1818
B1800212800000;TALVEZ UMA HISTÓRIA DE AMOR;2018;PRODECINE 01;FSA Pontuação Bilheteria e Roteiro — Produtora;574422.72;759276.84;194907.16;140000;759276.84;0.8258;0.1023;0.0;0;0.0;0;0;0;4.3;1;;;;11.503.567/0001-05;;;;;;;;;;RENUNCIA_OUTROS;1500000.0;2088291.0;2018;0.3636
B1900029000000;TITO E OS PÁSSAROS;2018;PRODECINE 01;FSA Pontuação Bilheteria e Roteiro — Produtora;241849.52;303686.88;194907.16;140000;303686.88;0.1314;0.0452;26.96;0;65.5;27150;0;0;4.1;1;0.0;;;04.310.171/0001-78;;;;;;;;;;FSA;2400000.0;3793305.6;2018;0.0801
B1900029000000;TITO E OS PÁSSAROS;2018;PRODECINE 01;FSA Pontuação Bilheteria e Roteiro — Produtora;241849.52;303686.88;194907.16;140000;303686.88;0.1314;0.0452;26.96;0;65.5;27150;0;0;4.1;1;0.0;;;04.310.171/0001-78;;;;;;;;;;RENUNCIA_OUTROS;2100000.0;2923607.4;2018;0.1039
B1800504700000;TORRE DAS DONZELAS;2018;PRODECINE 01;FSA Pontuação Bilheteria e Roteiro — Produtora;101563.44;127709.12;501189.84;360000;127709.12;0.491;0.0651;5.2;0;26.0;0;0;0;0.0;0;;;;06.992.833/0001-62;;;;;;;;;;FSA;810425.0;1280912.37;2018;0.0997
B1800504700000;TORRE DAS DONZELAS;2018;PRODECINE 01;FSA Pontuação Bilheteria e Roteiro — Produtora;101563.44;127709.12;501189.84;360000;127709.12;0.491;0.0651;5.2;0;26.0;0;0;0;0.0;0;;;;06.992.833/0001-62;;;;;;;;;;RENUNCIA_ART3;350000.0;487267.9;2018;0.2621
B1800504700000;TORRE DAS DONZELAS;2018;PRODECINE 01;FSA Pontuação Bilheteria e Roteiro — Produtora;101563.44;127709.12;501189.84;360000;127709.12;0.491;0.0651;5.2;0;26.0;0;0;0;0.0;0;;;;06.992.833/0001-62;;;;;;;;;;RENUNCIA_OUTROS;140000.0;194907.16;2018;0.6552
B1900448200000;AOS OLHOS DE ERNESTO;2019;PRODECINE 01;FSA Pontuação Bilheteria e Roteiro — Produtora;5842.96;7196.56;266934.0;200000;7196.56;0.1309;0.0021;3.6;0;18.0;0;0;0;3.61;2;3.0;2.0;;94.625.829/0001-23;;;;;;;;;;FSA;1450000.0;2094381.45;2019;0.0034
B1900448200000;AOS OLHOS DE ERNESTO;2019;PRODECINE 01;FSA Pontuação Bilheteria e Roteiro — Produtora;5842.96;7196.56;266934.0;200000;7196.56;0.1309;0.0021;3.6;0;18.0;0;0;0;3.61;2;3.0;2.0;;94.625.829/0001-23;;;;;;;;;;RENUNCIA_OUTROS;1000000.0;1334670.0;2019;0.0054
B1900571100000;INCOMPATÍVEL;2019;PRODECINE 01;FSA Pontuação Bilheteria e Roteiro — Produtora;37760.7;39302.76;0.0;0;39302.76;0.0109;0.0044;0.0;0;0.0;0;0;0;0.0;0;;;;01.378.559/0001-12;;;;;;;;;;FSA;2500000.0;3611002.5;2019;0.0109
B1900571100000;INCOMPATÍVEL;2019;PRODECINE 01;FSA Pontuação Bilheteria e Roteiro — Produtora;37760.7;39302.76;0.0;0;39302.76;0.0109;0.0044;0.0;0;0.0;0;0;0;0.0;0;;;;01.378.559/0001-12;;;;;;;;;;RENUNCIA_ART3;3833731.35;5116766.22;2019;0.0077
B1900571100000;INCOMPATÍVEL;2019;PRODECINE 01;FSA Pontuação Bilheteria e Roteiro — Produtora;37760.7;39302.76;0.0;0;39302.76;0.0109;0.0044;0.0;0;0.0;0;0;0;0.0;0;;;;01.378.559/0001-12;;;;;;;;;;RENUNCIA_OUTROS;150000.0;200200.5;2019;0.1963
B1900157600000;KARDEC;2019;PRODECINE 01;FSA Pontuação Bilheteria e Roteiro — Produtora;11979901.02;15063910.96;373707.6;280000;15063910.96;2.5483;1.4971;0.8;0;4.0;0;0;0;3.8;1;;;;09.180.984/0001-04;;;;;;;;;;FSA;4194083.72;6057938.72;2019;2.4866
B1900157600000;KARDEC;2019;PRODECINE 01;FSA Pontuação Bilheteria e Roteiro — Produtora;11979901.02;15063910.96;373707.6;280000;15063910.96;2.5483;1.4971;0.8;0;4.0;0;0;0;3.8;1;;;;09.180.984/0001-04;;;;;;;;;;RENUNCIA_ART3;3000000.0;4004010.0;2019;3.7622
B1900548300000;LIMA BARRETO, AO TERCEIRO DIA;2019;PRODECINE 01;FSA Pontuação Bilheteria e Roteiro — Produtora;22518.9;23438.52;186853.8;140000;23438.52;0.0971;0.0065;0.0;0;0.0;0;0;0;0.0;0;;;;08.408.195/0001-15;;;;;;;;;;FSA;1500000.0;2166601.5;2019;0.0108
B1900548300000;LIMA BARRETO, AO TERCEIRO DIA;2019;PRODECINE 01;FSA Pontuação Bilheteria e Roteiro — Produtora;22518.9;23438.52;186853.8;140000;23438.52;0.0971;0.0065;0.0;0;0.0;0;0;0;0.0;0;;;;08.408.195/0001-15;;;;;;;;;;RENUNCIA_ART3;1060000.0;1414750.2;2019;0.0166
B1900618000000;MACABRO;2019;PRODECINE 01;FSA Pontuação Bilheteria e Roteiro — Produtora;1354.9;1689.8;186853.8;140000;1689.8;0.0451;0.0002;0.0;0;0.0;0;0;0;3.541;2;;;;01.803.185/0001-35;;;;;;;;;;FSA;3000000.0;4176582.0;2019;0.0004
B1900618000000;MACABRO;2019;PRODECINE 01;FSA Pontuação Bilheteria e Roteiro — Produtora;1354.9;1689.8;186853.8;140000;1689.8;0.0451;0.0002;0.0;0;0.0;0;0;0;3.541;2;;;;01.803.185/0001-35;;;;;;;;;;RENUNCIA_ART3;3000000.0;4004010.0;2019;0.0004
B1900618000000;MACABRO;2019;PRODECINE 01;FSA Pontuação Bilheteria e Roteiro — Produtora;1354.9;1689.8;186853.8;140000;1689.8;0.0451;0.0002;0.0;0;0.0;0;0;0;3.541;2;;;;01.803.185/0001-35;;;;;;;;;;RENUNCIA_OUTROS;550000.0;734068.5;2019;0.0023
B1900063700000;MUSSUM, UM FILME DO CACILDIS;2019;PRODECINE 01;FSA Pontuação Bilheteria e Roteiro — Produtora;37754.28;47473.44;480481.2;360000;47473.44;0.4681;0.0311;0.0;0;0.0;0;0;0;3.4;1;;;;06.992.833/0001-62;;;;;;;;;;FSA;780800.0;1127788.3;2019;0.0421
B1900063700000;MUSSUM, UM FILME DO CACILDIS;2019;PRODECINE 01;FSA Pontuação Bilheteria e Roteiro — Produtora;37754.28;47473.44;480481.2;360000;47473.44;0.4681;0.0311;0.0;0;0.0;0;0;0;3.4;1;;;;06.992.833/0001-62;;;;;;;;;;RENUNCIA_ART3;300000.0;400401.0;2019;0.1186
B1900098100000;O PERGAMINHO VERMELHO;2019;PRODECINE 01;FSA Pontuação Bilheteria e Roteiro — Produtora;430.38;536.76;106773.6;80000;536.76;0.0339;0.0002;0.0;0;0.0;0;0;0;3.442;2;;;;09.028.371/0001-56;;;;;;;;;;FSA;2000000.0;3161088.0;2019;0.0002
B1900347800000;PIEDADE;2019;PRODECINE 01;FSA Pontuação Bilheteria e Roteiro — Produtora;129823.96;147648.76;373707.6;280000;147648.76;0.2537;0.0436;2.0;0;10.0;0;0;0;0.0;0;0.0;;;01.369.211/0001-69;;;;;;;;;;FSA;1300000.0;2054707.2;2019;0.0719
B1900347800000;PIEDADE;2019;PRODECINE 01;FSA Pontuação Bilheteria e Roteiro — Produtora;129823.96;147648.76;373707.6;280000;147648.76;0.2537;0.0436;2.0;0;10.0;0;0;0;0.0;0;0.0;;;01.369.211/0001-69;;;;;;;;;;RENUNCIA_OUTROS;1000000.0;1334670.0;2019;0.1106
B1900284200000;PORFÍRIO DO AMARAL - A VERDADE SOBRE O SAMBA;2019;PRODECINE 01;FSA Pontuação Bilheteria e Roteiro — Produtora;0.0;0.0;0.0;0;0.0;0.0;0.0;0.0;0;0.0;0;0;0;4.2;1;0.0;;;04.979.755/0001-30;;;;;;;;;;FSA;445000.0;642758.45;2019;0.0
B1900572600000;PUREZA;2019;PRODECINE 01;FSA Pontuação Bilheteria e Roteiro — Produtora;321987.8;335137.04;186853.8;140000;335137.04;0.0863;0.0454;0.0;0;0.0;0;0;0;4.208;2;;;;55.084.750/0001-80;;;;;;;;;;FSA;4189073.0;6050701.23;2019;0.0554
B1900572600000;PUREZA;2019;PRODECINE 01;FSA Pontuação Bilheteria e Roteiro — Produtora;321987.8;335137.04;186853.8;140000;335137.04;0.0863;0.0454;0.0;0;0.0;0;0;0;4.208;2;;;;55.084.750/0001-80;;;;;;;;;;RENUNCIA_OUTROS;1000000.0;1334670.0;2019;0.2511
B1900331600000;SE ARREPENDIMENTO MATASSE;2019;PRODECINE 01;FSA Pontuação Bilheteria e Roteiro — Produtora;2088.14;2604.28;0.0;0;2604.28;0.0018;0.0018;0.0;0;0.0;0;0;0;0.0;0;;;;01.025.252/0001-38;;;;;;;;;;FSA;980000.0;1415512.98;2019;0.0018
B2000152800000;CAFÉ, PEPI E LIMÃO;2020;PRODECINE 01;FSA Pontuação Bilheteria e Roteiro — Produtora;14989.52;14989.52;0.0;0;14989.52;0.008;0.008;0.0;0;0.0;0;0;0;0.0;0;0.0;;;07.718.282/0001-06;;;;;;;;;;FSA;1300000.0;1877721.3;2020;0.008
B2000096200000;EDUARDO E MÔNICA;2020;PRODECINE 01;FSA Pontuação Bilheteria e Roteiro — Produtora;7820690.7;8140025.04;178773.28;140000;8140025.04;3.3196;1.0515;3.0;0;15.0;0;0;0;3.827;2;;;;08.427.088/0001-34;;;;;;;;;;FSA;1800000.0;2505949.2;2020;3.2483
B2000096200000;EDUARDO E MÔNICA;2020;PRODECINE 01;FSA Pontuação Bilheteria e Roteiro — Produtora;7820690.7;8140025.04;178773.28;140000;8140025.04;3.3196;1.0515;3.0;0;15.0;0;0;0;3.827;2;;;;08.427.088/0001-34;;;;;;;;;;RENUNCIA_ART3;2700000.0;3447770.4;2020;2.361
B2000096200000;EDUARDO E MÔNICA;2020;PRODECINE 01;FSA Pontuação Bilheteria e Roteiro — Produtora;7820690.7;8140025.04;178773.28;140000;8140025.04;3.3196;1.0515;3.0;0;15.0;0;0;0;3.827;2;;;;08.427.088/0001-34;;;;;;;;;;RENUNCIA_OUTROS;1399983.0;1787711.09;2020;4.5533
B2000185600000;NIÈDE;2020;PRODECINE 01;FSA Pontuação Bilheteria e Roteiro — Produtora;2247.54;2803.08;76617.12;60000;2803.08;0.1119;0.0039;0.0;0;0.0;0;0;0;0.0;0;;;;13.827.942/0001-90;;;;;;;;;;FSA;510000.0;710018.94;2020;0.0039
B2000364100000;O CEMITÉRIO DAS ALMAS PERDIDAS;2020;PRODECINE 01;FSA Pontuação Bilheteria e Roteiro — Produtora;1083.76;1232.56;76617.12;60000;1232.56;0.0329;0.0005;0.0;0;0.0;0;0;0;2.975;2;;;;09.369.796/0001-29;;;;;;;;;;FSA;1700000.0;2366729.8;2020;0.0005
B2000525500000;O CLUBE DOS ANJOS;2020;PRODECINE 01;FSA Pontuação Bilheteria e Roteiro — Produtora;83391.95;86736.44;76617.12;60000;86736.44;0.0754;0.0181;14.76;0;14.5;1429;2;1;2.8;1;3.0;0.0;;10.441.993/0001-90;;;;;;;;;;FSA;1500000.0;2166601.5;2020;0.04
B2000525500000;O CLUBE DOS ANJOS;2020;PRODECINE 01;FSA Pontuação Bilheteria e Roteiro — Produtora;83391.95;86736.44;76617.12;60000;86736.44;0.0754;0.0181;14.76;0;14.5;1429;2;1;2.8;1;3.0;0.0;;10.441.993/0001-90;;;;;;;;;;RENUNCIA_ART3;1062500.0;1356761.5;2020;0.0639
B2000525500000;O CLUBE DOS ANJOS;2020;PRODECINE 01;FSA Pontuação Bilheteria e Roteiro — Produtora;83391.95;86736.44;76617.12;60000;86736.44;0.0754;0.0181;14.76;0;14.5;1429;2;1;2.8;1;3.0;0.0;;10.441.993/0001-90;;;;;;;;;;RENUNCIA_OUTROS;1000000.0;1276952.0;2020;0.0679
B2000320300000;O SENTIDO DA VIDA;2020;PRODECINE 01;FSA Pontuação Bilheteria e Roteiro — Produtora;2639.48;3001.88;0.0;0;3001.88;0.0028;0.002;0.0;0;0.0;0;0;0;3.2;1;;;;02.525.725/0001-29;;;;;;;;;;FSA;750000.0;1083300.75;2020;0.0028
B2000320300000;O SENTIDO DA VIDA;2020;PRODECINE 01;FSA Pontuação Bilheteria e Roteiro — Produtora;2639.48;3001.88;0.0;0;3001.88;0.0028;0.002;0.0;0;0.0;0;0;0;3.2;1;;;;02.525.725/0001-29;;;;;;;;;;RENUNCIA_ART3;300000.0;383085.6;2020;0.0078
B2000106900000;OS ESCRAVOS DE JÓ;2020;PRODECINE 01;FSA Pontuação Bilheteria e Roteiro — Produtora;6876.0;7156.8;0.0;0;7156.8;0.0033;0.0033;0.0;0;0.0;0;0;0;3.438;1;0.0;;;10.505.568/0001-18;;;;;;;;;;FSA;1520000.0;2195489.52;2020;0.0033
B2000477300000;RIR PRA NÃO CHORAR;2020;PRODECINE 01;FSA Pontuação Bilheteria e Roteiro — Produtora;16578.8;17255.84;76617.12;60000;17255.84;0.0433;0.008;0.0;0;0.0;0;0;0;0.0;0;0.0;;;04.852.671/0001-31;;;;;;;;;;FSA;1500000.0;2166601.5;2020;0.008
B2000040200000;SOLTEIRA QUASE SURTANDO;2020;PRODECINE 01;FSA Pontuação Bilheteria e Roteiro — Produtora;333703.9;416187.8;76617.12;60000;416187.8;0.7385;0.1611;0.0;0;0.0;0;0;0;0.0;0;;;;07.978.267/0001-05;;;;;;;;;;FSA;500000.0;667335.0;2020;0.6237
B2000040200000;SOLTEIRA QUASE SURTANDO;2020;PRODECINE 01;FSA Pontuação Bilheteria e Roteiro — Produtora;333703.9;416187.8;76617.12;60000;416187.8;0.7385;0.1611;0.0;0;0.0;0;0;0;0.0;0;;;;07.978.267/0001-05;;;;;;;;;;RENUNCIA_ART3;1500000.0;1915428.0;2020;0.2173
B2000436400000;TODOS OS MORTOS;2020;PRODECINE 01;FSA Pontuação Bilheteria e Roteiro — Produtora;9968.48;11908.12;357546.56;280000;11908.12;0.1576;0.0039;10.4;0;42.0;0;8;1;4.1;1;12.0;0.0;Rotterdam;66.876.707/0001-74;;;;;;;;;;FSA;1684255.81;2344810.83;2020;0.0051
B2000436400000;TODOS OS MORTOS;2020;PRODECINE 01;FSA Pontuação Bilheteria e Roteiro — Produtora;9968.48;11908.12;357546.56;280000;11908.12;0.1576;0.0039;10.4;0;42.0;0;8;1;4.1;1;12.0;0.0;Rotterdam;66.876.707/0001-74;;;;;;;;;;RENUNCIA_ART3;75000.0;95771.4;2020;0.1243
B2000436400000;TODOS OS MORTOS;2020;PRODECINE 01;FSA Pontuação Bilheteria e Roteiro — Produtora;9968.48;11908.12;357546.56;280000;11908.12;0.1576;0.0039;10.4;0;42.0;0;8;1;4.1;1;12.0;0.0;Rotterdam;66.876.707/0001-74;;;;;;;;;;RENUNCIA_OUTROS;500000.0;638476.0;2020;0.0187
B2100349700000;A QUEDA;2021;PRODECINE 01;FSA Pontuação Bilheteria e Roteiro — Produtora;6763.44;7037.52;69613.92;60000;7037.52;0.0424;0.0039;0.0;0;0.0;0;0;0;3.895;2;2.0;0.0;;22.971.615/0001-06;;;;;;;;;;FSA;1300000.0;1809852.2;2021;0.0039
B2100103100000;DIÁRIO DE VIAGEM;2021;PRODECINE 01;FSA Pontuação Bilheteria e Roteiro — Produtora;7620.9;7932.12;324864.96;280000;7932.12;0.1028;0.0019;0.0;0;0.0;0;0;0;4.412;2;;;;12.106.102/0001-75;;;;;;;;;;FSA;2324587.5;3236276.77;2021;0.0025
B2100103100000;DIÁRIO DE VIAGEM;2021;PRODECINE 01;FSA Pontuação Bilheteria e Roteiro — Produtora;7620.9;7932.12;324864.96;280000;7932.12;0.1028;0.0019;0.0;0;0.0;0;0;0;4.412;2;;;;12.106.102/0001-75;;;;;;;;;;RENUNCIA_OUTROS;800000.0;928185.6;2021;0.0085
B2100271600000;DUETTO;2021;PRODECINE 01;FSA Pontuação Bilheteria e Roteiro — Produtora;53250.8;55425.44;69613.92;60000;55425.44;0.0376;0.0076;0.0;0;0.0;0;0;0;0.0;0;;;;53.976.478/0001-18;;;;;;;;;;FSA;2389000.0;3325951.47;2021;0.0167
B2100271600000;DUETTO;2021;PRODECINE 01;FSA Pontuação Bilheteria e Roteiro — Produtora;53250.8;55425.44;69613.92;60000;55425.44;0.0376;0.0076;0.0;0;0.0;0;0;0;0.0;0;;;;53.976.478/0001-18;;;;;;;;;;RENUNCIA_ART3;2854879.45;3312322.49;2021;0.0167
B2100271600000;DUETTO;2021;PRODECINE 01;FSA Pontuação Bilheteria e Roteiro — Produtora;53250.8;55425.44;69613.92;60000;55425.44;0.0376;0.0076;0.0;0;0.0;0;0;0;0.0;0;;;;53.976.478/0001-18;;;;;;;;;;RENUNCIA_OUTROS;600000.0;696139.2;2021;0.0796
B2100218200000;MADALENA;2021;PRODECINE 01;FSA Pontuação Bilheteria e Roteiro — Produtora;5258.06;5804.96;69613.92;60000;5804.96;0.0275;0.0021;7.1;0;35.5;0;0;0;3.4;1;;;;03.493.590/0001-20;;;;;;;;;;FSA;1900000.0;2744361.9;2021;0.0021
B2100282200000;PLUFT, O FANTASMINHA;2021;PRODECINE 01;FSA Pontuação Bilheteria e Roteiro — Produtora;2465770.65;2566368.84;162432.48;140000;2566368.84;0.297;0.1772;0.0;0;0.0;0;0;0;3.938;2;;;;72.062.029/0001-09;;;;;;;;;;FSA;6178774.11;9187905.07;2021;0.2793
B2100282200000;PLUFT, O FANTASMINHA;2021;PRODECINE 01;FSA Pontuação Bilheteria e Roteiro — Produtora;2465770.65;2566368.84;162432.48;140000;2566368.84;0.297;0.1772;0.0;0;0.0;0;0;0;3.938;2;;;;72.062.029/0001-09;;;;;;;;;;RENUNCIA_ART3;2700000.0;3132626.4;2021;0.8192
B2100282200000;PLUFT, O FANTASMINHA;2021;PRODECINE 01;FSA Pontuação Bilheteria e Roteiro — Produtora;2465770.65;2566368.84;162432.48;140000;2566368.84;0.297;0.1772;0.0;0;0.0;0;0;0;3.938;2;;;;72.062.029/0001-09;;;;;;;;;;RENUNCIA_OUTROS;1865000.0;2163832.68;2021;1.186
B2100326700000;SWINGUEIRA;2021;PRODECINE 01;FSA Pontuação Bilheteria e Roteiro — Produtora;0.0;0.0;69613.92;60000;0.0;0.2086;0.0;0.0;0;0.0;0;0;0;0.0;0;1.0;0.0;;14.989.694/0001-46;;;;;;;;;;FSA;250000.0;333667.5;2021;0.0
B2200405700000;A ILHA DOS ILÚS;2022;PRODECINE 01;FSA Pontuação Bilheteria e Roteiro — Produtora;27669.71;28050.68;0.0;0;28050.68;0.0189;0.0164;0.0;0;0.0;0;0;0;3.95;2;;;;08.394.172/0001-07;;;;;;;;;;FSA;1000000.0;1487011.0;2022;0.0189
B2200405700000;A ILHA DOS ILÚS;2022;PRODECINE 01;FSA Pontuação Bilheteria e Roteiro — Produtora;27669.71;28050.68;0.0;0;28050.68;0.0189;0.0164;0.0;0;0.0;0;0;0;3.95;2;;;;08.394.172/0001-07;;;;;;;;;;RENUNCIA_OUTROS;200000.0;219346.2;2022;0.1279
B2200291400000;A LASANHA ASSASSINA - A REVOLTA DAS MASSAS;2022;PRODECINE 01;FSA Pontuação Bilheteria e Roteiro — Produtora;1451.14;1471.12;0.0;0;1471.12;0.0005;0.0004;0.0;0;0.0;0;0;0;3.755;2;0.0;;;08.517.383/0001-81;;;;;;;;;;FSA;2486176.3;2726666.62;2022;0.0005
B2200291400000;A LASANHA ASSASSINA - A REVOLTA DAS MASSAS;2022;PRODECINE 01;FSA Pontuação Bilheteria e Roteiro — Produtora;1451.14;1471.12;0.0;0;1471.12;0.0005;0.0004;0.0;0;0.0;0;0;0;3.755;2;0.0;;;08.517.383/0001-81;;;;;;;;;;RENUNCIA_OUTROS;500000.0;548365.5;2022;0.0027
B2200223200000;ASSALTO NA PAULISTA;2022;PRODECINE 01;FSA Pontuação Bilheteria e Roteiro — Produtora;38180.9;39740.12;0.0;0;39740.12;0.0135;0.0064;0.0;0;0.0;0;0;0;3.59;2;;;;02.395.043/0001-49;;;;;;;;;;FSA;2116898.01;2947132.71;2022;0.0135
B2200223200000;ASSALTO NA PAULISTA;2022;PRODECINE 01;FSA Pontuação Bilheteria e Roteiro — Produtora;38180.9;39740.12;0.0;0;39740.12;0.0135;0.0064;0.0;0;0.0;0;0;0;3.59;2;;;;02.395.043/0001-49;;;;;;;;;;RENUNCIA_OUTROS;3018393.27;3310365.47;2022;0.012
B2200409600000;ESTADOS UNIDOS DO BRASIL;2022;PRODECINE 01;FSA Pontuação Bilheteria e Roteiro — Produtora;1196.21;1212.68;0.0;0;1212.68;0.0016;0.0016;0.0;0;0.0;0;0;0;4.343;2;;;;05.928.108/0001-62;;;;;;;;;;FSA;560000.0;779628.64;2022;0.0016
B2200307700000;O ALECRIM E O SONHO;2022;PRODECINE 01;FSA Pontuação Bilheteria e Roteiro — Produtora;5863.39;5944.12;0.0;0;5944.12;0.0036;0.0036;0.0;0;0.0;0;0;0;3.4;1;;;;23.064.648/0001-27;;;;;;;;;;FSA;1200000.0;1670632.8;2022;0.0036
B2200080600000;O PAI DA RITA;2022;PRODECINE 01;FSA Pontuação Bilheteria e Roteiro — Produtora;23488.72;24432.52;153542.34;140000;24432.52;0.0593;0.0069;1.4;0;7.0;0;0;0;3.878;2;;;;66.669.599/0001-69;;;;;;;;;;FSA;2250000.0;3003007.5;2022;0.0081
B2200080600000;O PAI DA RITA;2022;PRODECINE 01;FSA Pontuação Bilheteria e Roteiro — Produtora;23488.72;24432.52;153542.34;140000;24432.52;0.0593;0.0069;1.4;0;7.0;0;0;0;3.878;2;;;;66.669.599/0001-69;;;;;;;;;;RENUNCIA_ART3;500000.0;548365.5;2022;0.0446
B2200266500000;PORTO PRÍNCIPE;2022;PRODECINE 01;FSA Pontuação Bilheteria e Roteiro — Produtora;5129.04;5129.04;0.0;0;5129.04;0.0028;0.0028;0.0;0;0.0;0;0;0;0.0;0;;;;12.827.703/0001-77;;;;;;;;;;FSA;1300000.0;1809852.2;2022;0.0028
B2300257900000;A ESTAÇÃO;2023;PRODECINE 01;FSA Pontuação Bilheteria e Roteiro — Produtora;10456.88;10456.88;0.0;0;10456.88;0.0098;0.0047;0.0;0;0.0;0;0;0;0.0;0;;;;10.407.637/0001-50;;;;;;;;;;FSA;800000.0;1067736.0;2023;0.0098
B2300257900000;A ESTAÇÃO;2023;PRODECINE 01;FSA Pontuação Bilheteria e Roteiro — Produtora;10456.88;10456.88;0.0;0;10456.88;0.0098;0.0047;0.0;0;0.0;0;0;0;0.0;0;;;;10.407.637/0001-50;;;;;;;;;;RENUNCIA_OUTROS;1088000.0;1140550.4;2023;0.0092
B2300451700000;A MULHER SEM CHÃO;2023;PRODECINE 01;FSA Pontuação Bilheteria e Roteiro — Produtora;159.04;159.04;0.0;0;159.04;0.0004;0.0004;0.0;0;0.0;0;0;0;4.3;1;0.0;;;20.357.494/0001-73;;;;;;;;;;FSA;330000.0;440441.1;2023;0.0004
B2300486200000;CEDO DEMAIS;2023;PRODECINE 01;FSA Pontuação Bilheteria e Roteiro — Produtora;7276.08;7276.08;0.0;0;7276.08;0.0026;0.0012;0.0;0;0.0;0;0;0;0.0;0;;;;72.062.029/0001-09;;;;;;;;;;FSA;2000000.0;2784388.0;2023;0.0026
B2300486200000;CEDO DEMAIS;2023;PRODECINE 01;FSA Pontuação Bilheteria e Roteiro — Produtora;7276.08;7276.08;0.0;0;7276.08;0.0026;0.0012;0.0;0;0.0;0;0;0;0.0;0;;;;72.062.029/0001-09;;;;;;;;;;RENUNCIA_ART3;2400000.0;2515920.0;2023;0.0029
B2300486200000;CEDO DEMAIS;2023;PRODECINE 01;FSA Pontuação Bilheteria e Roteiro — Produtora;7276.08;7276.08;0.0;0;7276.08;0.0026;0.0012;0.0;0;0.0;0;0;0;0.0;0;;;;72.062.029/0001-09;;;;;;;;;;RENUNCIA_OUTROS;650999.0;682442.25;2023;0.0107
B2300282000000;DE LONGE TODA SERRA É AZUL;2023;PRODECINE 01;FSA Pontuação Bilheteria e Roteiro — Produtora;2703.68;2703.68;0.0;0;2703.68;0.0018;0.0018;0.0;0;0.0;0;0;0;3.683;2;1.0;0.0;;07.206.747/0001-40;;;;;;;;;;FSA;1099833.33;1531181.36;2023;0.0018
B2300201100000;DERRAPADA;2023;PRODECINE 01;FSA Pontuação Bilheteria e Roteiro — Produtora;8902.94;9025.52;146762.0;140000;9025.52;0.0861;0.0021;0.0;0;0.0;0;0;0;0.0;0;;;;09.107.296/0001-19;;;;;;;;;;FSA;1300000.0;1809852.2;2023;0.005
B2300201100000;DERRAPADA;2023;PRODECINE 01;FSA Pontuação Bilheteria e Roteiro — Produtora;8902.94;9025.52;146762.0;140000;9025.52;0.0861;0.0021;0.0;0;0.0;0;0;0;0.0;0;;;;09.107.296/0001-19;;;;;;;;;;RENUNCIA_ART3;2050000.0;2149015.0;2023;0.0042
B2300201100000;DERRAPADA;2023;PRODECINE 01;FSA Pontuação Bilheteria e Roteiro — Produtora;8902.94;9025.52;146762.0;140000;9025.52;0.0861;0.0021;0.0;0;0.0;0;0;0;0.0;0;;;;09.107.296/0001-19;;;;;;;;;;RENUNCIA_OUTROS;400000.0;419320.0;2023;0.0215
B2300060700000;MAIS PESADO É O CÉU;2023;PRODECINE 01;FSA Pontuação Bilheteria e Roteiro — Produtora;7236.32;7236.32;62898.0;60000;7236.32;0.0535;0.0055;0.0;0;0.0;0;0;0;3.4;1;;;;04.614.433/0001-98;;;;;;;;;;FSA;1250000.0;1310375.0;2023;0.0055
B2300099200000;MORCEGO NEGRO;2023;PRODECINE 01;FSA Pontuação Bilheteria e Roteiro — Produtora;21530.04;21530.04;293524.0;280000;21530.04;0.5658;0.0247;0.0;0;0.0;0;0;0;0.0;0;11.0;0.0;;09.260.004/0001-83;;;;;;;;;;FSA;400000.0;556877.6;2023;0.0387
B2300099200000;MORCEGO NEGRO;2023;PRODECINE 01;FSA Pontuação Bilheteria e Roteiro — Produtora;21530.04;21530.04;293524.0;280000;21530.04;0.5658;0.0247;0.0;0;0.0;0;0;0;0.0;0;11.0;0.0;;09.260.004/0001-83;;;;;;;;;;RENUNCIA_ART3;300000.0;314490.0;2023;0.0685
B2300200700000;MUNDO PROIBIDO;2023;PRODECINE 01;FSA Pontuação Bilheteria e Roteiro — Produtora;9780.96;9780.96;0.0;0;9780.96;0.0028;0.0019;0.0;0;0.0;0;0;0;0.0;0;0.0;;;02.231.569/0001-93;;;;;;;;;;FSA;2500000.0;3480485.0;2023;0.0028
B2300200700000;MUNDO PROIBIDO;2023;PRODECINE 01;FSA Pontuação Bilheteria e Roteiro — Produtora;9780.96;9780.96;0.0;0;9780.96;0.0028;0.0019;0.0;0;0.0;0;0;0;0.0;0;0.0;;;02.231.569/0001-93;;;;;;;;;;RENUNCIA_OUTROS;1500000.0;1572450.0;2023;0.0062
B2300442100000;OTHELO, O GRANDE;2023;PRODECINE 01;FSA Pontuação Bilheteria e Roteiro — Produtora;62860.56;62860.56;293524.0;280000;62860.56;0.3938;0.0432;0.0;0;0.0;0;0;0;4.4;1;;;;39.183.983/0001-84;;;;;;;;;;FSA;650000.0;904926.1;2023;0.0695
B2300442100000;OTHELO, O GRANDE;2023;PRODECINE 01;FSA Pontuação Bilheteria e Roteiro — Produtora;62860.56;62860.56;293524.0;280000;62860.56;0.3938;0.0432;0.0;0;0.0;0;0;0;4.4;1;;;;39.183.983/0001-84;;;;;;;;;;RENUNCIA_ART3;200000.0;209660.0;2023;0.2998
B2300442100000;OTHELO, O GRANDE;2023;PRODECINE 01;FSA Pontuação Bilheteria e Roteiro — Produtora;62860.56;62860.56;293524.0;280000;62860.56;0.3938;0.0432;0.0;0;0.0;0;0;0;4.4;1;;;;39.183.983/0001-84;;;;;;;;;;RENUNCIA_OUTROS;324000.0;339649.2;2023;0.1851
B2300258300000;QUARTA-FEIRA DE CINZAS;2023;PRODECINE 01;FSA Pontuação Bilheteria e Roteiro — Produtora;1570.52;1570.52;0.0;0;1570.52;0.0011;0.0011;0.0;0;0.0;0;0;0;2.835;2;0.0;;;20.386.333/0001-08;;;;;;;;;;FSA;1000000.0;1444401.0;2023;0.0011
B2300382200000;RETRATO DE UM CERTO ORIENTE;2023;PRODECINE 01;FSA Pontuação Bilheteria e Roteiro — Produtora;140551.6;140551.6;293524.0;280000;140551.6;0.2761;0.0213;0.0;0;0.0;0;0;0;3.8;1;;;;04.939.205/0001-98;;;;;;;;;;FSA;1500000.0;1572450.0;2023;0.0894
B2300382200000;RETRATO DE UM CERTO ORIENTE;2023;PRODECINE 01;FSA Pontuação Bilheteria e Roteiro — Produtora;140551.6;140551.6;293524.0;280000;140551.6;0.2761;0.0213;0.0;0;0.0;0;0;0;3.8;1;;;;04.939.205/0001-98;;;;;;;;;;RENUNCIA_ART3;1111000.0;1164661.3;2023;0.1207
B2300382200000;RETRATO DE UM CERTO ORIENTE;2023;PRODECINE 01;FSA Pontuação Bilheteria e Roteiro — Produtora;140551.6;140551.6;293524.0;280000;140551.6;0.2761;0.0213;0.0;0;0.0;0;0;0;3.8;1;;;;04.939.205/0001-98;;;;;;;;;;RENUNCIA_OUTROS;3680000.0;3857744.0;2023;0.0364
B2300105700000;TESOURO NATTERER;2023;PRODECINE 01;FSA Pontuação Bilheteria e Roteiro — Produtora;0.0;0.0;0.0;0;0.0;0.0;0.0;0.0;0;0.0;0;0;0;0.0;0;;;;55.084.750/0001-80;;;;;;;;;;FSA;1698884.0;2267449.51;2023;0.0
B1402125800000;A ESTRADA 47;2014;PRODECINE 02;FSA Pontuação Bilheteria e Roteiro — Distribuidora;456759.9;668166.8;209902.56;120000;668166.8;0.2338;0.0976;24.12;0;21.5;1383;45;10;3.727;2;;;;01.713.311/0001-60;;;;;;;;;;FSA;1800000.0;3755590.2;2014;0.1779
B1402125800000;A ESTRADA 47;2014;PRODECINE 02;FSA Pontuação Bilheteria e Roteiro — Distribuidora;456759.9;668166.8;209902.56;120000;668166.8;0.2338;0.0976;24.12;0;21.5;1383;45;10;3.727;2;;;;01.713.311/0001-60;;;;;;;;;;RENUNCIA_OUTROS;1766100.0;3089240.93;2014;0.2163
B1402131600000;CASA GRANDE;2014;PRODECINE 02;FSA Pontuação Bilheteria e Roteiro — Distribuidora;549485.49;803808.04;253632.26;145000;803808.04;0.4664;0.3545;25.34;0;59.5;19926;0;0;3.5;1;4.0;0.0;Rotterdam;10.645.895/0001-75;;;;;;;;;;FSA;1150000.0;2267012.25;2014;0.3546
B1402131600000;CASA GRANDE;2014;PRODECINE 02;FSA Pontuação Bilheteria e Roteiro — Distribuidora;549485.49;803808.04;253632.26;145000;803808.04;0.4664;0.3545;25.34;0;59.5;19926;0;0;3.5;1;4.0;0.0;Rotterdam;10.645.895/0001-75;;;;;;;;;;RENUNCIA_OUTROS;200.0;349.84;2014;2297.6448
B1402406800000;IRMÃ DULCE;2014;PRODECINE 02;FSA Pontuação Bilheteria e Roteiro — Distribuidora;2558301.71;4131561.0;743404.9;425000;4131561.0;0.873;0.2364;0.0;0;0.0;0;0;0;4.2;1;;;;10.645.895/0001-75;;;;;;;;;;FSA;3000000.0;5583933.0;2014;0.7399
B1402406800000;IRMÃ DULCE;2014;PRODECINE 02;FSA Pontuação Bilheteria e Roteiro — Distribuidora;2558301.71;4131561.0;743404.9;425000;4131561.0;0.873;0.2364;0.0;0;0.0;0;0;0;4.2;1;;;;10.645.895/0001-75;;;;;;;;;;RENUNCIA_ART3;3000000.01;5247564.02;2014;0.7873
B1402406800000;IRMÃ DULCE;2014;PRODECINE 02;FSA Pontuação Bilheteria e Roteiro — Distribuidora;2558301.71;4131561.0;743404.9;425000;4131561.0;0.873;0.2364;0.0;0;0.0;0;0;0;4.2;1;;;;10.645.895/0001-75;;;;;;;;;;RENUNCIA_OUTROS;3800000.0;6646914.4;2014;0.6216
B1402704900000;LOUCAS PRA CASAR;2014;PRODECINE 02;FSA Pontuação Bilheteria e Roteiro — Distribuidora;51367563.54;75142543.28;358583.54;205000;75142543.28;14.3878;12.8234;0.0;0;0.0;0;0;0;3.7;1;;;;02.140.164/0001-40;;;;;;;;;;FSA;3000000.0;5247564.0;2014;14.3195
B1402704900000;LOUCAS PRA CASAR;2014;PRODECINE 02;FSA Pontuação Bilheteria e Roteiro — Distribuidora;51367563.54;75142543.28;358583.54;205000;75142543.28;14.3878;12.8234;0.0;0;0.0;0;0;0;3.7;1;;;;02.140.164/0001-40;;;;;;;;;;RENUNCIA_OUTROS;350000.0;612215.8;2014;122.7387
B1402689400000;O VENDEDOR DE PASSADOS;2014;PRODECINE 02;FSA Pontuação Bilheteria e Roteiro — Distribuidora;1128866.94;1651352.08;743404.9;425000;1651352.08;0.4586;0.1794;0.0;0;0.0;0;0;0;3.1;1;;;;02.020.661/0001-04;;;;;;;;;;FSA;2350000.0;5221836.3;2014;0.3162
B1402689400000;O VENDEDOR DE PASSADOS;2014;PRODECINE 02;FSA Pontuação Bilheteria e Roteiro — Distribuidora;1128866.94;1651352.08;743404.9;425000;1651352.08;0.4586;0.1794;0.0;0;0.0;0;0;0;3.1;1;;;;02.020.661/0001-04;;;;;;;;;;RENUNCIA_OUTROS;2277995.0;3984641.52;2014;0.4144
B1500554400000;A ESPERANÇA É A ÚLTIMA QUE MORRE;2015;PRODECINE 02;FSA Pontuação Bilheteria e Roteiro — Distribuidora;1496259.0;2188788.0;197568.0;125000;2188788.0;0.7326;0.3524;0.0;0;0.0;0;0;0;3.527;2;10.0;1.0;;27.920.016/0001-79;;;;;;;;;;FSA;1750000.0;3257294.25;2015;0.672
B1500554400000;A ESPERANÇA É A ÚLTIMA QUE MORRE;2015;PRODECINE 02;FSA Pontuação Bilheteria e Roteiro — Distribuidora;1496259.0;2188788.0;197568.0;125000;2188788.0;0.7326;0.3524;0.0;0;0.0;0;0;0;3.527;2;10.0;1.0;;27.920.016/0001-79;;;;;;;;;;RENUNCIA_ART3;250000.0;395136.0;2015;5.5393
B1500554400000;A ESPERANÇA É A ÚLTIMA QUE MORRE;2015;PRODECINE 02;FSA Pontuação Bilheteria e Roteiro — Distribuidora;1496259.0;2188788.0;197568.0;125000;2188788.0;0.7326;0.3524;0.0;0;0.0;0;0;0;3.527;2;10.0;1.0;;27.920.016/0001-79;;;;;;;;;;RENUNCIA_OUTROS;1619000.0;2558900.74;2015;0.8554
B1500591500000;A FLORESTA QUE SE MOVE;2015;PRODECINE 02;FSA Pontuação Bilheteria e Roteiro — Distribuidora;114183.18;167031.76;316108.8;200000;167031.76;0.3057;0.032;0.0;0;0.0;0;0;0;3.538;1;;;;00.338.948/0001-51;;;;;;;;;;FSA;1000000.0;1580544.0;2015;0.1057
B1500591500000;A FLORESTA QUE SE MOVE;2015;PRODECINE 02;FSA Pontuação Bilheteria e Roteiro — Distribuidora;114183.18;167031.76;316108.8;200000;167031.76;0.3057;0.032;0.0;0;0.0;0;0;0;3.538;1;;;;00.338.948/0001-51;;;;;;;;;;RENUNCIA_ART3;2300000.0;3635251.2;2015;0.0459
B1500572900000;AS AVENTURAS DO PEQUENO COLOMBO;2015;PRODECINE 02;FSA Pontuação Bilheteria e Roteiro — Distribuidora;35700.0;47314.4;94832.64;60000;47314.4;0.0481;0.0143;10.86;0;0.0;2974;0;0;3.04;2;;;;07.060.648/0001-00;;;;;;;;;;FSA;1500000.0;2956972.5;2015;0.016
B1500572900000;AS AVENTURAS DO PEQUENO COLOMBO;2015;PRODECINE 02;FSA Pontuação Bilheteria e Roteiro — Distribuidora;35700.0;47314.4;94832.64;60000;47314.4;0.0481;0.0143;10.86;0;0.0;2974;0;0;3.04;2;;;;07.060.648/0001-00;;;;;;;;;;RENUNCIA_ART3;220000.0;347719.68;2015;0.1361
B1500843400000;ASPIRANTES;2015;PRODECINE 02;FSA Pontuação Bilheteria e Roteiro — Distribuidora;6039.42;7594.16;442552.32;280000;7594.16;0.5166;0.0054;0.0;0;0.0;0;0;0;0.0;0;;;;04.858.795/0001-24;;;;;;;;;;FSA;442000.0;871321.23;2015;0.0087
B1500843400000;ASPIRANTES;2015;PRODECINE 02;FSA Pontuação Bilheteria e Roteiro — Distribuidora;6039.42;7594.16;442552.32;280000;7594.16;0.5166;0.0054;0.0;0;0.0;0;0;0;0.0;0;;;;04.858.795/0001-24;;;;;;;;;;RENUNCIA_OUTROS;342000.0;540546.05;2015;0.014
B1500873900000;ATRAVÉS DA SOMBRA;2015;PRODECINE 02;FSA Pontuação Bilheteria e Roteiro — Distribuidora;93835.5;132301.4;316108.8;200000;132301.4;0.1673;0.0254;0.0;0;0.0;0;0;0;2.6;1;;;Oscar;04.864.145/0001-91;;;;;;;;;;FSA;1440000.0;2680287.84;2015;0.0494
B1500873900000;ATRAVÉS DA SOMBRA;2015;PRODECINE 02;FSA Pontuação Bilheteria e Roteiro — Distribuidora;93835.5;132301.4;316108.8;200000;132301.4;0.1673;0.0254;0.0;0;0.0;0;0;0;2.6;1;;;Oscar;04.864.145/0001-91;;;;;;;;;;RENUNCIA_ART3;550000.0;869299.2;2015;0.1522
B1500873900000;ATRAVÉS DA SOMBRA;2015;PRODECINE 02;FSA Pontuação Bilheteria e Roteiro — Distribuidora;93835.5;132301.4;316108.8;200000;132301.4;0.1673;0.0254;0.0;0;0.0;0;0;0;2.6;1;;;Oscar;04.864.145/0001-91;;;;;;;;;;RENUNCIA_OUTROS;1054100.0;1666051.43;2015;0.0794
B1500711400000;BEATRIZ;2015;PRODECINE 02;FSA Pontuação Bilheteria e Roteiro — Distribuidora;19240.77;24193.96;94832.64;60000;24193.96;0.0639;0.0064;0.0;0;0.0;0;0;0;2.998;2;0.0;;;27.920.016/0001-79;;;;;;;;;;FSA;1000000.0;1861311.0;2015;0.013
B1500711400000;BEATRIZ;2015;PRODECINE 02;FSA Pontuação Bilheteria e Roteiro — Distribuidora;19240.77;24193.96;94832.64;60000;24193.96;0.0639;0.0064;0.0;0;0.0;0;0;0;2.998;2;0.0;;;27.920.016/0001-79;;;;;;;;;;RENUNCIA_ART3;149999.99;237081.58;2015;0.102
B1500711400000;BEATRIZ;2015;PRODECINE 02;FSA Pontuação Bilheteria e Roteiro — Distribuidora;19240.77;24193.96;94832.64;60000;24193.96;0.0639;0.0064;0.0;0;0.0;0;0;0;2.998;2;0.0;;;27.920.016/0001-79;;;;;;;;;;RENUNCIA_OUTROS;1060000.0;1675376.64;2015;0.0144
B1600100300000;O ESCARAVELHO DO DIABO;2015;PRODECINE 02;FSA Pontuação Bilheteria e Roteiro — Distribuidora;1191351.3;1679720.84;324011.52;205000;1679720.84;0.5071;0.2125;0.0;0;0.0;0;0;0;3.858;2;0.0;;;66.876.707/0001-74;;;;;;;;;;FSA;2500000.0;3951360.0;2015;0.4251
B1600100300000;O ESCARAVELHO DO DIABO;2015;PRODECINE 02;FSA Pontuação Bilheteria e Roteiro — Distribuidora;1191351.3;1679720.84;324011.52;205000;1679720.84;0.5071;0.2125;0.0;0;0.0;0;0;0;3.858;2;0.0;;;66.876.707/0001-74;;;;;;;;;;RENUNCIA_ART3;1749999.99;2765951.98;2015;0.6073
B1600100300000;O ESCARAVELHO DO DIABO;2015;PRODECINE 02;FSA Pontuação Bilheteria e Roteiro — Distribuidora;1191351.3;1679720.84;324011.52;205000;1679720.84;0.5071;0.2125;0.0;0;0.0;0;0;0;3.858;2;0.0;;;66.876.707/0001-74;;;;;;;;;;RENUNCIA_OUTROS;750000.0;1185408.0;2015;1.417
B1500585100000;QUE HORAS ELA VOLTA?;2015;PRODECINE 02;FSA Pontuação Bilheteria e Roteiro — Distribuidora;6658336.31;9739291.52;324011.52;205000;9739291.52;5.3058;1.9438;28.49;0;54.0;457159;0;0;4.4;1;0.0;;;64.047.665/0001-33;;;;;;;;;;FSA;1200000.0;1896652.8;2015;5.135
B1500585100000;QUE HORAS ELA VOLTA?;2015;PRODECINE 02;FSA Pontuação Bilheteria e Roteiro — Distribuidora;6658336.31;9739291.52;324011.52;205000;9739291.52;5.3058;1.9438;28.49;0;54.0;457159;0;0;4.4;1;0.0;;;64.047.665/0001-33;;;;;;;;;;RENUNCIA_ART3;370000.0;584801.28;2015;16.654
B1500585100000;QUE HORAS ELA VOLTA?;2015;PRODECINE 02;FSA Pontuação Bilheteria e Roteiro — Distribuidora;6658336.31;9739291.52;324011.52;205000;9739291.52;5.3058;1.9438;28.49;0;54.0;457159;0;0;4.4;1;0.0;;;64.047.665/0001-33;;;;;;;;;;RENUNCIA_OUTROS;1600000.0;2528870.4;2015;3.8512
B1500899800000;REZA A LENDA;2015;PRODECINE 02;FSA Pontuação Bilheteria e Roteiro — Distribuidora;5384352.9;7591555.72;576898.56;365000;7591555.72;2.3349;0.5378;1.2;0;6.0;0;0;0;3.793;2;;;;08.821.187/0001-04;;;;;;;;;;FSA;2000000.0;3498376.0;2015;2.17
B1500899800000;REZA A LENDA;2015;PRODECINE 02;FSA Pontuação Bilheteria e Roteiro — Distribuidora;5384352.9;7591555.72;576898.56;365000;7591555.72;2.3349;0.5378;1.2;0;6.0;0;0;0;3.793;2;;;;08.821.187/0001-04;;;;;;;;;;RENUNCIA_ART3;1800000.0;2844979.2;2015;2.6684
B1500899800000;REZA A LENDA;2015;PRODECINE 02;FSA Pontuação Bilheteria e Roteiro — Distribuidora;5384352.9;7591555.72;576898.56;365000;7591555.72;2.3349;0.5378;1.2;0;6.0;0;0;0;3.793;2;;;;08.821.187/0001-04;;;;;;;;;;RENUNCIA_OUTROS;4916909.75;7771392.2;2015;0.9769
B1600036800000;ZOOM;2015;PRODECINE 02;FSA Pontuação Bilheteria e Roteiro — Distribuidora;199303.5;281003.8;197568.0;125000;281003.8;0.1185;0.0572;11.16;0;9.0;988;0;0;0.0;0;;;;02.525.725/0001-29;;;;;;;;;;FSA;2717002.5;4040212.6;2015;0.0696
B1600036800000;ZOOM;2015;PRODECINE 02;FSA Pontuação Bilheteria e Roteiro — Distribuidora;199303.5;281003.8;197568.0;125000;281003.8;0.1185;0.0572;11.16;0;9.0;988;0;0;0.0;0;;;;02.525.725/0001-29;;;;;;;;;;RENUNCIA_ART3;250000.0;395136.0;2015;0.7112
B1600036800000;ZOOM;2015;PRODECINE 02;FSA Pontuação Bilheteria e Roteiro — Distribuidora;199303.5;281003.8;197568.0;125000;281003.8;0.1185;0.0572;11.16;0;9.0;988;0;0;0.0;0;;;;02.525.725/0001-29;;;;;;;;;;RENUNCIA_OUTROS;300000.0;474163.2;2015;0.5926
B1700162000000;ALTAS EXPECTATIVAS;2016;PRODECINE 02;FSA Pontuação Bilheteria e Roteiro — Distribuidora;100410.08;133076.72;208181.54;140000;133076.72;0.0804;0.0235;0.0;0;0.0;0;0;0;0.0;0;0.0;;;12.375.637/0001-41;;;;;;;;;;FSA;2852800.0;4242144.98;2016;0.0314
B1700162000000;ALTAS EXPECTATIVAS;2016;PRODECINE 02;FSA Pontuação Bilheteria e Roteiro — Distribuidora;100410.08;133076.72;208181.54;140000;133076.72;0.0804;0.0235;0.0;0;0.0;0;0;0;0.0;0;0.0;;;12.375.637/0001-41;;;;;;;;;;RENUNCIA_ART3;960000.0;1427530.56;2016;0.0932
B1700386500000;COMO SE TORNAR O PIOR ALUNO DA ESCOLA;2016;PRODECINE 02;FSA Pontuação Bilheteria e Roteiro — Distribuidora;7749180.0;10270246.56;96655.72;65000;10270246.56;1.9919;1.0304;0.0;0;0.0;0;0;0;3.0;1;1.0;0.0;;07.276.440/0001-15;;;;;;;;;;FSA;3500000.0;5204538.5;2016;1.9733
B1700386500000;COMO SE TORNAR O PIOR ALUNO DA ESCOLA;2016;PRODECINE 02;FSA Pontuação Bilheteria e Roteiro — Distribuidora;7749180.0;10270246.56;96655.72;65000;10270246.56;1.9919;1.0304;0.0;0;0.0;0;0;0;3.0;1;1.0;0.0;;07.276.440/0001-15;;;;;;;;;;RENUNCIA_ART3;3000000.0;4461033.0;2016;2.3022
B1700386500000;COMO SE TORNAR O PIOR ALUNO DA ESCOLA;2016;PRODECINE 02;FSA Pontuação Bilheteria e Roteiro — Distribuidora;7749180.0;10270246.56;96655.72;65000;10270246.56;1.9919;1.0304;0.0;0;0.0;0;0;0;3.0;1;1.0;0.0;;07.276.440/0001-15;;;;;;;;;;RENUNCIA_OUTROS;203056.24;301946.86;2016;34.0134
B1600680100000;ELIS;2016;PRODECINE 02;FSA Pontuação Bilheteria e Roteiro — Distribuidora;7986352.06;11221802.76;215616.6;145000;11221802.76;2.6703;0.954;15.65;0;16.0;9639;0;0;3.8;1;;;;07.949.950/0001-06;;;;;;;;;;FSA;2710000.0;4283274.24;2016;2.6199
B1600680100000;ELIS;2016;PRODECINE 02;FSA Pontuação Bilheteria e Roteiro — Distribuidora;7986352.06;11221802.76;215616.6;145000;11221802.76;2.6703;0.954;15.65;0;16.0;9639;0;0;3.8;1;;;;07.949.950/0001-06;;;;;;;;;;RENUNCIA_ART3;3000000.0;4461033.0;2016;2.5155
B1600680100000;ELIS;2016;PRODECINE 02;FSA Pontuação Bilheteria e Roteiro — Distribuidora;7986352.06;11221802.76;215616.6;145000;11221802.76;2.6703;0.954;15.65;0;16.0;9639;0;0;3.8;1;;;;07.949.950/0001-06;;;;;;;;;;RENUNCIA_OUTROS;2030000.0;3018632.33;2016;3.7175
B1600567900000;O SHAOLIN DO SERTÃO;2016;PRODECINE 02;FSA Pontuação Bilheteria e Roteiro — Distribuidora;8750194.2;12337130.4;215616.6;145000;12337130.4;4.5383;1.9613;0.0;0;0.0;0;0;0;4.0;1;;;;02.008.424/0001-28;;;;;;;;;;FSA;1750000.0;2765952.0;2016;4.4604
B1600567900000;O SHAOLIN DO SERTÃO;2016;PRODECINE 02;FSA Pontuação Bilheteria e Roteiro — Distribuidora;8750194.2;12337130.4;215616.6;145000;12337130.4;4.5383;1.9613;0.0;0;0.0;0;0;0;4.0;1;;;;02.008.424/0001-28;;;;;;;;;;RENUNCIA_ART3;2370000.0;3524216.07;2016;3.5007
B1700011500000;PEIXONAUTA: O FILME;2016;PRODECINE 02;FSA Pontuação Bilheteria e Roteiro — Distribuidora;333045.76;440222.72;535323.96;360000;440222.72;0.2016;0.0529;0.0;0;0.0;0;0;0;3.5;1;0.0;;;01.161.933/0001-23;;;;;;;;;;FSA;2600000.0;4839408.6;2016;0.091
B1700011500000;PEIXONAUTA: O FILME;2016;PRODECINE 02;FSA Pontuação Bilheteria e Roteiro — Distribuidora;333045.76;440222.72;535323.96;360000;440222.72;0.2016;0.0529;0.0;0;0.0;0;0;0;3.5;1;0.0;;;01.161.933/0001-23;;;;;;;;;;RENUNCIA_OUTROS;2337427.36;3475780.2;2016;0.1267
B1700177700000;UM TIO QUASE PERFEITO;2016;PRODECINE 02;FSA Pontuação Bilheteria e Roteiro — Distribuidora;8651910.0;11466664.72;535323.96;360000;11466664.72;3.5092;1.5495;0.0;0;0.0;0;0;0;3.0;1;;;;42.473.256/0001-66;;;;;;;;;;FSA;2300000.0;3420125.3;2016;3.3527
B1700177700000;UM TIO QUASE PERFEITO;2016;PRODECINE 02;FSA Pontuação Bilheteria e Roteiro — Distribuidora;8651910.0;11466664.72;535323.96;360000;11466664.72;3.5092;1.5495;0.0;0;0.0;0;0;0;3.0;1;;;;42.473.256/0001-66;;;;;;;;;;RENUNCIA_ART3;2341601.34;3481986.95;2016;3.2931
B1700177700000;UM TIO QUASE PERFEITO;2016;PRODECINE 02;FSA Pontuação Bilheteria e Roteiro — Distribuidora;8651910.0;11466664.72;535323.96;360000;11466664.72;3.5092;1.5495;0.0;0;0.0;0;0;0;3.0;1;;;;42.473.256/0001-66;;;;;;;;;;RENUNCIA_OUTROS;335000.0;498148.69;2016;23.0186
B1800206400000;UMA NOITE NÃO É NADA;2016;PRODECINE 02;FSA Pontuação Bilheteria e Roteiro — Distribuidora;15936.48;20039.04;89220.66;60000;20039.04;0.0482;0.0063;0.0;0;0.0;0;0;0;0.0;0;24.0;9.0;;69.126.670/0001-55;;;;;;;;;;FSA;1432942.0;2264827.88;2016;0.0088
B1800206400000;UMA NOITE NÃO É NADA;2016;PRODECINE 02;FSA Pontuação Bilheteria e Roteiro — Distribuidora;15936.48;20039.04;89220.66;60000;20039.04;0.0482;0.0063;0.0;0;0.0;0;0;0;0.0;0;24.0;9.0;;69.126.670/0001-55;;;;;;;;;;RENUNCIA_OUTROS;600000.0;892206.6;2016;0.0225
B1600564100000;VERMELHO RUSSO;2016;PRODECINE 02;FSA Pontuação Bilheteria e Roteiro — Distribuidora;119787.9;159020.12;208181.54;140000;159020.12;0.4647;0.0665;11.6;0;8.0;0;10;6;0.0;0;12.0;41.0;;09.287.514/0001-44;;;;;;;;;;FSA;500000.0;790272.0;2016;0.2012
B1600564100000;VERMELHO RUSSO;2016;PRODECINE 02;FSA Pontuação Bilheteria e Roteiro — Distribuidora;119787.9;159020.12;208181.54;140000;159020.12;0.4647;0.0665;11.6;0;8.0;0;10;6;0.0;0;12.0;41.0;;09.287.514/0001-44;;;;;;;;;;RENUNCIA_OUTROS;1077500.0;1602254.35;2016;0.0992
B1700353800000;BERENICE PROCURA;2017;PRODECINE 02;FSA Pontuação Bilheteria e Roteiro — Distribuidora;92315.52;122023.44;519984.36;360000;122023.44;0.1277;0.0243;0.0;0;0.0;0;0;0;2.7;1;4.0;0.0;;00.338.948/0001-51;;;;;;;;;;FSA;3380000.0;5026097.18;2017;0.0243
B1700119200000;COMO NOSSOS PAIS;2017;PRODECINE 02;FSA Pontuação Bilheteria e Roteiro — Distribuidora;3109290.48;4120845.68;209438.15;145000;4120845.68;0.9132;0.5009;20.48;0;31.0;36866;0;0;3.7;1;;;;02.238.621/0001-33;;;;;;;;;;FSA;3000000.0;4741632.0;2017;0.8691
B1700119200000;COMO NOSSOS PAIS;2017;PRODECINE 02;FSA Pontuação Bilheteria e Roteiro — Distribuidora;3109290.48;4120845.68;209438.15;145000;4120845.68;0.9132;0.5009;20.48;0;31.0;36866;0;0;3.7;1;;;;02.238.621/0001-33;;;;;;;;;;RENUNCIA_ART3;563400.0;813775.52;2017;5.0639
B1700119200000;COMO NOSSOS PAIS;2017;PRODECINE 02;FSA Pontuação Bilheteria e Roteiro — Distribuidora;3109290.48;4120845.68;209438.15;145000;4120845.68;0.9132;0.5009;20.48;0;31.0;36866;0;0;3.7;1;;;;02.238.621/0001-33;;;;;;;;;;RENUNCIA_OUTROS;1850000.0;2672141.85;2017;1.5422
B1700395900000;DUAS DE MIM;2017;PRODECINE 02;FSA Pontuação Bilheteria e Roteiro — Distribuidora;4436850.0;5880305.2;209438.15;145000;5880305.2;1.059;0.8256;0.0;0;0.0;0;0;0;4.2;1;;;;10.645.895/0001-75;;;;;;;;;;FSA;3638360.0;5750588.07;2017;1.0226
B1700395900000;DUAS DE MIM;2017;PRODECINE 02;FSA Pontuação Bilheteria e Roteiro — Distribuidora;4436850.0;5880305.2;209438.15;145000;5880305.2;1.059;0.8256;0.0;0;0.0;0;0;0;4.2;1;;;;10.645.895/0001-75;;;;;;;;;;RENUNCIA_ART3;699999.99;1011080.69;2017;5.8159
B1700395900000;DUAS DE MIM;2017;PRODECINE 02;FSA Pontuação Bilheteria e Roteiro — Distribuidora;4436850.0;5880305.2;209438.15;145000;5880305.2;1.059;0.8256;0.0;0;0.0;0;0;0;4.2;1;;;;10.645.895/0001-75;;;;;;;;;;RENUNCIA_OUTROS;250000.0;361100.25;2017;16.2844
B1700109600000;GOSTOSAS, LINDAS E SEXIES;2017;PRODECINE 02;FSA Pontuação Bilheteria e Roteiro — Distribuidora;1299855.0;1722741.16;527206.37;365000;1722741.16;0.5192;0.1988;0.0;0;0.0;0;0;0;2.3;1;0.0;;;15.479.865/0001-50;;;;;;;;;;FSA;3000000.0;4333203.0;2017;0.3976
B1700109600000;GOSTOSAS, LINDAS E SEXIES;2017;PRODECINE 02;FSA Pontuação Bilheteria e Roteiro — Distribuidora;1299855.0;1722741.16;527206.37;365000;1722741.16;0.5192;0.1988;0.0;0;0.0;0;0;0;2.3;1;0.0;;;15.479.865/0001-50;;;;;;;;;;RENUNCIA_ART3;3000000.0;4333203.0;2017;0.3976
B1700571300000;HAPPY HOUR;2017;PRODECINE 02;FSA Pontuação Bilheteria e Roteiro — Distribuidora;50475.73;63616.0;86664.06;60000;63616.0;0.0389;0.0096;0.0;0;0.0;0;0;0;0.0;0;3.0;0.0;;05.256.465/0001-21;;;;;;;;;;FSA;2600000.0;3866228.6;2017;0.0165
B1700571300000;HAPPY HOUR;2017;PRODECINE 02;FSA Pontuação Bilheteria e Roteiro — Distribuidora;50475.73;63616.0;86664.06;60000;63616.0;0.0389;0.0096;0.0;0;0.0;0;0;0;0.0;0;3.0;0.0;;05.256.465/0001-21;;;;;;;;;;RENUNCIA_ART3;272955.26;394256.85;2017;0.1614
B1700571300000;HAPPY HOUR;2017;PRODECINE 02;FSA Pontuação Bilheteria e Roteiro — Distribuidora;50475.73;63616.0;86664.06;60000;63616.0;0.0389;0.0096;0.0;0;0.0;0;0;0;0.0;0;3.0;0.0;;05.256.465/0001-21;;;;;;;;;;RENUNCIA_OUTROS;1620000.0;2339929.62;2017;0.0272
B1700600100000;MINHA FAMA DE MAU;2017;PRODECINE 02;FSA Pontuação Bilheteria e Roteiro — Distribuidora;1763241.87;2217156.76;202216.14;140000;2217156.76;0.7654;0.2188;0.0;0;0.0;0;0;0;0.0;0;;;;07.060.648/0001-00;;;;;;;;;;FSA;2000000.0;3161088.0;2017;0.7014
B1700600100000;MINHA FAMA DE MAU;2017;PRODECINE 02;FSA Pontuação Bilheteria e Roteiro — Distribuidora;1763241.87;2217156.76;202216.14;140000;2217156.76;0.7654;0.2188;0.0;0;0.0;0;0;0;0.0;0;;;;07.060.648/0001-00;;;;;;;;;;RENUNCIA_ART3;2449999.99;3538782.44;2017;0.6265
B1700600100000;MINHA FAMA DE MAU;2017;PRODECINE 02;FSA Pontuação Bilheteria e Roteiro — Distribuidora;1763241.87;2217156.76;202216.14;140000;2217156.76;0.7654;0.2188;0.0;0;0.0;0;0;0;0.0;0;;;;07.060.648/0001-00;;;;;;;;;;RENUNCIA_OUTROS;2376000.0;3431896.78;2017;0.646
B1700168200000;NINGUÉM ENTRA, NINGUÉM SAI;2017;PRODECINE 02;FSA Pontuação Bilheteria e Roteiro — Distribuidora;3007155.0;3985482.76;527206.37;365000;3985482.76;1.4276;0.6588;0.0;0;0.0;0;0;0;3.43;2;;;;32.267.676/0001-32;;;;;;;;;;FSA;2000000.0;3161088.0;2017;1.2608
B1700168200000;NINGUÉM ENTRA, NINGUÉM SAI;2017;PRODECINE 02;FSA Pontuação Bilheteria e Roteiro — Distribuidora;3007155.0;3985482.76;527206.37;365000;3985482.76;1.4276;0.6588;0.0;0;0.0;0;0;0;3.43;2;;;;32.267.676/0001-32;;;;;;;;;;RENUNCIA_ART3;2000000.0;2888802.0;2017;1.3796
B1700260300000;O BANQUETE;2017;PRODECINE 02;FSA Pontuação Bilheteria e Roteiro — Distribuidora;151261.13;199933.16;202216.14;140000;199933.16;0.1961;0.0975;2.0;0;10.0;0;0;0;0.0;0;1.0;0.0;;05.919.250/0001-43;;;;;;;;;;FSA;1297635.0;2050969.21;2017;0.0975
B1700052200000;O CRIME DA GÁVEA;2017;PRODECINE 02;FSA Pontuação Bilheteria e Roteiro — Distribuidora;11370.0;15069.04;86664.06;60000;15069.04;0.1409;0.019;0.0;0;0.0;0;0;0;0.0;0;0.0;;;29.185.956/0001-97;;;;;;;;;;FSA;500000.0;722200.5;2017;0.0209
B1700052200000;O CRIME DA GÁVEA;2017;PRODECINE 02;FSA Pontuação Bilheteria e Roteiro — Distribuidora;11370.0;15069.04;86664.06;60000;15069.04;0.1409;0.019;0.0;0;0.0;0;0;0;0.0;0;0.0;;;29.185.956/0001-97;;;;;;;;;;RENUNCIA_OUTROS;50000.0;72220.05;2017;0.2087
B1700513700000;O NOME DA MORTE;2017;PRODECINE 02;FSA Pontuação Bilheteria e Roteiro — Distribuidora;699269.76;924300.72;527206.37;365000;924300.72;0.3826;0.1642;2.4;0;12.0;0;0;0;3.57;2;;;;03.360.320/0001-40;;;;;;;;;;FSA;2400000.0;3793305.6;2017;0.2437
B1700513700000;O NOME DA MORTE;2017;PRODECINE 02;FSA Pontuação Bilheteria e Roteiro — Distribuidora;699269.76;924300.72;527206.37;365000;924300.72;0.3826;0.1642;2.4;0;12.0;0;0;0;3.57;2;;;;03.360.320/0001-40;;;;;;;;;;RENUNCIA_ART3;1270000.0;1834389.27;2017;0.5039
B1800202100000;PARAÍSO PERDIDO;2017;PRODECINE 02;FSA Pontuação Bilheteria e Roteiro — Distribuidora;326597.4;431654.44;0.0;0;431654.44;0.0833;0.0642;0.0;0;0.0;0;0;0;3.84;2;;;;27.872.415/0001-01;;;;;;;;;;FSA;3586229.13;5179952.94;2017;0.0833
B1800202100000;PARAÍSO PERDIDO;2017;PRODECINE 02;FSA Pontuação Bilheteria e Roteiro — Distribuidora;326597.4;431654.44;0.0;0;431654.44;0.0833;0.0642;0.0;0;0.0;0;0;0;3.84;2;;;;27.872.415/0001-01;;;;;;;;;;RENUNCIA_OUTROS;1070471.0;1546189.38;2017;0.2792
B1700480900000;ZAMA;2017;PRODECINE 02;FSA Pontuação Bilheteria e Roteiro — Distribuidora;156559.7;206970.68;86664.06;60000;206970.68;0.1036;0.0647;20.7;0;53.5;0;32;11;0.0;0;;;;02.140.120/0001-10;;;;;;;;;;FSA;1793941.0;2835402.68;2017;0.073
B1700480900000;ZAMA;2017;PRODECINE 02;FSA Pontuação Bilheteria e Roteiro — Distribuidora;156559.7;206970.68;86664.06;60000;206970.68;0.1036;0.0647;20.7;0;53.5;0;32;11;0.0;0;;;;02.140.120/0001-10;;;;;;;;;;RENUNCIA_ART3;250000.0;361100.25;2017;0.5732
B1800089700000;A MULHER DO MEU MARIDO;2018;PRODECINE 02;FSA Pontuação Bilheteria e Roteiro — Distribuidora;48900.33;61488.84;389814.32;280000;61488.84;0.0932;0.0064;0.0;0;0.0;0;0;0;2.3;1;;;;73.619.637/0001-34;;;;;;;;;;FSA;2058531.7;4844511.45;2018;0.0127
B1800089700000;A MULHER DO MEU MARIDO;2018;PRODECINE 02;FSA Pontuação Bilheteria e Roteiro — Distribuidora;48900.33;61488.84;389814.32;280000;61488.84;0.0932;0.0064;0.0;0;0.0;0;0;0;2.3;1;;;;73.619.637/0001-34;;;;;;;;;;RENUNCIA_ART3;2000000.0;2784388.0;2018;0.0221
B1800089700000;A MULHER DO MEU MARIDO;2018;PRODECINE 02;FSA Pontuação Bilheteria e Roteiro — Distribuidora;48900.33;61488.84;389814.32;280000;61488.84;0.0932;0.0064;0.0;0;0.0;0;0;0;2.3;1;;;;73.619.637/0001-34;;;;;;;;;;RENUNCIA_OUTROS;1443651.0;2009842.26;2018;0.0306
B1900019800000;ALBATROZ;2018;PRODECINE 02;FSA Pontuação Bilheteria e Roteiro — Distribuidora;100978.47;126973.56;278438.8;200000;126973.56;0.0936;0.0157;0.0;0;0.0;0;0;0;0.0;0;8.0;0.0;;23.723.437/0001-59;;;;;;;;;;FSA;3000000.0;4333203.0;2018;0.0293
B1900019800000;ALBATROZ;2018;PRODECINE 02;FSA Pontuação Bilheteria e Roteiro — Distribuidora;100978.47;126973.56;278438.8;200000;126973.56;0.0936;0.0157;0.0;0;0.0;0;0;0;0.0;0;8.0;0.0;;23.723.437/0001-59;;;;;;;;;;RENUNCIA_ART3;2000000.0;2784388.0;2018;0.0456
B1900019800000;ALBATROZ;2018;PRODECINE 02;FSA Pontuação Bilheteria e Roteiro — Distribuidora;100978.47;126973.56;278438.8;200000;126973.56;0.0936;0.0157;0.0;0;0.0;0;0;0;0.0;0;8.0;0.0;;23.723.437/0001-59;;;;;;;;;;RENUNCIA_OUTROS;689788.7;960319.69;2018;0.1322
B1800130000000;ALGUÉM COMO EU;2018;PRODECINE 02;FSA Pontuação Bilheteria e Roteiro — Distribuidora;429110.3;567196.28;90492.61;65000;567196.28;0.4423;0.3347;2.0;0;0.0;0;2;1;4.3;1;;;;01.378.559/0001-12;;;;;;;;;;FSA;1000000.0;1487011.0;2018;0.3814
B1800130000000;ALGUÉM COMO EU;2018;PRODECINE 02;FSA Pontuação Bilheteria e Roteiro — Distribuidora;429110.3;567196.28;90492.61;65000;567196.28;0.4423;0.3347;2.0;0;0.0;0;2;1;4.3;1;;;;01.378.559/0001-12;;;;;;;;;;RENUNCIA_OUTROS;149000.0;207436.91;2018;2.7343
B1800166700000;ALÉM DO HOMEM;2018;PRODECINE 02;FSA Pontuação Bilheteria e Roteiro — Distribuidora;42728.64;56479.08;90492.61;65000;56479.08;0.0396;0.0105;0.0;0;0.0;0;0;0;4.6;1;;;;07.477.471/0001-34;;;;;;;;;;FSA;2495163.75;3710335.94;2018;0.0152
B1800166700000;ALÉM DO HOMEM;2018;PRODECINE 02;FSA Pontuação Bilheteria e Roteiro — Distribuidora;42728.64;56479.08;90492.61;65000;56479.08;0.0396;0.0105;0.0;0;0.0;0;0;0;4.6;1;;;;07.477.471/0001-34;;;;;;;;;;RENUNCIA_ART3;200000.0;278438.8;2018;0.2028
B1800166700000;ALÉM DO HOMEM;2018;PRODECINE 02;FSA Pontuação Bilheteria e Roteiro — Distribuidora;42728.64;56479.08;90492.61;65000;56479.08;0.0396;0.0105;0.0;0;0.0;0;0;0;4.6;1;;;;07.477.471/0001-34;;;;;;;;;;RENUNCIA_OUTROS;1000000.0;1392194.0;2018;0.0406
B1800106900000;BENZINHO;2018;PRODECINE 02;FSA Pontuação Bilheteria e Roteiro — Distribuidora;596443.91;788023.32;194907.16;140000;788023.32;0.2778;0.2103;34.96;0;50.0;60939;22;8;0.0;0;;;;15.318.729/0001-88;;;;;;;;;;FSA;2379538.0;3538399.18;2018;0.2227
B1800106900000;BENZINHO;2018;PRODECINE 02;FSA Pontuação Bilheteria e Roteiro — Distribuidora;596443.91;788023.32;194907.16;140000;788023.32;0.2778;0.2103;34.96;0;50.0;60939;22;8;0.0;0;;;;15.318.729/0001-88;;;;;;;;;;RENUNCIA_ART3;150000.0;208829.1;2018;3.7735
B1900048500000;CINDERELA POP;2018;PRODECINE 02;FSA Pontuação Bilheteria e Roteiro — Distribuidora;7651464.39;9621184.44;83531.64;60000;9621184.44;2.5818;1.2124;0.0;0;0.0;0;0;0;4.3;1;5.0;0.0;;05.565.485/0001-84;;;;;;;;;;FSA;2700000.0;3758923.8;2018;2.5596
B1900048500000;CINDERELA POP;2018;PRODECINE 02;FSA Pontuação Bilheteria e Roteiro — Distribuidora;7651464.39;9621184.44;83531.64;60000;9621184.44;2.5818;1.2124;0.0;0;0.0;0;0;0;4.3;1;5.0;0.0;;05.565.485/0001-84;;;;;;;;;;RENUNCIA_ART3;2999999.99;4176581.99;2018;2.3036
B1800607100000;CINE MARROCOS;2018;PRODECINE 02;FSA Pontuação Bilheteria e Roteiro — Distribuidora;5646.04;6421.24;389814.32;280000;6421.24;0.4963;0.0064;4.8;0;24.0;0;0;0;0.0;0;;;;04.728.553/0001-16;;;;;;;;;;FSA;573514.0;798442.75;2018;0.008
B1800607100000;CINE MARROCOS;2018;PRODECINE 02;FSA Pontuação Bilheteria e Roteiro — Distribuidora;5646.04;6421.24;389814.32;280000;6421.24;0.4963;0.0064;4.8;0;24.0;0;0;0;0.0;0;;;;04.728.553/0001-16;;;;;;;;;;RENUNCIA_ART3;150000.0;208829.1;2018;0.0307
B1800216200000;CORRENDO ATRÁS;2018;PRODECINE 02;FSA Pontuação Bilheteria e Roteiro — Distribuidora;223.16;278.32;501189.84;360000;278.32;0.1117;0.0001;0.0;0;0.0;0;0;0;0.0;0;;;;72.062.029/0001-09;;;;;;;;;;FSA;3020080.59;4490893.06;2018;0.0001
B1800216200000;CORRENDO ATRÁS;2018;PRODECINE 02;FSA Pontuação Bilheteria e Roteiro — Distribuidora;223.16;278.32;501189.84;360000;278.32;0.1117;0.0001;0.0;0;0.0;0;0;0;0.0;0;;;;72.062.029/0001-09;;;;;;;;;;RENUNCIA_ART3;712500.0;991938.22;2018;0.0003
B1900005600000;CRAVOS;2018;PRODECINE 02;FSA Pontuação Bilheteria e Roteiro — Distribuidora;1153.68;1312.08;83531.64;60000;1312.08;0.1333;0.0021;0.0;0;0.0;0;0;0;0.0;0;;;;04.315.253/0001-05;;;;;;;;;;FSA;457030.0;636274.42;2018;0.0021
B1800422000000;DE VOLTA AO MARACANÃ;2018;PRODECINE 02;FSA Pontuação Bilheteria e Roteiro — Distribuidora;439.3;457.24;83531.64;60000;457.24;0.0363;0.0002;0.0;0;0.0;0;0;0;4.3;1;;;;03.360.320/0001-40;;;;;;;;;;FSA;1600000.0;2311041.6;2018;0.0002
B1800502000000;DOMINGO;2018;PRODECINE 02;FSA Pontuação Bilheteria e Roteiro — Distribuidora;42436.38;53357.92;501189.84;360000;53357.92;0.2339;0.0191;22.62;0;32.5;7511;10;2;4.078;2;4.0;1.0;Rotterdam;11.422.855/0001-27;;;;;;;;;;FSA;1500000.0;2370816.0;2018;0.0225
B1800502000000;DOMINGO;2018;PRODECINE 02;FSA Pontuação Bilheteria e Roteiro — Distribuidora;42436.38;53357.92;501189.84;360000;53357.92;0.2339;0.0191;22.62;0;32.5;7511;10;2;4.078;2;4.0;1.0;Rotterdam;11.422.855/0001-27;;;;;;;;;;RENUNCIA_ART3;300000.0;417658.2;2018;0.1278
B1800279000000;JOVENS POLACAS;2018;PRODECINE 02;FSA Pontuação Bilheteria e Roteiro — Distribuidora;39754.36;49580.72;83531.64;60000;49580.72;0.0768;0.0286;0.0;0;0.0;0;0;0;0.0;0;0.0;;;03.760.043/0001-63;;;;;;;;;;FSA;1199450.0;1732486.78;2018;0.0286
B1800603500000;MEU AMIGO FELA;2018;PRODECINE 02;FSA Pontuação Bilheteria e Roteiro — Distribuidora;45259.63;56856.8;83531.64;60000;56856.8;0.1681;0.0371;2.7;0;13.5;0;0;0;4.3;1;;;;66.669.599/0001-69;;;;;;;;;;FSA;600000.0;835316.4;2018;0.0681
B1800603500000;MEU AMIGO FELA;2018;PRODECINE 02;FSA Pontuação Bilheteria e Roteiro — Distribuidora;45259.63;56856.8;83531.64;60000;56856.8;0.1681;0.0371;2.7;0;13.5;0;0;0;4.3;1;;;;66.669.599/0001-69;;;;;;;;;;RENUNCIA_OUTROS;500000.0;696097.0;2018;0.0817
B1800269200000;MULHERES ALTERADAS;2018;PRODECINE 02;FSA Pontuação Bilheteria e Roteiro — Distribuidora;1392873.04;1841106.68;201868.13;145000;1841106.68;0.4586;0.1917;1.0;0;5.0;0;0;0;2.5;1;;;;02.525.725/0001-29;;;;;;;;;;FSA;3200000.0;4455020.8;2018;0.4133
B1800269200000;MULHERES ALTERADAS;2018;PRODECINE 02;FSA Pontuação Bilheteria e Roteiro — Distribuidora;1392873.04;1841106.68;201868.13;145000;1841106.68;0.4586;0.1917;1.0;0;5.0;0;0;0;2.5;1;;;;02.525.725/0001-29;;;;;;;;;;RENUNCIA_ART3;2099999.99;2923607.39;2018;0.6297
B1800269200000;MULHERES ALTERADAS;2018;PRODECINE 02;FSA Pontuação Bilheteria e Roteiro — Distribuidora;1392873.04;1841106.68;201868.13;145000;1841106.68;0.4586;0.1917;1.0;0;5.0;0;0;0;2.5;1;;;;02.525.725/0001-29;;;;;;;;;;RENUNCIA_OUTROS;1600000.0;2227510.4;2018;0.8265
B1800307900000;O CANDIDATO HONESTO 2;2018;PRODECINE 02;FSA Pontuação Bilheteria e Roteiro — Distribuidora;8865222.72;11718126.84;90492.61;65000;11718126.84;2.3358;1.1714;0.0;0;0.0;0;0;0;3.1;1;;;;03.987.306/0001-71;;;;;;;;;;FSA;3500000.0;5055403.5;2018;2.3179
B1800307900000;O CANDIDATO HONESTO 2;2018;PRODECINE 02;FSA Pontuação Bilheteria e Roteiro — Distribuidora;8865222.72;11718126.84;90492.61;65000;11718126.84;2.3358;1.1714;0.0;0;0.0;0;0;0;3.1;1;;;;03.987.306/0001-71;;;;;;;;;;RENUNCIA_ART3;3000000.0;4176582.0;2018;2.8057
B1800307900000;O CANDIDATO HONESTO 2;2018;PRODECINE 02;FSA Pontuação Bilheteria e Roteiro — Distribuidora;8865222.72;11718126.84;90492.61;65000;11718126.84;2.3358;1.1714;0.0;0;0.0;0;0;0;3.1;1;;;;03.987.306/0001-71;;;;;;;;;;RENUNCIA_OUTROS;554117.78;771439.45;2018;15.19
B1800000800000;O GRANDE CIRCO MISTICO;2018;PRODECINE 02;FSA Pontuação Bilheteria e Roteiro — Distribuidora;785455.44;1037855.28;194907.16;140000;1037855.28;0.2228;0.0691;14.54;0;0.0;10256;1;1;1.7;1;2.0;1.0;;73.586.513/0001-08;;;;;;;;;;FSA;3500000.0;5531904.0;2018;0.1876
B1800000800000;O GRANDE CIRCO MISTICO;2018;PRODECINE 02;FSA Pontuação Bilheteria e Roteiro — Distribuidora;785455.44;1037855.28;194907.16;140000;1037855.28;0.2228;0.0691;14.54;0;0.0;10256;1;1;1.7;1;2.0;1.0;;73.586.513/0001-08;;;;;;;;;;RENUNCIA_ART3;3000000.0;4176582.0;2018;0.2485
B1800000800000;O GRANDE CIRCO MISTICO;2018;PRODECINE 02;FSA Pontuação Bilheteria e Roteiro — Distribuidora;785455.44;1037855.28;194907.16;140000;1037855.28;0.2228;0.0691;14.54;0;0.0;10256;1;1;1.7;1;2.0;1.0;;73.586.513/0001-08;;;;;;;;;;RENUNCIA_OUTROS;3813000.0;5308435.72;2018;0.1955
B1800115600000;O HOMEM PERFEITO;2018;PRODECINE 02;FSA Pontuação Bilheteria e Roteiro — Distribuidora;169786.56;224425.32;83531.64;60000;224425.32;0.0737;0.0228;0.0;0;0.0;0;0;0;3.707;2;;;;05.626.923/0001-77;;;;;;;;;;FSA;3000000.0;4176582.0;2018;0.0537
B1800115600000;O HOMEM PERFEITO;2018;PRODECINE 02;FSA Pontuação Bilheteria e Roteiro — Distribuidora;169786.56;224425.32;83531.64;60000;224425.32;0.0737;0.0228;0.0;0;0.0;0;0;0;3.707;2;;;;05.626.923/0001-77;;;;;;;;;;RENUNCIA_ART3;1490215.4;2074668.94;2018;0.1082
B1800115600000;O HOMEM PERFEITO;2018;PRODECINE 02;FSA Pontuação Bilheteria e Roteiro — Distribuidora;169786.56;224425.32;83531.64;60000;224425.32;0.0737;0.0228;0.0;0;0.0;0;0;0;3.707;2;;;;05.626.923/0001-77;;;;;;;;;;RENUNCIA_OUTROS;2576576.83;3587094.8;2018;0.0626
B1800307200000;SUEÑO FLORIANÓPOLIS;2018;PRODECINE 02;FSA Pontuação Bilheteria e Roteiro — Distribuidora;62214.84;82044.76;83531.64;60000;82044.76;0.1638;0.0811;10.0;0;50.0;0;0;0;0.0;0;;;;00.020.648/0001-20;;;;;;;;;;FSA;700000.0;1011080.7;2018;0.0811
B1800410600000;TUDO ACABA EM FESTA;2018;PRODECINE 02;FSA Pontuação Bilheteria e Roteiro — Distribuidora;459652.48;607572.56;83531.64;60000;607572.56;0.1549;0.0613;0.0;0;0.0;0;0;0;2.998;2;0.0;;;01.378.559/0001-12;;;;;;;;;;FSA;3000000.0;4461033.0;2018;0.1362
B1800410600000;TUDO ACABA EM FESTA;2018;PRODECINE 02;FSA Pontuação Bilheteria e Roteiro — Distribuidora;459652.48;607572.56;83531.64;60000;607572.56;0.1549;0.0613;0.0;0;0.0;0;0;0;2.998;2;0.0;;;01.378.559/0001-12;;;;;;;;;;RENUNCIA_ART3;2999999.77;4176581.68;2018;0.1455
B1800410600000;TUDO ACABA EM FESTA;2018;PRODECINE 02;FSA Pontuação Bilheteria e Roteiro — Distribuidora;459652.48;607572.56;83531.64;60000;607572.56;0.1549;0.0613;0.0;0;0.0;0;0;0;2.998;2;0.0;;;01.378.559/0001-12;;;;;;;;;;RENUNCIA_OUTROS;910000.0;1266896.54;2018;0.4796
B1800580500000;UMA PITADA DE SORTE;2018;PRODECINE 02;FSA Pontuação Bilheteria e Roteiro — Distribuidora;1660840.5;1728665.4;194907.16;140000;1728665.4;0.3329;0.1813;0.0;0;0.0;0;0;0;4.072;2;;;;03.626.688/0001-08;;;;;;;;;;FSA;4000000.0;5777604.0;2018;0.2992
B1800580500000;UMA PITADA DE SORTE;2018;PRODECINE 02;FSA Pontuação Bilheteria e Roteiro — Distribuidora;1660840.5;1728665.4;194907.16;140000;1728665.4;0.3329;0.1813;0.0;0;0.0;0;0;0;4.072;2;;;;03.626.688/0001-08;;;;;;;;;;RENUNCIA_ART3;2700000.0;3758923.8;2018;0.4599
B1900240000000;ANNA;2019;PRODECINE 02;FSA Pontuação Bilheteria e Roteiro — Distribuidora;11589.24;13180.44;80080.2;60000;13180.44;0.0323;0.0043;0.0;0;0.0;0;0;0;4.1;1;;;;11.140.814/0001-48;;;;;;;;;;FSA;2000000.0;2888802.0;2019;0.0046
B1900240000000;ANNA;2019;PRODECINE 02;FSA Pontuação Bilheteria e Roteiro — Distribuidora;11589.24;13180.44;80080.2;60000;13180.44;0.0323;0.0043;0.0;0;0.0;0;0;0;4.1;1;;;;11.140.814/0001-48;;;;;;;;;;RENUNCIA_OUTROS;126967.5;169459.71;2019;0.0778
B1900232600000;BACURAU;2019;PRODECINE 02;FSA Pontuação Bilheteria e Roteiro — Distribuidora;11731021.17;14749727.44;480481.2;360000;14749727.44;6.8281;3.849;41.6;0;77.5;141139;41;10;3.9;1;;;Cannes/Oscar;08.587.501/0001-28;;;;;;;;;;FSA;1500000.0;2230516.5;2019;6.6127
B1900232600000;BACURAU;2019;PRODECINE 02;FSA Pontuação Bilheteria e Roteiro — Distribuidora;11731021.17;14749727.44;480481.2;360000;14749727.44;6.8281;3.849;41.6;0;77.5;141139;41;10;3.9;1;;;Cannes/Oscar;08.587.501/0001-28;;;;;;;;;;RENUNCIA_ART3;1200000.0;1601604.0;2019;9.2093
B2000006000000;DE PERTO ELA NÃO É NORMAL;2019;PRODECINE 02;FSA Pontuação Bilheteria e Roteiro — Distribuidora;7778.72;9701.44;186853.8;140000;9701.44;0.0441;0.0011;0.0;0;0.0;0;0;0;4.4;1;;;;13.029.754/0001-16;;;;;;;;;;FSA;3200000.0;4455020.8;2019;0.0022
B2000006000000;DE PERTO ELA NÃO É NORMAL;2019;PRODECINE 02;FSA Pontuação Bilheteria e Roteiro — Distribuidora;7778.72;9701.44;186853.8;140000;9701.44;0.0441;0.0011;0.0;0;0.0;0;0;0;4.4;1;;;;13.029.754/0001-16;;;;;;;;;;RENUNCIA_ART3;3000000.0;4004010.0;2019;0.0024
B1900463100000;FLUXOS;2019;PRODECINE 02;FSA Pontuação Bilheteria e Roteiro — Distribuidora;0.0;0.0;0.0;0;0.0;0.0;0.0;0.0;0;0.0;0;0;0;0.0;0;;;;06.076.085/0001-78;;;;;;;;;;FSA;600994.0;836700.24;2019;0.0
B1900463100000;FLUXOS;2019;PRODECINE 02;FSA Pontuação Bilheteria e Roteiro — Distribuidora;0.0;0.0;0.0;0;0.0;0.0;0.0;0.0;0;0.0;0;0;0;0.0;0;;;;06.076.085/0001-78;;;;;;;;;;RENUNCIA_OUTROS;610000.0;814148.7;2019;0.0
B1900075800000;MARIA DO CARITÓ;2019;PRODECINE 02;FSA Pontuação Bilheteria e Roteiro — Distribuidora;656779.02;825854.96;186853.8;140000;825854.96;0.2694;0.1064;0.0;0;0.0;0;0;0;0.0;0;;;;00.338.948/0001-51;;;;;;;;;;FSA;2700000.0;3758923.8;2019;0.2197
B1900075800000;MARIA DO CARITÓ;2019;PRODECINE 02;FSA Pontuação Bilheteria e Roteiro — Distribuidora;656779.02;825854.96;186853.8;140000;825854.96;0.2694;0.1064;0.0;0;0.0;0;0;0;0.0;0;;;;00.338.948/0001-51;;;;;;;;;;RENUNCIA_ART3;3000000.0;4004010.0;2019;0.2063
B2000006700000;MARIGHELLA;2019;PRODECINE 02;FSA Pontuação Bilheteria e Roteiro — Distribuidora;5753406.92;6536623.52;186853.8;140000;6536623.52;1.0453;0.7908;16.8;0;27.5;4129;0;0;3.464;2;;;;02.525.725/0001-29;;;;;;;;;;FSA;4620000.0;6431936.28;2019;1.0163
B2000006700000;MARIGHELLA;2019;PRODECINE 02;FSA Pontuação Bilheteria e Roteiro — Distribuidora;5753406.92;6536623.52;186853.8;140000;6536623.52;1.0453;0.7908;16.8;0;27.5;4129;0;0;3.464;2;;;;02.525.725/0001-29;;;;;;;;;;RENUNCIA_OUTROS;1374000.0;1833836.58;2019;3.5645
B1900341900000;MÚSICA PARA MORRER DE AMOR;2019;PRODECINE 02;FSA Pontuação Bilheteria e Roteiro — Distribuidora;1115.8;1391.6;80080.2;60000;1391.6;0.039;0.0004;0.0;0;0.0;0;0;0;4.3;1;;;;20.232.042/0001-65;;;;;;;;;;FSA;1500000.0;2088291.0;2019;0.0007
B1900341900000;MÚSICA PARA MORRER DE AMOR;2019;PRODECINE 02;FSA Pontuação Bilheteria e Roteiro — Distribuidora;1115.8;1391.6;80080.2;60000;1391.6;0.039;0.0004;0.0;0;0.0;0;0;0;4.3;1;;;;20.232.042/0001-65;;;;;;;;;;RENUNCIA_OUTROS;940000.0;1254589.8;2019;0.0011
B1900572800000;NOITES DE ALFACE;2019;PRODECINE 02;FSA Pontuação Bilheteria e Roteiro — Distribuidora;3740.72;4254.32;560561.4;420000;4254.32;0.3026;0.0023;0.0;0;0.0;0;0;0;4.213;2;;;;03.760.043/0001-63;;;;;;;;;;FSA;1340595.0;1866368.32;2019;0.0023
B1900042200000;O CORPO É NOSSO!;2019;PRODECINE 02;FSA Pontuação Bilheteria e Roteiro — Distribuidora;22007.52;27672.96;80080.2;60000;27672.96;0.0911;0.0175;0.0;0;0.0;0;0;0;3.543;1;;;;01.464.291/0001-31;;;;;;;;;;FSA;849930.0;1183267.45;2019;0.0234
B1900042200000;O CORPO É NOSSO!;2019;PRODECINE 02;FSA Pontuação Bilheteria e Roteiro — Distribuidora;22007.52;27672.96;80080.2;60000;27672.96;0.0911;0.0175;0.0;0;0.0;0;0;0;3.543;1;;;;01.464.291/0001-31;;;;;;;;;;RENUNCIA_ART3;300000.0;400401.0;2019;0.0691
B1900589200000;OS SALAFRÁRIOS;2019;PRODECINE 02;FSA Pontuação Bilheteria e Roteiro — Distribuidora;10715.24;12186.44;0.0;0;12186.44;0.0021;0.0012;0.0;0;0.0;0;0;0;0.0;0;;;;02.140.164/0001-40;;;;;;;;;;FSA;3982500.0;5752326.98;2019;0.0021
B1900589200000;OS SALAFRÁRIOS;2019;PRODECINE 02;FSA Pontuação Bilheteria e Roteiro — Distribuidora;10715.24;12186.44;0.0;0;12186.44;0.0021;0.0012;0.0;0;0.0;0;0;0;0.0;0;;;;02.140.164/0001-40;;;;;;;;;;RENUNCIA_ART3;3000000.0;4004010.0;2019;0.003
B1900508000000;PIXINGUINHA, UM HOMEM CARINHOSO;2019;PRODECINE 02;FSA Pontuação Bilheteria e Roteiro — Distribuidora;106103.6;120671.6;186853.8;140000;120671.6;0.0624;0.0092;0.4;0;2.0;0;0;0;3.936;2;8.0;0.0;;00.101.698/0001-31;;;;;;;;;;FSA;2500000.0;4928287.5;2019;0.0245
B1900508000000;PIXINGUINHA, UM HOMEM CARINHOSO;2019;PRODECINE 02;FSA Pontuação Bilheteria e Roteiro — Distribuidora;106103.6;120671.6;186853.8;140000;120671.6;0.0624;0.0092;0.4;0;2.0;0;0;0;3.936;2;8.0;0.0;;00.101.698/0001-31;;;;;;;;;;RENUNCIA_ART3;3000000.0;4004010.0;2019;0.0301
B1900508000000;PIXINGUINHA, UM HOMEM CARINHOSO;2019;PRODECINE 02;FSA Pontuação Bilheteria e Roteiro — Distribuidora;106103.6;120671.6;186853.8;140000;120671.6;0.0624;0.0092;0.4;0;2.0;0;0;0;3.936;2;8.0;0.0;;00.101.698/0001-31;;;;;;;;;;RENUNCIA_OUTROS;3126142.41;4172368.49;2019;0.0289
B1900417800000;SEGUNDO TEMPO;2019;PRODECINE 02;FSA Pontuação Bilheteria e Roteiro — Distribuidora;16864.6;17096.8;80080.2;60000;17096.8;0.0194;0.0031;0.0;0;0.0;0;0;0;3.648;2;;;;06.096.915/0001-29;;;;;;;;;;FSA;3473303.34;5016842.82;2019;0.0034
B1900417800000;SEGUNDO TEMPO;2019;PRODECINE 02;FSA Pontuação Bilheteria e Roteiro — Distribuidora;16864.6;17096.8;80080.2;60000;17096.8;0.0194;0.0031;0.0;0;0.0;0;0;0;3.648;2;;;;06.096.915/0001-29;;;;;;;;;;RENUNCIA_OUTROS;420000.0;560561.4;2019;0.0305
B1900439300000;TERAPIA DO MEDO;2019;PRODECINE 02;FSA Pontuação Bilheteria e Roteiro — Distribuidora;6885.54;8568.28;0.0;0;8568.28;0.0016;0.0016;0.0;0;0.0;0;0;0;3.788;2;;;;05.508.188/0001-05;;;;;;;;;;FSA;3500000.0;5204538.5;2019;0.0016
B1900439300000;TERAPIA DO MEDO;2019;PRODECINE 02;FSA Pontuação Bilheteria e Roteiro — Distribuidora;6885.54;8568.28;0.0;0;8568.28;0.0016;0.0016;0.0;0;0.0;0;0;0;3.788;2;;;;05.508.188/0001-05;;;;;;;;;;RENUNCIA_ART3;150000.0;200200.5;2019;0.0428
B1900235500000;TURMA DA MÔNICA - LAÇOS;2019;PRODECINE 02;FSA Pontuação Bilheteria e Roteiro — Distribuidora;34131512.62;42916725.32;186853.8;140000;42916725.32;10.3203;3.9711;2.7;0;13.5;0;0;0;3.9;1;20.0;4.0;Oscar;09.506.070/0001-90;;;;;;;;;;FSA;3000000.0;4176582.0;2019;10.2756
B1900235500000;TURMA DA MÔNICA - LAÇOS;2019;PRODECINE 02;FSA Pontuação Bilheteria e Roteiro — Distribuidora;34131512.62;42916725.32;186853.8;140000;42916725.32;10.3203;3.9711;2.7;0;13.5;0;0;0;3.9;1;20.0;4.0;Oscar;09.506.070/0001-90;;;;;;;;;;RENUNCIA_ART3;3000000.0;4004010.0;2019;10.7184
B1900235500000;TURMA DA MÔNICA - LAÇOS;2019;PRODECINE 02;FSA Pontuação Bilheteria e Roteiro — Distribuidora;34131512.62;42916725.32;186853.8;140000;42916725.32;10.3203;3.9711;2.7;0;13.5;0;0;0;3.9;1;20.0;4.0;Oscar;09.506.070/0001-90;;;;;;;;;;RENUNCIA_OUTROS;1968000.0;2626630.56;2019;16.3391
B1900486900000;UM DIA QUALQUER;2019;PRODECINE 02;FSA Pontuação Bilheteria e Roteiro — Distribuidora;18011.3;18746.84;0.0;0;18746.84;0.009;0.006;0.0;0;0.0;0;0;0;4.123;2;;;;51.264.273/0001-84;;;;;;;;;;FSA;1500000.0;2088291.0;2019;0.009
B1900486900000;UM DIA QUALQUER;2019;PRODECINE 02;FSA Pontuação Bilheteria e Roteiro — Distribuidora;18011.3;18746.84;0.0;0;18746.84;0.009;0.006;0.0;0;0.0;0;0;0;4.123;2;;;;51.264.273/0001-84;;;;;;;;;;RENUNCIA_ART3;792089.78;1057178.47;2019;0.0177
B1900454200000;VENEZA;2019;PRODECINE 02;FSA Pontuação Bilheteria e Roteiro — Distribuidora;133984.2;152380.2;186853.8;140000;152380.2;0.0596;0.0143;0.0;0;0.0;0;0;0;3.825;2;;;;01.473.536/0001-97;;;;;;;;;;FSA;4265132.65;5692544.59;2019;0.0268
B1900454200000;VENEZA;2019;PRODECINE 02;FSA Pontuação Bilheteria e Roteiro — Distribuidora;133984.2;152380.2;186853.8;140000;152380.2;0.0596;0.0143;0.0;0;0.0;0;0;0;3.825;2;;;;01.473.536/0001-97;;;;;;;;;;RENUNCIA_ART3;3000000.0;4004010.0;2019;0.0381
B1900454200000;VENEZA;2019;PRODECINE 02;FSA Pontuação Bilheteria e Roteiro — Distribuidora;133984.2;152380.2;186853.8;140000;152380.2;0.0596;0.0143;0.0;0;0.0;0;0;0;3.825;2;;;;01.473.536/0001-97;;;;;;;;;;RENUNCIA_OUTROS;700000.0;934269.0;2019;0.1631
B1900380000000;VOU NADAR ATÉ VOCÊ;2019;PRODECINE 02;FSA Pontuação Bilheteria e Roteiro — Distribuidora;17151.44;21390.88;186853.8;140000;21390.88;0.1253;0.0041;0.0;0;0.0;0;0;0;0.0;0;;;;05.508.188/0001-05;;;;;;;;;;FSA;1150559.24;1661868.92;2019;0.0129
B1900380000000;VOU NADAR ATÉ VOCÊ;2019;PRODECINE 02;FSA Pontuação Bilheteria e Roteiro — Distribuidora;17151.44;21390.88;186853.8;140000;21390.88;0.1253;0.0041;0.0;0;0.0;0;0;0;0.0;0;;;;05.508.188/0001-05;;;;;;;;;;RENUNCIA_ART3;1500000.0;2002005.0;2019;0.0107
B1900380000000;VOU NADAR ATÉ VOCÊ;2019;PRODECINE 02;FSA Pontuação Bilheteria e Roteiro — Distribuidora;17151.44;21390.88;186853.8;140000;21390.88;0.1253;0.0041;0.0;0;0.0;0;0;0;0.0;0;;;;05.508.188/0001-05;;;;;;;;;;RENUNCIA_OUTROS;1200000.0;1601604.0;2019;0.0134
B2000440700000;DENTE POR DENTE;2020;PRODECINE 02;FSA Pontuação Bilheteria e Roteiro — Distribuidora;115245.64;131068.84;178773.28;140000;131068.84;0.0647;0.0213;0.0;0;0.0;0;0;0;0.0;0;;;;02.008.424/0001-28;;;;;;;;;;FSA;3437500.0;4785666.88;2020;0.0274
B2000440700000;DENTE POR DENTE;2020;PRODECINE 02;FSA Pontuação Bilheteria e Roteiro — Distribuidora;115245.64;131068.84;178773.28;140000;131068.84;0.0647;0.0213;0.0;0;0.0;0;0;0;0.0;0;;;;02.008.424/0001-28;;;;;;;;;;RENUNCIA_ART3;1075000.0;1372723.4;2020;0.0955
B2000240300000;JESUS KID;2020;PRODECINE 02;FSA Pontuação Bilheteria e Roteiro — Distribuidora;18870.8;19641.44;76617.12;60000;19641.44;0.0276;0.0056;2.4;0;12.0;0;0;0;0.0;0;0.0;;;09.437.566/0001-50;;;;;;;;;;FSA;2415000.0;3488228.42;2020;0.0056
B2000047900000;JÚPITER;2020;PRODECINE 02;FSA Pontuação Bilheteria e Roteiro — Distribuidora;262.2;298.2;76617.12;60000;298.2;0.0222;0.0001;0.0;0;0.0;0;0;0;3.1;1;;;;06.130.502/0001-13;;;;;;;;;;FSA;2395572.1;3460166.74;2020;0.0001
B2000042800000;LAMENTO;2020;PRODECINE 02;FSA Pontuação Bilheteria e Roteiro — Distribuidora;4999.28;5685.68;76617.12;60000;5685.68;0.0572;0.004;0.0;0;0.0;0;0;0;3.6;1;0.0;;;07.567.854/0001-01;;;;;;;;;;FSA;996350.0;1439128.94;2020;0.004
B2000360900000;MIÚDA E O GUARDA-CHUVA;2020;PRODECINE 02;FSA Pontuação Bilheteria e Roteiro — Distribuidora;156.88;159.04;153234.24;120000;159.04;0.1555;0.0002;0.0;0;0.0;0;0;0;4.315;2;0.0;;;15.743.170/0001-33;;;;;;;;;;FSA;683000.0;986525.88;2020;0.0002
B2000127500000;NADA É POR ACASO;2020;PRODECINE 02;FSA Pontuação Bilheteria e Roteiro — Distribuidora;2888477.29;3006372.88;0.0;0;3006372.88;0.7951;0.395;0.0;0;0.0;0;0;0;3.17;2;;;;09.095.244/0001-70;;;;;;;;;;FSA;2715815.6;3780942.18;2020;0.7951
B2000127500000;NADA É POR ACASO;2020;PRODECINE 02;FSA Pontuação Bilheteria e Roteiro — Distribuidora;2888477.29;3006372.88;0.0;0;3006372.88;0.7951;0.395;0.0;0;0.0;0;0;0;3.17;2;;;;09.095.244/0001-70;;;;;;;;;;RENUNCIA_ART3;3000000.0;3830856.0;2020;0.7848
B2000163800000;OS ESPETACULARES;2020;PRODECINE 02;FSA Pontuação Bilheteria e Roteiro — Distribuidora;4718.24;5884.48;76617.12;60000;5884.48;0.0114;0.0008;0.0;0;0.0;0;0;0;0.0;0;0.0;;;00.538.914/0001-00;;;;;;;;;;FSA;5000000.0;7222005.0;2020;0.0008
B2000163800000;OS ESPETACULARES;2020;PRODECINE 02;FSA Pontuação Bilheteria e Roteiro — Distribuidora;4718.24;5884.48;76617.12;60000;5884.48;0.0114;0.0008;0.0;0;0.0;0;0;0;0.0;0;0.0;;;00.538.914/0001-00;;;;;;;;;;RENUNCIA_OUTROS;400000.0;510780.8;2020;0.0115
B2000004600000;SOLDADOS DA BORRACHA - OS HERÓIS ESQUECIDOS;2020;PRODECINE 02;FSA Pontuação Bilheteria e Roteiro — Distribuidora;3459.12;3459.12;357546.56;280000;3459.12;0.8353;0.0032;0.0;0;0.0;0;0;0;3.627;2;;;;04.761.874/0001-12;;;;;;;;;;FSA;299230.0;432208.11;2020;0.008
B2000004600000;SOLDADOS DA BORRACHA - OS HERÓIS ESQUECIDOS;2020;PRODECINE 02;FSA Pontuação Bilheteria e Roteiro — Distribuidora;3459.12;3459.12;357546.56;280000;3459.12;0.8353;0.0032;0.0;0;0.0;0;0;0;3.627;2;;;;04.761.874/0001-12;;;;;;;;;;RENUNCIA_OUTROS;505652.45;645693.91;2020;0.0054
B2000340700000;SUJEITO OCULTO;2020;PRODECINE 02;FSA Pontuação Bilheteria e Roteiro — Distribuidora;11460.0;11928.0;0.0;0;11928.0;0.0035;0.0035;0.0;0;0.0;0;0;0;0.0;0;;;;06.076.085/0001-78;;;;;;;;;;FSA;2377727.0;3434391.26;2020;0.0035
B2000065800000;TARSILINHA;2020;PRODECINE 02;FSA Pontuação Bilheteria e Roteiro — Distribuidora;161242.2;167826.96;102156.16;80000;167826.96;0.0605;0.0219;0.0;0;0.0;0;0;0;3.463;1;0.0;;;01.161.933/0001-23;;;;;;;;;;FSA;3000000.0;4461033.0;2020;0.0376
B2000065800000;TARSILINHA;2020;PRODECINE 02;FSA Pontuação Bilheteria e Roteiro — Distribuidora;161242.2;167826.96;102156.16;80000;167826.96;0.0605;0.0219;0.0;0;0.0;0;0;0;3.463;1;0.0;;;01.161.933/0001-23;;;;;;;;;;RENUNCIA_OUTROS;2506200.0;3200297.1;2020;0.0524
B2100115300000;AOS NOSSOS FILHOS;2021;PRODECINE 02;FSA Pontuação Bilheteria e Roteiro — Distribuidora;118570.58;123355.4;417683.52;360000;123355.4;0.1766;0.0242;17.53;0;0.0;4894;12;3;3.683;1;;;;05.500.952/0001-98;;;;;;;;;;FSA;2200000.0;3062826.8;2021;0.0403
B2100115300000;AOS NOSSOS FILHOS;2021;PRODECINE 02;FSA Pontuação Bilheteria e Roteiro — Distribuidora;118570.58;123355.4;417683.52;360000;123355.4;0.1766;0.0242;17.53;0;0.0;4894;12;3;3.683;1;;;;05.500.952/0001-98;;;;;;;;;;RENUNCIA_ART3;1400000.0;1624324.8;2021;0.0759
B2100115300000;AOS NOSSOS FILHOS;2021;PRODECINE 02;FSA Pontuação Bilheteria e Roteiro — Distribuidora;118570.58;123355.4;417683.52;360000;123355.4;0.1766;0.0242;17.53;0;0.0;4894;12;3;3.683;1;;;;05.500.952/0001-98;;;;;;;;;;RENUNCIA_OUTROS;350000.0;406081.2;2021;0.3038
B2100433800000;CARRO REI;2021;PRODECINE 02;FSA Pontuação Bilheteria e Roteiro — Distribuidora;22557.1;23478.28;69613.92;60000;23478.28;0.0284;0.0067;3.6;0;18.0;0;0;0;0.0;0;;;;02.908.530/0001-68;;;;;;;;;;FSA;2358324.32;3283244.97;2021;0.0072
B2100433800000;CARRO REI;2021;PRODECINE 02;FSA Pontuação Bilheteria e Roteiro — Distribuidora;22557.1;23478.28;69613.92;60000;23478.28;0.0284;0.0067;3.6;0;18.0;0;0;0;0.0;0;;;;02.908.530/0001-68;;;;;;;;;;RENUNCIA_OUTROS;197439.0;229075.05;2021;0.1025
B2100408300000;DESERTO PARTICULAR;2021;PRODECINE 02;FSA Pontuação Bilheteria e Roteiro — Distribuidora;162784.05;181723.08;69613.92;60000;181723.08;0.0753;0.042;31.95;0;49.5;7171;30;17;3.937;2;0.0;;;09.437.566/0001-50;;;;;;;;;;FSA;2310368.8;3337099.01;2021;0.0545
B2100408300000;DESERTO PARTICULAR;2021;PRODECINE 02;FSA Pontuação Bilheteria e Roteiro — Distribuidora;162784.05;181723.08;69613.92;60000;181723.08;0.0753;0.042;31.95;0;49.5;7171;30;17;3.937;2;0.0;;;09.437.566/0001-50;;;;;;;;;;RENUNCIA_OUTROS;855000.0;991998.36;2021;0.1832
B2100260000000;DIÁRIOS DE INTERCÂMBIO;2021;PRODECINE 02;FSA Pontuação Bilheteria e Roteiro — Distribuidora;594.32;675.92;139227.84;120000;675.92;0.0349;0.0001;0.0;0;0.0;0;0;0;3.948;2;5.0;0.0;;01.473.536/0001-97;;;;;;;;;;FSA;3000000.0;4004010.0;2021;0.0002
B2100260000000;DIÁRIOS DE INTERCÂMBIO;2021;PRODECINE 02;FSA Pontuação Bilheteria e Roteiro — Distribuidora;594.32;675.92;139227.84;120000;675.92;0.0349;0.0001;0.0;0;0.0;0;0;0;3.948;2;5.0;0.0;;01.473.536/0001-97;;;;;;;;;;RENUNCIA_ART3;3000000.0;3480696.0;2021;0.0002
B2100260000000;DIÁRIOS DE INTERCÂMBIO;2021;PRODECINE 02;FSA Pontuação Bilheteria e Roteiro — Distribuidora;594.32;675.92;139227.84;120000;675.92;0.0349;0.0001;0.0;0;0.0;0;0;0;3.948;2;5.0;0.0;;01.473.536/0001-97;;;;;;;;;;RENUNCIA_OUTROS;1931640.0;2241150.54;2021;0.0003
B2100027200000;JAIR RODRIGUES - DEIXA QUE DIGAM;2021;PRODECINE 02;FSA Pontuação Bilheteria e Roteiro — Distribuidora;47652.3;48308.4;69613.92;60000;48308.4;0.121;0.0343;0.0;0;0.0;0;0;0;0.0;0;;;;58.496.571/0001-49;;;;;;;;;;FSA;700000.0;974535.8;2021;0.0496
B2100027200000;JAIR RODRIGUES - DEIXA QUE DIGAM;2021;PRODECINE 02;FSA Pontuação Bilheteria e Roteiro — Distribuidora;47652.3;48308.4;69613.92;60000;48308.4;0.121;0.0343;0.0;0;0.0;0;0;0;0.0;0;;;;58.496.571/0001-49;;;;;;;;;;RENUNCIA_OUTROS;375000.0;435087.0;2021;0.111
B2100070100000;O SILÊNCIO DA CHUVA;2021;PRODECINE 02;FSA Pontuação Bilheteria e Roteiro — Distribuidora;29121.68;33120.08;162432.48;140000;33120.08;0.0307;0.0034;0.2;0;1.0;0;0;0;4.1;1;;;;02.605.295/0001-55;;;;;;;;;;FSA;4570356.99;6362823.58;2021;0.0052
B2100070100000;O SILÊNCIO DA CHUVA;2021;PRODECINE 02;FSA Pontuação Bilheteria e Roteiro — Distribuidora;29121.68;33120.08;162432.48;140000;33120.08;0.0307;0.0034;0.2;0;1.0;0;0;0;4.1;1;;;;02.605.295/0001-55;;;;;;;;;;RENUNCIA_ART3;3000000.0;3480696.0;2021;0.0095
B2100017600000;O TREM DA UTOPIA;2021;PRODECINE 02;FSA Pontuação Bilheteria e Roteiro — Distribuidora;1738.1;1809.08;0.0;0;1809.08;0.0013;0.0013;0.0;0;0.0;0;0;0;4.245;2;;;;52.858.982/0001-50;;;;;;;;;;FSA;1016631.0;1415347.58;2021;0.0013
B2100017600000;O TREM DA UTOPIA;2021;PRODECINE 02;FSA Pontuação Bilheteria e Roteiro — Distribuidora;1738.1;1809.08;0.0;0;1809.08;0.0013;0.0013;0.0;0;0.0;0;0;0;4.245;2;;;;52.858.982/0001-50;;;;;;;;;;RENUNCIA_OUTROS;6290.0;7297.86;2021;0.2479
B2100507100000;OS DRAGÕES;2021;PRODECINE 02;FSA Pontuação Bilheteria e Roteiro — Distribuidora;98028.28;98028.28;0.0;0;98028.28;0.0417;0.0417;0.0;0;0.0;0;0;0;0.0;0;;;;01.106.959/0001-79;;;;;;;;;;FSA;1687606.0;2349474.95;2021;0.0417
B2200102500000;AS ÓRFÃS DA RAINHA;2022;PRODECINE 02;FSA Pontuação Bilheteria e Roteiro — Distribuidora;46063.89;46698.12;0.0;0;46698.12;0.0149;0.0149;0.0;0;0.0;0;0;0;0.0;0;0.0;;;02.501.714/0001-09;;;;;;;;;;FSA;2349175.0;3135373.4;2022;0.0149
B2200375000000;CHICO PARA SEMPRE;2022;PRODECINE 02;FSA Pontuação Bilheteria e Roteiro — Distribuidora;160134.4;166673.92;65803.86;60000;166673.92;0.1743;0.125;0.0;0;0.0;0;0;0;4.4;1;;;;01.946.155/0001-88;;;;;;;;;;FSA;1149311.9;1333468.44;2022;0.125
B2200202000000;DE REPENTE DRAG;2022;PRODECINE 02;FSA Pontuação Bilheteria e Roteiro — Distribuidora;21162.8;22027.04;65803.86;60000;22027.04;0.0282;0.0071;0.0;0;0.0;0;0;0;4.095;2;;;;21.384.949/0001-02;;;;;;;;;;FSA;2334150.0;3115319.98;2022;0.0071
B2200050700000;MEU AMIGÃOZÃO - O FILME;2022;PRODECINE 02;FSA Pontuação Bilheteria e Roteiro — Distribuidora;331060.3;344580.04;307084.68;280000;344580.04;0.14;0.0583;0.0;0;0.0;0;0;0;3.7;1;0.0;;;02.683.477/0001-44;;;;;;;;;;FSA;2500000.0;4653277.5;2022;0.0741
B2200050700000;MEU AMIGÃOZÃO - O FILME;2022;PRODECINE 02;FSA Pontuação Bilheteria e Roteiro — Distribuidora;331060.3;344580.04;307084.68;280000;344580.04;0.14;0.0583;0.0;0;0.0;0;0;0;3.7;1;0.0;;;02.683.477/0001-44;;;;;;;;;;RENUNCIA_OUTROS;1150000.0;1261240.65;2022;0.2732
B2200356700000;SOCIEDADE DO MEDO;2022;PRODECINE 02;FSA Pontuação Bilheteria e Roteiro — Distribuidora;9416.3;9800.84;307084.68;280000;9800.84;0.2523;0.0071;0.0;0;0.0;0;0;0;3.788;2;0.0;;;13.188.290/0001-90;;;;;;;;;;FSA;940917.0;1255813.69;2022;0.0078
B2200356700000;SOCIEDADE DO MEDO;2022;PRODECINE 02;FSA Pontuação Bilheteria e Roteiro — Distribuidora;9416.3;9800.84;307084.68;280000;9800.84;0.2523;0.0071;0.0;0;0.0;0;0;0;3.788;2;0.0;;;13.188.290/0001-90;;;;;;;;;;RENUNCIA_ART3;120000.0;131607.72;2022;0.0745
B2200065900000;SOL;2022;PRODECINE 02;FSA Pontuação Bilheteria e Roteiro — Distribuidora;14637.51;15208.2;65803.86;60000;15208.2;0.0276;0.0024;1.8;0;9.0;0;0;0;4.24;2;;;;13.924.232/0001-88;;;;;;;;;;FSA;2200000.0;2936274.0;2022;0.0052
B2200065900000;SOL;2022;PRODECINE 02;FSA Pontuação Bilheteria e Roteiro — Distribuidora;14637.51;15208.2;65803.86;60000;15208.2;0.0276;0.0024;1.8;0;9.0;0;0;0;4.24;2;;;;13.924.232/0001-88;;;;;;;;;;RENUNCIA_ART3;3000000.0;3290193.0;2022;0.0046
B2200347700000;TEMPOS DE BARBÁRIE - ATO I: TERAPIA DA VINGANÇA;2022;PRODECINE 02;FSA Pontuação Bilheteria e Roteiro — Distribuidora;55653.18;56419.44;65803.86;60000;56419.44;0.0318;0.0079;0.0;0;0.0;0;0;0;2.7;1;;;;07.630.900/0001-61;;;;;;;;;;FSA;3500000.0;3838558.5;2022;0.0147
B2200347700000;TEMPOS DE BARBÁRIE - ATO I: TERAPIA DA VINGANÇA;2022;PRODECINE 02;FSA Pontuação Bilheteria e Roteiro — Distribuidora;55653.18;56419.44;65803.86;60000;56419.44;0.0318;0.0079;0.0;0;0.0;0;0;0;2.7;1;;;;07.630.900/0001-61;;;;;;;;;;RENUNCIA_ART3;3000000.0;3290193.0;2022;0.0171
B2300247700000;AGRESTE;2023;PRODECINE 02;FSA Pontuação Bilheteria e Roteiro — Distribuidora;10337.6;10337.6;0.0;0;10337.6;0.0029;0.0024;0.0;0;0.0;0;0;0;0.0;0;;;;06.096.915/0001-29;;;;;;;;;;FSA;2542766.54;3540024.32;2023;0.0029
B2300247700000;AGRESTE;2023;PRODECINE 02;FSA Pontuação Bilheteria e Roteiro — Distribuidora;10337.6;10337.6;0.0;0;10337.6;0.0029;0.0024;0.0;0;0.0;0;0;0;0.0;0;;;;06.096.915/0001-29;;;;;;;;;;RENUNCIA_OUTROS;750000.0;786225.0;2023;0.0131
B2300468900000;ATÉ QUE A MÚSICA PARE;2023;PRODECINE 02;FSA Pontuação Bilheteria e Roteiro — Distribuidora;44690.24;44690.24;0.0;0;44690.24;0.0385;0.0385;9.03;0;0.0;771;0;0;4.05;2;8.0;0.0;;08.267.476/0001-03;;;;;;;;;;FSA;1000000.0;1160232.0;2023;0.0385
B2300408500000;LILITH;2023;PRODECINE 02;FSA Pontuação Bilheteria e Roteiro — Distribuidora;12265.96;12265.96;83864.0;80000;12265.96;0.072;0.0059;0.0;0;0.0;0;0;0;0.0;0;7.0;5.0;;02.342.813/0001-95;;;;;;;;;;FSA;1000000.0;1334670.0;2023;0.0092
B2300408500000;LILITH;2023;PRODECINE 02;FSA Pontuação Bilheteria e Roteiro — Distribuidora;12265.96;12265.96;83864.0;80000;12265.96;0.072;0.0059;0.0;0;0.0;0;0;0;0.0;0;7.0;5.0;;02.342.813/0001-95;;;;;;;;;;RENUNCIA_ART3;700000.0;733810.0;2023;0.0167
B2300375400000;PRINCESA ADORMECIDA;2023;PRODECINE 02;FSA Pontuação Bilheteria e Roteiro — Distribuidora;589998.64;589998.64;0.0;0;589998.64;0.1513;0.0837;0.0;0;0.0;0;0;0;3.888;2;0.0;;;05.565.485/0001-84;;;;;;;;;;FSA;2700000.0;3899882.7;2023;0.1513
B2300375400000;PRINCESA ADORMECIDA;2023;PRODECINE 02;FSA Pontuação Bilheteria e Roteiro — Distribuidora;589998.64;589998.64;0.0;0;589998.64;0.1513;0.0837;0.0;0;0.0;0;0;0;3.888;2;0.0;;;05.565.485/0001-84;;;;;;;;;;RENUNCIA_ART3;3000000.0;3144900.0;2023;0.1876
B1800001000000;EX-PAJÉ;2017;PRODECINE 03;FSA Comercialização / Distribuição;137360.32;181564.04;86664.06;60000;181564.04;1.9267;1.3042;7.2;0;36.0;0;0;0;0.0;0;;;Annecy;02.238.621/0001-33;;;;;;;;;;FSA;100000.0;139219.4;2017;1.3042
B1700339700000;HISTORIETAS ASSOMBRADAS - O FILME;2017;PRODECINE 03;FSA Comercialização / Distribuição;538175.08;713254.64;202216.14;140000;713254.64;1.3151;0.3332;0.8;0;4.0;0;0;0;3.3;1;;;;08.296.780/0001-70;;;;;;;;;;FSA;500000.0;696097.0;2017;1.0246
B1700339700000;HISTORIETAS ASSOMBRADAS - O FILME;2017;PRODECINE 03;FSA Comercialização / Distribuição;538175.08;713254.64;202216.14;140000;713254.64;1.3151;0.3332;0.8;0;4.0;0;0;0;3.3;1;;;;08.296.780/0001-70;;;;;;;;;;RENUNCIA_OUTROS;1000000.0;1444401.0;2017;0.4938
B1700184000000;NOVA AMSTERDAM;2017;PRODECINE 03;FSA Comercialização / Distribuição;9350.68;12087.04;0.0;0;12087.04;0.1296;0.1296;0.0;0;0.0;0;0;0;3.636;2;0.0;;;07.077.834/0001-44;;;;;;;;;;FSA;67000.0;93277.0;2017;0.1296
B1700584300000;O BEIJO NO ASFALTO;2017;PRODECINE 03;FSA Comercialização / Distribuição;167857.08;218719.76;519984.36;360000;218719.76;5.5347;1.6388;1.5;0;7.5;0;0;0;2.8;1;;;;01.369.211/0001-69;;;;;;;;;;FSA;100000.0;133467.0;2017;1.6388
B1800132900000;TINTA BRUTA;2018;PRODECINE 03;FSA Comercialização / Distribuição;126021.4;164805.2;83531.64;60000;164805.2;1.8607;1.2348;23.55;0;59.5;5329;0;0;2.6;1;;;;13.516.637/0001-87;;;;;;;;;;FSA;100000.0;133467.0;2018;1.2348
B1500113300000;LOVE FILM FESTIVAL;2014;PRODECINE 04;FSA Complementação;37980.0;50336.16;734658.96;420000;50336.16;1.1222;0.072;0.0;0;0.0;0;0;0;3.3;1;7.0;5.0;;01.369.211/0001-69;;;;;;;;;;FSA;442592.0;699536.13;2014;0.072
B1402192700000;OS AMIGOS;2014;PRODECINE 04;FSA Complementação;68154.21;109598.44;113697.22;65000;109598.44;0.1487;0.0304;0.0;0;0.0;0;0;0;0.0;0;;;;07.490.019/0001-02;;;;;;;;;;FSA;858204.0;1501160.14;2014;0.073
B1402192700000;OS AMIGOS;2014;PRODECINE 04;FSA Complementação;68154.21;109598.44;113697.22;65000;109598.44;0.1487;0.0304;0.0;0;0.0;0;0;0;0.0;0;;;;07.490.019/0001-02;;;;;;;;;;RENUNCIA_OUTROS;1200000.0;2099025.6;2014;0.0522
B1402146300000;PRAIA DO FUTURO;2014;PRODECINE 04;FSA Complementação;1625911.0;2631893.32;113697.22;65000;2631893.32;0.6233;0.2474;0.0;0;0.0;0;0;0;3.1;1;;;Oscar;05.508.188/0001-05;;;;;;;;;;FSA;2234348.0;4404603.73;2014;0.5975
B1402146300000;PRAIA DO FUTURO;2014;PRODECINE 04;FSA Complementação;1625911.0;2631893.32;113697.22;65000;2631893.32;0.6233;0.2474;0.0;0;0.0;0;0;0;3.1;1;;;Oscar;05.508.188/0001-05;;;;;;;;;;RENUNCIA_ART3;444812.19;778060.15;2014;3.3826
B1402146300000;PRAIA DO FUTURO;2014;PRODECINE 04;FSA Complementação;1625911.0;2631893.32;113697.22;65000;2631893.32;0.6233;0.2474;0.0;0;0.0;0;0;0;3.1;1;;;Oscar;05.508.188/0001-05;;;;;;;;;;RENUNCIA_OUTROS;3120000.0;5457466.56;2014;0.4823
B1600245600000;ANTES O TEMPO NÃO ACABAVA;2015;PRODECINE 04;FSA Complementação;25156.8;33338.76;189665.28;120000;33338.76;0.2034;0.0304;0.0;0;0.0;0;0;0;3.648;2;1.0;0.0;;04.302.591/0001-02;;;;;;;;;;FSA;693572.0;1096221.06;2015;0.0304
B1500464600000;BRUXARIAS;2015;PRODECINE 04;FSA Complementação;10830.28;14353.36;0.0;0;14353.36;0.0142;0.0142;0.0;0;0.0;0;0;0;0.0;0;;;;87.435.368/0001-60;;;;;;;;;;FSA;543281.0;1011214.9;2015;0.0142
B1500818400000;EM TRÊS ATOS;2015;PRODECINE 04;FSA Complementação;28606.02;41668.48;102735.36;65000;41668.48;0.261;0.0753;1.9;0;9.5;0;0;0;4.412;2;;;;73.947.392/0001-74;;;;;;;;;;FSA;350000.0;553190.4;2015;0.0753
B1500651700000;MATE-ME POR FAVOR;2015;PRODECINE 04;FSA Complementação;139252.5;196275.24;545287.68;345000;196275.24;0.341;0.0801;22.16;0;60.0;1779;0;0;2.8;1;15.0;0.0;;02.140.120/0001-10;;;;;;;;;;FSA;1243153.0;2174508.31;2015;0.0903
B1500651700000;MATE-ME POR FAVOR;2015;PRODECINE 04;FSA Complementação;139252.5;196275.24;545287.68;345000;196275.24;0.341;0.0801;22.16;0;60.0;1779;0;0;2.8;1;15.0;0.0;;02.140.120/0001-10;;;;;;;;;;RENUNCIA_ART3;174528.54;275850.04;2015;0.7115
B1600033400000;MEU AMIGO HINDU;2015;PRODECINE 04;FSA Complementação;339781.8;479068.24;316108.8;200000;479068.24;0.2325;0.0351;0.0;0;0.0;0;0;0;4.3;1;;;Oscar;46.848.701/0001-86;;;;;;;;;;FSA;2300000.0;3420125.3;2015;0.1401
B1600033400000;MEU AMIGO HINDU;2015;PRODECINE 04;FSA Complementação;339781.8;479068.24;316108.8;200000;479068.24;0.2325;0.0351;0.0;0;0.0;0;0;0;4.3;1;;;Oscar;46.848.701/0001-86;;;;;;;;;;RENUNCIA_ART3;1500000.0;2370816.0;2015;0.2021
B1600033400000;MEU AMIGO HINDU;2015;PRODECINE 04;FSA Complementação;339781.8;479068.24;316108.8;200000;479068.24;0.2325;0.0351;0.0;0;0.0;0;0;0;4.3;1;;;Oscar;46.848.701/0001-86;;;;;;;;;;RENUNCIA_OUTROS;4962048.23;7842735.56;2015;0.0611
B1500701300000;OPERAÇÕES ESPECIAIS (EX BOLETIM DE OCORRÊNCIA B.O);2015;PRODECINE 04;FSA Complementação;4974388.47;7276736.04;229178.88;145000;7276736.04;4.1826;1.1133;0.0;0;0.0;0;0;0;3.9;1;;;;04.344.932/0001-02;;;;;;;;;;FSA;1135416.0;1794574.95;2015;4.0549
B1500701300000;OPERAÇÕES ESPECIAIS (EX BOLETIM DE OCORRÊNCIA B.O);2015;PRODECINE 04;FSA Complementação;4974388.47;7276736.04;229178.88;145000;7276736.04;4.1826;1.1133;0.0;0;0.0;0;0;0;3.9;1;;;;04.344.932/0001-02;;;;;;;;;;RENUNCIA_ART3;2999999.98;4741631.97;2015;1.5346
B1500868700000;ORAÇÃO DO AMOR SELVAGEM;2015;PRODECINE 04;FSA Complementação;22015.74;31986.92;189665.28;120000;31986.92;0.2836;0.0141;0.0;0;0.0;0;0;0;4.3;1;0.0;;;00.639.143/0001-48;;;;;;;;;;FSA;494503.0;781583.75;2015;0.0409
B1500868700000;ORAÇÃO DO AMOR SELVAGEM;2015;PRODECINE 04;FSA Complementação;22015.74;31986.92;189665.28;120000;31986.92;0.2836;0.0141;0.0;0;0.0;0;0;0;4.3;1;0.0;;;00.639.143/0001-48;;;;;;;;;;RENUNCIA_OUTROS;940000.0;1485711.36;2015;0.0215
B1500778300000;S.O.S. MULHERES AO MAR 2;2015;PRODECINE 04;FSA Complementação;20842494.36;30488385.48;324011.52;205000;30488385.48;14.8007;3.428;0.0;0;0.0;0;0;0;4.0;1;0.0;;;01.473.536/0001-97;;;;;;;;;;FSA;1400000.0;2081815.4;2015;14.6451
B1500778300000;S.O.S. MULHERES AO MAR 2;2015;PRODECINE 04;FSA Complementação;20842494.36;30488385.48;324011.52;205000;30488385.48;14.8007;3.428;0.0;0;0.0;0;0;0;4.0;1;0.0;;;01.473.536/0001-97;;;;;;;;;;RENUNCIA_ART3;3000000.0;4741632.0;2015;6.4299
B1500778300000;S.O.S. MULHERES AO MAR 2;2015;PRODECINE 04;FSA Complementação;20842494.36;30488385.48;324011.52;205000;30488385.48;14.8007;3.428;0.0;0;0.0;0;0;0;4.0;1;0.0;;;01.473.536/0001-97;;;;;;;;;;RENUNCIA_OUTROS;1310000.0;2070512.64;2015;14.725
B1600043800000;TÔ RYCA!;2015;PRODECINE 04;FSA Complementação;15327278.1;21610375.08;324011.52;205000;21610375.08;4.6165;2.7728;0.4;0;2.0;0;0;0;3.85;2;;;;02.140.164/0001-40;;;;;;;;;;FSA;3006107.89;4751285.79;2015;4.5483
B1600043800000;TÔ RYCA!;2015;PRODECINE 04;FSA Complementação;15327278.1;21610375.08;324011.52;205000;21610375.08;4.6165;2.7728;0.4;0;2.0;0;0;0;3.85;2;;;;02.140.164/0001-40;;;;;;;;;;RENUNCIA_ART3;1925000.0;3042547.2;2015;7.1027
B1600439400000;A TERRA VERMELHA;2016;PRODECINE 04;FSA Complementação;23415.0;31032.68;96655.72;65000;31032.68;0.1211;0.0146;0.0;0;0.0;0;0;0;3.975;2;;;;04.980.287/0001-14;;;;;;;;;;FSA;667200.0;1054538.96;2016;0.0294
B1600439400000;A TERRA VERMELHA;2016;PRODECINE 04;FSA Complementação;23415.0;31032.68;96655.72;65000;31032.68;0.1211;0.0146;0.0;0;0.0;0;0;0;3.975;2;;;;04.980.287/0001-14;;;;;;;;;;RENUNCIA_OUTROS;720000.0;1070647.92;2016;0.029
B1700402100000;BLITZ;2016;PRODECINE 04;FSA Complementação;4165.37;5248.32;0.0;0;5248.32;0.0045;0.0045;0.0;0;0.0;0;0;0;3.933;2;;;;08.465.974/0001-52;;;;;;;;;;FSA;745779.0;1178736.52;2016;0.0045
B1700578900000;CAMPUS SANTO;2016;PRODECINE 04;FSA Complementação;839.04;954.24;0.0;0;954.24;0.0005;0.0005;0.0;0;0.0;0;0;0;0.0;0;;;;37.981.206/0001-50;;;;;;;;;;FSA;1289204.0;2037643.65;2016;0.0005
B1700578900000;CAMPUS SANTO;2016;PRODECINE 04;FSA Complementação;839.04;954.24;0.0;0;954.24;0.0005;0.0005;0.0;0;0.0;0;0;0;0.0;0;;;;37.981.206/0001-50;;;;;;;;;;RENUNCIA_OUTROS;20000.0;29740.22;2016;0.0321
B1700028400000;LAS INESES;2016;PRODECINE 04;FSA Complementação;14181.57;17832.36;0.0;0;17832.36;0.0332;0.0332;0.0;0;0.0;0;0;0;0.0;0;;;;01.541.247/0001-88;;;;;;;;;;FSA;361716.0;537875.67;2016;0.0332
B1600564300000;LUA EM SAGITÁRIO;2016;PRODECINE 04;FSA Complementação;46987.5;66001.6;416363.08;280000;66001.6;0.5351;0.0732;0.0;0;0.0;0;0;0;0.0;0;;;;01.282.220/0001-18;;;;;;;;;;FSA;570307.0;901395.31;2016;0.0732
B1700479800000;MEU MUNDIAL;2016;PRODECINE 04;FSA Complementação;6561.15;8250.2;89220.66;60000;8250.2;0.1535;0.013;0.0;0;0.0;0;0;0;0.0;0;;;;04.980.287/0001-14;;;;;;;;;;FSA;439667.0;635055.45;2016;0.013
B1700477300000;DONA FLOR E SEUS DOIS MARIDOS;2017;PRODECINE 04;FSA Complementação;708870.0;939489.04;202216.14;140000;939489.04;0.595;0.1221;0.0;0;0.0;0;0;0;4.035;2;;;;39.527.494/0001-00;;;;;;;;;;FSA;1328471.0;1918844.84;2017;0.4896
B1700477300000;DONA FLOR E SEUS DOIS MARIDOS;2017;PRODECINE 04;FSA Complementação;708870.0;939489.04;202216.14;140000;939489.04;0.595;0.1221;0.0;0;0.0;0;0;0;4.035;2;;;;39.527.494/0001-00;;;;;;;;;;RENUNCIA_ART3;2800000.0;4044322.8;2017;0.2323
B1700477300000;DONA FLOR E SEUS DOIS MARIDOS;2017;PRODECINE 04;FSA Complementação;708870.0;939489.04;202216.14;140000;939489.04;0.595;0.1221;0.0;0;0.0;0;0;0;4.035;2;;;;39.527.494/0001-00;;;;;;;;;;RENUNCIA_OUTROS;1200000.0;1733281.2;2017;0.542
B1800029600000;O OLHO E A FACA;2017;PRODECINE 04;FSA Complementação;23967.96;30138.08;86664.06;60000;30138.08;0.0302;0.0047;0.0;0;0.0;0;0;0;0.0;0;;;;71.733.695/0001-69;;;;;;;;;;FSA;2445630.0;3865425.82;2017;0.0078
B1800029600000;O OLHO E A FACA;2017;PRODECINE 04;FSA Complementação;23967.96;30138.08;86664.06;60000;30138.08;0.0302;0.0047;0.0;0;0.0;0;0;0;0.0;0;;;;71.733.695/0001-69;;;;;;;;;;RENUNCIA_ART3;331500.0;478818.93;2017;0.0629
B1800029600000;O OLHO E A FACA;2017;PRODECINE 04;FSA Complementação;23967.96;30138.08;86664.06;60000;30138.08;0.0302;0.0047;0.0;0;0.0;0;0;0;0.0;0;;;;71.733.695/0001-69;;;;;;;;;;RENUNCIA_OUTROS;1400000.0;2022161.4;2017;0.0149
B1700405200000;PRAÇA PARIS;2017;PRODECINE 04;FSA Complementação;200753.92;265358.24;93886.07;65000;265358.24;0.1272;0.0894;4.6;0;23.0;0;0;0;0.0;0;;;;73.947.392/0001-74;;;;;;;;;;FSA;1900000.0;2825320.9;2017;0.0939
B1700405200000;PRAÇA PARIS;2017;PRODECINE 04;FSA Complementação;200753.92;265358.24;93886.07;65000;265358.24;0.1272;0.0894;4.6;0;23.0;0;0;0;0.0;0;;;;73.947.392/0001-74;;;;;;;;;;RENUNCIA_ART3;100000.0;144440.1;2017;1.8372
B1800131200000;A TROPA DE TRAPO - NA SELVA DO ARCO-ÍRIS;2018;PRODECINE 04;FSA Complementação;1624.32;2147.04;0.0;0;2147.04;0.0096;0.0024;0.0;0;0.0;0;0;0;3.783;1;;;;44.154.342/0001-31;;;;;;;;;;FSA;140937.0;222757.13;2018;0.0096
B1800131200000;A TROPA DE TRAPO - NA SELVA DO ARCO-ÍRIS;2018;PRODECINE 04;FSA Complementação;1624.32;2147.04;0.0;0;2147.04;0.0096;0.0024;0.0;0;0.0;0;0;0;3.783;1;;;;44.154.342/0001-31;;;;;;;;;;RENUNCIA_OUTROS;475000.0;661292.15;2018;0.0032
B1800262800000;A VOZ DO SILÊNCIO;2018;PRODECINE 04;FSA Complementação;48255.31;63516.6;83531.64;60000;63516.6;0.1499;0.0307;0.0;0;0.0;0;0;0;4.1;1;0.0;;;04.687.576/0001-20;;;;;;;;;;FSA;659745.0;981048.07;2018;0.0647
B1800262800000;A VOZ DO SILÊNCIO;2018;PRODECINE 04;FSA Complementação;48255.31;63516.6;83531.64;60000;63516.6;0.1499;0.0307;0.0;0;0.0;0;0;0;4.1;1;0.0;;;04.687.576/0001-20;;;;;;;;;;RENUNCIA_OUTROS;782102.0;1088837.71;2018;0.0583
B1800556100000;CHORAR DE RIR;2018;PRODECINE 04;FSA Complementação;1326269.28;1667693.44;83531.64;60000;1667693.44;0.4193;0.1469;0.0;0;0.0;0;0;0;0.0;0;1.0;24.0;;05.508.188/0001-05;;;;;;;;;;FSA;3000000.0;4176582.0;2018;0.3993
B1800556100000;CHORAR DE RIR;2018;PRODECINE 04;FSA Complementação;1326269.28;1667693.44;83531.64;60000;1667693.44;0.4193;0.1469;0.0;0;0.0;0;0;0;0.0;0;1.0;24.0;;05.508.188/0001-05;;;;;;;;;;RENUNCIA_ART3;3000000.0;4176582.0;2018;0.3993
B1800556100000;CHORAR DE RIR;2018;PRODECINE 04;FSA Complementação;1326269.28;1667693.44;83531.64;60000;1667693.44;0.4193;0.1469;0.0;0;0.0;0;0;0;0.0;0;1.0;24.0;;05.508.188/0001-05;;;;;;;;;;RENUNCIA_OUTROS;2154653.0;2999694.98;2018;0.556
B1800445100000;DIAMANTINO;2018;PRODECINE 04;FSA Complementação;58858.3;76140.4;83531.64;60000;76140.4;0.2142;0.1022;27.6;0;88.0;0;51;9;0.0;0;;;;09.409.976/0001-97;;;;;;;;;;FSA;516022.0;745342.69;2018;0.1022
B1800300700000;MISSÃO 115;2018;PRODECINE 04;FSA Complementação;22063.68;29163.96;194907.16;140000;29163.96;1.298;0.0336;0.0;0;0.0;0;0;0;0.0;0;;;;68.696.756/0001-50;;;;;;;;;;FSA;124000.0;172632.06;2018;0.1689
B1800300700000;MISSÃO 115;2018;PRODECINE 04;FSA Complementação;22063.68;29163.96;194907.16;140000;29163.96;1.298;0.0336;0.0;0;0.0;0;0;0;0.0;0;;;;68.696.756/0001-50;;;;;;;;;;RENUNCIA_OUTROS;500000.0;696097.0;2018;0.0419
B1900019900000;O GALÃ;2018;PRODECINE 04;FSA Complementação;33643.68;42304.64;83531.64;60000;42304.64;0.0621;0.0066;0.0;0;0.0;0;0;0;0.0;0;;;;52.308.558/0001-32;;;;;;;;;;FSA;1454847.0;2025429.26;2018;0.0209
B1900019900000;O GALÃ;2018;PRODECINE 04;FSA Complementação;33643.68;42304.64;83531.64;60000;42304.64;0.0621;0.0066;0.0;0;0.0;0;0;0;0.0;0;;;;52.308.558/0001-32;;;;;;;;;;RENUNCIA_ART3;2512565.72;3497978.92;2018;0.0121
B1900019900000;O GALÃ;2018;PRODECINE 04;FSA Complementação;33643.68;42304.64;83531.64;60000;42304.64;0.0621;0.0066;0.0;0;0.0;0;0;0;0.0;0;;;;52.308.558/0001-32;;;;;;;;;;RENUNCIA_OUTROS;640000.0;891004.16;2018;0.0475
B1800346100000;O SEGREDO DE DAVI;2018;PRODECINE 04;FSA Complementação;136944.95;180987.52;194907.16;140000;180987.52;0.1531;0.0737;0.0;0;0.0;0;0;0;3.993;2;1.0;0.0;;12.380.610/0001-47;;;;;;;;;;FSA;1699950.0;2455409.48;2018;0.0737
B1800612900000;O ÚLTIMO JOGO;2018;PRODECINE 04;FSA Complementação;1415.88;1610.28;83531.64;60000;1610.28;0.0482;0.0009;0.0;0;0.0;0;0;0;4.6;1;;;;16.487.027/0001-90;;;;;;;;;;FSA;1222173.0;1765307.9;2018;0.0009
B1800187200000;RAIVA;2018;PRODECINE 04;FSA Complementação;42291.75;53179.0;0.0;0;53179.0;0.0853;0.0853;1.0;0;5.0;0;0;0;0.0;0;;;;05.436.489/0001-62;;;;;;;;;;FSA;431596.0;623397.69;2018;0.0853
B1800285700000;TUDO POR UM POP STAR;2018;PRODECINE 04;FSA Complementação;18065247.34;23878742.72;194907.16;140000;23878742.72;5.2906;3.0259;0.0;0;0.0;0;0;0;3.45;2;5.0;0.0;;05.565.485/0001-84;;;;;;;;;;FSA;3150304.89;4550303.53;2018;5.2477
B1800285700000;TUDO POR UM POP STAR;2018;PRODECINE 04;FSA Complementação;18065247.34;23878742.72;194907.16;140000;23878742.72;5.2906;3.0259;0.0;0;0.0;0;0;0;3.45;2;5.0;0.0;;05.565.485/0001-84;;;;;;;;;;RENUNCIA_ART3;2400000.0;3341265.6;2018;7.1466
B1900588900000;MADAME;2019;PRODECINE 04;FSA Complementação;2184.69;2306.08;80080.2;60000;2306.08;0.3103;0.0042;0.0;0;0.0;0;0;0;2.2;1;0.0;;;15.096.101/0001-85;;;;;;;;;;FSA;198947.37;265529.09;2019;0.0087
B1900588900000;MADAME;2019;PRODECINE 04;FSA Complementação;2184.69;2306.08;80080.2;60000;2306.08;0.3103;0.0042;0.0;0;0.0;0;0;0;2.2;1;0.0;;;15.096.101/0001-85;;;;;;;;;;RENUNCIA_ART3;200000.0;266934.0;2019;0.0086
B1900588900000;MADAME;2019;PRODECINE 04;FSA Complementação;2184.69;2306.08;80080.2;60000;2306.08;0.3103;0.0042;0.0;0;0.0;0;0;0;2.2;1;0.0;;;15.096.101/0001-85;;;;;;;;;;RENUNCIA_OUTROS;14300.0;19085.78;2019;0.1208
B1900245500000;ÁGUAS SELVAGENS;2019;PRODECINE 04;FSA Complementação;19806.7;20615.56;0.0;0;20615.56;0.0176;0.0176;0.0;0;0.0;0;0;0;3.7;1;;;;80.816.838/0001-97;;;;;;;;;;FSA;840232.0;1169765.95;2019;0.0176
B2000102800000;CORRENDO POR UM SONHO;2020;PRODECINE 04;FSA Complementação;93448.08;106278.48;178773.28;140000;106278.48;0.224;0.0169;0.0;0;0.0;0;0;0;3.775;1;;;;01.378.559/0001-12;;;;;;;;;;FSA;914266.0;1272835.64;2020;0.0835
B2000102800000;CORRENDO POR UM SONHO;2020;PRODECINE 04;FSA Complementação;93448.08;106278.48;178773.28;140000;106278.48;0.224;0.0169;0.0;0;0.0;0;0;0;3.775;1;;;;01.378.559/0001-12;;;;;;;;;;RENUNCIA_ART3;1150000.0;1468494.8;2020;0.0724
B2000102800000;CORRENDO POR UM SONHO;2020;PRODECINE 04;FSA Complementação;93448.08;106278.48;178773.28;140000;106278.48;0.224;0.0169;0.0;0;0.0;0;0;0;3.775;1;;;;01.378.559/0001-12;;;;;;;;;;RENUNCIA_OUTROS;2789941.71;3562621.65;2020;0.0298
B2000277900000;MINHA FAMILIA PERFEITA;2020;PRODECINE 04;FSA Complementação;577698.6;601290.48;76617.12;60000;601290.48;1.6931;0.1303;0.0;0;0.0;0;0;0;3.656;1;7.0;0.0;;02.863.008/0001-07;;;;;;;;;;FSA;300000.0;400401.0;2020;1.5017
B2000277900000;MINHA FAMILIA PERFEITA;2020;PRODECINE 04;FSA Complementação;577698.6;601290.48;76617.12;60000;601290.48;1.6931;0.1303;0.0;0;0.0;0;0;0;3.656;1;7.0;0.0;;02.863.008/0001-07;;;;;;;;;;RENUNCIA_ART3;2999999.97;3830855.96;2020;0.157
B2000277900000;MINHA FAMILIA PERFEITA;2020;PRODECINE 04;FSA Complementação;577698.6;601290.48;76617.12;60000;601290.48;1.6931;0.1303;0.0;0;0.0;0;0;0;3.656;1;7.0;0.0;;02.863.008/0001-07;;;;;;;;;;RENUNCIA_OUTROS;300000.0;383085.6;2020;1.5696
B2100282100000;A PRIMEIRA MORTE DE JOANA;2021;PRODECINE 04;FSA Complementação;76910.42;77969.36;69613.92;60000;77969.36;0.1402;0.0304;10.1;0;4.0;944;0;0;3.57;2;8.0;0.0;;08.267.476/0001-03;;;;;;;;;;FSA;788689.81;1052640.63;2021;0.0741
B2100282100000;A PRIMEIRA MORTE DE JOANA;2021;PRODECINE 04;FSA Complementação;76910.42;77969.36;69613.92;60000;77969.36;0.1402;0.0304;10.1;0;4.0;944;0;0;3.57;2;8.0;0.0;;08.267.476/0001-03;;;;;;;;;;RENUNCIA_OUTROS;1300000.0;1508301.6;2021;0.0517
B2100408100000;O LIVRO DOS PRAZERES;2021;PRODECINE 04;FSA Complementação;133050.6;138484.08;324864.96;280000;138484.08;0.1483;0.0443;1.4;0;7.0;0;0;0;0.0;0;;;;06.323.379/0001-57;;;;;;;;;;FSA;2340754.0;3124134.14;2021;0.0443
B2100536000000;TROMBA TREM - O FILME;2021;PRODECINE 04;FSA Complementação;97761.6;101745.84;69613.92;60000;101745.84;0.0276;0.0164;2.0;0;10.0;0;0;0;3.3;1;;;;09.551.826/0001-13;;;;;;;;;;FSA;4455000.0;6202224.27;2021;0.0164
B2300440200000;NAHUEL E O LIVRO MAGICO;2023;PRODECINE 04;FSA Complementação;1590.4;1590.4;0.0;0;1590.4;0.0016;0.0016;0.0;0;0.0;0;0;0;3.817;2;;;;22.910.094/0001-79;;;;;;;;;;FSA;722064.0;1005253.17;2023;0.0016
B2300135700000;VIDAS DESCARTÁVEIS;2023;PRODECINE 04;FSA Complementação;4627.96;4691.68;293524.0;280000;4691.68;0.6798;0.0052;0.0;0;0.0;0;0;0;0.0;0;0.0;;;27.920.016/0001-79;;;;;;;;;;FSA;400000.0;438692.4;2023;0.0107
B2300135700000;VIDAS DESCARTÁVEIS;2023;PRODECINE 04;FSA Complementação;4627.96;4691.68;293524.0;280000;4691.68;0.6798;0.0052;0.0;0;0.0;0;0;0;0.0;0;0.0;;;27.920.016/0001-79;;;;;;;;;;RENUNCIA_ART3;300000.0;314490.0;2023;0.0149
B2300135700000;VIDAS DESCARTÁVEIS;2023;PRODECINE 04;FSA Complementação;4627.96;4691.68;293524.0;280000;4691.68;0.6798;0.0052;0.0;0;0.0;0;0;0;0.0;0;0.0;;;27.920.016/0001-79;;;;;;;;;;RENUNCIA_OUTROS;150000.0;157245.0;2023;0.0298
B1700249500000;COMBOIO DE SAL E AÇÚCAR;2016;PRODECINE 05;FSA Pontuação Festivais e Roteiro;47075.2;62224.4;89220.66;60000;62224.4;0.1434;0.0589;10.0;0;0.0;0;36;21;3.683;2;;;;04.980.287/0001-14;;;;;;;;;;FSA;710132.0;1055974.1;2016;0.0589
B1700596400000;DIAS VAZIOS;2016;PRODECINE 05;FSA Pontuação Festivais e Roteiro;23019.36;28945.28;89220.66;60000;28945.28;0.0341;0.0084;0.0;0;0.0;0;0;0;0.0;0;;;;04.979.293/0001-51;;;;;;;;;;FSA;2190761.8;3462595.42;2016;0.0084
B1600708000000;FALA COMIGO;2016;PRODECINE 05;FSA Pontuação Festivais e Roteiro;134505.36;178701.32;89220.66;60000;178701.32;0.1433;0.0955;2.7;0;13.5;0;0;0;3.5;1;2.0;0.0;;09.409.976/0001-97;;;;;;;;;;FSA;1183310.0;1870273.52;2016;0.0955
B1600420900000;MULHER DO PAI;2016;PRODECINE 05;FSA Pontuação Festivais e Roteiro;102628.12;136317.16;208181.54;140000;136317.16;0.1784;0.0706;5.2;0;26.0;0;0;0;3.1;1;8.0;0.0;;08.267.476/0001-03;;;;;;;;;;FSA;1221701.48;1930952.94;2016;0.0706
B1700307900000;A SOMBRA DO PAI;2017;PRODECINE 05;FSA Pontuação Festivais e Roteiro;46182.7;58069.48;86664.06;60000;58069.48;0.0564;0.0177;3.5;0;17.5;0;0;0;3.5;1;;;;09.261.668/0001-67;;;;;;;;;;FSA;1622586.6;2564569.52;2017;0.0226
B1700307900000;A SOMBRA DO PAI;2017;PRODECINE 05;FSA Pontuação Festivais e Roteiro;46182.7;58069.48;86664.06;60000;58069.48;0.0564;0.0177;3.5;0;17.5;0;0;0;3.5;1;;;;09.261.668/0001-67;;;;;;;;;;RENUNCIA_OUTROS;500000.0;722200.5;2017;0.0804
B1700222300000;ABAIXO A GRAVIDADE;2017;PRODECINE 05;FSA Pontuação Festivais e Roteiro;13454.31;16917.88;0.0;0;16917.88;0.0045;0.0045;0.0;0;0.0;0;0;0;4.3;1;17.0;19.0;;16.487.027/0001-90;;;;;;;;;;FSA;2383317.0;3766937.38;2017;0.0045
B1700509000000;BIO;2017;PRODECINE 05;FSA Pontuação Festivais e Roteiro;14165.76;17812.48;86664.06;60000;17812.48;0.126;0.0105;2.2;0;11.0;0;0;0;0.0;0;34.0;11.0;;90.130.634/0001-51;;;;;;;;;;FSA;573950.0;829013.95;2017;0.0215
B1700509000000;BIO;2017;PRODECINE 05;FSA Pontuação Festivais e Roteiro;14165.76;17812.48;86664.06;60000;17812.48;0.126;0.0105;2.2;0;11.0;0;0;0;0.0;0;34.0;11.0;;90.130.634/0001-51;;;;;;;;;;RENUNCIA_OUTROS;600000.0;866640.6;2017;0.0206
B1700449500000;CONSTRUINDO PONTES;2017;PRODECINE 05;FSA Pontuação Festivais e Roteiro;38171.52;50455.44;86664.06;60000;50455.44;0.1746;0.0642;0.0;0;0.0;0;0;0;0.0;0;;;;81.183.527/0001-09;;;;;;;;;;FSA;497012.25;785549.73;2017;0.0642
B1700112000000;CORPO ELÉTRICO;2017;PRODECINE 05;FSA Pontuação Festivais e Roteiro;298054.52;395015.6;202216.14;140000;395015.6;0.5048;0.2073;16.47;0;26.0;4017;0;0;3.0;1;;;;74.425.067/0001-04;;;;;;;;;;FSA;748500.0;1183037.18;2017;0.3339
B1700112000000;CORPO ELÉTRICO;2017;PRODECINE 05;FSA Pontuação Festivais e Roteiro;298054.52;395015.6;202216.14;140000;395015.6;0.5048;0.2073;16.47;0;26.0;4017;0;0;3.0;1;;;;74.425.067/0001-04;;;;;;;;;;RENUNCIA_OUTROS;500000.0;722200.5;2017;0.547
B1700305400000;GABRIEL E A MONTANHA;2017;PRODECINE 05;FSA Pontuação Festivais e Roteiro;632964.88;838836.6;519984.36;360000;838836.6;0.4346;0.2683;30.37;0;44.0;95487;9;3;3.798;2;4.0;0.0;Rotterdam;03.360.320/0001-40;;;;;;;;;;FSA;1978000.0;3126316.03;2017;0.2683
B1800002100000;MATA NEGRA;2017;PRODECINE 05;FSA Pontuação Festivais e Roteiro;16276.11;21311.36;86664.06;60000;21311.36;0.1154;0.0228;0.0;0;0.0;0;0;0;0.0;0;;;;09.369.796/0001-29;;;;;;;;;;FSA;629061.0;935420.63;2017;0.0228
B1700104200000;PENDULAR;2017;PRODECINE 05;FSA Pontuação Festivais e Roteiro;117432.92;155620.64;519984.36;360000;155620.64;0.4056;0.086;8.7;0;33.5;0;1;1;0.0;0;;;Locarno;14.798.449/0001-51;;;;;;;;;;FSA;1053865.0;1665680.0;2017;0.0934
B1700104200000;PENDULAR;2017;PRODECINE 05;FSA Pontuação Festivais e Roteiro;117432.92;155620.64;519984.36;360000;155620.64;0.4056;0.086;8.7;0;33.5;0;1;1;0.0;0;;;Locarno;14.798.449/0001-51;;;;;;;;;;RENUNCIA_ART3;100000.0;144440.1;2017;1.0774
B1800019400000;SOBRADINHO;2017;PRODECINE 05;FSA Pontuação Festivais e Roteiro;289.46;337.96;0.0;0;337.96;0.0007;0.0007;0.0;0;0.0;0;0;0;0.0;0;1.0;0.0;;00.845.658/0001-02;;;;;;;;;;FSA;300000.0;474163.2;2017;0.0007
B1700501700000;UNICÓRNIO;2017;PRODECINE 05;FSA Pontuação Festivais e Roteiro;102270.87;135144.24;519984.36;360000;135144.24;0.211;0.0435;0.0;0;0.0;0;0;0;0.0;0;2.0;0.0;;09.107.296/0001-19;;;;;;;;;;FSA;2088260.0;3105265.59;2017;0.0435
B1800145300000;A TORRE;2018;PRODECINE 05;FSA Pontuação Festivais e Roteiro;839.04;954.24;83531.64;60000;954.24;0.0596;0.0004;0.0;0;0.0;0;0;0;2.9;1;;;;15.592.350/0001-61;;;;;;;;;;FSA;896395.41;1416792.39;2018;0.0007
B1800145300000;A TORRE;2018;PRODECINE 05;FSA Pontuação Festivais e Roteiro;839.04;954.24;83531.64;60000;954.24;0.0596;0.0004;0.0;0;0.0;0;0;0;2.9;1;;;;15.592.350/0001-61;;;;;;;;;;RENUNCIA_OUTROS;615796.71;857308.48;2018;0.0011
B1900027100000;AINDA TEMOS A IMENSIDÃO DA NOITE;2018;PRODECINE 05;FSA Pontuação Festivais e Roteiro;14746.2;18389.0;83531.64;60000;18389.0;0.0288;0.0052;13.5;0;17.5;0;14;12;3.3;1;;;;09.065.789/0001-33;;;;;;;;;;FSA;2448500.0;3536615.85;2018;0.0052
B1800092400000;MARE NOSTRUM;2018;PRODECINE 05;FSA Pontuação Festivais e Roteiro;29328.0;38766.0;83531.64;60000;38766.0;0.0366;0.0098;0.0;0;0.0;0;0;0;0.0;0;;;;44.154.342/0001-31;;;;;;;;;;FSA;2250000.0;3345774.75;2018;0.0116
B1800092400000;MARE NOSTRUM;2018;PRODECINE 05;FSA Pontuação Festivais e Roteiro;29328.0;38766.0;83531.64;60000;38766.0;0.0366;0.0098;0.0;0;0.0;0;0;0;0.0;0;;;;44.154.342/0001-31;;;;;;;;;;RENUNCIA_OUTROS;450000.0;626487.3;2018;0.0619
B1800097300000;MEIO IRMÃO;2018;PRODECINE 05;FSA Pontuação Festivais e Roteiro;19701.84;24571.68;83531.64;60000;24571.68;0.0561;0.0096;1.1;0;5.5;0;0;0;0.0;0;3.0;0.0;;03.117.764/0001-50;;;;;;;;;;FSA;1220019.0;1928293.71;2018;0.0127
B1800097300000;MEIO IRMÃO;2018;PRODECINE 05;FSA Pontuação Festivais e Roteiro;19701.84;24571.68;83531.64;60000;24571.68;0.0561;0.0096;1.1;0;5.5;0;0;0;0.0;0;3.0;0.0;;03.117.764/0001-50;;;;;;;;;;RENUNCIA_OUTROS;450000.0;626487.3;2018;0.0392
B1800204300000;MORMAÇO;2018;PRODECINE 05;FSA Pontuação Festivais e Roteiro;46781.79;58824.92;83531.64;60000;58824.92;0.0388;0.016;5.7;0;28.5;0;0;0;0.0;0;;;Rotterdam;01.125.538/0001-95;;;;;;;;;;FSA;2321565.4;3669336.26;2018;0.016
B1900039300000;SIRON. TEMPO SOBRE TELA;2018;PRODECINE 05;FSA Pontuação Festivais e Roteiro;367.08;417.48;167063.28;120000;417.48;0.2192;0.0005;0.0;0;0.0;0;0;0;3.648;2;0.0;;;19.388.280/0001-85;;;;;;;;;;FSA;548723.0;763928.87;2018;0.0005
B1900486200000;A FEBRE;2019;PRODECINE 05;FSA Pontuação Festivais e Roteiro;8444.58;10516.52;186853.8;140000;10516.52;0.067;0.0036;43.92;0;114.5;3357;14;5;0.0;0;;;;22.734.795/0001-02;;;;;;;;;;FSA;2040000.0;2946578.04;2019;0.0036
B1900263400000;BREVE MIRAGEM DE SOL;2019;PRODECINE 05;FSA Pontuação Festivais e Roteiro;0.0;0.0;480481.2;360000;0.0;0.2027;0.0;6.0;0;0.0;0;4;3;3.88;1;0.0;;;05.163.327/0001-06;;;;;;;;;;FSA;1593909.06;2370160.31;2019;0.0
B1900381200000;CASA;2019;PRODECINE 05;FSA Pontuação Festivais e Roteiro;0.0;0.0;80080.2;60000;0.0;0.0587;0.0;0.0;0;0.0;0;0;0;3.045;2;;;;02.669.022/0001-74;;;;;;;;;;FSA;945000.0;1364958.95;2019;0.0
B1900381200000;CASA;2019;PRODECINE 05;FSA Pontuação Festivais e Roteiro;0.0;0.0;80080.2;60000;0.0;0.0587;0.0;0.0;0;0.0;0;0;0;3.045;2;;;;02.669.022/0001-74;;;;;;;;;;RENUNCIA_ART3;3000000.0;4004010.0;2019;0.0
B1900381200000;CASA;2019;PRODECINE 05;FSA Pontuação Festivais e Roteiro;0.0;0.0;80080.2;60000;0.0;0.0587;0.0;0.0;0;0.0;0;0;0;3.045;2;;;;02.669.022/0001-74;;;;;;;;;;RENUNCIA_OUTROS;3952600.0;5275416.64;2019;0.0
B1900148000000;CORA;2019;PRODECINE 05;FSA Pontuação Festivais e Roteiro;1135.94;1212.68;0.0;0;1212.68;0.0018;0.0009;0.8;0;4.0;0;0;0;0.0;0;;;;04.650.621/0001-71;;;;;;;;;;FSA;469403.95;678007.53;2019;0.0018
B1900148000000;CORA;2019;PRODECINE 05;FSA Pontuação Festivais e Roteiro;1135.94;1212.68;0.0;0;1212.68;0.0018;0.0009;0.8;0;4.0;0;0;0;0.0;0;;;;04.650.621/0001-71;;;;;;;;;;RENUNCIA_OUTROS;500000.0;667335.0;2019;0.0018
B1900545200000;DESTERRO;2019;PRODECINE 05;FSA Pontuação Festivais e Roteiro;15356.4;15983.52;186853.8;140000;15983.52;0.1075;0.0085;0.0;0;0.0;0;0;0;0.0;0;;;;07.372.049/0001-14;;;;;;;;;;FSA;1306500.0;1887109.91;2019;0.0085
B1900172900000;GRETA;2019;PRODECINE 05;FSA Pontuação Festivais e Roteiro;137733.78;173134.92;80080.2;60000;173134.92;0.1037;0.0709;17.45;0;27.5;6629;0;0;0.0;0;0.0;;;07.543.070/0001-35;;;;;;;;;;FSA;1690177.5;2441294.07;2019;0.0709
B1900205500000;O OUTRO LADO DA MEMÓRIA;2019;PRODECINE 05;FSA Pontuação Festivais e Roteiro;192.28;218.68;160160.4;120000;218.68;0.0952;0.0;0.0;0;0.0;0;0;0;3.77;2;0.0;;;37.981.206/0001-50;;;;;;;;;;FSA;1133000.0;1684783.46;2019;0.0001
B1900205500000;O OUTRO LADO DA MEMÓRIA;2019;PRODECINE 05;FSA Pontuação Festivais e Roteiro;192.28;218.68;160160.4;120000;218.68;0.0952;0.0;0.0;0;0.0;0;0;0;3.77;2;0.0;;;37.981.206/0001-50;;;;;;;;;;RENUNCIA_ART3;1500000.0;2002005.0;2019;0.0001
B1900205500000;O OUTRO LADO DA MEMÓRIA;2019;PRODECINE 05;FSA Pontuação Festivais e Roteiro;192.28;218.68;160160.4;120000;218.68;0.0952;0.0;0.0;0;0.0;0;0;0;3.77;2;0.0;;;37.981.206/0001-50;;;;;;;;;;RENUNCIA_OUTROS;1499999.0;2002003.67;2019;0.0001
B1900121000000;O RIO DE JANEIRO DE HO CHI MINH;2019;PRODECINE 05;FSA Pontuação Festivais e Roteiro;4507.6;4691.68;80080.2;60000;4691.68;0.0455;0.0025;0.0;0;0.0;0;0;0;4.225;2;3.0;0.0;;10.831.015/0001-55;;;;;;;;;;FSA;1289746.0;1862910.41;2019;0.0025
B1900121000000;O RIO DE JANEIRO DE HO CHI MINH;2019;PRODECINE 05;FSA Pontuação Festivais e Roteiro;4507.6;4691.68;80080.2;60000;4691.68;0.0455;0.0025;0.0;0;0.0;0;0;0;4.225;2;3.0;0.0;;10.831.015/0001-55;;;;;;;;;;RENUNCIA_OUTROS;15000.0;20020.05;2019;0.2343
B1900235800000;OS SONÂMBULOS;2019;PRODECINE 05;FSA Pontuação Festivais e Roteiro;659.16;795.2;80080.2;60000;795.2;0.117;0.0006;0.0;0;0.0;0;0;0;0.0;0;;;;07.530.292/0001-13;;;;;;;;;;FSA;478634.5;691340.15;2019;0.0012
B1900235800000;OS SONÂMBULOS;2019;PRODECINE 05;FSA Pontuação Festivais e Roteiro;659.16;795.2;80080.2;60000;795.2;0.117;0.0006;0.0;0;0.0;0;0;0;0.0;0;;;;07.530.292/0001-13;;;;;;;;;;RENUNCIA_OUTROS;399935.5;533781.91;2019;0.0015
B1900299800000;RAIA 4;2019;PRODECINE 05;FSA Pontuação Festivais e Roteiro;2359.8;2683.8;80080.2;60000;2683.8;0.0347;0.0011;7.0;0;35.0;0;0;0;0.0;0;2.0;0.0;;09.291.317/0001-07;;;;;;;;;;FSA;1651000.0;2384706.05;2019;0.0011
B1900332300000;RIO DE VOZES;2019;PRODECINE 05;FSA Pontuação Festivais e Roteiro;15012.6;15625.68;266934.0;200000;15625.68;0.2445;0.0133;11.51;0;8.0;1483;0;0;4.225;2;0.0;;;09.124.563/0001-66;;;;;;;;;;FSA;799970.0;1155477.47;2019;0.0135
B1900332300000;RIO DE VOZES;2019;PRODECINE 05;FSA Pontuação Festivais e Roteiro;15012.6;15625.68;266934.0;200000;15625.68;0.2445;0.0133;11.51;0;8.0;1483;0;0;4.225;2;0.0;;;09.124.563/0001-66;;;;;;;;;;RENUNCIA_OUTROS;15000.0;20020.05;2019;0.7805
B1900425300000;RODANTES;2019;PRODECINE 05;FSA Pontuação Festivais e Roteiro;6607.44;7514.64;80080.2;60000;7514.64;0.0349;0.003;0.0;0;0.0;0;0;0;0.0;0;;;;04.727.439/0001-71;;;;;;;;;;FSA;1586823.33;2508044.09;2019;0.003
B1900484900000;SANTIAGO DE LAS AMERICAS OU O OLHO DO TERCEIRO MUNDO;2019;PRODECINE 05;FSA Pontuação Festivais e Roteiro;0.0;0.0;0.0;0;0.0;0.0;0.0;0.0;0;0.0;0;0;0;3.943;2;;;;27.651.181/0001-72;;;;;;;;;;FSA;995128.18;1437364.14;2019;0.0
B1900381500000;SEM SEU SANGUE;2019;PRODECINE 05;FSA Pontuação Festivais e Roteiro;1992.5;2485.0;80080.2;60000;2485.0;0.0276;0.0008;5.7;0;28.5;0;0;0;0.0;0;0.0;;;19.457.687/0001-17;;;;;;;;;;FSA;2073454.5;2994899.75;2019;0.0008
B1900597200000;SERTÂNIA;2019;PRODECINE 05;FSA Pontuação Festivais e Roteiro;7805.1;8747.2;80080.2;60000;8747.2;0.0436;0.0043;0.0;0;0.0;0;0;0;0.0;0;;;;10.505.568/0001-18;;;;;;;;;;FSA;1410695.0;2037609.27;2019;0.0043
B1900035900000;SOLDADO ESTRANGEIRO;2019;PRODECINE 05;FSA Pontuação Festivais e Roteiro;5971.18;7335.72;80080.2;60000;7335.72;0.0695;0.0058;1.2;0;6.0;0;0;0;0.0;0;;;;27.527.464/0001-07;;;;;;;;;;FSA;846030.0;1258055.92;2019;0.0058
B1900623600000;UM ANIMAL AMARELO;2019;PRODECINE 05;FSA Pontuação Festivais e Roteiro;3430.34;3836.84;80080.2;60000;3836.84;0.0252;0.0012;10.2;0;31.0;0;3;2;3.635;2;1.0;0.0;;01.125.538/0001-95;;;;;;;;;;FSA;2240149.6;3331127.1;2019;0.0012
B1900272800000;UMA BAÍA;2019;PRODECINE 05;FSA Pontuação Festivais e Roteiro;6381.48;6381.48;0.0;0;6381.48;0.0067;0.0067;2.4;0;12.0;0;0;0;0.0;0;;;;68.317.445/0001-33;;;;;;;;;;FSA;600000.0;948326.4;2019;0.0067
B2000263300000;5 CASAS;2020;PRODECINE 05;FSA Pontuação Festivais e Roteiro;17599.08;18249.84;76617.12;60000;18249.84;0.1385;0.0116;0.0;0;0.0;0;0;0;0.0;0;38.0;49.0;Oscar;08.112.710/0001-15;;;;;;;;;;FSA;492000.0;684959.45;2020;0.0266
B2000263300000;5 CASAS;2020;PRODECINE 05;FSA Pontuação Festivais e Roteiro;17599.08;18249.84;76617.12;60000;18249.84;0.1385;0.0116;0.0;0;0.0;0;0;0;0.0;0;38.0;49.0;Oscar;08.112.710/0001-15;;;;;;;;;;RENUNCIA_OUTROS;700000.0;893866.4;2020;0.0204
B2000338900000;AOS PEDAÇOS;2020;PRODECINE 05;FSA Pontuação Festivais e Roteiro;12007.52;12007.52;76617.12;60000;12007.52;0.0273;0.0037;0.0;0;0.0;0;0;0;0.0;0;;;;02.282.322/0001-04;;;;;;;;;;FSA;2250000.0;3249902.25;2020;0.0037
B2000297200000;ESPERA;2020;PRODECINE 05;FSA Pontuação Festivais e Roteiro;392.2;397.6;0.0;0;397.6;0.0004;0.0002;0.0;0;0.0;0;0;0;4.37;2;0.0;;;08.287.614/0001-08;;;;;;;;;;FSA;748561.0;1081222.26;2020;0.0004
B2000297200000;ESPERA;2020;PRODECINE 05;FSA Pontuação Festivais e Roteiro;392.2;397.6;0.0;0;397.6;0.0004;0.0002;0.0;0;0.0;0;0;0;4.37;2;0.0;;;08.287.614/0001-08;;;;;;;;;;RENUNCIA_OUTROS;500000.0;638476.0;2020;0.0006
B2000177900000;KEVIN;2020;PRODECINE 05;FSA Pontuação Festivais e Roteiro;10647.65;11053.28;76617.12;60000;11053.28;0.1357;0.0171;0.0;0;0.0;0;0;0;4.2;1;;;;10.407.637/0001-50;;;;;;;;;;FSA;484000.0;645980.28;2020;0.0171
B2000313600000;LUZ NOS TRÓPICOS;2020;PRODECINE 05;FSA Pontuação Festivais e Roteiro;7492.1;7594.16;0.0;0;7594.16;0.0023;0.0023;0.0;0;0.0;0;0;0;3.6;1;;;;05.163.327/0001-06;;;;;;;;;;FSA;2247415.05;3246168.55;2020;0.0023
B2000076800000;MATO SECO EM CHAMAS;2020;PRODECINE 05;FSA Pontuação Festivais e Roteiro;44514.7;45127.6;76617.12;60000;45127.6;0.0375;0.0139;23.2;0;68.0;1178;0;0;3.9;1;0.0;;;13.044.728/0001-67;;;;;;;;;;FSA;2250000.0;3249902.25;2020;0.0139
B2000319500000;NHEENGATU;2020;PRODECINE 05;FSA Pontuação Festivais e Roteiro;664.24;755.44;255390.4;200000;755.44;0.4613;0.0006;3.1;0;5.5;0;1;1;0.0;0;;;;05.436.489/0001-62;;;;;;;;;;FSA;384432.5;555274.69;2020;0.0014
B2000319500000;NHEENGATU;2020;PRODECINE 05;FSA Pontuação Festivais e Roteiro;664.24;755.44;255390.4;200000;755.44;0.4613;0.0006;3.1;0;5.5;0;1;1;0.0;0;;;;05.436.489/0001-62;;;;;;;;;;RENUNCIA_OUTROS;500000.0;638476.0;2020;0.0012
B2000361300000;O REFLEXO DO LAGO;2020;PRODECINE 05;FSA Pontuação Festivais e Roteiro;1757.2;1828.96;0.0;0;1828.96;0.0024;0.0024;0.0;0;0.0;0;0;0;3.844;1;;;;12.475.126/0001-00;;;;;;;;;;FSA;538780.0;750086.28;2020;0.0024
B2000346300000;PAIXÕES RECORRENTES;2020;PRODECINE 05;FSA Pontuação Festivais e Roteiro;11510.21;11947.88;0.0;0;11947.88;0.004;0.004;1.8;0;9.0;0;0;0;0.0;0;2.0;2.0;;30.510.135/0001-68;;;;;;;;;;FSA;2250000.0;3003007.5;2020;0.004
B2000044900000;PARA ONDE VOAM AS FEITICEIRAS;2020;PRODECINE 05;FSA Pontuação Festivais e Roteiro;12609.23;12782.84;76617.12;60000;12782.84;0.0551;0.0079;0.7;0;3.5;0;0;0;0.0;0;2.0;0.0;;08.429.784/0001-80;;;;;;;;;;FSA;1165080.5;1622018.08;2020;0.0079
B2000473600000;VENTO SECO;2020;PRODECINE 05;FSA Pontuação Festivais e Roteiro;13129.94;14691.32;76617.12;60000;14691.32;0.0438;0.007;10.88;0;0.0;3022;0;0;0.0;0;1.0;0.0;;17.942.221/0001-81;;;;;;;;;;FSA;1498000.0;2085506.61;2020;0.007
B2100535800000;A VIDA É DA COR QUE PINTAMOS;2021;PRODECINE 05;FSA Pontuação Festivais e Roteiro;20217.96;20217.96;0.0;0;20217.96;0.0156;0.0156;0.0;0;0.0;0;0;0;3.2;1;0.0;;;14.372.650/0001-72;;;;;;;;;;FSA;930000.0;1294740.42;2021;0.0156
B2100105600000;FORTALEZA HOTEL;2021;PRODECINE 05;FSA Pontuação Festivais e Roteiro;25231.1;26261.48;69613.92;60000;26261.48;0.0336;0.0092;0.0;0;0.0;0;0;0;0.0;0;0.0;;;15.864.034/0001-00;;;;;;;;;;FSA;1974199.5;2851535.73;2021;0.0092
B2100027500000;NATUREZA MORTA;2021;PRODECINE 05;FSA Pontuação Festivais e Roteiro;3922.0;3976.0;324864.96;280000;3976.0;0.1388;0.001;0.0;0;0.0;0;0;0;0.0;0;0.0;;;74.165.200/0001-30;;;;;;;;;;FSA;1499300.0;2369709.62;2021;0.0017
B2100027500000;NATUREZA MORTA;2021;PRODECINE 05;FSA Pontuação Festivais e Roteiro;3922.0;3976.0;324864.96;280000;3976.0;0.1388;0.001;0.0;0;0.0;0;0;0;0.0;0;0.0;;;74.165.200/0001-30;;;;;;;;;;RENUNCIA_OUTROS;1437290.82;1667590.8;2021;0.0024
B2200146400000;A FELICIDADE DAS COISAS;2022;PRODECINE 05;FSA Pontuação Festivais e Roteiro;27797.64;28925.4;65803.86;60000;28925.4;0.0384;0.0117;2.9;0;14.5;0;0;0;3.575;1;;;;17.456.554/0001-09;;;;;;;;;;FSA;2250000.0;2467644.75;2022;0.0117
B2200214700000;ADEUS CAPITÃO;2022;PRODECINE 05;FSA Pontuação Festivais e Roteiro;0.0;0.0;0.0;0;0.0;0.0;0.0;0.0;0;0.0;0;0;0;0.0;0;;;;23.747.020/0001-26;;;;;;;;;;FSA;715800.93;996533.76;2022;0.0
B2200214700000;ADEUS CAPITÃO;2022;PRODECINE 05;FSA Pontuação Festivais e Roteiro;0.0;0.0;0.0;0;0.0;0.0;0.0;0.0;0;0.0;0;0;0;0.0;0;;;;23.747.020/0001-26;;;;;;;;;;RENUNCIA_OUTROS;833000.0;913576.92;2022;0.0
B2200023200000;ALDEOTAS;2022;PRODECINE 05;FSA Pontuação Festivais e Roteiro;19108.44;19860.12;0.0;0;19860.12;0.0065;0.0065;0.0;0;0.0;0;0;0;0.0;0;;;;01.378.559/0001-12;;;;;;;;;;FSA;2200000.0;3062826.8;2022;0.0065
B2200132800000;BEM VINDOS DE NOVO;2022;PRODECINE 05;FSA Pontuação Festivais e Roteiro;52204.52;52920.56;65803.86;60000;52920.56;0.2435;0.1085;0.0;0;0.0;0;0;0;3.02;1;;;;13.202.884/0001-09;;;;;;;;;;FSA;350250.0;487615.95;2022;0.1085
B2300031800000;BIZARROS PEIXES DAS FOSSAS ABISSAIS;2022;PRODECINE 05;FSA Pontuação Festivais e Roteiro;57850.8;57850.8;65803.86;60000;57850.8;0.1126;0.0211;0.0;0;0.0;0;0;0;0.0;0;;;;05.416.743/0001-60;;;;;;;;;;FSA;760000.0;1097744.76;2022;0.0527
B2300031800000;BIZARROS PEIXES DAS FOSSAS ABISSAIS;2022;PRODECINE 05;FSA Pontuação Festivais e Roteiro;57850.8;57850.8;65803.86;60000;57850.8;0.1126;0.0211;0.0;0;0.0;0;0;0;0.0;0;;;;05.416.743/0001-60;;;;;;;;;;RENUNCIA_OUTROS;1500000.0;1645096.5;2022;0.0352
B2200004100000;CANÇÃO AO LONGE;2022;PRODECINE 05;FSA Pontuação Festivais e Roteiro;24277.18;24611.44;65803.86;60000;24611.44;0.0422;0.0115;0.0;0;0.0;0;0;0;0.0;0;1.0;0.0;;07.525.577/0001-66;;;;;;;;;;FSA;1538400.0;2141751.25;2022;0.0115
B2200295300000;CASA VAZIA;2022;PRODECINE 05;FSA Pontuação Festivais e Roteiro;17786.27;18031.16;65803.86;60000;18031.16;0.0381;0.0082;0.0;0;0.0;0;0;0;0.0;0;;;;04.980.287/0001-14;;;;;;;;;;FSA;1581447.0;2201681.02;2022;0.0082
B2200297400000;LAVRA;2022;PRODECINE 05;FSA Pontuação Festivais e Roteiro;11423.84;11888.24;65803.86;60000;11888.24;0.071;0.0109;0.0;0;0.0;0;0;0;0.0;0;;;;09.207.344/0001-40;;;;;;;;;;FSA;786270.0;1094640.38;2022;0.0109
B2300051700000;FOGARÉU;2023;PRODECINE 05;FSA Pontuação Festivais e Roteiro;2405.48;2405.48;293524.0;280000;2405.48;0.0948;0.0008;0.0;0;0.0;0;0;0;0.0;0;;;;02.140.120/0001-10;;;;;;;;;;FSA;2242900.0;3122551.92;2023;0.0008
B2300180200000;LAMPIÃO, GOVERNADOR DO SERTÃO;2023;PRODECINE 05;FSA Pontuação Festivais e Roteiro;10357.48;10357.48;0.0;0;10357.48;0.0198;0.0198;0.0;0;0.0;0;0;0;0.0;0;;;;00.993.636/0001-81;;;;;;;;;;FSA;499998.0;524147.9;2023;0.0198
B2300537000000;LONGE DO PARAÍSO;2023;PRODECINE 05;FSA Pontuação Festivais e Roteiro;21231.84;21231.84;0.0;0;21231.84;0.0068;0.0068;0.0;0;0.0;0;0;0;3.84;2;;;;01.231.528/0001-34;;;;;;;;;;FSA;2250000.0;3132436.5;2023;0.0068
B2300041800000;TIA VIRGÍNIA;2023;PRODECINE 05;FSA Pontuação Festivais e Roteiro;248484.74;251641.04;62898.0;60000;251641.04;0.1047;0.0838;2.7;0;13.5;0;0;0;0.0;0;0.0;;;20.519.742/0001-35;;;;;;;;;;FSA;2250000.0;3003007.5;2023;0.0838
B1800115900000;"""EL HOMBRE QUE CUIDA""";2017;PRODECINE 06;FSA Coprodução Internacional;7762.71;9761.08;0.0;0;9761.08;0.015;0.015;0.0;0;0.0;0;0;0;0.0;0;;;;15.745.495/0001-55;;;;;;;;;;FSA;450000.0;649980.45;2017;0.015
B1700396100000;NINGUÉM ESTÁ OLHANDO;2017;PRODECINE 06;FSA Coprodução Internacional;112406.68;148960.84;86664.06;60000;148960.84;0.6338;0.4007;4.4;0;22.0;0;0;0;0.0;0;;;;73.947.392/0001-74;;;;;;;;;;FSA;250000.0;371752.75;2017;0.4007
B1800293900000;AS HERDEIRAS;2018;PRODECINE 06;FSA Coprodução Internacional;340640.6;450182.6;167063.28;120000;450182.6;1.7093;1.2467;16.6;0;83.0;0;0;0;0.0;0;;;;14.798.449/0001-51;;;;;;;;;;FSA;250000.0;361100.25;2018;1.2467
B1900036000000;LIBERDADE É UMA GRANDE PALAVRA;2018;PRODECINE 06;FSA Coprodução Internacional;967.66;1212.68;111375.52;80000;1212.68;0.4621;0.005;0.0;0;0.0;0;0;0;0.0;0;;;;06.137.016/0001-27;;;;;;;;;;FSA;175000.0;243633.95;2018;0.005
B1800468000000;PESSOAS HUMANAS;2018;PRODECINE 06;FSA Coprodução Internacional;647.13;656.04;0.0;0;656.04;0.0018;0.0018;0.0;0;0.0;0;0;0;0.0;0;;;;04.980.287/0001-14;;;;;;;;;;FSA;250000.0;361100.25;2018;0.0018
B1800215300000;UMA VIAGEM INESPERADA;2018;PRODECINE 06;FSA Coprodução Internacional;16995.75;21371.0;83531.64;60000;21371.0;0.2075;0.0286;0.4;0;2.0;0;0;0;4.5;1;;;;12.126.484/0001-07;;;;;;;;;;FSA;350000.0;505540.35;2018;0.0423
B1800215300000;UMA VIAGEM INESPERADA;2018;PRODECINE 06;FSA Coprodução Internacional;16995.75;21371.0;83531.64;60000;21371.0;0.2075;0.0286;0.4;0;2.0;0;0;0;4.5;1;;;;12.126.484/0001-07;;;;;;;;;;RENUNCIA_OUTROS;173000.0;240849.56;2018;0.0887
B1900322000000;VIVIR ALLÍ NO ES EL INFIERNO ES EL FUEGO DEL DESIERTO.LA PLENITUD DE LA VIDA QUEDÓ AHÍ COMO UN ÁRBOL;2018;PRODECINE 06;FSA Coprodução Internacional;2964.84;3697.68;0.0;0;3697.68;0.0195;0.0195;0.0;0;0.0;0;0;0;3.2;1;;;;14.026.079/0001-34;;;;;;;;;;FSA;136098.9;189476.07;2018;0.0195
B2000043400000;A OUTRA PELE;2019;PRODECINE 06;FSA Coprodução Internacional;2359.8;2683.8;0.0;0;2683.8;0.0077;0.0077;0.0;0;0.0;0;0;0;4.058;2;;;;01.282.220/0001-18;;;;;;;;;;FSA;250000.0;348048.5;2019;0.0077
B1900541900000;BREVE HISTÓRIA DO PLANETA VERDE;2019;PRODECINE 06;FSA Coprodução Internacional;6648.15;6858.6;0.0;0;6858.6;0.0182;0.0182;7.1;0;35.5;0;0;0;0.0;0;;;;07.525.577/0001-66;;;;;;;;;;FSA;283000.0;377711.61;2019;0.0182
B1900050800000;POETAS DO CÉU;2019;PRODECINE 06;FSA Coprodução Internacional;611.2;636.16;266934.0;200000;636.16;1.0982;0.0026;2.0;0;10.0;0;0;0;0.0;0;;;;11.545.487/0001-04;;;;;;;;;;FSA;175000.0;243633.95;2019;0.0026
B2000556700000;A BARQUEIRA;2020;PRODECINE 06;FSA Coprodução Internacional;0.0;0.0;0.0;0;0.0;0.0;0.0;0.0;0;0.0;0;0;0;0.0;0;;;;08.112.710/0001-15;;;;;;;;;;FSA;250000.0;333667.5;2020;0.0
B2000184900000;A HISTÓRIA DO MEU NOME;2020;PRODECINE 06;FSA Coprodução Internacional;0.0;0.0;0.0;0;0.0;0.0;0.0;0.0;0;0.0;0;0;0;3.77;1;;;;10.615.584/0001-63;;;;;;;;;;FSA;167757.87;233551.5;2020;0.0
B2000184900000;A HISTÓRIA DO MEU NOME;2020;PRODECINE 06;FSA Coprodução Internacional;0.0;0.0;0.0;0;0.0;0.0;0.0;0.0;0;0.0;0;0;0;3.77;1;;;;10.615.584/0001-63;;;;;;;;;;RENUNCIA_ART3;300000.0;383085.6;2020;0.0
B2100148000000;TANTAS ALMAS;2021;PRODECINE 06;FSA Coprodução Internacional;11536.4;12007.52;0.0;0;12007.52;0.0345;0.0345;5.6;0;28.0;0;0;0;0.0;0;;;;15.089.868/0001-87;;;;;;;;;;FSA;250000.0;348048.5;2021;0.0345
B2200208200000;LAS VACACIONES DE HILDA;2022;PRODECINE 06;FSA Coprodução Internacional;0.0;0.0;0.0;0;0.0;0.0;0.0;0.0;0;0.0;0;0;0;0.0;0;;;;09.505.106/0001-11;;;;;;;;;;FSA;250000.0;348048.5;2022;0.0
B2300174400000;FANTASMA;2023;PRODECINE 06;FSA Coprodução Internacional;27315.12;27315.12;62898.0;60000;27315.12;0.2592;0.0294;0.0;0;0.0;0;0;0;3.7;1;;;;05.572.253/0001-53;;;;;;;;;;FSA;250000.0;348048.5;2023;0.0785
B2300174400000;FANTASMA;2023;PRODECINE 06;FSA Coprodução Internacional;27315.12;27315.12;62898.0;60000;27315.12;0.2592;0.0294;0.0;0;0.0;0;0;0;3.7;1;;;;05.572.253/0001-53;;;;;;;;;;RENUNCIA_OUTROS;555000.0;581806.5;2023;0.0469
B2300315200000;LA ESTRATÉGIA DEL MERO;2023;PRODECINE 06;FSA Coprodução Internacional;10576.16;10576.16;0.0;0;10576.16;0.0365;0.0365;0.0;0;0.0;0;0;0;0.0;0;;;;10.519.798/0001-36;;;;;;;;;;FSA;250000.0;290058.0;2023;0.0365
B1800358900000;A FAMÍLIA SUBMERSA;2018;PRODECINE 07;FSA Coprodução Internacional;40125.78;50455.44;83531.64;60000;50455.44;0.0931;0.0351;8.6;0;43.0;0;0;0;3.9;1;;;;14.440.714/0001-25;;;;;;;;;;FSA;996025.0;1438659.51;2018;0.0351
B2100075500000;LAMAÇAL;2021;PRODECINE 07;FSA Coprodução Internacional;1555.72;1769.32;69613.92;60000;1769.32;0.0651;0.0016;0.0;0;0.0;0;0;0;0.0;0;;;;04.937.797/0001-09;;;;;;;;;;FSA;821925.0;1096998.64;2021;0.0016
B2000332000000;AVÓ DEZANOVE E O SEGREDO DO SOVIÉTICO;2020;PRODECINE 08;FSA Coprodução Internacional;0.0;0.0;0.0;0;0.0;0.0;0.0;0.0;0;0.0;0;0;0;4.062;2;;;;09.437.566/0001-50;;;;;;;;;;FSA;500040.0;638527.08;2020;0.0
B2100120000000;PEDRO E INÊS;2020;PRODECINE 08;FSA Coprodução Internacional;5943.2;6759.2;0.0;0;6759.2;0.01;0.01;10.9;0;4.5;0;6;6;0.0;0;;;;05.436.489/0001-62;;;;;;;;;;FSA;487635.0;678882.52;2020;0.01
B2100241700000;ESCRITA ÍNTIMA;2021;PRODECINE 08;FSA Coprodução Internacional;1050.5;1093.4;0.0;0;1093.4;0.0016;0.0016;0.2;0;1.0;0;0;0;0.0;0;;;;01.378.559/0001-12;;;;;;;;;;FSA;467910.0;675849.67;2021;0.0016
B2100277700000;LA TEORIA DE LOS VIDRIOS ROTOS;2021;PRODECINE 09;FSA Coprodução Internacional;4144.7;4313.96;0.0;0;4313.96;0.0069;0.0069;0.8;0;4.0;0;0;0;0.0;0;;;;08.267.476/0001-03;;;;;;;;;;FSA;468495.0;625286.22;2021;0.0069
B2100119800000;MATEÍNA;2021;PRODECINE 09;FSA Coprodução Internacional;16884.4;17573.92;69613.92;60000;17573.92;0.1252;0.0252;0.0;0;0.0;0;0;0;0.0;0;;;;11.384.969/0001-20;;;;;;;;;;FSA;500040.0;696152.69;2021;0.0252
B2200298400000;O BAILE DOS 41;2021;PRODECINE 12;FSA Coprodução Internacional;1745.29;1769.32;69613.92;60000;1769.32;0.0953;0.0018;0.0;0;0.0;0;0;0;0.0;0;;;;02.140.120/0001-10;;;;;;;;;;FSA;561270.0;749110.23;2021;0.0024
B2200298400000;O BAILE DOS 41;2021;PRODECINE 12;FSA Coprodução Internacional;1745.29;1769.32;69613.92;60000;1769.32;0.0953;0.0018;0.0;0;0.0;0;0;0;0.0;0;;;;02.140.120/0001-10;;;;;;;;;;RENUNCIA_ART3;200000.0;232046.4;2021;0.0076
B1500542700000;TORI, A DETETIVE;2015;PRODUÇÃO CINEMA;FSA Pontuação Bilheteria e Roteiro — Produtora;0.0;0.0;221276.16;140000;0.0;0.0246;0.0;0.0;0;0.0;0;0;0;0.0;0;0.0;;;00.830.735/0001-42;;;;;;;;;;FSA;6222300.0;8987496.34;2015;0.0
B1800078700000;TORI, A DETETIVE;2017;PRODUÇÃO CINEMA;FSA Pontuação Bilheteria e Roteiro — Produtora;0.0;0.0;202216.14;140000;0.0;0.0225;0.0;0.0;0;0.0;0;0;0;0.0;0;0.0;;;00.830.735/0001-42;;;;;;;;;;FSA;6222300.0;8987496.34;2017;0.0
B1600715300000;MISTÉRIOS DE ENTREVER;2016;PRODUÇÃO TV/VOD - NOVOS REALIZADORES;_tv_excluir;0.0;0.0;0.0;0;0.0;0.0;0.0;0.0;0;0.0;0;0;0;0.0;0;1.0;2.0;;08.745.908/0001-36;;;;;;;;;;FSA;1000000.0;1487011.0;2016;0.0
B2100472800000;PALOMA;2021;PRODUÇÃO TV/VOD – VIA PROGRAMADORA;_tv_excluir;66191.95;68745.04;69613.92;60000;68745.04;0.0293;0.0146;15.3;0;26.5;0;22;12;0.0;0;;;;02.669.022/0001-74;;;;;;;;;;FSA;4500000.0;4717350.0;2021;0.0146
B1900209700000;PACARRETE;2019;SAV/MINC 01;FSA SAV/MINC / Arranjos Regionais;73111.88;89678.68;80080.2;60000;89678.68;0.0975;0.0515;8.3;0;41.5;0;0;0;4.0;2;0.0;;;07.202.193/0001-02;;;;;;;;;;FSA;1250000.0;1740242.5;2019;0.0515
B2000142400000;MARES DO DESTERRO;2020;SAV/MINC 01;FSA SAV/MINC / Arranjos Regionais;2647.35;2683.8;0.0;0;2683.8;0.0015;0.0015;0.0;0;0.0;0;0;0;4.223;2;;;;06.975.561/0001-92;;;;;;;;;;FSA;1250000.0;1740242.5;2020;0.0015
B2000484500000;O NOVELO;2020;SAV/MINC 01;FSA SAV/MINC / Arranjos Regionais;4929.36;5606.16;76617.12;60000;5606.16;0.0472;0.0032;0.0;0;0.0;0;0;0;0.0;0;1.0;0.0;;12.380.610/0001-47;;;;;;;;;;FSA;1250000.0;1740242.5;2020;0.0032
B2000461200000;VALENTINA;2020;SAV/MINC 01;FSA SAV/MINC / Arranjos Regionais;2989.08;3399.48;76617.12;60000;3399.48;0.046;0.002;4.9;0;24.5;0;0;0;0.0;0;1.0;0.0;;24.304.911/0001-70;;;;;;;;;;FSA;1250000.0;1740242.5;2020;0.002
B2200250200000;NOITES ALIENÍGENAS;2022;SAV/MINC 01;FSA SAV/MINC / Arranjos Regionais;136559.55;138424.44;65803.86;60000;138424.44;0.1191;0.0807;4.0;0;20.0;0;0;0;3.575;2;2.0;1.0;;19.709.434/0001-93;;;;;;;;;;FSA;1231960.0;1715127.32;2022;0.0807
B2200012900000;REPRESA;2022;SAV/MINC 01;FSA SAV/MINC / Arranjos Regionais;0.0;0.0;0.0;0;0.0;0.0;0.0;0.0;0;0.0;0;0;0;0.0;0;0.0;;;16.894.643/0001-66;;;;;;;;;;FSA;1250000.0;1668337.5;2022;0.0
B2300179900000;NADA;2023;SAV/MINC 01;FSA SAV/MINC / Arranjos Regionais;10735.2;10735.2;0.0;0;10735.2;0.0064;0.002;0.0;0;0.0;0;0;0;4.259;2;0.0;;;13.631.016/0001-44;;;;;;;;;;FSA;1250000.0;1668337.5;2023;0.0064
B2300179900000;NADA;2023;SAV/MINC 01;FSA SAV/MINC / Arranjos Regionais;10735.2;10735.2;0.0;0;10735.2;0.0064;0.002;0.0;0;0.0;0;0;0;4.259;2;0.0;;;13.631.016/0001-44;;;;;;;;;;RENUNCIA_ART3;1099999.97;1153129.97;2023;0.0093
B2300179900000;NADA;2023;SAV/MINC 01;FSA SAV/MINC / Arranjos Regionais;10735.2;10735.2;0.0;0;10735.2;0.0064;0.002;0.0;0;0.0;0;0;0;4.259;2;0.0;;;13.631.016/0001-44;;;;;;;;;;RENUNCIA_OUTROS;2417400.0;2534160.42;2023;0.0042
B1900300800000;BENTO;2019;SAV/MINC 02;FSA SAV/MINC / Arranjos Regionais;175.34;218.68;80080.2;60000;218.68;0.0445;0.0;0.0;0;0.0;0;0;0;4.127;2;;;;22.071.805/0001-69;;;;;;;;;;FSA;1250000.0;1805501.25;2019;0.0001
B1900300800000;BENTO;2019;SAV/MINC 02;FSA SAV/MINC / Arranjos Regionais;175.34;218.68;80080.2;60000;218.68;0.0445;0.0;0.0;0;0.0;0;0;0;4.127;2;;;;22.071.805/0001-69;;;;;;;;;;RENUNCIA_ART3;3000000.0;4004010.0;2019;0.0001
B1900300800000;BENTO;2019;SAV/MINC 02;FSA SAV/MINC / Arranjos Regionais;175.34;218.68;80080.2;60000;218.68;0.0445;0.0;0.0;0;0.0;0;0;0;4.127;2;;;;22.071.805/0001-69;;;;;;;;;;RENUNCIA_OUTROS;2764000.0;3689027.88;2019;0.0001
B2000141100000;ALÉM DA LENDA - FILME;2020;SAV/MINC 02;FSA SAV/MINC / Arranjos Regionais;71839.69;74768.68;76617.12;60000;74768.68;0.0756;0.0373;0.0;0;0.0;0;0;0;3.97;2;;;;18.274.744/0001-60;;;;;;;;;;FSA;1568223.0;2002545.5;2020;0.0373
B2000100300000;PASSAGEM SECRETA;2020;SAV/MINC 02;FSA SAV/MINC / Arranjos Regionais;1107.8;1153.04;76617.12;60000;1153.04;0.048;0.0007;0.0;0;0.0;0;0;0;0.0;0;;;;06.236.625/0001-33;;;;;;;;;;FSA;1162960.0;1619065.93;2020;0.0007
B2000378500000;PEQUENOS GUERREIROS;2020;SAV/MINC 02;FSA SAV/MINC / Arranjos Regionais;31632.76;32841.76;0.0;0;32841.76;0.0189;0.0189;0.0;0;0.0;0;0;0;3.708;2;0.0;;;04.614.433/0001-98;;;;;;;;;;FSA;1250000.0;1740242.5;2020;0.0189
B2000292100000;PIRÔCO;2020;SAV/MINC 02;FSA SAV/MINC / Arranjos Regionais;0.0;0.0;0.0;0;0.0;0.0;0.0;0.0;0;0.0;0;0;0;0.0;0;;;;17.698.485/0001-31;;;;;;;;;;FSA;1250000.0;1740242.5;2020;0.0
B2000202100000;POROPOPÓ;2020;SAV/MINC 02;FSA SAV/MINC / Arranjos Regionais;5020.16;5089.28;0.0;0;5089.28;0.0029;0.0029;0.0;0;0.0;0;0;0;0.0;0;;;;05.609.007/0001-29;;;;;;;;;;FSA;1250000.0;1740242.5;2020;0.0029
B2100262500000;DESPEDIDA;2021;SAV/MINC 02;FSA SAV/MINC / Arranjos Regionais;5373.14;5447.12;0.0;0;5447.12;0.0031;0.001;0.0;0;0.0;0;0;0;4.0;1;;;;15.830.015/0001-54;;;;;;;;;;FSA;1250000.0;1740242.5;2021;0.0031
B2100262500000;DESPEDIDA;2021;SAV/MINC 02;FSA SAV/MINC / Arranjos Regionais;5373.14;5447.12;0.0;0;5447.12;0.0031;0.001;0.0;0;0.0;0;0;0;4.0;1;;;;15.830.015/0001-54;;;;;;;;;;RENUNCIA_ART3;2999999.82;3480695.79;2021;0.0016
B2100262500000;DESPEDIDA;2021;SAV/MINC 02;FSA SAV/MINC / Arranjos Regionais;5373.14;5447.12;0.0;0;5447.12;0.0031;0.001;0.0;0;0.0;0;0;0;4.0;1;;;;15.830.015/0001-54;;;;;;;;;;RENUNCIA_OUTROS;328421.0;381044.55;2021;0.0143
B2200145800000;A CAVERNA DE ESTELA;2022;SAV/MINC 02;FSA SAV/MINC / Arranjos Regionais;0.0;0.0;0.0;0;0.0;0.0;0.0;0.0;0;0.0;0;0;0;3.49;2;0.0;;;03.021.799/0001-90;;;;;;;;;;FSA;100000.0;127695.2;2022;0.0
B2200149500000;ALICE DOS ANJOS;2022;SAV/MINC 02;FSA SAV/MINC / Arranjos Regionais;351.6;357.84;131607.72;120000;357.84;0.1117;0.0003;0.0;0;0.0;0;0;0;4.273;2;0.0;;;22.327.940/0001-22;;;;;;;;;;FSA;848828.01;1181733.26;2022;0.0003
B2200087600000;CHICO - MEU AMIGO INVISÍVEL;2022;SAV/MINC 02;FSA SAV/MINC / Arranjos Regionais;0.0;0.0;0.0;0;0.0;0.0;0.0;0.0;0;0.0;0;0;0;2.9;1;0.0;;;23.624.812/0001-03;;;;;;;;;;FSA;99138.0;108727.72;2022;0.0
B2200136500000;FABULOSOS JOÃO E MARIA;2022;SAV/MINC 02;FSA SAV/MINC / Arranjos Regionais;26698.84;26698.84;0.0;0;26698.84;0.0153;0.0121;0.0;0;0.0;0;0;0;4.0;1;0.0;;;02.231.569/0001-93;;;;;;;;;;FSA;1250000.0;1740242.5;2022;0.0153
B2200136500000;FABULOSOS JOÃO E MARIA;2022;SAV/MINC 02;FSA SAV/MINC / Arranjos Regionais;26698.84;26698.84;0.0;0;26698.84;0.0153;0.0121;0.0;0;0.0;0;0;0;4.0;1;0.0;;;02.231.569/0001-93;;;;;;;;;;RENUNCIA_ART3;426502.5;467758.51;2022;0.0571
B2200047500000;HOSPITAL DE BRINQUEDOS;2022;SAV/MINC 02;FSA SAV/MINC / Arranjos Regionais;0.0;0.0;131607.72;120000;0.0;1.0306;0.0;0.0;0;0.0;0;0;0;4.045;2;2.0;17.0;;07.202.193/0001-02;;;;;;;;;;FSA;100000.0;127695.2;2022;0.0
B2300513100000;OMEGATRONE - O PODER DOS 5 REINOS;2023;SAV/MINC 02;FSA SAV/MINC / Arranjos Regionais;0.0;0.0;0.0;0;0.0;0.0;0.0;0.0;0;0.0;0;0;0;4.147;2;;;;20.786.426/0001-20;;;;;;;;;;FSA;99940.0;127618.58;2023;0.0
B1900050700000;A TERRA NEGRA DOS KAWA;2018;SAV/MINC 03;FSA SAV/MINC / Arranjos Regionais;13844.66;14035.28;83531.64;60000;14035.28;0.0409;0.0059;0.0;0;0.0;0;0;0;2.9;1;;;;04.302.591/0001-02;;;;;;;;;;FSA;1605704.61;2387700.42;2018;0.0059
B1900059200000;MUDANÇA;2018;SAV/MINC 03;FSA SAV/MINC / Arranjos Regionais;5895.68;6103.16;0.0;0;6103.16;0.0027;0.0027;0.0;0;0.0;0;0;0;4.095;2;4.0;0.0;;07.088.828/0001-92;;;;;;;;;;FSA;1499346.62;2229544.92;2018;0.0027
B1900533600000;EU, NIRVANA;2019;SAV/MINC 03;FSA SAV/MINC / Arranjos Regionais;0.0;0.0;0.0;0;0.0;0.0;0.0;0.0;0;0.0;0;0;0;0.0;0;;;;13.931.232/0001-05;;;;;;;;;;FSA;1500000.0;2230516.5;2019;0.0
B1900307100000;NO CORAÇÃO DO MUNDO;2019;SAV/MINC 03;FSA SAV/MINC / Arranjos Regionais;127635.87;160232.8;373707.6;280000;160232.8;1.1498;0.1702;13.25;0;14.0;2206;0;0;4.3;1;;;Rotterdam;17.456.554/0001-09;;;;;;;;;;FSA;321497.66;464371.54;2019;0.3451
B1900307100000;NO CORAÇÃO DO MUNDO;2019;SAV/MINC 03;FSA SAV/MINC / Arranjos Regionais;127635.87;160232.8;373707.6;280000;160232.8;1.1498;0.1702;13.25;0;14.0;2206;0;0;4.3;1;;;Rotterdam;17.456.554/0001-09;;;;;;;;;;RENUNCIA_OUTROS;357348.34;476942.11;2019;0.336
B1900410500000;TRÊS VERÕES;2019;SAV/MINC 03;FSA SAV/MINC / Arranjos Regionais;6360.06;7932.12;480481.2;360000;7932.12;0.2737;0.0044;5.4;0;27.0;0;0;0;0.0;0;;;;01.369.211/0001-69;;;;;;;;;;FSA;1200000.0;1784413.2;2019;0.0044
B2000386800000;CABEÇA DE NÊGO;2020;SAV/MINC 03;FSA SAV/MINC / Arranjos Regionais;38508.44;43795.64;357546.56;280000;43795.64;0.2159;0.0236;0.0;0;0.0;0;0;0;4.21;1;0.0;;;04.761.874/0001-12;;;;;;;;;;FSA;1250000.0;1858763.75;2020;0.0236
B2000312900000;MARTE UM;2020;SAV/MINC 03;FSA SAV/MINC / Arranjos Regionais;1990265.5;2066744.68;459702.72;360000;2066744.68;1.3442;1.0996;19.37;0;52.0;740;0;0;3.907;2;;;Rotterdam;17.456.554/0001-09;;;;;;;;;;FSA;1350000.0;1879461.9;2020;1.0996
B2000402100000;UM DIA COM JERUSA;2020;SAV/MINC 03;FSA SAV/MINC / Arranjos Regionais;471.96;536.76;76617.12;60000;536.76;0.0443;0.0003;0.0;0;0.0;0;0;0;4.123;2;;;;10.473.332/0001-47;;;;;;;;;;FSA;1250000.0;1740242.5;2020;0.0003
B2100339300000;PATERNO;2021;SAV/MINC 03;FSA SAV/MINC / Arranjos Regionais;1550.64;1550.64;69613.92;60000;1550.64;0.0517;0.0011;0.0;0;0.0;0;0;0;0.0;0;;;;12.091.067/0001-68;;;;;;;;;;FSA;952295.0;1375495.85;2021;0.0011
B2300289500000;DENTRO DA CAIXINHA;2023;SAV/MINC 03;FSA SAV/MINC / Arranjos Regionais;22588.2;31847.76;0.0;0;31847.76;0.0416;0.0304;0.0;0;0.0;0;0;0;4.4;1;;;;08.233.638/0001-84;;;;;;;;;;FSA;600000.0;766171.2;2023;0.0416
B2300289500000;DENTRO DA CAIXINHA;2023;SAV/MINC 03;FSA SAV/MINC / Arranjos Regionais;22588.2;31847.76;0.0;0;31847.76;0.0416;0.0304;0.0;0;0.0;0;0;0;4.4;1;;;;08.233.638/0001-84;;;;;;;;;;RENUNCIA_OUTROS;270000.0;283041.0;2023;0.1125
B2300561400000;O MENINO MAIS RICO DO MUNDO;2023;SAV/MINC 03;FSA SAV/MINC / Arranjos Regionais;0.0;0.0;62898.0;60000;0.0;0.0493;0.0;0.0;0;0.0;0;0;0;4.5;1;2.0;0.0;;08.035.343/0001-01;;;;;;;;;;FSA;1000000.0;1276952.0;2023;0.0
B1800264200000;CARVANA;2018;SAV/MINC 04;FSA SAV/MINC / Arranjos Regionais;10710.38;14134.68;83531.64;60000;14134.68;0.1006;0.0129;0.0;0;0.0;0;0;0;0.0;0;;;;40.426.918/0001-11;;;;;;;;;;FSA;652864.15;970816.17;2018;0.0146
B1800264200000;CARVANA;2018;SAV/MINC 04;FSA SAV/MINC / Arranjos Regionais;10710.38;14134.68;83531.64;60000;14134.68;0.1006;0.0129;0.0;0;0.0;0;0;0;0.0;0;;;;40.426.918/0001-11;;;;;;;;;;RENUNCIA_OUTROS;92100.0;128221.07;2018;0.1102
B1800515000000;CHUVA É CANTORIA NA ALDEIA DOS MORTOS;2018;SAV/MINC 04;FSA SAV/MINC / Arranjos Regionais;60315.15;75842.2;111375.52;80000;75842.2;0.1262;0.0511;21.7;0;58.5;0;34;24;4.003;2;;;;16.957.757/0001-08;;;;;;;;;;FSA;997550.0;1483367.82;2018;0.0511
B1800150600000;O CHALÉ É UMA ILHA BATIDA DE VENTO E CHUVA;2018;SAV/MINC 04;FSA SAV/MINC / Arranjos Regionais;5264.73;6620.04;0.0;0;6620.04;0.0054;0.0054;0.0;0;0.0;0;0;0;3.5;2;;;;04.939.205/0001-98;;;;;;;;;;FSA;824836.75;1226541.32;2018;0.0054
B1800561900000;SERVIDÃO;2018;SAV/MINC 04;FSA SAV/MINC / Arranjos Regionais;18329.36;18329.36;0.0;0;18329.36;0.0123;0.0123;0.0;0;0.0;0;0;0;0.0;0;1.0;0.0;;55.084.750/0001-80;;;;;;;;;;FSA;1000000.0;1487011.0;2018;0.0123
B1900203000000;CHÃO;2019;SAV/MINC 04;FSA SAV/MINC / Arranjos Regionais;646.76;735.56;186853.8;140000;735.56;0.2461;0.001;6.4;0;32.0;0;0;0;0.0;0;5.0;3.0;;13.486.716/0001-92;;;;;;;;;;FSA;512631.13;762288.13;2019;0.001
B1900189800000;EMPATE;2019;SAV/MINC 04;FSA SAV/MINC / Arranjos Regionais;2931.44;2942.24;80080.2;60000;2942.24;0.083;0.0029;0.7;0;3.5;0;0;0;0.0;0;2.0;1.0;;19.709.434/0001-93;;;;;;;;;;FSA;672980.0;1000728.66;2019;0.0029
B1900093600000;ESTOU ME GUARDANDO PARA QUANDO O CARNAVAL CHEGAR;2019;SAV/MINC 04;FSA SAV/MINC / Arranjos Regionais;168370.87;211523.2;186853.8;140000;211523.2;0.2715;0.1442;15.95;0;26.0;2744;0;0;3.062;2;;;;02.669.022/0001-74;;;;;;;;;;FSA;1099400.0;1467336.2;2019;0.1442
B1900623300000;OS OSSOS DA SAUDADE;2019;SAV/MINC 04;FSA SAV/MINC / Arranjos Regionais;1432.5;1491.0;106773.6;80000;1491.0;0.1119;0.0015;0.0;0;0.0;0;0;0;3.709;2;;;;15.745.495/0001-55;;;;;;;;;;FSA;669971.6;967707.65;2019;0.0015
B2100371800000;MARIAS;2021;SAV/MINC 04;FSA SAV/MINC / Arranjos Regionais;10437.0;10437.0;69613.92;60000;10437.0;0.0678;0.0053;0.0;0;0.0;0;0;0;0.0;0;;;;07.617.370/0001-11;;;;;;;;;;FSA;816988.0;1180058.28;2021;0.0088
B2100371800000;MARIAS;2021;SAV/MINC 04;FSA SAV/MINC / Arranjos Regionais;10437.0;10437.0;69613.92;60000;10437.0;0.0678;0.0053;0.0;0;0.0;0;0;0;0.0;0;;;;07.617.370/0001-11;;;;;;;;;;RENUNCIA_OUTROS;673000.0;780836.14;2021;0.0134
B2200361800000;MÔA, RAIZ AFRO MÃE;2022;SAV/MINC 04;FSA SAV/MINC / Arranjos Regionais;39614.09;40157.6;307084.68;280000;40157.6;0.6332;0.0082;0.0;0;0.0;0;0;0;3.5;1;;;;09.491.939/0001-70;;;;;;;;;;FSA;500000.0;548365.5;2022;0.0732
B2200361800000;MÔA, RAIZ AFRO MÃE;2022;SAV/MINC 04;FSA SAV/MINC / Arranjos Regionais;39614.09;40157.6;307084.68;280000;40157.6;0.6332;0.0082;0.0;0;0.0;0;0;0;3.5;1;;;;09.491.939/0001-70;;;;;;;;;;RENUNCIA_OUTROS;3980000.0;4364989.38;2022;0.0092
B2300366600000;KUNHÃ KARAI E AS NARRATIVAS DA TERRA;2023;SAV/MINC 04;FSA SAV/MINC / Arranjos Regionais;0.0;0.0;0.0;0;0.0;0.0;0.0;0.0;0;0.0;0;0;0;3.0;1;;;;07.822.394/0001-02;;;;;;;;;;FSA;500000.0;524150.0;2023;0.0
B2100362700000;SEBASTIANA;2021;SAV/MINC 07;FSA SAV/MINC / Arranjos Regionais;0.0;0.0;324864.96;280000;0.0;0.7353;0.0;0.0;0;0.0;0;0;0;0.0;0;;;;17.623.726/0001-83;;;;;;;;;;FSA;346000.0;441825.39;2021;0.0
B2100362700000;SEBASTIANA;2021;SAV/MINC 07;FSA SAV/MINC / Arranjos Regionais;0.0;0.0;324864.96;280000;0.0;0.7353;0.0;0.0;0;0.0;0;0;0;0.0;0;;;;17.623.726/0001-83;;;;;;;;;;RENUNCIA_OUTROS;1423575.0;1651677.27;2021;0.0
B2200497200000;ODOYÁ;2022;SAV/MINC 07;FSA SAV/MINC / Arranjos Regionais;0.0;0.0;0.0;0;0.0;0.0;0.0;0.0;0;0.0;0;0;0;0.0;0;0.0;;;23.318.838/0001-23;;;;;;;;;;FSA;344670.0;440127.05;2022;0.0
B2300286800000;ÁRIA;2023;SAV/MINC 07;FSA SAV/MINC / Arranjos Regionais;0.0;0.0;0.0;0;0.0;0.0;0.0;0.0;0;0.0;0;0;0;0.0;0;1.0;1.0;;14.635.446/0001-05;;;;;;;;;;FSA;350000.0;446933.2;2023;0.0
B2300531100000;POING;2023;SAV/MINC 08;FSA SAV/MINC / Arranjos Regionais;0.0;0.0;0.0;0;0.0;0.0;0.0;0.0;0;0.0;0;0;0;0.0;0;;;;02.585.713/0001-90;;;;;;;;;;FSA;1000000.0;1276952.0;2023;0.0
B2300322500000;TRONIK;2023;SAV/MINC 08;FSA SAV/MINC / Arranjos Regionais;0.0;0.0;62898.0;60000;0.0;0.0493;0.0;0.0;0;0.0;0;0;0;0.0;0;;;;07.837.630/0001-64;;;;;;;;;;FSA;1000000.0;1276952.0;2023;0.0
B2100427500000;NOITE DE FOGO;2021;SUPORTE AUTOMÁTICO - DESEMPENHO ARTÍSTICO;FSA Automático Festivais;17048.94;18846.24;0.0;0;18846.24;0.0167;0.0167;13.6;0;68.0;0;0;0;4.38;2;;;;12.658.679/0001-90;;;;;;;;;;FSA;846483.0;1129775.47;2021;0.0167
B2200442800000;MEDUSA;2022;SUPORTE AUTOMÁTICO - DESEMPENHO ARTÍSTICO;FSA Automático Festivais;45671.69;46300.52;65803.86;60000;46300.52;0.0297;0.0105;26.11;0;71.5;5980;0;0;3.02;1;15.0;0.0;;02.140.120/0001-10;;;;;;;;;;FSA;2830549.67;3777849.73;2022;0.0123
B2200442800000;MEDUSA;2022;SUPORTE AUTOMÁTICO - DESEMPENHO ARTÍSTICO;FSA Automático Festivais;45671.69;46300.52;65803.86;60000;46300.52;0.0297;0.0105;26.11;0;71.5;5980;0;0;3.02;1;15.0;0.0;;02.140.120/0001-10;;;;;;;;;;RENUNCIA_ART3;450000.0;493528.95;2022;0.0938
B2200442800000;MEDUSA;2022;SUPORTE AUTOMÁTICO - DESEMPENHO ARTÍSTICO;FSA Automático Festivais;45671.69;46300.52;65803.86;60000;46300.52;0.0297;0.0105;26.11;0;71.5;5980;0;0;3.02;1;15.0;0.0;;02.140.120/0001-10;;;;;;;;;;RENUNCIA_OUTROS;120000.0;131607.72;2022;0.3518
B2300440300000;A FESTA DE LÉO;2023;SUPORTE AUTOMÁTICO - DESEMPENHO ARTÍSTICO;FSA Automático Festivais;27374.76;27374.76;62898.0;60000;27374.76;0.0516;0.0103;0.0;0;0.0;0;0;0;3.363;1;;;;02.298.682/0001-96;;;;;;;;;;FSA;1508576.7;1750298.96;2023;0.0156
B2300440300000;A FESTA DE LÉO;2023;SUPORTE AUTOMÁTICO - DESEMPENHO ARTÍSTICO;FSA Automático Festivais;27374.76;27374.76;62898.0;60000;27374.76;0.0516;0.0103;0.0;0;0.0;0;0;0;3.363;1;;;;02.298.682/0001-96;;;;;;;;;;RENUNCIA_ART3;869931.32;911949.0;2023;0.03
B2300345600000;ANGELA;2023;SUPORTE AUTOMÁTICO - DESEMPENHO ARTÍSTICO;FSA Automático Festivais;441303.44;447379.52;0.0;0;447379.52;0.4616;0.1485;0.0;0;0.0;0;0;0;3.573;2;;;;19.069.618/0001-36;;;;;;;;;;FSA;924569.46;969226.16;2023;0.4616
B2300345600000;ANGELA;2023;SUPORTE AUTOMÁTICO - DESEMPENHO ARTÍSTICO;FSA Automático Festivais;441303.44;447379.52;0.0;0;447379.52;0.4616;0.1485;0.0;0;0.0;0;0;0;3.573;2;;;;19.069.618/0001-36;;;;;;;;;;RENUNCIA_ART3;1950000.0;2044185.0;2023;0.2189
B2300484100000;EROS;2023;SUPORTE AUTOMÁTICO - DESEMPENHO ARTÍSTICO;FSA Automático Festivais;0.0;0.0;62898.0;60000;0.0;0.0988;0.0;0.0;0;0.0;0;0;0;0.0;0;;;;12.658.679/0001-90;;;;;;;;;;FSA;548881.11;636829.43;2023;0.0
B2300130000000;O ULTIMO EPISÓDIO;2023;SUPORTE AUTOMÁTICO - DESEMPENHO ARTÍSTICO;FSA Automático Festivais;68586.0;68586.0;293524.0;280000;68586.0;0.1632;0.0309;0.0;0;0.0;0;0;0;3.98;1;;;Rotterdam;17.456.554/0001-09;;;;;;;;;;FSA;1594165.83;2219388.1;2023;0.0309
B2300165900000;PORNOMELANCOLIA;2023;SUPORTE AUTOMÁTICO - DESEMPENHO ARTÍSTICO;FSA Automático Festivais;0.0;0.0;0.0;0;0.0;0.0;0.0;10.0;0;0.0;0;13;6;0.0;0;;;;12.658.679/0001-90;;;;;;;;;;FSA;294751.51;341980.13;2023;0.0
B1900363600000;MARÉS;2018;SUPORTE AUTOMÁTICO - DESEMPENHO COMERCIAL CINEMA;FSA Automático Bilheteria;10442.4;13120.8;83531.64;60000;13120.8;1.7057;0.0351;0.0;0;0.0;0;0;0;4.223;2;;;;08.847.593/0001-38;;;;;;;;;;FSA;54054.05;56664.86;2018;0.2316
B1900363600000;MARÉS;2018;SUPORTE AUTOMÁTICO - DESEMPENHO COMERCIAL CINEMA;FSA Automático Bilheteria;10442.4;13120.8;83531.64;60000;13120.8;1.7057;0.0351;0.0;0;0.0;0;0;0;4.223;2;;;;08.847.593/0001-38;;;;;;;;;;RENUNCIA_OUTROS;227953.0;317354.8;2018;0.0413
B2000484000000;A SOGRA PERFEITA;2020;SUPORTE AUTOMÁTICO - DESEMPENHO COMERCIAL CINEMA;FSA Automático Bilheteria;1168852.64;1329335.84;178773.28;140000;1329335.84;0.3766;0.1654;0.0;0;0.0;0;0;0;4.083;2;0.0;;;12.580.503/0001-62;;;;;;;;;;FSA;3000000.0;4004010.0;2020;0.332
B2000484000000;A SOGRA PERFEITA;2020;SUPORTE AUTOMÁTICO - DESEMPENHO COMERCIAL CINEMA;FSA Automático Bilheteria;1168852.64;1329335.84;178773.28;140000;1329335.84;0.3766;0.1654;0.0;0;0.0;0;0;0;4.083;2;0.0;;;12.580.503/0001-62;;;;;;;;;;RENUNCIA_ART3;3000000.0;3830856.0;2020;0.347
B2000484000000;A SOGRA PERFEITA;2020;SUPORTE AUTOMÁTICO - DESEMPENHO COMERCIAL CINEMA;FSA Automático Bilheteria;1168852.64;1329335.84;178773.28;140000;1329335.84;0.3766;0.1654;0.0;0;0.0;0;0;0;4.083;2;0.0;;;12.580.503/0001-62;;;;;;;;;;RENUNCIA_OUTROS;159000.0;203035.37;2020;6.5473
B2200393900000;ME CHAMA QUE EU VOU;2022;SUPORTE AUTOMÁTICO - DESEMPENHO COMERCIAL CINEMA;FSA Automático Bilheteria;27924.64;28309.12;307084.68;280000;28309.12;5.7815;0.0622;0.0;0;0.0;0;0;0;3.52;2;;;;07.419.227/0001-15;;;;;;;;;;FSA;50000.0;58011.6;2022;0.488
B2200393900000;ME CHAMA QUE EU VOU;2022;SUPORTE AUTOMÁTICO - DESEMPENHO COMERCIAL CINEMA;FSA Automático Bilheteria;27924.64;28309.12;307084.68;280000;28309.12;5.7815;0.0622;0.0;0;0.0;0;0;0;3.52;2;;;;07.419.227/0001-15;;;;;;;;;;RENUNCIA_ART3;361924.38;396933.69;2022;0.0713
B2300472200000;Ó PAÍ, Ó 2;2023;SUPORTE AUTOMÁTICO - DESEMPENHO COMERCIAL CINEMA;FSA Automático Bilheteria;3776481.95;3826283.72;377388.0;360000;3826283.72;4.01;0.8608;0.0;0;0.0;0;0;0;3.878;2;;;;27.872.415/0001-01;;;;;;;;;;FSA;1000000.0;1048300.0;2023;3.65
B2300472200000;Ó PAÍ, Ó 2;2023;SUPORTE AUTOMÁTICO - DESEMPENHO COMERCIAL CINEMA;FSA Automático Bilheteria;3776481.95;3826283.72;377388.0;360000;3826283.72;4.01;0.8608;0.0;0;0.0;0;0;0;3.878;2;;;;27.872.415/0001-01;;;;;;;;;;RENUNCIA_ART3;3000000.0;3144900.0;2023;1.2167
B2300472200000;Ó PAÍ, Ó 2;2023;SUPORTE AUTOMÁTICO - DESEMPENHO COMERCIAL CINEMA;FSA Automático Bilheteria;3776481.95;3826283.72;377388.0;360000;3826283.72;4.01;0.8608;0.0;0;0.0;0;0;0;3.878;2;;;;27.872.415/0001-01;;;;;;;;;;RENUNCIA_OUTROS;240000.0;251592.0;2023;15.2083
B2200499400000;AS MINA PIRA;2022;SUPORTE AUTOMÁTICO - DESEMPENHO COMERCIAL TV E VOD;_tv_excluir;0.0;0.0;65803.86;60000;0.0;0.1188;0.0;0.0;0;0.0;0;0;0;0.0;0;;;;17.902.521/0001-37;;;;;;;;;;FSA;477450.25;553953.06;2022;0.0
B2300418000000;MUSSUM, O FILMIS;2023;SUPORTE AUTOMÁTICO - DESEMPENHO COMERCIAL TV E VOD;_tv_excluir;4298038.11;4357059.84;146762.0;140000;4357059.84;8.6714;0.7081;0.0;0;0.0;0;0;0;4.095;2;;;;03.987.306/0001-71;;;;;;;;;;FSA;447659.48;519388.85;2023;8.3888
B2300418000000;MUSSUM, O FILMIS;2023;SUPORTE AUTOMÁTICO - DESEMPENHO COMERCIAL TV E VOD;_tv_excluir;4298038.11;4357059.84;146762.0;140000;4357059.84;8.6714;0.7081;0.0;0;0.0;0;0;0;4.095;2;;;;03.987.306/0001-71;;;;;;;;;;RENUNCIA_ART3;2900000.0;3040070.0;2023;1.4332
B2300418000000;MUSSUM, O FILMIS;2023;SUPORTE AUTOMÁTICO - DESEMPENHO COMERCIAL TV E VOD;_tv_excluir;4298038.11;4357059.84;146762.0;140000;4357059.84;8.6714;0.7081;0.0;0;0.0;0;0;0;4.095;2;;;;03.987.306/0001-71;;;;;;;;;;RENUNCIA_OUTROS;2474000.0;2593494.2;2023;1.68
B2300145800000;O CASO ESCOLA BASE;2023;SUPORTE AUTOMÁTICO - DESEMPENHO COMERCIAL TV E VOD;_tv_excluir;0.0;0.0;62898.0;60000;0.0;0.0361;0.0;0.0;0;0.0;0;0;0;0.0;0;;;;05.372.676/0001-20;;;;;;;;;;FSA;1500000.0;1740348.0;2023;0.0
B2300109700000;SEMANA SEM FIM;2023;SUPORTE AUTOMÁTICO - DESEMPENHO COMERCIAL TV E VOD;_tv_excluir;0.0;0.0;62898.0;60000;0.0;0.2868;0.0;0.0;0;0.0;0;0;0;3.8;1;0.0;;;71.743.496/0001-31;;;;;;;;;;FSA;200000.0;219346.2;2023;0.0
