CNPJ_produtora;razao_social;UF;classificacao_agente;n_obras;n_obras_fsa;n_obras_renuncia;investimento_fsa_deflac;investimento_total_deflac;bilheteria_deflac;outras_janelas_deflac;receita_total_deflac;pct_receita_sintetica;roi_dom_fsa_deflac;roi_dom_total_deflac;roi_intl_medio;roi_intl_max;total_paises_max;n_obras_com_presenca_intl;n_obras_com_festival;n_obras_com_lumiere;n_obras_com_vod;pontuacao_festivais_max;adm_eu_total;critica_media;cita_n_papers_max_diretor;pct_obras_genero_feminino;cluster
00020648000120;PRODIGO FILMS LTDA;SP;Brasileiro independente;8;1;7;1011080.7;16940568.27;698404.28;908221.8;1606626.08;56.5;1.589;0.0948;1.4;10.0;0;0;2;0;0;50;0;3.55;1.0;0.0;Fomento Baixo Retorno
00061412000131;DI MAURO CULTURA E ARTE PRODUÇÕES ARTÍSTICAS LTDA;RJ;Brasileiro independente;1;0;1;0.0;389814.32;6441.12;389814.32;396255.44;98.4;;1.0165;0.0;0.0;0;0;0;0;0;0;0;;0.0;0.0;Pequeno Porte
00101698000131;YPEARTS AUDIOVISUAL LTDA;RJ;Brasileiro independente;2;1;2;4928287.5;14902046.2;120671.6;289589.16;410260.76;70.6;0.0832;0.0275;0.2;0.4;0;0;1;0;0;2;0;3.936;8.0;0.0;Fomento Baixo Retorno
00132102000160;SCHÜRMANN PRODUÇÕES CINEMATOGRÁFICAS LTDA;SP;Brasileiro independente;2;0;2;0.0;13161118.18;3763781.0;89220.66;3853001.66;2.3;;0.2928;5.15;10.3;0;0;0;1;0;0;1968;3.678;3.0;0.0;Fomento Baixo Retorno
00193157000180;;;;1;0;1;0.0;9442270.35;149696.4;244886.32;394582.72;62.1;;0.0418;0.0;0.0;0;0;0;0;0;0;0;;;0.0;Fomento Baixo Retorno
00205194000161;HECO PRODUÇÕES LTDA;SP;Brasileiro independente;1;0;1;0.0;1320636.94;147787.92;323599.78;471387.7;68.6;;0.3569;0.0;0.0;0;0;0;0;0;0;0;;;0.0;Pequeno Porte
00285073000177;TPS MULTIMÍDIA LTDA;SC;Brasileiro independente;1;1;1;227897.62;1043388.41;0.0;65803.86;65803.86;100.0;0.2887;0.0631;0.0;0.0;0;0;0;0;0;0;0;3.2;0.0;0.0;Pequeno Porte
00338948000151;E.H. FILMES LTDA;RJ;Brasileiro independente;3;3;2;10365564.98;18004826.18;1114910.16;1022946.96;2137857.12;47.8;0.2062;0.1187;0.0;0.0;0;0;0;0;0;0;0;3.119;4.0;0.0;Fomento Baixo Retorno
00360459000104;TRES TEMPOS FILMES LTDA;RJ;Brasileiro independente;5;0;5;0.0;3037100.76;107729.72;1475248.52;1582978.24;93.2;;0.5212;0.5;2.5;0;0;1;0;0;12;0;4.028;4.0;0.0;Pequeno Porte
00445787000103;CINE CINEMATOGRÁFICA LTDA;SP;Brasileiro independente;1;0;1;0.0;613251.07;233093.0;189665.28;422758.28;44.9;;0.6894;0.0;0.0;0;0;0;0;0;0;0;3.775;0.0;0.0;Pequeno Porte
00487854000144;SIRINO E SILVESTRE LTDA-ME;PR;Brasileiro independente;1;0;1;0.0;830088.37;310644.88;221276.16;531921.04;41.6;;0.6408;0.0;0.0;0;0;0;0;0;0;0;;;0.0;Pequeno Porte
00508766000181;SAMBAQUI CULTURAL CINE VÍDEO LTDA;PR;Brasileiro independente;4;0;3;0.0;1485209.47;84012.88;583610.16;667623.04;87.4;;0.4495;0.0;0.0;0;0;0;0;0;0;0;3.67;;0.0;Pequeno Porte
00538914000100;FRAIHA PRODUÇÕES DE EVENTOS E EDITORA LTDA;RJ;Brasileiro independente;4;2;4;8802549.0;19188031.1;18540366.32;385876.2;18926242.52;2.0;2.1501;0.9864;0.0;0.0;0;0;0;0;0;0;0;3.75;0.0;0.0;Retorno Doméstico
00563081000138;ADALBERTO PENNA PRODUCOES CINEMATOGRAFICAS LTDA;SC;Brasileiro independente;1;0;1;0.0;117937.79;0.0;104951.28;104951.28;100.0;;0.8899;0.0;0.0;0;0;0;0;0;0;0;;2.0;0.0;Pequeno Porte
00605488000180;;;;1;0;1;0.0;1554710.88;0.0;0.0;0.0;0.0;;0.0;0.0;0.0;0;0;0;0;0;0;0;;;0.0;Pequeno Porte
00614991000100;ARTES BRASIL PRODUÇÕES ARTÍSTICAS LTDA;MT;Brasileiro independente;1;1;0;556877.6;556877.6;0.0;69613.92;69613.92;100.0;0.125;0.125;0.0;0.0;0;0;0;0;0;0;0;;;0.0;Pequeno Porte
00639143000148;FAGANELLO - COMUNICACOES EIRELI - ME;SC;Brasileiro independente;2;1;1;781583.75;2267295.11;31986.92;278885.94;310872.86;89.7;0.3977;0.1371;0.0;0.0;0;0;0;0;0;0;0;4.3;0.0;0.0;Pequeno Porte
00659237000189;;;;1;0;0;0.0;0.0;0.0;0.0;0.0;0.0;;;0.0;0.0;0;0;0;0;0;0;0;4.6;4.0;0.0;Pequeno Porte
00669963000182;NACH VÍDEO PRODUÇÕES LTDA;RJ;Brasileiro independente;2;0;2;0.0;4874416.27;0.0;324966.52;324966.52;100.0;;0.0667;0.0;0.0;0;0;0;0;0;0;0;;;0.0;Pequeno Porte
00815123000180;TRADE PRODUÇÃO E COMUNICAÇÃO LTDA;MG;Brasileiro independente;1;0;1;0.0;660661.65;1013.88;373707.6;374721.48;99.7;;0.5672;0.0;0.0;0;0;0;0;0;0;0;3.3;;0.0;Pequeno Porte
00817115000173;BSB CINEMA PRODUCOES LTDA;DF;Brasileiro independente;2;2;2;7560147.0;18576380.37;49998.2;260711.02;310709.22;83.9;0.0411;0.0167;0.0;0.0;0;0;0;0;0;0;0;3.63;2.0;0.0;Fomento Baixo Retorno
00830735000142;ORIGEM COMUNICAÇÃO LTDA.;BA;Brasileiro independente;9;4;0;19876606.76;19876606.76;7455.0;1444867.34;1452322.34;99.5;0.0731;0.0731;0.44;4.0;0;0;1;0;0;20;0;3.838;0.0;0.0;Fomento Baixo Retorno
00845658000102;;;;4;4;2;3353100.42;3547796.41;237605.76;403088.7;640694.46;62.9;0.1911;0.1806;0.0;0.0;0;0;0;0;0;0;0;4.051;1.0;0.0;Pequeno Porte
00962888000143;LUBA FILMES LTDA.;RJ;Brasileiro independente;1;0;1;0.0;433320.3;32623.08;404432.28;437055.36;92.5;;1.0086;0.0;0.0;0;0;0;0;0;0;0;;0.0;0.0;Pequeno Porte
00975333000136;LUZ PRODUÇÕES CINEMATOGRÁFICAS LTDA.;CE;Brasileiro independente;2;1;2;2201691.7;3751848.79;8776463.36;160160.4;8936623.76;1.8;4.059;2.3819;0.0;0.0;0;0;0;0;0;0;0;3.9;0.0;0.0;Retorno Doméstico
00993636000181;M MARGARITA HERNANDEZ PASCUAL;CE;Brasileiro independente;1;1;0;524147.9;524147.9;10357.48;0.0;10357.48;0.0;0.0198;0.0198;0.0;0.0;0;0;0;0;0;0;0;;;0.0;Pequeno Porte
01009824000195;ARAPY PRODUÇÕES LTDA.;SC;Brasileiro independente;5;1;4;693312.48;8766012.91;0.0;595888.0;595888.0;100.0;0.8595;0.068;0.0;0.0;0;0;0;0;0;0;0;;1.0;0.0;Fomento Baixo Retorno
01025252000138;CABEÇA DE CUIA PRODUTORA DE FILMES E VÍDEOS LTDA;CE;Brasileiro independente;1;1;0;1415512.98;1415512.98;2604.28;0.0;2604.28;0.0;0.0018;0.0018;0.0;0.0;0;0;0;0;0;0;0;;;0.0;Pequeno Porte
01106959000179;;;;1;1;0;2349474.95;2349474.95;98028.28;0.0;98028.28;0.0;0.0417;0.0417;0.0;0.0;0;0;0;0;0;0;0;;;0.0;Pequeno Porte
01111024000180;ALBATROZ CINEMATOGRÁFICA LTDA;SP;Brasileiro independente;1;1;1;3903919.28;4739235.68;1073.52;0.0;1073.52;0.0;0.0003;0.0002;0.0;0.0;0;0;0;0;0;0;0;;1.0;0.0;Pequeno Porte
01125538000195;DM FILMES E PRODUÇÕES ARTÍSTICAS LTDA;RJ;Brasileiro independente;3;2;1;7000463.36;8921516.69;187547.92;683596.2;871144.12;78.5;0.1244;0.0976;7.77;10.2;0;0;3;0;1;37;0;3.635;1.0;0.0;Fomento Baixo Retorno
01137954000103;LB BOUBLI PRODUCOES LTDA;DF;Brasileiro independente;1;0;1;0.0;197658.24;0.0;0.0;0.0;0.0;;0.0;0.0;0.0;0;0;0;0;0;0;0;3.9;0.0;0.0;Pequeno Porte
01161933000123;PG - PRODUÇÕES DE CINEMA VÍDEO E TV LTDA;SP;Brasileiro independente;8;2;7;9300441.6;32496541.4;608049.68;1862123.26;2470172.94;75.4;0.2656;0.076;0.0;0.0;0;0;0;0;0;0;0;3.482;0.0;0.0;Fomento Baixo Retorno
01230968000177;BANG BANG FILMES PRODUÇÕES EIRELI;RJ;Brasileiro independente;2;0;1;0.0;2769467.03;27553.68;236226.12;263779.8;89.6;;0.0952;0.0;0.0;0;0;0;0;0;0;0;4.2;;0.0;Pequeno Porte
01231528000134;;;;1;1;0;3132436.5;3132436.5;21231.84;0.0;21231.84;0.0;0.0068;0.0068;0.0;0.0;0;0;0;0;0;0;0;3.84;;0.0;Pequeno Porte
01246684000179;CLIP PRODUTORA DE CINEMA E VÍDEO LTDA;RS;Brasileiro independente;1;0;1;0.0;3053356.9;0.0;83531.64;83531.64;100.0;;0.0274;0.0;0.0;0;0;0;0;0;0;0;;0.0;0.0;Pequeno Porte
01282220000118;REALIZART PRODUÇÃO AUDIOVISUAL LTDA;SC;Brasileiro independente;5;4;0;1622298.94;1622298.94;129180.24;559341.28;688521.52;81.2;0.4244;0.4244;0.0;0.0;0;0;0;0;0;0;0;3.853;;0.0;Pequeno Porte
01287908000190;AVENTURAS PRODUÇÕES E EDIÇÕES EDUCATIVAS LTDA;SP;Brasileiro independente;2;0;2;0.0;14141549.9;0.0;86664.06;86664.06;100.0;;0.0061;5.0;10.0;0;0;0;0;1;0;0;3.9;;0.0;Fomento Baixo Retorno
01369211000169;REPÚBLICA PUREZA FILMES LTDA.;RJ;Brasileiro independente;10;7;4;6907683.11;13482791.31;660473.24;3394838.46;4055311.7;83.7;0.5871;0.3008;1.08;5.4;0;0;4;0;0;27;0;3.495;7.0;0.0;Fomento Baixo Retorno
01374871000138;LUNI PRODUÇÕES LTDA;PE;Brasileiro independente;1;0;1;0.0;1160232.0;0.0;0.0;0.0;0.0;;0.0;0.0;0.0;0;0;0;0;0;0;0;;0.0;0.0;Pequeno Porte
01378559000112;GULLANE ENTRETENIMENTO S.A.;SP;Brasileiro independente;23;7;20;17679936.73;131119285.24;10656196.88;2634653.14;13290850.02;19.8;0.7517;0.1014;0.67;6.7;0;0;5;0;1;33;0;3.692;20.0;0.0;Retorno Doméstico
01378559000201;;;;1;0;1;0.0;7823692.8;67190583.04;324011.52;67514594.56;0.5;;8.6295;0.0;0.0;0;0;0;0;0;0;0;3.6;;0.0;Retorno Doméstico
01379004000195;RAMOS E RAMOS PUBLICIDADES S/S;SP;Brasileiro independente;1;0;1;0.0;550650.73;0.0;209902.56;209902.56;100.0;;0.3812;0.0;0.0;0;0;0;0;0;0;0;4.062;0.0;0.0;Pequeno Porte
01456361000100;MP2 PRODUÇÕES LTDA;RJ;Brasileiro independente;2;0;0;0.0;0.0;7375.48;356422.0;363797.48;98.0;;;0.0;0.0;0;0;0;0;0;0;0;3.2;0.0;0.0;Pequeno Porte
01464291000131;KINOFILMES PRODUÇÕES ARTÍSTICAS E CINEMATOGRÁFICAS LTDA;RJ;Brasileiro independente;2;2;2;2342864.2;3023674.64;56280.28;289982.76;346263.04;83.7;0.1478;0.1145;0.0;0.0;0;0;0;0;0;0;0;3.852;;0.0;Pequeno Porte
01473536000197;ANANA PRODUCOES AUDIOVISUAIS E EVENTOS LTDA;RJ;Brasileiro independente;5;3;5;11778369.99;41609730.38;42195697.6;959595.83;43155293.43;2.2;3.6639;1.0371;0.0;0.0;0;0;0;0;0;0;0;3.924;5.0;0.0;Retorno Doméstico
01478079000123;BLACK MARIA FILME VIDEO DIGITAL EIRELI;SP;Brasileiro independente;2;0;2;0.0;8580423.03;11364481.52;486444.0;11850925.52;4.1;;1.3812;0.0;0.0;0;0;0;0;0;0;0;4.0;2.0;0.0;Retorno Doméstico
01486085000122;GRIFA PRODUÇÕES CINEMATOGRÁFICAS, AUDIOVISUAIS E ARTÍSTICAS LTDA.;SP;Brasileiro independente;1;0;0;0.0;0.0;0.0;87738.48;87738.48;100.0;;;0.0;0.0;0;0;0;0;0;0;0;;;0.0;Pequeno Porte
01541247000188;CUBO FILMES PRODUÇÕES E EVENTOS LTDA - ME;RS;Brasileiro independente;2;1;0;537875.67;537875.67;17832.36;0.0;17832.36;0.0;0.0332;0.0332;0.0;0.0;0;0;0;0;0;0;0;4.261;0.0;0.0;Pequeno Porte
01605800000107;OLHAR IMAGINÁRIO LTDA;SP;Brasileiro independente;3;1;2;185695.77;1938422.39;949786.88;1005256.86;1955043.74;51.4;10.5282;1.0086;1.03;2.0;0;0;2;0;0;10;0;3.768;1.0;0.0;Pequeno Porte
01613170000104;CANAL AZUL PRODUÇÕES CULTURAIS LTDA;SP;Brasileiro independente;12;1;11;1334670.0;14422485.04;302076.6;985379.74;1287456.34;76.5;0.9646;0.0893;0.0;0.0;0;0;0;0;0;0;0;3.908;5.0;0.0;Fomento Baixo Retorno
01687588000166;;;;1;0;0;0.0;0.0;0.0;0.0;0.0;0.0;;;0.0;0.0;0;0;0;0;0;0;0;4.09;;0.0;Pequeno Porte
01713311000160;;;;2;1;1;3755590.2;6844831.13;778023.68;209902.56;987926.24;21.2;0.2631;0.1443;12.06;24.12;0;1;1;1;1;21;1383;3.827;;0.0;Retorno Internacional
01803185000135;ZAZEN PRODUÇÕES AUDIOVISUAIS LTDA.;RJ;Brasileiro independente;2;2;2;4325283.1;10061160.85;48169.24;276074.46;324243.7;85.1;0.075;0.0322;0.0;0.0;0;0;0;0;0;0;0;3.72;;0.0;Fomento Baixo Retorno
01833200000198;MARIANA CALTABIANO CRIAÇÕES LTDA;SP;Brasileiro independente;2;0;1;0.0;938367.09;0.0;271524.28;271524.28;100.0;;0.2894;0.0;0.0;0;0;0;0;0;0;0;3.656;;0.0;Pequeno Porte
01835704000147;AION CINEMATOGRAFICA LTDA;RJ;Brasileiro independente;1;0;1;0.0;1455725.28;0.0;76617.12;76617.12;100.0;;0.0526;0.0;0.0;0;0;0;0;0;0;0;;2.0;0.0;Pequeno Porte
01894553000106;FJ PRODUCOES LTDA;SP;Brasileiro independente;6;0;6;0.0;15857212.03;0.0;448459.62;448459.62;100.0;;0.0283;0.0;0.0;0;0;0;0;0;0;0;3.918;0.0;0.0;Fomento Baixo Retorno
01900387000103;ESPACO VIDEO LTDA;RO;Brasileiro independente;1;0;0;0.0;0.0;0.0;0.0;0.0;0.0;;;0.0;0.0;0;0;0;0;0;0;0;3.938;0.0;0.0;Pequeno Porte
01908170000131;COOPERATIVA DE TRABALHO DE PRODUCAO AUDIOVISUAL DE SAUDE, SANEAMENTO E MEIO-AMBIENTE LTDA - COOPAS;RJ;Brasileiro independente;1;0;1;0.0;1975435.66;0.0;173328.12;173328.12;100.0;;0.0877;0.0;0.0;0;0;0;0;0;0;0;4.3;;0.0;Pequeno Porte
01946155000188;CINÉTICA FILMES E PRODUÇÕES LTDA.;RJ;Brasileiro independente;6;1;5;1333468.44;23706039.72;36370499.76;454536.46;36825036.22;1.2;27.616;1.5534;0.0;0.0;0;0;0;0;0;0;0;3.782;0.0;0.0;Retorno Doméstico
01970799000101;MINERVA FILMES LTDA;PB;Brasileiro independente;1;1;0;216660.15;216660.15;0.0;0.0;0.0;0.0;0.0;0.0;0.0;0.0;0;0;0;0;0;0;0;3.933;;0.0;Pequeno Porte
02008424000128;ATC ENTRETENIMENTOS LTDA.;CE;Brasileiro independente;2;2;2;7551618.88;12448558.35;12468199.24;394389.88;12862589.12;3.1;1.7033;1.0333;0.0;0.0;0;0;0;0;0;0;0;4.0;;0.0;Retorno Doméstico
02020661000104;CONSPIRAÇÃO FILMES S/A;RJ;Brasileiro independente;3;1;3;5221836.3;24034209.94;1662047.52;1128226.26;2790273.78;40.4;0.5343;0.1161;0.0;0.0;0;0;0;0;0;0;0;3.1;;0.0;Fomento Baixo Retorno
02028727000102;;;;1;0;1;0.0;158054.4;0.0;189665.28;189665.28;100.0;;1.2;0.0;0.0;0;0;0;0;0;0;0;;;0.0;Pequeno Porte
02113430000145;FAHM CULTURA E ARTE LTDA;SP;Brasileiro independente;1;0;1;0.0;2366729.8;0.0;83531.64;83531.64;100.0;;0.0353;0.0;0.0;0;0;0;0;0;0;0;;;0.0;Pequeno Porte
02127762000189;JAGUAR PRODUÇÕES ARTÍSTICAS LTDA;RJ;Brasileiro independente;1;0;1;0.0;656076.69;4393.48;416363.08;420756.56;99.0;;0.6413;0.0;0.0;0;0;0;0;0;0;0;3.738;1.0;0.0;Pequeno Porte
02140120000110;BANANEIRA FILMES LTDA.;RJ;Brasileiro independente;10;8;8;22576123.46;37333691.3;6676280.52;2333438.47;9009718.99;25.9;0.3991;0.2413;8.59;26.11;0;3;6;2;2;71;7759;3.181;15.0;0.0;Duplo Retorno
02140164000140;GLAZ ENTRETENIMENTO S.A.;RJ;Brasileiro independente;6;3;6;15751176.77;32377029.23;111271004.04;1800818.46;113071822.5;1.6;7.1786;3.4923;0.25;1.1;0;0;2;0;0;5;0;3.424;;0.0;Retorno Doméstico
02175084000120;R-TV PRODUÇÕES LTDA;PE;Brasileiro independente;2;0;2;0.0;1685800.62;0.0;646427.88;646427.88;100.0;;0.3835;0.0;0.0;0;0;0;0;0;0;0;4.3;;0.0;Pequeno Porte
02188743000162;SP SERVIÇOS CINEVIDEO LTDA;SP;Brasileiro independente;1;0;1;0.0;667335.0;0.0;80080.2;80080.2;100.0;;0.12;0.0;0.0;0;0;0;0;0;0;0;3.51;;0.0;Pequeno Porte
02229175000109;BPP PRODUÇÕES AUDIOVISUAIS LTDA-ME;BA;Brasileiro independente;5;0;2;0.0;1300022.48;0.0;398732.88;398732.88;100.0;;0.3067;0.0;0.0;0;0;0;0;0;0;0;4.012;1.0;0.0;Pequeno Porte
02231569000193;UM FILMES LTDA;SP;Brasileiro independente;3;2;3;5220727.5;8135409.49;36479.8;104951.28;141431.08;74.2;0.0271;0.0174;0.0;0.0;0;0;0;0;0;0;0;4.134;0.0;0.0;Fomento Baixo Retorno
02238621000133;BURITI FILMES LTDA;SP;Brasileiro independente;5;3;2;6986458.15;15507782.4;4650627.8;593952.47;5244580.27;11.3;0.7507;0.3382;13.32;20.48;0;3;4;3;1;37;102957;3.713;0.0;0.0;Duplo Retorno
02282322000104;KINOSSAURUS FILMES LTDA.;RJ;Brasileiro independente;2;2;1;5111213.25;10015800.54;95264.96;706324.8;801589.76;88.1;0.1568;0.08;0.0;0.0;0;0;0;0;0;0;0;;;0.0;Fomento Baixo Retorno
02298682000196;KINOTV LTDA.;RJ;Brasileiro independente;3;2;3;5754308.96;12504518.45;62741.28;299971.98;362713.26;82.7;0.063;0.029;0.0;0.0;0;0;0;0;0;0;0;4.032;2.0;0.0;Fomento Baixo Retorno
02342813000195;TB PRODUÇÕES LTDA;RJ;Brasileiro independente;2;1;1;1334670.0;2068480.0;26997.04;173084.66;200081.7;86.5;0.1499;0.0967;0.0;0.0;0;0;0;0;0;0;0;;7.0;0.0;Pequeno Porte
02367665000163;TV IMAGINÁRIA PRODUÇÕES LTDA;RJ;Brasileiro independente;2;0;2;0.0;1020889.02;6858.6;242763.0;249621.6;97.3;;0.2445;0.0;0.0;0;0;0;0;0;0;0;3.9;;0.0;Pequeno Porte
02395043000149;KINOSCÓPIO CINEMATOGRÁFICA E COMÉRCIO LTDA - EPP;SP;Brasileiro independente;3;2;3;3421295.91;8808496.71;89479.88;662587.8;752067.68;88.1;0.2198;0.0854;0.0;0.0;0;0;0;0;0;0;0;3.476;;0.0;Fomento Baixo Retorno
02402531000136;TV NORTE INDEPENDENTE SERVICOS DE PRODUCAO DE VIDEOS LTDA;PA;Brasileiro independente;2;1;1;495670.34;2780604.46;0.0;272195.12;272195.12;100.0;0.5491;0.0979;0.0;0.0;0;0;0;0;0;0;0;4.03;0.0;0.0;Pequeno Porte
02483996000169;MESTER FOTOGRAFIA E COMUNICACAO LTDA;SP;Brasileiro independente;1;0;1;0.0;497942.5;0.0;62898.0;62898.0;100.0;;0.1263;0.0;0.0;0;0;0;0;0;0;0;3.732;0.0;0.0;Pequeno Porte
02501714000109;PERSONA FILMES LTDA;MG;Brasileiro independente;2;2;0;3816055.1;3816055.1;46698.12;0.0;46698.12;0.0;0.0122;0.0122;0.0;0.0;0;0;0;0;0;0;0;4.1;0.0;0.0;Pequeno Porte
02525725000129;O2 CINEMA LTDA;SP;Brasileiro independente;22;4;21;16010470.43;90815655.39;18052868.96;2515347.18;20568216.14;12.2;1.2847;0.2265;1.39;16.8;0;1;5;2;0;27;5117;3.476;30.0;0.0;Duplo Retorno
02585713000190;TECNOKENA AUDIOVISUAL E MULTIMIDIA EIRELI;PR;Brasileiro independente;2;2;1;2611622.0;3470580.62;20834.24;0.0;20834.24;0.0;0.008;0.006;0.0;0.0;0;0;0;0;0;0;0;;;0.0;Pequeno Porte
02593994000122;;;;1;1;0;241421.52;241421.52;1113.28;0.0;1113.28;0.0;0.0046;0.0046;0.0;0.0;0;0;0;0;0;0;0;4.37;1.0;0.0;Pequeno Porte
02597024000103;AUTORIA C PRODUCAO E GESTAO DE CONTEUDO CRIATIVO LTDA - ME;RJ;Brasileiro independente;1;0;1;0.0;447102.57;10894.24;146762.0;157656.24;93.1;;0.3526;0.0;0.0;0;0;0;0;0;0;0;4.123;4.0;0.0;Pequeno Porte
02605295000155;LEREBY PRODUÇÕES LTDA;RJ;Brasileiro independente;5;2;5;10012677.2;31288571.6;53640931.68;1542675.85;55183607.53;2.8;5.5114;1.7637;7.79;13.92;0;1;3;3;0;10;21854;3.5;0.0;0.0;Duplo Retorno
02625405000140;;;;1;0;1;0.0;7137652.8;29680.84;0.0;29680.84;0.0;;0.0042;0.0;0.0;0;0;0;0;0;0;0;;;0.0;Fomento Baixo Retorno
02630678000183;FOGO AZUL FILMES LTDA;RJ;Brasileiro independente;1;0;1;0.0;3536875.5;0.0;80080.2;80080.2;100.0;;0.0226;0.0;0.0;0;0;0;0;0;0;0;;;0.0;Pequeno Porte
02669022000174;REC PRODUTORES ASSOCIADOS LTDA;PE;Brasileiro independente;8;5;5;9807167.34;31782497.18;718324.04;823199.37;1541523.41;53.4;0.1572;0.0485;4.03;15.95;0;2;3;2;1;26;3553;3.325;;0.0;Retorno Internacional
02683477000144;LD LABORATÓRIO DE DESENHOS LTDA;RJ;Brasileiro independente;3;1;3;4653277.5;11032526.58;344580.04;743586.34;1088166.38;68.3;0.2338;0.0986;0.0;0.0;0;0;0;0;0;0;0;3.7;0.0;0.0;Fomento Baixo Retorno
02736672000195;BRONZE FILMES PRODUTORA LTDA;SP;Brasileiro independente;2;1;1;3762996.61;8543244.61;1278661.72;146762.0;1425423.72;10.3;0.3788;0.1668;0.0;0.0;0;0;0;0;0;0;0;3.2;;0.0;Fomento Baixo Retorno
02758386000120;;;;1;0;1;0.0;1048604.18;0.0;209902.56;209902.56;100.0;;0.2002;0.0;0.0;0;0;0;0;0;0;0;;;0.0;Pequeno Porte
02787555000150;MOVIMENTO FILMES LTDA.;RJ;Brasileiro independente;1;0;1;0.0;255390.4;0.0;357546.56;357546.56;100.0;;1.4;0.0;0.0;0;0;0;0;0;0;0;;;0.0;Pequeno Porte
02825596000194;OFICINA DE CRIACAO DE FILMES LTDA;MG;Brasileiro independente;2;1;0;669154.95;669154.95;10993.64;83531.64;94525.28;88.4;0.1413;0.1413;0.0;0.0;0;0;0;0;0;0;0;3.983;;0.0;Pequeno Porte
02863008000107;TOTAL ENTERTAINMENT LTDA;RJ;Brasileiro independente;8;1;7;400401.0;30741646.09;39486431.32;1154113.91;40640545.23;2.8;101.4996;1.322;1.29;10.29;0;0;0;1;0;0;1957;3.426;7.0;0.0;Retorno Doméstico
02882274000187;CARMELA CONTÉUDOS PRODUÇÕES LTDA;SP;Brasileiro independente;1;0;1;0.0;703654.39;0.0;0.0;0.0;0.0;;0.0;0.0;0.0;0;0;0;0;0;0;0;;;0.0;Pequeno Porte
02899751000117;CENA 1 PRODUÇÕES LTDA;DF;Brasileiro independente;1;0;1;0.0;466215.18;0.0;76617.12;76617.12;100.0;;0.1643;0.0;0.0;0;0;0;0;0;0;0;;;0.0;Pequeno Porte
02902219000101;DRAMA FILMES LTDA.;SP;Brasileiro independente;3;1;2;1478486.25;5729174.05;295874.04;531427.72;827301.76;64.2;0.5596;0.1444;5.01;15.02;0;1;1;1;0;30;711;4.0;0.0;0.0;Retorno Internacional
02908530000168;AROMA FILMES LTDA ME.;PE;Brasileiro independente;2;2;2;3416711.97;3717532.21;87650.92;271830.06;359480.98;75.6;0.1052;0.0967;3.3;3.6;0;0;2;0;0;18;0;;;0.0;Pequeno Porte
02919018000117;24 VPS - FILMES LTDA;SP;Brasileiro independente;2;0;1;0.0;232046.4;20536.04;135417.78;155953.82;86.8;;0.6721;0.0;0.0;0;0;0;0;0;0;0;3.4;12.0;0.0;Pequeno Porte
02947857000149;RADAR CINEMA E TELEVISÃO LTDA;SP;Brasileiro independente;22;0;21;0.0;85638059.63;2383771.04;2565765.76;4949536.8;51.8;;0.0578;0.0;0.0;0;0;0;0;0;0;0;3.995;7.0;0.0;Fomento Baixo Retorno
02972707000195;ESPIRAL CRIACAO E PRODUCAO CULTURAL LTDA;RJ;Brasileiro independente;1;0;0;0.0;0.0;0.0;80080.2;80080.2;100.0;;;0.0;0.0;0;0;0;0;0;0;0;;;0.0;Pequeno Porte
03021799000190;DGT FILMES LTDA;SP;Brasileiro independente;1;1;0;127695.2;127695.2;0.0;0.0;0.0;0.0;0.0;0.0;0.0;0.0;0;0;0;0;0;0;0;3.49;0.0;0.0;Pequeno Porte
03039811000194;CASA JABUTICABA DE CINEMA E TEATRO LTDA;SP;Brasileiro independente;1;0;1;0.0;778898.36;0.0;0.0;0.0;0.0;;0.0;0.0;0.0;0;0;0;0;0;0;0;3.864;;0.0;Pequeno Porte
03048443000140;MALAGUETA CINEMA E VIDEO LTDA;BA;Brasileiro independente;1;1;0;325104.42;325104.42;0.0;288880.2;288880.2;100.0;0.8886;0.8886;0.0;0.0;0;0;0;0;0;0;0;3.468;;0.0;Pequeno Porte
03093490000106;MERCADO CULTURAL LTDA EPP;DF;Brasileiro independente;2;1;1;6112965.63;9542746.11;245299.32;726726.48;972025.8;74.8;0.159;0.1019;3.95;5.5;0;0;2;0;0;27;0;3.601;0.0;0.0;Fomento Baixo Retorno
03104388000169;;;;1;1;0;520587.98;520587.98;0.0;0.0;0.0;0.0;0.0;0.0;0.0;0.0;0;0;0;0;0;0;0;;;0.0;Pequeno Porte
03112121000202;CINE LATINA ESTUDIO LTDA;SP;Brasileiro independente;1;0;0;0.0;0.0;76657.28;89220.66;165877.94;53.8;;;10.0;10.0;0;0;0;0;1;0;0;;;0.0;Pequeno Porte
03117764000150;OKA COMUNICAÇÕES LTDA;SP;Brasileiro independente;1;1;1;1928293.71;2554781.01;24571.68;83531.64;108103.32;77.3;0.0561;0.0423;1.1;1.1;0;0;1;0;0;5;0;;3.0;0.0;Pequeno Porte
03138801000106;STÚDIO 10 ASSESSORIA E COMUNICAÇÃO LTDA ME;DF;Brasileiro independente;1;0;1;0.0;580581.45;56856.8;80080.2;136937.0;58.5;;0.2359;0.0;0.0;0;0;0;0;0;0;0;;2.0;0.0;Pequeno Porte
03191048000112;MATINE FILMES LTDA;RJ;Brasileiro independente;1;0;1;0.0;632217.6;10914.12;537384.96;548299.08;98.0;;0.8673;0.0;0.0;0;0;0;0;0;0;0;4.05;;0.0;Pequeno Porte
03218295000165;FABRIKA FILMES LTDA;DF;Brasileiro independente;5;0;5;0.0;4356467.29;0.0;591292.88;591292.88;100.0;;0.1357;0.0;0.0;0;0;0;0;0;0;0;;0.0;0.0;Pequeno Porte
03228054000105;RENATO CESAR DE ARRUDA CASTANHO;SP;Brasileiro independente;1;0;1;0.0;780180.54;0.0;307084.68;307084.68;100.0;;0.3936;0.0;0.0;0;0;0;0;0;0;0;4.343;;0.0;Pequeno Porte
03247208000106;AA - AFROREGGAE AUDIOVISUAL S.A.;RJ;Brasileiro independente;4;0;2;0.0;9628309.38;151763.92;530404.92;682168.84;77.8;;0.0709;0.0;0.0;0;0;0;0;0;0;0;2.9;0.0;0.0;Fomento Baixo Retorno
03257178000100;;;;1;0;1;0.0;538787.63;0.0;94832.64;94832.64;100.0;;0.176;0.0;0.0;0;0;0;0;0;0;0;;;0.0;Pequeno Porte
03274384000129;BELLI STUDIO DESIGN LTDA.;SC;Brasileiro independente;5;1;4;1213104.4;4394308.0;0.0;1777070.34;1777070.34;100.0;1.4649;0.4044;0.0;0.0;0;0;0;0;0;0;0;3.918;0.0;0.0;Pequeno Porte
03279751000187;BIZUM COMUNICAÇÃO LTDA;RJ;Brasileiro independente;4;0;4;0.0;7400427.21;3061.52;1341501.36;1344562.88;99.8;;0.1817;0.0;0.0;0;0;0;0;0;0;0;4.282;2.0;0.0;Fomento Baixo Retorno
03292963000102;;;;1;0;1;0.0;361100.25;27295.24;86664.06;113959.3;76.0;;0.3156;0.0;0.0;0;0;0;0;0;0;0;;;0.0;Pequeno Porte
03327485000110;GUAPURUVU FILMES LTDA;RJ;Brasileiro independente;1;0;1;0.0;563316.39;0.0;93886.07;93886.07;100.0;;0.1667;0.0;0.0;0;0;0;0;0;0;0;4.3;;0.0;Pequeno Porte
03347886000132;JG PRODUÇÕES ARTÍSTICAS LTDA.;RJ;Brasileiro independente;1;0;1;0.0;14793.39;0.0;94832.64;94832.64;100.0;;6.4105;0.0;0.0;0;0;0;0;0;0;0;4.095;;0.0;Pequeno Porte
03351961000139;GOMA FILMES LTDA;SP;Brasileiro independente;1;0;0;0.0;0.0;0.0;83864.0;83864.0;100.0;;;0.0;0.0;0;0;0;0;0;0;0;;0.0;0.0;Pequeno Porte
03360320000140;TV ZERO CINEMA LTDA;RJ;Brasileiro independente;21;5;14;11275521.45;46589926.61;8611022.0;4828262.29;13439284.29;35.9;1.1919;0.2885;1.74;30.37;0;1;4;1;1;44;95487;4.007;10.0;0.0;Duplo Retorno
03385173000163;;;;1;1;1;577760.4;777960.9;0.0;373707.6;373707.6;100.0;0.6468;0.4804;0.0;0.0;0;0;0;0;0;0;0;3.788;;0.0;Pequeno Porte
03435290000194;FILMES MAIS LTDA;SP;Brasileiro independente;8;0;5;0.0;19429200.06;1205503.32;1137868.73;2343372.05;48.6;;0.1206;2.26;14.98;0;1;3;1;0;28;999;4.059;1.0;0.0;Retorno Internacional
03450528000150;PÁGINA 21 COMUNICAÇÃO LTDA;PE;Brasileiro independente;1;1;0;104846.18;104846.18;0.0;0.0;0.0;0.0;0.0;0.0;0.0;0.0;0;0;0;0;0;0;0;;;0.0;Pequeno Porte
03493590000120;POLO MS CINEMA E VÍDEO LTDA;MS;Brasileiro independente;1;1;0;2744361.9;2744361.9;5804.96;69613.92;75418.88;92.3;0.0275;0.0275;7.1;7.1;0;0;1;0;0;35;0;3.4;;0.0;Pequeno Porte
03553092000125;FREDERICO DA CRUZ MACHADO - ME;MA;Brasileiro independente;1;0;1;0.0;4461033.0;0.0;0.0;0.0;0.0;;0.0;0.0;0.0;0;0;0;0;0;0;0;3.6;;0.0;Pequeno Porte
03576269000109;;;;1;1;1;743505.5;6312281.5;417.48;0.0;417.48;0.0;0.0006;0.0001;0.0;0.0;0;0;0;0;0;0;0;3.6;1.0;0.0;Fomento Baixo Retorno
03626688000108;MELODRAMA PRODUÇÕES LTDA.;RJ;Brasileiro independente;3;2;3;10151684.85;17434955.91;2336993.4;702074.8;3039068.2;23.1;0.2994;0.1743;0.0;0.0;0;0;0;0;0;0;0;4.043;;0.0;Fomento Baixo Retorno
03675713000143;CITIZENCRANE - PRODUCOES CINEMATOGRAFICAS LTDA;SP;Brasileiro independente;2;1;2;2565044.13;12605918.4;430163.44;102735.36;532898.8;19.3;0.2078;0.0423;0.0;0.0;0;0;0;0;0;0;0;3.5;;0.0;Fomento Baixo Retorno
03699216000185;;;;1;0;1;0.0;584801.28;0.0;94832.64;94832.64;100.0;;0.1622;0.0;0.0;0;0;0;0;0;0;0;;;0.0;Pequeno Porte
03729417000188;;;;1;0;1;0.0;882651.0;0.0;111375.52;111375.52;100.0;;0.1262;0.0;0.0;0;0;0;0;0;0;0;4.355;;0.0;Pequeno Porte
03746956000125;COALA PRODUÇÕES AUDIOVISUAIS LTDA;SP;Brasileiro independente;1;1;1;743505.5;3063969.5;31112.2;417683.52;448795.72;93.1;0.6036;0.1465;9.9;9.9;0;0;1;0;0;49;0;3.6;6.0;0.0;Pequeno Porte
03760043000163;AFINAL FILMES LTDA;RJ;Brasileiro independente;3;2;1;3598855.1;3656866.7;55584.48;968958.0;1024542.48;94.6;0.2847;0.2802;0.0;0.0;0;0;0;0;0;0;0;4.213;0.0;0.0;Pequeno Porte
03760075000169;UH TERERÊ DIVERSÃO E ARTE LTDA.;RJ;Brasileiro independente;1;0;0;0.0;0.0;0.0;89220.66;89220.66;100.0;;;0.0;0.0;0;0;0;0;0;0;0;;0.0;0.0;Pequeno Porte
03762421000148;FOGO CERRADO - IMAGENS E SERVICOS LTDA;DF;Brasileiro independente;2;0;2;0.0;23557945.01;0.0;274987.36;274987.36;100.0;;0.0117;0.0;0.0;0;0;0;0;0;0;0;;;0.0;Fomento Baixo Retorno
03766122000181;SOLAR FILMES LTDA - ME;RJ;Brasileiro independente;1;1;1;2099025.6;3589793.81;17872.12;594723.92;612596.04;97.1;0.2918;0.1706;3.1;3.1;0;0;1;0;0;15;0;;;0.0;Pequeno Porte
03767502000130;MARTINELLI FILMS - CINEMA E COMUNICAÇÃO LTDA;SP;Brasileiro independente;1;0;0;0.0;0.0;0.0;0.0;0.0;0.0;;;0.0;0.0;0;0;0;0;0;0;0;;;0.0;Pequeno Porte
03767725000106;FABRICA ESTUDIOS LTDA;PE;Brasileiro independente;1;0;1;0.0;1845848.61;0.0;80080.2;80080.2;100.0;;0.0434;0.0;0.0;0;0;0;0;0;0;0;;0.0;0.0;Pequeno Porte
03816467000100;RG PRODUCOES LTDA;SP;Brasileiro independente;2;0;2;0.0;7355963.22;0.0;731254.16;731254.16;100.0;;0.0994;0.0;0.0;0;0;0;0;0;0;0;3.9;;0.0;Fomento Baixo Retorno
03827382000110;MORO COMUNICACAO LTDA;PR;Brasileiro independente;1;1;0;77808.79;77808.79;0.0;0.0;0.0;0.0;0.0;0.0;0.0;0.0;0;0;0;0;0;0;0;;;0.0;Pequeno Porte
03838776000173;HARE FILMES PRODUCOES LTDA - ME;RJ;Brasileiro independente;1;0;1;0.0;6764108.11;9912665.0;576898.56;10489563.56;5.5;;1.5508;0.0;0.0;0;0;0;0;0;0;0;;10.0;0.0;Retorno Doméstico
03863923000165;GATA CINE PRODUÇÕES LTDA;SP;Brasileiro independente;2;1;1;200200.5;1357759.42;31132.08;594723.92;625856.0;95.0;3.1261;0.4609;0.0;0.0;0;0;0;0;0;0;0;4.118;;0.0;Pequeno Porte
03876997000136;MONSTER MOVIE PRODUCOES E CASTING LTDA;SP;Brasileiro independente;3;0;3;0.0;11660457.08;0.0;485797.24;485797.24;100.0;;0.0417;0.0;0.0;0;0;0;0;0;0;0;3.509;0.0;0.0;Fomento Baixo Retorno
03931658000105;LARTY MARK LTDA;BA;Brasileiro independente;2;1;0;941213.33;941213.33;5467.0;535323.96;540790.96;99.0;0.5746;0.5746;0.0;0.0;0;0;0;0;0;0;0;3.923;0.0;0.0;Pequeno Porte
03984281000152;RIO DE CINEMA PRODUÇÕES CULTURAIS;RJ;Brasileiro independente;1;0;1;0.0;1392194.0;9403.24;83531.64;92934.88;89.9;;0.0668;0.0;0.0;0;0;0;0;0;0;0;;;0.0;Pequeno Porte
03987306000171;CAMISA LISTRADA LTDA;RJ;Brasileiro independente;8;3;6;12798762.75;40338955.96;15278157.72;1746954.33;17025112.05;10.3;1.3302;0.4221;0.0;0.0;0;0;0;0;0;0;0;3.488;;0.0;Retorno Doméstico
03987306000252;;;;2;0;2;0.0;16867073.02;66789384.76;682595.06;67471979.82;1.0;;4.0002;0.0;0.0;0;0;0;0;0;0;0;2.85;;0.0;Retorno Doméstico
04000017000108;KINOBRAS PRODUÇÕES ARTISTÍCAS E CINEMATOGRÁFICAS LTDA;RJ;Brasileiro independente;1;0;0;0.0;0.0;0.0;0.0;0.0;0.0;;;0.0;0.0;0;0;0;0;0;0;0;;0.0;0.0;Pequeno Porte
04031248000170;PRODUÇÃO DIGITAL REALIZAÇÕES CINEMATOGRÁFICAS LTDA.;RJ;Brasileiro independente;1;0;1;0.0;4176582.0;19204.08;111375.52;130579.6;85.3;;0.0313;0.0;0.0;0;0;0;0;0;0;0;4.24;;0.0;Pequeno Porte
04069379000147;MAREA PRODUCOES LTDA;SC;Brasileiro independente;4;0;3;0.0;5543801.51;0.0;797635.38;797635.38;100.0;;0.1439;0.0;0.0;0;0;0;0;0;0;0;3.95;5.0;0.0;Fomento Baixo Retorno
04092785000120;C.H.G. CAMARGO RIBAS;PR;Brasileiro independente;1;1;1;1861311.0;2019365.4;33696.6;197568.0;231264.6;85.4;0.1242;0.1145;0.0;0.0;0;0;0;0;0;0;0;2.2;;0.0;Pequeno Porte
04098427000125;SOUL FILMES LTDA - ME;RJ;Brasileiro independente;2;0;0;0.0;0.0;0.0;172752.3;172752.3;100.0;;;0.0;0.0;0;0;0;0;0;0;0;;0.0;0.0;Pequeno Porte
04120591000191;;;;1;1;0;48146.7;48146.7;0.0;0.0;0.0;0.0;0.0;0.0;0.0;0.0;0;0;0;0;0;0;0;3.9;;0.0;Pequeno Porte
04125602000126;IDEOGRAMA PRODUÇÕES CULTURAIS LTDA ME;BA;Brasileiro independente;2;1;1;387871.0;859606.0;10894.24;62898.0;73792.24;85.2;0.1902;0.0858;0.0;0.0;0;0;0;0;0;0;0;3.433;0.0;0.0;Pequeno Porte
04132980000137;KIRSEBOM PRODUCOES ARTISTICAS LTDA.;RJ;Brasileiro independente;1;0;0;0.0;0.0;0.0;80080.2;80080.2;100.0;;;0.0;0.0;0;0;0;0;0;0;0;3.788;;0.0;Pequeno Porte
04149422000184;ATELIE PRODUCOES LTDA;PE;Brasileiro independente;2;0;0;0.0;0.0;0.0;271535.92;271535.92;100.0;;;0.0;0.0;0;0;0;0;0;0;0;;;0.0;Pequeno Porte
04178239000107;ALUMIA PRODUCAO DE FILMES LTDA;PE;Brasileiro independente;1;1;0;560383.76;560383.76;0.0;0.0;0.0;0.0;0.0;0.0;0.0;0.0;0;0;0;0;0;0;0;;7.0;0.0;Pequeno Porte
04232913000194;;;;1;0;0;0.0;0.0;0.0;0.0;0.0;0.0;;;0.0;0.0;0;0;0;0;0;0;0;;;0.0;Pequeno Porte
04255207000168;CINCO EM PONTO LTDA ME;MG;Brasileiro independente;1;0;1;0.0;293524.0;6202.56;0.0;6202.56;0.0;;0.0211;0.0;0.0;0;0;0;0;0;0;0;;0.0;0.0;Pequeno Porte
04268711000100;PONTO PRODUTORA E SERVICOS DE COWORKING LTDA;RS;Brasileiro independente;1;0;0;0.0;0.0;0.0;0.0;0.0;0.0;;;0.0;0.0;0;0;0;0;0;0;0;;;0.0;Pequeno Porte
04302591000102;SERGIO J. DE ANDRADE;AM;Brasileiro independente;2;2;0;3483921.48;3483921.48;47374.04;273196.92;320570.96;85.2;0.092;0.092;0.0;0.0;0;0;0;0;0;0;0;3.274;1.0;0.0;Pequeno Porte
04303816000145;INFFINITO EVENTOS E PRODUÇÕES LTDA;RJ;Brasileiro independente;2;0;1;0.0;68952.16;118504.68;184053.3;302557.98;60.8;;4.3879;0.0;0.0;0;0;0;0;0;0;0;3.648;0.0;0.0;Pequeno Porte
04310171000178;BITS PRODUÇÕES LTDA;SP;Brasileiro independente;1;1;1;3793305.6;6716913.0;303686.88;194907.16;498594.04;39.1;0.1314;0.0742;26.96;26.96;0;1;1;1;0;65;27150;4.1;0.0;0.0;Retorno Internacional
04315253000105;MARCO AURELIO DEL FIOL;SP;Brasileiro independente;1;1;0;636274.42;636274.42;1312.08;83531.64;84843.72;98.5;0.1333;0.1333;0.0;0.0;0;0;0;0;0;0;0;;;0.0;Pequeno Porte
04315795000188;MACONDO FILMES S/C LTDA;SP;Brasileiro independente;1;1;0;371752.75;371752.75;10218.32;83531.64;93749.96;89.1;0.2522;0.2522;0.0;0.0;0;0;0;0;0;0;0;;;0.0;Pequeno Porte
04344932000102;INTRO LTDA;SP;Brasileiro independente;3;1;3;1794574.95;8549435.52;7431342.8;831611.76;8262954.56;10.1;4.6044;0.9665;0.0;0.0;0;0;0;0;0;0;0;4.076;;0.0;Retorno Doméstico
04350398000147;CANAL AZUL CONSULTORIA AUDIOVISUAL LTDA;SP;Brasileiro independente;11;2;9;3429171.0;19796253.95;608308.12;913371.76;1521679.88;60.0;0.4437;0.0769;0.0;0.0;0;0;0;0;0;0;0;3.844;1.0;0.0;Fomento Baixo Retorno
04389941000110;;;;1;0;0;0.0;0.0;0.0;0.0;0.0;0.0;;;0.0;0.0;0;0;0;0;0;0;0;;;0.0;Pequeno Porte
04453786000153;PINDORAMA FILMES LTDA;RJ;Brasileiro independente;7;0;7;0.0;35883886.5;7501002.32;999577.35;8500579.67;11.8;;0.2369;0.0;0.0;0;0;0;0;0;0;0;3.574;16.0;0.0;Fomento Baixo Retorno
04462804000163;CHÁ CINEMATOGRÁFICO LTDA.;PE;Brasileiro independente;1;1;1;2556589.77;2814251.79;24034.92;357546.56;381581.48;93.7;0.1493;0.1356;0.0;0.0;0;0;0;0;0;0;0;;;0.0;Pequeno Porte
04474294000144;TEATRO ILUSTRE PRODUÇÕES ARTÍSTICAS LTDA;RJ;Brasileiro independente;2;1;1;1116786.6;1641543.0;274403.64;626265.64;900669.28;69.5;0.8065;0.5487;0.0;0.0;0;0;0;0;0;0;0;4.03;0.0;0.0;Pequeno Porte
04483967000122;G. L. MAGRI BARRADAS;MT;Brasileiro independente;1;1;0;1059227.4;1059227.4;14512.4;65803.86;80316.26;81.9;0.0758;0.0758;0.0;0.0;0;0;0;0;0;0;0;2.4;1.0;0.0;Pequeno Porte
04486752000165;;;;1;0;1;0.0;1363820.89;155501.36;594723.92;750225.28;79.3;;0.5501;0.0;0.0;0;0;0;0;0;0;0;4.3;;0.0;Pequeno Porte
04490617000193;ONOMATOPEIA IDEIAS SONORAS LTDA;PE;Brasileiro independente;2;0;2;0.0;2103529.35;0.0;258895.92;258895.92;100.0;;0.1231;0.0;0.0;0;0;0;0;0;0;0;4.3;;0.0;Pequeno Porte
04524792000154;;;;2;0;2;0.0;884281.16;0.0;199783.92;199783.92;100.0;;0.2259;0.0;0.0;0;0;0;0;0;0;0;;0.0;0.0;Pequeno Porte
04547429000154;QUARTETO FILMES PRODUCOES LTDA;MG;Brasileiro independente;1;0;0;0.0;0.0;0.0;0.0;0.0;0.0;;;0.0;0.0;0;0;0;0;0;0;0;3.656;;0.0;Pequeno Porte
04551480000130;;;;1;0;1;0.0;5291293.7;53578130.76;358583.54;53936714.3;0.7;;10.1935;0.0;0.0;0;0;0;0;0;0;0;3.7;;0.0;Retorno Doméstico
04581133000150;;;;1;0;0;0.0;0.0;0.0;0.0;0.0;0.0;;;0.0;0.0;0;0;0;0;0;0;0;;0.0;0.0;Pequeno Porte
04585783000173;CAJU PRODUÇÕES LTDA;ES;Brasileiro independente;1;0;0;0.0;0.0;0.0;0.0;0.0;0.0;;;0.0;0.0;0;0;0;0;0;0;0;4.338;;0.0;Pequeno Porte
04596131000134;ANIMAKING STUDIOS LTDA - EPP;SC;Brasileiro independente;1;0;0;0.0;0.0;0.0;0.0;0.0;0.0;;;0.0;0.0;0;0;0;0;0;0;0;;0.0;0.0;Pequeno Porte
04614433000198;ILUMINURA CINEMA E MULTIMIDIA LTDA;CE;Brasileiro independente;4;4;0;4529181.97;4529181.97;77730.8;139515.12;217245.92;64.2;0.048;0.048;0.2;0.8;0;0;1;0;0;4;0;3.803;6.0;0.0;Pequeno Porte
04650621000171;MIRA FILMES LTDA - ME;SP;Brasileiro independente;4;1;3;678007.53;6841808.85;60375.56;94832.64;155208.2;61.1;0.2289;0.0227;0.8;2.4;0;0;2;0;0;12;0;4.4;;0.0;Fomento Baixo Retorno
04658136000144;FILMZ PRODUÇÃO AUDIOVISUAL LTDA;RJ;Brasileiro independente;1;0;0;0.0;0.0;0.0;62898.0;62898.0;100.0;;;0.0;0.0;0;0;0;0;0;0;0;;;0.0;Pequeno Porte
04661796000184;GIROS PROJETOS AUDIOVISUAIS LTDA;RJ;Brasileiro independente;9;1;5;338133.06;9591399.67;155620.64;1106752.78;1262373.42;87.7;3.7334;0.1316;0.0;0.0;0;0;0;0;0;0;0;3.889;16.0;0.0;Fomento Baixo Retorno
04687576000120;SOMBUMBO FILMES LTDA - ME;SP;Brasileiro independente;2;1;1;981048.07;2069885.78;83754.44;146429.64;230184.08;63.6;0.2346;0.1112;0.0;0.0;0;0;0;0;0;0;0;3.765;0.0;0.0;Pequeno Porte
04696982000159;LANTERNA MAGICA PRODUCOES LTDA;DF;Brasileiro independente;1;1;0;1469920.54;1469920.54;0.0;0.0;0.0;0.0;0.0;0.0;0.0;0.0;0;0;0;0;0;0;0;;;0.0;Pequeno Porte
04727439000171;MOSQUITO VIDEO E DESIGN LTDA;MG;Brasileiro independente;1;1;0;2508044.09;2508044.09;7514.64;80080.2;87594.84;91.4;0.0349;0.0349;0.0;0.0;0;0;0;0;0;0;0;;;0.0;Pequeno Porte
04728553000116;MUIRAQUITA FILMES E PRODUCOES ARTISTICAS LTDA;SP;Brasileiro independente;3;1;3;798442.75;2580920.91;21768.6;459428.24;481196.84;95.5;0.6027;0.1864;1.97;4.8;0;0;2;0;0;24;0;4.302;0.0;0.0;Pequeno Porte
04736316000105;SETCOM - SET DE COMUNICAÇÃO LTDA;SC;Brasileiro independente;4;0;4;0.0;1001592.67;0.0;194171.94;194171.94;100.0;;0.1939;0.0;0.0;0;0;0;0;0;0;0;4.026;;0.0;Pequeno Porte
04760800000161;MERCURIO PRODUCOES LTDA;SP;Brasileiro independente;2;1;1;1033472.65;1325873.29;97233.08;276329.34;373562.42;74.0;0.3615;0.2817;3.2;4.1;0;0;2;0;0;20;0;;;0.0;Pequeno Porte
04761874000112;CORTE SECO FILMES LTDA;CE;Brasileiro independente;4;3;1;2418117.25;3063811.16;47254.76;910725.4;957980.16;95.1;0.3962;0.3127;0.0;0.0;0;0;0;0;0;0;0;3.918;0.0;0.0;Pequeno Porte
04768987000140;LATINAMERICA ENTRETENIMENTO LTDA;SP;Brasileiro independente;2;0;1;0.0;9941371.54;9908450.44;209438.15;10117888.59;2.1;;1.0178;0.45;0.9;0;0;1;0;0;4;0;3.606;;0.0;Retorno Doméstico
04791421000139;;;;2;0;1;0.0;277742.7;0.0;516210.26;516210.26;100.0;;1.8586;0.0;0.0;0;0;0;0;0;0;0;3.95;;0.0;Pequeno Porte
04827617000136;BURLE DISTRIBUIDORA, SERVICOS E PRODUCOES EIRELI;RJ;Brasileiro independente;1;0;0;0.0;0.0;0.0;62898.0;62898.0;100.0;;;0.0;0.0;0;0;0;0;0;0;0;;;0.0;Pequeno Porte
04852671000131;34 FILMES LTDA;DF;Brasileiro independente;2;1;0;2166601.5;2166601.5;17474.52;76617.12;94091.64;81.4;0.0434;0.0434;0.0;0.0;0;0;0;0;0;0;0;3.765;0.0;0.0;Pequeno Porte
04853740000121;NUNES ANGEL PRODUÇÕES LTDA;SP;Brasileiro independente;3;0;3;0.0;5591862.04;0.0;264133.5;264133.5;100.0;;0.0472;0.0;0.0;0;0;0;0;0;0;0;4.3;0.0;0.0;Fomento Baixo Retorno
04854820000100;BAABLON STUDIOS LTDA;DF;Brasileiro independente;1;0;1;0.0;2580955.62;2080779.96;576898.56;2657678.52;21.7;;1.0297;0.0;0.0;0;0;0;0;0;0;0;2.9;;0.0;Retorno Doméstico
04858795000124;;;;1;1;1;871321.23;1411867.28;7594.16;442552.32;450146.48;98.3;0.5166;0.3188;0.0;0.0;0;0;0;0;0;0;0;;;0.0;Pequeno Porte
04864145000191;;;;1;1;1;2680287.84;5215638.47;132301.4;316108.8;448410.2;70.5;0.1673;0.086;0.0;0.0;0;0;0;0;0;0;0;2.6;;0.0;Fomento Baixo Retorno
04886670000108;G.A.MORETTI PRODUÇÕES CULTURAIS LTDA;SC;Brasileiro independente;1;0;0;0.0;0.0;0.0;734658.96;734658.96;100.0;;;0.0;0.0;0;0;0;0;0;0;0;;;0.0;Pequeno Porte
04909742000195;CAMILA GONZATTO & FREDERICO PINTO LTDA - ME;RS;Brasileiro independente;1;1;1;1731673.64;4636480.18;439884.76;253632.26;693517.02;36.6;0.4005;0.1496;0.0;0.0;0;0;0;0;0;0;0;4.003;4.0;0.0;Pequeno Porte
04937797000109;GP7 CINEMA LTDA;PR;Brasileiro independente;5;4;2;5401572.49;6503563.61;75066.88;374507.52;449574.4;83.3;0.0832;0.0691;0.0;0.0;0;0;0;0;0;0;0;3.6;0.0;0.0;Fomento Baixo Retorno
04939205000198;MATIZAR PRODUÇÕES ARTÍSTICAS LTDA;RJ;Brasileiro independente;3;3;2;5497892.27;16751592.29;227148.88;838811.68;1065960.56;78.7;0.1939;0.0636;0.0;0.0;0;0;0;0;0;0;0;3.65;;0.0;Fomento Baixo Retorno
04952911000170;BEIJA FLOR FILMES LTDA;PR;Brasileiro independente;3;3;0;1495564.84;1495564.84;21669.2;178773.28;200442.48;89.2;0.134;0.134;2.83;8.5;0;0;1;0;0;42;0;3.75;;0.0;Pequeno Porte
04957105000194;MARIA TV COMUNICAÇÃO LTDA;RJ;Brasileiro independente;2;0;2;0.0;4780282.59;0.0;152467.92;152467.92;100.0;;0.0319;0.0;0.0;0;0;0;0;0;0;0;;0.0;0.0;Pequeno Porte
04979293000151;;;;3;1;0;3462595.42;3462595.42;28945.28;89220.66;118165.94;75.5;0.0341;0.0341;0.0;0.0;0;0;0;0;0;0;0;;0.0;0.0;Pequeno Porte
04979755000130;DOMÍNIO PÚBLICO PRODUÇÕES ARTÍSTICAS LTDA;BA;Brasileiro independente;1;1;0;642758.45;642758.45;0.0;0.0;0.0;0.0;0.0;0.0;0.0;0.0;0;0;0;0;0;0;0;4.2;0.0;0.0;Pequeno Porte
04980287000114;PANDA FILMES LTDA;RS;Brasileiro independente;6;6;2;5418022.88;7944396.08;127768.76;340900.9;468669.66;72.7;0.0865;0.059;1.67;10.0;0;0;0;0;1;0;0;3.829;;0.0;Fomento Baixo Retorno
05045517000110;ALEXANDRE DA S. CARVALHO AUDIOVISUAL;SP;Brasileiro independente;1;0;1;0.0;1124203.13;198124.08;104951.28;303075.36;34.6;;0.2696;15.35;15.35;0;1;0;1;0;0;81109;3.7;3.0;0.0;Retorno Internacional
05081895000150;CHRISTAL PRODUÇÕES ARTÍSTICAS LTDA.;RJ;Brasileiro independente;1;0;1;0.0;2885070.08;76398.84;389814.32;466213.16;83.6;;0.1616;0.0;0.0;0;0;0;0;0;0;0;3.6;0.0;0.0;Pequeno Porte
05145815000182;ARTE LUX PRODUÇÕES CINEMATOGRÁFICA LTDA.;PR;Brasileiro independente;1;1;0;260490.5;260490.5;0.0;0.0;0.0;0.0;0.0;0.0;0.0;0.0;0;0;0;0;0;0;0;;0.0;0.0;Pequeno Porte
05163327000106;ARUAC PRODUÇÕES LTDA;SP;Brasileiro independente;3;2;0;5616328.86;5616328.86;7594.16;970253.84;977848.0;99.2;0.1741;0.1741;2.0;6.0;0;0;0;0;1;0;0;3.74;0.0;0.0;Fomento Baixo Retorno
05167381000111;FOCUS FILMS LTDA;RJ;Brasileiro independente;1;0;1;0.0;5265055.88;136794.28;734658.96;871453.24;84.3;;0.1655;0.0;0.0;0;0;0;0;0;0;0;3.648;;0.0;Fomento Baixo Retorno
05209603000111;FLORESTA VÍDEO GRÁFICA E EDITORA LTDA;PA;Brasileiro independente;1;1;0;991340.63;991340.63;0.0;202216.14;202216.14;100.0;0.204;0.204;0.0;0.0;0;0;0;0;0;0;0;4.0;;0.0;Pequeno Porte
05246567000166;;;;1;0;1;0.0;74350.55;10476.76;416363.08;426839.84;97.5;;5.7409;0.0;0.0;0;0;0;0;0;0;0;;;0.0;Pequeno Porte
05249852000130;LUDWIG MAIA ARTHOUSE DISTRIBUIDORA DE FILMES LTDA;RJ;Brasileiro independente;1;0;1;0.0;159266.12;2544.64;293524.0;296068.64;99.1;;1.859;0.0;0.0;0;0;0;0;0;0;0;;;0.0;Pequeno Porte
05256465000121;URCA FILMES LTDA;RJ;Brasileiro independente;7;3;7;8644632.23;22505557.9;12933570.16;807003.38;13740573.54;5.9;1.5895;0.6105;0.0;0.0;0;0;0;0;0;0;0;4.198;3.0;0.0;Retorno Doméstico
05260263000153;MARCOLINI FILMES EIRELI;RJ;Brasileiro independente;1;0;1;0.0;1991080.01;0.0;125796.0;125796.0;100.0;;0.0632;0.0;0.0;0;0;0;0;0;0;0;;;0.0;Pequeno Porte
05270790000149;ACCORDE FILMES LTDA.;RS;Brasileiro independente;9;2;5;3093079.5;12539811.48;573438.6;772516.53;1345955.13;57.4;0.4352;0.1073;0.0;0.0;0;0;0;0;0;0;0;3.61;0.0;0.0;Fomento Baixo Retorno
05283625000121;CINEDISTRI PRODUÇÃO E DISTRIBUIÇÃO AUDIOVISUAL LTDA;SP;Brasileiro independente;1;0;1;0.0;3758923.8;0.0;0.0;0.0;0.0;;0.0;0.0;0.0;0;0;0;0;0;0;0;;0.0;0.0;Pequeno Porte
05303120000181;CANAL I PRODUCOES LTDA;SP;Brasileiro independente;1;0;1;0.0;338911.37;0.0;208181.54;208181.54;100.0;;0.6143;0.0;0.0;0;0;0;0;0;0;0;;;0.0;Pequeno Porte
05306875000130;CATALISADORA ÁUDIO VISUAL LTDA.;SP;Brasileiro independente;1;0;1;0.0;1200334.88;0.0;102156.16;102156.16;100.0;;0.0851;0.0;0.0;0;0;0;0;0;0;0;4.147;;0.0;Pequeno Porte
05326727000187;SENTIMENTAL FILME LTDA;SP;Brasileiro independente;2;0;1;0.0;3586129.58;2027.76;188482.92;190510.68;98.9;;0.0531;0.0;0.0;0;0;0;0;0;0;0;3.762;;0.0;Pequeno Porte
05372676000120;;;;2;0;2;0.0;4932306.12;278.32;80080.2;80358.52;99.7;;0.0163;0.0;0.0;0;0;0;0;0;0;0;4.206;3.0;0.0;Pequeno Porte
05387293000125;CAMISA TREZE CULTURAL LTDA;SP;Brasileiro independente;5;0;4;0.0;8109109.72;20589556.96;1538187.6;22127744.56;7.0;;2.7288;0.84;3.4;0;0;2;0;0;17;0;3.7;;0.0;Retorno Doméstico
05416743000160;MARAO DESENHOS ANIMADOS LTDA;RJ;Brasileiro independente;1;1;1;1097744.76;2742841.26;57850.8;65803.86;123654.66;53.2;0.1126;0.0451;0.0;0.0;0;0;0;0;0;0;0;;;0.0;Pequeno Porte
05426800000192;BEM PRODUÇÕES E EVENTOS CULTURAIS LTDA;RJ;Brasileiro independente;2;0;1;0.0;236140.36;0.0;383230.68;383230.68;100.0;;1.6229;0.0;0.0;0;0;0;0;0;0;0;3.466;;0.0;Pequeno Porte
05436489000162;REFINARIA PRODUÇÕES LTDA.;RJ;Brasileiro independente;4;3;2;1857554.9;3444357.3;132062.84;350223.04;482285.88;72.6;0.2596;0.14;6.47;10.9;0;0;3;1;3;5;694;3.683;;0.0;Pequeno Porte
05456798000102;WALPER RUAS PRODUÇÕES LTDA;RS;Brasileiro independente;2;1;2;3679656.54;9250351.45;206394.16;180187.36;386581.52;46.6;0.1051;0.0418;0.0;0.0;0;0;0;0;0;0;0;3.694;;0.0;Fomento Baixo Retorno
05463157000177;PINK FLAMINGO PRODUÇÕES LTDA - ME;SP;Brasileiro independente;1;1;0;1271309.87;1271309.87;418553.52;125796.0;544349.52;23.1;0.4282;0.4282;0.0;0.0;0;0;0;0;0;0;0;4.165;;0.0;Pequeno Porte
05491003000199;;;;1;0;0;0.0;0.0;0.0;89220.66;89220.66;100.0;;;0.0;0.0;0;0;0;0;0;0;0;;;0.0;Pequeno Porte
05500952000198;JLM PRODUÇÕES ARTÍSTICAS LTDA;RJ;Brasileiro independente;1;1;1;3062826.8;5093232.8;123355.4;417683.52;541038.92;77.2;0.1766;0.1062;17.53;17.53;0;1;0;1;1;0;4894;3.683;;0.0;Retorno Internacional
05508188000105;CORAÇÃO DA SELVA TRANSMÍDIA S.A.;SP;Brasileiro independente;6;5;6;18826003.8;41105362.14;4333939.4;449886.52;4783825.92;9.4;0.2541;0.1164;0.0;0.0;0;0;0;0;0;0;0;3.767;1.0;0.0;Fomento Baixo Retorno
05509414000164;PINHO PRODUÇÕES CULTURAIS LTDA;SP;Brasileiro independente;1;0;0;0.0;0.0;0.0;153542.34;153542.34;100.0;;;0.0;0.0;0;0;0;0;0;0;0;;;0.0;Pequeno Porte
05565485000184;PANORAMICA COMUNICACAO LTDA.;RJ;Brasileiro independente;13;3;9;12209110.03;48254400.0;34844371.8;2412017.74;37256389.54;6.5;3.0515;0.7721;0.0;0.0;0;0;0;0;0;0;0;3.879;5.0;0.0;Retorno Doméstico
05572253000153;LENTE VIVA FILMES LTDA - EPP;SP;Brasileiro independente;1;1;1;348048.5;929855.0;27315.12;62898.0;90213.12;69.7;0.2592;0.097;0.0;0.0;0;0;0;0;0;0;0;3.7;;0.0;Pequeno Porte
05606825000178;CANVAS 24P FILMES LTDA.;SP;Brasileiro independente;1;0;1;0.0;1772451.8;0.0;65803.86;65803.86;100.0;;0.0371;0.0;0.0;0;0;0;0;0;0;0;;;0.0;Pequeno Porte
05609007000129;SAMBA FILMES LTDA;RJ;Brasileiro independente;1;1;0;1740242.5;1740242.5;5089.28;0.0;5089.28;0.0;0.0029;0.0029;0.0;0.0;0;0;0;0;0;0;0;;;0.0;Pequeno Porte
05626923000177;DAMASCO FILMES LTDA;SP;Brasileiro independente;1;1;1;4176582.0;9838345.74;224425.32;83531.64;307956.96;27.1;0.0737;0.0313;0.0;0.0;0;0;0;0;0;0;0;3.707;;0.0;Fomento Baixo Retorno
05638479000100;;;;2;0;2;0.0;1747614.53;0.0;209902.56;209902.56;100.0;;0.1201;0.0;0.0;0;0;0;0;0;0;0;;;0.0;Pequeno Porte
05643831000103;;;;1;0;1;0.0;1303145.06;0.0;489772.64;489772.64;100.0;;0.3758;0.0;0.0;0;0;0;0;0;0;0;;;0.0;Pequeno Porte
05726196000110;LAMIRÉ CINEMA E VÍDEO LTDA;MT;Brasileiro independente;1;1;1;166106.12;1636076.83;0.0;0.0;0.0;0.0;0.0;0.0;0.0;0.0;0;0;0;0;0;0;0;4.32;;0.0;Pequeno Porte
05738800000128;ROCAMBOLE PRODUÇÕES AUDIOVISUAIS LTDA.;SP;Brasileiro independente;1;0;1;0.0;1865974.0;175938.0;209660.0;385598.0;54.4;;0.2066;0.0;0.0;0;0;0;0;0;0;0;4.013;0.0;0.0;Pequeno Porte
05760527000138;NÚCLEO ZERO LTDA;AL;Brasileiro independente;1;1;1;866077.28;3378692.97;26619.32;76617.12;103236.44;74.2;0.1192;0.0306;0.0;0.0;0;0;0;0;0;0;0;4.4;;0.0;Pequeno Porte
05776048000100;LETICIA SPILLER PENA PRODUCOES ARTISTICAS LTDA;RJ;Brasileiro independente;1;0;1;0.0;2647145.43;1854943.16;218648.5;2073591.66;10.5;;0.7833;0.0;0.0;0;0;0;0;0;0;0;2.3;;0.0;Pequeno Porte
05780593000170;C R PRODUCOES - FOTO, CINE-VIDEO LTDA;SP;Brasileiro independente;2;0;2;0.0;1879217.86;59540.6;287080.02;346620.62;82.8;;0.1844;0.0;0.0;0;0;0;0;0;0;0;;;0.0;Pequeno Porte
05791137000125;LIMA COMUNICAÇÃO LTDA;BA;Brasileiro independente;2;1;0;326434.63;326434.63;0.0;362302.8;362302.8;100.0;1.1099;1.1099;0.0;0.0;0;0;0;0;0;0;0;4.055;0.0;0.0;Pequeno Porte
05832663000196;INTRO PICTURES PRODUÇÕES CINEMATOGRÁFICAS LTDA;SP;Brasileiro independente;3;0;3;0.0;28277617.94;0.0;252501.84;252501.84;100.0;;0.0089;0.0;0.0;0;0;0;0;0;0;0;4.116;;0.0;Fomento Baixo Retorno
05840498000114;RT COMÉRCIO E SERVIÇOS DE CRIAÇÃO E PRODUÇÃO DE OBRAS COM DIREITOS AUTORAIS LTDA;SP;Brasileiro independente;1;0;1;0.0;3245530.44;0.0;104951.28;104951.28;100.0;;0.0323;0.0;0.0;0;0;0;0;0;0;0;;3.0;0.0;Pequeno Porte
05865587000115;LAFILMS.TV PRODUCOES LTDA;RJ;Brasileiro independente;1;0;1;0.0;489772.64;10357.48;218648.5;229005.98;95.5;;0.4676;0.0;0.0;0;0;0;0;0;0;0;4.4;;0.0;Pequeno Porte
05913319000121;TOCA FILMES LTDA;BA;Brasileiro independente;1;0;0;0.0;0.0;0.0;65803.86;65803.86;100.0;;;0.0;0.0;0;0;0;0;0;0;0;;0.0;0.0;Pequeno Porte
05919250000143;CISMA PRODUÇÕES CINEMATOGRÁFICAS, EVENTOS E TEATRO LTDA;SP;Brasileiro independente;1;1;0;2050969.21;2050969.21;199933.16;202216.14;402149.3;50.3;0.1961;0.1961;2.0;2.0;0;0;1;0;0;10;0;;1.0;0.0;Pequeno Porte
05928108000162;COMPANHIA AMAZONICA DE FILMES S/S LTDA.;PA;Brasileiro independente;6;3;0;2304837.31;2304837.31;1212.68;205876.2;207088.88;99.4;0.0898;0.0898;0.0;0.0;0;0;0;0;0;0;0;3.709;;0.0;Pequeno Porte
05930707000110;PROCESSO MULTIARTES LTDA;PR;Brasileiro independente;2;2;0;116944.3;116944.3;0.0;167063.28;167063.28;100.0;1.4286;1.4286;0.0;0.0;0;0;0;0;0;0;0;4.203;1.0;0.0;Pequeno Porte
05959925000188;TELA PRODUTORA DE IMAGENS LTDA;BA;Brasileiro independente;1;1;0;333667.5;333667.5;0.0;92818.56;92818.56;100.0;0.2782;0.2782;0.0;0.0;0;0;0;0;0;0;0;3.7;2.0;0.0;Pequeno Porte
05966506000173;;;;1;0;1;0.0;834369.18;0.0;0.0;0.0;0.0;;0.0;0.0;0.0;0;0;0;0;0;0;0;3.793;0.0;0.0;Pequeno Porte
05980535000190;VIGOR MORTIS PRODUÇÕES ARTISTICAS LTDA;PR;Brasileiro independente;1;0;0;0.0;0.0;0.0;0.0;0.0;0.0;;;0.0;0.0;0;0;0;0;0;0;0;;;0.0;Pequeno Porte
06013078000127;;;;1;0;1;0.0;542248.28;0.0;734658.96;734658.96;100.0;;1.3548;0.0;0.0;0;0;0;0;0;0;0;3.734;;0.0;Pequeno Porte
06023805000137;PLANO GERAL FILMES E VIDEOS LTDA;RJ;Brasileiro independente;4;0;4;0.0;7772959.89;0.0;345108.54;345108.54;100.0;;0.0444;0.0;0.0;0;0;0;0;0;0;0;3.81;0.0;0.0;Fomento Baixo Retorno
06033375000134;ESTÚDIO 3 LOCAÇÃO E SERVIÇOS LTDA;SE;Brasileiro independente;1;1;1;49562.08;66965.56;0.0;0.0;0.0;0.0;0.0;0.0;0.0;0.0;0;0;0;0;0;0;0;4.252;;0.0;Pequeno Porte
06058551000192;RONDON PRODUCOES DE FILMES LIMITADA;MT;Brasileiro independente;1;0;1;0.0;3970656.76;0.0;209902.56;209902.56;100.0;;0.0529;0.0;0.0;0;0;0;0;0;0;0;4.343;;0.0;Pequeno Porte
06071600000127;MEMÓRIA VIVA PRODUÇÃO DE IMAGEM E TEXTO LTDA;SP;Brasileiro independente;1;1;0;348048.5;348048.5;9582.16;0.0;9582.16;0.0;0.0275;0.0275;0.0;0.0;0;0;0;0;0;0;0;;;0.0;Pequeno Porte
06076085000178;CEREJA PRODUCAO CINEMATOGRAFICA LTDA;PE;Brasileiro independente;2;2;1;4271091.5;5085240.2;11928.0;0.0;11928.0;0.0;0.0028;0.0023;0.0;0.0;0;0;0;0;0;0;0;;;0.0;Fomento Baixo Retorno
06096915000129;;;;7;2;6;8556867.14;15039865.7;34889.4;1065698.94;1100588.34;96.8;0.1286;0.0732;0.0;0.0;0;0;0;0;0;0;0;3.648;1.0;0.0;Fomento Baixo Retorno
06130502000113;DONA ROSA PRODUÇÕES ARTÍSTICAS LTDA.;RJ;Brasileiro independente;3;1;0;3460166.74;3460166.74;1888.6;523375.36;525263.96;99.6;0.1518;0.1518;0.0;0.0;0;0;0;0;0;0;0;3.584;;0.0;Pequeno Porte
06137016000127;PRIMO FILMES LTDA;SP;Brasileiro independente;7;3;5;3325655.42;16537565.97;501234.44;1199025.1;1700259.54;70.5;0.5113;0.1028;1.36;4.0;0;0;3;0;0;20;0;3.787;2.0;0.0;Fomento Baixo Retorno
06169280000142;;;;1;1;0;352742.58;352742.58;0.0;178773.28;178773.28;100.0;0.5068;0.5068;0.0;0.0;0;0;0;0;0;0;0;;;0.0;Pequeno Porte
06177126000112;MOOD HUNTER PRODUÇÕES LTDA;SP;Brasileiro independente;2;0;2;0.0;5372154.3;0.0;131607.72;131607.72;100.0;;0.0245;0.0;0.0;0;0;0;0;0;0;0;;;0.0;Fomento Baixo Retorno
06228927000160;CASA REDONDA PRODUCOES CULTURAIS LTDA;SP;Brasileiro independente;2;2;1;298049.76;535131.36;402391.08;649368.0;1051759.08;61.7;3.5288;1.9654;5.3;10.6;0;0;1;0;1;13;0;3.4;;0.0;Pequeno Porte
06236625000133;KINOPUS AUDIOVISUAL LTDA - ME;PR;Brasileiro independente;1;1;0;1619065.93;1619065.93;1153.04;76617.12;77770.16;98.5;0.048;0.048;0.0;0.0;0;0;0;0;0;0;0;;;0.0;Pequeno Porte
06242683000170;DG CONSULTORIA E COMUNICAÇÃO AMBIENTAL LTDA.;DF;Brasileiro independente;2;0;2;0.0;2571602.55;795.2;76617.12;77412.32;99.0;;0.0301;0.0;0.0;0;0;0;0;0;0;0;3.905;1.0;0.0;Pequeno Porte
06247686000104;;;;1;0;0;0.0;0.0;3240.44;307084.68;310325.12;99.0;;;0.0;0.0;0;0;0;0;0;0;0;3.5;12.0;0.0;Pequeno Porte
06255414000148;MARGEM CINEMA BRASIL LTDA;RS;Brasileiro independente;1;0;0;0.0;0.0;0.0;0.0;0.0;0.0;;;0.0;0.0;0;0;0;0;0;0;0;;0.0;0.0;Pequeno Porte
06267302000107;SEND MUSIC PRODUÇÕES ARTÍSTICAS LTDA;PA;Brasileiro independente;1;0;1;0.0;659278.49;0.0;62898.0;62898.0;100.0;;0.0954;0.0;0.0;0;0;0;0;0;0;0;;;0.0;Pequeno Porte
06274259000107;CATAVENTO PRODUÇÕES AUDIOVISUAIS LTDA - ME;SP;Brasileiro independente;1;0;0;0.0;0.0;0.0;0.0;0.0;0.0;;;0.0;0.0;0;0;0;0;0;0;0;4.175;0.0;0.0;Pequeno Porte
06288843000111;ARTÉRIA FILMES PRESTAÇÃO DE SERVIÇO E PRODUÇÃO AUDIOVISUAL LTDA;RS;Brasileiro independente;1;1;0;523190.64;523190.64;21331.24;0.0;21331.24;0.0;0.0408;0.0408;0.0;0.0;0;0;0;0;0;0;0;4.3;;0.0;Pequeno Porte
06323379000157;BIG BONSAI BRASILIS PRODUÇÕES ARTÍSTICAS CULTURAIS E CINEMATOGRÁFICAS LTDA;SP;Brasileiro independente;4;1;3;3124134.14;7828199.35;342850.48;829878.14;1172728.62;70.8;0.3754;0.1498;0.35;1.4;0;0;1;0;0;7;0;3.7;2.0;0.0;Fomento Baixo Retorno
06768153000160;ZOOM ELEFANTE PRODUÇÃO CINEMATOGRÁFICA LTDA;PR;Brasileiro independente;5;2;0;140911.24;140911.24;0.0;360438.4;360438.4;100.0;2.5579;2.5579;0.0;0.0;0;0;0;0;0;0;0;3.6;1.0;0.0;Pequeno Porte
06814372000138;ARTE PRODUÇÃO E ADMINISTRAÇÃO DE EMPREENDIMENTOS CULTURAIS LTDA;SP;Brasileiro independente;1;0;1;0.0;658038.6;0.0;0.0;0.0;0.0;;0.0;0.0;0.0;0;0;0;0;0;0;0;3.2;;0.0;Pequeno Porte
06842017000172;FRAMMELLO PRODUÇÕES AUDIOVISUAIS LTDA.;PI;Brasileiro independente;1;0;1;0.0;200200.5;13597.92;0.0;13597.92;0.0;;0.0679;0.0;0.0;0;0;0;0;0;0;0;;;0.0;Pequeno Porte
06900652000169;BSB SERVIÇOS CINEGROUP LTDA;DF;Brasileiro independente;10;1;8;130526.1;14799473.2;9880.36;1231655.62;1241535.98;99.2;9.5118;0.0839;0.0;0.0;0;0;0;0;0;0;0;4.016;1.0;0.0;Fomento Baixo Retorno
06905794000119;AC CAVALCANTE SERVIÇOS LTDA.;PE;Brasileiro independente;2;1;0;209218.91;209218.91;20118.56;186853.8;206972.36;90.3;0.9893;0.9893;0.0;0.0;0;0;0;0;0;0;0;4.118;15.0;0.0;Pequeno Porte
06935870000139;TREME PRODUCOES LTDA;SP;Brasileiro independente;1;0;1;0.0;395136.0;37632.84;537384.96;575017.8;93.5;;1.4552;0.0;0.0;0;0;0;0;0;0;0;4.252;;0.0;Pequeno Porte
06945371000122;SPRAY FILMES LTDA;SP;Brasileiro independente;7;1;5;4009670.49;20253527.32;5166891.52;731324.42;5898215.94;12.4;1.471;0.2912;0.57;4.0;0;0;0;0;1;0;0;4.45;2.0;0.0;Fomento Baixo Retorno
06967225000106;;;;4;0;4;0.0;3817706.37;536.76;653571.72;654108.48;99.9;;0.1713;0.0;0.0;0;0;0;0;0;0;0;4.143;5.0;0.0;Pequeno Porte
06975561000192;;;;1;1;0;1740242.5;1740242.5;2683.8;0.0;2683.8;0.0;0.0015;0.0015;0.0;0.0;0;0;0;0;0;0;0;4.223;;0.0;Pequeno Porte
06992833000162;MODO OPERANTE PRODUÇÕES CULTURAIS LTDA. ME;RJ;Brasileiro independente;8;2;6;2408700.67;5507535.81;184546.04;2042198.18;2226744.22;91.7;0.9245;0.4043;0.65;5.2;0;0;1;0;0;26;0;3.8;0.0;0.0;Fomento Baixo Retorno
06998046000128;RT2A PRODUÇÕES CINEMATOGRÁFICAS LTDA.;RJ;Brasileiro independente;20;0;20;0.0;78147426.36;8829205.0;4586572.08;13415777.08;34.2;;0.1717;0.0;0.0;0;0;0;0;0;0;0;4.068;7.0;0.0;Retorno Doméstico
07045026000103;DEBE CONSULTORIA E PRODUCOES LTDA;RJ;Brasileiro independente;1;0;1;0.0;461137.02;361776.24;411654.29;773430.53;53.2;;1.6772;10.35;10.35;0;0;0;1;0;0;2051;;;0.0;Pequeno Porte
07060648000100;INDIANA PRODUÇÕES CINEMATOGRÁFICAS LTDA;RJ;Brasileiro de capital nacional nos termos do art. 1º, inciso III da IN 91;7;2;7;6118060.5;16192513.77;2315542.88;941766.4;3257309.28;28.9;0.5324;0.2012;3.1;10.86;0;0;0;2;0;0;5948;3.435;;0.0;Fomento Baixo Retorno
07077834000144;EDSON SOARES DO NASCIMENTO ME;RN;Brasileiro independente;2;1;0;93277.0;93277.0;12087.04;0.0;12087.04;0.0;0.1296;0.1296;0.0;0.0;0;0;0;0;0;0;0;3.636;0.0;0.0;Pequeno Porte
07088828000192;;;;1;1;0;2229544.92;2229544.92;6103.16;0.0;6103.16;0.0;0.0027;0.0027;0.0;0.0;0;0;0;0;0;0;0;4.095;4.0;0.0;Pequeno Porte
07125823000192;BERNY FILMES PROJETOS ARTISTICOS E CULTURAIS LTDA;RJ;Brasileiro independente;2;0;2;0.0;4479710.02;2763.32;489772.64;492535.96;99.4;;0.1099;0.0;0.0;0;0;0;0;0;0;0;4.088;0.0;0.0;Pequeno Porte
07202193000102;DEBERTON FILMES E PRODUCOES LTDA;CE;Brasileiro independente;3;2;1;1867937.7;2376088.51;89678.68;712877.76;802556.44;88.8;0.4296;0.3378;2.77;8.3;0;0;1;0;0;41;0;3.94;2.0;0.0;Pequeno Porte
07206747000140;OLHO FILMES PRODUÇÕES LTDA;DF;Brasileiro independente;1;1;0;1531181.36;1531181.36;2703.68;0.0;2703.68;0.0;0.0018;0.0018;0.0;0.0;0;0;0;0;0;0;0;3.683;1.0;0.0;Pequeno Porte
07234440000152;;;;1;0;0;0.0;0.0;0.0;83864.0;83864.0;100.0;;;0.0;0.0;0;0;0;0;0;0;0;;;0.0;Pequeno Porte
07276440000115;CLUBTV PRODUÇÕES E ENTRETENIMENTO LTDA;SP;Brasileiro independente;4;1;3;5204538.5;17227377.18;10270246.56;435589.4;10705835.96;4.1;2.057;0.6214;0.0;0.0;0;0;0;0;0;0;0;3.6;1.0;0.0;Retorno Doméstico
07337401000180;ANAGUA FILMES LTDA;SP;Brasileiro independente;1;0;0;0.0;0.0;42264.88;0.0;42264.88;0.0;;;0.0;0.0;0;0;0;0;0;0;0;4.3;;0.0;Pequeno Porte
07346770000130;;;;1;0;1;0.0;828675.17;0.0;115552.08;115552.08;100.0;;0.1394;0.0;0.0;0;0;0;0;0;0;0;;0.0;0.0;Pequeno Porte
07372049000114;;;;1;1;0;1887109.91;1887109.91;15983.52;186853.8;202837.32;92.1;0.1075;0.1075;0.0;0.0;0;0;0;0;0;0;0;;;0.0;Pequeno Porte
07381315000175;;;;1;0;1;0.0;1053801.42;0.0;594723.92;594723.92;100.0;;0.5644;0.0;0.0;0;0;0;0;0;0;0;3.678;;0.0;Pequeno Porte
07419227000115;AMAIA PRODUCOES AUDIOVISUAIS E MUSICAIS LTDA;SP;Brasileiro independente;5;2;4;117345.38;5870096.8;689895.64;704207.98;1394103.62;50.5;11.8803;0.2375;0.74;3.7;0;0;1;0;0;18;0;3.547;0.0;0.0;Fomento Baixo Retorno
07427355000100;;;;1;1;0;67405.37;67405.37;0.0;139227.84;139227.84;100.0;2.0655;2.0655;0.0;0.0;0;0;0;0;0;0;0;4.3;;0.0;Pequeno Porte
07445292000115;UMANA COMUNICAÇÃO INTELIGENTE LTDA;SP;Brasileiro independente;2;0;1;0.0;139799.01;0.0;582873.6;582873.6;100.0;;4.1694;0.0;0.0;0;0;0;0;0;0;0;3.535;0.0;0.0;Pequeno Porte
07467108000138;URSO FILMES LTDA;PE;Brasileiro independente;2;1;0;409246.95;409246.95;0.0;289816.84;289816.84;100.0;0.7082;0.7082;0.0;0.0;0;0;0;0;0;0;0;4.3;15.0;0.0;Pequeno Porte
07477471000134;BOSSA NOVA FILMS CRIACOES E PRODUCOES S/A;SP;Brasileiro independente;7;1;5;3710335.94;18674404.28;1413328.84;700752.47;2114081.31;33.1;0.5698;0.1132;1.67;11.7;0;0;1;0;1;48;0;3.852;1.0;0.0;Fomento Baixo Retorno
07490019000102;GIRAFA FILMES LTDA;SP;Brasileiro independente;3;1;2;1501160.14;4440346.96;194327.0;268721.74;463048.74;58.0;0.3085;0.1043;1.3;3.9;0;0;1;0;0;19;0;4.185;;0.0;Pequeno Porte
07496159000198;ALDEIA PRODUÇÕES LTDA;MG;Brasileiro independente;1;0;0;0.0;0.0;0.0;0.0;0.0;0.0;;;0.0;0.0;0;0;0;0;0;0;0;;0.0;0.0;Pequeno Porte
07501094000121;;;;1;0;1;0.0;490713.63;44411.92;215616.6;260028.52;82.9;;0.5299;0.0;0.0;0;0;0;0;0;0;0;3.793;0.0;0.0;Pequeno Porte
07503073000145;BIRDO FILMES EM ANIMAÇÃO LTDA.;SP;Brasileiro independente;1;0;0;0.0;0.0;0.0;89220.66;89220.66;100.0;;;0.0;0.0;0;0;0;0;0;0;0;;;0.0;Pequeno Porte
07521590000147;;;;2;2;0;789605.87;789605.87;1590.4;186853.8;188444.2;99.2;0.2387;0.2387;0.0;0.0;0;0;0;0;0;0;0;3.9;1.0;0.0;Pequeno Porte
07525577000166;ANAVILHANA FILMES LTDA - ME;MG;Brasileiro independente;4;2;2;2519462.86;3484881.99;216751.64;349978.02;566729.66;61.8;0.2249;0.1626;6.93;20.6;0;1;2;0;1;53;0;;1.0;0.0;Retorno Internacional
07530292000113;FILMES DO CERRADO PRODUÇÕES CINEMATOGRÁFICAS LTDA;MG;Brasileiro independente;2;1;2;691340.15;1848693.08;234981.6;282296.34;517277.94;54.6;0.7482;0.2798;7.45;14.9;0;1;1;0;0;74;0;4.353;0.0;0.0;Retorno Internacional
07533507000150;BE BOSSA NOVA CRIACOES E PRODUCOES S/A;SP;Brasileiro de capital nacional nos termos do art. 1º, inciso III da IN 91;5;0;5;0.0;12363798.48;39600.96;658377.44;697978.4;94.3;;0.0565;0.0;0.0;0;0;0;0;0;0;0;3.598;2.0;0.0;Fomento Baixo Retorno
07543070000135;SEGREDO FILMES LTDA;CE;Brasileiro independente;1;1;0;2441294.07;2441294.07;173134.92;80080.2;253215.12;31.6;0.1037;0.1037;17.45;17.45;0;1;1;1;0;27;6629;;0.0;0.0;Retorno Internacional
07567854000101;OGER SEPOL PRODUÇÃO E COMÉRCIO AUDIOVISUAL LTDA;PR;Brasileiro independente;2;2;0;1519420.1;1519420.1;5685.68;76617.12;82302.8;93.1;0.0542;0.0542;0.0;0.0;0;0;0;0;0;0;0;3.6;0.0;0.0;Pequeno Porte
07570789000165;BIÔNICA CINEMA E TV LTDA.;SP;Brasileiro independente;6;0;5;0.0;21445252.79;34797872.48;950937.3;35748809.78;2.7;;1.667;5.38;30.27;0;1;2;1;1;82;1332;3.643;20.0;0.0;Duplo Retorno
07579479000101;ALL SCREENS PRODUÇÃO DE CONTEÚDO AUDIOVISUAL LTDA;PE;Brasileiro independente;1;0;1;0.0;487267.9;0.0;501189.84;501189.84;100.0;;1.0286;0.0;0.0;0;0;0;0;0;0;0;;;0.0;Pequeno Porte
07617370000111;PLANO 9 PRODUÇÕES AUDIOVISUAIS LTDA;PE;Brasileiro independente;5;3;2;3293035.65;4801150.8;79460.36;627713.56;707173.92;88.8;0.2147;0.1473;0.78;3.9;0;0;1;0;0;19;0;3.441;1.0;0.0;Pequeno Porte
07620843000130;UZINA PRODUCOES E EVENTOS DE ESPETACULOS LTDA;CE;Brasileiro independente;1;1;0;293170.61;293170.61;0.0;0.0;0.0;0.0;0.0;0.0;0.0;0.0;0;0;0;0;0;0;0;4.2;;0.0;Pequeno Porte
07627467000105;WRITE PRODUÇÕES ARTÍSTICAS LTDA;SP;Brasileiro independente;13;0;11;0.0;33704032.93;5442547.6;1477646.28;6920193.88;21.4;;0.2053;0.0;0.0;0;0;0;0;0;0;0;4.175;0.0;0.0;Fomento Baixo Retorno
07630900000161;HUNGRY MAN BRASIL PRODUÇÕES LTDA.;RJ;Brasileiro independente;4;1;3;3838558.5;12450499.84;1774309.88;534228.88;2308538.76;23.1;0.6014;0.1854;0.0;0.0;0;0;0;0;0;0;0;3.114;0.0;0.0;Fomento Baixo Retorno
07632461000126;ZONA DE PRODUCAO LTDA;BA;Brasileiro independente;1;0;1;0.0;1896652.8;92939.0;94832.64;187771.64;50.5;;0.099;0.0;0.0;0;0;0;0;0;0;0;3.9;;0.0;Pequeno Porte
07639947000196;;;;1;0;0;0.0;0.0;0.0;0.0;0.0;0.0;;;0.0;0.0;0;0;0;0;0;0;0;;2.0;0.0;Pequeno Porte
07644001000118;EXPRESSO BRASIL PRODUCOES DE AUDIO VISUAIS LTDA;DF;Brasileiro independente;1;0;0;0.0;0.0;7932.12;76617.12;84549.24;90.6;;;0.0;0.0;0;0;0;0;0;0;0;3.845;0.0;0.0;Pequeno Porte
07669418000135;;;;1;0;0;0.0;0.0;0.0;94832.64;94832.64;100.0;;;0.0;0.0;0;0;0;0;0;0;0;4.068;1.0;0.0;Pequeno Porte
07700630000118;ELO AUDIOVISUAL SERVIÇOS LTDA;SP;Brasileiro independente;4;0;4;0.0;2704751.96;775.32;306391.44;307166.76;99.7;;0.1136;0.0;0.0;0;0;0;0;0;0;0;3.571;3.0;0.0;Pequeno Porte
07703864000119;CONTEUDOS COM CONTEUDO CRIACAO E PRODUCAO PARA MULTIMIDIAS LTDA - EPP;SP;Brasileiro independente;1;0;1;0.0;1189608.8;0.0;208181.54;208181.54;100.0;;0.175;0.0;0.0;0;0;0;0;0;0;0;3.857;0.0;0.0;Pequeno Porte
07716572000110;LEP LUGAR DE ENCONTROS E PRODUCOES LTDA;SP;Brasileiro independente;1;0;1;0.0;54054.14;97610.8;80080.2;177691.0;45.1;;3.2873;0.0;0.0;0;0;0;0;0;0;0;4.18;;0.0;Pequeno Porte
07718282000106;DOC FILMES PRODUCOES AUDIVISUAIS LTDA;BA;Brasileiro independente;3;3;0;4515424.1;4515424.1;14989.52;289009.96;303999.48;95.1;0.0673;0.0673;0.0;0.0;0;0;0;0;0;0;0;;0.0;0.0;Pequeno Porte
07720343000170;TARUMÃ ASSESSORIA PRODUÇÕES E SERVIÇOS ARTÍSTICOS LTDA;RJ;Brasileiro independente;1;0;1;0.0;546745.01;0.0;0.0;0.0;0.0;;0.0;0.0;0.0;0;0;0;0;0;0;0;;;0.0;Pequeno Porte
07728008000118;DOGS CAN FLY CONTEÚDOS AUDIOVISUAIS LTDA;SP;Brasileiro independente;1;0;1;0.0;735129.55;0.0;94832.64;94832.64;100.0;;0.129;0.0;0.0;0;0;0;0;0;0;0;4.2;;0.0;Pequeno Porte
07766096000142;DIAZUL DE CINEMA PRODUÇÕES ARTÍSTICAS E AUDIOVISUAIS LTDA;DF;Brasileiro independente;1;0;0;0.0;0.0;0.0;0.0;0.0;0.0;;;0.0;0.0;0;0;0;0;0;0;0;4.0;0.0;0.0;Pequeno Porte
07822394000102;LINHA DE PRODUÇÃO CINEMA E TELEVISÃO LTDA;RS;Brasileiro independente;1;1;0;524150.0;524150.0;0.0;0.0;0.0;0.0;0.0;0.0;0.0;0.0;0;0;0;0;0;0;0;3.0;;0.0;Pequeno Porte
07832283000187;PONTOS DE FUGA PRODUÇÕES ARTISTICAS LTDA;RJ;Brasileiro independente;2;0;1;0.0;1030927.14;237049.12;242763.0;479812.12;50.6;;0.4654;0.4;0.8;0;0;1;0;0;4;0;4.3;0.0;0.0;Pequeno Porte
07837630000164;MANIFESTO GAME STUDIO LTDA;PE;Brasileiro independente;1;1;0;1276952.0;1276952.0;0.0;62898.0;62898.0;100.0;0.0493;0.0493;0.0;0.0;0;0;0;0;0;0;0;;;0.0;Pequeno Porte
07847012000103;DANILO PONTES FERREIRA DE CARVALHO - ME;CE;Brasileiro independente;1;0;1;0.0;63812.76;12683.44;69613.92;82297.36;84.6;;1.2897;0.0;0.0;0;0;0;0;0;0;0;4.257;0.0;0.0;Pequeno Porte
07860494000123;TANGERINA ENTRETENIMENTO LTDA;SP;Brasileiro independente;1;0;1;0.0;4176582.0;259931.0;501189.84;761120.84;65.8;;0.1822;1.6;1.6;0;0;1;0;0;8;0;;;0.0;Pequeno Porte
07867455000158;B SIDE PRODUÇÃO DE VÍDEO LTDA - ME;SP;Brasileiro independente;1;0;1;0.0;524150.0;0.0;0.0;0.0;0.0;;0.0;0.0;0.0;0;0;0;0;0;0;0;4.6;;0.0;Pequeno Porte
07871687000180;CATURRA DIGITAL LTDA;MG;Brasileiro independente;1;1;0;169151.57;169151.57;0.0;0.0;0.0;0.0;0.0;0.0;0.0;0.0;0;0;0;0;0;0;0;;;0.0;Pequeno Porte
07929498000110;DUO2.TV LTDA;SP;Brasileiro independente;3;0;1;0.0;960057.78;0.0;373361.1;373361.1;100.0;;0.3889;0.0;0.0;0;0;0;0;0;0;0;;0.0;0.0;Pequeno Porte
07944843000195;;;;1;0;1;0.0;115552.08;0.0;0.0;0.0;0.0;;0.0;0.0;0.0;0;0;0;0;0;0;0;3.6;2.0;0.0;Pequeno Porte
07947109000180;ANTONIO M. G. DE CARVALHO PRODUÇÕES ARTÍSTICAS E CINEMATOGRÁFICAS;PE;Brasileiro independente;2;1;2;426349.84;532989.67;7474.88;209902.56;217377.44;96.6;0.5099;0.4078;0.0;0.0;0;0;0;0;0;0;0;;2.0;0.0;Pequeno Porte
07949950000106;BRVR FILMES LTDA;SP;Brasileiro independente;1;1;1;4283274.24;11762939.57;11221802.76;215616.6;11437419.36;1.9;2.6703;0.9723;15.65;15.65;0;1;1;1;0;16;9639;3.8;;0.0;Duplo Retorno
07966825000104;;;;1;0;1;0.0;813736.25;0.0;104951.28;104951.28;100.0;;0.129;0.0;0.0;0;0;0;0;0;0;0;;;0.0;Pequeno Porte
07978267000105;ÁRTEMIS PRODUÇÕES AUDIOVISUAIS LTDA;RJ;Brasileiro independente;1;1;1;667335.0;2582763.0;416187.8;76617.12;492804.92;15.5;0.7385;0.1908;0.0;0.0;0;0;0;0;0;0;0;;;0.0;Pequeno Porte
07988992000156;PLANET POP MÍDIA E EDITORAÇÕES LIMITADA ME;SP;Brasileiro independente;8;0;8;0.0;14897043.67;0.0;598223.82;598223.82;100.0;;0.0402;0.0;0.0;0;0;0;0;0;0;0;3.864;0.0;0.0;Fomento Baixo Retorno
08010574000152;LILIGO PRODUÇÕES ARTÍSTICAS LTDA;SP;Brasileiro independente;1;0;1;0.0;1487011.0;19979.4;297402.2;317381.6;93.7;;0.2134;0.0;0.0;0;0;0;0;0;0;0;3.3;;0.0;Pequeno Porte
08016733000126;ORQUESTRA CINEMA ESTÚDIOS LTDA;PE;Brasileiro independente;1;1;0;1256093.09;1256093.09;10615.92;0.0;10615.92;0.0;0.0085;0.0085;0.0;0.0;0;0;0;0;0;0;0;3.84;;0.0;Pequeno Porte
08035343000101;NA LAJE FILMES PRODUÇÕES LTDA;SP;Brasileiro independente;1;1;0;1276952.0;1276952.0;0.0;62898.0;62898.0;100.0;0.0493;0.0493;0.0;0.0;0;0;0;0;0;0;0;4.5;2.0;0.0;Pequeno Porte
08035861000117;COMPLO PRODUCOES E OFICINAS LTDA - ME;SP;Brasileiro independente;1;0;0;0.0;0.0;2763.32;65803.86;68567.18;96.0;;;0.0;0.0;0;0;0;0;0;0;0;;0.0;0.0;Pequeno Porte
08046502000165;IRENE RULIAN SOARES ME;RS;Brasileiro independente;2;0;2;0.0;1376276.62;0.0;469894.52;469894.52;100.0;;0.3414;0.0;0.0;0;0;0;0;0;0;0;4.5;1.0;0.0;Pequeno Porte
08103457000133;TITÂNIO PRODUÇÕES ARTÍSTICAS LTDA.;MG;Brasileiro independente;1;0;1;0.0;3466562.4;322692.16;209438.15;532130.31;39.4;;0.1535;2.2;2.2;0;0;1;0;0;11;0;3.3;;0.0;Pequeno Porte
08103899000180;LÚMEN PRODUÇÕES AUDIOVISUAIS LTDA. - ME;ES;Brasileiro independente;2;1;1;250594.92;1425104.52;14532.28;0.0;14532.28;0.0;0.058;0.0102;0.0;0.0;0;0;0;0;0;0;0;4.257;;0.0;Pequeno Porte
08112710000115;VULCANA CINEMA LTDA;RS;Brasileiro independente;3;2;2;1018626.95;2065727.59;20516.16;434163.68;454679.84;95.5;0.4464;0.2201;0.0;0.0;0;0;0;0;0;0;0;;38.0;0.0;Pequeno Porte
08164917000133;;;;2;0;2;0.0;1029354.09;1689.8;462928.26;464618.06;99.6;;0.4514;0.0;0.0;0;0;0;0;0;0;0;3.685;3.0;0.0;Pequeno Porte
08184185000143;NOFOCO FILMES PRODUÇÕES CINEMATOGRAFICAS LTDA;RJ;Brasileiro independente;1;0;1;0.0;948326.4;0.0;442552.32;442552.32;100.0;;0.4667;0.0;0.0;0;0;0;0;0;0;0;;;0.0;Pequeno Porte
08215198000132;;;;1;0;1;0.0;208841.76;0.0;0.0;0.0;0.0;;0.0;0.0;0.0;0;0;0;0;0;0;0;3.2;0.0;0.0;Pequeno Porte
08233638000184;POSTURA DIGITAL FILMES EIRELI;MG;Brasileiro independente;3;1;3;766171.2;1814067.8;63695.52;89220.66;152916.18;58.3;0.1996;0.0843;0.0;0.0;0;0;0;0;0;0;0;3.984;;0.0;Pequeno Porte
08254467000170;MARREVOLTO PRODUCOES LTDA;CE;Brasileiro independente;6;4;0;5341217.56;5341217.56;206891.16;323609.02;530500.18;61.0;0.0993;0.0993;0.0;0.0;0;0;0;0;0;0;0;4.03;0.0;0.0;Fomento Baixo Retorno
08267476000103;OKNA PRODUÇÕES CULTURAIS LTDA;RS;Brasileiro independente;9;5;4;4823948.34;9934303.74;390920.32;580922.42;971842.74;59.8;0.2015;0.0978;2.79;10.1;0;0;3;2;0;26;1715;3.647;8.0;0.0;Fomento Baixo Retorno
08267787000164;MAURICIO DE SOUSA EDITORA LTDA;SP;Brasileiro independente;3;0;3;0.0;16245479.2;0.0;680688.88;680688.88;100.0;;0.0419;0.0;0.0;0;0;0;0;0;0;0;3.9;1.0;0.0;Fomento Baixo Retorno
08287614000108;;;;2;2;1;1750377.21;2388853.21;5645.92;106773.6;112419.52;95.0;0.0642;0.0471;0.0;0.0;0;0;0;0;0;0;0;4.37;0.0;0.0;Pequeno Porte
08296780000170;NEOPLASTIQUE ENTRETENIMENTO LTDA;SP;Brasileiro independente;1;1;1;696097.0;2140498.0;713254.64;202216.14;915470.78;22.1;1.3151;0.4277;0.8;0.8;0;0;1;0;0;4;0;3.3;;0.0;Pequeno Porte
08304465000148;GIOCONDA PRODUÇÕES ARTÍSTICAS E EDIÇÕES CULTURAIS LTDA;SP;Brasileiro independente;2;0;2;0.0;2651609.36;0.0;523325.12;523325.12;100.0;;0.1974;0.15;0.3;0;0;1;0;0;1;0;3.81;0.0;0.0;Pequeno Porte
08345658000147;ARTESÃ COMUNICAÇÃO E FILMES LTDA - ME;RJ;Brasileiro independente;2;0;0;0.0;0.0;1530.76;0.0;1530.76;0.0;;;3.0;6.0;0;0;0;0;1;0;0;;;0.0;Pequeno Porte
08346159000174;MEDIALAND PRODUÇÃO E COMUNICAÇÃO LTDA;SP;Brasileiro independente;5;0;2;0.0;6918377.31;0.0;414463.5;414463.5;100.0;;0.0599;0.0;0.0;0;0;0;0;0;0;0;;0.0;0.0;Fomento Baixo Retorno
08371400000115;;;;5;0;5;0.0;13546650.52;0.0;467445.9;467445.9;100.0;;0.0345;0.0;0.0;0;0;0;0;0;0;0;4.114;0.0;0.0;Fomento Baixo Retorno
08374600000121;;;;1;0;0;0.0;0.0;0.0;89220.66;89220.66;100.0;;;0.0;0.0;0;0;0;0;0;0;0;;;0.0;Pequeno Porte
08378645000174;SPIRIT ENTRETENIMENTO LTDA;PR;Brasileiro independente;4;1;1;80298.59;1694069.7;0.0;718928.34;718928.34;100.0;8.9532;0.4244;0.0;0.0;0;0;0;0;0;0;0;;;0.0;Pequeno Porte
08394172000107;MANDRA FILMES PRODUÇÕES AUDIOVISUAIS LTDA;GO;Brasileiro independente;3;1;1;1487011.0;1706357.2;28050.68;278438.8;306489.48;90.8;0.2061;0.1796;0.0;0.0;0;0;0;0;0;0;0;3.944;;0.0;Pequeno Porte
08408195000115;LAPILAR PRODUCÕES ARTISTICAS LTDA;RJ;Brasileiro independente;1;1;1;2166601.5;3581351.7;23438.52;186853.8;210292.32;88.9;0.0971;0.0587;0.0;0.0;0;0;0;0;0;0;0;;;0.0;Pequeno Porte
08410008000138;DANIEL CAMPANHA LISBOA;BA;Brasileiro independente;2;1;0;274303.95;274303.95;34829.76;89220.66;124050.42;71.9;0.4522;0.4522;0.0;0.0;0;0;0;0;0;0;0;;0.0;0.0;Pequeno Porte
08427088000134;DE FELIPPES FILMES E PRODUÇÕES LTDA;RJ;Brasileiro independente;2;1;2;2505949.2;8174750.99;8215390.12;380989.42;8596379.54;4.4;3.4304;1.0516;1.5;3.0;0;0;1;0;0;15;0;3.92;5.0;0.0;Retorno Doméstico
08429784000180;AURORA FILMES LTDA.;SP;Brasileiro independente;3;2;1;2649371.68;3244176.08;608646.08;284798.66;893444.74;31.9;0.3372;0.2754;5.82;16.75;0;1;2;1;1;24;1525;3.8;2.0;0.0;Retorno Internacional
08440376000129;DELICATESSEN - PRODUÇÃO DE FILMES LTDA.;SP;Brasileiro independente;3;0;3;0.0;8192083.04;0.0;264133.5;264133.5;100.0;;0.0322;0.0;0.0;0;0;0;0;0;0;0;3.85;0.0;0.0;Fomento Baixo Retorno
08449178000126;TIAGO FRANCISCO SCHENK IMAGENS - ME;SP;Brasileiro independente;2;0;2;0.0;4563495.62;0.0;163281.18;163281.18;100.0;;0.0358;0.0;0.0;0;0;0;0;0;0;0;3.77;;0.0;Pequeno Porte
08465974000152;;;;1;1;0;1178736.52;1178736.52;5248.32;0.0;5248.32;0.0;0.0045;0.0045;0.0;0.0;0;0;0;0;0;0;0;3.933;;0.0;Pequeno Porte
08467312000111;;;;1;0;0;0.0;0.0;0.0;202216.14;202216.14;100.0;;;0.0;0.0;0;0;0;0;0;0;0;;;0.0;Pequeno Porte
08517383000181;44 TOONS - PRODUÇÕES ARTÍSTICAS LTDA;SP;Brasileiro independente;4;2;2;6531304.57;10872975.67;2361584.96;557838.54;2919423.5;19.1;0.447;0.2685;0.0;0.0;0;0;0;0;0;0;0;4.028;0.0;0.0;Fomento Baixo Retorno
08542085000141;;;;1;0;1;0.0;164509.65;1013.88;307084.68;308098.56;99.7;;1.8728;0.0;0.0;0;0;0;0;0;0;0;3.2;;0.0;Pequeno Porte
08573621000176;LANTERNINHA PRODUÇÕES LTDA;BA;Brasileiro independente;2;2;0;2268357.91;2268357.91;0.0;333615.8;333615.8;100.0;0.1471;0.1471;0.0;0.0;0;0;0;0;0;0;0;3.856;;0.0;Pequeno Porte
08578658000197;MIL CICLOS PRODUÇÃO AUDIOVISUAL LTDA;MA;Brasileiro independente;1;1;0;243390.32;243390.32;0.0;102156.16;102156.16;100.0;0.4197;0.4197;0.0;0.0;0;0;0;0;0;0;0;;;0.0;Pequeno Porte
08587501000128;CINEMASCOPIO PRODUCOES CINEMATOGRAFICAS E ARTISTICAS;PE;Brasileiro independente;3;1;2;2230516.5;6731791.95;23265086.88;696097.8;23961184.68;2.9;10.7424;3.5594;34.31;41.6;0;3;3;3;2;77;463823;3.8;;0.0;Duplo Retorno
08651642000162;;;;1;0;0;0.0;0.0;0.0;86664.06;86664.06;100.0;;;0.0;0.0;0;0;0;0;0;0;0;2.4;;0.0;Pequeno Porte
08662115000153;ESTRICNINA DESENHOS ANIMADOS LTDA;SP;Brasileiro independente;4;0;1;0.0;3290193.0;0.0;1428104.08;1428104.08;100.0;;0.434;0.0;0.0;0;0;0;0;0;0;0;;;0.0;Pequeno Porte
08677301000166;LACUNA FILMES LTDA;SP;Brasileiro independente;1;0;1;0.0;3288473.44;4073133.68;358583.54;4431717.22;8.1;;1.3477;14.26;14.26;0;1;0;1;0;0;36402;3.965;0.0;0.0;Duplo Retorno
08681701000145;MENDINA DE MORAIS SANTOS PRODUÇÕES LTDA.;RS;Brasileiro independente;2;2;1;1604903.0;2754159.8;17534.16;156697.32;174231.48;89.9;0.1086;0.0633;0.0;0.0;0;0;0;0;0;0;0;3.4;0.0;0.0;Pequeno Porte
08703139000103;A. J. DA SILVA - PRODUTORA - ME;SP;Brasileiro independente;2;0;2;0.0;1662324.08;0.0;169300.86;169300.86;100.0;;0.1018;0.0;0.0;0;0;0;0;0;0;0;3.782;3.0;0.0;Pequeno Porte
08708048000160;POLAR FILMES, EVENTOS CULTURAIS E ARTISTICOS LTDA EPP;SP;Brasileiro independente;5;0;5;0.0;12373434.02;0.0;436808.76;436808.76;100.0;;0.0353;0.0;0.0;0;0;0;0;0;0;0;;1.0;0.0;Fomento Baixo Retorno
08747116000109;LEMINISCATA FILMES LTDA-ME;SP;Brasileiro independente;1;0;1;0.0;347014.2;1133.16;373707.6;374840.76;99.7;;1.0802;0.0;0.0;0;0;0;0;0;0;0;;;0.0;Pequeno Porte
08752098000145;SERTÃO PRODUÇÕES ARTÍSTICAS E CINEMATOGRÁFICAS LTDA;GO;Brasileiro independente;1;0;1;0.0;213005.68;0.0;0.0;0.0;0.0;;0.0;0.0;0.0;0;0;0;0;0;0;0;;3.0;0.0;Pequeno Porte
08788322000159;;;;1;0;1;0.0;289371.3;0.0;86664.06;86664.06;100.0;;0.2995;0.0;0.0;0;0;0;0;0;0;0;4.3;;0.0;Pequeno Porte
08790022000104;NATION PRODUCTION AND CONTENT SERVICES BRAZIL LTDA;SP;Brasileiro independente;1;0;1;0.0;624544.62;0.0;0.0;0.0;0.0;;0.0;0.0;0.0;0;0;0;0;0;0;0;;0.0;0.0;Pequeno Porte
08821187000104;OURO 21 PRODUÇÃO DE FILMES LTDA;SP;Brasileiro independente;1;1;1;3498376.0;14114747.4;7591555.72;576898.56;8168454.28;7.1;2.3349;0.5787;1.2;1.2;0;0;1;0;0;6;0;3.793;;0.0;Fomento Baixo Retorno
08847593000138;PAVIRADA FILMES E PRODUÇÕES LTDA;DF;Brasileiro independente;3;1;2;56664.86;821122.23;275656.08;580131.24;855787.32;67.8;15.1026;1.0422;0.0;0.0;0;0;0;0;0;0;0;4.141;;0.0;Pequeno Porte
08991631000121;;;;3;1;1;2002005.0;9279365.22;49063.84;226179.18;275243.02;82.2;0.1375;0.0297;0.0;0.0;0;0;0;0;0;0;0;2.817;0.0;0.0;Fomento Baixo Retorno
09005783000170;;;;2;0;2;0.0;314511.11;70096.88;378100.86;448197.74;84.4;;1.4251;0.0;0.0;0;0;0;0;0;0;0;;;0.0;Pequeno Porte
09011546000112;GMB PRODUTORA DE CINEMA E VIDEO LTDA;BA;Brasileiro independente;1;0;1;0.0;383855.85;0.0;0.0;0.0;0.0;;0.0;0.0;0.0;0;0;0;0;0;0;0;;;0.0;Pequeno Porte
09012841000193;BARRY COMPANY PRODUÇÕES AUDIOVISUAIS LTDA;SP;Brasileiro independente;1;0;1;0.0;459189.0;0.0;535323.96;535323.96;100.0;;1.1658;0.0;0.0;0;0;0;0;0;0;0;4.3;;0.0;Pequeno Porte
09019897000170;OLÉ PRODUÇÕES LTDA;SP;Brasileiro independente;4;0;2;0.0;1868592.9;4771.2;561969.62;566740.82;99.2;;0.3033;0.0;0.0;0;0;0;0;0;0;0;3.85;0.0;0.0;Pequeno Porte
09023910000164;NICLO CONTEUDO E ENTRETENIMENTO LTDA - EPP;BA;Brasileiro independente;1;0;0;0.0;0.0;0.0;76617.12;76617.12;100.0;;;0.0;0.0;0;0;0;0;0;0;0;4.05;;0.0;Pequeno Porte
09028371000156;TORTUGA STUDIOS PRODUTORA DE FILMES LTDA;SP;Brasileiro independente;3;1;0;3161088.0;3161088.0;536.76;106773.6;107310.36;99.5;0.0339;0.0339;0.0;0.0;0;0;0;0;0;0;0;3.86;;0.0;Pequeno Porte
09047640000121;ROSANA URBES - EPP;SP;Brasileiro independente;1;0;1;0.0;209660.0;0.0;0.0;0.0;0.0;;0.0;0.0;0.0;0;0;0;0;0;0;0;;;0.0;Pequeno Porte
09059127000150;COLATERAL FILMES LTDA.;RS;Brasileiro independente;1;0;0;0.0;0.0;0.0;76617.12;76617.12;100.0;;;0.0;0.0;0;0;0;0;0;0;0;;;0.0;Pequeno Porte
09064138000129;JACQUELINE FILMES LTDA;RJ;Brasileiro independente;1;0;1;0.0;231431.78;14711.2;373707.6;388418.8;96.2;;1.6783;1.2;1.2;0;0;1;0;0;6;0;3.927;;0.0;Pequeno Porte
09065789000133;400 FILMES - SERVIÇOS DE PRODUÇÃO LTDA ME;DF;Brasileiro independente;3;2;1;4696847.85;5011337.85;91925.12;172752.3;264677.42;65.3;0.0564;0.0528;4.5;13.5;0;1;1;0;1;17;0;3.675;;0.0;Retorno Internacional
09084382000153;DEZESSEIS POR NOVE PRODUÇÕES CINEMATOGRÁFICAS LTDA;RJ;Brasileiro independente;1;0;0;0.0;0.0;0.0;62898.0;62898.0;100.0;;;0.0;0.0;0;0;0;0;0;0;0;4.0;1.0;0.0;Pequeno Porte
09085894000134;MAISON DU CINEMA PRODUCOES AUDIOVISUAIS LTDA - ME;GO;Brasileiro independente;2;1;1;1252974.6;1581993.9;0.0;0.0;0.0;0.0;0.0;0.0;0.0;0.0;0;0;0;0;0;0;0;3.8;;0.0;Pequeno Porte
09095244000170;RACONTO PRODUCOES ARTISTICAS LTDA;RJ;Brasileiro independente;2;1;1;3780942.18;7611798.18;27951876.4;253632.26;28205508.66;0.9;7.4599;3.7055;0.0;0.0;0;0;0;0;0;0;0;2.585;;0.0;Retorno Doméstico
09107296000119;3 TABELA FILMES E PRODUÇÕES ARTÍSTICAS LTDA;RJ;Brasileiro independente;5;3;3;6574688.99;12286202.05;176733.2;999398.04;1176131.24;85.0;0.1789;0.0957;0.34;1.7;0;0;1;0;0;8;0;3.838;15.0;0.0;Fomento Baixo Retorno
09112697000167;MAGNIFICA LOCACOES LTDA;RJ;Brasileiro independente;1;0;1;0.0;790272.0;0.0;221276.16;221276.16;100.0;;0.28;0.0;0.0;0;0;0;0;0;0;0;3.5;0.0;0.0;Pequeno Porte
09124563000166;SANTA LUZIA FILMES E PRODUÇÕES ARTÍSTICAS LTDA;BA;Brasileiro independente;3;2;2;1948549.51;7886873.34;30197.72;475115.54;505313.26;94.0;0.2593;0.0641;3.84;11.51;0;0;1;1;0;8;1483;3.879;0.0;0.0;Fomento Baixo Retorno
09137251000197;;;;1;1;1;2885201.11;3996981.22;0.0;106773.6;106773.6;100.0;0.037;0.0267;0.0;0.0;0;0;0;0;0;0;0;;;0.0;Pequeno Porte
09163772000119;MANJERICAO FILMES LTDA;SP;Brasileiro independente;1;0;0;0.0;0.0;0.0;86664.06;86664.06;100.0;;;0.0;0.0;0;0;0;0;0;0;0;;0.0;0.0;Pequeno Porte
09165924000112;P. G. C. MARTONI DA NOBREGA - PRODUCAO CINEMATOGRAFICA;SP;Brasileiro independente;1;0;1;0.0;1131254.86;0.0;86664.06;86664.06;100.0;;0.0766;0.0;0.0;0;0;0;0;0;0;0;4.4;;0.0;Pequeno Porte
09174621000166;HDANIEL STUDIO LTDA;RJ;Brasileiro independente;2;0;2;0.0;2053734.42;0.0;202413.12;202413.12;100.0;;0.0986;0.0;0.0;0;0;0;0;0;0;0;3.0;0.0;0.0;Pequeno Porte
09180984000104;CONSPIRAÇÃO FILMES ENTRETENIMENTO 3º MILÊNIO LTDA.;RJ;Brasileiro independente;30;3;28;12649668.95;164042508.08;109163147.52;5378796.08;114541943.6;4.7;9.0549;0.6982;0.54;14.45;0;1;3;1;0;25;1055;3.838;10.0;0.0;Duplo Retorno
09193471000138;CINEFILM PRODUÇÕES CINEMATOGRÁFICAS LTDA-ME;SP;Brasileiro independente;2;0;2;0.0;5302331.73;0.0;169300.86;169300.86;100.0;;0.0319;0.0;0.0;0;0;0;0;0;0;0;;0.0;0.0;Fomento Baixo Retorno
09193884000112;CAIPORA FILMES E PRODUCOES ARTISTICAS EIRELI;BA;Brasileiro independente;1;1;1;301635.42;914063.17;0.0;65803.86;65803.86;100.0;0.2182;0.072;0.0;0.0;0;0;0;0;0;0;0;;;0.0;Pequeno Porte
09207344000140;EDER SAN JÚNIOR CINEMATOGRÁFICA E ARTE LTDA;MG;Brasileiro independente;2;1;0;1094640.38;1094640.38;16878.12;65803.86;82681.98;79.6;0.0755;0.0755;0.0;0.0;0;0;0;0;0;0;0;;7.0;0.0;Pequeno Porte
09218906000151;;;;1;0;1;0.0;102284.89;0.0;0.0;0.0;0.0;;0.0;0.0;0.0;0;0;0;0;0;0;0;;;0.0;Pequeno Porte
09225539000113;AIUÊ PRODUTORA E EDITORA LTDA - ME;SP;Brasileiro independente;1;0;0;0.0;0.0;68248.04;307084.68;375332.72;81.8;;;0.0;0.0;0;0;0;0;0;0;0;;4.0;0.0;Pequeno Porte
09260004000183;TERRA FIRME PRODUÇÕES CINEMATOGRÁFICAS LTDA;SP;Brasileiro independente;3;1;2;556877.6;2339924.4;21530.04;445991.92;467521.96;95.4;0.8395;0.1998;0.0;0.0;0;0;0;0;0;0;0;3.962;11.0;0.0;Pequeno Porte
09261668000167;ACERE PRODUÇÃO ARTÍSTICA E CULTURAL LTDA;SP;Brasileiro independente;1;1;1;2564569.52;3286770.02;58069.48;86664.06;144733.54;59.9;0.0564;0.044;3.5;3.5;0;0;1;0;0;17;0;3.5;;0.0;Pequeno Porte
09266100000139;SANZALA ARTISTICA CULTURAL PRODUÇAO E PROMOÇAO ARTISTICA CULTURAL E TURISTICA LTDA;BA;Brasileiro independente;1;0;0;0.0;0.0;6321.84;255390.4;261712.24;97.6;;;0.0;0.0;0;0;0;0;0;0;0;3.845;;0.0;Pequeno Porte
09271593000103;SALIVA PRODUCOES CINEMATOGRAFICAS LTDA;SP;Brasileiro independente;1;0;1;0.0;144440.1;116337.76;404432.28;520770.04;77.7;;3.6054;1.9;1.9;0;0;1;0;0;9;0;;16.0;0.0;Pequeno Porte
09274726000197;DEZ E VINTE PRODUCOES CINEMATOGRAFICAS LTDA;SP;Brasileiro independente;1;0;0;0.0;0.0;0.0;0.0;0.0;0.0;;;0.0;0.0;0;0;0;0;0;0;0;;;0.0;Pequeno Porte
09281789000170;POPCON PRODUÇÕES LTDA;SP;Brasileiro independente;5;0;5;0.0;14238417.26;19462.52;488666.58;508129.1;96.2;;0.0357;0.0;0.0;0;0;0;0;0;0;0;3.867;1.0;0.0;Fomento Baixo Retorno
09287514000144;;;;1;1;1;790272.0;2392526.35;159020.12;208181.54;367201.66;56.7;0.4647;0.1535;11.6;11.6;0;0;1;0;1;8;0;;12.0;0.0;Pequeno Porte
09291317000107;LOCKHEART FILMES LTDA.;RS;Brasileiro independente;2;1;0;2384706.05;2384706.05;2683.8;160160.4;162844.2;98.4;0.0683;0.0683;3.5;7.0;0;0;1;0;0;35;0;;2.0;0.0;Pequeno Porte
09322209000146;CIRANDA FILMES E VIDEOS LTDA;RJ;Brasileiro independente;4;0;3;0.0;4627650.34;0.0;315399.84;315399.84;100.0;;0.0682;0.0;0.0;0;0;0;0;0;0;0;3.622;0.0;0.0;Pequeno Porte
09324313000170;COM DOMÍNIO PRODUÇÕES LTDA;RJ;Brasileiro independente;1;0;1;0.0;878097.74;6600.16;102735.36;109335.52;94.0;;0.1245;0.0;0.0;0;0;0;0;0;0;0;3.32;;0.0;Pequeno Porte
09325623000109;IMMAGINI ANIMATION STUDIOS BRASIL LTDA;MG;Brasileiro independente;1;1;0;2202133.39;2202133.39;1021672.96;65803.86;1087476.82;6.1;0.4938;0.4938;0.0;0.0;0;0;0;0;0;0;0;4.0;4.0;0.0;Pequeno Porte
09355997000177;;;;2;1;0;190337.41;190337.41;0.0;0.0;0.0;0.0;0.0;0.0;0.0;0.0;0;0;0;0;0;0;0;4.0;0.0;0.0;Pequeno Porte
09369796000129;FABULAS FILMES LTDA;ES;Brasileiro independente;2;2;0;3302150.43;3302150.43;22543.92;163281.18;185825.1;87.9;0.0563;0.0563;0.0;0.0;0;0;0;0;0;0;0;2.975;;0.0;Pequeno Porte
09385866000132;ALTO PARAÍSO PRODUÇÕES LTDA;SP;Brasileiro independente;1;0;1;0.0;576757.18;146893.32;373707.6;520600.92;71.8;;0.9026;0.0;0.0;0;0;0;0;0;0;0;;;0.0;Pequeno Porte
09397798000121;KLAXON CULTURA AUDIOVISUAL LTDA-ME;SP;Brasileiro independente;4;1;1;473345.96;3373017.41;107570.68;581889.14;689459.82;84.4;1.4566;0.2044;1.8;3.1;0;0;3;0;0;15;0;3.966;;0.0;Pequeno Porte
09409976000197;SYNDROME FILMES E PRODUÇÕES CINEMATOGRÁFICAS LTDA;RJ;Brasileiro independente;2;2;0;2615616.21;2615616.21;254841.72;172752.3;427594.02;40.4;0.1635;0.1635;15.15;27.6;0;1;2;0;1;88;0;3.5;2.0;0.0;Retorno Internacional
09416289000107;LATINAMERICA ENTRETENIMENTO INTERNACIONAL LTDA;SP;Brasileiro independente;3;0;3;0.0;25887736.45;15739830.96;304837.26;16044668.22;1.9;;0.6198;4.72;11.75;0;0;1;1;0;12;5727;3.452;;0.0;Retorno Doméstico
09437566000150;GRAFO AUDIOVISUAL LTDA;PR;Brasileiro independente;9;8;2;13449292.4;18339433.96;920762.08;1099778.34;2020540.42;54.4;0.1502;0.1102;5.88;31.95;0;1;7;1;1;49;7171;3.626;5.0;0.0;Retorno Internacional
09461800000184;CONTEÚDOS DIVERSOS PRODUÇÕES LTDA.;SP;Brasileiro independente;1;0;1;0.0;480439.61;0.0;106773.6;106773.6;100.0;;0.2222;0.0;0.0;0;0;0;0;0;0;0;;;0.0;Pequeno Porte
09486710000148;TRILHA MIDIA PRODUCAO CINEMATOGRAFICA LTDA;SP;Brasileiro independente;1;0;0;0.0;0.0;8707.44;115552.08;124259.52;93.0;;;0.0;0.0;0;0;0;0;0;0;0;;1.0;0.0;Pequeno Porte
09491939000170;KANA FILMES E PRODUÇÕES LTDA.;SP;Brasileiro independente;1;1;1;548365.5;4913354.88;40157.6;307084.68;347242.28;88.4;0.6332;0.0707;0.0;0.0;0;0;0;0;0;0;0;3.5;;0.0;Pequeno Porte
09494764000155;MASSA REAL PRODUCOES CINEMATOGRAFICAS LTDA;SP;Brasileiro independente;2;0;2;0.0;809201.78;0.0;189665.28;189665.28;100.0;;0.2344;0.0;0.0;0;0;0;0;0;0;0;3.075;;0.0;Pequeno Porte
09505106000111;ARISSAS MULTIMIDIA LTDA;RJ;Brasileiro independente;2;1;1;348048.5;526259.5;60176.76;62898.0;123074.76;51.1;0.3536;0.2339;15.08;30.15;0;1;1;1;1;36;13883;4.261;;0.0;Retorno Internacional
09506070000190;QUINTAL DIGITAL PRODUÇÕES LTDA;SP;Brasileiro independente;2;1;2;4176582.0;11846890.99;42916725.32;186853.8;43103579.12;0.4;10.3203;3.6384;1.35;2.7;0;0;1;0;0;13;0;3.9;20.0;0.0;Retorno Doméstico
09514197000151;;;;1;0;1;0.0;355094.29;0.0;0.0;0.0;0.0;;0.0;0.0;0.0;0;0;0;0;0;0;0;;1.0;0.0;Pequeno Porte
09514942000162;TVA2 PRODUÇÕES LTDA.;RJ;Brasileiro independente;1;0;1;0.0;4176145.57;14910.0;62898.0;77808.0;80.8;;0.0186;0.0;0.0;0;0;0;0;0;0;0;3.2;0.0;0.0;Pequeno Porte
09535973000108;TURBILHAO DE IDEIAS CULTURA E ENTRETENIMENTO LTDA - ME;RJ;Brasileiro independente;1;0;1;0.0;274182.75;406824.32;307084.68;713909.0;43.0;;2.6038;0.0;0.0;0;0;0;0;0;0;0;;1.0;0.0;Pequeno Porte
09547615000107;TACACÁ FILMES LTDA;RJ;Brasileiro independente;1;0;1;0.0;510780.8;14790.72;459702.72;474493.44;96.9;;0.929;0.0;0.0;0;0;0;0;0;0;0;3.6;;0.0;Pequeno Porte
09551826000113;COPA STUDIO PRODUTORA AUDIOVISUAL LTDA;RJ;Brasileiro independente;10;1;6;6202224.27;51630653.98;101745.84;1766767.54;1868513.38;94.6;0.3013;0.0362;0.2;2.0;0;0;1;0;0;10;0;3.3;;0.0;Fomento Baixo Retorno
09558964000124;PAULO AUGUSTO P. CASÉ LTDA;RJ;Brasileiro independente;4;3;4;6847906.76;22926032.27;42326030.88;932783.68;43258814.56;2.2;6.3171;1.8869;0.0;0.0;0;0;0;0;0;0;0;3.232;7.0;0.0;Retorno Doméstico
09601928000104;ZÓIO COMUNICAÇÃO LTDA;AL;Brasileiro independente;1;0;0;0.0;0.0;0.0;0.0;0.0;0.0;;;0.0;0.0;0;0;0;0;0;0;0;;;0.0;Pequeno Porte
09616650000130;FAISSOL ARTES VISUAIS LTDA;RJ;Brasileiro independente;1;0;1;0.0;331080.33;0.0;357546.56;357546.56;100.0;;1.0799;0.0;0.0;0;0;0;0;0;0;0;3.648;;0.0;Pequeno Porte
09629963000123;;;;2;0;1;0.0;4333203.0;0.0;170195.7;170195.7;100.0;;0.0393;0.0;0.0;0;0;0;0;0;0;0;4.5;10.0;0.0;Pequeno Porte
09640643000174;ASK THE RABBIT ENTRETENIMENTO LTDA;SP;Brasileiro independente;2;0;2;0.0;1095295.78;81925.48;418084.1;500009.58;83.6;;0.4565;0.0;0.0;0;0;0;0;0;0;0;3.9;;0.0;Pequeno Porte
09719793000178;MANJUBINHA FILMES LTDA;RJ;Brasileiro independente;3;0;3;0.0;7484058.2;0.0;226179.18;226179.18;100.0;;0.0302;0.0;0.0;0;0;0;0;0;0;0;;0.0;0.0;Fomento Baixo Retorno
09942024000134;SÍMIO FILMES LTDA;PE;Brasileiro independente;2;1;0;488351.98;488351.98;111705.72;0.0;111705.72;0.0;0.2287;0.2287;3.3;6.6;0;0;1;0;0;33;0;3.508;0.0;0.0;Pequeno Porte
10144873000121;GINJA FILMES & PRODUÇÕES LTDA.;RJ;Brasileiro independente;1;0;1;0.0;266934.0;0.0;0.0;0.0;0.0;;0.0;0.0;0.0;0;0;0;0;0;0;0;;0.0;0.0;Pequeno Porte
10208060000158;;;;1;0;0;0.0;0.0;0.0;209902.56;209902.56;100.0;;;0.0;0.0;0;0;0;0;0;0;0;;0.0;0.0;Pequeno Porte
10220793000108;CAFUNDO ESTUDIO CRIATIVO LTDA;SC;Brasileiro independente;1;0;1;0.0;527206.36;0.0;86664.06;86664.06;100.0;;0.1644;0.0;0.0;0;0;0;0;0;0;0;;;0.0;Pequeno Porte
10233319000110;MESMO ASSIM A GENTE FAZ NA LATA ABSOLUTA PRODUCOES CINEMATROGRAFICA LTDA;PE;Brasileiro independente;1;0;1;0.0;2998012.2;0.0;0.0;0.0;0.0;;0.0;0.0;0.0;0;0;0;0;0;0;0;3.152;;0.0;Pequeno Porte
10305776000173;;;;1;0;1;0.0;409309.99;0.0;104951.28;104951.28;100.0;;0.2564;0.0;0.0;0;0;0;0;0;0;0;4.1;0.0;0.0;Pequeno Porte
10306335000196;MONKEY FILMES LTDA;MT;Brasileiro independente;1;1;0;166105.39;166105.39;0.0;76617.12;76617.12;100.0;0.4613;0.4613;0.0;0.0;0;0;0;0;0;0;0;;;0.0;Pequeno Porte
10358078000136;FINA FLOR PRODUTORA DE FILMES LTDA.;RJ;Brasileiro independente;2;0;2;0.0;1029373.05;516.88;188482.92;188999.8;99.7;;0.1836;0.0;0.0;0;0;0;0;0;0;0;3.656;;0.0;Pequeno Porte
10387192000194;MÍNIMA - CONCEPÇÃO, EDITORA E PRODUÇÃO VISUAL LTDA;RS;Brasileiro independente;1;1;1;1399350.4;4281502.73;163950.36;189665.28;353615.64;53.6;0.2527;0.0826;0.0;0.0;0;0;0;0;0;0;0;;;0.0;Pequeno Porte
10407637000150;VACA AMARELA FILMES LTDA;MG;Brasileiro independente;2;2;1;1713716.28;2854266.68;21510.16;76617.12;98127.28;78.1;0.0573;0.0344;0.0;0.0;0;0;0;0;0;0;0;4.2;;0.0;Pequeno Porte
10433648000105;STAIRS PRODUCOES AUDIOVISUAIS LTDA;PB;Brasileiro independente;1;1;0;3302437.57;3302437.57;0.0;0.0;0.0;0.0;0.0;0.0;0.0;0.0;0;0;0;0;0;0;0;3.343;;0.0;Pequeno Porte
10441993000190;SOBRETUDO PRODUÇÃO AUDIOVISUAL E ARTÍSTICA LTDA.;RJ;Brasileiro independente;1;1;1;2166601.5;4800315.0;86736.44;76617.12;163353.56;46.9;0.0754;0.034;14.76;14.76;0;1;1;1;1;14;1429;2.8;3.0;0.0;Retorno Internacional
10445307000150;INTERFACE FILMES LTDA;SP;Brasileiro independente;2;0;1;0.0;51078.08;0.0;104951.28;104951.28;100.0;;2.0547;0.0;0.0;0;0;0;0;0;0;0;;;0.0;Pequeno Porte
10459299000109;JANEIRO FILMES LTDA;RJ;Brasileiro independente;1;0;1;0.0;402313.24;0.0;244886.32;244886.32;100.0;;0.6087;0.0;0.0;0;0;0;0;0;0;0;4.185;0.0;0.0;Pequeno Porte
10468552000182;ATELIER W PRODUCOES CINEMATOGRAFICAS LTDA;RS;Brasileiro independente;2;1;0;641314.04;641314.04;55147.12;277795.46;332942.58;83.4;0.5192;0.5192;10.45;11.5;0;0;2;0;2;47;0;;14.0;0.0;Pequeno Porte
10473332000147;ODUN PRODUÇÃO DE BENS CULTURAIS LTDA;SP;Brasileiro independente;1;1;0;1740242.5;1740242.5;536.76;76617.12;77153.88;99.3;0.0443;0.0443;0.0;0.0;0;0;0;0;0;0;0;4.123;;0.0;Pequeno Porte
10476872000184;REALEJO FILMES E PRODUÇÕES ARTÍSTICAS E CINEMATOGRÁFICA LTDA;SP;Brasileiro independente;2;0;2;0.0;4679686.95;0.0;763521.92;763521.92;100.0;;0.1632;0.0;0.0;0;0;0;0;0;0;0;4.043;2.0;0.0;Pequeno Porte
10479453000104;TRAILER FILMES LTDA;SP;Brasileiro independente;1;0;0;0.0;0.0;20734.84;307084.68;327819.52;93.7;;;0.0;0.0;0;0;0;0;0;0;0;3.6;;0.0;Pequeno Porte
10502952000167;OSS PRODUCOES LTDA;SP;Brasileiro independente;1;0;1;0.0;2454140.5;0.0;104951.28;104951.28;100.0;;0.0428;0.0;0.0;0;0;0;0;0;0;0;;;0.0;Pequeno Porte
10505568000118;CARIRI PRODUÇÕES ARTÍSTICAS LTDA.;CE;Brasileiro independente;4;3;1;4671679.63;6039716.38;15904.0;142978.2;158882.2;90.0;0.034;0.0263;0.0;0.0;0;0;0;0;0;0;0;3.319;0.0;0.0;Fomento Baixo Retorno
10519798000136;NOVA TRINITI COMUNICACAO E PRODUCAO ARTISTICA LTDA;RJ;Brasileiro independente;2;1;1;290058.0;1427463.5;10576.16;62898.0;73474.16;85.6;0.2533;0.0515;0.0;0.0;0;0;0;0;0;0;0;3.767;;0.0;Pequeno Porte
10532883000134;MS PRODUCOES EIRELI - ME;MG;Brasileiro independente;3;0;2;0.0;2611612.6;0.0;257069.94;257069.94;100.0;;0.0984;0.0;0.0;0;0;0;0;0;0;0;;;0.0;Pequeno Porte
10551469000172;ALICE FANNY RIFF-PRODUCOES AUDIVISUAIS E CULTURAIS-ME;SP;Brasileiro independente;3;1;1;116023.2;394462.0;54212.76;167063.28;221276.04;75.5;1.9072;0.561;0.0;0.0;0;0;0;0;0;0;0;3.4;2.0;0.0;Pequeno Porte
10615584000163;3 MOINHOS PRODUCOES ARTISTICAS LTDA;RJ;Brasileiro independente;2;1;1;233551.5;616637.1;41111.84;0.0;41111.84;0.0;0.176;0.0667;0.0;0.0;0;0;0;0;0;0;0;3.77;;0.0;Pequeno Porte
10626318000136;;;;1;0;1;0.0;1034369.25;0.0;80080.2;80080.2;100.0;;0.0774;0.0;0.0;0;0;0;0;0;0;0;3.7;;0.0;Pequeno Porte
10645895000175;MIGDAL PRODUÇÕES CINEMATOGRÁFICAS LTDA.;RJ;Brasileiro independente;11;4;11;15350721.32;61067154.78;438182137.4;2977429.91;441159567.31;0.7;28.7387;7.2242;2.57;25.34;0;1;5;1;0;59;19926;3.756;5.0;0.0;Duplo Retorno
10679333000142;PIGMENTO CINEMATOGRAFICO LTDA;PB;Brasileiro independente;1;1;0;62284.6;62284.6;0.0;0.0;0.0;0.0;0.0;0.0;0.0;0.0;0;0;0;0;0;0;0;;;0.0;Pequeno Porte
10696683000117;;;;1;1;0;67405.86;67405.86;0.0;160160.4;160160.4;100.0;2.3761;2.3761;0.0;0.0;0;0;0;0;0;0;0;;;0.0;Pequeno Porte
10701739000184;;;;1;0;1;0.0;587213.19;0.0;94832.64;94832.64;100.0;;0.1615;0.0;0.0;0;0;0;0;0;0;0;3.5;1.0;0.0;Pequeno Porte
10712207000142;DOBLE V PRODUCOES LTDA;RJ;Brasileiro independente;1;0;1;0.0;673083.18;0.0;0.0;0.0;0.0;;0.0;0.0;0.0;0;0;0;0;0;0;0;4.252;;0.0;Pequeno Porte
10730207000175;HYPE STUDIO COMPUTACAO GRAFICA LTDA;RS;Brasileiro independente;1;0;1;0.0;1468137.0;0.0;373707.6;373707.6;100.0;;0.2545;0.0;0.0;0;0;0;0;0;0;0;;;0.0;Pequeno Porte
10731397000145;MIRADA FILMES LTDA;RJ;Brasileiro independente;1;0;1;0.0;487992.96;0.0;0.0;0.0;0.0;;0.0;0.0;0.0;0;0;0;0;0;0;0;;4.0;0.0;Pequeno Porte
10773468000172;CANAL DE VENDAS JP VÍDEO LTDA;PB;Brasileiro independente;2;2;0;789605.87;789605.87;2942.24;0.0;2942.24;0.0;0.0037;0.0037;0.0;0.0;0;0;0;0;0;0;0;4.055;1.0;0.0;Pequeno Porte
10780165000187;ANTI FILMES PRODUCOES LTDA;RS;Brasileiro independente;2;0;1;0.0;316108.8;4632.04;157730.64;162362.68;97.1;;0.5136;0.0;0.0;0;0;0;0;0;0;0;4.122;;0.0;Pequeno Porte
10812537000100;ZEZA FILMES LTDA;SP;Brasileiro independente;1;0;0;0.0;0.0;18051.04;173328.12;191379.16;90.6;;;9.41;9.41;0;0;0;1;0;0;1020;;6.0;0.0;Pequeno Porte
10823162000183;ARIANE DOS SANTOS PEREIRA;RN;Brasileiro independente;1;1;0;49566.54;49566.54;0.0;0.0;0.0;0.0;0.0;0.0;0.0;0.0;0;0;0;0;0;0;0;4.5;2.0;0.0;Pequeno Porte
10825940000173;;;;1;0;1;0.0;1441716.64;0.0;89220.66;89220.66;100.0;;0.0619;0.0;0.0;0;0;0;0;0;0;0;3.962;;0.0;Pequeno Porte
10831015000155;;;;1;1;1;1862910.41;1882930.46;4691.68;80080.2;84771.88;94.5;0.0455;0.045;0.0;0.0;0;0;0;0;0;0;0;4.225;3.0;0.0;Pequeno Porte
10874608000107;;;;5;0;5;0.0;9204361.45;0.0;464890.84;464890.84;100.0;;0.0505;0.0;0.0;0;0;0;0;0;0;0;3.943;16.0;0.0;Fomento Baixo Retorno
10899485000150;IMAGINAR EMPREENDIMENTOS E PARTICIPACOES LTDA;RJ;Brasileiro independente;6;0;6;0.0;8946586.59;0.0;760290.38;760290.38;100.0;;0.085;0.0;0.0;0;0;0;0;0;0;0;3.612;;0.0;Fomento Baixo Retorno
10922699000109;;;;1;0;1;0.0;31310.47;0.0;0.0;0.0;0.0;;0.0;0.0;0.0;0;0;0;0;0;0;0;3.771;;0.0;Pequeno Porte
10957732000128;IT FILMES, COMUNICAÇÃO E ENTRETENIMENTO LTDA;MG;Brasileiro independente;1;0;1;0.0;1577431.73;56379.68;218648.5;275028.18;79.5;;0.1744;0.0;0.0;0;0;0;0;0;0;0;;0.0;0.0;Pequeno Porte
11000556000102;;;;1;0;1;0.0;7238245.84;192339.0;0.0;192339.0;0.0;;0.0266;7.1;7.1;0;0;1;0;0;35;0;3.673;;0.0;Fomento Baixo Retorno
11035916000101;;;;1;0;0;0.0;0.0;0.0;202216.14;202216.14;100.0;;;0.0;0.0;0;0;0;0;0;0;0;;;0.0;Pequeno Porte
11073883000186;;;;1;0;1;0.0;1809692.39;2234989.12;542759.02;2777748.14;19.5;;1.5349;0.0;0.0;0;0;0;0;0;0;0;3.759;;0.0;Retorno Doméstico
11086688000190;OPALA FILMES LTDA-ME;SP;Brasileiro independente;1;0;1;0.0;572895.95;0.0;62898.0;62898.0;100.0;;0.1098;0.0;0.0;0;0;0;0;0;0;0;3.862;3.0;0.0;Pequeno Porte
11101993000104;MIRÍADE FILMES E PRODUÇÕES ARTÍSTICAS LTDA;SP;Brasileiro independente;2;2;1;375264.07;1844068.15;200947.04;577806.96;778754.0;74.2;2.0752;0.4223;10.4;20.8;4;1;1;0;1;64;0;3.6;0.0;0.0;Retorno Internacional
11136684000170;;;;1;0;1;0.0;484436.74;0.0;189665.28;189665.28;100.0;;0.3915;0.0;0.0;0;0;0;0;0;0;0;;;0.0;Pequeno Porte
11140814000148;PARANOID FILMES LTDA;SP;Brasileiro independente;3;1;3;2888802.0;12078812.31;237486.48;743702.52;981189.0;75.8;0.3397;0.0812;0.0;0.0;0;0;0;0;0;0;0;4.126;;0.0;Fomento Baixo Retorno
11157228000106;TODOS OS CANTOS FILMES LTDA;BA;Brasileiro independente;1;0;0;0.0;0.0;0.0;202216.14;202216.14;100.0;;;0.0;0.0;0;0;0;0;0;0;0;;;0.0;Pequeno Porte
11179178000168;;;;1;0;1;0.0;1103492.11;100851.24;209902.56;310753.8;67.5;;0.2816;0.0;0.0;0;0;0;0;0;0;0;;;0.0;Pequeno Porte
11187365000193;;;;1;0;0;0.0;0.0;18786.6;189665.28;208451.88;91.0;;;0.0;0.0;0;0;0;0;0;0;0;;;0.0;Pequeno Porte
11199599000150;LUSCO FUSCO FILMES LTDA - EPP;SP;Brasileiro independente;1;0;1;0.0;191542.8;0.0;76617.12;76617.12;100.0;;0.4;0.0;0.0;0;0;0;0;0;0;0;;;0.0;Pequeno Porte
11223363000102;CABRAFULO PRODUÇÃO CULTURAL LTDA;PE;Brasileiro independente;1;1;0;342923.91;342923.91;0.0;0.0;0.0;0.0;0.0;0.0;0.0;0.0;0;0;0;0;0;0;0;2.6;0.0;0.0;Pequeno Porte
11265176000191;PRETA PORTÊ FILMES E PRODUÇÕES CULTURAIS LTDA;SP;Brasileiro independente;2;0;2;0.0;3854278.0;10079.16;0.0;10079.16;0.0;;0.0026;0.0;0.0;0;0;0;0;0;0;0;;;0.0;Pequeno Porte
11274042000137;FABRICA PRODUCOES LTDA;TO;Brasileiro independente;2;2;1;62109.24;2922023.22;0.0;0.0;0.0;0.0;0.0;0.0;0.0;0.0;0;0;0;0;0;0;0;4.3;;0.0;Pequeno Porte
11280934000140;LIGHTHOUSE PRODUÇÕES CINEMATOGRÁFICAS LTDA.;SP;Brasileiro independente;5;1;4;1883094.31;16363996.55;174665.68;477952.82;652618.5;73.2;0.3466;0.0399;0.0;0.0;0;0;0;0;0;0;0;4.15;0.0;0.0;Fomento Baixo Retorno
11290121000131;;;;1;0;1;0.0;1179085.82;0.0;324011.52;324011.52;100.0;;0.2748;8.7;8.7;0;0;0;1;0;0;608;;;0.0;Pequeno Porte
11326389000186;;;;1;0;1;0.0;761673.63;0.0;0.0;0.0;0.0;;0.0;0.0;0.0;0;0;0;0;0;0;0;3.705;;0.0;Pequeno Porte
11332121000157;;;;1;0;0;0.0;0.0;5188.68;0.0;5188.68;0.0;;;0.0;0.0;0;0;0;0;0;0;0;3.648;0.0;0.0;Pequeno Porte
11360555000160;FLASH MINAS BRASIL TV PRODUTORA E MARKETING LTDA;MG;Brasileiro independente;1;1;1;2202205.5;2421551.7;187786.48;0.0;187786.48;0.0;0.0853;0.0775;0.0;0.0;0;0;0;0;0;0;0;3.5;;0.0;Pequeno Porte
11384969000120;;;;2;2;0;912812.84;912812.84;45664.36;589598.28;635262.64;92.8;0.6959;0.6959;0.0;0.0;0;0;0;0;0;0;0;3.2;;0.0;Pequeno Porte
11400059000193;TWINS BUSHATSKY PRODUÇÕES CINEMATOGRÁFICAS LTDA.;SP;Brasileiro independente;1;0;1;0.0;438692.4;1689.8;307084.68;308774.48;99.5;;0.7039;0.0;0.0;0;0;0;0;0;0;0;;0.0;0.0;Pequeno Porte
11403337000166;TALK FILMES LTDA - EPP;SP;Brasileiro independente;1;0;1;0.0;962297.07;0.0;80080.2;80080.2;100.0;;0.0832;0.0;0.0;0;0;0;0;0;0;0;;0.0;0.0;Pequeno Porte
11411520000103;EPIFANIA FILMES PRESTAÇÃO DE SERVIÇOS E PRODUÇÃO AUDIOVISUAL LTDA;RS;Brasileiro independente;1;0;1;0.0;202216.14;6142.92;86664.06;92806.98;93.4;;0.4589;0.0;0.0;0;0;0;0;0;0;0;;;0.0;Pequeno Porte
11422855000127;GAMAROSA FILMES LTDA.;RJ;Brasileiro independente;1;1;1;2370816.0;2788474.2;53357.92;501189.84;554547.76;90.4;0.2339;0.1989;22.62;22.62;0;1;1;1;1;32;7511;4.078;4.0;0.0;Retorno Internacional
11443174000145;;;;3;0;1;0.0;2786852.15;84927.36;80080.2;165007.56;48.5;;0.0592;3.33;10.0;0;0;0;0;1;0;0;;;0.0;Pequeno Porte
11503567000105;CHOCOLATE FILMES LTDA;SP;Brasileiro independente;2;1;1;1155520.8;7420365.96;759276.84;584721.48;1343998.32;43.5;1.1631;0.1811;0.0;0.0;0;0;0;0;0;0;0;4.3;;0.0;Fomento Baixo Retorno
11545487000104;QUEROSENE PRODUÇÕES ARTISTICAS E CINEMATOGRÁFICAS LTDA;SP;Brasileiro independente;7;3;4;2310760.95;18813497.81;9337973.96;904032.14;10242006.1;8.8;4.4323;0.5444;0.29;2.0;0;0;1;0;0;10;0;3.399;;0.0;Retorno Doméstico
11562441000101;BLEND TO CONTENT PRODUCOES LTDA;PR;Brasileiro independente;1;0;1;0.0;699675.2;0.0;244886.32;244886.32;100.0;;0.35;0.0;0.0;0;0;0;0;0;0;0;4.13;1.0;0.0;Pequeno Porte
11660296000193;;;;1;0;1;0.0;3480696.0;63993.72;69613.92;133607.64;52.1;;0.0384;0.0;0.0;0;0;0;0;0;0;0;3.858;;0.0;Pequeno Porte
11717663000148;SPLIT STUDIO PRODUÇÕES AUDIOVISUAIS LTDA.;SP;Brasileiro independente;3;0;1;0.0;255390.4;0.0;220015.24;220015.24;100.0;;0.8615;0.0;0.0;0;0;0;0;0;0;0;;;0.0;Pequeno Porte
11721296000156;VIRALATA PRODUCOES LTDA;RJ;Brasileiro independente;2;0;1;0.0;208829.1;5765.2;146429.64;152194.84;96.2;;0.7288;0.0;0.0;0;0;0;0;0;0;0;2.4;;0.0;Pequeno Porte
11752503000130;VINIL FILMES PRODUÇÕES LTDA ME;SC;Brasileiro independente;1;0;0;0.0;0.0;0.0;76617.12;76617.12;100.0;;;0.0;0.0;0;0;0;0;0;0;0;3.9;0.0;0.0;Pequeno Porte
11757060000170;;;;1;1;1;144440.1;227323.11;0.0;0.0;0.0;0.0;0.0;0.0;0.0;0.0;0;0;0;0;0;0;0;3.775;0.0;0.0;Pequeno Porte
11794400000132;MOBR PRODUÇÕES ARTÍSTICAS LTDA;RJ;Brasileiro independente;1;0;1;0.0;1357736.94;0.0;86664.06;86664.06;100.0;;0.0638;0.0;0.0;0;0;0;0;0;0;0;4.3;;0.0;Pequeno Porte
11862908000120;VERTE FILMES LTDA ME;RS;Brasileiro independente;2;2;0;959282.1;959282.1;8647.8;404432.28;413080.08;97.9;0.4306;0.4306;0.0;0.0;0;0;0;0;0;0;0;;0.0;0.0;Pequeno Porte
11899615000118;MENDES BENTANCOUR PRODUCOES ARTISTICAS LTDA.;SP;Brasileiro;3;0;3;0.0;5585258.29;0.0;1111799.58;1111799.58;100.0;;0.1991;0.0;0.0;0;0;0;0;0;0;0;3.56;0.0;0.0;Fomento Baixo Retorno
11907529000100;CONTAINER FILMES LTDA;RS;Brasileiro independente;1;1;0;1189608.8;1189608.8;157171.28;86664.06;243835.34;35.5;0.205;0.205;2.4;2.4;0;0;1;0;0;12;0;;;0.0;Pequeno Porte
11936522000116;;;;1;0;1;0.0;330579.04;527814.0;743404.9;1271218.9;58.5;;3.8454;0.0;0.0;0;0;0;0;0;0;0;4.164;;0.0;Pequeno Porte
11966450000150;CANABRAVA FILMES LTDA;MG;Brasileiro independente;2;1;2;1040907.7;2315875.59;192060.68;0.0;192060.68;0.0;0.1845;0.0829;3.2;5.2;0;0;2;0;0;26;0;4.4;;0.0;Pequeno Porte
12064131000111;TULIO VIARO FILMES E VIDEOS;PR;Brasileiro independente;1;1;0;263675.4;263675.4;0.0;0.0;0.0;0.0;0.0;0.0;0.0;0.0;0;0;0;0;0;0;0;;;0.0;Pequeno Porte
12081251000127;FEEL FILMES E PRODUCOES LTDA;SP;Brasileiro independente;2;0;2;0.0;1346855.33;5268.2;360300.2;365568.4;98.6;;0.2714;0.0;0.0;0;0;0;0;0;0;0;4.195;0.0;0.0;Pequeno Porte
12091067000168;TRINCHEIRA FILMES LTDA;PE;Brasileiro independente;1;1;0;1375495.85;1375495.85;1550.64;69613.92;71164.56;97.8;0.0517;0.0517;0.0;0.0;0;0;0;0;0;0;0;;;0.0;Pequeno Porte
12098135000110;PERIPECIA FILMES PRODUCAO E COMUNICACAO AUDIOVISUAL LTDA;SP;Brasileiro independente;1;0;0;0.0;0.0;0.0;83531.64;83531.64;100.0;;;0.0;0.0;0;0;0;0;0;0;0;;0.0;0.0;Pequeno Porte
12106102000175;PAULA UN MI KIM - PRODUÇÕES - ME;SP;Brasileiro independente;1;1;1;3236276.77;4164462.37;7932.12;324864.96;332797.08;97.6;0.1028;0.0799;0.0;0.0;0;0;0;0;0;0;0;4.412;;0.0;Pequeno Porte
12106692000136;LABORATORIO CISCO EDUCACAO E IMAGEM LTDA;SP;Brasileiro independente;3;0;1;0.0;292380.26;0.0;139227.84;139227.84;100.0;;0.4762;0.67;2.0;0;0;1;0;0;10;0;3.785;;0.0;Pequeno Porte
12112647000194;;;;1;0;0;0.0;0.0;0.0;0.0;0.0;0.0;;;0.0;0.0;0;0;0;0;0;0;0;3.85;0.0;0.0;Pequeno Porte
12126484000107;BOULEVARD FILMES LTDA;SP;Brasileiro independente;2;1;2;505540.35;920424.71;25525.92;408396.6;433922.52;94.1;0.8583;0.4714;0.6;0.8;0;0;2;0;0;4;0;4.5;0.0;0.0;Pequeno Porte
12187070000180;AVEXI FILMES LTDA;RJ;Brasileiro independente;1;0;1;0.0;535323.96;337.96;208181.54;208519.5;99.8;;0.3895;0.0;0.0;0;0;0;0;0;0;0;3.97;;0.0;Pequeno Porte
12240058000191;DAZA PRODUCAO CULTURAL LTDA;RJ;Brasileiro independente;1;0;0;0.0;0.0;3101.28;480481.2;483582.48;99.4;;;2.4;2.4;0;0;1;0;0;12;0;;3.0;0.0;Pequeno Porte
12305731000124;UM POR TODOS PRODUÇOES LTDA - EPP;SP;Brasileiro independente;2;0;0;0.0;0.0;0.0;65803.86;65803.86;100.0;;;0.0;0.0;0;0;0;0;0;0;0;;0.0;0.0;Pequeno Porte
12325821000187;;;;1;1;0;223051.65;223051.65;0.0;0.0;0.0;0.0;0.0;0.0;0.0;0.0;0;0;0;0;0;0;0;3.4;;0.0;Pequeno Porte
12345593000107;CARANGUEJEIRA COMUNICACAO E PRODUCAO AUDIOVISUAL LTDA ME.;BA;Brasileiro independente;3;3;1;832665.93;2833175.09;0.0;106773.6;106773.6;100.0;0.1282;0.0377;0.0;0.0;0;0;0;0;0;0;0;4.291;;0.0;Pequeno Porte
12375637000141;;;;4;1;4;4242144.98;8839250.98;163652.16;1204136.98;1367789.14;88.0;0.3224;0.1547;0.0;0.0;0;0;0;0;0;0;0;3.705;3.0;0.0;Fomento Baixo Retorno
12380610000147;PARAKINO PRODUCOES LTDA.;SP;Brasileiro independente;2;2;0;4195651.98;4195651.98;186593.68;271524.28;458117.96;59.3;0.1092;0.1092;0.0;0.0;0;0;0;0;0;0;0;3.993;1.0;0.0;Pequeno Porte
12394570000192;DOGS CAN FLY PRODUÇÕES CINEMATOGRÁFICAS LTDA;SP;Brasileiro independente;1;0;1;0.0;1647137.24;0.0;76617.12;76617.12;100.0;;0.0465;0.0;0.0;0;0;0;0;0;0;0;3.643;;0.0;Pequeno Porte
12396390000140;MARIA FARINHA FILMES E PRODUÇÕES LTDA.;SP;Brasileiro independente;3;0;2;0.0;668319.3;35346.64;289407.84;324754.48;89.1;;0.4859;0.0;0.0;0;0;0;0;0;0;0;3.99;0.0;0.0;Pequeno Porte
12427430000173;4 PONTAS PRODUÇÕES ARTÍSTICAS LTDA;RJ;Brasileiro independente;1;0;0;0.0;0.0;0.0;62898.0;62898.0;100.0;;;0.0;0.0;0;0;0;0;0;0;0;3.648;14.0;0.0;Pequeno Porte
12432201000147;;;;1;0;1;0.0;221429.04;0.0;288880.2;288880.2;100.0;;1.3046;0.0;0.0;0;0;0;0;0;0;0;4.3;0.0;0.0;Pequeno Porte
12444492000193;;;;2;2;1;284065.52;7664026.77;0.0;0.0;0.0;0.0;0.0;0.0;0.0;0.0;0;0;0;0;0;0;0;4.2;;0.0;Fomento Baixo Retorno
12475126000100;CLARTE SERVIÇOS DE FOTO E CINEMA LTDA ME;PA;Brasileiro independente;1;1;0;750086.28;750086.28;1828.96;0.0;1828.96;0.0;0.0024;0.0024;0.0;0.0;0;0;0;0;0;0;0;3.844;;0.0;Pequeno Porte
12521386000166;NKLS PRODUCOES LTDA;SP;Brasileiro independente;4;0;3;0.0;1295298.17;0.0;606028.36;606028.36;100.0;;0.4679;0.0;0.0;0;0;0;0;0;0;0;4.3;0.0;0.0;Pequeno Porte
12573633000178;;;;1;1;0;136524.78;136524.78;1013.88;0.0;1013.88;0.0;0.0074;0.0074;0.0;0.0;0;0;0;0;0;0;0;3.88;5.0;0.0;Pequeno Porte
12580503000162;PARIS PRODUÇÕES CINEMATOGRÁFICAS LTDA;SP;Brasileiro independente;12;3;12;11362580.0;67098409.94;120398250.0;1717004.28;122115254.28;1.4;10.7471;1.8199;1.27;11.89;0;0;4;1;0;8;2825;3.529;38.0;0.0;Retorno Doméstico
12580503000243;;;;4;1;4;1926408.0;21021230.81;111984636.4;1188059.55;113172695.95;1.0;58.748;5.3837;0.6;1.6;0;0;2;0;0;8;0;3.633;0.0;0.0;Retorno Doméstico
12619515000153;;;;1;0;1;0.0;2455224.01;0.0;83531.64;83531.64;100.0;;0.034;0.0;0.0;0;0;0;0;0;0;0;4.105;;0.0;Pequeno Porte
12638556000197;;;;1;1;1;458928.95;881170.38;10277.96;0.0;10277.96;0.0;0.0224;0.0117;0.0;0.0;0;0;0;0;0;0;0;;0.0;0.0;Pequeno Porte
12658679000190;DESVIA-PRODUCOES ARTISTICAS E AUDIOVISUAIS LTDA;PE;Brasileiro independente;7;3;2;2108585.03;3462577.43;1514498.16;1005014.64;2519512.8;39.9;1.1949;0.7276;15.75;43.84;0;4;5;1;4;100;24787;4.06;;0.0;Duplo Retorno
12667775000102;ATAMA FILMES PRODUTORA AUDIOVISUAL LTDA ME;RS;Brasileiro independente;1;1;0;237081.6;237081.6;0.0;89220.66;89220.66;100.0;0.3763;0.3763;0.0;0.0;0;0;0;0;0;0;0;4.1;0.0;0.0;Pequeno Porte
12709052000110;;;;2;0;0;0.0;0.0;0.0;0.0;0.0;0.0;;;0.0;0.0;0;0;0;0;0;0;0;3.76;;0.0;Pequeno Porte
12743129000179;SUPER OITO FILMES LTDA;TO;Brasileiro independente;1;0;0;0.0;0.0;0.0;0.0;0.0;0.0;;;0.0;0.0;0;0;0;0;0;0;0;3.84;0.0;0.0;Pequeno Porte
12751837000151;;;;2;1;2;951687.04;7869150.72;20237.84;83531.64;103769.48;80.5;0.109;0.0132;0.0;0.0;0;0;0;0;0;0;0;4.3;0.0;0.0;Fomento Baixo Retorno
12772107000137;NOVELO FILMES PRODUÇÕES AUDIOVISUAIS LTDA ME;SC;Brasileiro independente;2;0;1;0.0;284497.92;0.0;89220.66;89220.66;100.0;;0.3136;0.0;0.0;0;0;0;0;0;0;0;;0.0;0.0;Pequeno Porte
12827703000177;DOIS PLÁTANOS PRODUÇÕES CINEMATOGRÁFICAS LTDA;SC;Brasileiro independente;1;1;0;1809852.2;1809852.2;5129.04;0.0;5129.04;0.0;0.0028;0.0028;0.0;0.0;0;0;0;0;0;0;0;;;0.0;Pequeno Porte
12837401000180;SOFÁ VERDE FILMES LTDA;RS;Brasileiro independente;2;2;0;962441.1;962441.1;7455.0;156697.32;164152.32;95.5;0.1706;0.1706;0.0;0.0;0;0;0;0;0;0;0;;;0.0;Pequeno Porte
12839664000128;RIO BRAVO PRODUÇÕES AUDIOVISUAIS LTDA - ME;SP;Brasileiro independente;1;0;1;0.0;356882.64;66955.84;89220.66;156176.5;57.1;;0.4376;0.0;0.0;0;0;0;0;0;0;0;;0.0;0.0;Pequeno Porte
12855567000129;;;;1;0;1;0.0;87372.47;0.0;221276.16;221276.16;100.0;;2.5326;0.0;0.0;0;0;0;0;0;0;0;4.1;;0.0;Pequeno Porte
12859237000101;SOPRO DE ZEFIRO - PRODUCOES CULTURAIS E ARTISTICAS S/S LTDA;PE;Brasileiro independente;1;0;1;0.0;636586.94;18408.88;0.0;18408.88;0.0;;0.0289;0.0;0.0;0;0;0;0;0;0;0;;;0.0;Pequeno Porte
12879401000142;;;;1;0;1;0.0;302762.54;0.0;0.0;0.0;0.0;;0.0;0.0;0.0;0;0;0;0;0;0;0;;;0.0;Pequeno Porte
12906549000129;BALAIO PRODUÇÕES CULTURAIS E CINEMATOGRÁFICAS LTDA - ME;GO;Brasileiro independente;1;1;0;417658.2;417658.2;0.0;0.0;0.0;0.0;0.0;0.0;0.0;0.0;0;0;0;0;0;0;0;;;0.0;Pequeno Porte
12935850000160;MONTANHAS FILMES LTDA - ME;BA;Brasileiro independente;1;1;1;326434.63;346454.68;0.0;80080.2;80080.2;100.0;0.2453;0.2311;0.0;0.0;0;0;0;0;0;0;0;4.252;;0.0;Pequeno Porte
12975490000120;ESTUDIO TEREMIM FILMES E SERVIÇOS LTDA;SP;Brasileiro independente;1;0;1;0.0;219346.2;0.0;87738.48;87738.48;100.0;;0.4;0.0;0.0;0;0;0;0;0;0;0;;;0.0;Pequeno Porte
13021376000124;RJ SERVICOS CINE GROUP LTDA;RJ;Brasileiro independente;1;0;1;0.0;3770210.34;0.0;83531.64;83531.64;100.0;;0.0222;0.0;0.0;0;0;0;0;0;0;0;3.775;;0.0;Pequeno Porte
13029754000116;ESCARLATE CONTEÚDO AUDIOVISUAL E EXPERIENCIAS CRIATIVAS LTDA - ME;RJ;Brasileiro independente;2;1;2;4455020.8;15063320.8;4015660.6;186853.8;4202514.4;4.4;0.9433;0.279;0.95;1.9;0;0;1;0;0;9;0;4.309;;0.0;Fomento Baixo Retorno
13044728000167;CINCO DA NORTE - SERVICOS AUDIOVISUAIS LTDA;DF;Brasileiro independente;2;1;0;3249902.25;3249902.25;45127.6;76617.12;121744.72;62.9;0.0375;0.0375;11.6;23.2;0;1;1;1;0;68;1178;3.931;0.0;0.0;Retorno Internacional
13066775000101;WCP - WILDLIFE CONSERVATION PRODUÇÕES LTDA.;SP;Brasileiro independente;2;0;1;0.0;2099018.57;0.0;244886.32;244886.32;100.0;;0.1167;0.0;0.0;0;0;0;0;0;0;0;4.206;0.0;0.0;Pequeno Porte
13110657000153;;;;7;0;7;0.0;11777192.45;3113386.92;1782834.42;4896221.34;36.4;;0.4157;0.0;0.0;0;0;0;0;0;0;0;4.197;1.0;0.0;Fomento Baixo Retorno
13124984000164;;;;3;3;1;765532.52;2020122.32;22504.16;266934.0;289438.16;92.2;0.3781;0.1433;0.0;0.0;0;0;0;0;0;0;0;4.3;5.0;0.0;Pequeno Porte
13188290000190;INFFINITO ENTRETENIMENTO E COMUNICAÇÕES LTDA;RJ;Brasileiro independente;2;1;2;1255813.69;4507663.98;9800.84;369982.68;379783.52;97.4;0.3024;0.0843;0.0;0.0;0;0;0;0;0;0;0;3.788;0.0;0.0;Pequeno Porte
13193095000159;QUARTA-FEIRA FILMES LTDA;SP;Brasileiro independente;1;0;0;0.0;0.0;60852.68;0.0;60852.68;0.0;;;25.2;25.2;0;1;1;0;1;76;0;;;0.0;Retorno Internacional
13202884000109;MEUS RUSSOS AUDIOVISUAL LTDA;SP;Brasileiro independente;1;1;0;487615.95;487615.95;52920.56;65803.86;118724.42;55.4;0.2435;0.2435;0.0;0.0;0;0;0;0;0;0;0;3.02;;0.0;Pequeno Porte
13207081000147;PLANO B PRODUTORA DE FILMES LTDA;MT;Brasileiro independente;1;1;1;2216809.93;3439114.34;477.12;162432.48;162909.6;99.7;0.0735;0.0474;0.0;0.0;0;0;0;0;0;0;0;3.356;3.0;0.0;Pequeno Porte
13223702000186;;;;1;0;1;0.0;428429.07;1133.16;80080.2;81213.36;98.6;;0.1896;0.0;0.0;0;0;0;0;0;0;0;3.88;3.0;0.0;Pequeno Porte
13254763000100;OSSO PRODUÇÕES LTDA.;RS;Brasileiro independente;1;1;0;370815.93;370815.93;10794.84;0.0;10794.84;0.0;0.0291;0.0291;0.0;0.0;0;0;0;0;0;0;0;;;0.0;Pequeno Porte
13359654000158;BELA FILMES PRODUÇÕES LTDA ME;SP;Brasileiro independente;1;1;1;2061854.28;2932028.28;32344.76;69613.92;101958.68;68.3;0.0494;0.0348;0.0;0.0;0;0;0;0;0;0;0;4.115;1.0;0.0;Pequeno Porte
13383501000146;TX CONTEUDO E ENTRETENIMENTO LTDA;SP;Brasileiro independente;1;0;1;0.0;63812.76;467776.4;0.0;467776.4;0.0;;7.3305;0.0;0.0;0;0;0;0;0;0;0;3.543;;0.0;Pequeno Porte
13384449000142;AMORIM FILMES PRODUÇÕES CINEMATOGRÁFICAS EIRELI;DF;Brasileiro independente;3;2;2;3010549.81;3410256.12;11450.88;329832.0;341282.88;96.6;0.1134;0.1001;0.0;0.0;0;0;0;0;0;0;0;3.863;;0.0;Pequeno Porte
13393029000122;OBA CACAUE PRODUCOES LTDA;BA;Brasileiro independente;1;1;1;695974.6;1366051.43;0.0;0.0;0.0;0.0;0.0;0.0;0.0;0.0;0;0;0;0;0;0;0;;;0.0;Pequeno Porte
13404221000177;;;;2;0;2;0.0;3788109.71;0.0;181496.7;181496.7;100.0;;0.0479;0.0;0.0;0;0;0;0;0;0;0;3.635;;0.0;Pequeno Porte
13483286000155;PRODUTORA BRASILEIRA DE ARTE E CULTURA LTDA.;SP;Brasileiro independente;8;0;8;0.0;2615408.56;0.0;1227995.08;1227995.08;100.0;;0.4695;0.0;0.0;0;0;0;0;0;0;0;4.241;6.0;0.0;Pequeno Porte
13486716000192;TROTOAR - PRODÇÃO DE SERVIÇOS AUDIOVISUAIS LTDA;DF;Brasileiro independente;1;1;0;762288.13;762288.13;735.56;186853.8;187589.36;99.6;0.2461;0.2461;6.4;6.4;0;0;1;0;0;32;0;;5.0;0.0;Pequeno Porte
13491810000130;BUSCA VIDA FILMES E PRODUÇÕES LTDA;SP;Brasileiro independente;1;0;0;0.0;0.0;2624.16;0.0;2624.16;0.0;;;0.0;0.0;0;0;0;0;0;0;0;;;0.0;Pequeno Porte
13516637000187;AVANTE FILMES LTDA.;RS;Brasileiro independente;1;1;0;133467.0;133467.0;164805.2;83531.64;248336.84;33.6;1.8607;1.8607;23.55;23.55;0;1;1;1;0;59;5329;2.6;;0.0;Retorno Internacional
13535692000114;AGUAS DE MARCO FILMES LTDA ME;BA;Brasileiro independente;1;0;1;0.0;1422489.6;102839.24;102735.36;205574.6;50.0;;0.1445;0.0;0.0;0;0;0;0;0;0;0;3.6;0.0;0.0;Pequeno Porte
13538544000153;PATOTA PRODUÇÕES ARTISTICAS LTDA - ME;RJ;Brasileiro independente;1;0;1;0.0;1049512.8;2549311.8;209902.56;2759214.36;7.6;;2.629;0.0;0.0;0;0;0;0;0;0;0;2.6;0.0;0.0;Retorno Doméstico
13601904000114;VERA LÚCIA DA SILVA OLIVEIRA-ME;AL;Brasileiro independente;1;1;0;400401.0;400401.0;0.0;0.0;0.0;0.0;0.0;0.0;0.0;0.0;0;0;0;0;0;0;0;4.008;;0.0;Pequeno Porte
13622499000110;CINEMATOGRÁFICA PATA NEGRA LTDA;RS;Brasileiro independente;1;1;0;582908.31;582908.31;15526.28;83531.64;99057.92;84.3;0.1699;0.1699;0.0;0.0;0;0;0;0;0;0;0;;;0.0;Pequeno Porte
13631016000144;MACHADO FILMES E PRODUÇÕES LTDA;DF;Brasileiro independente;3;2;2;4118598.94;8277624.33;22325.24;83864.0;106189.24;79.0;0.0258;0.0128;0.0;0.0;0;0;0;0;0;0;0;4.03;0.0;0.0;Fomento Baixo Retorno
13650111000195;;;;2;2;0;756595.61;756595.61;0.0;0.0;0.0;0.0;0.0;0.0;0.0;0.0;0;0;0;0;0;0;0;4.352;4.0;0.0;Pequeno Porte
13650474000120;ROSZA FILMES PRODUÇÕES LTDA ME;BA;Brasileiro independente;3;3;1;5445791.28;12960976.68;423066.28;446737.7;869803.98;51.4;0.1597;0.0671;0.0;0.0;0;0;0;0;0;0;0;4.062;36.0;0.0;Fomento Baixo Retorno
13667540000175;CASA DA PRAIA FILMES LTDA;RN;Brasileiro independente;1;1;0;66733.5;66733.5;0.0;76617.12;76617.12;100.0;1.1481;1.1481;0.0;0.0;0;0;0;0;0;0;0;;;0.0;Pequeno Porte
13694309000170;CLUBSODA PRODUCAO AUDIOVISUAL LTDA;RJ;Brasileiro independente;1;0;0;0.0;0.0;4055.52;83531.64;87587.16;95.4;;;0.0;0.0;0;0;0;0;0;0;0;4.123;;0.0;Pequeno Porte
13827942000190;MAGNO & MAGNO LTDA - ME;PI;Brasileiro independente;3;1;1;710018.94;1048280.48;2803.08;245917.98;248721.06;98.9;0.3503;0.2373;0.0;0.0;0;0;0;0;0;0;0;4.343;9.0;0.0;Pequeno Porte
13864163000164;;;;1;0;1;0.0;331123.97;0.0;442552.32;442552.32;100.0;;1.3365;0.0;0.0;0;0;0;0;0;0;0;;;0.0;Pequeno Porte
13891678000153;GUERRILHA FILMES LTDA;MG;Brasileiro independente;1;0;0;0.0;0.0;0.0;65803.86;65803.86;100.0;;;0.0;0.0;0;0;0;0;0;0;0;;;0.0;Pequeno Porte
13924232000188;;;;1;1;1;2936274.0;6226467.0;15208.2;65803.86;81012.06;81.2;0.0276;0.013;1.8;1.8;0;0;1;0;0;9;0;4.24;;0.0;Fomento Baixo Retorno
13925421000175;;;;1;0;1;0.0;1941591.32;0.0;489772.64;489772.64;100.0;;0.2523;0.0;0.0;0;0;0;0;0;0;0;4.068;1.0;0.0;Pequeno Porte
13931232000105;VISAGEM SERVICO DE PRODUCAO DE VIDEO LTDA - ME;PA;Brasileiro independente;3;1;1;2230516.5;3163503.5;0.0;0.0;0.0;0.0;0.0;0.0;0.0;0.0;0;0;0;0;0;0;0;4.214;;0.0;Pequeno Porte
14014174000118;;;;1;0;0;0.0;0.0;0.0;0.0;0.0;0.0;;;0.0;0.0;0;0;0;0;0;0;0;;0.0;0.0;Pequeno Porte
14020417000120;;;;2;0;0;0.0;0.0;0.0;706838.16;706838.16;100.0;;;0.0;0.0;0;0;0;0;0;0;0;;0.0;0.0;Pequeno Porte
14022519000185;PALHA & ENTRETENIMENTOS - CASA DE CRIACAO PRODUCOES LTDA;SP;Brasileiro independente;2;0;2;0.0;672054.77;0.0;0.0;0.0;0.0;;0.0;0.0;0.0;0;0;0;0;0;0;0;4.224;;0.0;Pequeno Porte
14026079000134;API PRODUCOES ARTISTICAS E AUDIOVISUAIS LTDA;MG;Brasileiro independente;1;1;0;189476.07;189476.07;3697.68;0.0;3697.68;0.0;0.0195;0.0195;0.0;0.0;0;0;0;0;0;0;0;3.2;;0.0;Pequeno Porte
14038312000107;E G PENHA COMUNICACAO ESTRATEGICA E AUDIOVISUAL;MG;Brasileiro independente;1;0;1;0.0;542988.58;0.0;92818.56;92818.56;100.0;;0.1709;0.0;0.0;0;0;0;0;0;0;0;;0.0;0.0;Pequeno Porte
14100997000166;GLOBO CINE DIGITAL LTDA - ME;SP;Brasileiro independente;1;0;1;0.0;1334670.0;30058.56;186853.8;216912.36;86.1;;0.1625;0.0;0.0;0;0;0;0;0;0;0;4.123;1.0;0.0;Pequeno Porte
14151128000160;SOLO FILMES EIRELI ­ ME;MG;Brasileiro independente;1;0;1;0.0;416363.08;0.0;535323.96;535323.96;100.0;;1.2857;0.0;0.0;0;0;0;0;0;0;0;3.4;;0.0;Pequeno Porte
14210788000175;PIQUE-BANDEIRA PRODUCOES LTDA;ES;Brasileiro independente;1;1;0;1252974.6;1252974.6;88545.52;307084.68;395630.2;77.6;0.3158;0.3158;3.3;3.3;0;0;1;0;0;16;0;4.2;;0.0;Pequeno Porte
14215563000101;STORM COMUNICAÇÃO E TECNOLOGIA LTDA;SP;Brasileiro independente;2;0;2;0.0;3088330.5;198.8;83531.64;83730.44;99.8;;0.0271;0.0;0.0;0;0;0;0;0;0;0;4.11;;0.0;Pequeno Porte
14215682000164;NOVA COMUNICAÇÃO LTDA;MS;Brasileiro independente;1;0;1;0.0;693596.16;0.0;0.0;0.0;0.0;;0.0;0.0;0.0;0;0;0;0;0;0;0;3.732;;0.0;Pequeno Porte
14323160000186;BRUNA STEUDEL PRODUCOES E ARTES;PR;Brasileiro independente;2;0;1;0.0;312222.85;0.0;65803.86;65803.86;100.0;;0.2108;0.0;0.0;0;0;0;0;0;0;0;3.89;0.0;0.0;Pequeno Porte
14372650000172;LIBERATO PRODUÇÕES CULTURAIS LTDA;BA;Brasileiro independente;2;1;0;1294740.42;1294740.42;20217.96;115552.08;135770.04;85.1;0.1049;0.1049;0.0;0.0;0;0;0;0;0;0;0;3.2;0.0;0.0;Pequeno Porte
14440714000125;;;;4;2;1;3011109.51;6009121.71;224465.08;146429.64;370894.72;39.5;0.1232;0.0617;10.4;19.2;0;2;3;0;2;46;0;3.526;;0.0;Retorno Internacional
14520885000164;QUARTINHO DIRECOES ARTISTICAS LTDA;DF;Brasileiro independente;1;1;0;3090496.0;3090496.0;111546.68;80080.2;191626.88;41.8;0.062;0.062;0.0;0.0;0;0;0;0;0;0;0;3.707;;0.0;Pequeno Porte
14574635000107;JPO ENTERTAINMENT LTDA;SP;Brasileiro independente;2;0;2;0.0;6476620.98;0.0;256467.72;256467.72;100.0;;0.0396;0.0;0.0;0;0;0;0;0;0;0;3.825;;0.0;Fomento Baixo Retorno
14592038000105;MOSAICO FILMES LTDA;SP;Brasileiro independente;3;0;3;0.0;1059757.01;0.0;383390.08;383390.08;100.0;;0.3618;0.0;0.0;0;0;0;0;0;0;0;4.4;;0.0;Pequeno Porte
14595634000149;LUCINDA PRODUÇÕES CINEMATOGRÁFICAS E ARTÍSTICAS LTDA;PE;Brasileiro independente;1;1;0;570971.72;570971.72;97034.28;83531.64;180565.92;46.3;0.3162;0.3162;0.0;0.0;0;0;0;0;0;0;0;;;0.0;Pequeno Porte
14622284000162;FABULARIO FILMES PRODUCOES ARTISTICAS LTDA;PR;Brasileiro independente;1;1;1;44610.33;2808811.52;0.0;0.0;0.0;0.0;0.0;0.0;0.0;0.0;0;0;0;0;0;0;0;3.817;;0.0;Pequeno Porte
14625536000107;MOVIDA PRODUTORA DE CONTEÚDO LTDA;BA;Brasileiro independente;1;0;1;0.0;383855.85;0.0;87738.48;87738.48;100.0;;0.2286;0.0;0.0;0;0;0;0;0;0;0;4.0;0.0;0.0;Pequeno Porte
14635446000105;EYE MOVE ESTUDIO DE ANIMACAO E ILUSTRACAO LTDA - ME;ES;Brasileiro independente;1;1;0;446933.2;446933.2;0.0;0.0;0.0;0.0;0.0;0.0;0.0;0.0;0;0;0;0;0;0;0;;1.0;0.0;Pequeno Porte
14637918000150;OLADA PRODUÇÕES AUDIOVISUAIS LTDA;MG;Brasileiro independente;1;0;0;0.0;0.0;0.0;83864.0;83864.0;100.0;;;0.0;0.0;0;0;0;0;0;0;0;;0.0;0.0;Pequeno Porte
14670660000194;;;;1;0;1;0.0;1170423.32;18110.68;0.0;18110.68;0.0;;0.0155;0.0;0.0;0;0;0;0;0;0;0;2.712;;0.0;Pequeno Porte
14676949000110;LUMIO FILMES LTDA;DF;Brasileiro independente;1;1;0;1080483.24;1080483.24;0.0;0.0;0.0;0.0;0.0;0.0;0.0;0.0;0;0;0;0;0;0;0;2.975;;0.0;Pequeno Porte
14741081000195;;;;1;0;1;0.0;1311239.41;0.0;0.0;0.0;0.0;;0.0;0.0;0.0;0;0;0;0;0;0;0;3.707;;0.0;Pequeno Porte
14798449000151;ESQUINA PRODUÇÕES ARTÍSTICAS LTDA;RJ;Brasileiro independente;3;3;1;4829587.25;4974027.35;727150.76;752851.5;1480002.26;50.9;0.3064;0.2975;19.47;33.1;0;2;3;1;2;83;2463;2.47;;0.0;Retorno Internacional
14860932000119;SPANDA PRODUTORA LTDA;SP;Brasileiro independente;1;0;1;0.0;433320.3;0.0;86664.06;86664.06;100.0;;0.2;0.0;0.0;0;0;0;0;0;0;0;;0.0;0.0;Pequeno Porte
14949815000126;VOO AUDIOVISUAL PRODUÇÕES ARTÍSTICAS LTDA - ME;BA;Brasileiro independente;2;2;0;559368.38;559368.38;0.0;186853.8;186853.8;100.0;0.334;0.334;0.0;0.0;0;0;0;0;0;0;0;4.05;1.0;0.0;Pequeno Porte
14989694000146;NIGERIA COMUNICACAO E AUDIOVISUAL LTDA;CE;Brasileiro independente;1;1;0;333667.5;333667.5;0.0;69613.92;69613.92;100.0;0.2086;0.2086;0.0;0.0;0;0;0;0;0;0;0;;1.0;0.0;Pequeno Porte
15031868000126;3FG.TV PRODUÇÕES LTDA - ME;SP;Brasileiro independente;1;0;0;0.0;0.0;0.0;0.0;0.0;0.0;;;0.0;0.0;0;0;0;0;0;0;0;4.115;;0.0;Pequeno Porte
15089868000187;STO LAT PRODUCOES CULTURAIS EIRELI;PR;Brasileiro independente;1;1;0;348048.5;348048.5;12007.52;0.0;12007.52;0.0;0.0345;0.0345;5.6;5.6;0;0;1;0;0;28;0;;;0.0;Pequeno Porte
15096101000185;CANHOTA PRODUÇÕES CINEMATOGRAFICAS LTDA;RJ;Brasileiro independente;3;1;2;265529.09;1861923.87;2306.08;80080.2;82386.28;97.2;0.3103;0.0442;0.0;0.0;0;0;0;0;0;0;0;3.376;0.0;0.0;Pequeno Porte
15128758000187;TEM DENDÊ PRODUÇÕES LTDA;BA;Brasileiro independente;2;1;1;363413.05;988549.72;19899.88;62898.0;82797.88;76.0;0.2278;0.0838;0.0;0.0;0;0;0;0;0;0;0;3.3;0.0;0.0;Pequeno Porte
15156700000147;DOIS + TRÊS PRODUÇÕES ARTÍSTICAS LTDA ME;RJ;Brasileiro independente;1;0;0;0.0;0.0;0.0;416363.08;416363.08;100.0;;;0.0;0.0;0;0;0;0;0;0;0;;0.0;0.0;Pequeno Porte
15288201000103;ÉBANO PRODUÇÕES CINEMATOGRÁFICAS E CULTURAIS LTDA ME;RS;Brasileiro independente;1;1;0;237081.6;237081.6;0.0;118960.88;118960.88;100.0;0.5018;0.5018;0.0;0.0;0;0;0;0;0;0;0;4.3;1.0;0.0;Pequeno Porte
15318729000188;BALEIA FILMES LTDA;RJ;Brasileiro independente;2;1;1;3538399.18;3747228.28;788023.32;271524.28;1059547.6;25.6;0.2994;0.2828;22.33;34.96;0;1;1;2;1;50;62208;3.167;;0.0;Retorno Internacional
15340915000113;VENTURA PRODUÇÕES AUDIOVISUAIS LTDA;MG;Brasileiro independente;1;0;0;0.0;0.0;0.0;83864.0;83864.0;100.0;;;0.0;0.0;0;0;0;0;0;0;0;;;0.0;Pequeno Porte
15464299000102;HEAD PRODUCOES DE FILMES LTDA - ME;PE;Brasileiro independente;1;0;1;0.0;371752.75;0.0;416363.08;416363.08;100.0;;1.12;0.0;0.0;0;0;0;0;0;0;0;3.823;0.0;0.0;Pequeno Porte
15472728000193;;;;1;1;0;296863.44;296863.44;35426.16;76617.12;112043.28;68.4;0.3774;0.3774;0.0;0.0;0;0;0;0;0;0;0;;;0.0;Pequeno Porte
15479865000150;SANTA RITA FILMES LTDA;SP;Brasileiro independente;5;1;4;4333203.0;17249107.2;1825918.36;915473.21;2741391.57;33.4;0.6326;0.1589;0.0;0.0;0;0;0;0;0;0;0;3.298;0.0;0.0;Fomento Baixo Retorno
15490163000177;ATOMICA-POJETOS E PRODUCOES ARTISTICA LTDA - ME;SP;Brasileiro independente;1;0;1;0.0;721713.37;14094.92;83531.64;97626.56;85.6;;0.1353;0.0;0.0;0;0;0;0;0;0;0;;;0.0;Pequeno Porte
15588308000177;PERSONA NON GRATA PICTURES - PRODUCOES E PROJETOS CINEMATOGRAFICOS LTDA;SP;Brasileiro independente;2;0;0;0.0;0.0;2425.36;83531.64;85957.0;97.2;;;0.0;0.0;0;0;0;0;0;0;0;;;0.0;Pequeno Porte
15592350000161;FILMES FRACTAIS EIRELI;MG;Brasileiro independente;1;1;1;1416792.39;2274100.87;954.24;83531.64;84485.88;98.9;0.0596;0.0372;0.0;0.0;0;0;0;0;0;0;0;2.9;;0.0;Pequeno Porte
15667476000158;LAMPARINA ANIMACAO E PRODUCAO DE VIDEOS LTDA;SE;Brasileiro independente;1;1;1;49567.03;1089682.52;0.0;0.0;0.0;0.0;0.0;0.0;0.0;0.0;0;0;0;0;0;0;0;;0.0;0.0;Pequeno Porte
15743170000133;MOVIOCA PRODUÇÕES ARTÍSTICAS LTDA - ME;SP;Brasileiro independente;7;1;6;986525.88;14893347.6;159.04;636405.24;636564.28;100.0;0.6453;0.0427;0.0;0.0;0;0;0;0;0;0;0;4.321;2.0;0.0;Fomento Baixo Retorno
15745495000155;TEMPERO FILMES LTDA;MG;Brasileiro independente;6;4;2;4697771.68;6015404.37;75921.72;673767.3;749689.02;89.9;0.1596;0.1246;1.83;11.0;0;0;1;0;0;55;0;3.913;;0.0;Fomento Baixo Retorno
15830015000154;PATIO VAZIO PRODUCOES CINEMATOGRAFICAS, ARTISTICAS E CULTURAIS LTDA;RS;Brasileiro independente;1;1;1;1740242.5;5601982.84;5447.12;0.0;5447.12;0.0;0.0031;0.001;0.0;0.0;0;0;0;0;0;0;0;4.0;;0.0;Fomento Baixo Retorno
15864034000100;MOÇAMBIQUE AUDIOVISUAL LTDA;CE;Brasileiro independente;1;1;0;2851535.73;2851535.73;26261.48;69613.92;95875.4;72.6;0.0336;0.0336;0.0;0.0;0;0;0;0;0;0;0;;0.0;0.0;Pequeno Porte
16099989000172;;;;1;0;0;0.0;0.0;0.0;0.0;0.0;0.0;;;0.0;0.0;0;0;0;0;0;0;0;3.61;;0.0;Pequeno Porte
16100516000148;LAURENCE PRODUÇÕES AUDIOVISUAIS LTDA EPP;PE;Brasileiro independente;1;1;0;202576.76;202576.76;0.0;106773.6;106773.6;100.0;0.5271;0.5271;0.0;0.0;0;0;0;0;0;0;0;4.018;0.0;0.0;Pequeno Porte
16104588000163;SENTIMENTAL ETAL LTDA;SP;Brasileiro independente;3;0;3;0.0;7043484.52;0.0;349931.68;349931.68;100.0;;0.0497;0.0;0.0;0;0;0;0;0;0;0;3.96;0.0;0.0;Fomento Baixo Retorno
16366836000144;CELULOIDE FILMES LTDA;MG;Brasileiro independente;1;0;1;0.0;1040897.66;0.0;178441.32;178441.32;100.0;;0.1714;0.0;0.0;0;0;0;0;0;0;0;;1.0;0.0;Pequeno Porte
16423018000136;GRIOT PRODUCOES CINEMATOGRAFICAS LTDA;BA;Brasileiro independente;1;0;0;0.0;0.0;0.0;83864.0;83864.0;100.0;;;0.0;0.0;0;0;0;0;0;0;0;3.133;;0.0;Pequeno Porte
16487027000190;TRUQUE PRODUTORA DE CINEMA TV E VÍDEO LTDA;BA;Brasileiro independente;3;3;0;5780080.45;5780080.45;18528.16;199083.72;217611.88;91.5;0.0376;0.0376;0.0;0.0;0;0;0;0;0;0;0;4.344;17.0;0.0;Fomento Baixo Retorno
16490810000103;CASADASARTES PRODUTORA DE FILMES LTDA;SP;Brasileiro independente;1;0;1;0.0;85941.86;9522.52;86664.06;96186.58;90.1;;1.1192;0.0;0.0;0;0;0;0;0;0;0;;;0.0;Pequeno Porte
16550959000130;VIA CRIAÇÕES ARTÍSTICAS LTDA ME;SP;Brasileiro independente;1;0;1;0.0;983637.08;0.0;404432.28;404432.28;100.0;;0.4112;0.0;0.0;0;0;0;0;0;0;0;4.407;;0.0;Pequeno Porte
16551639000103;;;;2;0;2;0.0;1316368.53;0.0;441078.2;441078.2;100.0;;0.3351;0.0;0.0;0;0;0;0;0;0;0;;;0.0;Pequeno Porte
16603000000116;PUKSAR PRODUTORA DE FILMES LTDA;DF;Brasileiro independente;2;0;1;0.0;174034.8;0.0;324864.96;324864.96;100.0;;1.8667;0.0;0.0;0;0;0;0;0;0;0;3.648;;0.0;Pequeno Porte
16701009000160;;;;1;1;1;246851.14;562959.94;0.0;0.0;0.0;0.0;0.0;0.0;0.0;0.0;0;0;0;0;0;0;0;;0.0;0.0;Pequeno Porte
16729130000108;BOUTIQUE FILMES E PRODUÇÕES LTDA.;SP;Brasileiro independente;22;0;21;0.0;54828015.15;7136.92;3020656.12;3027793.04;99.8;;0.0552;0.0;0.0;0;0;0;0;0;0;0;3.958;9.0;0.0;Fomento Baixo Retorno
16820127000197;MUVIOLA FILMES LTDA;DF;Brasileiro independente;1;1;1;250037.21;260292.46;0.0;86664.06;86664.06;100.0;0.3466;0.3329;0.0;0.0;0;0;0;0;0;0;0;;;0.0;Pequeno Porte
16835137000104;CLARALUZ PRODUCOES AUDIOVISUAIS LTDA;SP;Brasileiro independente;2;0;1;0.0;649315.49;24830.12;65803.86;90633.98;72.6;;0.1396;1.35;2.7;0;0;1;0;0;13;0;3.83;;0.0;Pequeno Porte
16861733000150;AGRIDOCE FILMES PRODUÇÕES ARTÍSTICAS E CULTURAIS LTDA;DF;Brasileiro independente;1;0;1;0.0;5540932.12;874.72;0.0;874.72;0.0;;0.0002;0.0;0.0;0;0;0;0;0;0;0;4.115;0.0;0.0;Fomento Baixo Retorno
16863370000192;VILABELA PRODUÇÕES ARTÍSTICAS;PE;Brasileiro independente;2;0;1;0.0;13383.1;22762.6;89220.66;111983.26;79.7;;8.3675;0.0;0.0;0;0;0;0;0;0;0;4.1;;0.0;Pequeno Porte
16894643000166;TARDO FILMES LTDA ME;CE;Brasileiro independente;5;3;1;2960017.48;3482132.33;46578.84;606648.42;653227.26;92.9;0.2207;0.1876;0.0;0.0;0;0;0;0;0;0;0;3.682;9.0;0.0;Pequeno Porte
16957757000108;ENTRE FILMES PRODUCOES LTDA - ME;MG;Brasileiro independente;5;1;2;1483367.82;2735832.81;253370.6;706188.68;959559.28;73.6;0.6469;0.3507;7.16;21.7;0;1;2;0;2;58;0;3.902;;0.0;Retorno Internacional
17192316000125;SEUFILME PRODUCOES AUDIOVISUAIS LTDA;RJ;Brasileiro independente;1;1;1;266934.0;963031.0;28408.52;83531.64;111940.16;74.6;0.4194;0.1162;3.7;3.7;0;0;1;0;0;18;0;3.857;0.0;0.0;Pequeno Porte
17219542000152;PIRA FILMES E PRODUCOES LTDA;GO;Brasileiro independente;3;2;2;1484078.76;4059311.81;0.0;278833.26;278833.26;100.0;0.1879;0.0687;0.0;0.0;0;0;0;0;0;0;0;3.967;0.0;0.0;Pequeno Porte
17220694000175;CASU FILMES PRODUÇÕES AUDIOVISUAIS E ENTRETENIMENTO LTDA.-ME;RN;Brasileiro independente;3;3;0;145861.42;145861.42;0.0;83531.64;83531.64;100.0;0.5727;0.5727;0.0;0.0;0;0;0;0;0;0;0;3.7;0.0;0.0;Pequeno Porte
17227558000107;PORTA DOS FUNDOS PRODUTORA E DISTRIBUIDORA AUDIOVISUAL S.A.;RJ;Brasileiro independente;1;0;1;0.0;5610931.18;9121441.0;197568.0;9319009.0;2.1;;1.6609;0.0;0.0;0;0;0;0;0;0;0;1.3;;0.0;Retorno Doméstico
17281724000153;TENDA DOS MILAGRES PRODUÇÕES ARTÍSTICAS E CULTURAIS LTDA;BA;Brasileiro independente;4;3;1;960166.72;2513745.85;1113.28;434289.12;435402.4;99.7;0.4535;0.1732;0.0;0.0;0;0;0;0;0;0;0;3.82;0.0;0.0;Pequeno Porte
17305816000126;;;;1;1;0;123640.73;123640.73;0.0;0.0;0.0;0.0;0.0;0.0;0.0;0.0;0;0;0;0;0;0;0;;;0.0;Pequeno Porte
17380926000152;RODOFERRO CONTEUDO AUDIOVISUAL LTDA;DF;Brasileiro independente;1;0;0;0.0;0.0;0.0;0.0;0.0;0.0;;;0.0;0.0;0;0;0;0;0;0;0;;0.0;0.0;Pequeno Porte
17383231000124;RUBI FILMES E PRODUCOES ARTISTICAS LTDA;RJ;Brasileiro independente;1;0;1;0.0;3480696.0;5012901.04;162432.48;5175333.52;3.1;;1.4869;0.0;0.0;0;0;0;0;0;0;0;3.612;1.0;0.0;Retorno Doméstico
17456554000109;FILMES DE PLASTICO PRODUCOES AUDIOVISUAIS LTDA;MG;Brasileiro independente;5;5;2;7700021.24;22159725.66;2473747.92;1387645.34;3861393.26;35.9;0.5015;0.1743;11.13;20.14;0;3;4;3;0;52;5299;3.795;0.0;0.0;Duplo Retorno
17493056000128;KROON COMPANY PRODUÇÕES LTDA;SP;Brasileiro independente;1;0;1;0.0;1065339.25;0.0;89220.66;89220.66;100.0;;0.0837;0.0;0.0;0;0;0;0;0;0;0;;0.0;0.0;Pequeno Porte
17503480000106;J A GOMES PRODUÇÕES;TO;Brasileiro independente;1;0;0;0.0;0.0;0.0;0.0;0.0;0.0;;;0.0;0.0;0;0;0;0;0;0;0;;;0.0;Pequeno Porte
17545702000153;PROSPERIDADE COMUNICAÇÃO E FILMES LTDA;SP;Brasileiro independente;5;0;2;0.0;1320023.47;3399.48;469347.12;472746.6;99.3;;0.3581;0.0;0.0;0;0;0;0;0;0;0;;0.0;0.0;Pequeno Porte
17623726000183;VALENTE STUDIO DE PRODUCAO DE VIDEOS E JOGOS LTDA;CE;Brasileiro independente;1;1;1;441825.39;2093502.66;0.0;324864.96;324864.96;100.0;0.7353;0.1552;0.0;0.0;0;0;0;0;0;0;0;;;0.0;Pequeno Porte
17698485000131;J M MONTEIRO SERVICOS AUDIOVISUAIS LTDA;AM;Brasileiro independente;2;1;0;1740242.5;1740242.5;0.0;0.0;0.0;0.0;0.0;0.0;0.0;0.0;0;0;0;0;0;0;0;3.75;;0.0;Pequeno Porte
17724039000154;L R M PRODUÇÕES ARTÍSTICAS E DE EVENTOS LTDA;DF;Brasileiro independente;2;0;2;0.0;1187756.66;0.0;1021174.2;1021174.2;100.0;;0.8598;0.0;0.0;0;0;0;0;0;0;0;4.3;;0.0;Pequeno Porte
17730742000175;;;;1;1;0;294518.64;294518.64;0.0;0.0;0.0;0.0;0.0;0.0;0.0;0.0;0;0;0;0;0;0;0;;0.0;0.0;Pequeno Porte
17822593000174;CINEDIÁRIO PRODUÇÕES CULTURAIS LTDA;SP;Brasileiro independente;1;1;1;208829.1;300921.33;18607.68;0.0;18607.68;0.0;0.0891;0.0618;0.0;0.0;0;0;0;0;0;0;0;3.5;;0.0;Pequeno Porte
17831177000132;OPERAHAUS PRODUCOES ARTISTICAS E CULTURAIS LTDA;SP;Brasileiro independente;1;0;0;0.0;0.0;12007.52;0.0;12007.52;0.0;;;0.0;0.0;0;0;0;0;0;0;0;3.745;;0.0;Pequeno Porte
17902521000137;GUARNICÊ PRODUÇÕES EIRELI;MA;Brasileiro independente;2;2;0;566166.59;566166.59;0.0;149335.5;149335.5;100.0;0.2638;0.2638;0.0;0.0;0;0;0;0;0;0;0;3.858;;0.0;Pequeno Porte
17942221000181;SOL A PINO FILMES LTDA;GO;Brasileiro independente;2;2;0;2612452.04;2612452.04;57294.16;160148.76;217442.92;73.7;0.0832;0.0832;5.44;10.88;0;0;0;1;0;0;3022;;1.0;0.0;Pequeno Porte
18009049000170;70 FILMES PRODUCOES ARTÍSTICAS LTDA;RJ;Brasileiro independente;2;0;2;0.0;995205.4;13697.32;790070.68;803768.0;98.3;;0.8076;0.0;0.0;0;0;0;0;0;0;0;;0.0;0.0;Pequeno Porte
18023882000176;PALADINA PRODUCOES ARTISTICAS LTDA. - ME;RJ;Brasileiro independente;1;0;0;0.0;0.0;376726.0;293524.0;670250.0;43.8;;;0.0;0.0;0;0;0;0;0;0;0;4.05;3.0;0.0;Pequeno Porte
18053877000106;ANIMAZOO ENTRETENIMENTO INFANTIL LTDA;SP;Brasileiro independente;1;0;1;0.0;1801804.5;0.0;373707.6;373707.6;100.0;;0.2074;0.0;0.0;0;0;0;0;0;0;0;;0.0;0.0;Pequeno Porte
18082113000149;FORMATA PRODUCOES E CONTEUDO LTDA.;SP;Brasileiro independente;10;0;10;0.0;31831162.39;31780148.12;2807735.51;34587883.63;8.1;;1.0866;0.0;0.0;0;0;0;0;0;0;0;2.909;1.0;0.0;Retorno Doméstico
18130655000140;MZN PUBLICIDADE AUDIO VISUAL LTDA;TO;Brasileiro independente;1;0;0;0.0;0.0;0.0;0.0;0.0;0.0;;;0.0;0.0;0;0;0;0;0;0;0;3.484;0.0;0.0;Pequeno Porte
18274744000160;VIU CINE COMUNICACAO LTDA;PE;Brasileiro independente;7;5;2;4111612.2;4887199.5;190311.24;442475.38;632786.62;69.9;0.1539;0.1295;0.0;0.0;0;0;0;0;0;0;0;4.156;3.0;0.0;Pequeno Porte
18580137000128;LADART PRODUÇÕES E CONSULTORIA LTDA;ES;Brasileiro independente;1;1;1;240240.6;450387.35;0.0;0.0;0.0;0.0;0.0;0.0;0.0;0.0;0;0;0;0;0;0;0;2.64;17.0;0.0;Pequeno Porte
18589962000193;;;;1;1;0;919285.01;919285.01;2286.2;0.0;2286.2;0.0;0.0025;0.0025;0.0;0.0;0;0;0;0;0;0;0;3.83;;0.0;Pequeno Porte
18595380000110;IMAGINE STUDIOS DE ANIMAÇÃO LTDA- ME;BA;Brasileiro independente;1;1;0;200200.5;200200.5;0.0;83864.0;83864.0;100.0;0.4189;0.4189;0.0;0.0;0;0;0;0;0;0;0;;;0.0;Pequeno Porte
18641448000150;;;;1;1;1;556877.6;1078019.52;0.0;0.0;0.0;0.0;0.0;0.0;0.0;0.0;0;0;0;0;0;0;0;4.175;;0.0;Pequeno Porte
18675219000156;MACUMBASURFCLUB FILMES LTDA;RJ;Brasileiro independente;3;0;3;0.0;867551.18;0.0;208782.06;208782.06;100.0;;0.2407;0.0;0.0;0;0;0;0;0;0;0;3.4;0.0;0.0;Pequeno Porte
18677618000156;;;;1;0;1;0.0;1021004.16;0.0;0.0;0.0;0.0;;0.0;0.0;0.0;0;0;0;0;0;0;0;4.257;;0.0;Pequeno Porte
18800502000162;CASA DO SANTOMÉ FILMES LTDA - ME;BA;Brasileiro independente;1;1;1;314357.41;1731768.75;0.0;0.0;0.0;0.0;0.0;0.0;0.0;0.0;0;0;0;0;0;0;0;;0.0;0.0;Pequeno Porte
18822538000147;VIEW FILMES PRODUCOES AUDIOVISUAIS LTDA - EPP;RJ;Brasileiro independente;2;0;2;0.0;1592544.49;218.68;0.0;218.68;0.0;;0.0001;0.0;0.0;0;0;0;0;0;0;0;3.95;;0.0;Pequeno Porte
18883243000180;SALVATORE FILMES LTDA;SP;Brasileiro independente;3;0;1;0.0;1041485.92;0.0;216132.24;216132.24;100.0;;0.2075;0.0;0.0;0;0;0;0;0;0;0;;;0.0;Pequeno Porte
18913837000197;BELEM-BRASÍLIA PRODUÇÕES AUDIOVISUAIS E CULTURAIS LTDA - ME;SP;Brasileiro independente;1;0;1;0.0;411274.12;0.0;307084.68;307084.68;100.0;;0.7467;0.0;0.0;0;0;0;0;0;0;0;;;0.0;Pequeno Porte
18935572000128;COSTURA FILMES EIRELI;PE;Brasileiro independente;1;1;0;165261.37;165261.37;0.0;0.0;0.0;0.0;0.0;0.0;0.0;0.0;0;0;0;0;0;0;0;3.865;;0.0;Pequeno Porte
19069618000136;BRAVURA CINEMATOGRÁFICA LTDA.;SP;Brasileiro independente;1;1;1;969226.16;3013411.16;447379.52;0.0;447379.52;0.0;0.4616;0.1485;0.0;0.0;0;0;0;0;0;0;0;3.573;;0.0;Pequeno Porte
19099086000180;VERMELHO PROFUNDO PRODUÇÕES AUDIOVISUAIS LTDA;PB;Brasileiro independente;1;1;0;957098.57;957098.57;36261.12;106773.6;143034.72;74.6;0.1494;0.1494;0.0;0.0;0;0;0;0;0;0;0;3.2;;0.0;Pequeno Porte
19152930000199;MALEMOLÊNCIA PRODUÇÕES LTDA;CE;Brasileiro independente;1;1;1;2669340.0;2983830.0;54013.96;0.0;54013.96;0.0;0.0202;0.0181;0.0;0.0;0;0;0;0;0;0;0;;;0.0;Pequeno Porte
19223689000141;BENDITAS PROJETOS CRIATIVOS LTDA;BA;Brasileiro independente;1;1;0;362133.61;362133.61;0.0;92818.56;92818.56;100.0;0.2563;0.2563;0.0;0.0;0;0;0;0;0;0;0;;;0.0;Pequeno Porte
19265893000125;AUTORIAS PRODUCOES CINEMATOGRAFICAS LTDA.;PE;Brasileiro independente;2;1;0;564539.53;564539.53;2644.04;69613.92;72257.96;96.3;0.128;0.128;0.0;0.0;0;0;0;0;0;0;0;4.1;;0.0;Pequeno Porte
19291237000105;TOCHA PRODUCOES ARTISTICAS - EIRELI;SP;Brasileiro independente;2;0;2;0.0;4274734.31;0.0;596456.8;596456.8;100.0;;0.1395;0.0;0.0;0;0;0;0;0;0;0;4.39;1.0;0.0;Pequeno Porte
19388280000185;PACTO AUDIOVISUAL PRODUTORES ASSOCIADOS LTDA;PE;Brasileiro independente;1;1;0;763928.87;763928.87;417.48;167063.28;167480.76;99.8;0.2192;0.2192;0.0;0.0;0;0;0;0;0;0;0;3.648;0.0;0.0;Pequeno Porte
19452266000101;BEBINHO SALGADO 45 LTDA;PE;Brasileiro independente;1;1;0;485296.69;485296.69;20874.0;76617.12;97491.12;78.6;0.2009;0.2009;0.0;0.0;0;0;0;0;0;0;0;;;0.0;Pequeno Porte
19457687000117;ESTÚDIO GIZ PRODUÇÕES LTDA. - ME;RJ;Brasileiro independente;6;3;2;4558841.95;5811177.95;45227.0;142978.2;188205.2;76.0;0.0413;0.0324;2.0;5.7;0;0;3;0;0;28;0;4.34;0.0;0.0;Fomento Baixo Retorno
19478327000100;LUPA FILMES LTDA;RJ;Brasileiro independente;2;1;2;1048300.0;10059572.55;1810193.28;93886.07;1904079.35;4.9;1.8163;0.1893;0.0;0.0;0;0;0;0;0;0;0;3.965;;0.0;Fomento Baixo Retorno
19542988000149;MYTHOLOGY PRODUÇÕES ARTÍSTICAS LTDA.;RJ;Brasileiro independente;2;0;2;0.0;3190532.5;0.0;153145.56;153145.56;100.0;;0.048;0.0;0.0;0;0;0;0;0;0;0;;;0.0;Pequeno Porte
19668184000190;CAZUMBA PRODUCOES CULTURAIS LTDA;PR;Brasileiro independente;1;0;0;0.0;0.0;0.0;65803.86;65803.86;100.0;;;0.0;0.0;0;0;0;0;0;0;0;3.578;;0.0;Pequeno Porte
19709434000193;SACI FILMES LTDA;AC;Brasileiro independente;5;4;0;2936501.23;2936501.23;141366.68;145884.06;287250.74;50.8;0.0978;0.0978;0.94;4.0;0;0;2;0;0;20;0;3.575;2.0;0.0;Pequeno Porte
19716946000187;MOLÊRA PRODUÇÃO DE FILMES LTDA;MT;Brasileiro independente;1;1;1;1875581.16;4384760.76;2822.96;0.0;2822.96;0.0;0.0015;0.0006;0.0;0.0;0;0;0;0;0;0;0;3.965;2.0;0.0;Pequeno Porte
19780327000151;GLOBAL VILLAGE CREATIVE E EXECUTIVE PRODUTORA LTDA;ES;Brasileiro independente;1;1;0;1252974.6;1252974.6;0.0;0.0;0.0;0.0;0.0;0.0;0.0;0.0;0;0;0;0;0;0;0;;0.0;0.0;Pequeno Porte
19804078000197;N FILMES PRODUTORA E FINALIZADORA DE CINEMA LTDA;PE;Brasileiro independente;1;0;0;0.0;0.0;18389.0;62898.0;81287.0;77.4;;;0.0;0.0;0;0;0;0;0;0;0;3.886;3.0;0.0;Pequeno Porte
19886089000163;EXÓTICA CINEMATOGRÁFICA - EIRELI;SP;Brasileiro independente;2;0;2;0.0;1053020.69;15228.08;170195.7;185423.78;91.8;;0.1761;0.0;0.0;0;0;0;0;0;0;0;4.261;;0.0;Pequeno Porte
19907459000100;;;;1;0;0;0.0;0.0;0.0;0.0;0.0;0.0;;;0.0;0.0;0;0;0;0;0;0;0;3.04;;0.0;Pequeno Porte
20119267000100;PLONGEE PRODUCOES LTDA;AM;Brasileiro independente;2;1;0;232046.4;232046.4;0.0;167063.28;167063.28;100.0;0.72;0.72;0.0;0.0;0;0;0;0;0;0;0;3.978;;0.0;Pequeno Porte
20148736000119;MARILIA OLIVEIRA CUNHA - ME;BA;Brasileiro independente;1;0;0;0.0;0.0;0.0;83864.0;83864.0;100.0;;;0.0;0.0;0;0;0;0;0;0;0;;;0.0;Pequeno Porte
20232042000165;;;;1;1;1;2088291.0;3342880.8;1391.6;80080.2;81471.8;98.3;0.039;0.0244;0.0;0.0;0;0;0;0;0;0;0;4.3;;0.0;Pequeno Porte
20240711000140;ILUMINURAS ESTÚDIO DE ANIMAÇÃO DE FILMES LTDA;PA;Brasileiro independente;1;0;1;0.0;2888802.0;0.0;115552.08;115552.08;100.0;;0.04;0.0;0.0;0;0;0;0;0;0;0;;;0.0;Pequeno Porte
20357494000173;MUAMBA ESTÚDIO LTDA;PA;Brasileiro independente;1;1;0;440441.1;440441.1;159.04;0.0;159.04;0.0;0.0004;0.0004;0.0;0.0;0;0;0;0;0;0;0;4.3;0.0;0.0;Pequeno Porte
20386333000108;BOSK CINEMA TV WEB LTDA;RJ;Brasileiro independente;1;1;0;1444401.0;1444401.0;1570.52;0.0;1570.52;0.0;0.0011;0.0011;0.0;0.0;0;0;0;0;0;0;0;2.835;0.0;0.0;Pequeno Porte
20519742000135;ROSEIRA FILMES E PRODUCOES ARTISTICAS;SP;Brasileiro independente;1;1;0;3003007.5;3003007.5;251641.04;62898.0;314539.04;20.0;0.1047;0.1047;2.7;2.7;0;0;1;0;0;13;0;;0.0;0.0;Pequeno Porte
20520970000125;CASA AMARELA FILMES PRODUÇÕES CINEMATOGRÁFICAS LTDA;RJ;Brasileiro independente;1;0;1;0.0;710018.94;0.0;0.0;0.0;0.0;;0.0;0.0;0.0;0;0;0;0;0;0;0;;;0.0;Pequeno Porte
20615318000194;TANDERA FILMES E PRODUCOES LTDA;MG;Brasileiro independente;1;0;0;0.0;0.0;0.0;62898.0;62898.0;100.0;;;0.0;0.0;0;0;0;0;0;0;0;3.543;;0.0;Pequeno Porte
20786426000120;;;;1;1;0;127618.58;127618.58;0.0;0.0;0.0;0.0;0.0;0.0;0.0;0.0;0;0;0;0;0;0;0;4.147;;0.0;Pequeno Porte
20840042000148;ZEN FILMES LTDA;RJ;Brasileiro independente;3;0;3;0.0;1287743.38;0.0;188694.0;188694.0;100.0;;0.1465;0.0;0.0;0;0;0;0;0;0;0;4.024;0.0;0.0;Pequeno Porte
21054261000164;LIRA FILMES PRODUÇÕES LTDA ME;SP;Brasileiro independente;1;1;1;104830.0;690213.3;4333.84;125796.0;130129.84;96.7;1.2413;0.1885;0.0;0.0;0;0;0;0;0;0;0;;;0.0;Pequeno Porte
21154983000190;CINEMA NA VEIA PRODUÇÕES LTDA - ME;SP;Brasileiro independente;1;0;1;0.0;118960.88;0.0;0.0;0.0;0.0;;0.0;0.0;0.0;0;0;0;0;0;0;0;3.4;;0.0;Pequeno Porte
21277034000106;IMAGÍSTICA FILMES LTDA;PR;Brasileiro independente;1;1;0;522072.75;522072.75;0.0;62898.0;62898.0;100.0;0.1205;0.1205;0.0;0.0;0;0;0;0;0;0;0;;;0.0;Pequeno Porte
21368732000109;RODAFILMES PRODUÇÃO ARTISTICA E CULTURAL LTDA;RJ;Brasileiro independente;1;0;0;0.0;0.0;20973.4;83531.64;104505.04;79.9;;;0.0;0.0;0;0;0;0;0;0;0;;;0.0;Pequeno Porte
21384949000102;;;;1;1;0;3115319.98;3115319.98;22027.04;65803.86;87830.9;74.9;0.0282;0.0282;0.0;0.0;0;0;0;0;0;0;0;4.095;;0.0;Pequeno Porte
21521036000190;;;;1;0;0;0.0;0.0;0.0;0.0;0.0;0.0;;;0.0;0.0;0;0;0;0;0;0;0;;;0.0;Pequeno Porte
21557420000143;;;;1;1;0;49562.08;49562.08;0.0;83531.64;83531.64;100.0;1.6854;1.6854;0.0;0.0;0;0;0;0;0;0;0;;0.0;0.0;Pequeno Porte
21601343000181;MUTANTE PRODUÇÕES LTDA;RJ;Brasileiro independente;1;0;0;0.0;0.0;0.0;80080.2;80080.2;100.0;;;0.0;0.0;0;0;0;0;0;0;0;4.05;0.0;0.0;Pequeno Porte
21624748000135;;;;1;1;0;48146.7;48146.7;0.0;0.0;0.0;0.0;0.0;0.0;0.0;0.0;0;0;0;0;0;0;0;3.993;;0.0;Pequeno Porte
21805885000176;INQUIETA CINEMA, CULTURA E COMUNICACAO LTDA.;PE;Brasileiro independente;1;1;0;1429119.24;1429119.24;41986.56;86664.06;128650.62;67.4;0.09;0.09;0.0;0.0;0;0;0;0;0;0;0;;;0.0;Pequeno Porte
21868012000102;GOYAZ FILMES EIRELI-ME;GO;Brasileiro independente;2;2;1;496262.36;579145.37;2624.16;80080.2;82704.36;96.8;0.1667;0.1428;0.0;0.0;0;0;0;0;0;0;0;3.775;2.0;0.0;Pequeno Porte
21917692000107;;;;1;0;1;0.0;281788.58;0.0;0.0;0.0;0.0;;0.0;0.0;0.0;0;0;0;0;0;0;0;3.5;;0.0;Pequeno Porte
21988610000115;GIRO PRODUÇÕES CULTURAIS LTDA;BA;Brasileiro independente;1;1;0;228686.64;228686.64;0.0;62898.0;62898.0;100.0;0.275;0.275;0.0;0.0;0;0;0;0;0;0;0;;;0.0;Pequeno Porte
22000363000160;LA URSA CINEMATOGRÁFICA LTDA;AL;Brasileiro independente;1;1;0;52415.0;52415.0;0.0;0.0;0.0;0.0;0.0;0.0;0.0;0.0;0;0;0;0;0;0;0;4.2;;0.0;Pequeno Porte
22071805000169;CRISGE - PRODUCOES AUDIOVISUAIS LTDA - ME;GO;Brasileiro independente;1;1;1;1805501.25;9498539.13;218.68;80080.2;80298.88;99.7;0.0445;0.0085;0.0;0.0;0;0;0;0;0;0;0;4.127;;0.0;Fomento Baixo Retorno
22318373000148;CAMBARA LTDA;AM;Brasileiro independente;1;1;0;139219.26;139219.26;0.0;0.0;0.0;0.0;0.0;0.0;0.0;0.0;0;0;0;0;0;0;0;;0.0;0.0;Pequeno Porte
22327940000122;ATO3 PRODUCOES ARTISTICAS E EDITORIAIS LTDA - ME;BA;Brasileiro independente;1;1;0;1181733.26;1181733.26;357.84;131607.72;131965.56;99.7;0.1117;0.1117;0.0;0.0;0;0;0;0;0;0;0;4.273;0.0;0.0;Pequeno Porte
22331409000123;QUIMERA FILMES LTDA;MG;Brasileiro independente;2;1;1;2202205.5;8329436.15;164328.08;435200.66;599528.74;72.6;0.2722;0.072;0.0;0.0;0;0;0;0;0;0;0;4.068;;0.0;Fomento Baixo Retorno
22516874000139;ATOM PRODUCOES E CONSULTORIA DE ENTRETENIMENTO LTDA;RJ;Brasileiro independente;3;0;3;0.0;2276472.84;0.0;232548.12;232548.12;100.0;;0.1022;0.0;0.0;0;0;0;0;0;0;0;3.7;0.0;0.0;Pequeno Porte
22534164000131;FILMES DE BANANOLA LTDA;AL;Brasileiro independente;1;1;1;54836.55;1941776.55;0.0;0.0;0.0;0.0;0.0;0.0;0.0;0.0;0;0;0;0;0;0;0;4.5;0.0;0.0;Pequeno Porte
22543352000126;PONTE PRODUTORAS ASSOCIADAS LTDA;PE;Brasileiro independente;2;1;1;104830.0;120554.5;32980.92;62898.0;95878.92;65.6;0.9146;0.7953;0.6;1.2;0;0;1;0;0;6;0;4.252;0.0;0.0;Pequeno Porte
22604204000174;METAFIXA PRODUCOES CINEMATOGRAFICAS LTDA;PR;Brasileiro independente;1;0;0;0.0;0.0;0.0;92818.56;92818.56;100.0;;;0.0;0.0;0;0;0;0;0;0;0;3.943;1.0;0.0;Pequeno Porte
22734795000102;TAMANDUA VERMELHO PRODUCOES ARTISTICAS LTDA;RJ;Brasileiro independente;1;1;0;2946578.04;2946578.04;10516.52;186853.8;197370.32;94.7;0.067;0.067;43.92;43.92;0;1;1;1;1;114;3357;;;0.0;Retorno Internacional
22791682000130;ATLÂNTICO FILMES LTDA ME;MG;Brasileiro independente;1;0;1;0.0;110525.81;0.0;0.0;0.0;0.0;;0.0;0.0;0.0;0;0;0;0;0;0;0;4.3;0.0;0.0;Pequeno Porte
22865259000138;COURO DE RATO EDIÇÃO E PRODUÇÃO LTDA;RJ;Brasileiro independente;2;0;1;0.0;213237.6;0.0;244577.14;244577.14;100.0;;1.147;0.0;0.0;0;0;0;0;0;0;0;;;0.0;Pequeno Porte
22889475000113;CLARIO FILMES LTDA;RJ;Brasileiro independente;2;0;1;0.0;2386060.3;47493.32;145884.06;193377.38;75.4;;0.081;0.0;0.0;0;0;0;0;0;0;0;3.932;5.0;0.0;Pequeno Porte
22910094000179;;;;1;1;0;1005253.17;1005253.17;1590.4;0.0;1590.4;0.0;0.0016;0.0016;0.0;0.0;0;0;0;0;0;0;0;3.817;;0.0;Pequeno Porte
22971615000106;DROMEDARIO CINEMA E VIDEO LTDA - EPP;MG;Brasileiro independente;2;1;1;1809852.2;2176757.2;7037.52;153477.92;160515.44;95.6;0.0887;0.0737;0.0;0.0;0;0;0;0;0;0;0;3.895;2.0;0.0;Pequeno Porte
23064648000127;PONTA NEGRA FILMES LTDA-ME;RN;Brasileiro independente;1;1;0;1670632.8;1670632.8;5944.12;0.0;5944.12;0.0;0.0036;0.0036;0.0;0.0;0;0;0;0;0;0;0;3.4;;0.0;Pequeno Porte
23148018000130;RODAMUNDO FILMES LTDA;MG;Brasileiro independente;2;1;2;1278048.01;5614388.4;27295.24;149562.06;176857.3;84.6;0.1384;0.0315;0.0;0.0;0;0;0;0;0;0;0;3.919;0.0;0.0;Fomento Baixo Retorno
23189788000121;VALKYRIA CINE LTDA;RJ;Brasileiro independente;2;0;1;0.0;748733.83;76697.04;89220.66;165917.7;53.8;;0.2216;0.0;0.0;0;0;0;0;0;0;0;3.956;0.0;0.0;Pequeno Porte
23234999000139;CINEMA BRUTO PRODUCAO CINEMATOGRAFICA E CULTURAL LTDA;RJ;Brasileiro independente;1;0;1;0.0;743505.5;41171.48;535323.96;576495.44;92.9;;0.7754;0.4;0.4;0;0;1;0;0;2;0;;0.0;0.0;Pequeno Porte
23318838000123;;;;1;1;0;440127.05;440127.05;0.0;0.0;0.0;0.0;0.0;0.0;0.0;0.0;0;0;0;0;0;0;0;;0.0;0.0;Pequeno Porte
23511961000166;VIVIAN MESQUITA LIMA;SP;Brasileiro independente;1;0;1;0.0;519790.07;0.0;83531.64;83531.64;100.0;;0.1607;0.0;0.0;0;0;0;0;0;0;0;4.3;;0.0;Pequeno Porte
23586904000146;UBUNTU FILMES LTDA;RJ;Brasileiro independente;1;0;1;0.0;1394824.82;1172.92;173328.12;174501.04;99.3;;0.1251;0.0;0.0;0;0;0;0;0;0;0;4.2;;0.0;Pequeno Porte
23624812000103;AWORAN PRODUCAO CINEMATOGRAFICA LTDA;BA;Brasileiro independente;1;1;0;108727.72;108727.72;0.0;0.0;0.0;0.0;0.0;0.0;0.0;0.0;0;0;0;0;0;0;0;2.9;0.0;0.0;Pequeno Porte
23707667000124;PÉ NA ESTRADA FILMES LTDA;RN;Brasileiro independente;1;1;0;289133.72;289133.72;314163.64;62898.0;377061.64;16.7;1.3041;1.3041;0.0;0.0;0;0;0;0;0;0;0;4.095;;0.0;Pequeno Porte
23723437000159;LOMA FILMES LTDA;SP;Brasileiro independente;3;1;1;4333203.0;8077910.69;2469652.64;465292.6;2934945.24;15.9;0.6773;0.3633;0.0;0.0;0;0;0;0;0;0;0;4.343;8.0;0.0;Fomento Baixo Retorno
23747020000126;PAPO AMARELO PRODUÇÕES CINEMATOGRÁFICAS LTDA - ME;PE;Brasileiro independente;1;1;1;996533.76;1910110.68;0.0;0.0;0.0;0.0;0.0;0.0;0.0;0.0;0;0;0;0;0;0;0;;;0.0;Pequeno Porte
23957635000187;NA PARALELA FILMES LTDA.;RJ;Brasileiro independente;2;0;2;0.0;5118254.44;0.0;359327.86;359327.86;100.0;;0.0702;0.0;0.0;0;0;0;0;0;0;0;3.791;1.0;0.0;Fomento Baixo Retorno
23964115000100;A FABRICA ENTRETENIMENTO E PARTICIPACOES S.A;RJ;Brasileiro;5;0;4;0.0;15536490.13;105072241.12;962274.58;106034515.7;0.9;;6.8249;0.0;0.0;0;0;0;0;0;0;0;3.751;8.0;0.0;Retorno Doméstico
24029216000148;FRAMBOESA FILMES E PRODUCOES LTDA;RJ;Brasileiro independente;1;0;1;0.0;329019.3;39.76;65803.86;65843.62;99.9;;0.2001;0.0;0.0;0;0;0;0;0;0;0;3.7;;0.0;Pequeno Porte
24068532000129;CASINHA PRODUCOES LTDA;PE;Brasileiro independente;1;0;0;0.0;0.0;0.0;65803.86;65803.86;100.0;;;0.0;0.0;0;0;0;0;0;0;0;;1.0;0.0;Pequeno Porte
24304911000170;CAMPO CERRADO PRODUÇÕES E SERVIÇOS AUDIOVISUAIS LTDA;MG;Brasileiro independente;1;1;0;1740242.5;1740242.5;3399.48;76617.12;80016.6;95.8;0.046;0.046;4.9;4.9;0;0;1;0;0;24;0;;1.0;0.0;Pequeno Porte
24856310000170;CAFE PRETO PRODUCOES AUDIOVISUAIS LTDA - ME;SC;Brasileiro independente;3;0;3;0.0;969463.9;0.0;387762.96;387762.96;100.0;;0.4;0.0;0.0;0;0;0;0;0;0;0;3.993;;0.0;Pequeno Porte
24977434000104;ARCO AUDIOVISUAL LTDA;BA;Brasileiro independente;1;0;0;0.0;0.0;0.0;83864.0;83864.0;100.0;;;0.0;0.0;0;0;0;0;0;0;0;4.3;;0.0;Pequeno Porte
25094170000103;CABORE PRODUTORES ASSOCIADOS LTDA;RN;Brasileiro independente;3;3;1;514673.08;1904064.55;0.0;173328.12;173328.12;100.0;0.3368;0.091;0.0;0.0;0;0;0;0;0;0;0;4.35;5.0;0.0;Pequeno Porte
25278158000159;BAHIA VISUAL PRODUCOES E SERVICOS LTDA;BA;Brasileiro independente;1;0;0;0.0;0.0;0.0;0.0;0.0;0.0;;;0.0;0.0;0;0;0;0;0;0;0;;;0.0;Pequeno Porte
25301822000133;MANACÁ CINE STUDIO EIRELI-ME;SC;Brasileiro independente;1;1;0;348069.6;348069.6;0.0;62898.0;62898.0;100.0;0.1807;0.1807;0.0;0.0;0;0;0;0;0;0;0;3.837;;0.0;Pequeno Porte
25425945000186;CASA DE CINEMA DE OLINDA LTDA;PE;Brasileiro independente;1;1;1;534634.91;1120018.21;0.0;0.0;0.0;0.0;0.0;0.0;0.0;0.0;0;0;0;0;0;0;0;3.8;15.0;0.0;Pequeno Porte
26324984000150;CÉU VERMELHO FOGO FILMES LTDA;AL;Brasileiro independente;1;1;0;54836.55;54836.55;0.0;0.0;0.0;0.0;0.0;0.0;0.0;0.0;0;0;0;0;0;0;0;;;0.0;Pequeno Porte
26671292000188;ANDALUZ PRODUCOES LTDA-ME;ES;Brasileiro independente;1;0;0;0.0;0.0;7952.0;62898.0;70850.0;88.8;;;0.0;0.0;0;0;0;0;0;0;0;;;0.0;Pequeno Porte
26694889000148;CAPURI FILMES PRODUCOES LTDA;RJ;Brasileiro independente;2;0;1;0.0;219346.2;0.0;62898.0;62898.0;100.0;;0.2868;1.0;2.0;0;0;0;0;1;0;0;4.193;0.0;0.0;Pequeno Porte
26851408000160;BEYOND FILMES LTDA;SP;Brasileiro independente;2;0;2;0.0;5051869.07;0.0;251592.0;251592.0;100.0;;0.0498;0.0;0.0;0;0;0;0;0;0;0;3.716;;0.0;Fomento Baixo Retorno
27052323000185;PUBLYTIME COMUNICAÇÃO LTDA;RJ;Brasileiro independente;1;0;1;0.0;1100825.77;0.0;80080.2;80080.2;100.0;;0.0727;0.0;0.0;0;0;0;0;0;0;0;;;0.0;Pequeno Porte
27102439000181;;;;1;0;1;0.0;862831.18;0.0;65803.86;65803.86;100.0;;0.0763;0.0;0.0;0;0;0;0;0;0;0;;;0.0;Pequeno Porte
27436455000100;;;;1;0;1;0.0;1338125.85;0.0;76617.12;76617.12;100.0;;0.0573;0.0;0.0;0;0;0;0;0;0;0;;;0.0;Pequeno Porte
27527464000107;COEVOS FILMES LTDA;RJ;Brasileiro independente;2;2;1;2483950.32;2703296.52;7633.92;387164.88;394798.8;98.1;0.1589;0.146;1.45;1.7;0;0;2;0;0;8;0;4.1;;0.0;Pequeno Porte
27651181000172;CALIBAN PRODUÇÕES CINEMATOGRÁFICAS LTDA.;RJ;Brasileiro independente;5;1;3;1437364.14;3864149.54;62482.84;131607.72;194090.56;67.8;0.135;0.0502;0.0;0.0;0;0;0;0;0;0;0;3.943;;0.0;Pequeno Porte
27815174000169;SM PRODUÇÕES LTDA;RJ;Brasileiro independente;1;0;1;0.0;402313.24;0.0;244886.32;244886.32;100.0;;0.6087;0.0;0.0;0;0;0;0;0;0;0;4.245;;0.0;Pequeno Porte
27872415000101;DUETO PRODUÇÕES E PUBLICIDADES LTDA;SP;Brasileiro independente;2;2;2;6228252.94;11170934.32;4257938.16;377388.0;4635326.16;8.1;0.7442;0.4149;0.0;0.0;0;0;0;0;0;0;0;3.859;;0.0;Fomento Baixo Retorno
27920016000179;MEIOS DE PRODUÇÃO E COMUNICAÇÃO LTDA;RJ;Brasileiro independente;5;3;5;5557297.65;12848752.88;2219442.96;990356.92;3209799.88;30.9;0.5776;0.2498;0.0;0.0;0;0;0;0;0;0;0;3.608;12.0;0.0;Fomento Baixo Retorno
28017371000103;MAKINA CULTURAL PRODUCOES, EDICOES E EXIBICOES ARTISTICAS LTDA;RJ;Brasileiro independente;1;0;0;0.0;0.0;0.0;0.0;0.0;0.0;;;0.0;0.0;0;0;0;0;0;0;0;;11.0;0.0;Pequeno Porte
28026565000167;ELIMAR PRODUÇÕES ARTÍSTICAS LTDA;RJ;Brasileiro independente;2;0;2;0.0;2175817.33;0.0;481049.4;481049.4;100.0;;0.2211;0.0;0.0;0;0;0;0;0;0;0;3.605;;0.0;Pequeno Porte
28037068000164;NALATA FILMES LTDA - ME;SP;Brasileiro independente;1;0;1;0.0;482969.74;0.0;125796.0;125796.0;100.0;;0.2605;0.0;0.0;0;0;0;0;0;0;0;;0.0;0.0;Pequeno Porte
28099914000170;FLORESTA FILMES LTDA - ME;BA;Brasileiro independente;1;0;0;0.0;0.0;0.0;62898.0;62898.0;100.0;;;0.0;0.0;0;0;0;0;0;0;0;;1.0;0.0;Pequeno Porte
28247971000150;VEMVER BRASIL - PRODUÇÕES AUDIOVISUAIS LTDA;RJ;Brasileiro independente;1;0;0;0.0;0.0;0.0;104951.28;104951.28;100.0;;;0.0;0.0;0;0;0;0;0;0;0;;;0.0;Pequeno Porte
28303041000176;CINE 2 PRODUÇÕES CINEMATOGRÁFICAS LTDA;SP;Brasileiro independente;1;0;1;0.0;6283261.39;0.0;80080.2;80080.2;100.0;;0.0127;0.0;0.0;0;0;0;0;0;0;0;;;0.0;Fomento Baixo Retorno
28330561000178;ANDALUZ PRODUÇÕES CINEMATOGRÁFICAS LTDA.;RJ;Brasileiro independente;1;0;1;0.0;934269.0;0.0;80080.2;80080.2;100.0;;0.0857;0.0;0.0;0;0;0;0;0;0;0;4.1;;0.0;Pequeno Porte
28485087000153;LUCCAS TOON STUDIOS LTDA;RJ;Brasileiro independente;1;0;1;0.0;3144900.0;8604739.92;62898.0;8667637.92;0.7;;2.7561;12.77;12.77;0;0;0;1;0;0;12199;4.355;0.0;0.0;Retorno Doméstico
28629780000152;VISON PRODUÇOES ARTISTICAS LTDA.;RJ;Brasileiro independente;5;0;5;0.0;12504497.12;0.0;823403.14;823403.14;100.0;;0.0658;0.0;0.0;0;0;0;0;0;0;0;;0.0;0.0;Fomento Baixo Retorno
28878082000190;;;;1;0;1;0.0;594094.39;0.0;62898.0;62898.0;100.0;;0.1059;0.0;0.0;0;0;0;0;0;0;0;;0.0;0.0;Pequeno Porte
29055209000134;BARRA FILMES LTDA;RJ;Brasileiro independente;1;0;1;0.0;4193200.0;0.0;0.0;0.0;0.0;;0.0;0.0;0.0;0;0;0;0;0;0;0;3.959;;0.0;Pequeno Porte
29121096000128;MULTIVERSO FILMES PRODUÇÕES ARTÍSTICAS LTDA;SP;Brasileiro independente;1;0;0;0.0;0.0;0.0;62898.0;62898.0;100.0;;;0.0;0.0;0;0;0;0;0;0;0;;;0.0;Pequeno Porte
29185956000197;M D PRODUÇÕES ARTÍSTICAS LTDA;RJ;Brasileiro independente;1;1;1;722200.5;794420.55;15069.04;86664.06;101733.1;85.2;0.1409;0.1281;0.0;0.0;0;0;0;0;0;0;0;;0.0;0.0;Pequeno Porte
29219840000121;REZEN ENTRETENIMENTO LTDA;RJ;Brasileiro independente;1;0;1;0.0;628980.0;0.0;62898.0;62898.0;100.0;;0.1;0.0;0.0;0;0;0;0;0;0;0;;;0.0;Pequeno Porte
29254331000130;;;;1;0;1;0.0;1960277.79;45664.36;404432.28;450096.64;89.9;;0.2296;0.0;0.0;0;0;0;0;0;0;0;;;0.0;Pequeno Porte
29269719000104;TAMBELLINI FILMES E PRODUÇÕES AUDIOVISUAIS LTDA;RJ;Brasileiro independente;6;3;5;5695310.0;35127373.02;1253612.92;2534523.95;3788136.87;66.9;0.6651;0.1078;1.55;6.6;0;0;3;0;0;33;0;3.806;;0.0;Fomento Baixo Retorno
29415130000177;NOVA ERA PRODUÇÕES DE ARTE LTDA.;RJ;Brasileiro independente;1;0;1;0.0;191542.8;41787.76;357546.56;399334.32;89.5;;2.0848;0.0;0.0;0;0;0;0;0;0;0;;0.0;0.0;Pequeno Porte
30027114000196;;;;1;0;1;0.0;108330.07;0.0;0.0;0.0;0.0;;0.0;0.0;0.0;0;0;0;0;0;0;0;;;0.0;Pequeno Porte
30120265000194;INDUSTRIA IMAGINARIA LTDA;RJ;Brasileiro independente;2;0;1;0.0;400401.0;6242.32;166744.26;172986.58;96.4;;0.432;0.0;0.0;0;0;0;0;0;0;0;4.45;;0.0;Pequeno Porte
30510135000168;;;;1;1;0;3003007.5;3003007.5;11947.88;0.0;11947.88;0.0;0.004;0.004;1.8;1.8;0;0;1;0;0;9;0;;2.0;0.0;Pequeno Porte
30743385000148;;;;1;0;1;0.0;406081.2;0.0;232046.4;232046.4;100.0;;0.5714;0.0;0.0;0;0;0;0;0;0;0;;0.0;0.0;Pequeno Porte
31179864000146;VIDEOFILMES PRODUÇÕES ARTÍSTICA LTDA;RJ;Brasileiro independente;5;2;3;2947699.34;7420211.53;998453.12;1639363.13;2637816.25;62.1;0.8949;0.3555;1.84;9.2;0;0;0;1;0;0;878;4.1;30.0;0.0;Fomento Baixo Retorno
31291787000111;;;;2;0;2;0.0;7456213.6;0.0;698572.56;698572.56;100.0;;0.0937;0.0;0.0;0;0;0;0;0;0;0;4.45;;0.0;Fomento Baixo Retorno
31390347000111;ALO VIDEO LTDA - ME;RJ;Brasileiro independente;1;0;1;0.0;10267266.22;0.0;76617.12;76617.12;100.0;;0.0075;0.0;0.0;0;0;0;0;0;0;0;;0.0;0.0;Fomento Baixo Retorno
31447584000171;;;;1;0;1;0.0;970799.34;2524.76;489772.64;492297.4;99.5;;0.5071;0.0;0.0;0;0;0;0;0;0;0;4.259;;0.0;Pequeno Porte
31525918000188;;;;1;0;1;0.0;255390.4;0.0;0.0;0.0;0.0;;0.0;0.0;0.0;0;0;0;0;0;0;0;3.04;;0.0;Pequeno Porte
31553936000173;TELENEWS SERVICE LTDA;RJ;Brasileiro independente;1;0;1;0.0;524756.4;6083.28;244886.32;250969.6;97.6;;0.4783;0.0;0.0;0;0;0;0;0;0;0;4.345;;0.0;Pequeno Porte
31608781000125;;;;1;0;1;0.0;90498.1;4910.36;0.0;4910.36;0.0;;0.0543;0.0;0.0;0;0;0;0;0;0;0;;;0.0;Pequeno Porte
32267676000132;CARIBE PRODUÇÕES LTDA;RJ;Brasileiro independente;3;1;3;3161088.0;7799078.0;4019258.88;737108.93;4756367.81;15.5;1.5047;0.6099;0.0;0.0;0;0;0;0;0;0;0;3.722;0.0;0.0;Retorno Doméstico
33451113000162;;;;2;0;2;0.0;4935031.46;24989.16;442552.32;467541.48;94.7;;0.0947;0.0;0.0;0;0;0;0;0;0;0;4.252;4.0;0.0;Pequeno Porte
34878582000125;FLUXA FILMES LTDA;SP;Brasileiro independente;1;0;1;0.0;995885.0;0.0;62898.0;62898.0;100.0;;0.0632;0.0;0.0;0;0;0;0;0;0;0;;0.0;0.0;Pequeno Porte
35792621000130;PALMARES PRODUÇÕES E JORNALISMO LTDA;RJ;Brasileiro independente;1;0;1;0.0;467134.5;0.0;373707.6;373707.6;100.0;;0.8;0.0;0.0;0;0;0;0;0;0;0;;0.0;0.0;Pequeno Porte
35892546000189;1001 FILMES LTDA;RJ;Brasileiro independente;1;0;1;0.0;5799015.94;2525018.44;324011.52;2849029.96;11.4;;0.4913;9.5;9.5;0;0;0;1;0;0;1091;;;0.0;Fomento Baixo Retorno
36472587000189;VOGLIA PRODUÇÕES ARTÍSTICAS LTDA;RJ;Brasileiro independente;1;0;1;0.0;9379693.64;117272.12;208181.54;325453.66;64.0;;0.0347;0.0;0.0;0;0;0;0;0;0;0;3.7;;0.0;Fomento Baixo Retorno
37981206000150;ASACINE PRODUCOES LTDA;DF;Brasileiro independente;3;2;3;3722427.11;8546448.0;133215.88;254993.04;388208.92;65.7;0.1043;0.0454;0.0;0.0;0;0;0;0;0;0;0;3.77;0.0;0.0;Fomento Baixo Retorno
38027546000109;JORGE OLIVEIRA DA SILVA COMUNICACAO CONSULTORIA E MARKETING LTDA;DF;Brasileiro independente;1;0;1;0.0;993688.01;0.0;189665.28;189665.28;100.0;;0.1909;0.0;0.0;0;0;0;0;0;0;0;;;0.0;Pequeno Porte
39183983000184;FRANCO PRODUCOES, FILMES, EVENTOS E PROMOCOES LTDA;RJ;Brasileiro independente;1;1;1;904926.1;1454235.3;62860.56;293524.0;356384.56;82.4;0.3938;0.2451;0.0;0.0;0;0;0;0;0;0;0;4.4;;0.0;Pequeno Porte
39527494000100;REGINALDO FARIAS PRODUÇÕES ARTÍSTICAS LTDA;RJ;Brasileiro independente;1;1;1;1918844.84;7696448.84;939489.04;202216.14;1141705.18;17.7;0.595;0.1483;0.0;0.0;0;0;0;0;0;0;0;4.035;;0.0;Fomento Baixo Retorno
40426918000111;MAC COMUNICAÇÃO E PRODUÇÃO LTDA;RJ;Brasileiro independente;1;1;1;970816.17;1099037.24;14134.68;83531.64;97666.32;85.5;0.1006;0.0889;0.0;0.0;0;0;0;0;0;0;0;;;0.0;Pequeno Porte
40447906000173;CINELUZ PRODUCOES CINEMATOGRAFICAS LTDA;RJ;Brasileiro independente;1;0;1;0.0;7294113.96;330842.96;358583.54;689426.5;52.0;;0.0945;0.0;0.0;0;0;0;0;0;0;0;;;0.0;Fomento Baixo Retorno
42473256000166;MORENA FILMES EIRELI - ME;RJ;Brasileiro independente;5;3;5;9796314.81;24854275.46;88878032.88;1575258.66;90453291.54;1.7;9.2334;3.6393;0.0;0.0;0;0;0;0;0;0;0;3.868;;0.0;Retorno Doméstico
42488478000152;SINCROCINE PRODUÇÕES CINEMATOGRÁFICAS LTDA;RJ;Brasileiro independente;3;2;3;7429612.46;25272171.81;16560258.68;978435.6;17538694.28;5.6;2.3606;0.694;0.0;0.0;0;0;0;0;0;0;0;3.79;0.0;0.0;Retorno Doméstico
44154342000131;RAIZ PRODUÇÕES CINEMATOGRÁFICAS LTDA. ME.;SP;Brasileiro independente;5;2;4;3568531.88;6542384.79;50077.72;328417.96;378495.68;86.8;0.1061;0.0579;0.0;0.0;0;0;0;0;0;0;0;3.964;1.0;0.0;Fomento Baixo Retorno
44182046000144;;;;2;0;2;0.0;7134460.08;0.0;396305.34;396305.34;100.0;;0.0555;0.0;0.0;0;0;0;0;0;0;0;;0.0;0.0;Fomento Baixo Retorno
46397220000100;MOVI & ART PRODUCOES CINEMATOGRAFICAS EIRELI;SP;Brasileiro independente;7;0;7;0.0;5048908.64;235319.56;519984.36;755303.92;68.8;;0.1496;0.0;0.0;0;0;0;0;0;0;0;4.128;7.0;0.0;Fomento Baixo Retorno
46848701000186;HECTOR BABENCO FILMES LTDA;SP;Brasileiro independente;2;1;2;3420125.3;14694739.51;574750.68;689816.4;1264567.08;54.5;0.3697;0.0861;0.0;0.0;0;0;0;0;0;0;0;4.127;0.0;0.0;Fomento Baixo Retorno
47257902000171;MAURICIO DE SOUSA PRODUÇÕES S.A;SP;Brasileiro independente;2;0;2;0.0;6386300.29;0.0;149562.06;149562.06;100.0;;0.0234;0.0;0.0;0;0;0;0;0;0;0;2.995;;0.0;Fomento Baixo Retorno
48651932000120;MIRABOLICA FILMES LTDA;ES;Brasileiro independente;1;0;0;0.0;0.0;0.0;0.0;0.0;0.0;;;0.0;0.0;0;0;0;0;0;0;0;4.133;;0.0;Pequeno Porte
49079395000159;;;;1;0;1;0.0;1508177.1;62005.72;480481.2;542486.92;88.6;;0.3597;0.0;0.0;0;0;0;0;0;0;0;3.895;5.0;0.0;Pequeno Porte
50867183000115;ATIVA CINEMA E VIDEO LTDA - EPP;SP;Brasileiro independente;1;0;1;0.0;163571.21;0.0;0.0;0.0;0.0;;0.0;0.0;0.0;0;0;0;0;0;0;0;3.062;;0.0;Pequeno Porte
51264273000184;ELIXIR - COMUNICAÇÃO, CULTURA E ENTRETENIMENTO LTDA ME;SP;Brasileiro independente;3;1;3;2088291.0;4827392.9;47990.32;811276.08;859266.4;94.4;0.4115;0.178;0.0;0.0;0;0;0;0;0;0;0;4.089;0.0;0.0;Pequeno Porte
52097649000176;;;;1;0;1;0.0;600601.5;0.0;80080.2;80080.2;100.0;;0.1333;0.0;0.0;0;0;0;0;0;0;0;3.788;;0.0;Pequeno Porte
52308558000132;FRANCISCO RAMALHO JUNIOR FILMES LTDA;SP;Brasileiro independente;1;1;1;2025429.26;6414412.34;42304.64;83531.64;125836.28;66.4;0.0621;0.0196;0.0;0.0;0;0;0;0;0;0;0;;;0.0;Fomento Baixo Retorno
52858982000150;CINEMATOGRÁFICA SUPERFILMES LTDA;SP;Brasileiro independente;3;2;2;1624176.68;2131975.79;121765.0;412818.06;534583.06;77.2;0.3291;0.2507;3.37;9.7;0;0;2;0;0;48;0;3.968;0.0;0.0;Pequeno Porte
53976478000118;NEXUS CINEMA E VÍDEO LTDA;SP;Brasileiro independente;3;3;3;4714916.68;15711570.77;381656.24;457970.56;839626.8;54.5;0.1781;0.0534;0.0;0.0;0;0;0;0;0;0;0;3.15;0.0;0.0;Fomento Baixo Retorno
54110648000140;LAPFILME PRODUÇÕES CINEMATOGRÁFICAS LTDA.;SP;Brasileiro independente;1;0;1;0.0;438692.4;36082.2;153542.34;189624.54;81.0;;0.4322;0.0;0.0;0;0;0;0;0;0;0;;;0.0;Pequeno Porte
54836861000133;PA PRODUTORES ASSOCIADOS LTDA;SP;Brasileiro independente;1;0;1;0.0;8738626.05;947858.52;209438.15;1157296.67;18.1;;0.1324;0.0;0.0;0;0;0;0;0;0;0;3.8;;0.0;Fomento Baixo Retorno
55084750000180;GAYA PRODUCOES CINEMATOGRAFICAS LTDA;DF;Brasileiro independente;4;3;1;9805161.74;11139831.74;353466.4;266934.0;620400.4;43.0;0.0633;0.0557;0.0;0.0;0;0;0;0;0;0;0;4.208;1.0;0.0;Fomento Baixo Retorno
56486590000169;;;;1;0;1;0.0;817856.05;0.0;89220.66;89220.66;100.0;;0.1091;0.0;0.0;0;0;0;0;0;0;0;4.343;0.0;0.0;Pequeno Porte
56839830000161;;;;1;1;1;2623782.0;8258749.2;262416.0;324011.52;586427.52;55.3;0.2235;0.071;0.0;0.0;0;0;0;0;0;0;0;4.3;1.0;0.0;Fomento Baixo Retorno
57282097000190;;;;1;0;1;0.0;503880.73;9602.04;0.0;9602.04;0.0;;0.0191;0.0;0.0;0;0;0;0;0;0;0;;3.0;0.0;Pequeno Porte
57312878000180;;;;1;0;1;0.0;524276.15;4254.32;62898.0;67152.32;93.7;;0.1281;0.0;0.0;0;0;0;0;0;0;0;;;0.0;Pequeno Porte
57643793000184;MAMO FILMES LTDA;SP;Brasileiro independente;2;0;0;0.0;0.0;0.0;125796.0;125796.0;100.0;;;0.0;0.0;0;0;0;0;0;0;0;;;0.0;Pequeno Porte
58496571000149;CONFEITARIA DE CINEMA COMUNICAÇÕES LTDA;SP;Brasileiro independente;1;1;1;974535.8;1409622.8;48308.4;69613.92;117922.32;59.0;0.121;0.0837;0.0;0.0;0;0;0;0;0;0;0;;;0.0;Pequeno Porte
59075184000100;MARCELO SPOMBERG;SP;Brasileiro independente;1;0;1;0.0;444604.99;0.0;0.0;0.0;0.0;;0.0;0.0;0.0;0;0;0;0;0;0;0;4.3;;0.0;Pequeno Porte
59190843000140;SP FILMES DE SÃO PAULO LTDA;SP;Brasileiro independente;2;1;2;556877.6;2538816.0;66160.64;273605.92;339766.56;80.5;0.6101;0.1338;0.0;0.0;0;0;0;0;0;0;0;3.45;;0.0;Pequeno Porte
60636537000174;LAUPER FILMS LTDA ME;SP;Brasileiro independente;4;1;3;285399.77;4093758.33;361219.6;810581.88;1171801.48;69.2;4.1058;0.2862;0.95;3.8;0;0;1;0;0;19;0;3.648;;0.0;Pequeno Porte
60915899000102;START DESENHOS ANIMADOS LTDA;SP;Brasileiro independente;3;0;3;0.0;6436040.27;6505392.04;264081.77;6769473.81;3.9;;1.0518;5.07;15.21;0;1;0;1;0;0;73215;4.343;;0.0;Duplo Retorno
61383022000172;LYNXFILM PRODUÇÕES AUDIO-VISUAIS LTDA;SP;Brasileiro independente;2;0;2;0.0;17153950.76;0.0;208841.76;208841.76;100.0;;0.0122;0.0;0.0;0;0;0;0;0;0;0;3.673;38.0;0.0;Fomento Baixo Retorno
63053185000112;;;;2;0;2;0.0;4577355.09;0.0;128701.86;128701.86;100.0;;0.0281;0.0;0.0;0;0;0;0;0;0;0;;;0.0;Pequeno Porte
63190623000194;PORTFOLIUM LABORATÓRIO DE IMAGENS LTDA;BA;Brasileiro independente;2;2;0;928027.68;928027.68;137052.72;194907.16;331959.88;58.7;0.3577;0.3577;0.0;0.0;0;0;0;0;0;0;0;;3.0;0.0;Pequeno Porte
64044886000158;FILMART PRODUÇÕES ARTISTICAS LTDA;SP;Brasileiro independente;9;0;7;0.0;11614177.61;8528.52;1338284.7;1346813.22;99.4;;0.116;0.0;0.0;0;0;0;0;0;0;0;3.8;8.0;0.0;Fomento Baixo Retorno
64047665000133;ÁFRICA FILMES LTDA;SP;Brasileiro independente;2;2;2;2113312.95;11517549.75;10413780.16;995742.72;11409522.88;8.7;5.3989;0.9906;21.2;28.49;0;2;1;2;0;54;485303;3.95;0.0;0.0;Duplo Retorno
64049562000102;NOTORIOUS FILMS PRODUÇÕES CINEMATOGRÁFICAS LTDA;SP;Brasileiro independente;1;0;0;0.0;0.0;26977.16;221276.16;248253.32;89.1;;;0.0;0.0;0;0;0;0;0;0;0;;;0.0;Pequeno Porte
65275851000192;;;;1;0;0;0.0;0.0;0.0;69613.92;69613.92;100.0;;;0.0;0.0;0;0;0;0;0;0;0;;0.0;0.0;Pequeno Porte
65705055000142;;;;1;0;1;0.0;148701.1;0.0;208181.54;208181.54;100.0;;1.4;0.0;0.0;0;0;0;0;0;0;0;4.223;;0.0;Pequeno Porte
66176181000110;RINALDI PRODUÇÕES & PUBLICIDADE LTDA - ME;SP;Brasileiro independente;1;0;1;0.0;1122693.31;0.0;208181.54;208181.54;100.0;;0.1854;0.0;0.0;0;0;0;0;0;0;0;;0.0;0.0;Pequeno Porte
66669599000169;CASA DE CRIAÇÃO CINEMA E ARTES LTDA;SP;Brasileiro independente;2;2;2;3838323.9;5082786.4;81289.32;237073.98;318363.3;74.5;0.0829;0.0626;2.05;2.7;0;0;2;0;0;13;0;4.089;;0.0;Fomento Baixo Retorno
66708900000104;UM MINUTO PRODUCOES CULTURAIS LTDA.;SP;Brasileiro independente;1;0;1;0.0;804626.48;17911.88;104951.28;122863.16;85.4;;0.1527;0.0;0.0;0;0;0;0;0;0;0;;;0.0;Pequeno Porte
66876707000174;DEZENOVE SOM E IMAGENS PRODUÇÕES LTDA - EPP;SP;Brasileiro independente;5;5;5;12491601.43;24970243.71;2225705.16;1388057.97;3613763.13;38.4;0.2893;0.1447;15.05;40.46;0;2;4;2;3;82;31663;3.464;12.0;0.0;Duplo Retorno
67414508000107;;;;1;0;1;0.0;5247564.0;0.0;104951.28;104951.28;100.0;;0.02;0.0;0.0;0;0;0;0;0;0;0;;0.0;0.0;Fomento Baixo Retorno
67619171000174;;;;1;0;1;0.0;790272.0;26937.4;442552.32;469489.72;94.3;;0.5941;0.0;0.0;0;0;0;0;0;0;0;;0.0;0.0;Pequeno Porte
67802652000110;;;;1;0;1;0.0;1412586.1;0.0;118960.88;118960.88;100.0;;0.0842;0.0;0.0;0;0;0;0;0;0;0;3.656;1.0;0.0;Pequeno Porte
67942250000111;MOONSHOT CREATIVE LAB PRODUÇÕES ARTÍSTICAS LTDA.;SP;Brasileiro independente;2;1;1;6012605.89;6248767.85;10536.4;118960.88;129497.28;91.9;0.0215;0.0207;0.0;0.0;0;0;0;0;0;0;0;4.3;4.0;0.0;Fomento Baixo Retorno
68311943000179;MKT MIDIA EIRELI;SP;Brasileiro independente;1;0;1;0.0;616388.05;0.0;0.0;0.0;0.0;;0.0;0.0;0.0;0;0;0;0;0;0;0;;;0.0;Pequeno Porte
68317445000133;CINEMA BRASIL DIGITAL - ESCRITÓRIO DE PLANEJ. EMPR. AUD. LTDA;RJ;Brasileiro independente;2;1;0;948326.4;948326.4;6381.48;0.0;6381.48;0.0;0.0067;0.0067;1.2;2.4;0;0;1;0;0;12;0;;;0.0;Pequeno Porte
68569839000189;MULTIPRESS COMUNICAÇÃO LTDA.;RJ;Brasileiro independente;1;0;1;0.0;816086.57;0.0;86664.06;86664.06;100.0;;0.1062;0.0;0.0;0;0;0;0;0;0;0;;;0.0;Pequeno Porte
68593466000181;NO AR COMUNICAÇÃO LTDA;RJ;Brasileiro independente;1;0;1;0.0;164509.65;4989.88;307084.68;312074.56;98.4;;1.897;0.0;0.0;0;0;0;0;0;0;0;;0.0;0.0;Pequeno Porte
68696756000150;;;;1;1;1;172632.06;868729.06;29163.96;194907.16;224071.12;87.0;1.298;0.2579;0.0;0.0;0;0;0;0;0;0;0;;;0.0;Pequeno Porte
69126670000155;A.F. CINEMA E VÍDEO LTDA;SP;Brasileiro independente;2;1;2;2264827.88;3891102.98;20456.52;462928.26;483384.78;95.8;0.2134;0.1242;0.0;0.0;0;0;0;0;0;0;0;;24.0;0.0;Pequeno Porte
71733695000169;OLHOS DE CÃO PRODUÇÕES CINEMATOGRÁFICAS LTDA;SP;Brasileiro independente;1;1;1;3865425.82;6366406.15;30138.08;86664.06;116802.14;74.2;0.0302;0.0183;0.0;0.0;0;0;0;0;0;0;0;;;0.0;Fomento Baixo Retorno
71743496000131;MARCELO MACHADO PRODUCOES ARTISTICAS LTDA;SP;Brasileiro independente;1;0;1;0.0;861942.6;994.0;76617.12;77611.12;98.7;;0.09;0.0;0.0;0;0;0;0;0;0;0;;;0.0;Pequeno Porte
72062029000109;RACCORD PRODUÇÕES ARTÍSTICAS E CINEMATOGRÁFICAS LTDA;RJ;Brasileiro independente;4;4;4;17763147.03;30216388.47;2597441.28;750286.38;3347727.66;22.4;0.1885;0.1108;0.0;0.0;0;0;0;0;0;0;0;3.938;;0.0;Fomento Baixo Retorno
72066574000173;BÁRBARAS PRODUÇÕES LTDA.;RJ;Brasileiro independente;1;0;0;0.0;0.0;0.0;62898.0;62898.0;100.0;;;0.0;0.0;0;0;0;0;0;0;0;;0.0;0.0;Pequeno Porte
73315293000170;ÍRIS CINEMATOGRÁFICA LTDA;RJ;Brasileiro independente;1;0;1;0.0;278438.8;1729.56;389814.32;391543.88;99.6;;1.4062;0.0;0.0;0;0;0;0;0;0;0;;;0.0;Pequeno Porte
73364879000124;FBL E ASSOCIADOS, COMUNICAÇÕES LTDA;RJ;Brasileiro independente;1;0;1;0.0;617109.57;0.0;215616.6;215616.6;100.0;;0.3494;0.0;0.0;0;0;0;0;0;0;0;3.837;;0.0;Pequeno Porte
73586513000108;LUZ MÁGICA PRODUÇÕES AUDIOVISUAIS LTDA;RJ;Brasileiro independente;3;1;1;5531904.0;15016921.72;1037855.28;484889.92;1522745.2;31.8;0.2753;0.1014;5.51;14.54;0;1;0;1;2;0;10256;2.796;2.0;0.0;Retorno Internacional
73619637000134;FILMES DO EQUADOR LTDA.;RJ;Brasileiro independente;6;2;6;9275097.22;31646967.42;6843093.6;1691967.0;8535060.6;19.8;0.9202;0.2697;0.27;1.6;0;0;1;0;0;8;0;3.683;38.0;0.0;Fomento Baixo Retorno
73947392000174;TAIGA FILMES E VIDEO LTDA;RJ;Brasileiro independente;6;3;2;3750264.05;4071866.85;569760.8;707298.53;1277059.33;55.4;0.3405;0.3136;2.47;4.6;0;0;5;0;0;23;0;4.219;;0.0;Pequeno Porte
74107475000118;TAMBKE FILMES LTDA;SP;Brasileiro independente;4;0;1;0.0;609121.8;0.0;538172.82;538172.82;100.0;;0.8835;0.0;0.0;0;0;0;0;0;0;0;4.192;;0.0;Pequeno Porte
74165200000130;ARTIFÍCIO CINEMATOGRÁFICO E PRODUÇÕES LTDA.;RJ;Brasileiro independente;1;1;1;2369709.62;4037300.42;3976.0;324864.96;328840.96;98.8;0.1388;0.0815;0.0;0.0;0;0;0;0;0;0;0;;0.0;0.0;Pequeno Porte
74425067000104;PLATEAU MARKETING E PRODUÇÕES CULTURAIS LTDA;SP;Brasileiro independente;4;1;3;1183037.18;2765448.2;430441.76;1223924.3;1654366.06;74.0;1.3984;0.5982;4.12;16.47;0;1;1;1;0;26;4017;3.424;;0.0;Retorno Internacional
79052494000108;CAMARADA FILMES LTDA - ME.;PR;Brasileiro independente;1;1;0;80298.59;80298.59;0.0;0.0;0.0;0.0;0.0;0.0;0.0;0.0;0;0;0;0;0;0;0;;0.0;0.0;Pequeno Porte
79873451000193;BUREAU DE COMUNICAÇÃO E EVENTOS LTDA;SC;Brasileiro independente;1;1;0;556877.6;556877.6;0.0;125796.0;125796.0;100.0;0.2259;0.2259;0.0;0.0;0;0;0;0;0;0;0;;;0.0;Pequeno Porte
80026826000169;;;;1;1;0;255974.07;255974.07;0.0;0.0;0.0;0.0;0.0;0.0;0.0;0.0;0;0;0;0;0;0;0;3.6;0.0;0.0;Pequeno Porte
80816838000197;LAZ AUDIOVISUAL LTDA.;PR;Brasileiro independente;1;1;0;1169765.95;1169765.95;20615.56;0.0;20615.56;0.0;0.0176;0.0176;0.0;0.0;0;0;0;0;0;0;0;3.7;;0.0;Pequeno Porte
81183527000109;MAQUINA FILMES LTDA;PR;Brasileiro independente;2;1;0;785549.73;785549.73;63516.6;152467.92;215984.52;70.6;0.2749;0.2749;0.0;0.0;0;0;0;0;0;0;0;;;0.0;Pequeno Porte
81321978000157;TVI TELEVISÃO E CINEMA LTDA - EPP;SP;Brasileiro independente;1;0;1;0.0;2082722.22;0.0;194907.16;194907.16;100.0;;0.0936;0.0;0.0;0;0;0;0;0;0;0;2.885;;0.0;Pequeno Porte
86628492000180;;;;1;0;0;0.0;0.0;0.0;0.0;0.0;0.0;;;0.0;0.0;0;0;0;0;0;0;0;;;0.0;Pequeno Porte
86777331000158;;;;1;1;1;1749188.0;4859171.5;240925.72;221276.16;462201.88;47.9;0.2642;0.0951;0.0;0.0;0;0;0;0;0;0;0;4.015;;0.0;Pequeno Porte
87435368000160;OTTO DESENHOS ANIMADOS LTDA;RS;Brasileiro independente;4;2;2;4930819.44;7543347.13;61747.28;883752.8;945500.08;93.5;0.1918;0.1253;0.0;0.0;0;0;0;0;0;0;0;3.5;0.0;0.0;Fomento Baixo Retorno
90130634000151;INVÍDEO PRODUÇÕES CINEMATOGRÁFICAS LTDA.;RS;Brasileiro independente;3;3;2;4260597.78;6410284.37;343486.64;239809.62;583296.26;41.1;0.1369;0.091;3.17;5.7;0;0;3;0;0;28;0;4.02;34.0;0.0;Fomento Baixo Retorno
92554294000111;;;;1;1;0;459424.02;459424.02;21708.96;0.0;21708.96;0.0;0.0473;0.0473;0.0;0.0;0;0;0;0;0;0;0;;;0.0;Pequeno Porte
94100302000185;ZEPPELIN PRODUÇÕES DE CINEMA E TELEVISÃO LTDA.;RS;Brasileiro independente;2;1;1;520453.85;1395047.85;7534.52;104951.28;112485.8;93.3;0.2161;0.0806;0.0;0.0;0;0;0;0;0;0;0;3.6;;0.0;Pequeno Porte
94625829000123;CASA DE CINEMA DE PORTO ALEGRE LTDA.;RS;Brasileiro independente;10;1;9;2094381.45;23737272.23;971873.56;2784900.76;3756774.32;74.1;1.7937;0.1583;1.46;3.6;0;0;6;0;0;18;0;3.843;16.0;0.0;Fomento Baixo Retorno
96713128000171;;;;1;0;0;0.0;0.0;0.0;83864.0;83864.0;100.0;;;0.0;0.0;0;0;0;0;0;0;0;;;0.0;Pequeno Porte
97533170000173;CULTURA MAIOR COMUNICACAO E CULTURA LTDA. - ME;SP;Brasileiro independente;2;0;1;0.0;2117928.96;0.0;126443.52;126443.52;100.0;;0.0597;0.0;0.0;0;0;0;0;0;0;0;3.767;;0.0;Pequeno Porte
;;;;5;0;2;0.0;247222.54;35903.28;602158.98;638062.26;94.4;;2.5809;0.5;2.5;0;0;1;0;0;12;0;3.665;0.0;0.0;Pequeno Porte
