CPB;titulo;ano;chamada;categoria;investimento_fsa_nominal;investimento_renuncia_art3_nominal;investimento_renuncia_outros_nominal;investimento_fsa_deflac;investimento_renuncia_total_deflac;investimento_total_deflac;bilheteria_nominal;bilheteria_deflac;outras_janelas_nominal;outras_janelas_deflac;receita_total_deflac;roi_dom_fsa_deflac;roi_dom_total_deflac;roi_internacional_0_100;pontuacao_festivais;adm_eu_lumiere;vod_n_plataformas;vod_n_paises;total_paises_alcancados;paises_festivais;paises_lumiere;paises_vod_europa;paises_lista;critica_indice_1_5;critica_fontes;critica_n_fontes;critica_confianca;cita_n_papers;cita_soma_cit;cita_max_cit;cita_venues;prestigio_festiv;wikidata_id_dir;CNPJ_produtora;genero_diretor;diversidade_regional;protagonista_diverso;UF_requerente;tem_diretor_prestigio;imdb_genres;imdb_runtime;prestigio_festivais;n_diretores;investimento_total_nominal;roi_dom_fsa_nominal;roi_dom_total_nominal
B1402149500000;100 ANOS DE SELEÇÃO BRASILEIRA;2014;;Renúncia — Art.3/3-A/39;0.0;1279999.99;817658.14;0.0;3669198.43;3669198.43;0.0;0.0;60000;104951.28;0.0;0.0;0.0;0.0;0.0;0;0;0;0;;;;;0.0;;0;;1.0;0.0;0.0;;;;04.350.398/0001-47;;;;;;;;;;2097658.13;;0.0286
B1402085500000;A BOLA;2014;;Renúncia — Art.3/3-A/39;0.0;1398408.55;0.0;0.0;2446079.45;2446079.45;0.0;0.0;80000;139935.04;0.0;0.0;0.0;0.0;0.0;0;0;0;0;;;;;3.878;adoro_critico|adoro_usuario;2;alta;0.0;;;;;;04.453.786/0001-53;;;;;;;;;;1398408.55;;0.0572
B1402778200000;A COPA PASSOU POR AQUI;2014;;Renúncia — Art.3/3-A/39;0.0;2499999.99;0.0;0.0;4372969.98;4372969.98;0.0;0.0;60000;104951.28;0.0;0.0;0.0;0.0;0.0;0;0;0;0;;;;;4.03;adoro_critico|adoro_usuario;2;alta;16.0;4.0;2.0;LA Referencia (Red Federada de Repositorios Institucionales de Publicaciones Científicas) | Revista Internacional Interdisciplinar INTERthesis | Dialnet (Universidad de la Rioja);Cannes/Oscar;Q14940022;94.625.829/0001-23;;;;;;;;;;2499999.99;;0.024
B1402372600000;A DESPEDIDA;2014;;Renúncia — Art.3/3-A/39;0.0;48000.0;613769.3;0.0;1157558.92;1157558.92;21558.9;30396.52;340000;594723.92;30396.52;0.0;0.0263;0.0;0.0;0;0;0;0;;;;;0.0;;0;;;;;;;;03.863.923/0001-65;;;;;;;;;;661769.3;;0.5464
B1500489000000;A GRANDE LUTA;2014;;Renúncia — Art.3/3-A/39;0.0;1538710.25;0.0;0.0;2691493.5;2691493.5;0.0;0.0;60000;104951.28;0.0;0.0;0.0;0.0;0.0;0;0;0;0;;;;;4.235;adoro_critico|adoro_usuario;2;media;7.0;0.0;0.0;LÍBERO. ISSN impresso: 1517-3283 / ISSN online: 2525-3166 | Palgrave studies in adaptation and visual culture | Scientific Repository of Open Access of Portugal (RCAAP);;;16.729.130/0001-08;;;;;;;;;;1538710.25;;0.039
B1402149200000;A GRANDE VITORIA;2014;;Renúncia — Outros Mecanismos;0.0;0.0;188990.0;0.0;330579.04;330579.04;326034.0;527814.0;425000;743404.9;527814.0;0.0;1.5966;0.0;0.0;0;0;0;0;;;;;4.164;adoro_critico|adoro_usuario;2;alta;;;;;;;11.936.522/0001-16;;;;;;;;;;188990.0;;3.9739
B1402126900000;A LINHA FRIA DO HORIZONTE;2014;;Renúncia — Outros Mecanismos;0.0;0.0;602451.78;0.0;1053801.42;1053801.42;0.0;0.0;340000;594723.92;0.0;0.0;0.0;0.0;0.0;0;0;0;0;;;;;3.678;adoro_critico;1;media;;;;;;;07.381.315/0001-75;;;;;;;;;;602451.78;;0.5644
B1402307700000;A LUNETA DO TEMPO;2014;;Renúncia — Outros Mecanismos;0.0;0.0;3010000.0;0.0;5265055.88;5265055.88;97068.0;136794.28;420000;734658.96;136794.28;0.0;0.026;0.0;0.0;0;0;0;0;;;;;3.648;adoro_critico|adoro_usuario;2;alta;;;;;;;05.167.381/0001-11;;;;;;;;;;3010000.0;;0.1718
B1402723400000;A NOITE DA VIRADA;2014;;Renúncia — Art.3/3-A/39;0.0;400000.0;961050.0;0.0;2380732.33;2380732.33;4333676.3;6954004.12;205000;358583.54;6954004.12;0.0;2.921;0.0;0.0;0;0;0;0;;;;;3.3;adoro_usuario;1;baixa;0.0;;;;;;02.525.725/0001-29;;;;;;;;;;1361050.0;;3.3347
B1402282800000;A SEGUNDA VEZ;2014;;Renúncia — Art.3/3-A/39;0.0;1000000.0;1400000.0;0.0;4198051.2;4198051.2;0.0;0.0;60000;104951.28;0.0;0.0;0.0;0.0;0.0;0;0;0;0;;;;;4.105;adoro_critico|adoro_usuario;2;alta;1.0;0.0;0.0;Revista Brasileira de História & Ciências Sociais;;;09.180.984/0001-04;;;;;;;;;;2400000.0;;0.025
B1402237200000;A VAGA;2014;;Renúncia — Art.3/3-A/39;0.0;2685483.84;0.0;0.0;4697416.11;4697416.11;0.0;0.0;60000;104951.28;0.0;0.0;0.0;0.0;0.0;0;0;0;0;;;;;0.0;;0;;;;;;;;02.525.725/0001-29;;;;;;;;;;2685483.84;;0.0223
B1500265900000;A VIAGEM DE YOANI;2014;;Renúncia — Outros Mecanismos;0.0;0.0;367500.0;0.0;642826.59;642826.59;13304.61;19462.52;120000;209902.56;19462.52;0.0;0.0303;0.0;0.0;0;0;0;0;;;;;3.9;adoro_usuario;1;baixa;;;;;;;09.640.643/0001-74;;;;;;;;;;367500.0;;0.3627
B1402781000000;A VIDA PRIVADA DOS HIPOPÓTAMOS;2014;;Renúncia — Outros Mecanismos;0.0;0.0;515000.0;0.0;900831.82;900831.82;15506.19;22683.08;200000;349837.6;22683.08;0.0;0.0252;4.0;20.0;0;0;0;0;;;;;3.2;adoro_usuario;1;baixa;;;;;;;06.137.016/0001-27;;;;;;;;;;515000.0;;0.4185
B1500404600000;A VIZINHANÇA DO TIGRE;2014;;Renúncia — Outros Mecanismos;0.0;0.0;89128.0;0.0;155901.63;155901.63;25464.6;35903.28;260000;454788.88;35903.28;0.0;0.2303;2.5;12.5;0;0;0;0;;;;;4.113;adoro_critico|adoro_usuario;2;media;0.0;;;;;;PESSOA FÍSICA;;;;;;;;;;89128.0;;3.2029
B1402281100000;ADVOGADOS CONTRA A DITADURA;2014;;Renúncia — Outros Mecanismos;0.0;0.0;700000.0;0.0;1224431.6;1224431.6;0.0;0.0;0;0.0;0.0;0.0;0.0;0.0;0.0;0;0;0;0;;;;;0.0;;0;;;;;;;;27.651.181/0001-72;;;;;;;;;;700000.0;;0.0
B1402081900000;ALEMÃO;2014;;Renúncia — Outros Mecanismos;0.0;0.0;400000.0;0.0;699675.2;699675.2;11819536.84;19134559.64;205000;358583.54;19134559.64;0.0;27.3478;0.0;0.0;0;0;0;0;;;;;3.5;adoro_usuario;1;baixa;;;;;;;05.387.293/0001-25;;;;;;;;;;400000.0;;30.0613
B1402148800000;ALMANAQUE DOS ESPORTES;2014;;Renúncia — Art.3/3-A/39;0.0;807000.0;0.0;0.0;1411594.72;1411594.72;0.0;0.0;60000;104951.28;0.0;0.0;0.0;0.0;0.0;0;0;0;0;;;;;0.0;;0;;;;;;;;10.532.883/0001-34;;;;;;;;;;807000.0;;0.0743
B1700623000000;AMARAÇÃO;2014;;Renúncia — Art.3/3-A/39;0.0;0.0;0.0;0.0;0.0;0.0;0.0;0.0;0;0.0;0.0;0.0;;0.0;0.0;0;0;0;0;;;;;0.0;;0;;0.0;;;;;;12.305.731/0001-24;;;;;;;;;;0.0;;
B1500118400000;ANDRÉ MIDANI - DO VINIL AO DOWNLOAD;2014;;Renúncia — Art.3/3-A/39;0.0;900000.0;250000.0;0.0;2011566.2;2011566.2;0.0;0.0;60000;104951.28;0.0;0.0;0.0;0.0;0.0;0;0;0;0;;;;;0.0;;0;;1.0;1.0;1.0;;;;09.180.984/0001-04;;;;;;;;;;1150000.0;;0.0522
B1402480200000;APNEIA;2014;;Renúncia — Outros Mecanismos;0.0;0.0;630859.64;0.0;1103492.11;1103492.11;65048.75;100851.24;120000;209902.56;100851.24;0.0;0.0914;0.0;0.0;0;0;0;0;;;;;0.0;;0;;;;;;;;11.179.178/0001-68;;;;;;;;;;630859.64;;0.2933
B1402778600000;ARQUITETURA DA COR;2014;;Renúncia — Outros Mecanismos;0.0;0.0;650000.0;0.0;1136972.2;1136972.2;0.0;0.0;65000;113697.22;0.0;0.0;0.0;0.0;0.0;0;0;0;0;;;;;0.0;;0;;;;;;;;10.874.608/0001-07;;;;;;;;;;650000.0;;0.1
B1402329400000;ARTE.TV;2014;;Renúncia — Art.3/3-A/39;0.0;0.0;0.0;0.0;0.0;0.0;0.0;0.0;120000;209902.56;0.0;0.0;;0.0;0.0;0;0;0;0;;;;;0.0;;0;;0.0;;;;;;10.208.060/0001-58;;;;;;;;;;0.0;;
B1700423300000;AS AVENTURAS DO MIAU;2014;;Renúncia — Art.3/3-A/39;0.0;0.0;0.0;0.0;0.0;0.0;0.0;0.0;0;0.0;0.0;0.0;;0.0;0.0;0;0;0;0;;;;;3.04;adoro_critico|adoro_usuario;2;media;;;;;;;19.907.459/0001-00;;;;;;;;;;0.0;;
B1500451800000;ATO, ATALHO E VENTO;2014;;Renúncia — Outros Mecanismos;0.0;0.0;460000.0;0.0;804626.48;804626.48;12244.59;17911.88;60000;104951.28;17911.88;0.0;0.0223;0.0;0.0;0;0;0;0;;;;;0.0;;0;;;;;;;;66.708.900/0001-04;;;;;;;;;;460000.0;;0.1571
B1500276200000;AUSÊNCIA;2014;;Renúncia — Art.3/3-A/39;0.0;250000.0;750000.0;0.0;1749188.0;1749188.0;55061.46;80116.4;65000;113697.22;80116.4;0.0;0.0458;11.7;48.5;0;1;1;0;;;;;0.0;;0;;;;;;;;07.477.471/0001-34;;;;;;;;;;1000000.0;;0.1201
B1402181500000;BR 14 - A ROTA DOS IMIGRANTES;2014;;Renúncia — Art.3/3-A/39;0.0;0.0;0.0;0.0;0.0;0.0;0.0;0.0;80000;139935.04;0.0;0.0;;0.0;0.0;0;0;0;0;;;;;0.0;;0;;;;;;;;07.929.498/0001-10;;;;;;;;;;0.0;;
B1402203900000;BRINCANTE;2014;;Renúncia — Outros Mecanismos;0.0;0.0;1400000.0;0.0;2448863.2;2448863.2;90976.77;142380.56;60000;104951.28;142380.56;0.0;0.0581;0.0;0.0;0;0;0;0;;;;;0.0;;0;;;;;;;;01.378.559/0001-12;;;;;;;;;;1400000.0;;0.1078
B1402830300000;CAMISA OFICIAL;2014;;Renúncia — Art.3/3-A/39;0.0;0.0;0.0;0.0;0.0;0.0;0.0;0.0;60000;104951.28;0.0;0.0;;0.0;0.0;0;0;0;0;;;;;0.0;;0;;0.0;;;;;;08.346.159/0001-74;;;;;;;;;;0.0;;
B1402244100000;CARLOS;2014;;Renúncia — Art.3/3-A/39;0.0;0.0;922583.0;0.0;1613771.11;1613771.11;0.0;0.0;360000;629707.68;0.0;0.0;0.0;0.0;0.0;0;0;0;0;;;;;0.0;;0;;;;;;;;08.378.645/0001-74;;;;;;;;;;922583.0;;0.3902
B1500245000000;CAROL LEVY CONTAROLANDO;2014;;Renúncia — Art.3/3-A/39;0.0;650000.0;0.0;0.0;1136972.2;1136972.2;0.0;0.0;80000;139935.04;0.0;0.0;0.0;0.0;0.0;0;0;0;0;;;;;4.3;adoro_usuario;1;baixa;;;;;;;04.490.617/0001-93;;;;;;;;;;650000.0;;0.1231
B1402798600000;CARRAPATOS E CATAPULTAS - 2A TEMPORADA;2014;;Renúncia — Art.3/3-A/39;0.0;0.0;0.0;0.0;0.0;0.0;0.0;0.0;140000;244886.32;0.0;0.0;;0.0;0.0;0;0;0;0;;;;;0.0;;0;;1.0;0.0;0.0;;;;06.768.153/0001-60;;;;;;;;;;0.0;;
B1402144900000;CATIVAS - PRESAS PELO CORAÇÃO;2014;;Renúncia — Art.3/3-A/39;0.0;80000.0;301302.45;0.0;666969.67;666969.67;17830.08;26082.56;60000;104951.28;26082.56;0.0;0.0391;0.0;0.0;0;0;0;0;;;;;0.0;;0;;;;;;;;00.508.766/0001-81;;;;;;;;;;381302.45;;0.2041
B1402750200000;CATIVAS - PRESAS PELO CORAÇÃO;2014;;Renúncia — Art.3/3-A/39;0.0;80000.0;301302.45;0.0;666969.67;666969.67;17830.08;26082.56;0;0.0;26082.56;0.0;0.0391;0.0;0.0;0;0;0;0;;;;;0.0;;0;;;;;;;;00.508.766/0001-81;;;;;;;;;;381302.45;;0.0468
B1600340900000;CINZENTO E NEGRO;2014;;Renúncia — Art.3/3-A/39;0.0;0.0;0.0;0.0;0.0;0.0;0.0;0.0;120000;209902.56;0.0;0.0;;2.0;0.0;0;1;1;0;;;;;3.893;adoro_critico|adoro_usuario;2;media;;;;;;;73.586.513/0001-08;;;;;;;;;;0.0;;
B1402246700000;CONSELHO TUTELAR;2014;;Renúncia — Art.3/3-A/39;0.0;2249664.41;0.0;0.0;3935085.99;3935085.99;0.0;0.0;140000;244886.32;0.0;0.0;0.0;0.0;0.0;0;0;0;0;;;;;0.0;;0;;;;;;;;28.629.780/0001-52;;;;;;;;;;2249664.41;;0.0622
B1402145700000;COPA DE ELITE;2014;;Renúncia — Art.3/3-A/39;0.0;2879535.11;40591.89;0.0;5107851.11;5107851.11;8058713.16;13046190.36;425000;743404.9;13046190.36;0.0;2.5541;0.0;0.0;0;0;0;0;;;;;2.2;adoro_usuario;1;baixa;;;;;;;02.140.164/0001-40;;;;;;;;;;2920127.0;;2.9053
B1500614800000;DAS PROFUNDEZAS;2014;;Renúncia — Outros Mecanismos;0.0;0.0;67424.31;0.0;117937.79;117937.79;0.0;0.0;60000;104951.28;0.0;0.0;0.0;0.0;0.0;0;0;0;0;;;;;0.0;;0;;2.0;0.0;0.0;Revista FAMECOS;;;00.563.081/0001-38;;;;;;;;;;67424.31;;0.8899
B1402183000000;DEMOCRACIA EM PRETO E BRANCO;2014;;Renúncia — Art.3/3-A/39;0.0;235000.0;275615.0;0.0;893161.63;893161.63;15644.72;25327.12;125000;218648.5;25327.12;0.0;0.0284;0.0;0.0;0;0;0;0;;;;;4.165;adoro_critico|adoro_usuario;2;alta;;;;;;;03.360.320/0001-40;;;;;;;;;;510615.0;;0.2754
B1402284400000;DESCALÇO SOBRE A TERRA VERMELHA;2014;;Renúncia — Outros Mecanismos;0.0;0.0;720000.0;0.0;1259415.36;1259415.36;0.0;0.0;80000;139935.04;0.0;0.0;0.0;0.0;0.0;0;0;0;0;;;;;3.883;adoro_critico|adoro_usuario;2;media;;;;;;;44.154.342/0001-31;;;;;;;;;;720000.0;;0.1111
B1402189000000;DESTINO BRASIL DANÇA;2014;;Renúncia — Outros Mecanismos;0.0;0.0;745000.0;0.0;1303145.06;1303145.06;0.0;0.0;280000;489772.64;0.0;0.0;0.0;0.0;0.0;0;0;0;0;;;;;0.0;;0;;;;;;;;05.643.831/0001-03;;;;;;;;;;745000.0;;0.3758
B1500112600000;DESTINO MÁGICO;2014;;Renúncia — Art.3/3-A/39;0.0;0.0;0.0;0.0;0.0;0.0;0.0;0.0;80000;139935.04;0.0;0.0;;0.0;0.0;0;0;0;0;;;;;0.0;;0;;;;;;;;11.717.663/0001-48;;;;;;;;;;0.0;;
B1500335800000;DIVÃ A 2;2014;;Renúncia — Art.3/3-A/39;0.0;504514.98;715000.0;0.0;2133160.97;2133160.97;2262612.69;3309841.08;125000;218648.5;3309841.08;0.0;1.5516;0.0;0.0;0;0;0;0;;;;;3.5;adoro_usuario;1;baixa;;;;;;;02.863.008/0001-07;;;;;;;;;;1219514.98;;1.9578
B1402150700000;DO LADO DE FORA;2014;;Renúncia — Outros Mecanismos;0.0;0.0;642700.0;0.0;1124203.13;1124203.13;122382.48;198124.08;60000;104951.28;198124.08;0.0;0.1762;15.35;0.0;81109;0;0;0;;;;;3.7;adoro_usuario;1;baixa;3.0;0.0;0.0;Paralelo 31 | LA Referencia (Red Federada de Repositorios Institucionales de Publicaciones Científicas) | Latitude;;;05.045.517/0001-10;;;;;;;;;;642700.0;;0.2838
B1402732100000;DO NEBLINA AO ATLÂNTICO;2014;;Renúncia — Art.3/3-A/39;0.0;0.0;0.0;0.0;0.0;0.0;0.0;0.0;0;0.0;0.0;0.0;;0.0;0.0;0;0;0;0;;;;;0.0;;0;;;;;;;;03.767.502/0001-30;;;;;;;;;;0.0;;
B1402161500000;DOMINGUINHOS;2014;;Renúncia — Art.3/3-A/39;0.0;0.0;774373.5;0.0;1354524.83;1354524.83;126279.01;204366.4;205000;358583.54;204366.4;0.0;0.1509;0.0;0.0;0;0;0;0;;;;;0.0;;0;;2.0;0.0;0.0;DOC online - Revista Digital de Cinema Documentário;;;06.323.379/0001-57;;;;;;;;;;774373.5;;0.4278
B1402368100000;DUAS PÁTRIAS, DOIS AMORES;2014;;Renúncia — Outros Mecanismos;0.0;0.0;500000.0;0.0;874594.0;874594.0;0.0;0.0;0;0.0;0.0;0.0;0.0;0.0;0.0;0;0;0;0;;;;;3.775;adoro_critico;1;alta;0.0;;;;;;32.267.676/0001-32;;;;;;;;;;500000.0;;0.0
B1402130700000;EL ARDOR;2014;;Renúncia — Art.3/3-A/39;0.0;277500.0;0.0;0.0;485399.67;485399.67;3299.4;4651.92;65000;113697.22;4651.92;0.0;0.0096;12.3;11.5;0;46;8;0;;;;;0.0;;0;;;;;;;;02.140.120/0001-10;;;;;;;;;;277500.0;;0.2461
B1402707600000;ENCANTADOS;2014;;Renúncia — Art.3/3-A/39;0.0;0.0;5398087.77;0.0;9442270.35;9442270.35;113067.88;149696.4;140000;244886.32;149696.4;0.0;0.0159;0.0;0.0;0;0;0;0;;;;;0.0;;0;;;;;;;;00.193.157/0001-80;;;;;;;;;;5398087.77;;0.0469
B1402687700000;ENTRE FRONTEIRAS ÁFRICA 2;2014;;Renúncia — Art.3/3-A/39;0.0;1985500.0;0.0;0.0;3473012.77;3473012.77;0.0;0.0;140000;244886.32;0.0;0.0;0.0;0.0;0.0;0;0;0;0;;;;;0.0;;0;;;;;;;;00.669.963/0001-82;;;;;;;;;;1985500.0;;0.0705
B1402246100000;EXPERIMENTOS EXTRAORDINÁRIOS;2014;;Renúncia — Art.3/3-A/39;0.0;2666892.25;0.0;0.0;4664895.92;4664895.92;0.0;0.0;140000;244886.32;0.0;0.0;0.0;0.0;0.0;0;0;0;0;;;;;3.928;adoro_critico|adoro_usuario;2;alta;;;;;;;16.729.130/0001-08;;;;;;;;;;2666892.25;;0.0525
B1500778100000;FERNANDO DE NORONHA - OBSERVATÓRIO DA NATUREZA;2014;;Renúncia — Outros Mecanismos;0.0;0.0;370000.0;0.0;647199.56;647199.56;0.0;0.0;60000;104951.28;0.0;0.0;0.0;0.0;0.0;0;0;0;0;;;;;0.0;;0;;0.0;;;;;;04.524.792/0001-54;;;;;;;;;;370000.0;;0.1622
B1500714700000;FESTA DA UVA 80 ANOS - A CELEBRAÇÃO DE UMA IDENTIDADE;2014;;Renúncia — Outros Mecanismos;0.0;0.0;1109995.79;0.0;1941591.32;1941591.32;0.0;0.0;280000;489772.64;0.0;0.0;0.0;0.0;0.0;0;0;0;0;;;;;4.068;adoro_critico|adoro_usuario;2;alta;1.0;0.0;0.0;;;;13.925.421/0001-75;;;;;;;;;;1109995.79;;0.2523
B1700052000000;FILHOS DE BACH;2014;;Renúncia — Art.3/3-A/39;0.0;3000000.0;1615000.0;0.0;8072502.62;8072502.62;49455.0;65544.36;60000;104951.28;65544.36;0.0;0.0081;0.9;4.5;0;0;0;0;;;;;3.993;adoro_critico|adoro_usuario;2;media;;;;;;;09.180.984/0001-04;;;;;;;;;;4615000.0;;0.0237
B1500388300000;FRANCISCO DE ASSIS- UMA LIÇÃO DE VIDA;2014;;Renúncia — Outros Mecanismos;0.0;0.0;52207.6;0.0;91320.91;91320.91;0.0;0.0;0;0.0;0.0;0.0;0.0;0.0;0.0;0;0;0;0;;;;;3.2;adoro_usuario;1;baixa;;;;;;;PESSOA FÍSICA;;;;;;;;;;52207.6;;0.0
B1402230800000;FREEWAY;2014;;Renúncia — Outros Mecanismos;0.0;0.0;228500.0;0.0;399689.46;399689.46;0.0;0.0;60000;104951.28;0.0;0.0;0.0;0.0;0.0;0;0;0;0;;;;;0.0;;0;;;;;;;;04.736.316/0001-05;;;;;;;;;;228500.0;;0.2626
B1402300300000;GABY ESTRELLA - 2A TEMPORADA;2014;;Renúncia — Art.3/3-A/39;0.0;0.0;0.0;0.0;0.0;0.0;0.0;0.0;360000;629707.68;0.0;0.0;;0.0;0.0;0;0;0;0;;;;;0.0;;0;;0.0;;;;;;05.565.485/0001-84;;;;;;;;;;0.0;;
B1402621800000;GRANDE HOTEL;2014;;Renúncia — Outros Mecanismos;0.0;0.0;220000.0;0.0;384821.36;384821.36;0.0;0.0;60000;104951.28;0.0;0.0;0.0;0.0;0.0;0;0;0;0;;;;;4.4;adoro_usuario;1;baixa;;;;;;;14.592.038/0001-05;;;;;;;;;;220000.0;;0.2727
B1402681000000;HISTORIAS DE VERÃO;2014;;Renúncia — Art.3/3-A/39;0.0;1474179.75;0.0;0.0;2578617.53;2578617.53;0.0;0.0;80000;139935.04;0.0;0.0;0.0;0.0;0.0;0;0;0;0;;;;;4.37;adoro_critico|adoro_usuario;2;media;0.0;;;;;;01.378.559/0001-12;;;;;;;;;;1474179.75;;0.0543
B1402094700000;HOJE EU QUERO VOLTAR SOZINHO;2014;;Renúncia — Outros Mecanismos;0.0;0.0;1880000.0;0.0;3288473.44;3288473.44;2516876.92;4073133.68;205000;358583.54;4073133.68;0.0;1.2386;14.26;0.0;36402;0;0;0;;;;;3.965;adoro_critico|adoro_usuario;2;alta;0.0;;;;;;08.677.301/0001-66;;;;;;;;;;1880000.0;;1.4478
B1402204500000;HOJE É DIA DE MÚSICA;2014;;Renúncia — Art.3/3-A/39;0.0;1995820.68;0.0;0.0;3491065.58;3491065.58;0.0;0.0;60000;104951.28;0.0;0.0;0.0;0.0;0.0;0;0;0;0;;;;;4.05;adoro_critico|adoro_usuario;2;alta;;;;;;;09.180.984/0001-04;;;;;;;;;;1995820.68;;0.0301
B1500168300000;HORA DE COMER;2014;;Renúncia — Outros Mecanismos;0.0;0.0;500000.0;0.0;874594.0;874594.0;0.0;0.0;60000;104951.28;0.0;0.0;0.0;0.0;0.0;0;0;0;0;;;;;4.0;adoro_usuario;1;baixa;;;;;;;04.350.398/0001-47;;;;;;;;;;500000.0;;0.12
B1402825000000;HQ - EDIÇÃO ESPECIAL;2014;;Renúncia — Art.3/3-A/39;0.0;1855449.75;0.0;0.0;3245530.44;3245530.44;0.0;0.0;60000;104951.28;0.0;0.0;0.0;0.0;0.0;0;0;0;0;;;;;0.0;;0;;3.0;0.0;0.0;Cidades, comunidades e território/Cidades comunidades e territórios | Revista Trabalho Necessário | Simbiótica Revista Eletrônica;;;05.840.498/0001-14;;;;;;;;;;1855449.75;;0.0323
B1500247400000;IDADES DA MODA;2014;;Renúncia — Art.3/3-A/39;0.0;0.0;0.0;0.0;0.0;0.0;0.0;0.0;420000;734658.96;0.0;0.0;;0.0;0.0;0;0;0;0;;;;;0.0;;0;;;;;;;;04.886.670/0001-08;;;;;;;;;;0.0;;
B1402185500000;INVASORES;2014;;Renúncia — Art.3/3-A/39;0.0;0.0;0.0;0.0;0.0;0.0;6264.99;9164.68;60000;104951.28;9164.68;0.0;;0.0;0.0;0;0;0;0;;;;;3.89;adoro_critico|adoro_usuario;2;alta;;;;;;;44.154.342/0001-31;;;;;;;;;;0.0;;
B1402299100000;IRMÃO DO JOREL- 1ª TEMPORADA;2014;;Renúncia — Art.3/3-A/39;0.0;5292163.48;0.0;0.0;9256988.85;9256988.85;0.0;0.0;140000;244886.32;0.0;0.0;0.0;0.0;0.0;0;0;0;0;;;;;0.0;;0;;;;;;;;09.551.826/0001-13;;;;;;;;;;5292163.48;;0.0265
B1402233800000;ISOLADOS;2014;;Renúncia — Art.3/3-A/39;0.0;150000.0;100000.0;0.0;437297.0;437297.0;1026386.96;1661610.16;345000;603469.86;1661610.16;0.0;3.7997;0.0;0.0;0;0;0;0;;;;;0.0;;0;;;;;;;;13.110.657/0001-53;;;;;;;;;;250000.0;;5.4855
B1402107400000;JOGO DE XADREZ;2014;;Renúncia — Outros Mecanismos;0.0;0.0;280000.0;0.0;489772.64;489772.64;6397.88;10357.48;125000;218648.5;10357.48;0.0;0.0211;0.0;0.0;0;0;0;0;;;;;4.4;adoro_usuario;1;baixa;;;;;;;05.865.587/0001-15;;;;;;;;;;280000.0;;0.4693
B1402782000000;JOÃO DO VOO;2014;;Renúncia — Art.3/3-A/39;0.0;230000.0;0.0;0.0;402313.24;402313.24;0.0;0.0;140000;244886.32;0.0;0.0;0.0;0.0;0.0;0;0;0;0;;;;;4.245;adoro_critico|adoro_usuario;2;media;;;;;;;27.815.174/0001-69;;;;;;;;;;230000.0;;0.6087
B1402854800000;JOÃO DONATO - A SÉRIE;2014;;sem_categoria;0.0;0.0;0.0;0.0;0.0;0.0;0.0;0.0;60000;104951.28;0.0;0.0;;0.0;0.0;0;0;0;0;;;;;0.0;;0;;;;;;;;28.247.971/0001-50;;;;;;;;;;0.0;;
B1402115000000;JULIO SUMIU;2014;;Renúncia — Art.3/3-A/39;0.0;2500049.34;0.0;0.0;4373056.3;4373056.3;2181566.56;3531721.76;425000;743404.9;3531721.76;0.0;0.8076;0.0;0.0;0;0;0;0;;;;;0.0;;0;;;;;;;;03.360.320/0001-40;;;;;;;;;;2500049.34;;1.0426
B1402243500000;LASCADOS;2014;;Renúncia — Art.3/3-A/39;0.0;0.0;0.0;0.0;0.0;0.0;63733.2;103177.2;120000;209902.56;103177.2;0.0;;0.0;0.0;0;0;0;0;;;;;0.0;;0;;;;;;;;15.479.865/0001-50;;;;;;;;;;0.0;;
B1402301900000;LILI A EX;2014;;Renúncia — Art.3/3-A/39;0.0;620000.0;0.0;0.0;1084496.56;1084496.56;0.0;0.0;60000;104951.28;0.0;0.0;0.0;0.0;0.0;0;0;0;0;;;;;0.0;;0;;;;;;;;02.525.725/0001-29;;;;;;;;;;620000.0;;0.0968
B1402246200000;LOWRIDER BRASIL;2014;;Renúncia — Art.3/3-A/39;0.0;1702691.65;0.0;0.0;2978327.8;2978327.8;0.0;0.0;120000;209902.56;0.0;0.0;0.0;0.0;0.0;0;0;0;0;;;;;0.0;;0;;;;;;;;16.729.130/0001-08;;;;;;;;;;1702691.65;;0.0705
B1402543500000;MADE IN CHINA;2014;;Renúncia — Art.3/3-A/39;0.0;3000000.0;1602538.0;0.0;8050704.24;8050704.24;4633556.09;7501002.32;145000;253632.26;7501002.32;0.0;0.9317;0.0;0.0;0;0;0;0;;;;;0.0;;0;;0.0;;;;;;04.453.786/0001-53;;;;;;;;;;4602538.0;;1.0382
B1500544400000;MANUAL PRÁTICO DA MELHOR IDADE;2014;;Renúncia — Art.3/3-A/39;0.0;720000.0;0.0;0.0;1259415.36;1259415.36;0.0;0.0;140000;244886.32;0.0;0.0;0.0;0.0;0.0;0;0;0;0;;;;;3.657;adoro_critico;1;media;0.0;;;;;;08.304.465/0001-48;;;;;;;;;;720000.0;;0.1944
B1600012600000;MAR ME QUER;2014;;Renúncia — Outros Mecanismos;0.0;0.0;465208.0;0.0;813736.25;813736.25;0.0;0.0;60000;104951.28;0.0;0.0;0.0;0.0;0.0;0;0;0;0;;;;;0.0;;0;;;;;;;;07.966.825/0001-04;;;;;;;;;;465208.0;;0.129
B1402208400000;MARACANÃ - TEMPLO DAS EMOÇÕES;2014;;Renúncia — Art.3/3-A/39;0.0;0.0;0.0;0.0;0.0;0.0;0.0;0.0;120000;209902.56;0.0;0.0;;0.0;0.0;0;0;0;0;;;;;0.0;;0;;;;;;;;74.107.475/0001-18;;;;;;;;;;0.0;;
B1402261200000;MENINOS DA VILA - A MAGIA DO SANTOS;2014;;Renúncia — Outros Mecanismos;0.0;0.0;400000.0;0.0;699675.2;699675.2;429.8;695.8;5000;8745.94;695.8;0.0;0.001;0.0;0.0;0;0;0;0;;;;;3.965;adoro_critico|adoro_usuario;2;alta;;;;;;;01.613.170/0001-04;;;;;;;;;;400000.0;;0.0136
B1402236600000;MEU AMIGÃOZÃO - SEGUNDA TEMPORADA;2014;;Renúncia — Art.3/3-A/39;0.0;0.0;1750000.0;0.0;3061079.0;3061079.0;0.0;0.0;200000;349837.6;0.0;0.0;0.0;0.0;0.0;0;0;0;0;;;;;0.0;;0;;0.0;;;;;;02.683.477/0001-44;;;;;;;;;;1750000.0;;0.1143
B1500437700000;MEU PASSADO ME CONDENA 2;2014;;Renúncia — Art.3/3-A/39;0.0;2750000.0;275000.0;0.0;5291293.7;5291293.7;36626096.43;53578130.76;205000;358583.54;53578130.76;0.0;10.1257;0.0;0.0;0;0;0;0;;;;;3.7;adoro_usuario;1;baixa;;;;;;;04.551.480/0001-30;;;;;;;;;;3025000.0;;12.1756
B1402280700000;MEUS DIAS DE ROCK;2014;;Renúncia — Outros Mecanismos;0.0;0.0;1798000.0;0.0;3145040.02;3145040.02;0.0;0.0;280000;489772.64;0.0;0.0;0.0;0.0;0.0;0;0;0;0;;;;;4.088;adoro_critico|adoro_usuario;2;media;0.0;;;;;;07.125.823/0001-92;;;;;;;;;;1798000.0;;0.1557
B1402769800000;MISSÃO EXTREMA COM KARINA OLIANI;2014;;Renúncia — Art.3/3-A/39;0.0;2158311.65;0.0;0.0;3775292.84;3775292.84;0.0;0.0;60000;104951.28;0.0;0.0;0.0;0.0;0.0;0;0;0;0;;;;;0.0;;0;;1.0;0.0;0.0;;;;07.477.471/0001-34;;;;;;;;;;2158311.65;;0.0278
B1500070300000;MMA EM FAMÍLIA;2014;;Renúncia — Art.3/3-A/39;0.0;294000.0;0.0;0.0;514261.27;514261.27;0.0;0.0;60000;104951.28;0.0;0.0;0.0;0.0;0.0;0;0;0;0;;;;;3.656;adoro_critico;1;alta;;;;;;;10.358.078/0001-36;;;;;;;;;;294000.0;;0.2041
B1402453900000;MOTEL;2014;;Renúncia — Art.3/3-A/39;0.0;3844076.39;0.0;0.0;6724012.29;6724012.29;0.0;0.0;60000;104951.28;0.0;0.0;0.0;0.0;0.0;0;0;0;0;;;;;3.295;adoro_critico|adoro_usuario;2;alta;2.0;0.0;0.0;Portuguese National Funding Agency for Science, Research and Technology (RCAAP Project by FCT);;;07.533.507/0001-50;;;;;;;;;;3844076.39;;0.0156
B1402825200000;MULHERES NO PODER;2014;;Renúncia — Outros Mecanismos;0.0;0.0;779688.0;0.0;1363820.89;1363820.89;108967.26;155501.36;340000;594723.92;155501.36;0.0;0.114;0.0;0.0;0;0;0;0;;;;;4.3;adoro_usuario;1;baixa;;;;;;;04.486.752/0001-65;;;;;;;;;;779688.0;;0.5758
B1402254000000;MY NAME IS NOW, ELZA SOARES;2014;;Renúncia — Outros Mecanismos;0.0;0.0;901808.0;0.0;1577431.73;1577431.73;42653.44;56379.68;125000;218648.5;56379.68;0.0;0.0357;0.0;0.0;0;0;0;0;;;;;0.0;;0;;0.0;;;;;;10.957.732/0001-28;;;;;;;;;;901808.0;;0.1859
B1402633500000;MÁRIO LAGO HOMEM DO SÉCULO XX;2014;;Renúncia — Art.3/3-A/39;0.0;134999.99;0.0;0.0;236140.36;236140.36;0.0;0.0;120000;209902.56;0.0;0.0;0.0;0.0;0.0;0;0;0;0;;;;;0.0;;0;;;;;;;;05.426.800/0001-92;;;;;;;;;;134999.99;;0.8889
B1500101700000;MÚSICA.DOC - 2ª TEMPORADA;2014;;Renúncia — Art.3/3-A/39;0.0;1075001.4;0.0;0.0;1880379.55;1880379.55;0.0;0.0;60000;104951.28;0.0;0.0;0.0;0.0;0.0;0;0;0;0;;;;;4.05;adoro_critico|adoro_usuario;2;alta;5.0;1.0;1.0;Imagofagia: revista de la Asociación Argentina de Estudios de Cine y Audiovisual | Alphaville Journal of Film and Screen Media | Sessões do Imaginário;;;10.645.895/0001-75;;;;;;;;;;1075001.4;;0.0558
B1402380600000;NA QUEBRADA;2014;;Renúncia — Art.3/3-A/39;0.0;550000.0;400000.0;0.0;1661728.6;1661728.6;3150282.36;5095124.72;205000;358583.54;5095124.72;0.0;3.0662;0.0;0.0;0;0;0;0;;;;;0.0;;0;;;;;;;;06.945.371/0001-22;;;;;;;;;;950000.0;;3.5319
B1402438200000;NASCIDOS PARA LUTAR - GLOVER TEIXEIRA;2014;;Renúncia — Art.3/3-A/39;0.0;510404.12;0.0;0.0;892792.76;892792.76;0.0;0.0;60000;104951.28;0.0;0.0;0.0;0.0;0.0;0;0;0;0;;;;;0.0;;0;;;;;;;;05.638.479/0001-00;;;;;;;;;;510404.12;;0.1176
B1402512500000;NASCIDOS PARA LUTAR - LYOTO MACHIDA;2014;;Renúncia — Art.3/3-A/39;0.0;488696.34;0.0;0.0;854821.77;854821.77;0.0;0.0;60000;104951.28;0.0;0.0;0.0;0.0;0.0;0;0;0;0;;;;;0.0;;0;;;;;;;;05.638.479/0001-00;;;;;;;;;;488696.34;;0.1228
B1500257400000;NERVOS DE AÇO;2014;;Renúncia — Outros Mecanismos;0.0;0.0;555000.0;0.0;970799.34;970799.34;1790.7;2524.76;280000;489772.64;2524.76;0.0;0.0026;0.0;0.0;0;0;0;0;;;;;4.259;adoro_critico|adoro_usuario;2;media;;;;;;;31.447.584/0001-71;;;;;;;;;;555000.0;;0.5077
B1402186500000;NÃO TÁ FÁCIL PARA NINGUÉM;2014;;Renúncia — Art.3/3-A/39;0.0;650000.0;0.0;0.0;1136972.2;1136972.2;0.0;0.0;60000;104951.28;0.0;0.0;0.0;0.0;0.0;0;0;0;0;;;;;0.0;;0;;;;;;;;12.375.637/0001-41;;;;;;;;;;650000.0;;0.0923
B1500270700000;O BRASIL VISTO DO CÉU;2014;;Renúncia — Art.3/3-A/39;0.0;0.0;0.0;0.0;0.0;0.0;0.0;0.0;80000;139935.04;0.0;0.0;;0.0;0.0;0;0;0;0;;;;;4.343;adoro_critico|adoro_usuario;2;media;;;;;;;01.378.559/0001-12;;;;;;;;;;0.0;;
B1402260600000;O CANDIDATO HONESTO;2014;;Renúncia — Art.3/3-A/39;0.0;3000000.0;1655000.0;0.0;8142470.14;8142470.14;27935387.94;45223461.36;205000;358583.54;45223461.36;0.0;5.554;0.0;0.0;0;0;0;0;;;;;3.1;adoro_usuario;1;baixa;;;;;;;03.987.306/0002-52;;;;;;;;;;4655000.0;;6.0452
B1402192100000;O CASAMENTO DE GORETE;2014;;Renúncia — Art.3/3-A/39;0.0;463356.73;1050000.0;0.0;2647145.43;2647145.43;1146641.81;1854943.16;125000;218648.5;1854943.16;0.0;0.7007;0.0;0.0;0;0;0;0;;;;;2.3;adoro_usuario;1;baixa;;;;;;;05.776.048/0001-00;;;;;;;;;;1513356.73;;0.8403
B1402189800000;O CINEMA ANIMADO;2014;;Renúncia — Outros Mecanismos;0.0;0.0;499931.1;0.0;874473.48;874473.48;0.0;0.0;60000;104951.28;0.0;0.0;0.0;0.0;0.0;0;0;0;0;;;;;4.268;adoro_critico|adoro_usuario;2;media;0.0;;;;;;02.231.569/0001-93;;;;;;;;;;499931.1;;0.12
B1500143900000;O DIÁRIO DE MIKA;2014;;Renúncia — Outros Mecanismos;0.0;0.0;1220000.0;0.0;2134009.36;2134009.36;0.0;0.0;365000;638453.62;0.0;0.0;0.0;0.0;0.0;0;0;0;0;;;;;3.271;adoro_critico;1;media;0.0;;;;;;11.899.615/0001-18;;;;;;;;;;1220000.0;;0.2992
B1402235800000;O GIGANTESCO IMÃ;2014;;Renúncia — Outros Mecanismos;0.0;0.0;31000.0;0.0;54224.83;54224.83;5301.6;7474.88;120000;209902.56;7474.88;0.0;0.1378;0.0;0.0;0;0;0;0;;;;;0.0;;0;;;;;;;;07.947.109/0001-80;;;;;;;;;;31000.0;;4.042
B1500036000000;O HOMEM DA SUA VIDA;2014;;Renúncia — Art.3/3-A/39;0.0;6892922.69;0.0;0.0;12057017.65;12057017.65;0.0;0.0;60000;104951.28;0.0;0.0;0.0;0.0;0.0;0;0;0;0;;;;;3.2;adoro_usuario;1;baixa;20.0;4.0;2.0;Rebeca - Revista Brasileira de Estudos de Cinema e Audiovisual | Zenodo (CERN European Organization for Nuclear Research) | Resgate Revista Interdisciplinar de Cultura;Oscar;Q1162308;01.378.559/0001-12;;;;;;;;;;6892922.69;;0.0087
B1402250100000;O REI DE UMA NOTA SÓ E A BORBOLETA AZUL;2014;;Renúncia — Outros Mecanismos;0.0;0.0;113000.0;0.0;197658.24;197658.24;0.0;0.0;0;0.0;0.0;0.0;0.0;0.0;0.0;0;0;0;0;;;;;3.9;adoro_usuario;1;baixa;0.0;;;;;;01.137.954/0001-03;;;;;;;;;;113000.0;;0.0
B1500272800000;O RIO POR ELES - O RIO DE JANEIRO QUE OS BRASILEIROS NUNCA VIRAM NA TELA;2014;;Renúncia — Art.3/3-A/39;0.0;1861576.26;0.0;0.0;3256246.86;3256246.86;0.0;0.0;0;0.0;0.0;0.0;0.0;0.0;0.0;0;0;0;0;;;;;4.252;adoro_critico|adoro_usuario;2;alta;2.0;0.0;0.0;Carnets | Directory of Open access Books (OAPEN Foundation);;;03.279.751/0001-87;;;;;;;;;;1861576.26;;0.0
B1402845900000;O SAMURAI BRASILEIRO - A HISTÓRIA DE CHIAKI ISHII;2014;;Renúncia — Art.3/3-A/39;0.0;230000.0;0.0;0.0;402313.24;402313.24;0.0;0.0;140000;244886.32;0.0;0.0;0.0;0.0;0.0;0;0;0;0;;;;;4.185;adoro_critico|adoro_usuario;2;media;0.0;;;;;;10.459.299/0001-09;;;;;;;;;;230000.0;;0.6087
B1402245600000;O SEGREDO DOS DIAMANTES;2014;;Renúncia — Outros Mecanismos;0.0;0.0;3502900.0;0.0;6127230.65;6127230.65;106388.85;164328.08;205000;358583.54;164328.08;0.0;0.0268;0.0;0.0;0;0;0;0;;;;;4.068;adoro_critico|adoro_usuario;2;media;;;;;;;22.331.409/0001-23;;;;;;;;;;3502900.0;;0.0889
B1500492300000;O SHOW DA LUNA! SEGUNDA TEMPORADA;2014;;Renúncia — Art.3/3-A/39;0.0;1808652.0;100000.0;0.0;3338591.17;3338591.17;0.0;0.0;140000;244886.32;0.0;0.0;0.0;0.0;0.0;0;0;0;0;;;;;0.0;;0;;0.0;;;;;;01.161.933/0001-23;;;;;;;;;;1908652.0;;0.0734
B1500296400000;O SHOW DA RECICLAGEM;2014;;Renúncia — Art.3/3-A/39;0.0;0.0;0.0;0.0;0.0;0.0;0.0;0.0;0;0.0;0.0;0.0;;0.0;0.0;0;0;0;0;;;;;0.0;;0;;;;;;;;PESSOA FÍSICA;;;;;;;;;;0.0;;
B1600500300000;O SILÊNCIO DO CÉU;2014;;Renúncia — Outros Mecanismos;0.0;0.0;612209.19;0.0;1070868.97;1070868.97;155985.0;219793.28;340000;594723.92;219793.28;0.0;0.2052;0.0;0.0;0;0;0;0;;;;;4.1;adoro_usuario;1;baixa;;;;;;;05.387.293/0001-25;;;;;;;;;;612209.19;;0.8102
B1402503800000;O VERÃO DA LATA;2014;;Renúncia — Art.3/3-A/39;0.0;230000.0;4000.0;0.0;409309.99;409309.99;0.0;0.0;60000;104951.28;0.0;0.0;0.0;0.0;0.0;0;0;0;0;;;;;4.1;adoro_usuario;1;baixa;0.0;;;;;;10.305.776/0001-73;;;;;;;;;;234000.0;;0.2564
B1402197800000;O ÚLTIMO CINE DRIVE-IN;2014;;Renúncia — Art.3/3-A/39;0.0;0.0;0.0;0.0;0.0;0.0;180317.95;262535.28;200000;349837.6;262535.28;0.0;;0.0;0.0;0;0;0;0;;;;;4.2;adoro_usuario;1;baixa;;;;;;;08.847.593/0001-38;;;;;;;;;;0.0;;
B1500897000000;O ÚLTIMO VIRGEM;2014;;Renúncia — Art.3/3-A/39;0.0;200000.0;400000.0;0.0;1049512.8;1049512.8;1808119.8;2549311.8;120000;209902.56;2549311.8;0.0;2.429;0.0;0.0;0;0;0;0;;;;;2.6;adoro_usuario;1;baixa;0.0;;;;;;13.538.544/0001-53;;;;;;;;;;600000.0;;3.2135
B1500018100000;ONÇA PINTADA, MAIS PERTO DO QUE SE PODE IMAGINAR;2014;;Renúncia — Outros Mecanismos;0.0;0.0;1199995.98;0.0;2099018.57;2099018.57;0.0;0.0;140000;244886.32;0.0;0.0;0.0;0.0;0.0;0;0;0;0;;;;;4.0;adoro_usuario;1;baixa;;;;;;;13.066.775/0001-01;;;;;;;;;;1199995.98;;0.1167
B1402271000000;OS CARAS DE PAU;2014;;Renúncia — Art.3/3-A/39;0.0;3000000.0;191500.0;0.0;5582533.5;5582533.5;25109044.92;37988890.8;205000;358583.54;37988890.8;0.0;6.805;0.0;0.0;0;0;0;0;;;;;2.4;adoro_usuario;1;baixa;7.0;0.0;0.0;LA Referencia (Red Federada de Repositorios Institucionales de Publicaciones Científicas) | Reciis | Revista FAMECOS;;;09.558.964/0001-24;;;;;;;;;;3191500.0;;7.9317
B1600591900000;OS ENIGMAS DOS DESAPARECIDOS;2014;;Renúncia — Outros Mecanismos;0.0;0.0;17900.0;0.0;31310.47;31310.47;0.0;0.0;0;0.0;0.0;0.0;0.0;0.0;0.0;0;0;0;0;;;;;3.771;adoro_critico;1;alta;;;;;;;10.922.699/0001-09;;;;;;;;;;17900.0;;0.0
B1402391300000;OS INIMIGOS DA DOR;2014;;Renúncia — Art.3/3-A/39;0.0;0.0;0.0;0.0;0.0;0.0;3948.0;5566.4;0;0.0;5566.4;0.0;;3.1;15.5;0;0;0;0;;;;;3.862;adoro_critico|adoro_usuario;2;media;;;;;;;06.137.016/0001-27;;;;;;;;;;0.0;;
B1500867200000;OS RESISTENTES;2014;;Renúncia — Art.3/3-A/39;0.0;0.0;0.0;0.0;0.0;0.0;0.0;0.0;280000;489772.64;0.0;0.0;;0.0;0.0;0;0;0;0;;;;;0.0;;0;;0.0;;;;;;05.163.327/0001-06;;;;;;;;;;0.0;;
B1402408400000;OURO, SUOR E LÁGRIMAS;2014;;Renúncia — Outros Mecanismos;0.0;0.0;500000.0;0.0;874594.0;874594.0;23089.41;33776.12;120000;209902.56;33776.12;0.0;0.0386;0.0;0.0;0;0;0;0;;;;;3.962;adoro_critico|adoro_usuario;2;alta;;;;;;;32.267.676/0001-32;;;;;;;;;;500000.0;;0.2862
B1600201700000;PAPÉIS DE ADÉLIA;2014;;Renúncia — Art.3/3-A/39;0.0;0.0;0.0;0.0;0.0;0.0;0.0;0.0;80000;139935.04;0.0;0.0;;0.0;0.0;0;0;0;0;;;;;0.0;;0;;;;;;;;PESSOA FÍSICA;;;;;;;;;;0.0;;
B1500339400000;PEQUENO DICIONÁRIO AMOROSO 2;2014;;Renúncia — Art.3/3-A/39;0.0;2320000.0;1850000.0;0.0;7294113.96;7294113.96;226164.78;330842.96;205000;358583.54;330842.96;0.0;0.0454;0.0;0.0;0;0;0;0;;;;;0.0;;0;;;;;;Sundance;Q10367583;40.447.906/0001-73;;;;;;;;;;4170000.0;;0.1034
B1600137900000;PLANO DE NEGÓCIOS;2014;;Renúncia — Outros Mecanismos;0.0;0.0;400000.0;0.0;699675.2;699675.2;0.0;0.0;140000;244886.32;0.0;0.0;0.0;0.0;0.0;0;0;0;0;;;;;4.13;adoro_critico|adoro_usuario;2;media;1.0;0.0;0.0;O Mosaico;;;11.562.441/0001-01;;;;;;;;;;400000.0;;0.35
B1402297300000;PLÍNIO MARCOS NAS QUEBRADAS DO MUNDARÉU;2014;;Renúncia — Outros Mecanismos;0.0;0.0;599480.55;0.0;1048604.18;1048604.18;0.0;0.0;120000;209902.56;0.0;0.0;0.0;0.0;0.0;0;0;0;0;;;;;0.0;;0;;;;;;;;02.758.386/0001-20;;;;;;;;;;599480.55;;0.2002
B1500138300000;PONTE AÉREA;2014;;Renúncia — Art.3/3-A/39;0.0;2326600.69;0.0;0.0;4069662.01;4069662.01;473176.62;692181.84;205000;358583.54;692181.84;0.0;0.1701;0.0;0.0;0;0;0;0;;;;;3.9;adoro_usuario;1;baixa;;;;;;;42.473.256/0001-66;;;;;;;;;;2326600.69;;0.2915
B1600730100000;POR TRÁS DO CÉU;2014;;Renúncia — Art.3/3-A/39;0.0;48000.0;400000.0;0.0;783636.22;783636.22;22065.0;29243.48;420000;734658.96;29243.48;0.0;0.0373;0.0;0.0;0;0;0;0;;;;;4.02;adoro_critico|adoro_usuario;2;media;0.0;;;;;;51.264.273/0001-84;;;;;;;;;;448000.0;;0.9868
B1402301300000;POR UM PUNHADO DE DÓLARES - OS NOVOS EMIGRADOS;2014;;Renúncia — Outros Mecanismos;0.0;0.0;300000.0;0.0;524756.4;524756.4;4547.7;6083.28;140000;244886.32;6083.28;0.0;0.0116;0.0;0.0;0;0;0;0;;;;;4.345;adoro_critico|adoro_usuario;2;alta;;;;;;;31.553.936/0001-73;;;;;;;;;;300000.0;;0.4818
B1402090700000;PROMESSAS DO FUTEBOL;2014;;Renúncia — Art.3/3-A/39;0.0;989984.23;0.0;0.0;1731668.54;1731668.54;0.0;0.0;60000;104951.28;0.0;0.0;0.0;0.0;0.0;0;0;0;0;;;;;0.0;;0;;;;;;;;03.360.320/0001-40;;;;;;;;;;989984.23;;0.0606
B1500296100000;QUE TALENTO! SEGUNDA TEMPORADA;2014;;Renúncia — Art.3/3-A/39;0.0;3000000.0;0.0;0.0;5247564.0;5247564.0;0.0;0.0;60000;104951.28;0.0;0.0;0.0;0.0;0.0;0;0;0;0;;;;;0.0;;0;;0.0;;;;;;67.414.508/0001-07;;;;;;;;;;3000000.0;;0.02
B1402719200000;REAL BELEZA;2014;;Renúncia — Art.3/3-A/39;0.0;600000.0;1500000.0;0.0;3673294.8;3673294.8;152303.13;222795.16;200000;349837.6;222795.16;0.0;0.0607;0.0;0.0;0;0;0;0;;;;;0.0;;0;;;;;;;;94.625.829/0001-23;;;;;;;;;;2100000.0;;0.1678
B1402158000000;RESISTIR É PRECISO;2014;;Renúncia — Outros Mecanismos;0.0;0.0;1140000.0;0.0;1994074.32;1994074.32;0.0;0.0;140000;244886.32;0.0;0.0;0.0;0.0;0.0;0;0;0;0;;;;;0.0;;0;;;;;;;;04.344.932/0001-02;;;;;;;;;;1140000.0;;0.1228
B1402237600000;RONDON - O GRANDE CHEFE;2014;;Renúncia — Outros Mecanismos;0.0;0.0;2270000.0;0.0;3970656.76;3970656.76;0.0;0.0;120000;209902.56;0.0;0.0;0.0;0.0;0.0;0;0;0;0;;;;;4.343;adoro_critico|adoro_usuario;2;media;;;;;;;06.058.551/0001-92;;;;;;;;;;2270000.0;;0.0529
B1500166700000;SABOTAGE: O MAESTRO DO CANÃO;2014;;Renúncia — Outros Mecanismos;0.0;0.0;310000.0;0.0;542248.28;542248.28;0.0;0.0;420000;734658.96;0.0;0.0;0.0;0.0;0.0;0;0;0;0;;;;;3.734;adoro_critico|adoro_usuario;2;alta;;;;;;;06.013.078/0001-27;;;;;;;;;;310000.0;;1.3548
B1500683800000;SAÚDE S.A.;2014;;Renúncia — Art.3/3-A/39;0.0;0.0;0.0;0.0;0.0;0.0;0.0;0.0;0;0.0;0.0;0.0;;0.0;0.0;0;0;0;0;;;;;4.6;adoro_usuario;1;baixa;4.0;0.0;0.0;Dialnet (Universidad de la Rioja) | SHILAP Revista de lepidopterología | Revista Tempos e Espaços em Educação;;;00.659.237/0001-89;;;;;;;;;;0.0;;
B1500478900000;SE EU FOSSE VOCÊ: A SÉRIE - 2ª TEMPORADA;2014;;Renúncia — Art.3/3-A/39;0.0;3000000.0;1298172.32;0.0;7518311.44;7518311.44;0.0;0.0;60000;104951.28;0.0;0.0;0.0;0.0;0.0;0;0;0;0;;;;;3.895;adoro_critico|adoro_usuario;2;alta;;;;;;;02.863.008/0001-07;;;;;;;;;;4298172.32;;0.014
B1402173200000;SEM PENA;2014;;Renúncia — Outros Mecanismos;0.0;0.0;755000.0;0.0;1320636.94;1320636.94;91580.34;147787.92;185000;323599.78;147787.92;0.0;0.1119;0.0;0.0;0;0;0;0;;;;;0.0;;0;;;;;;;;00.205.194/0001-61;;;;;;;;;;755000.0;;0.3663
B1402182800000;SEPULTURA;2014;;Renúncia — Art.3/3-A/39;0.0;0.0;0.0;0.0;0.0;0.0;0.0;0.0;60000;104951.28;0.0;0.0;;0.0;0.0;0;0;0;0;;;;;0.0;;0;;;;;;;;10.445.307/0001-50;;;;;;;;;;0.0;;
B1500037300000;SHOW DO KIBE;2014;;Renúncia — Art.3/3-A/39;0.0;1200000.05;0.0;0.0;2099025.69;2099025.69;0.0;0.0;60000;104951.28;0.0;0.0;0.0;0.0;0.0;0;0;0;0;;;;;4.5;adoro_usuario;1;baixa;;;;;;;08.371.400/0001-15;;;;;;;;;;1200000.05;;0.05
B1402278100000;SOS PÉ NA BUNDA;2014;;Renúncia — Outros Mecanismos;0.0;0.0;700000.0;0.0;1224431.6;1224431.6;0.0;0.0;60000;104951.28;0.0;0.0;0.0;0.0;0.0;0;0;0;0;;;;;0.0;;0;;1.0;0.0;0.0;University of Toronto Quarterly;;;06.967.225/0001-06;;;;;;;;;;700000.0;;0.0857
B1500091200000;SUPERPAI;2014;;Renúncia — Art.3/3-A/39;0.0;3000000.0;0.0;0.0;5247564.0;5247564.0;6157832.85;9007926.2;205000;358583.54;9007926.2;0.0;1.7166;0.0;0.0;0;0;0;0;;;;;3.5;adoro_usuario;1;baixa;;;;;;;11.545.487/0001-04;;;;;;;;;;3000000.0;;2.1209
B1500071300000;SURFAR É COISA DE RICO;2014;;Renúncia — Art.3/3-A/39;0.0;0.0;0.0;0.0;0.0;0.0;1386.18;2027.76;60000;104951.28;2027.76;0.0;;0.0;0.0;0;0;0;0;;;;;3.683;adoro_critico|adoro_usuario;2;media;;;;;;;05.326.727/0001-87;;;;;;;;;;0.0;;
B1402822600000;TRABALHO DURO;2014;;Renúncia — Art.3/3-A/39;0.0;2071739.47;0.0;0.0;3623861.82;3623861.82;0.0;0.0;60000;104951.28;0.0;0.0;0.0;0.0;0.0;0;0;0;0;;;;;0.0;;0;;;;;;;;02.525.725/0001-29;;;;;;;;;;2071739.47;;0.029
B1402189700000;TRIUNFO;2014;;Renúncia — Art.3/3-A/39;0.0;0.0;314803.63;0.0;550650.73;550650.73;0.0;0.0;120000;209902.56;0.0;0.0;0.0;0.0;0.0;0;0;0;0;;;;;4.062;adoro_critico|adoro_usuario;2;alta;0.0;;;;;;01.379.004/0001-95;;;;;;;;;;314803.63;;0.3812
B1402155200000;TROMBA TREM - 2ª TEMPORADA;2014;;sem_categoria;0.0;0.0;0.0;0.0;0.0;0.0;0.0;0.0;140000;244886.32;0.0;0.0;;0.0;0.0;0;0;0;0;;;;;0.0;;0;;;;;;;;09.551.826/0001-13;;;;;;;;;;0.0;;
B1402215300000;TUDO POR AMOR AO CINEMA;2014;;Renúncia — Art.3/3-A/39;0.0;32000.0;800000.0;0.0;1455324.42;1455324.42;8140.41;11908.12;60000;104951.28;11908.12;0.0;0.0082;0.0;0.0;0;0;0;0;;;;;4.175;adoro_critico|adoro_usuario;2;alta;;;;;;;01.605.800/0001-07;;;;;;;;;;832000.0;;0.0819
B1500150200000;TUDO QUE APRENDEMOS JUNTOS;2014;;Renúncia — Art.3/3-A/39;0.0;2768951.61;3998335.0;0.0;11837256.53;11837256.53;652513.05;953365.28;205000;358583.54;953365.28;0.0;0.0805;4.5;22.5;0;0;0;0;;;;;3.612;adoro_critico|adoro_usuario;2;alta;;;;;;;01.378.559/0001-12;;;;;;;;;;6767286.609999999;;0.1267
B1500017300000;UM CONTRA TODOS;2014;;Renúncia — Art.3/3-A/39;0.0;500000.0;0.0;0.0;874594.0;874594.0;0.0;0.0;60000;104951.28;0.0;0.0;0.0;0.0;0.0;0;0;0;0;;;;;3.5;adoro_usuario;1;baixa;;;;;;;94.100.302/0001-85;;;;;;;;;;500000.0;;0.12
B1402193800000;UMA GÔNDOLA PARA NOVA VENEZA;2014;;Renúncia — Outros Mecanismos;0.0;0.0;86480.2;0.0;151270.13;151270.13;0.0;0.0;60000;104951.28;0.0;0.0;0.0;0.0;0.0;0;0;0;0;;;;;3.5;adoro_usuario;1;baixa;;;;;;;00.508.766/0001-81;;;;;;;;;;86480.2;;0.6938
B1402156100000;VERMELHO BRASIL - FILME;2014;;Renúncia — Art.3/3-A/39;0.0;1500000.0;2738461.54;0.0;7413866.06;7413866.06;6606.64;10695.44;140000;244886.32;10695.44;0.0;0.0014;0.0;0.0;0;0;0;0;;;;;0.0;;0;;;;;;;;02.020.661/0001-04;;;;;;;;;;4238461.54;;0.0346
B1402161300000;VERMELHO BRASIL - SÉRIE;2014;;Renúncia — Art.3/3-A/39;0.0;1500000.0;2738461.54;0.0;7413866.06;7413866.06;0.0;0.0;80000;139935.04;0.0;0.0;0.0;0.0;0.0;0;0;0;0;;;;;0.0;;0;;;;;;;;02.020.661/0001-04;;;;;;;;;;4238461.54;;0.0189
B1402241100000;VESTIDO PRA CASAR;2014;;Renúncia — Art.3/3-A/39;0.0;0.0;0.0;0.0;0.0;0.0;15409063.86;24945503.52;145000;253632.26;24945503.52;0.0;;0.0;0.0;0;0;0;0;;;;;2.0;adoro_usuario;1;baixa;;;;;;;09.095.244/0001-70;;;;;;;;;;0.0;;
B1402176800000;VÁRZEA F.C.;2014;;Renúncia — Art.3/3-A/39;0.0;1403017.0;0.0;0.0;2454140.5;2454140.5;0.0;0.0;60000;104951.28;0.0;0.0;0.0;0.0;0.0;0;0;0;0;;;;;0.0;;0;;;;;;;;10.502.952/0001-67;;;;;;;;;;1403017.0;;0.0428
B1500198100000;ÁGUAS DO BRASIL;2014;;Renúncia — Outros Mecanismos;0.0;0.0;199282.52000000002;0.0;348582.59;348582.59;0.0;0.0;60000;104951.28;0.0;0.0;0.0;0.0;0.0;0;0;0;0;;;;;4.343;adoro_critico|adoro_usuario;2;media;;;;;;;01.613.170/0001-04;;;;;;;;;;199282.52000000002;;0.3011
B1600109500000;A CIDADE NÃO PARA;2015;;Renúncia — Art.3/3-A/39;0.0;307000.0;0.0;0.0;485227.01;485227.01;0.0;0.0;60000;94832.64;0.0;0.0;0.0;0.0;0.0;0;0;0;0;;;;;0.0;;0;;;;;;;;09.494.764/0001-55;;;;;;;;;;307000.0;;0.1954
B1600181500000;A CIDADE ONDE ENVELHEÇO;2015;;Renúncia — Outros Mecanismos;0.0;0.0;401000.0;0.0;633798.14;633798.14;139800.92;185281.6;140000;221276.16;185281.6;0.0;0.2923;20.6;53.0;0;7;7;0;;;;;0.0;;0;;;;;;;;07.525.577/0001-66;;;;;;;;;;401000.0;;0.6978
B1600680500000;A DESTRUIÇÃO DE BERNARDET;2015;;Renúncia — Outros Mecanismos;0.0;0.0;500000.0;0.0;790272.0;790272.0;20379.2;26937.4;280000;442552.32;26937.4;0.0;0.0341;0.0;0.0;0;0;0;0;;;;;0.0;;0;;0.0;;;;;;67.619.171/0001-74;;;;;;;;;;500000.0;;0.6008
B1500681300000;A ESTILISTA;2015;;Renúncia — Outros Mecanismos;0.0;0.0;370000.0;0.0;584801.28;584801.28;0.0;0.0;60000;94832.64;0.0;0.0;0.0;0.0;0.0;0;0;0;0;;;;;0.0;;0;;;;;;;;03.699.216/0001-85;;;;;;;;;;370000.0;;0.1622
B1500710900000;A LENDA DO GATO PRETO;2015;;Renúncia — Outros Mecanismos;0.0;0.0;527900.0;0.0;834369.18;834369.18;0.0;0.0;0;0.0;0.0;0.0;0.0;0.0;0.0;0;0;0;0;;;;;3.793;adoro_critico|adoro_usuario;2;alta;0.0;;;;;;05.966.506/0001-73;;;;;;;;;;527900.0;;0.0
B1600296800000;A LOUCURA ENTRE NÓS;2015;;Renúncia — Outros Mecanismos;0.0;0.0;900000.0;0.0;1422489.6;1422489.6;72983.4;102839.24;65000;102735.36;102839.24;0.0;0.0723;0.0;0.0;0;0;0;0;;;;;3.6;adoro_usuario;1;baixa;0.0;;;;;;13.535.692/0001-14;;;;;;;;;;900000.0;;0.1533
B1700428000000;A MENINA ÍNDIGO;2015;;Renúncia — Outros Mecanismos;0.0;0.0;2850526.6;0.0;4505382.71;4505382.71;201840.0;267505.28;145000;229178.88;267505.28;0.0;0.0594;0.0;0.0;0;0;0;0;;;;;2.5;adoro_usuario;1;baixa;;;;;;;01.946.155/0001-88;;;;;;;;;;2850526.6;;0.1217
B1500105700000;A NAÇÃO QUE NÃO ESPEROU POR DEUS;2015;;FSA Automático Festivais;0.0;0.0;0.0;0.0;0.0;0.0;18264.96;26718.72;180000;284497.92;26718.72;0.0;;1.3;6.5;0;0;0;0;;;;;3.845;adoro_critico|adoro_usuario;2;media;;;;;;;73.947.392/0001-74;;;;;;;;;;0.0;;
B1600180400000;A SAGA DA ALMA DE UM POETA;2015;;Renúncia — Art.3/3-A/39;0.0;0.0;9359.68;0.0;14793.39;14793.39;0.0;0.0;60000;94832.64;0.0;0.0;0.0;0.0;0.0;0;0;0;0;;;;;4.095;adoro_critico|adoro_usuario;2;media;;;;;;;03.347.886/0001-32;;;;;;;;;;9359.68;;6.4105
B1500630200000;A VAGA - 2ª TEMPORADA;2015;;Renúncia — Art.3/3-A/39;0.0;2859430.36;0.0;0.0;4519455.5;4519455.5;0.0;0.0;60000;94832.64;0.0;0.0;0.0;0.0;0.0;0;0;0;0;;;;;0.0;;0;;;;;;;;02.525.725/0001-29;;;;;;;;;;2859430.36;;0.021
B1600472600000;AGUÁPOLIS;2015;;Renúncia — Outros Mecanismos;0.0;0.0;110550.36;0.0;174729.71;174729.71;0.0;0.0;60000;94832.64;0.0;0.0;0.0;0.0;0.0;0;0;0;0;;;;;0.0;;0;;0.0;;;;;;12.521.386/0001-66;;;;;;;;;;110550.36;;0.5427
B1600310800000;ANJOS DA ESTRADA;2015;;Renúncia — Art.3/3-A/39;0.0;1668141.74;500000.0;0.0;3426843.42;3426843.42;0.0;0.0;140000;221276.16;0.0;0.0;0.0;0.0;0.0;0;0;0;0;;;;;4.5;adoro_usuario;1;baixa;0.0;;;;;;02.947.857/0001-49;;;;;;;;;;2168141.74;;0.0646
B1600464000000;AO SOM DO CHAMAMÉ;2015;;Renúncia — Outros Mecanismos;0.0;0.0;180000.0;0.0;284497.92;284497.92;0.0;0.0;0;0.0;0.0;0.0;0.0;0.0;0.0;0;0;0;0;;;;;0.0;;0;;;;;;;;12.772.107/0001-37;;;;;;;;;;180000.0;;0.0
B1600096000000;APAIXONADOS O FILME;2015;;Renúncia — Art.3/3-A/39;0.0;0.0;0.0;0.0;0.0;0.0;379854.0;535567.2;125000;197568.0;535567.2;0.0;;0.0;0.0;0;0;0;0;;;;;3.5;adoro_usuario;1;baixa;;;;;;;02.863.008/0001-07;;;;;;;;;;0.0;;
B1500659200000;ARACATI LONGA-METRAGEM;2015;;Renúncia — Art.3/3-A/39;0.0;308750.0;0.0;0.0;487992.96;487992.96;0.0;0.0;0;0.0;0.0;0.0;0.0;0.0;0.0;0;0;0;0;;;;;0.0;;0;;4.0;2.0;2.0;Aniki Revista Portuguesa da Imagem em Movimento | Boletim de Pesquisa NELIC | Alceu;;;10.731.397/0001-45;;;;;;;;;;308750.0;;0.0
B1500809300000;ATOL DAS ROCAS - RESERVA MARINHA;2015;;Renúncia — Outros Mecanismos;0.0;0.0;150000.0;0.0;237081.6;237081.6;0.0;0.0;60000;94832.64;0.0;0.0;0.0;0.0;0.0;0;0;0;0;;;;;0.0;;0;;0.0;;;;;;04.524.792/0001-54;;;;;;;;;;150000.0;;0.4
B1500595400000;ATÉ QUE A MORTE NOS SEPARE - 2A TEMPORADA;2015;;Renúncia — Art.3/3-A/39;0.0;930000.0;0.0;0.0;1469905.92;1469905.92;0.0;0.0;140000;221276.16;0.0;0.0;0.0;0.0;0.0;0;0;0;0;;;;;3.6;adoro_usuario;1;baixa;1.0;0.0;0.0;;;;00.020.648/0001-20;;;;;;;;;;930000.0;;0.1505
B1500904200000;ATÉ QUE A SORTE NOS SEPARE 3;2015;;Renúncia — Art.3/3-A/39;0.0;3000000.0;1950000.0;0.0;7823692.8;7823692.8;47173626.27;67190583.04;205000;324011.52;67190583.04;0.0;8.5881;0.0;0.0;0;0;0;0;;;;;3.6;adoro_usuario;1;baixa;;;;;;;01.378.559/0002-01;;;;;;;;;;4950000.0;;9.5714
B1500877100000;BELATRIX - EPISÓDIO PILOTO;2015;;sem_categoria;0.0;0.0;0.0;0.0;0.0;0.0;0.0;0.0;0;0.0;0.0;0.0;;0.0;0.0;0;0;0;0;;;;;0.0;;0;;0.0;;;;;;00.830.735/0001-42;;;;;;;;;;0.0;;
B1500840400000;BEM CASADOS;2015;;Renúncia — Art.3/3-A/39;0.0;1079607.6;3200000.0;0.0;6764108.11;6764108.11;6778121.7;9912665.0;365000;576898.56;9912665.0;0.0;1.4655;0.0;0.0;0;0;0;0;;;;;0.0;;0;;10.0;0.0;0.0;Linguagem Estudos e Pesquisas | LA Referencia (Red Federada de Repositorios Institucionales de Publicaciones Científicas) | Veredas da História;;;03.838.776/0001-73;;;;;;;;;;4279607.6;;1.6691
B1500712100000;BETINHO-A ESPERANÇA EQUILIBRISTA;2015;;Renúncia — Art.3/3-A/39;0.0;350000.0;590000.0;0.0;1485711.36;1485711.36;29633.85;43338.4;340000;537384.96;43338.4;0.0;0.0292;2.5;12.5;0;0;0;0;;;;;0.0;;0;;;;;;;;00.360.459/0001-04;;;;;;;;;;940000.0;;0.3932
B1500798600000;BOI NEON;2015;;Renúncia — Art.3/3-A/39;0.0;0.0;350000.0;0.0;553190.4;553190.4;503341.0;709457.56;425000;671731.2;709457.56;0.0;1.2825;43.84;100.5;24787;22;8;0;;;;;3.5;adoro_usuario;1;baixa;;;;;Rotterdam;Q21063815;12.658.679/0001-90;;;;;;;;;;350000.0;;2.6524
B1500704800000;BRASIL 2050 - 2ª TEMPORADA;2015;;Renúncia — Outros Mecanismos;0.0;0.0;1050000.0;0.0;1659571.2;1659571.2;0.0;0.0;420000;663828.48;0.0;0.0;0.0;0.0;0.0;0;0;0;0;;;;;0.0;;0;;1.0;0.0;0.0;;;;06.096.915/0001-29;;;;;;;;;;1050000.0;;0.4
B1500584100000;BRASIL X BRASIL;2015;;Renúncia — Art.3/3-A/39;0.0;0.0;0.0;0.0;0.0;0.0;0.0;0.0;0;0.0;0.0;0.0;;0.0;0.0;0;0;0;0;;;;;0.0;;0;;;;;;;;11.443.174/0001-45;;;;;;;;;;0.0;;
B1500562900000;BRAVA GENTE ITALIANA;2015;;Renúncia — Outros Mecanismos;0.0;0.0;1137190.87;0.0;1797380.21;1797380.21;0.0;0.0;65000;102735.36;0.0;0.0;0.0;0.0;0.0;0;0;0;0;;;;;0.0;;0;;;;;;;;00.101.698/0001-31;;;;;;;;;;1137190.87;;0.0572
B1500340300000;CALIFÓRNIA;2015;;Renúncia — Art.3/3-A/39;0.0;0.0;1831511.71;0.0;2894784.84;2894784.84;191629.17;278081.44;260000;410941.44;278081.44;0.0;0.0961;3.8;19.0;0;0;0;0;;;;;0.0;;0;;;;;;Rotterdam;Q6763884;60.636.537/0001-74;;;;;;;;;;1831511.71;;0.2466
B1500542500000;CANÇÃO DA VOLTA;2015;;Renúncia — Art.3/3-A/39;0.0;0.0;0.0;0.0;0.0;0.0;34558.8;48686.12;200000;316108.8;48686.12;0.0;;0.0;0.0;0;0;0;0;;;;;0.0;;0;;;;;;;;60.636.537/0001-74;;;;;;;;;;0.0;;
B1500453100000;CARROSSEL - O FILME;2015;;Renúncia — Art.3/3-A/39;0.0;434899.74;900000.0;0.0;2109867.77;2109867.77;35568471.36;52029916.12;205000;324011.52;52029916.12;0.0;24.6603;0.0;0.0;0;0;0;0;;;;;3.3;adoro_usuario;1;baixa;0.0;;;;;;12.580.503/0002-43;;;;;;;;;;1334899.74;;26.7986
B1500777500000;CHICO - ARTISTA BRASILEIRO;2015;;Renúncia — Art.3/3-A/39;0.0;2400000.0;1269000.0;0.0;5799015.94;5799015.94;1744883.85;2525018.44;205000;324011.52;2525018.44;0.0;0.4354;9.5;0.0;1091;0;0;0;;;;;0.0;;0;;;;;;;;35.892.546/0001-89;;;;;;;;;;3669000.0;;0.5314
B1600115500000;CHICO SCIENCE, UM CARANGUEJO ELÉTRICO;2015;;Renúncia — Art.3/3-A/39;0.0;500000.0;0.0;0.0;790272.0;790272.0;0.0;0.0;80000;126443.52;0.0;0.0;0.0;0.0;0.0;0;0;0;0;;;;;0.0;;0;;;;;;;;02.175.084/0001-20;;;;;;;;;;500000.0;;0.16
B1500723200000;CINCO VEZES CHICO O VELHO E SUA GENTE;2015;;Renúncia — Art.3/3-A/39;0.0;150000.0;1000000.0;0.0;1817625.6;1817625.6;15810.9;22881.88;140000;221276.16;22881.88;0.0;0.0126;1.7;8.5;0;0;0;0;;;;;3.75;adoro_critico;1;media;15.0;18.0;15.0;LA Referencia (Red Federada de Repositorios Institucionales de Publicaciones Científicas) | Revista FAMECOS | O Mosaico;;;09.107.296/0001-19;;;;;;;;;;1150000.0;;0.1355
B1500743500000;CIRCO VOADOR - A NAVE;2015;;Renúncia — Art.3/3-A/39;0.0;0.0;0.0;0.0;0.0;0.0;12842.55;18786.6;120000;189665.28;18786.6;0.0;;0.0;0.0;0;0;0;0;;;;;0.0;;0;;;;;;;;11.187.365/0001-93;;;;;;;;;;0.0;;
B1500863000000;CLUBVERSÃO 2;2015;;Renúncia — Art.3/3-A/39;0.0;1688649.7;0.0;0.0;2668985.15;2668985.15;0.0;0.0;60000;94832.64;0.0;0.0;0.0;0.0;0.0;0;0;0;0;;;;;0.0;;0;;1.0;0.0;0.0;Repositori Obert de Coneixement de lAjuntament de Barcelona;;;08.708.048/0001-60;;;;;;;;;;1688649.7;;0.0355
B1500583400000;COMER BEM, QUE MAL TEM?;2015;;Renúncia — Art.3/3-A/39;0.0;1223229.97;0.0;0.0;1933368.79;1933368.79;0.0;0.0;60000;94832.64;0.0;0.0;0.0;0.0;0.0;0;0;0;0;;;;;3.433;adoro_critico|adoro_usuario;2;media;;;;;;;15.479.865/0001-50;;;;;;;;;;1223229.97;;0.0491
B1500922400000;CONSELHO TUTELAR - 2A TEMPORADA;2015;;Renúncia — Art.3/3-A/39;0.0;2249664.41;0.0;0.0;3555693.59;3555693.59;0.0;0.0;140000;221276.16;0.0;0.0;0.0;0.0;0.0;0;0;0;0;;;;;0.0;;0;;;;;;;;28.629.780/0001-52;;;;;;;;;;2249664.41;;0.0622
B1500559900000;CORA CORALINA - TODAS AS VIDAS;2015;;Renúncia — Outros Mecanismos;0.0;0.0;500000.0;0.0;790272.0;790272.0;99769.92;132042.96;60000;94832.64;132042.96;0.0;0.1671;0.0;0.0;0;0;0;0;;;;;0.0;;0;;;;;;;;37.981.206/0001-50;;;;;;;;;;500000.0;;0.3195
B1500406100000;CÃES HERÓIS;2015;;Renúncia — Art.3/3-A/39;0.0;1820332.17;0.0;0.0;2877115.09;2877115.09;0.0;0.0;140000;221276.16;0.0;0.0;0.0;0.0;0.0;0;0;0;0;;;;;3.627;adoro_critico|adoro_usuario;2;alta;;;;;;;02.947.857/0001-49;;;;;;;;;;1820332.17;;0.0769
B1600192300000;DE ONDE EU TE VEJO;2015;;Renúncia — Art.3/3-A/39;0.0;3000000.0;750000.0;0.0;5927040.0;5927040.0;465257.7;655980.36;145000;229178.88;655980.36;0.0;0.1107;0.0;0.0;0;0;0;0;;;;;4.0;adoro_usuario;1;baixa;;;;;;;07.477.471/0001-34;;;;;;;;;;3750000.0;;0.1627
B1600454400000;DESCULPE O TRANSTORNO;2015;;Renúncia — Art.3/3-A/39;0.0;4603755.7;850000.0;0.0;8619900.85;8619900.85;2155128.6;3038578.48;140000;221276.16;3038578.48;0.0;0.3525;0.0;0.0;0;0;0;0;;;;;0.0;;0;;;;;;;;01.378.559/0001-12;;;;;;;;;;5453755.7;;0.4208
B1500657300000;DESTINO SALVADOR;2015;;Renúncia — Art.3/3-A/39;0.0;5503653.05;0.0;0.0;8698765.81;8698765.81;0.0;0.0;60000;94832.64;0.0;0.0;0.0;0.0;0.0;0;0;0;0;;;;;0.0;;0;;0.0;;;;;;02.525.725/0001-29;;;;;;;;;;5503653.05;;0.0109
B1500877500000;DEU MATCH!;2015;;Renúncia — Art.3/3-A/39;0.0;828312.98;0.0;0.0;1309185.11;1309185.11;0.0;0.0;60000;94832.64;0.0;0.0;0.0;0.0;0.0;0;0;0;0;;;;;4.28;adoro_critico;1;alta;;;;;;;06.900.652/0001-69;;;;;;;;;;828312.98;;0.0724
B1500637800000;DISTRITO CULTURAL;2015;;Renúncia — Art.3/3-A/39;0.0;501600.0;0.0;0.0;792800.87;792800.87;0.0;0.0;80000;126443.52;0.0;0.0;0.0;0.0;0.0;0;0;0;0;;;;;0.0;;0;;0.0;;;;;;03.218.295/0001-65;;;;;;;;;;501600.0;;0.1595
B1500777200000;DO MEU JEITO;2015;;Renúncia — Outros Mecanismos;0.0;204976.75;0.0;0.0;323974.77;323974.77;0.0;0.0;60000;94832.64;0.0;0.0;0.0;0.0;0.0;0;0;0;0;;;;;3.075;adoro_critico|adoro_usuario;2;media;;;;;;;09.494.764/0001-55;;;;;;;;;;204976.75;;0.2927
B1600012800000;DO PÓ DA TERRA;2015;;Renúncia — Art.3/3-A/39;0.0;0.0;0.0;0.0;0.0;0.0;19133.7;26977.16;140000;221276.16;26977.16;0.0;;0.0;0.0;0;0;0;0;;;;;0.0;;0;;;;;;;;64.049.562/0001-02;;;;;;;;;;0.0;;
B1500740900000;DOCUMENTÁRIO SAMBA & JAZZ: RIO DE JANEIRO - NEW ORLEANS;2015;;Renúncia — Outros Mecanismos;0.0;0.0;250000.0;0.0;395136.0;395136.0;25989.54;37632.84;340000;537384.96;37632.84;0.0;0.0952;0.0;0.0;0;0;0;0;;;;;4.252;adoro_critico|adoro_usuario;2;alta;;;;;;;06.935.870/0001-39;;;;;;;;;;250000.0;;1.464
B1600445900000;DRAMA DA PAIXÃO - UM DOCUMENTÁRIO;2015;;Renúncia — Outros Mecanismos;0.0;0.0;55280.0;0.0;87372.47;87372.47;0.0;0.0;140000;221276.16;0.0;0.0;0.0;0.0;0.0;0;0;0;0;;;;;4.1;adoro_usuario;1;baixa;;;;;;;12.855.567/0001-29;;;;;;;;;;55280.0;;2.5326
B1500903800000;ECONOMIA BRASILEIRA - A HISTÓRIA CONTADA POR QUEM A FEZ.;2015;;Renúncia — Outros Mecanismos;0.0;0.0;1340000.0;0.0;2117928.96;2117928.96;0.0;0.0;80000;126443.52;0.0;0.0;0.0;0.0;0.0;0;0;0;0;;;;;3.767;adoro_critico;1;alta;;;;;;;97.533.170/0001-73;;;;;;;;;;1340000.0;;0.0597
B1500558500000;ENTRANDO NUMA ROUBADA;2015;;Renúncia — Art.3/3-A/39;0.0;300000.0;0.0;0.0;474163.2;474163.2;1825775.73;2670818.36;125000;197568.0;2670818.36;0.0;5.6327;0.0;0.0;0;0;0;0;;;;;4.138;adoro_critico|adoro_usuario;2;media;0.0;;;;;;05.256.465/0001-21;;;;;;;;;;300000.0;;6.5026
B1500183700000;ENTRE ABELHAS;2015;;Renúncia — Art.3/3-A/39;0.0;1900000.0;1020000.0;0.0;4615188.48;4615188.48;6035658.75;8829205.0;145000;229178.88;8829205.0;0.0;1.9131;0.0;0.0;0;0;0;0;;;;;0.0;;0;;;;;;;;06.998.046/0001-28;;;;;;;;;;2920000.0;;2.1167
B1600492200000;ENTRE NÓS, O ESTRANHO;2015;;Renúncia — Outros Mecanismos;0.0;0.0;142800.0;0.0;225701.68;225701.68;0.0;0.0;80000;126443.52;0.0;0.0;0.0;0.0;0.0;0;0;0;0;;;;;3.6;adoro_usuario;1;baixa;0.0;;;;;;04.937.797/0001-09;;;;;;;;;;142800.0;;0.5602
B1600326200000;ESTA NOITE ENCARNAREI NO TEU CORPINHO - PILOTO;2015;;sem_categoria;0.0;0.0;0.0;0.0;0.0;0.0;0.0;0.0;0;0.0;0.0;0.0;;0.0;0.0;0;0;0;0;;;;;4.3;adoro_usuario;1;baixa;;;;;;;15.096.101/0001-85;;;;;;;;;;0.0;;
B1500865900000;ESTIVE EM LISBOA E LEMBREI DE VOCÊ;2015;;Renúncia — Outros Mecanismos;0.0;0.0;600000.0;0.0;948326.4;948326.4;50619.0;71369.2;60000;94832.64;71369.2;0.0;0.0753;10.88;0.0;694;1;1;0;;;;;3.683;adoro_critico|adoro_usuario;2;media;;;;;;;05.436.489/0001-62;;;;;;;;;;600000.0;;0.1844
B1700544600000;ESTRADA DE SONHOS;2015;;Renúncia — Outros Mecanismos;0.0;0.0;555566.78;0.0;878097.74;878097.74;4993.28;6600.16;65000;102735.36;6600.16;0.0;0.0075;0.0;0.0;0;0;0;0;;;;;3.32;adoro_critico;1;alta;;;;;;;09.324.313/0001-70;;;;;;;;;;555566.78;;0.126
B1500785100000;ESTÚDIO 360;2015;;Renúncia — Art.3/3-A/39;0.0;1500000.0;0.0;0.0;2370816.0;2370816.0;0.0;0.0;60000;94832.64;0.0;0.0;0.0;0.0;0.0;0;0;0;0;;;;;3.8;adoro_usuario;1;baixa;0.0;;;;;;08.440.376/0001-29;;;;;;;;;;1500000.0;;0.04
B1600472500000;EU TE LEVO;2015;;Renúncia — Art.3/3-A/39;0.0;0.0;0.0;0.0;0.0;0.0;7080.0;9383.36;200000;316108.8;9383.36;0.0;;0.0;0.0;0;0;0;0;;;;;3.358;adoro_critico|adoro_usuario;2;media;;;;;;;03.435.290/0001-94;;;;;;;;;;0.0;;
B1500576000000;FÁBULAS DE BULCCAN EPISÓDIO PILOTO;2015;;sem_categoria;0.0;0.0;0.0;0.0;0.0;0.0;0.0;0.0;340000;537384.96;0.0;0.0;;0.0;0.0;0;0;0;0;;;;;0.0;;0;;0.0;;;;;;00.830.735/0001-42;;;;;;;;;;0.0;;
B1500572600000;GABY ESTRELLA - 3A TEMPORADA;2015;;Renúncia — Art.3/3-A/39;0.0;0.0;0.0;0.0;0.0;0.0;0.0;0.0;360000;568995.84;0.0;0.0;;0.0;0.0;0;0;0;0;;;;;0.0;;0;;0.0;;;;;;05.565.485/0001-84;;;;;;;;;;0.0;;
B1600249600000;GARAGEM HOT ROD;2015;;Renúncia — Art.3/3-A/39;0.0;2741515.7;0.0;0.0;4333086.19;4333086.19;0.0;0.0;60000;94832.64;0.0;0.0;0.0;0.0;0.0;0;0;0;0;;;;;0.0;;0;;7.0;0.0;0.0;LÍBERO. ISSN impresso: 1517-3283 / ISSN online: 2525-3166 | Palgrave studies in adaptation and visual culture | Scientific Repository of Open Access of Portugal (RCAAP);;;02.947.857/0001-49;;;;;;;;;;2741515.7;;0.0219
B1600327100000;GIGANTES DO BRASIL;2015;;Renúncia — Art.3/3-A/39;0.0;2000000.0;945752.0;0.0;4655890.65;4655890.65;0.0;0.0;60000;94832.64;0.0;0.0;0.0;0.0;0.0;0;0;0;0;;;;;3.733;adoro_critico;1;alta;;;;;;;16.729.130/0001-08;;;;;;;;;;2945752.0;;0.0204
B1600116800000;GLAUCO DO BRASIL;2015;;Renúncia — Outros Mecanismos;0.0;0.0;200000.0;0.0;316108.8;316108.8;3285.3;4632.04;60000;94832.64;4632.04;0.0;0.0147;0.0;0.0;0;0;0;0;;;;;4.343;adoro_critico|adoro_usuario;2;media;;;;;;;10.780.165/0001-87;;;;;;;;;;200000.0;;0.3164
B1600069800000;GLITTER MODEL;2015;;Renúncia — Art.3/3-A/39;0.0;2533156.99;0.0;0.0;4003766.08;4003766.08;0.0;0.0;140000;221276.16;0.0;0.0;0.0;0.0;0.0;0;0;0;0;;;;;0.0;;0;;0.0;;;;;;03.876.997/0001-36;;;;;;;;;;2533156.99;;0.0553
B1500253700000;GRU-PDX;2015;;Renúncia — Art.3/3-A/39;0.0;0.0;0.0;0.0;0.0;0.0;0.0;0.0;60000;94832.64;0.0;0.0;;0.0;0.0;0;0;0;0;;;;;0.0;;0;;0.0;;;;;;12.521.386/0001-66;;;;;;;;;;0.0;;
B1500283900000;HENRY KAYATH: O HOMEM E SEU TEMPO;2015;;Renúncia — Art.3/3-A/39;0.0;0.0;353400.0;0.0;558564.25;558564.25;253.8;357.84;0;0.0;357.84;0.0;0.0006;0.0;0.0;0;0;0;0;;;;;3.648;adoro_critico|adoro_usuario;2;alta;;;;;;;60.636.537/0001-74;;;;;;;;;;353400.0;;0.0007
B1500275500000;HISTORIETAS ASSOMBRADAS - 2ª TEMPORADA;2015;;sem_categoria;0.0;0.0;360025.0;0.0;569035.35;569035.35;0.0;0.0;140000;221276.16;0.0;0.0;0.0;0.0;0.0;0;0;0;0;;;;;0.0;;0;;;;;;;;02.140.164/0001-40;;;;;;;;;;360025.0;;0.3889
B1500286600000;HOMEM AO MAR - A CULTURA AÇORIANA NO IMAGINÁRIO BRASILEIRO;2015;;Renúncia — Outros Mecanismos;0.0;0.0;281298.71;0.0;444604.99;444604.99;0.0;0.0;0;0.0;0.0;0.0;0.0;0.0;0.0;0;0;0;0;;;;;4.3;adoro_usuario;1;baixa;;;;;;;59.075.184/0001-00;;;;;;;;;;281298.71;;0.0
B1500498600000;IDENTIDADE COTIDIANA;2015;;Renúncia — Art.3/3-A/39;0.0;0.0;0.0;0.0;0.0;0.0;0.0;0.0;60000;94832.64;0.0;0.0;;0.0;0.0;0;0;0;0;;;;;4.068;adoro_critico|adoro_usuario;2;alta;1.0;0.0;0.0;Significação Revista de Cultura Audiovisual;;;07.669.418/0001-35;;;;;;;;;;0.0;;
B1700149000000;INCERTEZAS CRÍTICAS - 2ª TEMPORADA;2015;;Renúncia — Art.3/3-A/39;0.0;0.0;0.0;0.0;0.0;0.0;0.0;0.0;60000;94832.64;0.0;0.0;;0.0;0.0;0;0;0;0;;;;;0.0;;0;;8.0;0.0;0.0;Digital Library of Theses and Dissertations  (Universidade de São Paulo) | Aniki Revista Portuguesa da Imagem em Movimento | LA Referencia (Red Federada de Repositorios Institucionales de Publicaciones Científicas);;;64.044.886/0001-58;;;;;;;;;;0.0;;
B1600348400000;INSPIRA.MOV BRASIL;2015;;Renúncia — Outros Mecanismos;0.0;0.0;700000.0;0.0;1106380.8;1106380.8;0.0;0.0;140000;221276.16;0.0;0.0;0.0;0.0;0.0;0;0;0;0;;;;;0.0;;0;;;;;;;;64.044.886/0001-58;;;;;;;;;;700000.0;;0.2
B1500643000000;INTRODUÇÃO À MÚSICA DO SANGUE;2015;;Renúncia — Outros Mecanismos;0.0;0.0;400000.0;0.0;632217.6;632217.6;8235.0;10914.12;340000;537384.96;10914.12;0.0;0.0173;0.0;0.0;0;0;0;0;;;;;4.05;adoro_critico|adoro_usuario;2;alta;;;;;;;03.191.048/0001-12;;;;;;;;;;400000.0;;0.8706
B1500575600000;JIA ZHANG-KE, UM HOMEM DE FENYANG;2015;;Renúncia — Outros Mecanismos;0.0;0.0;669202.7;0.0;1057704.31;1057704.31;88043.78;128563.96;125000;197568.0;128563.96;0.0;0.1216;0.0;0.0;0;0;0;0;;;;;4.1;adoro_usuario;1;baixa;;;;;;;31.179.864/0001-46;;;;;;;;;;669202.7;;0.3184
B1500616000000;JOÃO E VANDINHA;2015;;Renúncia — Art.3/3-A/39;0.0;0.0;0.0;0.0;0.0;0.0;0.0;0.0;0;0.0;0.0;0.0;;0.0;0.0;0;0;0;0;;;;;4.0;adoro_usuario;1;baixa;;;;;;;09.355.997/0001-77;;;;;;;;;;0.0;;
B1600057400000;LABORATÓRIO DA LUTA;2015;;Renúncia — Art.3/3-A/39;0.0;2317015.8;0.0;0.0;3662145.42;3662145.42;0.0;0.0;120000;189665.28;0.0;0.0;0.0;0.0;0.0;0;0;0;0;;;;;4.45;adoro_critico|adoro_usuario;2;media;0.0;;;;;;02.947.857/0001-49;;;;;;;;;;2317015.8;;0.0518
B1600294500000;MAIS FORTE QUE O MUNDO - A HISTÓRIA DE JOSÉ ALDO;2015;;Renúncia — Art.3/3-A/39;0.0;3000000.0;300000.0;0.0;5215795.2;5215795.2;8052044.7;11352811.96;205000;324011.52;11352811.96;0.0;2.1766;0.0;0.0;0;0;0;0;;;;;4.0;adoro_usuario;1;baixa;2.0;0.0;0.0;Portuguese National Funding Agency for Science, Research and Technology (RCAAP Project by FCT) | Faces de Clio;;;01.478.079/0001-23;;;;;;;;;;3300000.0;;2.5021
B1500240200000;MONSTROS DO RINGUE;2015;;Renúncia — Outros Mecanismos;0.0;0.0;100000.0;0.0;158054.4;158054.4;0.0;0.0;120000;189665.28;0.0;0.0;0.0;0.0;0.0;0;0;0;0;;;;;0.0;;0;;;;;;;;02.028.727/0001-02;;;;;;;;;;100000.0;;1.2
B1500661200000;MUNDO CÃO;2015;;Renúncia — Art.3/3-A/39;0.0;2928560.57;1065000.0;0.0;6311998.2;6311998.2;276698.4;390125.12;65000;102735.36;390125.12;0.0;0.0618;0.0;0.0;0;0;0;0;;;;;3.5;adoro_usuario;1;baixa;;;;;;;03.675.713/0001-43;;;;;;;;;;3993560.57;;0.0856
B1500742600000;NASCIDOS PARA O COMBATE;2015;;Renúncia — Art.3/3-A/39;0.0;1500000.0;0.0;0.0;2370816.0;2370816.0;0.0;0.0;120000;189665.28;0.0;0.0;0.0;0.0;0.0;0;0;0;0;;;;;0.0;;0;;;;;;;;06.998.046/0001-28;;;;;;;;;;1500000.0;;0.08
B1500543700000;NINGUÉM AMA NINGUÉM...POR MAIS DE DOIS ANOS;2015;;Renúncia — Outros Mecanismos;0.0;0.0;388000.0;0.0;613251.07;613251.07;159432.0;233093.0;120000;189665.28;233093.0;0.0;0.3801;0.0;0.0;0;0;0;0;;;;;3.775;adoro_critico;1;alta;0.0;;;;;;00.445.787/0001-03;;;;;;;;;;388000.0;;0.7202
B1600047300000;NÃO ESTÁVAMOS ALI PARA FAZER AMIGOS;2015;;Renúncia — Outros Mecanismos;0.0;0.0;280000.0;0.0;442552.32;442552.32;0.0;0.0;360000;568995.84;0.0;0.0;0.0;0.0;0.0;0;0;0;0;;;;;3.848;adoro_critico|adoro_usuario;2;alta;;;;;;;74.425.067/0001-04;;;;;;;;;;280000.0;;1.2857
B1500837400000;O OUTRO LADO DO PARAÍSO;2015;;Renúncia — Art.3/3-A/39;0.0;60000.0;2110000.0;0.0;3429780.48;3429780.48;102436.5;144428.2;420000;663828.48;144428.2;0.0;0.0421;5.5;27.5;0;0;0;0;;;;;3.3;adoro_usuario;1;baixa;0.0;;;;;;03.093.490/0001-06;;;;;;;;;;2170000.0;;0.2408
B1600408200000;O ROUBO DA TAÇA;2015;;Renúncia — Outros Mecanismos;0.0;0.0;2300100.0;0.0;3635409.25;3635409.25;437156.4;616359.52;125000;197568.0;616359.52;0.0;0.1695;1.2;6.0;0;0;0;0;;;;;0.0;;0;;0.0;;;;;;00.020.648/0001-20;;;;;;;;;;2300100.0;;0.2444
B1600059500000;OLHAR DE NISE;2015;;Renúncia — Outros Mecanismos;0.0;0.0;628700.0;0.0;993688.01;993688.01;0.0;0.0;120000;189665.28;0.0;0.0;0.0;0.0;0.0;0;0;0;0;;;;;0.0;;0;;;;;;;;38.027.546/0001-09;;;;;;;;;;628700.0;;0.1909
B1600315200000;OLIMPÍADAS DOSE DUPLA;2015;;Renúncia — Art.3/3-A/39;0.0;340887.46;0.0;0.0;538787.63;538787.63;0.0;0.0;60000;94832.64;0.0;0.0;0.0;0.0;0.0;0;0;0;0;;;;;0.0;;0;;;;;;;;03.257.178/0001-00;;;;;;;;;;340887.46;;0.176
B1500448600000;ORESTES;2015;;Renúncia — Art.3/3-A/39;0.0;0.0;1166764.4;0.0;1844122.47;1844122.47;38671.56;56518.84;140000;221276.16;56518.84;0.0;0.0306;0.0;0.0;0;0;0;0;;;;;0.0;;0;;;;;;;;05.780.593/0001-70;;;;;;;;;;1166764.4;;0.1531
B1500584900000;OS UNDER UNDERGROUNDS - EPISÓDIO PILOTO;2015;;Renúncia — Art.3/3-A/39;0.0;0.0;0.0;0.0;0.0;0.0;0.0;0.0;0;0.0;0.0;0.0;;0.0;0.0;0;0;0;0;;;;;0.0;;0;;;;;;;;09.028.371/0001-56;;;;;;;;;;0.0;;
B1500837300000;PAIXÃO, SUOR E GRAXA - OS PIONEIROS DO AUTOMOBILISMO BRASILEIRO;2015;;Renúncia — Art.3/3-A/39;0.0;73000.0;37000.0;0.0;173859.84;173859.84;0.0;0.0;60000;94832.64;0.0;0.0;0.0;0.0;0.0;0;0;0;0;;;;;0.0;;0;;0.0;;;;;;11.280.934/0001-40;;;;;;;;;;110000.0;;0.5455
B1600602000000;PALMEIRAS, O CAMPEÃO DO SÉCULO;2015;;Renúncia — Outros Mecanismos;0.0;0.0;910000.0;0.0;1438295.04;1438295.04;83204.1;117311.88;0;0.0;117311.88;0.0;0.0816;0.0;0.0;0;0;0;0;;;;;4.287;adoro_critico|adoro_usuario;2;alta;;;;;;;04.350.398/0001-47;;;;;;;;;;910000.0;;0.0914
B1600294100000;PAULINA;2015;;Renúncia — Art.3/3-A/39;0.0;0.0;0.0;0.0;0.0;0.0;216984.9;305933.32;280000;442552.32;305933.32;0.0;;0.0;0.0;0;0;0;0;;;;;0.0;;0;;;;;;;;31.179.864/0001-46;;;;;;;;;;0.0;;
B1500592000000;PAYSANDÚ 100 ANOS DE PAYXÃO;2015;;Renúncia — Outros Mecanismos;0.0;0.0;700000.0;0.0;1106380.8;1106380.8;162441.27;237625.64;125000;197568.0;237625.64;0.0;0.2148;0.0;0.0;0;0;0;0;;;;;0.0;;0;;3.0;0.0;0.0;Brasiliana- Journal for Brazilian Studies | Convergências estudos em Humanidades Digitais;;;05.256.465/0001-21;;;;;;;;;;700000.0;;0.4106
B1500585200000;PENAS;2015;;Renúncia — Outros Mecanismos;0.0;0.0;64714.99;0.0;102284.89;102284.89;0.0;0.0;0;0.0;0.0;0.0;0.0;0.0;0.0;0;0;0;0;;;;;0.0;;0;;;;;;;;09.218.906/0001-51;;;;;;;;;;64714.99;;0.0
B1500689300000;PIADEIROS;2015;;Renúncia — Outros Mecanismos;0.0;0.0;649447.99;0.0;1026481.12;1026481.12;9757.47;14234.08;60000;94832.64;14234.08;0.0;0.0139;0.0;0.0;0;0;0;0;;;;;0.0;;0;;;;;;;;04.650.621/0001-71;;;;;;;;;;649447.99;;0.1074
B1500707100000;PIRACAIA;2015;;Renúncia — Art.3/3-A/39;0.0;0.0;0.0;0.0;0.0;0.0;0.0;0.0;0;0.0;0.0;0.0;;0.0;0.0;0;0;0;0;;;;;0.0;;0;;;;;;;;09.274.726/0001-97;;;;;;;;;;0.0;;
B1600368700000;PORTA DOS FUNDOS - CONTRATO VITALÍCIO;2015;;Renúncia — Art.3/3-A/39;0.0;1799999.99;1750000.0;0.0;5610931.18;5610931.18;6469432.5;9121441.0;125000;197568.0;9121441.0;0.0;1.6257;0.0;0.0;0;0;0;0;;;;;1.3;adoro_usuario;1;baixa;;;;;;;17.227.558/0001-07;;;;;;;;;;3549999.99;;1.8576
B1600745100000;PRIMEIRO BAILARINO;2015;;Renúncia — Art.3/3-A/39;0.0;798000.0;0.0;0.0;1261274.11;1261274.11;0.0;0.0;60000;94832.64;0.0;0.0;0.0;0.0;0.0;0;0;0;0;;;;;0.0;;0;;5.0;0.0;0.0;Revista de Ensino em Artes Moda e Design | Lume (Universidade Federal do Rio Grande do Sul) | Comunicação & Inovação;;;06.967.225/0001-06;;;;;;;;;;798000.0;;0.0752
B1500903400000;PUNHAL;2015;;Renúncia — Outros Mecanismos;0.0;0.0;306500.0;0.0;484436.74;484436.74;0.0;0.0;120000;189665.28;0.0;0.0;0.0;0.0;0.0;0;0;0;0;;;;;0.0;;0;;;;;;;;11.136.684/0001-70;;;;;;;;;;306500.0;;0.3915
B1500562100000;QUANTO TEMPO O TEMPO TEM;2015;;Renúncia — Art.3/3-A/39;0.0;43625.59;0.0;0.0;68952.16;68952.16;84050.1;118504.68;60000;94832.64;118504.68;0.0;1.7187;0.0;0.0;0;0;0;0;;;;;3.648;adoro_critico|adoro_usuario;2;alta;0.0;;;;;;04.303.816/0001-45;;;;;;;;;;43625.59;;3.302
B1500275600000;QUINZE - A FESTA DOS SONHOS;2015;;Renúncia — Art.3/3-A/39;0.0;449547.0;0.0;0.0;710528.81;710528.81;0.0;0.0;60000;94832.64;0.0;0.0;0.0;0.0;0.0;0;0;0;0;;;;;3.32;adoro_critico;1;alta;;;;;;;06.023.805/0001-37;;;;;;;;;;449547.0;;0.1335
B1600017500000;RALÉ;2015;;Renúncia — Outros Mecanismos;0.0;0.0;185000.0;0.0;292400.64;292400.64;30667.5;43239.0;120000;189665.28;43239.0;0.0;0.1479;2.3;11.5;0;0;0;0;;;;;0.0;;0;;;;;;;;04.760.800/0001-61;;;;;;;;;;185000.0;;0.8144
B1800002400000;RAONI;2015;;Renúncia — Art.3/3-A/39;0.0;209500.0;0.0;0.0;331123.97;331123.97;0.0;0.0;280000;442552.32;0.0;0.0;0.0;0.0;0.0;0;0;0;0;;;;;0.0;;0;;;;;;;;13.864.163/0001-64;;;;;;;;;;209500.0;;1.3365
B1500339000000;REPÚBLICA DO STAND UP 2015;2015;;Renúncia — Art.3/3-A/39;0.0;633175.0;0.0;0.0;1000760.95;1000760.95;0.0;0.0;60000;94832.64;0.0;0.0;0.0;0.0;0.0;0;0;0;0;;;;;0.0;;0;;;;;;;;08.708.048/0001-60;;;;;;;;;;633175.0;;0.0948
B1600131300000;SANGUE NOS OLHOS;2015;;Renúncia — Art.3/3-A/39;0.0;1073371.29;0.0;0.0;1696510.55;1696510.55;0.0;0.0;60000;94832.64;0.0;0.0;0.0;0.0;0.0;0;0;0;0;;;;;3.6;adoro_usuario;1;baixa;;;;;;;03.360.320/0001-40;;;;;;;;;;1073371.29;;0.0559
B1500743200000;SAÚDE À VONTADE;2015;;Renúncia — Outros Mecanismos;0.0;0.0;1746280.0;0.0;2760072.38;2760072.38;0.0;0.0;200000;316108.8;0.0;0.0;0.0;0.0;0.0;0;0;0;0;;;;;0.0;;0;;;;;;;;05.565.485/0001-84;;;;;;;;;;1746280.0;;0.1145
B1500765400000;SAÚDE À VONTADE - VERSÃO REDUZIDA;2015;;Renúncia — Art.3/3-A/39;0.0;0.0;0.0;0.0;0.0;0.0;0.0;0.0;80000;126443.52;0.0;0.0;;0.0;0.0;0;0;0;0;;;;;0.0;;0;;;;;;;;05.565.485/0001-84;;;;;;;;;;0.0;;
B1500251700000;SECA;2015;;Renúncia — Art.3/3-A/39;0.0;0.0;600000.0;0.0;948326.4;948326.4;0.0;0.0;280000;442552.32;0.0;0.0;0.0;0.0;0.0;0;0;0;0;;;;;0.0;;0;;;;;;;;08.184.185/0001-43;;;;;;;;;;600000.0;;0.4667
B1500264500000;SITIO DO PICAPAU AMARELO - TERCEIRA TEMPORADA;2015;;Renúncia — Art.3/3-A/39;0.0;3000000.0;2000000.0;0.0;7902720.0;7902720.0;0.0;0.0;140000;221276.16;0.0;0.0;0.0;0.0;0.0;0;0;0;0;;;;;0.0;;0;;;;;;;;06.998.046/0001-28;;;;;;;;;;5000000.0;;0.028
B1600685000000;SOB PRESSÃO;2015;;Renúncia — Art.3/3-A/39;0.0;3000000.0;0.0;0.0;4741632.0;4741632.0;554496.6;781800.88;200000;316108.8;781800.88;0.0;0.1649;0.0;0.0;0;0;0;0;;;;;4.2;adoro_usuario;1;baixa;1.0;1.0;1.0;;;;09.180.984/0001-04;;;;;;;;;;3000000.0;;0.2515
B1600326400000;SOUND-À-PORTER;2015;;Renúncia — Art.3/3-A/39;0.0;543285.52;0.0;0.0;858686.67;858686.67;0.0;0.0;60000;94832.64;0.0;0.0;0.0;0.0;0.0;0;0;0;0;;;;;0.0;;0;;;;;;;;04.853.740/0001-21;;;;;;;;;;543285.52;;0.1104
B1500542600000;SUBSOLOS;2015;;Renúncia — Art.3/3-A/39;0.0;0.0;0.0;0.0;0.0;0.0;0.0;0.0;0;0.0;0.0;0.0;;0.0;0.0;0;0;0;0;;;;;0.0;;0;;;;;;;;21.521.036/0001-90;;;;;;;;;;0.0;;
B1600536100000;SURF NO ALEMÃO;2015;;Renúncia — Art.3/3-A/39;0.0;371526.0;0.0;0.0;587213.19;587213.19;0.0;0.0;60000;94832.64;0.0;0.0;0.0;0.0;0.0;0;0;0;0;;;;;3.5;adoro_usuario;1;baixa;1.0;0.0;0.0;Cadernos Pagu;;;10.701.739/0001-84;;;;;;;;;;371526.0;;0.1615
B1600006200000;TALENTOS A MAIS;2015;;Renúncia — Art.3/3-A/39;0.0;465111.73;0.0;0.0;735129.55;735129.55;0.0;0.0;60000;94832.64;0.0;0.0;0.0;0.0;0.0;0;0;0;0;;;;;4.2;adoro_usuario;1;baixa;;;;;;;07.728.008/0001-18;;;;;;;;;;465111.73;;0.129
B1500654700000;TODAS AS MANHÃS DO MUNDO;2015;;Renúncia — Art.3/3-A/39;0.0;1750000.0;0.0;0.0;2765952.0;2765952.0;173625.0;230111.0;60000;94832.64;230111.0;0.0;0.0832;0.0;0.0;0;0;0;0;;;;;3.927;adoro_critico|adoro_usuario;2;media;;;;;;;04.350.398/0001-47;;;;;;;;;;1750000.0;;0.1335
B1500726100000;TOP 5 RICHARD RASMUSSEN - 2ª TEMPORADA;2015;;Renúncia — Art.3/3-A/39;0.0;936488.62;0.0;0.0;1480161.47;1480161.47;0.0;0.0;60000;94832.64;0.0;0.0;0.0;0.0;0.0;0;0;0;0;;;;;0.0;;0;;;;;;;;13.404.221/0001-77;;;;;;;;;;936488.62;;0.0641
B1600582300000;TORDESILHAS -1A TEMPORADA;2015;;sem_categoria;0.0;0.0;0.0;0.0;0.0;0.0;0.0;0.0;80000;126443.52;0.0;0.0;;0.0;0.0;0;0;0;0;;;;;0.0;;0;;0.0;;;;;;08.517.383/0001-81;;;;;;;;;;0.0;;
B1600068000000;TRAVESSIA;2015;;Renúncia — Outros Mecanismos;0.0;0.0;1200000.0;0.0;1896652.8;1896652.8;70125.0;92939.0;60000;94832.64;92939.0;0.0;0.049;0.0;0.0;0;0;0;0;;;;;3.9;adoro_usuario;1;baixa;;;;;;;07.632.461/0001-26;;;;;;;;;;1200000.0;;0.1084
B1500754900000;TRAVESSIAS;2015;;Renúncia — Outros Mecanismos;0.0;0.0;525191.56;0.0;830088.37;830088.37;220326.6;310644.88;140000;221276.16;310644.88;0.0;0.3742;0.0;0.0;0;0;0;0;;;;;0.0;;0;;;;;;;;00.487.854/0001-44;;;;;;;;;;525191.56;;0.6861
B1500577500000;TURMA DA HARMONIA - EPISÓDIO PILOTO;2015;;sem_categoria;0.0;0.0;0.0;0.0;0.0;0.0;0.0;0.0;0;0.0;0.0;0.0;;0.0;0.0;0;0;0;0;;;;;0.0;;0;;0.0;;;;;;00.830.735/0001-42;;;;;;;;;;0.0;;
B1600203900000;UM CONTRA TODOS;2015;;Renúncia — Art.3/3-A/39;0.0;500000.0;0.0;0.0;790272.0;790272.0;0.0;0.0;140000;221276.16;0.0;0.0;0.0;0.0;0.0;0;0;0;0;;;;;3.5;adoro_usuario;1;baixa;0.0;;;;;;09.112.697/0001-67;;;;;;;;;;500000.0;;0.28
B1600011000000;UM SUBURBANO SORTUDO;2015;;Renúncia — Art.3/3-A/39;0.0;3000000.0;2520000.0;0.0;8724602.88;8724602.88;15295750.5;21565923.4;205000;324011.52;21565923.4;0.0;2.4719;0.0;0.0;0;0;0;0;;;;;2.6;adoro_usuario;1;baixa;;;;;;;03.987.306/0002-52;;;;;;;;;;5520000.0;;2.8081
B1600305700000;UMA LOUCURA DE MULHER;2015;;Renúncia — Art.3/3-A/39;0.0;550000.0;1082953.98;0.0;2580955.62;2580955.62;1475804.7;2080779.96;365000;576898.56;2080779.96;0.0;0.8062;0.0;0.0;0;0;0;0;;;;;2.9;adoro_usuario;1;baixa;;;;;;;04.854.820/0001-00;;;;;;;;;;1632953.98;;1.1273
B1600067600000;UMA NOITE EM SAMPA;2015;;Renúncia — Outros Mecanismos;0.0;0.0;850000.0;0.0;1343462.4;1343462.4;45698.1;64431.08;60000;94832.64;64431.08;0.0;0.048;0.0;0.0;0;0;0;0;;;;;3.4;adoro_usuario;1;baixa;;;;;;;59.190.843/0001-40;;;;;;;;;;850000.0;;0.1244
B1500654500000;VAI QUE COLA - O FILME;2015;;Renúncia — Art.3/3-A/39;0.0;3000000.0;3480500.0;0.0;10242715.39;10242715.39;45808329.42;67010271.44;205000;324011.52;67010271.44;0.0;6.5422;0.0;0.0;0;0;0;0;;;;;3.3;adoro_usuario;1;baixa;1.0;0.0;0.0;Revista Brasileira de História & Ciências Sociais;;;09.180.984/0001-04;;;;;;;;;;6480500.0;;7.1003
B1500450200000;VILANOVA ARTIGAS: O ARQUITETO E A LUZ;2015;;Renúncia — Outros Mecanismos;0.0;0.0;900000.0;0.0;1422489.6;1422489.6;0.0;0.0;140000;221276.16;0.0;0.0;0.0;0.0;0.0;0;0;0;0;;;;;3.4;adoro_usuario;1;baixa;;;;;;;09.019.897/0001-70;;;;;;;;;;900000.0;;0.1556
B1600725300000;VINTE ANOS;2015;;Renúncia — Art.3/3-A/39;0.0;0.0;504607.57;0.0;797554.47;797554.47;18905.28;24989.16;280000;442552.32;24989.16;0.0;0.0313;0.0;0.0;0;0;0;0;;;;;0.0;;0;;4.0;0.0;0.0;Profanações | Significação Revista de Cultura Audiovisual;;;33.451.113/0001-62;;;;;;;;;;504607.57;;0.5924
B1500653700000;VIVER PARA LUTAR - JIU JITSU E VIVER PARA LUTAR - BOXE;2015;;Renúncia — Art.3/3-A/39;0.0;579708.0;0.0;0.0;916254.0;916254.0;0.0;0.0;120000;189665.28;0.0;0.0;0.0;0.0;0.0;0;0;0;0;;;;;4.084;adoro_critico|adoro_usuario;2;alta;0.0;;;;;;06.998.046/0001-28;;;;;;;;;;579708.0;;0.207
B1500797500000;ZÉ DO CAIXÃO;2015;;Renúncia — Art.3/3-A/39;0.0;2173333.0;0.0;0.0;3435048.43;3435048.43;0.0;0.0;60000;94832.64;0.0;0.0;0.0;0.0;0.0;0;0;0;0;;;;;3.975;adoro_critico;1;alta;;;;;;;08.371.400/0001-15;;;;;;;;;;2173333.0;;0.0276
B1500489100000;ÁGUIAS DA CIDADE - TERCEIRA TEMPORADA;2015;;Renúncia — Art.3/3-A/39;0.0;2624316.38;0.0;0.0;4147847.51;4147847.51;0.0;0.0;140000;221276.16;0.0;0.0;0.0;0.0;0.0;0;0;0;0;;;;;4.3;adoro_critico|adoro_usuario;2;media;;;;;;;02.947.857/0001-49;;;;;;;;;;2624316.38;;0.0533
B1600532800000;É FADA!;2015;;Renúncia — Art.3/3-A/39;0.0;3000000.0;0.0;0.0;4741632.0;4741632.0;24620158.8;34712627.04;145000;229178.88;34712627.04;0.0;7.3208;0.0;0.0;0;0;0;0;;;;;2.1;adoro_usuario;1;baixa;0.0;;;;;;02.605.295/0001-55;;;;;;;;;;3000000.0;;8.2551
B1500585700000;ÍDOLO;2015;;Renúncia — Art.3/3-A/39;0.0;100000.0;646000.0;0.0;1179085.82;1179085.82;0.0;0.0;205000;324011.52;0.0;0.0;0.0;8.7;0.0;608;0;0;0;;;;;0.0;;0;;;;;;;;11.290.121/0001-31;;;;;;;;;;746000.0;;0.2748
B1500218600000;ÚLTIMAS CONVERSAS;2015;;Renúncia — Art.3/3-A/39;0.0;0.0;0.0;0.0;0.0;0.0;125408.52;183452.64;125000;197568.0;183452.64;0.0;;0.0;0.0;0;0;0;0;;;;;0.0;;0;;30.0;76.0;10.0;Film Quarterly | LA Referencia (Red Federada de Repositorios Institucionales de Publicaciones Científicas) | Galáxia (São Paulo);;;31.179.864/0001-46;;;;;;;;;;0.0;;
B1600534500000;#MECHAMADEBRUNA;2016;;Renúncia — Art.3/3-A/39;0.0;5084998.03;0.0;0.0;7561448.01;7561448.01;0.0;0.0;60000;89220.66;0.0;0.0;0.0;0.0;0.0;0;0;0;0;;;;;0.0;;0;;;;;;;;03.360.320/0001-40;;;;;;;;;;5084998.03;;0.0118
B1600603300000;1976 - O ANO DA INVASÃO CORINTHIANA;2016;;Renúncia — Art.3/3-A/39;0.0;319160.46;530000.0;0.0;1262710.94;1262710.94;83725.8;118047.44;60000;89220.66;118047.44;0.0;0.0935;0.0;0.0;0;0;0;0;;;;;3.865;adoro_critico|adoro_usuario;2;alta;1.0;0.0;0.0;;;;01.613.170/0001-04;;;;;;;;;;849160.46;;0.1693
B1700082700000;A CARA DO MUNDO;2016;;sem_categoria;0.0;0.0;0.0;0.0;0.0;0.0;0.0;0.0;0;0.0;0.0;0.0;;0.0;0.0;0;0;0;0;;;;;4.115;adoro_critico|adoro_usuario;2;media;;;;;;;15.031.868/0001-26;;;;;;;;;;0.0;;
B1600439300000;A COMÉDIA DIVINA;2016;;Renúncia — Art.3/3-A/39;0.0;200000.0;0.0;0.0;297402.2;297402.2;707565.0;937759.48;365000;542759.02;937759.48;0.0;3.1532;1.1;5.5;0;0;0;0;;;;;2.728;adoro_critico|adoro_usuario;2;media;1.0;0.0;0.0;;;;01.605.800/0001-07;;;;;;;;;;200000.0;;5.3628
B1600314200000;A CONFRARIA;2016;;Renúncia — Outros Mecanismos;0.0;0.0;58276.0;0.0;86657.05;86657.05;0.0;0.0;0;0.0;0.0;0.0;0.0;0.0;0.0;0;0;0;0;;;;;0.0;;0;;;;;;;;13.110.657/0001-53;;;;;;;;;;58276.0;;0.0
B1600471800000;A CORRIDA DO DOPING;2016;;Renúncia — Art.3/3-A/39;0.0;300000.0;0.0;0.0;446103.3;446103.3;0.0;0.0;0;0.0;0.0;0.0;0.0;0.0;0.0;0;0;0;0;;;;;0.0;;0;;;;;;;;01.009.824/0001-95;;;;;;;;;;300000.0;;0.0
B1600364000000;A LUTA DE UM HOMEM SÓ;2016;;Renúncia — Art.3/3-A/39;0.0;227147.0;0.0;0.0;337770.09;337770.09;0.0;0.0;60000;89220.66;0.0;0.0;0.0;0.0;0.0;0;0;0;0;;;;;3.943;adoro_critico|adoro_usuario;2;media;;;;;;;10.874.608/0001-07;;;;;;;;;;227147.0;;0.2641
B1600765300000;A OLIMPÍADA PASSOU POR AQUI;2016;;Renúncia — Art.3/3-A/39;0.0;1150000.0;0.0;0.0;1710062.65;1710062.65;0.0;0.0;60000;89220.66;0.0;0.0;0.0;0.0;0.0;0;0;0;0;;;;;4.03;adoro_critico|adoro_usuario;2;alta;3.0;2.0;1.0;Film History | OAPEN (The OAPEN Foundation) | Nursing times;;;94.625.829/0001-23;;;;;;;;;;1150000.0;;0.0522
B1600543700000;A REPARTIÇÃO DO TEMPO;2016;;Renúncia — Art.3/3-A/39;0.0;0.0;0.0;0.0;0.0;0.0;39524.16;52244.64;60000;89220.66;52244.64;0.0;;0.0;0.0;0;0;0;0;;;;;3.648;adoro_critico|adoro_usuario;2;alta;;;;;;;09.065.789/0001-33;;;;;;;;;;0.0;;
B1600774200000;A RETOMADA DO PORTO;2016;;Renúncia — Outros Mecanismos;0.0;0.0;625909.09;0.0;930733.7;930733.7;0.0;0.0;280000;416363.08;0.0;0.0;0.0;0.0;0.0;0;0;0;0;;;;;0.0;;0;;;;;;;;73.619.637/0001-34;;;;;;;;;;625909.09;;0.4473
B1700499100000;A SERPENTE;2016;;Renúncia — Outros Mecanismos;0.0;0.0;50000.0;0.0;74350.55;74350.55;8331.87;10476.76;280000;416363.08;10476.76;0.0;0.1409;0.0;0.0;0;0;0;0;;;;;0.0;;0;;;;;;;;05.246.567/0001-66;;;;;;;;;;50000.0;;5.7666
B1600466400000;A VAGA: EPISÓDIO ESPECIAL;2016;;Renúncia — Art.3/3-A/39;0.0;285000.88;0.0;0.0;423799.44;423799.44;0.0;0.0;60000;89220.66;0.0;0.0;0.0;0.0;0.0;0;0;0;0;;;;;0.0;;0;;;;;;;;02.525.725/0001-29;;;;;;;;;;285000.88;;0.2105
B1700213100000;A VELHA MAGRELA E OS ÓCULOS-JANELA.;2016;;sem_categoria;0.0;0.0;0.0;0.0;0.0;0.0;0.0;0.0;0;0.0;0.0;0.0;;0.0;0.0;0;0;0;0;;;;;4.175;adoro_critico|adoro_usuario;2;media;0.0;;;;;;06.274.259/0001-07;;;;;;;;;;0.0;;
B1600744600000;ACONTECE LÁ EM CASA. VIVENDO MELHOR EM FAMÍLIA;2016;;Renúncia — Outros Mecanismos;0.0;0.0;949950.0;0.0;1412586.1;1412586.1;0.0;0.0;80000;118960.88;0.0;0.0;0.0;0.0;0.0;0;0;0;0;;;;;3.656;adoro_critico;1;alta;1.0;0.0;0.0;Logos;;;67.802.652/0001-10;;;;;;;;;;949950.0;;0.0842
B1600098700000;ALMANAQUE DOS ESPORTES - 2A TEMPORADA;2016;;Renúncia — Art.3/3-A/39;0.0;807000.0;0.0;0.0;1200017.88;1200017.88;0.0;0.0;60000;89220.66;0.0;0.0;0.0;0.0;0.0;0;0;0;0;;;;;0.0;;0;;;;;;;;10.532.883/0001-34;;;;;;;;;;807000.0;;0.0743
B1800223100000;AMAZON ADVENTURE;2016;;Renúncia — Outros Mecanismos;0.0;0.0;1700000.0;0.0;2527918.7;2527918.7;0.0;0.0;0;0.0;0.0;0.0;0.0;10.0;0.0;0;28;27;0;;;;;0.0;;0;;;;;;;;01.287.908/0001-90;;;;;;;;;;1700000.0;;0.0
B1600759000000;AMOR AO QUADRADO;2016;;Renúncia — Art.3/3-A/39;0.0;308800.0;0.0;0.0;459189.0;459189.0;0.0;0.0;360000;535323.96;0.0;0.0;0.0;0.0;0.0;0;0;0;0;;;;;4.3;adoro_usuario;1;baixa;;;;;;;09.012.841/0001-93;;;;;;;;;;308800.0;;1.1658
B1700175000000;AMOR.COM;2016;;Renúncia — Art.3/3-A/39;0.0;3474014.4;70000.0;0.0;5269988.4;5269988.4;1377645.0;1825838.84;65000;96655.72;1825838.84;0.0;0.3465;0.0;0.0;0;0;0;0;;;;;3.425;adoro_critico|adoro_usuario;2;alta;2.0;0.0;0.0;Intexto | Lumina;;;02.863.008/0001-07;;;;;;;;;;3544014.4;;0.4071
B1700027200000;ANIMACRIANÇA - LENDAS BRASILEIRAS;2016;;sem_categoria;0.0;0.0;0.0;0.0;0.0;0.0;0.0;0.0;0;0.0;0.0;0.0;;0.0;0.0;0;0;0;0;;;;;0.0;;0;;0.0;;;;;;04.596.131/0001-34;;;;;;;;;;0.0;;
B1700416900000;AOS TEUS OLHOS;2016;;Renúncia — Art.3/3-A/39;0.0;3000000.0;0.0;0.0;4461033.0;4461033.0;419164.8;554055.6;360000;535323.96;554055.6;0.0;0.1242;14.45;25.0;1055;0;0;0;;;;;3.0;adoro_usuario;1;baixa;10.0;3.0;2.0;Alphaville Journal of Film and Screen Media | Esferas | Rebeca - Revista Brasileira de Estudos de Cinema e Audiovisual;;;09.180.984/0001-04;;;;;;;;;;3000000.0;;0.2597
B1600478600000;AQUARIUS;2016;;Renúncia — Art.3/3-A/39;0.0;850000.0;1100000.0;0.0;2899671.45;2899671.45;5023036.22;7079009.56;145000;215616.6;7079009.56;0.0;2.4413;38.47;56.5;311538;22;7;0;;;;;3.7;adoro_usuario;1;baixa;;;;;Cannes/Oscar;Q14940022;08.587.501/0001-28;;;;;;;;;;1950000.0;;2.6503
B1700013200000;AS AVENTURAS DE MARIGOTA;2016;;Renúncia — Outros Mecanismos;0.0;0.0;679817.0;0.0;1010895.36;1010895.36;0.0;0.0;280000;416363.08;0.0;0.0;0.0;0.0;0.0;0;0;0;0;;;;;4.3;adoro_usuario;1;baixa;;;;;;;12.521.386/0001-66;;;;;;;;;;679817.0;;0.4119
B1600793600000;AS BATALHAS DA FÉ;2016;;sem_categoria;0.0;0.0;558412.0;0.0;830364.79;830364.79;0.0;0.0;0;0.0;0.0;0.0;0.0;0.0;0.0;0;0;0;0;;;;;0.0;;0;;;;;;;;15.745.495/0001-55;;;;;;;;;;558412.0;;0.0
B1600585300000;AS INCRÍVEIS ARTIMANHAS DA NUVEM CIGANA;2016;;Renúncia — Art.3/3-A/39;0.0;0.0;0.0;0.0;0.0;0.0;0.0;0.0;60000;89220.66;0.0;0.0;;0.0;0.0;0;0;0;0;;;;;0.0;;0;;0.0;;;;;;03.760.075/0001-69;;;;;;;;;;0.0;;
B1600459300000;BAIA DOS PESADELOS;2016;;Renúncia — Art.3/3-A/39;0.0;300000.0;0.0;0.0;446103.3;446103.3;0.0;0.0;60000;89220.66;0.0;0.0;0.0;0.0;0.0;0;0;0;0;;;;;0.0;;0;;;;;;;;07.060.648/0001-00;;;;;;;;;;300000.0;;0.2
B1600752300000;BEDUÍNO;2016;;sem_categoria;0.0;0.0;0.0;0.0;0.0;0.0;11115.0;14731.08;60000;89220.66;14731.08;0.0;;0.0;0.0;0;0;0;0;;;;;0.0;;0;;;;;;;;02.342.813/0001-95;;;;;;;;;;0.0;;
B1600750800000;BELO MONTE: UM MUNDO ONDE TUDO É POSSÍVEL;2016;;Renúncia — Art.3/3-A/39;0.0;300000.0;0.0;0.0;446103.3;446103.3;1320.0;1749.44;60000;89220.66;1749.44;0.0;0.0039;0.0;0.0;0;0;0;0;;;;;3.738;adoro_critico;1;alta;;;;;;;07.060.648/0001-00;;;;;;;;;;300000.0;;0.2044
B1600780800000;BODE DE NATAL;2016;;Renúncia — Art.3/3-A/39;0.0;250000.0;0.0;0.0;371752.75;371752.75;0.0;0.0;280000;416363.08;0.0;0.0;0.0;0.0;0.0;0;0;0;0;;;;;3.823;adoro_critico|adoro_usuario;2;media;0.0;;;;;;15.464.299/0001-02;;;;;;;;;;250000.0;;1.12
B1700473700000;BORIS E RUFUS;2016;;Renúncia — Outros Mecanismos;0.0;0.0;1050000.0;0.0;1561361.55;1561361.55;0.0;0.0;360000;535323.96;0.0;0.0;0.0;0.0;0.0;0;0;0;0;;;;;0.0;;0;;;;;;;;03.274.384/0001-29;;;;;;;;;;1050000.0;;0.3429
B1600644900000;BOYCÓPTERO;2016;;sem_categoria;0.0;0.0;0.0;0.0;0.0;0.0;0.0;0.0;0;0.0;0.0;0.0;;0.0;0.0;0;0;0;0;;;;;0.0;;0;;1.0;0.0;0.0;;;;06.768.153/0001-60;;;;;;;;;;0.0;;
B1600773300000;BR 3 - AMORES MIGRANTES;2016;;sem_categoria;0.0;0.0;503516.0;0.0;748733.83;748733.83;0.0;0.0;0;0.0;0.0;0.0;0.0;0.0;0.0;0;0;0;0;;;;;0.0;;0;;;;;;;;06.096.915/0001-29;;;;;;;;;;503516.0;;0.0
B1600405900000;BR 716;2016;;Renúncia — Art.3/3-A/39;0.0;0.0;0.0;0.0;0.0;0.0;145749.0;204247.12;280000;416363.08;204247.12;0.0;;0.0;0.0;0;0;0;0;;;;;0.0;;0;;0.0;;;;;;04.474.294/0001-44;;;;;;;;;;0.0;;
B1600342000000;BRASIL, DNA ÁFRICA;2016;;Renúncia — Art.3/3-A/39;0.0;300000.0;500000.0;0.0;1189608.8;1189608.8;6852.6;9661.68;80000;118960.88;9661.68;0.0;0.0081;0.0;0.0;0;0;0;0;;;;;0.0;;0;;;;;;;;06.900.652/0001-69;;;;;;;;;;800000.0;;0.1086
B1600368200000;BUCK, O MONSTRO DA LAGOA;2016;;Renúncia — Art.3/3-A/39;0.0;230000.0;0.0;0.0;342012.53;342012.53;0.0;0.0;60000;89220.66;0.0;0.0;0.0;0.0;0.0;0;0;0;0;;;;;3.9;adoro_critico;1;media;;;;;;;02.367.665/0001-63;;;;;;;;;;230000.0;;0.2609
B1800073300000;CANASTRA SUJA;2016;;Renúncia — Outros Mecanismos;0.0;0.0;500000.0;0.0;743505.5;743505.5;31147.84;41171.48;360000;535323.96;41171.48;0.0;0.0554;0.4;2.0;0;0;0;0;;;;;0.0;;0;;0.0;;;;;;23.234.999/0001-39;;;;;;;;;;500000.0;;0.7823
B1600203800000;CARAVANA NO AR;2016;;Renúncia — Art.3/3-A/39;0.0;1211811.26;0.0;0.0;1801976.67;1801976.67;0.0;0.0;60000;89220.66;0.0;0.0;0.0;0.0;0.0;0;0;0;0;;;;;4.3;adoro_usuario;1;baixa;;;;;;;08.371.400/0001-15;;;;;;;;;;1211811.26;;0.0495
B1800203300000;CARLOS SEGUNDA TEMPORADA;2016;;Renúncia — Art.3/3-A/39;0.0;0.0;0.0;0.0;0.0;0.0;0.0;0.0;60000;89220.66;0.0;0.0;;0.0;0.0;0;0;0;0;;;;;0.0;;0;;;;;;;;08.378.645/0001-74;;;;;;;;;;0.0;;
B1700204300000;CARNAVAL EM LÁ MENOR;2016;;Renúncia — Outros Mecanismos;0.0;0.0;110000.0;0.0;163571.21;163571.21;0.0;0.0;0;0.0;0.0;0.0;0.0;0.0;0.0;0;0;0;0;;;;;3.062;adoro_critico|adoro_usuario;2;alta;;;;;;;50.867.183/0001-15;;;;;;;;;;110000.0;;0.0
B1600613000000;CAROL LEVY CONTAROLANDO - SEGUNDA TEMPORADA;2016;;Renúncia — Art.3/3-A/39;0.0;650000.0;0.0;0.0;966557.15;966557.15;0.0;0.0;80000;118960.88;0.0;0.0;0.0;0.0;0.0;0;0;0;0;;;;;4.3;adoro_usuario;1;baixa;;;;;;;04.490.617/0001-93;;;;;;;;;;650000.0;;0.1231
B1600352700000;CARROSSEL 2 - O SUMIÇO DE MARIA JOAQUINA;2016;;Renúncia — Art.3/3-A/39;0.0;1499999.9;755000.0;0.0;3353209.66;3353209.66;36278235.16;51149689.36;145000;215616.6;51149689.36;0.0;15.2539;0.0;0.0;0;0;0;0;;;;;3.0;adoro_usuario;1;baixa;;;;;;;12.580.503/0001-62;;;;;;;;;;2254999.9;;16.1522
B1600400300000;CHAPÉU DE BICO;2016;;Renúncia — Outros Mecanismos;0.0;0.0;189500.0;0.0;281788.58;281788.58;0.0;0.0;0;0.0;0.0;0.0;0.0;0.0;0.0;0;0;0;0;;;;;3.5;adoro_usuario;1;baixa;;;;;;;21.917.692/0001-07;;;;;;;;;;189500.0;;0.0
B1700025900000;CHOQUE TÉRMICO;2016;;Renúncia — Art.3/3-A/39;0.0;1196859.4;0.0;0.0;1779743.09;1779743.09;0.0;0.0;80000;118960.88;0.0;0.0;0.0;0.0;0.0;0;0;0;0;;;;;0.0;;0;;0.0;;;;;;04.453.786/0001-53;;;;;;;;;;1196859.4;;0.0668
B1600649600000;CINE ROOFTOP;2016;;Renúncia — Art.3/3-A/39;0.0;716429.97;0.0;0.0;1065339.25;1065339.25;0.0;0.0;60000;89220.66;0.0;0.0;0.0;0.0;0.0;0;0;0;0;;;;;0.0;;0;;0.0;;;;;;17.493.056/0001-28;;;;;;;;;;716429.97;;0.0837
B1600595900000;CLASSICOMANIACO;2016;;Renúncia — Art.3/3-A/39;0.0;1001563.2;0.0;0.0;1489335.5;1489335.5;0.0;0.0;60000;89220.66;0.0;0.0;0.0;0.0;0.0;0;0;0;0;;;;;0.0;;0;;;;;;;;05.256.465/0001-21;;;;;;;;;;1001563.2;;0.0599
B1700046100000;COMEBACK;2016;;Renúncia — Art.3/3-A/39;0.0;0.0;240000.0;0.0;356882.64;356882.64;50520.2;66955.84;60000;89220.66;66955.84;0.0;0.1876;0.0;0.0;0;0;0;0;;;;;0.0;;0;;0.0;;;;;;12.839.664/0001-28;;;;;;;;;;240000.0;;0.4605
B1600685500000;CORAGEM;2016;;Renúncia — Art.3/3-A/39;0.0;0.0;200000.0;0.0;297402.2;297402.2;3761.7;5268.2;200000;297402.2;5268.2;0.0;0.0177;0.0;0.0;0;0;0;0;;;;;4.195;adoro_critico|adoro_usuario;2;alta;;;;;;;12.081.251/0001-27;;;;;;;;;;200000.0;;1.0188
B1600710400000;CÍRCULOS;2016;;Renúncia — Art.3/3-A/39;0.0;0.0;0.0;0.0;0.0;0.0;0.0;0.0;60000;89220.66;0.0;0.0;;0.0;0.0;0;0;0;0;;;;;0.0;;0;;0.0;;;;;;12.772.107/0001-37;;;;;;;;;;0.0;;
B1700258100000;DANADO DE BOM;2016;;Renúncia — Outros Mecanismos;0.0;0.0;330000.0;0.0;490713.63;490713.63;33510.0;44411.92;145000;215616.6;44411.92;0.0;0.0905;0.0;0.0;0;0;0;0;;;;;3.793;adoro_critico|adoro_usuario;2;media;0.0;;;;;;07.501.094/0001-21;;;;;;;;;;330000.0;;0.5409
B1600648800000;DENTRO DA CAIXINHA;2016;;Renúncia — Outros Mecanismos;0.0;0.0;270000.0;0.0;401492.97;401492.97;22588.2;31847.76;60000;89220.66;31847.76;0.0;0.0793;0.0;0.0;0;0;0;0;;;;;4.4;adoro_usuario;1;baixa;;;;;;;08.233.638/0001-84;;;;;;;;;;270000.0;;0.3059
B1600530400000;DESAFIO CELEBRIDADES;2016;;Renúncia — Art.3/3-A/39;0.0;5385954.08;0.0;0.0;8008972.96;8008972.96;0.0;0.0;60000;89220.66;0.0;0.0;0.0;0.0;0.0;0;0;0;0;;;;;0.0;;0;;;;;;;;02.947.857/0001-49;;;;;;;;;;5385954.08;;0.0111
B1700457200000;DESAPARECIDOS - 2ª TEMPORADA;2016;;Renúncia — Art.3/3-A/39;0.0;669120.19;0.0;0.0;994989.08;994989.08;0.0;0.0;60000;89220.66;0.0;0.0;0.0;0.0;0.0;0;0;0;0;;;;;3.771;adoro_critico;1;alta;3.0;0.0;0.0;UNESP Institutional Repository (São Paulo State University) | PUCRS Repository (Pontifical Catholic University of Rio Grande do Sul);;;08.703.139/0001-03;;;;;;;;;;669120.19;;0.0897
B1700107000000;DESDE JUNHO;2016;;sem_categoria;0.0;0.0;0.0;0.0;0.0;0.0;0.0;0.0;60000;89220.66;0.0;0.0;;0.0;0.0;0;0;0;0;;;;;0.0;;0;;;;;;;;08.374.600/0001-21;;;;;;;;;;0.0;;
B1900454100000;DISTRITO CULTURAL - QUINTA TEMPORADA;2016;;Renúncia — Art.3/3-A/39;0.0;797360.02;0.0;0.0;1185683.12;1185683.12;0.0;0.0;80000;118960.88;0.0;0.0;0.0;0.0;0.0;0;0;0;0;;;;;0.0;;0;;;;;;;;03.218.295/0001-65;;;;;;;;;;797360.02;;0.1003
B1600651700000;DISTRITO CULTURAL - SEGUNDA TEMPORADA;2016;;Renúncia — Art.3/3-A/39;0.0;550000.0;0.0;0.0;817856.05;817856.05;0.0;0.0;80000;118960.88;0.0;0.0;0.0;0.0;0.0;0;0;0;0;;;;;0.0;;0;;;;;;;;03.218.295/0001-65;;;;;;;;;;550000.0;;0.1455
B1600534700000;DO OUTRO LADO - A CONQUISTA DE MATHEUS RHEINE;2016;;Renúncia — Art.3/3-A/39;0.0;246050.0;0.0;0.0;365879.06;365879.06;0.0;0.0;60000;89220.66;0.0;0.0;0.0;0.0;0.0;0;0;0;0;;;;;4.123;adoro_critico|adoro_usuario;2;alta;;;;;;;04.736.316/0001-05;;;;;;;;;;246050.0;;0.2439
B1700045100000;DOLORES - UMA MULHER, DOIS AMORES;2016;;sem_categoria;0.0;0.0;503516.0;0.0;748733.83;748733.83;46669.08;62184.64;60000;89220.66;62184.64;0.0;0.0831;0.0;0.0;0;0;0;0;;;;;3.775;adoro_critico;1;alta;;;;;;;23.189.788/0001-21;;;;;;;;;;503516.0;;0.2118
B1600308400000;DORINA - OLHAR PARA O MUNDO;2016;;Renúncia — Art.3/3-A/39;0.0;565000.0;0.0;0.0;840161.22;840161.22;0.0;0.0;60000;89220.66;0.0;0.0;0.0;0.0;0.0;0;0;0;0;;;;;4.185;adoro_critico|adoro_usuario;2;media;;;;;;;07.490.019/0001-02;;;;;;;;;;565000.0;;0.1062
B1600648900000;DUAS MULHERES;2016;;Renúncia — Art.3/3-A/39;0.0;0.0;100000.0;0.0;148701.1;148701.1;0.0;0.0;0;0.0;0.0;0.0;0.0;0.0;0.0;0;0;0;0;;;;;0.0;;0;;;;;;;;02.669.022/0001-74;;;;;;;;;;100000.0;;0.0
B1800134700000;DÚDÚ E O LÁPIS COR DA PELE;2016;;Renúncia — Outros Mecanismos;0.0;0.0;80000.0;0.0;118960.88;118960.88;0.0;0.0;0;0.0;0.0;0.0;0.0;0.0;0.0;0;0;0;0;;;;;3.4;adoro_usuario;1;baixa;;;;;;;21.154.983/0001-90;;;;;;;;;;80000.0;;0.0
B1600765100000;ELON NÃO ACREDITA NA MORTE;2016;;Renúncia — Outros Mecanismos;0.0;0.0;491226.0;0.0;730458.47;730458.47;33315.12;44153.48;280000;416363.08;44153.48;0.0;0.0604;6.1;30.5;0;0;0;0;;;;;3.57;adoro_critico|adoro_usuario;2;alta;;;;;;;16.957.757/0001-08;;;;;;;;;;491226.0;;0.6378
B1600616400000;EMERGÊNCIA PET;2016;;Renúncia — Art.3/3-A/39;0.0;2100016.33;0.0;0.0;3122747.38;3122747.38;0.0;0.0;60000;89220.66;0.0;0.0;0.0;0.0;0.0;0;0;0;0;;;;;0.0;;0;;;;;;;;06.998.046/0001-28;;;;;;;;;;2100016.33;;0.0286
B1600355900000;ENTRE IDAS E VINDAS;2016;;Renúncia — Art.3/3-A/39;0.0;1217000.0;0.0;0.0;1809692.39;1809692.39;1585178.4;2234989.12;365000;542759.02;2234989.12;0.0;1.235;0.0;0.0;0;0;0;0;;;;;3.759;adoro_critico|adoro_usuario;2;media;;;;;;;11.073.883/0001-86;;;;;;;;;;1217000.0;;1.6024
B1700145600000;ENTÃO MORRI;2016;;Renúncia — Art.3/3-A/39;0.0;0.0;0.0;0.0;0.0;0.0;0.0;0.0;280000;416363.08;0.0;0.0;;0.0;0.0;0;0;0;0;;;;;0.0;;0;;0.0;;;;;;15.156.700/0001-47;;;;;;;;;;0.0;;
B1700537700000;ESPERANDO A TEMPESTADE;2016;;sem_categoria;0.0;0.0;0.0;0.0;0.0;0.0;0.0;0.0;60000;89220.66;0.0;0.0;;0.0;0.0;0;0;0;0;;;;;0.0;;0;;0.0;;;;;;04.098.427/0001-25;;;;;;;;;;0.0;;
B1700243800000;ESTEROS;2016;;Renúncia — Art.3/3-A/39;0.0;0.0;0.0;0.0;0.0;0.0;57845.32;76657.28;60000;89220.66;76657.28;0.0;;10.0;0.0;0;45;18;0;;;;;0.0;;0;;;;;;;;03.112.121/0002-02;;;;;;;;;;0.0;;
B1600501200000;EU ME MOVO;2016;;Renúncia — Art.3/3-A/39;0.0;700000.0;0.0;0.0;1040907.7;1040907.7;0.0;0.0;60000;89220.66;0.0;0.0;0.0;0.0;0.0;0;0;0;0;;;;;3.52;adoro_critico|adoro_usuario;2;media;;;;;;;16.104.588/0001-63;;;;;;;;;;700000.0;;0.0857
B1700164400000;FAMILIA SCHURMANN - EXPEDIÇÃO ORIENTE;2016;;Renúncia — Art.3/3-A/39;0.0;1098720.11;3752000.01;0.0;7213074.18;7213074.18;0.0;0.0;60000;89220.66;0.0;0.0;0.0;0.0;0.0;0;0;0;0;;;;;3.656;adoro_critico;1;alta;3.0;2.0;2.0;Anuario electrónico de estudios en Comunicación Social Disertaciones | Anagrama;Oscar;Q16215088;00.132.102/0001-60;;;;;;;;;;4850720.12;;0.0124
B1700037000000;FANÁTIC@S;2016;;sem_categoria;0.0;0.0;0.0;0.0;0.0;0.0;0.0;0.0;60000;89220.66;0.0;0.0;;0.0;0.0;0;0;0;0;;;;;0.0;;0;;0.0;;;;;;00.639.143/0001-48;;;;;;;;;;0.0;;
B1600793500000;FINDING JOSEF;2016;;Renúncia — Art.3/3-A/39;0.0;0.0;0.0;0.0;0.0;0.0;0.0;0.0;360000;535323.96;0.0;0.0;;0.0;0.0;0;0;0;0;;;;;0.0;;0;;;;;;;;03.931.658/0001-05;;;;;;;;;;0.0;;
B1600690500000;FORA DO ARMÁRIO;2016;;Renúncia — Art.3/3-A/39;0.0;1181790.5;0.0;0.0;1757335.47;1757335.47;0.0;0.0;60000;89220.66;0.0;0.0;0.0;0.0;0.0;0;0;0;0;;;;;3.9;adoro_usuario;1;baixa;0.0;;;;;;07.988.992/0001-56;;;;;;;;;;1181790.5;;0.0508
B1600310200000;FUINHA E CAÇAPAVA-PILOTO;2016;;sem_categoria;0.0;0.0;0.0;0.0;0.0;0.0;0.0;0.0;0;0.0;0.0;0.0;;0.0;0.0;0;0;0;0;;;;;0.0;;0;;;;;;;;94.625.829/0001-23;;;;;;;;;;0.0;;
B1600754000000;GABY ESTRELLA;2016;;Renúncia — Art.3/3-A/39;0.0;3000000.0;1000000.0;0.0;5948044.0;5948044.0;570768.0;754446.0;60000;89220.66;754446.0;0.0;0.1268;0.0;0.0;0;0;0;0;;;;;0.0;;0;;0.0;;;;;;05.565.485/0001-84;;;;;;;;;;4000000.0;;0.1577
B1600534400000;GALERIA F;2016;;Renúncia — Art.3/3-A/39;0.0;400000.0;0.0;0.0;594804.4;594804.4;8595.0;11391.24;280000;416363.08;11391.24;0.0;0.0192;0.0;0.0;0;0;0;0;;;;;0.0;;0;;0.0;;;;;;18.009.049/0001-70;;;;;;;;;;400000.0;;0.7215
B1700529800000;GARIMPEIROS DO VOTO;2016;;Renúncia — Art.3/3-A/39;0.0;180000.0;0.0;0.0;267661.98;267661.98;1128.0;1491.0;280000;416363.08;1491.0;0.0;0.0056;0.0;0.0;0;0;0;0;;;;;0.0;;0;;2.0;0.0;0.0;Carnets | Directory of Open access Books (OAPEN Foundation);;;03.279.751/0001-87;;;;;;;;;;180000.0;;1.5618
B1700156400000;GRIOT: DO LADO DE LÁ E CÁ DO ATLÂNTICO;2016;;Renúncia — Art.3/3-A/39;0.0;0.0;0.0;0.0;0.0;0.0;0.0;0.0;5000;7435.06;0.0;0.0;;0.0;0.0;0;0;0;0;;;;;3.683;adoro_critico|adoro_usuario;2;media;;;;;;;PESSOA FÍSICA;;;;;;;;;;0.0;;
B1600439500000;HOLOCAUSTO BRASILEIRO;2016;;Renúncia — Art.3/3-A/39;0.0;699993.25;0.0;0.0;1040897.66;1040897.66;0.0;0.0;120000;178441.32;0.0;0.0;0.0;0.0;0.0;0;0;0;0;;;;;0.0;;0;;1.0;0.0;0.0;LA Referencia (Red Federada de Repositorios Institucionales de Publicaciones Científicas);;;16.366.836/0001-44;;;;;;;;;;699993.25;;0.1714
B1600685100000;INTOLERÂNCIA.DOC;2016;;Renúncia — Art.3/3-A/39;0.0;350000.0;0.0;0.0;520453.85;520453.85;2760.0;3657.92;60000;89220.66;3657.92;0.0;0.007;0.0;0.0;0;0;0;0;;;;;0.0;;0;;;;;;;;06.992.833/0001-62;;;;;;;;;;350000.0;;0.1793
B1700036300000;INVENÇÕES DA ALMA;2016;;Renúncia — Art.3/3-A/39;0.0;0.0;0.0;0.0;0.0;0.0;0.0;0.0;60000;89220.66;0.0;0.0;;0.0;0.0;0;0;0;0;;;;;4.04;adoro_critico;1;media;;;;;;;74.107.475/0001-18;;;;;;;;;;0.0;;
B1600599000000;IRMÃO DO JOREL- 2ª TEMPORADA;2016;;Renúncia — Art.3/3-A/39;0.0;5292163.48;0.0;0.0;7869505.31;7869505.31;0.0;0.0;140000;208181.54;0.0;0.0;0.0;0.0;0.0;0;0;0;0;;;;;0.0;;0;;;;;;;;09.551.826/0001-13;;;;;;;;;;5292163.48;;0.0265
B1700463300000;JOGOS CLANDESTINOS;2016;;Renúncia — Art.3/3-A/39;0.0;0.0;420000.0;0.0;624544.62;624544.62;0.0;0.0;0;0.0;0.0;0.0;0.0;0.0;0.0;0;0;0;0;;;;;0.0;;0;;0.0;;;;;;08.790.022/0001-04;;;;;;;;;;420000.0;;0.0
B1600217000000;JOGOS DO MUNDO;2016;;Renúncia — Art.3/3-A/39;0.0;2240000.0;0.0;0.0;3330904.64;3330904.64;0.0;0.0;80000;118960.88;0.0;0.0;0.0;0.0;0.0;0;0;0;0;;;;;3.195;adoro_critico|adoro_usuario;2;media;16.0;0.0;0.0;LA Referencia (Red Federada de Repositorios Institucionales de Publicaciones Científicas) | Rebeca - Revista Brasileira de Estudos de Cinema e Audiovisual | Significação Revista de Cultura Audiovisual;;;04.453.786/0001-53;;;;;;;;;;2240000.0;;0.0357
B1600421600000;JONAS;2016;;Renúncia — Art.3/3-A/39;0.0;3000000.0;1800000.0;0.0;7137652.8;7137652.8;21051.3;29680.84;0;0.0;29680.84;0.0;0.0042;0.0;0.0;0;0;0;0;;;;;0.0;;0;;;;;;;;02.625.405/0001-40;;;;;;;;;;4800000.0;;0.0044
B1700261700000;JUACAS;2016;;Renúncia — Art.3/3-A/39;0.0;2130419.41;0.0;0.0;3167957.1;3167957.1;0.0;0.0;60000;89220.66;0.0;0.0;0.0;0.0;0.0;0;0;0;0;;;;;0.0;;0;;0.0;;;;;;09.193.471/0001-38;;;;;;;;;;2130419.41;;0.0282
B1600114000000;LILI, A EX - 2ª TEMPORADA;2016;;Renúncia — Art.3/3-A/39;0.0;3000000.0;1812000.0;0.0;7155496.93;7155496.93;0.0;0.0;60000;89220.66;0.0;0.0;0.0;0.0;0.0;0;0;0;0;;;;;0.0;;0;;0.0;;;;;;02.525.725/0001-29;;;;;;;;;;4812000.0;;0.0125
B1600719300000;LUCIA MCCARTNEY;2016;;Renúncia — Art.3/3-A/39;0.0;1921000.0;0.0;0.0;2856548.13;2856548.13;0.0;0.0;60000;89220.66;0.0;0.0;0.0;0.0;0.0;0;0;0;0;;;;;0.0;;0;;;;;;;;10.874.608/0001-07;;;;;;;;;;1921000.0;;0.0312
B1600791500000;LUTANDO PARA VENCER;2016;;Renúncia — Art.3/3-A/39;0.0;100000.0;0.0;0.0;148701.1;148701.1;0.0;0.0;140000;208181.54;0.0;0.0;0.0;0.0;0.0;0;0;0;0;;;;;4.223;adoro_critico|adoro_usuario;2;media;;;;;;;65.705.055/0001-42;;;;;;;;;;100000.0;;1.4
B1600474200000;LUZ & SOMBRA - FOTÓGRAFOS DO CINEMA BRASILEIRO;2016;;sem_categoria;0.0;0.0;0.0;0.0;0.0;0.0;0.0;0.0;60000;89220.66;0.0;0.0;;0.0;0.0;0;0;0;0;;;;;0.0;;0;;1.0;0.0;0.0;AVANCA | CINEMA;;;02.229.175/0001-09;;;;;;;;;;0.0;;
B1600442200000;MAGAL E OS FORMIGAS;2016;;Renúncia — Art.3/3-A/39;0.0;2300000.0;0.0;0.0;3420125.3;3420125.3;11992.5;16878.12;145000;215616.6;16878.12;0.0;0.0049;0.0;0.0;0;0;0;0;;;;;0.0;;0;;;;;;;;07.627.467/0001-05;;;;;;;;;;2300000.0;;0.0683
B1700087800000;MANUAL PARA SE DEFENDER DE ALIENS, NINJAS E ZUMBIS;2016;;Renúncia — Art.3/3-A/39;0.0;1800000.0;0.0;0.0;2676619.8;2676619.8;0.0;0.0;60000;89220.66;0.0;0.0;0.0;0.0;0.0;0;0;0;0;;;;;3.683;adoro_critico|adoro_usuario;2;media;0.0;;;;;;08.371.400/0001-15;;;;;;;;;;1800000.0;;0.0333
B1600624200000;MARGINAL;2016;;Renúncia — Art.3/3-A/39;0.0;300000.0;0.0;0.0;446103.3;446103.3;1198.5;1689.8;60000;89220.66;1689.8;0.0;0.0038;0.0;0.0;0;0;0;0;;;;;0.0;;0;;3.0;14.0;14.0;e-Archivo (Carlos III University of Madrid) | Comunicación y Sociedad | Revista Brasileira de Sociologia do Direito;;;08.164.917/0001-33;;;;;;;;;;300000.0;;0.204
B1700248200000;MARIA - NÃO ESQUEÇA QUE EU VENHO DOS TRÓPICOS;2016;;Renúncia — Outros Mecanismos;0.0;0.0;1000000.0;0.0;1487011.0;1487011.0;15079.04;19979.4;200000;297402.2;19979.4;0.0;0.0134;0.0;0.0;0;0;0;0;;;;;3.3;adoro_usuario;1;baixa;;;;;;;08.010.574/0001-52;;;;;;;;;;1000000.0;;0.2151
B1600314300000;MARIAS;2016;;Renúncia — Outros Mecanismos;0.0;0.0;673000.0;0.0;1000758.4;1000758.4;24085.5;33955.04;145000;215616.6;33955.04;0.0;0.0339;0.0;0.0;0;0;0;0;;;;;0.0;;0;;;;;;;;06.137.016/0001-27;;;;;;;;;;673000.0;;0.2512
B1700011400000;MAZAGÃO – PORTA DO MAR;2016;;sem_categoria;0.0;0.0;0.0;0.0;0.0;0.0;0.0;0.0;0;0.0;0.0;0.0;;0.0;0.0;0;0;0;0;;;;;3.938;adoro_critico|adoro_usuario;2;media;0.0;;;;;;01.900.387/0001-03;;;;;;;;;;0.0;;
B1600445600000;MENINAS DE OURO;2016;;Renúncia — Art.3/3-A/39;0.0;300000.0;669540.0;0.0;1441716.64;1441716.64;0.0;0.0;60000;89220.66;0.0;0.0;0.0;0.0;0.0;0;0;0;0;;;;;3.962;adoro_critico|adoro_usuario;2;alta;;;;;;;10.825.940/0001-73;;;;;;;;;;969540.0;;0.0619
B1600280000000;MENINO 23 - INFÂNCIAS PERDIDAS NO BRASIL;2016;;Renúncia — Art.3/3-A/39;0.0;700000.0;500000.0;0.0;1784413.2;1784413.2;102072.34;143116.12;365000;542759.02;143116.12;0.0;0.0802;0.0;0.0;0;0;0;0;;;;;4.3;adoro_usuario;1;baixa;;;;;;;04.661.796/0001-84;;;;;;;;;;1200000.0;;0.3892
B1600200900000;MEU NOME É JACQUE;2016;;Renúncia — Art.3/3-A/39;0.0;300000.0;0.0;0.0;446103.3;446103.3;7261.5;10238.2;60000;89220.66;10238.2;0.0;0.023;0.0;0.0;0;0;0;0;;;;;3.857;adoro_critico|adoro_usuario;2;media;1.0;36.0;36.0;Journal of Food Science and Technology;;;00.360.459/0001-04;;;;;;;;;;300000.0;;0.2242
B1600382500000;MILLER;2016;;Renúncia — Art.3/3-A/39;0.0;300000.0;0.0;0.0;446103.3;446103.3;3384.0;4771.2;140000;208181.54;4771.2;0.0;0.0107;0.0;0.0;0;0;0;0;;;;;0.0;;0;;;;;;;;09.019.897/0001-70;;;;;;;;;;300000.0;;0.4779
B1600728000000;MINHA ESTUPIDEZ;2016;;Renúncia — Art.3/3-A/39;0.0;2028716.0;0.0;0.0;3016723.01;3016723.01;0.0;0.0;140000;208181.54;0.0;0.0;0.0;0.0;0.0;0;0;0;0;;;;;0.0;;0;;;;;;;;09.180.984/0001-04;;;;;;;;;;2028716.0;;0.069
B1600716500000;MINHA MÃE É UMA PEÇA 2;2016;;Renúncia — Art.3/3-A/39;0.0;500000.0;1770000.0;0.0;3375514.97;3375514.97;138274801.13;186544437.24;365000;542759.02;186544437.24;0.0;55.264;0.0;0.0;0;0;0;0;;;;;0.0;;0;;1.0;0.0;0.0;Revista Brasileira de História & Ciências Sociais;;;10.645.895/0001-75;;;;;;;;;;2270000.0;;61.0748
B1800385900000;MISSÕES DE VIDA;2016;;Renúncia — Art.3/3-A/39;0.0;1991961.18;0.0;0.0;2962068.19;2962068.19;0.0;0.0;60000;89220.66;0.0;0.0;0.0;0.0;0.0;0;0;0;0;;;;;3.2;adoro_usuario;1;baixa;0.0;;;;;;64.044.886/0001-58;;;;;;;;;;1991961.18;;0.0301
B1700465300000;MOACIR;2016;;sem_categoria;0.0;0.0;0.0;0.0;0.0;0.0;5640.0;7455.0;60000;89220.66;7455.0;0.0;;0.0;0.0;0;0;0;0;;;;;0.0;;0;;;;;;;;06.096.915/0001-29;;;;;;;;;;0.0;;
B1700053800000;MODA-O-RAMA;2016;;Renúncia — Art.3/3-A/39;0.0;490841.35;0.0;0.0;729886.49;729886.49;0.0;0.0;60000;89220.66;0.0;0.0;0.0;0.0;0.0;0;0;0;0;;;;;0.0;;0;;0.0;;;;;;04.853.740/0001-21;;;;;;;;;;490841.35;;0.1222
B1700614000000;MOTORRAD;2016;;Renúncia — Art.3/3-A/39;0.0;931888.18;3542614.0;0.0;6653633.96;6653633.96;162416.96;214684.12;140000;208181.54;214684.12;0.0;0.0323;2.4;12.0;0;0;0;0;;;;;0.0;;0;;;;;;;;09.416.289/0001-07;;;;;;;;;;4474502.18;;0.0676
B1800067900000;MUNDO DE WANDER - PILOTO;2016;;sem_categoria;0.0;0.0;0.0;0.0;0.0;0.0;0.0;0.0;60000;89220.66;0.0;0.0;;0.0;0.0;0;0;0;0;;;;;0.0;;0;;;;;;;;05.491.003/0001-99;;;;;;;;;;0.0;;
B1600476300000;MÁXIMO & CONFÚCIO;2016;;Renúncia — Art.3/3-A/39;0.0;0.0;0.0;0.0;0.0;0.0;0.0;0.0;80000;118960.88;0.0;0.0;;0.0;0.0;0;0;0;0;;;;;0.0;;0;;4.0;3.0;2.0;Lume (Universidade Federal do Rio Grande do Sul);;;67.942.250/0001-11;;;;;;;;;;0.0;;
B1600066700000;MÃOS DE URSO;2016;;Renúncia — Art.3/3-A/39;0.0;550000.0;0.0;0.0;817856.05;817856.05;0.0;0.0;60000;89220.66;0.0;0.0;0.0;0.0;0.0;0;0;0;0;;;;;4.343;adoro_critico|adoro_usuario;2;media;0.0;;;;;;56.486.590/0001-69;;;;;;;;;;550000.0;;0.1091
B1600785400000;NA FITA;2016;;Renúncia — Art.3/3-A/39;0.0;199500.0;0.0;0.0;296658.69;296658.69;0.0;0.0;60000;89220.66;0.0;0.0;0.0;0.0;0.0;0;0;0;0;;;;;0.0;;0;;;;;;;;28.629.780/0001-52;;;;;;;;;;199500.0;;0.3008
B1700148100000;NA TRILHA DA ENERGIA 2;2016;;Renúncia — Outros Mecanismos;0.0;0.0;1557848.0;0.0;2316537.11;2316537.11;0.0;0.0;60000;89220.66;0.0;0.0;0.0;0.0;0.0;0;0;0;0;;;;;0.0;;0;;;;;;;;01.613.170/0001-04;;;;;;;;;;1557848.0;;0.0385
B1600500100000;O BRASIL POR ELES - O OLHAR DO MUNDO PARA O ESPORTE BRASILEIRO;2016;;Renúncia — Art.3/3-A/39;0.0;2429034.83;0.0;0.0;3612001.51;3612001.51;0.0;0.0;360000;535323.96;0.0;0.0;0.0;0.0;0.0;0;0;0;0;;;;;4.343;adoro_critico|adoro_usuario;2;media;2.0;0.0;0.0;Carnets | Directory of Open access Books (OAPEN Foundation);;;03.279.751/0001-87;;;;;;;;;;2429034.83;;0.1482
B1600138900000;O CANGACEIRO - A SÉRIE;2016;;Renúncia — Art.3/3-A/39;0.0;1392516.1;1192715.0;0.0;3844267.08;3844267.08;0.0;0.0;60000;89220.66;0.0;0.0;0.0;0.0;0.0;0;0;0;0;;;;;0.0;;0;;0.0;;;;;;44.182.046/0001-44;;;;;;;;;;2585231.1;;0.0232
B1700566900000;O DIA EM QUE NOS TORNAMOS TERRORISTAS;2016;;Renúncia — Art.3/3-A/39;0.0;3000000.0;0.0;0.0;4461033.0;4461033.0;0.0;0.0;0;0.0;0.0;0.0;0.0;0.0;0.0;0;0;0;0;;;;;3.6;adoro_usuario;1;baixa;;;;;;;03.553.092/0001-25;;;;;;;;;;3000000.0;;0.0
B1600713100000;O FILHO ETERNO;2016;;Renúncia — Art.3/3-A/39;0.0;2050000.0;0.0;0.0;3048372.55;3048372.55;310490.4;437499.16;140000;208181.54;437499.16;0.0;0.1435;0.0;0.0;0;0;0;0;;;;;3.7;adoro_usuario;1;baixa;;;;;;;05.387.293/0001-25;;;;;;;;;;2050000.0;;0.2198
B1700347300000;O MISTÉRIO DE NHEMYRÕ;2016;;sem_categoria;0.0;0.0;0.0;0.0;0.0;0.0;0.0;0.0;0;0.0;0.0;0.0;;0.0;0.0;0;0;0;0;;;;;3.484;adoro_critico|adoro_usuario;2;media;0.0;;;;;;18.130.655/0001-40;;;;;;;;;;0.0;;
B1700217800000;O NOME DELA É GAL;2016;;Renúncia — Art.3/3-A/39;0.0;1000000.0;0.0;0.0;1487011.0;1487011.0;0.0;0.0;60000;89220.66;0.0;0.0;0.0;0.0;0.0;0;0;0;0;;;;;3.0;adoro_usuario;1;baixa;1.0;0.0;0.0;Brasiliana- Journal for Brazilian Studies;;;09.281.789/0001-70;;;;;;;;;;1000000.0;;0.06
B1600773600000;O ORNITÓLOGO;2016;;Renúncia — Art.3/3-A/39;0.0;0.0;0.0;0.0;0.0;0.0;64215.86;84927.36;0;0.0;84927.36;0.0;;10.0;0.0;0;18;7;0;;;;;0.0;;0;;;;;;;;11.443.174/0001-45;;;;;;;;;;0.0;;
B1600565200000;O SHOW DA LUNA! TERCEIRA TEMPORADA;2016;;Renúncia — Art.3/3-A/39;0.0;1808652.0;100000.0;0.0;2838186.52;2838186.52;0.0;0.0;140000;208181.54;0.0;0.0;0.0;0.0;0.0;0;0;0;0;;;;;0.0;;0;;0.0;;;;;;01.161.933/0001-23;;;;;;;;;;1908652.0;;0.0734
B1700159700000;O SILÊNCIO DA NOITE É QUE TEM SIDO TESTEMUNHA DAS MINHAS AMARGURAS;2016;;Renúncia — Outros Mecanismos;0.0;0.0;9000.0;0.0;13383.1;13383.1;11941.76;15784.72;60000;89220.66;15784.72;0.0;1.1795;0.0;0.0;0;0;0;0;;;;;4.1;adoro_usuario;1;baixa;;;;;;;16.863.370/0001-92;;;;;;;;;;9000.0;;7.9935
B1600710700000;O VENDEDOR DE SONHOS;2016;;Renúncia — Art.3/3-A/39;0.0;3000000.0;3590000.0;0.0;9799402.49;9799402.49;9718345.68;13603188.2;65000;96655.72;13603188.2;0.0;1.3882;11.75;0.0;5727;0;0;0;;;;;3.1;adoro_usuario;1;baixa;;;;;Oscar;Q594771;09.416.289/0001-07;;;;;;;;;;6590000.0;;1.4846
B1600702400000;OPÇÃO LAJE;2016;;Renúncia — Art.3/3-A/39;0.0;0.0;0.0;0.0;0.0;0.0;0.0;0.0;60000;89220.66;0.0;0.0;;0.0;0.0;0;0;0;0;;;;;0.0;;0;;0.0;;;;;;04.303.816/0001-45;;;;;;;;;;0.0;;
B1600784700000;OS PENETRAS 2 - QUEM DÁ MAIS?;2016;;Renúncia — Art.3/3-A/39;0.0;3000000.0;3330500.0;0.0;9413523.14;9413523.14;6089550.0;8070683.6;145000;215616.6;8070683.6;0.0;0.8573;0.0;0.0;0;0;0;0;;;;;3.1;adoro_usuario;1;baixa;1.0;1.0;1.0;;;;09.180.984/0001-04;;;;;;;;;;6330500.0;;0.9848
B1600738500000;OS SALTIMBANCOS TRAPALHÕES - RUMO A HOLLYWOOD;2016;;Renúncia — Art.3/3-A/39;0.0;3000000.0;23501.34;0.0;4495979.75;4495979.75;1445115.0;1915259.08;145000;215616.6;1915259.08;0.0;0.426;0.0;0.0;0;0;0;0;;;;;0.0;;0;;;;;;;;02.947.857/0001-49;;;;;;;;;;3023501.34;;0.5259
B1600280100000;OS SENHORES DA GUERRA;2016;;Renúncia — Outros Mecanismos;0.0;0.0;2810000.0;0.0;4178500.91;4178500.91;73658.4;103853.12;65000;96655.72;103853.12;0.0;0.0249;0.0;0.0;0;0;0;0;;;;;3.918;adoro_critico|adoro_usuario;2;media;;;;;;;05.456.798/0001-02;;;;;;;;;;2810000.0;;0.0493
B1600785500000;OS TRANSGRESSORES;2016;;Renúncia — Art.3/3-A/39;0.0;300000.0;115816.0;0.0;618322.97;618322.97;2520.0;3339.84;65000;96655.72;3339.84;0.0;0.0054;0.0;0.0;0;0;0;0;;;;;0.0;;0;;0.0;;;;;;01.946.155/0001-88;;;;;;;;;;415816.0;;0.1624
B1700326100000;OSWALDO - 1A TEMPORADA;2016;;sem_categoria;0.0;0.0;0.0;0.0;0.0;0.0;0.0;0.0;60000;89220.66;0.0;0.0;;0.0;0.0;0;0;0;0;;;;;0.0;;0;;;;;;;;07.503.073/0001-45;;;;;;;;;;0.0;;
B1600462200000;OUTROS TEMPOS - VELHOS;2016;;Renúncia — Art.3/3-A/39;0.0;2134542.17;0.0;0.0;3174087.69;3174087.69;0.0;0.0;60000;89220.66;0.0;0.0;0.0;0.0;0.0;0;0;0;0;;;;;0.0;;0;;1.0;0.0;0.0;;;;00.020.648/0001-20;;;;;;;;;;2134542.17;;0.0281
B1800353500000;PACTO DE SANGUE;2016;;Renúncia — Art.3/3-A/39;0.0;10140257.01;0.0;0.0;15078673.72;15078673.72;0.0;0.0;60000;89220.66;0.0;0.0;0.0;0.0;0.0;0;0;0;0;;;;;4.175;adoro_critico|adoro_usuario;2;media;;;;;;;05.832.663/0001-96;;;;;;;;;;10140257.01;;0.0059
B1700533700000;PARA ALÉM DA CURVA DA ESTRADA;2016;;Renúncia — Art.3/3-A/39;0.0;300000.0;60000.0;0.0;535323.96;535323.96;255.0;337.96;140000;208181.54;337.96;0.0;0.0006;0.0;0.0;0;0;0;0;;;;;3.97;adoro_critico|adoro_usuario;2;media;;;;;;;12.187.070/0001-80;;;;;;;;;;360000.0;;0.3896
B1600358100000;PARATODOS;2016;;Renúncia — Art.3/3-A/39;0.0;0.0;304281.0;0.0;452469.19;452469.19;44302.2;62462.96;140000;208181.54;62462.96;0.0;0.138;0.0;0.0;0;0;0;0;;;;;0.0;;0;;;;;;;;09.640.643/0001-74;;;;;;;;;;304281.0;;0.6057
B1600649400000;PARQUE PATATI PATATÁ - 2ª TEMPORADA;2016;;Renúncia — Outros Mecanismos;0.0;0.0;755000.0;0.0;1122693.31;1122693.31;0.0;0.0;140000;208181.54;0.0;0.0;0.0;0.0;0.0;0;0;0;0;;;;;0.0;;0;;0.0;;;;;;66.176.181/0001-10;;;;;;;;;;755000.0;;0.1854
B1600530200000;PEQUENO SEGREDO;2016;;Renúncia — Outros Mecanismos;0.0;0.0;4000000.0;0.0;5948044.0;5948044.0;2669518.5;3763781.0;0;0.0;3763781.0;0.0;0.6328;10.3;0.0;1968;0;0;0;;;;;3.7;adoro_usuario;1;baixa;3.0;2.0;2.0;Anuario electrónico de estudios en Comunicación Social Disertaciones | Anagrama;Oscar;Q16215088;00.132.102/0001-60;;;;;;;;;;4000000.0;;0.6674
B1600437000000;PIEDADE, PIEDADE!;2016;;Renúncia — Art.3/3-A/39;0.0;227914.5;0.0;0.0;338911.37;338911.37;0.0;0.0;140000;208181.54;0.0;0.0;0.0;0.0;0.0;0;0;0;0;;;;;0.0;;0;;;;;;;;05.303.120/0001-81;;;;;;;;;;227914.5;;0.6143
B1700107400000;PITANGA;2016;;Renúncia — Art.3/3-A/39;0.0;300000.0;500000.0;0.0;1189608.8;1189608.8;72585.0;96199.32;140000;208181.54;96199.32;0.0;0.0809;0.0;0.0;0;0;0;0;;;;;0.0;;0;;0.0;;;;;;02.902.219/0001-01;;;;;;;;;;800000.0;;0.2657
B1600411100000;POESIA E PROSA COM MARIA BETHÂNIA;2016;;Renúncia — Outros Mecanismos;0.0;0.0;1000000.0;0.0;1487011.0;1487011.0;0.0;0.0;200000;297402.2;0.0;0.0;0.0;0.0;0.0;0;0;0;0;;;;;0.0;;0;;;;;;;;06.900.652/0001-69;;;;;;;;;;1000000.0;;0.2
B1600633600000;REGRAS DO MMA;2016;;Renúncia — Art.3/3-A/39;0.0;467432.68;0.0;0.0;695077.54;695077.54;0.0;0.0;60000;89220.66;0.0;0.0;0.0;0.0;0.0;0;0;0;0;;;;;3.767;adoro_critico;1;media;0.0;;;;;;09.322.209/0001-46;;;;;;;;;;467432.68;;0.1284
B1600751200000;SANTINO E O BILHETE PREMIADO;2016;;Renúncia — Art.3/3-A/39;0.0;280000.0;0.0;0.0;416363.08;416363.08;0.0;0.0;360000;535323.96;0.0;0.0;0.0;0.0;0.0;0;0;0;0;;;;;3.4;adoro_usuario;1;baixa;;;;;;;14.151.128/0001-60;;;;;;;;;;280000.0;;1.2857
B1600385400000;SARAH - MENINA DE OURO;2016;;Renúncia — Art.3/3-A/39;0.0;227477.5;0.0;0.0;338261.54;338261.54;0.0;0.0;60000;89220.66;0.0;0.0;0.0;0.0;0.0;0;0;0;0;;;;;4.343;adoro_critico|adoro_usuario;2;alta;;;;;;;13.827.942/0001-90;;;;;;;;;;227477.5;;0.2638
B1700030100000;SEBASTIANA QUEBRA-GALHO;2016;;Renúncia — Outros Mecanismos;0.0;0.0;1423575.0;0.0;2116871.68;2116871.68;0.0;0.0;60000;89220.66;0.0;0.0;0.0;0.0;0.0;0;0;0;0;;;;;0.0;;0;;3.0;0.0;0.0;Brasiliana- Journal for Brazilian Studies | Convergências estudos em Humanidades Digitais;;;05.256.465/0001-21;;;;;;;;;;1423575.0;;0.0421
B1600251100000;SEQUESTRO;2016;;Renúncia — Art.3/3-A/39;0.0;899755.45;0.0;0.0;1337946.25;1337946.25;0.0;0.0;60000;89220.66;0.0;0.0;0.0;0.0;0.0;0;0;0;0;;;;;3.923;adoro_critico|adoro_usuario;2;alta;;;;;;;07.060.648/0001-00;;;;;;;;;;899755.45;;0.0667
B1600509900000;SERGIO BRITTO O MESTRE DOS PALCOS;2016;;Renúncia — Outros Mecanismos;0.0;0.0;415000.0;0.0;617109.57;617109.57;0.0;0.0;145000;215616.6;0.0;0.0;0.0;0.0;0.0;0;0;0;0;;;;;3.837;adoro_critico|adoro_usuario;2;alta;;;;;;;73.364.879/0001-24;;;;;;;;;;415000.0;;0.3494
B1600388200000;SHOW DO KIBE - 2ª TEMPORADA;2016;;Renúncia — Art.3/3-A/39;0.0;2376566.1;0.0;0.0;3533979.93;3533979.93;0.0;0.0;60000;89220.66;0.0;0.0;0.0;0.0;0.0;0;0;0;0;;;;;0.0;;0;;;;;;;;08.371.400/0001-15;;;;;;;;;;2376566.1;;0.0252
B1600403500000;SONHADORES;2016;;Renúncia — Art.3/3-A/39;0.0;524747.08;0.0;0.0;780304.68;780304.68;0.0;0.0;60000;89220.66;0.0;0.0;0.0;0.0;0.0;0;0;0;0;;;;;0.0;;0;;16.0;0.0;0.0;LA Referencia (Red Federada de Repositorios Institucionales de Publicaciones Científicas) | Rebeca - Revista Brasileira de Estudos de Cinema e Audiovisual | Significação Revista de Cultura Audiovisual;;;10.874.608/0001-07;;;;;;;;;;524747.08;;0.1143
B1600512600000;SOS FADA MANU (SEGUNDA TEMPORADA);2016;;Renúncia — Art.3/3-A/39;0.0;1707000.0;759271.98;0.0;3667373.56;3667373.56;0.0;0.0;360000;535323.96;0.0;0.0;0.0;0.0;0.0;0;0;0;0;;;;;0.0;;0;;;;;;;;16.729.130/0001-08;;;;;;;;;;2466271.98;;0.146
B1700275000000;SOUNDTRACK;2016;;Renúncia — Art.3/3-A/39;0.0;3000000.0;1900000.0;0.0;7286353.9;7286353.9;197955.0;262356.36;145000;215616.6;262356.36;0.0;0.036;0.0;0.0;0;0;0;0;;;;;0.0;;0;;0.0;;;;;;01.473.536/0001-97;;;;;;;;;;4900000.0;;0.07
B1600337700000;SÃO PAULO EM HI-FI;2016;;Renúncia — Outros Mecanismos;0.0;0.0;110000.0;0.0;163571.21;163571.21;49858.8;70096.88;60000;89220.66;70096.88;0.0;0.4285;0.0;0.0;0;0;0;0;;;;;0.0;;0;;;;;;;;09.005.783/0001-70;;;;;;;;;;110000.0;;0.9987
B1700354000000;SÃO PAULO NAS ALTURAS;2016;;Renúncia — Art.3/3-A/39;0.0;1222087.15;0.0;0.0;1817257.04;1817257.04;0.0;0.0;60000;89220.66;0.0;0.0;0.0;0.0;0.0;0;0;0;0;;;;;3.9;adoro_usuario;1;baixa;0.0;;;;;;08.440.376/0001-29;;;;;;;;;;1222087.15;;0.0491
B1600757300000;TERRA DE LUZ;2016;;sem_categoria;0.0;0.0;0.0;0.0;0.0;0.0;0.0;0.0;0;0.0;0.0;0.0;;0.0;0.0;0;0;0;0;;;;;4.0;adoro_usuario;1;baixa;0.0;;;;;;07.766.096/0001-42;;;;;;;;;;0.0;;
B1600604900000;TOC - TRANSTORNADA, OBSESSIVA, COMPULSIVA;2016;;Renúncia — Art.3/3-A/39;0.0;2800000.0;840000.0;0.0;5412720.04;5412720.04;3675645.0;4871454.84;145000;215616.6;4871454.84;0.0;0.9;0.0;0.0;0;0;0;0;;;;;3.898;adoro_critico|adoro_usuario;2;alta;;;;;;;07.570.789/0001-65;;;;;;;;;;3640000.0;;1.0496
B1600625200000;TODAS AS MANHÃS DO MUNDO;2016;;Renúncia — Art.3/3-A/39;0.0;1750000.0;0.0;0.0;2602269.25;2602269.25;173625.0;230111.0;60000;89220.66;230111.0;0.0;0.0884;0.0;0.0;0;0;0;0;;;;;3.927;adoro_critico|adoro_usuario;2;media;;;;;;;04.350.398/0001-47;;;;;;;;;;1750000.0;;0.1335
B1700253900000;TRABALHAR PRA QUEM?;2016;;sem_categoria;0.0;0.0;0.0;0.0;0.0;0.0;0.0;0.0;120000;178441.32;0.0;0.0;;0.0;0.0;0;0;0;0;;;;;0.0;;0;;;;;;;;07.445.292/0001-15;;;;;;;;;;0.0;;
B1600314000000;TROMBA TREM - 3ª TEMPORADA;2016;;sem_categoria;0.0;0.0;0.0;0.0;0.0;0.0;0.0;0.0;140000;208181.54;0.0;0.0;;0.0;0.0;0;0;0;0;;;;;0.0;;0;;;;;;;;09.551.826/0001-13;;;;;;;;;;0.0;;
B1700025700000;TROPYKAOS;2016;;Renúncia — Art.3/3-A/39;0.0;0.0;0.0;0.0;0.0;0.0;26350.08;34829.76;60000;89220.66;34829.76;0.0;;0.0;0.0;0;0;0;0;;;;;0.0;;0;;0.0;;;;;;08.410.008/0001-38;;;;;;;;;;0.0;;
B1600483500000;TUDO É IRRELEVANTE - HELIO JAGUARIBE;2016;;Renúncia — Outros Mecanismos;0.0;0.0;441205.0;0.0;656076.69;656076.69;3323.84;4393.48;280000;416363.08;4393.48;0.0;0.0067;0.0;0.0;0;0;0;0;;;;;3.738;adoro_critico;1;media;1.0;0.0;0.0;DOC online - Revista Digital de Cinema Documentário;;;02.127.762/0001-89;;;;;;;;;;441205.0;;0.6422
B1600667500000;TURBINADOS 2ª TEMPORADA;2016;;Renúncia — Art.3/3-A/39;0.0;0.0;0.0;0.0;0.0;0.0;0.0;0.0;60000;89220.66;0.0;0.0;;0.0;0.0;0;0;0;0;;;;;0.0;;0;;0.0;;;;;;07.627.467/0001-05;;;;;;;;;;0.0;;
B1600193400000;TÁ NO SANGUE - OS FAGUNDES;2016;;sem_categoria;0.0;0.0;0.0;0.0;0.0;0.0;0.0;0.0;85000;126395.94;0.0;0.0;;0.0;0.0;0;0;0;0;;;;;4.3;adoro_usuario;1;baixa;;;;;;;04.791.421/0001-39;;;;;;;;;;0.0;;
B1700430100000;UM CONTRA TODOS - 2ª TEMPORADA;2016;;Renúncia — Art.3/3-A/39;0.0;6699384.06;0.0;0.0;9962057.79;9962057.79;0.0;0.0;140000;208181.54;0.0;0.0;0.0;0.0;0.0;0;0;0;0;;;;;0.0;;0;;2.0;1.0;1.0;LA Referencia (Red Federada de Repositorios Institucionales de Publicaciones Científicas);;;09.180.984/0001-04;;;;;;;;;;6699384.06;;0.0209
B1600436900000;UM NAMORADO PARA MINHA MULHER;2016;;Renúncia — Art.3/3-A/39;0.0;3271583.65;1091500.0;0.0;6487953.38;6487953.38;9622305.3;13566768.04;145000;215616.6;13566768.04;0.0;2.0911;0.0;0.0;0;0;0;0;;;;;3.133;adoro_critico;1;media;;;;;;;12.580.503/0001-62;;;;;;;;;;4363083.65;;2.2386
B1700462900000;UMA ESPÉCIE DE FAMÍLIA;2016;;Renúncia — Art.3/3-A/39;0.0;0.0;0.0;0.0;0.0;0.0;53632.64;70892.08;0;0.0;70892.08;0.0;;0.0;0.0;0;0;0;0;;;;;3.656;adoro_critico;1;alta;;;;;;;07.477.471/0001-34;;;;;;;;;;0.0;;
B1600439700000;VIDAS PARTIDAS;2016;;Renúncia — Art.3/3-A/39;0.0;2500000.0;3807750.0;0.0;9379693.64;9379693.64;83175.9;117272.12;140000;208181.54;117272.12;0.0;0.0125;0.0;0.0;0;0;0;0;;;;;3.7;adoro_usuario;1;baixa;;;;;;;36.472.587/0001-89;;;;;;;;;;6307750.0;;0.0354
B1600390300000;VITÓRIAS ALÉM DO PÓDIO - O ESPORTE TRANSFORMANDO VIDAS;2016;;Renúncia — Outros Mecanismos;0.0;0.0;800000.0;0.0;1189608.8;1189608.8;0.0;0.0;140000;208181.54;0.0;0.0;0.0;0.0;0.0;0;0;0;0;;;;;3.857;adoro_critico;1;media;0.0;;;;;;07.703.864/0001-19;;;;;;;;;;800000.0;;0.175
B1600791000000;VIVER PARA LUTAR;2016;;Renúncia — Art.3/3-A/39;0.0;2998732.0;0.0;0.0;4459147.47;4459147.47;0.0;0.0;60000;89220.66;0.0;0.0;0.0;0.0;0.0;0;0;0;0;;;;;4.084;adoro_critico|adoro_usuario;2;alta;0.0;;;;;;06.998.046/0001-28;;;;;;;;;;2998732.0;;0.02
B1600095100000;ZANINE SER DO ARQUITETAR;2016;;sem_categoria;0.0;0.0;0.0;0.0;0.0;0.0;0.0;0.0;60000;89220.66;0.0;0.0;;0.0;0.0;0;0;0;0;;;;;0.0;;0;;0.0;;;;;;07.832.283/0001-87;;;;;;;;;;0.0;;
B1700112800000;ÍNDIOS NO BRASIL;2016;;sem_categoria;0.0;0.0;0.0;0.0;0.0;0.0;0.0;0.0;120000;178441.32;0.0;0.0;;0.0;0.0;0;0;0;0;;;;;4.3;adoro_usuario;1;baixa;15.0;18.0;15.0;LA Referencia (Red Federada de Repositorios Institucionales de Publicaciones Científicas) | Revista FAMECOS | O Mosaico;;;07.467.108/0001-38;;;;;;;;;;0.0;;
B1700424900000;#FALAGALERA;2017;;sem_categoria;0.0;0.0;0.0;0.0;0.0;0.0;0.0;0.0;0;0.0;0.0;0.0;;0.0;0.0;0;0;0;0;;;;;0.0;;0;;;;;;;;02.825.596/0001-94;;;;;;;;;;0.0;;
B1700474600000;#MECHAMADEBRUNA - 2ª TEMPORADA;2017;;Renúncia — Art.3/3-A/39;0.0;0.0;0.0;0.0;0.0;0.0;0.0;0.0;60000;86664.06;0.0;0.0;;0.0;0.0;0;0;0;0;;;;;0.0;;0;;;;;;;;03.360.320/0001-40;;;;;;;;;;0.0;;
B1700066700000;#MECHAMADEBRUNA - VERDADES E MENTIRAS;2017;;Renúncia — Art.3/3-A/39;0.0;305183.29;0.0;0.0;440807.05;440807.05;0.0;0.0;60000;86664.06;0.0;0.0;0.0;0.0;0.0;0;0;0;0;;;;;0.0;;0;;0.0;;;;;;03.360.320/0001-40;;;;;;;;;;305183.29;;0.1966
B1800314700000;137;2017;;sem_categoria;0.0;0.0;0.0;0.0;0.0;0.0;0.0;0.0;0;0.0;0.0;0.0;;0.0;0.0;0;0;0;0;;;;;0.0;;0;;0.0;;;;;;04.979.293/0001-51;;;;;;;;;;0.0;;
B1700466800000;5 LOOKS;2017;;Renúncia — Art.3/3-A/39;0.0;2605352.2;0.0;0.0;3763173.32;3763173.32;0.0;0.0;60000;86664.06;0.0;0.0;0.0;0.0;0.0;0;0;0;0;;;;;0.0;;0;;0.0;;;;;;01.894.553/0001-06;;;;;;;;;;2605352.2;;0.023
B1700354200000;A ARTE DO FUTEBOL BRASILEIRO;2017;;Renúncia — Art.3/3-A/39;0.0;908580.0;0.0;0.0;1312353.86;1312353.86;0.0;0.0;60000;86664.06;0.0;0.0;0.0;0.0;0.0;0;0;0;0;;;;;3.88;adoro_critico;1;media;;;;;;;10.899.485/0001-50;;;;;;;;;;908580.0;;0.066
B1700228000000;A GRANDE LUTA - SEGUNDA TEMPORADA;2017;;Renúncia — Art.3/3-A/39;0.0;1863705.25;0.0;0.0;2691937.73;2691937.73;0.0;0.0;60000;86664.06;0.0;0.0;0.0;0.0;0.0;0;0;0;0;;;;;4.1;adoro_usuario;1;baixa;;;;;;;16.729.130/0001-08;;;;;;;;;;1863705.25;;0.0322
B1800033200000;A IMAGEM DA TOLERÂNCIA;2017;;Renúncia — Art.3/3-A/39;0.0;200000.0;0.0;0.0;288880.2;288880.2;10091.84;13339.48;140000;202216.14;13339.48;0.0;0.0462;0.0;0.0;0;0;0;0;;;;;3.17;adoro_critico|adoro_usuario;2;alta;0.0;;;;;;07.419.227/0001-15;;;;;;;;;;200000.0;;0.7505
B1700467200000;A PONTE;2017;;Renúncia — Outros Mecanismos;0.0;199049.0;0.0;0.0;287506.57;287506.57;0.0;0.0;60000;86664.06;0.0;0.0;0.0;0.0;0.0;0;0;0;0;;;;;0.0;;0;;;;;;;;46.397.220/0001-00;;;;;;;;;;199049.0;;0.3014
B1800473500000;A ÚLTIMA ABOLIÇÃO;2017;;Renúncia — Art.3/3-A/39;0.0;300000.0;0.0;0.0;433320.3;433320.3;57016.64;75365.08;140000;202216.14;75365.08;0.0;0.1739;0.0;0.0;0;0;0;0;;;;;4.013;adoro_critico|adoro_usuario;2;media;5.0;2.0;1.0;e-Mosaicos | MIGUEL | Revista Insignare Scientia - RIS;;;08.427.088/0001-34;;;;;;;;;;300000.0;;0.6567
B1700329300000;A ÚLTIMA CHANCE;2017;;Renúncia — Outros Mecanismos;0.0;0.0;60000.0;0.0;86664.06;86664.06;1478.49;1908.48;280000;404432.28;1908.48;0.0;0.022;0.0;0.0;0;0;0;0;;;;;4.013;adoro_critico|adoro_usuario;2;media;;;;;;;03.626.688/0001-08;;;;;;;;;;60000.0;;4.6913
B1700362500000;ABRINDO O ARMÁRIO;2017;;Renúncia — Art.3/3-A/39;0.0;300000.0;0.0;0.0;433320.3;433320.3;24680.64;32623.08;280000;404432.28;32623.08;0.0;0.0753;0.0;0.0;0;0;0;0;;;;;0.0;;0;;0.0;;;;;;00.962.888/0001-43;;;;;;;;;;300000.0;;1.0156
B1700180400000;AEROPORTO - ÁREA RESTRITA;2017;;Renúncia — Art.3/3-A/39;0.0;1980000.0;0.0;0.0;2859913.98;2859913.98;0.0;0.0;140000;202216.14;0.0;0.0;0.0;0.0;0.0;0;0;0;0;;;;;0.0;;0;;0.0;;;;;;07.627.467/0001-05;;;;;;;;;;1980000.0;;0.0707
B1800007200000;AEROPORTO - ÁREA RESTRITA (2A TEMPORADA);2017;;Renúncia — Art.3/3-A/39;0.0;1980000.0;0.0;0.0;2859913.98;2859913.98;0.0;0.0;140000;202216.14;0.0;0.0;0.0;0.0;0.0;0;0;0;0;;;;;0.0;;0;;0.0;;;;;;07.627.467/0001-05;;;;;;;;;;1980000.0;;0.0707
B1700548300000;ALGUMA COISA ASSIM;2017;;Renúncia — Outros Mecanismos;0.0;0.0;100000.0;0.0;144440.1;144440.1;88003.04;116337.76;280000;404432.28;116337.76;0.0;0.8054;1.9;9.5;0;0;0;0;;;;;0.0;;0;;16.0;4.0;2.0;LA Referencia (Red Federada de Repositorios Institucionales de Publicaciones Científicas) | Revista Internacional Interdisciplinar INTERthesis | Dialnet (Universidad de la Rioja);;;09.271.593/0001-03;;;;;;;;;;100000.0;;3.68
B1700255200000;ALTO LEBLON;2017;;Renúncia — Art.3/3-A/39;0.0;1807850.0;0.0;0.0;2611260.35;2611260.35;0.0;0.0;60000;86664.06;0.0;0.0;0.0;0.0;0.0;0;0;0;0;;;;;0.0;;0;;;;;;;;06.023.805/0001-37;;;;;;;;;;1807850.0;;0.0332
B1700359600000;AMOR DE COZINHA;2017;;Renúncia — Outros Mecanismos;0.0;0.0;1367650.44;0.0;1975435.66;1975435.66;0.0;0.0;120000;173328.12;0.0;0.0;0.0;0.0;0.0;0;0;0;0;;;;;4.3;adoro_usuario;1;baixa;;;;;;;01.908.170/0001-31;;;;;;;;;;1367650.44;;0.0877
B1700306100000;ANTES QUE EU ME ESQUEÇA;2017;;Renúncia — Art.3/3-A/39;0.0;2400000.0;0.0;0.0;3466562.4;3466562.4;244129.28;322692.16;145000;209438.15;322692.16;0.0;0.0931;2.2;11.0;0;0;0;0;;;;;3.3;adoro_usuario;1;baixa;;;;;;;08.103.457/0001-33;;;;;;;;;;2400000.0;;0.1621
B1700255500000;AQUALOUCOS;2017;;Renúncia — Art.3/3-A/39;0.0;300000.0;0.0;0.0;433320.3;433320.3;1770.0;2345.84;60000;86664.06;2345.84;0.0;0.0054;1.6;8.0;0;0;0;0;;;;;0.0;;0;;;;;;;;12.580.503/0001-62;;;;;;;;;;300000.0;;0.2059
B1700085300000;ARÁBIA;2017;;Renúncia — Art.3/3-A/39;0.0;0.0;431716.0;0.0;623571.02;623571.02;177195.07;234186.4;140000;202216.14;234186.4;0.0;0.3756;14.9;74.5;0;0;0;0;;;;;4.353;adoro_critico|adoro_usuario;2;alta;0.0;;;;;;07.530.292/0001-13;;;;;;;;;;431716.0;;0.7347
B1700596600000;AULA NO TRAÇO;2017;;Renúncia — Outros Mecanismos;0.0;0.0;153301.64;0.0;221429.04;221429.04;0.0;0.0;200000;288880.2;0.0;0.0;0.0;0.0;0.0;0;0;0;0;;;;;4.3;adoro_usuario;1;baixa;0.0;;;;;;12.432.201/0001-47;;;;;;;;;;153301.64;;1.3046
B1800433200000;BABEL SP;2017;;Renúncia — Art.3/3-A/39;0.0;1424836.6;0.0;0.0;2058035.41;2058035.41;0.0;0.0;60000;86664.06;0.0;0.0;0.0;0.0;0.0;0;0;0;0;;;;;4.105;adoro_critico|adoro_usuario;2;alta;0.0;;;;;;23.148.018/0001-30;;;;;;;;;;1424836.6;;0.0421
B1700348300000;BAILÃO - 1ª TEMPORADA;2017;;sem_categoria;0.0;0.0;0.0;0.0;0.0;0.0;0.0;0.0;140000;202216.14;0.0;0.0;;0.0;0.0;0;0;0;0;;;;;0.0;;0;;;;;;;;11.157.228/0001-06;;;;;;;;;;0.0;;
B1800302300000;BELEZA GG;2017;;Renúncia — Art.3/3-A/39;0.0;1440380.74;0.0;0.0;2080487.38;2080487.38;0.0;0.0;60000;86664.06;0.0;0.0;0.0;0.0;0.0;0;0;0;0;;;;;0.0;;0;;0.0;;;;;;09.719.793/0001-78;;;;;;;;;;1440380.74;;0.0417
B1700361000000;BIKE AMOR;2017;;sem_categoria;0.0;0.0;940000.0;0.0;1357736.94;1357736.94;0.0;0.0;60000;86664.06;0.0;0.0;0.0;0.0;0.0;0;0;0;0;;;;;4.3;adoro_usuario;1;baixa;;;;;;;11.794.400/0001-32;;;;;;;;;;940000.0;;0.0638
B1700330100000;BINGO - O REI DAS MANHÃS;2017;;Renúncia — Art.3/3-A/39;0.0;3000000.0;2232684.3200000003;0.0;7558094.46;7558094.46;3795885.0;5030812.92;65000;93886.07;5030812.92;0.0;0.6656;0.0;0.0;0;0;0;0;;;;;3.9;adoro_usuario;1;baixa;20.0;4.0;2.0;Rebeca - Revista Brasileira de Estudos de Cinema e Audiovisual | Zenodo (CERN European Organization for Nuclear Research) | Resgate Revista Interdisciplinar de Cultura;Oscar;Q1162308;01.378.559/0001-12;;;;;;;;;;5232684.32;;0.7378
B1700401300000;BOBOLÂNDIA MONSTROLÂNDIA - 1ª TEMPORADA;2017;;Renúncia — Art.3/3-A/39;0.0;0.0;0.0;0.0;0.0;0.0;0.0;0.0;140000;202216.14;0.0;0.0;;0.0;0.0;0;0;0;0;;;;;0.0;;0;;0.0;;;;;;08.517.383/0001-81;;;;;;;;;;0.0;;
B1800054500000;BORIS E RUFUS- BIT STOP;2017;;Renúncia — Outros Mecanismos;0.0;0.0;82249.0;0.0;118800.54;118800.54;0.0;0.0;360000;519984.36;0.0;0.0;0.0;0.0;0.0;0;0;0;0;;;;;0.0;;0;;;;;;;;03.274.384/0001-29;;;;;;;;;;82249.0;;4.377
B1700362200000;BRASIL ESTRADEIRO;2017;;Renúncia — Outros Mecanismos;0.0;0.0;573715.45;0.0;828675.17;828675.17;0.0;0.0;80000;115552.08;0.0;0.0;0.0;0.0;0.0;0;0;0;0;;;;;0.0;;0;;0.0;;;;;;07.346.770/0001-30;;;;;;;;;;573715.45;;0.1394
B1700598200000;BUBU E AS CORUJINHAS - 1ª TEMPORADA;2017;;Renúncia — Art.3/3-A/39;0.0;0.0;0.0;0.0;0.0;0.0;0.0;0.0;360000;519984.36;0.0;0.0;;0.0;0.0;0;0;0;0;;;;;0.0;;0;;0.0;;;;;;14.020.417/0001-20;;;;;;;;;;0.0;;
B1700487800000;BUZZU NA ESCOLA INTERGALÁCTICA;2017;;Renúncia — Art.3/3-A/39;0.0;1546700.22;0.0;0.0;2234055.34;2234055.34;0.0;0.0;60000;86664.06;0.0;0.0;0.0;0.0;0.0;0;0;0;0;;;;;0.0;;0;;;;;;;;60.915.899/0001-02;;;;;;;;;;1546700.22;;0.0388
B1700371900000;CADARÇO;2017;;Renúncia — Outros Mecanismos;0.0;0.0;104500.0;0.0;150939.9;150939.9;0.0;0.0;200000;288880.2;0.0;0.0;0.0;0.0;0.0;0;0;0;0;;;;;0.0;;0;;;;;;;;09.005.783/0001-70;;;;;;;;;;104500.0;;1.9139
B1700349900000;CAMINHO DO MAR;2017;;Renúncia — Outros Mecanismos;0.0;0.0;1917381.0;0.0;2769467.03;2769467.03;15596.48;20615.56;120000;173328.12;20615.56;0.0;0.0074;0.0;0.0;0;0;0;0;;;;;4.2;adoro_usuario;1;baixa;;;;;;;01.230.968/0001-77;;;;;;;;;;1917381.0;;0.0707
B1700581400000;CARNEIRO DE OURO;2017;;sem_categoria;0.0;0.0;0.0;0.0;0.0;0.0;0.0;0.0;0;0.0;0.0;0.0;;0.0;0.0;0;0;0;0;;;;;3.962;adoro_critico|adoro_usuario;2;alta;0.0;;;;;;13.044.728/0001-67;;;;;;;;;;0.0;;
B1700567900000;CARRAPATOS E CATAPULTAS - 3A TEMPORADA;2017;;sem_categoria;0.0;0.0;0.0;0.0;0.0;0.0;0.0;0.0;80000;115552.08;0.0;0.0;;0.0;0.0;0;0;0;0;;;;;0.0;;0;;1.0;0.0;0.0;;;;06.768.153/0001-60;;;;;;;;;;0.0;;
B1700560500000;CARTAS PARA UM LADRÃO DE LIVROS;2017;;Renúncia — Art.3/3-A/39;0.0;300000.0;300000.0;0.0;866640.6;866640.6;5399.36;7136.92;60000;86664.06;7136.92;0.0;0.0082;0.0;0.0;0;0;0;0;;;;;4.055;adoro_critico|adoro_usuario;2;media;9.0;3.0;2.0;Intercom Revista Brasileira de Ciências da Comunicação | INTERIN | Cadernos Pagu;;;16.729.130/0001-08;;;;;;;;;;600000.0;;0.109
B1700436300000;CHIBATA;2017;;Renúncia — Outros Mecanismos;0.0;0.0;75000.0;0.0;108330.07;108330.07;0.0;0.0;0;0.0;0.0;0.0;0.0;0.0;0.0;0;0;0;0;;;;;0.0;;0;;;;;;;;30.027.114/0001-96;;;;;;;;;;75000.0;;0.0
B1700172000000;CIDADES FANTASMAS;2017;;Renúncia — Art.3/3-A/39;0.0;300000.0;0.0;0.0;433320.3;433320.3;18390.0;24372.88;60000;86664.06;24372.88;0.0;0.0562;3.0;15.0;0;0;0;0;;;;;0.0;;0;;;;;;;;94.625.829/0001-23;;;;;;;;;;300000.0;;0.2613
B1700435100000;CINE SÃO PAULO;2017;;Renúncia — Art.3/3-A/39;0.0;0.0;0.0;0.0;0.0;0.0;6924.78;8707.44;80000;115552.08;8707.44;0.0;;0.0;0.0;0;0;0;0;;;;;0.0;;0;;1.0;0.0;0.0;SPIRE - Sciences Po Institutional REpository;;;09.486.710/0001-48;;;;;;;;;;0.0;;
B1800102900000;CINELAB APRENDIZ;2017;;Renúncia — Outros Mecanismos;0.0;0.0;704593.46;0.0;1017715.5;1017715.5;0.0;0.0;60000;86664.06;0.0;0.0;0.0;0.0;0.0;0;0;0;0;;;;;0.0;;0;;;;;;;;16.729.130/0001-08;;;;;;;;;;704593.46;;0.0852
B1700625000000;CONSELHO TUTELAR 3ª TEMPORADA;2017;;Renúncia — Art.3/3-A/39;0.0;3000000.0;0.0;0.0;4333203.0;4333203.0;0.0;0.0;140000;202216.14;0.0;0.0;0.0;0.0;0.0;0;0;0;0;;;;;0.0;;0;;;;;;;;28.629.780/0001-52;;;;;;;;;;3000000.0;;0.0467
B1700537400000;CORAGEM! AS MUITAS VIDAS DO CARDEAL DOM PAULO EVARISTO ARNS;2017;;Renúncia — Art.3/3-A/39;0.0;300000.0;510317.44;0.0;1170423.32;1170423.32;13669.56;18110.68;0;0.0;18110.68;0.0;0.0155;0.0;0.0;0;0;0;0;;;;;2.712;adoro_critico|adoro_usuario;2;alta;;;;;;;14.670.660/0001-94;;;;;;;;;;810317.44;;0.0169
B1700167100000;CORTA! ANIMAÇÃO;2017;;Renúncia — Outros Mecanismos;0.0;0.0;1424070.9;0.0;2056929.43;2056929.43;0.0;0.0;60000;86664.06;0.0;0.0;0.0;0.0;0.0;0;0;0;0;;;;;0.0;;0;;0.0;;;;;;02.683.477/0001-44;;;;;;;;;;1424070.9;;0.0421
B1700328500000;D.P.A. - DETETIVES DO PRÉDIO AZUL;2017;;Renúncia — Art.3/3-A/39;0.0;3000000.0;0.0;0.0;4333203.0;4333203.0;18613007.96;24668237.16;145000;209438.15;24668237.16;0.0;5.6928;0.0;0.0;0;0;0;0;;;;;3.3;adoro_usuario;1;baixa;0.0;;;;;;12.580.503/0002-43;;;;;;;;;;3000000.0;;6.2527
B1700182800000;DE CRIANÇA PARA CRIANÇA;2017;;Renúncia — Outros Mecanismos;0.0;0.0;681000.0;0.0;983637.08;983637.08;0.0;0.0;280000;404432.28;0.0;0.0;0.0;0.0;0.0;0;0;0;0;;;;;4.407;adoro_critico|adoro_usuario;2;media;;;;;;;16.550.959/0001-30;;;;;;;;;;681000.0;;0.4112
B1800381100000;DELICADEZA É AZUL;2017;;Renúncia — Art.3/3-A/39;0.0;0.0;965677.0;0.0;1394824.82;1394824.82;1031.32;1172.92;120000;173328.12;1172.92;0.0;0.0008;0.0;0.0;0;0;0;0;;;;;4.2;adoro_usuario;1;baixa;;;;;;;23.586.904/0001-46;;;;;;;;;;965677.0;;0.1253
B1700261200000;DESARQUIVANDO ALICE GONZAGA;2017;;sem_categoria;0.0;0.0;0.0;0.0;0.0;0.0;0.0;0.0;60000;86664.06;0.0;0.0;;0.0;0.0;0;0;0;0;;;;;0.0;;0;;1.0;0.0;0.0;AVANCA | CINEMA;;;02.229.175/0001-09;;;;;;;;;;0.0;;
B1700621700000;DEU MATCH - 2º TEMPORADA;2017;;Renúncia — Art.3/3-A/39;0.0;1371949.48;0.0;0.0;1981645.2;1981645.2;0.0;0.0;60000;86664.06;0.0;0.0;0.0;0.0;0.0;0;0;0;0;;;;;0.0;;0;;;;;;;;06.900.652/0001-69;;;;;;;;;;1371949.48;;0.0437
B1700148400000;DIA UM;2017;;Renúncia — Art.3/3-A/39;0.0;2508154.85;0.0;0.0;3622781.37;3622781.37;0.0;0.0;60000;86664.06;0.0;0.0;0.0;0.0;0.0;0;0;0;0;;;;;3.98;adoro_critico|adoro_usuario;2;alta;0.0;;;;;;02.525.725/0001-29;;;;;;;;;;2508154.85;;0.0239
B1700483200000;DISTRITO CULTURAL - TERCEIRA TEMPORADA;2017;;Renúncia — Art.3/3-A/39;0.0;550000.0;0.0;0.0;794420.55;794420.55;0.0;0.0;80000;115552.08;0.0;0.0;0.0;0.0;0.0;0;0;0;0;;;;;0.0;;0;;;;;;;;03.218.295/0001-65;;;;;;;;;;550000.0;;0.1455
B1700244500000;DIVÓRCIO;2017;;Renúncia — Art.3/3-A/39;0.0;3000000.0;3882695.0;0.0;9941371.54;9941371.54;7474583.46;9906303.4;145000;209438.15;9906303.4;0.0;0.9965;0.9;4.5;0;0;0;0;;;;;3.868;adoro_critico|adoro_usuario;2;alta;;;;;;;04.768.987/0001-40;;;;;;;;;;6882695.0;;1.1071
B1700339400000;DO JIU JITSU AO MMA;2017;;Renúncia — Art.3/3-A/39;0.0;2999850.14;0.0;0.0;4332986.54;4332986.54;0.0;0.0;60000;86664.06;0.0;0.0;0.0;0.0;0.0;0;0;0;0;;;;;0.0;;0;;7.0;0.0;0.0;LÍBERO. ISSN impresso: 1517-3283 / ISSN online: 2525-3166 | Palgrave studies in adaptation and visual culture | Scientific Repository of Open Access of Portugal (RCAAP);;;06.998.046/0001-28;;;;;;;;;;2999850.14;;0.02
B1700469600000;DRAG ME AS A QUEEN;2017;;Renúncia — Art.3/3-A/39;0.0;1892970.0;0.0;0.0;2734207.76;2734207.76;0.0;0.0;60000;86664.06;0.0;0.0;0.0;0.0;0.0;0;0;0;0;;;;;0.0;;0;;;;;;;;15.743.170/0001-33;;;;;;;;;;1892970.0;;0.0317
B1700488400000;E AGORA? O TRÁFICO DE ANIMAIS SILVESTRES NO BRASIL;2017;;Renúncia — Outros Mecanismos;0.0;0.0;200340.0;0.0;289371.3;289371.3;0.0;0.0;60000;86664.06;0.0;0.0;0.0;0.0;0.0;0;0;0;0;;;;;4.3;adoro_usuario;1;baixa;;;;;;;08.788.322/0001-59;;;;;;;;;;200340.0;;0.2995
B1700278600000;ENQUADRO 5X5;2017;;sem_categoria;0.0;0.0;0.0;0.0;0.0;0.0;0.0;0.0;60000;86664.06;0.0;0.0;;0.0;0.0;0;0;0;0;;;;;0.0;;0;;0.0;;;;;;09.163.772/0001-19;;;;;;;;;;0.0;;
B1700584000000;ENTRE IRMÃS - SÉRIE;2017;;Renúncia — Art.3/3-A/39;0.0;3000000.0;0.0;0.0;4333203.0;4333203.0;0.0;0.0;360000;519984.36;0.0;0.0;0.0;0.0;0.0;0;0;0;0;;;;;3.3;adoro_usuario;1;baixa;0.0;;;;;;09.180.984/0001-04;;;;;;;;;;3000000.0;;0.12
B1700271600000;ENTRE RISOS;2017;;Renúncia — Art.3/3-A/39;0.0;664675.38;0.0;0.0;960057.78;960057.78;0.0;0.0;60000;86664.06;0.0;0.0;0.0;0.0;0.0;0;0;0;0;;;;;0.0;;0;;;;;;;;07.929.498/0001-10;;;;;;;;;;664675.38;;0.0903
B1700204700000;ERA UMA VEZ UMA HISTÓRIA;2017;;Renúncia — Outros Mecanismos;0.0;0.0;2000000.0;0.0;2888802.0;2888802.0;0.0;0.0;140000;202216.14;0.0;0.0;0.0;0.0;0.0;0;0;0;0;;;;;4.24;adoro_critico|adoro_usuario;2;alta;;;;;;;06.900.652/0001-69;;;;;;;;;;2000000.0;;0.07
B1800182100000;ERIC ACORDE;2017;;sem_categoria;0.0;0.0;0.0;0.0;0.0;0.0;0.0;0.0;80000;115552.08;0.0;0.0;;0.0;0.0;0;0;0;0;;;;;0.0;;0;;;;;;;;04.761.874/0001-12;;;;;;;;;;0.0;;
B1800000300000;ESCOLA DE GÊNIOS - PRIMEIRA TEMPORADA;2017;;Renúncia — Art.3/3-A/39;0.0;3000000.0;0.0;0.0;4333203.0;4333203.0;0.0;0.0;360000;519984.36;0.0;0.0;0.0;0.0;0.0;0;0;0;0;;;;;4.058;adoro_critico|adoro_usuario;2;media;;;;;;;06.998.046/0001-28;;;;;;;;;;3000000.0;;0.12
B1700072200000;ESPÍRITO DA LUTA 1ª TEMPORADA;2017;;Renúncia — Art.3/3-A/39;0.0;2824685.37;0.0;0.0;4079978.37;4079978.37;0.0;0.0;60000;86664.06;0.0;0.0;0.0;0.0;0.0;0;0;0;0;;;;;4.45;adoro_critico|adoro_usuario;2;media;;;;;;;03.435.290/0001-94;;;;;;;;;;2824685.37;;0.0212
B1600789900000;EU FICO LOKO;2017;;Renúncia — Art.3/3-A/39;0.0;3000000.0;512000.0;0.0;5072736.31;5072736.31;8520045.0;11291899.64;65000;93886.07;11291899.64;0.0;2.226;0.0;0.0;0;0;0;0;;;;;0.0;;0;;5.0;0.0;0.0;INTERIN | Intexto | Lumina;;;01.473.536/0001-97;;;;;;;;;;3512000.0;;2.4445
B1700375000000;EU SOU ASSIM;2017;;Renúncia — Art.3/3-A/39;0.0;1152843.9;0.0;0.0;1665168.88;1665168.88;0.0;0.0;60000;86664.06;0.0;0.0;0.0;0.0;0.0;0;0;0;0;;;;;4.123;adoro_critico|adoro_usuario;2;media;10.0;1.0;1.0;LA Referencia (Red Federada de Repositorios Institucionales de Publicaciones Científicas) | Rebeca - Revista Brasileira de Estudos de Cinema e Audiovisual | DOC online - Revista Digital de Cinema Documentário;;;03.360.320/0001-40;;;;;;;;;;1152843.9;;0.052
B1700463400000;EU, ADOLESCENTE;2017;;Renúncia — Art.3/3-A/39;0.0;0.0;1250000.0;0.0;1805501.25;1805501.25;0.0;0.0;60000;86664.06;0.0;0.0;0.0;0.0;0.0;0;0;0;0;;;;;0.0;;0;;0.0;;;;;;03.360.320/0001-40;;;;;;;;;;1250000.0;;0.048
B1700568400000;EU,ELA E UM MILHÃO DE SEGUIDORES;2017;;Renúncia — Art.3/3-A/39;0.0;3000000.0;0.0;0.0;4333203.0;4333203.0;0.0;0.0;60000;86664.06;0.0;0.0;0.0;0.0;0.0;0;0;0;0;;;;;4.4;adoro_usuario;1;baixa;10.0;1.0;1.0;LA Referencia (Red Federada de Repositorios Institucionales de Publicaciones Científicas) | Rebeca - Revista Brasileira de Estudos de Cinema e Audiovisual | DOC online - Revista Digital de Cinema Documentário;;;09.629.963/0001-23;;;;;;;;;;3000000.0;;0.02
B1700123200000;EXODUS - DE ONDE VIM NÃO EXISTE MAIS;2017;;Renúncia — Art.3/3-A/39;0.0;121980.0;250013.55;0.0;537307.86;537307.86;89295.0;118345.64;0;0.0;118345.64;0.0;0.2203;0.4;2.0;0;0;0;0;;;;;0.0;;0;;;;;;;;02.525.725/0001-29;;;;;;;;;;371993.55;;0.24
B1700333000000;FASHION CLICK;2017;;sem_categoria;0.0;0.0;0.0;0.0;0.0;0.0;0.0;0.0;60000;86664.06;0.0;0.0;;0.0;0.0;0;0;0;0;;;;;4.15;adoro_critico;1;alta;;;;;;;11.280.934/0001-40;;;;;;;;;;0.0;;
B1700595300000;FELIPA E O FOGUETE;2017;;Renúncia — Art.3/3-A/39;0.0;360615.0;0.0;0.0;520872.67;520872.67;0.0;0.0;140000;202216.14;0.0;0.0;0.0;0.0;0.0;0;0;0;0;;;;;3.4;adoro_usuario;1;baixa;0.0;;;;;;17.219.542/0001-52;;;;;;;;;;360615.0;;0.3882
B1700598000000;FEVEREIROS;2017;;Renúncia — Art.3/3-A/39;0.0;200000.0;119258.31;0.0;461137.02;461137.02;287710.38;361776.24;285000;411654.29;361776.24;0.0;0.7845;10.35;0.0;2051;0;0;0;;;;;0.0;;0;;;;;;;;07.045.026/0001-03;;;;;;;;;;319258.31;;1.7939
B1700610500000;FIGURAS DA DANÇA 2017 ARACY EVANS;2017;;Renúncia — Art.3/3-A/39;0.0;0.0;0.0;0.0;0.0;0.0;0.0;0.0;140000;202216.14;0.0;0.0;;0.0;0.0;0;0;0;0;;;;;0.0;;0;;;;;;;;11.035.916/0001-01;;;;;;;;;;0.0;;
B1700615900000;FUTUROS CAMPEÕES;2017;;Renúncia — Art.3/3-A/39;0.0;1973217.32;0.0;0.0;2850117.07;2850117.07;0.0;0.0;60000;86664.06;0.0;0.0;0.0;0.0;0.0;0;0;0;0;;;;;3.928;adoro_critico|adoro_usuario;2;alta;;;;;;;03.435.290/0001-94;;;;;;;;;;1973217.32;;0.0304
B1700172700000;FÁTIMA NO BRASIL;2017;;Renúncia — Outros Mecanismos;0.0;0.0;390000.0;0.0;563316.39;563316.39;0.0;0.0;65000;93886.07;0.0;0.0;0.0;0.0;0.0;0;0;0;0;;;;;4.3;adoro_usuario;1;baixa;;;;;;;03.327.485/0001-10;;;;;;;;;;390000.0;;0.1667
B1700524700000;GABEIRA;2017;;Renúncia — Art.3/3-A/39;0.0;250000.0;0.0;0.0;361100.25;361100.25;20595.0;27295.24;60000;86664.06;27295.24;0.0;0.0756;0.0;0.0;0;0;0;0;;;;;0.0;;0;;;;;;;;03.292.963/0001-02;;;;;;;;;;250000.0;;0.3224
B1700571000000;GARRINCHA DO TIMÃO;2017;;Renúncia — Art.3/3-A/39;0.0;404680.68;33800.0;0.0;633341.93;633341.93;0.0;0.0;60000;86664.06;0.0;0.0;0.0;0.0;0.0;0;0;0;0;;;;;0.0;;0;;;;;;;;04.350.398/0001-47;;;;;;;;;;438480.68;;0.1368
B1700233300000;GERAÇÃO Z;2017;;Renúncia — Art.3/3-A/39;0.0;565000.0;0.0;0.0;816086.57;816086.57;0.0;0.0;60000;86664.06;0.0;0.0;0.0;0.0;0.0;0;0;0;0;;;;;0.0;;0;;;;;;;;68.569.839/0001-89;;;;;;;;;;565000.0;;0.1062
B1800308100000;GNAKS! - EPISÓDIO PILOTO;2017;;sem_categoria;0.0;0.0;0.0;0.0;0.0;0.0;0.0;0.0;0;0.0;0.0;0.0;;0.0;0.0;0;0;0;0;;;;;0.0;;0;;;;;;;;04.979.293/0001-51;;;;;;;;;;0.0;;
B1700481900000;GRANDES MÉDICOS;2017;;Renúncia — Outros Mecanismos;0.0;0.0;700000.0;0.0;1011080.7;1011080.7;360.96;477.12;0;0.0;477.12;0.0;0.0005;0.0;0.0;0;0;0;0;;;;;0.0;;0;;;;;;;;05.270.790/0001-49;;;;;;;;;;700000.0;;0.0005
B1700611100000;GUERRA DA TAPIOCA;2017;;Renúncia — Art.3/3-A/39;0.0;361475.0;0.0;0.0;522114.85;522114.85;0.0;0.0;360000;519984.36;0.0;0.0;0.0;0.0;0.0;0;0;0;0;;;;;3.918;adoro_critico|adoro_usuario;2;media;;;;;;;16.894.643/0001-66;;;;;;;;;;361475.0;;0.9959
B1700452000000;GUIA POLITICAMENTE INCORRETO DA HISTÓRIA DO BRASIL - A SÉRIE;2017;;Renúncia — Art.3/3-A/39;0.0;1800000.0;0.0;0.0;2599921.8;2599921.8;0.0;0.0;60000;86664.06;0.0;0.0;0.0;0.0;0.0;0;0;0;0;;;;;3.77;adoro_critico;1;media;;;;;;;08.449.178/0001-26;;;;;;;;;;1800000.0;;0.0333
B1700469700000;HENFIL;2017;;Renúncia — Art.3/3-A/39;0.0;300000.0;0.0;0.0;433320.3;433320.3;38316.44;50276.52;280000;404432.28;50276.52;0.0;0.116;0.0;0.0;0;0;0;0;;;;;0.0;;0;;1.0;36.0;36.0;Journal of Food Science and Technology;;;00.360.459/0001-04;;;;;;;;;;300000.0;;1.0611
B1800046400000;HISTÓRIAS DA FOME NO BRASIL;2017;;Renúncia — Outros Mecanismos;0.0;0.0;350000.0;0.0;505540.35;505540.35;0.0;0.0;280000;404432.28;0.0;0.0;0.0;0.0;0.0;0;0;0;0;;;;;4.3;adoro_usuario;1;baixa;12.0;0.0;0.0;LA Referencia (Red Federada de Repositorios Institucionales de Publicaciones Científicas) | Convergências estudos em Humanidades Digitais | Estudos da língua(gem);;;27.920.016/0001-79;;;;;;;;;;350000.0;;0.8
B1700565800000;ICAMIABAS NA CIDADE AMAZÔNIA;2017;;Renúncia — Art.3/3-A/39;0.0;0.0;2000000.0;0.0;2888802.0;2888802.0;0.0;0.0;80000;115552.08;0.0;0.0;0.0;0.0;0.0;0;0;0;0;;;;;0.0;;0;;;;;;;;20.240.711/0001-40;;;;;;;;;;2000000.0;;0.04
B1800088600000;IMPÉRIO DA BELEZA;2017;;Renúncia — Art.3/3-A/39;0.0;206000.0;0.0;0.0;297546.61;297546.61;0.0;0.0;60000;86664.06;0.0;0.0;0.0;0.0;0.0;0;0;0;0;;;;;0.0;;0;;0.0;;;;;;15.743.170/0001-33;;;;;;;;;;206000.0;;0.2913
B1700381100000;INVISÍVEL;2017;;FSA Automático Festivais;0.0;3000000.0;2011244.0;0.0;7238245.84;7238245.84;145129.88;192339.0;0;0.0;192339.0;0.0;0.0266;7.1;35.5;0;0;0;0;;;;;3.673;adoro_critico|adoro_usuario;2;alta;;;;;;;11.000.556/0001-02;;;;;;;;;;5011244.0;;0.029
B1700219500000;IRMÃO DO JOREL 2ª TEMPORADA - COMPILADO;2017;;Renúncia — Art.3/3-A/39;0.0;5292163.48;0.0;0.0;7644006.22;7644006.22;0.0;0.0;60000;86664.06;0.0;0.0;0.0;0.0;0.0;0;0;0;0;;;;;0.0;;0;;;;;;;;09.551.826/0001-13;;;;;;;;;;5292163.48;;0.0113
B1700092500000;JOAQUIM;2017;;Renúncia — Art.3/3-A/39;0.0;100000.0;0.0;0.0;144440.1;144440.1;295856.45;392093.24;145000;209438.15;392093.24;0.0;2.7146;15.09;20.0;809;1;1;0;;;;;0.0;;0;;;;;;;;02.669.022/0001-74;;;;;;;;;;100000.0;;4.4086
B1800067300000;JOGADA DE CHEF;2017;;Renúncia — Outros Mecanismos;0.0;0.0;1585041.37;0.0;2289435.34;2289435.34;0.0;0.0;60000;86664.06;0.0;0.0;0.0;0.0;0.0;0;0;0;0;;;;;4.0;adoro_usuario;1;baixa;;;;;;;10.899.485/0001-50;;;;;;;;;;1585041.37;;0.0379
B1700488300000;KNOCKDOWN;2017;;Renúncia — Art.3/3-A/39;0.0;0.0;0.0;0.0;0.0;0.0;0.0;0.0;140000;202216.14;0.0;0.0;;0.0;0.0;0;0;0;0;;;;;0.0;;0;;;;;;;;08.467.312/0001-11;;;;;;;;;;0.0;;
B1700478200000;LABORATÓRIO DA LUTA - SEGUNDA TEMPORADA;2017;;Renúncia — Art.3/3-A/39;0.0;3000000.0;0.0;0.0;4333203.0;4333203.0;0.0;0.0;60000;86664.06;0.0;0.0;0.0;0.0;0.0;0;0;0;0;;;;;4.45;adoro_critico|adoro_usuario;2;media;7.0;0.0;0.0;LÍBERO. ISSN impresso: 1517-3283 / ISSN online: 2525-3166 | Palgrave studies in adaptation and visual culture | Scientific Repository of Open Access of Portugal (RCAAP);;;02.947.857/0001-49;;;;;;;;;;3000000.0;;0.02
B1800046600000;LEGALIZE JÁ - AMIZADE NUNCA MORRE;2017;;Renúncia — Art.3/3-A/39;0.0;1252079.18;1751766.27;0.0;4338757.37;4338757.37;551090.24;728403.2;285000;411654.29;728403.2;0.0;0.1679;2.0;10.0;0;0;0;0;;;;;0.0;;0;;;;;;;;03.435.290/0001-94;;;;;;;;;;3003845.45;;0.2783
B1700329000000;LEÕES DE PARAISÓPOLIS;2017;;Renúncia — Art.3/3-A/39;0.0;300000.0;0.0;0.0;433320.3;433320.3;0.0;0.0;60000;86664.06;0.0;0.0;0.0;0.0;0.0;0;0;0;0;;;;;0.0;;0;;0.0;;;;;;14.860.932/0001-19;;;;;;;;;;300000.0;;0.2
B1700464600000;LIBERDADE DE GÊNERO - SEGUNDA TEMPORADA;2017;;Renúncia — Outros Mecanismos;0.0;0.0;1250000.0;0.0;1805501.25;1805501.25;0.0;0.0;280000;404432.28;0.0;0.0;0.0;0.0;0.0;0;0;0;0;;;;;4.01;adoro_critico;1;media;;;;;;;28.026.565/0001-67;;;;;;;;;;1250000.0;;0.224
B1700382400000;LINO - UMA AVENTURA DE SETE VIDAS;2017;;Renúncia — Art.3/3-A/39;0.0;0.0;17587.17;0.0;25402.93;25402.93;4908498.52;6505392.04;65000;93886.07;6505392.04;0.0;256.0883;15.21;0.0;73215;0;0;0;;;;;4.343;adoro_critico|adoro_usuario;2;alta;;;;;;;60.915.899/0001-02;;;;;;;;;;17587.17;;282.7913
B1700183900000;LIVRO VIVO;2017;;Renúncia — Outros Mecanismos;0.0;0.0;500000.0;0.0;722200.5;722200.5;0.0;0.0;0;0.0;0.0;0.0;0.0;0.0;0.0;0;0;0;0;;;;;0.0;;0;;1.0;0.0;0.0;LA Referencia (Red Federada de Repositorios Institucionales de Publicaciones Científicas);;;06.900.652/0001-69;;;;;;;;;;500000.0;;0.0
B1700443500000;LUBINHO, O LOBO MARINHO;2017;;Renúncia — Art.3/3-A/39;0.0;96786.84;0.0;0.0;139799.01;139799.01;0.0;0.0;280000;404432.28;0.0;0.0;0.0;0.0;0.0;0;0;0;0;;;;;3.535;adoro_critico|adoro_usuario;2;alta;0.0;;;;;;07.445.292/0001-15;;;;;;;;;;96786.84;;2.893
B1700480000000;LUCA E A IDENTIDADE SECRETA DE SEU PAI;2017;;Renúncia — Art.3/3-A/39;0.0;199049.0;0.0;0.0;287506.57;287506.57;0.0;0.0;60000;86664.06;0.0;0.0;0.0;0.0;0.0;0;0;0;0;;;;;4.123;adoro_critico|adoro_usuario;2;alta;;;;;;;46.397.220/0001-00;;;;;;;;;;199049.0;;0.3014
B1700347600000;MALASARTES E O DUELO COM A MORTE;2017;;Renúncia — Art.3/3-A/39;0.0;3000000.0;2894750.0;0.0;8514382.79;8514382.79;1749585.0;2318783.32;145000;209438.15;2318783.32;0.0;0.2723;1.2;6.0;0;0;0;0;;;;;3.57;adoro_critico|adoro_usuario;2;alta;;;;;;;02.525.725/0001-29;;;;;;;;;;5894750.0;;0.3214
B1700510200000;MAPA DO POP - 2ª TEMPORADA;2017;;Renúncia — Art.3/3-A/39;0.0;2013658.0;0.0;0.0;2908529.63;2908529.63;0.0;0.0;60000;86664.06;0.0;0.0;0.0;0.0;0.0;0;0;0;0;;;;;0.0;;0;;0.0;;;;;;04.957.105/0001-94;;;;;;;;;;2013658.0;;0.0298
B1700598700000;MEIO EXPEDIENTE;2017;;Renúncia — Art.3/3-A/39;0.0;420284.0;0.0;0.0;607058.63;607058.63;0.0;0.0;360000;519984.36;0.0;0.0;0.0;0.0;0.0;0;0;0;0;;;;;0.0;;0;;;;;;;;17.724.039/0001-54;;;;;;;;;;420284.0;;0.8566
B1700161700000;MENOS É DEMAIS;2017;;Renúncia — Art.3/3-A/39;0.0;2137401.2;0.0;0.0;3087264.43;3087264.43;0.0;0.0;60000;86664.06;0.0;0.0;0.0;0.0;0.0;0;0;0;0;;;;;3.918;adoro_critico|adoro_usuario;2;media;0.0;;;;;;01.894.553/0001-06;;;;;;;;;;2137401.2;;0.0281
B1700243100000;MILTON NASCIMENTO - INTIMIDADE E POESIA;2017;;Renúncia — Art.3/3-A/39;0.0;1016723.75;0.0;0.0;1468556.8;1468556.8;0.0;0.0;60000;86664.06;0.0;0.0;0.0;0.0;0.0;0;0;0;0;;;;;0.0;;0;;0.0;;;;;;09.260.004/0001-83;;;;;;;;;;1016723.75;;0.059
B1800192100000;MINHA FAMÍLIA É;2017;;sem_categoria;0.0;0.0;0.0;0.0;0.0;0.0;0.0;0.0;0;0.0;0.0;0.0;;0.0;0.0;0;0;0;0;;;;;3.656;adoro_critico;1;alta;;;;;;;04.547.429/0001-54;;;;;;;;;;0.0;;
B1800223400000;MÉDICOS CUBANOS;2017;;Renúncia — Art.3/3-A/39;0.0;300000.0;0.0;0.0;433320.3;433320.3;0.0;0.0;280000;404432.28;0.0;0.0;0.0;0.0;0.0;0;0;0;0;;;;;0.0;;0;;;;;;;;01.009.824/0001-95;;;;;;;;;;300000.0;;0.9333
B1700609800000;NA CABEÇA DO CACHORRO;2017;;Renúncia — Outros Mecanismos;0.0;0.0;487160.0;0.0;703654.39;703654.39;0.0;0.0;0;0.0;0.0;0.0;0.0;0.0;0.0;0;0;0;0;;;;;0.0;;0;;;;;;;;02.882.274/0001-87;;;;;;;;;;487160.0;;0.0
B1800491400000;NA ESTRADA DO JIU JITSU;2017;;Renúncia — Art.3/3-A/39;0.0;370500.0;0.0;0.0;535150.57;535150.57;0.0;0.0;60000;86664.06;0.0;0.0;0.0;0.0;0.0;0;0;0;0;;;;;3.7;adoro_usuario;1;baixa;0.0;;;;;;22.516.874/0001-39;;;;;;;;;;370500.0;;0.1619
B1700510000000;NARRATIVA DE UM CRIME;2017;;Renúncia — Art.3/3-A/39;0.0;199049.0;0.0;0.0;287506.57;287506.57;0.0;0.0;60000;86664.06;0.0;0.0;0.0;0.0;0.0;0;0;0;0;;;;;4.133;adoro_critico|adoro_usuario;2;media;0.0;;;;;;46.397.220/0001-00;;;;;;;;;;199049.0;;0.3014
B1700574400000;NAS NUVENS - 1A TEMPORADA;2017;;sem_categoria;0.0;0.0;0.0;0.0;0.0;0.0;0.0;0.0;60000;86664.06;0.0;0.0;;0.0;0.0;0;0;0;0;;;;;0.0;;0;;;;;;;;30.120.265/0001-94;;;;;;;;;;0.0;;
B1700449900000;NASCIDOS PARA O COMBATE - SEGUNDA TEMPORADA;2017;;Renúncia — Art.3/3-A/39;0.0;2406353.9;0.0;0.0;3475739.98;3475739.98;0.0;0.0;60000;86664.06;0.0;0.0;0.0;0.0;0.0;0;0;0;0;;;;;0.0;;0;;;;;;;;06.998.046/0001-28;;;;;;;;;;2406353.9;;0.0249
B1700539000000;NEYMAR JUNIOR, A SÉRIE;2017;;Renúncia — Art.3/3-A/39;0.0;498750.0;0.0;0.0;720395.0;720395.0;0.0;0.0;60000;86664.06;0.0;0.0;0.0;0.0;0.0;0;0;0;0;;;;;3.39;adoro_critico|adoro_usuario;2;alta;;;;;;;47.257.902/0001-71;;;;;;;;;;498750.0;;0.1203
B1700472900000;NY, MG;2017;;Renúncia — Art.3/3-A/39;0.0;199049.0;0.0;0.0;287506.57;287506.57;0.0;0.0;60000;86664.06;0.0;0.0;0.0;0.0;0.0;0;0;0;0;;;;;0.0;;0;;;;;;;;46.397.220/0001-00;;;;;;;;;;199049.0;;0.3014
B1700386400000;NÃO DEVORE MEU CORAÇÃO;2017;;Renúncia — Art.3/3-A/39;0.0;800000.0;530000.0;0.0;1921053.33;1921053.33;94230.56;124886.16;360000;519984.36;124886.16;0.0;0.065;7.4;37.0;0;0;0;0;;;;;0.0;;0;;1.0;0.0;0.0;Rebeca - Revista Brasileira de Estudos de Cinema e Audiovisual;;;01.125.538/0001-95;;;;;;;;;;1330000.0;;0.3415
B1800603700000;O INCRÍVEL MUNDO DOS MALBETS;2017;;sem_categoria;0.0;0.0;0.0;0.0;0.0;0.0;0.0;0.0;0;0.0;0.0;0.0;;0.0;0.0;0;0;0;0;;;;;4.09;adoro_critico|adoro_usuario;2;media;;;;;;;01.687.588/0001-66;;;;;;;;;;0.0;;
B1700610800000;O NATAL DE RITA;2017;;Renúncia — Art.3/3-A/39;0.0;361400.0;0.0;0.0;522006.52;522006.52;0.0;0.0;80000;115552.08;0.0;0.0;0.0;0.0;0.0;0;0;0;0;;;;;0.0;;0;;;;;;;;16.957.757/0001-08;;;;;;;;;;361400.0;;0.2214
B1700054100000;O QUE NOS OLHA;2017;;Renúncia — Outros Mecanismos;0.0;0.0;80000.0;0.0;115552.08;115552.08;0.0;0.0;0;0.0;0.0;0.0;0.0;0.0;0.0;0;0;0;0;;;;;3.6;adoro_usuario;1;baixa;2.0;0.0;0.0;LA Referencia (Red Federada de Repositorios Institucionales de Publicaciones Científicas);;;07.944.843/0001-95;;;;;;;;;;80000.0;;0.0
B1700103500000;O RASTRO;2017;;Renúncia — Art.3/3-A/39;0.0;2880015.0;1000000.0;0.0;5604297.55;5604297.55;1345080.0;1782679.36;65000;93886.07;1782679.36;0.0;0.3181;0.0;0.0;0;0;0;0;;;;;0.0;;0;;;;;;;;19.478.327/0001-00;;;;;;;;;;3880015.0;;0.3634
B1800033500000;OS CARABÃO - TEMPORADA 1;2017;;Renúncia — Outros Mecanismos;0.0;0.0;365000.0;0.0;527206.36;527206.36;0.0;0.0;60000;86664.06;0.0;0.0;0.0;0.0;0.0;0;0;0;0;;;;;0.0;;0;;;;;;;;10.220.793/0001-08;;;;;;;;;;365000.0;;0.1644
B1700503500000;OS PARÇAS;2017;;Renúncia — Art.3/3-A/39;0.0;3000000.0;0.0;0.0;4333203.0;4333203.0;23874795.0;31626316.68;145000;209438.15;31626316.68;0.0;7.2986;0.0;0.0;0;0;0;0;;;;;2.3;adoro_usuario;1;baixa;;;;;;;18.082.113/0001-49;;;;;;;;;;3000000.0;;8.0066
B1700431000000;OUTRA HISTÓRIA DO MUNDO;2017;;Renúncia — Art.3/3-A/39;0.0;0.0;0.0;0.0;0.0;0.0;83111.04;109856.88;0;0.0;109856.88;0.0;;0.0;0.0;0;0;0;0;;;;;3.927;adoro_critico|adoro_usuario;2;media;;;;;;;01.713.311/0001-60;;;;;;;;;;0.0;;
B1700548500000;OUTROS TEMPOS - JOVENS;2017;;Renúncia — Art.3/3-A/39;0.0;2176806.15;0.0;0.0;3144180.98;3144180.98;0.0;0.0;60000;86664.06;0.0;0.0;0.0;0.0;0.0;0;0;0;0;;;;;0.0;;0;;0.0;;;;;;00.020.648/0001-20;;;;;;;;;;2176806.15;;0.0276
B1700516500000;PALAVRAS EM SÉRIE;2017;;sem_categoria;0.0;0.0;0.0;0.0;0.0;0.0;0.0;0.0;60000;86664.06;0.0;0.0;;0.0;0.0;0;0;0;0;;;;;4.058;adoro_critico|adoro_usuario;2;media;0.0;;;;;;07.630.900/0001-61;;;;;;;;;;0.0;;
B1700433100000;PAPAYA BULL - 1ª TEMPORADA;2017;;Renúncia — Art.3/3-A/39;0.0;0.0;0.0;0.0;0.0;0.0;0.0;0.0;60000;86664.06;0.0;0.0;;0.0;0.0;0;0;0;0;;;;;0.0;;0;;;;;;;;16.729.130/0001-08;;;;;;;;;;0.0;;
B1700088400000;PAULO AUTRAN - O SENHOR DOS PALCOS;2017;;sem_categoria;0.0;0.0;0.0;0.0;0.0;0.0;0.0;0.0;120000;173328.12;0.0;0.0;;0.0;0.0;0;0;0;0;;;;;3.466;adoro_critico|adoro_usuario;2;media;;;;;;;05.426.800/0001-92;;;;;;;;;;0.0;;
B1700357200000;PEDIDOS INCRÍVEIS;2017;;Renúncia — Art.3/3-A/39;0.0;1549200.0;0.0;0.0;2237666.03;2237666.03;0.0;0.0;60000;86664.06;0.0;0.0;0.0;0.0;0.0;0;0;0;0;;;;;0.0;;0;;;;;;;;02.947.857/0001-49;;;;;;;;;;1549200.0;;0.0387
B1800320400000;PEDRO SOB A CAMA;2017;;Renúncia — Art.3/3-A/39;0.0;0.0;0.0;0.0;0.0;0.0;0.0;0.0;60000;86664.06;0.0;0.0;;0.0;0.0;0;0;0;0;;;;;2.4;adoro_usuario;1;baixa;;;;;;;08.651.642/0001-62;;;;;;;;;;0.0;;
B1700466600000;PERSIGNAÇÃO;2017;;Renúncia — Art.3/3-A/39;0.0;222364.02;0.0;0.0;321182.81;321182.81;0.0;0.0;60000;86664.06;0.0;0.0;0.0;0.0;0.0;0;0;0;0;;;;;0.0;;0;;;;;;;;46.397.220/0001-00;;;;;;;;;;222364.02;;0.2698
B1700242100000;PIRIPKURA;2017;;sem_categoria;0.0;0.0;0.0;0.0;0.0;0.0;13656.32;18051.04;120000;173328.12;18051.04;0.0;;9.41;0.0;1020;0;0;0;;;;;0.0;;0;;6.0;1.0;1.0;Interfaces Brasil/Canadá | Cadernos de arte e antropologia | Espaço Ameríndio;;;10.812.537/0001-00;;;;;;;;;;0.0;;
B1700146900000;POVOS DO XINGU;2017;;sem_categoria;0.0;2727000.0;5313448.05;0.0;11613631.2;11613631.2;0.0;0.0;60000;86664.06;0.0;0.0;0.0;0.0;0.0;0;0;0;0;;;;;3.9;adoro_usuario;1;baixa;;;;;;;01.287.908/0001-90;;;;;;;;;;8040448.05;;0.0075
B1700527500000;PRA FICAR NA HISTÓRIA;2017;;Renúncia — Art.3/3-A/39;0.0;100000.0;40000.0;0.0;202216.14;202216.14;4647.36;6142.92;60000;86664.06;6142.92;0.0;0.0304;0.0;0.0;0;0;0;0;;;;;0.0;;0;;;;;;;;11.411.520/0001-03;;;;;;;;;;140000.0;;0.4618
B1700247000000;PRIMAVERA;2017;;Renúncia — Art.3/3-A/39;0.0;0.0;348851.0;0.0;503880.73;503880.73;9225.3;9602.04;0;0.0;9602.04;0.0;0.0191;0.0;0.0;0;0;0;0;;;;;0.0;;0;;3.0;2.0;2.0;REVISTA LIVRE DE CINEMA, uma leitura digital sem medida (super 8, 16, 35, 70 mm, ...) | Latin American Research Review | OhioLink ETD Center (Ohio Library and Information Network);;;57.282.097/0001-90;;;;;;;;;;348851.0;;0.0264
B1700178100000;QUEM É PRIMAVERA DAS NEVES;2017;;Renúncia — Art.3/3-A/39;0.0;300000.0;0.0;0.0;433320.3;433320.3;16155.0;21410.76;280000;404432.28;21410.76;0.0;0.0494;1.6;8.0;0;0;0;0;;;;;0.0;;0;;3.0;2.0;1.0;Film History | OAPEN (The OAPEN Foundation) | Nursing times;;;94.625.829/0001-23;;;;;;;;;;300000.0;;0.9872
B1700409900000;QUERIDO EMBAIXADOR;2017;;Renúncia — Art.3/3-A/39;0.0;300000.0;1057156.21;0.0;1960277.79;1960277.79;34546.88;45664.36;280000;404432.28;45664.36;0.0;0.0233;0.0;0.0;0;0;0;0;;;;;0.0;;0;;;;;;;;29.254.331/0001-30;;;;;;;;;;1357156.21;;0.2318
B1700194400000;REAL - O PLANO POR TRÁS DA HISTÓRIA;2017;;Renúncia — Art.3/3-A/39;0.0;2500000.0;3550000.0;0.0;8738626.05;8738626.05;715185.0;947858.52;145000;209438.15;947858.52;0.0;0.1085;0.0;0.0;0;0;0;0;;;;;3.8;adoro_usuario;1;baixa;;;;;;;54.836.861/0001-33;;;;;;;;;;6050000.0;;0.1422
B1700347400000;RECEITAS EM SÉRIE;2017;;Renúncia — Art.3/3-A/39;0.0;1448750.0;0.0;0.0;2092575.95;2092575.95;0.0;0.0;60000;86664.06;0.0;0.0;0.0;0.0;0.0;0;0;0;0;;;;;4.058;adoro_critico|adoro_usuario;2;media;;;;;;;05.832.663/0001-96;;;;;;;;;;1448750.0;;0.0414
B1700491400000;REGINALDO ROSSI, MEU GRANDE AMOR;2017;;Renúncia — Art.3/3-A/39;0.0;620000.0;0.0;0.0;895528.62;895528.62;0.0;0.0;360000;519984.36;0.0;0.0;0.0;0.0;0.0;0;0;0;0;;;;;4.3;adoro_usuario;1;baixa;;;;;;;02.175.084/0001-20;;;;;;;;;;620000.0;;0.5806
B1800122700000;REGRAS DO MMA - 2º TEMPORADA;2017;;Renúncia — Art.3/3-A/39;0.0;1377600.5;0.0;0.0;1989807.54;1989807.54;0.0;0.0;60000;86664.06;0.0;0.0;0.0;0.0;0.0;0;0;0;0;;;;;0.0;;0;;0.0;;;;;;09.322.209/0001-46;;;;;;;;;;1377600.5;;0.0436
B1800047000000;RIO HEROES;2017;;Renúncia — Art.3/3-A/39;0.0;3250000.0;0.0;0.0;4694303.25;4694303.25;0.0;0.0;60000;86664.06;0.0;0.0;0.0;0.0;0.0;0;0;0;0;;;;;4.252;adoro_critico|adoro_usuario;2;alta;;;;;;;02.947.857/0001-49;;;;;;;;;;3250000.0;;0.0185
B1700555000000;ROTAS DO ÓDIO - 1ª TEMPORADA;2017;;Renúncia — Art.3/3-A/39;0.0;3000000.0;0.0;0.0;4333203.0;4333203.0;0.0;0.0;60000;86664.06;0.0;0.0;0.0;0.0;0.0;0;0;0;0;;;;;0.0;;0;;;;;;;;05.565.485/0001-84;;;;;;;;;;3000000.0;;0.02
B1700556000000;ROTAS DO ÓDIO - 2ª TEMPORADA;2017;;Renúncia — Art.3/3-A/39;0.0;3000000.0;0.0;0.0;4333203.0;4333203.0;0.0;0.0;60000;86664.06;0.0;0.0;0.0;0.0;0.0;0;0;0;0;;;;;0.0;;0;;;;;;;;05.565.485/0001-84;;;;;;;;;;3000000.0;;0.02
B1800046800000;RUA AUGUSTA;2017;;Renúncia — Art.3/3-A/39;0.0;6266591.4;0.0;0.0;9051470.88;9051470.88;0.0;0.0;60000;86664.06;0.0;0.0;0.0;0.0;0.0;0;0;0;0;;;;;0.0;;0;;0.0;;;;;;02.525.725/0001-29;;;;;;;;;;6266591.4;;0.0096
B1700610100000;SABERES PASSADOS - 1A TEMPORADA;2017;;sem_categoria;0.0;0.0;0.0;0.0;0.0;0.0;0.0;0.0;80000;115552.08;0.0;0.0;;0.0;0.0;0;0;0;0;;;;;0.0;;0;;0.0;;;;;;14.372.650/0001-72;;;;;;;;;;0.0;;
B1700499500000;SANTO AMARO ERA SKATISTA;2017;;Renúncia — Art.3/3-A/39;0.0;200000.0;0.0;0.0;288880.2;288880.2;495.0;656.04;60000;86664.06;656.04;0.0;0.0023;0.0;0.0;0;0;0;0;;;;;0.0;;0;;4.0;0.0;0.0;LA Referencia (Red Federada de Repositorios Institucionales de Publicaciones Científicas) | Intexto | Portuguese National Funding Agency for Science, Research and Technology (RCAAP Project by FCT);;;00.360.459/0001-04;;;;;;;;;;200000.0;;0.3025
B1700508700000;SAUDADE;2017;;Renúncia — Art.3/3-A/39;0.0;1700000.0;3338324.0;0.0;7277360.22;7277360.22;34381.44;45445.68;60000;86664.06;45445.68;0.0;0.0062;0.0;0.0;0;0;0;0;;;;;3.934;adoro_critico|adoro_usuario;2;alta;;;;;;;08.991.631/0001-21;;;;;;;;;;5038324.0;;0.0187
B1700602500000;SILÊNCIO NO ESTÚDIO;2017;;Renúncia — Art.3/3-A/39;0.0;300000.0;0.0;0.0;433320.3;433320.3;4305.88;5705.56;280000;404432.28;5705.56;0.0;0.0132;0.0;0.0;0;0;0;0;;;;;4.1;adoro_usuario;1;baixa;0.0;;;;;;06.992.833/0001-62;;;;;;;;;;300000.0;;0.9477
B1800250800000;SLAM: VOZ DE LEVANTE;2017;;Renúncia — Art.3/3-A/39;0.0;170000.0;0.0;0.0;245548.17;245548.17;11249.92;14870.24;60000;86664.06;14870.24;0.0;0.0606;0.0;0.0;0;0;0;0;;;;;4.261;adoro_critico|adoro_usuario;2;alta;;;;;;;19.886.089/0001-63;;;;;;;;;;170000.0;;0.4191
B1700337400000;SOB O VÉU DA VIDA OCEÂNICA;2017;;Renúncia — Art.3/3-A/39;0.0;0.0;0.0;0.0;0.0;0.0;0.0;0.0;60000;86664.06;0.0;0.0;;0.0;0.0;0;0;0;0;;;;;3.2;adoro_usuario;1;baixa;;;;;;;02.525.725/0001-29;;;;;;;;;;0.0;;
B1700336900000;SOB PRESSÃO;2017;;Renúncia — Art.3/3-A/39;0.0;3000000.0;0.0;0.0;4333203.0;4333203.0;554496.6;781800.88;80000;115552.08;781800.88;0.0;0.1804;0.0;0.0;0;0;0;0;;;;;4.2;adoro_usuario;1;baixa;1.0;1.0;1.0;;;;09.180.984/0001-04;;;;;;;;;;3000000.0;;0.2115
B1700524600000;SOCORRO, VIREI UMA GAROTA!;2017;;Renúncia — Art.3/3-A/39;0.0;2880000.0;800000.0;0.0;5315395.68;5315395.68;414411.72;521094.56;60000;86664.06;521094.56;0.0;0.098;0.0;0.0;0;0;0;0;;;;;3.765;adoro_critico|adoro_usuario;2;alta;;;;;;;03.987.306/0001-71;;;;;;;;;;3680000.0;;0.1289
B1800210700000;SOS FADA MANU (TERCEIRA TEMPORADA);2017;;Renúncia — Art.3/3-A/39;0.0;1300000.0;0.0;0.0;1877721.3;1877721.3;0.0;0.0;280000;404432.28;0.0;0.0;0.0;0.0;0.0;0;0;0;0;;;;;0.0;;0;;;;;;;;16.729.130/0001-08;;;;;;;;;;1300000.0;;0.2154
B1700565600000;SOU AMOR;2017;;sem_categoria;0.0;0.0;940000.0;0.0;1357736.94;1357736.94;0.0;0.0;0;0.0;0.0;0.0;0.0;0.0;0.0;0;0;0;0;;;;;4.3;adoro_usuario;1;baixa;0.0;;;;;;12.751.837/0001-51;;;;;;;;;;940000.0;;0.0
B1700498000000;TODOS;2017;;Renúncia — Art.3/3-A/39;0.0;0.0;100000.0;0.0;144440.1;144440.1;1395.0;1848.84;60000;86664.06;1848.84;0.0;0.0128;0.0;0.0;0;0;0;0;;;;;4.1;adoro_usuario;1;baixa;;;;;;;05.270.790/0001-49;;;;;;;;;;100000.0;;0.614
B1700603000000;TU CASA ES MI CASA;2017;;Renúncia — Art.3/3-A/39;0.0;2996851.0;0.0;0.0;4328654.58;4328654.58;0.0;0.0;0;0.0;0.0;0.0;0.0;0.0;0.0;0;0;0;0;;;;;0.0;;0;;;;;;;;15.479.865/0001-50;;;;;;;;;;2996851.0;;0.0
B1700531300000;UM CONTRA TODOS 2 - TELEFILME;2017;;Renúncia — Art.3/3-A/39;0.0;6699384.06;0.0;0.0;9676597.04;9676597.04;0.0;0.0;60000;86664.06;0.0;0.0;0.0;0.0;0.0;0;0;0;0;;;;;0.0;;0;;2.0;1.0;1.0;LA Referencia (Red Federada de Repositorios Institucionales de Publicaciones Científicas);;;09.180.984/0001-04;;;;;;;;;;6699384.06;;0.009
B1700539500000;UM NOVO CAPITALISMO;2017;;Renúncia — Outros Mecanismos;0.0;0.0;783200.0;0.0;1131254.86;1131254.86;0.0;0.0;60000;86664.06;0.0;0.0;0.0;0.0;0.0;0;0;0;0;;;;;4.4;adoro_usuario;1;baixa;;;;;;;09.165.924/0001-12;;;;;;;;;;783200.0;;0.0766
B1800235900000;UMA QUASE DUPLA;2017;;Renúncia — Art.3/3-A/39;0.0;3000000.0;734838.0;0.0;5394603.74;5394603.74;9861331.82;13034779.24;140000;202216.14;13034779.24;0.0;2.4163;0.0;0.0;0;0;0;0;;;;;2.2;adoro_usuario;1;baixa;;;;;;;07.570.789/0001-65;;;;;;;;;;3734838.0;;2.6778
B1700525900000;VELHAS AMIGAS;2017;;sem_categoria;0.0;0.0;0.0;0.0;0.0;0.0;0.0;0.0;60000;86664.06;0.0;0.0;;0.0;0.0;0;0;0;0;;;;;0.0;;0;;0.0;;;;;;08.346.159/0001-74;;;;;;;;;;0.0;;
B1700600300000;VERGEL;2017;;Renúncia — Outros Mecanismos;0.0;0.0;59500.0;0.0;85941.86;85941.86;7572.99;9522.52;60000;86664.06;9522.52;0.0;0.1108;0.0;0.0;0;0;0;0;;;;;0.0;;0;;;;;;;;16.490.810/0001-03;;;;;;;;;;59500.0;;1.1357
B1700473200000;VIEW;2017;;Renúncia — Art.3/3-A/39;0.0;199049.0;0.0;0.0;287506.57;287506.57;0.0;0.0;60000;86664.06;0.0;0.0;0.0;0.0;0.0;0;0;0;0;;;;;0.0;;0;;;;;;;;46.397.220/0001-00;;;;;;;;;;199049.0;;0.3014
B1700219000000;VIVI VIRAVENTO;2017;;Renúncia — Art.3/3-A/39;0.0;500000.0;3495250.0;0.0;5770743.1;5770743.1;0.0;0.0;360000;519984.36;0.0;0.0;0.0;0.0;0.0;0;0;0;0;;;;;0.0;;0;;;;;;;;06.998.046/0001-28;;;;;;;;;;3995250.0;;0.0901
B1800606700000;ZAATARI, O FILME;2017;;Renúncia — Art.3/3-A/39;0.0;300000.0;95000.0;0.0;570538.4;570538.4;3288.48;4135.04;280000;404432.28;4135.04;0.0;0.0072;0.0;0.0;0;0;0;0;;;;;3.5;adoro_usuario;1;baixa;;;;;;;64.044.886/0001-58;;;;;;;;;;395000.0;;0.7172
B1700280300000;ÁFRICA ANIMAL DE RICHARD RASMUSSEN - 1ª TEMPORADA;2017;;Renúncia — Art.3/3-A/39;0.0;1597858.38;0.0;0.0;2307948.24;2307948.24;0.0;0.0;60000;86664.06;0.0;0.0;0.0;0.0;0.0;0;0;0;0;;;;;3.635;adoro_critico|adoro_usuario;2;alta;;;;;;;13.404.221/0001-77;;;;;;;;;;1597858.38;;0.0376
B1700182900000;ÓPERA ABERTA - PESCADORES DE PÉROLAS;2017;;Renúncia — Art.3/3-A/39;0.0;384507.81;0.0;0.0;555383.47;555383.47;0.0;0.0;60000;86664.06;0.0;0.0;0.0;0.0;0.0;0;0;0;0;;;;;0.0;;0;;30.0;11.0;7.0;LA Referencia (Red Federada de Repositorios Institucionales de Publicaciones Científicas) | DOC online - Revista Digital de Cinema Documentário | SHILAP Revista de lepidopterología;;;02.525.725/0001-29;;;;;;;;;;384507.81;;0.156
B1700606000000;ÔMICRON;2017;;sem_categoria;0.0;0.0;0.0;0.0;0.0;0.0;0.0;0.0;0;0.0;0.0;0.0;;0.0;0.0;0;0;0;0;;;;;0.0;;0;;0.0;;;;;;07.077.834/0001-44;;;;;;;;;;0.0;;
B1800489100000;#MECHAMADEBRUNA - 3ª TEMPORADA;2018;;Renúncia — Art.3/3-A/39;0.0;0.0;0.0;0.0;0.0;0.0;0.0;0.0;60000;83531.64;0.0;0.0;;0.0;0.0;0;0;0;0;;;;;0.0;;0;;10.0;1.0;1.0;LA Referencia (Red Federada de Repositorios Institucionales de Publicaciones Científicas) | Rebeca - Revista Brasileira de Estudos de Cinema e Audiovisual | DOC online - Revista Digital de Cinema Documentário;;;03.360.320/0001-40;;;;;;;;;;0.0;;
B1800072200000;#MECHAMADEBRUNA - TELEFILME;2018;;Renúncia — Art.3/3-A/39;0.0;300000.0;0.0;0.0;417658.2;417658.2;0.0;0.0;60000;83531.64;0.0;0.0;0.0;0.0;0.0;0;0;0;0;;;;;0.0;;0;;;;;;;;03.360.320/0001-40;;;;;;;;;;300000.0;;0.2
B1800301000000;(DES)ENCONTROS - 2A TEMPORADA;2018;;Renúncia — Art.3/3-A/39;0.0;0.0;0.0;0.0;0.0;0.0;0.0;0.0;280000;389814.32;0.0;0.0;;0.0;0.0;0;0;0;0;;;;;0.0;;0;;;;;;;;11.503.567/0001-05;;;;;;;;;;0.0;;
B1800380700000;10 SEGUNDOS PARA VENCER;2018;;Renúncia — Art.3/3-A/39;0.0;2700000.0;3147751.5300000003;0.0;8141204.59;8141204.59;746314.88;986485.36;365000;508150.81;986485.36;0.0;0.1212;0.8;4.0;0;0;0;0;;;;;0.0;;0;;;;;;;;29.269.719/0001-04;;;;;;;;;;5847751.53;;0.19
B1800611900000;10 SEGUNDOS PARA VENCER SÉRIE;2018;;Renúncia — Art.3/3-A/39;0.0;2700000.0;3147751.5300000003;0.0;8141204.59;8141204.59;0.0;0.0;80000;111375.52;0.0;0.0;0.0;0.0;0.0;0;0;0;0;;;;;0.0;;0;;;;;;;;29.269.719/0001-04;;;;;;;;;;5847751.53;;0.0137
B1800586200000;A BUSCA PELO SABOR;2018;;Renúncia — Outros Mecanismos;0.0;0.0;199500.0;0.0;277742.7;277742.7;0.0;0.0;280000;389814.32;0.0;0.0;0.0;0.0;0.0;0;0;0;0;;;;;3.6;adoro_usuario;1;baixa;;;;;;;04.791.421/0001-39;;;;;;;;;;199500.0;;1.4035
B1800572900000;A LOUCA DAS PLANTAS - 1ª TEMPORADA;2018;;Renúncia — Art.3/3-A/39;0.0;1149753.41;0.0;0.0;1600679.8;1600679.8;0.0;0.0;60000;83531.64;0.0;0.0;0.0;0.0;0.0;0;0;0;0;;;;;0.0;;0;;0.0;;;;;;07.627.467/0001-05;;;;;;;;;;1149753.41;;0.0522
B1800584800000;A PRESEPADA;2018;;Renúncia — Art.3/3-A/39;0.0;350000.0;0.0;0.0;487267.9;487267.9;0.0;0.0;360000;501189.84;0.0;0.0;0.0;0.0;0.0;0;0;0;0;;;;;0.0;;0;;;;;;;;07.579.479/0001-01;;;;;;;;;;350000.0;;1.0286
B1800170400000;A REINVENÇÃO DO FUTEBOL ARTE;2018;;Renúncia — Art.3/3-A/39;0.0;419020.69;0.0;0.0;583358.09;583358.09;0.0;0.0;60000;83531.64;0.0;0.0;0.0;0.0;0.0;0;0;0;0;;;;;3.88;adoro_critico;1;media;1.0;0.0;0.0;;;;01.378.559/0001-12;;;;;;;;;;419020.69;;0.1432
B1800122600000;A ROUPA IDEAL;2018;;Renúncia — Art.3/3-A/39;0.0;1666921.3;0.0;0.0;2320677.83;2320677.83;0.0;0.0;60000;83531.64;0.0;0.0;0.0;0.0;0.0;0;0;0;0;;;;;4.16;adoro_critico|adoro_usuario;2;media;;;;;;;15.479.865/0001-50;;;;;;;;;;1666921.3;;0.036
B1800547100000;A TURMA DO PERERÊ.DOC;2018;;Renúncia — Outros Mecanismos;0.0;0.0;1000000.0;0.0;1392194.0;1392194.0;7478.26;9403.24;60000;83531.64;9403.24;0.0;0.0068;0.0;0.0;0;0;0;0;;;;;0.0;;0;;;;;;;;03.984.281/0001-52;;;;;;;;;;1000000.0;;0.0675
B1800536200000;ADA & RÓI;2018;;sem_categoria;0.0;0.0;0.0;0.0;0.0;0.0;0.0;0.0;140000;194907.16;0.0;0.0;;0.0;0.0;0;0;0;0;;;;;0.0;;0;;;;;;;;08.394.172/0001-07;;;;;;;;;;0.0;;
B1800613100000;ALICE & SÓ;2018;;Renúncia — Art.3/3-A/39;0.0;2390796.53;1015000.0;0.0;4741529.49;4741529.49;2470.7;3081.4;60000;83531.64;3081.4;0.0;0.0006;0.0;0.0;0;0;0;0;;;;;0.0;;0;;2.0;1.0;1.0;LA Referencia (Red Federada de Repositorios Institucionales de Publicaciones Científicas);;;02.298.682/0001-96;;;;;;;;;;3405796.53;;0.0183
B1800470600000;AMANHÃ CHEGOU;2018;;Renúncia — Art.3/3-A/39;0.0;0.0;518400.0;0.0;721713.37;721713.37;10681.07;14094.92;60000;83531.64;14094.92;0.0;0.0195;0.0;0.0;0;0;0;0;;;;;0.0;;0;;;;;;;;15.490.163/0001-77;;;;;;;;;;518400.0;;0.1363
B1800598100000;AMAZÔNIA, O DESPERTAR DA FLORESTANIA;2018;;Renúncia — Art.3/3-A/39;0.0;500000.0;1572319.0;0.0;2885070.08;2885070.08;60757.83;76398.84;280000;389814.32;76398.84;0.0;0.0265;0.0;0.0;0;0;0;0;;;;;3.6;adoro_usuario;1;baixa;0.0;;;;;;05.081.895/0001-50;;;;;;;;;;2072319.0;;0.1644
B1800112900000;AMEAÇAS DO CÉU;2018;;Renúncia — Outros Mecanismos;0.0;0.0;750000.0;0.0;1044145.5;1044145.5;0.0;0.0;60000;83531.64;0.0;0.0;0.0;0.0;0.0;0;0;0;0;;;;;0.0;;0;;;;;;;;14.215.563/0001-01;;;;;;;;;;750000.0;;0.08
B1800380000000;AMIGO DE ALUGUEL - 1ª TEMPORADA;2018;;Renúncia — Art.3/3-A/39;0.0;3000000.0;0.0;0.0;4176582.0;4176582.0;0.0;0.0;60000;83531.64;0.0;0.0;0.0;0.0;0.0;0;0;0;0;;;;;4.04;adoro_critico|adoro_usuario;2;media;0.0;;;;;;02.525.725/0001-29;;;;;;;;;;3000000.0;;0.02
B1900048900000;AMIGO DE ALUGUEL - 2ª TEMPORADA;2018;;Renúncia — Art.3/3-A/39;0.0;3000000.0;0.0;0.0;4176582.0;4176582.0;0.0;0.0;60000;83531.64;0.0;0.0;0.0;0.0;0.0;0;0;0;0;;;;;4.04;adoro_critico|adoro_usuario;2;media;0.0;;;;;;02.525.725/0001-29;;;;;;;;;;3000000.0;;0.02
B1900089100000;AS AVENTURAS DO PEQUENO COLOMBO;2018;;Renúncia — Art.3/3-A/39;0.0;220000.0;0.0;0.0;306282.68;306282.68;35700.0;47314.4;60000;83531.64;47314.4;0.0;0.1545;10.86;0.0;2974;0;0;0;;;;;3.04;adoro_critico|adoro_usuario;2;media;;;;;;;07.060.648/0001-00;;;;;;;;;;220000.0;;0.435
B1800316400000;AS HISTÓRIAS QUE NÃO TERMINAM;2018;;Renúncia — Outros Mecanismos;0.0;0.0;250000.0;0.0;348048.5;348048.5;0.0;0.0;120000;167063.28;0.0;0.0;0.0;0.0;0.0;0;0;0;0;;;;;4.4;adoro_usuario;1;baixa;;;;;;;14.592.038/0001-05;;;;;;;;;;250000.0;;0.48
B1800424100000;ATÉ QUE A MORTE NOS SEPARE - 3ª TEMPORADA;2018;;Renúncia — Art.3/3-A/39;0.0;930000.0;0.0;0.0;1294740.42;1294740.42;0.0;0.0;60000;83531.64;0.0;0.0;0.0;0.0;0.0;0;0;0;0;;;;;3.6;adoro_usuario;1;baixa;1.0;0.0;0.0;;;;00.020.648/0001-20;;;;;;;;;;930000.0;;0.0645
B1800461900000;AUTÊNTICAS;2018;;Renúncia — Art.3/3-A/39;0.0;3000000.0;0.0;0.0;4176582.0;4176582.0;0.0;0.0;60000;83531.64;0.0;0.0;0.0;0.0;0.0;0;0;0;0;;;;;0.0;;0;;;;;;;;08.708.048/0001-60;;;;;;;;;;3000000.0;;0.02
B1800516800000;BABY & ROSE - 1A TEMPORADA;2018;;Renúncia — Art.3/3-A/39;0.0;652327.66;0.0;0.0;908166.65;908166.65;0.0;0.0;280000;389814.32;0.0;0.0;0.0;0.0;0.0;0;0;0;0;;;;;4.043;adoro_critico|adoro_usuario;2;alta;2.0;2.0;2.0;St Andrews Research Repository (St Andrews Research Repository) | Research Square;;;10.476.872/0001-84;;;;;;;;;;652327.66;;0.4292
B1800593100000;BAIÃO DE DOIS;2018;;Renúncia — Art.3/3-A/39;0.0;365000.0;0.0;0.0;508150.81;508150.81;0.0;0.0;360000;501189.84;0.0;0.0;0.0;0.0;0.0;0;0;0;0;;;;;3.775;adoro_critico;1;alta;0.0;;;;;;07.202.193/0001-02;;;;;;;;;;365000.0;;0.9863
B1900350900000;BALANGAY: NAS ÁGUAS FILIPINAS;2018;;Renúncia — Art.3/3-A/39;0.0;475000.0;0.0;0.0;661292.15;661292.15;0.0;0.0;60000;83531.64;0.0;0.0;0.0;0.0;0.0;0;0;0;0;;;;;0.0;;0;;;;;;;;16.551.639/0001-03;;;;;;;;;;475000.0;;0.1263
B1800073500000;BANDEIRAS;2018;;Renúncia — Outros Mecanismos;0.0;0.0;234800.0;0.0;326887.15;326887.15;0.0;0.0;80000;111375.52;0.0;0.0;0.0;0.0;0.0;0;0;0;0;;;;;0.0;;0;;;;;;;;14.592.038/0001-05;;;;;;;;;;234800.0;;0.3407
B1800311000000;BAR BRASIL - EPISÓDIO PILOTO;2018;;sem_categoria;0.0;0.0;0.0;0.0;0.0;0.0;0.0;0.0;0;0.0;0.0;0.0;;0.0;0.0;0;0;0;0;;;;;0.0;;0;;0.0;;;;;;07.496.159/0001-98;;;;;;;;;;0.0;;
B1800502200000;BRASILEIROS S/A;2018;;sem_categoria;0.0;0.0;0.0;0.0;0.0;0.0;0.0;0.0;60000;83531.64;0.0;0.0;;0.0;0.0;0;0;0;0;;;;;4.6;adoro_usuario;1;baixa;;;;;;;09.629.963/0001-23;;;;;;;;;;0.0;;
B1800452400000;BRUSQUE 92;2018;;Renúncia — Outros Mecanismos;0.0;0.0;147535.0;0.0;205397.34;205397.34;0.0;0.0;0;0.0;0.0;0.0;0.0;0.0;0.0;0;0;0;0;;;;;0.0;;0;;;;;;;;24.856.310/0001-70;;;;;;;;;;147535.0;;0.0
B1800348700000;BUZZU NA ESCOLA INTERGALÁCTICA - 2A TEMPORADA;2018;;Renúncia — Art.3/3-A/39;0.0;3000000.0;0.0;0.0;4176582.0;4176582.0;0.0;0.0;60000;83531.64;0.0;0.0;0.0;0.0;0.0;0;0;0;0;;;;;0.0;;0;;;;;;;;60.915.899/0001-02;;;;;;;;;;3000000.0;;0.02
B1900057300000;CAMINHOS MAGNÉTICOS;2018;;Renúncia — Art.3/3-A/39;0.0;0.0;0.0;0.0;0.0;0.0;1454.52;1828.96;60000;83531.64;1828.96;0.0;;0.0;0.0;0;0;0;0;;;;;0.0;;0;;;;;;;;15.588.308/0001-77;;;;;;;;;;0.0;;
B1800288500000;CAMPO DE BATALHA - OS MUNDIAIS E A GUERRA FRIA;2018;;Renúncia — Art.3/3-A/39;0.0;900000.0;0.0;0.0;1252974.6;1252974.6;0.0;0.0;60000;83531.64;0.0;0.0;0.0;0.0;0.0;0;0;0;0;;;;;4.1;adoro_usuario;1;baixa;5.0;23.0;21.0;Rebeca - Revista Brasileira de Estudos de Cinema e Audiovisual | Cinema Journal | Revista FAMECOS;;;04.069.379/0001-47;;;;;;;;;;900000.0;;0.0667
B1800435500000;CANTANDO COM PING E PONG;2018;;Renúncia — Art.3/3-A/39;0.0;0.0;0.0;0.0;0.0;0.0;0.0;0.0;140000;194907.16;0.0;0.0;;0.0;0.0;0;0;0;0;;;;;0.0;;0;;0.0;;;;;;01.161.933/0001-23;;;;;;;;;;0.0;;
B1900409100000;CARLINHOS E CARLÃO;2018;;Renúncia — Art.3/3-A/39;0.0;3000000.0;0.0;0.0;4176582.0;4176582.0;1546.18;1928.36;0;0.0;1928.36;0.0;0.0005;1.2;6.0;0;0;0;0;;;;;0.0;;0;;;;;;;;10.645.895/0001-75;;;;;;;;;;3000000.0;;0.0005
B1800247700000;CAROS AMIGOS;2018;;Renúncia — Art.3/3-A/39;0.0;510000.0;0.0;0.0;710018.94;710018.94;0.0;0.0;0;0.0;0.0;0.0;0.0;0.0;0.0;0;0;0;0;;;;;0.0;;0;;;;;;;;20.520.970/0001-25;;;;;;;;;;510000.0;;0.0
B1800482700000;CHACRINHA, O VELHO GUERREIRO;2018;;Renúncia — Art.3/3-A/39;0.0;2000000.0;0.0;0.0;2784388.0;2784388.0;546734.08;722677.76;140000;194907.16;722677.76;0.0;0.2595;0.0;0.0;0;0;0;0;;;;;4.197;adoro_critico|adoro_usuario;2;alta;1.0;1.0;1.0;;;;13.110.657/0001-53;;;;;;;;;;2000000.0;;0.3434
B1800605500000;CHARLIE, O ENTREVISTADOR DE COISAS;2018;;Renúncia — Art.3/3-A/39;0.0;1139562.3;1400000.0;0.0;3535563.4;3535563.4;0.0;0.0;140000;194907.16;0.0;0.0;0.0;0.0;0.0;0;0;0;0;;;;;0.0;;0;;0.0;;;;;;01.161.933/0001-23;;;;;;;;;;2539562.3;;0.0551
B1800266200000;CLUBVERSÃO LATINO;2018;;Renúncia — Art.3/3-A/39;0.0;1223878.2;0.0;0.0;1703875.89;1703875.89;0.0;0.0;60000;83531.64;0.0;0.0;0.0;0.0;0.0;0;0;0;0;;;;;0.0;;0;;1.0;0.0;0.0;Repositori Obert de Coneixement de lAjuntament de Barcelona;;;08.708.048/0001-60;;;;;;;;;;1223878.2;;0.049
B1800266700000;CLÁSSICOS DO FUTEBOL;2018;;Renúncia — Art.3/3-A/39;0.0;1250000.0;0.0;0.0;1740242.5;1740242.5;0.0;0.0;60000;83531.64;0.0;0.0;0.0;0.0;0.0;0;0;0;0;;;;;0.0;;0;;;;;;;;19.542.988/0001-49;;;;;;;;;;1250000.0;;0.048
B1800458000000;CODINOME CLEMENTE;2018;;Renúncia — Outros Mecanismos;0.0;0.0;200000.0;0.0;278438.8;278438.8;1706.07;1729.56;280000;389814.32;1729.56;0.0;0.0062;0.0;0.0;0;0;0;0;;;;;0.0;;0;;;;;;;;73.315.293/0001-70;;;;;;;;;;200000.0;;1.4085
B1800482600000;CONFISSÕES MÉDICAS;2018;;Renúncia — Art.3/3-A/39;0.0;2652356.23;0.0;0.0;3692594.43;3692594.43;0.0;0.0;60000;83531.64;0.0;0.0;0.0;0.0;0.0;0;0;0;0;;;;;3.05;adoro_critico;1;alta;;;;;;;16.729.130/0001-08;;;;;;;;;;2652356.23;;0.0226
B1800469100000;CORAÇÕES E MENTES - ESCOLAS QUE TRANSFORMAM;2018;;Renúncia — Outros Mecanismos;0.0;0.0;192443.22;0.0;267918.3;267918.3;0.0;0.0;60000;83531.64;0.0;0.0;0.0;0.0;0.0;0;0;0;0;;;;;0.0;;0;;0.0;;;;;;12.396.390/0001-40;;;;;;;;;;192443.22;;0.3118
B1800130200000;CRIADOR DE CELEBRIDADES;2018;;Renúncia — Art.3/3-A/39;0.0;2038884.8;0.0;0.0;2838523.19;2838523.19;0.0;0.0;60000;83531.64;0.0;0.0;0.0;0.0;0.0;0;0;0;0;;;;;0.0;;0;;;;;;;;16.729.130/0001-08;;;;;;;;;;2038884.8;;0.0294
B1800340300000;CRÔ EM FAMILIA;2018;;Renúncia — Art.3/3-A/39;0.0;3000000.0;0.0;0.0;4176582.0;4176582.0;7325307.2;9682653.4;145000;201868.13;9682653.4;0.0;2.3183;0.0;0.0;0;0;0;0;;;;;3.656;adoro_critico;1;alta;;;;;;;02.863.008/0001-07;;;;;;;;;;3000000.0;;2.4901
B1800435600000;DE CARONA COM OS ÓVNIS;2018;;Renúncia — Art.3/3-A/39;0.0;2193197.86;0.0;0.0;3053356.9;3053356.9;0.0;0.0;60000;83531.64;0.0;0.0;0.0;0.0;0.0;0;0;0;0;;;;;0.0;;0;;0.0;;;;;;01.246.684/0001-79;;;;;;;;;;2193197.86;;0.0274
B1900104200000;DE PERNAS PRO AR 3;2018;;Renúncia — Art.3/3-A/39;0.0;3000000.0;500000.0;0.0;4872679.0;4872679.0;57342486.42;72104223.24;140000;194907.16;72104223.24;0.0;14.7977;0.0;0.0;0;0;0;0;;;;;0.0;;0;;;;;;;;42.473.256/0001-66;;;;;;;;;;3500000.0;;16.4236
B1800072000000;DESNUDE;2018;;Renúncia — Art.3/3-A/39;0.0;3000000.0;0.0;0.0;4176582.0;4176582.0;0.0;0.0;60000;83531.64;0.0;0.0;0.0;0.0;0.0;0;0;0;0;;;;;0.0;;0;;10.0;3.0;2.0;Alphaville Journal of Film and Screen Media | Esferas | Rebeca - Revista Brasileira de Estudos de Cinema e Audiovisual;;;09.180.984/0001-04;;;;;;;;;;3000000.0;;0.02
B1800561400000;DETETIVES DO PRÉDIO AZUL 2 - O MISTÉRIO ITALIANO;2018;;Renúncia — Art.3/3-A/39;0.0;3000000.0;1740000.0;0.0;6598999.56;6598999.56;20523122.32;26671326.08;140000;194907.16;26671326.08;0.0;4.0417;1.6;8.0;0;0;0;0;;;;;0.0;;0;;;;;;;;12.580.503/0002-43;;;;;;;;;;4740000.0;;4.3593
B1800600000000;DIA DE REIS;2018;;Renúncia — Art.3/3-A/39;0.0;350000.0;0.0;0.0;487267.9;487267.9;0.0;0.0;360000;501189.84;0.0;0.0;0.0;0.0;0.0;0;0;0;0;;;;;4.093;adoro_critico|adoro_usuario;2;media;;;;;;;15.745.495/0001-55;;;;;;;;;;350000.0;;1.0286
B1800479200000;DISTRITO CULTURAL - QUARTA TEMPORADA;2018;;Renúncia — Art.3/3-A/39;0.0;550000.0;0.0;0.0;765706.7;765706.7;0.0;0.0;80000;111375.52;0.0;0.0;0.0;0.0;0.0;0;0;0;0;;;;;0.0;;0;;;;;;;;03.218.295/0001-65;;;;;;;;;;550000.0;;0.1455
B1800422100000;DJON ÁFRICA;2018;;Renúncia — Art.3/3-A/39;0.0;0.0;0.0;0.0;0.0;0.0;47912.36;63278.04;60000;83531.64;63278.04;0.0;;14.0;20.0;0;16;13;0;;;;;0.0;;0;;;;;;;;12.658.679/0001-90;;;;;;;;;;0.0;;
B1800187500000;DO JIU JITSU AO MMA - SEGUNDA TEMPORADA;2018;;Renúncia — Art.3/3-A/39;0.0;2999850.14;0.0;0.0;4176373.37;4176373.37;0.0;0.0;60000;83531.64;0.0;0.0;0.0;0.0;0.0;0;0;0;0;;;;;0.0;;0;;7.0;0.0;0.0;LÍBERO. ISSN impresso: 1517-3283 / ISSN online: 2525-3166 | Palgrave studies in adaptation and visual culture | Scientific Repository of Open Access of Portugal (RCAAP);;;02.947.857/0001-49;;;;;;;;;;2999850.14;;0.02
B1800216700000;DOUTORA DARCI - 1° TEMPORADA;2018;;Renúncia — Art.3/3-A/39;0.0;3000000.0;0.0;0.0;4176582.0;4176582.0;0.0;0.0;280000;389814.32;0.0;0.0;0.0;0.0;0.0;0;0;0;0;;;;;0.0;;0;;;;;;;;18.082.113/0001-49;;;;;;;;;;3000000.0;;0.0933
B1800138800000;DOWNWIND NAS FILIPINAS;2018;;sem_categoria;0.0;0.0;0.0;0.0;0.0;0.0;0.0;0.0;60000;83531.64;0.0;0.0;;0.0;0.0;0;0;0;0;;;;;0.0;;0;;;;;;;;04.098.427/0001-25;;;;;;;;;;0.0;;
B1900030000000;DRAG ME AS A QUEEN - SEGUNDA TEMPORADA;2018;;Renúncia — Art.3/3-A/39;0.0;2520814.0;0.0;0.0;3509462.13;3509462.13;0.0;0.0;60000;83531.64;0.0;0.0;0.0;0.0;0.0;0;0;0;0;;;;;0.0;;0;;0.0;;;;;;15.743.170/0001-33;;;;;;;;;;2520814.0;;0.0238
B1800202200000;DÊ LEMBRANÇAS A TODOS;2018;;Renúncia — Art.3/3-A/39;0.0;1000000.0;0.0;0.0;1392194.0;1392194.0;0.0;0.0;200000;278438.8;0.0;0.0;0.0;0.3;1.5;0;0;0;0;;;;;3.962;adoro_critico|adoro_usuario;2;alta;0.0;;;;;;08.304.465/0001-48;;;;;;;;;;1000000.0;;0.2
B1800605100000;ELAS NO SINGULAR;2018;;Renúncia — Art.3/3-A/39;0.0;1900003.8;0.0;0.0;2645173.89;2645173.89;0.0;0.0;60000;83531.64;0.0;0.0;0.0;0.0;0.0;0;0;0;0;;;;;4.3;adoro_usuario;1;baixa;2.0;0.0;0.0;Portuguese National Funding Agency for Science, Research and Technology (RCAAP Project by FCT);;;06.137.016/0001-27;;;;;;;;;;1900003.8;;0.0316
B1800547000000;ELEIÇÕES;2018;;Renúncia — Art.3/3-A/39;0.0;0.0;0.0;0.0;0.0;0.0;42291.75;53179.0;120000;167063.28;53179.0;0.0;;0.0;0.0;0;0;0;0;;;;;0.0;;0;;2.0;2.0;2.0;Cadernos Pagu | Logos;;;10.551.469/0001-72;;;;;;;;;;0.0;;
B1800237300000;ELY CAMARGO - ÁGUA DA FONTE;2018;;Renúncia — Art.3/3-A/39;0.0;0.0;0.0;0.0;0.0;0.0;0.0;0.0;60000;83531.64;0.0;0.0;;0.0;0.0;0;0;0;0;;;;;3.938;adoro_critico|adoro_usuario;2;media;;;;;;;08.394.172/0001-07;;;;;;;;;;0.0;;
B1800031900000;EM NOME DOS PAIS;2018;;Renúncia — Art.3/3-A/39;0.0;793525.5;0.0;0.0;1104741.44;1104741.44;0.0;0.0;60000;83531.64;0.0;0.0;0.0;0.0;0.0;0;0;0;0;;;;;0.0;;0;;;;;;;;16.729.130/0001-08;;;;;;;;;;793525.5;;0.0756
B1800556000000;ENSAIOS CONTEMPORÂNEOS;2018;;sem_categoria;0.0;0.0;0.0;0.0;0.0;0.0;0.0;0.0;60000;83531.64;0.0;0.0;;0.0;0.0;0;0;0;0;;;;;0.0;;0;;16.0;0.0;0.0;LA Referencia (Red Federada de Repositorios Institucionales de Publicaciones Científicas) | Rebeca - Revista Brasileira de Estudos de Cinema e Audiovisual | Significação Revista de Cultura Audiovisual;;;04.661.796/0001-84;;;;;;;;;;0.0;;
B1800505100000;ENTRENÓS;2018;;sem_categoria;0.0;0.0;0.0;0.0;0.0;0.0;0.0;0.0;120000;167063.28;0.0;0.0;;0.0;0.0;0;0;0;0;;;;;0.0;;0;;1.0;0.0;0.0;LA Referencia (Red Federada de Repositorios Institucionales de Publicaciones Científicas);;;07.617.370/0001-11;;;;;;;;;;0.0;;
B1900066800000;ESCOLA DE GÊNIOS - TERCEIRA TEMPORADA;2018;;Renúncia — Art.3/3-A/39;0.0;3000000.0;0.0;0.0;4176582.0;4176582.0;0.0;0.0;280000;389814.32;0.0;0.0;0.0;0.0;0.0;0;0;0;0;;;;;4.058;adoro_critico|adoro_usuario;2;media;;;;;;;06.998.046/0001-28;;;;;;;;;;3000000.0;;0.0933
B1800422200000;ESCOLA DE GÊNIOS – SEGUNDA TEMPORADA;2018;;Renúncia — Art.3/3-A/39;0.0;2999853.85;0.0;0.0;4176378.53;4176378.53;0.0;0.0;280000;389814.32;0.0;0.0;0.0;0.0;0.0;0;0;0;0;;;;;4.058;adoro_critico|adoro_usuario;2;media;;;;;;;06.998.046/0001-28;;;;;;;;;;2999853.85;;0.0933
B1800595300000;ESPAÇO PARA DOIS;2018;;Renúncia — Art.3/3-A/39;0.0;2708107.02;0.0;0.0;3770210.34;3770210.34;0.0;0.0;60000;83531.64;0.0;0.0;0.0;0.0;0.0;0;0;0;0;;;;;3.775;adoro_critico;1;alta;;;;;;;13.021.376/0001-24;;;;;;;;;;2708107.02;;0.0222
B1800605200000;FEITO COM AMOR;2018;;Renúncia — Art.3/3-A/39;0.0;1464083.0;0.0;0.0;2038287.57;2038287.57;0.0;0.0;60000;83531.64;0.0;0.0;0.0;0.0;0.0;0;0;0;0;;;;;4.3;adoro_usuario;1;baixa;;;;;;;06.023.805/0001-37;;;;;;;;;;1464083.0;;0.041
B1800056700000;FERRUGEM;2018;;Renúncia — Art.3/3-A/39;0.0;2800000.0;0.0;0.0;3898143.2;3898143.2;419370.64;554254.4;360000;501189.84;554254.4;0.0;0.1422;9.0;45.0;0;0;0;0;;;;;2.9;adoro_usuario;1;baixa;0.0;;;;;;09.437.566/0001-50;;;;;;;;;;2800000.0;;0.2783
B1800480100000;FILME ENSAIO;2018;;Renúncia — Art.3/3-A/39;0.0;230000.0;140000.0;0.0;515111.78;515111.78;496.6;516.88;60000;83531.64;516.88;0.0;0.001;0.0;0.0;0;0;0;0;;;;;0.0;;0;;;;;;;;10.358.078/0001-36;;;;;;;;;;370000.0;;0.1635
B1800044200000;FILME PAISAGEM - UM OLHAR SOBRE ROBERTO BURLE MARX;2018;;Renúncia — Outros Mecanismos;0.0;0.0;885000.0;0.0;1232091.69;1232091.69;33082.93;43378.16;140000;194907.16;43378.16;0.0;0.0352;0.0;0.0;0;0;0;0;;;;;3.4;adoro_usuario;1;baixa;;;;;;;03.987.306/0001-71;;;;;;;;;;885000.0;;0.1956
B1800593200000;FUGA DE NATAL;2018;;Renúncia — Art.3/3-A/39;0.0;417109.99;0.0;0.0;580698.03;580698.03;0.0;0.0;360000;501189.84;0.0;0.0;0.0;0.0;0.0;0;0;0;0;;;;;4.3;adoro_usuario;1;baixa;;;;;;;17.724.039/0001-54;;;;;;;;;;417109.99;;0.8631
B1800530600000;FUTURO IMPERFEITO;2018;;Renúncia — Outros Mecanismos;0.0;0.0;967168.0;0.0;1346485.49;1346485.49;0.0;0.0;60000;83531.64;0.0;0.0;0.0;0.0;0.0;0;0;0;0;;;;;0.0;;0;;;;;;;;08.267.476/0001-03;;;;;;;;;;967168.0;;0.062
B1800096200000;FÁBRICA DE CASAMENTOS 2° TEMPORADA;2018;;Renúncia — Art.3/3-A/39;0.0;1120425.0;0.0;0.0;1559848.96;1559848.96;0.0;0.0;200000;278438.8;0.0;0.0;0.0;0.0;0.0;0;0;0;0;;;;;3.213;adoro_critico|adoro_usuario;2;media;;;;;;;18.082.113/0001-49;;;;;;;;;;1120425.0;;0.1785
B1800362400000;GALALAU E CORUJINA;2018;;sem_categoria;0.0;0.0;0.0;0.0;0.0;0.0;0.0;0.0;0;0.0;0.0;0.0;;0.0;0.0;0;0;0;0;;;;;0.0;;0;;0.0;;;;;;00.830.735/0001-42;;;;;;;;;;0.0;;
B1800285600000;GLITTER MODEL - TODA MENINA TEM SEU BRILHO;2018;;Renúncia — Art.3/3-A/39;0.0;2999995.5;0.0;0.0;4176575.74;4176575.74;0.0;0.0;140000;194907.16;0.0;0.0;0.0;0.0;0.0;0;0;0;0;;;;;0.0;;0;;0.0;;;;;;03.876.997/0001-36;;;;;;;;;;2999995.5;;0.0467
B1800444800000;HERANÇA - A CAVALHADA EM BRUMAL;2018;;Renúncia — Outros Mecanismos;0.0;0.0;261000.0;0.0;363362.63;363362.63;0.0;0.0;0;0.0;0.0;0.0;0.0;0.0;0.0;0;0;0;0;;;;;3.152;adoro_critico|adoro_usuario;2;alta;;;;;;;08.233.638/0001-84;;;;;;;;;;261000.0;;0.0
B1800474200000;HUMBERTO MAURO;2018;;Renúncia — Outros Mecanismos;0.0;0.0;280000.0;0.0;389814.32;389814.32;5123.35;6441.12;280000;389814.32;6441.12;0.0;0.0165;0.0;0.0;0;0;0;0;;;;;0.0;;0;;0.0;;;;;;00.061.412/0001-31;;;;;;;;;;280000.0;;1.0183
B1800350700000;IMPRESSÃO MINHA;2018;;Renúncia — Art.3/3-A/39;0.0;0.0;0.0;0.0;0.0;0.0;0.0;0.0;60000;83531.64;0.0;0.0;;0.0;0.0;0;0;0;0;;;;;0.0;;0;;0.0;;;;;;12.098.135/0001-10;;;;;;;;;;0.0;;
B1800457400000;IMPUROS;2018;;Renúncia — Art.3/3-A/39;0.0;8639207.9;0.0;0.0;12027453.4;12027453.4;0.0;0.0;140000;194907.16;0.0;0.0;0.0;0.0;0.0;0;0;0;0;;;;;0.0;;0;;;;;;;;03.762.421/0001-48;;;;;;;;;;8639207.9;;0.0162
B1800167500000;INFERNINHO - EPISÓDIO PILOTO;2018;;sem_categoria;0.0;0.0;0.0;0.0;0.0;0.0;0.0;0.0;0;0.0;0.0;0.0;;0.0;0.0;0;0;0;0;;;;;0.0;;0;;;;;;;;08.254.467/0001-70;;;;;;;;;;0.0;;
B1800410500000;INHOTIM;2018;;sem_categoria;0.0;0.0;0.0;0.0;0.0;0.0;0.0;0.0;280000;389814.32;0.0;0.0;;0.0;0.0;0;0;0;0;;;;;0.0;;0;;;;;;;;03.987.306/0001-71;;;;;;;;;;0.0;;
B1800550500000;INSPIRA.MOV BRASIL - SEGUNDA TEMPORADA;2018;;Renúncia — Outros Mecanismos;0.0;0.0;700000.0;0.0;974535.8;974535.8;0.0;0.0;140000;194907.16;0.0;0.0;0.0;0.0;0.0;0;0;0;0;;;;;0.0;;0;;;;;;;;64.044.886/0001-58;;;;;;;;;;700000.0;;0.2
B1900478400000;INTERVENÇÃO;2018;;Renúncia — Art.3/3-A/39;0.0;3000000.0;0.0;0.0;4176582.0;4176582.0;646.76;735.56;60000;83531.64;735.56;0.0;0.0002;0.0;0.0;0;0;0;0;;;;;0.0;;0;;0.0;;;;;;13.110.657/0001-53;;;;;;;;;;3000000.0;;0.0202
B1800449100000;INTIMIDADE ENTRE ESTRANHOS;2018;;Renúncia — Art.3/3-A/39;0.0;3000000.0;0.0;0.0;4176582.0;4176582.0;62897.85;82979.12;360000;501189.84;82979.12;0.0;0.0199;0.8;4.0;0;0;0;0;;;;;2.4;adoro_usuario;1;baixa;;;;;;;10.645.895/0001-75;;;;;;;;;;3000000.0;;0.141
B1800219700000;IRMÃO DO JOREL - 3ª TEMPORADA;2018;;Renúncia — Art.3/3-A/39;0.0;6320114.02;0.0;0.0;8798824.82;8798824.82;0.0;0.0;140000;194907.16;0.0;0.0;0.0;0.0;0.0;0;0;0;0;;;;;0.0;;0;;;;;;;;09.551.826/0001-13;;;;;;;;;;6320114.02;;0.0222
B1800124000000;JORGE MAUTNER - KAOS EM AÇÃO;2018;;Renúncia — Art.3/3-A/39;0.0;1320000.0;0.0;0.0;1837696.08;1837696.08;0.0;0.0;140000;194907.16;0.0;0.0;0.0;0.0;0.0;0;0;0;0;;;;;0.0;;0;;;;;;;;09.180.984/0001-04;;;;;;;;;;1320000.0;;0.1061
B1900092000000;JORGINHO GUINLE - SÓ SE VIVE UMA VEZ;2018;;Renúncia — Outros Mecanismos;0.0;0.0;3000000.0;0.0;4176582.0;4176582.0;15272.46;19204.08;80000;111375.52;19204.08;0.0;0.0046;0.0;0.0;0;0;0;0;;;;;4.24;adoro_critico|adoro_usuario;2;media;;;;;;;04.031.248/0001-70;;;;;;;;;;3000000.0;;0.0318
B1800401200000;JUSTIÇA! UMA HISTÓRIA;2018;;Renúncia — Outros Mecanismos;0.0;0.0;100000.0;0.0;139219.4;139219.4;0.0;0.0;0;0.0;0.0;0.0;0.0;0.0;0.0;0;0;0;0;;;;;4.147;adoro_critico|adoro_usuario;2;media;;;;;;;14.022.519/0001-85;;;;;;;;;;100000.0;;0.0
B1800389000000;JUVENTUDE 100 ANOS DE PAPADA;2018;;Renúncia — Outros Mecanismos;0.0;0.0;837078.11;0.0;1165375.12;1165375.12;0.0;0.0;280000;389814.32;0.0;0.0;0.0;0.0;0.0;0;0;0;0;;;;;0.0;;0;;1.0;0.0;0.0;;;;08.046.502/0001-65;;;;;;;;;;837078.11;;0.3345
B1800374500000;LA CAMA;2018;;sem_categoria;0.0;0.0;0.0;0.0;0.0;0.0;32695.08;41111.84;0;0.0;41111.84;0.0;;0.0;0.0;0;0;0;0;;;;;0.0;;0;;;;;;;;10.615.584/0001-63;;;;;;;;;;0.0;;
B1800352900000;LABORATORIO DA LUTA - TERCEIRA TEMPORADA;2018;;Renúncia — Art.3/3-A/39;0.0;3000000.0;0.0;0.0;4176582.0;4176582.0;0.0;0.0;60000;83531.64;0.0;0.0;0.0;0.0;0.0;0;0;0;0;;;;;4.45;adoro_critico|adoro_usuario;2;media;7.0;0.0;0.0;LÍBERO. ISSN impresso: 1517-3283 / ISSN online: 2525-3166 | Palgrave studies in adaptation and visual culture | Scientific Repository of Open Access of Portugal (RCAAP);;;02.947.857/0001-49;;;;;;;;;;3000000.0;;0.02
B1800525900000;LAVÍNIA - EPISÓDIO PILOTO;2018;;sem_categoria;0.0;0.0;0.0;0.0;0.0;0.0;0.0;0.0;0;0.0;0.0;0.0;;0.0;0.0;0;0;0;0;;;;;0.0;;0;;;;;;;;05.980.535/0001-90;;;;;;;;;;0.0;;
B1900037900000;MAL ME QUER;2018;;Renúncia — Art.3/3-A/39;0.0;3000000.0;0.0;0.0;4176582.0;4176582.0;0.0;0.0;60000;83531.64;0.0;0.0;0.0;0.0;0.0;0;0;0;0;;;;;0.0;;0;;;;;;;;16.729.130/0001-08;;;;;;;;;;3000000.0;;0.02
B1800561600000;MENOS É DEMAIS - 2A TEMPORADA;2018;;Renúncia — Art.3/3-A/39;0.0;2229503.25;0.0;0.0;3103901.05;3103901.05;0.0;0.0;60000;83531.64;0.0;0.0;0.0;0.0;0.0;0;0;0;0;;;;;3.918;adoro_critico|adoro_usuario;2;media;0.0;;;;;;01.894.553/0001-06;;;;;;;;;;2229503.25;;0.0269
B1800136500000;MIL DIAS - UMA SAGA BRASILEIRA;2018;;Renúncia — Art.3/3-A/39;0.0;1000000.0;1990000.0;0.0;4162660.06;4162660.06;0.0;0.0;60000;83531.64;0.0;0.0;0.0;0.0;0.0;0;0;0;0;;;;;0.0;;0;;;;;;;;06.900.652/0001-69;;;;;;;;;;2990000.0;;0.0201
B1900493300000;MINHA FORTALEZA - OS FILHOS DE FULANO;2018;;Renúncia — Outros Mecanismos;0.0;0.0;580000.0;0.0;807472.52;807472.52;314.64;357.84;60000;83531.64;357.84;0.0;0.0004;0.0;0.0;0;0;0;0;;;;;0.0;;0;;;;;;;;19.886.089/0001-63;;;;;;;;;;580000.0;;0.104
B1800539000000;MINHA VIDA EM MARTE;2018;;Renúncia — Art.3/3-A/39;0.0;3000000.0;0.0;0.0;4176582.0;4176582.0;82841089.34;105072241.12;140000;194907.16;105072241.12;0.0;25.1575;0.0;0.0;0;0;0;0;;;;;3.2;adoro_usuario;1;baixa;;;;;;;23.964.115/0001-00;;;;;;;;;;3000000.0;;27.6604
B1800193500000;MINHA VIDA É UM CIRCO;2018;;Renúncia — Art.3/3-A/39;0.0;1617234.0;0.0;0.0;2251503.47;2251503.47;0.0;0.0;60000;83531.64;0.0;0.0;0.0;0.0;0.0;0;0;0;0;;;;;3.2;adoro_usuario;1;baixa;1.0;1.0;1.0;;;;06.323.379/0001-57;;;;;;;;;;1617234.0;;0.0371
B1800219500000;MINOTAURO, A VIDA DO LENDÁRIO LUTADOR ANTÔNIO RODRIGO NOGUEIRA;2018;;Renúncia — Art.3/3-A/39;0.0;946519.19;0.0;0.0;1317738.34;1317738.34;0.0;0.0;140000;194907.16;0.0;0.0;0.0;0.0;0.0;0;0;0;0;;;;;3.2;adoro_usuario;1;baixa;;;;;;;07.630.900/0001-61;;;;;;;;;;946519.19;;0.1479
B1800182200000;MISSÃO DESIGN;2018;;Renúncia — Art.3/3-A/39;0.0;3000000.0;0.0;0.0;4176582.0;4176582.0;0.0;0.0;60000;83531.64;0.0;0.0;0.0;0.0;0.0;0;0;0;0;;;;;0.0;;0;;;;;;;;16.729.130/0001-08;;;;;;;;;;3000000.0;;0.02
B1800405900000;MORTO NÃO FALA;2018;;Renúncia — Art.3/3-A/39;0.0;3000000.0;0.0;0.0;4176582.0;4176582.0;420134.94;528291.12;360000;501189.84;528291.12;0.0;0.1265;2.5;12.5;0;0;0;0;;;;;3.7;adoro_usuario;1;baixa;0.0;;;;;;94.625.829/0001-23;;;;;;;;;;3000000.0;;0.26
B1800277100000;MULHERES NA LUTA;2018;;Renúncia — Art.3/3-A/39;0.0;1810700.0;0.0;0.0;2520845.68;2520845.68;0.0;0.0;60000;83531.64;0.0;0.0;0.0;0.0;0.0;0;0;0;0;;;;;0.0;;0;;;;;;;;09.180.984/0001-04;;;;;;;;;;1810700.0;;0.0331
B1800479500000;MÃE;2018;;Renúncia — Outros Mecanismos;0.0;0.0;3980000.0;0.0;5540932.12;5540932.12;862.84;874.72;0;0.0;874.72;0.0;0.0002;0.0;0.0;0;0;0;0;;;;;4.115;adoro_critico|adoro_usuario;2;alta;0.0;;;;;;16.861.733/0001-50;;;;;;;;;;3980000.0;;0.0002
B1800523200000;NASCIDOS PARA O COMBATE – TERCEIRA TEMPORADA;2018;;Renúncia — Art.3/3-A/39;0.0;2406350.0;0.0;0.0;3350106.03;3350106.03;0.0;0.0;60000;83531.64;0.0;0.0;0.0;0.0;0.0;0;0;0;0;;;;;0.0;;0;;;;;;;;06.998.046/0001-28;;;;;;;;;;2406350.0;;0.0249
B1800605300000;NO PARAÍSO, COM GIO EWBANK;2018;;Renúncia — Art.3/3-A/39;0.0;2575883.52;0.0;0.0;3586129.58;3586129.58;0.0;0.0;60000;83531.64;0.0;0.0;0.0;0.0;0.0;0;0;0;0;;;;;3.84;adoro_critico|adoro_usuario;2;alta;;;;;;;05.326.727/0001-87;;;;;;;;;;2575883.52;;0.0233
B1900203600000;NONA - SI ME MOJAN YO LOS QUEMO;2018;;FSA Automático Festivais;0.0;0.0;0.0;0.0;0.0;0.0;6292.8;7156.8;0;0.0;7156.8;0.0;;13.8;19.0;0;28;26;0;;;;;0.0;;0;;;;;;;;14.440.714/0001-25;;;;;;;;;;0.0;;
B1800403200000;NOSSO OFÍCIO - 1ª TEMPORADA;2018;;sem_categoria;0.0;0.0;0.0;0.0;0.0;0.0;0.0;0.0;80000;111375.52;0.0;0.0;;0.0;0.0;0;0;0;0;;;;;0.0;;0;;;;;;;;04.149.422/0001-84;;;;;;;;;;0.0;;
B1800010300000;NÃO SE ACEITAM DEVOLUÇÕES;2018;;Renúncia — Art.3/3-A/39;0.0;3000000.0;0.0;0.0;4176582.0;4176582.0;4462759.04;5898912.88;140000;194907.16;5898912.88;0.0;1.4124;0.0;0.0;0;0;0;0;;;;;2.3;adoro_usuario;1;baixa;0.0;;;;;;02.863.008/0001-07;;;;;;;;;;3000000.0;;1.5343
B1800513700000;NÓS, OS DOCUMENTARISTAS;2018;;sem_categoria;0.0;0.0;0.0;0.0;0.0;0.0;0.0;0.0;60000;83531.64;0.0;0.0;;0.0;0.0;0;0;0;0;;;;;3.6;adoro_usuario;1;baixa;;;;;;;06.992.833/0001-62;;;;;;;;;;0.0;;
B1800356500000;O AMOR É LINDO;2018;;Renúncia — Art.3/3-A/39;0.0;1300000.0;0.0;0.0;1809852.2;1809852.2;0.0;0.0;60000;83531.64;0.0;0.0;0.0;0.0;0.0;0;0;0;0;;;;;4.3;adoro_usuario;1;baixa;0.0;;;;;;07.533.507/0001-50;;;;;;;;;;1300000.0;;0.0462
B1800501600000;O AVENTAL ROSA;2018;;Renúncia — Art.3/3-A/39;0.0;3000000.0;0.0;0.0;4176582.0;4176582.0;1895.04;2504.88;80000;111375.52;2504.88;0.0;0.0006;0.0;0.0;0;0;0;0;;;;;4.09;adoro_critico|adoro_usuario;2;media;;;;;Oscar;Q594771;05.270.790/0001-49;;;;;;;;;;3000000.0;;0.0273
B1900243100000;O DIÁRIO DE ALICE - PILOTO;2018;;sem_categoria;0.0;0.0;0.0;0.0;0.0;0.0;0.0;0.0;0;0.0;0.0;0.0;;0.0;0.0;0;0;0;0;;;;;3.85;adoro_critico|adoro_usuario;2;media;0.0;;;;;;12.112.647/0001-94;;;;;;;;;;0.0;;
B1800612400000;O DIÁRIO DE MIKA - 2ª TEMPORADA;2018;;Renúncia — Outros Mecanismos;0.0;0.0;1220000.0;0.0;1698476.68;1698476.68;0.0;0.0;60000;83531.64;0.0;0.0;0.0;0.0;0.0;0;0;0;0;;;;;3.85;adoro_critico|adoro_usuario;2;media;0.0;;;;;;11.899.615/0001-18;;;;;;;;;;1220000.0;;0.0492
B1800288400000;O FENÔMENO MMA;2018;;Renúncia — Art.3/3-A/39;0.0;1315275.0;0.0;0.0;1831117.96;1831117.96;0.0;0.0;60000;83531.64;0.0;0.0;0.0;0.0;0.0;0;0;0;0;;;;;2.8;adoro_usuario;1;baixa;;;;;;;10.899.485/0001-50;;;;;;;;;;1315275.0;;0.0456
B1800267900000;O NEGRO NO FUTEBOL BRASILEIRO;2018;;Renúncia — Art.3/3-A/39;0.0;1444541.5;0.0;0.0;2011082.01;2011082.01;0.0;0.0;60000;83531.64;0.0;0.0;0.0;0.0;0.0;0;0;0;0;;;;;4.3;adoro_usuario;1;baixa;;;;;;;73.619.637/0001-34;;;;;;;;;;1444541.5;;0.0415
B1800565900000;O SHOW DA LUNA! QUINTA TEMPORADA;2018;;Renúncia — Art.3/3-A/39;0.0;1534043.89;1000000.0;0.0;3527880.7;3527880.7;0.0;0.0;140000;194907.16;0.0;0.0;0.0;0.0;0.0;0;0;0;0;;;;;0.0;;0;;0.0;;;;;;01.161.933/0001-23;;;;;;;;;;2534043.8899999997;;0.0552
B1800509700000;ONDE A MOEDA CAI EM PÉ - A HISTÓRIA DO SÃO PAULO FUTEBOL CLUBE;2018;;Renúncia — Art.3/3-A/39;0.0;371268.75;0.0;0.0;516878.13;516878.13;57964.16;76617.52;60000;83531.64;76617.52;0.0;0.1482;0.0;0.0;0;0;0;0;;;;;3.77;adoro_critico;1;media;1.0;0.0;0.0;;;;01.613.170/0001-04;;;;;;;;;;371268.75;;0.3177
B1800164100000;OS GRETCHENS - 1ª TEMPORADA;2018;;Renúncia — Art.3/3-A/39;0.0;1000000.0;0.0;0.0;1392194.0;1392194.0;0.0;0.0;60000;83531.64;0.0;0.0;0.0;0.0;0.0;0;0;0;0;;;;;0.0;;0;;0.0;;;;;;07.988.992/0001-56;;;;;;;;;;1000000.0;;0.06
B1800127700000;PAGLIACCI;2018;;Renúncia — Art.3/3-A/39;0.0;200000.0;0.0;0.0;278438.8;278438.8;8572.8;11331.6;280000;389814.32;11331.6;0.0;0.0407;0.0;0.0;0;0;0;0;;;;;0.0;;0;;;;;;;;07.533.507/0001-50;;;;;;;;;;200000.0;;1.4429
B1800550200000;PALACE II - 3 QUARTOS COM VISTA PARA O MAR;2018;;Renúncia — Art.3/3-A/39;0.0;150000.0;0.0;0.0;208829.1;208829.1;4584.9;5765.2;60000;83531.64;5765.2;0.0;0.0276;0.0;0.0;0;0;0;0;;;;;2.4;adoro_usuario;1;baixa;;;;;;;11.721.296/0001-56;;;;;;;;;;150000.0;;0.4306
B1800036200000;PANTANAL, A BOA INOCÊNCIA DE NOSSAS ORIGENS;2018;;Renúncia — Outros Mecanismos;0.0;0.0;952132.0;0.0;1325552.46;1325552.46;52.44;59.64;80000;111375.52;59.64;0.0;0.0;0.0;0.0;0;0;0;0;;;;;4.015;adoro_critico|adoro_usuario;2;media;2.0;0.0;0.0;Alphaville Journal of Film and Screen Media | Jagiellonian University Repository (Jagiellonian University);;;09.107.296/0001-19;;;;;;;;;;952132.0;;0.0841
B1900624500000;PELÉ A ORIGEM;2018;;Renúncia — Outros Mecanismos;0.0;0.0;634000.0;0.0;882651.0;882651.0;0.0;0.0;80000;111375.52;0.0;0.0;0.0;0.0;0.0;0;0;0;0;;;;;4.355;adoro_critico|adoro_usuario;2;alta;;;;;;;03.729.417/0001-88;;;;;;;;;;634000.0;;0.1262
B1800606400000;PELÉ ETERNO - LONGA VERSÃO;2018;;Renúncia — Art.3/3-A/39;0.0;2700000.0;0.0;0.0;3758923.8;3758923.8;0.0;0.0;0;0.0;0.0;0.0;0.0;0.0;0.0;0;0;0;0;;;;;0.0;;0;;0.0;;;;;;05.283.625/0001-21;;;;;;;;;;2700000.0;;0.0
B1900167100000;PEQUENOS GRANDES TALENTOS;2018;;Renúncia — Outros Mecanismos;0.0;0.0;1496000.0;0.0;2082722.22;2082722.22;0.0;0.0;140000;194907.16;0.0;0.0;0.0;0.0;0.0;0;0;0;0;;;;;2.885;adoro_critico|adoro_usuario;2;media;;;;;;;81.321.978/0001-57;;;;;;;;;;1496000.0;;0.0936
B1800353300000;PLATAMAMA;2018;;Renúncia — Art.3/3-A/39;0.0;0.0;200000.0;0.0;278438.8;278438.8;993.2;1033.76;0;0.0;1033.76;0.0;0.0037;0.0;0.0;0;0;0;0;;;;;0.0;;0;;2.0;2.0;2.0;Cadernos Pagu | Logos;;;10.551.469/0001-72;;;;;;;;;;200000.0;;0.005
B1800332500000;QUEBRANDO O TABU;2018;;Renúncia — Outros Mecanismos;0.0;0.0;2711360.37;0.0;3774739.64;3774739.64;0.0;0.0;60000;83531.64;0.0;0.0;0.0;4.0;0.0;0;5;2;0;;;;;0.0;;0;;0.0;;;;;;06.945.371/0001-22;;;;;;;;;;2711360.37;;0.0221
B1800549200000;RASGA CORAÇÃO;2018;;Renúncia — Art.3/3-A/39;0.0;3000000.0;0.0;0.0;4176582.0;4176582.0;124388.0;164010.0;360000;501189.84;164010.0;0.0;0.0393;2.3;11.5;0;0;0;0;;;;;0.0;;0;;;;;;;;94.625.829/0001-23;;;;;;;;;;3000000.0;;0.1615
B1900076300000;REFAVELA 40;2018;;Renúncia — Art.3/3-A/39;0.0;895107.0;0.0;0.0;1246162.59;1246162.59;0.0;0.0;60000;83531.64;0.0;0.0;0.0;0.0;0.0;0;0;0;0;;;;;0.0;;0;;;;;;;;09.180.984/0001-04;;;;;;;;;;895107.0;;0.067
B1800556200000;RINDO À TOA;2018;;Renúncia — Art.3/3-A/39;0.0;730000.0;0.0;0.0;1016301.62;1016301.62;996.03;1252.44;280000;389814.32;1252.44;0.0;0.0012;0.0;0.0;0;0;0;0;;;;;0.0;;0;;3.0;0.0;0.0;Paralelo 31 | LA Referencia (Red Federada de Repositorios Institucionales de Publicaciones Científicas) | Latitude;;;12.375.637/0001-41;;;;;;;;;;730000.0;;0.3849
B1800077300000;RIO DO MEDO;2018;;Renúncia — Art.3/3-A/39;0.0;190000.0;0.0;0.0;264516.86;264516.86;1188.16;1570.52;280000;389814.32;1570.52;0.0;0.0059;0.0;0.0;0;0;0;0;;;;;4.252;adoro_critico|adoro_usuario;2;alta;2.0;0.0;0.0;Carnets | Directory of Open access Books (OAPEN Foundation);;;03.279.751/0001-87;;;;;;;;;;190000.0;;1.4799
B1800517000000;ROGÉRIA - SENHOR ASTOLFO BARROZO PINTO;2018;;Renúncia — Art.3/3-A/39;0.0;0.0;0.0;0.0;0.0;0.0;16679.55;20973.4;60000;83531.64;20973.4;0.0;;0.0;0.0;0;0;0;0;;;;;0.0;;0;;;;;;;;21.368.732/0001-09;;;;;;;;;;0.0;;
B1800430900000;ROMPENDO O SILÊNCIO;2018;;Renúncia — Outros Mecanismos;0.0;1787549.83;0.0;0.0;2488616.15;2488616.15;0.0;0.0;60000;83531.64;0.0;0.0;0.0;0.0;0.0;0;0;0;0;;;;;4.1;adoro_usuario;1;baixa;;;;;Rotterdam;Q6763884;00.020.648/0001-20;;;;;;;;;;1787549.83;;0.0336
B1900031700000;SAI DE BAIXO, O FILME;2018;;Renúncia — Art.3/3-A/39;0.0;3000000.0;0.0;0.0;4176582.0;4176582.0;7498461.66;9428805.68;365000;508150.81;9428805.68;0.0;2.2575;12.16;0.0;7768;0;0;0;;;;;3.3;adoro_usuario;1;baixa;0.0;;;;;;02.605.295/0001-55;;;;;;;;;;3000000.0;;2.6212
B1900147200000;SANTOS DE TODOS OS GOLS;2018;;Renúncia — Outros Mecanismos;0.0;0.0;860000.0;0.0;1197286.84;1197286.84;55635.39;69957.72;60000;83531.64;69957.72;0.0;0.0584;0.0;0.0;0;0;0;0;;;;;3.543;adoro_critico|adoro_usuario;2;media;;;;;;;01.613.170/0001-04;;;;;;;;;;860000.0;;0.1345
B1800346000000;SENNINHA NA PISTA MALUCA;2018;;Renúncia — Outros Mecanismos;0.0;0.0;1259000.0;0.0;1752772.25;1752772.25;0.0;0.0;280000;389814.32;0.0;0.0;0.0;0.0;0.0;0;0;0;0;;;;;0.0;;0;;0.0;;;;;;11.899.615/0001-18;;;;;;;;;;1259000.0;;0.2224
B1800126800000;SEQUESTRO RELÂMPAGO;2018;;Renúncia — Art.3/3-A/39;0.0;3000000.0;0.0;0.0;4176582.0;4176582.0;196648.0;259931.0;360000;501189.84;259931.0;0.0;0.0622;1.6;8.0;0;0;0;0;;;;;0.0;;0;;;;;;;;07.860.494/0001-23;;;;;;;;;;3000000.0;;0.1855
B1800465300000;SOB PRESSÃO - 2ª TEMPORADA;2018;;Renúncia — Art.3/3-A/39;0.0;3000000.0;0.0;0.0;4176582.0;4176582.0;0.0;0.0;80000;111375.52;0.0;0.0;0.0;0.0;0.0;0;0;0;0;;;;;4.2;adoro_usuario;1;baixa;1.0;1.0;1.0;;;;09.180.984/0001-04;;;;;;;;;;3000000.0;;0.0267
B1800609900000;TAINÁ E OS GUARDIÕES DA AMAZÔNIA;2018;;Renúncia — Art.3/3-A/39;0.0;3000000.0;1043500.0;0.0;5629336.44;5629336.44;0.0;0.0;360000;501189.84;0.0;0.0;0.0;0.0;0.0;0;0;0;0;;;;;3.929;adoro_critico;1;alta;0.0;;;;;;42.488.478/0001-52;;;;;;;;;;4043500.0;;0.089
B1900400900000;TE CONTO NO CAMINHO;2018;;Renúncia — Art.3/3-A/39;0.0;373360.37;0.0;0.0;519790.07;519790.07;0.0;0.0;60000;83531.64;0.0;0.0;0.0;0.0;0.0;0;0;0;0;;;;;4.3;adoro_usuario;1;baixa;;;;;;;23.511.961/0001-66;;;;;;;;;;373360.37;;0.1607
B1800115400000;TEMPERO & ARTE;2018;;Renúncia — Art.3/3-A/39;0.0;0.0;1700000.0;0.0;2366729.8;2366729.8;0.0;0.0;60000;83531.64;0.0;0.0;0.0;0.0;0.0;0;0;0;0;;;;;0.0;;0;;;;;;;;02.113.430/0001-45;;;;;;;;;;1700000.0;;0.0353
B1800118200000;TEMPO DE BOLA;2018;;Renúncia — Art.3/3-A/39;0.0;1596864.0;0.0;0.0;2223144.48;2223144.48;0.0;0.0;85000;118336.49;0.0;0.0;0.0;0.0;0.0;0;0;0;0;;;;;3.648;adoro_critico|adoro_usuario;2;alta;0.0;;;;;;04.453.786/0001-53;;;;;;;;;;1596864.0;;0.0532
B1800403500000;TERRORES URBANOS;2018;;Renúncia — Art.3/3-A/39;0.0;3000000.0;0.0;0.0;4176582.0;4176582.0;0.0;0.0;140000;194907.16;0.0;0.0;0.0;0.0;0.0;0;0;0;0;;;;;0.0;;0;;0.0;;;;Rotterdam;Q18280611;16.104.588/0001-63;;;;;;;;;;3000000.0;;0.0467
B1800124400000;TEU MUNDO NÃO CABE NOS MEUS OLHOS;2018;;Renúncia — Art.3/3-A/39;0.0;1400000.0;850000.0;0.0;3132436.5;3132436.5;230277.44;304382.68;205000;285399.77;304382.68;0.0;0.0972;0.0;0.0;0;0;0;0;;;;;3.6;adoro_usuario;1;baixa;;;;;;;05.270.790/0001-49;;;;;;;;;;2250000.0;;0.1935
B1800387000000;TODAS AS CANÇÕES DE AMOR;2018;;Renúncia — Art.3/3-A/39;0.0;3000000.0;580000.0;0.0;4984054.52;4984054.52;416694.7;550735.64;140000;194907.16;550735.64;0.0;0.1105;3.7;18.5;0;0;0;0;;;;;4.3;adoro_usuario;1;baixa;;;;;;;07.419.227/0001-15;;;;;;;;;;3580000.0;;0.1555
B1800358100000;TROCA DE ESTILOS - 3ª TEMPORADA;2018;;Renúncia — Art.3/3-A/39;0.0;2939796.0;0.0;0.0;4092766.35;4092766.35;0.0;0.0;60000;83531.64;0.0;0.0;0.0;0.0;0.0;0;0;0;0;;;;;0.0;;0;;0.0;;;;;;10.874.608/0001-07;;;;;;;;;;2939796.0;;0.0204
B1800005800000;TUNGA, O ESQUECIMENTO DAS PAIXÕES;2018;;Renúncia — Outros Mecanismos;0.0;0.0;300000.0;0.0;417658.2;417658.2;28173.42;35426.16;280000;389814.32;35426.16;0.0;0.0848;0.0;0.0;0;0;0;0;;;;;0.0;;0;;;;;;;;74.425.067/0001-04;;;;;;;;;;300000.0;;1.0272
B1800116000000;TUNGSTÊNIO;2018;;Renúncia — Art.3/3-A/39;0.0;3000000.0;0.0;0.0;4176582.0;4176582.0;86284.48;114051.56;360000;501189.84;114051.56;0.0;0.0273;0.0;0.0;0;0;0;0;;;;;0.0;;0;;;;;;;;11.140.814/0001-48;;;;;;;;;;3000000.0;;0.1488
B1800540900000;TÁ RINDO DE QUÊ?;2018;;Renúncia — Art.3/3-A/39;0.0;730000.0;0.0;0.0;1016301.62;1016301.62;23319.75;29323.0;360000;501189.84;29323.0;0.0;0.0289;0.0;0.0;0;0;0;0;;;;;3.705;adoro_critico|adoro_usuario;2;media;3.0;0.0;0.0;Paralelo 31 | LA Referencia (Red Federada de Repositorios Institucionales de Publicaciones Científicas) | Latitude;;;12.375.637/0001-41;;;;;;;;;;730000.0;;0.5251
B1800145000000;UM CONTRA TODOS - 3ª TEMPORADA;2018;;Renúncia — Art.3/3-A/39;0.0;7878402.69;0.0;0.0;10968264.95;10968264.95;0.0;0.0;60000;83531.64;0.0;0.0;0.0;0.0;0.0;0;0;0;0;;;;;0.0;;0;;2.0;1.0;1.0;LA Referencia (Red Federada de Repositorios Institucionales de Publicaciones Científicas);;;09.180.984/0001-04;;;;;;;;;;7878402.69;;0.0076
B1800378400000;UM CONTRA TODOS 3 - TELEFILME;2018;;Renúncia — Art.3/3-A/39;0.0;7878402.69;0.0;0.0;10968264.95;10968264.95;0.0;0.0;60000;83531.64;0.0;0.0;0.0;0.0;0.0;0;0;0;0;;;;;0.0;;0;;2.0;1.0;1.0;LA Referencia (Red Federada de Repositorios Institucionales de Publicaciones Científicas);;;09.180.984/0001-04;;;;;;;;;;7878402.69;;0.0076
B1800552500000;UM DIA PARA SUSANA;2018;;sem_categoria;0.0;0.0;0.0;0.0;0.0;0.0;3225.24;4055.52;60000;83531.64;4055.52;0.0;;0.0;0.0;0;0;0;0;;;;;4.123;adoro_critico|adoro_usuario;2;alta;;;;;;;13.694.309/0001-70;;;;;;;;;;0.0;;
B1800537600000;UM SHOW DE NOIVA - 2ª TEMPORADA;2018;;Renúncia — Art.3/3-A/39;0.0;1763564.57;0.0;0.0;2455224.01;2455224.01;0.0;0.0;60000;83531.64;0.0;0.0;0.0;0.0;0.0;0;0;0;0;;;;;4.105;adoro_critico|adoro_usuario;2;media;;;;;;;12.619.515/0001-53;;;;;;;;;;1763564.57;;0.034
B1800517400000;UNIDOS CONTRA DARWIN: CAVALO, HOMEM, SERTÃO;2018;;Renúncia — Outros Mecanismos;0.0;0.0;153000.0;0.0;213005.68;213005.68;0.0;0.0;0;0.0;0.0;0.0;0.0;0.0;0.0;0;0;0;0;;;;;0.0;;0;;3.0;0.0;0.0;Revista Memória em Rede;;;08.752.098/0001-45;;;;;;;;;;153000.0;;0.0
B1800183500000;VIVER PARA LUTAR – 2A TEMPORADA;2018;;Renúncia — Art.3/3-A/39;0.0;2998732.0;0.0;0.0;4174816.7;4174816.7;0.0;0.0;60000;83531.64;0.0;0.0;0.0;0.0;0.0;0;0;0;0;;;;;4.084;adoro_critico|adoro_usuario;2;alta;;;;;;;06.998.046/0001-28;;;;;;;;;;2998732.0;;0.02
B1800236100000;XINÃ BENA BEISIKIT XARABU;2018;;sem_categoria;0.0;0.0;0.0;0.0;0.0;0.0;0.0;0.0;0;0.0;0.0;0.0;;0.0;0.0;0;0;0;0;;;;;0.0;;0;;0.0;;;;;;19.709.434/0001-93;;;;;;;;;;0.0;;
B1800363400000;Z4 - 2° TEMPORADA;2018;;Renúncia — Art.3/3-A/39;0.0;2332728.67;0.0;0.0;3247610.86;3247610.86;0.0;0.0;140000;194907.16;0.0;0.0;0.0;0.0;0.0;0;0;0;0;;;;;0.0;;0;;;;;;;;18.082.113/0001-49;;;;;;;;;;2332728.67;;0.06
B1800612200000;ZANA - O FILHO DA MATA;2018;;sem_categoria;0.0;0.0;0.0;0.0;0.0;0.0;0.0;0.0;120000;167063.28;0.0;0.0;;0.0;0.0;0;0;0;0;;;;;3.978;adoro_critico|adoro_usuario;2;media;;;;;;;20.119.267/0001-00;;;;;;;;;;0.0;;
B1800144100000;ZUZUBALÂNDIA;2018;;Renúncia — Art.3/3-A/39;0.0;0.0;0.0;0.0;0.0;0.0;0.0;0.0;140000;194907.16;0.0;0.0;;0.0;0.0;0;0;0;0;;;;;3.656;adoro_critico;1;alta;;;;;;;01.833.200/0001-98;;;;;;;;;;0.0;;
B1900548000000;#MECHAMADEBRUNA - 4A TEMPORADA;2019;;Renúncia — Art.3/3-A/39;0.0;4999999.61;0.0;0.0;6673349.48;6673349.48;0.0;0.0;60000;80080.2;0.0;0.0;0.0;0.0;0.0;0;0;0;0;;;;;0.0;;0;;10.0;1.0;1.0;LA Referencia (Red Federada de Repositorios Institucionales de Publicaciones Científicas) | Rebeca - Revista Brasileira de Estudos de Cinema e Audiovisual | DOC online - Revista Digital de Cinema Documentário;;;03.360.320/0001-40;;;;;;;;;;4999999.61;;0.012
B1900089900000;#OFUTUROÉFEMININO;2019;;Renúncia — Art.3/3-A/39;0.0;285807.5;0.0;0.0;381458.7;381458.7;0.0;0.0;60000;80080.2;0.0;0.0;0.0;0.0;0.0;0;0;0;0;;;;;0.0;;0;;;;;;;;18.675.219/0001-56;;;;;;;;;;285807.5;;0.2099
B2000494000000;21 MÃO NA CABEÇA;2019;;Renúncia — Art.3/3-A/39;0.0;0.0;0.0;0.0;0.0;0.0;0.0;0.0;0;0.0;0.0;0.0;;0.0;0.0;0;0;0;0;;;;;0.0;;0;;;;;;;;86.628.492/0001-80;;;;;;;;;;0.0;;
B1900496000000;A BRUXINHA LILI;2019;;sem_categoria;0.0;0.0;0.0;0.0;0.0;0.0;0.0;0.0;0;0.0;0.0;0.0;;0.0;0.0;0;0;0;0;;;;;0.0;;0;;0.0;;;;;;00.830.735/0001-42;;;;;;;;;;0.0;;
B1900241900000;A DIVISÃO;2019;;Renúncia — Art.3/3-A/39;0.0;2000000.0;1607000.0;0.0;4814154.69;4814154.69;0.0;0.0;140000;186853.8;0.0;0.0;0.0;0.0;0.0;0;0;0;0;;;;;2.9;adoro_usuario;1;baixa;;;;;;;03.247.208/0001-06;;;;;;;;;;3607000.0;;0.0388
B1900592900000;A DIVISÃO - O FILME;2019;;Renúncia — Art.3/3-A/39;0.0;2000000.0;1607000.0;0.0;4814154.69;4814154.69;121685.96;151763.92;140000;186853.8;151763.92;0.0;0.0315;0.0;0.0;0;0;0;0;;;;;2.9;adoro_usuario;1;baixa;;;;;;;03.247.208/0001-06;;;;;;;;;;3607000.0;;0.0725
B1900266500000;A EVOLUÇÃO DO COMBATE;2019;;Renúncia — Art.3/3-A/39;0.0;3000000.0;0.0;0.0;4004010.0;4004010.0;0.0;0.0;60000;80080.2;0.0;0.0;0.0;0.0;0.0;0;0;0;0;;;;;3.17;adoro_critico|adoro_usuario;2;alta;7.0;0.0;0.0;LÍBERO. ISSN impresso: 1517-3283 / ISSN online: 2525-3166 | Palgrave studies in adaptation and visual culture | Scientific Repository of Open Access of Portugal (RCAAP);;;02.947.857/0001-49;;;;;;;;;;3000000.0;;0.02
B1900415900000;A FERA NA SELVA;2019;;Renúncia — Art.3/3-A/39;0.0;400000.0;730000.0;0.0;1508177.1;1508177.1;49311.39;62005.72;360000;480481.2;62005.72;0.0;0.0411;0.0;0.0;0;0;0;0;;;;;3.895;adoro_critico|adoro_usuario;2;alta;5.0;1.0;1.0;Significação Revista de Cultura Audiovisual | UFPR Digital Collection (Federal University of Paraná);;;49.079.395/0001-59;;;;;;;;;;1130000.0;;0.3622
B1900139400000;A HISTÓRIA DE UM SONHO;2019;;Renúncia — Outros Mecanismos;0.0;0.0;40500.0;0.0;54054.14;54054.14;77627.1;97610.8;60000;80080.2;97610.8;0.0;1.8058;0.0;0.0;0;0;0;0;;;;;4.18;adoro_critico|adoro_usuario;2;media;;;;;;;07.716.572/0001-10;;;;;;;;;;40500.0;;3.3982
B1900148100000;A IRMANDADE;2019;;Renúncia — Art.3/3-A/39;0.0;150000.0;0.0;0.0;200200.5;200200.5;10814.04;13597.92;0;0.0;13597.92;0.0;0.0679;0.0;0.0;0;0;0;0;;;;;0.0;;0;;;;;;;;06.842.017/0001-72;;;;;;;;;;150000.0;;0.0721
B1900188300000;A REAÇÃO BRASILEIRA;2019;;Renúncia — Art.3/3-A/39;0.0;824792.47;0.0;0.0;1100825.77;1100825.77;0.0;0.0;60000;80080.2;0.0;0.0;0.0;0.0;0.0;0;0;0;0;;;;;0.0;;0;;;;;;;;27.052.323/0001-85;;;;;;;;;;824792.47;;0.0727
B1900251700000;A ÁGUA QUE FALTA;2019;;Renúncia — Outros Mecanismos;0.0;0.0;359968.84;0.0;480439.61;480439.61;0.0;0.0;80000;106773.6;0.0;0.0;0.0;0.0;0.0;0;0;0;0;;;;;0.0;;0;;;;;;;;09.461.800/0001-84;;;;;;;;;;359968.84;;0.2222
B1900262200000;ADONIRAN, MEU NOME É JOÃO RUBINATO;2019;;Renúncia — Outros Mecanismos;0.0;0.0;432134.67;0.0;576757.18;576757.18;117931.13;146893.32;280000;373707.6;146893.32;0.0;0.2547;0.0;0.0;0;0;0;0;;;;;0.0;;0;;;;;;;;09.385.866/0001-32;;;;;;;;;;432134.67;;0.9208
B1900564100000;AEROPORTO - ÁREA RESTRITA (3ª TEMPORADA);2019;;Renúncia — Art.3/3-A/39;0.0;2225985.85;0.0;0.0;2970956.53;2970956.53;0.0;0.0;140000;186853.8;0.0;0.0;0.0;0.0;0.0;0;0;0;0;;;;;0.0;;0;;0.0;;;;;;07.627.467/0001-05;;;;;;;;;;2225985.85;;0.0629
B1900371100000;ALIMENTANDO O MUNDO;2019;;Renúncia — Outros Mecanismos;0.0;0.0;500000.0;0.0;667335.0;667335.0;0.0;0.0;60000;80080.2;0.0;0.0;0.0;0.0;0.0;0;0;0;0;;;;;3.51;adoro_critico|adoro_usuario;2;media;;;;;;;02.188.743/0001-62;;;;;;;;;;500000.0;;0.12
B1900314100000;ALMA IMORAL;2019;;Renúncia — Outros Mecanismos;0.0;0.0;490000.0;0.0;653988.3;653988.3;49690.83;62482.84;0;0.0;62482.84;0.0;0.0955;0.0;0.0;0;0;0;0;;;;;0.0;;0;;;;;;;;27.651.181/0001-72;;;;;;;;;;490000.0;;0.1014
B1900124500000;ALTO LEBLON - 2A TEMPORADA;2019;;Renúncia — Art.3/3-A/39;0.0;1807850.0;0.0;0.0;2412883.16;2412883.16;0.0;0.0;60000;80080.2;0.0;0.0;0.0;0.0;0.0;0;0;0;0;;;;;0.0;;0;;0.0;;;;;;06.023.805/0001-37;;;;;;;;;;1807850.0;;0.0332
B1900594800000;AMIGAS DE SORTE;2019;;Renúncia — Art.3/3-A/39;0.0;3000000.0;2400000.0;0.0;7207218.0;7207218.0;7254.2;8250.2;140000;186853.8;8250.2;0.0;0.0011;0.0;0.0;0;0;0;0;;;;;4.1;adoro_usuario;1;baixa;;;;;;;09.281.789/0001-70;;;;;;;;;;5400000.0;;0.0273
B2000163700000;AMIGO ARRIGO;2019;;Renúncia — Art.3/3-A/39;0.0;0.0;550000.0;0.0;734068.5;734068.5;401.1;417.48;280000;373707.6;417.48;0.0;0.0006;0.0;0.0;0;0;0;0;;;;;0.0;;0;;24.0;9.0;6.0;Digital Library of Theses and Dissertations  (Universidade de São Paulo) | Revista urutágua | Revista OPSIS;;;69.126.670/0001-55;;;;;;;;;;550000.0;;0.5098
B1900613600000;AMOR SERTANEJO;2019;;sem_categoria;0.0;0.0;940000.0;0.0;1254589.8;1254589.8;0.0;0.0;60000;80080.2;0.0;0.0;0.0;0.0;0.0;0;0;0;0;;;;;4.3;adoro_usuario;1;baixa;1.0;0.0;0.0;;;;07.276.440/0001-15;;;;;;;;;;940000.0;;0.0638
B1900303600000;AMÉRICA ARMADA;2019;;Renúncia — Art.3/3-A/39;0.0;300000.0;50000.0;0.0;467134.5;467134.5;0.0;0.0;280000;373707.6;0.0;0.0;0.0;0.0;0.0;0;0;0;0;;;;;0.0;;0;;0.0;;;;;;35.792.621/0001-30;;;;;;;;;;350000.0;;0.8
B2000097000000;ANIMAZOO - SÉRIE TELEVISIVA;2019;;Renúncia — Outros Mecanismos;0.0;0.0;1350000.0;0.0;1801804.5;1801804.5;0.0;0.0;280000;373707.6;0.0;0.0;0.0;0.0;0.0;0;0;0;0;;;;;0.0;;0;;0.0;;;;;;18.053.877/0001-06;;;;;;;;;;1350000.0;;0.2074
B1900609700000;APENAS MENINAS;2019;;Renúncia — Art.3/3-A/39;0.0;788622.07;0.0;0.0;1052550.22;1052550.22;0.0;0.0;60000;80080.2;0.0;0.0;0.0;0.0;0.0;0;0;0;0;;;;;0.0;;0;;0.0;;;;;;04.661.796/0001-84;;;;;;;;;;788622.07;;0.0761
B1900261400000;ARQUIS;2019;;Renúncia — Art.3/3-A/39;0.0;2088045.85;0.0;0.0;2786852.15;2786852.15;0.0;0.0;60000;80080.2;0.0;0.0;0.0;0.0;0.0;0;0;0;0;;;;;0.0;;0;;;;;;;;11.443.174/0001-45;;;;;;;;;;2088045.85;;0.0287
B1900343900000;AUTÊNTICAS - 2ª TEMPORADA;2019;;Renúncia — Art.3/3-A/39;0.0;2115301.93;0.0;0.0;2823230.03;2823230.03;0.0;0.0;60000;80080.2;0.0;0.0;0.0;0.0;0.0;0;0;0;0;;;;;0.0;;0;;1.0;0.0;0.0;Escritas/Revista Escritas;;;08.708.048/0001-60;;;;;;;;;;2115301.93;;0.0284
B2000006500000;BABENCO - ALGUÉM TEM QUE OUVIR O CORAÇÃO E DIZER: PAROU;2019;;Renúncia — Art.3/3-A/39;0.0;335000.0;460000.0;0.0;1061062.65;1061062.65;77484.6;95682.44;280000;373707.6;95682.44;0.0;0.0902;0.0;0.0;0;0;0;0;;;;;3.955;adoro_critico|adoro_usuario;2;media;0.0;;;;Oscar;Q9299826;46.848.701/0001-86;;;;;;;;;;795000.0;;0.4497
B1900489400000;BABY & ROSE - 2A TEMPORADA;2019;;Renúncia — Art.3/3-A/39;0.0;2825807.35;0.0;0.0;3771520.3;3771520.3;0.0;0.0;280000;373707.6;0.0;0.0;0.0;0.0;0.0;0;0;0;0;;;;;4.043;adoro_critico|adoro_usuario;2;alta;2.0;2.0;2.0;St Andrews Research Repository (St Andrews Research Repository) | Research Square;;;10.476.872/0001-84;;;;;;;;;;2825807.35;;0.0991
B1900131800000;BATALHA MAKERS BRASIL;2019;;Renúncia — Art.3/3-A/39;0.0;3243866.46;0.0;0.0;4329491.25;4329491.25;0.0;0.0;60000;80080.2;0.0;0.0;0.0;0.0;0.0;0;0;0;0;;;;;0.0;;0;;1.0;0.0;0.0;Escritas/Revista Escritas;;;03.435.290/0001-94;;;;;;;;;;3243866.46;;0.0185
B1900137800000;BELA RAÍZES;2019;;sem_categoria;0.0;0.0;0.0;0.0;0.0;0.0;0.0;0.0;200000;266934.0;0.0;0.0;;0.0;0.0;0;0;0;0;;;;;0.0;;0;;;;;;;;13.384.449/0001-42;;;;;;;;;;0.0;;
B1900392900000;BERTHA LUTZ - A MULHER NA CARTA DA ONU;2019;;Renúncia — Art.3/3-A/39;0.0;744720.35;0.0;0.0;993955.91;993955.91;0.0;0.0;60000;80080.2;0.0;0.0;0.0;0.0;0.0;0;0;0;0;;;;;3.809;adoro_critico|adoro_usuario;2;media;0.0;;;;;;07.988.992/0001-56;;;;;;;;;;744720.35;;0.0806
B1900180000000;BOCA DE OURO;2019;;Renúncia — Art.3/3-A/39;0.0;3000000.0;0.0;0.0;4004010.0;4004010.0;16290.68;20317.36;360000;480481.2;20317.36;0.0;0.0051;13.92;6.0;11707;0;0;0;;;;;3.962;adoro_critico|adoro_usuario;2;alta;;;;;;;02.605.295/0001-55;;;;;;;;;;3000000.0;;0.1254
B2000067200000;BORN TO FASHION;2019;;Renúncia — Art.3/3-A/39;0.0;3000000.0;0.0;0.0;4004010.0;4004010.0;0.0;0.0;60000;80080.2;0.0;0.0;0.0;0.0;0.0;0;0;0;0;;;;;0.0;;0;;0.0;;;;;;08.440.376/0001-29;;;;;;;;;;3000000.0;;0.02
B1900374400000;BRASIL DE IMIGRANTES;2019;;Renúncia — Art.3/3-A/39;0.0;223119.11;191916.89;0.0;553936.1;553936.1;0.0;0.0;60000;80080.2;0.0;0.0;0.0;0.0;0.0;0;0;0;0;;;;;2.8;adoro_critico|adoro_usuario;2;media;0.0;;;;;;07.700.630/0001-18;;;;;;;;;;415036.0;;0.1446
B1900489800000;BRASIL DE IMIGRANTES ESPECIAL;2019;;Renúncia — Art.3/3-A/39;0.0;223119.11;191916.89;0.0;553936.1;553936.1;0.0;0.0;60000;80080.2;0.0;0.0;0.0;0.0;0.0;0;0;0;0;;;;;0.0;;0;;0.0;;;;;;07.700.630/0001-18;;;;;;;;;;415036.0;;0.1446
B1900461100000;BUBU E AS CORUJINHAS - 2°TEMPORADA;2019;;Renúncia — Art.3/3-A/39;0.0;0.0;0.0;0.0;0.0;0.0;0.0;0.0;140000;186853.8;0.0;0.0;;0.0;0.0;0;0;0;0;;;;;0.0;;0;;0.0;;;;;;14.020.417/0001-20;;;;;;;;;;0.0;;
B1900390400000;CALLADO;2019;;Renúncia — Art.3/3-A/39;0.0;300000.0;0.0;0.0;400401.0;400401.0;2027.68;2306.08;280000;373707.6;2306.08;0.0;0.0058;0.0;0.0;0;0;0;0;;;;;0.0;;0;;0.0;;;;;;18.009.049/0001-70;;;;;;;;;;300000.0;;0.9401
B1900350800000;CANHOTAS;2019;;Renúncia — Art.3/3-A/39;0.0;1050000.0;0.0;0.0;1401403.5;1401403.5;0.0;0.0;60000;80080.2;0.0;0.0;0.0;0.0;0.0;0;0;0;0;;;;;0.0;;0;;;;;;;;00.669.963/0001-82;;;;;;;;;;1050000.0;;0.0571
B1900189600000;CAXIAS - QUE CIDADE É ESSA?;2019;;Renúncia — Outros Mecanismos;0.0;0.0;158017.71;0.0;210901.5;210901.5;0.0;0.0;60000;80080.2;0.0;0.0;0.0;0.0;0.0;0;0;0;0;;;;;4.5;adoro_usuario;1;baixa;1.0;0.0;0.0;;;;08.046.502/0001-65;;;;;;;;;;158017.71;;0.3797
B2000000500000;CHACRINHA O VELHO GUERREIRO;2019;;Renúncia — Art.3/3-A/39;0.0;2000000.0;0.0;0.0;2669340.0;2669340.0;546734.08;722677.76;360000;480481.2;722677.76;0.0;0.2707;0.0;0.0;0;0;0;0;;;;;4.197;adoro_critico|adoro_usuario;2;alta;1.0;1.0;1.0;;;;13.110.657/0001-53;;;;;;;;;;2000000.0;;0.4534
B1900572300000;CLUBE DA ANITTINHA - SEGUNDA TEMPORADA;2019;;Renúncia — Art.3/3-A/39;0.0;3000000.0;0.0;0.0;4004010.0;4004010.0;0.0;0.0;280000;373707.6;0.0;0.0;0.0;0.0;0.0;0;0;0;0;;;;;4.45;adoro_critico|adoro_usuario;2;media;;;;;;;31.291.787/0001-11;;;;;;;;;;3000000.0;;0.0933
B1900542000000;CONEXÕES;2019;;Renúncia — Outros Mecanismos;0.0;0.0;960400.0;0.0;1281817.07;1281817.07;0.0;0.0;60000;80080.2;0.0;0.0;0.0;0.0;0.0;0;0;0;0;;;;;0.0;;0;;;;;;;;08.267.476/0001-03;;;;;;;;;;960400.0;;0.0625
B1900529300000;CONSCIÊNCIA³;2019;;sem_categoria;0.0;0.0;0.0;0.0;0.0;0.0;0.0;0.0;60000;80080.2;0.0;0.0;;0.0;0.0;0;0;0;0;;;;;0.0;;0;;;;;;;;55.084.750/0001-80;;;;;;;;;;0.0;;
B1900500400000;CONTRAPONTO 2;2019;;Renúncia — Art.3/3-A/39;0.0;0.0;266054.0;0.0;355094.29;355094.29;0.0;0.0;0;0.0;0.0;0.0;0.0;0.0;0.0;0;0;0;0;;;;;0.0;;0;;1.0;0.0;0.0;LA Referencia (Red Federada de Repositorios Institucionales de Publicaciones Científicas);;;09.514.197/0001-51;;;;;;;;;;266054.0;;0.0
B1900319200000;CRAQUES PARA SEMPRE;2019;;Renúncia — Art.3/3-A/39;0.0;415773.86;0.0;0.0;554920.9;554920.9;0.0;0.0;60000;80080.2;0.0;0.0;0.0;0.0;0.0;0;0;0;0;;;;;4.4;adoro_usuario;1;baixa;;;;;;;03.360.320/0001-40;;;;;;;;;;415773.86;;0.1443
B1900077800000;CREDO, QUE DELÍCIA!;2019;;Renúncia — Art.3/3-A/39;0.0;3000000.0;0.0;0.0;4004010.0;4004010.0;0.0;0.0;60000;80080.2;0.0;0.0;0.0;0.0;0.0;0;0;0;0;;;;;0.0;;0;;;;;;;;07.627.467/0001-05;;;;;;;;;;3000000.0;;0.02
B1900153200000;CRIMES.COM;2019;;Renúncia — Art.3/3-A/39;0.0;2260255.22;0.0;0.0;3016694.83;3016694.83;0.0;0.0;60000;80080.2;0.0;0.0;0.0;0.0;0.0;0;0;0;0;;;;;0.0;;0;;1.0;0.0;0.0;Escritas/Revista Escritas;;;01.009.824/0001-95;;;;;;;;;;2260255.22;;0.0265
B1900247200000;CRÔNICA DE UMA CIDADE PARTIDA;2019;;Renúncia — Art.3/3-A/39;0.0;300000.0;0.0;0.0;400401.0;400401.0;6157.54;6242.32;60000;80080.2;6242.32;0.0;0.0156;0.0;0.0;0;0;0;0;;;;;4.45;adoro_critico|adoro_usuario;2;media;;;;;;;30.120.265/0001-94;;;;;;;;;;300000.0;;0.2205
B1900049300000;DANIEL - TRINTA ANOS NA ESTRADA;2019;;Renúncia — Outros Mecanismos;0.0;0.0;775000.0;0.0;1034369.25;1034369.25;0.0;0.0;60000;80080.2;0.0;0.0;0.0;0.0;0.0;0;0;0;0;;;;;3.7;adoro_usuario;1;baixa;;;;;;;10.626.318/0001-36;;;;;;;;;;775000.0;;0.0774
B1900336100000;DESAFIO DE TALENTOS;2019;;Renúncia — Art.3/3-A/39;0.0;1599177.8;0.0;0.0;2134374.63;2134374.63;0.0;0.0;60000;80080.2;0.0;0.0;0.0;0.0;0.0;0;0;0;0;;;;;0.0;;0;;;;;;;;09.193.471/0001-38;;;;;;;;;;1599177.8;;0.0375
B1900386800000;DIVALDO – O MENSAGEIRO DA PAZ;2019;;Renúncia — Art.3/3-A/39;0.0;169000.0;0.0;0.0;225559.23;225559.23;6885745.11;8658356.28;60000;80080.2;8658356.28;0.0;38.3862;0.0;0.0;0;0;0;0;;;;;4.4;adoro_usuario;1;baixa;0.0;;;;;;00.975.333/0001-36;;;;;;;;;;169000.0;;41.0991
B1900232700000;DIVINO AMOR;2019;;Renúncia — Art.3/3-A/39;0.0;600000.0;0.0;0.0;800802.0;800802.0;569403.78;715978.2;140000;186853.8;715978.2;0.0;0.8941;21.7;58.5;0;8;5;0;;;;;4.3;adoro_usuario;1;baixa;;;;;Rotterdam;Q21063815;12.658.679/0001-90;;;;;;;;;;600000.0;;1.1823
B1900357900000;DIZ A ELA QUE ME VIU CHORAR;2019;;FSA Automático Festivais;0.0;0.0;0.0;0.0;0.0;0.0;31387.14;39461.8;280000;373707.6;39461.8;0.0;;3.1;15.5;0;0;0;0;;;;;4.4;adoro_usuario;1;baixa;;;;;;;09.397.798/0001-21;;;;;;;;;;0.0;;
B1900212200000;DOIS;2019;;Renúncia — Outros Mecanismos;0.0;0.0;62100.0;0.0;82883.01;82883.01;0.0;0.0;0;0.0;0.0;0.0;0.0;0.0;0.0;0;0;0;0;;;;;3.427;adoro_critico|adoro_usuario;2;alta;;;;;;;07.419.227/0001-15;;;;;;;;;;62100.0;;0.0
B2000172800000;DRA. DARCI - 2ª TEMPORADA;2019;;Renúncia — Art.3/3-A/39;0.0;2183341.9;0.0;0.0;2914040.93;2914040.93;0.0;0.0;280000;373707.6;0.0;0.0;0.0;0.0;0.0;0;0;0;0;;;;;0.0;;0;;0.0;;;;;;18.082.113/0001-49;;;;;;;;;;2183341.9;;0.1282
B1900442300000;ELA DISSE, ELE DISSE;2019;;Renúncia — Art.3/3-A/39;0.0;3000000.0;1910000.0;0.0;6553229.7;6553229.7;3919409.67;4928391.16;140000;186853.8;4928391.16;0.0;0.7521;0.0;0.0;0;0;0;0;;;;;4.4;adoro_usuario;1;baixa;1.0;0.0;0.0;Rebeca - Revista Brasileira de Estudos de Cinema e Audiovisual;;;73.619.637/0001-34;;;;;;;;;;4910000.0;;0.8268
B1900061100000;ELOGIO DA LIBERDADE;2019;;Renúncia — Art.3/3-A/39;0.0;798000.0;0.0;0.0;1065066.66;1065066.66;0.0;0.0;60000;80080.2;0.0;0.0;0.0;0.0;0.0;0;0;0;0;;;;;4.287;adoro_critico|adoro_usuario;2;media;0.0;;;;;;06.967.225/0001-06;;;;;;;;;;798000.0;;0.0752
B1900401800000;EM BUSCA DE ANSELMO;2019;;Renúncia — Art.3/3-A/39;0.0;1787753.0;0.0;0.0;2386060.3;2386060.3;0.0;0.0;60000;80080.2;0.0;0.0;0.0;0.0;0.0;0;0;0;0;;;;;3.96;adoro_critico|adoro_usuario;2;media;5.0;17.0;9.0;Coatings | Carbohydrate Polymers | Revista Cientí­fica/FAP;;;22.889.475/0001-13;;;;;;;;;;1787753.0;;0.0336
B1900233300000;EM BUSCA DE CINDERELA;2019;;Renúncia — Outros Mecanismos;0.0;0.0;727176.88;0.0;970541.17;970541.17;0.0;0.0;0;0.0;0.0;0.0;0.0;0.0;0.0;0;0;0;0;;;;;4.3;adoro_usuario;1;baixa;;;;;;;18.822.538/0001-47;;;;;;;;;;727176.88;;0.0
B1900232500000;EM NOME DA JUSTIÇA;2019;;Renúncia — Art.3/3-A/39;0.0;2595942.04;0.0;0.0;3464725.96;3464725.96;0.0;0.0;140000;186853.8;0.0;0.0;0.0;0.0;0.0;0;0;0;0;;;;;3.825;adoro_critico|adoro_usuario;2;media;;;;;;;14.574.635/0001-07;;;;;;;;;;2595942.04;;0.0539
B2000008400000;ENCARCERADOS;2019;;Renúncia — Art.3/3-A/39;0.0;400000.0;0.0;0.0;533868.0;533868.0;48891.56;55604.36;60000;80080.2;55604.36;0.0;0.1042;1.2;6.0;0;0;0;0;;;;;0.0;;0;;0.0;;;;;;01.378.559/0001-12;;;;;;;;;;400000.0;;0.2722
B2000055300000;ENTRE GREVES;2019;;Renúncia — Art.3/3-A/39;0.0;0.0;200000.0;0.0;266934.0;266934.0;0.0;0.0;0;0.0;0.0;0.0;0.0;0.0;0.0;0;0;0;0;;;;;0.0;;0;;0.0;;;;;;10.144.873/0001-21;;;;;;;;;;200000.0;;0.0
B1900261200000;ESCOLA DE GÊNIOS - QUARTA TEMPORADA;2019;;Renúncia — Art.3/3-A/39;0.0;3000000.0;0.0;0.0;4004010.0;4004010.0;0.0;0.0;280000;373707.6;0.0;0.0;0.0;0.0;0.0;0;0;0;0;;;;;4.058;adoro_critico|adoro_usuario;2;media;;;;;;;06.998.046/0001-28;;;;;;;;;;3000000.0;;0.0933
B2000002500000;ESCOLA DE GÊNIOS - QUINTA TEMPORADA;2019;;Renúncia — Art.3/3-A/39;0.0;3000000.0;0.0;0.0;4004010.0;4004010.0;0.0;0.0;280000;373707.6;0.0;0.0;0.0;0.0;0.0;0;0;0;0;;;;;4.058;adoro_critico|adoro_usuario;2;media;0.0;;;;;;06.998.046/0001-28;;;;;;;;;;3000000.0;;0.0933
B1900238900000;ESCRAVIDÃO - SÉCULO XXI;2019;;Renúncia — Art.3/3-A/39;0.0;2099614.0;0.0;0.0;2802291.82;2802291.82;0.0;0.0;60000;80080.2;0.0;0.0;0.0;0.0;0.0;0;0;0;0;;;;;0.0;;0;;38.0;49.0;17.0;LA Referencia (Red Federada de Repositorios Institucionales de Publicaciones Científicas) | SHILAP Revista de lepidopterología | Social Text;;;73.619.637/0001-34;;;;;;;;;;2099614.0;;0.0286
B1900448700000;EU SINTO MUITO;2019;;Renúncia — Outros Mecanismos;0.0;0.0;435000.0;0.0;580581.45;580581.45;45216.6;56856.8;60000;80080.2;56856.8;0.0;0.0979;0.0;0.0;0;0;0;0;;;;;0.0;;0;;2.0;0.0;0.0;Revista Coletivo Cine-Fórum | Revista 2i | Estudos de Identidade e Intermedialidade;;;03.138.801/0001-06;;;;;;;;;;435000.0;;0.2419
B1900233000000;EU SOU BRASILEIRO;2019;;Renúncia — Outros Mecanismos;0.0;0.0;1000000.0;0.0;1334670.0;1334670.0;23904.72;30058.56;140000;186853.8;30058.56;0.0;0.0225;0.0;0.0;0;0;0;0;;;;;4.123;adoro_critico|adoro_usuario;2;media;1.0;0.0;0.0;Anais Congresso Brasileiro de Energia Solar;;;14.100.997/0001-66;;;;;;;;;;1000000.0;;0.1639
B2000046400000;FAVELA GAY - PERIFERIAS LGBTQI+;2019;;sem_categoria;0.0;0.0;0.0;0.0;0.0;0.0;0.0;0.0;60000;80080.2;0.0;0.0;;0.0;0.0;0;0;0;0;;;;;0.0;;0;;;;;;;;73.586.513/0001-08;;;;;;;;;;0.0;;
B1900307900000;FAZ SOL LÁ SIM;2019;;Renúncia — Art.3/3-A/39;0.0;300000.0;21000.0;0.0;428429.07;428429.07;908.58;1133.16;60000;80080.2;1133.16;0.0;0.0026;0.0;0.0;0;0;0;0;;;;;3.88;adoro_critico;1;alta;3.0;0.0;0.0;AVANCA | CINEMA | LA Referencia (Red Federada de Repositorios Institucionales de Publicaciones Científicas);;;13.223.702/0001-86;;;;;;;;;;321000.0;;0.1897
B1900577700000;FICO TE DEVENDO UMA CARTA SOBRE O BRASIL;2019;;Renúncia — Art.3/3-A/39;0.0;0.0;0.0;0.0;0.0;0.0;2486.64;3101.28;360000;480481.2;3101.28;0.0;;2.4;12.0;0;0;0;0;;;;;0.0;;0;;3.0;2.0;2.0;Alea Estudos Neolatinos | Scholars' Bank (University of Oregon);;;12.240.058/0001-91;;;;;;;;;;0.0;;
B1900536300000;FLORES DO CÁRCERE;2019;;Renúncia — Art.3/3-A/39;0.0;0.0;0.0;0.0;0.0;0.0;0.0;0.0;60000;80080.2;0.0;0.0;;1.1;5.5;0;0;0;0;;;;;4.4;adoro_usuario;1;baixa;0.0;;;;;;03.435.290/0001-94;;;;;;;;;;0.0;;
B1900267800000;FREI DAMIÃO - O SANTO DO NORDESTE;2019;;Renúncia — Outros Mecanismos;0.0;0.0;1383000.0;0.0;1845848.61;1845848.61;0.0;0.0;60000;80080.2;0.0;0.0;0.0;0.0;0.0;0;0;0;0;;;;;0.0;;0;;0.0;;;;;;03.767.725/0001-06;;;;;;;;;;1383000.0;;0.0434
B1900173400000;FRONTEIRAS DO PENSAMENTO;2019;;Renúncia — Outros Mecanismos;0.0;0.0;525000.0;0.0;700701.75;700701.75;0.0;0.0;140000;186853.8;0.0;0.0;0.0;0.0;0.0;0;0;0;0;;;;;0.0;;0;;0.0;;;;;;17.545.702/0001-53;;;;;;;;;;525000.0;;0.2667
B1900158600000;FÁBRICA DE CASAMENTOS - 3ª TEMPORADA;2019;;Renúncia — Art.3/3-A/39;0.0;1476460.0;0.0;0.0;1970586.87;1970586.87;0.0;0.0;140000;186853.8;0.0;0.0;0.0;0.0;0.0;0;0;0;0;;;;;3.213;adoro_critico|adoro_usuario;2;media;;;;;;;18.082.113/0001-49;;;;;;;;;;1476460.0;;0.0948
B1900347900000;FÉRIAS EM FAMÍLIA - 1ª TEMPORADA;2019;;Renúncia — Art.3/3-A/39;0.0;2349001.8;0.0;0.0;3135142.23;3135142.23;0.0;0.0;60000;80080.2;0.0;0.0;0.0;0.0;0.0;0;0;0;0;;;;;3.656;adoro_critico;1;alta;0.0;;;;;;07.988.992/0001-56;;;;;;;;;;2349001.8;;0.0255
B1900284300000;GERAÇÕES DA VELA;2019;;Renúncia — Art.3/3-A/39;0.0;1792340.0;0.0;0.0;2392182.43;2392182.43;0.0;0.0;60000;80080.2;0.0;0.0;0.0;0.0;0.0;0;0;0;0;;;;;0.0;;0;;;;;;;;00.538.914/0001-00;;;;;;;;;;1792340.0;;0.0335
B1900222900000;GIGABLASTER - PRIMEIRA TEMPORADA;2019;;Renúncia — Art.3/3-A/39;0.0;0.0;0.0;0.0;0.0;0.0;0.0;0.0;340000;453787.8;0.0;0.0;;0.0;0.0;0;0;0;0;;;;;0.0;;0;;;;;;;;08.662.115/0001-53;;;;;;;;;;0.0;;
B1900571200000;GIGABLASTER - SEGUNDA TEMPORADA;2019;;Renúncia — Art.3/3-A/39;0.0;0.0;0.0;0.0;0.0;0.0;0.0;0.0;280000;373707.6;0.0;0.0;;0.0;0.0;0;0;0;0;;;;;0.0;;0;;;;;;;;08.662.115/0001-53;;;;;;;;;;0.0;;
B1900619400000;GILBERTO GIL ANTOLOGIA VOL 1;2019;;sem_categoria;0.0;0.0;0.0;0.0;0.0;0.0;0.0;0.0;60000;80080.2;0.0;0.0;;0.0;0.0;0;0;0;0;;;;;0.0;;0;;;;;;;;02.972.707/0001-95;;;;;;;;;;0.0;;
B1900597300000;GLITTER MODEL - UMA AVENTURA CHEIA DE ESTILO;2019;;Renúncia — Art.3/3-A/39;0.0;2999459.7;0.0;0.0;4003288.88;4003288.88;0.0;0.0;60000;80080.2;0.0;0.0;0.0;0.0;0.0;0;0;0;0;;;;;4.3;adoro_usuario;1;baixa;0.0;;;;;;04.853.740/0001-21;;;;;;;;;;2999459.7;;0.02
B1900536500000;HARD;2019;;Renúncia — Art.3/3-A/39;0.0;13980494.0;0.0;0.0;18659345.93;18659345.93;0.0;0.0;60000;80080.2;0.0;0.0;0.0;0.0;0.0;0;0;0;0;;;;;0.0;;0;;2.0;1.0;1.0;Métodos de informacion | Dispositiva;;;01.378.559/0001-12;;;;;;;;;;13980494.0;;0.0043
B1900398400000;HEBE - A ESTRELA DO BRASIL;2019;;Renúncia — Art.3/3-A/39;0.0;0.0;0.0;0.0;0.0;0.0;1863066.21;2342679.08;140000;186853.8;2342679.08;0.0;;0.0;0.0;0;0;0;0;;;;;4.343;adoro_critico|adoro_usuario;2;media;;;;;;;23.723.437/0001-59;;;;;;;;;;0.0;;
B1900206200000;HELEN;2019;;sem_categoria;0.0;0.0;0.0;0.0;0.0;0.0;2989.08;3399.48;60000;80080.2;3399.48;0.0;;0.0;0.0;0;0;0;0;;;;;0.0;;0;;0.0;;;;;;17.545.702/0001-53;;;;;;;;;;0.0;;
B1900180100000;HEMINGWAY;2019;;Renúncia — Art.3/3-A/39;0.0;0.0;0.0;0.0;0.0;0.0;0.0;0.0;0;0.0;0.0;0.0;;0.0;0.0;0;0;0;0;;;;;0.0;;0;;11.0;38.0;23.0;Temática | Materials | Cancer Epidemiology;;;28.017.371/0001-03;;;;;;;;;;0.0;;
B1900578700000;HOMENS DO CAMINHO - ROTAS HISTÓRICAS BRASILEIRAS NA COMPANHIA DO MANGALARGA MARCHADOR;2019;;Renúncia — Outros Mecanismos;0.0;0.0;1178883.5;0.0;1573420.44;1573420.44;0.0;0.0;60000;80080.2;0.0;0.0;0.0;0.0;0.0;0;0;0;0;;;;;3.965;adoro_critico|adoro_usuario;2;media;5.0;23.0;21.0;Rebeca - Revista Brasileira de Estudos de Cinema e Audiovisual | Cinema Journal | Revista FAMECOS;;;01.613.170/0001-04;;;;;;;;;;1178883.5;;0.0509
B1900230300000;ICO BIT ZIP - 1ª TEMPORADA;2019;;Renúncia — Art.3/3-A/39;0.0;2936842.11;0.0;0.0;3919715.06;3919715.06;0.0;0.0;60000;80080.2;0.0;0.0;0.0;0.0;0.0;0;0;0;0;;;;;0.0;;0;;;;;;;;09.551.826/0001-13;;;;;;;;;;2936842.11;;0.0204
B1900394800000;IMPUROS;2019;;Renúncia — Art.3/3-A/39;0.0;8639207.9;0.0;0.0;11530491.61;11530491.61;0.0;0.0;60000;80080.2;0.0;0.0;0.0;0.0;0.0;0;0;0;0;;;;;0.0;;0;;;;;;;;03.762.421/0001-48;;;;;;;;;;8639207.9;;0.0069
B1900547900000;JORNADA DUPLA;2019;;Renúncia — Art.3/3-A/39;0.0;437000.0;0.0;0.0;583250.79;583250.79;0.0;0.0;280000;373707.6;0.0;0.0;0.0;0.0;0.0;0;0;0;0;;;;;3.685;adoro_critico|adoro_usuario;2;alta;3.0;14.0;14.0;e-Archivo (Carlos III University of Madrid) | Comunicación y Sociedad | Revista Brasileira de Sociologia do Direito;;;08.164.917/0001-33;;;;;;;;;;437000.0;;0.6407
B1900477300000;JOSÉ APARECIDO DE OLIVEIRA - O MAIOR MINEIRO DO MUNDO;2019;;Renúncia — Outros Mecanismos;0.0;0.0;495000.0;0.0;660661.65;660661.65;1013.88;1013.88;280000;373707.6;1013.88;0.0;0.0015;0.0;0.0;0;0;0;0;;;;;3.3;adoro_usuario;1;baixa;;;;;;;00.815.123/0001-80;;;;;;;;;;495000.0;;0.5677
B1900181400000;JUACAS - SEGUNDA TEMPORADA;2019;;Renúncia — Art.3/3-A/39;0.0;4707726.55;0.0;0.0;6283261.39;6283261.39;0.0;0.0;60000;80080.2;0.0;0.0;0.0;0.0;0.0;0;0;0;0;;;;;0.0;;0;;;;;;;;28.303.041/0001-76;;;;;;;;;;4707726.55;;0.0127
B1900431000000;JUJU BOOT CAMP;2019;;Renúncia — Art.3/3-A/39;0.0;3000000.0;0.0;0.0;4004010.0;4004010.0;0.0;0.0;60000;80080.2;0.0;0.0;0.0;0.0;0.0;0;0;0;0;;;;;0.0;;0;;0.0;;;;;;11.280.934/0001-40;;;;;;;;;;3000000.0;;0.02
B1900389500000;JUNGLE PILOT;2019;;Renúncia — Art.3/3-A/39;0.0;3000000.0;105000.0;0.0;4144150.35;4144150.35;0.0;0.0;60000;80080.2;0.0;0.0;0.0;0.0;0.0;0;0;0;0;;;;;0.0;;0;;;;;;;;04.661.796/0001-84;;;;;;;;;;3105000.0;;0.0193
B1900593200000;KING KONG EM ASUNCIÓN;2019;;sem_categoria;0.0;0.0;0.0;0.0;0.0;0.0;17689.76;20118.56;60000;80080.2;20118.56;0.0;;0.0;0.0;0;0;0;0;;;;;4.208;adoro_critico|adoro_usuario;2;alta;15.0;18.0;15.0;LA Referencia (Red Federada de Repositorios Institucionales de Publicaciones Científicas) | Revista FAMECOS | O Mosaico;;;06.905.794/0001-19;;;;;;;;;;0.0;;
B1900453000000;LINHA DE FRENTE;2019;;Renúncia — Art.3/3-A/39;0.0;200000.0;0.0;0.0;266934.0;266934.0;529.47;536.76;280000;373707.6;536.76;0.0;0.002;0.0;0.0;0;0;0;0;;;;;4.0;adoro_usuario;1;baixa;;;;;;;06.967.225/0001-06;;;;;;;;;;200000.0;;1.4026
B1900321800000;LIQUID VOICES - A HISTÓRIA DE MATHILDA SEGALESCU;2019;;Renúncia — Art.3/3-A/39;0.0;0.0;0.0;0.0;0.0;0.0;0.0;0.0;60000;80080.2;0.0;0.0;;0.0;0.0;0;0;0;0;;;;;3.788;adoro_critico|adoro_usuario;2;media;;;;;;;04.132.980/0001-37;;;;;;;;;;0.0;;
B1900118200000;LIVRE PENSAR - CINEBIOGRAFIA - MARIA DA CONCEIÇÃO TAVARES;2019;;Renúncia — Outros Mecanismos;0.0;0.0;700000.0;0.0;934269.0;934269.0;0.0;0.0;60000;80080.2;0.0;0.0;0.0;0.0;0.0;0;0;0;0;;;;;4.1;adoro_usuario;1;baixa;;;;;;;28.330.561/0001-78;;;;;;;;;;700000.0;;0.0857
B1900186100000;LUANA É DE LUA;2019;;Renúncia — Art.3/3-A/39;0.0;2902043.32;0.0;0.0;3873270.16;3873270.16;0.0;0.0;60000;80080.2;0.0;0.0;0.0;0.0;0.0;0;0;0;0;;;;;4.203;adoro_critico|adoro_usuario;2;media;0.0;;;;;;09.281.789/0001-70;;;;;;;;;;2902043.32;;0.0207
B1900445000000;MAR BRASIL;2019;;Renúncia — Art.3/3-A/39;0.0;0.0;1500000.0;0.0;2002005.0;2002005.0;0.0;0.0;360000;480481.2;0.0;0.0;0.0;0.0;0.0;0;0;0;0;;;;;0.0;;0;;;;;;;;04.069.379/0001-47;;;;;;;;;;1500000.0;;0.24
B1900534400000;MARIO WALLACE SIMONSEN, ENTRE A MEMÓRIA E A HISTÓRIA;2019;;Renúncia — Outros Mecanismos;0.0;0.0;450000.0;0.0;600601.5;600601.5;0.0;0.0;60000;80080.2;0.0;0.0;0.0;0.0;0.0;0;0;0;0;;;;;3.788;adoro_critico|adoro_usuario;2;media;;;;;;;52.097.649/0001-76;;;;;;;;;;450000.0;;0.1333
B1900064000000;MAUÁ, O PRIMEIRO GIGANTE;2019;;Renúncia — Art.3/3-A/39;0.0;1350000.0;424982.0;0.0;2369015.23;2369015.23;0.0;0.0;60000;80080.2;0.0;0.0;0.0;0.0;0.0;0;0;0;0;;;;;4.273;adoro_critico|adoro_usuario;2;media;;;;;;;16.729.130/0001-08;;;;;;;;;;1774982.0;;0.0338
B1900109800000;ME DEIXA DANÇAR;2019;;Renúncia — Art.3/3-A/39;0.0;3000000.0;0.0;0.0;4004010.0;4004010.0;0.0;0.0;60000;80080.2;0.0;0.0;0.0;0.0;0.0;0;0;0;0;;;;;0.0;;0;;0.0;;;;;;07.627.467/0001-05;;;;;;;;;;3000000.0;;0.02
B1900524900000;MESA PARA TODOS;2019;;Renúncia — Art.3/3-A/39;0.0;300000.0;0.0;0.0;400401.0;400401.0;0.0;0.0;60000;80080.2;0.0;0.0;0.0;0.0;0.0;0;0;0;0;;;;;4.1;adoro_usuario;1;baixa;0.0;;;;;;12.396.390/0001-40;;;;;;;;;;300000.0;;0.2
B1900261100000;MEU PAI E EU;2019;;Renúncia — Art.3/3-A/39;0.0;380000.0;500000.0;0.0;1174509.6;1174509.6;0.0;0.0;0;0.0;0.0;0.0;0.0;0.0;0.0;0;0;0;0;;;;;4.257;adoro_critico|adoro_usuario;2;alta;;;;;;;08.103.899/0001-80;;;;;;;;;;880000.0;;0.0
B1900576900000;MINHA MÃE É UMA PEÇA 3;2019;;Renúncia — Art.3/3-A/39;0.0;3000000.0;0.0;0.0;4004010.0;4004010.0;176631405.66;220681419.0;140000;186853.8;220681419.0;0.0;55.1151;0.8;4.0;0;0;0;0;;;;;4.2;adoro_usuario;1;baixa;;;;;;;10.645.895/0001-75;;;;;;;;;;3000000.0;;58.9238
B1900282500000;MÚSICA PARA VER;2019;;sem_categoria;0.0;0.0;0.0;0.0;0.0;0.0;0.0;0.0;60000;80080.2;0.0;0.0;;0.0;0.0;0;0;0;0;;;;;4.05;adoro_critico|adoro_usuario;2;alta;0.0;;;;;;21.601.343/0001-81;;;;;;;;;;0.0;;
B2000055900000;NA ESTRADA DO JIU-JITSU - 2 TEMPORADA;2019;;Renúncia — Art.3/3-A/39;0.0;751450.0;0.0;0.0;1002937.77;1002937.77;0.0;0.0;60000;80080.2;0.0;0.0;0.0;0.0;0.0;0;0;0;0;;;;;3.7;adoro_usuario;1;baixa;0.0;;;;;;22.516.874/0001-39;;;;;;;;;;751450.0;;0.0798
B1900512200000;NAS ASAS DA PANAM;2019;;sem_categoria;0.0;0.0;0.0;0.0;0.0;0.0;0.0;0.0;0;0.0;0.0;0.0;;0.0;0.0;0;0;0;0;;;;;0.0;;0;;;;;;;;27.651.181/0001-72;;;;;;;;;;0.0;;
B1900344100000;NASCIDOS PARA O COMBATE - QUARTA TEMPORADA;2019;;Renúncia — Art.3/3-A/39;0.0;2406350.0;0.0;0.0;3211683.15;3211683.15;0.0;0.0;60000;80080.2;0.0;0.0;0.0;0.0;0.0;0;0;0;0;;;;;0.0;;0;;7.0;0.0;0.0;LÍBERO. ISSN impresso: 1517-3283 / ISSN online: 2525-3166 | Palgrave studies in adaptation and visual culture | Scientific Repository of Open Access of Portugal (RCAAP);;;06.998.046/0001-28;;;;;;;;;;2406350.0;;0.0249
B1900132900000;NECRÓPOLIS;2019;;sem_categoria;0.0;0.0;0.0;0.0;0.0;0.0;0.0;0.0;60000;80080.2;0.0;0.0;;0.0;0.0;0;0;0;0;;;;;0.0;;0;;;;;;;;09.291.317/0001-07;;;;;;;;;;0.0;;
B1900132600000;NO VAZIO DO AR;2019;;sem_categoria;0.0;0.0;0.0;0.0;0.0;0.0;0.0;0.0;60000;80080.2;0.0;0.0;;0.0;0.0;0;0;0;0;;;;;4.3;adoro_usuario;1;baixa;;;;;;;05.928.108/0001-62;;;;;;;;;;0.0;;
B1900251300000;NOSSO OFÍCIO - 2ª TEMPORADA;2019;;sem_categoria;0.0;0.0;0.0;0.0;0.0;0.0;0.0;0.0;120000;160160.4;0.0;0.0;;0.0;0.0;0;0;0;0;;;;;0.0;;0;;;;;;;;04.149.422/0001-84;;;;;;;;;;0.0;;
B1900245100000;NOVAS ESPÉCIES - A EXPEDIÇÃO DO SÉCULO;2019;;Renúncia — Art.3/3-A/39;0.0;400000.0;958583.58;0.0;1813260.75;1813260.75;3494.01;4393.48;140000;186853.8;4393.48;0.0;0.0024;0.0;0.0;0;0;0;0;;;;;0.0;;0;;;;;;;;64.044.886/0001-58;;;;;;;;;;1358583.58;;0.1056
B2000155000000;O BUSCADOR;2019;;Renúncia — Art.3/3-A/39;0.0;0.0;1000000.0;0.0;1334670.0;1334670.0;2429.72;2763.32;0;0.0;2763.32;0.0;0.0021;0.0;0.0;0;0;0;0;;;;;0.0;;0;;0.0;;;;;;07.125.823/0001-92;;;;;;;;;;1000000.0;;0.0024
B1900308400000;O DONO DO LAR;2019;;Renúncia — Art.3/3-A/39;0.0;2745310.56;0.0;0.0;3664083.65;3664083.65;0.0;0.0;280000;373707.6;0.0;0.0;0.0;0.0;0.0;0;0;0;0;;;;;3.9;adoro_usuario;1;baixa;;;;;;;03.816.467/0001-00;;;;;;;;;;2745310.56;;0.102
B1900172100000;O DOUTRINADOR - SÉRIE;2019;;Renúncia — Art.3/3-A/39;0.0;7999999.99;0.0;0.0;10677359.99;10677359.99;0.0;0.0;60000;80080.2;0.0;0.0;0.0;0.0;0.0;0;0;0;0;;;;;3.6;adoro_usuario;1;baixa;0.0;;;;;;12.580.503/0001-62;;;;;;;;;;7999999.99;;0.0075
B1900593100000;O SHOW DA LUNA! SEXTA TEMPORADA;2019;;Renúncia — Art.3/3-A/39;0.0;1657387.0;800000.0;0.0;3279800.71;3279800.71;0.0;0.0;140000;186853.8;0.0;0.0;0.0;0.0;0.0;0;0;0;0;;;;;0.0;;0;;0.0;;;;;;01.161.933/0001-23;;;;;;;;;;2457387.0;;0.057
B1900564800000;OPERAÇÃO FRONTEIRA - AMÉRICA DO SUL;2019;;Renúncia — Art.3/3-A/39;0.0;3114897.45;0.0;0.0;4157360.18;4157360.18;0.0;0.0;60000;80080.2;0.0;0.0;0.0;0.0;0.0;0;0;0;0;;;;;3.566;adoro_critico|adoro_usuario;2;alta;0.0;;;;;;02.947.857/0001-49;;;;;;;;;;3114897.45;;0.0193
B1900163200000;OS FILOSOFINHOS;2019;;sem_categoria;0.0;0.0;0.0;0.0;0.0;0.0;0.0;0.0;140000;186853.8;0.0;0.0;;0.0;0.0;0;0;0;0;;;;;0.0;;0;;0.0;;;;;;87.435.368/0001-60;;;;;;;;;;0.0;;
B1900500500000;OS IRMÃOS FREITAS;2019;;Renúncia — Art.3/3-A/39;0.0;10024979.290000001;0.0;0.0;13380039.11;13380039.11;0.0;0.0;60000;80080.2;0.0;0.0;0.0;0.0;0.0;0;0;0;0;;;;;3.013;adoro_critico;1;alta;0.0;;;;;;01.378.559/0001-12;;;;;;;;;;10024979.290000001;;0.006
B1900157700000;OS RONI - 1ª TEMPORADA;2019;;Renúncia — Art.3/3-A/39;0.0;2844570.63;0.0;0.0;3796563.08;3796563.08;0.0;0.0;280000;373707.6;0.0;0.0;0.0;0.0;0.0;0;0;0;0;;;;;0.0;;0;;1.0;0.0;0.0;Revista Brasileira de História & Ciências Sociais;;;18.082.113/0001-49;;;;;;;;;;2844570.63;;0.0984
B1900390200000;OS RONI - 2ª TEMPORADA;2019;;Renúncia — Art.3/3-A/39;0.0;2799404.99;0.0;0.0;3736281.86;3736281.86;0.0;0.0;280000;373707.6;0.0;0.0;0.0;0.0;0.0;0;0;0;0;;;;;0.0;;0;;1.0;0.0;0.0;Revista Brasileira de História & Ciências Sociais;;;18.082.113/0001-49;;;;;;;;;;2799404.99;;0.1
B1900479000000;OS SUBURBANOS - O FILME;2019;;Renúncia — Art.3/3-A/39;0.0;3000000.0;0.0;0.0;4004010.0;4004010.0;1650488.3;1717890.44;140000;186853.8;1717890.44;0.0;0.429;0.0;0.0;0;0;0;0;;;;;2.5;adoro_usuario;1;baixa;;;;;;;07.630.900/0001-61;;;;;;;;;;3000000.0;;0.5968
B1900487200000;OUTRAS BRASILEIRAS;2019;;sem_categoria;0.0;0.0;0.0;0.0;0.0;0.0;0.0;0.0;60000;80080.2;0.0;0.0;;0.0;0.0;0;0;0;0;;;;;0.0;;0;;0.0;;;;;;03.247.208/0001-06;;;;;;;;;;0.0;;
B1900505000000;POP!;2019;;Renúncia — Art.3/3-A/39;0.0;923390.62;0.0;0.0;1232421.76;1232421.76;0.0;0.0;60000;80080.2;0.0;0.0;0.0;0.0;0.0;0;0;0;0;;;;;4.327;adoro_critico|adoro_usuario;2;alta;2.0;15.0;15.0;LA Referencia (Red Federada de Repositorios Institucionales de Publicaciones Científicas);;;15.743.170/0001-33;;;;;;;;;;923390.62;;0.065
B1900435600000;PORNO PARA PRINCIPIANTES;2019;;Renúncia — Art.3/3-A/39;0.0;0.0;0.0;0.0;0.0;0.0;446.32;556.64;0;0.0;556.64;0.0;;0.0;0.0;0;0;0;0;;;;;3.358;adoro_critico|adoro_usuario;2;media;;;;;;;07.477.471/0001-34;;;;;;;;;;0.0;;
B1900490500000;PROIBIDO NASCER NO PARAÍSO;2019;;sem_categoria;0.0;0.0;0.0;0.0;0.0;0.0;30509.1;31847.76;280000;373707.6;31847.76;0.0;;0.0;0.0;0;0;0;0;;;;;3.84;adoro_critico|adoro_usuario;2;alta;;;;;;;00.508.766/0001-81;;;;;;;;;;0.0;;
B1900126500000;PROPRIEDADE;2019;;FSA Automático Festivais;0.0;0.0;0.0;0.0;0.0;0.0;111048.54;111705.72;0;0.0;111705.72;0.0;;6.6;33.0;0;0;0;0;;;;;3.69;adoro_critico|adoro_usuario;2;alta;0.0;;;;;;09.942.024/0001-34;;;;;;;;;;0.0;;
B1900244900000;PROVA DE NOIVA;2019;;Renúncia — Art.3/3-A/39;0.0;2058356.06;0.0;0.0;2747226.08;2747226.08;0.0;0.0;60000;80080.2;0.0;0.0;0.0;0.0;0.0;0;0;0;0;;;;;4.418;adoro_critico|adoro_usuario;2;media;0.0;;;;;;05.372.676/0001-20;;;;;;;;;;2058356.06;;0.0291
B1900303300000;QUEBRANDO O TABU - 2ª TEMPORADA;2019;;Renúncia — Art.3/3-A/39;0.0;1935520.94;0.0;0.0;2583281.73;2583281.73;0.0;0.0;60000;80080.2;0.0;0.0;0.0;0.0;0.0;0;0;0;0;;;;;0.0;;0;;2.0;0.0;0.0;Alphaville Journal of Film and Screen Media | Jagiellonian University Repository (Jagiellonian University);;;06.945.371/0001-22;;;;;;;;;;1935520.94;;0.031
B1900505900000;QUERIDA ROSÁLIA - EPÍSÓDIO PILOTO;2019;;sem_categoria;0.0;0.0;0.0;0.0;0.0;0.0;0.0;0.0;0;0.0;0.0;0.0;;0.0;0.0;0;0;0;0;;;;;0.0;;0;;0.0;;;;;;04.581.133/0001-50;;;;;;;;;;0.0;;
B1900582500000;RAZÕES PARA NÃO SER MÃE;2019;;Renúncia — Art.3/3-A/39;0.0;1976200.0;0.0;0.0;2637574.85;2637574.85;666.74;675.92;0;0.0;675.92;0.0;0.0003;0.0;0.0;0;0;0;0;;;;;3.5;adoro_usuario;1;baixa;;;;;;;11.545.487/0001-04;;;;;;;;;;1976200.0;;0.0003
B1900507000000;RECIFE ASSOMBRADO - FILME;2019;;sem_categoria;0.0;0.0;0.0;0.0;0.0;0.0;92009.53;115542.56;60000;80080.2;115542.56;0.0;;0.0;0.0;0;0;0;0;;;;;0.0;;0;;3.0;2.0;2.0;Rebeca - Revista Brasileira de Estudos de Cinema e Audiovisual;;;18.274.744/0001-60;;;;;;;;;;0.0;;
B1900253800000;RELATOS DO FRONT;2019;;Renúncia — Art.3/3-A/39;0.0;150000.0;23400.0;0.0;231431.78;231431.78;11699.4;14711.2;280000;373707.6;14711.2;0.0;0.0636;1.2;6.0;0;0;0;0;;;;;3.927;adoro_critico|adoro_usuario;2;media;;;;;;;09.064.138/0001-29;;;;;;;;;;173400.0;;1.6822
B2000374000000;RIO HEAT;2019;;Renúncia — Art.3/3-A/39;0.0;2999999.99;100000.0;0.0;4137476.99;4137476.99;0.0;0.0;0;0.0;0.0;0.0;0.0;0.0;0.0;0;0;0;0;;;;;4.252;adoro_critico|adoro_usuario;2;alta;0.0;;;;;;33.451.113/0001-62;;;;;;;;;;3099999.99;;0.0
B1900190200000;RIO HEROES – SEGUNDA TEMPORADA;2019;;Renúncia — Art.3/3-A/39;0.0;3617306.54;0.0;0.0;4827910.52;4827910.52;0.0;0.0;60000;80080.2;0.0;0.0;0.0;0.0;0.0;0;0;0;0;;;;;4.252;adoro_critico|adoro_usuario;2;alta;;;;;;;02.947.857/0001-49;;;;;;;;;;3617306.54;;0.0166
B1900263500000;ROTAS DO ÓDIO - 3ª TEMPORADA;2019;;Renúncia — Art.3/3-A/39;0.0;3000000.0;0.0;0.0;4004010.0;4004010.0;0.0;0.0;60000;80080.2;0.0;0.0;0.0;0.0;0.0;0;0;0;0;;;;;0.0;;0;;;;;;;;05.565.485/0001-84;;;;;;;;;;3000000.0;;0.02
B2000045000000;ROTAS DO ÓDIO – 4ª TEMPORADA;2019;;Renúncia — Art.3/3-A/39;0.0;3000000.0;0.0;0.0;4004010.0;4004010.0;0.0;0.0;60000;80080.2;0.0;0.0;0.0;0.0;0.0;0;0;0;0;;;;;0.0;;0;;;;;;;;05.565.485/0001-84;;;;;;;;;;3000000.0;;0.02
B1900061900000;RUMO;2019;;Renúncia — Art.3/3-A/39;0.0;0.0;499828.29;0.0;667105.82;667105.82;2412.24;2743.44;280000;373707.6;2743.44;0.0;0.0041;0.0;0.0;0;0;0;0;;;;;3.3;adoro_usuario;1;baixa;;;;;;;02.395.043/0001-49;;;;;;;;;;499828.29;;0.565
B1900484000000;SACOLEIRAS S/A;2019;;sem_categoria;0.0;0.0;0.0;0.0;0.0;0.0;0.0;0.0;0;0.0;0.0;0.0;;0.0;0.0;0;0;0;0;;;;;4.6;adoro_usuario;1;baixa;;;;;;;13.931.232/0001-05;;;;;;;;;;0.0;;
B1900373100000;SANTOS DUMONT;2019;;Renúncia — Art.3/3-A/39;0.0;13198895.23;0.0;0.0;17616169.5;17616169.5;0.0;0.0;140000;186853.8;0.0;0.0;0.0;0.0;0.0;0;0;0;0;;;;;0.0;;0;;0.0;;;;;;04.453.786/0001-53;;;;;;;;;;13198895.23;;0.0106
B1900337200000;SE ESSA ROUPA FOSSE MINHA;2019;;Renúncia — Art.3/3-A/39;0.0;1740372.48;883650.2;0.0;3502204.35;3502204.35;0.0;0.0;60000;80080.2;0.0;0.0;0.0;0.0;0.0;0;0;0;0;;;;;0.0;;0;;;;;;;;09.180.984/0001-04;;;;;;;;;;2624022.6799999997;;0.0229
B1900331000000;SELVAGEM;2019;;Renúncia — Art.3/3-A/39;0.0;200000.0;0.0;0.0;266934.0;266934.0;18808.48;21390.88;0;0.0;21390.88;0.0;0.0801;0.0;0.0;0;0;0;0;;;;;4.38;adoro_critico|adoro_usuario;2;alta;;;;;;;19.457.687/0001-17;;;;;;;;;;200000.0;;0.094
B1900555000000;SEM RASTRO - 3ª TEMPORADA;2019;;Renúncia — Art.3/3-A/39;0.0;500000.0;0.0;0.0;667335.0;667335.0;0.0;0.0;60000;80080.2;0.0;0.0;0.0;0.0;0.0;0;0;0;0;;;;;3.793;adoro_critico|adoro_usuario;2;media;3.0;0.0;0.0;UNESP Institutional Repository (São Paulo State University) | PUCRS Repository (Pontifical Catholic University of Rio Grande do Sul);;;08.703.139/0001-03;;;;;;;;;;500000.0;;0.12
B1900169300000;SOB PRESSÃO - 3ªTEMPORADA;2019;;Renúncia — Art.3/3-A/39;0.0;3000000.0;0.0;0.0;4004010.0;4004010.0;0.0;0.0;80000;106773.6;0.0;0.0;0.0;0.0;0.0;0;0;0;0;;;;;4.2;adoro_usuario;1;baixa;1.0;1.0;1.0;;;;09.180.984/0001-04;;;;;;;;;;3000000.0;;0.0267
B1900271600000;SOS FADA MANU (QUARTA TEMPORADA);2019;;Renúncia — Art.3/3-A/39;0.0;1800000.0;0.0;0.0;2402406.0;2402406.0;0.0;0.0;280000;373707.6;0.0;0.0;0.0;0.0;0.0;0;0;0;0;;;;;0.0;;0;;;;;;;;16.729.130/0001-08;;;;;;;;;;1800000.0;;0.1556
B1900340400000;SUPER FIGHT - 1ª TEMPORADA;2019;;sem_categoria;0.0;0.0;0.0;0.0;0.0;0.0;0.0;0.0;60000;80080.2;0.0;0.0;;0.0;0.0;0;0;0;0;;;;;0.0;;0;;1.0;0.0;0.0;;;;07.276.440/0001-15;;;;;;;;;;0.0;;
B2000123000000;TORQUATO  IMAGEM DA INCOMPLETUDE;2019;;sem_categoria;0.0;0.0;0.0;0.0;0.0;0.0;0.0;0.0;60000;80080.2;0.0;0.0;;0.0;0.0;0;0;0;0;;;;;0.0;;0;;9.0;6.0;4.0;Aniki Revista Portuguesa da Imagem em Movimento | E-Compós | Anthrovision;;;13.827.942/0001-90;;;;;;;;;;0.0;;
B1900345500000;TRANSAMAZÔNICA - UMA ESTRADA PARA O PASSADO;2019;;Renúncia — Art.3/3-A/39;0.0;1714897.25;0.0;0.0;2288821.91;2288821.91;0.0;0.0;60000;80080.2;0.0;0.0;0.0;0.0;0.0;0;0;0;0;;;;;3.8;adoro_usuario;1;baixa;5.0;23.0;21.0;Rebeca - Revista Brasileira de Estudos de Cinema e Audiovisual | Cinema Journal | Revista FAMECOS;;;04.069.379/0001-47;;;;;;;;;;1714897.25;;0.035
B1900590800000;TRANSVERSAL DO TEMPO;2019;;Renúncia — Outros Mecanismos;0.0;0.0;1179900.0;0.0;1574777.13;1574777.13;0.0;0.0;80000;106773.6;0.0;0.0;0.0;0.0;0.0;0;0;0;0;;;;;3.648;adoro_critico|adoro_usuario;2;alta;;;;;;;06.096.915/0001-29;;;;;;;;;;1179900.0;;0.0678
B1900506600000;TUDO NA PANELA;2019;;Renúncia — Art.3/3-A/39;0.0;721000.0;0.0;0.0;962297.07;962297.07;0.0;0.0;60000;80080.2;0.0;0.0;0.0;0.0;0.0;0;0;0;0;;;;;0.0;;0;;0.0;;;;;;11.403.337/0001-66;;;;;;;;;;721000.0;;0.0832
B1900439600000;TUIGA - 1ª TEMPORADA;2019;;sem_categoria;0.0;0.0;0.0;0.0;0.0;0.0;0.0;0.0;200000;266934.0;0.0;0.0;;0.0;0.0;0;0;0;0;;;;;0.0;;0;;;;;;;;09.551.826/0001-13;;;;;;;;;;0.0;;
B1900266700000;TURMA 33B - PILOTO;2019;;sem_categoria;0.0;0.0;0.0;0.0;0.0;0.0;0.0;0.0;0;0.0;0.0;0.0;;0.0;0.0;0;0;0;0;;;;;0.0;;0;;;;;;;;04.232.913/0001-94;;;;;;;;;;0.0;;
B1900447700000;TURMA DA MÔNICA JOVEM – 1ª TEMPORADA,;2019;;Renúncia — Art.3/3-A/39;0.0;7350420.85;0.0;0.0;9810386.2;9810386.2;0.0;0.0;60000;80080.2;0.0;0.0;0.0;0.0;0.0;0;0;0;0;;;;;3.9;adoro_usuario;1;baixa;;;;;;;08.267.787/0001-64;;;;;;;;;;7350420.85;;0.0082
B1900233200000;UMA HISTÓRIA DE AMOR ASSOMBRADO;2019;;Renúncia — Art.3/3-A/39;0.0;350000.0;3014467.44;0.0;4490453.76;4490453.76;11620.35;14611.8;0;0.0;14611.8;0.0;0.0033;0.0;0.0;0;0;0;0;;;;;4.3;adoro_usuario;1;baixa;;;;;;;01.946.155/0001-88;;;;;;;;;;3364467.44;;0.0035
B1900616600000;UNIDADE BÁSICA - 2ª TEMPORADA;2019;;Renúncia — Art.3/3-A/39;0.0;2932098.6;700000.0;0.0;4847653.04;4847653.04;0.0;0.0;60000;80080.2;0.0;0.0;0.0;0.0;0.0;0;0;0;0;;;;;0.0;;0;;1.0;0.0;0.0;;;;01.378.559/0001-12;;;;;;;;;;3632098.6;;0.0165
B1900401700000;VAI QUE COLA 2 - O COMEÇO;2019;;Renúncia — Art.3/3-A/39;0.0;2580540.08;2050000.0;0.0;6180242.93;6180242.93;12893671.59;16212915.32;140000;186853.8;16212915.32;0.0;2.6233;0.0;0.0;0;0;0;0;;;;;3.1;adoro_usuario;1;baixa;1.0;0.0;0.0;Revista Brasileira de História & Ciências Sociais;;;09.180.984/0001-04;;;;;;;;;;4630540.08;;2.8147
B1900375200000;VENTOS DO BRASIL;2019;;Renúncia — Outros Mecanismos;0.0;0.0;40000.0;0.0;53386.8;53386.8;0.0;0.0;0;0.0;0.0;0.0;0.0;0.0;0.0;0;0;0;0;;;;;4.343;adoro_critico|adoro_usuario;2;media;;;;;;;18.274.744/0001-60;;;;;;;;;;40000.0;;0.0
B1900468100000;VERLUST;2019;;Renúncia — Art.3/3-A/39;0.0;650000.0;348066.0;0.0;1332088.75;1332088.75;3044.54;3797.08;360000;480481.2;3797.08;0.0;0.0029;1.6;8.0;0;0;0;0;;;;;0.0;;0;;16.0;4.0;2.0;LA Referencia (Red Federada de Repositorios Institucionales de Publicaciones Científicas) | Revista Internacional Interdisciplinar INTERthesis | Dialnet (Universidad de la Rioja);;;94.625.829/0001-23;;;;;;;;;;998066.0;;0.3637
B1900074200000;VIDA EM MOVIMENTO;2019;;Renúncia — Outros Mecanismos;0.0;0.0;1357000.0;0.0;1811147.19;1811147.19;0.0;0.0;60000;80080.2;0.0;0.0;0.0;0.0;0.0;0;0;0;0;;;;;3.2;adoro_usuario;1;baixa;1.0;0.0;0.0;;;;07.533.507/0001-50;;;;;;;;;;1357000.0;;0.0442
B1900149500000;VIDA, PAIXÃO E MORTE DE PADRE CÍCERO (PILOTO);2019;;sem_categoria;0.0;0.0;1025000.0;0.0;1368036.75;1368036.75;0.0;0.0;0;0.0;0.0;0.0;0.0;0.0;0.0;0;0;0;0;;;;;3.2;adoro_usuario;1;baixa;0.0;;;;;;10.505.568/0001-18;;;;;;;;;;1025000.0;;0.0
B1900525100000;VIOLA E TAMBOR;2019;;Renúncia — Outros Mecanismos;0.0;0.0;1100000.0;0.0;1468137.0;1468137.0;0.0;0.0;280000;373707.6;0.0;0.0;0.0;0.0;0.0;0;0;0;0;;;;;0.0;;0;;;;;;;;10.730.207/0001-75;;;;;;;;;;1100000.0;;0.2545
B1900389300000;VIVER PARA LUTAR - TERCEIRA TEMPORADA;2019;;Renúncia — Art.3/3-A/39;0.0;3000000.0;0.0;0.0;4004010.0;4004010.0;0.0;0.0;60000;80080.2;0.0;0.0;0.0;0.0;0.0;0;0;0;0;;;;;4.084;adoro_critico|adoro_usuario;2;alta;;;;;;;06.998.046/0001-28;;;;;;;;;;3000000.0;;0.02
B1900535300000;VÍTIMAS DIGITAIS;2019;;Renúncia — Art.3/3-A/39;0.0;2650000.0;0.0;0.0;3536875.5;3536875.5;0.0;0.0;60000;80080.2;0.0;0.0;0.0;0.0;0.0;0;0;0;0;;;;;0.0;;0;;;;;;;;02.630.678/0001-83;;;;;;;;;;2650000.0;;0.0226
B1900289200000;WEEBOOM;2019;;Renúncia — Art.3/3-A/39;0.0;0.0;0.0;0.0;0.0;0.0;0.0;0.0;60000;80080.2;0.0;0.0;;0.0;0.0;0;0;0;0;;;;;0.0;;0;;;;;;;;11.717.663/0001-48;;;;;;;;;;0.0;;
B2000042900000;ZIMBA;2019;;Renúncia — Art.3/3-A/39;0.0;200000.0;60000.0;0.0;347014.2;347014.2;996.36;1133.16;280000;373707.6;1133.16;0.0;0.0033;0.0;0.0;0;0;0;0;;;;;0.0;;0;;;;;;;;08.747.116/0001-09;;;;;;;;;;260000.0;;1.0808
B1900446600000;É TETRA;2019;;Renúncia — Art.3/3-A/39;0.0;0.0;400000.0;0.0;533868.0;533868.0;0.0;0.0;60000;80080.2;0.0;0.0;0.0;0.0;0.0;0;0;0;0;;;;;0.0;;0;;;;;;;;10.899.485/0001-50;;;;;;;;;;400000.0;;0.15
B1900576700000;ÊXTASE;2019;;sem_categoria;0.0;0.0;0.0;0.0;0.0;0.0;2521.2;2624.16;0;0.0;2624.16;0.0;;0.0;0.0;0;0;0;0;;;;;0.0;;0;;;;;;;;13.491.810/0001-30;;;;;;;;;;0.0;;
B2000526600000;+ AMOR;2020;;Renúncia — Outros Mecanismos;0.0;0.0;940000.0;0.0;1200334.88;1200334.88;0.0;0.0;80000;102156.16;0.0;0.0;0.0;0.0;0.0;0;0;0;0;;;;;4.147;adoro_critico|adoro_usuario;2;alta;;;;;;;05.306.875/0001-30;;;;;;;;;;940000.0;;0.0851
B2000488900000;10 HORAS PARA O NATAL;2020;;Renúncia — Art.3/3-A/39;0.0;3000000.0;160000.0;0.0;4035168.32;4035168.32;515878.66;642700.52;140000;178773.28;642700.52;0.0;0.1593;0.8;4.0;0;0;0;0;;;;;3.8;adoro_usuario;1;baixa;0.0;;;;;;12.580.503/0001-62;;;;;;;;;;3160000.0;;0.2076
B2000180800000;12 MOEDAS;2020;;Renúncia — Art.3/3-A/39;0.0;905178.05;0.0;0.0;1155868.92;1155868.92;0.0;0.0;60000;76617.12;0.0;0.0;0.0;0.0;0.0;0;0;0;0;;;;;0.0;;0;;;;;;;;02.525.725/0001-29;;;;;;;;;;905178.05;;0.0663
B2000143100000;A DIVISÃO - 2ª TEMPORADA;2020;;Renúncia — Art.3/3-A/39;0.0;0.0;0.0;0.0;0.0;0.0;0.0;0.0;60000;76617.12;0.0;0.0;;0.0;0.0;0;0;0;0;;;;;2.9;adoro_usuario;1;baixa;;;;;;;03.247.208/0001-06;;;;;;;;;;0.0;;
B2000312200000;A PAIXÃO SEGUNDO G.H;2020;;sem_categoria;0.0;0.0;0.0;0.0;0.0;0.0;467716.76;467716.76;0;0.0;467716.76;0.0;;14.98;28.0;999;0;0;0;;;;;3.768;adoro_critico|adoro_usuario;2;alta;;;;;;;03.435.290/0001-94;;;;;;;;;;0.0;;
B2000234700000;A PONTE DE BAMBU;2020;;Renúncia — Art.3/3-A/39;0.0;300000.0;375000.0;0.0;861942.6;861942.6;874.0;994.0;60000;76617.12;994.0;0.0;0.0012;0.0;0.0;0;0;0;0;;;;;0.0;;0;;;;;;;;71.743.496/0001-31;;;;;;;;;;675000.0;;0.0902
B2000202000000;A VERDADE DA MENTIRA;2020;;Renúncia — Art.3/3-A/39;0.0;150000.0;468158.15;0.0;789358.29;789358.29;95.64;119.28;60000;76617.12;119.28;0.0;0.0002;0.0;0.0;0;0;0;0;;;;;3.913;adoro_critico|adoro_usuario;2;alta;;;;;;;07.700.630/0001-18;;;;;;;;;;618158.15;;0.0972
B2000499400000;ACADEMIA DE GIUSEPPE;2020;;Renúncia — Art.3/3-A/39;0.0;1289897.54;0.0;0.0;1647137.24;1647137.24;0.0;0.0;60000;76617.12;0.0;0.0;0.0;0.0;0.0;0;0;0;0;;;;;3.643;adoro_critico|adoro_usuario;2;media;;;;;;;12.394.570/0001-92;;;;;;;;;;1289897.54;;0.0465
B2000130700000;ALELUIA, O CANTO INFINITO DO TINCOÃ;2020;;sem_categoria;0.0;0.0;0.0;0.0;0.0;0.0;5835.66;6321.84;200000;255390.4;6321.84;0.0;;0.0;0.0;0;0;0;0;;;;;3.845;adoro_critico|adoro_usuario;2;alta;;;;;;;09.266.100/0001-39;;;;;;;;;;0.0;;
B2000454300000;AMARRAÇÃO DO AMOR;2020;;Renúncia — Art.3/3-A/39;0.0;2256214.15;400000.0;0.0;3391857.97;3391857.97;463045.2;526621.2;60000;76617.12;526621.2;0.0;0.1553;0.1;0.5;0;0;0;0;;;;;4.3;adoro_usuario;1;baixa;1.0;0.0;0.0;;;;10.645.895/0001-75;;;;;;;;;;2656214.15;;0.1969
B2000319700000;ANA. SEM TITULO;2020;;FSA Automático Festivais;0.0;0.0;0.0;0.0;0.0;0.0;6799.72;7733.32;60000;76617.12;7733.32;0.0;;2.6;13.0;0;0;0;0;;;;;0.0;;0;;;;;;;;73.947.392/0001-74;;;;;;;;;;0.0;;
B2000295000000;AS GRANDES RIVALIDADES DO MMA;2020;;Renúncia — Art.3/3-A/39;0.0;1521408.21;0.0;0.0;1942765.26;1942765.26;0.0;0.0;60000;76617.12;0.0;0.0;0.0;0.0;0.0;0;0;0;0;;;;;0.0;;0;;0.0;;;;;;09.322.209/0001-46;;;;;;;;;;1521408.21;;0.0394
B2100057000000;AS NOVAS AVENTURAS DO KAISER;2020;;Renúncia — Outros Mecanismos;0.0;0.0;200000.0;0.0;255390.4;255390.4;0.0;0.0;0;0.0;0.0;0.0;0.0;0.0;0.0;0;0;0;0;;;;;3.04;adoro_critico|adoro_usuario;2;media;;;;;;;31.525.918/0001-88;;;;;;;;;;200000.0;;0.0
B2000327800000;ATRAVESSA A VIDA;2020;;Renúncia — Art.3/3-A/39;0.0;290000.0;0.0;0.0;370316.08;370316.08;0.0;0.0;60000;76617.12;0.0;0.0;0.0;0.0;0.0;0;0;0;0;;;;;3.2;adoro_usuario;1;baixa;;;;;;;28.026.565/0001-67;;;;;;;;;;290000.0;;0.2069
B2000211700000;AUTO POSTO - 1ª TEMPORADA;2020;;Renúncia — Art.3/3-A/39;0.0;0.0;0.0;0.0;0.0;0.0;0.0;0.0;60000;76617.12;0.0;0.0;;0.0;0.0;0;0;0;0;;;;;0.0;;0;;;;;;;;18.883.243/0001-80;;;;;;;;;;0.0;;
B2000038100000;BARRETÃO;2020;;Renúncia — Art.3/3-A/39;0.0;200000.0;0.0;0.0;255390.4;255390.4;0.0;0.0;280000;357546.56;0.0;0.0;0.0;0.0;0.0;0;0;0;0;;;;;0.0;;0;;;;;;;;02.787.555/0001-50;;;;;;;;;;200000.0;;1.4
B2000474800000;BELEZA GG -SEGUNDA TEMPORADA;2020;;Renúncia — Art.3/3-A/39;0.0;1440380.74;0.0;0.0;1839297.07;1839297.07;0.0;0.0;60000;76617.12;0.0;0.0;0.0;0.0;0.0;0;0;0;0;;;;;0.0;;0;;0.0;;;;;;09.719.793/0001-78;;;;;;;;;;1440380.74;;0.0417
B2000110400000;BRASIL ÁFRICA - UM ELO NATURAL;2020;;Renúncia — Outros Mecanismos;0.0;0.0;1813860.0;0.0;2316212.15;2316212.15;458.4;477.12;0;0.0;477.12;0.0;0.0002;0.0;0.0;0;0;0;0;;;;;0.0;;0;;1.0;5.0;5.0;Composição Revista de Ciências Sociais da UFMS;;;06.242.683/0001-70;;;;;;;;;;1813860.0;;0.0003
B2000183900000;CHACRINHA, EU VIM PARA CONFUNDIR NÃO PARA EXPLICAR;2020;;Renúncia — Art.3/3-A/39;0.0;450000.0;0.0;0.0;574628.4;574628.4;2324.84;2644.04;280000;357546.56;2644.04;0.0;0.0046;0.0;0.0;0;0;0;0;;;;;0.0;;0;;0.0;;;;;;13.110.657/0001-53;;;;;;;;;;450000.0;;0.6274
B2000433100000;CHICO VENTANA TAMBÉM QUERIA TER UM SUBMARINO;2020;;Renúncia — Art.3/3-A/39;0.0;0.0;0.0;0.0;0.0;0.0;6100.52;6938.12;0;0.0;6938.12;0.0;;7.1;35.5;0;0;0;0;;;;;0.0;;0;;;;;;;;12.658.679/0001-90;;;;;;;;;;0.0;;
B2000454900000;CIDADES POSSÍVEIS;2020;;Renúncia — Outros Mecanismos;0.0;0.0;1140000.0;0.0;1455725.28;1455725.28;0.0;0.0;60000;76617.12;0.0;0.0;0.0;0.0;0.0;0;0;0;0;;;;;0.0;;0;;2.0;0.0;0.0;SHILAP Revista de lepidopterología;;;01.835.704/0001-47;;;;;;;;;;1140000.0;;0.0526
B2000173400000;COMIDA É ARTE TERROIR BRASIL;2020;;sem_categoria;0.0;0.0;0.0;0.0;0.0;0.0;0.0;0.0;60000;76617.12;0.0;0.0;;0.0;0.0;0;0;0;0;;;;;0.0;;0;;0.0;;;;;;08.991.631/0001-21;;;;;;;;;;0.0;;
B2000323600000;CONFISCO;2020;;Renúncia — Art.3/3-A/39;0.0;563411.75;0.0;0.0;719449.76;719449.76;0.0;0.0;60000;76617.12;0.0;0.0;0.0;0.0;0.0;0;0;0;0;;;;;0.0;;0;;1.0;0.0;0.0;SPIRE - Sciences Po Institutional REpository;;;16.729.130/0001-08;;;;;;;;;;563411.75;;0.1065
B2000151700000;CONTACTADO;2020;;FSA Automático Festivais;0.0;0.0;0.0;0.0;0.0;0.0;2559.4;2663.92;0;0.0;2663.92;0.0;;1.6;8.0;0;0;0;0;;;;;0.0;;0;;;;;;;;09.397.798/0001-21;;;;;;;;;;0.0;;
B2000290500000;COROANDO;2020;;Renúncia — Art.3/3-A/39;0.0;150000.0;0.0;0.0;191542.8;191542.8;0.0;0.0;60000;76617.12;0.0;0.0;0.0;0.0;0.0;0;0;0;0;;;;;0.0;;0;;;;;;;;11.199.599/0001-50;;;;;;;;;;150000.0;;0.4
B2000201900000;CORPOS PERIFÉRICOS;2020;;Renúncia — Outros Mecanismos;0.0;0.0;166989.52;0.0;213237.6;213237.6;0.0;0.0;140000;178773.28;0.0;0.0;0.0;0.0;0.0;0;0;0;0;;;;;0.0;;0;;;;;;;;22.865.259/0001-38;;;;;;;;;;166989.52;;0.8384
B2000115000000;DINHEIRO NOSSO - ORÇAMENTO PÚBLICO E PARTICIPAÇÃO;2020;;Renúncia — Art.3/3-A/39;0.0;0.0;0.0;0.0;0.0;0.0;0.0;0.0;0;0.0;0.0;0.0;;0.0;0.0;0;0;0;0;;;;;0.0;;0;;;;;;;;97.533.170/0001-73;;;;;;;;;;0.0;;
B2000312500000;DNA ABDELMASSIH;2020;;Renúncia — Art.3/3-A/39;0.0;1600000.0;0.0;0.0;2043123.2;2043123.2;0.0;0.0;60000;76617.12;0.0;0.0;0.0;0.0;0.0;0;0;0;0;;;;;0.0;;0;;;;;;;;01.369.211/0001-69;;;;;;;;;;1600000.0;;0.0375
B2000383500000;DRA. DARCI - 3ª TEMPORADA;2020;;Renúncia — Art.3/3-A/39;0.0;2048431.61;0.0;0.0;2615748.84;2615748.84;0.0;0.0;280000;357546.56;0.0;0.0;0.0;0.0;0.0;0;0;0;0;;;;;0.0;;0;;0.0;;;;;;18.082.113/0001-49;;;;;;;;;;2048431.61;;0.1367
B2200306200000;DRAG ME AS A QUEEN – QUARTA TEMPORADA;2020;;Renúncia — Art.3/3-A/39;0.0;2516504.07;0.0;0.0;3213454.91;3213454.91;0.0;0.0;60000;76617.12;0.0;0.0;0.0;0.0;0.0;0;0;0;0;;;;;0.0;;0;;;;;;;;15.743.170/0001-33;;;;;;;;;;2516504.07;;0.0238
B2000081700000;ELA E EU;2020;;Renúncia — Art.3/3-A/39;0.0;2999999.7;500511.83;0.0;4469985.2;4469985.2;43166.0;44928.8;0;0.0;44928.8;0.0;0.0101;2.4;12.0;0;0;0;0;;;;;4.4;adoro_usuario;1;baixa;;;;;;;04.650.621/0001-71;;;;;;;;;;3500511.5300000003;;0.0123
B2000065400000;EM BUSCA DO U-513;2020;;Renúncia — Outros Mecanismos;0.0;0.0;1711168.5;0.0;2185080.04;2185080.04;267.4;278.32;0;0.0;278.32;0.0;0.0001;0.0;0.0;0;0;0;0;;;;;3.993;adoro_critico|adoro_usuario;2;media;3.0;2.0;2.0;Anuario electrónico de estudios en Comunicación Social Disertaciones | Anagrama;Oscar;Q16215088;05.372.676/0001-20;;;;;;;;;;1711168.5;;0.0002
B2000034400000;ENCANTADEIRAS - O CANTO E O ENCANTO DAS QUEBRADEIRAS DE COCO;2020;;Renúncia — Art.3/3-A/39;0.0;0.0;0.0;0.0;0.0;0.0;0.0;0.0;60000;76617.12;0.0;0.0;;0.0;0.0;0;0;0;0;;;;;4.023;adoro_critico|adoro_usuario;2;alta;1.0;0.0;0.0;AVANCA | CINEMA;;;02.229.175/0001-09;;;;;;;;;;0.0;;
B2000229200000;ESCOLA DE GÊNIOS - SEXTA TEMPORADA;2020;;Renúncia — Art.3/3-A/39;0.0;3000000.0;0.0;0.0;3830856.0;3830856.0;0.0;0.0;280000;357546.56;0.0;0.0;0.0;0.0;0.0;0;0;0;0;;;;;4.058;adoro_critico|adoro_usuario;2;media;0.0;;;;;;06.998.046/0001-28;;;;;;;;;;3000000.0;;0.0933
B2000531300000;ESPETÁCULO - POR TRÁS DAS CORTINAS DO MUSICAL;2020;;Renúncia — Outros Mecanismos;0.0;0.0;40000.0;0.0;51078.08;51078.08;0.0;0.0;0;0.0;0.0;0.0;0.0;0.0;0.0;0;0;0;0;;;;;0.0;;0;;;;;;;;10.445.307/0001-50;;;;;;;;;;40000.0;;0.0
B2000080900000;ESPÍRITO DA LUTA 2ª TEMPORADA;2020;;Renúncia — Art.3/3-A/39;0.0;3000000.0;0.0;0.0;3830856.0;3830856.0;0.0;0.0;60000;76617.12;0.0;0.0;0.0;0.0;0.0;0;0;0;0;;;;;4.45;adoro_critico|adoro_usuario;2;media;1.0;0.0;0.0;;;;03.435.290/0001-94;;;;;;;;;;3000000.0;;0.02
B2000417200000;EXTERMINADORES DO ALÉM;2020;;Renúncia — Art.3/3-A/39;0.0;4702815.0;0.0;0.0;6005269.02;6005269.02;0.0;0.0;140000;178773.28;0.0;0.0;0.0;0.0;0.0;0;0;0;0;;;;;3.5;adoro_usuario;1;baixa;1.0;0.0;0.0;;;;07.276.440/0001-15;;;;;;;;;;4702815.0;;0.0298
B2000243800000;FRONTEIRAS DO PENSAMENTO - 2ª TEMPORADA;2020;;Renúncia — Outros Mecanismos;0.0;0.0;485000.0;0.0;619321.72;619321.72;0.0;0.0;60000;76617.12;0.0;0.0;0.0;0.0;0.0;0;0;0;0;;;;;0.0;;0;;0.0;;;;;;17.545.702/0001-53;;;;;;;;;;485000.0;;0.1237
B2000036900000;FÉRIAS EM FAMÍLIA - 2ª TEMPORADA;2020;;Renúncia — Art.3/3-A/39;0.0;2349001.8;0.0;0.0;2999562.55;2999562.55;0.0;0.0;60000;76617.12;0.0;0.0;0.0;0.0;0.0;0;0;0;0;;;;;3.656;adoro_critico;1;alta;;;;;;;07.988.992/0001-56;;;;;;;;;;2349001.8;;0.0255
B2000028300000;GABRIEL MEDINA;2020;;Renúncia — Art.3/3-A/39;0.0;438471.39;0.0;0.0;559906.92;559906.92;0.0;0.0;60000;76617.12;0.0;0.0;0.0;0.0;0.0;0;0;0;0;;;;;0.0;;0;;;;;;;;09.174.621/0001-66;;;;;;;;;;438471.39;;0.1368
B2000297100000;GAFAS AMARILLAS;2020;;sem_categoria;0.0;0.0;0.0;0.0;0.0;0.0;573.0;596.4;0;0.0;596.4;0.0;;0.0;0.0;0;0;0;0;;;;;0.0;;0;;;;;;;;15.588.308/0001-77;;;;;;;;;;0.0;;
B2000075100000;GAMEBROS;2020;;sem_categoria;0.0;0.0;0.0;0.0;0.0;0.0;0.0;0.0;60000;76617.12;0.0;0.0;;0.0;0.0;0;0;0;0;;;;;0.0;;0;;0.0;;;;;;08.346.159/0001-74;;;;;;;;;;0.0;;
B2000361000000;GUATÓ: UMA REMADA NO TEMPO;2020;;Renúncia — Art.3/3-A/39;0.0;259273.9;0.0;0.0;331080.33;331080.33;0.0;0.0;280000;357546.56;0.0;0.0;0.0;0.0;0.0;0;0;0;0;;;;;3.648;adoro_critico|adoro_usuario;2;alta;;;;;;;09.616.650/0001-30;;;;;;;;;;259273.9;;1.0799
B2000072100000;GUI E ESTOPA 5ª TEMPORADA;2020;;Renúncia — Outros Mecanismos;0.0;0.0;734849.15;0.0;938367.09;938367.09;0.0;0.0;60000;76617.12;0.0;0.0;0.0;0.0;0.0;0;0;0;0;;;;;0.0;;0;;;;;;;;01.833.200/0001-98;;;;;;;;;;734849.15;;0.0816
B2000362200000;GUIA POLITICAMENTE INCORRETO II;2020;;Renúncia — Art.3/3-A/39;0.0;1537703.7;0.0;0.0;1963573.82;1963573.82;0.0;0.0;60000;76617.12;0.0;0.0;0.0;0.0;0.0;0;0;0;0;;;;;0.0;;0;;;;;;;;08.449.178/0001-26;;;;;;;;;;1537703.7;;0.039
B2000173600000;HOMEM ONÇA;2020;;Renúncia — Art.3/3-A/39;0.0;400000.0;0.0;0.0;510780.8;510780.8;13005.12;14790.72;360000;459702.72;14790.72;0.0;0.029;0.0;0.0;0;0;0;0;;;;;3.6;adoro_critico;1;alta;;;;;;;09.547.615/0001-07;;;;;;;;;;400000.0;;0.9325
B2000162700000;IDEIAS PARA O MUNDO;2020;;Renúncia — Outros Mecanismos;0.0;0.0;762559.0;0.0;973751.24;973751.24;0.0;0.0;60000;76617.12;0.0;0.0;0.0;0.0;0.0;0;0;0;0;;;;;3.7;adoro_usuario;1;baixa;;;;;;;08.267.476/0001-03;;;;;;;;;;762559.0;;0.0787
B2100261900000;INSÂNIA;2020;;Renúncia — Art.3/3-A/39;0.0;8697561.28;0.0;0.0;11106368.27;11106368.27;0.0;0.0;60000;76617.12;0.0;0.0;0.0;0.0;0.0;0;0;0;0;;;;;0.0;;0;;;;;;;;05.832.663/0001-96;;;;;;;;;;8697561.28;;0.0069
B2000037100000;JOE & JOY (EX VIDAS FOFINHAS) - PILOTO;2020;;sem_categoria;0.0;0.0;0.0;0.0;0.0;0.0;0.0;0.0;0;0.0;0.0;0.0;;0.0;0.0;0;0;0;0;;;;;0.0;;0;;;;;;;;08.378.645/0001-74;;;;;;;;;;0.0;;
B2000484600000;JOVENS GUERREIROS;2020;;Renúncia — Art.3/3-A/39;0.0;1460569.41;0.0;0.0;1865077.03;1865077.03;0.0;0.0;200000;255390.4;0.0;0.0;0.0;0.0;0.0;0;0;0;0;;;;;0.0;;0;;7.0;0.0;0.0;LÍBERO. ISSN impresso: 1517-3283 / ISSN online: 2525-3166 | Palgrave studies in adaptation and visual culture | Scientific Repository of Open Access of Portugal (RCAAP);;;02.947.857/0001-49;;;;;;;;;;1460569.41;;0.1369
B2000375600000;MANGUEIRA EM 2 TEMPOS;2020;;Renúncia — Outros Mecanismos;0.0;0.0;150000.0;0.0;191542.8;191542.8;36746.2;41787.76;280000;357546.56;41787.76;0.0;0.2182;0.0;0.0;0;0;0;0;;;;;0.0;;0;;0.0;;;;;;29.415.130/0001-77;;;;;;;;;;150000.0;;2.1116
B2000026600000;NA TRILHA DAS BORBOLETAS AZUIS;2020;;Renúncia — Outros Mecanismos;0.0;0.0;200000.0;0.0;255390.4;255390.4;0.0;0.0;0;0.0;0.0;0.0;0.0;0.0;0.0;0;0;0;0;;;;;0.0;;0;;;;;;;;11.717.663/0001-48;;;;;;;;;;200000.0;;0.0
B2100016600000;NASCIDOS PARA O COMBATE - 5ª TEMPORADA;2020;;Renúncia — Art.3/3-A/39;0.0;1500000.0;0.0;0.0;1915428.0;1915428.0;0.0;0.0;120000;153234.24;0.0;0.0;0.0;0.0;0.0;0;0;0;0;;;;;0.0;;0;;7.0;0.0;0.0;LÍBERO. ISSN impresso: 1517-3283 / ISSN online: 2525-3166 | Palgrave studies in adaptation and visual culture | Scientific Repository of Open Access of Portugal (RCAAP);;;06.998.046/0001-28;;;;;;;;;;1500000.0;;0.08
B2000536200000;NEOJIBA - MÚSICA QUE TRANSFORMA;2020;;sem_categoria;0.0;0.0;0.0;0.0;0.0;0.0;0.0;0.0;60000;76617.12;0.0;0.0;;0.0;0.0;0;0;0;0;;;;;4.05;adoro_critico|adoro_usuario;2;alta;;;;;;;09.023.910/0001-64;;;;;;;;;;0.0;;
B2000127200000;O DONO DO LAR 2ª TEMPORADA;2020;;Renúncia — Art.3/3-A/39;0.0;2891165.5;0.0;0.0;3691879.57;3691879.57;0.0;0.0;280000;357546.56;0.0;0.0;0.0;0.0;0.0;0;0;0;0;;;;;3.9;adoro_usuario;1;baixa;;;;;;;03.816.467/0001-00;;;;;;;;;;2891165.5;;0.0968
B2000041300000;O PALESTRANTE;2020;;Renúncia — Art.3/3-A/39;0.0;2999957.9;1066200.0;0.0;5192288.46;5192288.46;2429481.8;2528696.24;140000;178773.28;2528696.24;0.0;0.487;0.0;0.0;0;0;0;0;;;;;0.0;;0;;;;;;;;03.987.306/0001-71;;;;;;;;;;4066157.9;;0.6319
B2000251400000;O RIO DO DESEJO;2020;;Renúncia — Art.3/3-A/39;0.0;0.0;15000.0;0.0;19154.28;19154.28;152506.97;154606.76;280000;357546.56;154606.76;0.0;8.0717;0.0;0.0;0;0;0;0;;;;;4.252;adoro_critico|adoro_usuario;2;alta;;;;;;;04.344.932/0001-02;;;;;;;;;;15000.0;;28.8338
B2000397200000;O SAMBA É PRIMO DO JAZZ;2020;;Renúncia — Art.3/3-A/39;0.0;200000.0;100000.0;0.0;383085.6;383085.6;2951.76;3220.56;280000;357546.56;3220.56;0.0;0.0084;0.0;0.0;0;0;0;0;;;;;4.2;adoro_usuario;1;baixa;1.0;36.0;36.0;Journal of Food Science and Technology;;;00.360.459/0001-04;;;;;;;;;;300000.0;;0.9432
B2000402300000;ODILON, RÉU DE SI MESMO;2020;;Renúncia — Art.3/3-A/39;0.0;1047906.15;0.0;0.0;1338125.85;1338125.85;0.0;0.0;60000;76617.12;0.0;0.0;0.0;0.0;0.0;0;0;0;0;;;;;0.0;;0;;;;;;;;27.436.455/0001-00;;;;;;;;;;1047906.15;;0.0573
B2000078100000;ONDE O BENEDITO ENCONTRA O CEDROS;2020;;Renúncia — Outros Mecanismos;0.0;0.0;124834.0;0.0;159407.03;159407.03;0.0;0.0;0;0.0;0.0;0.0;0.0;0.0;0.0;0;0;0;0;;;;;0.0;;0;;;;;;;;04.736.316/0001-05;;;;;;;;;;124834.0;;0.0
B2000535600000;OS SZAFIRS - 1ª TEMPORADA;2020;;Renúncia — Art.3/3-A/39;0.0;2849866.62;0.0;0.0;3639142.88;3639142.88;0.0;0.0;60000;76617.12;0.0;0.0;0.0;0.0;0.0;0;0;0;0;;;;;0.0;;0;;0.0;;;;;;08.346.159/0001-74;;;;;;;;;;2849866.62;;0.0211
B2000101500000;OS ÚLTIMOS DIAS DE GILDA;2020;;sem_categoria;0.0;0.0;0.0;0.0;0.0;0.0;0.0;0.0;60000;76617.12;0.0;0.0;;9.7;0.0;1269;0;0;0;;;;;3.167;adoro_critico|adoro_usuario;2;media;;;;;;;15.318.729/0001-88;;;;;;;;;;0.0;;
B2200463100000;PAPAYA BULL - TERCEIRA TEMPORADA;2020;;Renúncia — Art.3/3-A/39;0.0;2100000.0;0.0;0.0;2681599.2;2681599.2;0.0;0.0;0;0.0;0.0;0.0;0.0;0.0;0.0;0;0;0;0;;;;;0.0;;0;;0.0;;;;;;16.729.130/0001-08;;;;;;;;;;2100000.0;;0.0
B2000128400000;PARTIU?! - 2ª TEMPORADA;2020;;sem_categoria;0.0;0.0;0.0;0.0;0.0;0.0;0.0;0.0;60000;76617.12;0.0;0.0;;0.0;0.0;0;0;0;0;;;;;0.0;;0;;;;;;;;09.059.127/0001-50;;;;;;;;;;0.0;;
B2100057900000;POR QUE VOCÊ NÃO CHORA?;2020;;Renúncia — Art.3/3-A/39;0.0;0.0;0.0;0.0;0.0;0.0;6974.52;7932.12;60000;76617.12;7932.12;0.0;;0.0;0.0;0;0;0;0;;;;;3.845;adoro_critico|adoro_usuario;2;alta;0.0;;;;;;07.644.001/0001-18;;;;;;;;;;0.0;;
B2000115500000;PORTUÑOL;2020;;Renúncia — Art.3/3-A/39;0.0;120000.0;0.0;0.0;153234.24;153234.24;1992.72;2266.32;280000;357546.56;2266.32;0.0;0.0148;0.0;0.0;0;0;0;0;;;;;0.0;;0;;;;;;;;08.112.710/0001-15;;;;;;;;;;120000.0;;2.3499
B2000461900000;PRAZER EM CONHECER;2020;;Renúncia — Art.3/3-A/39;0.0;217882.5;0.0;0.0;278225.49;278225.49;0.0;0.0;280000;357546.56;0.0;0.0;0.0;0.0;0.0;0;0;0;0;;;;;0.0;;0;;;;;;;;06.992.833/0001-62;;;;;;;;;;217882.5;;1.2851
B2000111800000;PREDESTINADO: ARIGÓ E O ESPÍRITO DO DR. FRITZ;2020;;Renúncia — Art.3/3-A/39;0.0;2882990.08;1800000.0;0.0;5979953.55;5979953.55;5212791.1;5425669.48;60000;76617.12;5425669.48;0.0;0.9073;0.0;0.0;0;0;0;0;;;;;4.175;adoro_critico|adoro_usuario;2;alta;;;;;;;07.627.467/0001-05;;;;;;;;;;4682990.08;;1.1259
B2000322000000;QUEM É VOCÊ?;2020;;Renúncia — Outros Mecanismos;0.0;0.0;60000.0;0.0;76617.12;76617.12;0.0;0.0;0;0.0;0.0;0.0;0.0;0.0;0.0;0;0;0;0;;;;;3.928;adoro_critico|adoro_usuario;2;media;;;;;;;04.736.316/0001-05;;;;;;;;;;60000.0;;0.0
B2000365500000;ROGAI POR NÓS;2020;;Renúncia — Outros Mecanismos;0.0;0.0;487100.0;0.0;622003.32;622003.32;210.1;218.68;0;0.0;218.68;0.0;0.0004;0.0;0.0;0;0;0;0;;;;;3.6;adoro_usuario;1;baixa;;;;;;;18.822.538/0001-47;;;;;;;;;;487100.0;;0.0004
B2000096400000;SAMBALANÇO - A BOSSA QUE DANÇA;2020;;Renúncia — Art.3/3-A/39;0.0;0.0;0.0;0.0;0.0;0.0;0.0;0.0;280000;357546.56;0.0;0.0;;0.0;0.0;0;0;0;0;;;;;0.0;;0;;5.0;23.0;21.0;Rebeca - Revista Brasileira de Estudos de Cinema e Audiovisual | Cinema Journal | Revista FAMECOS;;;03.360.320/0001-40;;;;;;;;;;0.0;;
B2000315600000;SAPATO36;2020;;sem_categoria;0.0;0.0;0.0;0.0;0.0;0.0;6704.1;6977.88;0;0.0;6977.88;0.0;;0.0;0.0;0;0;0;0;;;;;0.0;;0;;;;;;;;16.863.370/0001-92;;;;;;;;;;0.0;;
B2000462400000;SEM MAQUIAGEM;2020;;Renúncia — Art.3/3-A/39;0.0;300000.0;65100.0;0.0;466215.18;466215.18;0.0;0.0;60000;76617.12;0.0;0.0;0.0;0.0;0.0;0;0;0;0;;;;;0.0;;0;;;;;;;;02.899.751/0001-17;;;;;;;;;;365100.0;;0.1643
B2000102100000;SENNINHA NA PISTA MALUCA - SEGUNDA TEMPORADA;2020;;Renúncia — Art.3/3-A/39;0.0;100000.0;2877074.82;0.0;3801581.65;3801581.65;0.0;0.0;280000;357546.56;0.0;0.0;0.0;0.0;0.0;0;0;0;0;;;;;0.0;;0;;0.0;;;;;;01.378.559/0001-12;;;;;;;;;;2977074.82;;0.0941
B2000187100000;SOBRE SONHOS E LIBERDADE;2020;;sem_categoria;0.0;0.0;0.0;0.0;0.0;0.0;0.0;0.0;60000;76617.12;0.0;0.0;;0.0;0.0;0;0;0;0;;;;;0.0;;0;;;;;;;;74.107.475/0001-18;;;;;;;;;;0.0;;
B2000050600000;SOPRO, XINGU, CARIRI, CARUARU, CARIOCA;2020;;Renúncia — Art.3/3-A/39;0.0;2727000.0;5313448.05;0.0;10267266.22;10267266.22;0.0;0.0;60000;76617.12;0.0;0.0;0.0;0.0;0.0;0;0;0;0;;;;;0.0;;0;;0.0;;;;;;31.390.347/0001-11;;;;;;;;;;8040448.05;;0.0075
B2000211600000;SUPLICIUM;2020;;sem_categoria;0.0;0.0;0.0;0.0;0.0;0.0;0.0;0.0;80000;102156.16;0.0;0.0;;0.0;0.0;0;0;0;0;;;;;0.0;;0;;0.0;;;;;;07.617.370/0001-11;;;;;;;;;;0.0;;
B2000473500000;TERRAS TROPICAIS;2020;;Renúncia — Art.3/3-A/39;0.0;513000.0;0.0;0.0;655076.38;655076.38;0.0;0.0;280000;357546.56;0.0;0.0;0.0;0.0;0.0;0;0;0;0;;;;;0.0;;0;;;;;;;;16.551.639/0001-03;;;;;;;;;;513000.0;;0.5458
B2000464200000;TIO TOMMY - O HOMEM QUE FUNDOU A NEWSWEEK;2020;;sem_categoria;0.0;0.0;0.0;0.0;0.0;0.0;0.0;0.0;60000;76617.12;0.0;0.0;;0.0;0.0;0;0;0;0;;;;;3.9;adoro_usuario;1;baixa;0.0;;;;;;11.752.503/0001-30;;;;;;;;;;0.0;;
B2100016700000;TODAS AS MELODIAS;2020;;sem_categoria;0.0;0.0;0.0;0.0;0.0;0.0;0.0;0.0;120000;153234.24;0.0;0.0;;0.0;0.0;0;0;0;0;;;;;3.8;adoro_usuario;1;baixa;;;;;;;06.130.502/0001-13;;;;;;;;;;0.0;;
B2000418400000;UBUNTU - A PARTILHA QUILOMBOLA;2020;;sem_categoria;0.0;789365.71;1000000.0;0.0;2284934.12;2284934.12;0.0;0.0;120000;153234.24;0.0;0.0;0.0;0.0;0.0;0;0;0;0;;;;;0.0;;0;;0.0;;;;;;02.402.531/0001-36;;;;;;;;;;1789365.71;;0.0671
B2000065100000;UM CONTRA TODOS - QUARTA TEMPORADA;2020;;Renúncia — Art.3/3-A/39;0.0;6699384.06;0.0;0.0;8554791.87;8554791.87;0.0;0.0;60000;76617.12;0.0;0.0;0.0;0.0;0.0;0;0;0;0;;;;;0.0;;0;;2.0;1.0;1.0;LA Referencia (Red Federada de Repositorios Institucionales de Publicaciones Científicas);;;09.180.984/0001-04;;;;;;;;;;6699384.06;;0.009
B2000142500000;UM DIA QUALQUER - SÉRIE;2020;;Renúncia — Art.3/3-A/39;0.0;703462.0;0.0;0.0;898287.21;898287.21;0.0;0.0;60000;76617.12;0.0;0.0;0.0;0.0;0.0;0;0;0;0;;;;;4.123;adoro_critico|adoro_usuario;2;alta;;;;;;;51.264.273/0001-84;;;;;;;;;;703462.0;;0.0853
B2000337100000;UM PRESENTE À PROVA DE FUTURO;2020;;Renúncia — Art.3/3-A/39;0.0;200000.0;1341357.0;0.0;1968238.9;1968238.9;0.0;0.0;140000;178773.28;0.0;0.0;0.0;0.0;0.0;0;0;0;0;;;;;4.38;adoro_critico|adoro_usuario;2;media;1.0;0.0;0.0;;;;19.291.237/0001-05;;;;;;;;;;1541357.0;;0.0908
B2000292200000;VERONA;2020;;sem_categoria;0.0;0.0;0.0;0.0;0.0;0.0;0.0;0.0;60000;76617.12;0.0;0.0;;0.0;0.0;0;0;0;0;;;;;3.658;adoro_critico|adoro_usuario;2;alta;0.0;;;;;;05.270.790/0001-49;;;;;;;;;;0.0;;
B2000003500000;VIAGEM A QUALQUER CUSTO;2020;;Renúncia — Art.3/3-A/39;0.0;941005.95;0.0;0.0;1201619.43;1201619.43;0.0;0.0;280000;357546.56;0.0;0.0;0.0;0.0;0.0;0;0;0;0;;;;;3.9;adoro_usuario;1;baixa;;;;;;;10.899.485/0001-50;;;;;;;;;;941005.95;;0.2976
B2000075900000;VIAJO LOGO EXISTO;2020;;Renúncia — Outros Mecanismos;0.0;0.0;815603.03;0.0;1041485.92;1041485.92;0.0;0.0;60000;76617.12;0.0;0.0;0.0;0.0;0.0;0;0;0;0;;;;;0.0;;0;;;;;;;;18.883.243/0001-80;;;;;;;;;;815603.03;;0.0736
B2000050700000;VOZES DA FLORESTA;2020;;Renúncia — Outros Mecanismos;0.0;0.0;800000.0;0.0;1021561.6;1021561.6;0.0;0.0;60000;76617.12;0.0;0.0;0.0;0.0;0.0;0;0;0;0;;;;;4.0;adoro_usuario;1;baixa;1.0;0.0;0.0;AVANCA | CINEMA;;;02.229.175/0001-09;;;;;;;;;;800000.0;;0.075
B2000059800000;WILD - REDE SELVAGEM;2020;;Renúncia — Art.3/3-A/39;0.0;200000.0;0.0;0.0;255390.4;255390.4;279.68;318.08;60000;76617.12;318.08;0.0;0.0012;0.0;0.0;0;0;0;0;;;;;3.905;adoro_critico|adoro_usuario;2;alta;1.0;5.0;5.0;Composição Revista de Ciências Sociais da UFMS;;;06.242.683/0001-70;;;;;;;;;;200000.0;;0.3014
B2100460300000;30 SEGUNDOS;2021;;Renúncia — Art.3/3-A/39;0.0;1923804.2;0.0;0.0;2232059.19;2232059.19;0.0;0.0;60000;69613.92;0.0;0.0;0.0;0.0;0.0;0;0;0;0;;;;;0.0;;0;;;;;;;;02.947.857/0001-49;;;;;;;;;;1923804.2;;0.0312
B2100362100000;45 DO SEGUNDO TEMPO;2021;;Renúncia — Art.3/3-A/39;0.0;799999.99;787540.0;0.0;1841914.7;1841914.7;527752.1;549304.28;140000;162432.48;549304.28;0.0;0.2982;0.0;0.0;0;0;0;0;;;;;3.648;adoro_critico|adoro_usuario;2;alta;;;;;;;07.477.471/0001-34;;;;;;;;;;1587539.99;;0.4206
B2100203300000;A ALMA QUER VOAR;2021;;FSA Automático Festivais;0.0;0.0;0.0;0.0;0.0;0.0;1823.73;1848.84;0;0.0;1848.84;0.0;;2.5;12.5;0;0;0;0;;;;;0.0;;0;;;;;;;;19.457.687/0001-17;;;;;;;;;;0.0;;
B2100498100000;A JAULA;2021;;Renúncia — Outros Mecanismos;0.0;0.0;55000.0;0.0;63812.76;63812.76;449423.0;467776.4;0;0.0;467776.4;0.0;7.3305;0.0;0.0;0;0;0;0;;;;;3.543;adoro_critico|adoro_usuario;2;alta;;;;;;;13.383.501/0001-46;;;;;;;;;;55000.0;;8.1713
B2100323800000;A LUTA DE MAYCON;2021;;sem_categoria;0.0;0.0;0.0;0.0;0.0;0.0;0.0;0.0;80000;92818.56;0.0;0.0;;0.0;0.0;0;0;0;0;;;;;3.943;adoro_critico|adoro_usuario;2;media;1.0;0.0;0.0;Revista Multiplicidade;;;22.604.204/0001-74;;;;;;;;;;0.0;;
B2100035200000;A LUZ DE MÁRIO CARNEIRO;2021;;sem_categoria;0.0;0.0;240004.48;0.0;278460.88;278460.88;0.0;0.0;60000;69613.92;0.0;0.0;0.0;0.0;0.0;0;0;0;0;;;;;0.0;;0;;1.0;0.0;0.0;AVANCA | CINEMA;;;02.229.175/0001-09;;;;;;;;;;240004.48;;0.25
B2100165900000;A MEMÓRIA PERIGOSA - A POLÍTICA INDIGENISTA NOS ANOS DE CHUMBO;2021;;sem_categoria;0.0;0.0;0.0;0.0;0.0;0.0;0.0;0.0;60000;69613.92;0.0;0.0;;0.0;0.0;0;0;0;0;;;;;3.6;adoro_usuario;1;baixa;;;;;;;12.106.692/0001-36;;;;;;;;;;0.0;;
B2100271200000;A PRINCESA DA YAKUZA;2021;;Renúncia — Art.3/3-A/39;0.0;0.0;0.0;0.0;0.0;0.0;1887.84;2147.04;0;0.0;2147.04;0.0;;0.0;0.0;0;0;0;0;;;;;3.343;adoro_critico|adoro_usuario;2;alta;;;;;;;04.768.987/0001-40;;;;;;;;;;0.0;;
B2100432000000;A SUSPEITA;2021;;Renúncia — Art.3/3-A/39;0.0;2999999.99;0.0;0.0;3480695.99;3480695.99;147795.8;153831.44;60000;69613.92;153831.44;0.0;0.0442;0.0;0.0;0;0;0;0;;;;;0.0;;0;;;;;;;;18.082.113/0001-49;;;;;;;;;;2999999.99;;0.0693
B2100263400000;A VIAGEM DE PEDRO;2021;;Renúncia — Art.3/3-A/39;0.0;2790000.0;1550000.0;0.0;5035406.88;5035406.88;226373.2;235617.76;140000;162432.48;235617.76;0.0;0.0468;16.38;20.0;2090;1;1;0;;;;;3.9;adoro_usuario;1;baixa;;;;;;;02.238.621/0001-33;;;;;;;;;;4340000.0;;0.0844
B2200415900000;ALMA EM MADEIRA;2021;;sem_categoria;0.0;0.0;0.0;0.0;0.0;0.0;0.0;0.0;60000;69613.92;0.0;0.0;;0.0;0.0;0;0;0;0;;;;;0.0;;0;;0.0;;;;;;09.019.897/0001-70;;;;;;;;;;0.0;;
B2100239900000;ALMANAQUE DOS ESPORTES - 3A TEMPORADA;2021;;Renúncia — Art.3/3-A/39;0.0;1250000.0;0.0;0.0;1450290.0;1450290.0;0.0;0.0;60000;69613.92;0.0;0.0;0.0;0.0;0.0;0;0;0;0;;;;;0.0;;0;;;;;;;;19.542.988/0001-49;;;;;;;;;;1250000.0;;0.048
B2100401000000;AMOR SEM MEDIDA;2021;;Renúncia — Art.3/3-A/39;0.0;3000000.0;750000.0;0.0;4350870.0;4350870.0;1660.6;1888.6;0;0.0;1888.6;0.0;0.0004;0.0;0.0;0;0;0;0;;;;;4.3;adoro_usuario;1;baixa;0.0;;;;;;05.508.188/0001-05;;;;;;;;;;3750000.0;;0.0004
B2100294600000;ARAÑA;2021;;Renúncia — Art.3/3-A/39;0.0;1500000.0;0.0;0.0;1740348.0;1740348.0;24856.56;28269.36;0;0.0;28269.36;0.0;0.0162;0.0;0.0;0;0;0;0;;;;;0.0;;0;;;;;;;;07.533.507/0001-50;;;;;;;;;;1500000.0;;0.0166
B2100167200000;AS PORTAS ABERTAS;2021;;Renúncia — Art.3/3-A/39;0.0;0.0;260950.0;0.0;302762.54;302762.54;0.0;0.0;0;0.0;0.0;0.0;0.0;0.0;0.0;0;0;0;0;;;;;0.0;;0;;;;;;;;12.879.401/0001-42;;;;;;;;;;260950.0;;0.0
B2100458300000;AS VERDADES;2021;;Renúncia — Art.3/3-A/39;0.0;3000000.0;500000.0;0.0;4060812.0;4060812.0;30731.9;31986.92;140000;162432.48;31986.92;0.0;0.0079;0.9;4.5;0;0;0;0;;;;;0.0;;0;;;;;;;;01.378.559/0001-12;;;;;;;;;;3500000.0;;0.0488
B2100011000000;AVE SECA;2021;;sem_categoria;0.0;0.0;0.0;0.0;0.0;0.0;0.0;0.0;0;0.0;0.0;0.0;;0.0;0.0;0;0;0;0;;;;;0.0;;0;;0.0;;;;;;14.014.174/0001-18;;;;;;;;;;0.0;;
B2100425000000;BALA SEM NOME;2021;;Renúncia — Art.3/3-A/39;0.0;330000.0;50000.0;0.0;440888.16;440888.16;78.44;79.52;0;0.0;79.52;0.0;0.0002;0.0;0.0;0;0;0;0;;;;;4.105;adoro_critico|adoro_usuario;2;media;0.0;;;;;;04.728.553/0001-16;;;;;;;;;;380000.0;;0.0002
B2100415100000;BRAVOS VALENTES: VAQUEIROS DO BRASIL;2021;;Renúncia — Art.3/3-A/39;0.0;300000.0;225000.0;0.0;609121.8;609121.8;0.0;0.0;140000;162432.48;0.0;0.0;0.0;0.0;0.0;0;0;0;0;;;;;4.343;adoro_critico|adoro_usuario;2;media;;;;;;;74.107.475/0001-18;;;;;;;;;;525000.0;;0.2667
B2100403800000;CARANGAS ABSURDAS;2021;;Renúncia — Art.3/3-A/39;0.0;912553.54;0.0;0.0;1058773.82;1058773.82;0.0;0.0;60000;69613.92;0.0;0.0;0.0;0.0;0.0;0;0;0;0;;;;;0.0;;0;;0.0;;;;;;07.627.467/0001-05;;;;;;;;;;912553.54;;0.0657
B2100414300000;CLUBE DA ANITTINHA - TERCEIRA TEMPORADA;2021;;Renúncia — Art.3/3-A/39;0.0;2975442.5;0.0;0.0;3452203.6;3452203.6;0.0;0.0;280000;324864.96;0.0;0.0;0.0;0.0;0.0;0;0;0;0;;;;;4.45;adoro_critico|adoro_usuario;2;media;;;;;;;31.291.787/0001-11;;;;;;;;;;2975442.5;;0.0941
B2100062500000;COMO ELA FAZ?;2021;;Renúncia — Outros Mecanismos;0.0;0.0;1987960.52;0.0;2306495.41;2306495.41;0.0;0.0;360000;417683.52;0.0;0.0;0.0;0.0;0.0;0;0;0;0;;;;;4.4;adoro_usuario;1;baixa;0.0;;;;;;19.291.237/0001-05;;;;;;;;;;1987960.52;;0.1811
B2100324700000;CURRAL;2021;;Renúncia — Art.3/3-A/39;0.0;0.0;548672.11;0.0;636586.94;636586.94;16186.48;18408.88;0;0.0;18408.88;0.0;0.0289;0.0;0.0;0;0;0;0;;;;;0.0;;0;;;;;;;;12.859.237/0001-01;;;;;;;;;;548672.11;;0.0295
B2100185000000;DIMINUTA;2021;;Renúncia — Outros Mecanismos;0.0;0.0;471237.66;0.0;546745.01;546745.01;0.0;0.0;0;0.0;0.0;0.0;0.0;0.0;0.0;0;0;0;0;;;;;0.0;;0;;;;;;;;07.720.343/0001-70;;;;;;;;;;471237.66;;0.0
B2100449500000;DIÁLOGOS COM RUTH DE SOUZA;2021;;Renúncia — Outros Mecanismos;0.0;0.0;250000.0;0.0;290058.0;290058.0;10079.16;10079.16;0;0.0;10079.16;0.0;0.0347;0.0;0.0;0;0;0;0;;;;;0.0;;0;;;;;;;;11.265.176/0001-91;;;;;;;;;;250000.0;;0.0403
B2100413100000;DORES & AMORES;2021;;Renúncia — Art.3/3-A/39;0.0;0.0;1340000.0;0.0;1554710.88;1554710.88;0.0;0.0;0;0.0;0.0;0.0;0.0;0.0;0.0;0;0;0;0;;;;;0.0;;0;;;;;;;;00.605.488/0001-80;;;;;;;;;;1340000.0;;0.0
B2100299900000;DOUTOR GAMA;2021;;sem_categoria;0.0;3000000.0;1175000.0;0.0;4843968.6;4843968.6;97042.9;110254.48;140000;162432.48;110254.48;0.0;0.0228;0.0;0.0;0;0;0;0;;;;;4.152;adoro_critico|adoro_usuario;2;alta;;;;;;;11.140.814/0001-48;;;;;;;;;;4175000.0;;0.0568
B2100302700000;DRAG ME AS A QUEEN – TERCEIRA TEMPORADA;2021;;Renúncia — Art.3/3-A/39;0.0;2516504.07;0.0;0.0;2919728.55;2919728.55;0.0;0.0;60000;69613.92;0.0;0.0;0.0;0.0;0.0;0;0;0;0;;;;;0.0;;0;;;;;;;;15.743.170/0001-33;;;;;;;;;;2516504.07;;0.0238
B2100271900000;EL EMPLEADO Y EL PATRÓN;2021;;FSA Automático Festivais;0.0;0.0;0.0;0.0;0.0;0.0;12795.36;14552.16;60000;69613.92;14552.16;0.0;;11.5;47.5;0;12;1;0;;;;;0.0;;0;;;;;;;;10.468.552/0001-82;;;;;;;;;;0.0;;
B2100491200000;EM NOME DA JUSTIÇA - 2ª TEMPORADA;2021;;Renúncia — Art.3/3-A/39;0.0;2595942.04;0.0;0.0;3011895.02;3011895.02;0.0;0.0;60000;69613.92;0.0;0.0;0.0;0.0;0.0;0;0;0;0;;;;;3.825;adoro_critico|adoro_usuario;2;media;;;;;;;14.574.635/0001-07;;;;;;;;;;2595942.04;;0.0231
B2100498200000;ESTRADA NATURAL;2021;;Renúncia — Outros Mecanismos;0.0;0.0;468000.0;0.0;542988.58;542988.58;0.0;0.0;80000;92818.56;0.0;0.0;0.0;0.0;0.0;0;0;0;0;;;;;0.0;;0;;0.0;;;;;;14.038.312/0001-07;;;;;;;;;;468000.0;;0.1709
B2100526500000;EU, MEU PAI E OS CARIOCAS - 70 ANOS DE MÚSICA NO BRASIL;2021;;Renúncia — Art.3/3-A/39;0.0;380000.0;500000.0;0.0;1021004.16;1021004.16;0.0;0.0;0;0.0;0.0;0.0;0.0;0.0;0.0;0;0;0;0;;;;;4.257;adoro_critico|adoro_usuario;2;alta;;;;;;;18.677.618/0001-56;;;;;;;;;;880000.0;;0.0
B2300557200000;FLUXO - MELHOR PAUSA;2021;;sem_categoria;0.0;1000000.0;0.0;0.0;1160232.0;1160232.0;0.0;0.0;0;0.0;0.0;0.0;0.0;0.0;0.0;0;0;0;0;;;;;0.0;;0;;0.0;;;;;;01.374.871/0001-38;;;;;;;;;;1000000.0;;0.0
B2100446100000;FUJA SE FOR CAPAZ;2021;;Renúncia — Art.3/3-A/39;0.0;3000000.0;0.0;0.0;3480696.0;3480696.0;0.0;0.0;280000;324864.96;0.0;0.0;0.0;0.0;0.0;0;0;0;0;;;;;3.791;adoro_critico|adoro_usuario;2;alta;;;;;;;23.964.115/0001-00;;;;;;;;;;3000000.0;;0.0933
B2100168100000;GALERA FC;2021;;Renúncia — Art.3/3-A/39;0.0;3955259.92;0.0;0.0;4589019.13;4589019.13;0.0;0.0;60000;69613.92;0.0;0.0;0.0;0.0;0.0;0;0;0;0;;;;;0.0;;0;;1.0;0.0;0.0;Rebeca - Revista Brasileira de Estudos de Cinema e Audiovisual;;;23.964.115/0001-00;;;;;;;;;;3955259.92;;0.0152
B2100363400000;GALERIA FUTURO;2021;;Renúncia — Art.3/3-A/39;0.0;2899961.24;0.0;0.0;3364627.83;3364627.83;10260.76;11669.56;140000;162432.48;11669.56;0.0;0.0035;0.0;0.0;0;0;0;0;;;;;0.0;;0;;2.0;0.0;0.0;Portuguese National Funding Agency for Science, Research and Technology (RCAAP Project by FCT) | Faces de Clio;;;01.478.079/0001-23;;;;;;;;;;2899961.24;;0.0518
B2100451900000;GIGA - 2ª TEMPORADA;2021;;sem_categoria;0.0;0.0;0.0;0.0;0.0;0.0;0.0;0.0;60000;69613.92;0.0;0.0;;0.0;0.0;0;0;0;0;;;;;0.0;;0;;;;;;;;19.265.893/0001-25;;;;;;;;;;0.0;;
B2100062600000;GLAUBER, CLARO;2021;;sem_categoria;0.0;0.0;0.0;0.0;0.0;0.0;0.0;0.0;60000;69613.92;0.0;0.0;;0.0;0.0;0;0;0;0;;;;;0.0;;0;;0.0;;;;;;02.902.219/0001-01;;;;;;;;;;0.0;;
B2100433700000;GLITTER MODEL - GIRL POWER JÁ;2021;;Renúncia — Art.3/3-A/39;0.0;2999499.46;0.0;0.0;3480115.26;3480115.26;0.0;0.0;60000;69613.92;0.0;0.0;0.0;0.0;0.0;0;0;0;0;;;;;3.509;adoro_critico|adoro_usuario;2;alta;0.0;;;;;;03.876.997/0001-36;;;;;;;;;;2999499.46;;0.02
B2300427900000;HOMENS DO CAMINHO - ROTAS HISTÓRICAS BRASILEIRAS A CAVALO - 3ª TEMPORADA;2021;;Renúncia — Outros Mecanismos;0.0;0.0;1208279.64;0.0;1401884.7;1401884.7;0.0;0.0;60000;69613.92;0.0;0.0;0.0;0.0;0.0;0;0;0;0;;;;;3.65;adoro_critico|adoro_usuario;2;media;;;;;;;04.350.398/0001-47;;;;;;;;;;1208279.64;;0.0497
B2100323600000;HOMENS DO CAMINHO - ROTAS HISTÓRICAS BRASILEIRAS NA COMPANHIA DO MANGALARGA MARCHADOR - 2ª TEMPORADA;2021;;Renúncia — Outros Mecanismos;0.0;0.0;1269722.12;0.0;1473172.23;1473172.23;0.0;0.0;60000;69613.92;0.0;0.0;0.0;0.0;0.0;0;0;0;0;;;;;3.965;adoro_critico|adoro_usuario;2;media;;;;;;;04.350.398/0001-47;;;;;;;;;;1269722.12;;0.0473
B2100269200000;INFINITAS TERRAS (OU RELATOS DO MEU TEMPO EM CRISE);2021;;sem_categoria;0.0;0.0;0.0;0.0;0.0;0.0;5118.21;5188.68;0;0.0;5188.68;0.0;;0.0;0.0;0;0;0;0;;;;;3.648;adoro_critico|adoro_usuario;2;alta;0.0;;;;;;11.332.121/0001-57;;;;;;;;;;0.0;;
B2100450400000;INSPIRA.MOV BRASIL - TERCEIRA TEMPORADA;2021;;Renúncia — Outros Mecanismos;0.0;0.0;550000.0;0.0;638127.6;638127.6;0.0;0.0;0;0.0;0.0;0.0;0.0;0.0;0.0;0;0;0;0;;;;;0.0;;0;;;;;;;;64.044.886/0001-58;;;;;;;;;;550000.0;;0.0
B2100074100000;IRMÃO DO JOREL - 4ª TEMPORADA;2021;;Renúncia — Art.3/3-A/39;0.0;6842932.66;0.0;0.0;7939389.45;7939389.45;0.0;0.0;140000;162432.48;0.0;0.0;0.0;0.0;0.0;0;0;0;0;;;;;0.0;;0;;;;;;;;09.551.826/0001-13;;;;;;;;;;6842932.66;;0.0205
B2100525200000;JUJU BOOT CAMP - 2ª TEMPORADA;2021;;Renúncia — Art.3/3-A/39;0.0;3000000.0;0.0;0.0;3480696.0;3480696.0;0.0;0.0;60000;69613.92;0.0;0.0;0.0;0.0;0.0;0;0;0;0;;;;;0.0;;0;;;;;;;;11.280.934/0001-40;;;;;;;;;;3000000.0;;0.02
B2100532300000;JUNTOS E ENROLADOS;2021;;Renúncia — Art.3/3-A/39;0.0;3000000.0;0.0;0.0;3480696.0;3480696.0;4816093.06;5012901.04;140000;162432.48;5012901.04;0.0;1.4402;0.0;0.0;0;0;0;0;;;;;3.612;adoro_critico|adoro_usuario;2;alta;1.0;0.0;0.0;ILUMINURAS;;;17.383.231/0001-24;;;;;;;;;;3000000.0;;1.652
B2100072000000;LIBELU - ABAIXO A DITADURA;2021;;Renúncia — Art.3/3-A/39;0.0;150000.0;0.0;0.0;174034.8;174034.8;3700.3;4154.92;280000;324864.96;4154.92;0.0;0.0239;0.8;4.0;0;0;0;0;;;;;0.0;;0;;0.0;;;;;;12.126.484/0001-07;;;;;;;;;;150000.0;;1.8913
B2100424200000;LUTAR, LUTAR, LUTAR;2021;;Renúncia — Art.3/3-A/39;0.0;197772.32;510000.0;0.0;821180.09;821180.09;167809.52;190569.68;0;0.0;190569.68;0.0;0.2321;1.2;6.0;0;0;0;0;;;;;4.4;adoro_usuario;1;baixa;;;;;;;11.966.450/0001-50;;;;;;;;;;707772.3200000001;;0.2371
B2100464300000;LÔ BORGES – TODA ESSA ÁGUA;2021;;sem_categoria;0.0;0.0;0.0;0.0;0.0;0.0;960.89;974.12;280000;324864.96;974.12;0.0;;0.0;0.0;0;0;0;0;;;;;0.0;;0;;;;;;;;02.140.120/0001-10;;;;;;;;;;0.0;;
B2100161600000;MAIOR QUE O MUNDO;2021;;Renúncia — Outros Mecanismos;0.0;0.0;300000.0;0.0;348069.6;348069.6;10424.1;11212.32;60000;69613.92;11212.32;0.0;0.0322;0.0;0.0;0;0;0;0;;;;;3.83;adoro_critico|adoro_usuario;2;media;;;;;;;09.281.789/0001-70;;;;;;;;;;300000.0;;0.2347
B2100445800000;MAR DE DENTRO;2021;;Renúncia — Art.3/3-A/39;0.0;226322.75;750000.0;0.0;1132760.9;1132760.9;14668.8;15267.84;60000;69613.92;15267.84;0.0;0.0135;1.1;5.5;0;0;0;0;;;;;4.5;adoro_usuario;1;baixa;0.0;;;;;;04.728.553/0001-16;;;;;;;;;;976322.75;;0.0765
B2100266400000;MATAR A LA BESTIA;2021;;FSA Automático Festivais;0.0;0.0;0.0;0.0;0.0;0.0;14267.7;14850.36;0;0.0;14850.36;0.0;;3.8;19.0;0;0;0;0;;;;;0.0;;0;;;;;;;;19.457.687/0001-17;;;;;;;;;;0.0;;
B2100262100000;MEU ÁLBUM DE AMORES;2021;;Renúncia — Art.3/3-A/39;0.0;2999955.0;0.0;0.0;3480643.79;3480643.79;16964.14;17633.56;0;0.0;17633.56;0.0;0.0051;0.0;0.0;0;0;0;0;;;;;4.1;adoro_usuario;1;baixa;;;;;;;07.570.789/0001-65;;;;;;;;;;2999955.0;;0.0057
B2100113300000;MIGLIACCIO, O BRASILEIRO EM CENA;2021;;Renúncia — Art.3/3-A/39;0.0;50000.0;0.0;0.0;58011.6;58011.6;1538.24;1749.44;280000;324864.96;1749.44;0.0;0.0302;0.0;0.0;0;0;0;0;;;;;0.0;;0;;;;;;;;03.760.043/0001-63;;;;;;;;;;50000.0;;5.6308
B2100226000000;NEM TUDO SE DESFAZ;2021;;Renúncia — Outros Mecanismos;0.0;0.0;78000.0;0.0;90498.1;90498.1;4317.56;4910.36;0;0.0;4910.36;0.0;0.0543;0.0;0.0;0;0;0;0;;;;;0.0;;0;;;;;;;;31.608.781/0001-25;;;;;;;;;;78000.0;;0.0554
B2100112200000;NIMBUS, O CAÇADOR DE NUVENS;2021;;Renúncia — Art.3/3-A/39;0.0;0.0;0.0;0.0;0.0;0.0;0.0;0.0;0;0.0;0.0;0.0;;0.0;0.0;0;0;0;0;;;;;3.76;adoro_critico|adoro_usuario;2;alta;;;;;;;12.709.052/0001-10;;;;;;;;;;0.0;;
B2100261800000;O FILHO ÚNICO DO MEU PAI;2021;;Renúncia — Outros Mecanismos;0.0;0.0;55000.0;0.0;63812.76;63812.76;11152.24;12683.44;60000;69613.92;12683.44;0.0;0.1988;0.0;0.0;0;0;0;0;;;;;4.257;adoro_critico|adoro_usuario;2;alta;0.0;;;;;;07.847.012/0001-03;;;;;;;;;;55000.0;;1.2937
B2100272900000;O HÓSPEDE AMERICANO;2021;;Renúncia — Art.3/3-A/39;0.0;14634931.6;0.0;0.0;16979915.96;16979915.96;0.0;0.0;60000;69613.92;0.0;0.0;0.0;0.0;0.0;0;0;0;0;;;;;3.673;adoro_critico|adoro_usuario;2;alta;38.0;49.0;17.0;LA Referencia (Red Federada de Repositorios Institucionales de Publicaciones Científicas) | SHILAP Revista de lepidopterología | Social Text;;;61.383.022/0001-72;;;;;;;;;;14634931.6;;0.0041
B2100148700000;O RIM DE RILDO;2021;;Renúncia — Art.3/3-A/39;0.0;0.0;0.0;0.0;0.0;0.0;0.0;0.0;0;0.0;0.0;0.0;;0.0;0.0;0;0;0;0;;;;;0.0;;0;;;;;;;;04.268.711/0001-00;;;;;;;;;;0.0;;
B2100333300000;O SEGUNDO HOMEM;2021;;Renúncia — Outros Mecanismos;0.0;0.0;1130152.77;0.0;1311239.41;1311239.41;0.0;0.0;0;0.0;0.0;0.0;0.0;0.0;0.0;0;0;0;0;;;;;3.707;adoro_critico|adoro_usuario;2;media;;;;;;;14.741.081/0001-95;;;;;;;;;;1130152.77;;0.0
B2100454200000;O TEMPO QUE RESTA;2021;;Renúncia — Art.3/3-A/39;0.0;150000.0;0.0;0.0;174034.8;174034.8;0.0;0.0;280000;324864.96;0.0;0.0;0.0;0.0;0.0;0;0;0;0;;;;;3.648;adoro_critico|adoro_usuario;2;alta;;;;;;;16.603.000/0001-16;;;;;;;;;;150000.0;;1.8667
B2100176100000;OS AUSENTES;2021;;Renúncia — Art.3/3-A/39;0.0;0.0;0.0;0.0;0.0;0.0;0.0;0.0;60000;69613.92;0.0;0.0;;0.0;0.0;0;0;0;0;;;;;0.0;;0;;1.0;0.0;0.0;;;;05.565.485/0001-84;;;;;;;;;;0.0;;
B2100446900000;OS PELÚCIAS - EPISÓDIO PILOTO;2021;;sem_categoria;0.0;0.0;0.0;0.0;0.0;0.0;0.0;0.0;0;0.0;0.0;0.0;;0.0;0.0;0;0;0;0;;;;;0.0;;0;;;;;;;;04.389.941/0001-10;;;;;;;;;;0.0;;
B2100179800000;OS SZAFIRS - 2ª TEMPORADA;2021;;Renúncia — Art.3/3-A/39;0.0;2826360.96;0.0;0.0;3279234.43;3279234.43;0.0;0.0;60000;69613.92;0.0;0.0;0.0;0.0;0.0;0;0;0;0;;;;;0.0;;0;;0.0;;;;;;08.346.159/0001-74;;;;;;;;;;2826360.96;;0.0212
B2100452000000;PALAVRA ALADA;2021;;Renúncia — Outros Mecanismos;0.0;0.0;350000.0;0.0;406081.2;406081.2;0.0;0.0;200000;232046.4;0.0;0.0;0.0;0.0;0.0;0;0;0;0;;;;;0.0;;0;;0.0;;;;;;30.743.385/0001-48;;;;;;;;;;350000.0;;0.5714
B2100077600000;PAPO MUSICAL;2021;;Renúncia — Outros Mecanismos;0.0;0.0;150000.0;0.0;174034.8;174034.8;0.0;0.0;120000;139227.84;0.0;0.0;0.0;0.0;0.0;0;0;0;0;;;;;0.0;;0;;0.0;;;;;;61.383.022/0001-72;;;;;;;;;;150000.0;;0.8
B2100095100000;PLANETA SOLIDÁRIO;2021;;sem_categoria;0.0;0.0;0.0;0.0;0.0;0.0;0.0;0.0;60000;69613.92;0.0;0.0;;0.0;0.0;0;0;0;0;;;;;0.0;;0;;;;;;;;12.106.692/0001-36;;;;;;;;;;0.0;;
B2100390800000;PÓLVORA NEGRA;2021;;Renúncia — Art.3/3-A/39;0.0;696086.67;200000.0;0.0;1039668.43;1039668.43;0.0;0.0;0;0.0;0.0;0.0;0.0;0.0;0.0;0;0;0;0;;;;;0.0;;0;;0.0;;;;;;09.506.070/0001-90;;;;;;;;;;896086.67;;0.0
B2100290600000;REAÇÃO EM CADEIA;2021;;Renúncia — Art.3/3-A/39;0.0;3000000.0;0.0;0.0;3480696.0;3480696.0;56268.12;63993.72;60000;69613.92;63993.72;0.0;0.0184;0.0;0.0;0;0;0;0;;;;;3.858;adoro_critico|adoro_usuario;2;alta;;;;;;;11.660.296/0001-93;;;;;;;;;;3000000.0;;0.0388
B2100367200000;ROTAS;2021;;sem_categoria;0.0;3000000.0;0.0;0.0;3480696.0;3480696.0;0.0;0.0;60000;69613.92;0.0;0.0;0.0;0.0;0.0;0;0;0;0;;;;;0.0;;0;;;;;;;;02.669.022/0001-74;;;;;;;;;;3000000.0;;0.02
B2100339600000;SEGREDOS DO PUTUMAYO;2021;;Renúncia — Art.3/3-A/39;0.0;0.0;200000.0;0.0;232046.4;232046.4;19742.03;20536.04;60000;69613.92;20536.04;0.0;0.0885;0.0;0.0;0;0;0;0;;;;;3.4;adoro_usuario;1;baixa;;;;;;;02.919.018/0001-17;;;;;;;;;;200000.0;;0.3987
B2100201200000;SIMPLESMENTE MINAS - SEGUNDA TEMPORADA;2021;;sem_categoria;0.0;0.0;0.0;0.0;0.0;0.0;0.0;0.0;60000;69613.92;0.0;0.0;;0.0;0.0;0;0;0;0;;;;;0.0;;0;;0.0;;;;;;65.275.851/0001-92;;;;;;;;;;0.0;;
B2100359600000;SOCIEDADE DO CANSAÇO;2021;;Renúncia — Art.3/3-A/39;0.0;2685927.35;0.0;0.0;3116298.86;3116298.86;0.0;0.0;60000;69613.92;0.0;0.0;0.0;0.0;0.0;0;0;0;0;;;;;4.45;adoro_critico|adoro_usuario;2;media;2.0;2.0;2.0;Cadernos Pagu | Logos;;;06.945.371/0001-22;;;;;;;;;;2685927.35;;0.0223
B2100518800000;TEATRO UMA JANELA PARA A VIDA;2021;;Renúncia — Outros Mecanismos;0.0;0.0;180000.0;0.0;208841.76;208841.76;0.0;0.0;0;0.0;0.0;0.0;0.0;0.0;0.0;0;0;0;0;;;;;3.2;adoro_usuario;1;baixa;0.0;;;;;;08.215.198/0001-32;;;;;;;;;;180000.0;;0.0
B2100115400000;TIME DE FÁBRICA;2021;;Renúncia — Outros Mecanismos;0.0;0.0;71526.87;0.0;82987.76;82987.76;0.0;0.0;280000;324864.96;0.0;0.0;0.0;0.0;0.0;0;0;0;0;;;;;4.133;adoro_critico|adoro_usuario;2;media;;;;;;;24.856.310/0001-70;;;;;;;;;;71526.87;;3.9146
B2100496300000;TURMA DA MÔNICA: LIÇÕES;2021;;Renúncia — Art.3/3-A/39;0.0;3000000.0;440190.6;0.0;3991419.22;3991419.22;15806824.99;16553002.48;80000;92818.56;16553002.48;0.0;4.1471;2.0;10.0;0;0;0;0;;;;;4.068;adoro_critico|adoro_usuario;2;alta;20.0;4.0;2.0;Rebeca - Revista Brasileira de Estudos de Cinema e Audiovisual | Zenodo (CERN European Organization for Nuclear Research) | Resgate Revista Interdisciplinar de Cultura;Oscar;Q1162308;07.570.789/0001-65;;;;;;;;;;3440190.6;;4.618
B2100278800000;UM CASAL INSEPARÁVEL;2021;;Renúncia — Art.3/3-A/39;0.0;2719348.0;0.0;0.0;3155074.57;3155074.57;0.0;0.0;140000;162432.48;0.0;0.0;0.0;0.8;4.0;0;0;0;0;;;;;3.603;adoro_critico|adoro_usuario;2;alta;;;;;;;03.360.320/0001-40;;;;;;;;;;2719348.0;;0.0515
B2100073300000;UMA NOITE ANTES DO NATAL;2021;;Renúncia — Art.3/3-A/39;0.0;0.0;0.0;0.0;0.0;0.0;0.0;0.0;0;0.0;0.0;0.0;;0.0;0.0;0;0;0;0;;;;;4.277;adoro_critico|adoro_usuario;2;media;;;;;;;09.028.371/0001-56;;;;;;;;;;0.0;;
B2100315800000;VENTO NA FRONTEIRA;2021;;FSA Automático Festivais;0.0;0.0;252001.55;0.0;292380.26;292380.26;0.0;0.0;0;0.0;0.0;0.0;0.0;2.0;10.0;0;0;0;0;;;;;3.97;adoro_critico|adoro_usuario;2;alta;;;;;;;12.106.692/0001-36;;;;;;;;;;252001.55;;0.0
B2100281200000;VOCÊ NÃO É UM SOLDADO;2021;;Renúncia — Outros Mecanismos;0.0;0.0;696000.0;0.0;807521.47;807521.47;603.24;656.04;60000;69613.92;656.04;0.0;0.0008;0.0;0.0;0;0;0;0;;;;;4.0;adoro_usuario;1;baixa;3.0;2.0;1.0;;;;07.700.630/0001-18;;;;;;;;;;696000.0;;0.0871
B2100259600000;WANDERING HEART;2021;;Renúncia — Art.3/3-A/39;0.0;0.0;0.0;0.0;0.0;0.0;332.12;377.72;60000;69613.92;377.72;0.0;;3.4;17.0;0;0;0;0;;;;;0.0;;0;;;;;;;;05.387.293/0001-25;;;;;;;;;;0.0;;
B2200317100000;171;2022;;Renúncia — Art.3/3-A/39;0.0;0.0;32000.0;0.0;35095.39;35095.39;3021.76;3021.76;60000;65803.86;3021.76;0.0;0.0861;0.0;0.0;0;0;0;0;;;;;0.0;;0;;;;;;;;05.780.593/0001-70;;;;;;;;;;32000.0;;1.9694
B2200401100000;24 HORAS PARA REDECORAR – 2ª TEMPORADA;2022;;Renúncia — Art.3/3-A/39;0.0;2133934.24;0.0;0.0;2340351.83;2340351.83;0.0;0.0;60000;65803.86;0.0;0.0;0.0;0.0;0.0;0;0;0;0;;;;;0.0;;0;;;;;;;;63.053.185/0001-12;;;;;;;;;;2133934.24;;0.0281
B2200246300000;A METADE DE NÓS;2022;;sem_categoria;0.0;0.0;0.0;0.0;0.0;0.0;20734.84;20734.84;280000;307084.68;20734.84;0.0;;0.0;0.0;0;0;0;0;;;;;3.6;adoro_usuario;1;baixa;;;;;;;10.479.453/0001-04;;;;;;;;;;0.0;;
B2200398000000;ADEMÃ - A VIDA E AS NOTAS DE IBRAHIM SUED;2022;;Renúncia — Art.3/3-A/39;0.0;150000.0;0.0;0.0;164509.65;164509.65;974.1;1013.88;280000;307084.68;1013.88;0.0;0.0062;0.0;0.0;0;0;0;0;;;;;3.2;adoro_usuario;1;baixa;;;;;;;08.542.085/0001-41;;;;;;;;;;150000.0;;1.8732
B2200292500000;AEROPORTO - ÁREA RESTRITA (4A TEMPORADA);2022;;Renúncia — Art.3/3-A/39;0.0;2060478.75;0.0;0.0;2259790.92;2259790.92;0.0;0.0;60000;65803.86;0.0;0.0;0.0;0.0;0.0;0;0;0;0;;;;;0.0;;0;;;;;;;;07.627.467/0001-05;;;;;;;;;;2060478.75;;0.0291
B2200048000000;ALEMÃO 2;2022;;Renúncia — Art.3/3-A/39;0.0;3000000.0;0.0;0.0;3290193.0;3290193.0;766043.7;797327.16;280000;307084.68;797327.16;0.0;0.2423;0.8;4.0;0;0;0;0;;;;;3.5;adoro_usuario;1;baixa;;;;;;;05.387.293/0001-25;;;;;;;;;;3000000.0;;0.3487
B2300008100000;ANDANÇA - OS ENCONTROS E AS MEMÓRIAS DE BETH CARVALHO;2022;;Renúncia — Art.3/3-A/39;0.0;0.0;0.0;0.0;0.0;0.0;191236.72;193869.76;280000;307084.68;193869.76;0.0;;0.0;0.0;0;0;0;0;;;;;4.3;adoro_usuario;1;baixa;;;;;;;03.360.320/0001-40;;;;;;;;;;0.0;;
B2300041400000;ANDES EXTREMO;2022;;Renúncia — Art.3/3-A/39;0.0;1616122.64;0.0;0.0;1772451.8;1772451.8;0.0;0.0;60000;65803.86;0.0;0.0;0.0;0.0;0.0;0;0;0;0;;;;;0.0;;0;;;;;;;;05.606.825/0001-78;;;;;;;;;;1616122.64;;0.0371
B2300462200000;ANINHA - A INFÂNCIA DE CORA CORALINA;2022;;sem_categoria;0.0;300000.0;0.0;0.0;329019.3;329019.3;0.0;0.0;0;0.0;0.0;0.0;0.0;0.0;0.0;0;0;0;0;;;;;0.0;;0;;;;;;;;09.085.894/0001-34;;;;;;;;;;300000.0;;0.0
B2200280400000;APOIO CULTURAL;2022;;sem_categoria;0.0;0.0;0.0;0.0;0.0;0.0;0.0;0.0;0;0.0;0.0;0.0;;0.0;0.0;0;0;0;0;;;;;0.0;;0;;;;;;;;17.503.480/0001-06;;;;;;;;;;0.0;;
B2200154300000;ARQUEOLOGIA DO POETA;2022;;Renúncia — Outros Mecanismos;0.0;0.0;500000.0;0.0;548365.5;548365.5;0.0;0.0;120000;131607.72;0.0;0.0;0.0;0.0;0.0;0;0;0;0;;;;;0.0;;0;;;;;;;;27.651.181/0001-72;;;;;;;;;;500000.0;;0.24
B2200065100000;AYRTON MENINICES NO CORAÇÃO DO BRASIL;2022;;Renúncia — Outros Mecanismos;0.0;0.0;485839.62;0.0;532835.37;532835.37;0.0;0.0;0;0.0;0.0;0.0;0.0;0.0;0.0;0;0;0;0;;;;;4.3;adoro_usuario;1;baixa;;;;;;;14.022.519/0001-85;;;;;;;;;;485839.62;;0.0
B2200344300000;BELCHIOR - APENAS UM CORAÇÃO SELVAGEM;2022;;sem_categoria;0.0;0.0;0.0;0.0;0.0;0.0;46848.29;47493.32;60000;65803.86;47493.32;0.0;;0.0;0.0;0;0;0;0;;;;;3.905;adoro_critico|adoro_usuario;2;alta;0.0;;;;;;22.889.475/0001-13;;;;;;;;;;0.0;;
B2200422100000;BELEZA DA NOITE;2022;;Renúncia — Art.3/3-A/39;0.0;350000.0;0.0;0.0;383855.85;383855.85;0.0;0.0;80000;87738.48;0.0;0.0;0.0;0.0;0.0;0;0;0;0;;;;;4.0;adoro_usuario;1;baixa;0.0;;;;;;14.625.536/0001-07;;;;;;;;;;350000.0;;0.2286
B2200285200000;BEM-VINDA A QUIXERAMOBIM;2022;;Renúncia — Art.3/3-A/39;0.0;3000000.0;0.0;0.0;3290193.0;3290193.0;1403150.6;1459708.88;140000;153542.34;1459708.88;0.0;0.4437;1.1;5.5;0;0;0;0;;;;;3.948;adoro_critico|adoro_usuario;2;alta;;;;;;;02.140.164/0001-40;;;;;;;;;;3000000.0;;0.5144
B2200244600000;BIOCÊNTRICOS;2022;;Renúncia — Art.3/3-A/39;0.0;0.0;0.0;0.0;0.0;0.0;67321.13;68248.04;280000;307084.68;68248.04;0.0;;0.0;0.0;0;0;0;0;;;;;0.0;;0;;4.0;0.0;0.0;Dialnet (Universidad de la Rioja) | SHILAP Revista de lepidopterología | Revista Tempos e Espaços em Educação;;;09.225.539/0001-13;;;;;;;;;;0.0;;
B2200215800000;BOI BANDIDO;2022;;sem_categoria;0.0;0.0;350000.0;0.0;383855.85;383855.85;0.0;0.0;0;0.0;0.0;0.0;0.0;0.0;0.0;0;0;0;0;;;;;0.0;;0;;;;;;;;09.011.546/0001-12;;;;;;;;;;350000.0;;0.0
B2200085600000;BOSSA NOSSA;2022;;Renúncia — Art.3/3-A/39;0.0;350000.0;0.0;0.0;383855.85;383855.85;0.0;0.0;60000;65803.86;0.0;0.0;0.0;0.0;0.0;0;0;0;0;;;;;0.0;;0;;0.0;;;;;;28.629.780/0001-52;;;;;;;;;;350000.0;;0.1714
B2200042500000;BRASILEIRÍSSIMA;2022;;Renúncia — Art.3/3-A/39;0.0;300000.0;100000.0;0.0;438692.4;438692.4;1623.5;1689.8;280000;307084.68;1689.8;0.0;0.0039;0.0;0.0;0;0;0;0;;;;;0.0;;0;;0.0;;;;;;11.400.059/0001-93;;;;;;;;;;400000.0;;0.7041
B2200312700000;CARVÃO;2022;;FSA Automático Festivais;0.0;0.0;0.0;0.0;0.0;0.0;105106.53;109200.84;60000;65803.86;109200.84;0.0;;9.7;48.5;0;0;0;0;;;;;3.69;adoro_critico|adoro_usuario;2;alta;0.0;;;;;;52.858.982/0001-50;;;;;;;;;;0.0;;
B2200104100000;CIDADE MARAVILHOSA - A FUNDAÇÂO DA CIDADE DO RIO DE JANEIRO;2022;;Renúncia — Outros Mecanismos;0.0;0.0;613717.66;0.0;673083.18;673083.18;0.0;0.0;0;0.0;0.0;0.0;0.0;0.0;0.0;0;0;0;0;;;;;4.252;adoro_critico|adoro_usuario;2;alta;;;;;;;10.712.207/0001-42;;;;;;;;;;613717.66;;0.0
B2300472300000;CINCO MULHERES;2022;;sem_categoria;0.0;0.0;0.0;0.0;0.0;0.0;0.0;0.0;0;0.0;0.0;0.0;;0.0;0.0;0;0;0;0;;;;;0.0;;0;;;;;;;;01.009.824/0001-95;;;;;;;;;;0.0;;
B2200358600000;CON LIBERTAD NI OFENDO NI TEMO;2022;;sem_categoria;0.0;0.0;0.0;0.0;0.0;0.0;0.0;0.0;60000;65803.86;0.0;0.0;;0.0;0.0;0;0;0;0;;;;;0.0;;0;;12.0;0.0;0.0;LA Referencia (Red Federada de Repositorios Institucionales de Publicaciones Científicas) | Convergências estudos em Humanidades Digitais | Estudos da língua(gem);;;02.919.018/0001-17;;;;;;;;;;0.0;;
B2300000500000;DECOLA;2022;;sem_categoria;0.0;0.0;0.0;0.0;0.0;0.0;0.0;0.0;60000;65803.86;0.0;0.0;;0.0;0.0;0;0;0;0;;;;;0.0;;0;;0.0;;;;;;05.913.319/0001-21;;;;;;;;;;0.0;;
B2200246400000;DEPOIS DO FOGO - TECNOLOGIAS QUE MUDARAM E VÃO MUDAR O MUNDO;2022;;Renúncia — Outros Mecanismos;0.0;0.0;350000.0;0.0;383855.85;383855.85;0.0;0.0;280000;307084.68;0.0;0.0;0.0;0.0;0.0;0;0;0;0;;;;;4.5;adoro_usuario;1;baixa;6.0;4.0;4.0;Revista de Medicina y Cine | UCA Research Online (University for the Creative Arts) | Revista de Ciências Humanas;;;13.483.286/0001-55;;;;;;;;;;350000.0;;0.8
B2300442700000;DESCOSTURANDO COM HERCHCOVITCH;2022;;Renúncia — Art.3/3-A/39;0.0;3000000.0;0.0;0.0;3290193.0;3290193.0;0.0;0.0;60000;65803.86;0.0;0.0;0.0;0.0;0.0;0;0;0;0;;;;;0.0;;0;;;;;;;;06.177.126/0001-12;;;;;;;;;;3000000.0;;0.02
B2200184200000;DISSONANTES;2022;;Renúncia — Art.3/3-A/39;0.0;0.0;0.0;0.0;0.0;0.0;3036.9;3160.92;0;0.0;3160.92;0.0;;0.0;0.0;0;0;0;0;;;;;0.0;;0;;;;;;;;11.545.487/0001-04;;;;;;;;;;0.0;;
B2200257000000;DOLORES DURAN - O CORAÇÃO DA NOITE;2022;;sem_categoria;0.0;0.0;0.0;0.0;0.0;0.0;0.0;0.0;60000;65803.86;0.0;0.0;;0.0;0.0;0;0;0;0;;;;;3.89;adoro_critico|adoro_usuario;2;media;;;;;;;06.900.652/0001-69;;;;;;;;;;0.0;;
B2200247300000;ECONOMIA CIRCULAR;2022;;Renúncia — Outros Mecanismos;0.0;0.0;289085.1;0.0;317048.59;317048.59;0.0;0.0;60000;65803.86;0.0;0.0;0.0;0.0;0.0;0;0;0;0;;;;;0.0;;0;;6.0;4.0;4.0;Revista de Medicina y Cine | UCA Research Online (University for the Creative Arts) | Revista de Ciências Humanas;;;13.483.286/0001-55;;;;;;;;;;289085.1;;0.2076
B2200402400000;ENEIDA;2022;;sem_categoria;0.0;0.0;0.0;0.0;0.0;0.0;12883.77;13061.16;60000;65803.86;13061.16;0.0;;0.0;0.0;0;0;0;0;;;;;0.0;;0;;;;;;;;81.183.527/0001-09;;;;;;;;;;0.0;;
B2300485700000;ESQUADRÃO DO MAR AZUL;2022;;Renúncia — Art.3/3-A/39;0.0;0.0;0.0;0.0;0.0;0.0;0.0;0.0;140000;153542.34;0.0;0.0;;0.0;0.0;0;0;0;0;;;;;3.938;adoro_critico|adoro_usuario;2;media;;;;;;;03.274.384/0001-29;;;;;;;;;;0.0;;
B2200012700000;ESTRADEIRAS;2022;;sem_categoria;0.0;0.0;0.0;0.0;0.0;0.0;0.0;0.0;60000;65803.86;0.0;0.0;;0.0;0.0;0;0;0;0;;;;;0.0;;0;;0.0;;;;;;12.305.731/0001-24;;;;;;;;;;0.0;;
B2200105200000;EXPEDICIONÁRIOS DO BRASIL;2022;;Renúncia — Outros Mecanismos;0.0;0.0;711369.1;0.0;780180.54;780180.54;0.0;0.0;280000;307084.68;0.0;0.0;0.0;0.0;0.0;0;0;0;0;;;;;4.343;adoro_critico|adoro_usuario;2;media;;;;;;;03.228.054/0001-05;;;;;;;;;;711369.1;;0.3936
B2200412400000;FERVO;2022;;Renúncia — Art.3/3-A/39;0.0;2999999.98;0.0;0.0;3290192.98;3290192.98;232123.57;235319.56;0;0.0;235319.56;0.0;0.0715;0.0;0.0;0;0;0;0;;;;;0.0;;0;;7.0;0.0;0.0;LA Referencia (Red Federada de Repositorios Institucionales de Publicaciones Científicas) | Reciis | Revista FAMECOS;;;46.397.220/0001-00;;;;;;;;;;2999999.98;;0.0774
B2200313300000;FOME DE LUTA;2022;;Renúncia — Art.3/3-A/39;0.0;1621356.56;0.0;0.0;1778192.0;1778192.0;0.0;0.0;60000;65803.86;0.0;0.0;0.0;0.0;0.0;0;0;0;0;;;;;3.478;adoro_critico|adoro_usuario;2;media;;;;;;;10.899.485/0001-50;;;;;;;;;;1621356.56;;0.037
B2200310400000;FUJA SE FOR CAPAZ - 2ª TEMPORADA;2022;;Renúncia — Art.3/3-A/39;0.0;3000000.0;0.0;0.0;3290193.0;3290193.0;0.0;0.0;280000;307084.68;0.0;0.0;0.0;0.0;0.0;0;0;0;0;;;;;3.791;adoro_critico|adoro_usuario;2;alta;0.0;;;;;;23.964.115/0001-00;;;;;;;;;;3000000.0;;0.0933
B2200176000000;FUNK.DOC - POPULAR E PROIBIDO;2022;;Renúncia — Art.3/3-A/39;0.0;1866334.29;0.0;0.0;2046866.67;2046866.67;0.0;0.0;60000;65803.86;0.0;0.0;0.0;0.0;0.0;0;0;0;0;;;;;3.382;adoro_critico|adoro_usuario;2;media;;;;;Annecy;Q6701395;01.378.559/0001-12;;;;;;;;;;1866334.29;;0.0321
B2200325200000;GIGABLASTER 3ª TEMPORADA;2022;;Renúncia — Art.3/3-A/39;0.0;3000000.0;0.0;0.0;3290193.0;3290193.0;0.0;0.0;280000;307084.68;0.0;0.0;0.0;0.0;0.0;0;0;0;0;;;;;0.0;;0;;;;;;;;08.662.115/0001-53;;;;;;;;;;3000000.0;;0.0933
B2200169500000;GOLPE DE OURO;2022;;sem_categoria;0.0;0.0;0.0;0.0;0.0;0.0;0.0;0.0;60000;65803.86;0.0;0.0;;0.0;0.0;0;0;0;0;;;;;3.962;adoro_critico|adoro_usuario;2;alta;11.0;0.0;0.0;LA Referencia (Red Federada de Repositorios Institucionales de Publicaciones Científicas) | UNIFESP Institutional Repository (Universidade Federal de São Paulo) | Estudos da língua(gem);;;09.260.004/0001-83;;;;;;;;;;0.0;;
B2200423300000;GUIGNARD - MUNDO SEM CHÃO;2022;;sem_categoria;0.0;0.0;0.0;0.0;0.0;0.0;0.0;0.0;60000;65803.86;0.0;0.0;;0.0;0.0;0;0;0;0;;;;;0.0;;0;;;;;;;;13.891.678/0001-53;;;;;;;;;;0.0;;
B2200041000000;INCONVENIÊNCIAS HISTÓRICAS;2022;;sem_categoria;0.0;0.0;0.0;0.0;0.0;0.0;0.0;0.0;60000;65803.86;0.0;0.0;;0.0;0.0;0;0;0;0;;;;;0.0;;0;;;;;;;;04.661.796/0001-84;;;;;;;;;;0.0;;
B2200228000000;INDÚSTRIA 4.0;2022;;Renúncia — Outros Mecanismos;0.0;0.0;500000.0;0.0;548365.5;548365.5;0.0;0.0;280000;307084.68;0.0;0.0;0.0;0.0;0.0;0;0;0;0;;;;;4.091;adoro_critico|adoro_usuario;2;media;0.0;;;;;;13.483.286/0001-55;;;;;;;;;;500000.0;;0.56
B2200266000000;JAMBALAIA;2022;;Renúncia — Outros Mecanismos;0.0;0.0;200000.0;0.0;219346.2;219346.2;0.0;0.0;0;0.0;0.0;0.0;0.0;0.0;0.0;0;0;0;0;;;;;0.0;;0;;0.0;;;;;;26.694.889/0001-48;;;;;;;;;;200000.0;;0.0
B2200146200000;KOBRA - AUTO-RETRATO;2022;;Renúncia — Art.3/3-A/39;0.0;0.0;0.0;0.0;0.0;0.0;81425.62;84728.56;60000;65803.86;84728.56;0.0;;3.9;19.5;0;0;0;0;;;;;0.0;;0;;;;;;;;07.490.019/0001-02;;;;;;;;;;0.0;;
B2200171000000;LAMPZ;2022;;Renúncia — Outros Mecanismos;0.0;0.0;570000.0;0.0;625136.67;625136.67;0.0;0.0;0;0.0;0.0;0.0;0.0;0.0;0.0;0;0;0;0;;;;;0.0;;0;;0.0;;;;;;15.128.758/0001-87;;;;;;;;;;570000.0;;0.0
B2300048800000;LULINA E A LUA;2022;;Renúncia — Outros Mecanismos;0.0;0.0;200000.0;0.0;219346.2;219346.2;0.0;0.0;80000;87738.48;0.0;0.0;0.0;0.0;0.0;0;0;0;0;;;;;0.0;;0;;;;;;;;12.975.490/0001-20;;;;;;;;;;200000.0;;0.4
B2200507800000;MAPA DAS ESTRELAS;2022;;Renúncia — Art.3/3-A/39;0.0;1664943.2;0.0;0.0;1825994.82;1825994.82;0.0;0.0;60000;65803.86;0.0;0.0;0.0;0.0;0.0;0;0;0;0;;;;;4.4;adoro_usuario;1;baixa;;;;;;;16.104.588/0001-63;;;;;;;;;;1664943.2;;0.036
B2200210000000;MAPA DO POP - 3° TEMPORADA;2022;;Renúncia — Art.3/3-A/39;0.0;1706665.5;0.0;0.0;1871752.96;1871752.96;0.0;0.0;60000;65803.86;0.0;0.0;0.0;0.0;0.0;0;0;0;0;;;;;0.0;;0;;0.0;;;;;;04.957.105/0001-94;;;;;;;;;;1706665.5;;0.0352
B2200147500000;MAR BRASIL - 2ª TEMPORADA;2022;;Renúncia — Art.3/3-A/39;0.0;0.0;0.0;0.0;0.0;0.0;0.0;0.0;140000;153542.34;0.0;0.0;;0.0;0.0;0;0;0;0;;;;;0.0;;0;;;;;;;;04.069.379/0001-47;;;;;;;;;;0.0;;
B2200258900000;MARIA - NINGUÉM SABE QUEM SOU EU;2022;;Renúncia — Art.3/3-A/39;0.0;250000.0;0.0;0.0;274182.75;274182.75;390862.4;406824.32;280000;307084.68;406824.32;0.0;1.4838;0.0;0.0;0;0;0;0;;;;;0.0;;0;;1.0;0.0;0.0;Cadernos de arte e antropologia;;;09.535.973/0001-08;;;;;;;;;;250000.0;;2.6834
B2200409000000;MARIGHELLA - SÉRIE;2022;;Renúncia — Art.3/3-A/39;0.0;2000000.0;0.0;0.0;2193462.0;2193462.0;0.0;0.0;80000;87738.48;0.0;0.0;0.0;0.0;0.0;0;0;0;0;;;;;3.464;adoro_critico|adoro_usuario;2;alta;;;;;;;02.525.725/0001-29;;;;;;;;;;2000000.0;;0.04
B2200310600000;MENOS É DEMAIS - 3A TEMPORADA;2022;;Renúncia — Art.3/3-A/39;0.0;1578970.79;0.0;0.0;1731706.21;1731706.21;0.0;0.0;60000;65803.86;0.0;0.0;0.0;0.0;0.0;0;0;0;0;;;;;3.918;adoro_critico|adoro_usuario;2;media;;;;;;;01.894.553/0001-06;;;;;;;;;;1578970.79;;0.038
B2200173200000;MIND THE LIMITS;2022;;Renúncia — Art.3/3-A/39;0.0;0.0;0.0;0.0;0.0;0.0;0.0;0.0;0;0.0;0.0;0.0;;0.0;0.0;0;0;0;0;;;;;0.0;;0;;2.0;5.0;5.0;Bulletin of Hispanic Studies | Amsterdam University Press eBooks;;;07.639.947/0001-96;;;;;;;;;;0.0;;
B2200319900000;MOTO CONTÍNUO;2022;;sem_categoria;0.0;0.0;0.0;0.0;0.0;0.0;0.0;0.0;140000;153542.34;0.0;0.0;;0.0;0.0;0;0;0;0;;;;;0.0;;0;;;;;;;;05.509.414/0001-64;;;;;;;;;;0.0;;
B2200216000000;MULHERES DE ENCANTARIA;2022;;sem_categoria;0.0;0.0;0.0;0.0;0.0;0.0;0.0;0.0;60000;65803.86;0.0;0.0;;0.0;0.0;0;0;0;0;;;;;3.578;adoro_critico;1;media;;;;;;;19.668.184/0001-90;;;;;;;;;;0.0;;
B2300064700000;MULHERES NA LUTA - 2ª TEMPORADA;2022;;Renúncia — Art.3/3-A/39;0.0;2530800.0;0.0;0.0;2775606.81;2775606.81;0.0;0.0;280000;307084.68;0.0;0.0;0.0;0.0;0.0;0;0;0;0;;;;;0.0;;0;;0.0;;;;;;09.180.984/0001-04;;;;;;;;;;2530800.0;;0.1106
B2200351200000;MULHERES VS COVID-19;2022;;Renúncia — Art.3/3-A/39;0.0;80000.0;0.0;0.0;87738.48;87738.48;0.0;0.0;60000;65803.86;0.0;0.0;0.0;0.0;0.0;0;0;0;0;;;;;0.0;;0;;0.0;;;;;;18.675.219/0001-56;;;;;;;;;;80000.0;;0.75
B2300261300000;NA ESTRADA DO JIU JITSU 3ª TEMPORADA;2022;;Renúncia — Art.3/3-A/39;0.0;673259.44;0.0;0.0;738384.5;738384.5;0.0;0.0;60000;65803.86;0.0;0.0;0.0;0.0;0.0;0;0;0;0;;;;;3.7;adoro_usuario;1;baixa;0.0;;;;;;22.516.874/0001-39;;;;;;;;;;673259.44;;0.0891
B2200418100000;NA TERRA DOS BICHOS;2022;;Renúncia — Art.3/3-A/39;0.0;0.0;0.0;0.0;0.0;0.0;0.0;0.0;60000;65803.86;0.0;0.0;;0.0;0.0;0;0;0;0;;;;;4.223;adoro_critico|adoro_usuario;2;media;8.0;0.0;0.0;Revista Brasileira de Estudos da Presença;;;23.964.115/0001-00;;;;;;;;;;0.0;;
B2200397100000;NON DUCOR, DUCO!;2022;;Renúncia — Outros Mecanismos;0.0;0.0;562023.0;0.0;616388.05;616388.05;0.0;0.0;0;0.0;0.0;0.0;0.0;0.0;0.0;0;0;0;0;;;;;0.0;;0;;;;;;;;68.311.943/0001-79;;;;;;;;;;562023.0;;0.0
B2200351900000;NUNCA MAIS SEREI A MESMA;2022;;Renúncia — Outros Mecanismos;0.0;0.0;1320000.0;0.0;1447684.92;1447684.92;1699.9;1769.32;0;0.0;1769.32;0.0;0.0012;0.0;0.0;0;0;0;0;;;;;0.0;;0;;0.0;;;;;;27.920.016/0001-79;;;;;;;;;;1320000.0;;0.0013
B2200421500000;O AMOR DÁ VOLTAS;2022;;Renúncia — Art.3/3-A/39;0.0;0.0;940000.0;0.0;1030927.14;1030927.14;228036.55;237049.12;140000;153542.34;237049.12;0.0;0.2299;0.8;4.0;0;0;0;0;;;;;4.3;adoro_usuario;1;baixa;;;;;;;07.832.283/0001-87;;;;;;;;;;940000.0;;0.3915
B2200259600000;O COMEDY CLUBE;2022;;sem_categoria;0.0;0.0;0.0;0.0;0.0;0.0;0.0;0.0;0;0.0;0.0;0.0;;0.0;0.0;0;0;0;0;;;;;3.84;adoro_critico|adoro_usuario;2;media;0.0;;;;;;12.743.129/0001-79;;;;;;;;;;0.0;;
B2200228100000;O FUTURO DO TRABALHO;2022;;Renúncia — Outros Mecanismos;0.0;0.0;90000.0;0.0;98705.79;98705.79;0.0;0.0;60000;65803.86;0.0;0.0;0.0;0.0;0.0;0;0;0;0;;;;;4.38;adoro_critico|adoro_usuario;2;media;0.0;;;;;;13.483.286/0001-55;;;;;;;;;;90000.0;;0.6667
B2200070900000;O GRANDE IRMÃO - O DIA QUE DUROU 21 ANOS 2;2022;;Renúncia — Art.3/3-A/39;0.0;0.0;0.0;0.0;0.0;0.0;3113.3;3240.44;280000;307084.68;3240.44;0.0;;0.0;0.0;0;0;0;0;;;;;3.5;adoro_usuario;1;baixa;12.0;0.0;0.0;LA Referencia (Red Federada de Repositorios Institucionales de Publicaciones Científicas) | Convergências estudos em Humanidades Digitais | Estudos da língua(gem);;;06.247.686/0001-04;;;;;;;;;;0.0;;
B2200130100000;O PONTO FIRME;2022;;Renúncia — Art.3/3-A/39;0.0;0.0;375000.0;0.0;411274.12;411274.12;0.0;0.0;280000;307084.68;0.0;0.0;0.0;0.0;0.0;0;0;0;0;;;;;0.0;;0;;;;;;;;18.913.837/0001-97;;;;;;;;;;375000.0;;0.7467
B2200299800000;O VELHO FANTÁSTICO;2022;;sem_categoria;0.0;0.0;0.0;0.0;0.0;0.0;0.0;0.0;0;0.0;0.0;0.0;;0.0;0.0;0;0;0;0;;;;;3.75;adoro_critico;1;media;;;;;;;17.698.485/0001-31;;;;;;;;;;0.0;;
B2200324900000;OPERAÇÃO FRONTEIRA BRASIL - 1ª TEMPORADA;2022;;Renúncia — Art.3/3-A/39;0.0;4469198.39;0.0;0.0;4901508.42;4901508.42;0.0;0.0;60000;65803.86;0.0;0.0;0.0;0.0;0.0;0;0;0;0;;;;;3.566;adoro_critico|adoro_usuario;2;alta;;;;;;;02.947.857/0001-49;;;;;;;;;;4469198.39;;0.0134
B2200087900000;OSWALDO MASSAINI - UMA PAIXÃO PELO CINEMA;2022;;Renúncia — Art.3/3-A/39;0.0;3000000.0;0.0;0.0;3290193.0;3290193.0;0.0;0.0;280000;307084.68;0.0;0.0;0.0;0.0;0.0;0;0;0;0;;;;;0.0;;0;;0.0;;;;;;44.182.046/0001-44;;;;;;;;;;3000000.0;;0.0933
B2200458200000;OTTO: DE TRÁS P/ DIANTE;2022;;Renúncia — Art.3/3-A/39;0.0;0.0;619000.0;0.0;678876.49;678876.49;6731.28;6858.6;140000;153542.34;6858.6;0.0;0.0101;0.0;0.0;0;0;0;0;;;;;0.0;;0;;;;;;;;02.367.665/0001-63;;;;;;;;;;619000.0;;0.237
B2200185400000;PAGANDO CARO - O DIÁRIO DE UMA CRISE ANUNCIADA;2022;;Renúncia — Art.3/3-A/39;0.0;0.0;710200.0;0.0;778898.36;778898.36;0.0;0.0;0;0.0;0.0;0.0;0.0;0.0;0.0;0;0;0;0;;;;;3.864;adoro_critico|adoro_usuario;2;media;;;;;;;03.039.811/0001-94;;;;;;;;;;710200.0;;0.0
B2200452100000;PAPAYA BULL - SEGUNDA TEMPORADA;2022;;Renúncia — Art.3/3-A/39;0.0;2109262.7;0.0;0.0;2313293.79;2313293.79;0.0;0.0;0;0.0;0.0;0.0;0.0;0.0;0.0;0;0;0;0;;;;;0.0;;0;;0.0;;;;;;16.729.130/0001-08;;;;;;;;;;2109262.7;;0.0
B2200123900000;PELOS OLHOS DE LIDENBERG LEITE;2022;;sem_categoria;0.0;0.0;0.0;0.0;0.0;0.0;0.0;0.0;0;0.0;0.0;0.0;;0.0;0.0;0;0;0;0;;;;;3.61;adoro_critico|adoro_usuario;2;media;;;;;;;16.099.989/0001-72;;;;;;;;;;0.0;;
B2200376500000;PERICIA LAB;2022;;Renúncia — Art.3/3-A/39;0.0;1898333.59;0.0;0.0;2081961.3;2081961.3;0.0;0.0;60000;65803.86;0.0;0.0;0.0;0.0;0.0;0;0;0;0;;;;;0.0;;0;;;;;;;;06.177.126/0001-12;;;;;;;;;;1898333.59;;0.0316
B2200508100000;PERLIMPS;2022;;Renúncia — Art.3/3-A/39;0.0;0.0;0.0;0.0;0.0;0.0;63093.47;63953.96;60000;65803.86;63953.96;0.0;;15.02;0.0;64001;0;0;0;;;;;0.0;;0;;0.0;;;;;;02.238.621/0001-33;;;;;;;;;;0.0;;
B2200208300000;PERSPECTIVAS;2022;;Renúncia — Outros Mecanismos;0.0;0.0;100000.0;0.0;109673.1;109673.1;0.0;0.0;0;0.0;0.0;0.0;0.0;0.0;0.0;0;0;0;0;;;;;0.0;;0;;;;;;;;12.521.386/0001-66;;;;;;;;;;100000.0;;0.0
B2200178200000;PIRANGA, O HERÓI TACITURNO;2022;;Renúncia — Outros Mecanismos;0.0;0.0;100777.5;0.0;110525.81;110525.81;0.0;0.0;0;0.0;0.0;0.0;0.0;0.0;0.0;0;0;0;0;;;;;4.3;adoro_usuario;1;baixa;0.0;;;;;;22.791.682/0001-30;;;;;;;;;;100777.5;;0.0
B2200429300000;PROCURA-SE;2022;;Renúncia — Art.3/3-A/39;0.0;300000.0;0.0;0.0;329019.3;329019.3;38.2;39.76;60000;65803.86;39.76;0.0;0.0001;0.0;0.0;0;0;0;0;;;;;3.7;adoro_usuario;1;baixa;;;;;;;24.029.216/0001-48;;;;;;;;;;300000.0;;0.2001
B2200361900000;PRONTO, FALEI. E A HISTÓRIA DE COMO ISSO ACONTECEU;2022;;Renúncia — Art.3/3-A/39;0.0;0.0;0.0;0.0;0.0;0.0;450129.7;468511.96;60000;65803.86;468511.96;0.0;;0.0;0.0;0;0;0;0;;;;;4.075;adoro_critico;1;alta;;;;;;;02.947.857/0001-49;;;;;;;;;;0.0;;
B2200304100000;QUEM SALVA QUEM?;2022;;Renúncia — Art.3/3-A/39;0.0;1799305.79;0.0;0.0;1973354.44;1973354.44;0.0;0.0;60000;65803.86;0.0;0.0;0.0;0.0;0.0;0;0;0;0;;;;;0.0;;0;;1.0;0.0;0.0;Rebeca - Revista Brasileira de Estudos de Cinema e Audiovisual;;;23.957.635/0001-87;;;;;;;;;;1799305.79;;0.0333
B2200215900000;RAQUEL 1:1;2022;;Renúncia — Art.3/3-A/39;0.0;0.0;592046.26;0.0;649315.49;649315.49;23983.03;24313.24;60000;65803.86;24313.24;0.0;0.0374;2.7;13.5;0;0;0;0;;;;;3.83;adoro_critico;1;alta;;;;;;;16.835.137/0001-04;;;;;;;;;;592046.26;;0.1419
B2200157800000;RIOS VOADORES;2022;;Renúncia — Art.3/3-A/39;0.0;0.0;0.0;0.0;0.0;0.0;0.0;0.0;80000;87738.48;0.0;0.0;;0.0;0.0;0;0;0;0;;;;;0.0;;0;;;;;;;;01.486.085/0001-22;;;;;;;;;;0.0;;
B2200027600000;ROLÊ - HISTÓRIA DOS ROLEZINHOS;2022;;sem_categoria;0.0;0.0;0.0;0.0;0.0;0.0;0.0;0.0;60000;65803.86;0.0;0.0;;0.0;0.0;0;0;0;0;;;;;0.0;;0;;;;;;;;22.865.259/0001-38;;;;;;;;;;0.0;;
B2200417400000;SANGRE;2022;;sem_categoria;0.0;0.0;0.0;0.0;0.0;0.0;1470.7;1530.76;0;0.0;1530.76;0.0;;6.0;0.0;0;14;3;0;;;;;0.0;;0;;;;;;;;08.345.658/0001-47;;;;;;;;;;0.0;;
B2200343100000;SEM BLOQUEIO;2022;;Renúncia — Art.3/3-A/39;0.0;1425000.0;0.0;0.0;1562841.67;1562841.67;0.0;0.0;120000;131607.72;0.0;0.0;0.0;0.0;0.0;0;0;0;0;;;;;0.0;;0;;2.0;0.0;0.0;PerCursos | Revista FAMECOS;;;01.613.170/0001-04;;;;;;;;;;1425000.0;;0.0842
B2200166200000;SUBSOLO;2022;;Renúncia — Art.3/3-A/39;0.0;0.0;200000.0;0.0;219346.2;219346.2;0.0;0.0;280000;307084.68;0.0;0.0;0.0;0.0;0.0;0;0;0;0;;;;;0.0;;0;;0.0;;;;;;87.435.368/0001-60;;;;;;;;;;200000.0;;1.4
B2200370700000;TERRITÓRIO ANTÁRTICO;2022;;Renúncia — Art.3/3-A/39;0.0;284684.99;0.0;0.0;312222.85;312222.85;0.0;0.0;60000;65803.86;0.0;0.0;0.0;0.0;0.0;0;0;0;0;;;;;0.0;;0;;;;;;;;14.323.160/0001-86;;;;;;;;;;284684.99;;0.2108
B2200181800000;TOADA PARA JOSÉ SIQUEIRA;2022;;sem_categoria;0.0;0.0;0.0;0.0;0.0;0.0;2654.9;2763.32;60000;65803.86;2763.32;0.0;;0.0;0.0;0;0;0;0;;;;;0.0;;0;;0.0;;;;;;08.035.861/0001-17;;;;;;;;;;0.0;;
B2200343200000;TODOS OS INSCRITOS DE NESS;2022;;sem_categoria;0.0;0.0;0.0;0.0;0.0;0.0;0.0;0.0;0;0.0;0.0;0.0;;0.0;0.0;0;0;0;0;;;;;3.89;adoro_critico|adoro_usuario;2;media;0.0;;;;;;14.323.160/0001-86;;;;;;;;;;0.0;;
B2200066200000;TUCA ESPECIAL DIA DAS BRUXAS - UMA NOITE ARREPIANTE -  ANIMAÇÃO;2022;;Renúncia — Art.3/3-A/39;0.0;65000.0;25850.0;0.0;99638.01;99638.01;0.0;0.0;80000;87738.48;0.0;0.0;0.0;0.0;0.0;0;0;0;0;;;;;3.898;adoro_critico|adoro_usuario;2;media;0.0;;;;;;03.274.384/0001-29;;;;;;;;;;90850.0;;0.8806
B2200192800000;TUDO FÁCIL;2022;;Renúncia — Art.3/3-A/39;0.0;786730.0;0.0;0.0;862831.18;862831.18;0.0;0.0;60000;65803.86;0.0;0.0;0.0;0.0;0.0;0;0;0;0;;;;;0.0;;0;;;;;;;;27.102.439/0001-81;;;;;;;;;;786730.0;;0.0763
B2200424900000;TURISTA APRENDIZ;2022;;sem_categoria;0.0;0.0;0.0;0.0;0.0;0.0;0.0;0.0;0;0.0;0.0;0.0;;0.0;0.0;0;0;0;0;;;;;0.0;;0;;;;;;;;68.317.445/0001-33;;;;;;;;;;0.0;;
B2200154200000;UM BROTO LEGAL;2022;;Renúncia — Outros Mecanismos;0.0;0.0;400000.0;0.0;438692.4;438692.4;34713.36;36082.2;140000;153542.34;36082.2;0.0;0.0822;0.0;0.0;0;0;0;0;;;;;0.0;;0;;;;;;;;54.110.648/0001-40;;;;;;;;;;400000.0;;0.4368
B2300212500000;UM DIA CINCO ESTRELAS;2022;;Renúncia — Art.3/3-A/39;0.0;2547522.1;422000.0;0.0;3256766.94;3256766.94;348097.11;352889.88;60000;65803.86;352889.88;0.0;0.1084;0.0;0.0;0;0;0;0;;;;;4.123;adoro_critico|adoro_usuario;2;alta;;;;;;;12.580.503/0001-62;;;;;;;;;;2969522.1;;0.1374
B2200372100000;UM DIA DE CHEF - 3° TEMPORADA;2022;;Renúncia — Art.3/3-A/39;0.0;1456156.27;0.0;0.0;1597011.72;1597011.72;0.0;0.0;60000;65803.86;0.0;0.0;0.0;0.0;0.0;0;0;0;0;;;;;4.123;adoro_critico|adoro_usuario;2;alta;;;;;;;16.729.130/0001-08;;;;;;;;;;1456156.27;;0.0412
B2300040600000;UM DIA DE CHEF - 4º TEMPORADA;2022;;Renúncia — Art.3/3-A/39;0.0;1499200.65;0.0;0.0;1644219.83;1644219.83;0.0;0.0;60000;65803.86;0.0;0.0;0.0;0.0;0.0;0;0;0;0;;;;;4.123;adoro_critico|adoro_usuario;2;alta;;;;;;;16.729.130/0001-08;;;;;;;;;;1499200.65;;0.04
B2200462300000;UMA SENHORA PANELA;2022;;Renúncia — Art.3/3-A/39;0.0;0.0;0.0;0.0;0.0;0.0;0.0;0.0;60000;65803.86;0.0;0.0;;0.0;0.0;0;0;0;0;;;;;0.0;;0;;1.0;0.0;0.0;LA Referencia (Red Federada de Repositorios Institucionales de Publicaciones Científicas);;;24.068.532/0001-29;;;;;;;;;;0.0;;
B2200325300000;VAMOS BRINCAR COM A TURMA DA MÔNICA - 1ª TEMPORADA;2022;;Renúncia — Art.3/3-A/39;0.0;3000000.0;0.0;0.0;3290193.0;3290193.0;0.0;0.0;280000;307084.68;0.0;0.0;0.0;0.0;0.0;0;0;0;0;;;;;3.9;adoro_usuario;1;baixa;1.0;1.0;1.0;;;;08.267.787/0001-64;;;;;;;;;;3000000.0;;0.0933
B2200292800000;VENCER NA VIDA;2022;;Renúncia — Outros Mecanismos;0.0;0.0;600000.0;0.0;658038.6;658038.6;0.0;0.0;0;0.0;0.0;0.0;0.0;0.0;0.0;0;0;0;0;;;;;3.2;adoro_usuario;1;baixa;;;;;;;06.814.372/0001-38;;;;;;;;;;600000.0;;0.0
B2200073700000;VIRAR MAR;2022;;sem_categoria;0.0;0.0;0.0;0.0;0.0;0.0;7124.3;7415.24;0;0.0;7415.24;0.0;;0.0;0.0;0;0;0;0;;;;;0.0;;0;;9.0;6.0;4.0;Aniki Revista Portuguesa da Imagem em Movimento | E-Compós | Anthrovision;;;16.894.643/0001-66;;;;;;;;;;0.0;;
B2200346400000;VOTOS;2022;;Renúncia — Art.3/3-A/39;0.0;150000.0;0.0;0.0;164509.65;164509.65;4989.88;4989.88;280000;307084.68;4989.88;0.0;0.0303;0.0;0.0;0;0;0;0;;;;;0.0;;0;;0.0;;;;;;68.593.466/0001-81;;;;;;;;;;150000.0;;1.8999
B2200226900000;WHERE BEAUTY REIGNS;2022;;Renúncia — Art.3/3-A/39;0.0;0.0;0.0;0.0;0.0;0.0;0.0;0.0;0;0.0;0.0;0.0;;0.0;0.0;0;0;0;0;;;;;0.0;;0;;0.0;;;;;;04.000.017/0001-08;;;;;;;;;;0.0;;
B2300211800000;#DEIXAELA;2023;;Renúncia — Art.3/3-A/39;0.0;950000.0;0.0;0.0;995885.0;995885.0;0.0;0.0;60000;62898.0;0.0;0.0;0.0;0.0;0.0;0;0;0;0;;;;;0.0;;0;;0.0;;;;;;34.878.582/0001-25;;;;;;;;;;950000.0;;0.0632
B2300290700000;24 HORAS PARA REDECORAR – 3ª TEMPORADA;2023;;Renúncia — Art.3/3-A/39;0.0;2133934.24;0.0;0.0;2237003.26;2237003.26;0.0;0.0;60000;62898.0;0.0;0.0;0.0;0.0;0.0;0;0;0;0;;;;;0.0;;0;;;;;;;;63.053.185/0001-12;;;;;;;;;;2133934.24;;0.0281
B2300399100000;A CHAVE TERCEIRA TEMPORADA;2023;;sem_categoria;0.0;0.0;0.0;0.0;0.0;0.0;0.0;0.0;80000;83864.0;0.0;0.0;;0.0;0.0;0;0;0;0;;;;;0.0;;0;;0.0;;;;;;05.791.137/0001-25;;;;;;;;;;0.0;;
B2300302500000;A ERA DOS HUMANOS;2023;;Renúncia — Outros Mecanismos;0.0;0.0;1950000.0;0.0;2044185.0;2044185.0;196.1;198.8;0;0.0;198.8;0.0;0.0001;0.0;0.0;0;0;0;0;;;;;4.11;adoro_critico;1;media;;;;;;;14.215.563/0001-01;;;;;;;;;;1950000.0;;0.0001
B2300419800000;A FLOR DA IDADE;2023;;Renúncia — Art.3/3-A/39;0.0;450000.0;0.0;0.0;471735.0;471735.0;0.0;0.0;80000;83864.0;0.0;0.0;0.0;0.0;0.0;0;0;0;0;;;;;3.985;adoro_critico|adoro_usuario;2;media;0.0;;;;;;13.631.016/0001-44;;;;;;;;;;450000.0;;0.1778
B2300570500000;A FLOR DO BURITI;2023;;sem_categoria;0.0;0.0;0.0;0.0;0.0;0.0;85429.12;85444.24;0;0.0;85444.24;0.0;;8.0;0.0;0;13;4;0;;;;;0.0;;0;;;;;;;;16.957.757/0001-08;;;;;;;;;;0.0;;
B2300444900000;A HERANÇA;2023;;Renúncia — Art.3/3-A/39;0.0;2859880.0;0.0;0.0;2998012.2;2998012.2;50475.32;50475.32;60000;62898.0;50475.32;0.0;0.0168;0.0;0.0;0;0;0;0;;;;;3.152;adoro_critico|adoro_usuario;2;alta;;;;;;;14.440.714/0001-25;;;;;;;;;;2859880.0;;0.0386
B2300352800000;A ONDA;2023;;Renúncia — Art.3/3-A/39;0.0;1425000.0;0.0;0.0;1493827.5;1493827.5;0.0;0.0;120000;125796.0;0.0;0.0;0.0;0.0;0.0;0;0;0;0;;;;;3.0;adoro_usuario;1;baixa;0.0;;;;;;09.174.621/0001-66;;;;;;;;;;1425000.0;;0.0842
B2300149300000;A VIRADA;2023;;Renúncia — Art.3/3-A/39;0.0;2100000.0;0.0;0.0;2201430.0;2201430.0;0.0;0.0;120000;125796.0;0.0;0.0;0.0;0.0;0.0;0;0;0;0;;;;;3.716;adoro_critico|adoro_usuario;2;alta;;;;;;;26.851.408/0001-60;;;;;;;;;;2100000.0;;0.0571
B2300472000000;ABERTO PARA COMPRAS;2023;;Renúncia — Art.3/3-A/39;0.0;2240011.38;0.0;0.0;2348203.93;2348203.93;0.0;0.0;60000;62898.0;0.0;0.0;0.0;0.0;0.0;0;0;0;0;;;;;0.0;;0;;0.0;;;;;;01.894.553/0001-06;;;;;;;;;;2240011.38;;0.0268
B2300403800000;ACENDE A LUZ;2023;;Renúncia — Art.3/3-A/39;0.0;1047445.3;0.0;0.0;1098036.91;1098036.91;0.0;0.0;60000;62898.0;0.0;0.0;0.0;0.0;0.0;0;0;0;0;;;;;4.2;adoro_usuario;1;baixa;;;;;;;06.323.379/0001-57;;;;;;;;;;1047445.3;;0.0573
B2300457700000;AEROPORTO - ÁREA RESTRITA (5A TEMPORADA);2023;;Renúncia — Art.3/3-A/39;0.0;2562153.06;0.0;0.0;2685905.05;2685905.05;0.0;0.0;60000;62898.0;0.0;0.0;0.0;0.0;0.0;0;0;0;0;;;;;0.0;;0;;;;;;;;07.627.467/0001-05;;;;;;;;;;2562153.06;;0.0234
B2300397500000;"AGUDÁS OS ""BRASILEIROS"" DO BENIN";2023;;sem_categoria;0.0;0.0;0.0;0.0;0.0;0.0;0.0;0.0;60000;62898.0;0.0;0.0;;0.0;0.0;0;0;0;0;;;;;0.0;;0;;0.0;;;;;;01.456.361/0001-00;;;;;;;;;;0.0;;
B2300379300000;AINDA SOMOS OS MESMOS;2023;;sem_categoria;0.0;0.0;0.0;0.0;0.0;0.0;80176.04;80176.04;0;0.0;80176.04;0.0;;0.0;0.0;0;0;0;0;;;;;0.0;;0;;;;;;;;05.270.790/0001-49;;;;;;;;;;0.0;;
B2300041200000;ALGO NO ESPAÇO;2023;;sem_categoria;0.0;0.0;0.0;0.0;0.0;0.0;0.0;0.0;60000;62898.0;0.0;0.0;;0.0;0.0;0;0;0;0;;;;;4.3;adoro_usuario;1;baixa;;;;;;;09.019.897/0001-70;;;;;;;;;;0.0;;
B2300319100000;ALTA ESTIMA;2023;;Renúncia — Art.3/3-A/39;0.0;2976478.65;0.0;0.0;3120242.57;3120242.57;0.0;0.0;60000;62898.0;0.0;0.0;0.0;0.0;0.0;0;0;0;0;;;;;0.0;;0;;0.0;;;;;;13.188.290/0001-90;;;;;;;;;;2976478.65;;0.0202
B2300204800000;ALÉM DO APOSENTO;2023;;Renúncia — Outros Mecanismos;0.0;0.0;500000.0;0.0;524150.0;524150.0;0.0;0.0;0;0.0;0.0;0.0;0.0;0.0;0.0;0;0;0;0;;;;;4.6;adoro_usuario;1;baixa;;;;;;;07.867.455/0001-58;;;;;;;;;;500000.0;;0.0
B2300491700000;AMADEU;2023;;sem_categoria;0.0;0.0;0.0;0.0;0.0;0.0;0.0;0.0;80000;83864.0;0.0;0.0;;0.0;0.0;0;0;0;0;;;;;0.0;;0;;0.0;;;;;;14.637.918/0001-50;;;;;;;;;;0.0;;
B2300561600000;AMAZING RIDERS;2023;;Renúncia — Art.3/3-A/39;0.0;1899341.8;0.0;0.0;1991080.01;1991080.01;0.0;0.0;120000;125796.0;0.0;0.0;0.0;0.0;0.0;0;0;0;0;;;;;0.0;;0;;;;;;;;05.260.263/0001-53;;;;;;;;;;1899341.8;;0.0632
B2300365100000;AMERYKA;2023;;sem_categoria;0.0;0.0;0.0;0.0;0.0;0.0;0.0;0.0;0;0.0;0.0;0.0;;0.0;0.0;0;0;0;0;;;;;0.0;;0;;;;;;;;12.709.052/0001-10;;;;;;;;;;0.0;;
B2300526900000;AMO TE IMENSO;2023;;Renúncia — Art.3/3-A/39;0.0;0.0;0.0;0.0;0.0;0.0;0.0;0.0;60000;62898.0;0.0;0.0;;2.0;0.0;0;2;1;0;;;;;4.193;adoro_critico|adoro_usuario;2;media;;;;;;;26.694.889/0001-48;;;;;;;;;;0.0;;
B2300517800000;ARTE DA DIPLOMACIA;2023;;sem_categoria;0.0;0.0;0.0;0.0;0.0;0.0;0.0;0.0;60000;62898.0;0.0;0.0;;0.0;0.0;0;0;0;0;;;;;3.9;adoro_usuario;1;baixa;;;;;;;10.780.165/0001-87;;;;;;;;;;0.0;;
B2300408400000;ASTRONAUTA;2023;;Renúncia — Art.3/3-A/39;0.0;5404850.99;0.0;0.0;5665905.29;5665905.29;0.0;0.0;60000;62898.0;0.0;0.0;0.0;0.0;0.0;0;0;0;0;;;;;2.6;adoro_usuario;1;baixa;;;;;;;47.257.902/0001-71;;;;;;;;;;5404850.99;;0.0111
B2300374600000;ATO FINAL;2023;;sem_categoria;0.0;0.0;0.0;0.0;0.0;0.0;7844.0;7952.0;60000;62898.0;7952.0;0.0;;0.0;0.0;0;0;0;0;;;;;0.0;;0;;;;;;;;26.671.292/0001-88;;;;;;;;;;0.0;;
B2300149000000;AUTO POSTO - 2ª TEMPORADA;2023;;Renúncia — Art.3/3-A/39;0.0;0.0;0.0;0.0;0.0;0.0;0.0;0.0;60000;62898.0;0.0;0.0;;0.0;0.0;0;0;0;0;;;;;0.0;;0;;;;;;;;18.883.243/0001-80;;;;;;;;;;0.0;;
B2300408800000;BELEZA GG -3A.TEMPORADA;2023;;Renúncia — Art.3/3-A/39;0.0;3400051.27;0.0;0.0;3564273.75;3564273.75;0.0;0.0;60000;62898.0;0.0;0.0;0.0;0.0;0.0;0;0;0;0;;;;;0.0;;0;;0.0;;;;;;09.719.793/0001-78;;;;;;;;;;3400051.27;;0.0176
B2300147900000;BEM-VINDA VIOLETA;2023;;Renúncia — Art.3/3-A/39;0.0;0.0;0.0;0.0;0.0;0.0;90519.76;91766.08;280000;293524.0;91766.08;0.0;;0.0;0.0;0;0;0;0;;;;;3.948;adoro_critico|adoro_usuario;2;media;;;;;;;07.570.789/0001-65;;;;;;;;;;0.0;;
B2300418300000;BLACK TO BLACK;2023;;Renúncia — Art.3/3-A/39;0.0;546500.0;0.0;0.0;572895.95;572895.95;0.0;0.0;60000;62898.0;0.0;0.0;0.0;0.0;0.0;0;0;0;0;;;;;3.862;adoro_critico|adoro_usuario;2;alta;3.0;1.0;1.0;arXiv (Cornell University) | Arts et sciences;;;11.086.688/0001-90;;;;;;;;;;546500.0;;0.1098
B2300109000000;BR 21;2023;;sem_categoria;0.0;0.0;0.0;0.0;0.0;0.0;0.0;0.0;0;0.0;0.0;0.0;;0.0;0.0;0;0;0;0;;;;;0.0;;0;;;;;;;;25.278.158/0001-59;;;;;;;;;;0.0;;
B2300180000000;BR CANADÁ;2023;;sem_categoria;0.0;0.0;0.0;0.0;0.0;0.0;0.0;0.0;60000;62898.0;0.0;0.0;;0.0;0.0;0;0;0;0;;;;;0.0;;0;;;;;;;;57.643.793/0001-84;;;;;;;;;;0.0;;
B2300532700000;BRASIL 2050 - 3ª TEMPORADA;2023;;Renúncia — Outros Mecanismos;0.0;0.0;1100000.0;0.0;1153130.0;1153130.0;0.0;0.0;120000;125796.0;0.0;0.0;0.0;0.0;0.0;0;0;0;0;;;;;0.0;;0;;;;;;;;06.096.915/0001-29;;;;;;;;;;1100000.0;;0.1091
B2300527200000;BRAVA MENTE;2023;;Renúncia — Art.3/3-A/39;0.0;0.0;0.0;0.0;0.0;0.0;0.0;0.0;60000;62898.0;0.0;0.0;;0.0;0.0;0;0;0;0;;;;;0.0;;0;;;;;;;;04.827.617/0001-36;;;;;;;;;;0.0;;
B2300464100000;CAMPO DE QUEM?;2023;;sem_categoria;0.0;0.0;0.0;0.0;0.0;0.0;0.0;0.0;80000;83864.0;0.0;0.0;;0.0;0.0;0;0;0;0;;;;;3.133;adoro_critico|adoro_usuario;2;media;;;;;;;16.423.018/0001-36;;;;;;;;;;0.0;;
B2300208600000;CANADÁ RADICAL;2023;;sem_categoria;0.0;0.0;0.0;0.0;0.0;0.0;0.0;0.0;60000;62898.0;0.0;0.0;;0.0;0.0;0;0;0;0;;;;;0.0;;0;;;;;;;;57.643.793/0001-84;;;;;;;;;;0.0;;
B2300295600000;CAPIVARA - ARTE RUPESTRE NO SUL DO PIAUÍ;2023;;Renúncia — Outros Mecanismos;0.0;0.0;407000.0;0.0;426658.1;426658.1;0.0;0.0;0;0.0;0.0;0.0;0.0;0.0;0.0;0;0;0;0;;;;;4.3;adoro_usuario;1;baixa;1.0;0.0;0.0;SHILAP Revista de lepidopterología;;;44.154.342/0001-31;;;;;;;;;;407000.0;;0.0
B2300565500000;CARA A CARA;2023;;Renúncia — Art.3/3-A/39;0.0;2719106.24;0.0;0.0;2850439.07;2850439.07;0.0;0.0;120000;125796.0;0.0;0.0;0.0;0.0;0.0;0;0;0;0;;;;;0.0;;0;;;;;;;;26.851.408/0001-60;;;;;;;;;;2719106.24;;0.0441
B2300289200000;CAÇADORES DOS VENTOS - NO LIMITE;2023;;Renúncia — Outros Mecanismos;0.0;0.0;1438877.58;0.0;1508375.37;1508375.37;0.0;0.0;280000;293524.0;0.0;0.0;0.0;0.0;0.0;0;0;0;0;;;;;3.0;adoro_usuario;1;baixa;;;;;;;04.350.398/0001-47;;;;;;;;;;1438877.58;;0.1946
B2300184700000;CHUTEIRA PRETA - JOGOS ILEGAIS;2023;;Renúncia — Art.3/3-A/39;0.0;0.0;0.0;0.0;0.0;0.0;0.0;0.0;60000;62898.0;0.0;0.0;;0.0;0.0;0;0;0;0;;;;;0.0;;0;;;;;;;;05.270.790/0001-49;;;;;;;;;;0.0;;
B2300103400000;COISA DE MENINO;2023;;Renúncia — Art.3/3-A/39;0.0;965527.75;0.0;0.0;1012162.74;1012162.74;0.0;0.0;60000;62898.0;0.0;0.0;0.0;0.0;0.0;0;0;0;0;;;;;4.128;adoro_critico|adoro_usuario;2;media;;;;;;;07.988.992/0001-56;;;;;;;;;;965527.75;;0.0621
B2300043900000;COMADRES;2023;;Renúncia — Art.3/3-A/39;0.0;350000.0;0.0;0.0;366905.0;366905.0;0.0;0.0;80000;83864.0;0.0;0.0;0.0;0.0;0.0;0;0;0;0;;;;;0.0;;0;;;;;;;;22.971.615/0001-06;;;;;;;;;;350000.0;;0.2286
B2300056300000;COMPANHIAS DO TEATRO BRASILEIRO - 1A TEMPORADA;2023;;sem_categoria;0.0;0.0;0.0;0.0;0.0;0.0;0.0;0.0;60000;62898.0;0.0;0.0;;0.0;0.0;0;0;0;0;;;;;0.0;;0;;;;;;;;03.987.306/0001-71;;;;;;;;;;0.0;;
B2300443400000;CONDOR;2023;;Renúncia — Outros Mecanismos;0.0;0.0;890000.0;0.0;932987.0;932987.0;0.0;0.0;0;0.0;0.0;0.0;0.0;0.0;0.0;0;0;0;0;;;;;3.828;adoro_critico|adoro_usuario;2;alta;;;;;;;13.931.232/0001-05;;;;;;;;;;890000.0;;0.0
B2300397200000;CÉU ABERTO;2023;;sem_categoria;0.0;0.0;0.0;0.0;0.0;0.0;0.0;0.0;0;0.0;0.0;0.0;;0.0;0.0;0;0;0;0;;;;;0.0;;0;;0.0;;;;;;06.255.414/0001-48;;;;;;;;;;0.0;;
B2300212000000;DE FRENTE PRO MAR;2023;;sem_categoria;0.0;0.0;0.0;0.0;0.0;0.0;0.0;0.0;60000;62898.0;0.0;0.0;;0.0;0.0;0;0;0;0;;;;;4.0;adoro_usuario;1;baixa;1.0;0.0;0.0;Ars Longa Cuadernos de arte;;;09.084.382/0001-53;;;;;;;;;;0.0;;
B2300222400000;DE PAI PARA FILHO;2023;;Renúncia — Art.3/3-A/39;0.0;1250000.0;0.0;0.0;1310375.0;1310375.0;0.0;0.0;0;0.0;0.0;0.0;0.0;0.0;0.0;0;0;0;0;;;;;3.629;adoro_critico;1;alta;;;;;;;15.096.101/0001-85;;;;;;;;;;1250000.0;;0.0
B2300376600000;DE VOCÊ FIZ MEU SAMBA;2023;;sem_categoria;0.0;0.0;0.0;0.0;0.0;0.0;1809.08;1809.08;200000;209660.0;1809.08;0.0;;0.0;0.0;0;0;0;0;;;;;4.2;adoro_usuario;1;baixa;;;;;;;09.180.984/0001-04;;;;;;;;;;0.0;;
B2400284000000;DE VOLTA AO PARAÍSO;2023;;Renúncia — Art.3/3-A/39;0.0;400000.0;0.0;0.0;419320.0;419320.0;0.0;0.0;60000;62898.0;0.0;0.0;0.0;0.0;0.0;0;0;0;0;;;;;3.84;adoro_critico|adoro_usuario;2;alta;0.0;;;;;;20.840.042/0001-48;;;;;;;;;;400000.0;;0.15
B2300148800000;DESTINO: FICÇÃO - 2ª TEMPORADA;2023;;sem_categoria;0.0;0.0;0.0;0.0;0.0;0.0;0.0;0.0;0;0.0;0.0;0.0;;0.0;0.0;0;0;0;0;;;;;0.0;;0;;;;;;;;04.650.621/0001-71;;;;;;;;;;0.0;;
B2300404500000;DIRETORES DE ARTE;2023;;sem_categoria;0.0;0.0;0.0;0.0;0.0;0.0;0.0;0.0;60000;62898.0;0.0;0.0;;0.0;0.0;0;0;0;0;;;;;3.413;adoro_critico|adoro_usuario;2;media;;;;;;;29.269.719/0001-04;;;;;;;;;;0.0;;
B2300517000000;DIÁRIO DE UMA ONÇA;2023;;Renúncia — Art.3/3-A/39;0.0;0.0;0.0;0.0;0.0;0.0;0.0;0.0;0;0.0;0.0;0.0;;0.0;0.0;0;0;0;0;;;;;4.412;adoro_critico|adoro_usuario;2;media;0.0;;;;;;13.066.775/0001-01;;;;;;;;;;0.0;;
B2300200500000;DO AMOR E DE LUTA;2023;;Renúncia — Art.3/3-A/39;0.0;2782937.25;0.0;0.0;2917353.12;2917353.12;0.0;0.0;60000;62898.0;0.0;0.0;0.0;0.0;0.0;0;0;0;0;;;;;4.3;adoro_usuario;1;baixa;;;;;;;07.988.992/0001-56;;;;;;;;;;2782937.25;;0.0216
B2300338100000;DOS SAMURAIS AO MMA 500 ANOS DE LUTA;2023;;Renúncia — Art.3/3-A/39;0.0;0.0;0.0;0.0;0.0;0.0;0.0;0.0;60000;62898.0;0.0;0.0;;0.0;0.0;0;0;0;0;;;;;3.478;adoro_critico|adoro_usuario;2;media;0.0;;;;;;09.322.209/0001-46;;;;;;;;;;0.0;;
B2300276500000;DOSSIÊ DA LAMA;2023;;sem_categoria;0.0;0.0;0.0;0.0;0.0;0.0;0.0;0.0;60000;62898.0;0.0;0.0;;0.0;0.0;0;0;0;0;;;;;0.0;;0;;;;;;;;74.425.067/0001-04;;;;;;;;;;0.0;;
B2300316900000;ELE NÃO SABIA HISTÓRIAS;2023;;Renúncia — Art.3/3-A/39;0.0;0.0;0.0;0.0;0.0;0.0;0.0;0.0;0;0.0;0.0;0.0;;0.0;0.0;0;0;0;0;;;;;0.0;;0;;;;;;;;08.345.658/0001-47;;;;;;;;;;0.0;;
B2300396300000;EMPIRION: UMA AVENTURA COM EINSTEIN;2023;;Renúncia — Art.3/3-A/39;0.0;0.0;0.0;0.0;0.0;0.0;42264.88;42264.88;0;0.0;42264.88;0.0;;0.0;0.0;0;0;0;0;;;;;4.3;adoro_usuario;1;baixa;;;;;;;07.337.401/0001-80;;;;;;;;;;0.0;;
B2300125800000;ENSINANDO COMO APRECIAR VINHOS;2023;;Renúncia — Outros Mecanismos;0.0;0.0;194578.39;0.0;203976.53;203976.53;0.0;0.0;60000;62898.0;0.0;0.0;0.0;0.0;0.0;0;0;0;0;;;;;0.0;;0;;;;;;;;13.483.286/0001-55;;;;;;;;;;194578.39;;0.3084
B2300312800000;ESTRANHAS COTOVELADAS;2023;;Renúncia — Outros Mecanismos;0.0;0.0;500120.34;0.0;524276.15;524276.15;4254.32;4254.32;60000;62898.0;4254.32;0.0;0.0081;0.0;0.0;0;0;0;0;;;;;0.0;;0;;;;;;;;57.312.878/0001-80;;;;;;;;;;500120.34;;0.1285
B2300321400000;EU DEVERIA ESTAR FELIZ;2023;;Renúncia — Art.3/3-A/39;0.0;1001100.0;0.0;0.0;1049453.13;1049453.13;0.0;0.0;60000;62898.0;0.0;0.0;0.0;0.0;0.0;0;0;0;0;;;;;0.0;;0;;0.0;;;;;;12.081.251/0001-27;;;;;;;;;;1001100.0;;0.0599
B2300343000000;EU SOU MARIA;2023;;Renúncia — Art.3/3-A/39;0.0;426502.5;0.0;0.0;447102.57;447102.57;10747.63;10894.24;140000;146762.0;10894.24;0.0;0.0244;0.0;0.0;0;0;0;0;;;;;4.123;adoro_critico|adoro_usuario;2;media;4.0;1.0;1.0;Revista Cientí­fica/FAP | Teknokultura Revista de Cultura Digital y Movimientos Sociales | Esferas;;;02.597.024/0001-03;;;;;;;;;;426502.5;;0.3535
B2300288500000;EUCLYDES;2023;;sem_categoria;0.0;0.0;0.0;0.0;0.0;0.0;0.0;0.0;60000;62898.0;0.0;0.0;;0.0;0.0;0;0;0;0;;;;;0.0;;0;;;;;;;;11.721.296/0001-56;;;;;;;;;;0.0;;
B2300549900000;EXPEDIÇÃO PICO DE JACA;2023;;sem_categoria;0.0;0.0;0.0;0.0;0.0;0.0;0.0;0.0;140000;146762.0;0.0;0.0;;0.0;0.0;0;0;0;0;;;;;0.0;;0;;0.0;;;;;;07.929.498/0001-10;;;;;;;;;;0.0;;
B2300362800000;EXPERIÊNCIA DE MESTRE;2023;;Renúncia — Art.3/3-A/39;0.0;2998052.23;0.0;0.0;3142858.15;3142858.15;0.0;0.0;60000;62898.0;0.0;0.0;0.0;0.0;0.0;0;0;0;0;;;;;4.133;adoro_critico|adoro_usuario;2;media;7.0;0.0;0.0;LÍBERO. ISSN impresso: 1517-3283 / ISSN online: 2525-3166 | Palgrave studies in adaptation and visual culture | Scientific Repository of Open Access of Portugal (RCAAP);;;02.947.857/0001-49;;;;;;;;;;2998052.23;;0.02
B2300194000000;FAZ TEU CORRE;2023;;Renúncia — Art.3/3-A/39;0.0;600000.0;0.0;0.0;628980.0;628980.0;0.0;0.0;60000;62898.0;0.0;0.0;0.0;0.0;0.0;0;0;0;0;;;;;0.0;;0;;;;;;;;29.219.840/0001-21;;;;;;;;;;600000.0;;0.1
B2300552400000;FIEBRE;2023;;sem_categoria;0.0;0.0;0.0;0.0;0.0;0.0;159.04;159.04;0;0.0;159.04;0.0;;0.0;0.0;0;0;0;0;;;;;0.0;;0;;;;;;;;09.397.798/0001-21;;;;;;;;;;0.0;;
B2300212100000;FIGHT CLASSICS;2023;;Renúncia — Art.3/3-A/39;0.0;0.0;0.0;0.0;0.0;0.0;0.0;0.0;60000;62898.0;0.0;0.0;;0.0;0.0;0;0;0;0;;;;;0.0;;0;;;;;;;;10.532.883/0001-34;;;;;;;;;;0.0;;
B2300375100000;FLAVORS & BRODERS;2023;;Renúncia — Art.3/3-A/39;0.0;0.0;0.0;0.0;0.0;0.0;0.0;0.0;0;0.0;0.0;0.0;;0.0;0.0;0;0;0;0;;;;;0.0;;0;;0.0;;;;;;06.945.371/0001-22;;;;;;;;;;0.0;;
B2300352400000;FLUXO;2023;;Renúncia — Art.3/3-A/39;0.0;1000000.0;0.0;0.0;1048300.0;1048300.0;3000.33;3041.64;60000;62898.0;3041.64;0.0;0.0029;0.0;0.0;0;0;0;0;;;;;0.0;;0;;0.0;;;;;;13.110.657/0001-53;;;;;;;;;;1000000.0;;0.063
B2300437700000;FUJA SE FOR CAPAZ - 3ª TEMPORADA;2023;;Renúncia — Art.3/3-A/39;0.0;3000000.0;0.0;0.0;3144900.0;3144900.0;0.0;0.0;280000;293524.0;0.0;0.0;0.0;0.0;0.0;0;0;0;0;;;;;3.791;adoro_critico|adoro_usuario;2;alta;;;;;;;23.957.635/0001-87;;;;;;;;;;3000000.0;;0.0933
B2300176600000;FUTURO DA EDUCAÇÃO;2023;;Renúncia — Outros Mecanismos;0.0;0.0;475000.0;0.0;497942.5;497942.5;0.0;0.0;60000;62898.0;0.0;0.0;0.0;0.0;0.0;0;0;0;0;;;;;3.732;adoro_critico|adoro_usuario;2;alta;0.0;;;;;;02.483.996/0001-69;;;;;;;;;;475000.0;;0.1263
B2300278000000;FÉRIAS TROCADAS;2023;;Renúncia — Art.3/3-A/39;0.0;3000000.0;990000.0;0.0;4182717.0;4182717.0;2475656.4;2475656.4;0;0.0;2475656.4;0.0;0.5919;0.0;0.0;0;0;0;0;;;;;3.033;adoro_critico|adoro_usuario;2;alta;38.0;49.0;17.0;LA Referencia (Red Federada de Repositorios Institucionales de Publicaciones Científicas) | SHILAP Revista de lepidopterología | Social Text;;;12.580.503/0001-62;;;;;;;;;;3990000.0;;0.6205
B2400303000000;GAME DEV BRASIL;2023;;sem_categoria;0.0;0.0;0.0;0.0;0.0;0.0;0.0;0.0;0;0.0;0.0;0.0;;0.0;0.0;0;0;0;0;;;;;0.0;;0;;0.0;;;;;;17.380.926/0001-52;;;;;;;;;;0.0;;
B2300069200000;GERSON KING COMBO - O FILME;2023;;sem_categoria;0.0;0.0;0.0;0.0;0.0;0.0;0.0;0.0;60000;62898.0;0.0;0.0;;0.0;0.0;0;0;0;0;;;;;3.3;adoro_usuario;1;baixa;0.0;;;;;;04.661.796/0001-84;;;;;;;;;;0.0;;
B2300174700000;GIGABLASTER  4ª  TEMPORADA;2023;;Renúncia — Art.3/3-A/39;0.0;0.0;0.0;0.0;0.0;0.0;0.0;0.0;280000;293524.0;0.0;0.0;;0.0;0.0;0;0;0;0;;;;;0.0;;0;;;;;;;;08.662.115/0001-53;;;;;;;;;;0.0;;
B2300267400000;GIRASSOL VERMELHO;2023;;sem_categoria;0.0;0.0;0.0;0.0;0.0;0.0;4989.88;4989.88;0;0.0;4989.88;0.0;;0.0;0.0;0;0;0;0;;;;;0.0;;0;;7.0;0.0;0.0;Significação Revista de Cultura Audiovisual | Diálogo com a Economia Criativa | Ícone;;;09.207.344/0001-40;;;;;;;;;;0.0;;
B2300537800000;GODLESS - ALÉM DA CRENÇA;2023;;sem_categoria;0.0;0.0;0.0;0.0;0.0;0.0;218.68;218.68;60000;62898.0;218.68;0.0;;0.0;0.0;0;0;0;0;;;;;3.97;adoro_critico|adoro_usuario;2;media;;;;;;;06.900.652/0001-69;;;;;;;;;;0.0;;
B2300139100000;GUARDIÕES DO MAR;2023;;sem_categoria;0.0;0.0;0.0;0.0;0.0;0.0;0.0;0.0;80000;83864.0;0.0;0.0;;0.0;0.0;0;0;0;0;;;;;4.2;adoro_usuario;1;baixa;;;;;;;64.044.886/0001-58;;;;;;;;;;0.0;;
B2300127700000;HEBE AO VIVO;2023;;Renúncia — Art.3/3-A/39;0.0;0.0;0.0;0.0;0.0;0.0;0.0;0.0;0;0.0;0.0;0.0;;0.0;0.0;0;0;0;0;;;;;0.0;;0;;3.0;0.0;0.0;LA Referencia (Red Federada de Repositorios Institucionales de Publicaciones Científicas) | Esferas;;;23.723.437/0001-59;;;;;;;;;;0.0;;
B2300212600000;HERANÇA;2023;;sem_categoria;0.0;2859880.0;0.0;0.0;2998012.2;2998012.2;0.0;0.0;0;0.0;0.0;0.0;0.0;0.0;0.0;0;0;0;0;;;;;3.152;adoro_critico|adoro_usuario;2;alta;;;;;;;10.233.319/0001-10;;;;;;;;;;2859880.0;;0.0
B2300346300000;HISTÓRIAS SUBMERSAS - NAUFRÁGIOS NO LITORAL BAIANO;2023;;sem_categoria;0.0;0.0;0.0;0.0;0.0;0.0;0.0;0.0;80000;83864.0;0.0;0.0;;0.0;0.0;0;0;0;0;;;;;4.3;adoro_usuario;1;baixa;;;;;;;24.977.434/0001-04;;;;;;;;;;0.0;;
B2300209300000;HOMENS DE BARRO;2023;;sem_categoria;0.0;0.0;0.0;0.0;0.0;0.0;14512.4;14512.4;0;0.0;14512.4;0.0;;0.0;0.0;0;0;0;0;;;;;4.138;adoro_critico|adoro_usuario;2;media;0.0;;;;;;23.189.788/0001-21;;;;;;;;;;0.0;;
B2300062000000;INCOMPATÍVEL COM A VIDA;2023;;sem_categoria;0.0;3833731.35;150000.0;0.0;4176145.57;4176145.57;14711.55;14910.0;60000;62898.0;14910.0;0.0;0.0036;0.0;0.0;0;0;0;0;;;;;3.2;adoro_usuario;1;baixa;0.0;;;;Berlim;Q61754027;09.514.942/0001-62;;;;;;;;;;3983731.35;;0.0188
B2300148100000;IRACEMAS;2023;;Renúncia — Art.3/3-A/39;0.0;0.0;151928.0;0.0;159266.12;159266.12;2531.95;2544.64;280000;293524.0;2544.64;0.0;0.016;0.0;0.0;0;0;0;0;;;;;0.0;;0;;;;;;;;05.249.852/0001-30;;;;;;;;;;151928.0;;1.8596
B2300431700000;JOÃO SEM DEUS - A QUEDA DE ABADIÂNIA;2023;;sem_categoria;0.0;0.0;0.0;0.0;0.0;0.0;0.0;0.0;60000;62898.0;0.0;0.0;;0.0;0.0;0;0;0;0;;;;;3.895;adoro_critico|adoro_usuario;2;alta;;;;;Rotterdam;Q6763884;11.545.487/0001-04;;;;;;;;;;0.0;;
B2300037500000;LA SITUACIÓN;2023;;Renúncia — Art.3/3-A/39;0.0;3000000.0;2617098.49;0.0;5888404.35;5888404.35;193138.89;195798.12;0;0.0;195798.12;0.0;0.0333;0.0;0.0;0;0;0;0;;;;;0.0;;0;;;;;;;;10.645.895/0001-75;;;;;;;;;;5617098.49;;0.0344
B2300375800000;LENDAS DO MOTOCROSS BRASILEIRO;2023;;Renúncia — Outros Mecanismos;0.0;0.0;649698.37;0.0;681078.8;681078.8;0.0;0.0;60000;62898.0;0.0;0.0;0.0;0.0;0.0;0;0;0;0;;;;;3.853;adoro_critico|adoro_usuario;2;media;;;;;;;24.856.310/0001-70;;;;;;;;;;649698.37;;0.0924
B2300535000000;LEVANTE;2023;;Renúncia — Art.3/3-A/39;0.0;170000.0;0.0;0.0;178211.0;178211.0;60176.76;60176.76;60000;62898.0;60176.76;0.0;0.3377;30.15;36.0;13883;27;9;0;;;;;4.261;adoro_critico|adoro_usuario;2;alta;;;;;;;09.505.106/0001-11;;;;;;;;;;170000.0;;0.7069
B2300373000000;LOS DELINCUENTES;2023;;FSA Automático Festivais;0.0;0.0;0.0;0.0;0.0;0.0;60026.21;60852.68;0;0.0;60852.68;0.0;;25.2;76.0;0;40;12;0;;;;;0.0;;0;;;;;;;;13.193.095/0001-59;;;;;;;;;;0.0;;
B2300345800000;LUANA É DE LUA - 2 TEMPORADA;2023;;Renúncia — Art.3/3-A/39;0.0;1261898.79;0.0;0.0;1322848.5;1322848.5;0.0;0.0;60000;62898.0;0.0;0.0;0.0;0.0;0.0;0;0;0;0;;;;;4.203;adoro_critico|adoro_usuario;2;media;0.0;;;;;;09.281.789/0001-70;;;;;;;;;;1261898.79;;0.0475
B2300401000000;LUPICÍNIO RODRIGUES - CONFISSÕES DE UM SOFREDOR;2023;;sem_categoria;0.0;0.0;0.0;0.0;0.0;0.0;60494.84;60494.84;60000;62898.0;60494.84;0.0;;0.0;0.0;0;0;0;0;;;;;3.05;adoro_critico;1;alta;;;;;;;01.282.220/0001-18;;;;;;;;;;0.0;;
B2300319000000;LÍNGUAS DA NOSSA LÍNGUA;2023;;Renúncia — Art.3/3-A/39;0.0;0.0;417000.0;0.0;437141.1;437141.1;0.0;0.0;60000;62898.0;0.0;0.0;0.0;0.0;0.0;0;0;0;0;;;;;0.0;;0;;0.0;;;;;;04.453.786/0001-53;;;;;;;;;;417000.0;;0.1439
B2300531200000;MAMONAS ASSASSINAS O FILME;2023;;Renúncia — Art.3/3-A/39;0.0;2721242.7;0.0;0.0;2852678.72;2852678.72;17583015.99;17632327.44;60000;62898.0;17632327.44;0.0;6.181;10.29;0.0;1957;0;0;0;;;;;3.48;adoro_critico|adoro_usuario;2;alta;0.0;;;;;;02.863.008/0001-07;;;;;;;;;;2721242.7;;6.4834
B2300240200000;MAPA DO CAFÉ;2023;;Renúncia — Art.3/3-A/39;0.0;0.0;0.0;0.0;0.0;0.0;0.0;0.0;60000;62898.0;0.0;0.0;;0.0;0.0;0;0;0;0;;;;;3.9;adoro_usuario;1;baixa;;;;;;;05.928.108/0001-62;;;;;;;;;;0.0;;
B2300120400000;MARIA;2023;;Renúncia — Art.3/3-A/39;0.0;426502.5;0.0;0.0;447102.57;447102.57;0.0;0.0;140000;146762.0;0.0;0.0;0.0;0.0;0.0;0;0;0;0;;;;;4.0;adoro_usuario;1;baixa;;;;;;;08.847.593/0001-38;;;;;;;;;;426502.5;;0.3283
B2300211700000;MASSACRE NA ESCOLA - A TRAGÉDIA DAS MENINAS DE REALENGO;2023;;Renúncia — Art.3/3-A/39;0.0;1817464.31;0.0;0.0;1905247.84;1905247.84;0.0;0.0;60000;62898.0;0.0;0.0;0.0;0.0;0.0;0;0;0;0;;;;;3.765;adoro_critico|adoro_usuario;2;media;0.0;;;;;;04.661.796/0001-84;;;;;;;;;;1817464.31;;0.033
B2300332700000;MEDICINA: SAÚDE E BEM-ESTAR;2023;;Renúncia — Outros Mecanismos;0.0;0.0;315539.4;0.0;330779.95;330779.95;0.0;0.0;280000;293524.0;0.0;0.0;0.0;0.0;0.0;0;0;0;0;;;;;0.0;;0;;;;;;;;13.483.286/0001-55;;;;;;;;;;315539.4;;0.8874
B2300200800000;MENOS É DEMAIS - 4A TEMPORADA;2023;;Renúncia — Art.3/3-A/39;0.0;1738970.8;0.0;0.0;1822963.09;1822963.09;0.0;0.0;60000;62898.0;0.0;0.0;0.0;0.0;0.0;0;0;0;0;;;;;3.918;adoro_critico|adoro_usuario;2;media;0.0;;;;;;01.894.553/0001-06;;;;;;;;;;1738970.8;;0.0345
B2300514300000;MEU CASULO DE DRYWALL;2023;;sem_categoria;0.0;0.0;0.0;0.0;0.0;0.0;1212.68;1212.68;0;0.0;1212.68;0.0;;0.0;0.0;0;0;0;0;;;;;0.0;;0;;1.0;0.0;0.0;;;;08.429.784/0001-80;;;;;;;;;;0.0;;
B2300519200000;MINHA IRMÃ E EU;2023;;Renúncia — Art.3/3-A/39;0.0;3000000.0;3700000.0;0.0;7023610.0;7023610.0;46049453.58;46124979.6;140000;146762.0;46124979.6;0.0;6.5671;0.9;4.5;0;0;0;0;;;;;3.741;adoro_critico|adoro_usuario;2;alta;;;;;;;12.580.503/0001-62;;;;;;;;;;6700000.0;;6.8939
B2300038600000;MIRANDA;2023;;Renúncia — Art.3/3-A/39;0.0;3400000.0;0.0;0.0;3564220.0;3564220.0;0.0;0.0;0;0.0;0.0;0.0;0.0;0.0;0.0;0;0;0;0;;;;;0.0;;0;;;;;;;;11.265.176/0001-91;;;;;;;;;;3400000.0;;0.0
B2400040100000;MOVIMENTO PERPETUO;2023;;sem_categoria;0.0;0.0;0.0;0.0;0.0;0.0;0.0;0.0;0;0.0;0.0;0.0;;0.0;0.0;0;0;0;0;;;;;0.0;;0;;;;;;;;09.601.928/0001-04;;;;;;;;;;0.0;;
B2300346900000;MULHERES PELA INDEPENDÊNCIA;2023;;sem_categoria;0.0;0.0;0.0;0.0;0.0;0.0;0.0;0.0;60000;62898.0;0.0;0.0;;0.0;0.0;0;0;0;0;;;;;0.0;;0;;;;;;;;29.121.096/0001-28;;;;;;;;;;0.0;;
B2300268100000;MUNDO INVISÍVEL DOS GAMERS;2023;;Renúncia — Art.3/3-A/39;0.0;689256.09;0.0;0.0;722547.16;722547.16;0.0;0.0;60000;62898.0;0.0;0.0;0.0;0.0;0.0;0;0;0;0;;;;;2.9;adoro_usuario;1;baixa;0.0;;;;;;00.020.648/0001-20;;;;;;;;;;689256.09;;0.0871
B2300166100000;NADA SERÁ COMO ANTES - A MÚSICA DO CLUBE DA ESQUINA;2023;;sem_categoria;0.0;0.0;0.0;0.0;0.0;0.0;376726.0;376726.0;280000;293524.0;376726.0;0.0;;0.0;0.0;0;0;0;0;;;;;4.05;adoro_critico|adoro_usuario;2;alta;3.0;0.0;0.0;DOC online - Revista Digital de Cinema Documentário | Contemporanea;;;18.023.882/0001-76;;;;;;;;;;0.0;;
B2300437800000;NELSON PEREIRA DOS SANTOS - VIDA DE CINEMA;2023;;Renúncia — Art.3/3-A/39;0.0;0.0;0.0;0.0;0.0;0.0;7275.31;7375.48;280000;293524.0;7375.48;0.0;;0.0;0.0;0;0;0;0;;;;;3.2;adoro_usuario;1;baixa;0.0;;;;;;01.456.361/0001-00;;;;;;;;;;0.0;;
B2300186300000;NINGUÉM SAI VIVO DAQUI;2023;;Renúncia — Art.3/3-A/39;0.0;0.0;0.0;0.0;0.0;0.0;20237.84;20237.84;60000;62898.0;20237.84;0.0;;0.0;0.0;0;0;0;0;;;;;3.43;adoro_critico|adoro_usuario;2;alta;0.0;;;;;;04.687.576/0001-20;;;;;;;;;;0.0;;
B2300126700000;NINGUÉM É DE NINGUÉM;2023;;Renúncia — Art.3/3-A/39;0.0;3000000.0;250678.35;0.0;3407686.11;3407686.11;2768265.26;2806380.08;60000;62898.0;2806380.08;0.0;0.8235;0.0;0.0;0;0;0;0;;;;;3.683;adoro_critico|adoro_usuario;2;alta;;;;;;;01.946.155/0001-88;;;;;;;;;;3250678.35;;0.8701
B2300387700000;NOS BARES DA VIDA;2023;;Renúncia — Art.3/3-A/39;0.0;657576.7;0.0;0.0;689337.65;689337.65;0.0;0.0;60000;62898.0;0.0;0.0;0.0;0.0;0.0;0;0;0;0;;;;;3.6;adoro_usuario;1;baixa;;;;;;;07.988.992/0001-56;;;;;;;;;;657576.7;;0.0912
B2300576500000;NOSSO LAR 2 - OS MENSAGEIROS;2023;;Renúncia — Art.3/3-A/39;0.0;4999998.8100000005;3919896.0;0.0;9350725.73;9350725.73;33111988.84;33111988.84;0;0.0;33111988.84;0.0;3.5411;0.0;0.0;0;0;0;0;;;;;4.027;adoro_critico|adoro_usuario;2;alta;;;;;;;01.946.155/0001-88;;;;;;;;;;8919894.81;;3.7122
B2300375000000;NOT DEAD;2023;;sem_categoria;0.0;0.0;0.0;0.0;0.0;0.0;0.0;0.0;80000;83864.0;0.0;0.0;;0.0;0.0;0;0;0;0;;;;;0.0;;0;;;;;;;;20.148.736/0001-19;;;;;;;;;;0.0;;
B2300396400000;NÃO HAVERÁ MAIS HISTÓRIA SEM NÓS;2023;;sem_categoria;0.0;0.0;0.0;0.0;0.0;0.0;0.0;0.0;60000;62898.0;0.0;0.0;;0.0;0.0;0;0;0;0;;;;;3.6;adoro_usuario;1;baixa;;;;;;;05.928.108/0001-62;;;;;;;;;;0.0;;
B2300367700000;NÃO TEM VOLTA;2023;;Renúncia — Art.3/3-A/39;0.0;0.0;0.0;0.0;0.0;0.0;385022.74;390323.92;0;0.0;390323.92;0.0;;0.0;0.0;0;0;0;0;;;;;4.353;adoro_critico|adoro_usuario;2;media;1.0;0.0;0.0;Revista Brasileira de História & Ciências Sociais;;;09.180.984/0001-04;;;;;;;;;;0.0;;
B2300199800000;O CONTATO;2023;;Renúncia — Art.3/3-A/39;0.0;0.0;0.0;0.0;0.0;0.0;6938.12;6938.12;60000;62898.0;6938.12;0.0;;0.0;0.0;0;0;0;0;;;;;0.0;;0;;;;;;;;01.230.968/0001-77;;;;;;;;;;0.0;;
B2300377700000;O FUTURO DA MEDICINA;2023;;Renúncia — Outros Mecanismos;0.0;0.0;350000.0;0.0;366905.0;366905.0;0.0;0.0;60000;62898.0;0.0;0.0;0.0;0.0;0.0;0;0;0;0;;;;;3.853;adoro_critico|adoro_usuario;2;media;;;;;;;13.483.286/0001-55;;;;;;;;;;350000.0;;0.1714
B2300463800000;O FUTURO DO AGRONEGÓCIO;2023;;Renúncia — Outros Mecanismos;0.0;0.0;348918.58;0.0;365771.35;365771.35;0.0;0.0;60000;62898.0;0.0;0.0;0.0;0.0;0.0;0;0;0;0;;;;;4.38;adoro_critico|adoro_usuario;2;media;;;;;;;13.483.286/0001-55;;;;;;;;;;348918.58;;0.172
B2300349500000;O FUTURO É FEMININO;2023;;Renúncia — Art.3/3-A/39;0.0;380000.0;0.0;0.0;398354.0;398354.0;0.0;0.0;60000;62898.0;0.0;0.0;0.0;0.0;0.0;0;0;0;0;;;;;3.4;adoro_usuario;1;baixa;0.0;;;;;;18.675.219/0001-56;;;;;;;;;;380000.0;;0.1579
B2300525700000;O GAROTO;2023;;Renúncia — Outros Mecanismos;0.0;0.0;726579.82;0.0;761673.63;761673.63;0.0;0.0;0;0.0;0.0;0.0;0.0;0.0;0.0;0;0;0;0;;;;;3.705;adoro_critico|adoro_usuario;2;alta;;;;;;;11.326.389/0001-86;;;;;;;;;;726579.82;;0.0
B2300525000000;O LEVANTE;2023;;sem_categoria;0.0;0.0;0.0;0.0;0.0;0.0;0.0;0.0;0;0.0;0.0;0.0;;0.0;0.0;0;0;0;0;;;;;4.261;adoro_critico|adoro_usuario;2;alta;0.0;;;;;;01.541.247/0001-88;;;;;;;;;;0.0;;
B2300461500000;O MECENAS;2023;;sem_categoria;0.0;0.0;0.0;0.0;0.0;0.0;0.0;0.0;0;0.0;0.0;0.0;;0.0;0.0;0;0;0;0;;;;;0.0;;0;;;;;;;;16.603.000/0001-16;;;;;;;;;;0.0;;
B2300071700000;O MENSAGEIRO;2023;;Renúncia — Art.3/3-A/39;0.0;169000.0;0.0;0.0;177162.7;177162.7;79321.2;79321.2;60000;62898.0;79321.2;0.0;0.4477;0.0;0.0;0;0;0;0;;;;;4.4;adoro_usuario;1;baixa;;;;;;;73.947.392/0001-74;;;;;;;;;;169000.0;;0.8244
B2300123600000;O OUTRO MUNDO DE SOFIA;2023;;Renúncia — Art.3/3-A/39;0.0;1085000.0;0.0;0.0;1137405.5;1137405.5;0.0;0.0;60000;62898.0;0.0;0.0;0.0;0.0;0.0;0;0;0;0;;;;;3.767;adoro_critico;1;alta;;;;;;;10.519.798/0001-36;;;;;;;;;;1085000.0;;0.0553
B2300372000000;O PASSARINHO MENINO;2023;;sem_categoria;0.0;0.0;0.0;0.0;0.0;0.0;0.0;0.0;0;0.0;0.0;0.0;;0.0;0.0;0;0;0;0;;;;;4.338;adoro_critico|adoro_usuario;2;media;;;;;;;04.585.783/0001-73;;;;;;;;;;0.0;;
B2300043000000;O PAÍS DA PORNOCHANCHADA;2023;;Renúncia — Art.3/3-A/39;0.0;0.0;0.0;0.0;0.0;0.0;0.0;0.0;60000;62898.0;0.0;0.0;;0.0;0.0;0;0;0;0;;;;;0.0;;0;;0.0;;;;;;72.066.574/0001-73;;;;;;;;;;0.0;;
B2300453200000;O PÁSSARO SEM PLUMAS;2023;;sem_categoria;0.0;0.0;0.0;0.0;0.0;0.0;0.0;0.0;0;0.0;0.0;0.0;;0.0;0.0;0;0;0;0;;;;;4.133;adoro_critico;1;media;;;;;;;48.651.932/0001-20;;;;;;;;;;0.0;;
B2300512200000;O QUE PODE O CORPO;2023;;sem_categoria;0.0;0.0;0.0;0.0;0.0;0.0;0.0;0.0;60000;62898.0;0.0;0.0;;0.0;0.0;0;0;0;0;;;;;3.543;adoro_critico;1;alta;;;;;;;20.615.318/0001-94;;;;;;;;;;0.0;;
B2300524600000;O SEQUESTRO DO VOO 375;2023;;Renúncia — Art.3/3-A/39;0.0;6300000.0;0.0;0.0;6604290.0;6604290.0;3951845.22;4005959.16;0;0.0;4005959.16;0.0;0.6066;1.9;9.5;0;0;0;0;;;;;4.218;adoro_critico|adoro_usuario;2;alta;;;;;;;13.029.754/0001-16;;;;;;;;;;6300000.0;;0.6273
B2300527900000;O SOCORRO NÃO VIRÁ;2023;;Renúncia — Art.3/3-A/39;0.0;0.0;0.0;0.0;0.0;0.0;218.68;218.68;0;0.0;218.68;0.0;;0.0;0.0;0;0;0;0;;;;;3.765;adoro_critico|adoro_usuario;2;alta;0.0;;;;;;04.852.671/0001-31;;;;;;;;;;0.0;;
B2300346500000;OLHOS DA LEI;2023;;Renúncia — Art.3/3-A/39;0.0;3385735.0700000003;0.0;0.0;3549266.07;3549266.07;0.0;0.0;60000;62898.0;0.0;0.0;0.0;0.0;0.0;0;0;0;0;;;;;4.3;adoro_usuario;1;baixa;0.0;;;;;;64.044.886/0001-58;;;;;;;;;;3385735.0700000003;;0.0177
B2300276100000;ONDA DE ESPERANÇA;2023;;Renúncia — Art.3/3-A/39;0.0;500000.0;0.0;0.0;524150.0;524150.0;0.0;0.0;60000;62898.0;0.0;0.0;0.0;0.0;0.0;0;0;0;0;;;;;4.208;adoro_critico|adoro_usuario;2;media;;;;;;;20.840.042/0001-48;;;;;;;;;;500000.0;;0.12
B2300127600000;OPERAÇÃO FRONTEIRA BRASIL - 2º TEMPORADA;2023;;Renúncia — Art.3/3-A/39;0.0;4739653.8;0.0;0.0;4968579.08;4968579.08;0.0;0.0;60000;62898.0;0.0;0.0;0.0;0.0;0.0;0;0;0;0;;;;;3.566;adoro_critico|adoro_usuario;2;alta;;;;;;;02.947.857/0001-49;;;;;;;;;;4739653.8;;0.0127
B2300435100000;OPERAÇÃO FRONTEIRA BRASIL - 3º TEMPORADA;2023;;Renúncia — Art.3/3-A/39;0.0;4739653.79;0.0;0.0;4968579.07;4968579.07;0.0;0.0;60000;62898.0;0.0;0.0;0.0;0.0;0.0;0;0;0;0;;;;;3.566;adoro_critico|adoro_usuario;2;alta;;;;;;;02.947.857/0001-49;;;;;;;;;;4739653.79;;0.0127
B2300230600000;OS AVENTUREIROS - A ORIGEM;2023;;Renúncia — Art.3/3-A/39;0.0;3000000.0;0.0;0.0;3144900.0;3144900.0;8487874.74;8604739.92;60000;62898.0;8604739.92;0.0;2.7361;12.77;0.0;12199;0;0;0;;;;;4.355;adoro_critico|adoro_usuario;2;alta;0.0;;;;;;28.485.087/0001-53;;;;;;;;;;3000000.0;;2.8493
B2300311700000;PARA OS QUE FICAM;2023;;Renúncia — Art.3/3-A/39;0.0;748125.0;0.0;0.0;784259.44;784259.44;0.0;0.0;60000;62898.0;0.0;0.0;0.0;0.0;0.0;0;0;0;0;;;;;4.1;adoro_usuario;1;baixa;;;;;;;06.992.833/0001-62;;;;;;;;;;748125.0;;0.0802
B2300581400000;PARIS COM RENDA;2023;;sem_categoria;0.0;0.0;0.0;0.0;0.0;0.0;0.0;0.0;80000;83864.0;0.0;0.0;;0.0;0.0;0;0;0;0;;;;;0.0;;0;;;;;;;;15.340.915/0001-13;;;;;;;;;;0.0;;
B2300427100000;PARÁ MUSICAL;2023;;Renúncia — Art.3/3-A/39;0.0;628902.5;0.0;0.0;659278.49;659278.49;0.0;0.0;60000;62898.0;0.0;0.0;0.0;0.0;0.0;0;0;0;0;;;;;0.0;;0;;;;;;;;06.267.302/0001-07;;;;;;;;;;628902.5;;0.0954
B2300040400000;PASSAPORTE FEMININO;2023;;Renúncia — Art.3/3-A/39;0.0;566721.73;0.0;0.0;594094.39;594094.39;0.0;0.0;60000;62898.0;0.0;0.0;0.0;0.0;0.0;0;0;0;0;;;;;0.0;;0;;0.0;;;;;;28.878.082/0001-90;;;;;;;;;;566721.73;;0.1059
B2300448400000;PECADOS REVELADOS;2023;;Renúncia — Art.3/3-A/39;0.0;0.0;0.0;0.0;0.0;0.0;0.0;0.0;60000;62898.0;0.0;0.0;;0.0;0.0;0;0;0;0;;;;;0.0;;0;;;;;;;;06.992.833/0001-62;;;;;;;;;;0.0;;
B2300532800000;PECUÁRIA EM FOCO - EDUCAÇÃO;2023;;Renúncia — Outros Mecanismos;0.0;0.0;661639.0;0.0;693596.16;693596.16;0.0;0.0;0;0.0;0.0;0.0;0.0;0.0;0.0;0;0;0;0;;;;;3.732;adoro_critico|adoro_usuario;2;alta;;;;;;;14.215.682/0001-64;;;;;;;;;;661639.0;;0.0
B2300343300000;PEDÁGIO;2023;;Renúncia — Art.3/3-A/39;0.0;3000000.0;20000.0;0.0;3165866.0;3165866.0;226788.19;229236.28;140000;146762.0;229236.28;0.0;0.0724;30.27;82.5;1332;2;2;0;;;;;0.0;;0;;0.0;;;;;;07.570.789/0001-65;;;;;;;;;;3020000.0;;0.1215
B2300199900000;PELO CAMINHO DOS ORIXÁS;2023;;sem_categoria;0.0;0.0;0.0;0.0;0.0;0.0;0.0;0.0;60000;62898.0;0.0;0.0;;0.0;0.0;0;0;0;0;;;;;0.0;;0;;1.0;0.0;0.0;AVANCA | CINEMA;;;28.099.914/0001-70;;;;;;;;;;0.0;;
B2300255800000;PERDIDA;2023;;Renúncia — Art.3/3-A/39;0.0;5000000.0;4000000.0;0.0;9434700.0;9434700.0;1895855.58;1921958.64;0;0.0;1921958.64;0.0;0.2037;0.0;0.0;0;0;0;0;;;;;3.803;adoro_critico|adoro_usuario;2;alta;;;;;;;09.416.289/0001-07;;;;;;;;;;9000000.0;;0.2107
B2300526500000;PETROPOLIS: SABERES E SABORES;2023;;sem_categoria;0.0;0.0;0.0;0.0;0.0;0.0;0.0;0.0;60000;62898.0;0.0;0.0;;0.0;0.0;0;0;0;0;;;;;0.0;;0;;0.0;;;;;;17.545.702/0001-53;;;;;;;;;;0.0;;
B2300581300000;PETRÓPOLIS: CIDADE INVENTADA;2023;;sem_categoria;0.0;0.0;0.0;0.0;0.0;0.0;0.0;0.0;60000;62898.0;0.0;0.0;;0.0;0.0;0;0;0;0;;;;;0.0;;0;;0.0;;;;;;17.545.702/0001-53;;;;;;;;;;0.0;;
B2300274500000;PORTO DE ORIGEM;2023;;sem_categoria;0.0;0.0;0.0;0.0;0.0;0.0;5407.36;5407.36;0;0.0;5407.36;0.0;;0.0;0.0;0;0;0;0;;;;;3.913;adoro_critico|adoro_usuario;2;media;;;;;;;09.124.563/0001-66;;;;;;;;;;0.0;;
B2300311400000;PRIMEIROS POVOS;2023;;sem_categoria;0.0;0.0;0.0;0.0;0.0;0.0;0.0;0.0;60000;62898.0;0.0;0.0;;0.0;0.0;0;0;0;0;;;;;0.0;;0;;;;;;;;01.613.170/0001-04;;;;;;;;;;0.0;;
B2300137400000;QUANDO EU ME ENCONTRAR;2023;;sem_categoria;0.0;0.0;0.0;0.0;0.0;0.0;11729.2;11729.2;60000;62898.0;11729.2;0.0;;0.0;0.0;0;0;0;0;;;;;3.52;adoro_critico|adoro_usuario;2;media;0.0;;;;;;08.254.467/0001-70;;;;;;;;;;0.0;;
B2300212300000;QUANTOS DIAS. QUANTAS NOITES;2023;;Renúncia — Art.3/3-A/39;0.0;0.0;0.0;0.0;0.0;0.0;34866.58;35346.64;120000;125796.0;35346.64;0.0;;0.0;0.0;0;0;0;0;;;;;3.88;adoro_critico;1;media;0.0;;;;;;12.396.390/0001-40;;;;;;;;;;0.0;;
B2300283400000;QUE BELA PIZZA!;2023;;Renúncia — Art.3/3-A/39;0.0;0.0;0.0;0.0;0.0;0.0;0.0;0.0;60000;62898.0;0.0;0.0;;0.0;0.0;0;0;0;0;;;;;0.0;;0;;;;;;;;07.627.467/0001-05;;;;;;;;;;0.0;;
B2300460400000;RAONI - UMA AMIZADE IMPROVAVEL;2023;;Renúncia — Art.3/3-A/39;0.0;209500.0;0.0;0.0;219618.85;219618.85;2007.88;2007.88;280000;293524.0;2007.88;0.0;0.0091;0.0;0.0;0;0;0;0;;;;;0.0;;0;;;;;;;;07.060.648/0001-00;;;;;;;;;;209500.0;;1.3461
B2300026000000;RECEBA!;2023;;sem_categoria;0.0;0.0;0.0;0.0;0.0;0.0;10894.24;10894.24;0;0.0;10894.24;0.0;;0.0;0.0;0;0;0;0;;;;;0.0;;0;;;;;;;;04.125.602/0001-26;;;;;;;;;;0.0;;
B2300062400000;REGGAE RESISTÊNCIA;2023;;sem_categoria;0.0;0.0;0.0;0.0;0.0;0.0;0.0;0.0;80000;83864.0;0.0;0.0;;0.0;0.0;0;0;0;0;;;;;4.05;adoro_critico|adoro_usuario;2;alta;0.0;;;;;;17.281.724/0001-53;;;;;;;;;;0.0;;
B2300230700000;RESÍDUO;2023;;sem_categoria;0.0;0.0;316341.69;0.0;331620.99;331620.99;0.0;0.0;60000;62898.0;0.0;0.0;0.0;0.0;0.0;0;0;0;0;;;;;0.0;;0;;;;;;;;07.525.577/0001-66;;;;;;;;;;316341.69;;0.1897
B2300327500000;RETRATOS FANTASMAS;2023;;FSA Automático Festivais;0.0;0.0;0.0;0.0;0.0;0.0;1416842.11;1436349.88;0;0.0;1436349.88;0.0;;22.85;51.0;11146;0;0;0;;;;;0.0;;0;;;;;;Cannes/Oscar;Q14940022;08.587.501/0001-28;;;;;;;;;;0.0;;
B2300295700000;REVOLTA DOS MALÊS;2023;;Renúncia — Outros Mecanismos;0.0;0.0;350000.0;0.0;366905.0;366905.0;12334.69;12504.52;60000;62898.0;12504.52;0.0;0.0341;0.0;0.0;0;0;0;0;;;;;3.98;adoro_critico|adoro_usuario;2;alta;;;;;;;04.661.796/0001-84;;;;;;;;;;350000.0;;0.2067
B2300131900000;RIO DA DÚVIDA;2023;;Renúncia — Outros Mecanismos;0.0;0.0;4000000.0;0.0;4193200.0;4193200.0;0.0;0.0;0;0.0;0.0;0.0;0.0;0.0;0.0;0;0;0;0;;;;;3.959;adoro_critico|adoro_usuario;2;alta;;;;;;;29.055.209/0001-34;;;;;;;;;;4000000.0;;0.0
B2300103200000;RIO DOCE;2023;;sem_categoria;0.0;0.0;15000.0;0.0;15724.5;15724.5;26042.08;26400.64;60000;62898.0;26400.64;0.0;1.6789;0.0;0.0;0;0;0;0;;;;;4.252;adoro_critico|adoro_usuario;2;alta;0.0;;;;;;22.543.352/0001-26;;;;;;;;;;15000.0;;5.7361
B2300337300000;ROBERTO FARIAS:  MEMÓRIAS DE UM CINEASTA;2023;;Renúncia — Art.3/3-A/39;0.0;0.0;0.0;0.0;0.0;0.0;1568.8;1590.4;280000;293524.0;1590.4;0.0;;0.0;0.0;0;0;0;0;;;;;3.853;adoro_critico|adoro_usuario;2;media;;;;;;;06.130.502/0001-13;;;;;;;;;;0.0;;
B2300288000000;SACERDOTISAS ÁFRICA - 1ª TEMPORADA;2023;;sem_categoria;0.0;0.0;0.0;0.0;0.0;0.0;0.0;0.0;80000;83864.0;0.0;0.0;;0.0;0.0;0;0;0;0;;;;;0.0;;0;;;;;;;;96.713.128/0001-71;;;;;;;;;;0.0;;
B2300320300000;SAFO;2023;;Renúncia — Art.3/3-A/39;0.0;0.0;200000.0;0.0;209660.0;209660.0;0.0;0.0;0;0.0;0.0;0.0;0.0;0.0;0.0;0;0;0;0;;;;;0.0;;0;;;;;;;;09.047.640/0001-21;;;;;;;;;;200000.0;;0.0
B2300469100000;SALAMANDRA;2023;;sem_categoria;0.0;0.0;0.0;0.0;0.0;0.0;18389.0;18389.0;60000;62898.0;18389.0;0.0;;0.0;0.0;0;0;0;0;;;;;3.886;adoro_critico;1;alta;3.0;0.0;0.0;Paralelo 31 | LA Referencia (Red Federada de Repositorios Institucionales de Publicaciones Científicas) | Latitude;;;19.804.078/0001-97;;;;;;;;;;0.0;;
B2300517700000;SALUT, MES AMI.E.S !;2023;;sem_categoria;0.0;0.0;0.0;0.0;0.0;0.0;0.0;0.0;60000;62898.0;0.0;0.0;;0.0;0.0;0;0;0;0;;;;;0.0;;0;;;;;;;;04.658.136/0001-44;;;;;;;;;;0.0;;
B2300490400000;SANTINO;2023;;Renúncia — Art.3/3-A/39;0.0;280000.0;0.0;0.0;293524.0;293524.0;6202.56;6202.56;0;0.0;6202.56;0.0;0.0211;0.0;0.0;0;0;0;0;;;;;0.0;;0;;0.0;;;;;;04.255.207/0001-68;;;;;;;;;;280000.0;;0.0222
B2300351600000;SEM BLOQUEIO - 2ª TEMPORADA;2023;;Renúncia — Art.3/3-A/39;0.0;1425000.0;0.0;0.0;1493827.5;1493827.5;0.0;0.0;120000;125796.0;0.0;0.0;0.0;0.0;0.0;0;0;0;0;;;;;0.0;;0;;2.0;0.0;0.0;PerCursos | Revista FAMECOS;;;01.613.170/0001-04;;;;;;;;;;1425000.0;;0.0842
B2300564700000;SOCIEDADES DIGITAIS;2023;;Renúncia — Art.3/3-A/39;0.0;0.0;0.0;0.0;0.0;0.0;0.0;0.0;80000;83864.0;0.0;0.0;;0.0;0.0;0;0;0;0;;;;;0.0;;0;;;;;;;;07.234.440/0001-52;;;;;;;;;;0.0;;
B2300328500000;SOCIEDADES MATRIARCAIS;2023;;Renúncia — Art.3/3-A/39;0.0;0.0;0.0;0.0;0.0;0.0;0.0;0.0;60000;62898.0;0.0;0.0;;0.0;0.0;0;0;0;0;;;;;0.0;;0;;0.0;;;;;;06.945.371/0001-22;;;;;;;;;;0.0;;
B2300364700000;STAND UP MINHA VIDA É UMA PIADA;2023;;Renúncia — Art.3/3-A/39;0.0;0.0;0.0;0.0;0.0;0.0;2784.62;2822.96;60000;62898.0;2822.96;0.0;;0.0;0.0;0;0;0;0;;;;;3.2;adoro_usuario;1;baixa;;;;;;;02.736.672/0001-95;;;;;;;;;;0.0;;
B2400090500000;STREET ROCK - TEMPORADA 1;2023;;sem_categoria;0.0;0.0;0.0;0.0;0.0;0.0;0.0;0.0;80000;83864.0;0.0;0.0;;0.0;0.0;0;0;0;0;;;;;0.0;;0;;0.0;;;;;;03.351.961/0001-39;;;;;;;;;;0.0;;
B2300338900000;SURDES;2023;;Renúncia — Art.3/3-A/39;0.0;460717.1;0.0;0.0;482969.74;482969.74;0.0;0.0;120000;125796.0;0.0;0.0;0.0;0.0;0.0;0;0;0;0;;;;;0.0;;0;;0.0;;;;;;28.037.068/0001-64;;;;;;;;;;460717.1;;0.2605
B2300170000000;TECA E TUTI: UMA NOITE NA BIBLIOTECA;2023;;Renúncia — Outros Mecanismos;0.0;0.0;1780000.0;0.0;1865974.0;1865974.0;175938.0;175938.0;200000;209660.0;175938.0;0.0;0.0943;0.0;0.0;0;0;0;0;;;;;4.013;adoro_critico|adoro_usuario;2;media;0.0;;;;;;05.738.800/0001-28;;;;;;;;;;1780000.0;;0.2112
B2300212800000;TELAS;2023;;sem_categoria;0.0;0.0;0.0;0.0;0.0;0.0;516.88;516.88;0;0.0;516.88;0.0;;0.0;0.0;0;0;0;0;;;;;0.0;;0;;;;;;;;16.835.137/0001-04;;;;;;;;;;0.0;;
B2300176900000;TEMPO RUY;2023;;Renúncia — Art.3/3-A/39;0.0;0.0;0.0;0.0;0.0;0.0;0.0;0.0;60000;62898.0;0.0;0.0;;0.0;0.0;0;0;0;0;;;;;3.648;adoro_critico|adoro_usuario;2;alta;14.0;5.0;3.0;Imagofagia | Palimpsesto | Arteriais - Revista do Programa de Pós-Gradução em Artes;;;12.427.430/0001-73;;;;;;;;;;0.0;;
B2300190300000;TODO DIA É DIA DE FEIRA;2023;;Renúncia — Art.3/3-A/39;0.0;353020.0;0.0;0.0;370070.87;370070.87;218.68;218.68;0;0.0;218.68;0.0;0.0006;0.0;0.0;0;0;0;0;;;;;4.0;adoro_usuario;1;baixa;;;;;;;00.538.914/0001-00;;;;;;;;;;353020.0;;0.0006
B2300214300000;TRANSMUSICAL;2023;;Renúncia — Art.3/3-A/39;0.0;328411.12;0.0;0.0;344273.38;344273.38;0.0;0.0;60000;62898.0;0.0;0.0;0.0;0.0;0.0;0;0;0;0;;;;;0.0;;0;;;;;;;;20.840.042/0001-48;;;;;;;;;;328411.12;;0.1827
B2300346100000;TRÊS REIS;2023;;Renúncia — Art.3/3-A/39;0.0;0.0;0.0;0.0;0.0;0.0;12007.52;12007.52;0;0.0;12007.52;0.0;;0.0;0.0;0;0;0;0;;;;;3.745;adoro_critico|adoro_usuario;2;alta;;;;;;;17.831.177/0001-32;;;;;;;;;;0.0;;
B2300139700000;TUDO O QUE VOCÊ PODIA SER;2023;;sem_categoria;0.0;0.0;0.0;0.0;0.0;0.0;47930.68;47930.68;60000;62898.0;47930.68;0.0;;0.0;0.0;0;0;0;0;;;;;4.133;adoro_critico|adoro_usuario;2;media;;;;;;;16.957.757/0001-08;;;;;;;;;;0.0;;
B2300408000000;TÁ ESCRITO;2023;;Renúncia — Art.3/3-A/39;0.0;3000000.0;582845.69;0.0;3755897.14;3755897.14;1093212.17;1108250.36;140000;146762.0;1108250.36;0.0;0.2951;0.0;0.0;0;0;0;0;;;;;0.0;;0;;;;;;;;12.580.503/0001-62;;;;;;;;;;3582845.69;;0.3442
B2300549000000;UM BOM VIZINHO;2023;;sem_categoria;0.0;0.0;0.0;0.0;0.0;0.0;0.0;0.0;120000;125796.0;0.0;0.0;;0.0;0.0;0;0;0;0;;;;;3.793;adoro_critico|adoro_usuario;2;media;;;;;;;01.369.211/0001-69;;;;;;;;;;0.0;;
B2300388100000;UM CERTO WILSON;2023;;Renúncia — Art.3/3-A/39;0.0;300000.0;0.0;0.0;314490.0;314490.0;2007.88;2007.88;0;0.0;2007.88;0.0;0.0064;0.0;0.0;0;0;0;0;;;;;3.8;adoro_critico;1;media;;;;;;;01.369.211/0001-69;;;;;;;;;;300000.0;;0.0067
B2300465800000;UMA CARTA PARA PAPAI NOEL;2023;;sem_categoria;0.0;0.0;0.0;0.0;0.0;0.0;125903.76;127629.6;0;0.0;127629.6;0.0;;0.0;0.0;0;0;0;0;;;;;3.817;adoro_critico|adoro_usuario;2;alta;;;;;;;08.267.476/0001-03;;;;;;;;;;0.0;;
B2300346800000;UNIDADE BÁSICA - 3ª TEMPORADA;2023;;Renúncia — Art.3/3-A/39;0.0;3000000.0;700000.0;0.0;3878710.0;3878710.0;0.0;0.0;60000;62898.0;0.0;0.0;0.0;0.0;0.0;0;0;0;0;;;;;0.0;;0;;0.0;;;;;;01.378.559/0001-12;;;;;;;;;;3700000.0;;0.0162
B2300449800000;VAMOS BRINCAR COM A TURMA DA MÔNICA – 2ª TEMPORADA;2023;;Renúncia — Art.3/3-A/39;0.0;3000000.0;0.0;0.0;3144900.0;3144900.0;0.0;0.0;280000;293524.0;0.0;0.0;0.0;0.0;0.0;0;0;0;0;;;;;3.9;adoro_usuario;1;baixa;1.0;1.0;1.0;;;;08.267.787/0001-64;;;;;;;;;;3000000.0;;0.0933
B2300280300000;VEM COM ELAS!;2023;;Renúncia — Art.3/3-A/39;0.0;1425000.0;0.0;0.0;1493827.5;1493827.5;0.0;0.0;120000;125796.0;0.0;0.0;0.0;0.0;0.0;0;0;0;0;;;;;0.0;;0;;;;;;;;01.613.170/0001-04;;;;;;;;;;1425000.0;;0.0842
B1600324600000;BILL, O TOURO;2015;ARRANJOS REGIONAIS;FSA SAV/MINC / Arranjos Regionais;266642.66;0.0;0.0;396500.57;0.0;396500.57;0.0;0.0;80000;126443.52;0.0;0.3189;0.0;0.0;0.0;0;0;0;0;;;;;4.3;adoro_usuario;1;baixa;0.0;;;;;;00.830.735/0001-42;;;;;;;;;;266642.66;0.3;0.3
B1800159100000;DIVERSIDADE;2015;ARRANJOS REGIONAIS;FSA SAV/MINC / Arranjos Regionais;166004.92;0.0;200000.0;246851.14;316108.8;562959.94;0.0;0.0;0;0.0;0.0;0.0;0.0;0.0;0.0;0;0;0;0;;;;;0.0;;0;;0.0;;;;;;16.701.009/0001-60;;;;;;;;;;366004.92000000004;0.0;0.0
B1600107600000;EM NOME DA LEI;2015;ARRANJOS REGIONAIS;FSA SAV/MINC / Arranjos Regionais;1831960.08;250000.0;0.0;2895493.51;395136.0;3290629.51;3261654.3;4598701.24;205000;324011.52;4598701.24;1.7001;1.3975;0.0;0.0;0;0;0;0;;;;;4.3;adoro_usuario;1;baixa;;;;;;;42.473.256/0001-66;;;;;;;;;;2081960.08;1.8923;1.6651
B1600064700000;ESPAÇO ALÉM - MARINA ABRAMOVIC E O BRASIL;2015;ARRANJOS REGIONAIS;FSA SAV/MINC / Arranjos Regionais;60000.0;0.0;150000.0;89220.66;237081.6;326302.26;285087.9;401953.72;120000;189665.28;401953.72;6.631;1.2318;0.0;0.0;0;0;0;0;;;;;3.4;adoro_usuario;1;baixa;;;;;;;06.228.927/0001-60;;;;;;;;;;210000.0;6.7515;1.929
B1600416100000;MÃE SÓ HÁ UMA;2015;ARRANJOS REGIONAIS;FSA SAV/MINC / Arranjos Regionais;150000.0;0.0;3980000.0;216660.15;6290565.12;6507225.2700000005;478551.3;674488.64;425000;671731.2;674488.64;6.2135;0.1037;13.91;0.0;28144;0;0;0;;;;;3.5;adoro_usuario;1;baixa;0.0;;;;;;64.047.665/0001-33;;;;;;;;;;4130000.0;6.0237;0.2188
B1600227000000;O CASEIRO;2015;ARRANJOS REGIONAIS;FSA SAV/MINC / Arranjos Regionais;250000.0;2100000.0;0.0;395136.0;3319142.4;3714278.4;186754.5;263310.6;60000;94832.64;263310.6;0.9064;0.0709;0.0;0.0;0;0;0;0;;;;;3.4;adoro_usuario;1;baixa;;;;;;;53.976.478/0001-18;;;;;;;;;;2350000.0;0.987;0.105
B1600756100000;A CIDADE DO FUTURO;2016;ARRANJOS REGIONAIS;FSA SAV/MINC / Arranjos Regionais;200000.0;0.0;69000.0;297402.2;102603.76;400005.96;177261.44;234305.68;140000;208181.54;234305.68;1.4878;0.5858;0.0;0.0;0;0;0;0;;;;;4.062;adoro_critico|adoro_usuario;2;media;1.0;0.0;0.0;;;;00.845.658/0001-02;;;;;;;;;;269000.0;1.5863;1.1794
B1600630700000;A FINADA MÃE DA MADAME;2016;ARRANJOS REGIONAIS;FSA SAV/MINC / Arranjos Regionais;533333.0;0.0;3980000.0;793072.04;5918303.78;6711375.82;6915.0;9164.68;140000;208181.54;9164.68;0.2741;0.0014;0.0;0.0;0;0;0;0;;;;;3.5;adoro_usuario;1;baixa;;;;;;;09.124.563/0001-66;;;;;;;;;;4513333.0;0.2755;0.0326
B1700012000000;A PROFESSORA DE MÚSICA;2016;ARRANJOS REGIONAIS;FSA SAV/MINC / Arranjos Regionais;133333.33;0.0;0.0;198268.13;0.0;198268.13;0.0;0.0;0;0.0;0.0;0.0;0.0;0.0;0.0;0;0;0;0;;;;;4.05;adoro_critico|adoro_usuario;2;alta;1.0;0.0;0.0;AVANCA | CINEMA;;;14.949.815/0001-26;;;;;;;;;;133333.33;0.0;0.0
B1600713500000;AS AVENTURAS DE MINUANO KID;2016;ARRANJOS REGIONAIS;FSA SAV/MINC / Arranjos Regionais;150000.0;0.0;0.0;237081.6;0.0;237081.6;0.0;0.0;80000;118960.88;0.0;0.5018;0.0;0.0;0.0;0;0;0;0;;;;;4.3;adoro_usuario;1;baixa;1.0;0.0;0.0;LA Referencia (Red Federada de Repositorios Institucionales de Publicaciones Científicas);;;15.288.201/0001-03;;;;;;;;;;150000.0;0.5333;0.5333
B1700013000000;CAFÉ COM CANELA;2016;ARRANJOS REGIONAIS;FSA SAV/MINC / Arranjos Regionais;532119.33;0.0;0.0;791267.3;0.0;791267.3;158265.92;209197.24;200000;297402.2;209197.24;0.6402;0.2644;0.0;0.0;0;0;0;0;;;;;3.7;adoro_usuario;1;baixa;36.0;14.0;5.0;Rebeca - Revista Brasileira de Estudos de Cinema e Audiovisual | LA Referencia (Red Federada de Repositorios Institucionales de Publicaciones Científicas) | AVANCA | CINEMA;Rotterdam;Q61641231;13.650.474/0001-20;;;;;;;;;;532119.33;0.6733;0.6733
B1700422600000;CHOCANTE;2016;ARRANJOS REGIONAIS;FSA SAV/MINC / Arranjos Regionais;504368.2;3000000.0;211551.88;728509.93;4775612.97;5504122.899999999;2376420.0;3149548.64;145000;215616.6;3149548.64;4.6192;0.5722;0.0;0.0;0;0;0;0;;;;;0.0;;0;;;;;;;;09.558.964/0001-24;;;;;;;;;;3715920.08;4.9992;0.6785
B1600651600000;CURUMIM, O HOMEM QUE QUERIA VOAR;2016;ARRANJOS REGIONAIS;FSA SAV/MINC / Arranjos Regionais;100000.0;300000.0;371010.0;148701.1;997799.25;1146500.35;32965.8;46479.44;60000;89220.66;46479.44;0.9126;0.0405;0.0;0.0;0;0;0;0;;;;;3.9;adoro_usuario;1;baixa;;;;;;;01.803.185/0001-35;;;;;;;;;;771010.0;0.9297;0.1206
B1700401900000;EU MORO AQUI;2016;ARRANJOS REGIONAIS;FSA SAV/MINC / Arranjos Regionais;333333.34;0.0;0.0;495670.34;0.0;495670.34;0.0;0.0;80000;118960.88;0.0;0.24;0.0;0.0;0.0;0;0;0;0;;;;;4.03;adoro_critico|adoro_usuario;2;alta;;;;;;;02.402.531/0001-36;;;;;;;;;;333333.34;0.24;0.24
B1600714000000;O ÚLTIMO TRAGO;2016;ARRANJOS REGIONAIS;FSA SAV/MINC / Arranjos Regionais;904326.46;0.0;0.0;1344743.39;0.0;1344743.39;7525.56;9462.88;0;0.0;9462.88;0.007;0.007;0.0;0.0;0;0;0;0;;;;;4.6;adoro_usuario;1;baixa;;;;;;;08.254.467/0001-70;;;;;;;;;;904326.46;0.0083;0.0083
B1600473500000;QUATRO MILAGRES DE UM SANTO LADRÃO;2016;ARRANJOS REGIONAIS;FSA SAV/MINC / Arranjos Regionais;150000.0;0.0;0.0;237081.6;0.0;237081.6;0.0;0.0;60000;89220.66;0.0;0.3763;0.0;0.0;0.0;0;0;0;0;;;;;4.1;adoro_usuario;1;baixa;0.0;;;;;;12.667.775/0001-02;;;;;;;;;;150000.0;0.4;0.4
B1600547800000;RIFLE;2016;ARRANJOS REGIONAIS;FSA SAV/MINC / Arranjos Regionais;444000.0;0.0;0.0;641314.04;0.0;641314.04;30630.12;40594.96;140000;208181.54;40594.96;0.3879;0.0633;9.4;37.0;0;1;1;0;;;;;0.0;;0;;14.0;7.0;3.0;LA Referencia (Red Federada de Repositorios Institucionales de Publicaciones Científicas) | Rebeca - Revista Brasileira de Estudos de Cinema e Audiovisual | Sessões do Imaginário;;;10.468.552/0001-82;;;;;;;;;;444000.0;0.3843;0.3843
B1700605000000;A MOÇA DO CALENDÁRIO;2017;ARRANJOS REGIONAIS;FSA SAV/MINC / Arranjos Regionais;695000.0;0.0;0.0;1033472.65;0.0;1033472.65;40848.64;53994.08;60000;86664.06;53994.08;0.1361;0.0522;4.1;20.5;0;0;0;0;;;;;0.0;;0;;;;;;;;04.760.800/0001-61;;;;;;;;;;695000.0;0.1451;0.1451
B1800115300000;A VIDA EXTRA-ORDINÁRIA DE TARSO DE CASTRO;2017;ARRANJOS REGIONAIS;FSA SAV/MINC / Arranjos Regionais;150000.0;0.0;0.0;216660.15;0.0;216660.15;21251.52;28090.44;360000;519984.36;28090.44;2.5297;0.1297;0.0;0.0;0;0;0;0;;;;;3.2;adoro_usuario;1;baixa;;;;;;;11.384.969/0001-20;;;;;;;;;;150000.0;2.5417;2.5417
B1700542200000;ALCE & ALICE;2017;ARRANJOS REGIONAIS;FSA SAV/MINC / Arranjos Regionais;150000.0;0.0;0.0;237081.6;0.0;237081.6;0.0;0.0;280000;404432.28;0.0;1.7059;0.0;0.0;0.0;0;0;0;0;;;;;0.0;;0;;0.0;;;;;;11.862.908/0001-20;;;;;;;;;;150000.0;1.8667;1.8667
B1800408800000;AURORA 1964;2017;ARRANJOS REGIONAIS;FSA SAV/MINC / Arranjos Regionais;96240.72;0.0;500000.0;133985.75;722200.5;856186.25;0.0;0.0;60000;86664.06;0.0;0.6468;0.0;0.0;0.0;0;0;0;0;;;;;0.0;;0;;;;;;;;18.274.744/0001-60;;;;;;;;;;596240.72;0.6234;0.1006
B1700620000000;BRAZIL, MADE IN PARANÁ;2017;ARRANJOS REGIONAIS;FSA SAV/MINC / Arranjos Regionais;30000.0;606680.17;0.0;44610.33;876289.44;920899.7699999999;0.0;0.0;80000;115552.08;0.0;2.5903;0.0;0.0;0.0;0;0;0;0;;;;;0.0;;0;;0.0;;;;;;04.937.797/0001-09;;;;;;;;;;636680.17;2.6667;0.1257
B1900426000000;CANAL 60;2017;ARRANJOS REGIONAIS;FSA SAV/MINC / Arranjos Regionais;54000.0;0.0;0.0;80298.59;0.0;80298.59;0.0;0.0;0;0.0;0.0;0.0;0.0;0.0;0.0;0;0;0;0;;;;;0.0;;0;;0.0;;;;;;79.052.494/0001-08;;;;;;;;;;54000.0;0.0;0.0
B1900452000000;CLANDESTINO;2017;ARRANJOS REGIONAIS;FSA SAV/MINC / Arranjos Regionais;33333.33;620101.61;100000.0;49567.03;1040115.49;1089682.52;0.0;0.0;0;0.0;0.0;0.0;0.0;0.0;0.0;0;0;0;0;;;;;0.0;;0;;0.0;;;;;;15.667.476/0001-58;;;;;;;;;;753434.94;0.0;0.0
B1700342300000;DIÁRIOS DA FLORESTA;2017;ARRANJOS REGIONAIS;FSA SAV/MINC / Arranjos Regionais;666666.64;0.0;0.0;991340.63;0.0;991340.63;0.0;0.0;140000;202216.14;0.0;0.204;0.0;0.0;0.0;0;0;0;0;;;;;4.0;adoro_usuario;1;baixa;;;;;;;05.209.603/0001-11;;;;;;;;;;666666.64;0.21;0.21
B1800077200000;JEITOSINHA;2017;ARRANJOS REGIONAIS;FSA SAV/MINC / Arranjos Regionais;168147.52;0.0;7100.0;250037.21;10255.25;260292.46;0.0;0.0;60000;86664.06;0.0;0.3466;0.0;0.0;0.0;0;0;0;0;;;;;0.0;;0;;;;;;;;16.820.127/0001-97;;;;;;;;;;175247.52;0.3568;0.3424
B1900203700000;JOÃO E MARIA - UMA AVENTURA NO CERRADO (O FILME);2017;ARRANJOS REGIONAIS;FSA SAV/MINC / Arranjos Regionais;28000.0;0.0;1980000.0;40443.23;2859913.98;2900357.21;0.0;0.0;0;0.0;0.0;0.0;0.0;0.0;0.0;0;0;0;0;;;;;4.3;adoro_usuario;1;baixa;;;;;;;11.274.042/0001-37;;;;;;;;;;2008000.0;0.0;0.0
B1800443100000;LENINGRADO LINHA 41;2017;ARRANJOS REGIONAIS;FSA SAV/MINC / Arranjos Regionais;33334.0;0.0;0.0;49568.02;0.0;49568.02;0.0;0.0;0;0.0;0.0;0.0;0.0;0.0;0.0;0;0;0;0;;;;;0.0;;0;;0.0;;;;;;17.220.694/0001-75;;;;;;;;;;33334.0;0.0;0.0
B1700214000000;NO FIM DE TUDO;2017;ARRANJOS REGIONAIS;FSA SAV/MINC / Arranjos Regionais;33334.0;0.0;0.0;49568.02;0.0;49568.02;0.0;0.0;120000;173328.12;0.0;3.4968;0.0;0.0;0.0;0;0;0;0;;;;;4.3;adoro_usuario;1;baixa;;;;;;;25.094.170/0001-03;;;;;;;;;;33334.0;3.5999;3.5999
B1700104400000;O CLUBE DOS CANIBAIS;2017;ARRANJOS REGIONAIS;FSA SAV/MINC / Arranjos Regionais;788500.0;0.0;0.0;1172508.17;0.0;1172508.17;31148.43;39163.6;60000;86664.06;39163.6;0.1073;0.0334;0.0;0.0;0;0;0;0;;;;;3.445;adoro_critico|adoro_usuario;2;alta;;;;;;;16.894.643/0001-66;;;;;;;;;;788500.0;0.1156;0.1156
B1800609700000;O SAMBA QUE MORA AQUI;2017;ARRANJOS REGIONAIS;FSA SAV/MINC / Arranjos Regionais;200000.0;158458.93999999997;1226550.6;297402.2;2000509.16;2297911.36;0.0;0.0;0;0.0;0.0;0.0;0.0;0.0;0.0;0;0;0;0;;;;;4.03;adoro_critico|adoro_usuario;2;alta;;;;;;;12.345.593/0001-07;;;;;;;;;;1585009.54;0.0;0.0
B1700070600000;O SENHOR DAS JORNADAS;2017;ARRANJOS REGIONAIS;FSA SAV/MINC / Arranjos Regionais;166666.67;0.0;0.0;247835.17;0.0;247835.17;0.0;0.0;80000;115552.08;0.0;0.4662;0.0;0.0;0.0;0;0;0;0;;;;;4.133;adoro_critico|adoro_usuario;2;media;;;;;;;16.487.027/0001-90;;;;;;;;;;166666.67;0.48;0.48
B1700510100000;PAULA PARANORMAL;2017;ARRANJOS REGIONAIS;FSA SAV/MINC / Arranjos Regionais;54000.0;0.0;0.0;80298.59;0.0;80298.59;0.0;0.0;0;0.0;0.0;0.0;0.0;0.0;0.0;0;0;0;0;;;;;0.0;;0;;1.0;0.0;0.0;;;;06.768.153/0001-60;;;;;;;;;;54000.0;0.0;0.0
B1800236000000;PROFETAS DA CHUVA;2017;ARRANJOS REGIONAIS;FSA SAV/MINC / Arranjos Regionais;225079.06;0.0;0.0;325104.42;0.0;325104.42;0.0;0.0;200000;288880.2;0.0;0.8886;0.0;0.0;0.0;0;0;0;0;;;;;3.468;adoro_critico|adoro_usuario;2;media;;;;;;;03.048.443/0001-40;;;;;;;;;;225079.06;0.8886;0.8886
B1800364300000;SABÁ;2017;ARRANJOS REGIONAIS;FSA SAV/MINC / Arranjos Regionais;73620.5;0.0;0.0;106337.52;0.0;106337.52;0.0;0.0;0;0.0;0.0;0.0;0.0;0.0;0.0;0;0;0;0;;;;;0.0;;0;;2.0;1.0;1.0;Revista Latinoamericana de Ciencias de la Comunicación;;;19.709.434/0001-93;;;;;;;;;;73620.5;0.0;0.0
B1700424500000;YONLU;2017;ARRANJOS REGIONAIS;FSA SAV/MINC / Arranjos Regionais;800000.0;0.0;0.0;1189608.8;0.0;1189608.8;118906.24;157171.28;60000;86664.06;157171.28;0.205;0.1321;2.4;12.0;0;0;0;0;;;;;0.0;;0;;;;;;;;11.907.529/0001-00;;;;;;;;;;800000.0;0.2236;0.2236
B1800307800000;1798 REVOLTA DOS BÚZIOS;2018;ARRANJOS REGIONAIS;FSA SAV/MINC / Arranjos Regionais;200000.0;0.0;0.0;297402.2;0.0;297402.2;137052.72;137052.72;140000;194907.16;137052.72;1.1162;0.4608;0.0;0.0;0;0;0;0;;;;;0.0;;0;;3.0;39.0;37.0;Monumenta Nipponica | Film Quarterly | Fotocinema Revista científica de cine y fotografía;;;63.190.623/0001-94;;;;;;;;;;200000.0;1.3853;1.3853
B1900117400000;A COLMEIA;2018;ARRANJOS REGIONAIS;FSA SAV/MINC / Arranjos Regionais;392000.0;0.0;0.0;582908.31;0.0;582908.31;14917.1;15526.28;60000;83531.64;15526.28;0.1699;0.0266;0.0;0.0;0;0;0;0;;;;;0.0;;0;;;;;;;;13.622.499/0001-10;;;;;;;;;;392000.0;0.1911;0.1911
B1900412100000;A VOZ DO VERBO ENCANTADO;2018;ARRANJOS REGIONAIS;FSA SAV/MINC / Arranjos Regionais;237416.0;0.0;0.0;342923.91;0.0;342923.91;0.0;0.0;0;0.0;0.0;0.0;0.0;0.0;0.0;0;0;0;0;;;;;2.6;adoro_usuario;1;baixa;0.0;;;;;;11.223.363/0001-02;;;;;;;;;;237416.0;0.0;0.0
B1900034500000;ALASKA;2018;ARRANJOS REGIONAIS;FSA SAV/MINC / Arranjos Regionais;378500.0;0.0;0.0;526945.43;0.0;526945.43;33880.83;42602.84;60000;83531.64;42602.84;0.2394;0.0808;0.0;0.0;0;0;0;0;;;;;0.0;;0;;;;;;;;17.942.221/0001-81;;;;;;;;;;378500.0;0.248;0.248
B1800093300000;ANJOS HUMANOS;2018;ARRANJOS REGIONAIS;FSA SAV/MINC / Arranjos Regionais;283333.33;0.0;0.0;409246.95;0.0;409246.95;0.0;0.0;80000;111375.52;0.0;0.2721;0.0;0.0;0.0;0;0;0;0;;;;;0.0;;0;;15.0;18.0;15.0;LA Referencia (Red Federada de Repositorios Institucionales de Publicaciones Científicas) | Revista FAMECOS | O Mosaico;;;07.467.108/0001-38;;;;;;;;;;283333.33;0.2824;0.2824
B1800141000000;AZOUGUE NAZARÉ;2018;ARRANJOS REGIONAIS;FSA SAV/MINC / Arranjos Regionais;395300.0;0.0;0.0;570971.72;0.0;570971.72;77264.29;97034.28;60000;83531.64;97034.28;0.3162;0.1699;0.0;0.0;0;0;0;0;;;;;0.0;;0;;;;;;;;14.595.634/0001-49;;;;;;;;;;395300.0;0.3472;0.3472
B1800494000000;BEIÇO DE ESTRADA;2018;ARRANJOS REGIONAIS;FSA SAV/MINC / Arranjos Regionais;500000.0;0.0;4000000.0;743505.5;5568776.0;6312281.5;334.74;417.48;0;0.0;417.48;0.0006;0.0001;0.0;0.0;0;0;0;0;;;;;3.6;adoro_usuario;1;baixa;1.0;0.0;0.0;;;;03.576.269/0001-09;;;;;;;;;;4500000.0;0.0007;0.0001
B1800394600000;BOTECAM;2018;ARRANJOS REGIONAIS;FSA SAV/MINC / Arranjos Regionais;128000.0;0.0;0.0;190337.41;0.0;190337.41;0.0;0.0;0;0.0;0.0;0.0;0.0;0.0;0.0;0;0;0;0;;;;;0.0;;0;;0.0;;;;;;09.355.997/0001-77;;;;;;;;;;128000.0;0.0;0.0
B1900032600000;CARTAS PARA...A SÉRIE, ESCRITORAS BAIANAS;2018;ARRANJOS REGIONAIS;FSA SAV/MINC / Arranjos Regionais;226000.0;0.0;0.0;326434.63;0.0;326434.63;0.0;0.0;200000;278438.8;0.0;0.853;0.0;0.0;0.0;0;0;0;0;;;;;4.055;adoro_critico|adoro_usuario;2;media;;;;;;;05.791.137/0001-25;;;;;;;;;;226000.0;0.885;0.885
B1900210300000;"CIRCO SOCIAL ""OS KACO""";2018;ARRANJOS REGIONAIS;FSA SAV/MINC / Arranjos Regionais;15000.0;0.0;0.0;21666.01;0.0;21666.01;0.0;0.0;0;0.0;0.0;0.0;0.0;0.0;0.0;0;0;0;0;;;;;0.0;;0;;;;;;;;11.274.042/0001-37;;;;;;;;;;15000.0;0.0;0.0
B1900433000000;CODINOME BRENO;2018;ARRANJOS REGIONAIS;FSA SAV/MINC / Arranjos Regionais;33333.33;0.0;0.0;48146.7;0.0;48146.7;0.0;0.0;60000;83531.64;0.0;1.7349;0.0;0.0;0.0;0;0;0;0;;;;;0.0;;0;;;;;;;;17.220.694/0001-75;;;;;;;;;;33333.33;1.8;1.8
B1800569200000;CRISÁLIDA;2018;ARRANJOS REGIONAIS;FSA SAV/MINC / Arranjos Regionais;480000.0;3000000.0;0.0;693312.48;4176582.0;4869894.48;0.0;0.0;80000;111375.52;0.0;0.1606;0.0;0.0;0.0;0;0;0;0;;;;;0.0;;0;;;;;;;;01.009.824/0001-95;;;;;;;;;;3480000.0;0.1667;0.023
B1800566100000;CRUA;2018;ARRANJOS REGIONAIS;FSA SAV/MINC / Arranjos Regionais;46666.66;0.0;0.0;67405.37;0.0;67405.37;0.0;0.0;0;0.0;0.0;0.0;0.0;0.0;0.0;0;0;0;0;;;;;4.23;adoro_critico|adoro_usuario;2;alta;1.0;0.0;0.0;;;;10.773.468/0001-72;;;;;;;;;;46666.66;0.0;0.0
B1800485700000;ESTANTE DE LIVROS;2018;ARRANJOS REGIONAIS;FSA SAV/MINC / Arranjos Regionais;52325.63;0.0;0.0;77808.79;0.0;77808.79;0.0;0.0;0;0.0;0.0;0.0;0.0;0.0;0.0;0;0;0;0;;;;;0.0;;0;;;;;;;;03.827.382/0001-10;;;;;;;;;;52325.63;0.0;0.0
B1800449500000;EU, UM OUTRO;2018;ARRANJOS REGIONAIS;FSA SAV/MINC / Arranjos Regionais;450000.0;0.0;0.0;669154.95;0.0;669154.95;10564.85;10993.64;60000;83531.64;10993.64;0.1413;0.0164;0.0;0.0;0;0;0;0;;;;;3.983;adoro_critico;1;media;;;;;;;02.825.596/0001-94;;;;;;;;;;450000.0;0.1568;0.1568
B1800335300000;FRANS KRAJCBERG: MANIFESTO;2018;ARRANJOS REGIONAIS;FSA SAV/MINC / Arranjos Regionais;205000.0;0.0;255000.0;285399.77;355009.47;640409.24;27114.15;34094.2;60000;83531.64;34094.2;0.4121;0.0532;0.0;0.0;0;0;0;0;;;;;0.0;;0;;;;;;;;60.636.537/0001-74;;;;;;;;;;460000.0;0.4249;0.1894
B1800452000000;FRONTEIRAS;2018;ARRANJOS REGIONAIS;FSA SAV/MINC / Arranjos Regionais;30000.0;1985500.0;0.0;44610.33;2764201.19;2808811.52;0.0;0.0;0;0.0;0.0;0.0;0.0;0.0;0.0;0;0;0;0;;;;;3.817;adoro_critico;1;alta;;;;;;;14.622.284/0001-62;;;;;;;;;;2015500.0;0.0;0.0
B1900248400000;HUNT;2018;ARRANJOS REGIONAIS;FSA SAV/MINC / Arranjos Regionais;211550.0;0.0;0.0;294518.64;0.0;294518.64;0.0;0.0;0;0.0;0.0;0.0;0.0;0.0;0.0;0;0;0;0;;;;;0.0;;0;;0.0;;;;;;17.730.742/0001-75;;;;;;;;;;211550.0;0.0;0.0
B1800255500000;ILHA;2018;ARRANJOS REGIONAIS;FSA SAV/MINC / Arranjos Regionais;530760.0;0.0;5398087.77;766630.27;7515185.4;8281815.67;2604.28;2604.28;60000;83531.64;2604.28;0.1124;0.0003;0.0;0.0;0;0;0;0;;;;;4.423;adoro_critico|adoro_usuario;2;alta;36.0;14.0;5.0;Rebeca - Revista Brasileira de Estudos de Cinema e Audiovisual | LA Referencia (Red Federada de Repositorios Institucionales de Publicaciones Científicas) | AVANCA | CINEMA;Rotterdam;Q61641231;13.650.474/0001-20;;;;;;;;;;5928847.77;0.118;0.0106
B1800168300000;INFERNINHO;2018;ARRANJOS REGIONAIS;FSA SAV/MINC / Arranjos Regionais;85600.0;0.0;0.0;123640.73;0.0;123640.73;59524.65;74848.2;140000;194907.16;74848.2;2.1818;0.6054;0.0;0.0;0;0;0;0;;;;;0.0;;0;;;;;;;;08.254.467/0001-70;;;;;;;;;;85600.0;2.3309;2.3309
B1800190900000;JOVENS DE CORAÇÃO - EPISÓDIO PILOTO;2018;ARRANJOS REGIONAIS;FSA SAV/MINC / Arranjos Regionais;54000.0;0.0;0.0;75178.48;0.0;75178.48;0.0;0.0;60000;83531.64;0.0;1.1111;0.0;0.0;0.0;0;0;0;0;;;;;4.203;adoro_critico|adoro_usuario;2;media;1.0;0.0;0.0;Revista Periódicus;;;05.930.707/0001-10;;;;;;;;;;54000.0;1.1111;1.1111
B1800444000000;JUVENAL E OLIVER;2018;ARRANJOS REGIONAIS;FSA SAV/MINC / Arranjos Regionais;79138.5;0.0;0.0;114307.73;0.0;114307.73;0.0;0.0;0;0.0;0.0;0.0;0.0;0.0;0.0;0;0;0;0;;;;;0.0;;0;;;;;;;;19.709.434/0001-93;;;;;;;;;;79138.5;0.0;0.0
B1800287700000;LUNA;2018;ARRANJOS REGIONAIS;FSA SAV/MINC / Arranjos Regionais;640000.0;3993500.0;0.0;951687.04;5559726.74;6511413.78;16094.58;20237.84;60000;83531.64;20237.84;0.109;0.0031;0.0;0.0;0;0;0;0;;;;;0.0;;0;;0.0;;;;;;12.751.837/0001-51;;;;;;;;;;4633500.0;0.1189;0.0164
B1800610400000;MIRANTE;2018;ARRANJOS REGIONAIS;FSA SAV/MINC / Arranjos Regionais;249370.0;0.0;0.0;370815.93;0.0;370815.93;10682.79;10794.84;0;0.0;10794.84;0.0291;0.0291;0.0;0.0;0;0;0;0;;;;;0.0;;0;;;;;;;;13.254.763/0001-00;;;;;;;;;;249370.0;0.0428;0.0428
B1900112800000;NA ASA DO VENTO;2018;ARRANJOS REGIONAIS;FSA SAV/MINC / Arranjos Regionais;174814.0;0.0;0.0;252501.52;0.0;252501.52;0.0;0.0;60000;83531.64;0.0;0.3308;0.0;0.0;0.0;0;0;0;0;;;;;0.0;;0;;;;;;;;17.902.521/0001-37;;;;;;;;;;174814.0;0.3432;0.3432
B1800348000000;NA CONTRAMÃO;2018;ARRANJOS REGIONAIS;FSA SAV/MINC / Arranjos Regionais;283332.0;0.0;0.0;409245.02;0.0;409245.02;0.0;0.0;80000;111375.52;0.0;0.2721;0.0;0.0;0.0;0;0;0;0;;;;;0.0;;0;;;;;;;;02.669.022/0001-74;;;;;;;;;;283332.0;0.2824;0.2824
B1900027900000;NADIR;2018;ARRANJOS REGIONAIS;FSA SAV/MINC / Arranjos Regionais;33330.0;0.0;0.0;49562.08;0.0;49562.08;0.0;0.0;60000;83531.64;0.0;1.6854;0.0;0.0;0.0;0;0;0;0;;;;;0.0;;0;;0.0;;;;;;21.557.420/0001-43;;;;;;;;;;33330.0;1.8002;1.8002
B1800440700000;O BARCO;2018;ARRANJOS REGIONAIS;FSA SAV/MINC / Arranjos Regionais;686666.67;0.0;0.0;1021080.89;0.0;1021080.89;17265.02;21490.28;0;0.0;21490.28;0.021;0.021;0.8;4.0;0;0;0;0;;;;;0.0;;0;;;;;;;;04.614.433/0001-98;;;;;;;;;;686666.67;0.0251;0.0251
B1800311700000;O BEIJO DE ALICE;2018;ARRANJOS REGIONAIS;FSA SAV/MINC / Arranjos Regionais;183000.0;0.0;0.0;272123.01;0.0;272123.01;0.0;0.0;0;0.0;0.0;0.0;0.0;0.0;0.0;0;0;0;0;;;;;4.11;adoro_critico|adoro_usuario;2;media;;;;;;;04.952.911/0001-70;;;;;;;;;;183000.0;0.0;0.0
B1800445800000;O BEM-AVENTURADO;2018;ARRANJOS REGIONAIS;FSA SAV/MINC / Arranjos Regionais;182550.0;0.0;0.0;263675.4;0.0;263675.4;0.0;0.0;0;0.0;0.0;0.0;0.0;0.0;0.0;0;0;0;0;;;;;0.0;;0;;;;;;;;12.064.131/0001-11;;;;;;;;;;182550.0;0.0;0.0
B1800378500000;O DESPERTAR DE SOLOMON;2018;ARRANJOS REGIONAIS;FSA SAV/MINC / Arranjos Regionais;172140.0;0.0;0.0;255974.07;0.0;255974.07;0.0;0.0;0;0.0;0.0;0.0;0.0;0.0;0.0;0;0;0;0;;;;;3.6;adoro_usuario;1;baixa;0.0;;;;;;80.026.826/0001-69;;;;;;;;;;172140.0;0.0;0.0
B1800189500000;OFF-GRID - (DES)REGRADOS (EPISÓDIO PILOTO);2018;ARRANJOS REGIONAIS;FSA SAV/MINC / Arranjos Regionais;30000.0;0.0;0.0;41765.82;0.0;41765.82;0.0;0.0;60000;83531.64;0.0;2.0;0.0;0.0;0.0;0;0;0;0;;;;;0.0;;0;;0.0;;;;;;05.930.707/0001-10;;;;;;;;;;30000.0;2.0;2.0
B1800235200000;ONDE QUER QUE VOCÊ ESTEJA;2018;ARRANJOS REGIONAIS;FSA SAV/MINC / Arranjos Regionais;250000.0;0.0;0.0;371752.75;0.0;371752.75;8126.34;10218.32;60000;83531.64;10218.32;0.2522;0.0275;0.0;0.0;0;0;0;0;;;;;0.0;;0;;;;;;;;04.315.795/0001-88;;;;;;;;;;250000.0;0.2725;0.2725
B1800595000000;PEDRINHO E A CHUTEIRA DA SORTE;2018;ARRANJOS REGIONAIS;FSA SAV/MINC / Arranjos Regionais;354824.28;0.0;0.0;493984.23;0.0;493984.23;0.0;0.0;80000;111375.52;0.0;0.2255;0.0;0.0;0.0;0;0;0;0;;;;;0.0;;0;;;;;;;;18.274.744/0001-60;;;;;;;;;;354824.28;0.2255;0.2255
B1900427100000;QUANDO AS COISAS SE DESMANCHAM;2018;ARRANJOS REGIONAIS;FSA SAV/MINC / Arranjos Regionais;33333.33;0.0;0.0;48146.7;0.0;48146.7;0.0;0.0;0;0.0;0.0;0.0;0.0;0.0;0.0;0;0;0;0;;;;;3.7;adoro_usuario;1;baixa;;;;;;;17.220.694/0001-75;;;;;;;;;;33333.33;0.0;0.0
B1800216300000;RICK COM MONSTROS NOS DEDOS - EPISÓDIO PILOTO;2018;ARRANJOS REGIONAIS;FSA SAV/MINC / Arranjos Regionais;43537.5;0.0;0.0;60612.65;0.0;60612.65;0.0;0.0;0;0.0;0.0;0.0;0.0;0.0;0.0;0;0;0;0;;;;;3.6;adoro_usuario;1;baixa;1.0;0.0;0.0;;;;06.768.153/0001-60;;;;;;;;;;43537.5;0.0;0.0
B1800466100000;TEMPORADA;2018;ARRANJOS REGIONAIS;FSA SAV/MINC / Arranjos Regionais;450000.0;10043688.1;0.0;669154.95;13982762.31;14651917.26;118668.15;149259.04;140000;194907.16;149259.04;0.5143;0.0102;20.14;48.0;2353;0;0;0;;;;;3.213;adoro_critico|adoro_usuario;2;alta;0.0;;;;;;17.456.554/0001-09;;;;;;;;;;10493688.1;0.5748;0.0246
B1800454800000;XADALU E O JAGUARETÊ;2018;ARRANJOS REGIONAIS;FSA SAV/MINC / Arranjos Regionais;150000.0;0.0;0.0;223051.65;0.0;223051.65;0.0;0.0;0;0.0;0.0;0.0;0.0;0.0;0.0;0;0;0;0;;;;;3.4;adoro_usuario;1;baixa;;;;;;;12.325.821/0001-87;;;;;;;;;;150000.0;0.0;0.0
B1900471700000;A ARTE URBANA;2019;ARRANJOS REGIONAIS;FSA SAV/MINC / Arranjos Regionais;94520.0;0.0;0.0;136524.78;0.0;136524.78;974.1;1013.88;0;0.0;1013.88;0.0074;0.0074;0.0;0.0;0;0;0;0;;;;;3.88;adoro_critico;1;media;5.0;2.0;1.0;Interactive Film and Media Journal | Portuguese Literary and Cultural Studies | LA Referencia (Red Federada de Repositorios Institucionales de Publicaciones Científicas);;;12.573.633/0001-78;;;;;;;;;;94520.0;0.0103;0.0103
B1900494600000;A BATALHA DE SHANGRI-LÁ;2019;ARRANJOS REGIONAIS;FSA SAV/MINC / Arranjos Regionais;1347212.5;0.0;1880000.0;1875581.16;2509179.6;4384760.76;2712.2;2822.96;0;0.0;2822.96;0.0015;0.0006;0.0;0.0;0;0;0;0;;;;;3.965;adoro_critico|adoro_usuario;2;media;2.0;0.0;0.0;Portuguese National Funding Agency for Science, Research and Technology (RCAAP Project by FCT) | Repositório Institucional do ISCTE-IUL (ISCTE-IUL);;;19.716.946/0001-87;;;;;;;;;;3227212.5;0.002;0.0008
B1900371300000;A CIDADE DO FUTURO TV;2019;ARRANJOS REGIONAIS;FSA SAV/MINC / Arranjos Regionais;200000.0;0.0;69000.0;266934.0;92092.23;359026.23;0.0;0.0;0;0.0;0.0;0.0;0.0;0.0;0.0;0;0;0;0;;;;;4.062;adoro_critico|adoro_usuario;2;media;1.0;0.0;0.0;;;;00.845.658/0001-02;;;;;;;;;;269000.0;0.0;0.0
B1900611200000;A CIDADE DOS ABISMOS;2019;ARRANJOS REGIONAIS;FSA SAV/MINC / Arranjos Regionais;150000.0;0.0;69000.0;208829.1;92092.23;300921.33;18354.96;18607.68;0;0.0;18607.68;0.0891;0.0618;0.0;0.0;0;0;0;0;;;;;3.5;adoro_usuario;1;baixa;;;;;;;17.822.593/0001-74;;;;;;;;;;219000.0;0.1224;0.0838
B1900585300000;A MARAVILHA DO SÉCULO;2019;ARRANJOS REGIONAIS;FSA SAV/MINC / Arranjos Regionais;127500.0;0.0;0.0;184161.13;0.0;184161.13;0.0;0.0;60000;80080.2;0.0;0.4348;0.0;0.0;0.0;0;0;0;0;;;;;0.0;;0;;;;;;;;01.282.220/0001-18;;;;;;;;;;127500.0;0.4706;0.4706
B1900249100000;A NOITE AMARELA;2019;ARRANJOS REGIONAIS;FSA SAV/MINC / Arranjos Regionais;687475.0;0.0;0.0;957098.57;0.0;957098.57;28840.82;36261.12;80000;106773.6;36261.12;0.1494;0.0379;0.0;0.0;0;0;0;0;;;;;3.2;adoro_usuario;1;baixa;;;;;;;19.099.086/0001-80;;;;;;;;;;687475.0;0.1583;0.1583
B1900617900000;A ÉTICA DAS HIENAS;2019;ARRANJOS REGIONAIS;FSA SAV/MINC / Arranjos Regionais;46667.0;0.0;0.0;67405.86;0.0;67405.86;0.0;0.0;120000;160160.4;0.0;2.3761;0.0;0.0;0.0;0;0;0;0;;;;;0.0;;0;;;;;;;;10.696.683/0001-17;;;;;;;;;;46667.0;2.5714;2.5714
B1900347600000;AMBIENTE FAMILIAR;2019;ARRANJOS REGIONAIS;FSA SAV/MINC / Arranjos Regionais;333333.33;0.0;0.0;481467.0;0.0;481467.0;11509.68;14472.64;140000;186853.8;14472.64;0.4182;0.0301;0.0;0.0;0;0;0;0;;;;;0.0;;0;;;;;;;;13.124.984/0001-64;;;;;;;;;;333333.33;0.4545;0.4545
B2000007500000;APERTE START, WOLFGANG;2019;ARRANJOS REGIONAIS;FSA SAV/MINC / Arranjos Regionais;54000.0;0.0;0.0;80298.59;0.0;80298.59;0.0;0.0;0;0.0;0.0;0.0;0.0;0.0;0.0;0;0;0;0;;;;;0.0;;0;;;;;;;;08.378.645/0001-74;;;;;;;;;;54000.0;0.0;0.0
B1900158800000;AVENTURAS DE AMÍ;2019;ARRANJOS REGIONAIS;FSA SAV/MINC / Arranjos Regionais;910000.0;0.0;0.0;1314404.91;0.0;1314404.91;0.0;0.0;140000;186853.8;0.0;0.1422;0.0;0.0;0.0;0;0;0;0;;;;;4.5;adoro_usuario;1;baixa;;;;;;;08.573.621/0001-76;;;;;;;;;;910000.0;0.1538;0.1538
B1900223700000;BAIXO CENTRO;2019;ARRANJOS REGIONAIS;FSA SAV/MINC / Arranjos Regionais;450000.0;0.0;0.0;669154.95;0.0;669154.95;5248.32;5248.32;80000;106773.6;5248.32;0.1674;0.0078;0.0;0.0;0;0;0;0;;;;;0.0;;0;;0.0;;;;;;08.287.614/0001-08;;;;;;;;;;450000.0;0.1894;0.1894
B1900498800000;BATE CORAÇÃO;2019;ARRANJOS REGIONAIS;FSA SAV/MINC / Arranjos Regionais;1581454.67;0.0;992453.46;2201691.7;1324597.86;3526289.5600000005;93927.21;118107.08;60000;80080.2;118107.08;0.09;0.0335;0.0;0.0;0;0;0;0;;;;;3.4;adoro_usuario;1;baixa;;;;;;;00.975.333/0001-36;;;;;;;;;;2573908.13;0.0973;0.0598
B1900045700000;BECO;2019;ARRANJOS REGIONAIS;FSA SAV/MINC / Arranjos Regionais;150280.0;0.0;0.0;209218.91;0.0;209218.91;0.0;0.0;80000;106773.6;0.0;0.5103;0.0;0.0;0.0;0;0;0;0;;;;;4.027;adoro_critico|adoro_usuario;2;alta;15.0;18.0;15.0;LA Referencia (Red Federada de Repositorios Institucionales de Publicaciones Científicas) | Revista FAMECOS | O Mosaico;;;06.905.794/0001-19;;;;;;;;;;150280.0;0.5323;0.5323
B1900160800000;BOIS, RAPOSAS E CROCODILOS;2019;ARRANJOS REGIONAIS;FSA SAV/MINC / Arranjos Regionais;180345.0;0.0;0.0;260490.5;0.0;260490.5;0.0;0.0;0;0.0;0.0;0.0;0.0;0.0;0.0;0;0;0;0;;;;;0.0;;0;;0.0;;;;;;05.145.815/0001-82;;;;;;;;;;180345.0;0.0;0.0
B1900591800000;BORIS E RUFUS- TEMPORADA 03;2019;ARRANJOS REGIONAIS;FSA SAV/MINC / Arranjos Regionais;950000.0;0.0;1050000.0;1213104.4;1401403.5;2614507.9;0.0;0.0;360000;480481.2;0.0;0.3961;0.0;0.0;0.0;0;0;0;0;;;;;0.0;;0;;;;;;;;03.274.384/0001-29;;;;;;;;;;2000000.0;0.3789;0.18
B1900504800000;BRASÍLIA, A HISTÓRIA DA HISTÓRIA;2019;ARRANJOS REGIONAIS;FSA SAV/MINC / Arranjos Regionais;400000.0;0.0;390465.0;556877.6;521141.92;1078019.52;0.0;0.0;0;0.0;0.0;0.0;0.0;0.0;0.0;0;0;0;0;;;;;4.175;adoro_critico|adoro_usuario;2;media;;;;;;;18.641.448/0001-50;;;;;;;;;;790465.0;0.0;0.0
B1900561100000;CAPITÃO ASTÚCIA;2019;ARRANJOS REGIONAIS;FSA SAV/MINC / Arranjos Regionais;1997507.0;0.0;833000.0;2885201.11;1111780.11;3996981.2199999997;0.0;0.0;80000;106773.6;0.0;0.037;0.0;0.0;0.0;0;0;0;0;;;;;0.0;;0;;;;;;;;09.137.251/0001-97;;;;;;;;;;2830507.0;0.04;0.0283
B1900268200000;CASALTOPIA;2019;ARRANJOS REGIONAIS;FSA SAV/MINC / Arranjos Regionais;53995.0;0.0;0.0;80291.16;0.0;80291.16;0.0;0.0;0;0.0;0.0;0.0;0.0;0.0;0.0;0;0;0;0;;;;;0.0;;0;;0.0;;;;;;07.567.854/0001-01;;;;;;;;;;53995.0;0.0;0.0
B1900583200000;CIDADE PÁSSARO;2019;ARRANJOS REGIONAIS;FSA SAV/MINC / Arranjos Regionais;705428.17;0.0;965000.0;941513.82;1287956.55;2229470.37;3379.28;4214.56;60000;80080.2;4214.56;0.0895;0.0019;2.4;12.0;0;0;0;0;;;;;0.0;;0;;;;;;;;06.137.016/0001-27;;;;;;;;;;1670428.17;0.0898;0.0379
B1900308000000;CURTAS JORNADAS NOITE ADENTRO;2019;ARRANJOS REGIONAIS;FSA SAV/MINC / Arranjos Regionais;250000.0;0.0;0.0;348048.5;0.0;348048.5;9206.2;9582.16;0;0.0;9582.16;0.0275;0.0275;0.0;0.0;0;0;0;0;;;;;0.0;;0;;;;;;;;06.071.600/0001-27;;;;;;;;;;250000.0;0.0368;0.0368
B1900514000000;D'ARQUEOLOGIA - A OCUPAÇÃO DO BRASIL;2019;ARRANJOS REGIONAIS;FSA SAV/MINC / Arranjos Regionais;226000.0;0.0;0.0;326434.63;0.0;326434.63;0.0;0.0;80000;106773.6;0.0;0.3271;0.0;0.0;0.0;0;0;0;0;;;;;4.343;adoro_critico|adoro_usuario;2;media;;;;;;;12.345.593/0001-07;;;;;;;;;;226000.0;0.354;0.354
B1900379100000;DEPOIS DE SER CINZA;2019;ARRANJOS REGIONAIS;FSA SAV/MINC / Arranjos Regionais;1077299.8;0.0;0.0;1437839.72;0.0;1437839.72;17296.02;17534.16;60000;80080.2;17534.16;0.0679;0.0122;0.0;0.0;0;0;0;0;;;;;0.0;;0;;0.0;;;;;;08.681.701/0001-45;;;;;;;;;;1077299.8;0.0717;0.0717
B1900298300000;DESTINO DAS SOMBRAS;2019;ARRANJOS REGIONAIS;FSA SAV/MINC / Arranjos Regionais;688773.26;0.0;0.0;919285.01;0.0;919285.01;2255.15;2286.2;0;0.0;2286.2;0.0025;0.0025;0.0;0.0;0;0;0;0;;;;;3.83;adoro_critico|adoro_usuario;2;media;;;;;;;18.589.962/0001-93;;;;;;;;;;688773.26;0.0033;0.0033
B2000230900000;DESVIO;2019;ARRANJOS REGIONAIS;FSA SAV/MINC / Arranjos Regionais;500000.0;0.0;0.0;722200.5;0.0;722200.5;1468.06;1590.4;140000;186853.8;1590.4;0.2609;0.0022;0.0;0.0;0;0;0;0;;;;;0.0;;0;;1.0;0.0;0.0;LA Referencia (Red Federada de Repositorios Institucionales de Publicaciones Científicas);;;07.521.590/0001-47;;;;;;;;;;500000.0;0.2829;0.2829
B1900090000000;DISFORIA;2019;ARRANJOS REGIONAIS;FSA SAV/MINC / Arranjos Regionais;500000.0;0.0;0.0;722200.5;0.0;722200.5;5977.5;7455.0;60000;80080.2;7455.0;0.1212;0.0103;0.0;0.0;0;0;0;0;;;;;0.0;;0;;;;;;;;12.837.401/0001-80;;;;;;;;;;500000.0;0.132;0.132
B1900423900000;DOIS TEMPOS;2019;ARRANJOS REGIONAIS;FSA SAV/MINC / Arranjos Regionais;156460.64;0.0;62100.0;217823.56;82883.01;300706.57;0.0;0.0;0;0.0;0.0;0.0;0.0;0.0;0.0;0;0;0;0;;;;;3.775;adoro_critico;1;alta;;;;;;;21.868.012/0001-02;;;;;;;;;;218560.64;0.0;0.0
B1900288400000;DR. OCRIDE;2019;ARRANJOS REGIONAIS;FSA SAV/MINC / Arranjos Regionais;250000.0;0.0;0.0;361100.25;0.0;361100.25;0.0;0.0;140000;186853.8;0.0;0.5175;0.0;0.0;0.0;0;0;0;0;;;;;0.0;;0;;1.0;0.0;0.0;AVANCA | CINEMA;;;14.949.815/0001-26;;;;;;;;;;250000.0;0.56;0.56
B1900247000000;EM REFORMA;2019;ARRANJOS REGIONAIS;FSA SAV/MINC / Arranjos Regionais;50000.0;1041000.0;0.0;69609.7;1389391.47;1459001.17;0.0;0.0;0;0.0;0.0;0.0;0.0;0.0;0.0;0;0;0;0;;;;;0.0;;0;;5.0;0.0;0.0;Temática | BDTD (Federal University of Rio Grande do Norte) | Editora Científica Digital eBooks;;;25.094.170/0001-03;;;;;;;;;;1091000.0;0.0;0.0
B1900336600000;FAIXA DE GAZA;2019;ARRANJOS REGIONAIS;FSA SAV/MINC / Arranjos Regionais;46666.66;0.0;0.0;67405.37;0.0;67405.37;0.0;0.0;0;0.0;0.0;0.0;0.0;0.0;0.0;0;0;0;0;;;;;0.0;;0;;;;;;;;13.124.984/0001-64;;;;;;;;;;46666.66;0.0;0.0
B1900205100000;FOTOGRAFAÇÃO;2019;ARRANJOS REGIONAIS;FSA SAV/MINC / Arranjos Regionais;150000.0;0.0;375000.0;208829.1;500501.25;709330.35;8623.54;10755.08;260000;347014.2;10755.08;1.7132;0.0152;0.4;2.0;0;0;0;0;;;;;0.0;;0;;;;;;;;52.858.982/0001-50;;;;;;;;;;525000.0;1.7908;0.5117
B1900201200000;GÊNERO PLURAL;2019;ARRANJOS REGIONAIS;FSA SAV/MINC / Arranjos Regionais;85600.0;0.0;0.0;123640.73;0.0;123640.73;0.0;0.0;0;0.0;0.0;0.0;0.0;0.0;0.0;0;0;0;0;;;;;0.0;;0;;;;;;;;17.305.816/0001-26;;;;;;;;;;85600.0;0.0;0.0
B2000100400000;HOSANA NAS ALTURAS;2019;ARRANJOS REGIONAIS;FSA SAV/MINC / Arranjos Regionais;46666.66;0.0;0.0;67405.37;0.0;67405.37;0.0;0.0;0;0.0;0.0;0.0;0.0;0.0;0.0;0;0;0;0;;;;;3.9;adoro_usuario;1;baixa;0.0;;;;;;07.521.590/0001-47;;;;;;;;;;46666.66;0.0;0.0
B1900247500000;MEZANINO;2019;ARRANJOS REGIONAIS;FSA SAV/MINC / Arranjos Regionais;99999.9;0.0;0.0;139219.26;0.0;139219.26;0.0;0.0;0;0.0;0.0;0.0;0.0;0.0;0.0;0;0;0;0;;;;;0.0;;0;;0.0;;;;;;22.318.373/0001-48;;;;;;;;;;99999.9;0.0;0.0
B1900153500000;NATUREZA DO HOMEM;2019;ARRANJOS REGIONAIS;FSA SAV/MINC / Arranjos Regionais;265966.67;0.0;0.0;395495.36;0.0;395495.36;0.0;0.0;0;0.0;0.0;0.0;0.0;0.0;0.0;0;0;0;0;;;;;4.4;adoro_usuario;1;baixa;0.0;;;;;;13.650.111/0001-95;;;;;;;;;;265966.67;0.0;0.0
B1900197700000;NATUREZA DO HOMEM;2019;ARRANJOS REGIONAIS;FSA SAV/MINC / Arranjos Regionais;265966.67;0.0;0.0;395495.36;0.0;395495.36;0.0;0.0;0;0.0;0.0;0.0;0.0;0.0;0.0;0;0;0;0;;;;;4.4;adoro_usuario;1;baixa;0.0;;;;;;25.094.170/0001-03;;;;;;;;;;265966.67;0.0;0.0
B1900461300000;O HOMEM CORDIAL;2019;ARRANJOS REGIONAIS;FSA SAV/MINC / Arranjos Regionais;2219874.53;0.0;0.0;3090496.0;0.0;3090496.0;110031.71;111546.68;60000;80080.2;111546.68;0.062;0.0361;0.0;0.0;0;0;0;0;;;;;3.707;adoro_critico|adoro_usuario;2;media;;;;;;;14.520.885/0001-64;;;;;;;;;;2219874.53;0.0766;0.0766
B1900448300000;OLHAR SUBMERSO - NAUFRÁGIOS DE PERNAMBUCO;2019;ARRANJOS REGIONAIS;FSA SAV/MINC / Arranjos Regionais;145509.0;0.0;0.0;202576.76;0.0;202576.76;0.0;0.0;80000;106773.6;0.0;0.5271;0.0;0.0;0.0;0;0;0;0;;;;;4.018;adoro_critico|adoro_usuario;2;media;0.0;;;;;;16.100.516/0001-48;;;;;;;;;;145509.0;0.5498;0.5498
B1900179300000;OLHOS DE FOGO;2019;ARRANJOS REGIONAIS;FSA SAV/MINC / Arranjos Regionais;33333.33;0.0;0.0;48146.7;0.0;48146.7;0.0;0.0;0;0.0;0.0;0.0;0.0;0.0;0.0;0;0;0;0;;;;;3.993;adoro_critico|adoro_usuario;2;media;;;;;;;21.624.748/0001-35;;;;;;;;;;33333.33;0.0;0.0
B1900235200000;ORQUESTRA DO MUNDO - RIO SÃO FRANCISCO;2019;ARRANJOS REGIONAIS;FSA SAV/MINC / Arranjos Regionais;226000.0;0.0;15000.0;326434.63;20020.05;346454.68;0.0;0.0;60000;80080.2;0.0;0.2453;0.0;0.0;0.0;0;0;0;0;;;;;4.252;adoro_critico|adoro_usuario;2;alta;;;;;;;12.935.850/0001-60;;;;;;;;;;241000.0;0.2655;0.249
B1900421600000;OS BRAVOS NUNCA SE CALAM;2019;ARRANJOS REGIONAIS;FSA SAV/MINC / Arranjos Regionais;500000.0;0.0;0.0;722200.5;0.0;722200.5;8308.5;8647.8;0;0.0;8647.8;0.012;0.012;0.0;0.0;0;0;0;0;;;;;0.0;;0;;;;;;;;11.862.908/0001-20;;;;;;;;;;500000.0;0.0166;0.0166
B1900489000000;OS HERDEIROS;2019;ARRANJOS REGIONAIS;FSA SAV/MINC / Arranjos Regionais;85504.0;0.0;0.0;127145.39;0.0;127145.39;0.0;0.0;60000;80080.2;0.0;0.6298;0.0;0.0;0.0;0;0;0;0;;;;;0.0;;0;;;;;;;;04.761.874/0001-12;;;;;;;;;;85504.0;0.7017;0.7017
B1900146900000;OS KONSIDERADOS;2019;ARRANJOS REGIONAIS;FSA SAV/MINC / Arranjos Regionais;666666.67;0.0;0.0;991340.67;0.0;991340.67;0.0;0.0;0;0.0;0.0;0.0;0.0;0.0;0.0;0;0;0;0;;;;;0.0;;0;;;;;;;;05.928.108/0001-62;;;;;;;;;;666666.67;0.0;0.0
B1900350600000;PARQUE OESTE;2019;ARRANJOS REGIONAIS;FSA SAV/MINC / Arranjos Regionais;200000.0;0.0;0.0;278438.8;0.0;278438.8;2498.52;2624.16;60000;80080.2;2624.16;0.297;0.0094;0.0;0.0;0;0;0;0;;;;;0.0;;0;;2.0;0.0;0.0;Intercom Revista Brasileira de Ciências da Comunicação;;;21.868.012/0001-02;;;;;;;;;;200000.0;0.3125;0.3125
B1900570100000;QUEM TEM MEDO DE LUCIENE CARVALHO?;2019;ARRANJOS REGIONAIS;FSA SAV/MINC / Arranjos Regionais;400000.0;150000.0;0.0;577760.4;200200.5;777960.9;0.0;0.0;280000;373707.6;0.0;0.6468;0.0;0.0;0.0;0;0;0;0;;;;;3.788;adoro_critico|adoro_usuario;2;alta;;;;;;;03.385.173/0001-63;;;;;;;;;;550000.0;0.7;0.5091
B1900507200000;QUERÊNCIA;2019;ARRANJOS REGIONAIS;FSA SAV/MINC / Arranjos Regionais;700000.0;0.0;340000.0;1040907.7;453787.8;1494695.5;1249.4;1491.0;0;0.0;1491.0;0.0014;0.001;5.2;26.0;0;0;0;0;;;;;0.0;;0;;;;;;;;11.966.450/0001-50;;;;;;;;;;1040000.0;0.0018;0.0012
B1900336500000;SEU AMOR DE VOLTA (MESMO QUE ELE NÃO QUEIRA);2019;ARRANJOS REGIONAIS;FSA SAV/MINC / Arranjos Regionais;150000.0;0.0;940000.0;216660.15;1254589.8;1471249.95;7922.44;8031.52;60000;80080.2;8031.52;0.4067;0.0055;0.0;0.0;0;0;0;0;;;;;4.3;adoro_usuario;1;baixa;5.0;0.0;0.0;LA Referencia (Red Federada de Repositorios Institucionales de Publicaciones Científicas) | Dialnet (Universidad de la Rioja);;;13.124.984/0001-64;;;;;;;;;;1090000.0;0.4528;0.0623
B1900197900000;TABUH!;2019;ARRANJOS REGIONAIS;FSA SAV/MINC / Arranjos Regionais;399967.33;0.0;0.0;594755.82;0.0;594755.82;0.0;0.0;140000;186853.8;0.0;0.3142;0.0;0.0;0.0;0;0;0;0;;;;;0.0;;0;;;;;;;;07.718.282/0001-06;;;;;;;;;;399967.33;0.35;0.35
B1900397800000;UM PEIXE PARA DOIS;2019;ARRANJOS REGIONAIS;FSA SAV/MINC / Arranjos Regionais;100000.0;0.0;62100.0;144440.1;82883.01;227323.11;0.0;0.0;0;0.0;0.0;0.0;0.0;0.0;0.0;0;0;0;0;;;;;3.775;adoro_critico;1;alta;0.0;;;;;;11.757.060/0001-70;;;;;;;;;;162100.0;0.0;0.0
B1900590100000;VILA MARIOTE;2019;ARRANJOS REGIONAIS;FSA SAV/MINC / Arranjos Regionais;300000.0;0.0;0.0;417658.2;0.0;417658.2;0.0;0.0;0;0.0;0.0;0.0;0.0;0.0;0.0;0;0;0;0;;;;;0.0;;0;;;;;;;;12.906.549/0001-29;;;;;;;;;;300000.0;0.0;0.0
B2000223500000;80 ANOS;2020;ARRANJOS REGIONAIS;FSA SAV/MINC / Arranjos Regionais;225800.0;0.0;1109995.79;314357.41;1417411.34;1731768.75;0.0;0.0;0;0.0;0.0;0.0;0.0;0.0;0.0;0;0;0;0;;;;;0.0;;0;;0.0;;;;;;18.800.502/0001-62;;;;;;;;;;1335795.79;0.0;0.0
B2000294200000;A ESPERA DE LIZ;2020;ARRANJOS REGIONAIS;FSA SAV/MINC / Arranjos Regionais;173410.83;0.0;0.0;241421.52;0.0;241421.52;1069.6;1113.28;0;0.0;1113.28;0.0046;0.0046;0.0;0.0;0;0;0;0;;;;;4.37;adoro_critico|adoro_usuario;2;media;1.0;0.0;0.0;Extensio Revista Eletrônica de Extensão;;;02.593.994/0001-22;;;;;;;;;;173410.83;0.0062;0.0062
B2000523200000;A MESMA PARTE DE UM HOMEM;2020;ARRANJOS REGIONAIS;FSA SAV/MINC / Arranjos Regionais;1774289.0;0.0;0.0;2470154.5;0.0;2470154.5;13045.3;13578.04;60000;76617.12;13578.04;0.0365;0.0055;0.8;4.0;0;0;0;0;;;;;4.1;adoro_usuario;1;baixa;2.0;0.0;0.0;LA Referencia (Red Federada de Repositorios Institucionales de Publicaciones Científicas);;;09.437.566/0001-50;;;;;;;;;;1774289.0;0.0412;0.0412
B2000096300000;A MORTE HABITA À NOITE;2020;ARRANJOS REGIONAIS;FSA SAV/MINC / Arranjos Regionais;701044.4;0.0;0.0;1012589.23;0.0;1012589.23;17312.91;17892.0;0;0.0;17892.0;0.0177;0.0177;3.9;19.5;0;0;0;0;;;;;3.57;adoro_critico|adoro_usuario;2;alta;0.0;;;;;;07.617.370/0001-11;;;;;;;;;;701044.4;0.0247;0.0247
B2000264700000;A TRADICIONAL FAMÍLIA BRASILEIRA - KATU;2020;ARRANJOS REGIONAIS;FSA SAV/MINC / Arranjos Regionais;33333.33;0.0;0.0;48146.7;0.0;48146.7;0.0;0.0;0;0.0;0.0;0.0;0.0;0.0;0.0;0;0;0;0;;;;;3.9;adoro_usuario;1;baixa;;;;;;;04.120.591/0001-91;;;;;;;;;;33333.33;0.0;0.0
B2000096500000;ACQUA MOVIE;2020;ARRANJOS REGIONAIS;FSA SAV/MINC / Arranjos Regionais;1770000.0;171778.94;30000.0;2556589.77;257662.02;2814251.79;21133.32;24034.92;280000;357546.56;24034.92;0.1493;0.0085;0.0;0.0;0;0;0;0;;;;;0.0;;0;;;;;;;;04.462.804/0001-63;;;;;;;;;;1971778.94;0.1701;0.1527
B2000255200000;ATRAS DA SOMBRA;2020;ARRANJOS REGIONAIS;FSA SAV/MINC / Arranjos Regionais;900000.0;0.0;0.0;1252974.6;0.0;1252974.6;0.0;0.0;60000;76617.12;0.0;0.0611;0.0;0.0;0.0;0;0;0;0;;;;;4.2;adoro_usuario;1;baixa;;;;;;;17.219.542/0001-52;;;;;;;;;;900000.0;0.0667;0.0667
B2000495400000;CAMINHO DE VOLTA;2020;ARRANJOS REGIONAIS;FSA SAV/MINC / Arranjos Regionais;328606.2;0.0;0.0;457483.58;0.0;457483.58;11048.67;16162.44;60000;76617.12;16162.44;0.2028;0.0353;0.0;0.0;0;0;0;0;;;;;4.3;adoro_usuario;1;baixa;6.0;9.0;7.0;ForScience | Estudios LGBTIQ+ Comunicación y Cultura | Cadernos de literatura comparada;;;04.614.433/0001-98;;;;;;;;;;328606.2;0.2162;0.2162
B2000073200000;CASA IZABEL;2020;ARRANJOS REGIONAIS;FSA SAV/MINC / Arranjos Regionais;375000.0;0.0;0.0;522072.75;0.0;522072.75;19740.84;19740.84;0;0.0;19740.84;0.0378;0.0378;0.0;0.0;0;0;0;0;;;;;0.0;;0;;;;;;;;04.952.911/0001-70;;;;;;;;;;375000.0;0.0526;0.0526
B2000130600000;CAVALO;2020;ARRANJOS REGIONAIS;FSA SAV/MINC / Arranjos Regionais;599610.0;887439.18;1080227.33;866077.28;2512615.69;3378692.9699999997;23405.72;26619.32;60000;76617.12;26619.32;0.1192;0.0079;0.0;0.0;0;0;0;0;;;;;4.4;adoro_usuario;1;baixa;;;;;;;05.760.527/0001-38;;;;;;;;;;2567276.5100000002;0.1391;0.0325
B2000173800000;CELSO ANTÔNIO, BRASILEIRO;2020;ARRANJOS REGIONAIS;FSA SAV/MINC / Arranjos Regionais;373933.5;0.0;0.0;520587.98;0.0;520587.98;0.0;0.0;0;0.0;0.0;0.0;0.0;0.0;0.0;0;0;0;0;;;;;0.0;;0;;;;;;;;03.104.388/0001-69;;;;;;;;;;373933.5;0.0;0.0
B2000344400000;CIDADE SUBMERSA;2020;ARRANJOS REGIONAIS;FSA SAV/MINC / Arranjos Regionais;85600.0;0.0;0.0;119171.81;0.0;119171.81;0.0;0.0;0;0.0;0.0;0.0;0.0;0.0;0.0;0;0;0;0;;;;;0.0;;0;;0.0;;;;;;16.894.643/0001-66;;;;;;;;;;85600.0;0.0;0.0
B2000157600000;COLETIVO DE MULTIDÃO;2020;ARRANJOS REGIONAIS;FSA SAV/MINC / Arranjos Regionais;46666.66;0.0;0.0;67405.37;0.0;67405.37;0.0;0.0;0;0.0;0.0;0.0;0.0;0.0;0.0;0;0;0;0;;;;;0.0;;0;;;;;;;;12.444.492/0001-93;;;;;;;;;;46666.66;0.0;0.0
B2000026900000;CULTURAMA;2020;ARRANJOS REGIONAIS;FSA SAV/MINC / Arranjos Regionais;184466.66;0.0;0.0;274303.95;0.0;274303.95;0.0;0.0;0;0.0;0.0;0.0;0.0;0.0;0.0;0;0;0;0;;;;;0.0;;0;;0.0;;;;;;08.410.008/0001-38;;;;;;;;;;184466.66;0.0;0.0
B2000059600000;DA MANGA ROSA;2020;ARRANJOS REGIONAIS;FSA SAV/MINC / Arranjos Regionais;225920.0;1216630.8;0.0;326319.07;1553579.13;1879898.2;0.0;0.0;60000;76617.12;0.0;0.2348;0.0;0.0;0.0;0;0;0;0;;;;;4.09;adoro_critico|adoro_usuario;2;media;0.0;;;;;;17.281.724/0001-53;;;;;;;;;;1442550.8;0.2656;0.0416
B2000325100000;DENTRO DA MINHA PELE;2020;ARRANJOS REGIONAIS;FSA SAV/MINC / Arranjos Regionais;160050.55;0.0;0.0;185695.77;0.0;185695.77;95.64;119.28;280000;357546.56;119.28;1.9261;0.0006;2.0;10.0;0;0;0;0;;;;;4.4;adoro_usuario;1;baixa;1.0;0.0;0.0;;;;01.605.800/0001-07;;;;;;;;;;160050.55;1.75;1.75
B2000468500000;DORA E GABRIEL;2020;ARRANJOS REGIONAIS;FSA SAV/MINC / Arranjos Regionais;400000.0;0.0;500000.0;556877.6;638476.0;1195353.6;1520.76;1729.56;140000;178773.28;1729.56;0.3241;0.0014;0.0;0.0;0;0;0;0;;;;;3.5;adoro_usuario;1;baixa;;;;;;;59.190.843/0001-40;;;;;;;;;;900000.0;0.3538;0.1572
B2000436900000;ENTRE NÓS, UM SEGREDO;2020;ARRANJOS REGIONAIS;FSA SAV/MINC / Arranjos Regionais;75000.0;0.0;0.0;108330.07;0.0;108330.07;559.36;636.16;60000;76617.12;636.16;0.7131;0.0059;0.0;0.0;0;0;0;0;;;;;3.6;adoro_usuario;1;baixa;0.0;;;;;;11.101.993/0001-04;;;;;;;;;;75000.0;0.8075;0.8075
B2000499300000;ESPERO QUE ESTA TE ENCONTRE E QUE ESTEJAS BEM;2020;ARRANJOS REGIONAIS;FSA SAV/MINC / Arranjos Regionais;222424.6;0.0;0.0;296863.44;0.0;296863.44;34055.07;35426.16;60000;76617.12;35426.16;0.3774;0.1193;0.0;0.0;0;0;0;0;;;;;0.0;;0;;;;;;;;15.472.728/0001-93;;;;;;;;;;222424.6;0.4229;0.4229
B2000066500000;FIM DE FESTA;2020;ARRANJOS REGIONAIS;FSA SAV/MINC / Arranjos Regionais;1985415.5;0.0;0.0;2764083.55;0.0;2764083.55;92215.26;114707.6;60000;76617.12;114707.6;0.0692;0.0415;1.2;6.0;0;0;0;0;;;;;3.998;adoro_critico|adoro_usuario;2;media;;;;;;;02.669.022/0001-74;;;;;;;;;;1985415.5;0.0767;0.0767
B2000184000000;FRANCISCO SÓ QUER JOGAR BOLA;2020;ARRANJOS REGIONAIS;FSA SAV/MINC / Arranjos Regionais;1599862.0;0.0;0.0;2042946.98;0.0;2042946.98;0.0;0.0;80000;102156.16;0.0;0.05;0.0;0.0;0.0;0;0;0;0;;;;;0.0;;0;;0.0;;;;;;07.718.282/0001-06;;;;;;;;;;1599862.0;0.05;0.05
B2000352100000;GYURI;2020;ARRANJOS REGIONAIS;FSA SAV/MINC / Arranjos Regionais;363608.0;0.0;0.0;485296.69;0.0;485296.69;20055.0;20874.0;60000;76617.12;20874.0;0.2009;0.043;0.0;0.0;0;0;0;0;;;;;0.0;;0;;;;;;;;19.452.266/0001-01;;;;;;;;;;363608.0;0.2202;0.2202
B2000227100000;MEU QUERIDO SUPERMERCADO;2020;ARRANJOS REGIONAIS;FSA SAV/MINC / Arranjos Regionais;150000.0;0.0;0.0;208829.1;0.0;208829.1;384.56;437.36;360000;459702.72;437.36;2.2034;0.0021;10.6;13.0;0;6;4;0;;;;;0.0;;0;;;;;;;;06.228.927/0001-60;;;;;;;;;;150000.0;2.4026;2.4026
B2000335200000;MEU TIO JOSÉ;2020;ARRANJOS REGIONAIS;FSA SAV/MINC / Arranjos Regionais;1042033.0;0.0;0.0;1505113.51;0.0;1505113.51;7162.5;7455.0;280000;357546.56;7455.0;0.2425;0.005;4.0;20.0;0;0;0;0;;;;;3.375;adoro_critico|adoro_usuario;2;media;0.0;;;;;;00.830.735/0001-42;;;;;;;;;;1042033.0;0.2756;0.2756
B2000100500000;NOSSO AMOR DE HOJE;2020;ARRANJOS REGIONAIS;FSA SAV/MINC / Arranjos Regionais;160000.0;208800.0;1400000.0;231104.16;2054360.38;2285464.54;0.0;0.0;0;0.0;0.0;0.0;0.0;0.0;0.0;0;0;0;0;;;;;4.3;adoro_usuario;1;baixa;0.0;;;;;;17.219.542/0001-52;;;;;;;;;;1768800.0;0.0;0.0
B2000524900000;O CINEMA E AS CIDADES;2020;ARRANJOS REGIONAIS;FSA SAV/MINC / Arranjos Regionais;120000.0;0.0;900000.0;167063.28;1149256.8;1316320.08;0.0;0.0;60000;76617.12;0.0;0.4586;0.0;0.0;0.0;0;0;0;0;;;;;3.4;adoro_usuario;1;baixa;0.0;;;;;;08.681.701/0001-45;;;;;;;;;;1020000.0;0.5;0.0588
B2000240100000;O LODO;2020;ARRANJOS REGIONAIS;FSA SAV/MINC / Arranjos Regionais;1650000.0;0.0;0.0;2202205.5;0.0;2202205.5;0.0;0.0;60000;76617.12;0.0;0.0348;0.0;0.0;0.0;0;0;0;0;;;;;0.0;;0;;;;;;;;22.331.409/0001-23;;;;;;;;;;1650000.0;0.0364;0.0364
B2000397100000;PALAVRA CRÍTICA;2020;ARRANJOS REGIONAIS;FSA SAV/MINC / Arranjos Regionais;264291.98;0.0;0.0;352742.58;0.0;352742.58;0.0;0.0;140000;178773.28;0.0;0.5068;0.0;0.0;0.0;0;0;0;0;;;;;0.0;;0;;;;;;;;06.169.280/0001-42;;;;;;;;;;264291.98;0.5297;0.5297
B2000255600000;POR TRÁS DA LINHA DE ESCUDOS;2020;ARRANJOS REGIONAIS;FSA SAV/MINC / Arranjos Regionais;338100.0;0.0;0.0;488351.98;0.0;488351.98;0.0;0.0;0;0.0;0.0;0.0;0.0;0.0;0.0;0;0;0;0;;;;;3.325;adoro_critico;1;media;;;;;;;09.942.024/0001-34;;;;;;;;;;338100.0;0.0;0.0
B2000239400000;SELVA;2020;ARRANJOS REGIONAIS;FSA SAV/MINC / Arranjos Regionais;150000.0;417137.63;5362219.19;216660.15;7379961.25;7596621.4;0.0;0.0;0;0.0;0.0;0.0;0.0;0.0;0.0;0;0;0;0;;;;;4.2;adoro_usuario;1;baixa;;;;;;;12.444.492/0001-93;;;;;;;;;;5929356.82;0.0;0.0
B2000124100000;SEM RETORNO;2020;ARRANJOS REGIONAIS;FSA SAV/MINC / Arranjos Regionais;900000.0;0.0;0.0;1252974.6;0.0;1252974.6;0.0;0.0;0;0.0;0.0;0.0;0.0;0.0;0.0;0;0;0;0;;;;;3.8;adoro_usuario;1;baixa;;;;;;;09.085.894/0001-34;;;;;;;;;;900000.0;0.0;0.0
B2000160000000;SOL ALEGRIA;2020;ARRANJOS REGIONAIS;FSA SAV/MINC / Arranjos Regionais;500000.0;0.0;0.0;722200.5;0.0;722200.5;2942.24;2942.24;0;0.0;2942.24;0.0041;0.0041;0.0;0.0;0;0;0;0;;;;;3.88;adoro_critico;1;alta;;;;;;;10.773.468/0001-72;;;;;;;;;;500000.0;0.0059;0.0059
B2000154700000;SONHADORES;2020;ARRANJOS REGIONAIS;FSA SAV/MINC / Arranjos Regionais;499912.08;524747.08;0.0;695974.6;670076.83;1366051.43;0.0;0.0;0;0.0;0.0;0.0;0.0;0.0;0.0;0;0;0;0;;;;;0.0;;0;;;;;;;;13.393.029/0001-22;;;;;;;;;;1024659.1599999999;0.0;0.0
B2000114300000;TERMINAL PRAIA GRANDE;2020;ARRANJOS REGIONAIS;FSA SAV/MINC / Arranjos Regionais;174825.0;0.0;0.0;243390.32;0.0;243390.32;0.0;0.0;80000;102156.16;0.0;0.4197;0.0;0.0;0.0;0;0;0;0;;;;;0.0;;0;;;;;;;;08.578.658/0001-97;;;;;;;;;;174825.0;0.4576;0.4576
B2000048800000;UMA MULHER, UMA ALDEIA;2020;ARRANJOS REGIONAIS;FSA SAV/MINC / Arranjos Regionais;250000.0;0.0;0.0;361100.25;0.0;361100.25;0.0;0.0;0;0.0;0.0;0.0;0.0;0.0;0.0;0;0;0;0;;;;;4.305;adoro_critico|adoro_usuario;2;media;4.0;0.0;0.0;Aniki Revista Portuguesa da Imagem em Movimento | LA Referencia (Red Federada de Repositorios Institucionales de Publicaciones Científicas) | Dispositiva;;;13.650.111/0001-95;;;;;;;;;;250000.0;0.0;0.0
B2000112100000;VAI MELHORAR;2020;ARRANJOS REGIONAIS;FSA SAV/MINC / Arranjos Regionais;50000.0;0.0;0.0;66733.5;0.0;66733.5;0.0;0.0;60000;76617.12;0.0;1.1481;0.0;0.0;0.0;0;0;0;0;;;;;0.0;;0;;;;;;;;13.667.540/0001-75;;;;;;;;;;50000.0;1.2;1.2
B2000477400000;VIA PÚBLICA;2020;ARRANJOS REGIONAIS;FSA SAV/MINC / Arranjos Regionais;180000.0;0.0;0.0;240240.6;0.0;240240.6;0.0;0.0;60000;76617.12;0.0;0.3189;0.0;0.0;0.0;0;0;0;0;;;;;0.0;;0;;;;;;;;12.837.401/0001-80;;;;;;;;;;180000.0;0.3333;0.3333
B2000059900000;VILA HAITI;2020;ARRANJOS REGIONAIS;FSA SAV/MINC / Arranjos Regionais;114999.5;0.0;0.0;166105.39;0.0;166105.39;0.0;0.0;60000;76617.12;0.0;0.4613;0.0;0.0;0.0;0;0;0;0;;;;;0.0;;0;;;;;;;;10.306.335/0001-96;;;;;;;;;;114999.5;0.5217;0.5217
B2000284300000;ÚLTIMA CIDADE;2020;ARRANJOS REGIONAIS;FSA SAV/MINC / Arranjos Regionais;951439.0;0.0;0.0;1324587.67;0.0;1324587.67;3533.5;3677.8;0;0.0;3677.8;0.0028;0.0028;0.0;0.0;0;0;0;0;;;;;0.0;;0;;;;;;;;08.254.467/0001-70;;;;;;;;;;951439.0;0.0037;0.0037
B2100075200000;A LUZ NA ESCURIDÃO;2021;ARRANJOS REGIONAIS;FSA SAV/MINC / Arranjos Regionais;250000.0;0.0;0.0;333667.5;0.0;333667.5;0.0;0.0;80000;92818.56;0.0;0.2782;0.0;0.0;0.0;0;0;0;0;;;;;3.7;adoro_usuario;1;baixa;2.0;18.0;17.0;Exchange | Reports on Progress in Physics;;;05.959.925/0001-88;;;;;;;;;;250000.0;0.32;0.32
B2100113900000;A NUVEM ROSA;2021;ARRANJOS REGIONAIS;FSA SAV/MINC / Arranjos Regionais;330000.0;0.0;0.0;440441.1;0.0;440441.1;6869.38;7733.32;60000;69613.92;7733.32;0.1756;0.0176;5.7;28.5;0;0;0;0;;;;;4.02;adoro_critico|adoro_usuario;2;media;;;;;;;90.130.634/0001-51;;;;;;;;;;330000.0;0.2026;0.2026
B2100328100000;A RAINHA E SEUS REIS DE BARRO;2021;ARRANJOS REGIONAIS;FSA SAV/MINC / Arranjos Regionais;219657.75;0.0;0.0;293170.61;0.0;293170.61;0.0;0.0;0;0.0;0.0;0.0;0.0;0.0;0.0;0;0;0;0;;;;;4.2;adoro_usuario;1;baixa;;;;;;;07.620.843/0001-30;;;;;;;;;;219657.75;0.0;0.0
B2100074300000;AS CORES QUE HABITAMOS;2021;ARRANJOS REGIONAIS;FSA SAV/MINC / Arranjos Regionais;115000.0;0.0;1266962.74;166106.12;1469970.71;1636076.83;0.0;0.0;0;0.0;0.0;0.0;0.0;0.0;0.0;0;0;0;0;;;;;4.32;adoro_critico|adoro_usuario;2;media;;;;;;;05.726.196/0001-10;;;;;;;;;;1381962.74;0.0;0.0
B2100446000000;AVE CANUDOS! OS QUE SOBREVIVERAM TE SAÚDAM;2021;ARRANJOS REGIONAIS;FSA SAV/MINC / Arranjos Regionais;436600.0;0.0;0.0;630625.48;0.0;630625.48;0.0;0.0;0;0.0;0.0;0.0;0.0;0.0;0.0;0;0;0;0;;;;;0.0;;0;;3.0;39.0;37.0;Monumenta Nipponica | Film Quarterly | Fotocinema Revista científica de cine y fotografía;;;63.190.623/0001-94;;;;;;;;;;436600.0;0.0;0.0
B2100017700000;BOB CUSPE - NÓS NÃO GOSTAMOS DE GENTE;2021;ARRANJOS REGIONAIS;FSA SAV/MINC / Arranjos Regionais;500000.0;0.0;2000000.0;743505.5;2320464.0;3063969.5;27526.3;31112.2;360000;417683.52;31112.2;0.6036;0.0102;9.9;49.5;0;0;0;0;;;;;3.6;adoro_usuario;1;baixa;6.0;0.0;0.0;Portuguese National Funding Agency for Science, Research and Technology (RCAAP Project by FCT) | Aniki Revista Portuguesa da Imagem em Movimento | Zenodo (CERN European Organization for Nuclear Research);;;03.746.956/0001-25;;;;;;;;;;2500000.0;0.7751;0.155
B2100278600000;FLOR NO QUINTAL;2021;ARRANJOS REGIONAIS;FSA SAV/MINC / Arranjos Regionais;46666.66;0.0;0.0;67405.37;0.0;67405.37;0.0;0.0;120000;139227.84;0.0;2.0655;0.0;0.0;0.0;0;0;0;0;;;;;4.3;adoro_usuario;1;baixa;;;;;;;07.427.355/0001-00;;;;;;;;;;46666.66;2.5714;2.5714
B2100132300000;MAR DE ZILA;2021;ARRANJOS REGIONAIS;FSA SAV/MINC / Arranjos Regionais;33333.0;0.0;0.0;49566.54;0.0;49566.54;0.0;0.0;0;0.0;0.0;0.0;0.0;0.0;0.0;0;0;0;0;;;;;4.5;adoro_usuario;1;baixa;2.0;0.0;0.0;Comunicação & Inovação;;;10.823.162/0001-83;;;;;;;;;;33333.0;0.0;0.0
B2100033900000;MATA GROSSA;2021;ARRANJOS REGIONAIS;FSA SAV/MINC / Arranjos Regionais;400000.0;0.0;0.0;556877.6;0.0;556877.6;0.0;0.0;60000;69613.92;0.0;0.125;0.0;0.0;0.0;0;0;0;0;;;;;0.0;;0;;;;;;;;00.614.991/0001-00;;;;;;;;;;400000.0;0.15;0.15
B2100053500000;PEQUENO TRATADO DE PEQUENAS COISAS;2021;ARRANJOS REGIONAIS;FSA SAV/MINC / Arranjos Regionais;260117.2;0.0;0.0;362133.61;0.0;362133.61;0.0;0.0;80000;92818.56;0.0;0.2563;0.0;0.0;0.0;0;0;0;0;;;;;0.0;;0;;;;;;;;19.223.689/0001-41;;;;;;;;;;260117.2;0.3076;0.3076
B2100075400000;TEORIA DO ÍMPETO;2021;ARRANJOS REGIONAIS;FSA SAV/MINC / Arranjos Regionais;988506.84;0.0;0.0;1469920.54;0.0;1469920.54;0.0;0.0;0;0.0;0.0;0.0;0.0;0.0;0.0;0;0;0;0;;;;;0.0;;0;;;;;;;;04.696.982/0001-59;;;;;;;;;;988506.84;0.0;0.0
B2100104400000;TODA MENINA BAIANA;2021;ARRANJOS REGIONAIS;FSA SAV/MINC / Arranjos Regionais;226000.0;0.0;0.0;301635.42;0.0;301635.42;0.0;0.0;140000;162432.48;0.0;0.5385;0.0;0.0;0.0;0;0;0;0;;;;;0.0;;0;;0.0;;;;;;17.281.724/0001-53;;;;;;;;;;226000.0;0.6195;0.6195
B2100141600000;TOTOTÓS CANOAS DO RIO SERGIPE;2021;ARRANJOS REGIONAIS;FSA SAV/MINC / Arranjos Regionais;33330.0;0.0;15000.0;49562.08;17403.48;66965.56;0.0;0.0;0;0.0;0.0;0.0;0.0;0.0;0.0;0;0;0;0;;;;;4.252;adoro_critico|adoro_usuario;2;alta;;;;;;;06.033.375/0001-34;;;;;;;;;;48330.0;0.0;0.0
B2100024000000;TRÊS VIDAS E UM SONHO;2021;ARRANJOS REGIONAIS;FSA SAV/MINC / Arranjos Regionais;150000.0;0.0;0.0;200200.5;0.0;200200.5;706.7;735.56;0;0.0;735.56;0.0037;0.0037;0.0;0.0;0;0;0;0;;;;;4.118;adoro_critico|adoro_usuario;2;media;;;;;;;03.863.923/0001-65;;;;;;;;;;150000.0;0.0047;0.0047
B2200127900000;A PEDRA E A PALAVRA - PADRE ANTÔNIO VIEIRA;2022;ARRANJOS REGIONAIS;FSA SAV/MINC / Arranjos Regionais;286000.0;0.0;0.0;313665.07;0.0;313665.07;0.0;0.0;60000;65803.86;0.0;0.2098;0.0;0.0;0.0;0;0;0;0;;;;;3.858;adoro_critico|adoro_usuario;2;alta;;;;;;;17.902.521/0001-37;;;;;;;;;;286000.0;0.2098;0.2098
B2200013100000;ANIMAIS NA PISTA;2022;ARRANJOS REGIONAIS;FSA SAV/MINC / Arranjos Regionais;46666.67;0.0;0.0;62284.6;0.0;62284.6;0.0;0.0;0;0.0;0.0;0.0;0.0;0.0;0.0;0;0;0;0;;;;;0.0;;0;;;;;;;;10.679.333/0001-42;;;;;;;;;;46666.67;0.0;0.0
B2200360000000;BAHIA DA FÉ AO PROFANO;2022;ARRANJOS REGIONAIS;FSA SAV/MINC / Arranjos Regionais;226000.0;0.0;558412.0;301635.42;612427.75;914063.1699999999;0.0;0.0;60000;65803.86;0.0;0.2182;0.0;0.0;0.0;0;0;0;0;;;;;0.0;;0;;;;;;;;09.193.884/0001-12;;;;;;;;;;784412.0;0.2655;0.0765
B2200451700000;BRICHOS 3 - MEGAVIRUS;2022;ARRANJOS REGIONAIS;FSA SAV/MINC / Arranjos Regionais;1000000.0;0.0;783199.0;1334670.0;858958.62;2193628.62;20551.28;20834.24;0;0.0;20834.24;0.0156;0.0095;0.0;0.0;0;0;0;0;;;;;0.0;;0;;;;;;;;02.585.713/0001-90;;;;;;;;;;1783199.0;0.0206;0.0115
B2200143600000;CHEF JACK, O COZINHEIRO AVENTUREIRO;2022;ARRANJOS REGIONAIS;FSA SAV/MINC / Arranjos Regionais;1649945.97;0.0;0.0;2202133.39;0.0;2202133.39;1007797.12;1021672.96;60000;65803.86;1021672.96;0.4938;0.4639;0.0;0.0;0;0;0;0;;;;;4.0;adoro_usuario;1;baixa;4.0;0.0;0.0;LA Referencia (Red Federada de Repositorios Institucionales de Publicaciones Científicas) | Imprensa da Universidade de Coimbra eBooks | Lume (Universidade Federal do Rio Grande do Sul);;;09.325.623/0001-09;;;;;;;;;;1649945.97;0.6472;0.6472
B2200073000000;DEUS TEM AIDS;2022;ARRANJOS REGIONAIS;FSA SAV/MINC / Arranjos Regionais;100000.0;0.0;0.0;104830.0;0.0;104830.0;6345.05;6580.28;0;0.0;6580.28;0.0628;0.0628;1.2;6.0;0;0;0;0;;;;;0.0;;0;;0.0;;;;;;22.543.352/0001-26;;;;;;;;;;100000.0;0.0635;0.0635
B2200449200000;ESPUMAS AO VENTO;2022;ARRANJOS REGIONAIS;FSA SAV/MINC / Arranjos Regionais;442099.26;0.0;0.0;564539.53;0.0;564539.53;2644.04;2644.04;0;0.0;2644.04;0.0047;0.0047;0.0;0.0;0;0;0;0;;;;;4.1;adoro_usuario;1;baixa;;;;;;;19.265.893/0001-25;;;;;;;;;;442099.26;0.006;0.006
B2200203400000;FIM DE SEMANA NO PARAÍSO SELVAGEM;2022;ARRANJOS REGIONAIS;FSA SAV/MINC / Arranjos Regionais;983665.08;0.0;0.0;1256093.09;0.0;1256093.09;10471.74;10615.92;0;0.0;10615.92;0.0085;0.0085;0.0;0.0;0;0;0;0;;;;;3.84;adoro_critico|adoro_usuario;2;alta;;;;;;;08.016.733/0001-26;;;;;;;;;;983665.08;0.0106;0.0106
B2200133200000;MÚLTIPLO VALDI;2022;ARRANJOS REGIONAIS;FSA SAV/MINC / Arranjos Regionais;72588.0;0.0;0.0;104846.18;0.0;104846.18;0.0;0.0;0;0.0;0.0;0.0;0.0;0.0;0.0;0;0;0;0;;;;;0.0;;0;;;;;;;;03.450.528/0001-50;;;;;;;;;;72588.0;0.0;0.0
B2200497100000;O ANEL DE EVA;2022;ARRANJOS REGIONAIS;FSA SAV/MINC / Arranjos Regionais;733333.33;0.0;0.0;1059227.4;0.0;1059227.4;14512.4;14512.4;60000;65803.86;14512.4;0.0758;0.0137;0.0;0.0;0;0;0;0;;;;;2.4;adoro_usuario;1;baixa;1.0;0.0;0.0;Rebeca - Revista Brasileira de Estudos de Cinema e Audiovisual;;;04.483.967/0001-22;;;;;;;;;;733333.33;0.1016;0.1016
B2200390700000;O QUE OS OLHOS NÃO VEEM...;2022;ARRANJOS REGIONAIS;FSA SAV/MINC / Arranjos Regionais;150000.0;0.0;0.0;216660.15;0.0;216660.15;0.0;0.0;0;0.0;0.0;0.0;0.0;0.0;0.0;0;0;0;0;;;;;3.933;adoro_critico|adoro_usuario;2;media;;;;;;;01.970.799/0001-01;;;;;;;;;;150000.0;0.0;0.0
B2200212700000;OS PRIMEIROS SOLDADOS;2022;ARRANJOS REGIONAIS;FSA SAV/MINC / Arranjos Regionais;900000.0;0.0;0.0;1252974.6;0.0;1252974.6;85071.4;88545.52;280000;307084.68;88545.52;0.3158;0.0707;3.3;16.5;0;0;0;0;;;;;4.2;adoro_usuario;1;baixa;;;;;;;14.210.788/0001-75;;;;;;;;;;900000.0;0.4056;0.4056
B2200442900000;PLACA-MÃE;2022;ARRANJOS REGIONAIS;FSA SAV/MINC / Arranjos Regionais;1650000.0;0.0;200000.0;2202205.5;219346.2;2421551.7;187786.48;187786.48;0;0.0;187786.48;0.0853;0.0775;0.0;0.0;0;0;0;0;;;;;3.5;adoro_usuario;1;baixa;;;;;;;11.360.555/0001-60;;;;;;;;;;1850000.0;0.1138;0.1015
B2200259700000;PLAUTO, UM  SOPRO MUSICAL;2022;ARRANJOS REGIONAIS;FSA SAV/MINC / Arranjos Regionais;330000.0;0.0;0.0;459424.02;0.0;459424.02;21598.8;21708.96;0;0.0;21708.96;0.0473;0.0473;0.0;0.0;0;0;0;0;;;;;0.0;;0;;;;;;;;92.554.294/0001-11;;;;;;;;;;330000.0;0.0655;0.0655
B2300006800000;SINDICATO DO FOLCLORE BRASILEIRO;2022;ARRANJOS REGIONAIS;FSA SAV/MINC / Arranjos Regionais;121500.0;0.0;0.0;169151.57;0.0;169151.57;0.0;0.0;0;0.0;0.0;0.0;0.0;0.0;0.0;0;0;0;0;;;;;0.0;;0;;;;;;;;07.871.687/0001-80;;;;;;;;;;121500.0;0.0;0.0
B2300007600000;TODA NOITE ESTAREI LÁ;2022;ARRANJOS REGIONAIS;FSA SAV/MINC / Arranjos Regionais;180000.0;0.0;0.0;250594.92;0.0;250594.92;14532.28;14532.28;0;0.0;14532.28;0.058;0.058;0.0;0.0;0;0;0;0;;;;;0.0;;0;;;;;;;;08.103.899/0001-80;;;;;;;;;;180000.0;0.0807;0.0807
B2200210800000;UM SAMURAI EM SÃO PAULO;2022;ARRANJOS REGIONAIS;FSA SAV/MINC / Arranjos Regionais;343852.0;0.0;385000.0;458928.95;422241.43;881170.38;10138.37;10277.96;0;0.0;10277.96;0.0224;0.0117;0.0;0.0;0;0;0;0;;;;;0.0;;0;;0.0;;;;;;12.638.556/0001-97;;;;;;;;;;728852.0;0.0295;0.0139
B2200040500000;VALE NIGHT;2022;ARRANJOS REGIONAIS;FSA SAV/MINC / Arranjos Regionais;500000.0;3000000.0;0.0;580116.0;3290193.0;3870309.0;213347.0;222059.6;0;0.0;222059.6;0.3828;0.0574;0.0;0.0;0;0;0;0;;;;;0.0;;0;;;;;;;;11.545.487/0001-04;;;;;;;;;;3500000.0;0.4267;0.061
B2200426400000;VIDA DE ORQUESTRA;2022;ARRANJOS REGIONAIS;FSA SAV/MINC / Arranjos Regionais;178470.0;0.0;743565.0;227897.62;815490.79;1043388.41;0.0;0.0;60000;65803.86;0.0;0.2887;0.0;0.0;0.0;0;0;0;0;;;;;3.2;adoro_usuario;1;baixa;0.0;;;;;;00.285.073/0001-77;;;;;;;;;;922035.0;0.3362;0.0651
B2200458400000;VIZINHOS;2022;ARRANJOS REGIONAIS;FSA SAV/MINC / Arranjos Regionais;112500.0;0.0;846000.0;130526.1;927834.43;1058360.53;0.0;0.0;200000;219346.2;0.0;1.6805;0.0;0.0;0.0;0;0;0;0;;;;;3.7;adoro_critico|adoro_usuario;2;alta;;;;;;;06.900.652/0001-69;;;;;;;;;;958500.0;1.7778;0.2087
B2200324500000;ZOOPEDIA;2022;ARRANJOS REGIONAIS;FSA SAV/MINC / Arranjos Regionais;631440.0;0.0;0.0;842764.02;0.0;842764.02;0.0;0.0;80000;87738.48;0.0;0.1041;0.0;0.0;0.0;0;0;0;0;;;;;0.0;;0;;1.0;0.0;0.0;Cuestiones de género/Cuestiones de género;;;18.274.744/0001-60;;;;;;;;;;631440.0;0.1267;0.1267
B2300552600000;AVENTURAS DE AMÍ - 2º TEMPORADA;2023;ARRANJOS REGIONAIS;FSA SAV/MINC / Arranjos Regionais;910000.0;0.0;0.0;953953.0;0.0;953953.0;0.0;0.0;140000;146762.0;0.0;0.1538;0.0;0.0;0.0;0;0;0;0;;;;;3.213;adoro_critico|adoro_usuario;2;media;;;;;;;08.573.621/0001-76;;;;;;;;;;910000.0;0.1538;0.1538
B2300142500000;CAINÃ;2023;ARRANJOS REGIONAIS;FSA SAV/MINC / Arranjos Regionais;150000.0;0.0;0.0;200200.5;0.0;200200.5;0.0;0.0;80000;83864.0;0.0;0.4189;0.0;0.0;0.0;0;0;0;0;;;;;0.0;;0;;;;;;;;18.595.380/0001-10;;;;;;;;;;150000.0;0.5333;0.5333
B2300422000000;CARTÓRIO DAS ALMAS;2023;ARRANJOS REGIONAIS;FSA SAV/MINC / Arranjos Regionais;846142.41;0.0;0.0;1080483.24;0.0;1080483.24;0.0;0.0;0;0.0;0.0;0.0;0.0;0.0;0.0;0;0;0;0;;;;;2.975;adoro_critico|adoro_usuario;2;media;;;;;;;14.676.949/0001-10;;;;;;;;;;846142.41;0.0;0.0
B2300502400000;CHAMA A BEBEL;2023;ARRANJOS REGIONAIS;FSA SAV/MINC / Arranjos Regionais;1600000.0;0.0;0.0;1754769.6;0.0;1754769.6;160630.4;160630.4;60000;62898.0;160630.4;0.1274;0.0915;0.0;0.0;0;0;0;0;;;;;0.0;;0;;;;;;;;05.270.790/0001-49;;;;;;;;;;1600000.0;0.1379;0.1379
B2300095100000;COLETIVOS;2023;ARRANJOS REGIONAIS;FSA SAV/MINC / Arranjos Regionais;419866.9;0.0;0.0;560383.76;0.0;560383.76;0.0;0.0;0;0.0;0.0;0.0;0.0;0.0;0.0;0;0;0;0;;;;;0.0;;0;;7.0;2.0;1.0;LA Referencia (Red Federada de Repositorios Institucionales de Publicaciones Científicas) | Animus Revista Interamericana de Comunicação Midiática | Rebeca - Revista Brasileira de Estudos de Cinema e Audiovisual;;;04.178.239/0001-07;;;;;;;;;;419866.9;0.0;0.0
B2300433200000;DENTRO DE MIM;2023;ARRANJOS REGIONAIS;FSA SAV/MINC / Arranjos Regionais;50000.0;0.0;0.0;52415.0;0.0;52415.0;0.0;0.0;0;0.0;0.0;0.0;0.0;0.0;0.0;0;0;0;0;;;;;4.2;adoro_usuario;1;baixa;;;;;;;22.000.363/0001-60;;;;;;;;;;50000.0;0.0;0.0
B2300565300000;DESTINOS DA FÉ;2023;ARRANJOS REGIONAIS;FSA SAV/MINC / Arranjos Regionais;460800.0;0.0;558412.0;534634.91;585383.3;1120018.21;0.0;0.0;0;0.0;0.0;0.0;0.0;0.0;0.0;0;0;0;0;;;;;3.8;adoro_critico|adoro_usuario;2;media;15.0;18.0;15.0;LA Referencia (Red Federada de Repositorios Institucionales de Publicaciones Científicas) | Revista FAMECOS | O Mosaico;;;25.425.945/0001-86;;;;;;;;;;1019212.0;0.0;0.0
B2300529200000;DIAS DE TEMPESTADE;2023;ARRANJOS REGIONAIS;FSA SAV/MINC / Arranjos Regionais;150000.0;0.0;0.0;208829.1;0.0;208829.1;0.0;0.0;0;0.0;0.0;0.0;0.0;0.0;0.0;0;0;0;0;;;;;4.5;adoro_usuario;1;baixa;;;;;;;12.345.593/0001-07;;;;;;;;;;150000.0;0.0;0.0
B2300557100000;GUIA;2023;ARRANJOS REGIONAIS;FSA SAV/MINC / Arranjos Regionais;50000.0;1800000.0;0.0;54836.55;1886940.0;1941776.55;0.0;0.0;0;0.0;0.0;0.0;0.0;0.0;0.0;0;0;0;0;;;;;4.5;adoro_usuario;1;baixa;0.0;;;;;;22.534.164/0001-31;;;;;;;;;;1850000.0;0.0;0.0
B2300242000000;INVASÃO MARCIANA;2023;ARRANJOS REGIONAIS;FSA SAV/MINC / Arranjos Regionais;142438.21;0.0;0.0;165261.37;0.0;165261.37;0.0;0.0;0;0.0;0.0;0.0;0.0;0.0;0.0;0;0;0;0;;;;;3.865;adoro_critico|adoro_usuario;2;alta;;;;;;;18.935.572/0001-28;;;;;;;;;;142438.21;0.0;0.0
B2300108000000;IYAS IDANAS - MULHERES DA COZINHA;2023;ARRANJOS REGIONAIS;FSA SAV/MINC / Arranjos Regionais;218150.0;0.0;0.0;228686.64;0.0;228686.64;0.0;0.0;60000;62898.0;0.0;0.275;0.0;0.0;0.0;0;0;0;0;;;;;0.0;;0;;;;;;;;21.988.610/0001-15;;;;;;;;;;218150.0;0.275;0.275
B2300136800000;JANGADEIROS DA SÃO PEDRO;2023;ARRANJOS REGIONAIS;FSA SAV/MINC / Arranjos Regionais;478270.06;0.0;0.0;638332.7;0.0;638332.7;0.0;0.0;0;0.0;0.0;0.0;0.0;0.0;0.0;0;0;0;0;;;;;0.0;;0;;0.0;;;;;;18.274.744/0001-60;;;;;;;;;;478270.06;0.0;0.0
B2300252300000;LUTA DA ERVA;2023;ARRANJOS REGIONAIS;FSA SAV/MINC / Arranjos Regionais;180000.0;0.0;0.0;188694.0;0.0;188694.0;0.0;0.0;0;0.0;0.0;0.0;0.0;0.0;0.0;0;0;0;0;;;;;4.45;adoro_critico|adoro_usuario;2;media;;;;;;;01.282.220/0001-18;;;;;;;;;;180000.0;0.0;0.0
B2300154100000;MAMULENGO;2023;ARRANJOS REGIONAIS;FSA SAV/MINC / Arranjos Regionais;200000.0;0.0;0.0;232046.4;0.0;232046.4;0.0;0.0;0;0.0;0.0;0.0;0.0;0.0;0.0;0;0;0;0;;;;;0.0;;0;;;;;;;;20.119.267/0001-00;;;;;;;;;;200000.0;0.0;0.0
B2300377600000;MARRAIA;2023;ARRANJOS REGIONAIS;FSA SAV/MINC / Arranjos Regionais;900000.0;0.0;0.0;1252974.6;0.0;1252974.6;0.0;0.0;0;0.0;0.0;0.0;0.0;0.0;0.0;0;0;0;0;;;;;0.0;;0;;0.0;;;;;;19.780.327/0001-51;;;;;;;;;;900000.0;0.0;0.0
B2300550100000;O CANTO;2023;ARRANJOS REGIONAIS;FSA SAV/MINC / Arranjos Regionais;50000.0;0.0;0.0;54836.55;0.0;54836.55;0.0;0.0;0;0.0;0.0;0.0;0.0;0.0;0.0;0;0;0;0;;;;;0.0;;0;;;;;;;;26.324.984/0001-50;;;;;;;;;;50000.0;0.0;0.0
B2300527700000;O IMPEACHMENT - SETEMBRO, 1957, SEXTA-FEIRA 13;2023;ARRANJOS REGIONAIS;FSA SAV/MINC / Arranjos Regionais;300000.0;0.0;0.0;400401.0;0.0;400401.0;0.0;0.0;0;0.0;0.0;0.0;0.0;0.0;0.0;0;0;0;0;;;;;4.008;adoro_critico|adoro_usuario;2;alta;;;;;;;13.601.904/0001-14;;;;;;;;;;300000.0;0.0;0.0
B2300131300000;O POETA QUE VEIO DO POVO;2023;ARRANJOS REGIONAIS;FSA SAV/MINC / Arranjos Regionais;328606.2;0.0;0.0;438580.84;0.0;438580.84;0.0;0.0;60000;62898.0;0.0;0.1434;0.0;0.0;0.0;0;0;0;0;;;;;0.0;;0;;0.0;;;;;;10.505.568/0001-18;;;;;;;;;;328606.2;0.1826;0.1826
B2300567400000;O POLICIAL E A PASTORA;2023;ARRANJOS REGIONAIS;FSA SAV/MINC / Arranjos Regionais;100000.0;0.0;0.0;116023.2;0.0;116023.2;0.0;0.0;0;0.0;0.0;0.0;0.0;0.0;0.0;0;0;0;0;;;;;3.4;adoro_usuario;1;baixa;2.0;2.0;2.0;Cadernos Pagu | Logos;;;10.551.469/0001-72;;;;;;;;;;100000.0;0.0;0.0
B2300201900000;O SILÊNCIO DAS OSTRAS;2023;ARRANJOS REGIONAIS;FSA SAV/MINC / Arranjos Regionais;1650000.0;0.0;0.0;1914382.8;0.0;1914382.8;50256.64;50256.64;0;0.0;50256.64;0.0263;0.0263;0.0;0.0;0;0;0;0;;;;;4.1;adoro_usuario;1;baixa;;;;;;;15.745.495/0001-55;;;;;;;;;;1650000.0;0.0305;0.0305
B2300500100000;O SILÊNCIO DE EVA;2023;ARRANJOS REGIONAIS;FSA SAV/MINC / Arranjos Regionais;510000.0;0.0;0.0;680681.7;0.0;680681.7;0.0;0.0;0;0.0;0.0;0.0;0.0;0.0;0.0;0;0;0;0;;;;;4.1;adoro_usuario;1;baixa;0.0;;;;;;02.501.714/0001-09;;;;;;;;;;510000.0;0.0;0.0
B2300546600000;OPARÁ;2023;ARRANJOS REGIONAIS;FSA SAV/MINC / Arranjos Regionais;367469.47;0.0;50000.0;426349.84;52415.0;478764.84;0.0;0.0;0;0.0;0.0;0.0;0.0;0.0;0.0;0;0;0;0;;;;;0.0;;0;;2.0;2.0;1.0;REVISTA QUAESTIO IURIS | eScholarship (California Digital Library);;;07.947.109/0001-80;;;;;;;;;;417469.47;0.0;0.0
B2300488500000;PALAVRA PRESA;2023;ARRANJOS REGIONAIS;FSA SAV/MINC / Arranjos Regionais;400000.0;0.0;0.0;556877.6;0.0;556877.6;0.0;0.0;120000;125796.0;0.0;0.2259;0.0;0.0;0.0;0;0;0;0;;;;;0.0;;0;;;;;;;;79.873.451/0001-93;;;;;;;;;;400000.0;0.3;0.3
B2300499000000;PASTRANA;2023;ARRANJOS REGIONAIS;FSA SAV/MINC / Arranjos Regionais;50000.0;0.0;0.0;54836.55;0.0;54836.55;0.0;0.0;60000;62898.0;0.0;1.147;0.0;0.0;0.0;0;0;0;0;;;;;0.0;;0;;;;;;;;08.267.476/0001-03;;;;;;;;;;50000.0;1.2;1.2
B2300140800000;PRESENÇA;2023;ARRANJOS REGIONAIS;FSA SAV/MINC / Arranjos Regionais;180000.0;200464.32;0.0;240240.6;210146.75;450387.35;0.0;0.0;0;0.0;0.0;0.0;0.0;0.0;0.0;0;0;0;0;;;;;2.64;adoro_critico;1;alta;17.0;3.0;2.0;Rebeca - Revista Brasileira de Estudos de Cinema e Audiovisual | Aniki Revista Portuguesa da Imagem em Movimento | Lume (Universidade Federal do Rio Grande do Sul);;;18.580.137/0001-28;;;;;;;;;;380464.32;0.0;0.0
B2300535500000;PROCURA METEORANGO KID: VIVO OU MORTO;2023;ARRANJOS REGIONAIS;FSA SAV/MINC / Arranjos Regionais;370000.0;450000.0;0.0;387871.0;471735.0;859606.0;0.0;0.0;60000;62898.0;0.0;0.1622;0.0;0.0;0.0;0;0;0;0;;;;;3.433;adoro_critico|adoro_usuario;2;media;0.0;;;;;;04.125.602/0001-26;;;;;;;;;;820000.0;0.1622;0.0732
B2300339000000;SÉRGIO RICARDO: UMA OUTRA HISTÓRIA DO CINEMA NOVO;2023;ARRANJOS REGIONAIS;FSA SAV/MINC / Arranjos Regionais;300000.0;0.0;0.0;348069.6;0.0;348069.6;0.0;0.0;60000;62898.0;0.0;0.1807;0.0;0.0;0.0;0;0;0;0;;;;;3.837;adoro_critico|adoro_usuario;2;alta;;;;;;;25.301.822/0001-33;;;;;;;;;;300000.0;0.2;0.2
B2300141200000;TENHO FÉ;2023;ARRANJOS REGIONAIS;FSA SAV/MINC / Arranjos Regionais;100000.0;0.0;558412.0;104830.0;585383.3;690213.3;4274.98;4333.84;120000;125796.0;4333.84;1.2413;0.0063;0.0;0.0;0;0;0;0;;;;;0.0;;0;;;;;;;;21.054.261/0001-64;;;;;;;;;;658412.0;1.2427;0.1887
B2300035300000;URSA;2023;ARRANJOS REGIONAIS;FSA SAV/MINC / Arranjos Regionais;375000.0;0.0;0.0;522072.75;0.0;522072.75;0.0;0.0;60000;62898.0;0.0;0.1205;0.0;0.0;0.0;0;0;0;0;;;;;0.0;;0;;;;;;;;21.277.034/0001-06;;;;;;;;;;375000.0;0.16;0.16
B2300363900000;UTOPIA TROPICAL;2023;ARRANJOS REGIONAIS;FSA SAV/MINC / Arranjos Regionais;833340.0;0.0;6290.0;913949.81;6593.81;920543.6200000001;11450.88;11450.88;60000;62898.0;11450.88;0.0813;0.0124;0.0;0.0;0;0;0;0;;;;;0.0;;0;;;;;;;;13.384.449/0001-42;;;;;;;;;;839630.0;0.0857;0.0851
B2300011000000;ZÉ;2023;ARRANJOS REGIONAIS;FSA SAV/MINC / Arranjos Regionais;918010.0;2173333.0;0.0;1278048.01;2278304.98;3556352.99;27295.24;27295.24;60000;62898.0;27295.24;0.0706;0.0077;0.0;0.0;0;0;0;0;;;;;3.732;adoro_critico|adoro_usuario;2;alta;;;;;;;23.148.018/0001-30;;;;;;;;;;3091343.0;0.0951;0.0282
B2300114900000;THIAGO & ÍSIS E OS SEGREDOS DO BRASIL;2023;CINEMA NOVOS REALIZADORES;FSA Apenas roteiro;2000000.0;0.0;375000.0;2096600.0;393112.5;2489712.5;0.0;0.0;0;0.0;0.0;0.0;0.0;0.0;0.0;0;0;0;0;;;;;3.863;adoro_critico;1;media;;;;;;;13.384.449/0001-42;;;;;;;;;;2375000.0;0.0;0.0
B1600656800000;FIM DO MUNDO;2016;COMERCIALIZAÇÃO - OPÇÃO DE INVESTIMENTO EM COMERCIALIZAÇÃO;FSA Comercialização / Distribuição;2556500.0;3000000.0;3000000.0;3801543.62;8922066.0;12723609.620000001;0.0;0.0;60000;89220.66;0.0;0.0235;0.0;0.0;0.0;0;0;0;0;;;;;3.195;adoro_critico|adoro_usuario;2;alta;;;;;;;02.669.022/0001-74;;;;;;;;;;8556500.0;0.0235;0.007
B2100018500000;DETETIVES DO PRÉDIO AZUL 3 - UMA AVENTURA NO FIM DO MUNDO;2020;COMERCIALIZAÇÃO - OPÇÃO DE INVESTIMENTO EM COMERCIALIZAÇÃO;FSA Comercialização / Distribuição;1756500.0;3000000.0;1740000.0;1926408.0;6052752.48;7979160.48;8277452.08;8615157.04;360000;459702.72;8615157.04;4.7108;1.0797;0.8;4.0;0;0;0;0;;;;;4.3;adoro_usuario;1;baixa;;;;;;;12.580.503/0002-43;;;;;;;;;;6496500.0;4.9174;1.3296
B2000230700000;NAS ONDAS DA FÉ;2020;COMERCIALIZAÇÃO - OPÇÃO DE INVESTIMENTO EM COMERCIALIZAÇÃO;FSA Comercialização / Distribuição;1248812.2;3000000.0;0.0;1309129.83;3830856.0;5139985.83;735237.73;745360.84;0;0.0;745360.84;0.5694;0.145;0.0;0.0;0;0;0;0;;;;;3.786;adoro_critico;1;media;7.0;0.0;0.0;LA Referencia (Red Federada de Repositorios Institucionales de Publicaciones Científicas) | Reciis | Revista FAMECOS;;;09.558.964/0001-24;;;;;;;;;;4248812.2;0.5887;0.173
B2300374700000;DE REPENTE, MISS!;2023;COMERCIALIZAÇÃO - OPÇÃO DE INVESTIMENTO EM COMERCIALIZAÇÃO;FSA Comercialização / Distribuição;275812.0;0.0;0.0;289133.72;0.0;289133.72;314163.64;314163.64;60000;62898.0;314163.64;1.3041;1.0866;0.0;0.0;0;0;0;0;;;;;4.095;adoro_critico|adoro_usuario;2;media;;;;;;;23.707.667/0001-24;;;;;;;;;;275812.0;1.3566;1.3566
B2300247400000;MARINHEIRO DAS MONTANHAS;2023;COMERCIALIZAÇÃO - OPÇÃO DE INVESTIMENTO EM COMERCIALIZAÇÃO;FSA Comercialização / Distribuição;60000.0;637909.0;0.0;62898.0;668720.0;731618.0;51770.4;52483.2;280000;293524.0;52483.2;5.5011;0.0717;0.0;0.0;0;0;0;0;;;;;0.0;;0;;;;;;Oscar;Q749493;31.179.864/0001-46;;;;;;;;;;697909.0;5.5295;0.4754
B2300402000000;UMA FADA VEIO ME VISITAR;2023;COMERCIALIZAÇÃO - OPÇÃO DE INVESTIMENTO EM COMERCIALIZAÇÃO;FSA Comercialização / Distribuição;3431102.62;2700000.0;1860000.0;3762996.61;4780248.0;8543244.61;1258510.97;1275838.76;80000;83864.0;1275838.76;0.3613;0.1493;0.0;0.0;0;0;0;0;;;;;0.0;;0;;;;;;;;02.736.672/0001-95;;;;;;;;;;7991102.62;0.3901;0.1675
B2300120800000;VAI TER TROCO;2023;COMERCIALIZAÇÃO - OPÇÃO DE INVESTIMENTO EM COMERCIALIZAÇÃO;FSA Comercialização / Distribuição;56600.0;0.0;0.0;59333.78;0.0;59333.78;96187.05;97511.4;0;0.0;97511.4;1.6434;1.6434;0.0;0.0;0;0;0;0;;;;;3.32;adoro_critico;1;alta;;;;;;;07.419.227/0001-15;;;;;;;;;;56600.0;1.6994;1.6994
B1700411300000;MÚSICA PARA QUANDO AS LUZES SE APAGAM;2015;COMERCIALIZAÇÃO EM CINEMA;FSA Comercialização / Distribuição;350000.0;0.0;0.0;520453.85;0.0;520453.85;6566.47;7534.52;0;0.0;7534.52;0.0145;0.0145;0.0;0.0;0;0;0;0;;;;;3.7;adoro_usuario;1;baixa;;;;;;;94.100.302/0001-85;;;;;;;;;;350000.0;0.0188;0.0188
B1600779300000;NÓIS POR NÓIS;2016;COMERCIALIZAÇÃO EM CINEMA;FSA Comercialização / Distribuição;200000.0;0.0;0.0;266934.0;0.0;266934.0;2470.7;3081.4;60000;89220.66;3081.4;0.3458;0.0115;1.0;5.0;0;0;0;0;;;;;0.0;;0;;0.0;;;;;;09.437.566/0001-50;;;;;;;;;;200000.0;0.3124;0.3124
B1800090200000;AÇUCAR;2017;COMERCIALIZAÇÃO EM CINEMA;FSA Comercialização / Distribuição;100000.0;49671.240000000005;0.0;133467.0;71745.19;205212.19;51454.32;64172.64;140000;202216.14;64172.64;1.9959;0.3127;3.0;15.0;0;0;0;0;;;;;0.0;;0;;;;;;;;02.908.530/0001-68;;;;;;;;;;149671.24;1.9145;1.2792
B1900189100000;MISSÃO CUPIDO;2017;COMERCIALIZAÇÃO EM CINEMA;FSA Comercialização / Distribuição;900000.0;1649280.0;404500.0;1299960.9;2966481.89;4266442.79;20678.84;23518.04;60000;86664.06;23518.04;0.0848;0.0055;0.0;0.0;0;0;0;0;;;;;0.0;;0;;;;;;;;72.062.029/0001-09;;;;;;;;;;2953780.0;0.0896;0.0273
B1800245900000;O JUÍZO;2017;COMERCIALIZAÇÃO EM CINEMA;FSA Comercialização / Distribuição;500000.0;1800000.0;2000000.0;667335.0;5488723.8;6156058.8;182779.41;229832.68;140000;202216.14;229832.68;0.6474;0.0373;0.0;0.0;0;0;0;0;;;;;0.0;;0;;1.0;1.0;1.0;;;;09.180.984/0001-04;;;;;;;;;;4300000.0;0.6456;0.0751
B1800445500000;LOS SILENCIOS;2018;COMERCIALIZAÇÃO EM CINEMA;FSA Comercialização / Distribuição;200000.0;0.0;1055028.31;266934.0;1468804.08;1735738.08;159305.07;200310.88;360000;501189.84;200310.88;2.628;0.1154;20.8;64.0;0;12;4;4;;;AT|CH|DE|FR;AT|CH|DE|FR;0.0;;0;;0.0;;;;;;11.101.993/0001-04;;;;;;;;;;1255028.31;2.5965;0.4138
B1800517200000;MEU NOME É DANIEL;2018;COMERCIALIZAÇÃO EM CINEMA;FSA Comercialização / Distribuição;200000.0;0.0;500000.0;266934.0;696097.0;963031.0;22592.49;28408.52;60000;83531.64;28408.52;0.4194;0.0295;3.7;18.5;0;0;0;0;;;;;3.857;adoro_critico|adoro_usuario;2;media;0.0;;;;;;17.192.316/0001-25;;;;;;;;;;700000.0;0.413;0.118
B2000414400000;OLHA PRA ELAS;2020;COMERCIALIZAÇÃO EM CINEMA;FSA Comercialização / Distribuição;100000.0;1140000.0;0.0;109673.1;1455725.28;1565398.3800000001;7471.41;7574.28;0;0.0;7574.28;0.0691;0.0048;0.0;0.0;0;0;0;0;;;;;0.0;;0;;;;;;;;04.980.287/0001-14;;;;;;;;;;1240000.0;0.0747;0.006
B2300077800000;ANTES QUE ME ESQUEÇAM MEU NOME É EDY STAR - O FILME;2023;COMERCIALIZAÇÃO EM CINEMA;FSA Comercialização / Distribuição;313224.47;0.0;0.0;363413.05;0.0;363413.05;19899.88;19899.88;60000;62898.0;19899.88;0.2278;0.0548;0.0;0.0;0;0;0;0;;;;;3.3;adoro_usuario;1;baixa;;;;;;;15.128.758/0001-87;;;;;;;;;;313224.47;0.2551;0.2551
B2300123500000;MADAME DUROCHER;2023;COMPLEMENTAÇÃO;FSA Complementação;856578.0;3000000.0;500000.0;993829.21;3669050.0;4662879.21;62920.2;62920.2;280000;293524.0;62920.2;0.3587;0.0135;0.0;0.0;0;0;0;0;;;;;2.9;adoro_usuario;1;baixa;0.0;;;;;;53.976.478/0001-18;;;;;;;;;;4356578.0;0.4003;0.0787
B2300338800000;PÉROLA;2023;COMPLEMENTAÇÃO;FSA Complementação;753672.16;2750000.0;0.0;790074.53;2882825.0;3672899.5300000003;150447.92;152519.36;360000;377388.0;152519.36;0.6707;0.0415;1.9;9.5;0;0;0;0;;;;;4.305;adoro_critico|adoro_usuario;2;alta;;;;;;;01.369.211/0001-69;;;;;;;;;;3503672.16;0.6773;0.1457
B2300261100000;RODEIO ROCK;2023;COMPLEMENTAÇÃO;FSA Complementação;1796331.5;3000000.0;3508000.0;1883094.31;6822336.4;8705430.71;172293.46;174665.68;140000;146762.0;174665.68;0.1707;0.0201;0.0;0.0;0;0;0;0;;;;;0.0;;0;;;;;;;;11.280.934/0001-40;;;;;;;;;;8304331.5;0.1739;0.0376
B2300551000000;SAUDOSA MALOCA;2023;COMPLEMENTAÇÃO;FSA Complementação;1212734.78;0.0;0.0;1271309.87;0.0;1271309.87;418553.52;418553.52;120000;125796.0;418553.52;0.4282;0.3292;0.0;0.0;0;0;0;0;;;;;4.165;adoro_critico|adoro_usuario;2;alta;;;;;;;05.463.157/0001-77;;;;;;;;;;1212734.78;0.4441;0.4441
B2100364800000;A MÃE;2021;CONCURSO PRODUÇÃO PARA CINEMA;FSA Pontuação Festivais e Roteiro;1880000.0;0.0;750000.0;2061854.28;870174.0;2932028.2800000003;31257.77;32344.76;60000;69613.92;32344.76;0.0494;0.011;0.0;0.0;0;0;0;0;;;;;4.115;adoro_critico|adoro_usuario;2;alta;1.0;0.0;0.0;Revista Entrecaminos;;;13.359.654/0001-58;;;;;;;;;;2630000.0;0.0485;0.0347
B2200124400000;ABESTALHADOS 2;2022;CONCURSO PRODUÇÃO PARA CINEMA;FSA Pontuação Festivais e Roteiro;2008724.0;2999991.4899999998;400000.0;2565044.13;3728876.07;6293920.199999999;38467.4;40038.32;0;0.0;40038.32;0.0156;0.0064;0.0;0.0;0;0;0;0;;;;;0.0;;0;;;;;;;;03.675.713/0001-43;;;;;;;;;;5408715.49;0.0192;0.0071
B2200386600000;NA RÉDEA CURTA;2022;CONCURSO PRODUÇÃO PARA CINEMA;FSA Pontuação Festivais e Roteiro;2913000.0;0.0;0.0;3887893.71;0.0;3887893.71;204221.42;211264.76;60000;65803.86;211264.76;0.0713;0.0543;0.0;0.0;0;0;0;0;;;;;0.0;;0;;36.0;14.0;5.0;Rebeca - Revista Brasileira de Estudos de Cinema e Audiovisual | LA Referencia (Red Federada de Repositorios Institucionales de Publicaciones Científicas) | AVANCA | CINEMA;Rotterdam;Q61641231;13.650.474/0001-20;;;;;;;;;;2913000.0;0.0907;0.0907
B2200380100000;O PORÃO DA RUA DO GRITO;2022;CONCURSO PRODUÇÃO PARA CINEMA;FSA Pontuação Festivais e Roteiro;2911840.61;0.0;650000.0;3378410.65;712875.15;4091285.8;2504.88;2504.88;60000;65803.86;2504.88;0.0202;0.0006;0.0;0.0;0;0;0;0;;;;;3.88;adoro_critico;1;alta;;;;;;;05.508.188/0001-05;;;;;;;;;;3561840.61;0.0215;0.0175
B2300001100000;REGRA 34;2022;CONCURSO PRODUÇÃO PARA CINEMA;FSA Pontuação Festivais e Roteiro;2100000.0;0.0;0.0;2802807.0;0.0;2802807.0;119699.44;121347.52;60000;65803.86;121347.52;0.0668;0.0433;33.1;62.5;2463;19;5;0;;;;;2.47;adoro_critico|adoro_usuario;2;alta;;;;;Locarno;Q28797377;14.798.449/0001-51;;;;;;;;;;2100000.0;0.0856;0.0856
B2200243000000;SINFONIA DE UM HOMEM COMUM;2022;CONCURSO PRODUÇÃO PARA CINEMA;FSA Pontuação Festivais e Roteiro;918500.0;200000.0;0.0;1225894.4;219346.2;1445240.5999999999;294.15;298.2;280000;307084.68;298.2;0.2507;0.0002;1.7;8.5;0;0;0;0;;;;;4.1;adoro_usuario;1;baixa;;;;;;;27.527.464/0001-07;;;;;;;;;;1118500.0;0.3052;0.2506
B2400339600000;A VILÃ DAS NOVE;2023;CONCURSO PRODUÇÃO PARA CINEMA;FSA Pontuação Festivais e Roteiro;1000000.0;3000000.0;250000.0;1048300.0;3406975.0;4455275.0;27513.92;27513.92;0;0.0;27513.92;0.0262;0.0062;0.0;0.0;0;0;0;0;;;;;3.965;adoro_critico|adoro_usuario;2;alta;;;;;;;19.478.327/0001-00;;;;;;;;;;4250000.0;0.0275;0.0065
B2300201800000;JANGO NO EXÍLIO;2023;CONCURSO PRODUÇÃO PARA CINEMA;FSA Pontuação Festivais e Roteiro;392000.0;0.0;0.0;523190.64;0.0;523190.64;21331.24;21331.24;0;0.0;21331.24;0.0408;0.0408;0.0;0.0;0;0;0;0;;;;;4.3;adoro_usuario;1;baixa;;;;;;;06.288.843/0001-11;;;;;;;;;;392000.0;0.0544;0.0544
B2300065800000;O CIRCO VOLTOU;2023;CONCURSO PRODUÇÃO PARA CINEMA;FSA Pontuação Festivais e Roteiro;1500000.0;0.0;0.0;2002005.0;0.0;2002005.0;3569.02;3618.16;60000;62898.0;3618.16;0.0332;0.0018;0.0;0.0;0;0;0;0;;;;;1.7;adoro_usuario;1;baixa;0.0;;;;;;08.991.631/0001-21;;;;;;;;;;1500000.0;0.0424;0.0424
B2300121300000;O PASTOR E O GUERRILHEIRO;2023;CONCURSO PRODUÇÃO PARA CINEMA;FSA Pontuação Festivais e Roteiro;4787153.81;0.0;0.0;6112965.63;0.0;6112965.63;99501.14;100871.12;60000;62898.0;100871.12;0.0268;0.0165;2.4;12.0;0;0;0;0;;;;;3.902;adoro_critico|adoro_usuario;2;alta;;;;;;;03.093.490/0001-06;;;;;;;;;;4787153.81;0.0333;0.0333
B2300303300000;TPM! MEU AMOR;2023;CONCURSO PRODUÇÃO PARA CINEMA;FSA Pontuação Festivais e Roteiro;5735577.5;225280.89;0.0;6012605.89;236161.96;6248767.85;10393.3;10536.4;0;0.0;10536.4;0.0018;0.0017;0.0;0.0;0;0;0;0;;;;;4.3;adoro_usuario;1;baixa;4.0;3.0;2.0;Lume (Universidade Federal do Rio Grande do Sul);;;67.942.250/0001-11;;;;;;;;;;5960858.39;0.0018;0.0017
B2200457400000;NOVO MUNDO, PINTURA DE RUA NA AMÉRICA LATINA;2022;COPRODUÇÃO INTERNACIONAL;FSA Coprodução Internacional;264797.0;0.0;0.0;338133.06;0.0;338133.06;0.0;0.0;60000;65803.86;0.0;0.1946;0.0;0.0;0.0;0;0;0;0;;;;;4.1;adoro_usuario;1;baixa;;;;;;;04.661.796/0001-84;;;;;;;;;;264797.0;0.2266;0.2266
B2300240900000;AMOR REBELDE;2023;COPRODUÇÃO INTERNACIONAL;FSA Coprodução Internacional;365880.0;0.0;940000.0;467211.2;985402.0;1452613.2;0.0;0.0;60000;62898.0;0.0;0.1346;0.0;0.0;0.0;0;0;0;0;;;;;4.3;adoro_usuario;1;baixa;;;;;;;19.457.687/0001-17;;;;;;;;;;1305880.0;0.164;0.0459
B2300491600000;LA OTRA FORMA;2023;COPRODUÇÃO INTERNACIONAL;FSA Coprodução Internacional;1000000.0;0.0;0.0;1096731.0;0.0;1096731.0;4651.92;4651.92;0;0.0;4651.92;0.0042;0.0042;0.0;0.0;0;0;0;0;;;;;0.0;;0;;;;;;;;19.457.687/0001-17;;;;;;;;;;1000000.0;0.0047;0.0047
B2300527400000;PUAN;2023;COPRODUÇÃO INTERNACIONAL CINEMA;FSA Coprodução Internacional;1500000.0;0.0;0.0;1572450.0;0.0;1572450.0;115178.72;116377.52;0;0.0;116377.52;0.074;0.074;19.2;46.0;0;19;12;0;;;;;0.0;;0;;;;;;;;14.440.714/0001-25;;;;;;;;;;1500000.0;0.0768;0.0768
B2000497700000;ABE;2020;FLUXO CONTÍNUO PRODUÇÃO PARA CINEMA;FSA Automático Bilheteria;2776009.22;0.0;4000000.0;4009670.49;5107808.0;9117478.49;63102.8;71766.8;60000;76617.12;71766.8;0.037;0.0079;0.0;0.0;0;0;0;0;;;;;0.0;;0;;;;;;;;06.945.371/0001-22;;;;;;;;;;6776009.220000001;0.0443;0.0182
B2000154900000;ALICE JÚNIOR;2020;FLUXO CONTÍNUO PRODUÇÃO PARA CINEMA;FSA Automático Bilheteria;525500.0;0.0;0.0;701369.08;0.0;701369.08;1546.18;1928.36;140000;178773.28;1928.36;0.2576;0.0027;8.5;42.5;0;0;0;0;;;;;3.39;adoro_critico|adoro_usuario;2;alta;;;;;;;04.952.911/0001-70;;;;;;;;;;525500.0;0.2694;0.2694
B2000070300000;DOIS MAIS DOIS;2020;FLUXO CONTÍNUO PRODUÇÃO PARA CINEMA;FSA Automático Bilheteria;3000000.0;3000000.0;700000.0;4004010.0;4724722.4;8728732.4;255103.12;290128.72;200000;255390.4;290128.72;0.1362;0.0332;0.0;0.0;0;0;0;0;;;;;3.775;adoro_critico;1;alta;;;;;;;12.580.503/0001-62;;;;;;;;;;6700000.0;0.1517;0.0679
B2000259000000;ZONA ÁRIDA;2020;FLUXO CONTÍNUO PRODUÇÃO PARA CINEMA;FSA Automático Bilheteria;396975.7;0.0;0.0;529831.56;0.0;529831.56;15.94;19.88;60000;76617.12;19.88;0.1446;0.0;0.4;2.0;0;0;0;0;;;;;0.0;;0;;;;;;;;09.437.566/0001-50;;;;;;;;;;396975.7;0.1512;0.1512
B2100065700000;A ÚLTIMA FLORESTA;2021;FLUXO CONTÍNUO PRODUÇÃO PARA CINEMA;FSA Automático Bilheteria;1512437.74;0.0;0.0;2105606.75;0.0;2105606.75;42773.56;48646.36;60000;69613.92;48646.36;0.0562;0.0231;7.5;37.5;0;0;0;0;;;;;3.538;adoro_critico;1;alta;;;;;Annecy;Q6701395;02.238.621/0001-33;;;;;;;;;;1512437.74;0.068;0.068
B2100306300000;ALDEIA NATAL;2021;FLUXO CONTÍNUO PRODUÇÃO PARA CINEMA;FSA Automático Bilheteria;269400.0;0.0;0.0;282412.02;0.0;282412.02;27336.34;27712.72;0;0.0;27712.72;0.0981;0.0981;0.0;0.0;0;0;0;0;;;;;0.0;;0;;0.0;;;;;;04.937.797/0001-09;;;;;;;;;;269400.0;0.1015;0.1015
B2100113200000;L.O.C.A.;2021;FLUXO CONTÍNUO PRODUÇÃO PARA CINEMA;FSA Automático Bilheteria;4438846.48;2545837.31;70000.0;5924395.23;3034978.15;8959373.38;174.8;198.8;140000;162432.48;198.8;0.0275;0.0;0.0;0.0;0;0;0;0;;;;;4.3;adoro_usuario;1;baixa;0.0;;;;;;09.180.984/0001-04;;;;;;;;;;7054683.790000001;0.0316;0.0199
B2100010700000;LOOP;2021;FLUXO CONTÍNUO PRODUÇÃO PARA CINEMA;FSA Automático Bilheteria;1592313.95;900000.0;153500.0;2216809.93;1222304.41;3439114.34;428.04;477.12;140000;162432.48;477.12;0.0735;0.0001;0.0;0.0;0;0;0;0;;;;;3.356;adoro_critico;1;alta;3.0;1.0;1.0;Rebeca - Revista Brasileira de Estudos de Cinema e Audiovisual | Lume (Universidade Federal do Rio Grande do Sul) | Gragoatá;;;13.207.081/0001-47;;;;;;;;;;2645813.95;0.0882;0.0531
B2100259000000;MEDIDA PROVISÓRIA;2021;FLUXO CONTÍNUO PRODUÇÃO PARA CINEMA;FSA Automático Bilheteria;2734648.73;2800000.0;1400000.0;3649853.62;4872974.4;8522828.02;9075619.36;9446061.52;140000;162432.48;9446061.52;2.6326;1.1083;12.66;10.5;2379;0;0;0;;;;;4.039;adoro_critico|adoro_usuario;2;alta;;;;;;;02.605.295/0001-55;;;;;;;;;;6934648.73;3.3699;1.3289
B2100347700000;O JARDIM SECRETO DE MARIANA;2021;FLUXO CONTÍNUO PRODUÇÃO PARA CINEMA;FSA Automático Bilheteria;3000000.0;1000000.0;500000.0;3480696.0;1740348.0;5221044.0;14298.64;16261.84;140000;162432.48;16261.84;0.0513;0.0031;0.0;0.0;0;0;0;0;;;;;4.273;adoro_critico|adoro_usuario;2;alta;;;;;;;42.473.256/0001-66;;;;;;;;;;4500000.0;0.0514;0.0343
B2200063900000;1999 - A CONQUISTA DA AMÉRICA;2022;FLUXO CONTÍNUO PRODUÇÃO PARA CINEMA;FSA Automático Bilheteria;1000000.0;0.0;0.0;1160232.0;0.0;1160232.0;21430.2;22305.36;0;0.0;22305.36;0.0192;0.0192;0.0;0.0;0;0;0;0;;;;;3.993;adoro_critico|adoro_usuario;2;media;;;;;;;04.350.398/0001-47;;;;;;;;;;1000000.0;0.0214;0.0214
B2300468500000;A FILHA DO PALHAÇO;2022;FLUXO CONTÍNUO PRODUÇÃO PARA CINEMA;FSA Automático Bilheteria;1764223.21;0.0;0.0;2548245.77;0.0;2548245.77;107173.08;107173.08;60000;65803.86;107173.08;0.0679;0.0421;0.0;0.0;0;0;0;0;;;;;3.97;adoro_critico|adoro_usuario;2;media;;;;;;;08.254.467/0001-70;;;;;;;;;;1764223.21;0.0948;0.0948
B2200343300000;A ÚLTIMA FESTA;2022;FLUXO CONTÍNUO PRODUÇÃO PARA CINEMA;FSA Automático Bilheteria;3000000.0;1000000.0;0.0;4004010.0;1096731.0;5100741.0;31846.64;32285.12;140000;153542.34;32285.12;0.0464;0.0063;0.0;0.0;0;0;0;0;;;;;4.7;adoro_usuario;1;baixa;;;;;;;02.298.682/0001-96;;;;;;;;;;4000000.0;0.0573;0.043
B2200299300000;CORDIALMENTE TEUS;2022;FLUXO CONTÍNUO PRODUÇÃO PARA CINEMA;FSA Automático Bilheteria;1700000.0;0.0;0.0;2268939.0;0.0;2268939.0;8136.6;8468.88;0;0.0;8468.88;0.0037;0.0037;0.0;0.0;0;0;0;0;;;;;0.0;;0;;0.0;;;;;;04.350.398/0001-47;;;;;;;;;;1700000.0;0.0048;0.0048
B2200412200000;FAUSTO FAWCETT NA CABEÇA;2022;FLUXO CONTÍNUO PRODUÇÃO PARA CINEMA;FSA Automático Bilheteria;1010398.47;0.0;0.0;1059200.72;0.0;1059200.72;21152.32;21152.32;280000;307084.68;21152.32;0.3099;0.02;0.0;0.0;0;0;0;0;;;;;3.92;adoro_critico;1;alta;;;;;;;03.360.320/0001-40;;;;;;;;;;1010398.47;0.2981;0.2981
B2300288600000;FORAM OS SUSSURROS QUE ME MATARAM;2022;FLUXO CONTÍNUO PRODUÇÃO PARA CINEMA;FSA Automático Bilheteria;1238531.78;0.0;0.0;1581545.63;0.0;1581545.63;5427.24;5427.24;0;0.0;5427.24;0.0034;0.0034;0.0;0.0;0;0;0;0;;;;;0.0;;0;;5.0;3.0;3.0;Rebeca - Revista Brasileira de Estudos de Cinema e Audiovisual | Lume (Universidade Federal do Rio Grande do Sul) | SHILAP Revista de lepidopterología;;;09.437.566/0001-50;;;;;;;;;;1238531.78;0.0044;0.0044
B2200089800000;O TRAIDOR;2022;FLUXO CONTÍNUO PRODUÇÃO PARA CINEMA;FSA Automático Bilheteria;2435000.0;500000.0;0.0;3109378.12;548365.5;3657743.62;59729.78;62164.76;60000;65803.86;62164.76;0.0412;0.017;6.7;33.5;0;0;0;0;;;;;3.529;adoro_critico;1;alta;;;;;;;01.378.559/0001-12;;;;;;;;;;2935000.0;0.0492;0.0408
B2300008500000;VAI CORINTHIANS!;2022;FLUXO CONTÍNUO PRODUÇÃO PARA CINEMA;FSA Automático Bilheteria;1000000.0;567347.07;0.0;1334670.0;622227.12;1956897.12;36258.89;36758.12;0;0.0;36758.12;0.0275;0.0188;0.0;0.0;0;0;0;0;;;;;0.0;;0;;2.0;0.0;0.0;LA Referencia (Red Federada de Repositorios Institucionales de Publicaciones Científicas) | UNESP Institutional Repository (São Paulo State University);;;01.613.170/0001-04;;;;;;;;;;1567347.0699999998;0.0363;0.0231
B2300549200000;A ENTREGA;2023;FLUXO CONTÍNUO PRODUÇÃO PARA CINEMA;FSA Automático Bilheteria;811228.56;0.0;0.0;941213.33;0.0;941213.33;5467.0;5467.0;0;0.0;5467.0;0.0058;0.0058;0.0;0.0;0;0;0;0;;;;;3.923;adoro_critico|adoro_usuario;2;alta;0.0;;;;;;03.931.658/0001-05;;;;;;;;;;811228.56;0.0067;0.0067
B2300212900000;MEU NOME É GAL;2023;FLUXO CONTÍNUO PRODUÇÃO PARA CINEMA;FSA Automático Bilheteria;3200000.0;3000000.0;597456.3;3354560.0;3771213.44;7125773.4399999995;3310347.4;3355505.44;140000;146762.0;3355505.44;1.044;0.4709;11.89;5.5;2825;0;0;0;;;;;3.0;adoro_usuario;1;baixa;1.0;0.0;0.0;Brasiliana- Journal for Brazilian Studies;;;12.580.503/0001-62;;;;;;;;;;6797456.3;1.0782;0.5076
B2300283600000;O VAZIO DE DOMINGO À TARDE;2023;FLUXO CONTÍNUO PRODUÇÃO PARA CINEMA;FSA Automático Bilheteria;1000000.0;300000.0;0.0;1160232.0;314490.0;1474722.0;21291.48;21291.48;0;0.0;21291.48;0.0184;0.0144;0.0;0.0;0;0;0;0;;;;;4.078;adoro_critico|adoro_usuario;2;media;;;;;;;09.065.789/0001-33;;;;;;;;;;1300000.0;0.0213;0.0164
B2300493100000;SOB A VERDE NEBULOSA;2023;FLUXO CONTÍNUO PRODUÇÃO PARA CINEMA;FSA Automático Bilheteria;400000.0;0.0;0.0;533868.0;0.0;533868.0;0.0;0.0;0;0.0;0.0;0.0;0.0;0.0;0.0;0;0;0;0;;;;;2.4;adoro_usuario;1;baixa;;;;;;;05.928.108/0001-62;;;;;;;;;;400000.0;0.0;0.0
B2000034100000;NO GOGÓ DO PAULINHO;2020;FLUXO CONTÍNUO PRODUÇÃO PARA CINEMA - VIA DISTRIBUIDORA;FSA Automático Bilheteria;4500000.0;3000000.0;55000.0;6264873.0;3901088.36;10165961.36;1737.46;2166.92;0;0.0;2166.92;0.0003;0.0002;0.0;0.0;0;0;0;0;;;;;3.673;adoro_critico|adoro_usuario;2;alta;;;;;;;03.987.306/0001-71;;;;;;;;;;7555000.0;0.0004;0.0002
B2000502900000;QUEM VAI FICAR COM MÁRIO;2020;FLUXO CONTÍNUO PRODUÇÃO PARA CINEMA - VIA DISTRIBUIDORA;FSA Automático Bilheteria;3523217.53;3000000.0;0.0;4702332.74;3830856.0;8533188.74;263878.08;300108.48;120000;153234.24;300108.48;0.0964;0.0352;0.0;0.0;0;0;0;0;;;;;3.835;adoro_critico|adoro_usuario;2;alta;;;;;;;42.488.478/0001-52;;;;;;;;;;6523217.529999999;0.109;0.0588
B2100036700000;O ESPAÇO INFINITO;2021;FLUXO CONTÍNUO PRODUÇÃO PARA CINEMA - VIA DISTRIBUIDORA;FSA Automático Bilheteria;1760000.0;0.0;0.0;2450261.44;0.0;2450261.44;11479.61;11590.04;0;0.0;11590.04;0.0047;0.0047;0.0;0.0;0;0;0;0;;;;;3.845;adoro_critico|adoro_usuario;2;alta;;;;;;;13.631.016/0001-44;;;;;;;;;;1760000.0;0.0065;0.0065
B2200065000000;AMADO;2022;FLUXO CONTÍNUO PRODUÇÃO PARA CINEMA - VIA DISTRIBUIDORA;FSA Automático Bilheteria;3500000.0;3000000.0;3871100.0;4671345.0;7535748.37;12207093.370000001;24887.3;25903.64;60000;65803.86;25903.64;0.0196;0.0021;0.0;0.0;0;0;0;0;;;;;3.63;adoro_critico|adoro_usuario;2;alta;2.0;0.0;0.0;Americanae (AECID Library) | LA Referencia (Red Federada de Repositorios Institucionales de Publicaciones Científicas);;;00.817.115/0001-73;;;;;;;;;;10371100.0;0.0243;0.0082
B2200349500000;TRÊS TIGRES TRISTES;2022;FLUXO CONTÍNUO PRODUÇÃO PARA CINEMA - VIA DISTRIBUIDORA;FSA Automático Bilheteria;873400.0;0.0;0.0;1165700.78;0.0;1165700.78;14217.25;14413.0;60000;65803.86;14413.0;0.0688;0.0124;11.0;55.0;0;0;0;0;;;;;3.75;adoro_critico;1;alta;;;;;;;15.745.495/0001-55;;;;;;;;;;873400.0;0.085;0.085
B2300330000000;ENTRELINHAS;2023;FLUXO CONTÍNUO PRODUÇÃO PARA CINEMA - VIA DISTRIBUIDORA;FSA Automático Bilheteria;2980176.0;0.0;0.0;3977551.5;0.0;3977551.5;45584.84;45584.84;60000;62898.0;45584.84;0.0273;0.0115;0.0;0.0;0;0;0;0;;;;;0.0;;0;;0.0;;;;;;04.937.797/0001-09;;;;;;;;;;2980176.0;0.0354;0.0354
B2300349700000;NOSSO SONHO;2023;FLUXO CONTÍNUO PRODUÇÃO PARA CINEMA - VIA DISTRIBUIDORA;FSA Automático Bilheteria;3000000.0;3000000.0;900000.0;3480696.0;4088370.0;7569066.0;9797171.76;9932028.12;140000;146762.0;9932028.12;2.8956;1.3122;0.0;0.0;0;0;0;0;;;;;4.259;adoro_critico|adoro_usuario;2;alta;;;;;;;05.256.465/0001-21;;;;;;;;;;6900000.0;3.3124;1.4402
B2300536800000;SALA ESCURA;2023;FLUXO CONTÍNUO PRODUÇÃO PARA CINEMA - VIA DISTRIBUIDORA;FSA Automático Bilheteria;2000000.0;0.0;300000.0;2669340.0;314490.0;2983830.0;54013.96;54013.96;0;0.0;54013.96;0.0202;0.0181;0.0;0.0;0;0;0;0;;;;;0.0;;0;;;;;;;;19.152.930/0001-99;;;;;;;;;;2300000.0;0.027;0.0235
B1700361300000;MEMÓRIAS DO BRASIL;2016;FLUXO CONTÍNUO PRODUÇÃO PARA TELEVISÃO;_tv_excluir;1060000.0;0.0;0.0;1576231.66;0.0;1576231.66;0.0;0.0;120000;178441.32;0.0;0.1132;0.0;0.0;0.0;0;0;0;0;;;;;4.343;adoro_critico|adoro_usuario;2;media;;;;;;;15.128.758/0001-87;;;;;;;;;;1060000.0;0.1132;0.1132
B1800114200000;INSTANTES CRUZADOS;2018;FLUXO CONTÍNUO PRODUÇÃO PARA TELEVISÃO;_tv_excluir;1539449.99;0.0;0.0;2289179.07;0.0;2289179.07;0.0;0.0;60000;83531.64;0.0;0.0365;0.0;0.0;0.0;0;0;0;0;;;;;0.0;;0;;;;;;;;04.069.379/0001-47;;;;;;;;;;1539449.99;0.039;0.039
B2400276600000;CONTOS DO MESTRE DOS MAGOS;2022;FLUXO CONTÍNUO PRODUÇÃO PARA TELEVISÃO;_tv_excluir;884738.91;0.0;0.0;1026502.4;0.0;1026502.4;0.0;0.0;0;0.0;0.0;0.0;0.0;0.0;0.0;0;0;0;0;;;;;4.223;adoro_critico|adoro_usuario;2;media;;;;;;;06.023.805/0001-37;;;;;;;;;;884738.91;0.0;0.0
B2200460100000;NEYMAR JR;2022;FLUXO CONTÍNUO PRODUÇÃO PARA TELEVISÃO;_tv_excluir;1000000.0;0.0;0.0;1096731.0;0.0;1096731.0;0.0;0.0;60000;65803.86;0.0;0.06;0.0;0.0;0.0;0;0;0;0;;;;;0.0;;0;;;;;;;;04.350.398/0001-47;;;;;;;;;;1000000.0;0.06;0.06
B2400052900000;O MUNDO DAS ECOVILAS;2022;FLUXO CONTÍNUO PRODUÇÃO PARA TELEVISÃO;_tv_excluir;1469874.0;0.0;0.0;1705394.85;0.0;1705394.85;0.0;0.0;0;0.0;0.0;0.0;0.0;0.0;0.0;0;0;0;0;;;;;4.185;adoro_critico|adoro_usuario;2;media;;;;;;;07.496.159/0001-98;;;;;;;;;;1469874.0;0.0;0.0
B2300249900000;A SAGA DOS JUDEUS NO NORDESTE BRASILEIRO;2023;FLUXO CONTÍNUO PRODUÇÃO PARA TELEVISÃO;_tv_excluir;399000.0;0.0;9359.68;437595.67;9811.75;447407.42;0.0;0.0;80000;83864.0;0.0;0.1916;0.0;0.0;0.0;0;0;0;0;;;;;4.3;adoro_usuario;1;baixa;;;;;;;02.175.084/0001-20;;;;;;;;;;408359.68;0.2005;0.1959
B2300270100000;BIKE SP;2023;FLUXO CONTÍNUO PRODUÇÃO PARA TELEVISÃO;_tv_excluir;600000.0;0.0;0.0;658038.6;0.0;658038.6;0.0;0.0;140000;146762.0;0.0;0.223;0.0;0.0;0.0;0;0;0;0;;;;;0.0;;0;;;;;;;;09.019.897/0001-70;;;;;;;;;;600000.0;0.2333;0.2333
B2300280900000;BIKERS NO FIM DO MUNDO;2023;FLUXO CONTÍNUO PRODUÇÃO PARA TELEVISÃO;_tv_excluir;800000.0;3000000.0;3000000.0;877384.8;6289800.0;7167184.8;0.0;0.0;60000;62898.0;0.0;0.0717;0.0;0.0;0.0;0;0;0;0;;;;;4.3;adoro_usuario;1;baixa;;;;;;;64.044.886/0001-58;;;;;;;;;;6800000.0;0.075;0.0088
B2300191700000;BUSCANDO BUSKERS - TEMPORADA 3;2023;FLUXO CONTÍNUO PRODUÇÃO PARA TELEVISÃO;_tv_excluir;1000000.0;0.0;0.0;1048300.0;0.0;1048300.0;0.0;0.0;60000;62898.0;0.0;0.06;0.0;0.0;0.0;0;0;0;0;;;;;4.2;adoro_usuario;1;baixa;2.0;17.0;17.0;PLOS Global Public Health | Alphaville Journal of Film and Screen Media;;;00.817.115/0001-73;;;;;;;;;;1000000.0;0.06;0.06
B2300334900000;CARROÇA E A CULTURA POPULAR;2023;FLUXO CONTÍNUO PRODUÇÃO PARA TELEVISÃO;_tv_excluir;400000.0;0.0;0.0;464092.8;0.0;464092.8;0.0;0.0;60000;62898.0;0.0;0.1355;0.0;0.0;0.0;0;0;0;0;;;;;0.0;;0;;7.0;1.0;1.0;LA Referencia (Red Federada de Repositorios Institucionales de Publicaciones Científicas) | História (São Paulo) | Revista FAMECOS;;;11.581.901/0001-30;;;;;;;;;;400000.0;0.15;0.15
B2300295800000;DESCUBRA-SE;2023;FLUXO CONTÍNUO PRODUÇÃO PARA TELEVISÃO;_tv_excluir;600000.0;0.0;0.0;696139.2;0.0;696139.2;0.0;0.0;60000;62898.0;0.0;0.0904;0.0;0.0;0.0;0;0;0;0;;;;;0.0;;0;;;;;;;;07.929.498/0001-10;;;;;;;;;;600000.0;0.1;0.1
B2300364900000;DESIGNERS DO BRASIL - 2ª TEMPORADA;2023;FLUXO CONTÍNUO PRODUÇÃO PARA TELEVISÃO;_tv_excluir;790000.0;0.0;1781327.9;916583.28;1867366.04;2783949.3200000003;0.0;0.0;60000;62898.0;0.0;0.0686;0.0;0.0;0.0;0;0;0;0;;;;;4.343;adoro_critico|adoro_usuario;2;media;;;;;;;19.388.280/0001-85;;;;;;;;;;2571327.9;0.0759;0.0233
B2300381600000;DOUTORA QUERIDA;2023;FLUXO CONTÍNUO PRODUÇÃO PARA TELEVISÃO;_tv_excluir;800000.0;0.0;0.0;877384.8;0.0;877384.8;0.0;0.0;60000;62898.0;0.0;0.0717;0.0;0.0;0.0;0;0;0;0;;;;;0.0;;0;;;;;;;;57.643.793/0001-84;;;;;;;;;;800000.0;0.075;0.075
B2300214800000;FAMILIA ANIMAL;2023;FLUXO CONTÍNUO PRODUÇÃO PARA TELEVISÃO;_tv_excluir;1360000.0;0.0;0.0;1577915.52;0.0;1577915.52;0.0;0.0;60000;62898.0;0.0;0.0399;0.0;0.0;0.0;0;0;0;0;;;;;3.635;adoro_critico|adoro_usuario;2;alta;;;;;;;01.486.085/0001-22;;;;;;;;;;1360000.0;0.0441;0.0441
B2300501200000;FUNK FAVELA;2023;FLUXO CONTÍNUO PRODUÇÃO PARA TELEVISÃO;_tv_excluir;800000.0;3000000.0;0.0;928185.6;3144900.0;4073085.6;0.0;0.0;60000;62898.0;0.0;0.0678;0.0;0.0;0.0;0;0;0;0;;;;;0.0;;0;;;;;;;;01.486.085/0001-22;;;;;;;;;;3800000.0;0.075;0.0158
B2300063500000;GRUTA DO LAGO AZUL;2023;FLUXO CONTÍNUO PRODUÇÃO PARA TELEVISÃO;_tv_excluir;1199990.0;0.0;0.0;1392266.8;0.0;1392266.8;0.0;0.0;60000;62898.0;0.0;0.0452;0.0;0.0;0.0;0;0;0;0;;;;;0.0;;0;;;;;;;;01.613.170/0001-04;;;;;;;;;;1199990.0;0.05;0.05
B2300212700000;HOMO BRASILIS - 2ª TEMPORADA;2023;FLUXO CONTÍNUO PRODUÇÃO PARA TELEVISÃO;_tv_excluir;641550.0;0.0;0.0;744346.84;0.0;744346.84;0.0;0.0;60000;62898.0;0.0;0.0845;0.0;0.0;0.0;0;0;0;0;;;;;0.0;;0;;0.0;;;;;;04.661.796/0001-84;;;;;;;;;;641550.0;0.0935;0.0935
B2300422200000;INVASORES;2023;FLUXO CONTÍNUO PRODUÇÃO PARA TELEVISÃO;_tv_excluir;800000.0;0.0;0.0;1264435.2;0.0;1264435.2;6264.99;9164.68;60000;62898.0;9164.68;0.057;0.0072;0.0;0.0;0;0;0;0;;;;;3.89;adoro_critico|adoro_usuario;2;alta;;;;;;;64.044.886/0001-58;;;;;;;;;;800000.0;0.0828;0.0828
B2400288500000;MEMÓRIAS DO BRASIL - 3ª TEMPORADA;2023;FLUXO CONTÍNUO PRODUÇÃO PARA TELEVISÃO;_tv_excluir;1060000.0;1250000.0;0.0;1111198.0;1310375.0;2421573.0;0.0;0.0;0;0.0;0.0;0.0;0.0;0.0;0.0;0;0;0;0;;;;;4.343;adoro_critico|adoro_usuario;2;media;;;;;;;05.791.137/0001-25;;;;;;;;;;2310000.0;0.0;0.0
B2300480000000;META-REALIDADE - AS POLÍTÍCAS DA IMAGEM CONTEMPORÂNEA;2023;FLUXO CONTÍNUO PRODUÇÃO PARA TELEVISÃO;_tv_excluir;800000.0;0.0;0.0;838640.0;0.0;838640.0;0.0;0.0;60000;62898.0;0.0;0.075;0.0;0.0;0.0;0;0;0;0;;;;;3.695;adoro_critico|adoro_usuario;2;media;;;;;;;19.388.280/0001-85;;;;;;;;;;800000.0;0.075;0.075
B2300240100000;MULHERES RADICAIS;2023;FLUXO CONTÍNUO PRODUÇÃO PARA TELEVISÃO;_tv_excluir;491425.5;0.0;0.0;570167.59;0.0;570167.59;0.0;0.0;60000;62898.0;0.0;0.1103;0.0;0.0;0.0;0;0;0;0;;;;;0.0;;0;;;;;;;;09.180.984/0001-04;;;;;;;;;;491425.5;0.1221;0.1221
B2300064600000;MÚSICA SUBSTANTIVO FEMININO – CHIQUINHA GONZAGA;2023;FLUXO CONTÍNUO PRODUÇÃO PARA TELEVISÃO;_tv_excluir;500000.0;0.0;0.0;580116.0;0.0;580116.0;0.0;0.0;60000;62898.0;0.0;0.1084;0.0;0.0;0.0;0;0;0;0;;;;;4.05;adoro_critico|adoro_usuario;2;alta;;;;;;;06.900.652/0001-69;;;;;;;;;;500000.0;0.12;0.12
B2300580700000;NA GUERRA DOS OUTROS.;2023;FLUXO CONTÍNUO PRODUÇÃO PARA TELEVISÃO;_tv_excluir;555939.86;0.0;0.0;645019.22;0.0;645019.22;0.0;0.0;60000;62898.0;0.0;0.0975;0.0;0.0;0.0;0;0;0;0;;;;;3.955;adoro_critico|adoro_usuario;2;media;;;;;;;27.527.464/0001-07;;;;;;;;;;555939.86;0.1079;0.1079
B2300572700000;NA TRILHA DO SOM;2023;FLUXO CONTÍNUO PRODUÇÃO PARA TELEVISÃO;_tv_excluir;441600.0;0.0;0.0;512358.45;0.0;512358.45;0.0;0.0;60000;62898.0;0.0;0.1228;0.0;0.0;0.0;0;0;0;0;;;;;3.088;adoro_critico|adoro_usuario;2;media;;;;;;;05.256.465/0001-21;;;;;;;;;;441600.0;0.1359;0.1359
B2300397700000;O PODER DO SUTIL;2023;FLUXO CONTÍNUO PRODUÇÃO PARA TELEVISÃO;_tv_excluir;800000.0;0.0;0.0;877384.8;0.0;877384.8;0.0;0.0;60000;62898.0;0.0;0.0717;0.0;0.0;0.0;0;0;0;0;;;;;3.733;adoro_critico;1;media;0.0;;;;;;05.515.177/0001-44;;;;;;;;;;800000.0;0.075;0.075
B2300398900000;PEDAL SUL;2023;FLUXO CONTÍNUO PRODUÇÃO PARA TELEVISÃO;_tv_excluir;378906.0;0.0;0.0;415557.96;0.0;415557.96;0.0;0.0;60000;62898.0;0.0;0.1514;0.0;0.0;0.0;0;0;0;0;;;;;0.0;;0;;;;;;;;03.021.799/0001-90;;;;;;;;;;378906.0;0.1584;0.1584
B2300404300000;SOTAQUES - A BOSSA DA LÍNGUA PORTUGUESA NO BRASIL;2023;FLUXO CONTÍNUO PRODUÇÃO PARA TELEVISÃO;_tv_excluir;1000000.0;0.0;417000.0;1160232.0;437141.1;1597373.1;0.0;0.0;60000;62898.0;0.0;0.0542;0.0;0.0;0.0;0;0;0;0;;;;;4.3;adoro_usuario;1;baixa;;;;;;;00.338.948/0001-51;;;;;;;;;;1417000.0;0.06;0.0423
B2300563100000;TERCEIRO GOLEIRO;2023;FLUXO CONTÍNUO PRODUÇÃO PARA TELEVISÃO;_tv_excluir;500000.0;0.0;341000.0;548365.5;357470.3;905835.8;0.0;0.0;60000;62898.0;0.0;0.1147;0.0;0.0;0.0;0;0;0;0;;;;;0.0;;0;;;;;;;;09.514.942/0001-62;;;;;;;;;;841000.0;0.12;0.0713
B2300486300000;VELHO CHICO, A ALMA DO POVO XOKÓ;2023;FLUXO CONTÍNUO PRODUÇÃO PARA TELEVISÃO;_tv_excluir;500000.0;0.0;0.0;548365.5;0.0;548365.5;0.0;0.0;80000;83864.0;0.0;0.1529;0.0;0.0;0.0;0;0;0;0;;;;;0.0;;0;;;;;;;;02.577.651/0001-74;;;;;;;;;;500000.0;0.16;0.16
B2200266300000;CANAL DA QUEBRADA;2022;PRODAV - TVS PÚBLICAS;_tv_excluir;799638.0;0.0;0.0;927765.6;0.0;927765.6;0.0;0.0;360000;394823.16;0.0;0.4256;0.0;0.0;0.0;0;0;0;0;;;;;2.19;adoro_critico|adoro_usuario;2;media;;;;;;;24.121.437/0001-41;;;;;;;;;;799638.0;0.4502;0.4502
B2400007200000;ALIMENTANDO A ALMA;2023;PRODAV - TVS PÚBLICAS;_tv_excluir;400000.0;0.0;0.0;464092.8;0.0;464092.8;0.0;0.0;0;0.0;0.0;0.0;0.0;0.0;0.0;0;0;0;0;;;;;0.0;;0;;2.0;1.0;1.0;Revista Latinoamericana de Ciencias de la Comunicación;;;19.709.434/0001-93;;;;;;;;;;400000.0;0.0;0.0
B2400260800000;BOLA PRA FRENTE;2023;PRODAV - TVS PÚBLICAS;_tv_excluir;1500000.0;0.0;0.0;1740348.0;0.0;1740348.0;0.0;0.0;0;0.0;0.0;0.0;0.0;0.0;0.0;0;0;0;0;;;;;0.0;;0;;6.0;12.0;3.0;Complutensian Scientific Journals (Complutense University of Madrid) | Ilha do Desterro A Journal of English Language Literatures in English and Cultural Studies | Genocide Studies and Prevention;;;11.168.287/0001-80;;;;;;;;;;1500000.0;0.0;0.0
B2300563000000;CASSIMIRO E FLOR DA DONA FLOR;2023;PRODAV - TVS PÚBLICAS;_tv_excluir;1500000.0;0.0;0.0;1572450.0;0.0;1572450.0;0.0;0.0;0;0.0;0.0;0.0;0.0;0.0;0.0;0;0;0;0;;;;;4.035;adoro_critico|adoro_usuario;2;media;;;;;;;01.025.252/0001-38;;;;;;;;;;1500000.0;0.0;0.0
B2300536900000;ENTRE LONGES;2023;PRODAV - TVS PÚBLICAS;_tv_excluir;1500000.0;0.0;0.0;1740348.0;0.0;1740348.0;0.0;0.0;0;0.0;0.0;0.0;0.0;0.0;0.0;0;0;0;0;;;;;0.0;;0;;0.0;;;;;;23.240.437/0001-06;;;;;;;;;;1500000.0;0.0;0.0
B2300182200000;FILOSOFIA COM ARTE;2023;PRODAV - TVS PÚBLICAS;_tv_excluir;400000.0;0.0;0.0;464092.8;0.0;464092.8;0.0;0.0;0;0.0;0.0;0.0;0.0;0.0;0.0;0;0;0;0;;;;;0.0;;0;;2.0;0.0;0.0;Alphaville Journal of Film and Screen Media | Jagiellonian University Repository (Jagiellonian University);;;09.107.296/0001-19;;;;;;;;;;400000.0;0.0;0.0
B2300554500000;MASHUP À BRASILEIRA;2023;PRODAV - TVS PÚBLICAS;_tv_excluir;999240.0;0.0;0.0;1159350.22;0.0;1159350.22;0.0;0.0;0;0.0;0.0;0.0;0.0;0.0;0.0;0;0;0;0;;;;;3.767;adoro_critico;1;alta;;;;;;;07.988.992/0001-56;;;;;;;;;;999240.0;0.0;0.0
B2300523600000;MINHA CASA, NOSSO MUNDO;2023;PRODAV - TVS PÚBLICAS;_tv_excluir;979506.0;0.0;0.0;1136454.21;0.0;1136454.21;0.0;0.0;0;0.0;0.0;0.0;0.0;0.0;0.0;0;0;0;0;;;;;0.0;;0;;;;;;;;03.189.055/0001-80;;;;;;;;;;979506.0;0.0;0.0
B2300374900000;MITOS VIVOS;2023;PRODAV - TVS PÚBLICAS;_tv_excluir;1000000.0;0.0;0.0;1160232.0;0.0;1160232.0;0.0;0.0;0;0.0;0.0;0.0;0.0;0.0;0.0;0;0;0;0;;;;;4.025;adoro_critico|adoro_usuario;2;alta;1.0;6.0;6.0;El Profesional de la Informacion;;;07.642.548/0001-84;;;;;;;;;;1000000.0;0.0;0.0
B2300483300000;NA RAIZ DOS FESTEJOS;2023;PRODAV - TVS PÚBLICAS;_tv_excluir;1000000.0;0.0;0.0;1160232.0;0.0;1160232.0;0.0;0.0;0;0.0;0.0;0.0;0.0;0.0;0.0;0;0;0;0;;;;;0.0;;0;;;;;;;;11.581.901/0001-30;;;;;;;;;;1000000.0;0.0;0.0
B2300498000000;O BIPO;2023;PRODAV - TVS PÚBLICAS;_tv_excluir;2000000.0;0.0;0.0;2320464.0;0.0;2320464.0;0.0;0.0;0;0.0;0.0;0.0;0.0;0.0;0.0;0;0;0;0;;;;;0.0;;0;;2.0;0.0;0.0;Revista Coletivo Cine-Fórum | Revista 2i | Estudos de Identidade e Intermedialidade;;;03.138.801/0001-06;;;;;;;;;;2000000.0;0.0;0.0
B1402546500000;A GRANDE VIAGEM - A SÉRIE;2014;PRODAV 01;_tv_excluir;990000.0;0.0;131400.0;1842697.89;229843.3;2072541.19;0.0;0.0;80000;139935.04;0.0;0.0759;0.0;0.0;0.0;0;0;0;0;;;;;3.9;adoro_usuario;1;baixa;1.0;0.0;0.0;;;;08.429.784/0001-80;;;;;;;;;;1121400.0;0.0808;0.0713
B1402274200000;AS GRANDES ENTREVISTAS DO PASQUIM;2014;PRODAV 01;_tv_excluir;604840.0;0.0;0.0;1125795.35;0.0;1125795.35;0.0;0.0;60000;104951.28;0.0;0.0932;0.0;0.0;0.0;0;0;0;0;;;;;0.0;;0;;0.0;;;;;;01.369.211/0001-69;;;;;;;;;;604840.0;0.0992;0.0992
B1402217000000;BOA NOITE, MARTHA;2014;PRODAV 01;_tv_excluir;500000.0;19555.09;0.0;985657.5;34205.53;1019863.03;0.0;0.0;140000;244886.32;0.0;0.2484;0.0;0.0;0.0;0;0;0;0;;;;;3.0;adoro_usuario;1;baixa;;;;;;;87.435.368/0001-60;;;;;;;;;;519555.09;0.28;0.2695
B1402213800000;BOM DIA ARQUEOLOGIA;2014;PRODAV 01;_tv_excluir;492284.0;0.0;0.0;916293.62;0.0;916293.62;0.0;0.0;140000;244886.32;0.0;0.2673;0.0;0.0;0.0;0;0;0;0;;;;;3.7;adoro_usuario;1;baixa;0.0;;;;;;32.056.954/0001-02;;;;;;;;;;492284.0;0.2844;0.2844
B1500151700000;CATÁLOGO BRASIL;2014;PRODAV 01;_tv_excluir;142900.0;0.0;0.0;249958.97;0.0;249958.97;0.0;0.0;60000;104951.28;0.0;0.4199;0.0;0.0;0.0;0;0;0;0;;;;;0.0;;0;;;;;;;;07.060.648/0001-00;;;;;;;;;;142900.0;0.4199;0.4199
B1402091700000;FANÁTICOS;2014;PRODAV 01;_tv_excluir;700000.0;1487724.92;0.0;1224431.6;2602310.58;3826742.18;0.0;0.0;60000;104951.28;0.0;0.0857;0.0;0.0;0.0;0;0;0;0;;;;;0.0;;0;;;;;;;;03.360.320/0001-40;;;;;;;;;;2187724.92;0.0857;0.0274
B1500351900000;HÁ MUITAS NOITES NA NOITE;2014;PRODAV 01;_tv_excluir;500000.0;0.0;500000.0;930655.5;874594.0;1805249.5;0.0;0.0;360000;629707.68;0.0;0.6766;0.0;0.0;0.0;0;0;0;0;;;;;4.013;adoro_critico|adoro_usuario;2;media;;;;;;;27.651.181/0001-72;;;;;;;;;;1000000.0;0.72;0.36
B1402269800000;MEU AMIGO ENCOSTO;2014;PRODAV 01;_tv_excluir;1500000.0;0.0;0.0;2623782.0;0.0;2623782.0;0.0;0.0;120000;209902.56;0.0;0.08;0.0;0.0;0.0;0;0;0;0;;;;;4.3;adoro_usuario;1;baixa;;;;;;;05.565.485/0001-84;;;;;;;;;;1500000.0;0.08;0.08
B1500132900000;O MILAGRE DE SANTA LUZIA - CULTURA POPULAR;2014;PRODAV 01;_tv_excluir;2000000.0;0.0;1457441.0;3498376.0;2549338.31;6047714.3100000005;0.0;0.0;200000;349837.6;0.0;0.1;0.0;0.0;0.0;0;0;0;0;;;;;3.815;adoro_critico|adoro_usuario;2;alta;;;;;;;06.096.915/0001-29;;;;;;;;;;3457441.0;0.1;0.0578
B1402183500000;O SHOW DA LUNA!;2014;PRODAV 01;_tv_excluir;1900000.0;1808652.0;100000.0;3536490.9;3338591.17;6875082.07;0.0;0.0;205000;358583.54;0.0;0.1014;0.0;0.0;0.0;0;0;0;0;;;;;0.0;;0;;0.0;;;;;;01.161.933/0001-23;;;;;;;;;;3808652.0;0.1079;0.0538
B1402785400000;OS ANOS 80 ESTÃO DE VOLTA;2014;PRODAV 01;_tv_excluir;256000.0;0.0;0.0;447792.13;0.0;447792.13;0.0;0.0;60000;104951.28;0.0;0.2344;0.0;0.0;0.0;0;0;0;0;;;;;0.0;;0;;0.0;;;;;;02.993.488/0001-20;;;;;;;;;;256000.0;0.2344;0.2344
B1500218400000;OSMAR, A PRIMEIRA FATIA DO PÃO DE FORMA - 2ª TEMPORADA;2014;PRODAV 01;_tv_excluir;1000000.0;2503250.0;0.0;1580544.0;4378654.86;5959198.86;0.0;0.0;140000;244886.32;0.0;0.1549;0.0;0.0;0.0;0;0;0;0;;;;;3.803;adoro_critico|adoro_usuario;2;media;0.0;;;;;;08.517.383/0001-81;;;;;;;;;;3503250.0;0.14;0.04
B1402156400000;OXIGÊNIO;2014;PRODAV 01;_tv_excluir;363000.0;0.0;400000.0;675655.89;699675.2;1375331.0899999999;706.7;735.56;0;0.0;735.56;0.0011;0.0005;0.0;0.0;0;0;0;0;;;;;3.662;adoro_critico|adoro_usuario;2;alta;;;;;;;04.980.287/0001-14;;;;;;;;;;763000.0;0.0019;0.0009
B1402163900000;QUERO TER UM MILHÃO DE AMIGOS.;2014;PRODAV 01;_tv_excluir;1143776.39;0.0;0.0;2128923.58;0.0;2128923.58;0.0;0.0;140000;244886.32;0.0;0.115;0.0;0.0;0.0;0;0;0;0;;;;;3.965;adoro_critico|adoro_usuario;2;alta;;;;;;;04.650.621/0001-71;;;;;;;;;;1143776.39;0.1224;0.1224
B1402147900000;QUESTÃO DE FAMÍLIA;2014;PRODAV 01;_tv_excluir;4731917.0;0.0;0.0;8277012.43;0.0;8277012.43;0.0;0.0;60000;104951.28;0.0;0.0127;0.0;0.0;0.0;0;0;0;0;;;;;3.656;adoro_critico;1;alta;;;;;;;04.551.480/0001-30;;;;;;;;;;4731917.0;0.0127;0.0127
B1500257800000;QUESTÃO DE FAMÍLIA 2º TEMPORADA;2014;PRODAV 01;_tv_excluir;3000000.0;2736594.25;0.0;4741632.0;4786817.82;9528449.82;0.0;0.0;60000;104951.28;0.0;0.0221;0.0;0.0;0.0;0;0;0;0;;;;;3.656;adoro_critico;1;alta;;;;;;;04.551.480/0001-30;;;;;;;;;;5736594.25;0.02;0.0105
B1402826500000;REIS DA RUA TERCEIRA TEMPORADA;2014;PRODAV 01;_tv_excluir;934512.0;0.0;0.0;1634637.18;0.0;1634637.18;0.0;0.0;360000;629707.68;0.0;0.3852;0.0;0.0;0.0;0;0;0;0;;;;;4.095;adoro_critico|adoro_usuario;2;media;0.0;;;;;;04.727.439/0001-71;;;;;;;;;;934512.0;0.3852;0.3852
B1402850900000;SONHOS DE ABU;2014;PRODAV 01;_tv_excluir;750000.0;0.0;0.0;1311891.0;0.0;1311891.0;0.0;0.0;60000;104951.28;0.0;0.08;0.0;0.0;0.0;0;0;0;0;;;;;3.32;adoro_critico;1;alta;0.0;;;;;;05.515.177/0001-44;;;;;;;;;;750000.0;0.08;0.08
B1402778300000;SOS FADA MANU;2014;PRODAV 01;_tv_excluir;1650000.0;234236.0;450000.0;2886160.2;1196857.4;4083017.6;0.0;0.0;420000;734658.96;0.0;0.2545;0.0;0.0;0.0;0;0;0;0;;;;;0.0;;0;;;;;;;;16.729.130/0001-08;;;;;;;;;;2334236.0;0.2545;0.1799
B1402431800000;VAN BORA!;2014;PRODAV 01;_tv_excluir;600000.0;0.0;0.0;1116786.6;0.0;1116786.6;0.0;0.0;140000;244886.32;0.0;0.2193;0.0;0.0;0.0;0;0;0;0;;;;;0.0;;0;;;;;;;;04.760.800/0001-61;;;;;;;;;;600000.0;0.2333;0.2333
B1402440900000;X-CORAÇÃO;2014;PRODAV 01;_tv_excluir;800000.0;0.0;0.0;1489048.8;0.0;1489048.8;0.0;0.0;200000;349837.6;0.0;0.2349;0.0;0.0;0.0;0;0;0;0;;;;;0.0;;0;;0.0;;;;;;05.491.003/0001-99;;;;;;;;;;800000.0;0.25;0.25
B1600137800000;A GAROTA DA MOTO;2015;PRODAV 01;_tv_excluir;4813557.84;2573984.12;0.0;7608039.96;4068295.16;11676335.120000001;0.0;0.0;140000;221276.16;0.0;0.0291;0.0;0.0;0.0;0;0;0;0;;;;;3.8;adoro_critico;1;alta;0.0;;;;;;02.947.857/0001-49;;;;;;;;;;7387541.96;0.0291;0.019
B1500497300000;A MANSÃO MALUCA DO PROFESSOR AMBRÓSIO - TEMPORADA 4;2015;PRODAV 01;_tv_excluir;928735.0;0.0;276632.0;1467906.53;437229.05;1905135.58;0.0;0.0;280000;442552.32;0.0;0.3015;0.0;0.0;0.0;0;0;0;0;;;;;3.8;adoro_usuario;1;baixa;;;;;;;09.028.371/0001-56;;;;;;;;;;1205367.0;0.3015;0.2323
B1600019400000;A REVOLUÇÃO DO CINEMA NOVO;2015;PRODAV 01;_tv_excluir;455971.5;0.0;0.0;797579.88;0.0;797579.88;0.0;0.0;60000;94832.64;0.0;0.1189;0.0;0.0;0.0;0;0;0;0;;;;;3.6;adoro_usuario;1;baixa;0.0;;;;;;02.298.682/0001-96;;;;;;;;;;455971.5;0.1316;0.1316
B1600412400000;ARTISTAS;2015;PRODAV 01;_tv_excluir;230000.0;0.0;1205000.0;363525.12;1904555.52;2268080.64;0.0;0.0;60000;94832.64;0.0;0.2609;0.0;0.0;0.0;0;0;0;0;;;;;0.0;;0;;;;;;;;07.060.648/0001-00;;;;;;;;;;1435000.0;0.2609;0.0418
B1500758100000;AS AVENTURAS DO HOMEM CUECA;2015;PRODAV 01;_tv_excluir;500000.0;137692.07;68588.42;874594.0;326035.39;1200629.3900000001;0.0;0.0;140000;221276.16;0.0;0.253;0.0;0.0;0.0;0;0;0;0;;;;;2.5;adoro_usuario;1;baixa;1.0;3.0;3.0;EES solar.;;;10.689.019/0001-40;;;;;;;;;;706280.4900000001;0.28;0.1982
B1500309600000;CALE-SE - A CENSURA MUSICAL;2015;PRODAV 01;_tv_excluir;415071.5;0.0;0.0;772577.15;0.0;772577.15;0.0;0.0;60000;94832.64;0.0;0.1227;0.0;0.0;0.0;0;0;0;0;;;;;0.0;;0;;;;;;;;04.661.796/0001-84;;;;;;;;;;415071.5;0.1446;0.1446
B1500883200000;CAPOEIRA, UM PASSO A DOIS;2015;PRODAV 01;_tv_excluir;142405.0;0.0;62100.0;225077.37;98151.78;323229.15;5205.0;6898.36;60000;94832.64;6898.36;0.452;0.0213;0.0;0.0;0;0;0;0;;;;;0.0;;0;;;;;;;;12.240.058/0001-91;;;;;;;;;;204505.0;0.4579;0.3188
B1700088700000;COLECIONADORES;2015;PRODAV 01;_tv_excluir;352753.0;0.0;0.0;557541.64;0.0;557541.64;0.0;0.0;60000;94832.64;0.0;0.1701;0.0;0.0;0.0;0;0;0;0;;;;;0.0;;0;;0.0;;;;;;01.541.247/0001-88;;;;;;;;;;352753.0;0.1701;0.1701
B1600003800000;CONDOMINIO JAQUELINE;2015;PRODAV 01;_tv_excluir;1200000.0;521382.35;0.0;2233573.2;824067.74;3057640.9400000004;0.0;0.0;60000;94832.64;0.0;0.0425;0.0;0.0;0.0;0;0;0;0;;;;;0.0;;0;;;;;;;;05.508.188/0001-05;;;;;;;;;;1721382.35;0.05;0.0349
B1600358700000;E AÍ... COMEU?;2015;PRODAV 01;_tv_excluir;6570000.0;1000000.0;0.0;12951539.55;1580544.0;14532083.55;29523400.98;51215114.44;60000;94832.64;51215114.44;3.9617;3.5243;0.0;0.0;0;0;0;0;;;;;0.0;;0;;;;;;;;09.558.964/0001-24;;;;;;;;;;7570000.0;4.5028;3.908
B1600477000000;ERNESTO, O EXTERMINADOR DE SERES MONSTRUOSOS E OUTRAS PORCARIAS;2015;PRODAV 01;_tv_excluir;1137720.0;0.0;0.0;1798216.52;0.0;1798216.52;0.0;0.0;80000;126443.52;0.0;0.0703;0.0;0.0;0.0;0;0;0;0;;;;;0.0;;0;;;;;;;;09.107.296/0001-19;;;;;;;;;;1137720.0;0.0703;0.0703
B1500407800000;FEITO TORTO PRA FICAR DIREITO;2015;PRODAV 01;_tv_excluir;869146.0;0.0;85000.0;1520299.75;134346.24;1654645.99;0.0;0.0;120000;189665.28;0.0;0.1248;0.0;0.0;0.0;0;0;0;0;;;;;0.0;;0;;;;;;;;04.736.316/0001-05;;;;;;;;;;954146.0;0.1381;0.1258
B1500660200000;FORA DE QUADRO;2015;PRODAV 01;_tv_excluir;870000.0;0.0;0.0;1521793.56;0.0;1521793.56;0.0;0.0;60000;94832.64;0.0;0.0623;0.0;0.0;0.0;0;0;0;0;;;;;3.98;adoro_critico|adoro_usuario;2;media;;;;;;;94.625.829/0001-23;;;;;;;;;;870000.0;0.069;0.069
B1500572300000;IMAGENS DO ESTADO NOVO 1937-45;2015;PRODAV 01;_tv_excluir;600000.0;0.0;233110.0;948326.4;368440.61;1316767.01;40623.04;53695.88;140000;221276.16;53695.88;0.29;0.0408;0.0;0.0;0;0;0;0;;;;;4.095;adoro_critico|adoro_usuario;2;media;0.0;;;;;;01.519.695/0001-85;;;;;;;;;;833110.0;0.301;0.2168
B1600193300000;IMAGENS DO ESTADO NOVO 1937-45;2015;PRODAV 01;_tv_excluir;600000.0;0.0;233110.0;948326.4;368440.61;1316767.01;40623.04;53695.88;0;0.0;53695.88;0.0566;0.0408;0.0;0.0;0;0;0;0;;;;;4.095;adoro_critico|adoro_usuario;2;media;0.0;;;;;;01.519.695/0001-85;;;;;;;;;;833110.0;0.0677;0.0488
B1600131200000;INCERTEZAS CRÍTICAS;2015;PRODAV 01;_tv_excluir;241208.0;0.0;0.0;381239.86;0.0;381239.86;0.0;0.0;360000;568995.84;0.0;1.4925;0.0;0.0;0.0;0;0;0;0;;;;;0.0;;0;;8.0;0.0;0.0;Digital Library of Theses and Dissertations  (Universidade de São Paulo) | Aniki Revista Portuguesa da Imagem em Movimento | LA Referencia (Red Federada de Repositorios Institucionales de Publicaciones Científicas);;;64.044.886/0001-58;;;;;;;;;;241208.0;1.4925;1.4925
B1500916300000;INSÔNIA;2015;PRODAV 01;_tv_excluir;790000.0;0.0;1587199.24;1381858.52;2508638.24;3890496.7600000002;25530.12;41330.52;60000;94832.64;41330.52;0.0985;0.0106;0.0;0.0;0;0;0;0;;;;;3.96;adoro_critico|adoro_usuario;2;alta;0.0;;;;;;02.993.488/0001-20;;;;;;;;;;2377199.24;0.1083;0.036
B1500515600000;MAD DOGS;2015;PRODAV 01;_tv_excluir;730106.0;0.0;0.0;1277092.65;0.0;1277092.65;0.0;0.0;280000;442552.32;0.0;0.3465;0.0;0.0;0.0;0;0;0;0;;;;;0.0;;0;;;;;;;;09.499.033/0001-00;;;;;;;;;;730106.0;0.3835;0.3835
B1500650100000;MERCADOS;2015;PRODAV 01;_tv_excluir;500000.0;0.0;0.0;874594.0;0.0;874594.0;0.0;0.0;80000;126443.52;0.0;0.1446;0.0;0.0;0.0;0;0;0;0;;;;;0.0;;0;;;;;;;;10.331.623/0001-09;;;;;;;;;;500000.0;0.16;0.16
B1600241200000;MINHA TRIBO;2015;PRODAV 01;_tv_excluir;500000.0;0.0;0.0;874594.0;0.0;874594.0;0.0;0.0;0;0.0;0.0;0.0;0.0;0.0;0.0;0;0;0;0;;;;;0.0;;0;;0.0;;;;;;07.477.471/0001-34;;;;;;;;;;500000.0;0.0;0.0
B1500838900000;NOTAS DE AMOR;2015;PRODAV 01;_tv_excluir;400000.0;0.0;167000.0;632217.6;263950.85;896168.45;0.0;0.0;140000;221276.16;0.0;0.35;0.0;0.0;0.0;0;0;0;0;;;;;4.3;adoro_usuario;1;baixa;;;;;;;94.307.840/0001-45;;;;;;;;;;567000.0;0.35;0.2469
B1500896100000;OS UNDER UNDERGROUNDS - TEMPORADA 1;2015;PRODAV 01;_tv_excluir;2716789.87;0.0;0.0;4294005.93;0.0;4294005.93;0.0;0.0;140000;221276.16;0.0;0.0515;0.0;0.0;0.0;0;0;0;0;;;;;0.0;;0;;;;;;;;09.028.371/0001-56;;;;;;;;;;2716789.87;0.0515;0.0515
B1600775400000;PLANETORAMA;2015;PRODAV 01;_tv_excluir;951259.6;0.0;0.0;1663931.88;0.0;1663931.88;0.0;0.0;140000;221276.16;0.0;0.133;0.0;0.0;0.0;0;0;0;0;;;;;0.0;;0;;2.0;0.0;0.0;REVISTA ELETRÔNICA EXTENSÃO EM DEBATE | Revista Concinnitas;;;10.855.589/0001-63;;;;;;;;;;951259.6;0.1472;0.1472
B1500375100000;REPÚBLICA DO PERU;2015;PRODAV 01;_tv_excluir;750000.0;0.0;0.0;1311891.0;0.0;1311891.0;0.0;0.0;140000;221276.16;0.0;0.1687;0.0;0.0;0.0;0;0;0;0;;;;;0.0;;0;;0.0;;;;;;02.759.786/0001-50;;;;;;;;;;750000.0;0.1867;0.1867
B1500659000000;RIBANCEIRA;2015;PRODAV 01;_tv_excluir;798061.0;0.0;0.0;1261370.53;0.0;1261370.53;0.0;0.0;60000;94832.64;0.0;0.0752;0.0;0.0;0.0;0;0;0;0;;;;;0.0;;0;;;;;;;;08.588.114/0001-06;;;;;;;;;;798061.0;0.0752;0.0752
B1600084300000;RIO+BOSSA;2015;PRODAV 01;_tv_excluir;170000.0;0.0;15000.0;297361.96;23708.16;321070.12;0.0;0.0;60000;94832.64;0.0;0.3189;0.0;0.0;0.0;0;0;0;0;;;;;4.225;adoro_critico|adoro_usuario;2;alta;;;;;;;13.171.263/0001-05;;;;;;;;;;185000.0;0.3529;0.3243
B1500593700000;SANTO FORTE;2015;PRODAV 01;_tv_excluir;3000000.0;1600000.0;0.0;5247564.0;2528870.4;7776434.4;0.0;0.0;60000;94832.64;0.0;0.0181;0.0;0.0;0.0;0;0;0;0;;;;;0.0;;0;;0.0;;;;;;67.942.250/0001-11;;;;;;;;;;4600000.0;0.02;0.013
B1500634100000;SETE VIDAS EM 7 CORDAS;2015;PRODAV 01;_tv_excluir;314000.0;0.0;17587.17;496290.82;27797.3;524088.12;0.0;0.0;280000;442552.32;0.0;0.8917;0.0;0.0;0.0;0;0;0;0;;;;;4.343;adoro_critico|adoro_usuario;2;alta;;;;;;;13.510.088/0001-33;;;;;;;;;;331587.17;0.8917;0.8444
B1600486300000;SÉRIE C;2015;PRODAV 01;_tv_excluir;685788.0;0.0;0.0;1199572.14;0.0;1199572.14;0.0;0.0;80000;126443.52;0.0;0.1054;0.0;0.0;0.0;0;0;0;0;;;;;0.0;;0;;;;;;;;72.062.029/0001-09;;;;;;;;;;685788.0;0.1167;0.1167
B1500428800000;TAQUARAS, TAMBORES E VIOLAS;2015;PRODAV 01;_tv_excluir;304361.0;0.0;0.0;532384.61;0.0;532384.61;0.0;0.0;60000;94832.64;0.0;0.1781;0.0;0.0;0.0;0;0;0;0;;;;;0.0;;0;;;;;;;;12.106.692/0001-36;;;;;;;;;;304361.0;0.1971;0.1971
B1600084700000;TERRA PROMETIDA;2015;PRODAV 01;_tv_excluir;500000.0;199999.98;850000.0;874594.0;1659571.17;2534165.17;0.0;0.0;360000;568995.84;0.0;0.6506;0.0;0.0;0.0;0;0;0;0;;;;;3.277;adoro_critico|adoro_usuario;2;alta;;;;;;;09.180.984/0001-04;;;;;;;;;;1549999.98;0.72;0.2323
B1600659200000;TERRA PROMETIDA;2015;PRODAV 01;_tv_excluir;500000.0;199999.98;850000.0;874594.0;1659571.17;2534165.17;0.0;0.0;0;0.0;0.0;0.0;0.0;0.0;0.0;0;0;0;0;;;;;3.277;adoro_critico|adoro_usuario;2;alta;;;;;;;09.180.984/0001-04;;;;;;;;;;1549999.98;0.0;0.0
B1500769700000;VIDA DE ESTAGIÁRIO - 2ª TEMPORADA;2015;PRODAV 01;_tv_excluir;2860000.0;0.0;0.0;4520355.84;0.0;4520355.84;0.0;0.0;60000;94832.64;0.0;0.021;0.0;0.0;0.0;0;0;0;0;;;;;3.2;adoro_usuario;1;baixa;0.0;;;;;;08.296.780/0001-70;;;;;;;;;;2860000.0;0.021;0.021
B1700140400000;WERNER E OS MORTOS;2015;PRODAV 01;_tv_excluir;974292.0;0.0;0.0;1539911.37;0.0;1539911.37;0.0;0.0;60000;94832.64;0.0;0.0616;0.0;0.0;0.0;0;0;0;0;;;;;0.0;;0;;0.0;;;;;;01.541.247/0001-88;;;;;;;;;;974292.0;0.0616;0.0616
B1600117100000;WORK IN PROGRESS – POR DENTRO DO BALÉ DA CIDADE DE SÃO PAULO;2015;PRODAV 01;_tv_excluir;887183.0;0.0;0.0;1402231.77;0.0;1402231.77;0.0;0.0;200000;316108.8;0.0;0.2254;0.0;0.0;0.0;0;0;0;0;;;;;4.45;adoro_critico|adoro_usuario;2;media;0.0;;;;;;00.020.648/0001-20;;;;;;;;;;887183.0;0.2254;0.2254
B1500731600000;À MODA DA CASA;2015;PRODAV 01;_tv_excluir;401224.0;0.0;0.0;634152.19;0.0;634152.19;0.0;0.0;60000;94832.64;0.0;0.1495;0.0;0.0;0.0;0;0;0;0;;;;;3.488;adoro_critico;1;media;;;;;;;08.798.008/0001-57;;;;;;;;;;401224.0;0.1495;0.1495
B1700110500000;A CARA DO FUTURO;2016;PRODAV 01;_tv_excluir;500000.0;0.0;0.0;790272.0;0.0;790272.0;0.0;0.0;60000;89220.66;0.0;0.1129;0.0;0.0;0.0;0;0;0;0;;;;;4.062;adoro_critico|adoro_usuario;2;media;0.0;;;;;;07.560.127/0001-04;;;;;;;;;;500000.0;0.12;0.12
B1700263000000;A LINGUAGEM DO CINEMA - SÉRIE II;2016;PRODAV 01;_tv_excluir;600000.0;0.0;0.0;1049512.8;0.0;1049512.8;0.0;0.0;60000;89220.66;0.0;0.085;0.0;0.0;0.0;0;0;0;0;;;;;0.0;;0;;;;;;;;33.737.511/0001-40;;;;;;;;;;600000.0;0.1;0.1
B1600513600000;A RAZÃO E A LOUCURA;2016;PRODAV 01;_tv_excluir;300000.0;0.0;0.0;524756.4;0.0;524756.4;0.0;0.0;0;0.0;0.0;0.0;0.0;0.0;0.0;0;0;0;0;;;;;4.133;adoro_critico|adoro_usuario;2;media;0.0;;;;;;09.456.031/0001-26;;;;;;;;;;300000.0;0.0;0.0
B1600650300000;A SECRETÁRIA DO PRESIDENTE;2016;PRODAV 01;_tv_excluir;2400000.0;637784.0;0.0;3568826.4;948391.82;4517218.22;0.0;0.0;60000;89220.66;0.0;0.025;0.0;0.0;0.0;0;0;0;0;;;;;3.732;adoro_critico|adoro_usuario;2;alta;;;;;;;06.998.046/0001-28;;;;;;;;;;3037784.0;0.025;0.0198
B1600428200000;AMOR DE 4;2016;PRODAV 01;_tv_excluir;1020000.0;0.0;940000.0;1612154.88;1397790.34;3009945.2199999997;0.0;0.0;60000;89220.66;0.0;0.0553;0.0;0.0;0.0;0;0;0;0;;;;;4.3;adoro_usuario;1;baixa;;;;;;;13.914.178/0001-90;;;;;;;;;;1960000.0;0.0588;0.0306
B1600690700000;ANGELI THE KILLER;2016;PRODAV 01;_tv_excluir;879780.0;0.0;0.0;1390531.0;0.0;1390531.0;0.0;0.0;60000;89220.66;0.0;0.0642;0.0;0.0;0.0;0;0;0;0;;;;;2.627;adoro_critico|adoro_usuario;2;alta;6.0;0.0;0.0;Portuguese National Funding Agency for Science, Research and Technology (RCAAP Project by FCT) | Aniki Revista Portuguesa da Imagem em Movimento | Zenodo (CERN European Organization for Nuclear Research);;;03.746.956/0001-25;;;;;;;;;;879780.0;0.0682;0.0682
B1700628500000;ARTE BRASILEIRA QUADRO A QUADRO;2016;PRODAV 01;_tv_excluir;479996.0;0.0;0.0;713759.33;0.0;713759.33;0.0;0.0;60000;89220.66;0.0;0.125;0.0;0.0;0.0;0;0;0;0;;;;;3.767;adoro_critico;1;alta;5.0;23.0;21.0;Rebeca - Revista Brasileira de Estudos de Cinema e Audiovisual | Cinema Journal | Revista FAMECOS;;;07.832.283/0001-87;;;;;;;;;;479996.0;0.125;0.125
B1600142700000;AS AVENTURAS DE FUJIWARA MANCHESTER;2016;PRODAV 01;_tv_excluir;1348000.0;0.0;0.0;2509047.23;0.0;2509047.23;0.0;0.0;80000;118960.88;0.0;0.0474;0.0;0.0;0.0;0;0;0;0;;;;;4.3;adoro_usuario;1;baixa;0.0;;;;;;02.231.569/0001-93;;;;;;;;;;1348000.0;0.0593;0.0593
B1700145800000;BARÃO VERMELHO - POR QUE A GENTE É ASSIM?;2016;PRODAV 01;_tv_excluir;211000.0;0.0;700000.0;313759.32;1040907.7;1354667.02;0.0;0.0;140000;208181.54;0.0;0.6635;0.0;0.0;0.0;0;0;0;0;;;;;3.995;adoro_critico|adoro_usuario;2;media;;;;;;;09.180.984/0001-04;;;;;;;;;;911000.0;0.6635;0.1537
B1600382200000;BRASIL ADENTRO - MÚSICA DE PERNAMBUCO;2016;PRODAV 01;_tv_excluir;330260.71;0.0;0.0;577688.07;0.0;577688.07;0.0;0.0;60000;89220.66;0.0;0.1544;0.0;0.0;0.0;0;0;0;0;;;;;4.05;adoro_critico|adoro_usuario;2;alta;2.0;0.0;0.0;desleituras Literatura Filosofia Cinema e outras artes;;;03.760.075/0001-69;;;;;;;;;;330260.71;0.1817;0.1817
B1600559000000;CAUSANDO NA RUA;2016;PRODAV 01;_tv_excluir;798447.0;0.0;0.0;1187299.47;0.0;1187299.47;0.0;0.0;60000;89220.66;0.0;0.0751;0.0;0.0;0.0;0;0;0;0;;;;;3.003;adoro_critico|adoro_usuario;2;media;0.0;;;;;;07.860.494/0001-23;;;;;;;;;;798447.0;0.0751;0.0751
B1600739700000;CHÃO DE FÁBRICA;2016;PRODAV 01;_tv_excluir;630200.0;0.0;0.0;996058.83;0.0;996058.83;0.0;0.0;140000;208181.54;0.0;0.209;0.0;0.0;0.0;0;0;0;0;;;;;4.133;adoro_critico|adoro_usuario;2;media;;;;;;;12.106.692/0001-36;;;;;;;;;;630200.0;0.2222;0.2222
B1700472700000;CINEASTAS;2016;PRODAV 01;_tv_excluir;682000.0;0.0;0.0;1014141.5;0.0;1014141.5;0.0;0.0;60000;89220.66;0.0;0.088;0.0;0.0;0.0;0;0;0;0;;;;;0.0;;0;;;;;;;;07.115.568/0001-05;;;;;;;;;;682000.0;0.088;0.088
B1700207800000;DUNAS DO BARATO;2016;PRODAV 01;_tv_excluir;541388.0;0.0;0.0;855687.56;0.0;855687.56;0.0;0.0;60000;89220.66;0.0;0.1043;0.0;0.0;0.0;0;0;0;0;;;;;0.0;;0;;;;;;;;72.047.608/0001-82;;;;;;;;;;541388.0;0.1108;0.1108
B1700466400000;FILME B;2016;PRODAV 01;_tv_excluir;1000000.0;0.0;0.0;1580544.0;0.0;1580544.0;0.0;0.0;60000;89220.66;0.0;0.0564;0.0;0.0;0.0;0;0;0;0;;;;;0.0;;0;;0.0;;;;;;08.346.159/0001-74;;;;;;;;;;1000000.0;0.06;0.06
B1700455700000;GAME BROS;2016;PRODAV 01;_tv_excluir;1000000.0;0.0;0.0;1580544.0;0.0;1580544.0;0.0;0.0;60000;89220.66;0.0;0.0564;0.0;0.0;0.0;0;0;0;0;;;;;0.0;;0;;0.0;;;;;;08.346.159/0001-74;;;;;;;;;;1000000.0;0.06;0.06
B1600288400000;GODOFREDO;2016;PRODAV 01;_tv_excluir;1000000.0;0.0;0.0;1861311.0;0.0;1861311.0;0.0;0.0;80000;118960.88;0.0;0.0639;0.0;0.0;0.0;0;0;0;0;;;;;0.0;;0;;1.0;0.0;0.0;;;;02.231.569/0001-93;;;;;;;;;;1000000.0;0.08;0.08
B1700036100000;HOMO BRASILIS;2016;PRODAV 01;_tv_excluir;605206.2;0.0;0.0;956555.03;0.0;956555.03;0.0;0.0;60000;89220.66;0.0;0.0933;0.0;0.0;0.0;0;0;0;0;;;;;0.0;;0;;0.0;;;;;;04.661.796/0001-84;;;;;;;;;;605206.2;0.0991;0.0991
B1700009500000;LATITUDE, LONGITUDE;2016;PRODAV 01;_tv_excluir;798000.0;0.0;0.0;1261274.11;0.0;1261274.11;0.0;0.0;60000;89220.66;0.0;0.0707;0.0;0.0;0.0;0;0;0;0;;;;;0.0;;0;;0.0;;;;;;04.661.796/0001-84;;;;;;;;;;798000.0;0.0752;0.0752
B1700012200000;LILA;2016;PRODAV 01;_tv_excluir;489126.0;0.0;100000.0;773085.16;148701.1;921786.26;0.0;0.0;60000;89220.66;0.0;0.1154;0.0;0.0;0.0;0;0;0;0;;;;;3.853;adoro_critico|adoro_usuario;2;alta;0.0;;;;;;04.661.796/0001-84;;;;;;;;;;589126.0;0.1227;0.1018
B1700363000000;LINHAS TORTAS;2016;PRODAV 01;_tv_excluir;409536.0;0.0;0.0;647289.67;0.0;647289.67;0.0;0.0;140000;208181.54;0.0;0.3216;0.0;0.0;0.0;0;0;0;0;;;;;0.0;;0;;;;;;;;03.435.290/0001-94;;;;;;;;;;409536.0;0.3419;0.3419
B1800249200000;MANUAL DE SOBREVIVÊNCIA PARA O SÉCULO XXI;2016;PRODAV 01;_tv_excluir;1000000.0;0.0;629000.0;1487011.0;935329.92;2422340.92;0.0;0.0;60000;89220.66;0.0;0.06;0.0;0.0;0.0;0;0;0;0;;;;;3.755;adoro_critico|adoro_usuario;2;media;;;;;;;33.139.692/0001-02;;;;;;;;;;1629000.0;0.06;0.0368
B1600725900000;MIXADOS;2016;PRODAV 01;_tv_excluir;560000.0;0.0;0.0;885104.64;0.0;885104.64;0.0;0.0;60000;89220.66;0.0;0.1008;0.0;0.0;0.0;0;0;0;0;;;;;0.0;;0;;0.0;;;;;;03.435.290/0001-94;;;;;;;;;;560000.0;0.1071;0.1071
B1600289200000;NA BOCA DO POVO;2016;PRODAV 01;_tv_excluir;400000.0;0.0;0.0;744524.4;0.0;744524.4;0.0;0.0;140000;208181.54;0.0;0.2796;0.0;0.0;0.0;0;0;0;0;;;;;0.0;;0;;;;;;;;03.189.055/0001-80;;;;;;;;;;400000.0;0.35;0.35
B1700509400000;NA RODA DO SAMBA;2016;PRODAV 01;_tv_excluir;306856.0;0.0;0.0;484999.41;0.0;484999.41;0.0;0.0;60000;89220.66;0.0;0.184;0.0;0.0;0.0;0;0;0;0;;;;;4.2;adoro_usuario;1;baixa;0.0;;;;;;08.680.516/0001-36;;;;;;;;;;306856.0;0.1955;0.1955
B1600698800000;NO CAMINHO DO BEM;2016;PRODAV 01;_tv_excluir;650000.0;0.0;0.0;1027353.6;0.0;1027353.6;0.0;0.0;200000;297402.2;0.0;0.2895;0.0;0.0;0.0;0;0;0;0;;;;;4.3;adoro_usuario;1;baixa;0.0;;;;;;04.661.796/0001-84;;;;;;;;;;650000.0;0.3077;0.3077
B1700213000000;O MURO;2016;PRODAV 01;_tv_excluir;569041.29;0.0;0.0;821923.81;0.0;821923.81;3083.2;4075.4;0;0.0;4075.4;0.005;0.005;0.0;0.0;0;0;0;0;;;;;0.0;;0;;;;;;;;20.556.770/0001-22;;;;;;;;;;569041.29;0.0054;0.0054
B1700220800000;O PIANO QUE CONVERSA;2016;PRODAV 01;_tv_excluir;600000.0;0.0;0.0;948326.4;0.0;948326.4;10875.0;14413.0;140000;208181.54;14413.0;0.2347;0.0152;0.0;0.0;0;0;0;0;;;;;4.25;adoro_critico|adoro_usuario;2;alta;;;;;;;71.743.496/0001-31;;;;;;;;;;600000.0;0.2515;0.2515
B1600481100000;OS CUPINS - SEGUNDA TEMPORADA;2016;PRODAV 01;_tv_excluir;623310.0;0.0;0.0;1090286.37;0.0;1090286.37;0.0;0.0;360000;535323.96;0.0;0.491;0.0;0.0;0.0;0;0;0;0;;;;;0.0;;0;;;;;;;;09.299.923/0001-60;;;;;;;;;;623310.0;0.5776;0.5776
B1600495300000;PRA ONDE CORRE O RIO;2016;PRODAV 01;_tv_excluir;562400.0;0.0;15000.0;888897.95;22305.17;911203.12;0.0;0.0;60000;89220.66;0.0;0.1004;0.0;0.0;0.0;0;0;0;0;;;;;4.225;adoro_critico|adoro_usuario;2;alta;;;;;;;05.728.475/0001-12;;;;;;;;;;577400.0;0.1067;0.1039
B1700085000000;QUESTÃO DE FAMILIA 3º TEMPORADA;2016;PRODAV 01;_tv_excluir;4731917.0;0.0;0.0;6834785.65;0.0;6834785.65;0.0;0.0;60000;89220.66;0.0;0.0131;0.0;0.0;0.0;0;0;0;0;;;;;3.656;adoro_critico;1;alta;;;;;;;04.551.480/0001-30;;;;;;;;;;4731917.0;0.0127;0.0127
B1600784800000;SAIDEIRA;2016;PRODAV 01;_tv_excluir;695194.5;0.0;1000000.0;1098785.5;1487011.0;2585796.5;183929.76;183929.76;60000;89220.66;183929.76;0.2486;0.0711;0.0;0.0;0;0;0;0;;;;;3.87;adoro_critico;1;alta;;;;;;;40.426.918/0001-11;;;;;;;;;;1695194.5;0.3509;0.1439
B1900505100000;SAIDEIRA 2ª TEMPORADA;2016;PRODAV 01;_tv_excluir;995847.6;0.0;0.0;1386413.05;0.0;1386413.05;0.0;0.0;280000;416363.08;0.0;0.3003;0.0;0.0;0.0;0;0;0;0;;;;;3.87;adoro_critico;1;alta;;;;;;;40.426.918/0001-11;;;;;;;;;;995847.6;0.2812;0.2812
B1600739400000;SEM VOLTA;2016;PRODAV 01;_tv_excluir;3900000.0;2100000.0;1500000.0;6164121.6;5353239.6;11517361.2;0.0;0.0;140000;208181.54;0.0;0.0338;0.0;0.0;0.0;0;0;0;0;;;;;4.5;adoro_usuario;1;baixa;0.0;;;;;;05.565.485/0001-84;;;;;;;;;;7500000.0;0.0359;0.0187
B1700014500000;TADINHA;2016;PRODAV 01;_tv_excluir;1200000.0;0.0;0.0;1896652.8;0.0;1896652.8;0.0;0.0;80000;118960.88;0.0;0.0627;0.0;0.0;0.0;0;0;0;0;;;;;0.0;;0;;0.0;;;;;;16.487.027/0001-90;;;;;;;;;;1200000.0;0.0667;0.0667
B1600058000000;TERMINADORES;2016;PRODAV 01;_tv_excluir;2005000.0;608179.0;0.0;3507121.94;904368.86;4411490.8;0.0;0.0;140000;208181.54;0.0;0.0594;0.0;0.0;0.0;0;0;0;0;;;;;0.0;;0;;;;;;;;03.847.111/0001-26;;;;;;;;;;2613179.0;0.0698;0.0536
B1700146700000;TERRA BRASIL;2016;PRODAV 01;_tv_excluir;800000.0;0.0;0.0;1264435.2;0.0;1264435.2;0.0;0.0;60000;89220.66;0.0;0.0706;0.0;0.0;0.0;0;0;0;0;;;;;0.0;;0;;0.0;;;;;;08.346.159/0001-74;;;;;;;;;;800000.0;0.075;0.075
B1700116800000;TODOS OS SANTOS;2016;PRODAV 01;_tv_excluir;350000.0;0.0;860000.0;612215.8;1278829.46;1891045.26;0.0;0.0;0;0.0;0.0;0.0;0.0;0.0;0.0;0;0;0;0;;;;;4.1;adoro_usuario;1;baixa;0.0;;;;;;09.456.031/0001-26;;;;;;;;;;1210000.0;0.0;0.0
B1600766600000;UM MARANHENSE CHAMADO JOSÉ RIBAMAR;2016;PRODAV 01;_tv_excluir;500000.0;0.0;0.0;790272.0;0.0;790272.0;0.0;0.0;60000;89220.66;0.0;0.1129;0.0;0.0;0.0;0;0;0;0;;;;;0.0;;0;;;;;;;;33.139.692/0001-02;;;;;;;;;;500000.0;0.12;0.12
B1600467400000;UNIDADE BÁSICA;2016;PRODAV 01;_tv_excluir;1500000.0;400000.0;0.0;2370816.0;594804.4;2965620.4;0.0;0.0;60000;89220.66;0.0;0.0376;0.0;0.0;0.0;0;0;0;0;;;;;0.0;;0;;1.0;0.0;0.0;;;;01.378.559/0001-12;;;;;;;;;;1900000.0;0.04;0.0316
B1600543200000;ZICA E OS CAMALEÕES - SEGUNDA TEMPORADA;2016;PRODAV 01;_tv_excluir;1142100.0;0.0;538888.88;1698315.26;801333.69;2499648.95;0.0;0.0;80000;118960.88;0.0;0.07;0.0;0.0;0.0;0;0;0;0;;;;;0.0;;0;;0.0;;;;;;02.762.890/0001-02;;;;;;;;;;1680988.88;0.07;0.0476
B1700079500000;171 - NEGÓCIO DE FAMÍLIA;2017;PRODAV 01;_tv_excluir;3736926.9;3000000.0;0.0;5556851.41;4333203.0;9890054.41;0.0;0.0;60000;86664.06;0.0;0.0156;0.0;0.0;0.0;0;0;0;0;;;;;3.656;adoro_critico;1;alta;;;;;;;67.942.250/0001-11;;;;;;;;;;6736926.9;0.0161;0.0089
B1700561500000;A PALESTINA BRASILEIRA;2017;PRODAV 01;_tv_excluir;649550.0;0.0;0.0;965888.0;0.0;965888.0;0.0;0.0;60000;86664.06;0.0;0.0897;0.0;0.0;0.0;0;0;0;0;;;;;3.767;adoro_critico;1;alta;;;;;;;10.828.110/0001-08;;;;;;;;;;649550.0;0.0924;0.0924
B1700083900000;AIKEWARA;2017;PRODAV 01;_tv_excluir;250000.0;0.0;0.0;395136.0;0.0;395136.0;0.0;0.0;80000;115552.08;0.0;0.2924;0.0;0.0;0.0;0;0;0;0;;;;;0.0;;0;;0.0;;;;;;05.209.603/0001-11;;;;;;;;;;250000.0;0.32;0.32
B1700530500000;AILTON KRENAK: O SONHO DA PEDRA;2017;PRODAV 01;_tv_excluir;485775.0;0.0;0.0;722352.77;0.0;722352.77;0.0;0.0;60000;86664.06;0.0;0.12;0.0;0.0;0.0;0;0;0;0;;;;;0.0;;0;;;;;;;;07.060.648/0001-00;;;;;;;;;;485775.0;0.1235;0.1235
B1700201400000;ALMA IMORAL, A SÉRIE;2017;PRODAV 01;_tv_excluir;572000.0;0.0;490000.0;904071.17;707756.49;1611827.6600000001;0.0;0.0;60000;86664.06;0.0;0.0959;0.0;0.0;0.0;0;0;0;0;;;;;0.0;;0;;;;;;;;27.651.181/0001-72;;;;;;;;;;1062000.0;0.1049;0.0565
B1700220500000;ARQUEOLOGIAS - EM BUSCA DOS PRIMEIROS BRASILEIROS;2017;PRODAV 01;_tv_excluir;593680.0;0.0;0.0;938337.36;0.0;938337.36;0.0;0.0;140000;202216.14;0.0;0.2155;0.0;0.0;0.0;0;0;0;0;;;;;0.0;;0;;;;;;;;12.953.770/0001-38;;;;;;;;;;593680.0;0.2358;0.2358
B1700376400000;ARTISTAS PLÁSTICOS BRASILEIROS;2017;PRODAV 01;_tv_excluir;455544.0;79868.18;152486.53;677398.94;335613.38;1013012.32;0.0;0.0;140000;202216.14;0.0;0.2985;0.0;0.0;0.0;0;0;0;0;;;;;0.0;;0;;0.0;;;;;;73.364.879/0001-24;;;;;;;;;;687898.71;0.3073;0.2035
B1700537500000;ASDRUBAL TROUXE O TROMBONE;2017;PRODAV 01;_tv_excluir;1364720.5;0.0;0.0;2029354.4;0.0;2029354.4;0.0;0.0;60000;86664.06;0.0;0.0427;0.0;0.0;0.0;0;0;0;0;;;;;0.0;;0;;;;;;;;09.558.964/0001-24;;;;;;;;;;1364720.5;0.044;0.044
B1700467500000;CAIXA PRETA;2017;PRODAV 01;_tv_excluir;455310.88;3136379.4;0.0;677052.29;4530189.54;5207241.83;0.0;0.0;60000;86664.06;0.0;0.128;0.0;0.0;0.0;0;0;0;0;;;;;3.82;adoro_critico|adoro_usuario;2;alta;;;;;;;11.452.188/0001-25;;;;;;;;;;3591690.28;0.1318;0.0167
B1700215800000;CAÇADORES DA ALMA - 2A TEMPORADA;2017;PRODAV 01;_tv_excluir;743600.0;0.0;0.0;1074056.58;0.0;1074056.58;0.0;0.0;60000;86664.06;0.0;0.0807;0.0;0.0;0.0;0;0;0;0;;;;;4.095;adoro_critico|adoro_usuario;2;media;;;;;;;27.651.181/0001-72;;;;;;;;;;743600.0;0.0807;0.0807
B1700625600000;CLARA ESTRELA;2017;PRODAV 01;_tv_excluir;650000.0;0.0;0.0;966557.15;0.0;966557.15;0.0;0.0;120000;173328.12;0.0;0.1793;0.0;0.0;0.0;0;0;0;0;;;;;0.0;;0;;;;;;;;06.992.833/0001-62;;;;;;;;;;650000.0;0.1846;0.1846
B1700597100000;CORAÇÃO DAS TREVAS;2017;PRODAV 01;_tv_excluir;798000.0;0.0;0.0;1395852.02;0.0;1395852.02;0.0;0.0;80000;115552.08;0.0;0.0828;0.0;0.0;0.0;0;0;0;0;;;;;4.445;adoro_critico|adoro_usuario;2;media;;;;;;;07.311.501/0001-38;;;;;;;;;;798000.0;0.1003;0.1003
B1700625800000;CRIATIVOS.BR - MODA E IDENTIDADE;2017;PRODAV 01;_tv_excluir;730000.0;0.0;0.0;1054412.73;0.0;1054412.73;0.0;0.0;140000;202216.14;0.0;0.1918;0.0;0.0;0.0;0;0;0;0;;;;;4.068;adoro_critico|adoro_usuario;2;alta;;;;;;;15.128.758/0001-87;;;;;;;;;;730000.0;0.1918;0.1918
B1700518900000;DO JAZZ AO SAMBA;2017;PRODAV 01;_tv_excluir;180000.0;0.0;0.0;267661.98;0.0;267661.98;0.0;0.0;60000;86664.06;0.0;0.3238;0.0;0.0;0.0;0;0;0;0;;;;;4.2;adoro_usuario;1;baixa;0.0;;;;;;01.475.173/0001-29;;;;;;;;;;180000.0;0.3333;0.3333
B1800009200000;ESSE NEGÓCIO DE LIVRO;2017;PRODAV 01;_tv_excluir;406000.0;0.0;0.0;641700.86;0.0;641700.86;0.0;0.0;60000;86664.06;0.0;0.1351;0.0;0.0;0.0;0;0;0;0;;;;;0.0;;0;;2.0;0.0;0.0;Zenodo (CERN European Organization for Nuclear Research);;;04.661.796/0001-84;;;;;;;;;;406000.0;0.1478;0.1478
B1700616700000;EU TE DEDICO;2017;PRODAV 01;_tv_excluir;568000.0;61419.56;0.0;844622.25;88714.47;933336.72;0.0;0.0;60000;86664.06;0.0;0.1026;0.0;0.0;0.0;0;0;0;0;;;;;3.358;adoro_critico|adoro_usuario;2;media;;;;;;;03.435.290/0001-94;;;;;;;;;;629419.56;0.1056;0.0953
B1700278800000;EXPRESSO;2017;PRODAV 01;_tv_excluir;1280000.0;0.0;4574359.98;2023096.32;6607210.13;8630306.45;0.0;0.0;60000;86664.06;0.0;0.0428;0.0;0.0;0.0;0;0;0;0;;;;;3.6;adoro_usuario;1;baixa;0.0;;;;;;23.723.437/0001-59;;;;;;;;;;5854359.98;0.0469;0.0102
B1700627500000;GEEK - OS AMADOS NERDS;2017;PRODAV 01;_tv_excluir;768000.0;0.0;0.0;1213857.79;0.0;1213857.79;0.0;0.0;60000;86664.06;0.0;0.0714;0.0;0.0;0.0;0;0;0;0;;;;;0.0;;0;;0.0;;;;;;08.346.159/0001-74;;;;;;;;;;768000.0;0.0781;0.0781
B1700379700000;GEOGRAFIA DA ARTE;2017;PRODAV 01;_tv_excluir;643789.5;0.0;0.0;929890.2;0.0;929890.2;0.0;0.0;60000;86664.06;0.0;0.0932;0.0;0.0;0.0;0;0;0;0;;;;;3.9;adoro_usuario;1;baixa;0.0;;;;;;07.988.992/0001-56;;;;;;;;;;643789.5;0.0932;0.0932
B1700493600000;GUARDIÃS DA FLORESTA;2017;PRODAV 01;_tv_excluir;776727.0;0.0;800000.0;1227651.2;1155520.8;2383172.0;0.0;0.0;60000;86664.06;0.0;0.0706;0.0;0.0;0.0;0;0;0;0;;;;;4.0;adoro_usuario;1;baixa;1.0;0.0;0.0;AVANCA | CINEMA;;;02.229.175/0001-09;;;;;;;;;;1576727.0;0.0772;0.0381
B1700565000000;GUERRA DO ARAGUAIA;2017;PRODAV 01;_tv_excluir;450000.0;0.0;0.0;649980.45;0.0;649980.45;0.0;0.0;60000;86664.06;0.0;0.1333;0.0;0.0;0.0;0;0;0;0;;;;;4.1;adoro_critico|adoro_usuario;2;media;;;;;;;07.115.568/0001-05;;;;;;;;;;450000.0;0.1333;0.1333
B1700621600000;HISTÓRIA DA ALIMENTAÇÃO NO BRASIL;2017;PRODAV 01;_tv_excluir;1000000.0;0.0;1121000.0;1580544.0;1619173.52;3199717.52;0.0;0.0;60000;86664.06;0.0;0.0548;0.0;0.0;0.0;0;0;0;0;;;;;4.3;adoro_usuario;1;baixa;;;;;;;00.205.194/0001-61;;;;;;;;;;2121000.0;0.06;0.0283
B1800381300000;LAMA DOS DIAS;2017;PRODAV 01;_tv_excluir;1700000.0;0.0;0.0;2455481.7;0.0;2455481.7;0.0;0.0;60000;86664.06;0.0;0.0353;0.0;0.0;0.0;0;0;0;0;;;;;3.965;adoro_critico|adoro_usuario;2;media;;;;;;;28.432.721/0001-90;;;;;;;;;;1700000.0;0.0353;0.0353
B1700586400000;LEGÍTIMA DEFESA;2017;PRODAV 01;_tv_excluir;350000.0;0.0;0.0;520453.85;0.0;520453.85;0.0;0.0;60000;86664.06;0.0;0.1665;0.0;0.0;0.0;0;0;0;0;;;;;0.0;;0;;;;;;;;04.069.379/0003-09;;;;;;;;;;350000.0;0.1714;0.1714
B1700325000000;MEXEU COM UMA MEXEU COM TODAS;2017;PRODAV 01;_tv_excluir;400000.0;0.0;0.0;577760.4;0.0;577760.4;0.0;0.0;65000;93886.07;0.0;0.1625;0.0;0.0;0.0;0;0;0;0;;;;;0.0;;0;;;;;;Sundance;Q10367583;40.447.906/0001-73;;;;;;;;;;400000.0;0.1625;0.1625
B1700571600000;NATÁLIA - 2ª TEMPORADA;2017;PRODAV 01;_tv_excluir;2158784.0;0.0;884899.7;3210135.55;1278150.01;4488285.56;0.0;0.0;140000;202216.14;0.0;0.063;0.0;0.0;0.0;0;0;0;0;;;;;0.0;;0;;0.0;;;;;;03.435.290/0001-94;;;;;;;;;;3043683.7;0.0649;0.046
B1700601300000;O AMBIENTALISTA;2017;PRODAV 01;_tv_excluir;699996.0;0.0;0.0;1040901.75;0.0;1040901.75;0.0;0.0;60000;86664.06;0.0;0.0833;0.0;0.0;0.0;0;0;0;0;;;;;0.0;;0;;;;;;;;13.891.678/0001-53;;;;;;;;;;699996.0;0.0857;0.0857
B1800247400000;O MURO;2017;PRODAV 01;_tv_excluir;569041.29;0.0;0.0;821923.81;0.0;821923.81;3083.2;4075.4;60000;86664.06;4075.4;0.1104;0.005;0.0;0.0;0;0;0;0;;;;;0.0;;0;;;;;;;;02.972.707/0001-95;;;;;;;;;;569041.29;0.1109;0.1109
B1700217600000;O SOM E O TEMPO;2017;PRODAV 01;_tv_excluir;800000.0;0.0;0.0;1264435.2;0.0;1264435.2;0.0;0.0;60000;86664.06;0.0;0.0685;0.0;0.0;0.0;0;0;0;0;;;;;3.648;adoro_critico|adoro_usuario;2;alta;12.0;0.0;0.0;Rebeca - Revista Brasileira de Estudos de Cinema e Audiovisual | Logos | Brasiliana- Journal for Brazilian Studies;Rotterdam;Q61641235;66.876.707/0001-74;;;;;;;;;;800000.0;0.075;0.075
B1800209700000;OS ÍMPARES;2017;PRODAV 01;_tv_excluir;700000.0;0.0;0.0;1011080.7;0.0;1011080.7;0.0;0.0;280000;404432.28;0.0;0.4;0.0;0.0;0.0;0;0;0;0;;;;;0.0;;0;;0.0;;;;;;17.935.462/0001-01;;;;;;;;;;700000.0;0.4;0.4
B1700590400000;OSMAR, A PRIMEIRA FATIA DO PÃO DE FORMA - O FILME;2017;PRODAV 01;_tv_excluir;1000000.0;0.0;1600000.0;1444401.0;2311041.6;3755442.6;0.0;0.0;60000;86664.06;0.0;0.06;0.0;0.0;0.0;0;0;0;0;;;;;3.3;adoro_usuario;1;baixa;0.0;;;;;;01.287.007/0001-07;;;;;;;;;;2600000.0;0.06;0.0231
B1700378900000;PERRENGUE;2017;PRODAV 01;_tv_excluir;2589942.0;671647.23;0.0;4093517.29;970127.93;5063645.22;0.0;0.0;60000;86664.06;0.0;0.0212;0.0;0.0;0.0;0;0;0;0;;;;;3.958;adoro_critico|adoro_usuario;2;alta;;;;;;;01.369.211/0001-69;;;;;;;;;;3261589.23;0.0232;0.0184
B1700036400000;POLTRONA 27;2017;PRODAV 01;_tv_excluir;1131350.0;0.0;0.0;1788148.45;0.0;1788148.45;0.0;0.0;60000;86664.06;0.0;0.0485;0.0;0.0;0.0;0;0;0;0;;;;;0.0;;0;;;;;;;;03.626.688/0001-08;;;;;;;;;;1131350.0;0.053;0.053
B1700128800000;QUEM SE IMPORTA - A SÉRIE;2017;PRODAV 01;_tv_excluir;1000000.0;0.0;200000.0;1580544.0;288880.2;1869424.2;0.0;0.0;60000;86664.06;0.0;0.0548;0.0;0.0;0.0;0;0;0;0;;;;;0.0;;0;;;;;;;;57.643.793/0001-84;;;;;;;;;;1200000.0;0.06;0.05
B1700334600000;RETORNADOS;2017;PRODAV 01;_tv_excluir;597768.0;0.0;0.0;944798.63;0.0;944798.63;0.0;0.0;60000;86664.06;0.0;0.0917;0.0;0.0;0.0;0;0;0;0;;;;;0.0;;0;;;;;;;;08.968.868/0001-91;;;;;;;;;;597768.0;0.1004;0.1004
B1700539800000;SOLDADOS DO ARAGUAIA;2017;PRODAV 01;_tv_excluir;400000.0;0.0;0.0;594804.4;0.0;594804.4;19536.96;25824.12;65000;93886.07;25824.12;0.2013;0.0434;0.0;0.0;0;0;0;0;;;;;0.0;;0;;;;;;;;04.661.796/0001-84;;;;;;;;;;400000.0;0.2113;0.2113
B1700603800000;SOTAQUE ELÉTRICO;2017;PRODAV 01;_tv_excluir;552310.0;0.0;0.0;821291.05;0.0;821291.05;0.0;0.0;140000;202216.14;0.0;0.2462;0.0;0.0;0.0;0;0;0;0;;;;;0.0;;0;;0.0;;;;;;13.510.088/0001-33;;;;;;;;;;552310.0;0.2535;0.2535
B1800151400000;À BRASILEIRA;2017;PRODAV 01;_tv_excluir;960730.0;0.0;1340000.0;1518476.04;1935497.34;3453973.38;0.0;0.0;60000;86664.06;0.0;0.0571;0.0;0.0;0.0;0;0;0;0;;;;;3.767;adoro_critico;1;alta;0.0;;;;;;08.346.159/0001-74;;;;;;;;;;2300730.0;0.0625;0.0261
B1800416100000;13 CANÇÕES PARA ENTENDER O SAMBA;2018;PRODAV 01;_tv_excluir;700000.0;0.0;0.0;1040907.7;0.0;1040907.7;0.0;0.0;140000;194907.16;0.0;0.1872;0.0;0.0;0.0;0;0;0;0;;;;;4.2;adoro_usuario;1;baixa;;;;;;;08.296.780/0001-70;;;;;;;;;;700000.0;0.2;0.2
B1900050000000;1968 - O DESPERTAR;2018;PRODAV 01;_tv_excluir;805000.0;0.0;0.0;1120716.17;0.0;1120716.17;0.0;0.0;60000;83531.64;0.0;0.0745;0.0;0.0;0.0;0;0;0;0;;;;;3.6;adoro_usuario;1;baixa;;;;;;;64.044.886/0001-58;;;;;;;;;;805000.0;0.0745;0.0745
B1800495300000;A ARTE DO CINEMA;2018;PRODAV 01;_tv_excluir;780000.0;0.0;0.0;1126632.78;0.0;1126632.78;0.0;0.0;60000;83531.64;0.0;0.0741;0.0;0.0;0.0;0;0;0;0;;;;;3.88;adoro_critico;1;media;;;;;;;07.060.648/0001-00;;;;;;;;;;780000.0;0.0769;0.0769
B1800121800000;A CHAVE - 2ª TEMPORADA;2018;PRODAV 01;_tv_excluir;500000.0;0.0;0.0;722200.5;0.0;722200.5;0.0;0.0;140000;194907.16;0.0;0.2699;0.0;0.0;0.0;0;0;0;0;;;;;0.0;;0;;;;;;;;15.128.758/0001-87;;;;;;;;;;500000.0;0.28;0.28
B1900047500000;A GAROTA DA MOTO – SEGUNDA TEMPORADA;2018;PRODAV 01;_tv_excluir;4813557.84;2573984.12;0.0;6701406.34;3583485.25;10284891.59;0.0;0.0;80000;111375.52;0.0;0.0166;0.0;0.0;0.0;0;0;0;0;;;;;3.8;adoro_critico;1;alta;1.0;0.0;0.0;;;;02.947.857/0001-49;;;;;;;;;;7387541.96;0.0166;0.0108
B1800410100000;A LEI DO RISO - CRIMES BIZARROS;2018;PRODAV 01;_tv_excluir;750000.0;0.0;0.0;1044145.5;0.0;1044145.5;0.0;0.0;80000;111375.52;0.0;0.1067;0.0;0.0;0.0;0;0;0;0;;;;;2.902;adoro_critico|adoro_usuario;2;media;0.0;;;;;;03.958.889/0001-02;;;;;;;;;;750000.0;0.1067;0.1067
B1800227200000;ALEGORIAS DO BRASIL;2018;PRODAV 01;_tv_excluir;715000.0;0.0;0.0;1063212.86;0.0;1063212.86;0.0;0.0;60000;83531.64;0.0;0.0786;0.0;0.0;0.0;0;0;0;0;;;;;4.343;adoro_critico|adoro_usuario;2;media;;;;;;;68.317.445/0001-33;;;;;;;;;;715000.0;0.0839;0.0839
B1800444900000;AS MICROAVENTURAS DE TITO E MUDA - 1ª TEMPORADA;2018;PRODAV 01;_tv_excluir;550000.0;0.0;0.0;765706.7;0.0;765706.7;0.0;0.0;140000;194907.16;0.0;0.2545;0.0;0.0;0.0;0;0;0;0;;;;;3.683;adoro_critico|adoro_usuario;2;media;;;;;;;08.296.780/0001-70;;;;;;;;;;550000.0;0.2545;0.2545
B1900244200000;AS MICROAVENTURAS DE TITO E MUDA - 2ª TEMPORADA;2018;PRODAV 01;_tv_excluir;550000.0;0.0;0.0;765706.7;0.0;765706.7;0.0;0.0;140000;194907.16;0.0;0.2545;0.0;0.0;0.0;0;0;0;0;;;;;3.683;adoro_critico|adoro_usuario;2;media;;;;;;;08.296.780/0001-70;;;;;;;;;;550000.0;0.2545;0.2545
B1800188300000;AS MIL MULHERES;2018;PRODAV 01;_tv_excluir;650000.0;0.0;0.0;966557.15;0.0;966557.15;0.0;0.0;60000;83531.64;0.0;0.0864;0.0;0.0;0.0;0;0;0;0;;;;;4.4;adoro_usuario;1;baixa;3.0;2.0;2.0;Alea Estudos Neolatinos | Scholars' Bank (University of Oregon);;;12.240.058/0001-91;;;;;;;;;;650000.0;0.0923;0.0923
B1800136400000;BRASIL FOLCLORE;2018;PRODAV 01;_tv_excluir;707038.0;0.0;0.0;1051373.28;0.0;1051373.28;0.0;0.0;60000;83531.64;0.0;0.0795;0.0;0.0;0.0;0;0;0;0;;;;;0.0;;0;;;;;;;;05.832.663/0001-96;;;;;;;;;;707038.0;0.0849;0.0849
B1800282400000;CANDEIA;2018;PRODAV 01;_tv_excluir;500000.0;0.0;0.0;743505.5;0.0;743505.5;0.0;0.0;60000;83531.64;0.0;0.1123;0.0;0.0;0.0;0;0;0;0;;;;;0.0;;0;;;;;;;;08.408.195/0001-15;;;;;;;;;;500000.0;0.12;0.12
B2000056100000;DIRETAS JÁ;2018;PRODAV 01;_tv_excluir;973425.0;0.0;0.0;1406016.04;0.0;1406016.04;0.0;0.0;80000;111375.52;0.0;0.0792;0.0;0.0;0.0;0;0;0;0;;;;;0.0;;0;;;;;;;;05.011.204/0001-41;;;;;;;;;;973425.0;0.0822;0.0822
B1800493200000;ERLON CHAVES: O MAESTRO DO VENENO;2018;PRODAV 01;_tv_excluir;568430.0;0.0;0.0;845261.66;0.0;845261.66;0.0;0.0;120000;167063.28;0.0;0.1976;0.0;0.0;0.0;0;0;0;0;;;;;3.734;adoro_critico|adoro_usuario;2;alta;10.0;11.0;6.0;Sociedade e Estado | Estudos Ibero-Americanos | Revista FAMECOS;;;15.316.382/0001-34;;;;;;;;;;568430.0;0.2111;0.2111
B1800294900000;EXPEDIÇÃO NORDESTE;2018;PRODAV 01;_tv_excluir;1350000.0;0.0;0.0;1949941.35;0.0;1949941.35;0.0;0.0;360000;501189.84;0.0;0.257;0.0;0.0;0.0;0;0;0;0;;;;;0.0;;0;;2.0;0.0;0.0;Novos Rumos Sociológicos | LA Referencia (Red Federada de Repositorios Institucionales de Publicaciones Científicas);;;15.128.758/0001-87;;;;;;;;;;1350000.0;0.2667;0.2667
B1900024800000;FERAS;2018;PRODAV 01;_tv_excluir;2734817.0;522000.0;44500.0;3950172.41;788677.9;4738850.3100000005;0.0;0.0;60000;83531.64;0.0;0.0211;0.0;0.0;0.0;0;0;0;0;;;;;3.5;adoro_usuario;1;baixa;;;;;;;06.137.016/0001-27;;;;;;;;;;3301317.0;0.0219;0.0182
B1800595400000;FOLIAR BRASIL DOC- 2A TEMPORADA;2018;PRODAV 01;_tv_excluir;779197.32;0.0;590000.0;1084793.83;821394.46;1906188.29;0.0;0.0;60000;83531.64;0.0;0.077;0.0;0.0;0.0;0;0;0;0;;;;;0.0;;0;;0.0;;;;;;02.759.786/0001-50;;;;;;;;;;1369197.3199999998;0.077;0.0438
B1800143100000;GRUPO DE BAGÉ;2018;PRODAV 01;_tv_excluir;255000.0;0.0;0.0;379187.8;0.0;379187.8;0.0;0.0;60000;83531.64;0.0;0.2203;0.0;0.0;0.0;0;0;0;0;;;;;0.0;;0;;;;;;;;10.780.165/0001-87;;;;;;;;;;255000.0;0.2353;0.2353
B1800587600000;GUERRAS DO BRASIL.DOC;2018;PRODAV 01;_tv_excluir;1115000.0;0.0;0.0;1610507.11;0.0;1610507.11;0.0;0.0;140000;194907.16;0.0;0.121;0.0;0.0;0.0;0;0;0;0;;;;;4.343;adoro_critico|adoro_usuario;2;media;;;;;Annecy;Q6701395;02.238.621/0001-33;;;;;;;;;;1115000.0;0.1256;0.1256
B1800556700000;IDADE DA ÁGUA;2018;PRODAV 01;_tv_excluir;600000.0;0.0;0.0;835316.4;0.0;835316.4;0.0;0.0;120000;167063.28;0.0;0.2;0.0;0.0;0.0;0;0;0;0;;;;;4.4;adoro_usuario;1;baixa;;;;;;;07.115.568/0001-05;;;;;;;;;;600000.0;0.2;0.2
B1800299500000;MAKING OF;2018;PRODAV 01;_tv_excluir;1047636.0;283836.25;0.0;1655834.79;395155.12;2050989.9100000001;0.0;0.0;60000;83531.64;0.0;0.0504;0.0;0.0;0.0;0;0;0;0;;;;;0.0;;0;;0.0;;;;;;08.346.159/0001-74;;;;;;;;;;1331472.25;0.0573;0.0451
B1800223200000;MAMIRAUÁ;2018;PRODAV 01;_tv_excluir;665311.0;0.0;0.0;989324.78;0.0;989324.78;0.0;0.0;60000;83531.64;0.0;0.0844;0.0;0.0;0.0;0;0;0;0;;;;;0.0;;0;;;;;;;;68.696.756/0001-50;;;;;;;;;;665311.0;0.0902;0.0902
B1800125800000;MEU BEBÊ REBORN;2018;PRODAV 01;_tv_excluir;400000.0;100000.0;7500.0;577760.4;149660.85;727421.25;0.0;0.0;60000;83531.64;0.0;0.1446;0.0;0.0;0.0;0;0;0;0;;;;;0.0;;0;;;;;;;;00.508.766/0001-81;;;;;;;;;;507500.0;0.15;0.1182
B1800042800000;MOBILIS;2018;PRODAV 01;_tv_excluir;830104.0;0.0;0.0;1199003.05;0.0;1199003.05;0.0;0.0;60000;83531.64;0.0;0.0697;0.0;0.0;0.0;0;0;0;0;;;;;0.0;;0;;0.0;;;;;;06.096.915/0001-29;;;;;;;;;;830104.0;0.0723;0.0723
B1800159500000;O MORTO MUNDO DE GEORGE - EPISÓDIO PILOTO;2018;PRODAV 01;_tv_excluir;1726932.0;0.0;0.0;2404224.37;0.0;2404224.37;0.0;0.0;0;0.0;0.0;0.0;0.0;0.0;0.0;0;0;0;0;;;;;3.767;adoro_critico;1;media;2.0;0.0;0.0;REVISTA ELETRÔNICA EXTENSÃO EM DEBATE | Revista Concinnitas;;;10.855.589/0001-63;;;;;;;;;;1726932.0;0.0;0.0
B1800354800000;O SOM E O SILÊNCIO;2018;PRODAV 01;_tv_excluir;581700.0;0.0;100000.0;864994.3;139219.4;1004213.7000000001;0.0;0.0;60000;83531.64;0.0;0.0966;0.0;0.0;0.0;0;0;0;0;;;;;4.1;adoro_usuario;1;baixa;;;;;;;27.527.464/0001-07;;;;;;;;;;681700.0;0.1031;0.088
B1800278500000;PALAVRAS PERMANECEM;2018;PRODAV 01;_tv_excluir;478016.0;0.0;0.0;690446.79;0.0;690446.79;0.0;0.0;60000;83531.64;0.0;0.121;0.0;0.0;0.0;0;0;0;0;;;;;0.0;;0;;;;;;;;06.323.379/0001-57;;;;;;;;;;478016.0;0.1255;0.1255
B1800514200000;PALMARES CORAÇÃO BRASILEIRO ALMA AFRICANA;2018;PRODAV 01;_tv_excluir;700000.0;0.0;0.0;1040907.7;0.0;1040907.7;0.0;0.0;60000;83531.64;0.0;0.0802;0.0;0.0;0.0;0;0;0;0;;;;;0.0;;0;;;;;;;;35.792.621/0001-30;;;;;;;;;;700000.0;0.0857;0.0857
B1900413700000;PLANETA PALAVRA;2018;PRODAV 01;_tv_excluir;3000000.0;0.0;1114000.0;4741632.0;1550904.12;6292536.12;0.0;0.0;80000;111375.52;0.0;0.0235;0.0;0.0;0.0;0;0;0;0;;;;;0.0;;0;;3.0;0.0;0.0;Digituma (University of Madeira) | LA Referencia (Red Federada de Repositorios Institucionales de Publicaciones Científicas) | Lumieres - Repositorio institucional Universidad de América;;;09.180.984/0001-04;;;;;;;;;;4114000.0;0.0267;0.0194
B1800043400000;SEBASTIANA QUEBRA-GALHO 2A TEMPORADA;2018;PRODAV 01;_tv_excluir;998931.0;0.0;1423575.0;1390705.74;1981892.57;3372598.31;0.0;0.0;60000;83531.64;0.0;0.0601;0.0;0.0;0.0;0;0;0;0;;;;;0.0;;0;;3.0;0.0;0.0;Brasiliana- Journal for Brazilian Studies | Convergências estudos em Humanidades Digitais;;;05.256.465/0001-21;;;;;;;;;;2422506.0;0.0601;0.0248
B1900201100000;SEMPRE POA;2018;PRODAV 01;_tv_excluir;1199893.33;0.0;0.0;1733127.13;0.0;1733127.13;0.0;0.0;60000;83531.64;0.0;0.0482;0.0;0.0;0.0;0;0;0;0;;;;;0.0;;0;;;;;;;;07.842.589/0001-14;;;;;;;;;;1199893.33;0.05;0.05
B1900053800000;SOM, SOL & SURF - SAQUAREMA;2018;PRODAV 01;_tv_excluir;700000.0;0.0;0.0;974535.8;0.0;974535.8;0.0;0.0;60000;83531.64;0.0;0.0857;0.0;0.0;0.0;0;0;0;0;;;;;3.88;adoro_critico;1;alta;;;;;;;04.876.666/0001-69;;;;;;;;;;700000.0;0.0857;0.0857
B1800539200000;SONHO AMERICANO;2018;PRODAV 01;_tv_excluir;1260000.0;0.0;0.0;1819945.26;0.0;1819945.26;0.0;0.0;60000;83531.64;0.0;0.0459;0.0;0.0;0.0;0;0;0;0;;;;;0.0;;0;;;;;;;;05.270.790/0001-49;;;;;;;;;;1260000.0;0.0476;0.0476
B1900093700000;STELLA MODELS;2018;PRODAV 01;_tv_excluir;999000.0;0.0;0.0;1485523.99;0.0;1485523.99;0.0;0.0;60000;83531.64;0.0;0.0562;0.0;0.0;0.0;0;0;0;0;;;;;0.0;;0;;;;;;;;02.298.682/0001-96;;;;;;;;;;999000.0;0.0601;0.0601
B1800536000000;THE CLEANERS;2018;PRODAV 01;_tv_excluir;1050000.0;0.0;0.0;1461803.7;0.0;1461803.7;6766.68;8508.64;60000;83531.64;8508.64;0.063;0.0058;0.0;0.0;0;0;0;0;;;;;0.0;;0;;;;;;;;64.044.886/0001-58;;;;;;;;;;1050000.0;0.0636;0.0636
B2000453400000;TUCA, O MESTRE CUCA;2018;PRODAV 01;_tv_excluir;2600000.0;250000.0;0.0;3619704.4;348048.5;3967752.9;0.0;0.0;140000;194907.16;0.0;0.0538;0.0;0.0;0.0;0;0;0;0;;;;;3.5;adoro_usuario;1;baixa;0.0;;;;;;03.274.384/0001-29;;;;;;;;;;2850000.0;0.0538;0.0491
B1800559700000;TUNADAS;2018;PRODAV 01;_tv_excluir;1120000.0;0.0;0.0;1665452.32;0.0;1665452.32;0.0;0.0;140000;194907.16;0.0;0.117;0.0;0.0;0.0;0;0;0;0;;;;;0.0;;0;;0.0;;;;;;08.346.159/0001-74;;;;;;;;;;1120000.0;0.125;0.125
B1800126200000;ULTRA BEBÊ;2018;PRODAV 01;_tv_excluir;400000.0;0.0;0.0;577760.4;0.0;577760.4;0.0;0.0;60000;83531.64;0.0;0.1446;0.0;0.0;0.0;0;0;0;0;;;;;0.0;;0;;;;;;;;00.508.766/0001-81;;;;;;;;;;400000.0;0.15;0.15
B1800402700000;VIAGEM DE BOLSO;2018;PRODAV 01;_tv_excluir;684675.0;0.0;0.0;1018119.26;0.0;1018119.26;0.0;0.0;60000;83531.64;0.0;0.082;0.0;0.0;0.0;0;0;0;0;;;;;0.0;;0;;;;;;;;04.650.621/0001-71;;;;;;;;;;684675.0;0.0876;0.0876
B1900086700000;VINHOS.BR;2018;PRODAV 01;_tv_excluir;487000.0;0.0;217000.0;703423.29;302106.1;1005529.39;0.0;0.0;60000;83531.64;0.0;0.1188;0.0;0.0;0.0;0;0;0;0;;;;;0.0;;0;;;;;;;;15.595.876/0001-03;;;;;;;;;;704000.0;0.1232;0.0852
B1800485500000;VIVER DO RISO;2018;PRODAV 01;_tv_excluir;1197020.0;0.0;0.0;1728976.89;0.0;1728976.89;0.0;0.0;60000;83531.64;0.0;0.0483;0.0;0.0;0.0;0;0;0;0;;;;;0.0;;0;;0.0;;;;;;07.988.992/0001-56;;;;;;;;;;1197020.0;0.0501;0.0501
B1900122000000;VIVER DO RISO (VERSAO 2019);2018;PRODAV 01;_tv_excluir;1197020.0;0.0;0.0;1666484.06;0.0;1666484.06;0.0;0.0;80000;111375.52;0.0;0.0668;0.0;0.0;0.0;0;0;0;0;;;;;4.112;adoro_critico;1;alta;0.0;;;;;;07.988.992/0001-56;;;;;;;;;;1197020.0;0.0668;0.0668
B1800320300000;WORK IN PROGRESS - POR DENTRO DA OSESP;2018;PRODAV 01;_tv_excluir;887183.0;0.0;0.0;1281448.01;0.0;1281448.01;0.0;0.0;140000;194907.16;0.0;0.1521;0.0;0.0;0.0;0;0;0;0;;;;;4.4;adoro_usuario;1;baixa;0.0;;;;;;00.020.648/0001-20;;;;;;;;;;887183.0;0.1578;0.1578
B1800337400000;Z4;2018;PRODAV 01;_tv_excluir;2600000.0;2332728.67;0.0;3619704.4;3247610.86;6867315.26;0.0;0.0;140000;194907.16;0.0;0.0538;0.0;0.0;0.0;0;0;0;0;;;;;0.0;;0;;;;;;;;18.082.113/0001-49;;;;;;;;;;4932728.67;0.0538;0.0284
B1900423500000;50 ANOS DO BALÉ DA CIDADE DE SÃO PAULO;2019;PRODAV 01;_tv_excluir;436044.0;0.0;0.0;607057.84;0.0;607057.84;0.0;0.0;60000;80080.2;0.0;0.1319;0.0;0.0;0.0;0;0;0;0;;;;;4.058;adoro_critico|adoro_usuario;2;alta;0.0;;;;;;00.020.648/0001-20;;;;;;;;;;436044.0;0.1376;0.1376
B1900074300000;A CARA DO FUTURO - TEMPORADA 2;2019;PRODAV 01;_tv_excluir;650000.0;2100000.0;0.0;867535.5;2802807.0;3670342.5;0.0;0.0;60000;80080.2;0.0;0.0923;0.0;0.0;0.0;0;0;0;0;;;;;4.062;adoro_critico|adoro_usuario;2;media;0.0;;;;;;07.560.127/0001-04;;;;;;;;;;2750000.0;0.0923;0.0218
B1900542900000;A CRUCIGRAMISTA - 2ª TEMPORADA;2019;PRODAV 01;_tv_excluir;180000.0;0.0;0.0;240240.6;0.0;240240.6;0.0;0.0;60000;80080.2;0.0;0.3333;0.0;0.0;0.0;0;0;0;0;;;;;0.0;;0;;;;;;;;15.743.170/0001-33;;;;;;;;;;180000.0;0.3333;0.3333
B1900262100000;ALCEU VALENÇA - NA EMBOLADA DO TEMPO;2019;PRODAV 01;_tv_excluir;550000.0;0.0;0.0;734068.5;0.0;734068.5;0.0;0.0;60000;80080.2;0.0;0.1091;0.0;0.0;0.0;0;0;0;0;;;;;3.648;adoro_critico|adoro_usuario;2;alta;;;;;;;03.360.320/0001-40;;;;;;;;;;550000.0;0.1091;0.1091
B1900252400000;ALMA CLANDESTINA;2019;PRODAV 01;_tv_excluir;397155.0;0.0;0.0;573651.08;0.0;573651.08;0.0;0.0;60000;80080.2;0.0;0.1396;0.0;0.0;0.0;0;0;0;0;;;;;0.0;;0;;;;;;;;05.436.489/0001-62;;;;;;;;;;397155.0;0.1511;0.1511
B2000207600000;AMORES CUBANOS;2019;PRODAV 01;_tv_excluir;850168.0;0.0;503516.0;1227983.51;672027.7;1900011.21;0.0;0.0;60000;80080.2;0.0;0.0652;0.0;0.0;0.0;0;0;0;0;;;;;0.0;;0;;4.0;0.0;0.0;Profanações | Significação Revista de Cultura Audiovisual;;;25.263.548/0001-55;;;;;;;;;;1353684.0;0.0706;0.0443
B1900422100000;ANTES QUE ME ESQUEÇAM MEU NOME É EDY STAR;2019;PRODAV 01;_tv_excluir;500000.0;0.0;0.0;722200.5;0.0;722200.5;0.0;0.0;60000;80080.2;0.0;0.1109;0.0;0.0;0.0;0;0;0;0;;;;;3.3;adoro_usuario;1;baixa;;;;;;;15.128.758/0001-87;;;;;;;;;;500000.0;0.12;0.12
B1900189200000;BICOS;2019;PRODAV 01;_tv_excluir;550000.0;0.0;0.0;765706.7;0.0;765706.7;0.0;0.0;200000;266934.0;0.0;0.3486;0.0;0.0;0.0;0;0;0;0;;;;;0.0;;0;;0.0;;;;;;00.830.735/0001-42;;;;;;;;;;550000.0;0.3636;0.3636
B1900505800000;BILLY E CATARINA;2019;PRODAV 01;_tv_excluir;1350140.0;0.0;0.0;1950143.57;0.0;1950143.57;0.0;0.0;0;0.0;0.0;0.0;0.0;0.0;0.0;0;0;0;0;;;;;0.0;;0;;0.0;;;;;;04.661.796/0001-84;;;;;;;;;;1350140.0;0.0;0.0
B1900117900000;BIOGRAFIAS URBANAS - OLINDA  RECIFE;2019;PRODAV 01;_tv_excluir;750000.0;309300.0;0.0;1044145.5;412813.43;1456958.93;0.0;0.0;80000;106773.6;0.0;0.1023;0.0;0.0;0.0;0;0;0;0;;;;;0.0;;0;;;;;;;;24.715.333/0001-65;;;;;;;;;;1059300.0;0.1067;0.0755
B1900450400000;BIW, SAL E SOM;2019;PRODAV 01;_tv_excluir;356000.0;0.0;0.0;529375.92;0.0;529375.92;0.0;0.0;60000;80080.2;0.0;0.1513;0.0;0.0;0.0;0;0;0;0;;;;;0.0;;0;;;;;;;;07.299.608/0001-08;;;;;;;;;;356000.0;0.1685;0.1685
B1900595100000;BLITZ, O FILME;2019;PRODAV 01;_tv_excluir;499999.0;0.0;0.0;696095.61;0.0;696095.61;6407.88;7991.76;60000;80080.2;7991.76;0.1265;0.0115;0.0;0.0;0;0;0;0;;;;;3.933;adoro_critico|adoro_usuario;2;alta;;;;;;;11.721.296/0001-56;;;;;;;;;;499999.0;0.1328;0.1328
B1900272200000;CAUSANDO NA RUA - 2ª TEMPORADA;2019;PRODAV 01;_tv_excluir;798447.0;0.0;0.0;1153277.65;0.0;1153277.65;0.0;0.0;60000;80080.2;0.0;0.0694;0.0;0.0;0.0;0;0;0;0;;;;;0.0;;0;;0.0;;;;;;07.860.494/0001-23;;;;;;;;;;798447.0;0.0751;0.0751
B1900215700000;CHUTEIRA PRETA;2019;PRODAV 01;_tv_excluir;2600000.0;0.0;0.0;3619704.4;0.0;3619704.4;0.0;0.0;60000;80080.2;0.0;0.0221;0.0;0.0;0.0;0;0;0;0;;;;;0.0;;0;;;;;;;;05.270.790/0001-49;;;;;;;;;;2600000.0;0.0231;0.0231
B1900131500000;CLEMENTINA;2019;PRODAV 01;_tv_excluir;480000.0;0.0;0.0;693312.48;0.0;693312.48;0.0;0.0;140000;186853.8;0.0;0.2695;0.0;0.0;0.0;0;0;0;0;;;;;0.0;;0;;3.0;0.0;0.0;DOC online - Revista Digital de Cinema Documentário | Contemporanea;;;06.130.502/0001-13;;;;;;;;;;480000.0;0.2917;0.2917
B1900363700000;CONTA COMIGO;2019;PRODAV 01;_tv_excluir;2225389.0;3612544.3;0.0;3517325.23;4821554.5;8338879.73;0.0;0.0;360000;480481.2;0.0;0.1366;0.0;0.0;0.0;0;0;0;0;;;;;4.385;adoro_critico|adoro_usuario;2;alta;0.0;;;;;;02.683.477/0001-44;;;;;;;;;;5837933.3;0.1618;0.0617
B1900452200000;DEPENDENTES;2019;PRODAV 01;_tv_excluir;2200000.0;0.0;0.0;3062826.8;0.0;3062826.8;0.0;0.0;120000;160160.4;0.0;0.0523;0.0;0.0;0.0;0;0;0;0;;;;;0.0;;0;;;;;;;;07.060.648/0001-00;;;;;;;;;;2200000.0;0.0545;0.0545
B1900390100000;ELE ERA ASSIM: ARY BARROSO;2019;PRODAV 01;_tv_excluir;512908.0;0.0;0.0;740844.83;0.0;740844.83;0.0;0.0;280000;373707.6;0.0;0.5044;0.0;0.0;0.0;0;0;0;0;;;;;0.0;;0;;1.0;36.0;36.0;Journal of Food Science and Technology;;;00.360.459/0001-04;;;;;;;;;;512908.0;0.5459;0.5459
B2200441900000;EMPURRANDO COM A BARRIGA;2019;PRODAV 01;_tv_excluir;1584558.0;0.0;0.0;2114862.03;0.0;2114862.03;0.0;0.0;0;0.0;0.0;0.0;0.0;0.0;0.0;0;0;0;0;;;;;0.0;;0;;5.0;7.0;4.0;DOC online - Revista Digital de Cinema Documentário | DEMETRA Alimentação Nutrição & Saúde | Diálogo com a Economia Criativa;;;08.296.780/0001-70;;;;;;;;;;1584558.0;0.0;0.0
B1900589000000;FABIANA;2019;PRODAV 01;_tv_excluir;191533.0;0.0;0.0;266651.09;0.0;266651.09;0.0;0.0;60000;80080.2;0.0;0.3003;0.0;0.0;0.0;0;0;0;0;;;;;0.0;;0;;0.0;;;;;;25.246.774/0001-28;;;;;;;;;;191533.0;0.3133;0.3133
B1900251500000;FAZENDAS HISTÓRICAS;2019;PRODAV 01;_tv_excluir;380000.0;0.0;0.0;548872.38;0.0;548872.38;0.0;0.0;0;0.0;0.0;0.0;0.0;0.0;0.0;0;0;0;0;;;;;0.0;;0;;0.0;;;;;;08.346.159/0001-74;;;;;;;;;;380000.0;0.0;0.0
B1900468200000;FEITO TORTO PARA FICAR DIREITO - A SÉRIE;2019;PRODAV 01;_tv_excluir;869146.0;0.0;146600.0;1160023.09;195662.62;1355685.71;0.0;0.0;120000;160160.4;0.0;0.1381;0.0;0.0;0.0;0;0;0;0;;;;;0.0;;0;;;;;;;;04.736.316/0001-05;;;;;;;;;;1015746.0;0.1381;0.1181
B1900606600000;FREQUÊNCIA POSITIVA;2019;PRODAV 01;_tv_excluir;2125035.0;0.0;0.0;2958460.98;0.0;2958460.98;0.0;0.0;60000;80080.2;0.0;0.0271;0.0;0.0;0.0;0;0;0;0;;;;;0.0;;0;;2.0;0.0;0.0;Alphaville Journal of Film and Screen Media | Jagiellonian University Repository (Jagiellonian University);;;09.107.296/0001-19;;;;;;;;;;2125035.0;0.0282;0.0282
B1900216400000;HAYDEE E O PEIXE VOADOR;2019;PRODAV 01;_tv_excluir;133000.0;0.0;0.0;185161.8;0.0;185161.8;0.0;0.0;60000;80080.2;0.0;0.4325;0.0;0.0;0.0;0;0;0;0;;;;;3.4;adoro_usuario;1;baixa;;;;;;;04.661.796/0001-84;;;;;;;;;;133000.0;0.4511;0.4511
B1900137100000;HISTÓRIAS DA ARTE;2019;PRODAV 01;_tv_excluir;545697.0;0.0;0.0;788205.29;0.0;788205.29;0.0;0.0;60000;80080.2;0.0;0.1016;0.0;0.0;0.0;0;0;0;0;;;;;3.9;adoro_usuario;1;baixa;;;;;;;46.397.220/0001-00;;;;;;;;;;545697.0;0.11;0.11
B1900461700000;IBIUNA;2019;PRODAV 01;_tv_excluir;399873.0;0.0;0.0;594615.55;0.0;594615.55;0.0;0.0;280000;373707.6;0.0;0.6285;0.0;0.0;0.0;0;0;0;0;;;;;0.0;;0;;;;;;;;27.651.181/0001-72;;;;;;;;;;399873.0;0.7002;0.7002
B1900380200000;ITINERÁRIOS DO OLHAR;2019;PRODAV 01;_tv_excluir;864270.0;0.0;0.0;1203231.51;0.0;1203231.51;0.0;0.0;60000;80080.2;0.0;0.0666;0.0;0.0;0.0;0;0;0;0;;;;;4.245;adoro_critico|adoro_usuario;2;media;;;;;;;52.858.982/0001-50;;;;;;;;;;864270.0;0.0694;0.0694
B1900186200000;MARCADAS;2019;PRODAV 01;_tv_excluir;720996.0;0.0;0.0;1041407.34;0.0;1041407.34;0.0;0.0;60000;80080.2;0.0;0.0769;0.0;0.0;0.0;0;0;0;0;;;;;0.0;;0;;0.0;;;;;;04.661.796/0001-84;;;;;;;;;;720996.0;0.0832;0.0832
B1900150600000;MEMÓRIAS DO GRUPO OPINIÃO;2019;PRODAV 01;_tv_excluir;700000.0;0.0;0.0;1011080.7;0.0;1011080.7;0.0;0.0;60000;80080.2;0.0;0.0792;0.0;0.0;0.0;0;0;0;0;;;;;0.0;;0;;;;;;;;03.626.688/0001-08;;;;;;;;;;700000.0;0.0857;0.0857
B1900616500000;MILTON E O  CLUBE DA ESQUINA;2019;PRODAV 01;_tv_excluir;900000.0;0.0;0.0;1252974.6;0.0;1252974.6;0.0;0.0;60000;80080.2;0.0;0.0639;0.0;0.0;0.0;0;0;0;0;;;;;4.45;adoro_critico|adoro_usuario;2;media;;;;;;;01.378.559/0001-12;;;;;;;;;;900000.0;0.0667;0.0667
B1900094700000;NÓS;2019;PRODAV 01;_tv_excluir;400000.0;3000000.0;1950000.0;594804.4;6606616.5;7201420.9;0.0;0.0;60000;80080.2;0.0;0.1346;0.0;0.0;0.0;0;0;0;0;;;;;3.6;adoro_usuario;1;baixa;;;;;;;08.296.780/0001-70;;;;;;;;;;5350000.0;0.15;0.0112
B1900532900000;O BARATO IACANGA;2019;PRODAV 01;_tv_excluir;500000.0;0.0;0.0;667335.0;0.0;667335.0;0.0;0.0;60000;80080.2;0.0;0.12;0.0;0.0;0.0;0;0;0;0;;;;;0.0;;0;;;;;;;;06.323.379/0001-57;;;;;;;;;;500000.0;0.12;0.12
B1900535100000;O MILAGRE DE SANTA LUZIA - 3ª TEMPORADA;2019;PRODAV 01;_tv_excluir;722770.0;0.0;1457441.0;1043969.71;1945202.78;2989172.49;0.0;0.0;60000;80080.2;0.0;0.0767;0.0;0.0;0.0;0;0;0;0;;;;;3.815;adoro_critico|adoro_usuario;2;alta;;;;;;;06.096.915/0001-29;;;;;;;;;;2180211.0;0.083;0.0275
B1900289300000;O MÉTODO;2019;PRODAV 01;_tv_excluir;455300.0;0.0;0.0;633865.93;0.0;633865.93;0.0;0.0;60000;80080.2;0.0;0.1263;0.0;0.0;0.0;0;0;0;0;;;;;0.0;;0;;0.0;;;;;;94.307.840/0001-45;;;;;;;;;;455300.0;0.1318;0.1318
B1900460900000;ONDE A BELEZA ESTÁ;2019;PRODAV 01;_tv_excluir;219000.0;0.0;0.0;304890.49;0.0;304890.49;0.0;0.0;60000;80080.2;0.0;0.2627;0.0;0.0;0.0;0;0;0;0;;;;;4.1;adoro_usuario;1;baixa;0.0;;;;;;01.456.361/0001-00;;;;;;;;;;219000.0;0.274;0.274
B1900116600000;ONDE NASCEM AS IDEIAS;2019;PRODAV 01;_tv_excluir;634310.42;0.0;0.0;883083.16;0.0;883083.16;0.0;0.0;60000;80080.2;0.0;0.0907;0.0;0.0;0.0;0;0;0;0;;;;;0.0;;0;;0.0;;;;;;05.609.007/0001-29;;;;;;;;;;634310.42;0.0946;0.0946
B1900303900000;PLIN & PLAN;2019;PRODAV 01;_tv_excluir;95000.0;0.0;0.0;132258.43;0.0;132258.43;0.0;0.0;280000;373707.6;0.0;2.8256;0.0;0.0;0.0;0;0;0;0;;;;;0.0;;0;;0.0;;;;;;16.737.383/0001-15;;;;;;;;;;95000.0;2.9474;2.9474
B1900225700000;QUERO BOTAR MEU BLOCO NA RUA;2019;PRODAV 01;_tv_excluir;400000.0;0.0;0.0;577760.4;0.0;577760.4;0.0;0.0;60000;80080.2;0.0;0.1386;0.0;0.0;0.0;0;0;0;0;;;;;3.965;adoro_critico|adoro_usuario;2;alta;0.0;;;;;;13.188.290/0001-90;;;;;;;;;;400000.0;0.15;0.15
B1900173300000;REPÚBLICA DO PERU, 2A TEMPORADA;2019;PRODAV 01;_tv_excluir;1100000.0;0.0;0.0;1468137.0;0.0;1468137.0;0.0;0.0;80000;106773.6;0.0;0.0727;0.0;0.0;0.0;0;0;0;0;;;;;0.0;;0;;0.0;;;;;;02.759.786/0001-50;;;;;;;;;;1100000.0;0.0727;0.0727
B1900420000000;RETRATOS DO CÁRCERE;2019;PRODAV 01;_tv_excluir;711241.0;0.0;0.0;1027317.21;0.0;1027317.21;0.0;0.0;60000;80080.2;0.0;0.078;0.0;0.0;0.0;0;0;0;0;;;;;0.0;;0;;;;;;;;04.980.287/0001-14;;;;;;;;;;711241.0;0.0844;0.0844
B1900490100000;RETRATOS URBANOS;2019;PRODAV 01;_tv_excluir;650105.0;0.0;0.0;867675.64;0.0;867675.64;0.0;0.0;120000;160160.4;0.0;0.1846;0.0;0.0;0.0;0;0;0;0;;;;;0.0;;0;;5.0;2.0;1.0;Interactive Film and Media Journal | Portuguese Literary and Cultural Studies | LA Referencia (Red Federada de Repositorios Institucionales de Publicaciones Científicas);;;02.288.320/0001-14;;;;;;;;;;650105.0;0.1846;0.1846
B1900092400000;REVOLTA DOS MALÊS;2019;PRODAV 01;_tv_excluir;1000000.0;0.0;350000.0;1334670.0;467134.5;1801804.5;12334.69;12504.52;120000;160160.4;12504.52;0.1294;0.0069;0.0;0.0;0;0;0;0;;;;;3.98;adoro_critico|adoro_usuario;2;alta;;;;;;;04.661.796/0001-84;;;;;;;;;;1350000.0;0.1323;0.098
B2000070700000;RIOS;2019;PRODAV 01;_tv_excluir;1260000.0;0.0;732340.0;1819945.26;977432.23;2797377.49;0.0;0.0;140000;186853.8;0.0;0.1027;0.0;0.0;0.0;0;0;0;0;;;;;3.938;adoro_critico|adoro_usuario;2;alta;4.0;6.0;3.0;Aniki Revista Portuguesa da Imagem em Movimento | Cadernos Gestão Pública e Cidadania | Em Tempo de Histórias;;;15.128.758/0001-87;;;;;;;;;;1992340.0;0.1111;0.0703
B1900529800000;SABORES DA FLORESTA;2019;PRODAV 01;_tv_excluir;910000.0;0.0;0.0;1214549.7;0.0;1214549.7;0.0;0.0;120000;160160.4;0.0;0.1319;0.0;0.0;0.0;0;0;0;0;;;;;4.0;adoro_usuario;1;baixa;;;;;;;22.446.460/0001-80;;;;;;;;;;910000.0;0.1319;0.1319
B1900429200000;SUBMERSOS;2019;PRODAV 01;_tv_excluir;1200000.0;617306.23;0.0;1733281.2;823900.11;2557181.31;0.0;0.0;60000;80080.2;0.0;0.0462;0.0;0.0;0.0;0;0;0;0;;;;;0.0;;0;;;;;;;;01.282.220/0001-18;;;;;;;;;;1817306.23;0.05;0.033
B1900246600000;SÃO PAULO MEU HUMOR;2019;PRODAV 01;_tv_excluir;557079.0;0.0;0.0;804645.46;0.0;804645.46;0.0;0.0;60000;80080.2;0.0;0.0995;0.0;0.0;0.0;0;0;0;0;;;;;0.0;;0;;;;;;;;03.435.290/0001-94;;;;;;;;;;557079.0;0.1077;0.1077
B1900278700000;TAQUARAS, TAMBORES E VIOLAS - 2ª TEMPORADA;2019;PRODAV 01;_tv_excluir;615269.0;0.0;0.0;914911.77;0.0;914911.77;0.0;0.0;60000;80080.2;0.0;0.0875;0.0;0.0;0.0;0;0;0;0;;;;;0.0;;0;;;;;;;;12.106.692/0001-36;;;;;;;;;;615269.0;0.0975;0.0975
B1900537000000;TELA SOBRE TINTA;2019;PRODAV 01;_tv_excluir;364764.0;0.0;0.0;507822.25;0.0;507822.25;0.0;0.0;60000;80080.2;0.0;0.1577;0.0;0.0;0.0;0;0;0;0;;;;;0.0;;0;;;;;;;;15.595.876/0001-03;;;;;;;;;;364764.0;0.1645;0.1645
B1900397500000;TEMPO DA TERRA;2019;PRODAV 01;_tv_excluir;897256.0;0.0;950000.0;1249154.42;1267936.5;2517090.92;0.0;0.0;200000;266934.0;0.0;0.2137;0.0;0.0;0.0;0;0;0;0;;;;;3.648;adoro_critico|adoro_usuario;2;alta;0.0;;;;;;73.364.879/0001-24;;;;;;;;;;1847256.0;0.2229;0.1083
B1900241600000;TODA FORMA DE AMOR;2019;PRODAV 01;_tv_excluir;3994930.0;0.0;940000.0;5770280.89;1254589.8;7024870.6899999995;0.0;0.0;280000;373707.6;0.0;0.0648;0.0;0.0;0.0;0;0;0;0;;;;;4.3;adoro_usuario;1;baixa;38.0;49.0;17.0;LA Referencia (Red Federada de Repositorios Institucionales de Publicaciones Científicas) | SHILAP Revista de lepidopterología | Social Text;;;13.914.178/0001-90;;;;;;;;;;4934930.0;0.0701;0.0567
B1900229700000;TRANSGENTE;2019;PRODAV 01;_tv_excluir;402297.0;0.0;0.0;581078.19;0.0;581078.19;0.0;0.0;60000;80080.2;0.0;0.1378;0.0;0.0;0.0;0;0;0;0;;;;;0.0;;0;;0.0;;;;;;13.188.290/0001-90;;;;;;;;;;402297.0;0.1491;0.1491
B1900165300000;TRANSPLANTES - UMA SEGUNDA CHANCE;2019;PRODAV 01;_tv_excluir;540000.0;0.0;0.0;779976.54;0.0;779976.54;0.0;0.0;60000;80080.2;0.0;0.1027;0.0;0.0;0.0;0;0;0;0;;;;;4.16;adoro_critico;1;alta;0.0;;;;;;08.346.159/0001-74;;;;;;;;;;540000.0;0.1111;0.1111
B1900211400000;VIRANDO A PAGINA;2019;PRODAV 01;_tv_excluir;425893.12;0.0;0.0;673142.82;0.0;673142.82;0.0;0.0;60000;80080.2;0.0;0.119;0.0;0.0;0.0;0;0;0;0;;;;;0.0;;0;;;;;;;;17.383.231/0001-24;;;;;;;;;;425893.12;0.1409;0.1409
B2000210600000;A ARTE DE VER O INVISIVEL;2020;PRODAV 01;_tv_excluir;559999.23;0.0;0.0;779627.57;0.0;779627.57;0.0;0.0;60000;76617.12;0.0;0.0983;0.0;0.0;0.0;0;0;0;0;;;;;2.9;adoro_usuario;1;baixa;;;;;;;06.900.652/0001-69;;;;;;;;;;559999.23;0.1071;0.1071
B2000428000000;A3;2020;PRODAV 01;_tv_excluir;2100000.0;0.0;0.0;2923607.4;0.0;2923607.4;0.0;0.0;60000;76617.12;0.0;0.0262;0.0;0.0;0.0;0;0;0;0;;;;;0.0;;0;;;;;;;;08.346.159/0001-74;;;;;;;;;;2100000.0;0.0286;0.0286
B2000204300000;AGBARA DUDU - NARRATIVAS NEGRAS;2020;PRODAV 01;_tv_excluir;1300000.0;0.0;0.0;1809852.2;0.0;1809852.2;0.0;0.0;120000;153234.24;0.0;0.0847;0.0;0.0;0.0;0;0;0;0;;;;;0.0;;0;;;;;;;;16.487.027/0001-90;;;;;;;;;;1300000.0;0.0923;0.0923
B2000489000000;ALMANAQUE BRASIL - SÉRIE DE DOCUMENTÁRIOS;2020;PRODAV 01;_tv_excluir;1364990.0;0.0;0.0;1900330.89;0.0;1900330.89;0.0;0.0;60000;76617.12;0.0;0.0403;0.0;0.0;0.0;0;0;0;0;;;;;3.7;adoro_usuario;1;baixa;1.0;0.0;0.0;;;;74.425.067/0001-04;;;;;;;;;;1364990.0;0.044;0.044
B2000321700000;BELATRIX - 1ª TEMPORADA;2020;PRODAV 01;_tv_excluir;1288660.0;0.0;0.0;1861341.79;0.0;1861341.79;0.0;0.0;60000;76617.12;0.0;0.0412;0.0;0.0;0.0;0;0;0;0;;;;;0.0;;0;;0.0;;;;;;00.830.735/0001-42;;;;;;;;;;1288660.0;0.0466;0.0466
B2000145400000;CAIXAS MÁGICAS;2020;PRODAV 01;_tv_excluir;810260.0;0.0;0.0;1128039.11;0.0;1128039.11;0.0;0.0;60000;76617.12;0.0;0.0679;0.0;0.0;0.0;0;0;0;0;;;;;0.0;;0;;;;;;;;19.388.280/0001-85;;;;;;;;;;810260.0;0.0741;0.0741
B2000127000000;COLÔNIA;2020;PRODAV 01;_tv_excluir;1996400.0;0.0;225000.0;2883602.16;287314.2;3170916.3600000003;0.0;0.0;60000;76617.12;0.0;0.0266;0.0;0.0;0.0;0;0;0;0;;;;;2.863;adoro_critico|adoro_usuario;2;alta;0.0;;;;;;04.687.576/0001-20;;;;;;;;;;2221400.0;0.0301;0.027
B2000098200000;CÍCERO;2020;PRODAV 01;_tv_excluir;1600000.0;0.0;1025000.0;2227510.4;1308875.8;3536386.2;0.0;0.0;80000;102156.16;0.0;0.0459;0.0;0.0;0.0;0;0;0;0;;;;;0.0;;0;;1.0;0.0;0.0;Temática;;;15.128.758/0001-87;;;;;;;;;;2625000.0;0.05;0.0305
B2000430200000;DANÇAS DO MUNDO;2020;PRODAV 01;_tv_excluir;970640.0;0.0;0.0;1295484.09;0.0;1295484.09;0.0;0.0;60000;76617.12;0.0;0.0591;0.0;0.0;0.0;0;0;0;0;;;;;3.195;adoro_critico|adoro_usuario;2;media;0.0;;;;;;07.988.992/0001-56;;;;;;;;;;970640.0;0.0618;0.0618
B2000562700000;DESTINO INCOMUM - CIVILIZAÇÕES PERDIDAS;2020;PRODAV 01;_tv_excluir;489115.0;0.0;0.0;680942.97;0.0;680942.97;0.0;0.0;60000;76617.12;0.0;0.1125;0.0;0.0;0.0;0;0;0;0;;;;;0.0;;0;;;;;;;;25.448.159/0001-02;;;;;;;;;;489115.0;0.1227;0.1227
B2000375500000;EM BUSCA DE CARLOS ZÉFIRO;2020;PRODAV 01;_tv_excluir;500000.0;0.0;0.0;722200.5;0.0;722200.5;0.0;0.0;60000;76617.12;0.0;0.1061;0.0;0.0;0.0;0;0;0;0;;;;;2.6;adoro_usuario;1;baixa;;;;;;;27.651.181/0001-72;;;;;;;;;;500000.0;0.12;0.12
B2000556100000;FAVELA É MODA;2020;PRODAV 01;_tv_excluir;500000.0;0.0;0.0;696097.0;0.0;696097.0;0.0;0.0;60000;76617.12;0.0;0.1101;0.0;0.0;0.0;0;0;0;0;;;;;0.0;;0;;0.0;;;;;;02.972.707/0001-95;;;;;;;;;;500000.0;0.12;0.12
B2000367000000;GAROTA DA MOTO;2020;PRODAV 01;_tv_excluir;7598717.86;2573984.12;0.0;12010107.92;3286854.17;15296962.09;51094.04;58109.24;60000;76617.12;58109.24;0.0112;0.0038;0.0;0.0;0;0;0;0;;;;;3.8;adoro_critico;1;alta;;;;;;;02.947.857/0001-49;;;;;;;;;;10172701.98;0.0146;0.0109
B2000459700000;HIT PARADE;2020;PRODAV 01;_tv_excluir;3000030.0;0.0;0.0;4333246.33;0.0;4333246.33;0.0;0.0;60000;76617.12;0.0;0.0177;0.0;0.0;0.0;0;0;0;0;;;;;0.0;;0;;;;;;;;29.521.986/0001-27;;;;;;;;;;3000030.0;0.02;0.02
B2000324500000;HQUEM A ARTE DE DESENHAR HISTÓRIAS;2020;PRODAV 01;_tv_excluir;1117470.0;0.0;0.0;1555735.03;0.0;1555735.03;0.0;0.0;140000;178773.28;0.0;0.1149;0.0;0.0;0.0;0;0;0;0;;;;;3.413;adoro_critico|adoro_usuario;2;media;0.0;;;;;;73.364.879/0001-24;;;;;;;;;;1117470.0;0.1253;0.1253
B2000120400000;IMAGEM VINIL - ZONA NORTE;2020;PRODAV 01;_tv_excluir;1500000.0;0.0;0.0;2166601.5;0.0;2166601.5;0.0;0.0;60000;76617.12;0.0;0.0354;0.0;0.0;0.0;0;0;0;0;;;;;0.0;;0;;0.0;;;;;;09.039.726/0001-02;;;;;;;;;;1500000.0;0.04;0.04
B2000060300000;LINHAS DO TEMPO - MODA E TENDÊNCIAS QUE NÃO PASSAM;2020;PRODAV 01;_tv_excluir;1045970.0;0.0;0.0;1456193.16;0.0;1456193.16;0.0;0.0;60000;76617.12;0.0;0.0526;0.0;0.0;0.0;0;0;0;0;;;;;3.648;adoro_critico|adoro_usuario;2;alta;0.0;;;;;;73.364.879/0001-24;;;;;;;;;;1045970.0;0.0574;0.0574
B2000432900000;LUZES DA AMAZÔNIA AZUL;2020;PRODAV 01;_tv_excluir;715000.0;0.0;2000000.0;995418.71;2553904.0;3549322.71;0.0;0.0;60000;76617.12;0.0;0.077;0.0;0.0;0.0;0;0;0;0;;;;;3.929;adoro_critico;1;media;;;;;;;03.931.658/0001-05;;;;;;;;;;2715000.0;0.0839;0.0221
B2000038400000;MATIZES DO BRASIL;2020;PRODAV 01;_tv_excluir;789880.0;0.0;0.0;1140903.46;0.0;1140903.46;0.0;0.0;60000;76617.12;0.0;0.0672;0.0;0.0;0.0;0;0;0;0;;;;;4.343;adoro_critico|adoro_usuario;2;media;0.0;;;;;;04.661.796/0001-84;;;;;;;;;;789880.0;0.076;0.076
B2000336900000;ME LIGA NA LATA;2020;PRODAV 01;_tv_excluir;510805.0;0.0;0.0;711139.66;0.0;711139.66;0.0;0.0;360000;459702.72;0.0;0.6464;0.0;0.0;0.0;0;0;0;0;;;;;0.0;;0;;7.0;9.0;5.0;Educação e Pesquisa | DEVIR EDUCAÇÃO | Revista de Cultura e Extensão USP;;;12.396.390/0001-40;;;;;;;;;;510805.0;0.7048;0.7048
B2000411200000;MUSICÓPOLIS;2020;PRODAV 01;_tv_excluir;2211654.0;0.0;0.0;2951828.24;0.0;2951828.24;0.0;0.0;140000;178773.28;0.0;0.0606;0.0;0.0;0.0;0;0;0;0;;;;;0.0;;0;;2.0;0.0;0.0;Alphaville Journal of Film and Screen Media | Jagiellonian University Repository (Jagiellonian University);;;26.530.678/0001-70;;;;;;;;;;2211654.0;0.0633;0.0633
B2000091000000;NÓS;2020;PRODAV 01;_tv_excluir;400000.0;3000000.0;1950000.0;594804.4;6320912.4;6915716.800000001;0.0;0.0;60000;76617.12;0.0;0.1288;0.0;0.0;0.0;0;0;0;0;;;;;3.6;adoro_usuario;1;baixa;8.0;17.0;6.0;The International Journal of Screendance | Theatrical Colloquia | Medical Entomology and Zoology;;;02.154.879/0001-51;;;;;;;;;;5350000.0;0.15;0.0112
B2000441300000;O AQUECIMENTO GLOBAL;2020;PRODAV 01;_tv_excluir;650000.0;0.0;0.0;904926.1;0.0;904926.1;0.0;0.0;60000;76617.12;0.0;0.0847;0.0;0.0;0.0;0;0;0;0;;;;;0.0;;0;;0.0;;;;;;08.346.159/0001-74;;;;;;;;;;650000.0;0.0923;0.0923
B2000328500000;O CINEMA DAS MULHERES;2020;PRODAV 01;_tv_excluir;387860.0;0.0;0.0;539976.36;0.0;539976.36;0.0;0.0;60000;76617.12;0.0;0.1419;0.0;0.0;0.0;0;0;0;0;;;;;3.522;adoro_critico;1;media;;;;;;;15.048.775/0001-04;;;;;;;;;;387860.0;0.1547;0.1547
B2000090900000;O LABORATÓRIO DO PROFESSOR POLICARPO - 2ª TEMPORADA;2020;PRODAV 01;_tv_excluir;1739824.0;0.0;0.0;2422172.53;0.0;2422172.53;0.0;0.0;80000;102156.16;0.0;0.0422;0.0;0.0;0.0;0;0;0;0;;;;;3.728;adoro_critico|adoro_usuario;2;media;;;;;;;57.381.915/0001-01;;;;;;;;;;1739824.0;0.046;0.046
B2000478800000;O MÉTODO;2020;PRODAV 01;_tv_excluir;455300.0;0.0;0.0;633865.93;0.0;633865.93;0.0;0.0;60000;76617.12;0.0;0.1209;0.0;0.0;0.0;0;0;0;0;;;;;0.0;;0;;;;;;;;94.307.840/0001-45;;;;;;;;;;455300.0;0.1318;0.1318
B2000192900000;OPERAÇÃO PEDRO PAN;2020;PRODAV 01;_tv_excluir;1194916.84;0.0;0.0;1725939.08;0.0;1725939.08;0.0;0.0;60000;76617.12;0.0;0.0444;0.0;0.0;0.0;0;0;0;0;;;;;0.0;;0;;;;;;;;64.044.886/0001-58;;;;;;;;;;1194916.84;0.0502;0.0502
B2000010600000;OPÇÃO AMÉRICA;2020;PRODAV 01;_tv_excluir;578682.0;0.0;0.0;835848.86;0.0;835848.86;0.0;0.0;60000;76617.12;0.0;0.0917;0.0;0.0;0.0;0;0;0;0;;;;;0.0;;0;;0.0;;;;;;13.188.290/0001-90;;;;;;;;;;578682.0;0.1037;0.1037
B2000544800000;ORÁCULO DAS BORBOLETAS AMARELAS;2020;PRODAV 01;_tv_excluir;2104056.0;0.0;0.0;2686778.52;0.0;2686778.52;0.0;0.0;80000;102156.16;0.0;0.038;0.0;0.0;0.0;0;0;0;0;;;;;0.0;;0;;;;;;;;08.112.710/0001-15;;;;;;;;;;2104056.0;0.038;0.038
B2000530100000;OS RESISTENTES II;2020;PRODAV 01;_tv_excluir;399267.0;0.0;0.0;576701.65;0.0;576701.65;0.0;0.0;60000;76617.12;0.0;0.1329;0.0;0.0;0.0;0;0;0;0;;;;;0.0;;0;;;;;;;;05.163.327/0001-06;;;;;;;;;;399267.0;0.1503;0.1503
B2000495900000;PELAS RUAS DO RIO;2020;PRODAV 01;_tv_excluir;152200.0;0.0;15000.0;219837.83;19154.28;238992.11;0.0;0.0;60000;76617.12;0.0;0.3485;0.0;0.0;0.0;0;0;0;0;;;;;4.225;adoro_critico|adoro_usuario;2;alta;;;;;;;05.617.531/0001-41;;;;;;;;;;167200.0;0.3942;0.3589
B2000011200000;PERDIDO;2020;PRODAV 01;_tv_excluir;2248460.26;50000.0;2242240.0;3130292.88;2927080.45;6057373.33;0.0;0.0;60000;76617.12;0.0;0.0245;0.0;0.0;0.0;0;0;0;0;;;;;3.96;adoro_critico|adoro_usuario;2;alta;;;;;;;06.015.397/0001-71;;;;;;;;;;4540700.26;0.0267;0.0132
B2000199400000;PESSOAS - CONTAR PARA VIVER;2020;PRODAV 01;_tv_excluir;807500.0;0.0;0.0;1124196.66;0.0;1124196.66;0.0;0.0;140000;178773.28;0.0;0.159;0.0;0.0;0.0;0;0;0;0;;;;;4.084;adoro_critico|adoro_usuario;2;alta;;;;;;;06.228.927/0001-60;;;;;;;;;;807500.0;0.1734;0.1734
B2000172600000;POR ONDE ANDA MAKUNAÍMA;2020;PRODAV 01;_tv_excluir;350000.0;0.0;0.0;487267.9;0.0;487267.9;0.0;0.0;140000;178773.28;0.0;0.3669;0.0;0.0;0.0;0;0;0;0;;;;;0.0;;0;;;;;;;;21.265.743/0001-63;;;;;;;;;;350000.0;0.4;0.4
B2000112700000;SALVE O PRAZER;2020;PRODAV 01;_tv_excluir;198000.0;0.0;0.0;285991.4;0.0;285991.4;0.0;0.0;60000;76617.12;0.0;0.2679;0.0;0.0;0.0;0;0;0;0;;;;;3.49;adoro_critico|adoro_usuario;2;media;;;;;;;01.374.871/0001-38;;;;;;;;;;198000.0;0.303;0.303
B2000064200000;SANKOFA A AFRICA QUE TE HABITA;2020;PRODAV 01;_tv_excluir;1045750.0;0.0;1606519.34;1455886.88;2051448.08;3507334.96;0.0;0.0;140000;178773.28;0.0;0.1228;0.0;0.0;0.0;0;0;0;0;;;;;0.0;;0;;0.0;;;;;;73.364.879/0001-24;;;;;;;;;;2652269.34;0.1339;0.0528
B2000145200000;SEIS NA ILHA;2020;PRODAV 01;_tv_excluir;1700000.0;0.0;0.0;2686924.8;0.0;2686924.8;0.0;0.0;80000;102156.16;0.0;0.038;0.0;0.0;0.0;0;0;0;0;;;;;3.548;adoro_critico|adoro_usuario;2;media;;;;;;;03.847.111/0001-26;;;;;;;;;;1700000.0;0.0471;0.0471
B2000375900000;SONS BRASILIS;2020;PRODAV 01;_tv_excluir;777400.0;0.0;0.0;1082291.62;0.0;1082291.62;0.0;0.0;60000;76617.12;0.0;0.0708;0.0;0.0;0.0;0;0;0;0;;;;;0.0;;0;;0.0;;;;;;13.188.290/0001-90;;;;;;;;;;777400.0;0.0772;0.0772
B2000238900000;TEMPO PRESENTE;2020;PRODAV 01;_tv_excluir;938600.0;537779.98;0.0;1252721.26;686719.22;1939440.48;0.0;0.0;120000;153234.24;0.0;0.1223;0.0;0.0;0.0;0;0;0;0;;;;;3.648;adoro_critico|adoro_usuario;2;alta;0.0;;;;Berlim;Q61754027;09.514.942/0001-62;;;;;;;;;;1476379.98;0.1278;0.0813
B2000253600000;TRANSAMAZÔNICA UTOPIAS NA SELVA;2020;PRODAV 01;_tv_excluir;420000.0;0.0;0.0;584721.48;0.0;584721.48;0.0;0.0;80000;102156.16;0.0;0.1747;0.0;0.0;0.0;0;0;0;0;;;;;3.895;adoro_critico|adoro_usuario;2;alta;;;;;;;05.209.603/0001-11;;;;;;;;;;420000.0;0.1905;0.1905
B2000129200000;TRINTA POVOS;2020;PRODAV 01;_tv_excluir;150000.0;1537500.0;2679994.0;208829.1;5385537.4;5594366.5;0.0;0.0;60000;76617.12;0.0;0.3669;0.0;0.0;0.0;0;0;0;0;;;;;0.0;;0;;;;;;;;10.780.165/0001-87;;;;;;;;;;4367494.0;0.4;0.0137
B2000111500000;TÁ PUXADO;2020;PRODAV 01;_tv_excluir;2769999.4;0.0;0.0;3856376.54;0.0;3856376.54;0.0;0.0;80000;102156.16;0.0;0.0265;0.0;0.0;0.0;0;0;0;0;;;;;0.0;;0;;;;;;;;07.579.479/0001-01;;;;;;;;;;2769999.4;0.0289;0.0289
B2000151600000;UM FILME DE VERÃO;2020;PRODAV 01;_tv_excluir;400000.0;0.0;0.0;556877.6;0.0;556877.6;0.0;0.0;60000;76617.12;0.0;0.1376;0.0;0.0;0.0;0;0;0;0;;;;;2.675;adoro_critico|adoro_usuario;2;media;;;;;;;12.088.742/0001-08;;;;;;;;;;400000.0;0.15;0.15
B2000337200000;YOU TUBERS;2020;PRODAV 01;_tv_excluir;599000.0;0.0;0.0;799467.33;0.0;799467.33;0.0;0.0;60000;76617.12;0.0;0.0958;0.0;0.0;0.0;0;0;0;0;;;;;0.0;;0;;;;;;Sundance;Q10367583;40.447.906/0001-73;;;;;;;;;;599000.0;0.1002;0.1002
B2000221100000;ÀKÀRÀ NO FOGO DA INTOLERÂNCIA;2020;PRODAV 01;_tv_excluir;241700.0;0.0;0.0;336493.29;0.0;336493.29;0.0;0.0;60000;76617.12;0.0;0.2277;0.0;0.0;0.0;0;0;0;0;;;;;4.3;adoro_usuario;1;baixa;;;;;;;11.211.689/0001-10;;;;;;;;;;241700.0;0.2482;0.2482
B2100109300000;A ÚLTIMA GRAVAÇÃO;2021;PRODAV 01;_tv_excluir;280478.05;0.0;0.0;390479.86;0.0;390479.86;0.0;0.0;60000;69613.92;0.0;0.1783;0.0;0.0;0.0;0;0;0;0;;;;;4.013;adoro_critico|adoro_usuario;2;media;;;;;;;06.992.833/0001-62;;;;;;;;;;280478.05;0.2139;0.2139
B2100304600000;AINDA ESTOU VIVO;2021;PRODAV 01;_tv_excluir;399987.0;0.0;0.0;556859.5;0.0;556859.5;0.0;0.0;60000;69613.92;0.0;0.125;0.0;0.0;0.0;0;0;0;0;;;;;4.4;adoro_usuario;1;baixa;0.0;;;;;;04.650.621/0001-71;;;;;;;;;;399987.0;0.15;0.15
B2100003100000;AMAZÔNIA OCULTA;2021;PRODAV 01;_tv_excluir;1000000.0;0.0;2000000.0;1392194.0;2320464.0;3712658.0;0.0;0.0;0;0.0;0.0;0.0;0.0;0.0;0.0;0;0;0;0;;;;;0.0;;0;;;;;;;;13.931.232/0001-05;;;;;;;;;;3000000.0;0.0;0.0
B2100515000000;AMOR DOS OUTROS;2021;PRODAV 01;_tv_excluir;1500000.0;0.0;4128340.06;2088291.0;4789832.24;6878123.24;0.0;0.0;60000;69613.92;0.0;0.0333;0.0;0.0;0.0;0;0;0;0;;;;;4.3;adoro_usuario;1;baixa;0.0;;;;;;06.842.017/0001-72;;;;;;;;;;5628340.0600000005;0.04;0.0107
B2100121100000;AS PROTAGONISTAS;2021;PRODAV 01;_tv_excluir;1365009.8;0.0;0.0;1900358.45;0.0;1900358.45;0.0;0.0;60000;69613.92;0.0;0.0366;0.0;0.0;0.0;0;0;0;0;;;;;0.0;;0;;;;;;;;07.860.494/0001-23;;;;;;;;;;1365009.8;0.044;0.044
B2100139800000;BALANÇO BLACK;2021;PRODAV 01;_tv_excluir;630000.0;0.0;0.0;909972.63;0.0;909972.63;0.0;0.0;60000;69613.92;0.0;0.0765;0.0;0.0;0.0;0;0;0;0;;;;;0.0;;0;;;;;;;;02.395.043/0001-49;;;;;;;;;;630000.0;0.0952;0.0952
B2100357600000;BIRDWATCHING - APRECIADORES DE AVES;2021;PRODAV 01;_tv_excluir;753076.06;0.0;0.0;1005108.03;0.0;1005108.03;0.0;0.0;0;0.0;0.0;0.0;0.0;0.0;0.0;0;0;0;0;;;;;0.0;;0;;;;;;;;15.489.382/0001-36;;;;;;;;;;753076.06;0.0;0.0
B2100298400000;BOCA FECHADA;2021;PRODAV 01;_tv_excluir;400000.0;0.0;0.0;556877.6;0.0;556877.6;0.0;0.0;60000;69613.92;0.0;0.125;0.0;0.0;0.0;0;0;0;0;;;;;0.0;;0;;0.0;;;;;;01.374.871/0001-38;;;;;;;;;;400000.0;0.15;0.15
B2100141800000;CIDADES DE CINEMA;2021;PRODAV 01;_tv_excluir;1400007.0;0.0;0.0;1868547.34;0.0;1868547.34;0.0;0.0;60000;69613.92;0.0;0.0373;0.0;0.0;0.0;0;0;0;0;;;;;3.7;adoro_usuario;1;baixa;5.0;23.0;21.0;Rebeca - Revista Brasileira de Estudos de Cinema e Audiovisual | Cinema Journal | Revista FAMECOS;;;05.565.485/0001-84;;;;;;;;;;1400007.0;0.0429;0.0429
B2100282000000;CINEMA CAFÉ;2021;PRODAV 01;_tv_excluir;1500000.0;0.0;0.0;2088291.0;0.0;2088291.0;0.0;0.0;0;0.0;0.0;0.0;0.0;0.0;0.0;0;0;0;0;;;;;0.0;;0;;;;;;;;01.254.746/0001-94;;;;;;;;;;1500000.0;0.0;0.0
B2100166300000;CORDÉLICOS;2021;PRODAV 01;_tv_excluir;2950000.0;0.0;0.0;4106972.3;0.0;4106972.3;0.0;0.0;80000;92818.56;0.0;0.0226;0.0;0.0;0.0;0;0;0;0;;;;;0.0;;0;;;;;;;;20.290.522/0001-82;;;;;;;;;;2950000.0;0.0271;0.0271
B2100142100000;DEPOIS DA PRIMAVERA;2021;PRODAV 01;_tv_excluir;100000.0;0.0;0.0;133467.0;0.0;133467.0;0.0;0.0;60000;69613.92;0.0;0.5216;0.0;0.0;0.0;0;0;0;0;;;;;3.618;adoro_critico|adoro_usuario;2;media;;;;;;;27.527.464/0001-07;;;;;;;;;;100000.0;0.6;0.6
B2100265500000;EDNA;2021;PRODAV 01;_tv_excluir;400246.0;300000.0;0.0;557220.08;348069.6;905289.6799999999;0.0;0.0;60000;69613.92;0.0;0.1249;0.0;0.0;0.0;0;0;0;0;;;;;0.0;;0;;0.0;;;;;;05.163.327/0001-06;;;;;;;;;;700246.0;0.1499;0.0857
B2100160500000;ESC: O BOM CINEMA;2021;PRODAV 01;_tv_excluir;600000.0;0.0;0.0;835316.4;0.0;835316.4;0.0;0.0;60000;69613.92;0.0;0.0833;0.0;0.0;0.0;0;0;0;0;;;;;3.788;adoro_critico|adoro_usuario;2;media;;;;;;;00.205.194/0001-61;;;;;;;;;;600000.0;0.1;0.1
B2100449200000;EXPEDIÇÃO ROOSEVELT - RONDON;2021;PRODAV 01;_tv_excluir;350000.0;0.0;1800005.2;467134.5;2088423.63;2555558.13;0.0;0.0;60000;69613.92;0.0;0.149;0.0;0.0;0.0;0;0;0;0;;;;;0.0;;0;;;;;;;;06.900.652/0001-69;;;;;;;;;;2150005.2;0.1714;0.0279
B2100206300000;G.I.B.I.S.;2021;PRODAV 01;_tv_excluir;339900.0;0.0;0.0;473206.74;0.0;473206.74;0.0;0.0;60000;69613.92;0.0;0.1471;0.0;0.0;0.0;0;0;0;0;;;;;3.115;adoro_critico|adoro_usuario;2;alta;;;;;;;09.059.127/0001-50;;;;;;;;;;339900.0;0.1765;0.1765
B2100269300000;HACKERS X CRACKERS;2021;PRODAV 01;_tv_excluir;1414728.65;0.0;0.0;2043435.48;0.0;2043435.48;0.0;0.0;60000;69613.92;0.0;0.0341;0.0;0.0;0.0;0;0;0;0;;;;;0.0;;0;;;;;;;;64.044.886/0001-58;;;;;;;;;;1414728.65;0.0424;0.0424
B2100326400000;INCERTEZAS CRÍTICAS - TERCEIRA TEMPORADA;2021;PRODAV 01;_tv_excluir;632731.0;0.0;0.0;844487.08;0.0;844487.08;0.0;0.0;60000;69613.92;0.0;0.0824;0.0;0.0;0.0;0;0;0;0;;;;;0.0;;0;;8.0;0.0;0.0;Digital Library of Theses and Dissertations  (Universidade de São Paulo) | Aniki Revista Portuguesa da Imagem em Movimento | LA Referencia (Red Federada de Repositorios Institucionales de Publicaciones Científicas);;;64.044.886/0001-58;;;;;;;;;;632731.0;0.0948;0.0948
B2100466100000;LIBERTÁRIOS;2021;PRODAV 01;_tv_excluir;1365000.0;0.0;0.0;1821824.55;0.0;1821824.55;0.0;0.0;80000;92818.56;0.0;0.0509;0.0;0.0;0.0;0;0;0;0;;;;;0.0;;0;;;;;;;;55.084.750/0001-80;;;;;;;;;;1365000.0;0.0586;0.0586
B2100427100000;LITERATURA, SUBSTANTIVO FEMININO;2021;PRODAV 01;_tv_excluir;344789.5;0.0;0.0;480013.87;0.0;480013.87;0.0;0.0;60000;69613.92;0.0;0.145;0.0;0.0;0.0;0;0;0;0;;;;;0.0;;0;;;;;;;;15.048.775/0001-04;;;;;;;;;;344789.5;0.174;0.174
B2100529600000;LOBO DO LOBO;2021;PRODAV 01;_tv_excluir;1059322.0;0.0;1711168.5;1474781.73;1985352.45;3460134.1799999997;0.0;0.0;60000;69613.92;0.0;0.0472;0.0;0.0;0.0;0;0;0;0;;;;;3.77;adoro_critico|adoro_usuario;2;alta;8.0;0.0;0.0;Digital Library of Theses and Dissertations  (Universidade de São Paulo) | Aniki Revista Portuguesa da Imagem em Movimento | LA Referencia (Red Federada de Repositorios Institucionales de Publicaciones Científicas);;;19.388.280/0001-85;;;;;;;;;;2770490.5;0.0566;0.0217
B2100261500000;LÁ E CÁ;2021;PRODAV 01;_tv_excluir;411515.0;0.0;0.0;549236.73;0.0;549236.73;0.0;0.0;60000;69613.92;0.0;0.1267;0.0;0.0;0.0;0;0;0;0;;;;;3.8;adoro_usuario;1;baixa;1.0;36.0;36.0;Journal of Food Science and Technology;;;00.360.459/0001-04;;;;;;;;;;411515.0;0.1458;0.1458
B2100322200000;MEU CLOSET É UM MUNDO;2021;PRODAV 01;_tv_excluir;1050000.0;0.0;0.0;1401403.5;0.0;1401403.5;0.0;0.0;80000;92818.56;0.0;0.0662;0.0;0.0;0.0;0;0;0;0;;;;;3.6;adoro_usuario;1;baixa;0.0;;;;;;03.958.889/0001-02;;;;;;;;;;1050000.0;0.0762;0.0762
B2100010500000;MODA SEM MEDIDA;2021;PRODAV 01;_tv_excluir;365911.0;0.0;0.0;509419.1;0.0;509419.1;0.0;0.0;60000;69613.92;0.0;0.1367;0.0;0.0;0.0;0;0;0;0;;;;;3.055;adoro_critico|adoro_usuario;2;media;;;;;;;15.048.775/0001-04;;;;;;;;;;365911.0;0.164;0.164
B2100131800000;MULHERES E HOMENS DA TERRA;2021;PRODAV 01;_tv_excluir;568041.0;0.0;66500.0;758147.28;77155.43;835302.71;0.0;0.0;140000;162432.48;0.0;0.2142;0.0;0.0;0.0;0;0;0;0;;;;;4.1;adoro_usuario;1;baixa;0.0;;;;;;04.610.548/0001-04;;;;;;;;;;634541.0;0.2465;0.2206
B2100072600000;NA BOCA DO POVO - 2ª TEMPORADA;2021;PRODAV 01;_tv_excluir;899030.0;0.0;0.0;1251624.17;0.0;1251624.17;0.0;0.0;60000;69613.92;0.0;0.0556;0.0;0.0;0.0;0;0;0;0;;;;;0.0;;0;;;;;;;;03.189.055/0001-80;;;;;;;;;;899030.0;0.0667;0.0667
B2100086500000;O NOME DO PAI;2021;PRODAV 01;_tv_excluir;399280.0;500000.0;2769917.5199999996;555875.22;3793862.94;4349738.16;0.0;0.0;60000;69613.92;0.0;0.1252;0.0;0.0;0.0;0;0;0;0;;;;;3.878;adoro_critico|adoro_usuario;2;alta;;;;;;;02.597.024/0001-03;;;;;;;;;;3669197.5199999996;0.1503;0.0164
B2100032600000;O SÍNDICO;2021;PRODAV 01;_tv_excluir;490000.0;0.0;0.0;653988.3;0.0;653988.3;0.0;0.0;0;0.0;0.0;0.0;0.0;0.0;0.0;0;0;0;0;;;;;0.0;;0;;1.0;0.0;0.0;AVANCA | CINEMA;;;28.099.914/0001-70;;;;;;;;;;490000.0;0.0;0.0
B2100488500000;OS SÚDITOS DO EIXO;2021;PRODAV 01;_tv_excluir;400000.0;0.0;0.0;594804.4;0.0;594804.4;0.0;0.0;0;0.0;0.0;0.0;0.0;0.0;0.0;0;0;0;0;;;;;0.0;;0;;;;;;;;37.155.280/0001-17;;;;;;;;;;400000.0;0.0;0.0
B2100109200000;OS UNDER-UNDERGROUNDS - 2º TEMPORADA;2021;PRODAV 01;_tv_excluir;2525000.0;0.0;0.0;3370041.75;0.0;3370041.75;0.0;0.0;140000;162432.48;0.0;0.0482;0.0;0.0;0.0;0;0;0;0;;;;;0.0;;0;;;;;;;;09.028.371/0001-56;;;;;;;;;;2525000.0;0.0554;0.0554
B2100308500000;PEQUENOS NARRADORES: COMUNIDADE;2021;PRODAV 01;_tv_excluir;1020000.0;0.0;0.0;1420037.88;0.0;1420037.88;0.0;0.0;80000;92818.56;0.0;0.0654;0.0;0.0;0.0;0;0;0;0;;;;;0.0;;0;;0.0;;;;;;03.250.728/0001-60;;;;;;;;;;1020000.0;0.0784;0.0784
B2100239100000;RINGUE;2021;PRODAV 01;_tv_excluir;925600.0;0.0;100000.0;1462951.53;116023.2;1578974.73;0.0;0.0;60000;69613.92;0.0;0.0476;0.0;0.0;0.0;0;0;0;0;;;;;0.0;;0;;0.0;;;;;;02.282.322/0001-04;;;;;;;;;;1025600.0;0.0648;0.0585
B2100406300000;ROTA DAS EMOÇÕES;2021;PRODAV 01;_tv_excluir;1240000.0;0.0;0.0;1726320.56;0.0;1726320.56;0.0;0.0;140000;162432.48;0.0;0.0941;0.0;0.0;0.0;0;0;0;0;;;;;0.0;;0;;2.0;0.0;0.0;Novos Rumos Sociológicos | LA Referencia (Red Federada de Repositorios Institucionales de Publicaciones Científicas);;;03.958.889/0001-02;;;;;;;;;;1240000.0;0.1129;0.1129
B2100207000000;SEMENTES DA EDUCAÇÃO - 2º TEMPORADA;2021;PRODAV 01;_tv_excluir;700316.0;0.0;287789.93;934690.76;333903.09;1268593.85;0.0;0.0;200000;232046.4;0.0;0.2483;0.0;0.0;0.0;0;0;0;0;;;;;3.732;adoro_critico|adoro_usuario;2;alta;0.0;;;;;;05.397.945/0001-02;;;;;;;;;;988105.9299999999;0.2856;0.2024
B2100007000000;UM DOMINGO DE 53 HORAS;2021;PRODAV 01;_tv_excluir;93032.34;300000.0;0.0;124167.47;348069.6;472237.06999999995;0.0;0.0;60000;69613.92;0.0;0.5606;0.0;0.0;0.0;0;0;0;0;;;;;4.1;adoro_usuario;1;baixa;2.0;0.0;0.0;Revista Coletivo Cine-Fórum | Revista 2i | Estudos de Identidade e Intermedialidade;;;03.138.801/0001-06;;;;;;;;;;393032.33999999997;0.6449;0.1527
B2100153600000;VENTOS QUE SOPRAM - PARÁ;2021;PRODAV 01;_tv_excluir;500000.0;0.0;0.0;696097.0;0.0;696097.0;0.0;0.0;60000;69613.92;0.0;0.1;0.0;0.0;0.0;0;0;0;0;;;;;0.0;;0;;;;;;;;55.084.750/0001-80;;;;;;;;;;500000.0;0.12;0.12
B2100262000000;VENTOS QUE SOPRAM MARANHÃO;2021;PRODAV 01;_tv_excluir;500000.0;0.0;0.0;696097.0;0.0;696097.0;0.0;0.0;60000;69613.92;0.0;0.1;0.0;0.0;0.0;0;0;0;0;;;;;0.0;;0;;1.0;0.0;0.0;;;;55.084.750/0001-80;;;;;;;;;;500000.0;0.12;0.12
B2200066100000;/LOST+FOUND;2022;PRODAV 01;_tv_excluir;786500.0;0.0;0.0;1094960.58;0.0;1094960.58;0.0;0.0;60000;65803.86;0.0;0.0601;0.0;0.0;0.0;0;0;0;0;;;;;0.0;;0;;0.0;;;;;;13.571.915/0001-07;;;;;;;;;;786500.0;0.0763;0.0763
B2200404500000;A ÚLTIMA VANGUARDA;2022;PRODAV 01;_tv_excluir;550000.0;0.0;0.0;765706.7;0.0;765706.7;0.0;0.0;60000;65803.86;0.0;0.0859;0.0;0.0;0.0;0;0;0;0;;;;;4.013;adoro_critico|adoro_usuario;2;media;;;;;;;03.958.889/0001-02;;;;;;;;;;550000.0;0.1091;0.1091
B2200251700000;ARISTIDES MALTEZ, O MÉDICO DOS POBRES;2022;PRODAV 01;_tv_excluir;400000.0;0.0;0.0;533868.0;0.0;533868.0;0.0;0.0;80000;87738.48;0.0;0.1643;0.0;0.0;0.0;0;0;0;0;;;;;0.0;;0;;0.0;;;;;;14.487.133/0001-49;;;;;;;;;;400000.0;0.2;0.2
B2300018300000;CHUVA NEGRA;2022;PRODAV 01;_tv_excluir;2944648.11;0.0;0.0;3930133.49;0.0;3930133.49;0.0;0.0;60000;65803.86;0.0;0.0167;0.0;0.0;0.0;0;0;0;0;;;;;0.0;;0;;;;;;;;13.353.285/0001-96;;;;;;;;;;2944648.11;0.0204;0.0204
B2200239600000;CINE COACHING;2022;PRODAV 01;_tv_excluir;532800.0;0.0;0.0;711112.18;0.0;711112.18;0.0;0.0;0;0.0;0.0;0.0;0.0;0.0;0.0;0;0;0;0;;;;;0.0;;0;;;;;;;;12.187.070/0001-80;;;;;;;;;;532800.0;0.0;0.0
B2200349100000;CINE TERROR;2022;PRODAV 01;_tv_excluir;1302214.57;0.0;0.0;1738026.72;0.0;1738026.72;0.0;0.0;60000;65803.86;0.0;0.0379;0.0;0.0;0.0;0;0;0;0;;;;;0.0;;0;;;;;;;;64.044.886/0001-58;;;;;;;;;;1302214.57;0.0461;0.0461
B2200462400000;CINEMA DE ENREDO;2022;PRODAV 01;_tv_excluir;2000000.0;0.0;0.0;2784388.0;0.0;2784388.0;0.0;0.0;60000;65803.86;0.0;0.0236;0.0;0.0;0.0;0;0;0;0;;;;;3.868;adoro_critico|adoro_usuario;2;media;;;;;;;08.408.195/0001-15;;;;;;;;;;2000000.0;0.03;0.03
B2300004200000;CONEXÃO BRASIL SENEGAL: A CULTURA EM NÓS;2022;PRODAV 01;_tv_excluir;598200.0;0.0;403730.5;832810.45;442783.75;1275594.2;0.0;0.0;60000;65803.86;0.0;0.079;0.0;0.0;0.0;0;0;0;0;;;;;3.6;adoro_usuario;1;baixa;0.0;;;;;;09.010.913/0001-63;;;;;;;;;;1001930.5;0.1003;0.0599
B2200226700000;CRIATIVOS EM FOCO;2022;PRODAV 01;_tv_excluir;1365000.0;0.0;0.0;1900344.81;0.0;1900344.81;0.0;0.0;60000;65803.86;0.0;0.0346;0.0;0.0;0.0;0;0;0;0;;;;;0.0;;0;;;;;;;;64.044.886/0001-58;;;;;;;;;;1365000.0;0.044;0.044
B2200127600000;DO SOM À ARTE;2022;PRODAV 01;_tv_excluir;476454.0;0.0;0.0;635908.86;0.0;635908.86;0.0;0.0;60000;65803.86;0.0;0.1035;0.0;0.0;0.0;0;0;0;0;;;;;3.77;adoro_critico;1;media;;;;;;;08.856.362/0001-90;;;;;;;;;;476454.0;0.1259;0.1259
B2200413500000;ESQUADRÃO JAMBOCK;2022;PRODAV 01;_tv_excluir;800000.0;0.0;0.0;1067736.0;0.0;1067736.0;0.0;0.0;80000;87738.48;0.0;0.0822;0.0;0.0;0.0;0;0;0;0;;;;;0.0;;0;;;;;;;;07.752.214/0001-63;;;;;;;;;;800000.0;0.1;0.1
B2200290900000;GORDURINHA - O BOM BAIANO;2022;PRODAV 01;_tv_excluir;400000.0;0.0;0.0;533868.0;0.0;533868.0;0.0;0.0;80000;87738.48;0.0;0.1643;0.0;0.0;0.0;0;0;0;0;;;;;3.788;adoro_critico|adoro_usuario;2;media;0.0;;;;;;23.315.965/0001-79;;;;;;;;;;400000.0;0.2;0.2
B2200287800000;GUARDIÃS DA FLORESTA - SEGUNDA TEMPORADA;2022;PRODAV 01;_tv_excluir;776727.0;0.0;0.0;851860.58;0.0;851860.58;0.0;0.0;60000;65803.86;0.0;0.0772;0.0;0.0;0.0;0;0;0;0;;;;;3.2;adoro_usuario;1;baixa;4.0;3.0;3.0;RIHC Revista Internacional de Historia de la Comunicación | LA Referencia (Red Federada de Repositorios Institucionales de Publicaciones Científicas) | Logos;;;02.229.175/0001-09;;;;;;;;;;776727.0;0.0772;0.0772
B2200289800000;MARESIAS;2022;PRODAV 01;_tv_excluir;924000.0;0.0;0.0;1233235.08;0.0;1233235.08;0.0;0.0;0;0.0;0.0;0.0;0.0;0.0;0.0;0;0;0;0;;;;;0.0;;0;;0.0;;;;;;05.959.925/0001-88;;;;;;;;;;924000.0;0.0;0.0
B2200070400000;MENINAS DO BENFICA;2022;PRODAV 01;_tv_excluir;2000000.0;0.0;0.0;2669340.0;0.0;2669340.0;0.0;0.0;60000;65803.86;0.0;0.0247;0.0;0.0;0.0;0;0;0;0;;;;;0.0;;0;;;;;;;;04.399.431/0001-23;;;;;;;;;;2000000.0;0.03;0.03
B2300017500000;NA FRONTEIRA DA IMAGEM;2022;PRODAV 01;_tv_excluir;660000.0;0.0;252001.55;880882.2;276377.91;1157260.1099999999;0.0;0.0;60000;65803.86;0.0;0.0747;0.0;0.0;0.0;0;0;0;0;;;;;3.97;adoro_critico|adoro_usuario;2;alta;;;;;;;05.617.531/0001-41;;;;;;;;;;912001.55;0.0909;0.0658
B2200459700000;NADA SOBRE MEU PAI;2022;PRODAV 01;_tv_excluir;400000.0;0.0;0.0;556877.6;0.0;556877.6;0.0;0.0;60000;65803.86;0.0;0.1182;0.0;0.0;0.0;0;0;0;0;;;;;4.4;adoro_usuario;1;baixa;;;;;;;06.992.833/0001-62;;;;;;;;;;400000.0;0.15;0.15
B2200315100000;NO PAÍS DA POESIA POPULAR;2022;PRODAV 01;_tv_excluir;750000.0;0.0;0.0;1001002.5;0.0;1001002.5;0.0;0.0;140000;153542.34;0.0;0.1534;0.0;0.0;0.0;0;0;0;0;;;;;0.0;;0;;;;;;;;16.487.027/0001-90;;;;;;;;;;750000.0;0.1867;0.1867
B2200352000000;NÃO MATOU EL MATADOR;2022;PRODAV 01;_tv_excluir;388980.0;0.0;0.0;541535.62;0.0;541535.62;0.0;0.0;60000;65803.86;0.0;0.1215;0.0;0.0;0.0;0;0;0;0;;;;;0.0;;0;;;;;;;;00.353.368/0001-33;;;;;;;;;;388980.0;0.1542;0.1542
B2200496800000;O FUTURO DA ENERGIA;2022;PRODAV 01;_tv_excluir;1036000.0;0.0;0.0;1442312.98;0.0;1442312.98;0.0;0.0;60000;65803.86;0.0;0.0456;0.0;0.0;0.0;0;0;0;0;;;;;3.87;adoro_critico;1;media;0.0;;;;;;08.346.159/0001-74;;;;;;;;;;1036000.0;0.0579;0.0579
B2200224300000;O PARQUE DE ADELIN;2022;PRODAV 01;_tv_excluir;1300000.0;0.0;0.0;1809852.2;0.0;1809852.2;0.0;0.0;140000;153542.34;0.0;0.0848;0.0;0.0;0.0;0;0;0;0;;;;;0.0;;0;;;;;;;;08.394.172/0001-07;;;;;;;;;;1300000.0;0.1077;0.1077
B2200367100000;OS ARREPENDIDOS;2022;PRODAV 01;_tv_excluir;400000.0;0.0;0.0;577760.4;0.0;577760.4;0.0;0.0;60000;65803.86;0.0;0.1139;0.0;0.0;0.0;0;0;0;0;;;;;0.0;;0;;0.0;;;;;;04.728.553/0001-16;;;;;;;;;;400000.0;0.15;0.15
B2200366600000;PANORAMA;2022;PRODAV 01;_tv_excluir;379060.0;0.0;0.0;527725.06;0.0;527725.06;0.0;0.0;60000;65803.86;0.0;0.1247;0.0;0.0;0.0;0;0;0;0;;;;;0.0;;0;;2.0;0.0;0.0;ARS (São Paulo) | LA Referencia (Red Federada de Repositorios Institucionales de Publicaciones Científicas);;;04.650.621/0001-71;;;;;;;;;;379060.0;0.1583;0.1583
B2200454700000;PLURAL, A SÉRIE;2022;PRODAV 01;_tv_excluir;665242.6;0.0;0.0;887879.34;0.0;887879.34;0.0;0.0;60000;65803.86;0.0;0.0741;0.0;0.0;0.0;0;0;0;0;;;;;3.008;adoro_critico|adoro_usuario;2;media;;;;;;;05.207.463/0001-42;;;;;;;;;;665242.6;0.0902;0.0902
B2200462200000;PROFISSÃO: MÃE;2022;PRODAV 01;_tv_excluir;840000.0;0.0;3980000.0;1121122.8;4364989.38;5486112.18;0.0;0.0;80000;87738.48;0.0;0.0783;0.0;0.0;0.0;0;0;0;0;;;;;3.5;adoro_usuario;1;baixa;;;;;;;02.188.743/0001-62;;;;;;;;;;4820000.0;0.0952;0.0166
B2200296300000;REPÚBLICA DOS JUÍZES;2022;PRODAV 01;_tv_excluir;693599.0;0.0;0.0;925725.78;0.0;925725.78;0.0;0.0;60000;65803.86;0.0;0.0711;0.0;0.0;0.0;0;0;0;0;;;;;0.0;;0;;0.0;;;;;;00.205.194/0001-61;;;;;;;;;;693599.0;0.0865;0.0865
B2200312000000;RUBENS GERCHMAN - ATEMPORAL;2022;PRODAV 01;_tv_excluir;416030.0;0.0;0.0;579194.47;0.0;579194.47;0.0;0.0;60000;65803.86;0.0;0.1136;0.0;0.0;0.0;0;0;0;0;;;;;0.0;;0;;0.0;;;;;;27.527.464/0001-07;;;;;;;;;;416030.0;0.1442;0.1442
B2200154700000;SE EU CONTAR, VOCÊ ESCUTA ?;2022;PRODAV 01;_tv_excluir;500000.0;0.0;587000.0;667335.0;643781.1;1311116.1;10294.9;10715.32;0;0.0;10715.32;0.0161;0.0082;0.0;0.0;0;0;0;0;;;;;3.895;adoro_critico|adoro_usuario;2;media;;;;;;;07.110.153/0001-30;;;;;;;;;;1087000.0;0.0206;0.0095
B2200253100000;SMETAK - DO SILÊNCIO AO CAOS;2022;PRODAV 01;_tv_excluir;400000.0;1468536.6;0.0;533868.0;1610589.61;2144457.6100000003;0.0;0.0;80000;87738.48;0.0;0.1643;0.0;0.0;0.0;0;0;0;0;;;;;4.1;adoro_usuario;1;baixa;0.0;;;;;;14.487.133/0001-49;;;;;;;;;;1868536.6;0.2;0.0428
B2300001300000;TODO MUNDO É FILHO DE SANTO;2022;PRODAV 01;_tv_excluir;1266616.0;0.0;0.0;1690514.38;0.0;1690514.38;0.0;0.0;120000;131607.72;0.0;0.0779;0.0;0.0;0.0;0;0;0;0;;;;;3.683;adoro_critico|adoro_usuario;2;media;0.0;;;;;;04.661.796/0001-84;;;;;;;;;;1266616.0;0.0947;0.0947
B2200252300000;UM BAIANO CHAMADO HANSEN;2022;PRODAV 01;_tv_excluir;400000.0;0.0;0.0;533868.0;0.0;533868.0;0.0;0.0;80000;87738.48;0.0;0.1643;0.0;0.0;0.0;0;0;0;0;;;;;0.0;;0;;0.0;;;;;;14.487.133/0001-49;;;;;;;;;;400000.0;0.2;0.2
B2300026200000;13 CANÇÕES PARA FALAR DO SERTANEJO;2023;PRODAV 01;_tv_excluir;950000.0;0.0;0.0;1267936.5;0.0;1267936.5;0.0;0.0;0;0.0;0.0;0.0;0.0;0.0;0.0;0;0;0;0;;;;;0.0;;0;;0.0;;;;;;08.296.780/0001-70;;;;;;;;;;950000.0;0.0;0.0
B2300365000000;A GUERRA DA LAGOSTA;2023;PRODAV 01;_tv_excluir;300000.0;0.0;0.0;433320.3;0.0;433320.3;0.0;0.0;60000;62898.0;0.0;0.1452;0.0;0.0;0.0;0;0;0;0;;;;;4.143;adoro_critico|adoro_usuario;2;media;11.0;0.0;0.0;LA Referencia (Red Federada de Repositorios Institucionales de Publicaciones Científicas) | UNIFESP Institutional Repository (Universidade Federal de São Paulo) | Estudos da língua(gem);;;09.260.004/0001-83;;;;;;;;;;300000.0;0.2;0.2
B2300136700000;ARTE URBANA;2023;PRODAV 01;_tv_excluir;650000.0;0.0;0.0;904926.1;0.0;904926.1;0.0;0.0;0;0.0;0.0;0.0;0.0;0.0;0.0;0;0;0;0;;;;;0.0;;0;;;;;;;;27.651.181/0001-72;;;;;;;;;;650000.0;0.0;0.0
B2300272300000;AZUL CELESTE;2023;PRODAV 01;_tv_excluir;2560000.0;0.0;0.0;3564016.64;0.0;3564016.64;0.0;0.0;0;0.0;0.0;0.0;0.0;0.0;0.0;0;0;0;0;;;;;0.0;;0;;0.0;;;;;;22.971.615/0001-06;;;;;;;;;;2560000.0;0.0;0.0
B2300065000000;FLORESTA, ONDE A TERRA RESPIRA;2023;PRODAV 01;_tv_excluir;1002277.32;0.0;0.0;1395364.47;0.0;1395364.47;0.0;0.0;60000;62898.0;0.0;0.0451;0.0;0.0;0.0;0;0;0;0;;;;;3.538;adoro_critico;1;alta;;;;;;;01.282.220/0001-18;;;;;;;;;;1002277.32;0.0599;0.0599
B2300200900000;GALERA DA PRAIA;2023;PRODAV 01;_tv_excluir;1345000.0;0.0;0.0;1795131.15;0.0;1795131.15;0.0;0.0;60000;62898.0;0.0;0.035;0.0;0.0;0.0;0;0;0;0;;;;;0.0;;0;;0.0;;;;;;03.250.728/0001-60;;;;;;;;;;1345000.0;0.0446;0.0446
B2300464300000;HISTÓRIAS DA GENTE BRASILEIRA;2023;PRODAV 01;_tv_excluir;1796462.69;0.0;0.0;2397684.86;0.0;2397684.86;0.0;0.0;60000;62898.0;0.0;0.0262;0.0;0.0;0.0;0;0;0;0;;;;;0.0;;0;;0.0;;;;;;04.661.796/0001-84;;;;;;;;;;1796462.69;0.0334;0.0334
B2300333700000;JENIPAPO - A FRONTEIRA DA INDEPENDÊNCIA;2023;PRODAV 01;_tv_excluir;1999999.0;0.0;745979.2;2784386.61;782010.0;3566396.61;0.0;0.0;0;0.0;0.0;0.0;0.0;0.0;0.0;0;0;0;0;;;;;3.97;adoro_critico|adoro_usuario;2;alta;0.0;;;;;;06.842.017/0001-72;;;;;;;;;;2745978.2;0.0;0.0
B2300174000000;JUNINAS;2023;PRODAV 01;_tv_excluir;1547750.33;0.0;0.0;1976402.88;0.0;1976402.88;0.0;0.0;140000;146762.0;0.0;0.0743;0.0;0.0;0.0;0;0;0;0;;;;;0.0;;0;;0.0;;;;;;22.427.423/0001-25;;;;;;;;;;1547750.33;0.0905;0.0905
B2300036300000;LINHAS NEGRAS;2023;PRODAV 01;_tv_excluir;750000.0;0.0;0.0;1001002.5;0.0;1001002.5;0.0;0.0;60000;62898.0;0.0;0.0628;0.0;0.0;0.0;0;0;0;0;;;;;0.0;;0;;;;;;;;06.992.833/0001-62;;;;;;;;;;750000.0;0.08;0.08
B2300065200000;MEMÓRIA DA MÍDIA;2023;PRODAV 01;_tv_excluir;700000.0;0.0;0.0;934269.0;0.0;934269.0;0.0;0.0;60000;62898.0;0.0;0.0673;0.0;0.0;0.0;0;0;0;0;;;;;3.77;adoro_critico|adoro_usuario;2;media;0.0;;;;;;31.390.347/0001-11;;;;;;;;;;700000.0;0.0857;0.0857
B2300448200000;NO ANO QUE  VEM;2023;PRODAV 01;_tv_excluir;3796849.26;0.0;0.0;4405226.01;0.0;4405226.01;0.0;0.0;60000;62898.0;0.0;0.0143;0.0;0.0;0.0;0;0;0;0;;;;;4.3;adoro_usuario;1;baixa;;;;;;;10.358.078/0001-36;;;;;;;;;;3796849.26;0.0158;0.0158
B2300404700000;NÃO É A PRIMEIRA VEZ QUE LUTAMOS PELO NOSSO AMOR;2023;PRODAV 01;_tv_excluir;490081.0;0.0;940000.0;682287.83;985402.0;1667689.83;0.0;0.0;60000;62898.0;0.0;0.0922;0.0;0.0;0.0;0;0;0;0;;;;;4.3;adoro_usuario;1;baixa;;;;;;;22.865.259/0001-38;;;;;;;;;;1430081.0;0.1224;0.042
B2300575200000;ON BOARD;2023;PRODAV 01;_tv_excluir;1407601.8;0.0;0.0;1797439.93;0.0;1797439.93;0.0;0.0;60000;62898.0;0.0;0.035;0.0;0.0;0.0;0;0;0;0;;;;;0.0;;0;;;;;;;;14.372.650/0001-72;;;;;;;;;;1407601.8;0.0426;0.0426
B2300146200000;OS HERDEIROS DE VARGAS;2023;PRODAV 01;_tv_excluir;602467.5;0.0;0.0;838751.64;0.0;838751.64;0.0;0.0;60000;62898.0;0.0;0.075;0.0;0.0;0.0;0;0;0;0;;;;;0.0;;0;;0.0;;;;;;05.913.319/0001-21;;;;;;;;;;602467.5;0.0996;0.0996
B2300565200000;PEDRO E A PEDRA SECRETA;2023;PRODAV 01;_tv_excluir;1630050.0;0.0;0.0;2269345.83;0.0;2269345.83;0.0;0.0;80000;83864.0;0.0;0.037;0.0;0.0;0.0;0;0;0;0;;;;;4.175;adoro_critico|adoro_usuario;2;media;0.0;;;;;;09.583.743/0001-06;;;;;;;;;;1630050.0;0.0491;0.0491
B2300489900000;RIOS;2023;PRODAV 01;_tv_excluir;1260000.0;0.0;732340.0;1819945.26;767712.02;2587657.2800000003;0.0;0.0;80000;83864.0;0.0;0.0461;0.0;0.0;0.0;0;0;0;0;;;;;3.938;adoro_critico|adoro_usuario;2;alta;1.0;0.0;0.0;Temática;;;25.238.748/0001-58;;;;;;;;;;1992340.0;0.0635;0.0402
B2300573000000;SAIDEIRA;2023;PRODAV 01;_tv_excluir;695194.5;0.0;1000000.0;1098785.5;1048300.0;2147085.5;183929.76;183929.76;140000;146762.0;183929.76;0.301;0.0857;0.0;0.0;0;0;0;0;;;;;3.87;adoro_critico;1;alta;;;;;;;02.140.164/0001-40;;;;;;;;;;1695194.5;0.466;0.1911
B2300194200000;SALA DOS PROFESSORES;2023;PRODAV 01;_tv_excluir;1357485.0;0.0;0.0;1889882.47;0.0;1889882.47;0.0;0.0;60000;62898.0;0.0;0.0333;0.0;0.0;0.0;0;0;0;0;;;;;3.885;adoro_critico|adoro_usuario;2;alta;0.0;;;;;;10.476.872/0001-84;;;;;;;;;;1357485.0;0.0442;0.0442
B2300095400000;SEIS PROPOSTAS PARA UM MUNDO POSSÍVEL;2023;PRODAV 01;_tv_excluir;420000.0;0.0;0.0;584721.48;0.0;584721.48;0.0;0.0;0;0.0;0.0;0.0;0.0;0.0;0.0;0;0;0;0;;;;;4.118;adoro_critico|adoro_usuario;2;media;;;;;;;13.571.915/0001-07;;;;;;;;;;420000.0;0.0;0.0
B2300045800000;SHOPTUDO;2023;PRODAV 01;_tv_excluir;1810000.0;0.0;0.0;2415752.7;0.0;2415752.7;0.0;0.0;0;0.0;0.0;0.0;0.0;0.0;0.0;0;0;0;0;;;;;0.0;;0;;0.0;;;;;;08.296.780/0001-70;;;;;;;;;;1810000.0;0.0;0.0
B2300136300000;SIMPLES PRAZERES;2023;PRODAV 01;_tv_excluir;479066.0;0.0;0.0;712376.41;0.0;712376.41;0.0;0.0;80000;83864.0;0.0;0.1177;0.0;0.0;0.0;0;0;0;0;;;;;0.0;;0;;;;;;;;07.614.651/0001-10;;;;;;;;;;479066.0;0.167;0.167
B2300051800000;SOMBRAS SOBRE O CONTINENTE;2023;PRODAV 01;_tv_excluir;419930.0;0.0;0.0;584624.03;0.0;584624.03;0.0;0.0;80000;83864.0;0.0;0.1434;0.0;0.0;0.0;0;0;0;0;;;;;3.414;adoro_critico;1;alta;;;;;;;12.106.692/0001-36;;;;;;;;;;419930.0;0.1905;0.1905
B2300534900000;SUÍTE MAGNÓLIA;2023;PRODAV 01;_tv_excluir;2400000.0;0.0;0.0;3203208.0;0.0;3203208.0;0.0;0.0;60000;62898.0;0.0;0.0196;0.0;0.0;0.0;0;0;0;0;;;;;4.143;adoro_critico|adoro_usuario;2;alta;;;;;;;09.558.964/0001-24;;;;;;;;;;2400000.0;0.025;0.025
B2300352500000;TEU ARMÁRIO É SHOW;2023;PRODAV 01;_tv_excluir;600000.0;0.0;0.0;835316.4;0.0;835316.4;0.0;0.0;60000;62898.0;0.0;0.0753;0.0;0.0;0.0;0;0;0;0;;;;;0.0;;0;;;;;;;;03.081.598/0001-89;;;;;;;;;;600000.0;0.1;0.1
B2400089900000;TRINDADE NORDESTINA;2023;PRODAV 01;_tv_excluir;1700000.0;0.0;0.0;2268939.0;0.0;2268939.0;0.0;0.0;140000;146762.0;0.0;0.0647;0.0;0.0;0.0;0;0;0;0;;;;;0.0;;0;;;;;;;;15.128.758/0001-87;;;;;;;;;;1700000.0;0.0824;0.0824
B2300223600000;UAKTI;2023;PRODAV 01;_tv_excluir;600000.0;0.0;0.0;835316.4;0.0;835316.4;0.0;0.0;60000;62898.0;0.0;0.0753;0.0;0.0;0.0;0;0;0;0;;;;;0.0;;0;;7.0;0.0;0.0;Significação Revista de Cultura Audiovisual | Diálogo com a Economia Criativa | Ícone;;;09.207.344/0001-40;;;;;;;;;;600000.0;0.1;0.1
B2300023600000;WAR LOVE - AMORES DE GUERRA;2023;PRODAV 01;_tv_excluir;1400000.0;0.0;503516.0;1868538.0;527835.82;2396373.82;0.0;0.0;80000;83864.0;0.0;0.0449;0.0;0.0;0.0;0;0;0;0;;;;;3.3;adoro_usuario;1;baixa;1.0;0.0;0.0;Temática;;;00.830.735/0001-42;;;;;;;;;;1903516.0;0.0571;0.042
B2300214200000;ZÉLIA. MEMÓRIAS E SAUDADES.;2023;PRODAV 01;_tv_excluir;600000.0;0.0;0.0;800802.0;0.0;800802.0;0.0;0.0;60000;62898.0;0.0;0.0785;0.0;0.0;0.0;0;0;0;0;;;;;0.0;;0;;0.0;;;;;;18.800.502/0001-62;;;;;;;;;;600000.0;0.1;0.1
B2300445300000;À MESA;2023;PRODAV 01;_tv_excluir;1118260.0;0.0;0.0;1492508.07;0.0;1492508.07;0.0;0.0;0;0.0;0.0;0.0;0.0;0.0;0.0;0;0;0;0;;;;;0.0;;0;;;;;;;;58.496.571/0001-49;;;;;;;;;;1118260.0;0.0;0.0
B1800396800000;ARQUITETOS;2015;PRODAV 02 - PROJETO DERIVADO;_tv_excluir;1041853.0;0.0;0.0;1646694.51;0.0;1646694.51;0.0;0.0;60000;94832.64;0.0;0.0576;0.0;0.0;0.0;0;0;0;0;;;;;0.0;;0;;;;;;;;64.044.886/0001-58;;;;;;;;;;1041853.0;0.0576;0.0576
B1600730300000;AS CANÇÕES DA MINHA VIDA;2015;PRODAV 02 - PROJETO DERIVADO;_tv_excluir;700000.0;0.0;0.0;1106380.8;0.0;1106380.8;0.0;0.0;60000;94832.64;0.0;0.0857;0.0;0.0;0.0;0;0;0;0;;;;;3.2;adoro_usuario;1;baixa;0.0;;;;;;72.062.029/0001-09;;;;;;;;;;700000.0;0.0857;0.0857
B2000328300000;RODRIGO SANTOS TREM BALA;2015;PRODAV 02 - PROJETO DERIVADO;_tv_excluir;70000.0;0.0;0.0;101108.07;0.0;101108.07;0.0;0.0;60000;94832.64;0.0;0.9379;0.0;0.0;0.0;0;0;0;0;;;;;4.0;adoro_usuario;1;baixa;;;;;;;08.724.947/0001-57;;;;;;;;;;70000.0;0.8571;0.8571
B1900057400000;TAXITRAMAS;2015;PRODAV 02 - PROJETO DERIVADO;_tv_excluir;599570.0;0.0;0.0;891567.19;0.0;891567.19;0.0;0.0;60000;94832.64;0.0;0.1064;0.0;0.0;0.0;0;0;0;0;;;;;0.0;;0;;;;;;;;01.541.247/0001-88;;;;;;;;;;599570.0;0.1001;0.1001
B1700221100000;DESIGNERS DO BRASIL;2016;PRODAV 02 - PROJETO DERIVADO;_tv_excluir;859210.0;0.0;0.0;1358019.21;0.0;1358019.21;0.0;0.0;60000;89220.66;0.0;0.0657;0.0;0.0;0.0;0;0;0;0;;;;;4.343;adoro_critico|adoro_usuario;2;media;;;;;;;23.723.437/0001-59;;;;;;;;;;859210.0;0.0698;0.0698
B1600702800000;GRANDES CENAS;2016;PRODAV 02 - PROJETO DERIVADO;_tv_excluir;687170.0;0.0;0.0;1086102.42;0.0;1086102.42;0.0;0.0;60000;89220.66;0.0;0.0821;0.0;0.0;0.0;0;0;0;0;;;;;0.0;;0;;3.0;2.0;1.0;Film History | OAPEN (The OAPEN Foundation) | Nursing times;;;94.625.829/0001-23;;;;;;;;;;687170.0;0.0873;0.0873
B1600420100000;IMPRESSÕES DO MUNDO;2016;PRODAV 02 - PROJETO DERIVADO;_tv_excluir;1400000.0;0.0;0.0;2212761.6;0.0;2212761.6;0.0;0.0;60000;89220.66;0.0;0.0403;0.0;0.0;0.0;0;0;0;0;;;;;3.195;adoro_critico|adoro_usuario;2;media;;;;;;;03.093.490/0001-06;;;;;;;;;;1400000.0;0.0429;0.0429
B1700139700000;MISH MASH - A PRESENÇA JUDAICA NO BRASIL;2016;PRODAV 02 - PROJETO DERIVADO;_tv_excluir;700000.0;0.0;0.0;1106380.8;0.0;1106380.8;0.0;0.0;60000;89220.66;0.0;0.0806;0.0;0.0;0.0;0;0;0;0;;;;;3.543;adoro_critico|adoro_usuario;2;alta;;;;;;;19.388.280/0001-85;;;;;;;;;;700000.0;0.0857;0.0857
B1700225000000;NÓS, OS FASHIONISTAS;2016;PRODAV 02 - PROJETO DERIVADO;_tv_excluir;250000.0;0.0;0.0;371752.75;0.0;371752.75;0.0;0.0;60000;89220.66;0.0;0.24;0.0;0.0;0.0;0;0;0;0;;;;;3.6;adoro_usuario;1;baixa;;;;;;;06.992.833/0001-62;;;;;;;;;;250000.0;0.24;0.24
B1800007000000;ATÉ O PRIMEIRO DISCO;2017;PRODAV 02 - PROJETO DERIVADO;_tv_excluir;683421.0;0.0;0.0;1080176.96;0.0;1080176.96;0.0;0.0;60000;86664.06;0.0;0.0802;0.0;0.0;0.0;0;0;0;0;;;;;4.273;adoro_critico|adoro_usuario;2;media;2.0;0.0;0.0;ARS (São Paulo) | LA Referencia (Red Federada de Repositorios Institucionales de Publicaciones Científicas);Rotterdam;Q6763884;04.650.621/0001-71;;;;;;;;;;683421.0;0.0878;0.0878
B1700122800000;BOTO FÉ;2017;PRODAV 02 - PROJETO DERIVADO;_tv_excluir;700000.0;0.0;558412.0;1106380.8;806570.85;1912951.65;0.0;0.0;200000;288880.2;0.0;0.2611;0.0;0.0;0.0;0;0;0;0;;;;;0.0;;0;;0.0;;;;;;04.661.796/0001-84;;;;;;;;;;1258412.0;0.2857;0.1589
B1700558300000;CINEMA DIVERSIDADE;2017;PRODAV 02 - PROJETO DERIVADO;_tv_excluir;225000.0;0.0;0.0;334577.48;0.0;334577.48;0.0;0.0;60000;86664.06;0.0;0.259;0.0;0.0;0.0;0;0;0;0;;;;;0.0;;0;;;;;;;;09.005.783/0001-70;;;;;;;;;;225000.0;0.2667;0.2667
B1800393400000;DE SHOW A SHOW COM YAMANDU COSTA;2017;PRODAV 02 - PROJETO DERIVADO;_tv_excluir;96120.0;0.0;0.0;142931.5;0.0;142931.5;0.0;0.0;60000;86664.06;0.0;0.6063;0.0;0.0;0.0;0;0;0;0;;;;;4.105;adoro_critico|adoro_usuario;2;media;;;;;;;10.613.589/0001-57;;;;;;;;;;96120.0;0.6242;0.6242
B1800490800000;DESCOBRINDO TRILHAS;2017;PRODAV 02 - PROJETO DERIVADO;_tv_excluir;175308.0;0.0;0.0;260684.92;0.0;260684.92;0.0;0.0;60000;86664.06;0.0;0.3324;0.0;0.0;0.0;0;0;0;0;;;;;0.0;;0;;0.0;;;;;;18.920.745/0001-34;;;;;;;;;;175308.0;0.3423;0.3423
B1800608400000;ENTRADA FRANCA - FAUSE HATEN;2017;PRODAV 02 - PROJETO DERIVADO;_tv_excluir;177510.0;0.0;0.0;256395.62;0.0;256395.62;0.0;0.0;60000;86664.06;0.0;0.338;0.0;0.0;0.0;0;0;0;0;;;;;0.0;;0;;;;;;;;10.445.307/0001-50;;;;;;;;;;177510.0;0.338;0.338
B1700065900000;ESTADOS DA ARTE;2017;PRODAV 02 - PROJETO DERIVADO;_tv_excluir;720000.0;0.0;0.0;1137991.68;0.0;1137991.68;0.0;0.0;60000;86664.06;0.0;0.0762;0.0;0.0;0.0;0;0;0;0;;;;;3.9;adoro_usuario;1;baixa;2.0;0.0;0.0;SHILAP Revista de lepidopterología;;;01.835.704/0001-47;;;;;;;;;;720000.0;0.0833;0.0833
B1800477500000;FORMIGAS;2017;PRODAV 02 - PROJETO DERIVADO;_tv_excluir;671998.39;2300000.0;0.0;999269.0;3322122.3;4321391.3;0.0;0.0;0;0.0;0.0;0.0;0.0;0.0;0.0;0;0;0;0;;;;;0.0;;0;;;;;;;;01.106.959/0001-79;;;;;;;;;;2971998.39;0.0;0.0
B1700581800000;GUERREIROS DA SELVA;2017;PRODAV 02 - PROJETO DERIVADO;_tv_excluir;296850.0;0.0;0.0;428770.44;0.0;428770.44;0.0;0.0;60000;86664.06;0.0;0.2021;0.0;0.0;0.0;0;0;0;0;;;;;0.0;;0;;0.0;;;;;;11.280.934/0001-40;;;;;;;;;;296850.0;0.2021;0.2021
B1700375800000;IMORTAIS DA ACADEMIA;2017;PRODAV 02 - PROJETO DERIVADO;_tv_excluir;2181025.0;0.0;0.0;3447205.98;0.0;3447205.98;0.0;0.0;200000;288880.2;0.0;0.0838;0.0;0.0;0.0;0;0;0;0;;;;;3.6;adoro_usuario;1;baixa;;;;;;;04.661.796/0001-84;;;;;;;;;;2181025.0;0.0917;0.0917
B1700473300000;NATUREZA MORTA;2017;PRODAV 02 - PROJETO DERIVADO;_tv_excluir;1500000.0;0.0;1437290.82;2370816.0;2076024.3;4446840.3;3922.0;3976.0;60000;86664.06;3976.0;0.0382;0.0009;0.0;0.0;0;0;0;0;;;;;0.0;;0;;;;;;;;02.395.043/0001-49;;;;;;;;;;2937290.8200000003;0.0426;0.0218
B1700264800000;OFÍCIO DA PALAVRA;2017;PRODAV 02 - PROJETO DERIVADO;_tv_excluir;263700.0;0.0;0.0;380888.54;0.0;380888.54;0.0;0.0;60000;86664.06;0.0;0.2275;0.0;0.0;0.0;0;0;0;0;;;;;0.0;;0;;;;;;;;04.547.429/0001-54;;;;;;;;;;263700.0;0.2275;0.2275
B1700612200000;OS SAMBAS;2017;PRODAV 02 - PROJETO DERIVADO;_tv_excluir;300000.0;1736788.95;0.0;446103.3;2508619.7;2954723.0;0.0;0.0;60000;86664.06;0.0;0.1943;0.0;0.0;0.0;0;0;0;0;;;;;0.0;;0;;;;;;;;00.086.803/0001-00;;;;;;;;;;2036788.95;0.2;0.0295
B1700117400000;POR UM TRIZ;2017;PRODAV 02 - PROJETO DERIVADO;_tv_excluir;349400.0;0.0;0.0;552242.07;0.0;552242.07;0.0;0.0;60000;86664.06;0.0;0.1569;0.0;0.0;0.0;0;0;0;0;;;;;4.068;adoro_critico|adoro_usuario;2;alta;0.0;;;;;;03.987.306/0001-71;;;;;;;;;;349400.0;0.1717;0.1717
B1700491900000;PRIMAVERA DAS MULHERES;2017;PRODAV 02 - PROJETO DERIVADO;_tv_excluir;450000.0;0.0;0.0;649980.45;0.0;649980.45;0.0;0.0;60000;86664.06;0.0;0.1333;0.0;0.0;0.0;0;0;0;0;;;;;3.522;adoro_critico;1;media;;;;;;;07.528.463/0001-70;;;;;;;;;;450000.0;0.1333;0.1333
B1800600400000;QUEM FOI SEU MESTRE? 1º TEMPORADA;2017;PRODAV 02 - PROJETO DERIVADO;_tv_excluir;616000.0;0.0;0.0;889751.02;0.0;889751.02;0.0;0.0;60000;86664.06;0.0;0.0974;0.0;0.0;0.0;0;0;0;0;;;;;0.0;;0;;0.0;;;;;;96.713.128/0001-71;;;;;;;;;;616000.0;0.0974;0.0974
B1700589200000;SANGUE DA TERRA;2017;PRODAV 02 - PROJETO DERIVADO;_tv_excluir;627000.0;0.0;0.0;991001.09;0.0;991001.09;0.0;0.0;60000;86664.06;0.0;0.0875;0.0;0.0;0.0;0;0;0;0;;;;;3.97;adoro_critico|adoro_usuario;2;media;0.0;;;;;;04.069.379/0001-47;;;;;;;;;;627000.0;0.0957;0.0957
B2000114900000;A FLECHA E A FARDA;2018;PRODAV 02 - PROJETO DERIVADO;_tv_excluir;400000.0;0.0;0.0;556877.6;0.0;556877.6;0.0;0.0;140000;194907.16;0.0;0.35;0.0;0.0;0.0;0;0;0;0;;;;;0.0;;0;;;;;;;;08.296.780/0001-70;;;;;;;;;;400000.0;0.35;0.35
B1900038500000;BRASIL, TRAVESSIAS;2018;PRODAV 02 - PROJETO DERIVADO;_tv_excluir;699704.87;0.0;525191.56;1105914.33;731168.54;1837082.87;0.0;0.0;60000;83531.64;0.0;0.0755;0.0;0.0;0.0;0;0;0;0;;;;;0.0;;0;;;;;;;;27.651.181/0001-72;;;;;;;;;;1224896.4300000002;0.0858;0.049
B1800563700000;CINE BARATO;2018;PRODAV 02 - PROJETO DERIVADO;_tv_excluir;503194.83;0.0;0.0;748256.25;0.0;748256.25;0.0;0.0;60000;83531.64;0.0;0.1116;0.0;0.0;0.0;0;0;0;0;;;;;0.0;;0;;0.0;;;;;;16.487.027/0001-90;;;;;;;;;;503194.83;0.1192;0.1192
B1800541600000;CINEMA EM TRANSE;2018;PRODAV 02 - PROJETO DERIVADO;_tv_excluir;300000.0;0.0;0.0;433320.3;0.0;433320.3;0.0;0.0;60000;83531.64;0.0;0.1928;0.0;0.0;0.0;0;0;0;0;;;;;2.093;adoro_critico|adoro_usuario;2;alta;;;;;;;07.115.568/0001-05;;;;;;;;;;300000.0;0.2;0.2
B1800315500000;DESTINO INCOMUM - 2ª TEMPORADA;2018;PRODAV 02 - PROJETO DERIVADO;_tv_excluir;299827.0;0.0;0.0;445846.05;0.0;445846.05;0.0;0.0;60000;83531.64;0.0;0.1874;0.0;0.0;0.0;0;0;0;0;;;;;0.0;;0;;;;;;;;08.047.810/0001-05;;;;;;;;;;299827.0;0.2001;0.2001
B1800548900000;DOÇARIA BRASILEIRA;2018;PRODAV 02 - PROJETO DERIVADO;_tv_excluir;699000.0;0.0;0.0;1104800.26;0.0;1104800.26;0.0;0.0;60000;83531.64;0.0;0.0756;0.0;0.0;0.0;0;0;0;0;;;;;0.0;;0;;2.0;0.0;0.0;Uniedusul Editora eBooks;;;12.839.664/0001-28;;;;;;;;;;699000.0;0.0858;0.0858
B1800553300000;FAMÍLIA NA TRIBO;2018;PRODAV 02 - PROJETO DERIVADO;_tv_excluir;679866.0;0.0;0.0;1074558.13;0.0;1074558.13;0.0;0.0;60000;83531.64;0.0;0.0777;0.0;0.0;0.0;0;0;0;0;;;;;3.656;adoro_critico;1;alta;;;;;;;01.287.908/0001-90;;;;;;;;;;679866.0;0.0883;0.0883
B1900049200000;GUERREIROS DA FLORESTA;2018;PRODAV 02 - PROJETO DERIVADO;_tv_excluir;1242747.0;0.0;0.0;1730144.92;0.0;1730144.92;0.0;0.0;120000;167063.28;0.0;0.0966;0.0;0.0;0.0;0;0;0;0;;;;;4.0;adoro_usuario;1;baixa;0.0;;;;;;15.479.865/0001-50;;;;;;;;;;1242747.0;0.0966;0.0966
B1800172700000;KARINGANA - LICENÇA PARA CONTAR;2018;PRODAV 02 - PROJETO DERIVADO;_tv_excluir;600000.0;0.0;0.0;835316.4;0.0;835316.4;0.0;0.0;200000;278438.8;0.0;0.3333;0.0;0.0;0.0;0;0;0;0;;;;;3.31;adoro_critico|adoro_usuario;2;media;;;;;;;06.900.652/0001-69;;;;;;;;;;600000.0;0.3333;0.3333
B1900050900000;LINCOLN OLIVETTI - O MAGO DO POP;2018;PRODAV 02 - PROJETO DERIVADO;_tv_excluir;289316.5;923390.62;0.0;417889.04;1285538.88;1703427.92;0.0;0.0;60000;83531.64;0.0;0.1999;0.0;0.0;0.0;0;0;0;0;;;;;4.1;adoro_usuario;1;baixa;;;;;;;09.505.106/0001-11;;;;;;;;;;1212707.12;0.2074;0.0495
B1800141100000;LINHAS ABERTAS;2018;PRODAV 02 - PROJETO DERIVADO;_tv_excluir;600000.0;0.0;0.0;892206.6;0.0;892206.6;0.0;0.0;60000;83531.64;0.0;0.0936;0.0;0.0;0.0;0;0;0;0;;;;;0.0;;0;;;;;;;;19.388.280/0001-85;;;;;;;;;;600000.0;0.1;0.1
B1800535300000;LUA EM CÂNCER;2018;PRODAV 02 - PROJETO DERIVADO;_tv_excluir;1008000.0;0.0;0.0;1498907.09;0.0;1498907.09;0.0;0.0;0;0.0;0.0;0.0;0.0;0.0;0.0;0;0;0;0;;;;;3.93;adoro_critico|adoro_usuario;2;media;4.0;34.0;24.0;International Journal of Polymer Science | International Journal of Creativity and Innovation in Humanities and Education | Bolivian Studies Journal/Revista de Estudios Bolivianos;;;06.255.414/0001-48;;;;;;;;;;1008000.0;0.0;0.0
B1800451700000;MEU CORPO É MAIS;2018;PRODAV 02 - PROJETO DERIVADO;_tv_excluir;178000.0;0.0;0.0;247810.53;0.0;247810.53;0.0;0.0;60000;83531.64;0.0;0.3371;0.0;0.0;0.0;0;0;0;0;;;;;3.7;adoro_usuario;1;baixa;;;;;;;06.992.833/0001-62;;;;;;;;;;178000.0;0.3371;0.3371
B1800479800000;MEU CORPO É MAIS;2018;PRODAV 02 - PROJETO DERIVADO;_tv_excluir;178000.0;0.0;0.0;247810.53;0.0;247810.53;0.0;0.0;0;0.0;0.0;0.0;0.0;0.0;0.0;0;0;0;0;;;;;3.7;adoro_usuario;1;baixa;;;;;;;06.992.833/0001-62;;;;;;;;;;178000.0;0.0;0.0
B1800607800000;NA REDE BR;2018;PRODAV 02 - PROJETO DERIVADO;_tv_excluir;206260.0;0.0;0.0;306710.89;0.0;306710.89;0.0;0.0;60000;83531.64;0.0;0.2723;0.0;0.0;0.0;0;0;0;0;;;;;0.0;;0;;0.0;;;;;;13.740.305/0001-81;;;;;;;;;;206260.0;0.2909;0.2909
B1800555800000;OFÍCIO DA PALAVRA - 2ª TEMPORADA;2018;PRODAV 02 - PROJETO DERIVADO;_tv_excluir;263700.0;0.0;0.0;416789.45;0.0;416789.45;0.0;0.0;60000;83531.64;0.0;0.2004;0.0;0.0;0.0;0;0;0;0;;;;;0.0;;0;;;;;;;;04.547.429/0001-54;;;;;;;;;;263700.0;0.2275;0.2275
B1800610600000;ORIGENS;2018;PRODAV 02 - PROJETO DERIVADO;_tv_excluir;78664.52;0.0;952132.0;116975.01;1325552.46;1442527.47;0.0;0.0;60000;83531.64;0.0;0.7141;0.0;0.0;0.0;0;0;0;0;;;;;3.864;adoro_critico|adoro_usuario;2;alta;;;;;;;10.613.589/0001-57;;;;;;;;;;1030796.52;0.7627;0.0582
B1800134500000;OUTRO SOM - 2ª TEMPORADA;2018;PRODAV 02 - PROJETO DERIVADO;_tv_excluir;106400.0;0.0;0.0;153684.27;0.0;153684.27;0.0;0.0;60000;83531.64;0.0;0.5435;0.0;0.0;0.0;0;0;0;0;;;;;0.0;;0;;0.0;;;;;;04.864.360/0001-92;;;;;;;;;;106400.0;0.5639;0.5639
B1800608600000;PROFUNDO SCUBA DIVING 3ª TEMPORADA;2018;PRODAV 02 - PROJETO DERIVADO;_tv_excluir;292500.0;0.0;0.0;434950.72;0.0;434950.72;0.0;0.0;60000;83531.64;0.0;0.192;0.0;0.0;0.0;0;0;0;0;;;;;0.0;;0;;;;;;;;01.287.908/0001-90;;;;;;;;;;292500.0;0.2051;0.2051
B1800546400000;PROIBIDO PARA MAIORES - A SÉRIE;2018;PRODAV 02 - PROJETO DERIVADO;_tv_excluir;568685.0;0.0;0.0;791719.84;0.0;791719.84;0.0;0.0;60000;83531.64;0.0;0.1055;0.0;0.0;0.0;0;0;0;0;;;;;2.3;adoro_usuario;1;baixa;0.0;;;;;;12.667.775/0001-02;;;;;;;;;;568685.0;0.1055;0.1055
B1800166100000;REPÚBLICA DA POESIA;2018;PRODAV 02 - PROJETO DERIVADO;_tv_excluir;660000.0;0.0;0.0;981427.26;0.0;981427.26;0.0;0.0;60000;83531.64;0.0;0.0851;0.0;0.0;0.0;0;0;0;0;;;;;0.0;;0;;0.0;;;;;;19.388.280/0001-85;;;;;;;;;;660000.0;0.0909;0.0909
B1900054700000;ROTAS SUSTENTÁVEIS - NORDESTE;2018;PRODAV 02 - PROJETO DERIVADO;_tv_excluir;750120.0;0.0;0.0;1044312.56;0.0;1044312.56;0.0;0.0;120000;167063.28;0.0;0.16;0.0;0.0;0.0;0;0;0;0;;;;;0.0;;0;;;;;;;;02.175.084/0001-20;;;;;;;;;;750120.0;0.16;0.16
B1800217200000;TURMA 5B;2018;PRODAV 02 - PROJETO DERIVADO;_tv_excluir;650000.0;0.0;0.0;966557.15;0.0;966557.15;0.0;0.0;80000;111375.52;0.0;0.1152;0.0;0.0;0.0;0;0;0;0;;;;;0.0;;0;;;;;;;;90.130.634/0001-51;;;;;;;;;;650000.0;0.1231;0.1231
B2000108600000;A NOSSA BANDEIRA JAMAIS SERÁ VERMELHA;2019;PRODAV 02 - PROJETO DERIVADO;_tv_excluir;233586.67;0.0;0.0;325197.96;0.0;325197.96;0.0;0.0;60000;80080.2;0.0;0.2463;0.0;0.0;0.0;0;0;0;0;;;;;0.0;;0;;;;;;;;24.495.620/0001-07;;;;;;;;;;233586.67;0.2569;0.2569
B1900247400000;A VIDA NAS BACIAS HIDROGRÁFICAS DA REGIÃO SUDESTE;2019;PRODAV 02 - PROJETO DERIVADO;_tv_excluir;355000.0;0.0;0.0;512762.36;0.0;512762.36;0.0;0.0;60000;80080.2;0.0;0.1562;0.0;0.0;0.0;0;0;0;0;;;;;3.2;adoro_usuario;1;baixa;;;;;;;01.287.908/0001-90;;;;;;;;;;355000.0;0.169;0.169
B2000107100000;AMAZON FASHION;2019;PRODAV 02 - PROJETO DERIVADO;_tv_excluir;525000.0;0.0;0.0;730901.85;0.0;730901.85;0.0;0.0;120000;160160.4;0.0;0.2191;0.0;0.0;0.0;0;0;0;0;;;;;0.0;;0;;;;;;;;05.064.901/0001-60;;;;;;;;;;525000.0;0.2286;0.2286
B1900180200000;AO VIVO NO SOMA;2019;PRODAV 02 - PROJETO DERIVADO;_tv_excluir;284000.0;0.0;0.0;410209.88;0.0;410209.88;0.0;0.0;60000;80080.2;0.0;0.1952;0.0;0.0;0.0;0;0;0;0;;;;;4.3;adoro_usuario;1;baixa;;;;;;;04.716.920/0001-61;;;;;;;;;;284000.0;0.2113;0.2113
B1900584400000;AQUARELA MUSICAL;2019;PRODAV 02 - PROJETO DERIVADO;_tv_excluir;300000.0;0.0;0.0;417658.2;0.0;417658.2;0.0;0.0;60000;80080.2;0.0;0.1917;0.0;0.0;0.0;0;0;0;0;;;;;0.0;;0;;;;;;;;13.827.942/0001-90;;;;;;;;;;300000.0;0.2;0.2
B1900588100000;BANALIDADE DO MAL;2019;PRODAV 02 - PROJETO DERIVADO;_tv_excluir;450000.0;0.0;0.0;649980.45;0.0;649980.45;0.0;0.0;60000;80080.2;0.0;0.1232;0.0;0.0;0.0;0;0;0;0;;;;;3.802;adoro_critico|adoro_usuario;2;media;0.0;;;;;;13.072.702/0001-22;;;;;;;;;;450000.0;0.1333;0.1333
B1900420500000;CENÁRIOS FUTUROS;2019;PRODAV 02 - PROJETO DERIVADO;_tv_excluir;645000.0;0.0;0.0;931638.65;0.0;931638.65;0.0;0.0;60000;80080.2;0.0;0.086;0.0;0.0;0.0;0;0;0;0;;;;;0.0;;0;;;;;;;;09.243.525/0001-22;;;;;;;;;;645000.0;0.093;0.093
B1900323700000;CURTA O SOM - 2ª TEMPORADA;2019;PRODAV 02 - PROJETO DERIVADO;_tv_excluir;115000.0;0.0;0.0;166106.12;0.0;166106.12;0.0;0.0;60000;80080.2;0.0;0.4821;0.0;0.0;0.0;0;0;0;0;;;;;0.0;;0;;;;;;;;06.223.418/0001-44;;;;;;;;;;115000.0;0.5217;0.5217
B1900352900000;DA NASCENTE À FOZ;2019;PRODAV 02 - PROJETO DERIVADO;_tv_excluir;571410.0;0.0;0.0;795513.57;0.0;795513.57;0.0;0.0;120000;160160.4;0.0;0.2013;0.0;0.0;0.0;0;0;0;0;;;;;0.0;;0;;;;;;;;12.106.692/0001-36;;;;;;;;;;571410.0;0.21;0.21
B2000205400000;ENTRE VOOS E CAMINHADAS;2019;PRODAV 02 - PROJETO DERIVADO;_tv_excluir;615458.02;0.0;0.0;821433.36;0.0;821433.36;0.0;0.0;280000;373707.6;0.0;0.4549;0.0;0.0;0.0;0;0;0;0;;;;;0.0;;0;;0.0;;;;;;09.719.793/0001-78;;;;;;;;;;615458.02;0.4549;0.4549
B1900344400000;EU, PRESO;2019;PRODAV 02 - PROJETO DERIVADO;_tv_excluir;399960.0;0.0;0.0;556821.91;0.0;556821.91;0.0;0.0;60000;80080.2;0.0;0.1438;0.0;0.0;0.0;0;0;0;0;;;;;0.0;;0;;;;;;;;04.650.621/0001-71;;;;;;;;;;399960.0;0.15;0.15
B1900542100000;GUAÍBA, ONDE AS ÁGUAS SE ENCONTRAM;2019;PRODAV 02 - PROJETO DERIVADO;_tv_excluir;645000.0;0.0;0.0;931638.65;0.0;931638.65;0.0;0.0;60000;80080.2;0.0;0.086;0.0;0.0;0.0;0;0;0;0;;;;;0.0;;0;;;;;;;;17.767.631/0001-33;;;;;;;;;;645000.0;0.093;0.093
B2100281700000;JACARILDO E A NATUREZA;2019;PRODAV 02 - PROJETO DERIVADO;_tv_excluir;1716000.0;0.0;0.0;2389004.9;0.0;2389004.9;0.0;0.0;0;0.0;0.0;0.0;0.0;0.0;0.0;0;0;0;0;;;;;0.0;;0;;;;;;;;69.055.812/0001-30;;;;;;;;;;1716000.0;0.0;0.0
B1900248100000;JUNTOS;2019;PRODAV 02 - PROJETO DERIVADO;_tv_excluir;417707.0;2768951.61;3998335.0;581529.18;9032094.42;9613623.6;0.0;0.0;60000;80080.2;0.0;0.1377;0.0;0.0;0.0;0;0;0;0;;;;;3.612;adoro_critico|adoro_usuario;2;alta;;;;;;;01.282.220/0001-18;;;;;;;;;;7184993.609999999;0.1436;0.0084
B1900128100000;LIBERTO;2019;PRODAV 02 - PROJETO DERIVADO;_tv_excluir;600000.0;0.0;0.0;866640.6;0.0;866640.6;0.0;0.0;60000;80080.2;0.0;0.0924;0.0;0.0;0.0;0;0;0;0;;;;;0.0;;0;;;;;;;;07.842.589/0001-14;;;;;;;;;;600000.0;0.1;0.1
B1900089200000;LÁ EM CASA SESSIONS- 2°TEMPORADA;2019;PRODAV 02 - PROJETO DERIVADO;_tv_excluir;160000.0;0.0;0.0;231104.16;0.0;231104.16;0.0;0.0;60000;80080.2;0.0;0.3465;0.0;0.0;0.0;0;0;0;0;;;;;0.0;;0;;;;;;;;21.082.017/0001-05;;;;;;;;;;160000.0;0.375;0.375
B1900095200000;MISTER HAZZY;2019;PRODAV 02 - PROJETO DERIVADO;_tv_excluir;274030.0;0.0;0.0;395809.21;0.0;395809.21;0.0;0.0;60000;80080.2;0.0;0.2023;0.0;0.0;0.0;0;0;0;0;;;;;0.0;;0;;0.0;;;;;;01.541.247/0001-88;;;;;;;;;;274030.0;0.219;0.219
B1900343800000;O RIO FEITICEIRO;2019;PRODAV 02 - PROJETO DERIVADO;_tv_excluir;160000.0;0.0;15000.0;222751.04;20020.05;242771.09;0.0;0.0;60000;80080.2;0.0;0.3595;0.0;0.0;0.0;0;0;0;0;;;;;4.225;adoro_critico|adoro_usuario;2;alta;0.0;;;;;;01.374.871/0001-38;;;;;;;;;;175000.0;0.375;0.3429
B1900083900000;ON THE ROD;2019;PRODAV 02 - PROJETO DERIVADO;_tv_excluir;490000.0;0.0;0.0;707756.49;0.0;707756.49;0.0;0.0;60000;80080.2;0.0;0.1131;0.0;0.0;0.0;0;0;0;0;;;;;0.0;;0;;0.0;;;;;;01.541.247/0001-88;;;;;;;;;;490000.0;0.1224;0.1224
B1900291200000;PARALELO 30;2019;PRODAV 02 - PROJETO DERIVADO;_tv_excluir;551591.0;0.0;0.0;796718.59;0.0;796718.59;0.0;0.0;60000;80080.2;0.0;0.1005;0.0;0.0;0.0;0;0;0;0;;;;;0.0;;0;;;;;;;;04.980.287/0001-14;;;;;;;;;;551591.0;0.1088;0.1088
B1900337300000;PASSARINHAS MULHERES INSPIRADORAS;2019;PRODAV 02 - PROJETO DERIVADO;_tv_excluir;342972.8;0.0;0.0;477484.67;0.0;477484.67;0.0;0.0;120000;160160.4;0.0;0.3354;0.0;0.0;0.0;0;0;0;0;;;;;0.0;;0;;1.0;0.0;0.0;UiTM Institutional Repositories (Universiti Teknologi MARA);;;14.989.694/0001-46;;;;;;;;;;342972.8;0.3499;0.3499
B1900247800000;PELA FECHADURA;2019;PRODAV 02 - PROJETO DERIVADO;_tv_excluir;555553.02;0.0;0.0;826113.45;0.0;826113.45;0.0;0.0;60000;80080.2;0.0;0.0969;0.0;0.0;0.0;0;0;0;0;;;;;0.0;;0;;0.0;;;;;;17.713.833/0001-00;;;;;;;;;;555553.02;0.108;0.108
B1900405700000;RECONSTRUÇÕES;2019;PRODAV 02 - PROJETO DERIVADO;_tv_excluir;249588.0;0.0;0.0;347474.92;0.0;347474.92;0.0;0.0;120000;160160.4;0.0;0.4609;0.0;0.0;0.0;0;0;0;0;;;;;0.0;;0;;;;;;;;27.338.929/0001-81;;;;;;;;;;249588.0;0.4808;0.4808
B1900421000000;RÁDIO ZOO;2019;PRODAV 02 - PROJETO DERIVADO;_tv_excluir;1344272.67;0.0;0.0;1871488.35;0.0;1871488.35;0.0;0.0;60000;80080.2;0.0;0.0428;0.0;0.0;0.0;0;0;0;0;;;;;0.0;;0;;;;;;;;09.012.841/0001-93;;;;;;;;;;1344272.67;0.0446;0.0446
B1900478800000;SEMENTES DO AMANHÃ;2019;PRODAV 02 - PROJETO DERIVADO;_tv_excluir;650140.0;0.0;0.0;905121.01;0.0;905121.01;0.0;0.0;120000;160160.4;0.0;0.1769;0.0;0.0;0.0;0;0;0;0;;;;;4.193;adoro_critico|adoro_usuario;2;media;;;;;;;08.267.476/0001-03;;;;;;;;;;650140.0;0.1846;0.1846
B1900035800000;SÉRIE MAR DE HISTÓRIAS;2019;PRODAV 02 - PROJETO DERIVADO;_tv_excluir;645000.0;0.0;0.0;860862.15;0.0;860862.15;0.0;0.0;60000;80080.2;0.0;0.093;0.0;0.0;0.0;0;0;0;0;;;;;3.7;adoro_usuario;1;baixa;0.0;;;;;;91.974.634/0001-09;;;;;;;;;;645000.0;0.093;0.093
B1900152800000;TESOUROS DO TAPAJÓS;2019;PRODAV 02 - PROJETO DERIVADO;_tv_excluir;410000.0;0.0;0.0;592204.41;0.0;592204.41;0.0;0.0;60000;80080.2;0.0;0.1352;0.0;0.0;0.0;0;0;0;0;;;;;0.0;;0;;;;;;;;09.019.897/0001-70;;;;;;;;;;410000.0;0.1463;0.1463
B1900166800000;ZUZA, O HOMEM DE JAZZ;2019;PRODAV 02 - PROJETO DERIVADO;_tv_excluir;600000.0;0.0;0.0;835316.4;0.0;835316.4;0.0;0.0;60000;80080.2;0.0;0.0959;0.0;0.0;0.0;0;0;0;0;;;;;4.3;adoro_usuario;1;baixa;;;;;;;06.900.652/0001-69;;;;;;;;;;600000.0;0.1;0.1
B2000338200000;A BÊNÇÃO;2020;PRODAV 02 - PROJETO DERIVADO;_tv_excluir;2500000.0;0.0;0.0;3480485.0;0.0;3480485.0;0.0;0.0;60000;76617.12;0.0;0.022;0.0;0.0;0.0;0;0;0;0;;;;;0.0;;0;;2.0;0.0;0.0;Lume (Universidade Federal do Rio Grande do Sul);;;11.384.969/0001-20;;;;;;;;;;2500000.0;0.024;0.024
B2000069400000;A MÃE DE TODAS AS LUTAS;2020;PRODAV 02 - PROJETO DERIVADO;_tv_excluir;750000.0;0.0;3980000.0;1044145.5;5082268.96;6126414.46;0.0;0.0;60000;76617.12;0.0;0.0734;0.0;0.0;0.0;0;0;0;0;;;;;3.5;adoro_usuario;1;baixa;;;;;;;06.992.833/0001-62;;;;;;;;;;4730000.0;0.08;0.0127
B2000264800000;AMÉLIO, O HOMEM DE VERDADE;2020;PRODAV 02 - PROJETO DERIVADO;_tv_excluir;1050000.0;0.0;0.0;1461803.7;0.0;1461803.7;0.0;0.0;60000;76617.12;0.0;0.0524;0.0;0.0;0.0;0;0;0;0;;;;;4.3;adoro_usuario;1;baixa;;;;;;;04.980.287/0001-14;;;;;;;;;;1050000.0;0.0571;0.0571
B2000064800000;BAHIA DE FÉ;2020;PRODAV 02 - PROJETO DERIVADO;_tv_excluir;390000.0;0.0;558412.0;520521.3;713065.32;1233586.6199999999;0.0;0.0;80000;102156.16;0.0;0.1963;0.0;0.0;0.0;0;0;0;0;;;;;3.733;adoro_critico;1;media;;;;;;;40.530.917/0001-12;;;;;;;;;;948412.0;0.2051;0.0844
B2000139000000;BANQUETE COUTINHO;2020;PRODAV 02 - PROJETO DERIVADO;_tv_excluir;594000.0;0.0;0.0;826963.24;0.0;826963.24;0.0;0.0;60000;76617.12;0.0;0.0926;0.0;0.0;0.0;0;0;0;0;;;;;0.0;;0;;;;;;;;00.205.194/0001-61;;;;;;;;;;594000.0;0.101;0.101
B2000437800000;BLINK;2020;PRODAV 02 - PROJETO DERIVADO;_tv_excluir;552000.0;0.0;0.0;768491.09;0.0;768491.09;0.0;0.0;60000;76617.12;0.0;0.0997;0.0;0.0;0.0;0;0;0;0;;;;;0.0;;0;;;;;;;;30.120.265/0001-94;;;;;;;;;;552000.0;0.1087;0.1087
B2000028000000;BRASIL JOIADO;2020;PRODAV 02 - PROJETO DERIVADO;_tv_excluir;972400.0;0.0;0.0;1404535.53;0.0;1404535.53;0.0;0.0;60000;76617.12;0.0;0.0545;0.0;0.0;0.0;0;0;0;0;;;;;0.0;;0;;;;;;;;11.581.901/0001-30;;;;;;;;;;972400.0;0.0617;0.0617
B2000413400000;CANTOS DE TRABALHO: BOIS, BATAS E CANTIGAS;2020;PRODAV 02 - PROJETO DERIVADO;_tv_excluir;207611.1;0.0;0.0;277092.31;0.0;277092.31;0.0;0.0;80000;102156.16;0.0;0.3687;0.0;0.0;0.0;0;0;0;0;;;;;3.683;adoro_critico|adoro_usuario;2;media;1.0;6.0;6.0;El Profesional de la Informacion;;;22.751.296/0001-15;;;;;;;;;;207611.1;0.3853;0.3853
B2000099000000;COMIDA AQUI É MATO!;2020;PRODAV 02 - PROJETO DERIVADO;_tv_excluir;408683.0;0.0;0.0;545456.94;0.0;545456.94;0.0;0.0;80000;102156.16;0.0;0.1873;0.0;0.0;0.0;0;0;0;0;;;;;4.03;adoro_critico|adoro_usuario;2;alta;;;;;;;14.800.264/0001-34;;;;;;;;;;408683.0;0.1958;0.1958
B2000240200000;CRÍTICA;2020;PRODAV 02 - PROJETO DERIVADO;_tv_excluir;600000.0;0.0;0.0;835316.4;0.0;835316.4;0.0;0.0;60000;76617.12;0.0;0.0917;0.0;0.0;0.0;0;0;0;0;;;;;0.0;;0;;;;;;;;05.270.790/0001-49;;;;;;;;;;600000.0;0.1;0.1
B2000112200000;DIGA MEU NOME;2020;PRODAV 02 - PROJETO DERIVADO;_tv_excluir;399982.0;0.0;0.0;556852.54;0.0;556852.54;0.0;0.0;60000;76617.12;0.0;0.1376;0.0;0.0;0.0;0;0;0;0;;;;;3.857;adoro_critico|adoro_usuario;2;media;;;;;;;21.042.570/0001-14;;;;;;;;;;399982.0;0.15;0.15
B2000452700000;DORIVANDO SARAVÁ;2020;PRODAV 02 - PROJETO DERIVADO;_tv_excluir;600000.0;0.0;0.0;835316.4;0.0;835316.4;0.0;0.0;120000;153234.24;0.0;0.1834;0.0;0.0;0.0;0;0;0;0;;;;;0.0;;0;;;;;;;;10.281.460/0001-99;;;;;;;;;;600000.0;0.2;0.2
B2000201800000;EM BUSCA DE KARDEC;2020;PRODAV 02 - PROJETO DERIVADO;_tv_excluir;449979.2;3000000.0;0.0;626458.34;3830856.0;4457314.34;0.0;0.0;140000;178773.28;0.0;0.2854;0.0;0.0;0.0;0;0;0;0;;;;;3.8;adoro_usuario;1;baixa;;;;;;;11.280.934/0001-40;;;;;;;;;;3449979.2;0.3111;0.0406
B2000144800000;FAMÍLIA PEREIRA;2020;PRODAV 02 - PROJETO DERIVADO;_tv_excluir;732890.0;0.0;0.0;1058587.05;0.0;1058587.05;0.0;0.0;0;0.0;0.0;0.0;0.0;0.0;0.0;0;0;0;0;;;;;3.656;adoro_critico;1;alta;1.0;0.0;0.0;;;;14.853.467/0001-99;;;;;;;;;;732890.0;0.0;0.0
B2000204400000;FASHION CLICK 2;2020;PRODAV 02 - PROJETO DERIVADO;_tv_excluir;449887.9;0.0;0.0;626331.24;0.0;626331.24;0.0;0.0;60000;76617.12;0.0;0.1223;0.0;0.0;0.0;0;0;0;0;;;;;4.138;adoro_critico|adoro_usuario;2;alta;0.0;;;;;;11.280.934/0001-40;;;;;;;;;;449887.9;0.1334;0.1334
B2000326100000;MEMÓRIAS EM MOVIMENTO;2020;PRODAV 02 - PROJETO DERIVADO;_tv_excluir;300000.0;0.0;0.0;417658.2;0.0;417658.2;0.0;0.0;60000;76617.12;0.0;0.1834;0.0;0.0;0.0;0;0;0;0;;;;;0.0;;0;;;;;;;;03.048.443/0001-40;;;;;;;;;;300000.0;0.2;0.2
B2000060400000;MERGULHANDO;2020;PRODAV 02 - PROJETO DERIVADO;_tv_excluir;410000.0;0.0;0.0;592204.41;0.0;592204.41;0.0;0.0;60000;76617.12;0.0;0.1294;0.0;0.0;0.0;0;0;0;0;;;;;0.0;;0;;;;;;;;01.246.684/0001-79;;;;;;;;;;410000.0;0.1463;0.1463
B2000100700000;MOVIMENTOS DO INVISÍVEL;2020;PRODAV 02 - PROJETO DERIVADO;_tv_excluir;470000.0;0.0;0.0;654331.18;0.0;654331.18;0.0;0.0;60000;76617.12;0.0;0.1171;0.0;0.0;0.0;0;0;0;0;;;;;2.9;adoro_usuario;1;baixa;;;;;;;02.972.707/0001-95;;;;;;;;;;470000.0;0.1277;0.1277
B2000284700000;NA ILHA;2020;PRODAV 02 - PROJETO DERIVADO;_tv_excluir;356600.0;0.0;0.0;496456.38;0.0;496456.38;0.0;0.0;60000;76617.12;0.0;0.1543;0.0;0.0;0.0;0;0;0;0;;;;;3.548;adoro_critico|adoro_usuario;2;alta;;;;;;;09.230.926/0001-48;;;;;;;;;;356600.0;0.1683;0.1683
B2000340300000;NEY À FLOR DA PELE;2020;PRODAV 02 - PROJETO DERIVADO;_tv_excluir;500000.0;0.0;0.0;696097.0;0.0;696097.0;0.0;0.0;60000;76617.12;0.0;0.1101;0.0;0.0;0.0;0;0;0;0;;;;;3.985;adoro_critico|adoro_usuario;2;media;0.0;;;;;;18.572.922/0001-39;;;;;;;;;;500000.0;0.12;0.12
B2000127100000;NÓS, OS FASHIONISTAS - 2ª TEMPORADA;2020;PRODAV 02 - PROJETO DERIVADO;_tv_excluir;525000.0;0.0;0.0;730901.85;0.0;730901.85;0.0;0.0;60000;76617.12;0.0;0.1048;0.0;0.0;0.0;0;0;0;0;;;;;3.6;adoro_usuario;1;baixa;;;;;;;06.992.833/0001-62;;;;;;;;;;525000.0;0.1143;0.1143
B2000332600000;O COMPLEXO;2020;PRODAV 02 - PROJETO DERIVADO;_tv_excluir;1438000.0;0.0;0.0;2001974.97;0.0;2001974.97;0.0;0.0;60000;76617.12;0.0;0.0383;0.0;0.0;0.0;0;0;0;0;;;;;0.0;;0;;;;;;;;11.862.908/0001-20;;;;;;;;;;1438000.0;0.0417;0.0417
B2000495500000;OFÍCIOS EM EXTINÇÃO;2020;PRODAV 02 - PROJETO DERIVADO;_tv_excluir;339000.0;0.0;0.0;489651.94;0.0;489651.94;0.0;0.0;60000;76617.12;0.0;0.1565;0.0;0.0;0.0;0;0;0;0;;;;;3.441;adoro_critico|adoro_usuario;2;alta;;;;;;;12.935.850/0001-60;;;;;;;;;;339000.0;0.177;0.177
B2000406100000;OPERAÇÃO CAMANDUCAIA;2020;PRODAV 02 - PROJETO DERIVADO;_tv_excluir;220000.0;0.0;0.0;306282.68;0.0;306282.68;0.0;0.0;60000;76617.12;0.0;0.2502;0.0;0.0;0.0;0;0;0;0;;;;;0.0;;0;;;;;;;;10.638.697/0001-84;;;;;;;;;;220000.0;0.2727;0.2727
B2000184400000;QUANTOS CABEM?;2020;PRODAV 02 - PROJETO DERIVADO;_tv_excluir;413490.0;0.0;0.0;575658.3;0.0;575658.3;0.0;0.0;60000;76617.12;0.0;0.1331;0.0;0.0;0.0;0;0;0;0;;;;;0.0;;0;;1.0;36.0;36.0;Journal of Food Science and Technology;;;00.360.459/0001-04;;;;;;;;;;413490.0;0.1451;0.1451
B2000459200000;QUEM FOI SEU MESTRE? 2º TEMPORADA;2020;PRODAV 02 - PROJETO DERIVADO;_tv_excluir;390000.0;0.0;0.0;520521.3;0.0;520521.3;0.0;0.0;80000;102156.16;0.0;0.1963;0.0;0.0;0.0;0;0;0;0;;;;;0.0;;0;;0.0;;;;;;96.713.128/0001-71;;;;;;;;;;390000.0;0.2051;0.2051
B2000268600000;ROBERTINHO DE RECIFE?ROBERTINHO DO MUNDO!!!;2020;PRODAV 02 - PROJETO DERIVADO;_tv_excluir;564688.8;0.0;0.0;721080.49;0.0;721080.49;0.0;0.0;60000;76617.12;0.0;0.1063;0.0;0.0;0.0;0;0;0;0;;;;;3.9;adoro_usuario;1;baixa;1.0;0.0;0.0;Latin American theatre review;;;24.979.771/0001-30;;;;;;;;;;564688.8;0.1063;0.1063
B2000200900000;ROTA DO VINIL;2020;PRODAV 02 - PROJETO DERIVADO;_tv_excluir;92760.0;0.0;0.0;133982.64;0.0;133982.64;0.0;0.0;60000;76617.12;0.0;0.5718;0.0;0.0;0.0;0;0;0;0;;;;;0.0;;0;;;;;;;;06.223.418/0001-44;;;;;;;;;;92760.0;0.6468;0.6468
B2000200100000;SAGRADOS E PROFANOS;2020;PRODAV 02 - PROJETO DERIVADO;_tv_excluir;525000.0;0.0;0.0;730901.85;0.0;730901.85;0.0;0.0;60000;76617.12;0.0;0.1048;0.0;0.0;0.0;0;0;0;0;;;;;0.0;;0;;;;;;;;08.267.476/0001-03;;;;;;;;;;525000.0;0.1143;0.1143
B2000173300000;UM LUGAR PARA SENTIR;2020;PRODAV 02 - PROJETO DERIVADO;_tv_excluir;800000.0;0.0;0.0;1155520.8;0.0;1155520.8;0.0;0.0;0;0.0;0.0;0.0;0.0;0.0;0.0;0;0;0;0;;;;;0.0;;0;;;;;;;;04.791.421/0001-39;;;;;;;;;;800000.0;0.0;0.0
B1900526700000;ÁGUA DE PLANTAR;2020;PRODAV 02 - PROJETO DERIVADO;_tv_excluir;1200000.0;0.0;0.0;1670632.8;0.0;1670632.8;0.0;0.0;120000;153234.24;0.0;0.0917;0.0;0.0;0.0;0;0;0;0;;;;;0.0;;0;;7.0;0.0;0.0;Significação Revista de Cultura Audiovisual | Diálogo com a Economia Criativa | Ícone;;;09.207.344/0001-40;;;;;;;;;;1200000.0;0.1;0.1
B2100058600000;A CRIANÇA QUE EXISTE EM VOCÊ;2021;PRODAV 02 - PROJETO DERIVADO;_tv_excluir;208000.0;0.0;0.0;277611.36;0.0;277611.36;0.0;0.0;80000;92818.56;0.0;0.3343;0.0;0.0;0.0;0;0;0;0;;;;;0.0;;0;;;;;;;;20.148.736/0001-19;;;;;;;;;;208000.0;0.3846;0.3846
B2100313500000;A MENINA DE OURO;2021;PRODAV 02 - PROJETO DERIVADO;_tv_excluir;208000.0;0.0;0.0;277611.36;0.0;277611.36;0.0;0.0;80000;92818.56;0.0;0.3343;0.0;0.0;0.0;0;0;0;0;;;;;4.29;adoro_critico;1;alta;1.0;0.0;0.0;;;;00.845.658/0001-02;;;;;;;;;;208000.0;0.3846;0.3846
B2100332000000;ACORDA, AMOR;2021;PRODAV 02 - PROJETO DERIVADO;_tv_excluir;480000.0;0.0;940000.0;668253.12;1090618.08;1758871.2000000002;0.0;0.0;60000;69613.92;0.0;0.1042;0.0;0.0;0.0;0;0;0;0;;;;;4.3;adoro_usuario;1;baixa;;;;;;;03.545.965/0001-58;;;;;;;;;;1420000.0;0.125;0.0423
B2300013200000;ALBA E OS FANTASMAS;2021;PRODAV 02 - PROJETO DERIVADO;_tv_excluir;360000.0;0.0;0.0;417683.52;0.0;417683.52;0.0;0.0;360000;417683.52;0.0;1.0;0.0;0.0;0.0;0;0;0;0;;;;;4.133;adoro_critico|adoro_usuario;2;media;;;;;;;04.260.031/0001-32;;;;;;;;;;360000.0;1.0;1.0
B2100479300000;AMOR À QUEIMA ROUPA;2021;PRODAV 02 - PROJETO DERIVADO;_tv_excluir;375000.0;0.0;940000.0;522072.75;1090618.08;1612690.83;0.0;0.0;60000;69613.92;0.0;0.1333;0.0;0.0;0.0;0;0;0;0;;;;;4.3;adoro_usuario;1;baixa;0.0;;;;;;06.842.017/0001-72;;;;;;;;;;1315000.0;0.16;0.0456
B2100366200000;BALACLAVA;2021;PRODAV 02 - PROJETO DERIVADO;_tv_excluir;1100000.0;0.0;0.0;1531413.4;0.0;1531413.4;0.0;0.0;60000;69613.92;0.0;0.0455;0.0;0.0;0.0;0;0;0;0;;;;;0.0;;0;;;;;;;;03.958.889/0001-02;;;;;;;;;;1100000.0;0.0545;0.0545
B2100217400000;BRASIL DE TODOS OS RITMOS;2021;PRODAV 02 - PROJETO DERIVADO;_tv_excluir;362329.0;0.0;0.0;504432.26;0.0;504432.26;0.0;0.0;60000;69613.92;0.0;0.138;0.0;0.0;0.0;0;0;0;0;;;;;3.89;adoro_critico|adoro_usuario;2;media;1.0;0.0;0.0;Anagrama;;;02.521.216/0001-28;;;;;;;;;;362329.0;0.1656;0.1656
B2100120800000;BRASIL TUPINAMBÁ;2021;PRODAV 02 - PROJETO DERIVADO;_tv_excluir;190000.0;0.0;0.0;253587.3;0.0;253587.3;0.0;0.0;80000;92818.56;0.0;0.366;0.0;0.0;0.0;0;0;0;0;;;;;0.0;;0;;0.0;;;;;;10.638.697/0001-84;;;;;;;;;;190000.0;0.4211;0.4211
B2100460500000;DANIEL SENISE - NEM TUDO TEM QUE SER SOBRE ALGUMA COISA.;2021;PRODAV 02 - PROJETO DERIVADO;_tv_excluir;172500.0;0.0;0.0;240153.46;0.0;240153.46;0.0;0.0;60000;69613.92;0.0;0.2899;0.0;0.0;0.0;0;0;0;0;;;;;3.3;adoro_usuario;1;baixa;0.0;;;;;;27.527.464/0001-07;;;;;;;;;;172500.0;0.3478;0.3478
B2100227200000;DOIS TEMPOS;2021;PRODAV 02 - PROJETO DERIVADO;_tv_excluir;450000.0;0.0;62100.0;626487.3;72050.41;698537.7100000001;0.0;0.0;60000;69613.92;0.0;0.1111;0.0;0.0;0.0;0;0;0;0;;;;;3.775;adoro_critico;1;alta;;;;;;;13.510.088/0001-33;;;;;;;;;;512100.0;0.1333;0.1172
B2100080600000;DONAS DO BABA;2021;PRODAV 02 - PROJETO DERIVADO;_tv_excluir;390000.0;0.0;0.0;520521.3;0.0;520521.3;0.0;0.0;80000;92818.56;0.0;0.1783;0.0;0.0;0.0;0;0;0;0;;;;;0.0;;0;;;;;;;;03.958.889/0001-02;;;;;;;;;;390000.0;0.2051;0.2051
B2100256400000;ENCANTARIAS;2021;PRODAV 02 - PROJETO DERIVADO;_tv_excluir;297907.17;0.0;0.0;414744.57;0.0;414744.57;0.0;0.0;60000;69613.92;0.0;0.1678;0.0;0.0;0.0;0;0;0;0;;;;;0.0;;0;;;;;;;;02.066.541/0001-48;;;;;;;;;;297907.17;0.2014;0.2014
B2100115100000;EU NÃO ANDO SÓ;2021;PRODAV 02 - PROJETO DERIVADO;_tv_excluir;206900.0;0.0;0.0;276143.22;0.0;276143.22;0.0;0.0;60000;69613.92;0.0;0.2521;0.0;0.0;0.0;0;0;0;0;;;;;0.0;;0;;;;;;Rotterdam;Q61641245;13.650.474/0001-20;;;;;;;;;;206900.0;0.29;0.29
B2100417500000;JUNHO DE 2013 - O COMEÇO DO AVESSO;2021;PRODAV 02 - PROJETO DERIVADO;_tv_excluir;420000.0;0.0;0.0;584721.48;0.0;584721.48;0.0;0.0;60000;69613.92;0.0;0.1191;0.0;0.0;0.0;0;0;0;0;;;;;0.0;;0;;3.0;0.0;0.0;Revista Coletivo Cine-Fórum;;;01.009.824/0001-95;;;;;;;;;;420000.0;0.1429;0.1429
B2100015200000;NATUREZA FEMININA;2021;PRODAV 02 - PROJETO DERIVADO;_tv_excluir;750000.0;0.0;0.0;1044145.5;0.0;1044145.5;0.0;0.0;200000;232046.4;0.0;0.2222;0.0;0.0;0.0;0;0;0;0;;;;;0.0;;0;;3.0;0.0;0.0;DOC online - Revista Digital de Cinema Documentário | Contemporanea;;;18.023.882/0001-76;;;;;;;;;;750000.0;0.2667;0.2667
B2100219100000;NINGUÉNS;2021;PRODAV 02 - PROJETO DERIVADO;_tv_excluir;390000.0;0.0;0.0;520521.3;0.0;520521.3;0.0;0.0;80000;92818.56;0.0;0.1783;0.0;0.0;0.0;0;0;0;0;;;;;0.0;;0;;3.0;3.0;3.0;Aniki Revista Portuguesa da Imagem em Movimento | Comunicação & Educação;;;07.152.787/0001-56;;;;;;;;;;390000.0;0.2051;0.2051
B2100335300000;O HOTEL SILVESTRE DE ANAFLOR;2021;PRODAV 02 - PROJETO DERIVADO;_tv_excluir;1081000.0;0.0;0.0;1254210.79;0.0;1254210.79;0.0;0.0;60000;69613.92;0.0;0.0555;0.0;0.0;0.0;0;0;0;0;;;;;0.0;;0;;0.0;;;;;;02.683.477/0001-44;;;;;;;;;;1081000.0;0.0555;0.0555
B2100335600000;ONDE ESTÁ O CINEMA BRASILEIRO;2021;PRODAV 02 - PROJETO DERIVADO;_tv_excluir;300000.0;0.0;0.0;417658.2;0.0;417658.2;0.0;0.0;60000;69613.92;0.0;0.1667;0.0;0.0;0.0;0;0;0;0;;;;;4.1;adoro_usuario;1;baixa;0.0;;;;;;02.066.541/0001-48;;;;;;;;;;300000.0;0.2;0.2
B2100219200000;PAULO CÉSAR PINHEIRO - LETRA E ALMA;2021;PRODAV 02 - PROJETO DERIVADO;_tv_excluir;500000.0;0.0;0.0;696097.0;0.0;696097.0;0.0;0.0;60000;69613.92;0.0;0.1;0.0;0.0;0.0;0;0;0;0;;;;;4.003;adoro_critico|adoro_usuario;2;media;1.0;0.0;0.0;transcript Verlag eBooks;;;09.260.004/0001-83;;;;;;;;;;500000.0;0.12;0.12
B2100267900000;PLURAL;2021;PRODAV 02 - PROJETO DERIVADO;_tv_excluir;583000.0;0.0;360000.0;811649.1;417683.52;1229332.62;0.0;0.0;60000;69613.92;0.0;0.0858;0.0;0.0;0.0;0;0;0;0;;;;;0.0;;0;;;;;;;;05.270.790/0001-49;;;;;;;;;;943000.0;0.1029;0.0636
B2100423400000;PUNGA;2021;PRODAV 02 - PROJETO DERIVADO;_tv_excluir;1499774.0;0.0;0.0;2087976.36;0.0;2087976.36;0.0;0.0;0;0.0;0.0;0.0;0.0;0.0;0.0;0;0;0;0;;;;;0.0;;0;;;;;;;;03.553.092/0001-25;;;;;;;;;;1499774.0;0.0;0.0
B2100324200000;ROD LIVRE;2021;PRODAV 02 - PROJETO DERIVADO;_tv_excluir;383000.0;0.0;0.0;533210.3;0.0;533210.3;0.0;0.0;60000;69613.92;0.0;0.1306;0.0;0.0;0.0;0;0;0;0;;;;;4.1;adoro_usuario;1;baixa;;;;;;;10.780.165/0001-87;;;;;;;;;;383000.0;0.1567;0.1567
B2100160900000;RODA DE CHORO;2021;PRODAV 02 - PROJETO DERIVADO;_tv_excluir;668500.0;0.0;0.0;930681.69;0.0;930681.69;0.0;0.0;60000;69613.92;0.0;0.0748;0.0;0.0;0.0;0;0;0;0;;;;;0.0;;0;;;;;;;;03.493.590/0001-20;;;;;;;;;;668500.0;0.0898;0.0898
B2300529000000;SR. JOSÉ RAMALHO;2021;PRODAV 02 - PROJETO DERIVADO;_tv_excluir;555900.0;0.0;0.0;644972.97;0.0;644972.97;0.0;0.0;60000;69613.92;0.0;0.1079;0.0;0.0;0.0;0;0;0;0;;;;;0.0;;0;;5.0;7.0;4.0;Ateliê Geográfico | Revista Mulemba | O Mosaico;;;14.234.013/0001-30;;;;;;;;;;555900.0;0.1079;0.1079
B2100366300000;SUBTERRÂNEA;2021;PRODAV 02 - PROJETO DERIVADO;_tv_excluir;427669.0;0.0;0.0;595398.22;0.0;595398.22;0.0;0.0;60000;69613.92;0.0;0.1169;0.0;0.0;0.0;0;0;0;0;;;;;0.0;;0;;;;;;;;23.148.018/0001-30;;;;;;;;;;427669.0;0.1403;0.1403
B2100125800000;TERRAS QUE LIBERTAM - HISTÓRIAS DOS CUPERTINOS;2021;PRODAV 02 - PROJETO DERIVADO;_tv_excluir;207790.0;0.0;0.0;277331.08;0.0;277331.08;0.0;0.0;80000;92818.56;0.0;0.3347;0.0;0.0;0.0;0;0;0;0;;;;;0.0;;0;;0.0;;;;;;23.150.369/0001-86;;;;;;;;;;207790.0;0.385;0.385
B2200498900000;50 ANOS EM CENA;2022;PRODAV 02 - PROJETO DERIVADO;_tv_excluir;208000.0;0.0;0.0;277611.36;0.0;277611.36;0.0;0.0;80000;87738.48;0.0;0.316;0.0;0.0;0.0;0;0;0;0;;;;;4.058;adoro_critico|adoro_usuario;2;alta;;;;;;;25.278.158/0001-59;;;;;;;;;;208000.0;0.3846;0.3846
B2200040900000;A TERCEIRA ERA DO ESPIRITO SANTO: A FÉ, A FESTA E A UTOPIA;2022;PRODAV 02 - PROJETO DERIVADO;_tv_excluir;950000.0;0.0;558412.0;1322584.3;612427.75;1935012.05;0.0;0.0;60000;65803.86;0.0;0.0498;0.0;0.0;0.0;0;0;0;0;;;;;4.193;adoro_critico|adoro_usuario;2;media;0.0;;;;;;10.505.568/0001-18;;;;;;;;;;1508412.0;0.0632;0.0398
B2300005100000;AREMBEPE;2022;PRODAV 02 - PROJETO DERIVADO;_tv_excluir;208000.0;0.0;0.0;289576.35;0.0;289576.35;0.0;0.0;80000;87738.48;0.0;0.303;0.0;0.0;0.0;0;0;0;0;;;;;0.0;;0;;0.0;;;;;;00.830.735/0001-42;;;;;;;;;;208000.0;0.3846;0.3846
B2200203800000;AS GRAVAÇÕES DE TURNER NA BAHIA;2022;PRODAV 02 - PROJETO DERIVADO;_tv_excluir;203248.8;0.0;0.0;222909.26;0.0;222909.26;0.0;0.0;0;0.0;0.0;0.0;0.0;0.0;0.0;0;0;0;0;;;;;0.0;;0;;;;;;;;24.924.270/0001-57;;;;;;;;;;203248.8;0.0;0.0
B2200306500000;COSMOVISÕES;2022;PRODAV 02 - PROJETO DERIVADO;_tv_excluir;199230.0;0.0;0.0;265906.3;0.0;265906.3;0.0;0.0;80000;87738.48;0.0;0.33;0.0;0.0;0.0;0;0;0;0;;;;;0.0;;0;;;;;;;;12.502.960/0001-39;;;;;;;;;;199230.0;0.4015;0.4015
B2200313200000;ESTADOS DA ARTE - 2ª TEMPORADA - NORTE E NORDESTE;2022;PRODAV 02 - PROJETO DERIVADO;_tv_excluir;800000.0;0.0;0.0;1021561.6;0.0;1021561.6;0.0;0.0;60000;65803.86;0.0;0.0644;0.0;0.0;0.0;0;0;0;0;;;;;0.0;;0;;2.0;0.0;0.0;SHILAP Revista de lepidopterología;;;25.094.170/0001-03;;;;;;;;;;800000.0;0.075;0.075
B2200462000000;EU, EMPRESA;2022;PRODAV 02 - PROJETO DERIVADO;_tv_excluir;390000.0;0.0;0.0;520521.3;0.0;520521.3;0.0;0.0;80000;87738.48;0.0;0.1686;0.0;0.0;0.0;0;0;0;0;;;;;0.0;;0;;;;;;;;17.534.469/0001-03;;;;;;;;;;390000.0;0.2051;0.2051
B2200057500000;GAROTO, O GÊNIO DAS CORDAS;2022;PRODAV 02 - PROJETO DERIVADO;_tv_excluir;600000.0;0.0;726579.82;835316.4;796862.61;1632179.01;0.0;0.0;60000;65803.86;0.0;0.0788;0.0;0.0;0.0;0;0;0;0;;;;;3.4;adoro_critico|adoro_usuario;2;media;;;;;;;04.344.932/0001-02;;;;;;;;;;1326579.8199999998;0.1;0.0452
B2200253400000;GRANDES CENAS - 2ª TEMPORADA;2022;PRODAV 02 - PROJETO DERIVADO;_tv_excluir;636700.0;0.0;0.0;849784.39;0.0;849784.39;0.0;0.0;60000;65803.86;0.0;0.0774;0.0;0.0;0.0;0;0;0;0;;;;;0.0;;0;;3.0;2.0;1.0;Film History | OAPEN (The OAPEN Foundation) | Nursing times;;;94.625.829/0001-23;;;;;;;;;;636700.0;0.0942;0.0942
B2200457500000;GRUPO CORPO PELA MÚSICA;2022;PRODAV 02 - PROJETO DERIVADO;_tv_excluir;300000.0;0.0;0.0;417658.2;0.0;417658.2;0.0;0.0;60000;65803.86;0.0;0.1576;0.0;0.0;0.0;0;0;0;0;;;;;4.05;adoro_critico|adoro_usuario;2;alta;1.0;0.0;0.0;LA Referencia (Red Federada de Repositorios Institucionales de Publicaciones Científicas);;;02.905.155/0001-00;;;;;;;;;;300000.0;0.2;0.2
B2200209900000;HIPER PRAIA;2022;PRODAV 02 - PROJETO DERIVADO;_tv_excluir;390000.0;0.0;0.0;520521.3;0.0;520521.3;0.0;0.0;80000;87738.48;0.0;0.1686;0.0;0.0;0.0;0;0;0;0;;;;;0.0;;0;;;;;;;;03.250.728/0001-60;;;;;;;;;;390000.0;0.2051;0.2051
B2200311200000;ILHA DE TODOS OS MESTRES;2022;PRODAV 02 - PROJETO DERIVADO;_tv_excluir;249920.0;0.0;0.0;333560.73;0.0;333560.73;0.0;0.0;0;0.0;0.0;0.0;0.0;0.0;0.0;0;0;0;0;;;;;3.89;adoro_critico|adoro_usuario;2;media;;;;;;;08.578.658/0001-97;;;;;;;;;;249920.0;0.0;0.0
B2200133000000;LINDBERG LEITE, OS OLHOS DO MARANHÃO.;2022;PRODAV 02 - PROJETO DERIVADO;_tv_excluir;249990.0;0.0;0.0;333654.15;0.0;333654.15;0.0;0.0;80000;87738.48;0.0;0.263;0.0;0.0;0.0;0;0;0;0;;;;;0.0;;0;;;;;;;;16.099.989/0001-72;;;;;;;;;;249990.0;0.32;0.32
B2200322100000;O SILÊNCIO QUE CANTA POR LIBERDADE;2022;PRODAV 02 - PROJETO DERIVADO;_tv_excluir;300000.0;0.0;0.0;417658.2;0.0;417658.2;0.0;0.0;60000;65803.86;0.0;0.1576;0.0;0.0;0.0;0;0;0;0;;;;;4.1;adoro_usuario;1;baixa;;;;;;;12.743.129/0001-79;;;;;;;;;;300000.0;0.2;0.2
B2200086800000;RAJA NA ROTA;2022;PRODAV 02 - PROJETO DERIVADO;_tv_excluir;799560.0;0.0;0.0;876902.24;0.0;876902.24;0.0;0.0;80000;87738.48;0.0;0.1001;0.0;0.0;0.0;0;0;0;0;;;;;0.0;;0;;;;;;;;17.902.521/0001-37;;;;;;;;;;799560.0;0.1001;0.1001
B2200423400000;RURALIDADES BAHIA;2022;PRODAV 02 - PROJETO DERIVADO;_tv_excluir;390000.0;0.0;0.0;498011.28;0.0;498011.28;0.0;0.0;80000;87738.48;0.0;0.1762;0.0;0.0;0.0;0;0;0;0;;;;;0.0;;0;;;;;;;;25.278.158/0001-59;;;;;;;;;;390000.0;0.2051;0.2051
B2200087500000;SKATE A MAIS DE 100;2022;PRODAV 02 - PROJETO DERIVADO;_tv_excluir;238549.62;0.0;0.0;261624.76;0.0;261624.76;0.0;0.0;280000;307084.68;0.0;1.1738;0.0;0.0;0.0;0;0;0;0;;;;;4.3;adoro_usuario;1;baixa;0.0;;;;;;08.863.826/0001-96;;;;;;;;;;238549.62;1.1738;1.1738
B2200024300000;SONS DO CHORO;2022;PRODAV 02 - PROJETO DERIVADO;_tv_excluir;149950.0;0.0;0.0;164454.81;0.0;164454.81;0.0;0.0;60000;65803.86;0.0;0.4001;0.0;0.0;0.0;0;0;0;0;;;;;0.0;;0;;0.0;;;;;;07.345.730/0001-73;;;;;;;;;;149950.0;0.4001;0.4001
B2200066000000;SOU MODERNO SOU ÍNDIO;2022;PRODAV 02 - PROJETO DERIVADO;_tv_excluir;699933.5;0.0;0.0;974443.22;0.0;974443.22;0.0;0.0;60000;65803.86;0.0;0.0675;0.0;0.0;0.0;0;0;0;0;;;;;0.0;;0;;0.0;;;;;;05.572.253/0001-53;;;;;;;;;;699933.5;0.0857;0.0857
B2200231900000;TODA MENINA BAIANA - 2A TEMPORADA;2022;PRODAV 02 - PROJETO DERIVADO;_tv_excluir;1014000.0;0.0;0.0;1112085.23;0.0;1112085.23;0.0;0.0;140000;153542.34;0.0;0.1381;0.0;0.0;0.0;0;0;0;0;;;;;0.0;;0;;0.0;;;;;;16.487.027/0001-90;;;;;;;;;;1014000.0;0.1381;0.1381
B2200351600000;TRAVESSIA;2022;PRODAV 02 - PROJETO DERIVADO;_tv_excluir;419999.99;0.0;1200000.0;606648.41;1316077.2;1922725.6099999999;70125.0;92939.0;60000;65803.86;92939.0;0.2617;0.0483;0.0;0.0;0;0;0;0;;;;;3.9;adoro_usuario;1;baixa;2.0;0.0;0.0;AVANCA | CINEMA;;;08.429.784/0001-80;;;;;;;;;;1619999.99;0.3098;0.0803
B2200405900000;TRAVESSIAS;2022;PRODAV 02 - PROJETO DERIVADO;_tv_excluir;581000.0;0.0;525191.56;808864.71;575993.86;1384858.5699999998;220326.6;310644.88;60000;65803.86;310644.88;0.4654;0.2243;0.0;0.0;0;0;0;0;;;;;0.0;;0;;;;;;;;13.622.499/0001-10;;;;;;;;;;1106191.56;0.4825;0.2534
B2200185900000;UM TAKE UM SOM - 2ª TEMPORADA;2022;PRODAV 02 - PROJETO DERIVADO;_tv_excluir;180000.0;0.0;0.0;250594.92;0.0;250594.92;0.0;0.0;60000;65803.86;0.0;0.2626;0.0;0.0;0.0;0;0;0;0;;;;;0.0;;0;;;;;;;;21.082.017/0001-05;;;;;;;;;;180000.0;0.3333;0.3333
B2200291800000;YBY YARA- TERRA DO CONHECIMENTO;2022;PRODAV 02 - PROJETO DERIVADO;_tv_excluir;208000.0;0.0;0.0;277611.36;0.0;277611.36;0.0;0.0;80000;87738.48;0.0;0.316;0.0;0.0;0.0;0;0;0;0;;;;;3.708;adoro_critico|adoro_usuario;2;alta;2.0;18.0;17.0;Exchange | Reports on Progress in Physics;;;23.315.965/0001-79;;;;;;;;;;208000.0;0.3846;0.3846
B2200158100000;ZIRALDO - ERA UMA VEZ UM MENINO...;2022;PRODAV 02 - PROJETO DERIVADO;_tv_excluir;590000.0;0.0;0.0;647071.29;0.0;647071.29;0.0;0.0;60000;65803.86;0.0;0.1017;0.0;0.0;0.0;0;0;0;0;;;;;4.24;adoro_critico|adoro_usuario;2;alta;2.0;0.0;0.0;Portuguese National Funding Agency for Science, Research and Technology (RCAAP Project by FCT);;;35.794.023/0001-08;;;;;;;;;;590000.0;0.1017;0.1017
B2300352600000;A DONA DA BANCA;2023;PRODAV 02 - PROJETO DERIVADO;_tv_excluir;1578399.99;0.0;0.0;2197439.0;0.0;2197439.0;0.0;0.0;0;0.0;0.0;0.0;0.0;0.0;0.0;0;0;0;0;;;;;3.83;adoro_critico|adoro_usuario;2;media;;;;;;;72.062.029/0001-09;;;;;;;;;;1578399.99;0.0;0.0
B2300405500000;A PERSISTÊNCIA DA MEMÓRIA;2023;PRODAV 02 - PROJETO DERIVADO;_tv_excluir;740000.0;0.0;0.0;987655.8;0.0;987655.8;0.0;0.0;60000;62898.0;0.0;0.0637;0.0;0.0;0.0;0;0;0;0;;;;;3.77;adoro_critico|adoro_usuario;2;media;;;;;;;02.857.394/0001-24;;;;;;;;;;740000.0;0.0811;0.0811
B2300201700000;A SUSTENTÁVEL LEVEZA DO SER;2023;PRODAV 02 - PROJETO DERIVADO;_tv_excluir;1364763.2;0.0;0.0;1821508.5;0.0;1821508.5;0.0;0.0;120000;125796.0;0.0;0.0691;0.0;0.0;0.0;0;0;0;0;;;;;0.0;;0;;;;;;;;02.593.994/0001-22;;;;;;;;;;1364763.2;0.0879;0.0879
B2300037600000;AMAZONITA;2023;PRODAV 02 - PROJETO DERIVADO;_tv_excluir;1001000.0;0.0;0.0;1393586.19;0.0;1393586.19;0.0;0.0;60000;62898.0;0.0;0.0451;0.0;0.0;0.0;0;0;0;0;;;;;0.0;;0;;0.0;;;;;;04.661.796/0001-84;;;;;;;;;;1001000.0;0.0599;0.0599
B2300097400000;ANDANTE - 3ª TEMPORADA;2023;PRODAV 02 - PROJETO DERIVADO;_tv_excluir;520123.0;0.0;0.0;603463.35;0.0;603463.35;0.0;0.0;60000;62898.0;0.0;0.1042;0.0;0.0;0.0;0;0;0;0;;;;;0.0;;0;;0.0;;;;;;13.273.176/0001-69;;;;;;;;;;520123.0;0.1154;0.1154
B2300208400000;APRENDER A SONHAR - 2ª TEMPORADA;2023;PRODAV 02 - PROJETO DERIVADO;_tv_excluir;390000.0;0.0;0.0;520521.3;0.0;520521.3;0.0;0.0;80000;83864.0;0.0;0.1611;0.0;0.0;0.0;0;0;0;0;;;;;0.0;;0;;;;;;;;12.345.593/0001-07;;;;;;;;;;390000.0;0.2051;0.2051
B2300097200000;AQUARELA BRASILEIRA;2023;PRODAV 02 - PROJETO DERIVADO;_tv_excluir;762900.79;0.0;0.0;1062105.9;0.0;1062105.9;0.0;0.0;0;0.0;0.0;0.0;0.0;0.0;0.0;0;0;0;0;;;;;0.0;;0;;;;;;;;04.368.192/0001-44;;;;;;;;;;762900.79;0.0;0.0
B2300379200000;AS INDÍGENAS DA TERRA;2023;PRODAV 02 - PROJETO DERIVADO;_tv_excluir;208000.0;0.0;0.0;277611.36;0.0;277611.36;0.0;0.0;80000;83864.0;0.0;0.3021;0.0;0.0;0.0;0;0;0;0;;;;;3.0;adoro_usuario;1;baixa;0.0;;;;;;14.625.536/0001-07;;;;;;;;;;208000.0;0.3846;0.3846
B2300474100000;BAR BRASIL;2023;PRODAV 02 - PROJETO DERIVADO;_tv_excluir;546000.0;0.0;0.0;633486.67;0.0;633486.67;0.0;0.0;60000;62898.0;0.0;0.0993;0.0;0.0;0.0;0;0;0;0;;;;;0.0;;0;;;;;;;;22.446.460/0001-80;;;;;;;;;;546000.0;0.1099;0.1099
B2300452900000;BRASIL, 500 ANOS DE ECONOMIA;2023;PRODAV 02 - PROJETO DERIVADO;_tv_excluir;699518.0;0.0;4618000.0;1105618.98;4841049.4;5946668.380000001;0.0;0.0;0;0.0;0.0;0.0;0.0;0.0;0.0;0;0;0;0;;;;;0.0;;0;;;;;;;;71.617.252/0001-02;;;;;;;;;;5317518.0;0.0;0.0
B2300132000000;CIENTISTAS BRASILEIROS;2023;PRODAV 02 - PROJETO DERIVADO;_tv_excluir;715000.0;0.0;0.0;954289.05;0.0;954289.05;0.0;0.0;60000;62898.0;0.0;0.0659;0.0;0.0;0.0;0;0;0;0;;;;;0.0;;0;;;;;;;;06.236.625/0001-33;;;;;;;;;;715000.0;0.0839;0.0839
B2300363300000;COM AS PRÓPRIAS MÃOS;2023;PRODAV 02 - PROJETO DERIVADO;_tv_excluir;500000.0;0.0;0.0;638476.0;0.0;638476.0;0.0;0.0;60000;62898.0;0.0;0.0985;0.0;0.0;0.0;0;0;0;0;;;;;4.068;adoro_critico|adoro_usuario;2;alta;;;;;;;19.388.280/0001-85;;;;;;;;;;500000.0;0.12;0.12
B2300181500000;CONEXÕES E HASHTAGS;2023;PRODAV 02 - PROJETO DERIVADO;_tv_excluir;390000.0;0.0;960400.0;520521.3;1006787.32;1527308.6199999999;0.0;0.0;80000;83864.0;0.0;0.1611;0.0;0.0;0.0;0;0;0;0;;;;;0.0;;0;;0.0;;;;;;18.303.581/0001-04;;;;;;;;;;1350400.0;0.2051;0.0592
B2300512000000;CORPO PRESENTE;2023;PRODAV 02 - PROJETO DERIVADO;_tv_excluir;612265.5;0.0;1250.0;1139616.51;1310.38;1140926.89;3995.88;3995.88;0;0.0;3995.88;0.0035;0.0035;0.0;0.0;0;0;0;0;;;;;0.0;;0;;;;;;;;20.615.318/0001-94;;;;;;;;;;613515.5;0.0065;0.0065
B2300347000000;CUSTOMIZE!;2023;PRODAV 02 - PROJETO DERIVADO;_tv_excluir;600000.0;0.0;0.0;835316.4;0.0;835316.4;0.0;0.0;60000;62898.0;0.0;0.0753;0.0;0.0;0.0;0;0;0;0;;;;;0.0;;0;;;;;;;;03.081.598/0001-89;;;;;;;;;;600000.0;0.1;0.1
B2300441800000;DIVAS DO BRASIL;2023;PRODAV 02 - PROJETO DERIVADO;_tv_excluir;597877.32;0.0;0.0;763460.64;0.0;763460.64;0.0;0.0;120000;125796.0;0.0;0.1648;0.0;0.0;0.0;0;0;0;0;;;;;4.343;adoro_critico|adoro_usuario;2;media;0.0;;;;;;07.660.253/0001-30;;;;;;;;;;597877.32;0.2007;0.2007
B2300147000000;DIÁRIO DA PRIMAVERA;2023;PRODAV 02 - PROJETO DERIVADO;_tv_excluir;351952.82;0.0;0.0;489986.6;0.0;489986.6;0.0;0.0;120000;125796.0;0.0;0.2567;0.0;0.0;0.0;0;0;0;0;;;;;4.17;adoro_critico|adoro_usuario;2;media;0.0;;;;;;13.393.029/0001-22;;;;;;;;;;351952.82;0.341;0.341
B2300525400000;DOIS SERTÕES;2023;PRODAV 02 - PROJETO DERIVADO;_tv_excluir;600000.0;0.0;62100.0;800802.0;65099.43;865901.43;10198.44;10198.44;60000;62898.0;10198.44;0.0913;0.0118;0.0;0.0;0;0;0;0;;;;;3.775;adoro_critico;1;alta;1.0;0.0;0.0;Sitientibus;;;22.327.940/0001-22;;;;;;;;;;662100.0;0.117;0.106
B2300399000000;FLORADAS - NA TRILHA DA AGROECOLOGIA;2023;PRODAV 02 - PROJETO DERIVADO;_tv_excluir;564397.54;0.0;0.0;753284.46;0.0;753284.46;0.0;0.0;80000;83864.0;0.0;0.1113;0.0;0.0;0.0;0;0;0;0;;;;;0.0;;0;;0.0;;;;;;09.583.743/0001-06;;;;;;;;;;564397.54;0.1417;0.1417
B2300071400000;GERAIS DA PEDRA;2023;PRODAV 02 - PROJETO DERIVADO;_tv_excluir;109982.37;0.0;0.0;127605.07;0.0;127605.07;0.0;0.0;0;0.0;0.0;0.0;0.0;0.0;0.0;0;0;0;0;;;;;0.0;;0;;0.0;;;;;;20.238.227/0001-87;;;;;;;;;;109982.37;0.0;0.0
B2400417900000;LÁ EM CASA SESSIONS 3ª TEMPORADA;2023;PRODAV 02 - PROJETO DERIVADO;_tv_excluir;237120.0;0.0;0.0;260056.85;0.0;260056.85;0.0;0.0;60000;62898.0;0.0;0.2419;0.0;0.0;0.0;0;0;0;0;;;;;0.0;;0;;;;;;;;21.082.017/0001-05;;;;;;;;;;237120.0;0.253;0.253
B2300207700000;MARÉ VAZANTE;2023;PRODAV 02 - PROJETO DERIVADO;_tv_excluir;208000.0;900000.0;1600000.0;277611.36;2620750.0;2898361.36;0.0;0.0;80000;83864.0;0.0;0.3021;0.0;0.0;0.0;0;0;0;0;;;;;2.8;adoro_usuario;1;baixa;;;;;;;12.345.593/0001-07;;;;;;;;;;2708000.0;0.3846;0.0295
B2300535100000;MINHA ÁFRICA IMAGINÁRIA;2023;PRODAV 02 - PROJETO DERIVADO;_tv_excluir;109840.0;0.0;0.0;127439.88;0.0;127439.88;0.0;0.0;80000;83864.0;0.0;0.6581;0.0;0.0;0.0;0;0;0;0;;;;;0.0;;0;;;;;;;;13.117.161/0001-01;;;;;;;;;;109840.0;0.7283;0.7283
B2300516300000;NO BATUQUE DO TAMBOR;2023;PRODAV 02 - PROJETO DERIVADO;_tv_excluir;709348.8;0.0;0.0;946746.56;0.0;946746.56;0.0;0.0;0;0.0;0.0;0.0;0.0;0.0;0.0;0;0;0;0;;;;;4.3;adoro_usuario;1;baixa;;;;;;;04.113.319/0001-84;;;;;;;;;;709348.8;0.0;0.0
B2300344000000;NOITE E DIA - LIMA BARRETO: OBRA E VIDA;2023;PRODAV 02 - PROJETO DERIVADO;_tv_excluir;410000.0;0.0;0.0;475695.12;0.0;475695.12;0.0;0.0;60000;62898.0;0.0;0.1322;0.0;0.0;0.0;0;0;0;0;;;;;3.2;adoro_usuario;1;baixa;;;;;;;06.236.625/0001-33;;;;;;;;;;410000.0;0.1463;0.1463
B2300474000000;O GRÁFICO AMADOR;2023;PRODAV 02 - PROJETO DERIVADO;_tv_excluir;380000.0;0.0;0.0;507174.6;0.0;507174.6;0.0;0.0;60000;62898.0;0.0;0.124;0.0;0.0;0.0;0;0;0;0;;;;;0.0;;0;;0.0;;;;;;02.857.394/0001-24;;;;;;;;;;380000.0;0.1579;0.1579
B2300120500000;O SOM DA COR;2023;PRODAV 02 - PROJETO DERIVADO;_tv_excluir;349247.25;0.0;0.0;405207.84;0.0;405207.84;0.0;0.0;60000;62898.0;0.0;0.1552;0.0;0.0;0.0;0;0;0;0;;;;;4.287;adoro_critico|adoro_usuario;2;media;;;;;;;05.808.346/0001-34;;;;;;;;;;349247.25;0.1718;0.1718
B2300551200000;OUTRO PANTHEON;2023;PRODAV 02 - PROJETO DERIVADO;_tv_excluir;800000.0;0.0;0.0;1067736.0;0.0;1067736.0;0.0;0.0;0;0.0;0.0;0.0;0.0;0.0;0.0;0;0;0;0;;;;;0.0;;0;;0.0;;;;;;26.066.060/0001-09;;;;;;;;;;800000.0;0.0;0.0
B2300381800000;PANELA AMAZÔNIA 1ª TEMPORADA;2023;PRODAV 02 - PROJETO DERIVADO;_tv_excluir;435143.47;0.0;2000000.0;504867.38;2096600.0;2601467.38;0.0;0.0;60000;62898.0;0.0;0.1246;0.0;0.0;0.0;0;0;0;0;;;;;0.0;;0;;;;;;;;26.242.766/0001-76;;;;;;;;;;2435143.4699999997;0.1379;0.0246
B2300432800000;PIAUÍ, JORNADA PELO TESOURO DAS AMÉRICAS;2023;PRODAV 02 - PROJETO DERIVADO;_tv_excluir;600000.0;0.0;0.0;696139.2;0.0;696139.2;0.0;0.0;60000;62898.0;0.0;0.0904;0.0;0.0;0.0;0;0;0;0;;;;;0.0;;0;;;;;;;;08.578.658/0001-97;;;;;;;;;;600000.0;0.1;0.1
B2300218800000;RAW BAHIA;2023;PRODAV 02 - PROJETO DERIVADO;_tv_excluir;374500.0;0.0;0.0;499833.92;0.0;499833.92;0.0;0.0;80000;83864.0;0.0;0.1678;0.0;0.0;0.0;0;0;0;0;;;;;0.0;;0;;;;;;;;21.160.910/0001-01;;;;;;;;;;374500.0;0.2136;0.2136
B2300091700000;SALVE-ME QUEM PUDER!;2023;PRODAV 02 - PROJETO DERIVADO;_tv_excluir;159995.0;0.0;0.0;185631.32;0.0;185631.32;0.0;0.0;80000;83864.0;0.0;0.4518;0.0;0.0;0.0;0;0;0;0;;;;;0.0;;0;;;;;;;;09.325.623/0001-09;;;;;;;;;;159995.0;0.5;0.5
B2300495600000;SECULARES, O MUNDO HÁ MAIS DE CEM;2023;PRODAV 02 - PROJETO DERIVADO;_tv_excluir;1013875.0;0.0;0.0;1353188.55;0.0;1353188.55;0.0;0.0;80000;83864.0;0.0;0.062;0.0;0.0;0.0;0;0;0;0;;;;;3.767;adoro_critico;1;media;;;;;;;10.281.460/0001-99;;;;;;;;;;1013875.0;0.0789;0.0789
B2300111200000;SEGREDOS DO CORAÇÃO DA AMÉRICA DO SUL;2023;PRODAV 02 - PROJETO DERIVADO;_tv_excluir;600000.0;0.0;200000.0;696139.2;209660.0;905799.2;0.0;0.0;60000;62898.0;0.0;0.0904;0.0;0.0;0.0;0;0;0;0;;;;;3.708;adoro_critico|adoro_usuario;2;media;1.0;1.0;1.0;Journal of Applied and Natural Science;;;07.168.260/0001-10;;;;;;;;;;800000.0;0.1;0.075
B2300484500000;SIBILA NO TIJUCO;2023;PRODAV 02 - PROJETO DERIVADO;_tv_excluir;108600.0;0.0;0.0;126001.2;0.0;126001.2;0.0;0.0;80000;83864.0;0.0;0.6656;0.0;0.0;0.0;0;0;0;0;;;;;4.3;adoro_usuario;1;baixa;0.0;;;;;;12.999.768/0001-08;;;;;;;;;;108600.0;0.7366;0.7366
B2300099400000;TODOS OS SONHOS;2023;PRODAV 02 - PROJETO DERIVADO;_tv_excluir;389303.2;0.0;0.0;519591.3;0.0;519591.3;0.0;0.0;80000;83864.0;0.0;0.1614;0.0;0.0;0.0;0;0;0;0;;;;;3.32;adoro_critico;1;alta;;;;;;;19.223.689/0001-41;;;;;;;;;;389303.2;0.2055;0.2055
B2300180300000;CAPITU E O CAPITULO;2023;PRODAV 05;_tv_excluir;100000.0;580000.0;0.0;144440.1;608014.0;752454.1;92073.54;93336.6;140000;146762.0;93336.6;1.6623;0.124;0.0;0.0;0;0;0;0;;;;;3.4;adoro_usuario;1;baixa;;;;;;;02.342.813/0001-95;;;;;;;;;;680000.0;2.3207;0.3413
B1700468400000;COMO É  CRUEL VIVER ASSIM;2016;PRODAV 06;_tv_excluir;3115000.0;2790945.99;0.0;4499309.12;4150167.39;8649476.51;77922.24;102998.28;60000;89220.66;102998.28;0.0427;0.0119;0.0;0.0;0;0;0;0;;;;;4.084;adoro_critico|adoro_usuario;2;alta;;;;;;;42.473.256/0001-66;;;;;;;;;;5905945.99;0.0443;0.0234
B1700466900000;ENTRE IRMÃS;2016;PRODAV 06;_tv_excluir;3500000.0;3000000.0;150000.0;4872679.0;4684084.65;9556763.65;895485.0;1186816.12;360000;535323.96;1186816.12;0.3534;0.1242;1.2;6.0;0;0;0;0;;;;;3.3;adoro_usuario;1;baixa;0.0;;;;;;09.180.984/0001-04;;;;;;;;;;6650000.0;0.3587;0.1888
B1900056400000;GEEK TOUR ADVENTURES;2016;PRODAV 06;_tv_excluir;232650.0;0.0;0.0;336039.89;0.0;336039.89;0.0;0.0;60000;89220.66;0.0;0.2655;0.0;0.0;0.0;0;0;0;0;;;;;0.0;;0;;0.0;;;;;;03.958.889/0001-02;;;;;;;;;;232650.0;0.2579;0.2579
B1700454300000;GOSTO SE DISCUTE;2016;PRODAV 06;_tv_excluir;2647174.77;0.0;34452.82;3936378.0;51231.72;3987609.72;2598900.0;3444408.8;145000;215616.6;3444408.8;0.9298;0.8638;0.0;0.0;0;0;0;0;;;;;0.0;;0;;0.0;;;;;;05.626.923/0001-77;;;;;;;;;;2681627.59;1.0365;1.0232
B1700532600000;MESTRE CABELO;2016;PRODAV 06;_tv_excluir;638911.9;0.0;0.0;950069.02;0.0;950069.02;0.0;0.0;140000;208181.54;0.0;0.2191;0.0;0.0;0.0;0;0;0;0;;;;;0.0;;0;;0.0;;;;;;08.035.343/0001-01;;;;;;;;;;638911.9;0.2191;0.2191
B1600690400000;O AMOR NO DIVÃ;2016;PRODAV 06;_tv_excluir;269506.04;0.0;4250000.0;400758.45;6319796.75;6720555.2;67421.1;94927.0;60000;89220.66;94927.0;0.4595;0.0141;0.0;0.0;0;0;0;0;;;;;4.3;adoro_usuario;1;baixa;0.0;;;;;;09.028.371/0001-56;;;;;;;;;;4519506.04;0.4728;0.0282
B1600785000000;PRAZER EM RECEBER;2016;PRODAV 06;_tv_excluir;650000.46;0.0;0.0;966557.83;0.0;966557.83;0.0;0.0;60000;89220.66;0.0;0.0923;0.0;0.0;0.0;0;0;0;0;;;;;0.0;;0;;;;;;;;04.098.427/0001-25;;;;;;;;;;650000.46;0.0923;0.0923
B1800150400000;SAUDADE;2016;PRODAV 06;_tv_excluir;800800.0;1700000.0;3338324.0;1156676.32;7492043.21;8648719.53;34381.44;45445.68;60000;89220.66;45445.68;0.1164;0.0053;0.0;0.0;0;0;0;0;;;;;3.934;adoro_critico|adoro_usuario;2;alta;;;;;;;08.991.631/0001-21;;;;;;;;;;5839124.0;0.1179;0.0162
B1700539700000;ASAS PARA LAUREN;2017;PRODAV 06;_tv_excluir;225000.06;0.0;0.0;334577.56;0.0;334577.56;0.0;0.0;280000;404432.28;0.0;1.2088;0.0;0.0;0.0;0;0;0;0;;;;;0.0;;0;;;;;;;;04.098.427/0001-25;;;;;;;;;;225000.06;1.2444;1.2444
B1900019000000;EU SOU MAIS EU;2017;PRODAV 06;_tv_excluir;2000000.0;3000000.0;600167.0;2669340.0;5200084.81;7869424.81;2047553.1;2574658.8;65000;93886.07;2574658.8;0.9997;0.3272;0.0;0.0;0;0;0;0;;;;;4.123;adoro_critico|adoro_usuario;2;media;;;;;;;05.626.923/0001-77;;;;;;;;;;5600167.0;1.0563;0.3772
B1700552000000;FALA SÉRIO, MÃE!;2017;PRODAV 06;_tv_excluir;2750050.29;2999999.99;150000.0;4089355.03;4549863.14;8639218.17;44441535.86;58771343.4;145000;209438.15;58771343.4;14.423;6.8029;0.0;0.0;0;0;0;0;;;;;3.5;adoro_usuario;1;baixa;;;;;;;03.987.306/0001-71;;;;;;;;;;5900050.28;16.213;7.557
B1700275200000;FÉ NA BATIDA;2017;PRODAV 06;_tv_excluir;237420.0;0.0;558412.0;353046.15;806570.85;1159617.0;0.0;0.0;200000;288880.2;0.0;0.8183;0.0;0.0;0.0;0;0;0;0;;;;;3.56;adoro_critico|adoro_usuario;2;media;;;;;;;04.661.796/0001-84;;;;;;;;;;795832.0;0.8424;0.2513
B1800496100000;GRAVADOR DE HISTÓRIAS;2017;PRODAV 06;_tv_excluir;650000.0;0.0;0.0;966557.15;0.0;966557.15;0.0;0.0;120000;173328.12;0.0;0.1793;0.0;0.0;0.0;0;0;0;0;;;;;4.37;adoro_critico|adoro_usuario;2;media;0.0;;;;;;15.128.758/0001-87;;;;;;;;;;650000.0;0.1846;0.1846
B1800152000000;GUARNIERI;2017;PRODAV 06;_tv_excluir;149985.0;0.0;0.0;216638.48;0.0;216638.48;2992.96;3956.12;140000;202216.14;3956.12;0.9517;0.0183;0.0;0.0;0;0;0;0;;;;;0.0;;0;;;;;;;;04.650.621/0001-71;;;;;;;;;;149985.0;0.9534;0.9534
B1800594800000;JAZZ -MÚSICA INSTRUMENTAL BRASILEIRA;2017;PRODAV 06;_tv_excluir;272000.0;0.0;0.0;392877.07;0.0;392877.07;0.0;0.0;60000;86664.06;0.0;0.2206;0.0;0.0;0.0;0;0;0;0;;;;;4.05;adoro_critico|adoro_usuario;2;alta;;;;;;;09.559.284/0001-25;;;;;;;;;;272000.0;0.2206;0.2206
B1700605800000;LOS TERRITORIOS;2017;PRODAV 06;_tv_excluir;320000.0;0.0;0.0;462208.32;0.0;462208.32;13215.9;17454.64;0;0.0;17454.64;0.0378;0.0378;4.2;21.0;0;0;0;0;;;;;0.0;;0;;;;;;;;13.193.095/0001-59;;;;;;;;;;320000.0;0.0413;0.0413
B1700110600000;MEU CORPO, MINHA VIDA;2017;PRODAV 06;_tv_excluir;852043.5;0.0;0.0;1230692.48;0.0;1230692.48;0.0;0.0;60000;86664.06;0.0;0.0704;0.0;0.0;0.0;0;0;0;0;;;;;3.2;adoro_usuario;1;baixa;;;;;;;02.376.263/0001-25;;;;;;;;;;852043.5;0.0704;0.0704
B1800458200000;MPB 73- O ANO DA REINVENÇÃO -      EX:1973;2017;PRODAV 06;_tv_excluir;785050.0;0.0;0.0;1133927.01;0.0;1133927.01;0.0;0.0;280000;404432.28;0.0;0.3567;0.0;0.0;0.0;0;0;0;0;;;;;0.0;;0;;;;;;;;01.645.618/0001-71;;;;;;;;;;785050.0;0.3567;0.3567
B1700373800000;MÚSICA PELOS POROS;2017;PRODAV 06;_tv_excluir;325160.0;0.0;0.0;469661.43;0.0;469661.43;0.0;0.0;60000;86664.06;0.0;0.1845;0.0;0.0;0.0;0;0;0;0;;;;;4.05;adoro_critico|adoro_usuario;2;alta;;;;;;;71.743.496/0001-31;;;;;;;;;;325160.0;0.1845;0.1845
B1700611000000;OS FAROFEIROS;2017;PRODAV 06;_tv_excluir;2446579.73;2908000.0;645882.22;3533842.21;5133231.03;8667073.24;39417952.3;52102895.6;145000;209438.15;52102895.6;14.8032;6.0116;0.0;0.0;0;0;0;0;;;;;3.4;adoro_usuario;1;baixa;;;;;;;03.987.306/0001-71;;;;;;;;;;6000461.95;16.1707;6.5933
B1700332400000;QUERIDA MAMÃE;2017;PRODAV 06;_tv_excluir;2624224.17;0.0;0.0;3790432.02;0.0;3790432.02;24755.84;32722.48;140000;202216.14;32722.48;0.062;0.0086;1.4;7.0;0;0;0;0;;;;;0.0;;0;;;;;;;;67.942.250/0001-11;;;;;;;;;;2624224.17;0.0628;0.0628
B1700477000000;TUDO É PROJETO;2017;PRODAV 06;_tv_excluir;100000.0;0.0;4232.36;144440.1;6113.23;150553.33000000002;9080.0;12027.4;60000;86664.06;12027.4;0.6833;0.0799;0.0;0.0;0;0;0;0;;;;;3.8;adoro_usuario;1;baixa;;;;;;;09.019.897/0001-70;;;;;;;;;;104232.36;0.6908;0.6628
B1800425700000;A NUVEM;2018;PRODAV 06;_tv_excluir;168630.0;0.0;0.0;250754.66;0.0;250754.66;0.0;0.0;60000;83531.64;0.0;0.3331;0.0;0.0;0.0;0;0;0;0;;;;;0.0;;0;;0.0;;;;;;09.260.004/0001-83;;;;;;;;;;168630.0;0.3558;0.3558
B1900071900000;ANJOS DE IPANEMA;2018;PRODAV 06;_tv_excluir;216680.0;0.0;0.0;322205.54;0.0;322205.54;0.0;0.0;60000;83531.64;0.0;0.2592;0.0;0.0;0.0;0;0;0;0;;;;;3.8;adoro_usuario;1;baixa;;;;;;;01.456.361/0001-00;;;;;;;;;;216680.0;0.2769;0.2769
B1800379900000;ARQUIBANCADAS;2018;PRODAV 06;_tv_excluir;602740.0;0.0;0.0;896281.01;0.0;896281.01;0.0;0.0;60000;83531.64;0.0;0.0932;0.0;0.0;0.0;0;0;0;0;;;;;0.0;;0;;;;;;;;01.374.871/0001-38;;;;;;;;;;602740.0;0.0995;0.0995
B1800228200000;AUTO DE RESISTÊNCIA;2018;PRODAV 06;_tv_excluir;299955.5;0.0;0.0;433256.02;0.0;433256.02;44217.6;58447.2;60000;83531.64;58447.2;0.3277;0.1349;0.0;0.0;0;0;0;0;;;;;4.05;adoro_critico|adoro_usuario;2;alta;;;;;;;02.725.763/0001-25;;;;;;;;;;299955.5;0.3474;0.3474
B1800494400000;AYAHUASCA, EXPANSÃO DA CONSCIÊNCIA;2018;PRODAV 06;_tv_excluir;623456.98;0.0;0.0;900521.89;0.0;900521.89;0.0;0.0;60000;83531.64;0.0;0.0928;0.0;0.0;0.0;0;0;0;0;;;;;0.0;;0;;0.0;;;;;;08.035.343/0001-01;;;;;;;;;;623456.98;0.0962;0.0962
B1800441300000;CINE HOLLIÚDY 2 - A CHIBATA SIDERAL;2018;PRODAV 06;_tv_excluir;2875025.15;0.0;436000.0;4002592.76;606996.58;4609589.34;2697059.52;3391368.96;140000;194907.16;3391368.96;0.896;0.7357;0.0;0.0;0;0;0;0;;;;;4.0;adoro_usuario;1;baixa;;;;;;;02.008.424/0001-28;;;;;;;;;;3311025.15;0.9868;0.8569
B1800608100000;CLAUDE - ALÉM DA COZINHA;2018;PRODAV 06;_tv_excluir;665775.0;0.0;0.0;926887.96;0.0;926887.96;0.0;0.0;60000;83531.64;0.0;0.0901;0.0;0.0;0.0;0;0;0;0;;;;;3.97;adoro_critico|adoro_usuario;2;media;;;;;;;07.627.467/0001-05;;;;;;;;;;665775.0;0.0901;0.0901
B1800542400000;COM A PALAVRA, ARNALDO ANTUNES;2018;PRODAV 06;_tv_excluir;650000.0;0.0;0.0;938860.65;0.0;938860.65;0.0;0.0;140000;194907.16;0.0;0.2076;0.0;0.0;0.0;0;0;0;0;;;;;3.433;adoro_critico;1;alta;;;;;;;71.743.496/0001-31;;;;;;;;;;650000.0;0.2154;0.2154
B2000230800000;CONFISSÕES DE MULHERES DE 50;2018;PRODAV 06;_tv_excluir;850000.0;0.0;0.0;1183364.9;0.0;1183364.9;0.0;0.0;60000;83531.64;0.0;0.0706;0.0;0.0;0.0;0;0;0;0;;;;;4.058;adoro_critico|adoro_usuario;2;alta;0.0;;;;;;04.474.294/0001-44;;;;;;;;;;850000.0;0.0706;0.0706
B1800421800000;ELEGIA DE UM CRIME;2018;PRODAV 06;_tv_excluir;450000.0;0.0;300000.0;649980.45;417658.2;1067638.65;13850.86;17414.88;120000;167063.28;17414.88;0.2838;0.0163;0.0;0.0;0;0;0;0;;;;;4.133;adoro_critico|adoro_usuario;2;media;1.0;0.0;0.0;Revista Entrecaminos;;;13.359.654/0001-58;;;;;;;;;;750000.0;0.2974;0.1785
B1900035000000;ESQUERDA EM TRANSE;2018;PRODAV 06;_tv_excluir;399168.91;0.0;0.0;593568.56;0.0;593568.56;0.0;0.0;140000;194907.16;0.0;0.3284;0.0;0.0;0.0;0;0;0;0;;;;;2.093;adoro_critico|adoro_usuario;2;alta;;;;;;;12.106.692/0001-36;;;;;;;;;;399168.91;0.3507;0.3507
B1800462300000;EXCELENTÍSSIMOS;2018;PRODAV 06;_tv_excluir;350000.0;0.0;0.0;520453.85;0.0;520453.85;33439.37;43934.8;60000;83531.64;43934.8;0.2449;0.0844;0.0;0.0;0;0;0;0;;;;;0.0;;0;;0.0;;;;;;14.798.449/0001-51;;;;;;;;;;350000.0;0.267;0.267
B1900043300000;HACKERS - 2ª TEMPORADA;2018;PRODAV 06;_tv_excluir;240000.0;0.0;0.0;346656.24;0.0;346656.24;0.0;0.0;60000;83531.64;0.0;0.241;0.0;0.0;0.0;0;0;0;0;;;;;0.0;;0;;0.0;;;;;;08.346.159/0001-74;;;;;;;;;;240000.0;0.25;0.25
B1800505900000;MARCIA HAYDÉE;2018;PRODAV 06;_tv_excluir;100000.0;300000.0;388250.0;144440.1;958177.52;1102617.62;22450.2;28229.6;280000;389814.32;28229.6;2.8942;0.0256;0.0;0.0;0;0;0;0;;;;;0.0;;0;;2.0;0.0;0.0;Intexto | Revista FAMECOS;;;07.060.648/0001-00;;;;;;;;;;788250.0;3.0245;0.3837
B1800029400000;O AMOR DÁ TRABALHO;2018;PRODAV 06;_tv_excluir;3000000.0;2999999.99;500000.0;4333203.0;4872678.99;9205881.99;927907.96;1166777.08;140000;194907.16;1166777.08;0.3142;0.1267;0.0;0.0;0;0;0;0;;;;;4.3;adoro_usuario;1;baixa;0.0;;;;;;20.290.522/0001-82;;;;;;;;;;6499999.99;0.356;0.1643
B1800397100000;O DOUTRINADOR - O FILME;2018;PRODAV 06;_tv_excluir;5584000.0;355567.49;1100000.0;7452797.28;2026432.33;9479229.61;4269314.56;5643216.32;65000;90492.61;5643216.32;0.7693;0.5953;0.8;4.0;0;0;0;0;;;;;3.6;adoro_usuario;1;baixa;;;;;;;12.580.503/0001-62;;;;;;;;;;7039567.49;0.7762;0.6157
B1800324100000;O PACIENTE, O CASO TANCREDO NEVES;2018;PRODAV 06;_tv_excluir;2394373.07;300000.0;0.0;3458434.86;417658.2;3876093.06;613526.72;810964.84;140000;194907.16;810964.84;0.2908;0.2092;0.0;0.0;0;0;0;0;;;;;3.8;adoro_usuario;1;baixa;;;;;;;42.473.256/0001-66;;;;;;;;;;2694373.07;0.3147;0.2797
B1800546900000;OS EXTERMINADORES DO ALÉM CONTRA A LOIRA DO BANHEIRO;2018;PRODAV 06;_tv_excluir;2000000.0;2800000.0;0.0;2784388.0;3898143.2;6682531.2;2790884.77;3688932.8;0;0.0;3688932.8;1.3249;0.552;0.0;0.0;0;0;0;0;;;;;3.5;adoro_usuario;1;baixa;1.0;0.0;0.0;;;;07.276.440/0001-15;;;;;;;;;;4800000.0;1.3954;0.5814
B1900098600000;OS UNDER-UNDERGROUNDS, O COMEÇO;2018;PRODAV 06;_tv_excluir;100000.0;0.0;0.0;139219.4;0.0;139219.4;1549.46;1828.96;0;0.0;1828.96;0.0131;0.0131;0.0;0.0;0;0;0;0;;;;;3.628;adoro_critico|adoro_usuario;2;media;;;;;;;09.028.371/0001-56;;;;;;;;;;100000.0;0.0155;0.0155
B1800561800000;PAULO CASÉ;2018;PRODAV 06;_tv_excluir;847000.0;0.0;0.0;1223407.65;0.0;1223407.65;3113.3;3240.44;0;0.0;3240.44;0.0026;0.0026;0.0;0.0;0;0;0;0;;;;;0.0;;0;;;;;;;;09.558.964/0001-24;;;;;;;;;;847000.0;0.0037;0.0037
B1800586900000;SEGUNDO TAKE;2018;PRODAV 06;_tv_excluir;865593.0;0.0;0.0;1250263.39;0.0;1250263.39;0.0;0.0;200000;278438.8;0.0;0.2227;0.0;0.0;0.0;0;0;0;0;;;;;0.0;;0;;0.0;;;;;;04.661.796/0001-84;;;;;;;;;;865593.0;0.2311;0.2311
B1800223000000;SEMENTES DA EDUCAÇÃO;2018;PRODAV 06;_tv_excluir;478214.34;0.0;0.0;711109.98;0.0;711109.98;0.0;0.0;200000;278438.8;0.0;0.3916;0.0;0.0;0.0;0;0;0;0;;;;;3.732;adoro_critico|adoro_usuario;2;alta;;;;;;;05.397.945/0001-02;;;;;;;;;;478214.34;0.4182;0.4182
B1800098700000;SIMONAL;2018;PRODAV 06;_tv_excluir;3650000.0;3000000.0;807522.0;5081508.1;5300809.28;10382317.379999999;1037594.49;1304704.52;140000;194907.16;1304704.52;0.2951;0.1257;3.1;15.5;0;0;0;0;;;;;0.0;;0;;;;;;;;07.832.283/0001-87;;;;;;;;;;7457522.0;0.3226;0.1579
B1800506100000;SONHOS DE ABU - SEGUNDA TEMPORADA;2018;PRODAV 06;_tv_excluir;1634615.0;0.0;0.0;2275701.2;0.0;2275701.2;0.0;0.0;280000;389814.32;0.0;0.1713;0.0;0.0;0.0;0;0;0;0;;;;;3.32;adoro_critico;1;alta;0.0;;;;;;05.515.177/0001-44;;;;;;;;;;1634615.0;0.1713;0.1713
B1800029300000;TODOS OS PAULOS DO MUNDO;2018;PRODAV 06;_tv_excluir;650000.0;61586.2;0.0;938860.65;85739.94;1024600.5900000001;42803.84;56578.48;280000;389814.32;56578.48;0.4755;0.0552;2.7;13.5;0;0;0;0;;;;;3.927;adoro_critico|adoro_usuario;2;media;;;;;;;02.140.120/0001-10;;;;;;;;;;711586.2;0.4966;0.4536
B1900593500000;101 CANÇÕES;2019;PRODAV 06;_tv_excluir;1202000.0;0.0;0.0;1604273.34;0.0;1604273.34;0.0;0.0;60000;80080.2;0.0;0.0499;0.0;0.0;0.0;0;0;0;0;;;;;0.0;;0;;;;;;;;06.015.397/0001-71;;;;;;;;;;1202000.0;0.0499;0.0499
B1900320300000;A MULHER DA LUZ PRÓPRIA;2019;PRODAV 06;_tv_excluir;219500.33;744720.35;0.0;326399.41;993955.91;1320355.32;227.24;258.44;120000;160160.4;258.44;0.4915;0.0002;3.8;19.0;0;0;0;0;;;;;4.3;adoro_usuario;1;baixa;;;;;;;04.760.800/0001-61;;;;;;;;;;964220.6799999999;0.5477;0.1247
B1900597000000;A QUEM INTERESSA A IGNORÂNCIA?;2019;PRODAV 06;_tv_excluir;1250000.0;0.0;0.0;1805501.25;0.0;1805501.25;786.6;894.6;0;0.0;894.6;0.0005;0.0005;0.0;0.0;0;0;0;0;;;;;0.0;;0;;3.0;0.0;0.0;Paralelo 31 | LA Referencia (Red Federada de Repositorios Institucionales de Publicaciones Científicas) | Latitude;;;00.538.914/0001-00;;;;;;;;;;1250000.0;0.0006;0.0006
B1900366600000;A VIDA INVISÍVEL;2019;PRODAV 06;_tv_excluir;2529714.44;1150000.0;0.0;3376333.97;1534870.5;4911204.470000001;2159280.0;2712009.72;360000;480481.2;2712009.72;0.9455;0.5522;21.9;59.5;0;45;11;0;;;;;0.0;;0;;;;;;Oscar;Q749493;05.387.293/0001-25;;;;;;;;;;3679714.44;0.9959;0.6846
B1900198800000;ACONTECEU NA QUARTA-FEIRA (DOPPELGANGER);2019;PRODAV 06;_tv_excluir;200000.0;0.0;0.0;266934.0;0.0;266934.0;3335.91;4194.68;60000;80080.2;4194.68;0.3157;0.0157;0.0;0.0;0;0;0;0;;;;;0.0;;0;;0.0;;;;;;04.474.294/0001-44;;;;;;;;;;200000.0;0.3167;0.3167
B1900309300000;ANGEL VIANNA VOANDO COM OS PÉS NO CHÃO;2019;PRODAV 06;_tv_excluir;100000.0;0.0;0.0;139219.4;0.0;139219.4;0.0;0.0;60000;80080.2;0.0;0.5752;0.0;0.0;0.0;0;0;0;0;;;;;0.0;;0;;;;;;;;32.022.899/0001-30;;;;;;;;;;100000.0;0.6;0.6
B1900372100000;ANTENA DA RAÇA;2019;PRODAV 06;_tv_excluir;927850.0;0.0;280000.0;1340187.47;373707.6;1713895.0699999998;0.0;0.0;60000;80080.2;0.0;0.0598;0.0;0.0;0.0;0;0;0;0;;;;;4.1;adoro_usuario;1;baixa;;;;;;;05.752.246/0001-33;;;;;;;;;;1207850.0;0.0647;0.0497
B1900420300000;ARTE CONTEMPORÂNEA: DIÁLOGOS;2019;PRODAV 06;_tv_excluir;200000.0;0.0;100000.0;288880.2;133467.0;422347.2;0.0;0.0;60000;80080.2;0.0;0.2772;0.0;0.0;0.0;0;0;0;0;;;;;0.0;;0;;0.0;;;;;;06.900.652/0001-69;;;;;;;;;;300000.0;0.3;0.2
B1900120600000;ATLÂNTICO NORTE EXTREMO;2019;PRODAV 06;_tv_excluir;267091.19;0.0;0.0;385786.78;0.0;385786.78;0.0;0.0;60000;80080.2;0.0;0.2076;0.0;0.0;0.0;0;0;0;0;;;;;0.0;;0;;;;;;;;04.098.427/0001-25;;;;;;;;;;267091.19;0.2246;0.2246
B1900173600000;BAILÃO - SÉRIE ESPECIAL;2019;PRODAV 06;_tv_excluir;345000.0;0.0;0.0;480306.93;0.0;480306.93;0.0;0.0;80000;106773.6;0.0;0.2223;0.0;0.0;0.0;0;0;0;0;;;;;0.0;;0;;3.0;0.0;0.0;Atos de Pesquisa em Educação | Arteriais - Revista do Programa de Pós-Gradução em Artes;;;25.238.748/0001-58;;;;;;;;;;345000.0;0.2319;0.2319
B1900376800000;BOA NOITE;2019;PRODAV 06;_tv_excluir;525000.0;19555.09;0.0;758310.53;26099.59;784410.12;402.04;457.24;60000;80080.2;457.24;0.1062;0.0006;0.0;0.0;0;0;0;0;;;;;3.0;adoro_usuario;1;baixa;0.0;;;;;;03.360.320/0001-40;;;;;;;;;;544555.09;0.1151;0.1109
B1900468300000;CABRAS DA PESTE;2019;PRODAV 06;_tv_excluir;1730280.79;3000000.0;0.0;2408886.53;4004010.0;6412896.529999999;1944.68;2425.36;200000;266934.0;2425.36;0.1118;0.0004;0.0;0.0;0;0;0;0;;;;;3.97;adoro_critico|adoro_usuario;2;alta;;;;;;;02.008.424/0001-28;;;;;;;;;;4730280.79;0.1167;0.0427
B2000136800000;CAVERNA DO CARUSO;2019;PRODAV 06;_tv_excluir;228702.0;0.0;0.0;318397.55;0.0;318397.55;0.0;0.0;60000;80080.2;0.0;0.2515;0.0;0.0;0.0;0;0;0;0;;;;;0.0;;0;;;;;;;;06.267.302/0001-07;;;;;;;;;;228702.0;0.2624;0.2624
B1900350700000;ESPERO TUA (RE)VOLTA;2019;PRODAV 06;_tv_excluir;200000.0;200000.0;0.0;278438.8;266934.0;545372.8;44805.54;56339.92;60000;80080.2;56339.92;0.4899;0.1033;20.19;45.5;3530;0;0;0;;;;;0.0;;0;;0.0;;;;Berlim;Q61754027;09.514.942/0001-62;;;;;;;;;;400000.0;0.524;0.262
B1900487000000;FAMÍLIA DE AXÉ;2019;PRODAV 06;_tv_excluir;219837.63;0.0;0.0;293410.69;0.0;293410.69;1546.18;1928.36;280000;373707.6;1928.36;1.2802;0.0066;0.0;0.0;0;0;0;0;;;;;3.656;adoro_critico;1;alta;;;;;;;28.247.971/0001-50;;;;;;;;;;219837.63;1.2807;1.2807
B1900612000000;FILHOS DO PAI ETERNO;2019;PRODAV 06;_tv_excluir;150000.0;0.0;0.0;200200.5;0.0;200200.5;252.96;318.08;0;0.0;318.08;0.0016;0.0016;0.0;0.0;0;0;0;0;;;;;2.663;adoro_critico|adoro_usuario;2;media;0.0;;;;;;02.736.672/0001-95;;;;;;;;;;150000.0;0.0017;0.0017
B1900368000000;FIO DA MEADA;2019;PRODAV 06;_tv_excluir;399873.0;0.0;199972.0;533698.5;266896.63;800595.13;0.0;0.0;60000;80080.2;0.0;0.15;0.0;0.0;0.0;0;0;0;0;;;;;0.0;;0;;;;;;;;27.651.181/0001-72;;;;;;;;;;599845.0;0.15;0.1
B1900376200000;GIGANTE POR NATUREZA;2019;PRODAV 06;_tv_excluir;400300.0;8195456.75;0.0;534268.4;10938230.26;11472498.66;0.0;0.0;60000;80080.2;0.0;0.1499;0.0;0.0;0.0;0;0;0;0;;;;;0.0;;0;;7.0;0.0;0.0;LA Referencia (Red Federada de Repositorios Institucionales de Publicaciones Científicas) | Reciis | Revista FAMECOS;;;05.406.333/0001-39;;;;;;;;;;8595756.75;0.1499;0.007
B1900605200000;JORGE, O PADROEIRO GUERREIRO;2019;PRODAV 06;_tv_excluir;145690.0;0.0;0.0;194448.07;0.0;194448.07;695.64;874.72;0;0.0;874.72;0.0045;0.0045;0.0;0.0;0;0;0;0;;;;;4.197;adoro_critico|adoro_usuario;2;alta;0.0;;;;;;02.736.672/0001-95;;;;;;;;;;145690.0;0.0048;0.0048
B2000045700000;JUAZEIRO - CHÃO SAGRADO;2019;PRODAV 06;_tv_excluir;823600.0;0.0;0.0;1224702.26;0.0;1224702.26;0.0;0.0;60000;80080.2;0.0;0.0654;0.0;0.0;0.0;0;0;0;0;;;;;0.0;;0;;0.0;;;;;;10.505.568/0001-18;;;;;;;;;;823600.0;0.0729;0.0729
B1900421800000;LUCICREIDE VAI PRA MARTE;2019;PRODAV 06;_tv_excluir;2513399.7;3000000.0;815000.0;3630357.04;5091766.05;8722123.09;259403.2;295019.2;140000;186853.8;295019.2;0.1327;0.0338;0.0;0.0;0;0;0;0;;;;;0.0;;0;;;;;;;;07.579.479/0001-01;;;;;;;;;;6328399.7;0.1589;0.0631
B1900311700000;LUSÓFONAS;2019;PRODAV 06;_tv_excluir;395888.0;0.0;0.0;571821.02;0.0;571821.02;0.0;0.0;120000;160160.4;0.0;0.2801;0.0;0.0;0.0;0;0;0;0;;;;;0.0;;0;;0.0;;;;;;02.759.786/0001-50;;;;;;;;;;395888.0;0.3031;0.3031
B1900447800000;M8;2019;PRODAV 06;_tv_excluir;4679677.71;0.0;209591.0;6759331.16;279734.82;7039065.98;143755.44;178741.08;60000;80080.2;178741.08;0.0383;0.0254;1.6;8.0;0;0;0;0;;;;;3.934;adoro_critico|adoro_usuario;2;alta;;;;;;;10.645.895/0001-75;;;;;;;;;;4889268.71;0.0435;0.0417
B1900461500000;MUSEUS À CÉU ABERTO;2019;PRODAV 06;_tv_excluir;689260.0;0.0;0.0;995567.83;0.0;995567.83;0.0;0.0;60000;80080.2;0.0;0.0804;0.0;0.0;0.0;0;0;0;0;;;;;0.0;;0;;;;;;;;19.069.618/0001-36;;;;;;;;;;689260.0;0.087;0.087
B1900513800000;NÃO VAMOS PAGAR NADA;2019;PRODAV 06;_tv_excluir;1245817.87;3000000.0;292179.0;1662755.74;4393972.55;6056728.29;10759.5;13419.0;140000;186853.8;13419.0;0.1204;0.0022;0.0;0.0;0;0;0;0;;;;;0.0;;0;;;;;;;;23.957.635/0001-87;;;;;;;;;;4537996.87;0.121;0.0332
B1900531900000;O ASTRONAUTA TUPY;2019;PRODAV 06;_tv_excluir;400000.0;0.0;0.0;577760.4;0.0;577760.4;0.0;0.0;60000;80080.2;0.0;0.1386;0.0;0.0;0.0;0;0;0;0;;;;;2.6;adoro_usuario;1;baixa;;;;;;;03.360.320/0001-40;;;;;;;;;;400000.0;0.15;0.15
B1900453800000;O DIABO BRANCO;2019;PRODAV 06;_tv_excluir;499503.0;0.0;0.0;666671.67;0.0;666671.67;1975.24;2246.44;0;0.0;2246.44;0.0034;0.0034;0.0;0.0;0;0;0;0;;;;;4.31;adoro_critico|adoro_usuario;2;media;;;;;;;04.687.576/0001-20;;;;;;;;;;499503.0;0.004;0.004
B1900428900000;OCUPAÇÕES;2019;PRODAV 06;_tv_excluir;699109.4;0.0;0.0;1039583.37;0.0;1039583.37;0.0;0.0;120000;160160.4;0.0;0.1541;0.0;0.0;0.0;0;0;0;0;;;;;0.0;;0;;;;;;;;00.205.194/0001-61;;;;;;;;;;699109.4;0.1716;0.1716
B1900231600000;ONTEM HAVIA COISAS ESTRANHAS NO CÉU;2019;PRODAV 06;_tv_excluir;499170.0;0.0;0.0;742271.28;0.0;742271.28;797.0;994.0;0;0.0;994.0;0.0013;0.0013;2.0;10.0;0;0;0;0;;;;;4.3;adoro_usuario;1;baixa;0.0;;;;;;11.000.556/0001-02;;;;;;;;;;499170.0;0.0016;0.0016
B1900487100000;OS PARÇAS 2;2019;PRODAV 06;_tv_excluir;1823032.89;3000000.0;0.0;2433147.31;4004010.0;6437157.3100000005;21206859.63;26665143.4;140000;186853.8;26665143.4;11.0359;4.1424;0.0;0.0;0;0;0;0;;;;;2.3;adoro_usuario;1;baixa;0.0;;;;;;18.082.113/0001-49;;;;;;;;;;4823032.89;11.7095;4.426
B1900579700000;PADROEIROS OFICIAIS DO BRASIL;2019;PRODAV 06;_tv_excluir;150000.0;0.0;0.0;200200.5;0.0;200200.5;173.91;218.68;0;0.0;218.68;0.0011;0.0011;0.0;0.0;0;0;0;0;;;;;4.343;adoro_critico|adoro_usuario;2;media;0.0;;;;;;02.736.672/0001-95;;;;;;;;;;150000.0;0.0012;0.0012
B2000008700000;SALVE A MALANDRAGEM;2019;PRODAV 06;_tv_excluir;303100.14;0.0;0.0;437798.15;0.0;437798.15;0.0;0.0;60000;80080.2;0.0;0.1829;0.0;0.0;0.0;0;0;0;0;;;;;0.0;;0;;;;;;;;07.060.648/0001-00;;;;;;;;;;303100.14;0.198;0.198
B1900583000000;SERIAL KELLY;2019;PRODAV 06;_tv_excluir;3042944.16;1450000.0;0.0;4061326.28;1935271.5;5996597.779999999;47342.09;49222.88;140000;186853.8;49222.88;0.0581;0.0082;0.6;3.0;0;0;0;0;;;;;0.0;;0;;;;;;;;02.140.120/0001-10;;;;;;;;;;4492944.16;0.0616;0.0417
B1900579600000;SOB O OLHAR DO PADROEIRO;2019;PRODAV 06;_tv_excluir;150000.0;0.0;0.0;200200.5;0.0;200200.5;727.26;914.48;0;0.0;914.48;0.0046;0.0046;0.0;0.0;0;0;0;0;;;;;3.728;adoro_critico|adoro_usuario;2;media;0.0;;;;;;02.736.672/0001-95;;;;;;;;;;150000.0;0.0048;0.0048
B1900372300000;SONS AFRICANOS;2019;PRODAV 06;_tv_excluir;200000.0;0.0;0.0;288880.2;0.0;288880.2;0.0;0.0;60000;80080.2;0.0;0.2772;0.0;0.0;0.0;0;0;0;0;;;;;0.0;;0;;0.0;;;;;;06.900.652/0001-69;;;;;;;;;;200000.0;0.3;0.3
B1900072800000;TEATROS NO BRASIL  CLAUDIO SANTORO - MEMÓRIAS DO MAESTRO E DO TEATRO EM VIDA;2019;PRODAV 06;_tv_excluir;120000.0;0.0;0.0;160160.4;0.0;160160.4;268.77;337.96;120000;160160.4;337.96;1.0021;0.0021;0.0;0.0;0;0;0;0;;;;;3.2;adoro_usuario;1;baixa;0.0;;;;;;02.736.672/0001-95;;;;;;;;;;120000.0;1.0022;1.0022
B1900074000000;TEATROS NO BRASIL  TEATROS AMAZONAS - O FILHO OURO DA FLORESTA;2019;PRODAV 06;_tv_excluir;120000.0;0.0;0.0;160160.4;0.0;160160.4;521.73;656.04;120000;160160.4;656.04;1.0041;0.0041;0.0;0.0;0;0;0;0;;;;;3.962;adoro_critico|adoro_usuario;2;alta;0.0;;;;;;02.736.672/0001-95;;;;;;;;;;120000.0;1.0043;1.0043
B1900074100000;TEATROS NO BRASIL CASTRO ALVES - O TEATRO E O HOMEM;2019;PRODAV 06;_tv_excluir;120000.0;0.0;0.0;167063.28;0.0;167063.28;347.82;437.36;120000;160160.4;437.36;0.9613;0.0026;0.0;0.0;0;0;0;0;;;;;4.3;adoro_usuario;1;baixa;0.0;;;;;;02.736.672/0001-95;;;;;;;;;;120000.0;1.0029;1.0029
B1900121900000;TEATROS NO BRASIL SUDESTE MUNICIPAL - ENREDOS DA JÓIA CARIOCA;2019;PRODAV 06;_tv_excluir;120000.0;0.0;0.0;160160.4;0.0;160160.4;300.39;377.72;120000;160160.4;377.72;1.0024;0.0024;0.0;0.0;0;0;0;0;;;;;4.3;adoro_usuario;1;baixa;0.0;;;;;;02.736.672/0001-95;;;;;;;;;;120000.0;1.0025;1.0025
B1900147000000;TEATROS NO BRASIL THEATRO SÃO PEDRO - SÍMBOLO DE ARTE E RESISTÊNCIA;2019;PRODAV 06;_tv_excluir;120000.0;0.0;0.0;160160.4;0.0;160160.4;252.96;318.08;120000;160160.4;318.08;1.002;0.002;0.0;0.0;0;0;0;0;;;;;4.05;adoro_critico|adoro_usuario;2;alta;0.0;;;;;;02.736.672/0001-95;;;;;;;;;;120000.0;1.0021;1.0021
B1900411500000;TEKOAYHU - AMIZADE;2019;PRODAV 06;_tv_excluir;388310.0;0.0;0.0;560875.35;0.0;560875.35;0.0;0.0;60000;80080.2;0.0;0.1428;0.0;0.0;0.0;0;0;0;0;;;;;0.0;;0;;0.0;;;;;;00.639.143/0001-48;;;;;;;;;;388310.0;0.1545;0.1545
B1900525000000;UMA GAROTA CHAMADA MARINA;2019;PRODAV 06;_tv_excluir;360000.0;0.0;0.0;519984.36;0.0;519984.36;10711.68;13359.36;60000;80080.2;13359.36;0.1797;0.0257;0.0;0.0;0;0;0;0;;;;;3.89;adoro_critico|adoro_usuario;2;media;1.0;4.0;4.0;Latin American Research Review;;;02.972.707/0001-95;;;;;;;;;;360000.0;0.1964;0.1964
B1900584500000;UTOPIA BRASIL;2019;PRODAV 06;_tv_excluir;699490.0;0.0;6290.0;1040149.32;8395.07;1048544.3899999999;0.0;0.0;0;0.0;0.0;0.0;0.0;0.0;0.0;0;0;0;0;;;;;0.0;;0;;;;;;;;14.263.150/0001-00;;;;;;;;;;705780.0;0.0;0.0
B1900448000000;VEREDAS DO BRASIL - ESTRADA REAL E SEUS OFÍCIOS;2019;PRODAV 06;_tv_excluir;700000.0;0.0;4000000.0;1040907.7;5338680.0;6379587.7;0.0;0.0;60000;80080.2;0.0;0.0769;0.0;0.0;0.0;0;0;0;0;;;;;4.343;adoro_critico|adoro_usuario;2;media;;;;;;;10.407.637/0001-50;;;;;;;;;;4700000.0;0.0857;0.0128
B1900263600000;VESTÍGIOS DO BRASIL;2019;PRODAV 06;_tv_excluir;803476.34;0.0;0.0;1118594.94;0.0;1118594.94;0.0;0.0;60000;80080.2;0.0;0.0716;0.0;0.0;0.0;0;0;0;0;;;;;4.343;adoro_critico|adoro_usuario;2;media;;;;;;;73.947.392/0001-74;;;;;;;;;;803476.34;0.0747;0.0747
B2000439400000;AMOR DE 4 + 1;2020;PRODAV 06;_tv_excluir;2100000.0;0.0;940000.0;2923607.4;1200334.88;4123942.28;0.0;0.0;60000;76617.12;0.0;0.0262;0.0;0.0;0.0;0;0;0;0;;;;;4.3;adoro_usuario;1;baixa;;;;;;;13.914.178/0001-90;;;;;;;;;;3040000.0;0.0286;0.0197
B2000112600000;ARIANO APRESENTA: O AUTO DA BOA MENTIRA;2020;PRODAV 06;_tv_excluir;729684.26;0.0;0.0;931771.78;0.0;931771.78;213378.36;242675.16;140000;178773.28;242675.16;0.4523;0.2604;0.0;0.0;0;0;0;0;;;;;4.445;adoro_critico|adoro_usuario;2;media;;;;;;;06.900.652/0001-69;;;;;;;;;;729684.26;0.4843;0.4843
B2000158900000;CHORÃO: MARGINAL ALADO;2020;PRODAV 06;_tv_excluir;458068.75;500000.0;50000.0;611370.62;702323.6;1313694.22;11117.28;12643.68;60000;76617.12;12643.68;0.146;0.0096;2.4;12.0;0;0;0;0;;;;;0.0;;0;;0.0;;;;;;19.069.618/0001-36;;;;;;;;;;1008068.75;0.1553;0.0705
B2000078000000;DEPOIS A LOUCA SOU EU;2020;PRODAV 06;_tv_excluir;3720939.7;3000000.0;487843.0;4966226.59;4453808.09;9420034.68;232851.08;264821.48;200000;255390.4;264821.48;0.1047;0.0281;0.0;0.0;0;0;0;0;;;;;4.123;adoro_critico|adoro_usuario;2;media;;;;;;;04.551.480/0001-30;;;;;;;;;;7208782.7;0.1163;0.06
B2000205300000;EM BUSCA DA ESSÊNCIA NA COZINHA;2020;PRODAV 06;_tv_excluir;664895.0;0.0;0.0;925662.83;0.0;925662.83;0.0;0.0;60000;76617.12;0.0;0.0828;0.0;0.0;0.0;0;0;0;0;;;;;3.8;adoro_critico;1;media;0.0;;;;;;07.627.467/0001-05;;;;;;;;;;664895.0;0.0902;0.0902
B2000050400000;HISTÓRIAS DE CARNAVAL - SÉRIE ESPECIAL;2020;PRODAV 06;_tv_excluir;454452.41;0.0;0.0;606544.0;0.0;606544.0;0.0;0.0;140000;178773.28;0.0;0.2947;0.0;0.0;0.0;0;0;0;0;;;;;3.062;adoro_critico|adoro_usuario;2;alta;;;;;;;25.238.748/0001-58;;;;;;;;;;454452.41;0.3081;0.3081
B2000043200000;LEGADO ITALIANO;2020;PRODAV 06;_tv_excluir;400000.0;200000.0;106400.0;577760.4;391258.09;969018.49;1447.38;1749.44;0;0.0;1749.44;0.003;0.0018;0.0;0.0;0;0;0;0;;;;;0.0;;0;;0.0;;;;;;03.987.306/0001-71;;;;;;;;;;706400.0;0.0036;0.002
B2000233900000;MANGUE BIT;2020;PRODAV 06;_tv_excluir;744548.35;0.0;500000.0;1075426.38;638476.0;1713902.38;0.0;0.0;60000;76617.12;0.0;0.0712;0.0;0.0;0.0;0;0;0;0;;;;;0.0;;0;;;;;;;;05.246.567/0001-66;;;;;;;;;;1244548.35;0.0806;0.0482
B2000002200000;MATCHES;2020;PRODAV 06;_tv_excluir;3000000.0;5920576.92;0.0;4176582.0;7560292.54;11736874.54;0.0;0.0;60000;76617.12;0.0;0.0183;0.0;0.0;0.0;0;0;0;0;;;;;0.0;;0;;10.0;1.0;1.0;LA Referencia (Red Federada de Repositorios Institucionales de Publicaciones Científicas) | Rebeca - Revista Brasileira de Estudos de Cinema e Audiovisual | DOC online - Revista Digital de Cinema Documentário;;;10.645.895/0001-75;;;;;;;;;;8920576.92;0.02;0.0067
B2000339200000;NAZINHA, OLHAI POR NÓS;2020;PRODAV 06;_tv_excluir;163987.7;300000.0;0.0;218869.46;383085.6;601955.0599999999;367.08;417.48;280000;357546.56;417.48;1.6355;0.0007;0.0;0.0;0;0;0;0;;;;;3.6;adoro_usuario;1;baixa;;;;;;;04.661.796/0001-84;;;;;;;;;;463987.7;1.7097;0.6043
B2000405700000;NOTURNOS 1ª TEMPORADA;2020;PRODAV 06;_tv_excluir;1350000.0;0.0;0.0;1879461.9;0.0;1879461.9;0.0;0.0;60000;76617.12;0.0;0.0408;0.0;0.0;0.0;0;0;0;0;;;;;0.0;;0;;12.0;0.0;0.0;Rebeca - Revista Brasileira de Estudos de Cinema e Audiovisual | Logos | Brasiliana- Journal for Brazilian Studies;Rotterdam;Q61641235;23.957.635/0001-87;;;;;;;;;;1350000.0;0.0444;0.0444
B2000439700000;NOTURNOS 2ª TEMPORADA;2020;PRODAV 06;_tv_excluir;1350000.0;0.0;0.0;1879461.9;0.0;1879461.9;0.0;0.0;60000;76617.12;0.0;0.0408;0.0;0.0;0.0;0;0;0;0;;;;;0.0;;0;;12.0;0.0;0.0;Rebeca - Revista Brasileira de Estudos de Cinema e Audiovisual | Logos | Brasiliana- Journal for Brazilian Studies;Rotterdam;Q61641235;23.957.635/0001-87;;;;;;;;;;1350000.0;0.0444;0.0444
B2000201000000;O MÊS QUE NÃO TERMINOU;2020;PRODAV 06;_tv_excluir;360000.0;0.0;0.0;501189.84;0.0;501189.84;0.0;0.0;60000;76617.12;0.0;0.1529;0.0;0.0;0.0;0;0;0;0;;;;;3.933;adoro_critico|adoro_usuario;2;media;;;;;;;10.519.798/0001-36;;;;;;;;;;360000.0;0.1667;0.1667
B2000142200000;O PARADOXO DA DEMOCRACIA;2020;PRODAV 06;_tv_excluir;461050.79;0.0;0.0;665942.22;0.0;665942.22;0.0;0.0;60000;76617.12;0.0;0.1151;0.0;0.0;0.0;0;0;0;0;;;;;0.0;;0;;;;;;;;04.661.796/0001-84;;;;;;;;;;461050.79;0.1301;0.1301
B2000322300000;O QUE QUEREM AS MULHERES?;2020;PRODAV 06;_tv_excluir;542605.8;0.0;0.0;724199.68;0.0;724199.68;0.0;0.0;60000;76617.12;0.0;0.1058;0.0;0.0;0.0;0;0;0;0;;;;;4.4;adoro_usuario;1;baixa;;;;;;;33.139.692/0001-02;;;;;;;;;;542605.8;0.1106;0.1106
B2000532000000;PACIFIED;2020;PRODAV 06;_tv_excluir;300000.0;3000000.0;663000.0;400401.0;4677475.18;5077876.18;21583.0;22464.4;0;0.0;22464.4;0.0561;0.0044;8.6;43.0;0;0;0;0;;;;;0.0;;0;;;;;;;;23.541.197/0001-71;;;;;;;;;;3963000.0;0.0719;0.0054
B2000556500000;POR TRÁS DAS CÂMERAS;2020;PRODAV 06;_tv_excluir;230971.94;0.0;0.0;308271.32;0.0;308271.32;0.0;0.0;60000;76617.12;0.0;0.2485;0.0;0.0;0.0;0;0;0;0;;;;;0.0;;0;;2.0;0.0;0.0;Alphaville Journal of Film and Screen Media | Jagiellonian University Repository (Jagiellonian University);;;02.145.146/0001-50;;;;;;;;;;230971.94;0.2598;0.2598
B2000117400000;ROCKY & HUDSON: OS CAUBÓIS GAYS;2020;PRODAV 06;_tv_excluir;950000.0;0.0;0.0;1372180.95;0.0;1372180.95;0.0;0.0;280000;357546.56;0.0;0.2606;0.0;0.0;0.0;0;0;0;0;;;;;0.0;;0;;0.0;;;;;;87.435.368/0001-60;;;;;;;;;;950000.0;0.2947;0.2947
B2000200600000;RUA DO SOBE E DESCE, NÚMERO QUE DESAPARECE;2020;PRODAV 06;_tv_excluir;1200000.0;0.0;0.0;1532342.4;0.0;1532342.4;0.0;0.0;280000;357546.56;0.0;0.2333;0.0;0.0;0.0;0;0;0;0;;;;;0.0;;0;;;;;;;;03.191.048/0001-12;;;;;;;;;;1200000.0;0.2333;0.2333
B2000097600000;SELVAGEM;2020;PRODAV 06;_tv_excluir;435000.0;200000.0;0.0;605604.39;255390.4;860994.79;18808.48;21390.88;60000;76617.12;21390.88;0.1618;0.0248;0.0;0.0;0;0;0;0;;;;;4.38;adoro_critico|adoro_usuario;2;alta;1.0;0.0;0.0;The Institutional Repository at DePaul University (DePaul University);;;14.341.183/0001-13;;;;;;;;;;635000.0;0.1812;0.1241
B2000513600000;UM TIO QUASE PERFEITO 2;2020;PRODAV 06;_tv_excluir;3000000.0;3000000.0;418263.0;4004010.0;4364957.77;8368967.77;1387405.08;1577895.48;140000;178773.28;1577895.48;0.4387;0.1885;0.0;0.0;0;0;0;0;;;;;3.0;adoro_usuario;1;baixa;;;;;;;15.367.770/0001-44;;;;;;;;;;6418263.0;0.5091;0.238
B2100460000000;8 PRESIDENTES 1 JURAMENTO - A HISTÓRIA DE UM TEMPO PRESENTE;2021;PRODAV 06;_tv_excluir;1382000.0;537779.98;0.0;1603440.62;623949.54;2227390.16;0.0;0.0;60000;69613.92;0.0;0.0434;0.0;0.0;0.0;0;0;0;0;;;;;3.648;adoro_critico|adoro_usuario;2;alta;33.0;76.0;16.0;LA Referencia (Red Federada de Repositorios Institucionales de Publicaciones Científicas) | Comunicação & Educação | Significação Revista de Cultura Audiovisual;;;28.026.565/0001-67;;;;;;;;;;1919779.98;0.0434;0.0313
B2100075900000;A RUPTURA;2021;PRODAV 06;_tv_excluir;1200000.0;0.0;0.0;1601604.0;0.0;1601604.0;549.08;556.64;0;0.0;556.64;0.0003;0.0003;0.0;0.0;0;0;0;0;;;;;0.0;;0;;;;;;;;00.538.914/0001-00;;;;;;;;;;1200000.0;0.0005;0.0005
B2100156800000;ALVORADA;2021;PRODAV 06;_tv_excluir;953000.0;0.0;0.0;1271940.51;0.0;1271940.51;20842.04;23637.32;60000;69613.92;23637.32;0.0733;0.0186;0.0;0.0;0;0;0;0;;;;;3.82;adoro_critico|adoro_usuario;2;alta;0.0;;;;;;64.047.665/0001-33;;;;;;;;;;953000.0;0.0848;0.0848
B2100323100000;ANGELI THE KILLER - 2º TEMPORADA;2021;PRODAV 06;_tv_excluir;2579780.0;0.0;0.0;2993143.31;0.0;2993143.31;0.0;0.0;60000;69613.92;0.0;0.0233;0.0;0.0;0.0;0;0;0;0;;;;;2.627;adoro_critico|adoro_usuario;2;alta;6.0;0.0;0.0;Portuguese National Funding Agency for Science, Research and Technology (RCAAP Project by FCT) | Aniki Revista Portuguesa da Imagem em Movimento | Zenodo (CERN European Organization for Nuclear Research);;;03.746.956/0001-25;;;;;;;;;;2579780.0;0.0233;0.0233
B2100450300000;ANJO LOIRO COM SANGUE NO CABELO;2021;PRODAV 06;_tv_excluir;1874258.04;0.0;0.0;2707180.19;0.0;2707180.19;0.0;0.0;60000;69613.92;0.0;0.0257;0.0;0.0;0.0;0;0;0;0;;;;;4.3;adoro_usuario;1;baixa;1.0;0.0;0.0;Rebeca - Revista Brasileira de Estudos de Cinema e Audiovisual;Rotterdam;Q61671969;01.125.538/0001-95;;;;;;;;;;1874258.04;0.032;0.032
B2100217300000;ANTENA DA RAÇA - O FILME;2021;PRODAV 06;_tv_excluir;700000.0;0.0;280000.0;974535.8;324864.96;1299400.76;0.0;0.0;60000;69613.92;0.0;0.0714;0.0;0.0;0.0;0;0;0;0;;;;;4.1;adoro_usuario;1;baixa;;;;;;;05.752.246/0001-33;;;;;;;;;;980000.0;0.0857;0.0612
B2100266100000;CAMINHO DA RENDA - A HISTÓRIA DOS IMPOSTOS NO BRASIL;2021;PRODAV 06;_tv_excluir;410410.0;0.0;1121000.0;571370.34;1300620.07;1871990.4100000001;0.0;0.0;60000;69613.92;0.0;0.1218;0.0;0.0;0.0;0;0;0;0;;;;;4.3;adoro_usuario;1;baixa;1.0;36.0;36.0;Journal of Food Science and Technology;;;00.360.459/0001-04;;;;;;;;;;1531410.0;0.1462;0.0392
B2100199000000;CANTADA DE MINA;2021;PRODAV 06;_tv_excluir;546000.0;0.0;0.0;760137.92;0.0;760137.92;0.0;0.0;60000;69613.92;0.0;0.0916;0.0;0.0;0.0;0;0;0;0;;;;;0.0;;0;;0.0;;;;Berlim;Q61754027;13.510.088/0001-33;;;;;;;;;;546000.0;0.1099;0.1099
B2100113400000;CHICO MARIO, A MELODIA DA LIBERDADE;2021;PRODAV 06;_tv_excluir;439971.65;0.0;240004.48;612525.89;278460.88;890986.77;0.0;0.0;60000;69613.92;0.0;0.1137;0.0;0.0;0.0;0;0;0;0;;;;;4.287;adoro_critico|adoro_usuario;2;media;;;;;;;27.651.181/0001-72;;;;;;;;;;679976.13;0.1364;0.0882
B2100301600000;CHÃO DE ESTRELAS;2021;PRODAV 06;_tv_excluir;2800000.0;0.0;0.0;3898143.2;0.0;3898143.2;0.0;0.0;60000;69613.92;0.0;0.0179;0.0;0.0;0.0;0;0;0;0;;;;;4.227;adoro_critico|adoro_usuario;2;media;;;;;;;27.999.931/0001-00;;;;;;;;;;2800000.0;0.0214;0.0214
B2100497800000;HERMANOTEU NA TERRA DE GODAH;2021;PRODAV 06;_tv_excluir;1818996.66;2700000.0;1500000.0;2532396.24;4872974.4;7405370.640000001;139.84;159.04;60000;69613.92;159.04;0.0276;0.0;0.0;0.0;0;0;0;0;;;;;3.605;adoro_critico|adoro_usuario;2;alta;;;;;;;09.558.964/0001-24;;;;;;;;;;6018996.66;0.0331;0.01
B2100497300000;HISTÓRIAS DA CIDADANIA;2021;PRODAV 06;_tv_excluir;498320.0;0.0;0.0;665092.75;0.0;665092.75;0.0;0.0;60000;69613.92;0.0;0.1047;0.0;0.0;0.0;0;0;0;0;;;;;0.0;;0;;;;;;;;06.023.805/0001-37;;;;;;;;;;498320.0;0.1204;0.1204
B2100217200000;MATA;2021;PRODAV 06;_tv_excluir;220000.0;6483154.46;0.0;306282.68;7521963.27;7828245.949999999;0.0;0.0;60000;69613.92;0.0;0.2273;0.0;0.0;0.0;0;0;0;0;;;;;3.095;adoro_critico|adoro_usuario;2;alta;0.0;;;;;;05.958.016/0001-25;;;;;;;;;;6703154.46;0.2727;0.009
B2100452100000;NINA;2021;PRODAV 06;_tv_excluir;1500000.0;0.0;2039614.0;2002005.0;2366425.43;4368430.43;1503.28;1709.68;0;0.0;1709.68;0.0009;0.0004;0.0;0.0;0;0;0;0;;;;;3.817;adoro_critico|adoro_usuario;2;alta;;;;;;;01.231.528/0001-34;;;;;;;;;;3539614.0;0.001;0.0004
B2100357900000;O RIO DOS IMIGRANTES;2021;PRODAV 06;_tv_excluir;410104.9;0.0;15000.0;592355.93;17403.48;609759.41;0.0;0.0;60000;69613.92;0.0;0.1175;0.0;0.0;0.0;0;0;0;0;;;;;4.225;adoro_critico|adoro_usuario;2;alta;;;;;;;14.645.357/0001-31;;;;;;;;;;425104.9;0.1463;0.1411
B2100010600000;OS QUATRO PARALAMAS;2021;PRODAV 06;_tv_excluir;901021.44;0.0;0.0;1301436.27;0.0;1301436.27;0.0;0.0;60000;69613.92;0.0;0.0535;0.0;0.0;0.0;0;0;0;0;;;;;3.3;adoro_usuario;1;baixa;;;;;;;03.360.320/0001-40;;;;;;;;;;901021.44;0.0666;0.0666
B2100301200000;PRAIA DA SAUDADE;2021;PRODAV 06;_tv_excluir;150833.98;0.0;0.0;209990.16;0.0;209990.16;14552.16;14552.16;120000;139227.84;14552.16;0.7323;0.0693;0.0;0.0;0;0;0;0;;;;;0.0;;0;;;;;;;;04.760.800/0001-61;;;;;;;;;;150833.98;0.8921;0.8921
B2100322700000;QUATRO AMIGAS NUMA FRIA;2021;PRODAV 06;_tv_excluir;2457043.06;2999999.82;328421.0;3548955.45;3861740.34;7410695.79;275651.2;286908.16;0;0.0;286908.16;0.0808;0.0387;0.0;0.0;0;0;0;0;;;;;4.138;adoro_critico|adoro_usuario;2;media;;;;;;;01.378.559/0001-12;;;;;;;;;;5785463.88;0.1122;0.0476
B2100076100000;QUEM PRECISA DE IDENTIDADE?;2021;PRODAV 06;_tv_excluir;286855.67;0.0;0.0;399358.74;0.0;399358.74;0.0;0.0;60000;69613.92;0.0;0.1743;0.0;0.0;0.0;0;0;0;0;;;;;4.068;adoro_critico|adoro_usuario;2;alta;;;;;;;11.248.548/0001-71;;;;;;;;;;286855.67;0.2092;0.2092
B2100110200000;SOL DA BAHIA;2021;PRODAV 06;_tv_excluir;664381.33;0.0;0.0;924947.7;0.0;924947.7;0.0;0.0;60000;69613.92;0.0;0.0753;0.0;0.0;0.0;0;0;0;0;;;;;3.88;adoro_critico;1;alta;;;;;;;05.064.901/0001-60;;;;;;;;;;664381.33;0.0903;0.0903
B2100014600000;SOM DA RUA - TEMPORADA 3;2021;PRODAV 06;_tv_excluir;1000000.0;0.0;297413.03;1160232.0;345068.11;1505300.1099999999;0.0;0.0;60000;69613.92;0.0;0.06;0.0;0.0;0.0;0;0;0;0;;;;;4.287;adoro_critico|adoro_usuario;2;media;;;;;;;03.360.320/0001-40;;;;;;;;;;1297413.03;0.06;0.0462
B2200325000000;A PORTA AO LADO;2022;PRODAV 06;_tv_excluir;4073854.15;551463.89;0.0;5437250.92;604807.54;6042058.46;19943.37;20217.96;60000;65803.86;20217.96;0.0158;0.0033;0.0;0.0;0;0;0;0;;;;;3.171;adoro_critico;1;alta;;;;;;;42.473.256/0001-66;;;;;;;;;;4625318.04;0.0196;0.0173
B2200146300000;ALÉM DE NÓS;2022;PRODAV 06;_tv_excluir;1901541.86;150000.0;0.0;2647315.17;164509.65;2811824.82;7902.83;8011.64;0;0.0;8011.64;0.003;0.0028;0.0;0.0;0;0;0;0;;;;;3.6;adoro_usuario;1;baixa;;;;;;;12.667.775/0001-02;;;;;;;;;;2051541.86;0.0042;0.0039
B2200250500000;BARRAGEM;2022;PRODAV 06;_tv_excluir;505795.54;0.0;0.0;704165.52;0.0;704165.52;0.0;0.0;60000;65803.86;0.0;0.0934;0.0;0.0;0.0;0;0;0;0;;;;;0.0;;0;;0.0;;;;;;05.958.016/0001-25;;;;;;;;;;505795.54;0.1186;0.1186
B2200504100000;DESAPEGA;2022;PRODAV 06;_tv_excluir;4173584.85;0.0;0.0;4842326.7;0.0;4842326.7;3084485.08;3126905.32;60000;65803.86;3126905.32;0.6593;0.6457;0.0;0.0;0;0;0;0;;;;;0.0;;0;;;;;;;;17.383.231/0001-24;;;;;;;;;;4173584.85;0.7534;0.7534
B2200250300000;EIKE, TUDO OU NADA;2022;PRODAV 06;_tv_excluir;6269868.39;3000000.0;0.0;8368205.24;3290193.0;11658398.24;352700.6;367104.08;60000;65803.86;367104.08;0.0517;0.0315;0.0;0.0;0;0;0;0;;;;;3.63;adoro_critico|adoro_usuario;2;alta;0.0;;;;;;42.473.256/0001-66;;;;;;;;;;9269868.39;0.0658;0.0445
B2300001000000;MANDADO;2022;PRODAV 06;_tv_excluir;169775.51;0.0;0.0;196978.98;0.0;196978.98;0.0;0.0;60000;65803.86;0.0;0.3341;0.0;0.0;0.0;0;0;0;0;;;;;0.0;;0;;0.0;;;;;;00.962.888/0001-43;;;;;;;;;;169775.51;0.3534;0.3534
B2200015800000;MANUFATURA FASHION;2022;PRODAV 06;_tv_excluir;660000.0;0.0;0.0;918848.04;0.0;918848.04;0.0;0.0;60000;65803.86;0.0;0.0716;0.0;0.0;0.0;0;0;0;0;;;;;0.0;;0;;;;;;;;17.902.521/0001-37;;;;;;;;;;660000.0;0.0909;0.0909
B2200202800000;NA FORÇA DA LEI;2022;PRODAV 06;_tv_excluir;779557.91;0.0;0.0;1085295.84;0.0;1085295.84;0.0;0.0;60000;65803.86;0.0;0.0606;0.0;0.0;0.0;0;0;0;0;;;;;4.3;adoro_usuario;1;baixa;;;;;;;05.064.901/0001-60;;;;;;;;;;779557.91;0.077;0.077
B2200186300000;PAISAGEM CONCRETA;2022;PRODAV 06;_tv_excluir;70000.0;0.0;0.0;81216.24;0.0;81216.24;0.0;0.0;60000;65803.86;0.0;0.8102;0.0;0.0;0.0;0;0;0;0;;;;;0.0;;0;;;;;;;;09.019.897/0001-70;;;;;;;;;;70000.0;0.8571;0.8571
B2200003500000;TÔ RYCA! 2;2022;PRODAV 06;_tv_excluir;3386091.1;2999999.9899999998;0.0;4714095.71;3290192.99;8004288.7;10070742.4;10482008.32;140000;153542.34;10482008.32;2.2561;1.3095;0.0;0.0;0;0;0;0;;;;;3.85;adoro_critico|adoro_usuario;2;alta;;;;;;;02.140.164/0001-40;;;;;;;;;;6386091.09;3.0155;1.5989
B2300271800000;1968 UM ANO NA VIDA;2023;PRODAV 06;_tv_excluir;349999.1;0.0;0.0;406080.16;0.0;406080.16;0.0;0.0;60000;62898.0;0.0;0.1549;0.0;0.0;0.0;0;0;0;0;;;;;3.2;adoro_usuario;1;baixa;0.0;;;;;;03.760.043/0001-63;;;;;;;;;;349999.1;0.1714;0.1714
B2300440000000;A ÉTICA DO SILÊNCIO;2023;PRODAV 06;_tv_excluir;500000.0;0.0;0.0;580116.0;0.0;580116.0;0.0;0.0;60000;62898.0;0.0;0.1084;0.0;0.0;0.0;0;0;0;0;;;;;4.1;adoro_usuario;1;baixa;;;;;;;09.372.544/0001-59;;;;;;;;;;500000.0;0.12;0.12
B2300139500000;AMADOS ENCONTROS;2023;PRODAV 06;_tv_excluir;520900.76;0.0;0.0;725194.91;0.0;725194.91;0.0;0.0;60000;62898.0;0.0;0.0867;0.0;0.0;0.0;0;0;0;0;;;;;0.0;;0;;;;;;;;07.467.108/0001-38;;;;;;;;;;520900.76;0.1152;0.1152
B2300484200000;AS AVENTURAS DE POLIANA - O FILME;2023;PRODAV 06;_tv_excluir;2931294.37;3000000.0;1000000.0;3214841.41;4193200.0;7408041.41;2076115.39;2104675.72;0;0.0;2104675.72;0.6547;0.2841;0.0;0.0;0;0;0;0;;;;;3.833;adoro_critico|adoro_usuario;2;alta;0.0;;;;;;05.565.485/0001-84;;;;;;;;;;6931294.37;0.7083;0.2995
B2300270400000;COMPRO LIKES;2023;PRODAV 06;_tv_excluir;1616629.83;0.0;0.0;2157667.34;0.0;2157667.34;0.0;0.0;0;0.0;0.0;0.0;0.0;0.0;0.0;0;0;0;0;;;;;0.0;;0;;0.0;;;;;;02.593.994/0001-22;;;;;;;;;;1616629.83;0.0;0.0
B2300205100000;ELIS & TOM, SÓ TINHA DE SER COM VOCÊ;2023;PRODAV 06;_tv_excluir;1000000.0;3000000.0;2030000.0;1048300.0;5272949.0;6321249.0;1655524.96;1678130.44;60000;62898.0;1678130.44;1.6608;0.2655;11.5;0.0;4789;0;0;0;;;;;3.8;adoro_usuario;1;baixa;;;;;;;06.015.397/0001-71;;;;;;;;;;6030000.0;1.7155;0.2845
B2300531000000;EU SOU O SAMBA MAS PODE ME CHAMAR DE ZÉ KETTI;2023;PRODAV 06;_tv_excluir;725000.0;0.0;867000.0;760017.5;908876.1;1668893.6;0.0;0.0;60000;62898.0;0.0;0.0828;0.0;0.0;0.0;0;0;0;0;;;;;3.975;adoro_critico;1;alta;;;;;;;01.456.361/0001-00;;;;;;;;;;1592000.0;0.0828;0.0377
B2300270600000;LEOPOLDINA, A IMPERATRIZ DO BRASIL;2023;PRODAV 06;_tv_excluir;400000.0;0.0;0.0;419320.0;0.0;419320.0;0.0;0.0;60000;62898.0;0.0;0.15;0.0;0.0;0.0;0;0;0;0;;;;;4.343;adoro_critico|adoro_usuario;2;media;0.0;;;;;;04.661.796/0001-84;;;;;;;;;;400000.0;0.15;0.15
B2300364800000;MATA SELVAGEM;2023;PRODAV 06;_tv_excluir;168562.0;0.0;0.0;184867.17;0.0;184867.17;0.0;0.0;60000;62898.0;0.0;0.3402;0.0;0.0;0.0;0;0;0;0;;;;;3.905;adoro_critico|adoro_usuario;2;alta;;;;;;;15.281.532/0001-11;;;;;;;;;;168562.0;0.356;0.356
B2300186600000;MOBYLAS;2023;PRODAV 06;_tv_excluir;738117.05;0.0;0.0;809515.85;0.0;809515.85;0.0;0.0;60000;62898.0;0.0;0.0777;0.0;0.0;0.0;0;0;0;0;;;;;0.0;;0;;;;;;;;07.929.498/0001-10;;;;;;;;;;738117.05;0.0813;0.0813
B2300499100000;MÃES DA TERRA;2023;PRODAV 06;_tv_excluir;700000.0;0.0;0.0;934269.0;0.0;934269.0;0.0;0.0;0;0.0;0.0;0.0;0.0;0.0;0.0;0;0;0;0;;;;;3.97;adoro_critico|adoro_usuario;2;media;;;;;;;27.651.181/0001-72;;;;;;;;;;700000.0;0.0;0.0
B2300334500000;NOTÍCIAS POPULARES;2023;PRODAV 06;_tv_excluir;4126100.0;0.0;0.0;5506981.89;0.0;5506981.89;0.0;0.0;60000;62898.0;0.0;0.0114;0.0;0.0;0.0;0;0;0;0;;;;;0.0;;0;;;;;;;;29.521.986/0001-27;;;;;;;;;;4126100.0;0.0145;0.0145
B2300166800000;PARTOUR;2023;PRODAV 06;_tv_excluir;200000.0;0.0;0.0;266934.0;0.0;266934.0;0.0;0.0;60000;62898.0;0.0;0.2356;0.0;0.0;0.0;0;0;0;0;;;;;0.0;;0;;;;;;;;64.044.886/0001-58;;;;;;;;;;200000.0;0.3;0.3
B2300024000000;POVO DA FLORESTA;2023;PRODAV 06;_tv_excluir;122000.0;280000.0;0.0;162829.74;293524.0;456353.74;2723.56;2723.56;280000;293524.0;2723.56;1.8194;0.006;0.0;0.0;0;0;0;0;;;;;0.0;;0;;;;;;;;07.929.498/0001-10;;;;;;;;;;402000.0;2.3174;0.7033
B2300270000000;RIO - DO BARROCO AO CONTEMPORÂNEO, UM MUSEU A CÉU ABERTO;2023;PRODAV 06;_tv_excluir;623000.0;0.0;15000.0;722824.54;15724.5;738549.04;0.0;0.0;60000;62898.0;0.0;0.087;0.0;0.0;0.0;0;0;0;0;;;;;0.0;;0;;0.0;;;;Oscar;Q4017957;01.456.361/0001-00;;;;;;;;;;638000.0;0.0963;0.094
B2300276400000;VERMELHO MONET;2023;PRODAV 06;_tv_excluir;6100000.0;0.0;0.0;8492383.4;0.0;8492383.4;69202.28;69202.28;140000;146762.0;69202.28;0.0254;0.0081;0.0;0.0;0;0;0;0;;;;;3.717;adoro_critico;1;alta;;;;;;;02.008.424/0001-28;;;;;;;;;;6100000.0;0.0343;0.0343
B2300334800000;VILLA-LOBOS EM PARIS;2023;PRODAV 06;_tv_excluir;744040.2;0.0;0.0;863259.25;0.0;863259.25;0.0;0.0;60000;62898.0;0.0;0.0729;0.0;0.0;0.0;0;0;0;0;;;;;4.008;adoro_critico|adoro_usuario;2;alta;;;;;;;22.446.460/0001-80;;;;;;;;;;744040.2;0.0806;0.0806
B1700615400000;O DESMONTE DO MONTE;2017;PRODAV 07;_tv_excluir;600000.0;0.0;0.0;948326.4;0.0;948326.4;77019.84;101805.48;120000;173328.12;101805.48;0.2901;0.1074;2.1;10.5;0;0;0;0;;;;;0.0;;0;;;;;;;;04.760.800/0001-61;;;;;;;;;;600000.0;0.3284;0.3284
B1800213800000;BIXA TRAVESTY;2018;PRODAV 07;_tv_excluir;499880.0;0.0;0.0;722027.17;0.0;722027.17;275128.51;345474.64;280000;389814.32;345474.64;1.0184;0.4785;22.53;57.0;3630;0;0;0;;;;;0.0;;0;;0.0;;;;;;67.619.171/0001-74;;;;;;;;;;499880.0;1.1105;1.1105
B1900108800000;OS JOVENS BAUMANN;2018;PRODAV 07;_tv_excluir;237000.0;0.0;0.0;329949.98;0.0;329949.98;28192.74;35446.04;60000;83531.64;35446.04;0.3606;0.1074;0.9;4.5;0;0;0;0;;;;;3.54;adoro_critico|adoro_usuario;2;media;0.0;;;;;;13.193.095/0001-59;;;;;;;;;;237000.0;0.3721;0.3721
B1800287300000;SERTÃO VELHO CERRADO;2018;PRODAV 07;_tv_excluir;100000.0;0.0;1980000.0;139219.4;2756544.12;2895763.52;30364.72;40097.96;60000;83531.64;40097.96;0.888;0.0138;0.0;0.0;0;0;0;0;;;;;0.0;;0;;1.0;105.0;105.0;Frontiers in Microbiology;;;13.857.649/0001-75;;;;;;;;;;2080000.0;0.9036;0.0434
B1800458600000;VERMELHO SOL;2018;PRODAV 07;_tv_excluir;368786.67;0.0;0.0;513422.59;0.0;513422.59;100716.52;126854.28;60000;83531.64;126854.28;0.4098;0.2471;9.5;47.5;0;0;0;0;;;;;3.88;adoro_critico;1;alta;;;;;;;12.658.679/0001-90;;;;;;;;;;368786.67;0.4358;0.4358
B1900093000000;A JANGADA DE WELLES;2019;PRODAV 07;_tv_excluir;500000.0;0.0;0.0;722200.5;0.0;722200.5;19367.4;20158.32;60000;80080.2;20158.32;0.1388;0.0279;2.1;10.5;0;0;0;0;;;;;0.0;;0;;;;;;;;04.614.433/0001-98;;;;;;;;;;500000.0;0.1587;0.1587
B1900175200000;ENQUANTO ESTAMOS AQUI;2019;PRODAV 07;_tv_excluir;250000.0;0.0;0.0;361100.25;0.0;361100.25;9721.9;10118.92;0;0.0;10118.92;0.028;0.028;3.3;16.5;0;0;0;0;;;;;4.03;adoro_critico|adoro_usuario;2;alta;1.0;0.0;0.0;Intercom Revista Brasileira de Ciências da Comunicação;;;07.525.577/0001-66;;;;;;;;;;250000.0;0.0389;0.0389
B1900269000000;SEM DESCANSO;2019;PRODAV 07;_tv_excluir;291000.0;0.0;0.0;405128.45;0.0;405128.45;4845.76;6043.52;60000;80080.2;6043.52;0.2126;0.0149;2.1;10.5;0;0;0;0;;;;;0.0;;0;;;;;;;;09.124.563/0001-66;;;;;;;;;;291000.0;0.2228;0.2228
B2000429100000;CASA DE ANTIGUIDADES;2020;PRODAV 07;_tv_excluir;2026732.61;0.0;0.0;2351480.03;0.0;2351480.03;14936.2;15546.16;60000;76617.12;15546.16;0.0392;0.0066;0.0;0.0;0;0;0;0;;;;;3.045;adoro_critico|adoro_usuario;2;media;;;;;;;07.533.507/0001-50;;;;;;;;;;2026732.61;0.037;0.037
B2000459900000;DORIVAL CAYMMI – UM HOMEM DE AFETOS;2020;PRODAV 07;_tv_excluir;700000.0;0.0;80000.0;1011080.7;102156.16;1113236.8599999999;169079.4;169079.4;280000;357546.56;169079.4;0.5209;0.1519;0.0;0.0;0;0;0;0;;;;;4.1;adoro_usuario;1;baixa;2.0;0.0;0.0;Revista FAMECOS | AVANCA | CINEMA;;;01.179.201/0001-60;;;;;;;;;;780000.0;0.6415;0.5757
B2000542500000;MEU NOME É BAGDÁ;2020;PRODAV 07;_tv_excluir;1150000.0;0.0;750000.0;1534870.5;957714.0;2492584.5;0.0;0.0;60000;76617.12;0.0;0.0499;0.0;20.68;43.0;7317;0;0;0;;;;;3.857;adoro_critico|adoro_usuario;2;media;0.0;;;;;;09.163.772/0001-19;;;;;;;;;;1900000.0;0.0522;0.0316
B2100232400000;O ACIDENTE;2021;PRODAV 07;_tv_excluir;869107.46;0.0;0.0;1209966.19;0.0;1209966.19;13275.97;13458.76;0;0.0;13458.76;0.0111;0.0111;4.0;20.0;0;0;0;0;;;;;0.0;;0;;0.0;;;;;;10.468.552/0001-82;;;;;;;;;;869107.46;0.0153;0.0153
B2100242000000;OS CAMINHOS DO MEU PAI;2021;PRODAV 07;_tv_excluir;713606.09;0.0;0.0;993478.12;0.0;993478.12;3775.68;4294.08;0;0.0;4294.08;0.0043;0.0043;0.0;0.0;0;0;0;0;;;;;4.257;adoro_critico|adoro_usuario;2;alta;;;;;;;66.876.707/0001-74;;;;;;;;;;713606.09;0.0053;0.0053
B2100484600000;TINNITUS;2021;PRODAV 07;_tv_excluir;1819275.0;0.0;0.0;2428131.76;0.0;2428131.76;23551.61;23875.88;60000;69613.92;23875.88;0.0385;0.0098;15.1;29.0;942;0;0;0;;;;;0.0;;0;;;;;;;;52.858.982/0001-50;;;;;;;;;;1819275.0;0.0459;0.0459
B2200499500000;PRAIA DO SILÊNCIO;2022;PRODAV 07;_tv_excluir;156528.1;0.0;0.0;199878.87;0.0;199878.87;2306.08;2306.08;0;0.0;2306.08;0.0115;0.0115;0.0;0.0;0;0;0;0;;;;;4.1;adoro_usuario;1;baixa;;;;;;;02.902.219/0001-01;;;;;;;;;;156528.1;0.0147;0.0147
B2300353100000;À MARGEM DO OURO;2023;PRODAV 07;_tv_excluir;678008.03;0.0;30000.0;786646.61;31449.0;818095.61;735.56;735.56;60000;62898.0;735.56;0.0809;0.0009;0.0;0.0;0;0;0;0;;;;;3.962;adoro_critico|adoro_usuario;2;alta;;;;;;;02.902.219/0001-01;;;;;;;;;;708008.03;0.0896;0.0858
B1700066800000;AMAZÔNIA POSTAL;2016;PRODAV 08;_tv_excluir;390000.0;0.0;2000000.0;579934.29;2974022.0;3553956.29;0.0;0.0;60000;89220.66;0.0;0.1538;0.0;0.0;0.0;0;0;0;0;;;;;0.0;;0;;1.0;0.0;0.0;;;;10.499.966/0001-79;;;;;;;;;;2390000.0;0.1538;0.0251
B1700118500000;AURÁ, EU SOU DE LÁ;2016;PRODAV 08;_tv_excluir;390000.0;0.0;0.0;616412.16;0.0;616412.16;0.0;0.0;0;0.0;0.0;0.0;0.0;0.0;0.0;0;0;0;0;;;;;3.8;adoro_usuario;1;baixa;;;;;;;13.931.232/0001-05;;;;;;;;;;390000.0;0.0;0.0
B1700448900000;BLOG DA MARI;2016;PRODAV 08;_tv_excluir;507000.0;0.0;0.0;753914.58;0.0;753914.58;0.0;0.0;0;0.0;0.0;0.0;0.0;0.0;0.0;0;0;0;0;;;;;0.0;;0;;;;;;;;12.965.878/0001-40;;;;;;;;;;507000.0;0.0;0.0
B1700048200000;MAUANI, O SILÊNCIO DE MARIA;2016;PRODAV 08;_tv_excluir;650000.0;426502.5;0.0;966557.15;634213.91;1600771.06;0.0;0.0;0;0.0;0.0;0.0;0.0;0.0;0.0;0;0;0;0;;;;;4.1;adoro_usuario;1;baixa;;;;;;;21.831.217/0001-13;;;;;;;;;;1076502.5;0.0;0.0
B1700097600000;MEU PEQUENO MUNDO;2016;PRODAV 08;_tv_excluir;675510.0;0.0;0.0;1004490.8;0.0;1004490.8;0.0;0.0;0;0.0;0.0;0.0;0.0;0.0;0.0;0;0;0;0;;;;;3.725;adoro_critico|adoro_usuario;2;media;;;;;;;06.244.934/0001-55;;;;;;;;;;675510.0;0.0;0.0
B1700256000000;NOKUN TXAI - NOSSOS TXAIS;2016;PRODAV 08;_tv_excluir;1352000.0;0.0;0.0;2010438.87;0.0;2010438.87;0.0;0.0;0;0.0;0.0;0.0;0.0;0.0;0.0;0;0;0;0;;;;;0.0;;0;;2.0;1.0;1.0;Revista Latinoamericana de Ciencias de la Comunicación;;;19.709.434/0001-93;;;;;;;;;;1352000.0;0.0;0.0
B1600729900000;RODA MOINHO, RODA PIÃO, QUERO CULTURA NO MEU PIRÃO;2016;PRODAV 08;_tv_excluir;390000.0;0.0;0.0;616412.16;0.0;616412.16;0.0;0.0;0;0.0;0.0;0.0;0.0;0.0;0.0;0;0;0;0;;;;;3.965;adoro_critico|adoro_usuario;2;alta;0.0;;;;;;05.808.346/0001-34;;;;;;;;;;390000.0;0.0;0.0
B1700129600000;SQUAT NA AMAZÔNIA;2016;PRODAV 08;_tv_excluir;650000.0;0.0;2000000.0;1027353.6;2974022.0;4001375.6;0.0;0.0;60000;89220.66;0.0;0.0868;0.0;0.0;0.0;0;0;0;0;;;;;3.271;adoro_critico;1;media;;;;;;;13.931.232/0001-05;;;;;;;;;;2650000.0;0.0923;0.0226
B1700291100000;TAPUME;2016;PRODAV 08;_tv_excluir;174999.5;0.0;0.0;260226.18;0.0;260226.18;0.0;0.0;120000;178441.32;0.0;0.6857;0.0;0.0;0.0;0;0;0;0;;;;;0.0;;0;;0.0;;;;;;20.357.494/0001-73;;;;;;;;;;174999.5;0.6857;0.6857
B1700218600000;TERRITÓRIOS;2016;PRODAV 08;_tv_excluir;390000.0;0.0;0.0;579934.29;0.0;579934.29;0.0;0.0;0;0.0;0.0;0.0;0.0;0.0;0.0;0;0;0;0;;;;;0.0;;0;;0.0;;;;;;21.805.029/0001-10;;;;;;;;;;390000.0;0.0;0.0
B1700262700000;ÍNDIO PRESENTE;2016;PRODAV 08;_tv_excluir;1351900.0;0.0;0.0;2010290.17;0.0;2010290.17;0.0;0.0;0;0.0;0.0;0.0;0.0;0.0;0.0;0;0;0;0;;;;;0.0;;0;;0.0;;;;;;06.244.934/0001-55;;;;;;;;;;1351900.0;0.0;0.0
B1800228000000;AMAZÔNIA LEGAL;2017;PRODAV 08;_tv_excluir;939400.0;0.0;2000000.0;1356870.3;2888802.0;4245672.3;0.0;0.0;0;0.0;0.0;0.0;0.0;0.0;0.0;0;0;0;0;;;;;0.0;;0;;;;;;;;24.144.897/0001-95;;;;;;;;;;2939400.0;0.0;0.0
B1700464900000;AS LENDAS DA TURMA DO JAMBU;2017;PRODAV 08;_tv_excluir;455000.0;0.0;0.0;676590.01;0.0;676590.01;0.0;0.0;0;0.0;0.0;0.0;0.0;0.0;0.0;0;0;0;0;;;;;3.853;adoro_critico|adoro_usuario;2;media;;;;;;;83.647.040/0001-57;;;;;;;;;;455000.0;0.0;0.0
B1700052500000;GLEBA - CHÃO DE MARIAS;2017;PRODAV 08;_tv_excluir;390000.0;0.0;673000.0;616412.16;972081.87;1588494.03;0.0;0.0;0;0.0;0.0;0.0;0.0;0.0;0.0;0;0;0;0;;;;;0.0;;0;;;;;;;;13.993.337/0001-99;;;;;;;;;;1063000.0;0.0;0.0
B1700053600000;PLANTÃO DA IMAGINAÇÃO;2017;PRODAV 08;_tv_excluir;162000.0;0.0;0.0;256048.13;0.0;256048.13;0.0;0.0;0;0.0;0.0;0.0;0.0;0.0;0.0;0;0;0;0;;;;;3.348;adoro_critico|adoro_usuario;2;media;;;;;;;13.993.337/0001-99;;;;;;;;;;162000.0;0.0;0.0
B1900132700000;AMAZÔNIA OCUPADA;2018;PRODAV 08;_tv_excluir;2028000.0;0.0;2000000.0;3015658.31;2784388.0;5800046.3100000005;0.0;0.0;0;0.0;0.0;0.0;0.0;0.0;0.0;0;0;0;0;;;;;0.0;;0;;;;;;;;05.928.108/0001-62;;;;;;;;;;4028000.0;0.0;0.0
B1800550600000;BIMI SHU IKAYA;2018;PRODAV 08;_tv_excluir;208000.0;0.0;0.0;300435.41;0.0;300435.41;0.0;0.0;0;0.0;0.0;0.0;0.0;0.0;0.0;0;0;0;0;;;;;0.0;;0;;0.0;;;;;;19.709.434/0001-93;;;;;;;;;;208000.0;0.0;0.0
B1900066100000;BRINQUEDONAUTAS;2018;PRODAV 08;_tv_excluir;773500.0;0.0;0.0;1117244.17;0.0;1117244.17;0.0;0.0;60000;83531.64;0.0;0.0748;0.0;0.0;0.0;0;0;0;0;;;;;0.0;;0;;0.0;;;;;;20.240.711/0001-40;;;;;;;;;;773500.0;0.0776;0.0776
B1800262500000;O OLHAR QUE VEM DE DENTRO;2018;PRODAV 08;_tv_excluir;507000.0;0.0;0.0;732311.31;0.0;732311.31;0.0;0.0;0;0.0;0.0;0.0;0.0;0.0;0.0;0;0;0;0;;;;;4.018;adoro_critico|adoro_usuario;2;media;2.0;1.0;1.0;Revista Latinoamericana de Ciencias de la Comunicación;;;19.709.434/0001-93;;;;;;;;;;507000.0;0.0;0.0
B1800171500000;OS DINÂMICOS;2018;PRODAV 08;_tv_excluir;455000.0;0.0;0.0;676590.01;0.0;676590.01;0.0;0.0;0;0.0;0.0;0.0;0.0;0.0;0.0;0;0;0;0;;;;;0.0;;0;;0.0;;;;;;02.801.220/0001-40;;;;;;;;;;455000.0;0.0;0.0
B1900161300000;PA'LANTE;2018;PRODAV 08;_tv_excluir;389939.0;0.0;0.0;563228.28;0.0;563228.28;0.0;0.0;0;0.0;0.0;0.0;0.0;0.0;0.0;0;0;0;0;;;;;0.0;;0;;6.0;1.0;1.0;Revista Observatório | Pontos de Interrogação | Cordis Revista Eletrônica de História Social da Cidade;;;21.026.402/0001-35;;;;;;;;;;389939.0;0.0;0.0
B1800595700000;TRANSVIAR;2018;PRODAV 08;_tv_excluir;1859000.0;0.0;0.0;2685141.46;0.0;2685141.46;0.0;0.0;0;0.0;0.0;0.0;0.0;0.0;0.0;0;0;0;0;;;;;0.0;;0;;0.0;;;;;;21.805.029/0001-10;;;;;;;;;;1859000.0;0.0;0.0
B2000008800000;BOTO;2019;PRODAV 08;_tv_excluir;1684254.0;0.0;0.0;2432738.16;0.0;2432738.16;0.0;0.0;0;0.0;0.0;0.0;0.0;0.0;0.0;0;0;0;0;;;;;0.0;;0;;0.0;;;;;;15.724.988/0001-09;;;;;;;;;;1684254.0;0.0;0.0
B1900267300000;LUPITA NO PLANETA DE GENTE GRANDE;2019;PRODAV 08;_tv_excluir;770550.0;0.0;0.0;1112983.19;0.0;1112983.19;0.0;0.0;280000;373707.6;0.0;0.3358;0.0;0.0;0.0;0;0;0;0;;;;;4.025;adoro_critico|adoro_usuario;2;alta;0.0;;;;;;08.813.728/0001-44;;;;;;;;;;770550.0;0.3634;0.3634
B1900630800000;O BONECO DE BARRO E O REI;2019;PRODAV 08;_tv_excluir;1690000.0;0.0;0.0;2513048.59;0.0;2513048.59;0.0;0.0;0;0.0;0.0;0.0;0.0;0.0;0.0;0;0;0;0;;;;;3.9;adoro_usuario;1;baixa;;;;;;;16.101.680/0001-70;;;;;;;;;;1690000.0;0.0;0.0
B1900337100000;TRAVESSIA;2019;PRODAV 08;_tv_excluir;208000.0;0.0;1200000.0;300435.41;1601604.0;1902039.41;70125.0;92939.0;0;0.0;92939.0;0.3093;0.0489;0.0;0.0;0;0;0;0;;;;;3.9;adoro_usuario;1;baixa;0.0;;;;;;21.805.029/0001-10;;;;;;;;;;1408000.0;0.3371;0.0498
B2200056700000;MAD SCIENTISTS - CIENTISTAS QUE NINGUÉM QUIS OUVIR;2022;PRODAV 08;_tv_excluir;1014000.0;0.0;0.0;1464622.61;0.0;1464622.61;0.0;0.0;0;0.0;0.0;0.0;0.0;0.0;0.0;0;0;0;0;;;;;0.0;;0;;;;;;;;05.815.669/0001-55;;;;;;;;;;1014000.0;0.0;0.0
B1700452300000;A BICICLETA DO VOVÔ, A SÉRIE;2016;PRODAV 09;_tv_excluir;844995.0;0.0;0.0;1256516.86;0.0;1256516.86;0.0;0.0;0;0.0;0.0;0.0;0.0;0.0;0.0;0;0;0;0;;;;;0.0;;0;;;;;;;;10.281.460/0001-99;;;;;;;;;;844995.0;0.0;0.0
B1700182400000;ALÉM DA LENDA;2016;PRODAV 09;_tv_excluir;455000.0;150000.0;0.0;676590.01;223051.65;899641.66;0.0;0.0;80000;118960.88;0.0;0.1758;0.0;0.0;0.0;0;0;0;0;;;;;3.97;adoro_critico|adoro_usuario;2;media;0.0;;;;;;18.274.744/0001-60;;;;;;;;;;605000.0;0.1758;0.1322
B1700053400000;ASTROBALDO;2016;PRODAV 09;_tv_excluir;1183000.0;0.0;0.0;1759134.01;0.0;1759134.01;0.0;0.0;280000;416363.08;0.0;0.2367;0.0;0.0;0.0;0;0;0;0;;;;;0.0;;0;;;;;;;;04.260.031/0001-32;;;;;;;;;;1183000.0;0.2367;0.2367
B1700071900000;BELA CRIATIVA;2016;PRODAV 09;_tv_excluir;1180500.0;0.0;0.0;1865832.19;0.0;1865832.19;0.0;0.0;360000;535323.96;0.0;0.2869;0.0;0.0;0.0;0;0;0;0;;;;;0.0;;0;;;;;;;;07.579.479/0001-01;;;;;;;;;;1180500.0;0.305;0.305
B1600746900000;MÚSICA DA MINHA VIDA;2016;PRODAV 09;_tv_excluir;650000.0;0.0;0.0;1027353.6;0.0;1027353.6;0.0;0.0;0;0.0;0.0;0.0;0.0;0.0;0.0;0;0;0;0;;;;;3.2;adoro_usuario;1;baixa;;;;;;;40.530.917/0001-12;;;;;;;;;;650000.0;0.0;0.0
B1700220900000;O NÓ DO DIABO;2016;PRODAV 09;_tv_excluir;650000.0;0.0;0.0;1027353.6;0.0;1027353.6;31102.72;41111.84;0;0.0;41111.84;0.04;0.04;0.0;0.0;0;0;0;0;;;;;4.3;adoro_usuario;1;baixa;;;;;Rotterdam;Q61641244;19.099.086/0001-80;;;;;;;;;;650000.0;0.0479;0.0479
B1700127900000;TÁ NA HORA DE BRINCAR;2016;PRODAV 09;_tv_excluir;162000.0;0.0;0.0;240895.78;0.0;240895.78;0.0;0.0;0;0.0;0.0;0.0;0.0;0.0;0.0;0;0;0;0;;;;;0.0;;0;;0.0;;;;;;06.842.017/0001-72;;;;;;;;;;162000.0;0.0;0.0
B1700119300000;APRENDER A SONHAR;2017;PRODAV 09;_tv_excluir;390000.0;0.0;0.0;579934.29;0.0;579934.29;0.0;0.0;60000;86664.06;0.0;0.1494;0.0;0.0;0.0;0;0;0;0;;;;;0.0;;0;;;;;;;;12.345.593/0001-07;;;;;;;;;;390000.0;0.1538;0.1538
B1700582100000;LANA & CAROL;2017;PRODAV 09;_tv_excluir;1690000.0;0.0;0.0;2441037.69;0.0;2441037.69;0.0;0.0;60000;86664.06;0.0;0.0355;0.0;0.0;0.0;0;0;0;0;;;;;4.3;adoro_usuario;1;baixa;;;;;;;07.202.193/0001-02;;;;;;;;;;1690000.0;0.0355;0.0355
B1800072600000;MANOEL BERNARDINO: O LENIN DA MATTA;2017;PRODAV 09;_tv_excluir;156000.0;0.0;0.0;225326.56;0.0;225326.56;0.0;0.0;0;0.0;0.0;0.0;0.0;0.0;0.0;0;0;0;0;;;;;0.0;;0;;;;;;;;03.553.092/0001-25;;;;;;;;;;156000.0;0.0;0.0
B1700600000000;MEU IRMÃO NERD;2017;PRODAV 09;_tv_excluir;637000.0;0.0;0.0;947226.01;0.0;947226.01;0.0;0.0;80000;115552.08;0.0;0.122;0.0;0.0;0.0;0;0;0;0;;;;;3.075;adoro_critico|adoro_usuario;2;media;0.0;;;;;;16.487.027/0001-90;;;;;;;;;;637000.0;0.1256;0.1256
B1800034000000;SERTÃO DE DENTRO;2017;PRODAV 09;_tv_excluir;2028000.0;0.0;0.0;3015658.31;0.0;3015658.31;0.0;0.0;0;0.0;0.0;0.0;0.0;0.0;0.0;0;0;0;0;;;;;0.0;;0;;;;;;;;16.487.027/0001-90;;;;;;;;;;2028000.0;0.0;0.0
B1700301000000;TRAVESSIAS NEGRAS;2017;PRODAV 09;_tv_excluir;390000.0;0.0;525191.56;579934.29;758587.21;1338521.5;0.0;0.0;60000;86664.06;0.0;0.1494;0.0;0.0;0.0;0;0;0;0;;;;;0.0;;0;;3.0;39.0;37.0;Monumenta Nipponica | Film Quarterly | Fotocinema Revista científica de cine y fotografía;;;63.190.623/0001-94;;;;;;;;;;915191.56;0.1538;0.0656
B1700469000000;UM CONTO EM CADA PONTO;2017;PRODAV 09;_tv_excluir;455000.0;0.0;0.0;676590.01;0.0;676590.01;0.0;0.0;0;0.0;0.0;0.0;0.0;0.0;0.0;0;0;0;0;;;;;4.24;adoro_critico|adoro_usuario;2;media;;;;;;;04.761.874/0001-12;;;;;;;;;;455000.0;0.0;0.0
B1700574300000;XAVANTE - O POVO DO SOL NASCENTE;2017;PRODAV 09;_tv_excluir;208000.0;0.0;0.0;300435.41;0.0;300435.41;0.0;0.0;0;0.0;0.0;0.0;0.0;0.0;0.0;0;0;0;0;;;;;3.88;adoro_critico;1;alta;1.0;0.0;0.0;Revista Univap;;;10.505.568/0001-18;;;;;;;;;;208000.0;0.0;0.0
B1700447300000;ÁFRICA DA SORTE;2017;PRODAV 09;_tv_excluir;650000.0;0.0;0.0;1027353.6;0.0;1027353.6;0.0;0.0;60000;86664.06;0.0;0.0844;0.0;0.0;0.0;0;0;0;0;;;;;0.0;;0;;;;;;;;02.908.530/0001-68;;;;;;;;;;650000.0;0.0923;0.0923
B1800348100000;BIA DESENHA;2018;PRODAV 09;_tv_excluir;773496.0;0.0;0.0;1117238.4;0.0;1117238.4;0.0;0.0;120000;167063.28;0.0;0.1495;0.0;0.0;0.0;0;0;0;0;;;;;0.0;;0;;0.0;;;;;;02.669.022/0001-74;;;;;;;;;;773496.0;0.1551;0.1551
B1900166300000;BORBOLETAS E SEREIAS;2018;PRODAV 09;_tv_excluir;507000.0;0.0;0.0;732311.31;0.0;732311.31;0.0;0.0;80000;111375.52;0.0;0.1521;0.0;0.0;0.0;0;0;0;0;;;;;0.0;;0;;0.0;;;;;;08.991.631/0001-21;;;;;;;;;;507000.0;0.1578;0.1578
B1900243600000;IDENTIDADE #TRANSVIVE;2018;PRODAV 09;_tv_excluir;390000.0;0.0;0.0;563316.39;0.0;563316.39;0.0;0.0;0;0.0;0.0;0.0;0.0;0.0;0.0;0;0;0;0;;;;;4.068;adoro_critico|adoro_usuario;2;alta;;;;;;;16.894.643/0001-66;;;;;;;;;;390000.0;0.0;0.0
B1900035200000;PEQUENO GIGANTE;2018;PRODAV 09;_tv_excluir;1859000.0;8195456.75;0.0;2685141.46;11409665.71;14094807.170000002;0.0;0.0;80000;111375.52;0.0;0.0415;0.0;0.0;0.0;0;0;0;0;;;;;0.0;;0;;0.0;;;;;;03.931.658/0001-05;;;;;;;;;;10054456.75;0.043;0.008
B1900245400000;DE QUEBRADA EM QUEBRADA;2019;PRODAV 09;_tv_excluir;2028000.0;0.0;0.0;2929245.23;0.0;2929245.23;0.0;0.0;0;0.0;0.0;0.0;0.0;0.0;0.0;0;0;0;0;;;;;3.96;adoro_critico|adoro_usuario;2;media;;;;;;;02.577.651/0001-74;;;;;;;;;;2028000.0;0.0;0.0
B1900280000000;DIÁRIO DE LULI;2019;PRODAV 09;_tv_excluir;1687426.0;0.0;0.0;2437319.8;0.0;2437319.8;0.0;0.0;0;0.0;0.0;0.0;0.0;0.0;0.0;0;0;0;0;;;;;4.412;adoro_critico|adoro_usuario;2;media;;;;;;;00.353.368/0001-33;;;;;;;;;;1687426.0;0.0;0.0
B1900596400000;FOI ASSIM E FOI ASSADO;2019;PRODAV 09;_tv_excluir;760760.0;0.0;0.0;1098842.5;0.0;1098842.5;0.0;0.0;0;0.0;0.0;0.0;0.0;0.0;0.0;0;0;0;0;;;;;0.0;;0;;0.0;;;;;;11.223.363/0001-02;;;;;;;;;;760760.0;0.0;0.0
B1900261300000;O OUTRO LADO DO OUTRO;2019;PRODAV 09;_tv_excluir;207234.0;60000.0;2110000.0;299329.0;2896233.9;3195562.9;0.0;0.0;60000;80080.2;0.0;0.2675;0.0;0.0;0.0;0;0;0;0;;;;;4.348;adoro_critico|adoro_usuario;2;media;;;;;;;22.543.352/0001-26;;;;;;;;;;2377234.0;0.2895;0.0252
B1900202900000;OS OVOS DA RAPOSA;2019;PRODAV 09;_tv_excluir;1855818.3;0.0;0.0;2680545.81;0.0;2680545.81;0.0;0.0;80000;106773.6;0.0;0.0398;0.0;0.0;0.0;0;0;0;0;;;;;0.0;;0;;;;;;;;08.277.315/0001-92;;;;;;;;;;1855818.3;0.0431;0.0431
B1700141400000;A ESCOLA DOS MISTÉRIOS;2016;PRODAV 10;_tv_excluir;506946.83;0.0;0.0;801251.77;0.0;801251.77;0.0;0.0;0;0.0;0.0;0.0;0.0;0.0;0.0;0;0;0;0;;;;;0.0;;0;;7.0;9.0;6.0;Perspectivas de la comunicación | Open Repository of the University of Porto (University of Porto) | Aniki Revista Portuguesa da Imagem em Movimento;;;04.482.216/0001-91;;;;;;;;;;506946.83;0.0;0.0
B1700261300000;CIDADE INVISÍVEL;2016;PRODAV 10;_tv_excluir;650000.0;0.0;0.0;1027353.6;0.0;1027353.6;0.0;0.0;0;0.0;0.0;0.0;0.0;0.0;0.0;0;0;0;0;;;;;2.9;adoro_usuario;1;baixa;;;;;;;14.139.914/0001-42;;;;;;;;;;650000.0;0.0;0.0
B1700297600000;FANTASMAS DA CASA PRÓPRIA;2016;PRODAV 10;_tv_excluir;390000.0;0.0;0.0;616412.16;0.0;616412.16;0.0;0.0;0;0.0;0.0;0.0;0.0;0.0;0.0;0;0;0;0;;;;;4.4;adoro_usuario;1;baixa;0.0;;;;;;13.044.728/0001-67;;;;;;;;;;390000.0;0.0;0.0
B1700411500000;GIRAMUNDO;2016;PRODAV 10;_tv_excluir;676000.0;0.0;0.0;1068447.74;0.0;1068447.74;0.0;0.0;0;0.0;0.0;0.0;0.0;0.0;0.0;0;0;0;0;;;;;0.0;;0;;2.0;0.0;0.0;Uniedusul Editora eBooks;;;12.906.549/0001-29;;;;;;;;;;676000.0;0.0;0.0
B1700122600000;GUATEKA;2016;PRODAV 10;_tv_excluir;650000.0;0.0;0.0;1027353.6;0.0;1027353.6;0.0;0.0;60000;89220.66;0.0;0.0868;0.0;0.0;0.0;0;0;0;0;;;;;0.0;;0;;;;;;;;20.514.258/0001-13;;;;;;;;;;650000.0;0.0923;0.0923
B1700089300000;JÚLIO E VERNE OS IRMÃOS GEMIAIS;2016;PRODAV 10;_tv_excluir;845000.0;0.0;0.0;1256524.3;0.0;1256524.3;0.0;0.0;360000;535323.96;0.0;0.426;0.0;0.0;0.0;0;0;0;0;;;;;3.013;adoro_critico;1;alta;;;;;;;08.394.172/0001-07;;;;;;;;;;845000.0;0.426;0.426
B1700405300000;MEU SKATE NÃO É ENFEITE;2016;PRODAV 10;_tv_excluir;650000.0;0.0;0.0;1027353.6;0.0;1027353.6;0.0;0.0;0;0.0;0.0;0.0;0.0;0.0;0.0;0;0;0;0;;;;;3.857;adoro_critico|adoro_usuario;2;media;;;;;;;17.783.080/0001-00;;;;;;;;;;650000.0;0.0;0.0
B1700107800000;MURALZINHO;2016;PRODAV 10;_tv_excluir;455000.0;0.0;0.0;719147.52;0.0;719147.52;0.0;0.0;360000;535323.96;0.0;0.7444;0.0;0.0;0.0;0;0;0;0;;;;;0.0;;0;;;;;;;;08.394.172/0001-07;;;;;;;;;;455000.0;0.7912;0.7912
B1600726600000;OLIMPÍADAS DA RUA;2016;PRODAV 10;_tv_excluir;162000.0;0.0;0.0;240895.78;0.0;240895.78;0.0;0.0;0;0.0;0.0;0.0;0.0;0.0;0.0;0;0;0;0;;;;;3.88;adoro_critico;1;media;0.0;;;;;;03.218.295/0001-65;;;;;;;;;;162000.0;0.0;0.0
B1700424300000;VAMOS ACABAR COM O MONSTRO;2016;PRODAV 10;_tv_excluir;637000.0;0.0;0.0;1006806.53;0.0;1006806.53;0.0;0.0;80000;118960.88;0.0;0.1182;0.0;0.0;0.0;0;0;0;0;;;;;0.0;;0;;;;;;;;15.456.470/0001-31;;;;;;;;;;637000.0;0.1256;0.1256
B1700431800000;AMANAJÉ, O MENSAGEIRO DO FUTURO;2017;PRODAV 10;_tv_excluir;1352000.0;169000.0;0.0;2136895.49;244103.77;2380999.2600000002;0.0;0.0;0;0.0;0.0;0.0;0.0;0.0;0.0;0;0;0;0;;;;;3.871;adoro_critico;1;alta;;;;;;;17.783.080/0001-00;;;;;;;;;;1521000.0;0.0;0.0
B1700229000000;BRASIL MIGRANTE;2017;PRODAV 10;_tv_excluir;2028000.0;0.0;0.0;3205343.23;0.0;3205343.23;0.0;0.0;0;0.0;0.0;0.0;0.0;0.0;0.0;0;0;0;0;;;;;0.0;;0;;5.0;23.0;21.0;Rebeca - Revista Brasileira de Estudos de Cinema e Audiovisual | Cinema Journal | Revista FAMECOS;;;55.084.750/0001-80;;;;;;;;;;2028000.0;0.0;0.0
B1900042700000;INSUSTENTÁVEIS;2017;PRODAV 10;_tv_excluir;1859000.0;0.0;0.0;2685141.46;0.0;2685141.46;0.0;0.0;80000;115552.08;0.0;0.043;0.0;0.0;0.0;0;0;0;0;;;;;0.0;;0;;;;;;;;20.556.770/0001-22;;;;;;;;;;1859000.0;0.043;0.043
B1900029400000;KUNTANAWA - A RECONSTRUÇÃO DE UM POVO;2017;PRODAV 10;_tv_excluir;205920.0;0.0;0.0;297431.05;0.0;297431.05;0.0;0.0;0;0.0;0.0;0.0;0.0;0.0;0.0;0;0;0;0;;;;;3.629;adoro_critico;1;alta;;;;;;;37.981.206/0001-50;;;;;;;;;;205920.0;0.0;0.0
B1700174700000;LENDAS ANIMADAS;2017;PRODAV 10;_tv_excluir;455000.0;0.0;0.0;719147.52;0.0;719147.52;0.0;0.0;60000;86664.06;0.0;0.1205;0.0;0.0;0.0;0;0;0;0;;;;;0.0;;0;;;;;;;;55.084.750/0001-80;;;;;;;;;;455000.0;0.1319;0.1319
B1700615100000;RAÍZES;2017;PRODAV 10;_tv_excluir;156000.0;0.0;930884.4;231973.72;1344570.36;1576544.08;0.0;0.0;0;0.0;0.0;0.0;0.0;0.0;0.0;0;0;0;0;;;;;0.0;;0;;;;;;;;17.904.679/0001-46;;;;;;;;;;1086884.4;0.0;0.0
B1700339800000;TRAVESSURAS;2017;PRODAV 10;_tv_excluir;162000.0;0.0;0.0;256048.13;0.0;256048.13;0.0;0.0;60000;86664.06;0.0;0.3385;0.0;0.0;0.0;0;0;0;0;;;;;0.0;;0;;;;;;;;04.979.293/0001-51;;;;;;;;;;162000.0;0.3704;0.3704
B1800497500000;3 REFEIÇÕES;2018;PRODAV 10;_tv_excluir;207576.21;0.0;0.0;299823.29;0.0;299823.29;0.0;0.0;0;0.0;0.0;0.0;0.0;0.0;0.0;0;0;0;0;;;;;0.0;;0;;;;;;;;21.927.758/0001-40;;;;;;;;;;207576.21;0.0;0.0
B1800605000000;ALEM DOS MUROS;2018;PRODAV 10;_tv_excluir;390000.0;0.0;0.0;563316.39;0.0;563316.39;0.0;0.0;60000;83531.64;0.0;0.1483;0.0;0.0;0.0;0;0;0;0;;;;;3.86;adoro_critico|adoro_usuario;2;media;;;;;;;22.071.805/0001-69;;;;;;;;;;390000.0;0.1538;0.1538
B1900034800000;O PANTANAL E OUTROS BICHOS;2018;PRODAV 10;_tv_excluir;1690000.0;0.0;0.0;2441037.69;0.0;2441037.69;0.0;0.0;80000;111375.52;0.0;0.0456;0.0;0.0;0.0;0;0;0;0;;;;;3.4;adoro_usuario;1;baixa;;;;;;;00.614.991/0001-00;;;;;;;;;;1690000.0;0.0473;0.0473
B1800132200000;PELAS BEIRADAS;2018;PRODAV 10;_tv_excluir;390000.0;0.0;0.0;579934.29;0.0;579934.29;0.0;0.0;60000;83531.64;0.0;0.144;0.0;0.0;0.0;0;0;0;0;;;;;0.0;;0;;;;;;;;07.875.582/0001-07;;;;;;;;;;390000.0;0.1538;0.1538
B1800290700000;RESPLENDOR;2018;PRODAV 10;_tv_excluir;208000.0;0.0;0.0;300435.41;0.0;300435.41;0.0;0.0;0;0.0;0.0;0.0;0.0;0.0;0.0;0;0;0;0;;;;;0.0;;0;;2.0;0.0;0.0;Uniedusul Editora eBooks;;;23.634.448/0001-62;;;;;;;;;;208000.0;0.0;0.0
B1900268600000;CRIAS DE DULCINA;2019;PRODAV 10;_tv_excluir;1673100.0;0.0;0.0;2416627.31;0.0;2416627.31;0.0;0.0;0;0.0;0.0;0.0;0.0;0.0;0.0;0;0;0;0;;;;;0.0;;0;;0.0;;;;;;37.981.206/0001-50;;;;;;;;;;1673100.0;0.0;0.0
B1900290500000;FRONTEIRAS FLUIDAS;2019;PRODAV 10;_tv_excluir;1351754.0;0.0;0.0;2010073.07;0.0;2010073.07;0.0;0.0;60000;80080.2;0.0;0.0398;0.0;0.0;0.0;0;0;0;0;;;;;0.0;;0;;;;;;;;03.493.590/0001-20;;;;;;;;;;1351754.0;0.0444;0.0444
B1900346200000;INVESTIGADORES DA HISTÓRIA;2019;PRODAV 10;_tv_excluir;2028000.0;0.0;0.0;2929245.23;0.0;2929245.23;0.0;0.0;60000;80080.2;0.0;0.0273;0.0;0.0;0.0;0;0;0;0;;;;;4.175;adoro_critico|adoro_usuario;2;media;;;;;;;02.899.751/0001-17;;;;;;;;;;2028000.0;0.0296;0.0296
B1900630900000;MISSIVAS;2019;PRODAV 10;_tv_excluir;205920.0;0.0;0.0;297431.05;0.0;297431.05;0.0;0.0;0;0.0;0.0;0.0;0.0;0.0;0.0;0;0;0;0;;;;;0.0;;0;;3.0;1.0;1.0;RELACult - Revista Latino-Americana de Estudos em Cultura e Sociedade | Revista Educação Pública | Cadernos de Linguística e Teoria da Literatura (Universidade Federal de Minas Gerais);;;19.984.916/0001-51;;;;;;;;;;205920.0;0.0;0.0
B2000205100000;O MENINO QUE ENGOLIU O SOL;2020;PRODAV 10;_tv_excluir;773491.18;0.0;0.0;1076849.78;0.0;1076849.78;0.0;0.0;120000;153234.24;0.0;0.1423;0.0;0.0;0.0;0;0;0;0;;;;;3.88;adoro_critico;1;alta;;;;;;;03.493.590/0001-20;;;;;;;;;;773491.18;0.1551;0.1551
B1700014400000;ACEITO FOLIA;2016;PRODAV 11;_tv_excluir;156000.0;0.0;0.0;231973.72;0.0;231973.72;0.0;0.0;0;0.0;0.0;0.0;0.0;0.0;0.0;0;0;0;0;;;;;0.0;;0;;3.0;0.0;0.0;LA Referencia (Red Federada de Repositorios Institucionales de Publicaciones Científicas) | Miguel Hernández Communication Journal;;;15.571.863/0001-96;;;;;;;;;;156000.0;0.0;0.0
B1700088200000;AXOGUN;2016;PRODAV 11;_tv_excluir;650000.0;0.0;0.0;966557.15;0.0;966557.15;0.0;0.0;0;0.0;0.0;0.0;0.0;0.0;0.0;0;0;0;0;;;;;0.0;;0;;0.0;;;;;;08.429.784/0001-80;;;;;;;;;;650000.0;0.0;0.0
B1700561400000;CANAL TELEVISÃO: UM MORRO DO BARULHO;2016;PRODAV 11;_tv_excluir;650000.0;0.0;0.0;966557.15;0.0;966557.15;0.0;0.0;0;0.0;0.0;0.0;0.0;0.0;0.0;0;0;0;0;;;;;4.035;adoro_critico|adoro_usuario;2;media;;;;;;;15.571.863/0001-96;;;;;;;;;;650000.0;0.0;0.0
B1600765400000;DE MALA E CUIA;2016;PRODAV 11;_tv_excluir;507000.0;0.0;0.0;753914.58;0.0;753914.58;0.0;0.0;140000;208181.54;0.0;0.2761;0.0;0.0;0.0;0;0;0;0;;;;;3.683;adoro_critico|adoro_usuario;2;media;0.0;;;;;;04.661.796/0001-84;;;;;;;;;;507000.0;0.2761;0.2761
B1600738400000;MEU CORPO É POLÍTICO;2016;PRODAV 11;_tv_excluir;156000.0;0.0;0.0;231973.72;0.0;231973.72;34065.0;45147.48;60000;89220.66;45147.48;0.5792;0.1946;0.0;0.0;0;0;0;0;;;;;3.7;adoro_usuario;1;baixa;2.0;2.0;2.0;Cadernos Pagu | Logos;;;10.551.469/0001-72;;;;;;;;;;156000.0;0.603;0.603
B1700011700000;MINO E NINA;2016;PRODAV 11;_tv_excluir;455000.0;0.0;2039614.0;676590.01;3032928.45;3709518.46;0.0;0.0;0;0.0;0.0;0.0;0.0;0.0;0.0;0;0;0;0;;;;;3.817;adoro_critico|adoro_usuario;2;alta;0.0;;;;;;05.064.562/0001-12;;;;;;;;;;2494614.0;0.0;0.0
B1700375500000;MOSTRA A TUA CARA!;2016;PRODAV 11;_tv_excluir;1689600.0;0.0;0.0;2512453.79;0.0;2512453.79;0.0;0.0;0;0.0;0.0;0.0;0.0;0.0;0.0;0;0;0;0;;;;;0.0;;0;;;;;;;;07.496.159/0001-98;;;;;;;;;;1689600.0;0.0;0.0
B1700260200000;MUNDO DA GENTE;2016;PRODAV 11;_tv_excluir;675913.0;0.0;0.0;1005090.07;0.0;1005090.07;0.0;0.0;60000;89220.66;0.0;0.0888;0.0;0.0;0.0;0;0;0;0;;;;;3.2;adoro_usuario;1;baixa;0.0;;;;;;08.266.867/0001-03;;;;;;;;;;675913.0;0.0888;0.0888
B1700450600000;NINO: VIAGEM AO CONHECIMENTO;2016;PRODAV 11;_tv_excluir;450000.0;0.0;0.0;669154.95;0.0;669154.95;0.0;0.0;0;0.0;0.0;0.0;0.0;0.0;0.0;0;0;0;0;;;;;0.0;;0;;;;;;;;10.527.236/0001-34;;;;;;;;;;450000.0;0.0;0.0
B1700602300000;PINTANDO A SÉTIMA ARTE;2016;PRODAV 11;_tv_excluir;636996.0;0.0;0.0;947220.06;0.0;947220.06;0.0;0.0;0;0.0;0.0;0.0;0.0;0.0;0.0;0;0;0;0;;;;;0.0;;0;;;;;;;;10.256.067/0001-45;;;;;;;;;;636996.0;0.0;0.0
B1600718700000;UM FILME DE CINEMA;2016;PRODAV 11;_tv_excluir;845000.0;0.0;0.0;1665761.18;0.0;1665761.18;74341.51;75365.08;0;0.0;75365.08;0.0452;0.0452;0.0;0.0;0;0;0;0;;;;;2.675;adoro_critico|adoro_usuario;2;media;;;;;;;06.071.600/0001-27;;;;;;;;;;845000.0;0.088;0.088
B1700266600000;ZORA CURIOSA;2016;PRODAV 11;_tv_excluir;162000.0;0.0;0.0;240895.78;0.0;240895.78;126.48;159.04;0;0.0;159.04;0.0007;0.0007;0.0;0.0;0;0;0;0;;;;;0.0;;0;;0.0;;;;;;21.681.140/0001-42;;;;;;;;;;162000.0;0.0008;0.0008
B1800387200000;CIENTISTAS BRASILEIROS ENTRE OS MELHORES;2017;PRODAV 11;_tv_excluir;1014000.0;0.0;0.0;1464622.61;0.0;1464622.61;0.0;0.0;80000;115552.08;0.0;0.0789;0.0;0.0;0.0;0;0;0;0;;;;;0.0;;0;;3.0;0.0;0.0;Revista Triângulo;;;09.325.623/0001-09;;;;;;;;;;1014000.0;0.0789;0.0789
B1700145300000;CIÊNCIA PARA CRIANÇAS;2017;PRODAV 11;_tv_excluir;506999.9;0.0;0.0;801335.65;0.0;801335.65;0.0;0.0;0;0.0;0.0;0.0;0.0;0.0;0.0;0;0;0;0;;;;;0.0;;0;;;;;;;;64.044.886/0001-58;;;;;;;;;;506999.9;0.0;0.0
B1700354400000;DIÁRIOS SOBRE O CORPO;2017;PRODAV 11;_tv_excluir;390000.0;0.0;0.0;579934.29;0.0;579934.29;0.0;0.0;80000;115552.08;0.0;0.1993;0.0;0.0;0.0;0;0;0;0;;;;;3.543;adoro_critico;1;alta;;;;;;;15.745.495/0001-55;;;;;;;;;;390000.0;0.2051;0.2051
B1800036900000;FÁBULAS TORTAS;2017;PRODAV 11;_tv_excluir;765500.0;0.0;0.0;1105688.97;0.0;1105688.97;0.0;0.0;0;0.0;0.0;0.0;0.0;0.0;0.0;0;0;0;0;;;;;0.0;;0;;0.0;;;;;;31.851.876/0001-75;;;;;;;;;;765500.0;0.0;0.0
B1700350100000;O CÉU DE LÁ;2017;PRODAV 11;_tv_excluir;195000.0;0.0;0.0;289967.15;0.0;289967.15;0.0;0.0;0;0.0;0.0;0.0;0.0;0.0;0.0;0;0;0;0;;;;;4.0;adoro_usuario;1;baixa;1.0;0.0;0.0;;;;01.879.093/0001-39;;;;;;;;;;195000.0;0.0;0.0
B1700107600000;TRAVESSIA DE OLHARES;2017;PRODAV 11;_tv_excluir;156000.0;0.0;1200000.0;231973.72;1733281.2;1965254.92;0.0;0.0;0;0.0;0.0;0.0;0.0;0.0;0.0;0;0;0;0;;;;;0.0;;0;;2.0;1.0;1.0;arXiv (Cornell University) | PHILOLOGICAL STUDIES;;;09.207.344/0001-40;;;;;;;;;;1356000.0;0.0;0.0
B1800496300000;ÁRVORE DOS ARAÚJOS;2017;PRODAV 11;_tv_excluir;1690000.0;0.0;0.0;2441037.69;0.0;2441037.69;0.0;0.0;60000;86664.06;0.0;0.0355;0.0;0.0;0.0;0;0;0;0;;;;;0.0;;0;;0.0;;;;;;22.971.615/0001-06;;;;;;;;;;1690000.0;0.0355;0.0355
B1800028600000;A TERRA E A VIDA;2018;PRODAV 11;_tv_excluir;205920.0;0.0;0.0;297431.05;0.0;297431.05;0.0;0.0;0;0.0;0.0;0.0;0.0;0.0;0.0;0;0;0;0;;;;;3.2;adoro_usuario;1;baixa;;;;;;;06.137.016/0001-27;;;;;;;;;;205920.0;0.0;0.0
B1800088900000;BAILE DE MÁSCARAS;2018;PRODAV 11;_tv_excluir;3717855.0;0.0;0.0;5370073.48;0.0;5370073.48;0.0;0.0;60000;83531.64;0.0;0.0156;0.0;0.0;0.0;0;0;0;0;;;;;2.627;adoro_critico|adoro_usuario;2;media;16.0;0.0;0.0;LA Referencia (Red Federada de Repositorios Institucionales de Publicaciones Científicas) | Rebeca - Revista Brasileira de Estudos de Cinema e Audiovisual | Significação Revista de Cultura Audiovisual;;;04.661.796/0001-84;;;;;;;;;;3717855.0;0.0161;0.0161
B1800351200000;FAMÍLIAS;2018;PRODAV 11;_tv_excluir;389840.0;0.0;0.0;563085.29;0.0;563085.29;0.0;0.0;120000;167063.28;0.0;0.2967;0.0;0.0;0.0;0;0;0;0;;;;;0.0;;0;;0.0;;;;;;04.650.621/0001-71;;;;;;;;;;389840.0;0.3078;0.3078
B1800489700000;HABITAÇÃO SOCIAL - PROJETOS DE UM BRASIL;2018;PRODAV 11;_tv_excluir;1014000.0;0.0;0.0;1464622.61;0.0;1464622.61;0.0;0.0;0;0.0;0.0;0.0;0.0;0.0;0.0;0;0;0;0;;;;;0.0;;0;;0.0;;;;;;14.210.788/0001-75;;;;;;;;;;1014000.0;0.0;0.0
B1800535100000;MYTIKAH - O LIVRO DOS HERÓIS;2018;PRODAV 11;_tv_excluir;773500.0;0.0;0.0;1117244.17;0.0;1117244.17;0.0;0.0;200000;278438.8;0.0;0.2492;0.0;0.0;0.0;0;0;0;0;;;;;3.627;adoro_critico|adoro_usuario;2;alta;;;;;;;05.397.945/0001-02;;;;;;;;;;773500.0;0.2586;0.2586
B1900089400000;FRONTEIRA;2019;PRODAV 11;_tv_excluir;207999.0;0.0;252001.55;300433.96;336338.91;636772.87;0.0;0.0;0;0.0;0.0;0.0;0.0;0.0;0.0;0;0;0;0;;;;;3.566;adoro_critico|adoro_usuario;2;alta;5.0;0.0;0.0;Revista de Ensino em Artes Moda e Design | Lume (Universidade Federal do Rio Grande do Sul) | Comunicação & Inovação;;;06.967.225/0001-06;;;;;;;;;;460000.55;0.0;0.0
B1900494500000;FÉ E FÚRIA;2019;PRODAV 11;_tv_excluir;306532.8;0.0;558412.0;455817.65;745295.74;1201113.3900000001;17190.0;17892.0;60000;80080.2;17892.0;0.2149;0.0149;2.6;13.0;0;0;0;0;;;;;2.5;adoro_usuario;1;baixa;;;;;;;15.745.495/0001-55;;;;;;;;;;864944.8;0.2518;0.0892
B1700178200000;#PARTIUBRASIL;2016;PRODAV 12;_tv_excluir;910000.0;0.0;0.0;1353180.01;0.0;1353180.01;0.0;0.0;0;0.0;0.0;0.0;0.0;0.0;0.0;0;0;0;0;;;;;0.0;;0;;2.0;0.0;0.0;REVISTA ELETRÔNICA EXTENSÃO EM DEBATE | Revista Concinnitas;;;10.855.589/0001-63;;;;;;;;;;910000.0;0.0;0.0
B1700222800000;A VELHA HISTÓRIA DO MEU AMIGO NOVO;2016;PRODAV 12;_tv_excluir;675997.28;0.0;0.0;1005215.39;0.0;1005215.39;0.0;0.0;0;0.0;0.0;0.0;0.0;0.0;0.0;0;0;0;0;;;;;3.957;adoro_critico;1;media;;;;;;;01.106.959/0001-79;;;;;;;;;;675997.28;0.0;0.0
B1700118900000;AUÊ;2016;PRODAV 12;_tv_excluir;162000.0;0.0;0.0;240895.78;0.0;240895.78;0.0;0.0;0;0.0;0.0;0.0;0.0;0.0;0.0;0;0;0;0;;;;;0.0;;0;;;;;;;;09.649.616/0001-62;;;;;;;;;;162000.0;0.0;0.0
B1700055500000;BRINCANDO COM A CIÊNCIA!;2016;PRODAV 12;_tv_excluir;507000.0;0.0;0.0;753914.58;0.0;753914.58;0.0;0.0;0;0.0;0.0;0.0;0.0;0.0;0.0;0;0;0;0;;;;;3.2;adoro_usuario;1;baixa;;;;;;;06.236.625/0001-33;;;;;;;;;;507000.0;0.0;0.0
B1600726200000;CAVALO DE SANTO - O FILME;2016;PRODAV 12;_tv_excluir;156000.0;0.0;0.0;246564.86;0.0;246564.86;0.0;0.0;0;0.0;0.0;0.0;0.0;0.0;0.0;0;0;0;0;;;;;3.3;adoro_usuario;1;baixa;;;;;;;04.791.421/0001-39;;;;;;;;;;156000.0;0.0;0.0
B1700204000000;DEFENSORES;2016;PRODAV 12;_tv_excluir;390000.0;0.0;0.0;579934.29;0.0;579934.29;0.0;0.0;0;0.0;0.0;0.0;0.0;0.0;0.0;0;0;0;0;;;;;0.0;;0;;;;;;;;10.648.306/0001-02;;;;;;;;;;390000.0;0.0;0.0
B1700621800000;O COLORIDO MUNDO DE DALTON;2016;PRODAV 12;_tv_excluir;845000.0;0.0;0.0;1256524.3;0.0;1256524.3;0.0;0.0;0;0.0;0.0;0.0;0.0;0.0;0.0;0;0;0;0;;;;;3.767;adoro_critico;1;media;;;;;;;04.232.913/0001-94;;;;;;;;;;845000.0;0.0;0.0
B1700033800000;PASSADO DA HORA;2016;PRODAV 12;_tv_excluir;910000.0;0.0;0.0;1438295.04;0.0;1438295.04;0.0;0.0;0;0.0;0.0;0.0;0.0;0.0;0.0;0;0;0;0;;;;;3.965;adoro_critico|adoro_usuario;2;media;0.0;;;;;;04.596.131/0001-34;;;;;;;;;;910000.0;0.0;0.0
B1700030900000;UM LUGAR PARA CHAMAR DE C. E. U.;2016;PRODAV 12;_tv_excluir;390000.0;0.0;0.0;579934.29;0.0;579934.29;0.0;0.0;60000;89220.66;0.0;0.1538;0.0;0.0;0.0;0;0;0;0;;;;;3.95;adoro_critico|adoro_usuario;2;media;0.0;;;;;;04.937.797/0001-09;;;;;;;;;;390000.0;0.1538;0.1538
B1700116700000;VENTO SUL;2016;PRODAV 12;_tv_excluir;2027962.2;0.0;0.0;3205283.49;0.0;3205283.49;0.0;0.0;0;0.0;0.0;0.0;0.0;0.0;0.0;0;0;0;0;;;;;0.0;;0;;0.0;;;;;;03.334.227/0001-61;;;;;;;;;;2027962.2;0.0;0.0
B1700361400000;[DES]IGUAIS;2016;PRODAV 12;_tv_excluir;390000.0;0.0;0.0;579934.29;0.0;579934.29;0.0;0.0;0;0.0;0.0;0.0;0.0;0.0;0.0;0;0;0;0;;;;;0.0;;0;;2.0;0.0;0.0;Cadernos de Linguística e Teoria da Literatura (Universidade Federal de Minas Gerais) | Editora Científica Digital eBooks;;;05.930.707/0001-10;;;;;;;;;;390000.0;0.0;0.0
B1700463100000;CHAPEUZINHO DE TODAS AS CORES;2017;PRODAV 12;_tv_excluir;773500.0;0.0;1266962.74;1150203.01;1830002.25;2980205.26;0.0;0.0;60000;86664.06;0.0;0.0753;0.0;0.0;0.0;0;0;0;0;;;;;3.4;adoro_usuario;1;baixa;0.0;;;;;;04.596.131/0001-34;;;;;;;;;;2040462.74;0.0776;0.0294
B1800006500000;EULLER MILLER ENTRE DOIS MUNDOS;2017;PRODAV 12;_tv_excluir;208000.0;0.0;62100.0;300435.41;89697.3;390132.70999999996;0.0;0.0;0;0.0;0.0;0.0;0.0;0.0;0.0;0;0;0;0;;;;;3.775;adoro_critico;1;alta;;;;;;;12.298.240/0001-01;;;;;;;;;;270100.0;0.0;0.0
B1700109300000;RAREFEITO;2017;PRODAV 12;_tv_excluir;649950.0;0.0;0.0;966482.8;0.0;966482.8;0.0;0.0;0;0.0;0.0;0.0;0.0;0.0;0.0;0;0;0;0;;;;;0.0;;0;;0.0;;;;;;17.096.738/0001-05;;;;;;;;;;649950.0;0.0;0.0
B1700160200000;RUAS EM TRANSE;2017;PRODAV 12;_tv_excluir;175000.0;0.0;0.0;260226.93;0.0;260226.93;0.0;0.0;120000;173328.12;0.0;0.6661;0.0;0.0;0.0;0;0;0;0;;;;;2.093;adoro_critico|adoro_usuario;2;alta;;;;;;;15.096.957/0001-50;;;;;;;;;;175000.0;0.6857;0.6857
B1800406000000;SUPER TINGA E ABELHA GIRL;2017;PRODAV 12;_tv_excluir;1690000.0;0.0;2000.0;2441037.69;2888.8;2443926.4899999998;2549.3;2584.4;0;0.0;2584.4;0.0011;0.0011;0.0;0.0;0;0;0;0;;;;;0.0;;0;;;;;;;;02.743.258/0001-03;;;;;;;;;;1692000.0;0.0015;0.0015
B1700158700000;VIDA FLUXO;2017;PRODAV 12;_tv_excluir;390000.0;1000000.0;0.0;579934.29;1444401.0;2024335.29;0.0;0.0;120000;173328.12;0.0;0.2989;0.0;0.0;0.0;0;0;0;0;;;;;3.2;adoro_usuario;1;baixa;;;;;;;07.587.195/0001-67;;;;;;;;;;1390000.0;0.3077;0.0863
B1700584400000;VISCERAL BRASIL, AS VEIAS ABERTAS DA MÚSICA - 2A TEMPORADA;2017;PRODAV 12;_tv_excluir;1013999.98;0.0;801850.74;1464622.59;1158194.01;2622816.6;0.0;0.0;60000;86664.06;0.0;0.0592;0.0;0.0;0.0;0;0;0;0;;;;;4.05;adoro_critico|adoro_usuario;2;alta;;;;;;;01.282.220/0001-18;;;;;;;;;;1815850.72;0.0592;0.033
B1800134200000;AFINAL, QUEM É DEUS?;2018;PRODAV 12;_tv_excluir;507000.0;0.0;0.0;732311.31;0.0;732311.31;0.0;0.0;0;0.0;0.0;0.0;0.0;0.0;0.0;0;0;0;0;;;;;0.0;;0;;;;;;;;08.112.710/0001-15;;;;;;;;;;507000.0;0.0;0.0
B1800212300000;CONTRACAPA;2018;PRODAV 12;_tv_excluir;3718000.0;0.0;0.0;5528706.9;0.0;5528706.9;0.0;0.0;60000;83531.64;0.0;0.0151;0.0;0.0;0.0;0;0;0;0;;;;;0.0;;0;;0.0;;;;;;04.937.797/0001-09;;;;;;;;;;3718000.0;0.0161;0.0161
B1800028900000;CULTURANDO;2018;PRODAV 12;_tv_excluir;390000.0;0.0;0.0;563316.39;0.0;563316.39;0.0;0.0;60000;83531.64;0.0;0.1483;0.0;0.0;0.0;0;0;0;0;;;;;0.0;;0;;;;;;;;05.893.950/0001-06;;;;;;;;;;390000.0;0.1538;0.1538
B1800440400000;JOGOS DE INVENTAR;2018;PRODAV 12;_tv_excluir;700000.0;0.0;0.0;1011080.7;0.0;1011080.7;0.0;0.0;280000;389814.32;0.0;0.3855;0.0;0.0;0.0;0;0;0;0;;;;;2.3;adoro_usuario;1;baixa;;;;;;;07.587.195/0001-67;;;;;;;;;;700000.0;0.4;0.4
B1800193300000;PAMPA HYPERTROPICAL;2018;PRODAV 12;_tv_excluir;207900.0;0.0;0.0;300290.97;0.0;300290.97;0.0;0.0;0;0.0;0.0;0.0;0.0;0.0;0.0;0;0;0;0;;;;;0.0;;0;;0.0;;;;;;03.334.227/0001-61;;;;;;;;;;207900.0;0.0;0.0
B1800287800000;SUPER FAMÍLIA;2018;PRODAV 12;_tv_excluir;1690000.0;0.0;0.0;2441037.69;0.0;2441037.69;0.0;0.0;60000;83531.64;0.0;0.0342;0.0;0.0;0.0;0;0;0;0;;;;;0.0;;0;;;;;;;;06.236.625/0001-33;;;;;;;;;;1690000.0;0.0355;0.0355
B1900563800000;AS CIDADES AZUIS;2019;PRODAV 12;_tv_excluir;992146.1;0.0;0.0;1433056.82;0.0;1433056.82;0.0;0.0;0;0.0;0.0;0.0;0.0;0.0;0.0;0;0;0;0;;;;;0.0;;0;;;;;;;;12.192.242/0001-03;;;;;;;;;;992146.1;0.0;0.0
B1402521900000;AS AVENTURAS DO AVIÃO VERMELHO;2014;PRODECINE 01;FSA Pontuação Bilheteria e Roteiro — Produtora;829966.1;0.0;1660660.0;1731673.64;2904806.54;4636480.18;273824.73;439884.76;145000;253632.26;439884.76;0.4005;0.0949;0.0;0.0;0;0;0;0;;;;;4.003;adoro_critico|adoro_usuario;2;media;4.0;34.0;24.0;International Journal of Polymer Science | International Journal of Creativity and Innovation in Humanities and Education | Bolivian Studies Journal/Revista de Estudios Bolivianos;;;04.909.742/0001-95;;;;;;;;;;2490626.1;0.5046;0.1682
B1500344400000;DEPOIS DE TUDO;2014;PRODECINE 01;FSA Pontuação Bilheteria e Roteiro — Produtora;2750000.0;80000.0;1000000.0;4810267.0;1889123.04;6699390.04;302309.55;442230.6;205000;358583.54;442230.6;0.1665;0.066;0.0;0.0;0;0;0;0;;;;;3.51;adoro_critico|adoro_usuario;2;media;;;;;;;09.558.964/0001-24;;;;;;;;;;3830000.0;0.1845;0.1325
B1402255700000;GALAXIAS;2014;PRODECINE 01;FSA Pontuação Bilheteria e Roteiro — Produtora;300000.0;0.0;0.0;558393.3;0.0;558393.3;743.07;934.36;345000;603469.86;934.36;1.0824;0.0017;0.0;0.0;0;0;0;0;;;;;3.793;adoro_critico|adoro_usuario;2;alta;5.0;23.0;21.0;Rebeca - Revista Brasileira de Estudos de Cinema e Audiovisual | Cinema Journal | Revista FAMECOS;;;01.369.211/0001-69;;;;;;;;;;300000.0;1.1525;1.1525
B1402378700000;INFÂNCIA;2014;PRODECINE 01;FSA Pontuação Bilheteria e Roteiro — Produtora;600000.0;300000.0;0.0;1116786.6;524756.4;1641543.0;47959.11;70156.52;120000;209902.56;70156.52;0.2508;0.0427;0.0;0.0;0;0;0;0;;;;;4.03;adoro_critico|adoro_usuario;2;alta;0.0;;;;;;04.474.294/0001-44;;;;;;;;;;900000.0;0.2799;0.1866
B1500543200000;LINDA DE MORRER;2014;PRODECINE 01;FSA Pontuação Bilheteria e Roteiro — Produtora;1000000.0;2926384.37;250000.0;1749188.0;5556093.42;7305281.42;13216261.41;19333280.12;205000;358583.54;19333280.12;11.2577;2.6465;0.0;0.0;0;0;0;0;;;;;3.2;adoro_usuario;1;baixa;0.0;;;;;;10.645.895/0001-75;;;;;;;;;;4176384.37;13.4213;3.2136
B1402855900000;MARESIA;2014;PRODECINE 01;FSA Pontuação Bilheteria e Roteiro — Produtora;1200000.0;0.0;852263.0;2099025.6;1490768.21;3589793.81;12725.4;17872.12;340000;594723.92;17872.12;0.2918;0.005;3.1;15.5;0;0;0;0;;;;;0.0;;0;;;;;;;;03.766.122/0001-81;;;;;;;;;;2052263.0;0.2939;0.1719
B1402201200000;MUITOS HOMENS NUM SÓ;2014;PRODECINE 01;FSA Pontuação Bilheteria e Roteiro — Produtora;1200000.0;0.0;1750753.83;2365578.0;3062397.59;5427975.59;39370.23;57592.36;345000;603469.86;57592.36;0.2795;0.0106;0.0;0.0;0;0;0;0;;;;;0.0;;0;;;;;;;;29.269.719/0001-04;;;;;;;;;;2950753.83;0.3203;0.1303
B1402652900000;NISE - O CORAÇÃO DA LOUCURA;2014;PRODECINE 01;FSA Pontuação Bilheteria e Roteiro — Produtora;500000.0;0.0;1435918.0;985657.5;2511690.53;3497348.03;2181443.64;3075356.48;365000;638453.62;3075356.48;3.7679;0.8793;2.9;14.5;0;0;0;0;;;;;4.3;adoro_usuario;1;baixa;;;;;;;03.360.320/0001-40;;;;;;;;;;1935918.0;5.0929;1.3154
B1402175100000;O MENINO NO ESPELHO;2014;PRODECINE 01;FSA Pontuação Bilheteria e Roteiro — Produtora;750000.0;0.0;3974019.7;1478486.25;6951307.57;8429793.82;287136.7;464695.0;425000;743404.9;464695.0;0.8171;0.0551;0.0;0.0;0;0;0;0;;;;;3.5;adoro_usuario;1;baixa;;;;;;;03.987.306/0001-71;;;;;;;;;;4724019.7;0.9495;0.1507
B1500177200000;PARA MINHA AMADA MORTA;2014;PRODECINE 01;FSA Pontuação Bilheteria e Roteiro — Produtora;650000.0;0.0;0.0;1136972.2;0.0;1136972.2;101468.8;143036.6;120000;209902.56;143036.6;0.3104;0.1258;7.4;37.0;0;0;0;0;;;;;3.133;adoro_critico;1;media;0.0;;;;;;09.437.566/0001-50;;;;;;;;;;650000.0;0.3407;0.3407
B1500585400000;QUASE MEMÓRIA;2014;PRODECINE 01;FSA Pontuação Bilheteria e Roteiro — Produtora;1000000.0;424922.33;2379000.0;1861311.0;4904587.29;6765898.29;62987.52;83257.44;360000;629707.68;83257.44;0.383;0.0123;0.0;0.0;0;0;0;0;;;;;0.0;;0;;;;;;;;02.282.322/0001-04;;;;;;;;;;3803922.33;0.423;0.1112
B1402237400000;SANGUE AZUL;2014;PRODECINE 01;FSA Pontuação Bilheteria e Roteiro — Produtora;750000.0;150000.0;1600000.0;1478486.25;3061079.0;4539565.25;136497.96;199674.72;145000;253632.26;199674.72;0.3066;0.044;15.02;30.5;711;0;0;0;;;;;4.0;adoro_usuario;1;baixa;;;;;;;02.902.219/0001-01;;;;;;;;;;2500000.0;0.3753;0.1126
B1402332500000;TRINTA;2014;PRODECINE 01;FSA Pontuação Bilheteria e Roteiro — Produtora;1150000.0;1537500.0;2679994.0;2140507.65;7377189.89;9517697.54;268182.3;433602.68;205000;358583.54;433602.68;0.3701;0.0456;0.0;0.0;0;0;0;0;;;;;0.0;;0;;;;;;;;06.137.016/0001-27;;;;;;;;;;5367494.0;0.4115;0.0882
B1402145600000;À QUEIMA ROUPA;2014;PRODECINE 01;FSA Pontuação Bilheteria e Roteiro — Produtora;623000.0;0.0;160308.35;1159596.75;280409.44;1440006.19;17670.92;28607.32;120000;209902.56;28607.32;0.2057;0.0199;0.0;0.0;0;0;0;0;;;;;4.16;adoro_critico|adoro_usuario;2;media;;;;;;;01.464.291/0001-31;;;;;;;;;;783308.35;0.221;0.1758
B1600109600000;A FRENTE FRIA QUE A CHUVA TRAZ;2015;PRODECINE 01;FSA Pontuação Bilheteria e Roteiro — Produtora;1000000.0;100000.0;0.0;1861311.0;158054.4;2019365.4;23899.5;33696.6;125000;197568.0;33696.6;0.1242;0.0167;0.0;0.0;0;0;0;0;;;;;2.2;adoro_usuario;1;baixa;;;;;;;04.092.785/0001-20;;;;;;;;;;1100000.0;0.1489;0.1354
B1600585400000;A GLÓRIA E A GRAÇA;2015;PRODECINE 01;FSA Pontuação Bilheteria e Roteiro — Produtora;1000000.0;1000000.0;1482142.0;1580544.0;3923134.65;5503678.65;85290.0;113037.68;425000;671731.2;113037.68;0.4965;0.0205;1.9;9.5;0;0;0;0;;;;;4.2;adoro_usuario;1;baixa;;;;;;;29.269.719/0001-04;;;;;;;;;;3482142.0;0.5103;0.1465
B1600032100000;AMOR EM SAMPA;2015;PRODECINE 01;FSA Pontuação Bilheteria e Roteiro — Produtora;1500000.0;0.0;3565207.42;2623782.0;5634967.2;8258749.2;186120.0;262416.0;205000;324011.52;262416.0;0.2235;0.0318;0.0;0.0;0;0;0;0;;;;;4.3;adoro_usuario;1;baixa;1.0;0.0;0.0;LA Referencia (Red Federada de Repositorios Institucionales de Publicaciones Científicas);;;56.839.830/0001-61;;;;;;;;;;5065207.42;0.2607;0.0772
B1600041000000;BUGIGANGUE NO ESPAÇO;2015;PRODECINE 01;FSA Pontuação Bilheteria e Roteiro — Produtora;1930000.0;0.0;2400000.0;3804637.95;3793305.6;7597943.550000001;1780770.0;2360113.84;145000;229178.88;2360113.84;0.6806;0.3106;0.0;0.0;0;0;0;0;;;;;4.3;adoro_usuario;1;baixa;0.0;;;;;;08.517.383/0001-81;;;;;;;;;;4330000.0;0.9978;0.4448
B1500344800000;CAMPO GRANDE;2015;PRODECINE 01;FSA Pontuação Bilheteria e Roteiro — Produtora;1000000.0;0.0;3900000.0;1749188.0;6164121.6;7913309.6;68441.4;96497.52;365000;576898.56;96497.52;0.385;0.0122;6.6;33.0;0;0;0;0;;;;;0.0;;0;;;;;;;;29.269.719/0001-04;;;;;;;;;;4900000.0;0.4334;0.0885
B1500812200000;DOIDAS E SANTAS;2015;PRODECINE 01;FSA Pontuação Bilheteria e Roteiro — Produtora;2350000.0;600000.0;1575000.0;4374080.85;3437683.2;7811764.05;457560.0;606419.52;65000;102735.36;606419.52;0.1621;0.0776;0.0;0.0;0;0;0;0;;;;;0.0;;0;;;;;;;;03.626.688/0001-08;;;;;;;;;;4525000.0;0.2224;0.1155
B1600264400000;PONTO ZERO;2015;PRODECINE 01;FSA Pontuação Bilheteria e Roteiro — Produtora;800000.0;0.0;1823519.2;1399350.4;2882152.33;4281502.73;116282.7;163950.36;120000;189665.28;163950.36;0.2527;0.0383;0.0;0.0;0;0;0;0;;;;;0.0;;0;;;;;;;;10.387.192/0001-94;;;;;;;;;;2623519.2;0.2954;0.0901
B1500399400000;PROVA DE CORAGEM;2015;PRODECINE 01;FSA Pontuação Bilheteria e Roteiro — Produtora;1000000.0;887439.18;1080227.33;1749188.0;3109983.5;4859171.5;170877.9;240925.72;140000;221276.16;240925.72;0.2642;0.0496;0.0;0.0;0;0;0;0;;;;;4.015;adoro_critico|adoro_usuario;2;alta;;;;;;;86.777.331/0001-58;;;;;;;;;;2967666.5100000002;0.3109;0.1048
B1500309900000;QUALQUER GATO VIRA-LATA 2;2015;PRODECINE 01;FSA Pontuação Bilheteria e Roteiro — Produtora;1559169.01;2936834.51;2366635.0;2727279.72;8382366.91;11109646.63;11115464.85;16260150.2;205000;324011.52;16260150.2;6.0808;1.4636;0.0;0.0;0;0;0;0;;;;;3.605;adoro_critico|adoro_usuario;2;alta;;;;;;;42.488.478/0001-52;;;;;;;;;;6862638.52;7.2606;1.6496
B1500408100000;UM FILME DE CINEMA;2015;PRODECINE 01;FSA Pontuação Bilheteria e Roteiro — Produtora;450000.0;0.0;0.0;887091.75;0.0;887091.75;60649.96;80374.84;65000;102735.36;80374.84;0.2064;0.0906;0.0;0.0;0;0;0;0;;;;;2.675;adoro_critico|adoro_usuario;2;media;;;;;;;01.369.211/0001-69;;;;;;;;;;450000.0;0.2792;0.2792
B1500870400000;VAI QUE DÁ CERTO 2;2015;PRODECINE 01;FSA Pontuação Bilheteria e Roteiro — Produtora;1000000.0;2900000.0;1600000.0;1580544.0;7112448.0;8692992.0;13144900.89;18534263.16;145000;229178.88;18534263.16;11.8715;2.1321;0.0;0.0;0;0;0;0;;;;;3.5;adoro_usuario;1;baixa;;;;;;;00.538.914/0001-00;;;;;;;;;;5500000.0;13.2899;2.4163
B1500672000000;ÓRFÃOS DO ELDORADO;2015;PRODECINE 01;FSA Pontuação Bilheteria e Roteiro — Produtora;1450000.0;0.0;3942500.0;2698900.95;6231294.72;8930195.67;54764.37;79977.24;345000;545287.68;79977.24;0.2317;0.009;0.0;0.0;0;0;0;0;;;;;0.0;;0;;;;;;;;04.939.205/0001-98;;;;;;;;;;5392500.0;0.2757;0.0741
B1600287300000;DESERTO;2016;PRODECINE 01;FSA Pontuação Bilheteria e Roteiro — Produtora;1016273.0;0.0;855000.0;1777652.54;1271394.41;3049046.95;20355.0;26977.16;280000;416363.08;26977.16;0.2494;0.0088;0.0;0.0;0;0;0;0;;;;;3.705;adoro_critico|adoro_usuario;2;alta;;;;;;;02.140.120/0001-10;;;;;;;;;;1871273.0;0.2955;0.1605
B1600690600000;ERA O HOTEL CAMBRIDGE;2016;PRODECINE 01;FSA Pontuação Bilheteria e Roteiro — Produtora;650000.0;0.0;400000.0;1027353.6;594804.4;1622158.0;448426.54;594650.56;140000;208181.54;594650.56;0.7815;0.3666;16.75;24.0;1525;1;1;0;;;;;3.8;adoro_usuario;1;baixa;2.0;0.0;0.0;AVANCA | CINEMA;;;08.429.784/0001-80;;;;;;;;;;1050000.0;0.9053;0.5604
B1700349800000;JOÃO, O MAESTRO;2016;PRODECINE 01;FSA Pontuação Bilheteria e Roteiro — Produtora;2979524.54;1000000.0;2550950.67;4430585.77;5280302.71;9710888.48;1398300.0;1853213.6;360000;535323.96;1853213.6;0.5391;0.1908;1.6;8.0;0;0;0;0;;;;;3.734;adoro_critico|adoro_usuario;2;alta;;;;;;;73.619.637/0001-34;;;;;;;;;;6530475.21;0.5901;0.2692
B1700077100000;LA VINGANÇA;2016;PRODECINE 01;FSA Pontuação Bilheteria e Roteiro — Produtora;1000000.0;2997626.5;585000.0;1487011.0;5327405.01;6814416.01;78105.0;103515.16;145000;215616.6;103515.16;0.2146;0.0152;0.0;0.0;0;0;0;0;;;;;2.7;adoro_usuario;1;baixa;;;;;;;11.545.487/0001-04;;;;;;;;;;4582626.5;0.2231;0.0487
B1600243000000;REDEMOINHO;2016;PRODECINE 01;FSA Pontuação Bilheteria e Roteiro — Produtora;1700000.0;1250000.0;1000000.0;2973619.6;3345774.75;6319394.35;183735.6;244106.52;140000;208181.54;244106.52;0.1521;0.0386;2.1;10.5;0;0;0;0;;;;;0.0;;0;;;;;;;;02.140.120/0001-10;;;;;;;;;;3950000.0;0.1904;0.082
B1800514700000;SOBRE RODAS;2016;PRODECINE 01;FSA Pontuação Bilheteria e Roteiro — Produtora;340000.0;504435.44999999995;1445564.55;473345.96;2899671.45;3373017.41;51920.04;65285.92;140000;208181.54;65285.92;0.5777;0.0194;2.5;12.5;0;0;0;0;;;;;3.532;adoro_critico|adoro_usuario;2;alta;;;;;;;09.397.798/0001-21;;;;;;;;;;2290000.0;0.5645;0.0838
B1700051600000;VAZANTE;2016;PRODECINE 01;FSA Pontuação Bilheteria e Roteiro — Produtora;750000.0;900000.0;1600000.0;1185408.0;3717527.5;4902935.5;152943.4;202656.72;140000;208181.54;202656.72;0.3466;0.0413;19.81;36.0;2475;3;1;0;;;;;2.8;adoro_usuario;1;baixa;1.0;0.0;0.0;Revista Scientiarum Historia;;;66.876.707/0001-74;;;;;;;;;;3250000.0;0.3906;0.0901
B1700248900000;A SUPERFÍCIE DA SOMBRA;2017;PRODECINE 01;FSA Pontuação Bilheteria e Roteiro — Produtora;900000.0;0.0;680000.0;1338309.9;982192.68;2320502.58;17717.12;23418.64;60000;86664.06;23418.64;0.0823;0.0101;0.0;0.0;0;0;0;0;;;;;2.6;adoro_usuario;1;baixa;;;;;;;05.270.790/0001-49;;;;;;;;;;1580000.0;0.0864;0.0492
B1800089800000;AMORES DE CHUMBO;2017;PRODECINE 01;FSA Pontuação Bilheteria e Roteiro — Produtora;740000.0;0.0;503516.0;1100388.14;727279.01;1827667.15;38777.79;51131.36;200000;288880.2;51131.36;0.309;0.028;0.0;0.0;0;0;0;0;;;;;3.312;adoro_critico;1;media;;;;;;;07.617.370/0001-11;;;;;;;;;;1243516.0;0.3227;0.192
B1700602000000;ANTÁRTICA POR UM ANO;2017;PRODECINE 01;FSA Pontuação Bilheteria e Roteiro — Produtora;1050000.0;0.0;0.0;1659571.2;0.0;1659571.2;7652.04;9621.92;0;0.0;9621.92;0.0058;0.0058;0.0;0.0;0;0;0;0;;;;;3.748;adoro_critico|adoro_usuario;2;alta;;;;;;;09.107.296/0001-19;;;;;;;;;;1050000.0;0.0073;0.0073
B1700450500000;AS BOAS MANEIRAS;2017;PRODECINE 01;FSA Pontuação Bilheteria e Roteiro — Produtora;2200000.0;1000000.0;1201589.99;3271424.2;3179978.78;6451402.98;171776.82;227029.6;145000;209438.15;227029.6;0.1334;0.0352;40.46;82.5;29188;24;8;0;;;;;3.1;adoro_usuario;1;baixa;;;;;Rotterdam;Q18280611;66.876.707/0001-74;;;;;;;;;;4401589.99;0.144;0.072
B1700189700000;EM UM MUNDO INTERIOR;2017;PRODECINE 01;FSA Pontuação Bilheteria e Roteiro — Produtora;300000.0;0.0;975995.94;474163.2;1409729.51;1883892.71;35554.56;46996.32;200000;288880.2;46996.32;0.7084;0.0249;0.0;0.0;0;0;0;0;;;;;3.538;adoro_critico|adoro_usuario;2;media;;;;;;;02.395.043/0001-49;;;;;;;;;;1275995.94;0.7852;0.1846
B1700151900000;O FILME DA MINHA VIDA;2017;PRODECINE 01;FSA Pontuação Bilheteria e Roteiro — Produtora;3268133.28;3000000.0;2650000.0;5165428.45;8160865.65;13326294.100000001;4486321.33;5945849.56;145000;209438.15;5945849.56;1.1916;0.4462;2.5;12.5;0;0;0;0;;;;;3.2;adoro_usuario;1;baixa;;;;;;;02.140.120/0001-10;;;;;;;;;;8918133.28;1.4171;0.5193
B1700497900000;ORGANISMO;2017;PRODECINE 01;FSA Pontuação Bilheteria e Roteiro — Produtora;989420.0;0.0;0.0;1429119.24;0.0;1429119.24;33390.72;41986.56;60000;86664.06;41986.56;0.09;0.0294;0.0;0.0;0;0;0;0;;;;;0.0;;0;;;;;;;;21.805.885/0001-76;;;;;;;;;;989420.0;0.0944;0.0944
B1700088100000;PELA JANELA;2017;PRODECINE 01;FSA Pontuação Bilheteria e Roteiro — Produtora;1100000.0;0.0;620000.0;1738598.4;895528.62;2634127.02;79075.14;104389.88;200000;288880.2;104389.88;0.2262;0.0396;4.6;23.0;0;0;0;0;;;;;0.0;;0;;7.0;0.0;0.0;Digital Library of Theses and Dissertations  (Universidade de São Paulo) | Lume (Universidade Federal do Rio Grande do Sul) | Germinal Marxismo e Educação em Debate;;;66.876.707/0001-74;;;;;;;;;;1720000.0;0.2537;0.1623
B1800469700000;A CABEÇA DE GUMERCINDO SARAIVA;2018;PRODECINE 01;FSA Pontuação Bilheteria e Roteiro — Produtora;2547531.15;0.0;1000000.0;3679656.54;1392194.0;5071850.54;77742.71;102541.04;60000;83531.64;102541.04;0.0506;0.0202;0.0;0.0;0;0;0;0;;;;;3.471;adoro_critico;1;media;;;;;;;05.456.798/0001-02;;;;;;;;;;3547531.15;0.0541;0.0388
B1800516900000;A CIDADE DOS PIRATAS;2018;PRODECINE 01;FSA Pontuação Bilheteria e Roteiro — Produtora;2105830.0;0.0;1719000.0;3919604.54;2393181.49;6312786.03;37693.64;47393.92;280000;389814.32;47393.92;0.1115;0.0075;0.0;0.0;0;0;0;0;;;;;3.5;adoro_usuario;1;baixa;;;;;;;87.435.368/0001-60;;;;;;;;;;3824830.0;0.1509;0.0831
B1800458500000;A PRINCESA DE ELYMIA;2018;PRODECINE 01;FSA Pontuação Bilheteria e Roteiro — Produtora;1675246.0;0.0;0.0;3302437.57;0.0;3302437.57;0.0;0.0;0;0.0;0.0;0.0;0.0;0.0;0.0;0;0;0;0;;;;;3.343;adoro_critico|adoro_usuario;2;alta;;;;;;;10.433.648/0001-05;;;;;;;;;;1675246.0;0.0;0.0
B1800459400000;AMAZÔNIA GROOVE;2018;PRODECINE 01;FSA Pontuação Bilheteria e Roteiro — Produtora;898440.0;0.0;1330000.0;1297707.63;1851618.02;3149325.65;23446.23;29482.04;0;0.0;29482.04;0.0227;0.0094;0.0;0.0;0;0;0;0;;;;;0.0;;0;;0.0;;;;;;05.256.465/0001-21;;;;;;;;;;2228440.0;0.0261;0.0105
B1800375900000;CANO SERRADO;2018;PRODECINE 01;FSA Pontuação Bilheteria e Roteiro — Produtora;2000000.0;1500000.0;1000000.0;2888802.0;3480485.0;6369287.0;23149.2;24094.56;140000;194907.16;24094.56;0.0758;0.0038;0.0;0.0;0;0;0;0;;;;;0.0;;0;;2.0;0.0;0.0;Americanae (AECID Library) | LA Referencia (Red Federada de Repositorios Institucionales de Publicaciones Científicas);;;00.817.115/0001-73;;;;;;;;;;4500000.0;0.0816;0.0363
B1800411600000;DESLEMBRO;2018;PRODECINE 01;FSA Pontuação Bilheteria e Roteiro — Produtora;1940000.0;722489.38;1250000.0;2884801.34;2746087.88;5630889.22;260865.0;328020.0;365000;508150.81;328020.0;0.2899;0.0583;9.2;0.0;878;0;0;0;;;;;0.0;;0;;;;;;;;31.179.864/0001-46;;;;;;;;;;3912489.38;0.3226;0.16
B1800466200000;GUERRA DE ALGODÃO;2018;PRODECINE 01;FSA Pontuação Bilheteria e Roteiro — Produtora;1556546.0;0.0;0.0;2314601.02;0.0;2314601.02;2387.38;2962.12;140000;194907.16;2962.12;0.0855;0.0013;0.0;0.0;0;0;0;0;;;;;4.03;adoro_critico|adoro_usuario;2;media;1.0;0.0;0.0;;;;00.845.658/0001-02;;;;;;;;;;1556546.0;0.0915;0.0915
B1800491800000;LEGALIDADE;2018;PRODECINE 01;FSA Pontuação Bilheteria e Roteiro — Produtora;2148510.0;0.0;921600.0;2991142.73;1283045.99;4274188.72;252849.33;317940.84;60000;83531.64;317940.84;0.1342;0.0744;1.6;8.0;0;0;0;0;;;;;0.0;;0;;;;;;;;90.130.634/0001-51;;;;;;;;;;3070110.0;0.1456;0.1019
B2000003600000;ONDE DORMEM OS SONHOS;2018;PRODECINE 01;FSA Pontuação Bilheteria e Roteiro — Produtora;230000.0;0.0;0.0;332212.23;0.0;332212.23;1069.6;1113.28;80000;111375.52;1113.28;0.3386;0.0034;0.0;0.0;0;0;0;0;;;;;3.32;adoro_critico;1;alta;0.0;;;;;;17.281.724/0001-53;;;;;;;;;;230000.0;0.3525;0.3525
B1800567100000;TAIS & TAIANE;2018;PRODECINE 01;FSA Pontuação Bilheteria e Roteiro — Produtora;2097403.0;0.0;600000.0;3903919.28;835316.4;4739235.68;943.92;1073.52;0;0.0;1073.52;0.0003;0.0002;0.0;0.0;0;0;0;0;;;;;0.0;;0;;1.0;0.0;0.0;Muiraquitã - Revista de Letras e Humanidades;;;01.111.024/0001-80;;;;;;;;;;2697403.0;0.0005;0.0003
B1800212800000;TALVEZ UMA HISTÓRIA DE AMOR;2018;PRODECINE 01;FSA Pontuação Bilheteria e Roteiro — Produtora;800000.0;2999980.0;1500000.0;1155520.8;6264845.16;7420365.96;574422.72;759276.84;140000;194907.16;759276.84;0.8258;0.1023;0.0;0.0;0;0;0;0;;;;;4.3;adoro_usuario;1;baixa;;;;;;;11.503.567/0001-05;;;;;;;;;;5299980.0;0.893;0.1348
B1900029000000;TITO E OS PÁSSAROS;2018;PRODECINE 01;FSA Pontuação Bilheteria e Roteiro — Produtora;2400000.0;0.0;2100000.0;3793305.6;2923607.4;6716913.0;241849.52;303686.88;140000;194907.16;303686.88;0.1314;0.0452;26.96;65.5;27150;0;0;0;;;;;4.1;adoro_usuario;1;baixa;0.0;;;;;;04.310.171/0001-78;;;;;;;;;;4500000.0;0.1591;0.0849
B1800504700000;TORRE DAS DONZELAS;2018;PRODECINE 01;FSA Pontuação Bilheteria e Roteiro — Produtora;810425.0;350000.0;140000.0;1280912.37;682175.06;1963087.4300000002;101563.44;127709.12;360000;501189.84;127709.12;0.491;0.0651;5.2;26.0;0;0;0;0;;;;;0.0;;0;;;;;;;;06.992.833/0001-62;;;;;;;;;;1300425.0;0.5695;0.3549
B1900448200000;AOS OLHOS DE ERNESTO;2019;PRODECINE 01;FSA Pontuação Bilheteria e Roteiro — Produtora;1450000.0;0.0;1000000.0;2094381.45;1334670.0;3429051.45;5842.96;7196.56;200000;266934.0;7196.56;0.1309;0.0021;3.6;18.0;0;0;0;0;;;;;3.61;adoro_critico|adoro_usuario;2;media;3.0;2.0;1.0;Film History | OAPEN (The OAPEN Foundation) | Nursing times;;;94.625.829/0001-23;;;;;;;;;;2450000.0;0.142;0.084
B1900571100000;INCOMPATÍVEL;2019;PRODECINE 01;FSA Pontuação Bilheteria e Roteiro — Produtora;2500000.0;3833731.35;150000.0;3611002.5;5316966.72;8927969.219999999;37760.7;39302.76;0;0.0;39302.76;0.0109;0.0044;0.0;0.0;0;0;0;0;;;;;0.0;;0;;;;;;;;01.378.559/0001-12;;;;;;;;;;6483731.35;0.0151;0.0058
B1900157600000;KARDEC;2019;PRODECINE 01;FSA Pontuação Bilheteria e Roteiro — Produtora;4194083.72;3000000.0;0.0;6057938.72;4004010.0;10061948.719999999;11979901.02;15063910.96;280000;373707.6;15063910.96;2.5483;1.4971;0.8;4.0;0;0;0;0;;;;;3.8;adoro_usuario;1;baixa;;;;;;;09.180.984/0001-04;;;;;;;;;;7194083.720000001;2.9231;1.7042
B1900548300000;LIMA BARRETO, AO TERCEIRO DIA;2019;PRODECINE 01;FSA Pontuação Bilheteria e Roteiro — Produtora;1500000.0;1060000.0;0.0;2166601.5;1414750.2;3581351.7;22518.9;23438.52;140000;186853.8;23438.52;0.0971;0.0065;0.0;0.0;0;0;0;0;;;;;0.0;;0;;;;;;;;08.408.195/0001-15;;;;;;;;;;2560000.0;0.1083;0.0635
B1900618000000;MACABRO;2019;PRODECINE 01;FSA Pontuação Bilheteria e Roteiro — Produtora;3000000.0;3000000.0;550000.0;4176582.0;4738078.5;8914660.5;1354.9;1689.8;140000;186853.8;1689.8;0.0451;0.0002;0.0;0.0;0;0;0;0;;;;;3.541;adoro_critico|adoro_usuario;2;alta;;;;;;;01.803.185/0001-35;;;;;;;;;;6550000.0;0.0471;0.0216
B1900063700000;MUSSUM, UM FILME DO CACILDIS;2019;PRODECINE 01;FSA Pontuação Bilheteria e Roteiro — Produtora;780800.0;300000.0;0.0;1127788.3;400401.0;1528189.3;37754.28;47473.44;360000;480481.2;47473.44;0.4681;0.0311;0.0;0.0;0;0;0;0;;;;;3.4;adoro_usuario;1;baixa;;;;;;;06.992.833/0001-62;;;;;;;;;;1080800.0;0.5094;0.368
B1900098100000;O PERGAMINHO VERMELHO;2019;PRODECINE 01;FSA Pontuação Bilheteria e Roteiro — Produtora;2000000.0;0.0;0.0;3161088.0;0.0;3161088.0;430.38;536.76;80000;106773.6;536.76;0.0339;0.0002;0.0;0.0;0;0;0;0;;;;;3.442;adoro_critico|adoro_usuario;2;media;;;;;;;09.028.371/0001-56;;;;;;;;;;2000000.0;0.0402;0.0402
B1900347800000;PIEDADE;2019;PRODECINE 01;FSA Pontuação Bilheteria e Roteiro — Produtora;1300000.0;0.0;1000000.0;2054707.2;1334670.0;3389377.2;129823.96;147648.76;280000;373707.6;147648.76;0.2537;0.0436;2.0;10.0;0;0;0;0;;;;;0.0;;0;;0.0;;;;;;01.369.211/0001-69;;;;;;;;;;2300000.0;0.3152;0.1782
B1900284200000;PORFÍRIO DO AMARAL - A VERDADE SOBRE O SAMBA;2019;PRODECINE 01;FSA Pontuação Bilheteria e Roteiro — Produtora;445000.0;0.0;0.0;642758.45;0.0;642758.45;0.0;0.0;0;0.0;0.0;0.0;0.0;0.0;0.0;0;0;0;0;;;;;4.2;adoro_usuario;1;baixa;0.0;;;;;;04.979.755/0001-30;;;;;;;;;;445000.0;0.0;0.0
B1900572600000;PUREZA;2019;PRODECINE 01;FSA Pontuação Bilheteria e Roteiro — Produtora;4189073.0;0.0;1000000.0;6050701.23;1334670.0;7385371.23;321987.8;335137.04;140000;186853.8;335137.04;0.0863;0.0454;0.0;0.0;0;0;0;0;;;;;4.208;adoro_critico|adoro_usuario;2;alta;;;;;;;55.084.750/0001-80;;;;;;;;;;5189073.0;0.1103;0.089
B1900331600000;SE ARREPENDIMENTO MATASSE;2019;PRODECINE 01;FSA Pontuação Bilheteria e Roteiro — Produtora;980000.0;0.0;0.0;1415512.98;0.0;1415512.98;2088.14;2604.28;0;0.0;2604.28;0.0018;0.0018;0.0;0.0;0;0;0;0;;;;;0.0;;0;;;;;;;;01.025.252/0001-38;;;;;;;;;;980000.0;0.0021;0.0021
B2000152800000;CAFÉ, PEPI E LIMÃO;2020;PRODECINE 01;FSA Pontuação Bilheteria e Roteiro — Produtora;1300000.0;0.0;0.0;1877721.3;0.0;1877721.3;14989.52;14989.52;0;0.0;14989.52;0.008;0.008;0.0;0.0;0;0;0;0;;;;;0.0;;0;;0.0;;;;;;07.718.282/0001-06;;;;;;;;;;1300000.0;0.0115;0.0115
B2000096200000;EDUARDO E MÔNICA;2020;PRODECINE 01;FSA Pontuação Bilheteria e Roteiro — Produtora;1800000.0;2700000.0;1399983.0;2505949.2;5235481.49;7741430.69;7820690.7;8140025.04;140000;178773.28;8140025.04;3.3196;1.0515;3.0;15.0;0;0;0;0;;;;;3.827;adoro_critico|adoro_usuario;2;alta;;;;;;;08.427.088/0001-34;;;;;;;;;;5899983.0;4.4226;1.3493
B2000185600000;NIÈDE;2020;PRODECINE 01;FSA Pontuação Bilheteria e Roteiro — Produtora;510000.0;0.0;0.0;710018.94;0.0;710018.94;2247.54;2803.08;60000;76617.12;2803.08;0.1119;0.0039;0.0;0.0;0;0;0;0;;;;;0.0;;0;;;;;;;;13.827.942/0001-90;;;;;;;;;;510000.0;0.1221;0.1221
B2000364100000;O CEMITÉRIO DAS ALMAS PERDIDAS;2020;PRODECINE 01;FSA Pontuação Bilheteria e Roteiro — Produtora;1700000.0;0.0;0.0;2366729.8;0.0;2366729.8;1083.76;1232.56;60000;76617.12;1232.56;0.0329;0.0005;0.0;0.0;0;0;0;0;;;;;2.975;adoro_critico|adoro_usuario;2;media;;;;;;;09.369.796/0001-29;;;;;;;;;;1700000.0;0.0359;0.0359
B2000525500000;O CLUBE DOS ANJOS;2020;PRODECINE 01;FSA Pontuação Bilheteria e Roteiro — Produtora;1500000.0;1062500.0;1000000.0;2166601.5;2633713.5;4800315.0;83391.95;86736.44;60000;76617.12;86736.44;0.0754;0.0181;14.76;14.5;1429;2;1;0;;;;;2.8;adoro_usuario;1;baixa;3.0;0.0;0.0;Cidades, comunidades e território/Cidades comunidades e territórios | Revista Trabalho Necessário | Simbiótica Revista Eletrônica;;;10.441.993/0001-90;;;;;;;;;;3562500.0;0.0956;0.0403
B2000320300000;O SENTIDO DA VIDA;2020;PRODECINE 01;FSA Pontuação Bilheteria e Roteiro — Produtora;750000.0;300000.0;0.0;1083300.75;383085.6;1466386.35;2639.48;3001.88;0;0.0;3001.88;0.0028;0.002;0.0;0.0;0;0;0;0;;;;;3.2;adoro_usuario;1;baixa;;;;;;;02.525.725/0001-29;;;;;;;;;;1050000.0;0.0035;0.0025
B2000106900000;OS ESCRAVOS DE JÓ;2020;PRODECINE 01;FSA Pontuação Bilheteria e Roteiro — Produtora;1520000.0;0.0;0.0;2195489.52;0.0;2195489.52;6876.0;7156.8;0;0.0;7156.8;0.0033;0.0033;0.0;0.0;0;0;0;0;;;;;3.438;adoro_critico;1;media;0.0;;;;;;10.505.568/0001-18;;;;;;;;;;1520000.0;0.0045;0.0045
B2000477300000;RIR PRA NÃO CHORAR;2020;PRODECINE 01;FSA Pontuação Bilheteria e Roteiro — Produtora;1500000.0;0.0;0.0;2166601.5;0.0;2166601.5;16578.8;17255.84;60000;76617.12;17255.84;0.0433;0.008;0.0;0.0;0;0;0;0;;;;;0.0;;0;;0.0;;;;;;04.852.671/0001-31;;;;;;;;;;1500000.0;0.0511;0.0511
B2000040200000;SOLTEIRA QUASE SURTANDO;2020;PRODECINE 01;FSA Pontuação Bilheteria e Roteiro — Produtora;500000.0;1500000.0;0.0;667335.0;1915428.0;2582763.0;333703.9;416187.8;60000;76617.12;416187.8;0.7385;0.1611;0.0;0.0;0;0;0;0;;;;;0.0;;0;;;;;;;;07.978.267/0001-05;;;;;;;;;;2000000.0;0.7874;0.1969
B2000436400000;TODOS OS MORTOS;2020;PRODECINE 01;FSA Pontuação Bilheteria e Roteiro — Produtora;1684255.81;75000.0;500000.0;2344810.83;734247.4;3079058.23;9968.48;11908.12;280000;357546.56;11908.12;0.1576;0.0039;10.4;42.0;0;8;1;0;;;;;4.1;adoro_usuario;1;baixa;12.0;0.0;0.0;Rebeca - Revista Brasileira de Estudos de Cinema e Audiovisual | Logos | Brasiliana- Journal for Brazilian Studies;Rotterdam;Q61641235;66.876.707/0001-74;;;;;;;;;;2259255.81;0.1722;0.1283
B2100349700000;A QUEDA;2021;PRODECINE 01;FSA Pontuação Bilheteria e Roteiro — Produtora;1300000.0;0.0;0.0;1809852.2;0.0;1809852.2;6763.44;7037.52;60000;69613.92;7037.52;0.0424;0.0039;0.0;0.0;0;0;0;0;;;;;3.895;adoro_critico|adoro_usuario;2;alta;2.0;0.0;0.0;Tercio Creciente | CEUB (University Center of Brasília);;;22.971.615/0001-06;;;;;;;;;;1300000.0;0.0514;0.0514
B2100103100000;DIÁRIO DE VIAGEM;2021;PRODECINE 01;FSA Pontuação Bilheteria e Roteiro — Produtora;2324587.5;0.0;800000.0;3236276.77;928185.6;4164462.37;7620.9;7932.12;280000;324864.96;7932.12;0.1028;0.0019;0.0;0.0;0;0;0;0;;;;;4.412;adoro_critico|adoro_usuario;2;media;;;;;;;12.106.102/0001-75;;;;;;;;;;3124587.5;0.1237;0.0921
B2100271600000;DUETTO;2021;PRODECINE 01;FSA Pontuação Bilheteria e Roteiro — Produtora;2389000.0;2854879.45;600000.0;3325951.47;4008461.69;7334413.16;53250.8;55425.44;60000;69613.92;55425.44;0.0376;0.0076;0.0;0.0;0;0;0;0;;;;;0.0;;0;;;;;;;;53.976.478/0001-18;;;;;;;;;;5843879.45;0.0474;0.0194
B2100218200000;MADALENA;2021;PRODECINE 01;FSA Pontuação Bilheteria e Roteiro — Produtora;1900000.0;0.0;0.0;2744361.9;0.0;2744361.9;5258.06;5804.96;60000;69613.92;5804.96;0.0275;0.0021;7.1;35.5;0;0;0;0;;;;;3.4;adoro_usuario;1;baixa;;;;;;;03.493.590/0001-20;;;;;;;;;;1900000.0;0.0343;0.0343
B2100282200000;PLUFT, O FANTASMINHA;2021;PRODECINE 01;FSA Pontuação Bilheteria e Roteiro — Produtora;6178774.11;2700000.0;1865000.0;9187905.07;5296459.08;14484364.15;2465770.65;2566368.84;140000;162432.48;2566368.84;0.297;0.1772;0.0;0.0;0;0;0;0;;;;;3.938;adoro_critico|adoro_usuario;2;media;;;;;;;72.062.029/0001-09;;;;;;;;;;10743774.11;0.4217;0.2425
B2100326700000;SWINGUEIRA;2021;PRODECINE 01;FSA Pontuação Bilheteria e Roteiro — Produtora;250000.0;0.0;0.0;333667.5;0.0;333667.5;0.0;0.0;60000;69613.92;0.0;0.2086;0.0;0.0;0.0;0;0;0;0;;;;;0.0;;0;;1.0;0.0;0.0;UiTM Institutional Repositories (Universiti Teknologi MARA);;;14.989.694/0001-46;;;;;;;;;;250000.0;0.24;0.24
B2200405700000;A ILHA DOS ILÚS;2022;PRODECINE 01;FSA Pontuação Bilheteria e Roteiro — Produtora;1000000.0;0.0;200000.0;1487011.0;219346.2;1706357.2;27669.71;28050.68;0;0.0;28050.68;0.0189;0.0164;0.0;0.0;0;0;0;0;;;;;3.95;adoro_critico|adoro_usuario;2;alta;;;;;;;08.394.172/0001-07;;;;;;;;;;1200000.0;0.0277;0.0231
B2200291400000;A LASANHA ASSASSINA - A REVOLTA DAS MASSAS;2022;PRODECINE 01;FSA Pontuação Bilheteria e Roteiro — Produtora;2486176.3;0.0;500000.0;2726666.62;548365.5;3275032.12;1451.14;1471.12;0;0.0;1471.12;0.0005;0.0004;0.0;0.0;0;0;0;0;;;;;3.755;adoro_critico|adoro_usuario;2;media;0.0;;;;;;08.517.383/0001-81;;;;;;;;;;2986176.3;0.0006;0.0005
B2200223200000;ASSALTO NA PAULISTA;2022;PRODECINE 01;FSA Pontuação Bilheteria e Roteiro — Produtora;2116898.01;0.0;3018393.27;2947132.71;3310365.47;6257498.18;38180.9;39740.12;0;0.0;39740.12;0.0135;0.0064;0.0;0.0;0;0;0;0;;;;;3.59;adoro_critico|adoro_usuario;2;alta;;;;;;;02.395.043/0001-49;;;;;;;;;;5135291.279999999;0.018;0.0074
B2200409600000;ESTADOS UNIDOS DO BRASIL;2022;PRODECINE 01;FSA Pontuação Bilheteria e Roteiro — Produtora;560000.0;0.0;0.0;779628.64;0.0;779628.64;1196.21;1212.68;0;0.0;1212.68;0.0016;0.0016;0.0;0.0;0;0;0;0;;;;;4.343;adoro_critico|adoro_usuario;2;media;;;;;;;05.928.108/0001-62;;;;;;;;;;560000.0;0.0021;0.0021
B2200307700000;O ALECRIM E O SONHO;2022;PRODECINE 01;FSA Pontuação Bilheteria e Roteiro — Produtora;1200000.0;0.0;0.0;1670632.8;0.0;1670632.8;5863.39;5944.12;0;0.0;5944.12;0.0036;0.0036;0.0;0.0;0;0;0;0;;;;;3.4;adoro_usuario;1;baixa;;;;;;;23.064.648/0001-27;;;;;;;;;;1200000.0;0.0049;0.0049
B2200080600000;O PAI DA RITA;2022;PRODECINE 01;FSA Pontuação Bilheteria e Roteiro — Produtora;2250000.0;500000.0;0.0;3003007.5;548365.5;3551373.0;23488.72;24432.52;140000;153542.34;24432.52;0.0593;0.0069;1.4;7.0;0;0;0;0;;;;;3.878;adoro_critico|adoro_usuario;2;alta;;;;;;;66.669.599/0001-69;;;;;;;;;;2750000.0;0.0727;0.0595
B2200266500000;PORTO PRÍNCIPE;2022;PRODECINE 01;FSA Pontuação Bilheteria e Roteiro — Produtora;1300000.0;0.0;0.0;1809852.2;0.0;1809852.2;5129.04;5129.04;0;0.0;5129.04;0.0028;0.0028;0.0;0.0;0;0;0;0;;;;;0.0;;0;;;;;;;;12.827.703/0001-77;;;;;;;;;;1300000.0;0.0039;0.0039
B2300257900000;A ESTAÇÃO;2023;PRODECINE 01;FSA Pontuação Bilheteria e Roteiro — Produtora;800000.0;0.0;1088000.0;1067736.0;1140550.4;2208286.4;10456.88;10456.88;0;0.0;10456.88;0.0098;0.0047;0.0;0.0;0;0;0;0;;;;;0.0;;0;;;;;;;;10.407.637/0001-50;;;;;;;;;;1888000.0;0.0131;0.0055
B2300451700000;A MULHER SEM CHÃO;2023;PRODECINE 01;FSA Pontuação Bilheteria e Roteiro — Produtora;330000.0;0.0;0.0;440441.1;0.0;440441.1;159.04;159.04;0;0.0;159.04;0.0004;0.0004;0.0;0.0;0;0;0;0;;;;;4.3;adoro_usuario;1;baixa;0.0;;;;;;20.357.494/0001-73;;;;;;;;;;330000.0;0.0005;0.0005
B2300486200000;CEDO DEMAIS;2023;PRODECINE 01;FSA Pontuação Bilheteria e Roteiro — Produtora;2000000.0;2400000.0;650999.0;2784388.0;3198362.25;5982750.25;7276.08;7276.08;0;0.0;7276.08;0.0026;0.0012;0.0;0.0;0;0;0;0;;;;;0.0;;0;;;;;;;;72.062.029/0001-09;;;;;;;;;;5050999.0;0.0036;0.0014
B2300282000000;DE LONGE TODA SERRA É AZUL;2023;PRODECINE 01;FSA Pontuação Bilheteria e Roteiro — Produtora;1099833.33;0.0;0.0;1531181.36;0.0;1531181.36;2703.68;2703.68;0;0.0;2703.68;0.0018;0.0018;0.0;0.0;0;0;0;0;;;;;3.683;adoro_critico|adoro_usuario;2;media;1.0;0.0;0.0;;;;07.206.747/0001-40;;;;;;;;;;1099833.33;0.0025;0.0025
B2300201100000;DERRAPADA;2023;PRODECINE 01;FSA Pontuação Bilheteria e Roteiro — Produtora;1300000.0;2050000.0;400000.0;1809852.2;2568335.0;4378187.2;8902.94;9025.52;140000;146762.0;9025.52;0.0861;0.0021;0.0;0.0;0;0;0;0;;;;;0.0;;0;;;;;;;;09.107.296/0001-19;;;;;;;;;;3750000.0;0.1145;0.0397
B2300060700000;MAIS PESADO É O CÉU;2023;PRODECINE 01;FSA Pontuação Bilheteria e Roteiro — Produtora;1250000.0;0.0;0.0;1310375.0;0.0;1310375.0;7236.32;7236.32;60000;62898.0;7236.32;0.0535;0.0055;0.0;0.0;0;0;0;0;;;;;3.4;adoro_usuario;1;baixa;;;;;;;04.614.433/0001-98;;;;;;;;;;1250000.0;0.0538;0.0538
B2300099200000;MORCEGO NEGRO;2023;PRODECINE 01;FSA Pontuação Bilheteria e Roteiro — Produtora;400000.0;300000.0;0.0;556877.6;314490.0;871367.6;21530.04;21530.04;280000;293524.0;21530.04;0.5658;0.0247;0.0;0.0;0;0;0;0;;;;;0.0;;0;;11.0;0.0;0.0;LA Referencia (Red Federada de Repositorios Institucionales de Publicaciones Científicas) | UNIFESP Institutional Repository (Universidade Federal de São Paulo) | Estudos da língua(gem);;;09.260.004/0001-83;;;;;;;;;;700000.0;0.7538;0.4308
B2300200700000;MUNDO PROIBIDO;2023;PRODECINE 01;FSA Pontuação Bilheteria e Roteiro — Produtora;2500000.0;0.0;1500000.0;3480485.0;1572450.0;5052935.0;9780.96;9780.96;0;0.0;9780.96;0.0028;0.0019;0.0;0.0;0;0;0;0;;;;;0.0;;0;;0.0;;;;;;02.231.569/0001-93;;;;;;;;;;4000000.0;0.0039;0.0024
B2300442100000;OTHELO, O GRANDE;2023;PRODECINE 01;FSA Pontuação Bilheteria e Roteiro — Produtora;650000.0;200000.0;324000.0;904926.1;549309.2;1454235.2999999998;62860.56;62860.56;280000;293524.0;62860.56;0.3938;0.0432;0.0;0.0;0;0;0;0;;;;;4.4;adoro_usuario;1;baixa;;;;;;;39.183.983/0001-84;;;;;;;;;;1174000.0;0.5275;0.292
B2300258300000;QUARTA-FEIRA DE CINZAS;2023;PRODECINE 01;FSA Pontuação Bilheteria e Roteiro — Produtora;1000000.0;0.0;0.0;1444401.0;0.0;1444401.0;1570.52;1570.52;0;0.0;1570.52;0.0011;0.0011;0.0;0.0;0;0;0;0;;;;;2.835;adoro_critico|adoro_usuario;2;alta;0.0;;;;;;20.386.333/0001-08;;;;;;;;;;1000000.0;0.0016;0.0016
B2300382200000;RETRATO DE UM CERTO ORIENTE;2023;PRODECINE 01;FSA Pontuação Bilheteria e Roteiro — Produtora;1500000.0;1111000.0;3680000.0;1572450.0;5022405.3;6594855.3;140551.6;140551.6;280000;293524.0;140551.6;0.2761;0.0213;0.0;0.0;0;0;0;0;;;;;3.8;adoro_critico;1;alta;;;;;;;04.939.205/0001-98;;;;;;;;;;6291000.0;0.2804;0.0668
B2300105700000;TESOURO NATTERER;2023;PRODECINE 01;FSA Pontuação Bilheteria e Roteiro — Produtora;1698884.0;0.0;0.0;2267449.51;0.0;2267449.51;0.0;0.0;0;0.0;0.0;0.0;0.0;0.0;0.0;0;0;0;0;;;;;0.0;;0;;;;;;;;55.084.750/0001-80;;;;;;;;;;1698884.0;0.0;0.0
B1402125800000;A ESTRADA 47;2014;PRODECINE 02;FSA Pontuação Bilheteria e Roteiro — Distribuidora;1800000.0;0.0;1766100.0;3755590.2;3089240.93;6844831.130000001;456759.9;668166.8;120000;209902.56;668166.8;0.2338;0.0976;24.12;21.5;1383;45;10;0;;;;;3.727;adoro_critico|adoro_usuario;2;alta;;;;;;;01.713.311/0001-60;;;;;;;;;;3566100.0;0.3204;0.1617
B1402131600000;CASA GRANDE;2014;PRODECINE 02;FSA Pontuação Bilheteria e Roteiro — Distribuidora;1150000.0;0.0;200.0;2267012.25;349.84;2267362.09;549485.49;803808.04;145000;253632.26;803808.04;0.4664;0.3545;25.34;59.5;19926;0;0;0;;;;;3.5;adoro_usuario;1;baixa;4.0;0.0;0.0;Brasiliana- Journal for Brazilian Studies | LA Referencia (Red Federada de Repositorios Institucionales de Publicaciones Científicas);Rotterdam;Q10281049;10.645.895/0001-75;;;;;;;;;;1150200.0;0.6039;0.6038
B1402406800000;IRMÃ DULCE;2014;PRODECINE 02;FSA Pontuação Bilheteria e Roteiro — Distribuidora;3000000.0;3000000.01;3800000.0;5583933.0;11894478.42;17478411.42;2558301.71;4131561.0;425000;743404.9;4131561.0;0.873;0.2364;0.0;0.0;0;0;0;0;;;;;4.2;adoro_usuario;1;baixa;;;;;;;10.645.895/0001-75;;;;;;;;;;9800000.01;0.9944;0.3044
B1402704900000;LOUCAS PRA CASAR;2014;PRODECINE 02;FSA Pontuação Bilheteria e Roteiro — Distribuidora;3000000.0;0.0;350000.0;5247564.0;612215.8;5859779.8;51367563.54;75142543.28;205000;358583.54;75142543.28;14.3878;12.8234;0.0;0.0;0;0;0;0;;;;;3.7;adoro_usuario;1;baixa;;;;;;;02.140.164/0001-40;;;;;;;;;;3350000.0;17.1909;15.3948
B1402689400000;O VENDEDOR DE PASSADOS;2014;PRODECINE 02;FSA Pontuação Bilheteria e Roteiro — Distribuidora;2350000.0;0.0;2277995.0;5221836.3;3984641.52;9206477.82;1128866.94;1651352.08;425000;743404.9;1651352.08;0.4586;0.1794;0.0;0.0;0;0;0;0;;;;;3.1;adoro_usuario;1;baixa;;;;;;;02.020.661/0001-04;;;;;;;;;;4627995.0;0.6612;0.3358
B1500554400000;A ESPERANÇA É A ÚLTIMA QUE MORRE;2015;PRODECINE 02;FSA Pontuação Bilheteria e Roteiro — Distribuidora;1750000.0;250000.0;1619000.0;3257294.25;2954036.74;6211330.99;1496259.0;2188788.0;125000;197568.0;2188788.0;0.7326;0.3524;0.0;0.0;0;0;0;0;;;;;3.527;adoro_critico|adoro_usuario;2;media;10.0;1.0;1.0;LA Referencia (Red Federada de Repositorios Institucionales de Publicaciones Científicas) | Rebeca - Revista Brasileira de Estudos de Cinema e Audiovisual | DOC online - Revista Digital de Cinema Documentário;;;27.920.016/0001-79;;;;;;;;;;3619000.0;0.9264;0.448
B1500591500000;A FLORESTA QUE SE MOVE;2015;PRODECINE 02;FSA Pontuação Bilheteria e Roteiro — Distribuidora;1000000.0;2300000.0;0.0;1580544.0;3635251.2;5215795.2;114183.18;167031.76;200000;316108.8;167031.76;0.3057;0.032;0.0;0.0;0;0;0;0;;;;;3.538;adoro_critico;1;alta;;;;;;;00.338.948/0001-51;;;;;;;;;;3300000.0;0.3142;0.0952
B1500572900000;AS AVENTURAS DO PEQUENO COLOMBO;2015;PRODECINE 02;FSA Pontuação Bilheteria e Roteiro — Distribuidora;1500000.0;220000.0;0.0;2956972.5;347719.68;3304692.18;35700.0;47314.4;60000;94832.64;47314.4;0.0481;0.0143;10.86;0.0;2974;0;0;0;;;;;3.04;adoro_critico|adoro_usuario;2;media;;;;;;;07.060.648/0001-00;;;;;;;;;;1720000.0;0.0638;0.0556
B1500843400000;ASPIRANTES;2015;PRODECINE 02;FSA Pontuação Bilheteria e Roteiro — Distribuidora;442000.0;0.0;342000.0;871321.23;540546.05;1411867.28;6039.42;7594.16;280000;442552.32;7594.16;0.5166;0.0054;0.0;0.0;0;0;0;0;;;;;0.0;;0;;;;;;;;04.858.795/0001-24;;;;;;;;;;784000.0;0.6471;0.3648
B1500873900000;ATRAVÉS DA SOMBRA;2015;PRODECINE 02;FSA Pontuação Bilheteria e Roteiro — Distribuidora;1440000.0;550000.0;1054100.0;2680287.84;2535350.63;5215638.47;93835.5;132301.4;200000;316108.8;132301.4;0.1673;0.0254;0.0;0.0;0;0;0;0;;;;;2.6;adoro_usuario;1;baixa;;;;;Oscar;Q4017957;04.864.145/0001-91;;;;;;;;;;3044100.0;0.2041;0.0965
B1500711400000;BEATRIZ;2015;PRODECINE 02;FSA Pontuação Bilheteria e Roteiro — Distribuidora;1000000.0;149999.99;1060000.0;1861311.0;1912458.22;3773769.2199999997;19240.77;24193.96;60000;94832.64;24193.96;0.0639;0.0064;0.0;0.0;0;0;0;0;;;;;2.998;adoro_critico|adoro_usuario;2;alta;0.0;;;;;;27.920.016/0001-79;;;;;;;;;;2209999.99;0.0792;0.0359
B1600100300000;O ESCARAVELHO DO DIABO;2015;PRODECINE 02;FSA Pontuação Bilheteria e Roteiro — Distribuidora;2500000.0;1749999.99;750000.0;3951360.0;3951359.98;7902719.98;1191351.3;1679720.84;205000;324011.52;1679720.84;0.5071;0.2125;0.0;0.0;0;0;0;0;;;;;3.858;adoro_critico|adoro_usuario;2;media;0.0;;;;;;66.876.707/0001-74;;;;;;;;;;4999999.99;0.5585;0.2793
B1500585100000;QUE HORAS ELA VOLTA?;2015;PRODECINE 02;FSA Pontuação Bilheteria e Roteiro — Distribuidora;1200000.0;370000.0;1600000.0;1896652.8;3113671.68;5010324.48;6658336.31;9739291.52;205000;324011.52;9739291.52;5.3058;1.9438;28.49;54.0;457159;0;0;0;;;;;4.4;adoro_usuario;1;baixa;0.0;;;;;;64.047.665/0001-33;;;;;;;;;;3170000.0;5.7194;2.1651
B1500899800000;REZA A LENDA;2015;PRODECINE 02;FSA Pontuação Bilheteria e Roteiro — Distribuidora;2000000.0;1800000.0;4916909.75;3498376.0;10616371.4;14114747.4;5384352.9;7591555.72;365000;576898.56;7591555.72;2.3349;0.5378;1.2;6.0;0;0;0;0;;;;;3.793;adoro_critico|adoro_usuario;2;alta;;;;;;;08.821.187/0001-04;;;;;;;;;;8716909.75;2.8747;0.6596
B1600036800000;ZOOM;2015;PRODECINE 02;FSA Pontuação Bilheteria e Roteiro — Distribuidora;2717002.5;250000.0;300000.0;4040212.6;869299.2;4909511.8;199303.5;281003.8;125000;197568.0;281003.8;0.1185;0.0572;11.16;9.0;988;0;0;0;;;;;0.0;;0;;;;;;;;02.525.725/0001-29;;;;;;;;;;3267002.5;0.1194;0.0993
B1700162000000;ALTAS EXPECTATIVAS;2016;PRODECINE 02;FSA Pontuação Bilheteria e Roteiro — Distribuidora;2852800.0;960000.0;0.0;4242144.98;1427530.56;5669675.540000001;100410.08;133076.72;140000;208181.54;133076.72;0.0804;0.0235;0.0;0.0;0;0;0;0;;;;;0.0;;0;;0.0;;;;;;12.375.637/0001-41;;;;;;;;;;3812800.0;0.0843;0.0631
B1700386500000;COMO SE TORNAR O PIOR ALUNO DA ESCOLA;2016;PRODECINE 02;FSA Pontuação Bilheteria e Roteiro — Distribuidora;3500000.0;3000000.0;203056.24;5204538.5;4762979.86;9967518.36;7749180.0;10270246.56;65000;96655.72;10270246.56;1.9919;1.0304;0.0;0.0;0;0;0;0;;;;;3.0;adoro_usuario;1;baixa;1.0;0.0;0.0;;;;07.276.440/0001-15;;;;;;;;;;6703056.24;2.2326;1.1658
B1600680100000;ELIS;2016;PRODECINE 02;FSA Pontuação Bilheteria e Roteiro — Distribuidora;2710000.0;3000000.0;2030000.0;4283274.24;7479665.33;11762939.57;7986352.06;11221802.76;145000;215616.6;11221802.76;2.6703;0.954;15.65;16.0;9639;0;0;0;;;;;3.8;adoro_usuario;1;baixa;;;;;;;07.949.950/0001-06;;;;;;;;;;7740000.0;3.0005;1.0506
B1600567900000;O SHAOLIN DO SERTÃO;2016;PRODECINE 02;FSA Pontuação Bilheteria e Roteiro — Distribuidora;1750000.0;2370000.0;0.0;2765952.0;3524216.07;6290168.07;8750194.2;12337130.4;145000;215616.6;12337130.4;4.5383;1.9613;0.0;0.0;0;0;0;0;;;;;4.0;adoro_usuario;1;baixa;;;;;;;02.008.424/0001-28;;;;;;;;;;4120000.0;5.083;2.159
B1700011500000;PEIXONAUTA: O FILME;2016;PRODECINE 02;FSA Pontuação Bilheteria e Roteiro — Distribuidora;2600000.0;0.0;2337427.3600000003;4839408.6;3475780.2;8315188.8;333045.76;440222.72;360000;535323.96;440222.72;0.2016;0.0529;0.0;0.0;0;0;0;0;;;;;3.5;adoro_usuario;1;baixa;0.0;;;;;;01.161.933/0001-23;;;;;;;;;;4937427.36;0.2666;0.1404
B1700177700000;UM TIO QUASE PERFEITO;2016;PRODECINE 02;FSA Pontuação Bilheteria e Roteiro — Distribuidora;2300000.0;2341601.34;335000.0;3420125.3;3980135.64;7400260.9399999995;8651910.0;11466664.72;360000;535323.96;11466664.72;3.5092;1.5495;0.0;0.0;0;0;0;0;;;;;3.0;adoro_usuario;1;baixa;;;;;;;42.473.256/0001-66;;;;;;;;;;4976601.34;3.9182;1.8109
B1800206400000;UMA NOITE NÃO É NADA;2016;PRODECINE 02;FSA Pontuação Bilheteria e Roteiro — Distribuidora;1432942.0;0.0;600000.0;2264827.88;892206.6;3157034.48;15936.48;20039.04;60000;89220.66;20039.04;0.0482;0.0063;0.0;0.0;0;0;0;0;;;;;0.0;;0;;24.0;9.0;6.0;Digital Library of Theses and Dissertations  (Universidade de São Paulo) | Revista urutágua | Revista OPSIS;;;69.126.670/0001-55;;;;;;;;;;2032942.0;0.053;0.0374
B1600564100000;VERMELHO RUSSO;2016;PRODECINE 02;FSA Pontuação Bilheteria e Roteiro — Distribuidora;500000.0;0.0;1077500.0;790272.0;1602254.35;2392526.35;119787.9;159020.12;140000;208181.54;159020.12;0.4647;0.0665;11.6;8.0;0;10;6;0;;;;;0.0;;0;;12.0;41.0;23.0;LA Referencia (Red Federada de Repositorios Institucionales de Publicaciones Científicas) | Revista FAMECOS | Rascunho;;;09.287.514/0001-44;;;;;;;;;;1577500.0;0.5196;0.1647
B1700353800000;BERENICE PROCURA;2017;PRODECINE 02;FSA Pontuação Bilheteria e Roteiro — Distribuidora;3380000.0;0.0;0.0;5026097.18;0.0;5026097.18;92315.52;122023.44;360000;519984.36;122023.44;0.1277;0.0243;0.0;0.0;0;0;0;0;;;;;2.7;adoro_usuario;1;baixa;4.0;0.0;0.0;Revista FAMECOS | Brasiliana- Journal for Brazilian Studies | LA Referencia (Red Federada de Repositorios Institucionales de Publicaciones Científicas);;;00.338.948/0001-51;;;;;;;;;;3380000.0;0.1338;0.1338
B1700119200000;COMO NOSSOS PAIS;2017;PRODECINE 02;FSA Pontuação Bilheteria e Roteiro — Distribuidora;3000000.0;563400.0;1850000.0;4741632.0;3485917.37;8227549.37;3109290.48;4120845.68;145000;209438.15;4120845.68;0.9132;0.5009;20.48;31.0;36866;0;0;0;;;;;3.7;adoro_usuario;1;baixa;;;;;;;02.238.621/0001-33;;;;;;;;;;5413400.0;1.0848;0.6012
B1700395900000;DUAS DE MIM;2017;PRODECINE 02;FSA Pontuação Bilheteria e Roteiro — Distribuidora;3638360.0;699999.99;250000.0;5750588.07;1372180.94;7122769.01;4436850.0;5880305.2;145000;209438.15;5880305.2;1.059;0.8256;0.0;0.0;0;0;0;0;;;;;4.2;adoro_usuario;1;baixa;;;;;;;10.645.895/0001-75;;;;;;;;;;4588359.99;1.2593;0.9986
B1700109600000;GOSTOSAS, LINDAS E SEXIES;2017;PRODECINE 02;FSA Pontuação Bilheteria e Roteiro — Distribuidora;3000000.0;3000000.0;0.0;4333203.0;4333203.0;8666406.0;1299855.0;1722741.16;365000;527206.37;1722741.16;0.5192;0.1988;0.0;0.0;0;0;0;0;;;;;2.3;adoro_usuario;1;baixa;0.0;;;;;;15.479.865/0001-50;;;;;;;;;;6000000.0;0.555;0.2775
B1700571300000;HAPPY HOUR;2017;PRODECINE 02;FSA Pontuação Bilheteria e Roteiro — Distribuidora;2600000.0;272955.26;1620000.0;3866228.6;2734186.47;6600415.07;50475.73;63616.0;60000;86664.06;63616.0;0.0389;0.0096;0.0;0.0;0;0;0;0;;;;;0.0;;0;;3.0;0.0;0.0;Brasiliana- Journal for Brazilian Studies | Convergências estudos em Humanidades Digitais;;;05.256.465/0001-21;;;;;;;;;;4492955.26;0.0425;0.0246
B1700600100000;MINHA FAMA DE MAU;2017;PRODECINE 02;FSA Pontuação Bilheteria e Roteiro — Distribuidora;2000000.0;2449999.99;2376000.0;3161088.0;6970679.21;10131767.21;1763241.87;2217156.76;140000;202216.14;2217156.76;0.7654;0.2188;0.0;0.0;0;0;0;0;;;;;0.0;;0;;;;;;;;07.060.648/0001-00;;;;;;;;;;6825999.99;0.9516;0.2788
B1700168200000;NINGUÉM ENTRA, NINGUÉM SAI;2017;PRODECINE 02;FSA Pontuação Bilheteria e Roteiro — Distribuidora;2000000.0;2000000.0;0.0;3161088.0;2888802.0;6049890.0;3007155.0;3985482.76;365000;527206.37;3985482.76;1.4276;0.6588;0.0;0.0;0;0;0;0;;;;;3.43;adoro_critico|adoro_usuario;2;media;;;;;;;32.267.676/0001-32;;;;;;;;;;4000000.0;1.6861;0.843
B1700260300000;O BANQUETE;2017;PRODECINE 02;FSA Pontuação Bilheteria e Roteiro — Distribuidora;1297635.0;0.0;0.0;2050969.21;0.0;2050969.21;151261.13;199933.16;140000;202216.14;199933.16;0.1961;0.0975;2.0;10.0;0;0;0;0;;;;;0.0;;0;;1.0;0.0;0.0;Revista Scientiarum Historia;;;05.919.250/0001-43;;;;;;;;;;1297635.0;0.2245;0.2245
B1700052200000;O CRIME DA GÁVEA;2017;PRODECINE 02;FSA Pontuação Bilheteria e Roteiro — Distribuidora;500000.0;0.0;50000.0;722200.5;72220.05;794420.55;11370.0;15069.04;60000;86664.06;15069.04;0.1409;0.019;0.0;0.0;0;0;0;0;;;;;0.0;;0;;0.0;;;;;;29.185.956/0001-97;;;;;;;;;;550000.0;0.1427;0.1298
B1700513700000;O NOME DA MORTE;2017;PRODECINE 02;FSA Pontuação Bilheteria e Roteiro — Distribuidora;2400000.0;1270000.0;0.0;3793305.6;1834389.27;5627694.87;699269.76;924300.72;365000;527206.37;924300.72;0.3826;0.1642;2.4;12.0;0;0;0;0;;;;;3.57;adoro_critico|adoro_usuario;2;alta;;;;;;;03.360.320/0001-40;;;;;;;;;;3670000.0;0.4434;0.29
B1800202100000;PARAÍSO PERDIDO;2017;PRODECINE 02;FSA Pontuação Bilheteria e Roteiro — Distribuidora;3586229.13;0.0;1070471.0;5179952.94;1546189.38;6726142.32;326597.4;431654.44;0;0.0;431654.44;0.0833;0.0642;0.0;0.0;0;0;0;0;;;;;3.84;adoro_critico|adoro_usuario;2;alta;;;;;;;27.872.415/0001-01;;;;;;;;;;4656700.13;0.0911;0.0701
B1700480900000;ZAMA;2017;PRODECINE 02;FSA Pontuação Bilheteria e Roteiro — Distribuidora;1793941.0;250000.0;0.0;2835402.68;361100.25;3196502.93;156559.7;206970.68;60000;86664.06;206970.68;0.1036;0.0647;20.7;53.5;0;32;11;0;;;;;0.0;;0;;;;;;;;02.140.120/0001-10;;;;;;;;;;2043941.0;0.1207;0.106
B1800089700000;A MULHER DO MEU MARIDO;2018;PRODECINE 02;FSA Pontuação Bilheteria e Roteiro — Distribuidora;2058531.7;2000000.0;1443651.0;4844511.45;4794230.26;9638741.71;48900.33;61488.84;280000;389814.32;61488.84;0.0932;0.0064;0.0;0.0;0;0;0;0;;;;;2.3;adoro_usuario;1;baixa;;;;;;;73.619.637/0001-34;;;;;;;;;;5502182.7;0.1598;0.0598
B1900019800000;ALBATROZ;2018;PRODECINE 02;FSA Pontuação Bilheteria e Roteiro — Distribuidora;3000000.0;2000000.0;689788.7;4333203.0;3744707.69;8077910.6899999995;100978.47;126973.56;200000;278438.8;126973.56;0.0936;0.0157;0.0;0.0;0;0;0;0;;;;;0.0;;0;;8.0;0.0;0.0;Digital Library of Theses and Dissertations  (Universidade de São Paulo) | Aniki Revista Portuguesa da Imagem em Movimento | LA Referencia (Red Federada de Repositorios Institucionales de Publicaciones Científicas);;;23.723.437/0001-59;;;;;;;;;;5689788.7;0.1003;0.0529
B1800130000000;ALGUÉM COMO EU;2018;PRODECINE 02;FSA Pontuação Bilheteria e Roteiro — Distribuidora;1000000.0;0.0;149000.0;1487011.0;207436.91;1694447.91;429110.3;567196.28;65000;90492.61;567196.28;0.4423;0.3347;2.0;0.0;0;2;1;0;;;;;4.3;adoro_usuario;1;baixa;;;;;;;01.378.559/0001-12;;;;;;;;;;1149000.0;0.4941;0.43
B1800166700000;ALÉM DO HOMEM;2018;PRODECINE 02;FSA Pontuação Bilheteria e Roteiro — Distribuidora;2495163.75;200000.0;1000000.0;3710335.94;1670632.8;5380968.74;42728.64;56479.08;65000;90492.61;56479.08;0.0396;0.0105;0.0;0.0;0;0;0;0;;;;;4.6;adoro_usuario;1;baixa;;;;;;;07.477.471/0001-34;;;;;;;;;;3695163.75;0.0432;0.0292
B1800106900000;BENZINHO;2018;PRODECINE 02;FSA Pontuação Bilheteria e Roteiro — Distribuidora;2379538.0;150000.0;0.0;3538399.18;208829.1;3747228.2800000003;596443.91;788023.32;140000;194907.16;788023.32;0.2778;0.2103;34.96;50.0;60939;22;8;0;;;;;0.0;;0;;;;;;;;15.318.729/0001-88;;;;;;;;;;2529538.0;0.3095;0.2911
B1900048500000;CINDERELA POP;2018;PRODECINE 02;FSA Pontuação Bilheteria e Roteiro — Distribuidora;2700000.0;2999999.99;0.0;3758923.8;4176581.99;7935505.79;7651464.39;9621184.44;60000;83531.64;9621184.44;2.5818;1.2124;0.0;0.0;0;0;0;0;;;;;4.3;adoro_usuario;1;baixa;5.0;0.0;0.0;INTERIN | Intexto | Lumina;;;05.565.485/0001-84;;;;;;;;;;5699999.99;2.8561;1.3529
B1800607100000;CINE MARROCOS;2018;PRODECINE 02;FSA Pontuação Bilheteria e Roteiro — Distribuidora;573514.0;150000.0;0.0;798442.75;208829.1;1007271.85;5646.04;6421.24;280000;389814.32;6421.24;0.4963;0.0064;4.8;24.0;0;0;0;0;;;;;0.0;;0;;;;;;;;04.728.553/0001-16;;;;;;;;;;723514.0;0.4981;0.3948
B1800216200000;CORRENDO ATRÁS;2018;PRODECINE 02;FSA Pontuação Bilheteria e Roteiro — Distribuidora;3020080.59;712500.0;0.0;4490893.06;991938.22;5482831.279999999;223.16;278.32;360000;501189.84;278.32;0.1117;0.0001;0.0;0.0;0;0;0;0;;;;;0.0;;0;;;;;;;;72.062.029/0001-09;;;;;;;;;;3732580.59;0.1193;0.0965
B1900005600000;CRAVOS;2018;PRODECINE 02;FSA Pontuação Bilheteria e Roteiro — Distribuidora;457030.0;0.0;0.0;636274.42;0.0;636274.42;1153.68;1312.08;60000;83531.64;1312.08;0.1333;0.0021;0.0;0.0;0;0;0;0;;;;;0.0;;0;;;;;;;;04.315.253/0001-05;;;;;;;;;;457030.0;0.1338;0.1338
B1800422000000;DE VOLTA AO MARACANÃ;2018;PRODECINE 02;FSA Pontuação Bilheteria e Roteiro — Distribuidora;1600000.0;0.0;0.0;2311041.6;0.0;2311041.6;439.3;457.24;60000;83531.64;457.24;0.0363;0.0002;0.0;0.0;0;0;0;0;;;;;4.3;adoro_usuario;1;baixa;;;;;;;03.360.320/0001-40;;;;;;;;;;1600000.0;0.0378;0.0378
B1800502000000;DOMINGO;2018;PRODECINE 02;FSA Pontuação Bilheteria e Roteiro — Distribuidora;1500000.0;300000.0;0.0;2370816.0;417658.2;2788474.2;42436.38;53357.92;360000;501189.84;53357.92;0.2339;0.0191;22.62;32.5;7511;10;2;0;;;;;4.078;adoro_critico|adoro_usuario;2;alta;4.0;1.0;1.0;Revista Cientí­fica/FAP | Teknokultura Revista de Cultura Digital y Movimientos Sociales | Esferas;Rotterdam;Q10281049;11.422.855/0001-27;;;;;;;;;;1800000.0;0.2683;0.2236
B1800279000000;JOVENS POLACAS;2018;PRODECINE 02;FSA Pontuação Bilheteria e Roteiro — Distribuidora;1199450.0;0.0;0.0;1732486.78;0.0;1732486.78;39754.36;49580.72;60000;83531.64;49580.72;0.0768;0.0286;0.0;0.0;0;0;0;0;;;;;0.0;;0;;0.0;;;;;;03.760.043/0001-63;;;;;;;;;;1199450.0;0.0832;0.0832
B1800603500000;MEU AMIGO FELA;2018;PRODECINE 02;FSA Pontuação Bilheteria e Roteiro — Distribuidora;600000.0;0.0;500000.0;835316.4;696097.0;1531413.4;45259.63;56856.8;60000;83531.64;56856.8;0.1681;0.0371;2.7;13.5;0;0;0;0;;;;;4.3;adoro_usuario;1;baixa;;;;;;;66.669.599/0001-69;;;;;;;;;;1100000.0;0.1754;0.0957
B1800269200000;MULHERES ALTERADAS;2018;PRODECINE 02;FSA Pontuação Bilheteria e Roteiro — Distribuidora;3200000.0;2099999.99;1600000.0;4455020.8;5151117.79;9606138.59;1392873.04;1841106.68;145000;201868.13;1841106.68;0.4586;0.1917;1.0;5.0;0;0;0;0;;;;;2.5;adoro_usuario;1;baixa;;;;;;;02.525.725/0001-29;;;;;;;;;;6899999.99;0.4806;0.2229
B1800307900000;O CANDIDATO HONESTO 2;2018;PRODECINE 02;FSA Pontuação Bilheteria e Roteiro — Distribuidora;3500000.0;3000000.0;554117.78;5055403.5;4948021.45;10003424.95;8865222.72;11718126.84;65000;90492.61;11718126.84;2.3358;1.1714;0.0;0.0;0;0;0;0;;;;;3.1;adoro_usuario;1;baixa;;;;;;;03.987.306/0001-71;;;;;;;;;;7054117.78;2.5515;1.266
B1800000800000;O GRANDE CIRCO MISTICO;2018;PRODECINE 02;FSA Pontuação Bilheteria e Roteiro — Distribuidora;3500000.0;3000000.0;3813000.0;5531904.0;9485017.72;15016921.72;785455.44;1037855.28;140000;194907.16;1037855.28;0.2228;0.0691;14.54;0.0;10256;1;1;0;;;;;1.7;adoro_usuario;1;baixa;2.0;1.0;1.0;Estudo Geral (Universidade de Coimbra) | Rebeca - Revista Brasileira de Estudos de Cinema e Audiovisual;;;73.586.513/0001-08;;;;;;;;;;10313000.0;0.2644;0.0897
B1800115600000;O HOMEM PERFEITO;2018;PRODECINE 02;FSA Pontuação Bilheteria e Roteiro — Distribuidora;3000000.0;1490215.4;2576576.83;4176582.0;5661763.74;9838345.74;169786.56;224425.32;60000;83531.64;224425.32;0.0737;0.0228;0.0;0.0;0;0;0;0;;;;;3.707;adoro_critico|adoro_usuario;2;media;;;;;;;05.626.923/0001-77;;;;;;;;;;7066792.23;0.0766;0.0325
B1800307200000;SUEÑO FLORIANÓPOLIS;2018;PRODECINE 02;FSA Pontuação Bilheteria e Roteiro — Distribuidora;700000.0;0.0;0.0;1011080.7;0.0;1011080.7;62214.84;82044.76;60000;83531.64;82044.76;0.1638;0.0811;10.0;50.0;0;0;0;0;;;;;0.0;;0;;;;;;;;00.020.648/0001-20;;;;;;;;;;700000.0;0.1746;0.1746
B1800410600000;TUDO ACABA EM FESTA;2018;PRODECINE 02;FSA Pontuação Bilheteria e Roteiro — Distribuidora;3000000.0;2999999.77;910000.0;4461033.0;5443478.22;9904511.219999999;459652.48;607572.56;60000;83531.64;607572.56;0.1549;0.0613;0.0;0.0;0;0;0;0;;;;;2.998;adoro_critico|adoro_usuario;2;media;0.0;;;;;;01.378.559/0001-12;;;;;;;;;;6909999.77;0.1732;0.0752
B1800580500000;UMA PITADA DE SORTE;2018;PRODECINE 02;FSA Pontuação Bilheteria e Roteiro — Distribuidora;4000000.0;2700000.0;0.0;5777604.0;3758923.8;9536527.8;1660840.5;1728665.4;140000;194907.16;1728665.4;0.3329;0.1813;0.0;0.0;0;0;0;0;;;;;4.072;adoro_critico|adoro_usuario;2;media;;;;;;;03.626.688/0001-08;;;;;;;;;;6700000.0;0.4502;0.2688
B1900240000000;ANNA;2019;PRODECINE 02;FSA Pontuação Bilheteria e Roteiro — Distribuidora;2000000.0;0.0;126967.5;2888802.0;169459.71;3058261.71;11589.24;13180.44;60000;80080.2;13180.44;0.0323;0.0043;0.0;0.0;0;0;0;0;;;;;4.1;adoro_usuario;1;baixa;;;;;;;11.140.814/0001-48;;;;;;;;;;2126967.5;0.0358;0.0337
B1900232600000;BACURAU;2019;PRODECINE 02;FSA Pontuação Bilheteria e Roteiro — Distribuidora;1500000.0;1200000.0;0.0;2230516.5;1601604.0;3832120.5;11731021.17;14749727.44;360000;480481.2;14749727.44;6.8281;3.849;41.6;77.5;141139;41;10;0;;;;;3.9;adoro_usuario;1;baixa;;;;;Cannes/Oscar;Q14940022;08.587.501/0001-28;;;;;;;;;;2700000.0;8.0607;4.4782
B2000006000000;DE PERTO ELA NÃO É NORMAL;2019;PRODECINE 02;FSA Pontuação Bilheteria e Roteiro — Distribuidora;3200000.0;3000000.0;0.0;4455020.8;4004010.0;8459030.8;7778.72;9701.44;140000;186853.8;9701.44;0.0441;0.0011;0.0;0.0;0;0;0;0;;;;;4.4;adoro_usuario;1;baixa;;;;;;;13.029.754/0001-16;;;;;;;;;;6200000.0;0.0462;0.0238
B1900463100000;FLUXOS;2019;PRODECINE 02;FSA Pontuação Bilheteria e Roteiro — Distribuidora;600994.0;0.0;610000.0;836700.24;814148.7;1650848.94;0.0;0.0;0;0.0;0.0;0.0;0.0;0.0;0.0;0;0;0;0;;;;;0.0;;0;;;;;;;;06.076.085/0001-78;;;;;;;;;;1210994.0;0.0;0.0
B1900075800000;MARIA DO CARITÓ;2019;PRODECINE 02;FSA Pontuação Bilheteria e Roteiro — Distribuidora;2700000.0;3000000.0;0.0;3758923.8;4004010.0;7762933.8;656779.02;825854.96;140000;186853.8;825854.96;0.2694;0.1064;0.0;0.0;0;0;0;0;;;;;0.0;;0;;;;;;;;00.338.948/0001-51;;;;;;;;;;5700000.0;0.2951;0.1398
B2000006700000;MARIGHELLA;2019;PRODECINE 02;FSA Pontuação Bilheteria e Roteiro — Distribuidora;4620000.0;0.0;1374000.0;6431936.28;1833836.58;8265772.86;5753406.92;6536623.52;140000;186853.8;6536623.52;1.0453;0.7908;16.8;27.5;4129;0;0;0;;;;;3.464;adoro_critico|adoro_usuario;2;alta;;;;;;;02.525.725/0001-29;;;;;;;;;;5994000.0;1.2756;0.9832
B1900341900000;MÚSICA PARA MORRER DE AMOR;2019;PRODECINE 02;FSA Pontuação Bilheteria e Roteiro — Distribuidora;1500000.0;0.0;940000.0;2088291.0;1254589.8;3342880.8;1115.8;1391.6;60000;80080.2;1391.6;0.039;0.0004;0.0;0.0;0;0;0;0;;;;;4.3;adoro_usuario;1;baixa;;;;;;;20.232.042/0001-65;;;;;;;;;;2440000.0;0.0407;0.025
B1900572800000;NOITES DE ALFACE;2019;PRODECINE 02;FSA Pontuação Bilheteria e Roteiro — Distribuidora;1340595.0;0.0;0.0;1866368.32;0.0;1866368.32;3740.72;4254.32;420000;560561.4;4254.32;0.3026;0.0023;0.0;0.0;0;0;0;0;;;;;4.213;adoro_critico|adoro_usuario;2;media;;;;;;;03.760.043/0001-63;;;;;;;;;;1340595.0;0.3161;0.3161
B1900042200000;O CORPO É NOSSO!;2019;PRODECINE 02;FSA Pontuação Bilheteria e Roteiro — Distribuidora;849930.0;300000.0;0.0;1183267.45;400401.0;1583668.45;22007.52;27672.96;60000;80080.2;27672.96;0.0911;0.0175;0.0;0.0;0;0;0;0;;;;;3.543;adoro_critico;1;alta;;;;;;;01.464.291/0001-31;;;;;;;;;;1149930.0;0.0965;0.0713
B1900589200000;OS SALAFRÁRIOS;2019;PRODECINE 02;FSA Pontuação Bilheteria e Roteiro — Distribuidora;3982500.0;3000000.0;0.0;5752326.98;4004010.0;9756336.98;10715.24;12186.44;0;0.0;12186.44;0.0021;0.0012;0.0;0.0;0;0;0;0;;;;;0.0;;0;;;;;;;;02.140.164/0001-40;;;;;;;;;;6982500.0;0.0027;0.0015
B1900508000000;PIXINGUINHA, UM HOMEM CARINHOSO;2019;PRODECINE 02;FSA Pontuação Bilheteria e Roteiro — Distribuidora;2500000.0;3000000.0;3126142.4099999997;4928287.5;8176378.49;13104665.99;106103.6;120671.6;140000;186853.8;120671.6;0.0624;0.0092;0.4;2.0;0;0;0;0;;;;;3.936;adoro_critico|adoro_usuario;2;alta;8.0;0.0;0.0;VIII Congreso Internacional Orbis Tertius de Teoría y Crítica Literaria | El Servicio de Difusión de la Creación Intelectual (National University of La Plata) | Escritas do Tempo;;;00.101.698/0001-31;;;;;;;;;;8626142.41;0.0984;0.0285
B1900417800000;SEGUNDO TEMPO;2019;PRODECINE 02;FSA Pontuação Bilheteria e Roteiro — Distribuidora;3473303.34;0.0;420000.0;5016842.82;560561.4;5577404.220000001;16864.6;17096.8;60000;80080.2;17096.8;0.0194;0.0031;0.0;0.0;0;0;0;0;;;;;3.648;adoro_critico|adoro_usuario;2;alta;;;;;;;06.096.915/0001-29;;;;;;;;;;3893303.34;0.0221;0.0197
B1900439300000;TERAPIA DO MEDO;2019;PRODECINE 02;FSA Pontuação Bilheteria e Roteiro — Distribuidora;3500000.0;150000.0;0.0;5204538.5;200200.5;5404739.0;6885.54;8568.28;0;0.0;8568.28;0.0016;0.0016;0.0;0.0;0;0;0;0;;;;;3.788;adoro_critico|adoro_usuario;2;alta;;;;;;;05.508.188/0001-05;;;;;;;;;;3650000.0;0.002;0.0019
B1900235500000;TURMA DA MÔNICA - LAÇOS;2019;PRODECINE 02;FSA Pontuação Bilheteria e Roteiro — Distribuidora;3000000.0;3000000.0;1968000.0;4176582.0;6630640.56;10807222.559999999;34131512.62;42916725.32;140000;186853.8;42916725.32;10.3203;3.9711;2.7;13.5;0;0;0;0;;;;;3.9;adoro_usuario;1;baixa;20.0;4.0;2.0;Rebeca - Revista Brasileira de Estudos de Cinema e Audiovisual | Zenodo (CERN European Organization for Nuclear Research) | Resgate Revista Interdisciplinar de Cultura;Oscar;Q1162308;09.506.070/0001-90;;;;;;;;;;7968000.0;11.4238;4.3011
B1900486900000;UM DIA QUALQUER;2019;PRODECINE 02;FSA Pontuação Bilheteria e Roteiro — Distribuidora;1500000.0;792089.78;0.0;2088291.0;1057178.47;3145469.4699999997;18011.3;18746.84;0;0.0;18746.84;0.009;0.006;0.0;0.0;0;0;0;0;;;;;4.123;adoro_critico|adoro_usuario;2;alta;;;;;;;51.264.273/0001-84;;;;;;;;;;2292089.7800000003;0.012;0.0079
B1900454200000;VENEZA;2019;PRODECINE 02;FSA Pontuação Bilheteria e Roteiro — Distribuidora;4265132.65;3000000.0;700000.0;5692544.59;4938279.0;10630823.59;133984.2;152380.2;140000;186853.8;152380.2;0.0596;0.0143;0.0;0.0;0;0;0;0;;;;;3.825;adoro_critico|adoro_usuario;2;alta;;;;;;;01.473.536/0001-97;;;;;;;;;;7965132.65;0.0642;0.0344
B1900380000000;VOU NADAR ATÉ VOCÊ;2019;PRODECINE 02;FSA Pontuação Bilheteria e Roteiro — Distribuidora;1150559.24;1500000.0;1200000.0;1661868.92;3603609.0;5265477.92;17151.44;21390.88;140000;186853.8;21390.88;0.1253;0.0041;0.0;0.0;0;0;0;0;;;;;0.0;;0;;;;;;;;05.508.188/0001-05;;;;;;;;;;3850559.24;0.1366;0.0408
B2000440700000;DENTE POR DENTE;2020;PRODECINE 02;FSA Pontuação Bilheteria e Roteiro — Distribuidora;3437500.0;1075000.0;0.0;4785666.88;1372723.4;6158390.279999999;115245.64;131068.84;140000;178773.28;131068.84;0.0647;0.0213;0.0;0.0;0;0;0;0;;;;;0.0;;0;;;;;;;;02.008.424/0001-28;;;;;;;;;;4512500.0;0.0743;0.0566
B2000240300000;JESUS KID;2020;PRODECINE 02;FSA Pontuação Bilheteria e Roteiro — Distribuidora;2415000.0;0.0;0.0;3488228.42;0.0;3488228.42;18870.8;19641.44;60000;76617.12;19641.44;0.0276;0.0056;2.4;12.0;0;0;0;0;;;;;0.0;;0;;0.0;;;;;;09.437.566/0001-50;;;;;;;;;;2415000.0;0.0327;0.0327
B2000047900000;JÚPITER;2020;PRODECINE 02;FSA Pontuação Bilheteria e Roteiro — Distribuidora;2395572.1;0.0;0.0;3460166.74;0.0;3460166.74;262.2;298.2;60000;76617.12;298.2;0.0222;0.0001;0.0;0.0;0;0;0;0;;;;;3.1;adoro_usuario;1;baixa;;;;;;;06.130.502/0001-13;;;;;;;;;;2395572.1;0.0252;0.0252
B2000042800000;LAMENTO;2020;PRODECINE 02;FSA Pontuação Bilheteria e Roteiro — Distribuidora;996350.0;0.0;0.0;1439128.94;0.0;1439128.94;4999.28;5685.68;60000;76617.12;5685.68;0.0572;0.004;0.0;0.0;0;0;0;0;;;;;3.6;adoro_usuario;1;baixa;0.0;;;;;;07.567.854/0001-01;;;;;;;;;;996350.0;0.0652;0.0652
B2000360900000;MIÚDA E O GUARDA-CHUVA;2020;PRODECINE 02;FSA Pontuação Bilheteria e Roteiro — Distribuidora;683000.0;0.0;0.0;986525.88;0.0;986525.88;156.88;159.04;120000;153234.24;159.04;0.1555;0.0002;0.0;0.0;0;0;0;0;;;;;4.315;adoro_critico|adoro_usuario;2;media;0.0;;;;;;15.743.170/0001-33;;;;;;;;;;683000.0;0.1759;0.1759
B2000127500000;NADA É POR ACASO;2020;PRODECINE 02;FSA Pontuação Bilheteria e Roteiro — Distribuidora;2715815.6;3000000.0;0.0;3780942.18;3830856.0;7611798.18;2888477.29;3006372.88;0;0.0;3006372.88;0.7951;0.395;0.0;0.0;0;0;0;0;;;;;3.17;adoro_critico|adoro_usuario;2;alta;;;;;;;09.095.244/0001-70;;;;;;;;;;5715815.6;1.0636;0.5053
B2000163800000;OS ESPETACULARES;2020;PRODECINE 02;FSA Pontuação Bilheteria e Roteiro — Distribuidora;5000000.0;0.0;400000.0;7222005.0;510780.8;7732785.8;4718.24;5884.48;60000;76617.12;5884.48;0.0114;0.0008;0.0;0.0;0;0;0;0;;;;;0.0;;0;;0.0;;;;;;00.538.914/0001-00;;;;;;;;;;5400000.0;0.0129;0.012
B2000004600000;SOLDADOS DA BORRACHA - OS HERÓIS ESQUECIDOS;2020;PRODECINE 02;FSA Pontuação Bilheteria e Roteiro — Distribuidora;299230.0;0.0;505652.45;432208.11;645693.91;1077902.02;3459.12;3459.12;280000;357546.56;3459.12;0.8353;0.0032;0.0;0.0;0;0;0;0;;;;;3.627;adoro_critico|adoro_usuario;2;alta;;;;;;;04.761.874/0001-12;;;;;;;;;;804882.45;0.9473;0.3522
B2000340700000;SUJEITO OCULTO;2020;PRODECINE 02;FSA Pontuação Bilheteria e Roteiro — Distribuidora;2377727.0;0.0;0.0;3434391.26;0.0;3434391.26;11460.0;11928.0;0;0.0;11928.0;0.0035;0.0035;0.0;0.0;0;0;0;0;;;;;0.0;;0;;;;;;;;06.076.085/0001-78;;;;;;;;;;2377727.0;0.0048;0.0048
B2000065800000;TARSILINHA;2020;PRODECINE 02;FSA Pontuação Bilheteria e Roteiro — Distribuidora;3000000.0;0.0;2506200.0;4461033.0;3200297.1;7661330.1;161242.2;167826.96;80000;102156.16;167826.96;0.0605;0.0219;0.0;0.0;0;0;0;0;;;;;3.463;adoro_critico;1;alta;0.0;;;;;;01.161.933/0001-23;;;;;;;;;;5506200.0;0.0804;0.0438
B2100115300000;AOS NOSSOS FILHOS;2021;PRODECINE 02;FSA Pontuação Bilheteria e Roteiro — Distribuidora;2200000.0;1400000.0;350000.0;3062826.8;2030406.0;5093232.8;118570.58;123355.4;360000;417683.52;123355.4;0.1766;0.0242;17.53;0.0;4894;12;3;0;;;;;3.683;adoro_critico;1;alta;;;;;;;05.500.952/0001-98;;;;;;;;;;3950000.0;0.2175;0.1212
B2100433800000;CARRO REI;2021;PRODECINE 02;FSA Pontuação Bilheteria e Roteiro — Distribuidora;2358324.32;0.0;197439.0;3283244.97;229075.05;3512320.02;22557.1;23478.28;60000;69613.92;23478.28;0.0284;0.0067;3.6;18.0;0;0;0;0;;;;;0.0;;0;;;;;;;;02.908.530/0001-68;;;;;;;;;;2555763.32;0.035;0.0323
B2100408300000;DESERTO PARTICULAR;2021;PRODECINE 02;FSA Pontuação Bilheteria e Roteiro — Distribuidora;2310368.8;0.0;855000.0;3337099.01;991998.36;4329097.37;162784.05;181723.08;60000;69613.92;181723.08;0.0753;0.042;31.95;49.5;7171;30;17;0;;;;;3.937;adoro_critico|adoro_usuario;2;alta;0.0;;;;;;09.437.566/0001-50;;;;;;;;;;3165368.8;0.0964;0.0704
B2100260000000;DIÁRIOS DE INTERCÂMBIO;2021;PRODECINE 02;FSA Pontuação Bilheteria e Roteiro — Distribuidora;3000000.0;3000000.0;1931640.0;4004010.0;5721846.54;9725856.54;594.32;675.92;120000;139227.84;675.92;0.0349;0.0001;0.0;0.0;0;0;0;0;;;;;3.948;adoro_critico|adoro_usuario;2;alta;5.0;0.0;0.0;INTERIN | Intexto | Lumina;;;01.473.536/0001-97;;;;;;;;;;7931640.0;0.0402;0.0152
B2100027200000;JAIR RODRIGUES - DEIXA QUE DIGAM;2021;PRODECINE 02;FSA Pontuação Bilheteria e Roteiro — Distribuidora;700000.0;0.0;375000.0;974535.8;435087.0;1409622.8;47652.3;48308.4;60000;69613.92;48308.4;0.121;0.0343;0.0;0.0;0;0;0;0;;;;;0.0;;0;;;;;;;;58.496.571/0001-49;;;;;;;;;;1075000.0;0.1538;0.1001
B2100070100000;O SILÊNCIO DA CHUVA;2021;PRODECINE 02;FSA Pontuação Bilheteria e Roteiro — Distribuidora;4570356.99;3000000.0;0.0;6362823.58;3480696.0;9843519.58;29121.68;33120.08;140000;162432.48;33120.08;0.0307;0.0034;0.2;1.0;0;0;0;0;;;;;4.1;adoro_usuario;1;baixa;;;;;;;02.605.295/0001-55;;;;;;;;;;7570356.99;0.037;0.0223
B2100017600000;O TREM DA UTOPIA;2021;PRODECINE 02;FSA Pontuação Bilheteria e Roteiro — Distribuidora;1016631.0;0.0;6290.0;1415347.58;7297.86;1422645.4400000002;1738.1;1809.08;0;0.0;1809.08;0.0013;0.0013;0.0;0.0;0;0;0;0;;;;;4.245;adoro_critico|adoro_usuario;2;media;;;;;;;52.858.982/0001-50;;;;;;;;;;1022921.0;0.0017;0.0017
B2100507100000;OS DRAGÕES;2021;PRODECINE 02;FSA Pontuação Bilheteria e Roteiro — Distribuidora;1687606.0;0.0;0.0;2349474.95;0.0;2349474.95;98028.28;98028.28;0;0.0;98028.28;0.0417;0.0417;0.0;0.0;0;0;0;0;;;;;0.0;;0;;;;;;;;01.106.959/0001-79;;;;;;;;;;1687606.0;0.0581;0.0581
B2200102500000;AS ÓRFÃS DA RAINHA;2022;PRODECINE 02;FSA Pontuação Bilheteria e Roteiro — Distribuidora;2349175.0;0.0;0.0;3135373.4;0.0;3135373.4;46063.89;46698.12;0;0.0;46698.12;0.0149;0.0149;0.0;0.0;0;0;0;0;;;;;0.0;;0;;0.0;;;;;;02.501.714/0001-09;;;;;;;;;;2349175.0;0.0196;0.0196
B2200375000000;CHICO PARA SEMPRE;2022;PRODECINE 02;FSA Pontuação Bilheteria e Roteiro — Distribuidora;1149311.9;0.0;0.0;1333468.44;0.0;1333468.44;160134.4;166673.92;60000;65803.86;166673.92;0.1743;0.125;0.0;0.0;0;0;0;0;;;;;4.4;adoro_usuario;1;baixa;;;;;;;01.946.155/0001-88;;;;;;;;;;1149311.9;0.1915;0.1915
B2200202000000;DE REPENTE DRAG;2022;PRODECINE 02;FSA Pontuação Bilheteria e Roteiro — Distribuidora;2334150.0;0.0;0.0;3115319.98;0.0;3115319.98;21162.8;22027.04;60000;65803.86;22027.04;0.0282;0.0071;0.0;0.0;0;0;0;0;;;;;4.095;adoro_critico|adoro_usuario;2;media;;;;;;;21.384.949/0001-02;;;;;;;;;;2334150.0;0.0348;0.0348
B2200050700000;MEU AMIGÃOZÃO - O FILME;2022;PRODECINE 02;FSA Pontuação Bilheteria e Roteiro — Distribuidora;2500000.0;0.0;1150000.0;4653277.5;1261240.65;5914518.15;331060.3;344580.04;280000;307084.68;344580.04;0.14;0.0583;0.0;0.0;0;0;0;0;;;;;3.7;adoro_usuario;1;baixa;0.0;;;;;;02.683.477/0001-44;;;;;;;;;;3650000.0;0.2444;0.1674
B2200356700000;SOCIEDADE DO MEDO;2022;PRODECINE 02;FSA Pontuação Bilheteria e Roteiro — Distribuidora;940917.0;120000.0;0.0;1255813.69;131607.72;1387421.41;9416.3;9800.84;280000;307084.68;9800.84;0.2523;0.0071;0.0;0.0;0;0;0;0;;;;;3.788;adoro_critico|adoro_usuario;2;alta;0.0;;;;;;13.188.290/0001-90;;;;;;;;;;1060917.0;0.3076;0.2728
B2200065900000;SOL;2022;PRODECINE 02;FSA Pontuação Bilheteria e Roteiro — Distribuidora;2200000.0;3000000.0;0.0;2936274.0;3290193.0;6226467.0;14637.51;15208.2;60000;65803.86;15208.2;0.0276;0.0024;1.8;9.0;0;0;0;0;;;;;4.24;adoro_critico|adoro_usuario;2;alta;;;;;;;13.924.232/0001-88;;;;;;;;;;5200000.0;0.0339;0.0144
B2200347700000;TEMPOS DE BARBÁRIE - ATO I: TERAPIA DA VINGANÇA;2022;PRODECINE 02;FSA Pontuação Bilheteria e Roteiro — Distribuidora;3500000.0;3000000.0;0.0;3838558.5;3290193.0;7128751.5;55653.18;56419.44;60000;65803.86;56419.44;0.0318;0.0079;0.0;0.0;0;0;0;0;;;;;2.7;adoro_usuario;1;baixa;;;;;;;07.630.900/0001-61;;;;;;;;;;6500000.0;0.033;0.0178
B2300247700000;AGRESTE;2023;PRODECINE 02;FSA Pontuação Bilheteria e Roteiro — Distribuidora;2542766.54;0.0;750000.0;3540024.32;786225.0;4326249.32;10337.6;10337.6;0;0.0;10337.6;0.0029;0.0024;0.0;0.0;0;0;0;0;;;;;0.0;;0;;;;;;;;06.096.915/0001-29;;;;;;;;;;3292766.54;0.0041;0.0031
B2300468900000;ATÉ QUE A MÚSICA PARE;2023;PRODECINE 02;FSA Pontuação Bilheteria e Roteiro — Distribuidora;1000000.0;0.0;0.0;1160232.0;0.0;1160232.0;44690.24;44690.24;0;0.0;44690.24;0.0385;0.0385;9.03;0.0;771;0;0;0;;;;;4.05;adoro_critico|adoro_usuario;2;alta;8.0;0.0;0.0;LA Referencia (Red Federada de Repositorios Institucionales de Publicaciones Científicas) | Germinal Marxismo e Educação em Debate | Lume (Universidade Federal do Rio Grande do Sul);;;08.267.476/0001-03;;;;;;;;;;1000000.0;0.0447;0.0447
B2300408500000;LILITH;2023;PRODECINE 02;FSA Pontuação Bilheteria e Roteiro — Distribuidora;1000000.0;700000.0;0.0;1334670.0;733810.0;2068480.0;12265.96;12265.96;80000;83864.0;12265.96;0.072;0.0059;0.0;0.0;0;0;0;0;;;;;0.0;;0;;7.0;5.0;3.0;Aniki Revista Portuguesa da Imagem em Movimento | Revista Periódicus | Revista FAMECOS;;;02.342.813/0001-95;;;;;;;;;;1700000.0;0.0923;0.0543
B2300375400000;PRINCESA ADORMECIDA;2023;PRODECINE 02;FSA Pontuação Bilheteria e Roteiro — Distribuidora;2700000.0;3000000.0;0.0;3899882.7;3144900.0;7044782.7;589998.64;589998.64;0;0.0;589998.64;0.1513;0.0837;0.0;0.0;0;0;0;0;;;;;3.888;adoro_critico|adoro_usuario;2;alta;0.0;;;;;;05.565.485/0001-84;;;;;;;;;;5700000.0;0.2185;0.1035
B1800001000000;EX-PAJÉ;2017;PRODECINE 03;FSA Comercialização / Distribuição;100000.0;0.0;0.0;139219.4;0.0;139219.4;137360.32;181564.04;60000;86664.06;181564.04;1.9267;1.3042;7.2;36.0;0;0;0;0;;;;;0.0;;0;;;;;;Annecy;Q6701395;02.238.621/0001-33;;;;;;;;;;100000.0;1.9736;1.9736
B1700339700000;HISTORIETAS ASSOMBRADAS - O FILME;2017;PRODECINE 03;FSA Comercialização / Distribuição;500000.0;0.0;1000000.0;696097.0;1444401.0;2140498.0;538175.08;713254.64;140000;202216.14;713254.64;1.3151;0.3332;0.8;4.0;0;0;0;0;;;;;3.3;adoro_usuario;1;baixa;;;;;;;08.296.780/0001-70;;;;;;;;;;1500000.0;1.3564;0.4521
B1700184000000;NOVA AMSTERDAM;2017;PRODECINE 03;FSA Comercialização / Distribuição;67000.0;0.0;0.0;93277.0;0.0;93277.0;9350.68;12087.04;0;0.0;12087.04;0.1296;0.1296;0.0;0.0;0;0;0;0;;;;;3.636;adoro_critico|adoro_usuario;2;alta;0.0;;;;;;07.077.834/0001-44;;;;;;;;;;67000.0;0.1396;0.1396
B1700584300000;O BEIJO NO ASFALTO;2017;PRODECINE 03;FSA Comercialização / Distribuição;100000.0;0.0;0.0;133467.0;0.0;133467.0;167857.08;218719.76;360000;519984.36;218719.76;5.5347;1.6388;1.5;7.5;0;0;0;0;;;;;2.8;adoro_usuario;1;baixa;;;;;;;01.369.211/0001-69;;;;;;;;;;100000.0;5.2786;5.2786
B1800132900000;TINTA BRUTA;2018;PRODECINE 03;FSA Comercialização / Distribuição;100000.0;0.0;0.0;133467.0;0.0;133467.0;126021.4;164805.2;60000;83531.64;164805.2;1.8607;1.2348;23.55;59.5;5329;0;0;0;;;;;2.6;adoro_usuario;1;baixa;;;;;;;13.516.637/0001-87;;;;;;;;;;100000.0;1.8602;1.8602
B1500113300000;LOVE FILM FESTIVAL;2014;PRODECINE 04;FSA Complementação;442592.0;0.0;0.0;699536.13;0.0;699536.13;37980.0;50336.16;420000;734658.96;50336.16;1.1222;0.072;0.0;0.0;0;0;0;0;;;;;3.3;adoro_usuario;1;baixa;7.0;5.0;3.0;Aniki Revista Portuguesa da Imagem em Movimento | Revista Periódicus | Revista FAMECOS;;;01.369.211/0001-69;;;;;;;;;;442592.0;1.0348;1.0348
B1402192700000;OS AMIGOS;2014;PRODECINE 04;FSA Complementação;858204.0;0.0;1200000.0;1501160.14;2099025.6;3600185.74;68154.21;109598.44;65000;113697.22;109598.44;0.1487;0.0304;0.0;0.0;0;0;0;0;;;;;0.0;;0;;;;;;;;07.490.019/0001-02;;;;;;;;;;2058204.0;0.1552;0.0647
B1402146300000;PRAIA DO FUTURO;2014;PRODECINE 04;FSA Complementação;2234348.0;444812.19;3120000.0;4404603.73;6235526.71;10640130.440000001;1625911.0;2631893.32;65000;113697.22;2631893.32;0.6233;0.2474;0.0;0.0;0;0;0;0;;;;;3.1;adoro_usuario;1;baixa;;;;;Oscar;Q749493;05.508.188/0001-05;;;;;;;;;;5799160.1899999995;0.7568;0.2916
B1600245600000;ANTES O TEMPO NÃO ACABAVA;2015;PRODECINE 04;FSA Complementação;693572.0;0.0;0.0;1096221.06;0.0;1096221.06;25156.8;33338.76;120000;189665.28;33338.76;0.2034;0.0304;0.0;0.0;0;0;0;0;;;;;3.648;adoro_critico|adoro_usuario;2;alta;1.0;0.0;0.0;Pontos de Interrogação;;;04.302.591/0001-02;;;;;;;;;;693572.0;0.2093;0.2093
B1500464600000;BRUXARIAS;2015;PRODECINE 04;FSA Complementação;543281.0;0.0;0.0;1011214.9;0.0;1011214.9;10830.28;14353.36;0;0.0;14353.36;0.0142;0.0142;0.0;0.0;0;0;0;0;;;;;0.0;;0;;;;;;;;87.435.368/0001-60;;;;;;;;;;543281.0;0.0199;0.0199
B1500818400000;EM TRÊS ATOS;2015;PRODECINE 04;FSA Complementação;350000.0;0.0;0.0;553190.4;0.0;553190.4;28606.02;41668.48;65000;102735.36;41668.48;0.261;0.0753;1.9;9.5;0;0;0;0;;;;;4.412;adoro_critico|adoro_usuario;2;media;;;;;;;73.947.392/0001-74;;;;;;;;;;350000.0;0.2674;0.2674
B1500651700000;MATE-ME POR FAVOR;2015;PRODECINE 04;FSA Complementação;1243153.0;174528.53999999998;0.0;2174508.31;275850.04;2450358.35;139252.5;196275.24;345000;545287.68;196275.24;0.341;0.0801;22.16;60.0;1779;0;0;0;;;;;2.8;adoro_usuario;1;baixa;15.0;0.0;0.0;LA Referencia (Red Federada de Repositorios Institucionales de Publicaciones Científicas) | Film Quarterly | La Cifra Impar Revista de estudios de audiovisuales;;;02.140.120/0001-10;;;;;;;;;;1417681.54;0.3895;0.3416
B1600033400000;MEU AMIGO HINDU;2015;PRODECINE 04;FSA Complementação;2300000.0;1500000.0;4962048.23;3420125.3;10213551.56;13633676.86;339781.8;479068.24;200000;316108.8;479068.24;0.2325;0.0351;0.0;0.0;0;0;0;0;;;;;4.3;adoro_usuario;1;baixa;;;;;Oscar;Q538608;46.848.701/0001-86;;;;;;;;;;8762048.23;0.2347;0.0616
B1500701300000;OPERAÇÕES ESPECIAIS (EX BOLETIM DE OCORRÊNCIA B.O);2015;PRODECINE 04;FSA Complementação;1135416.0;2999999.98;0.0;1794574.95;4741631.97;6536206.92;4974388.47;7276736.04;145000;229178.88;7276736.04;4.1826;1.1133;0.0;0.0;0;0;0;0;;;;;3.9;adoro_usuario;1;baixa;;;;;;;04.344.932/0001-02;;;;;;;;;;4135415.98;4.5088;1.2379
B1500868700000;ORAÇÃO DO AMOR SELVAGEM;2015;PRODECINE 04;FSA Complementação;494503.0;0.0;940000.0;781583.75;1485711.36;2267295.1100000003;22015.74;31986.92;120000;189665.28;31986.92;0.2836;0.0141;0.0;0.0;0;0;0;0;;;;;4.3;adoro_usuario;1;baixa;0.0;;;;;;00.639.143/0001-48;;;;;;;;;;1434503.0;0.2872;0.099
B1500778300000;S.O.S. MULHERES AO MAR 2;2015;PRODECINE 04;FSA Complementação;1400000.0;3000000.0;1310000.0;2081815.4;6812144.64;8893960.04;20842494.36;30488385.48;205000;324011.52;30488385.48;14.8007;3.428;0.0;0.0;0;0;0;0;;;;;4.0;adoro_usuario;1;baixa;0.0;;;;;;01.473.536/0001-97;;;;;;;;;;5710000.0;15.0339;3.6861
B1600043800000;TÔ RYCA!;2015;PRODECINE 04;FSA Complementação;3006107.89;1925000.0;0.0;4751285.79;3042547.2;7793832.99;15327278.1;21610375.08;205000;324011.52;21610375.08;4.6165;2.7728;0.4;2.0;0;0;0;0;;;;;3.85;adoro_critico|adoro_usuario;2;alta;;;;;;;02.140.164/0001-40;;;;;;;;;;4931107.890000001;5.1669;3.1499
B1600439400000;A TERRA VERMELHA;2016;PRODECINE 04;FSA Complementação;667200.0;0.0;720000.0;1054538.96;1070647.92;2125186.88;23415.0;31032.68;65000;96655.72;31032.68;0.1211;0.0146;0.0;0.0;0;0;0;0;;;;;3.975;adoro_critico|adoro_usuario;2;media;;;;;;;04.980.287/0001-14;;;;;;;;;;1387200.0;0.1325;0.0637
B1700402100000;BLITZ;2016;PRODECINE 04;FSA Complementação;745779.0;0.0;0.0;1178736.52;0.0;1178736.52;4165.37;5248.32;0;0.0;5248.32;0.0045;0.0045;0.0;0.0;0;0;0;0;;;;;3.933;adoro_critico|adoro_usuario;2;alta;;;;;;;08.465.974/0001-52;;;;;;;;;;745779.0;0.0056;0.0056
B1700578900000;CAMPUS SANTO;2016;PRODECINE 04;FSA Complementação;1289204.0;0.0;20000.0;2037643.65;29740.22;2067383.8699999999;839.04;954.24;0;0.0;954.24;0.0005;0.0005;0.0;0.0;0;0;0;0;;;;;0.0;;0;;;;;;;;37.981.206/0001-50;;;;;;;;;;1309204.0;0.0007;0.0006
B1700028400000;LAS INESES;2016;PRODECINE 04;FSA Complementação;361716.0;0.0;0.0;537875.67;0.0;537875.67;14181.57;17832.36;0;0.0;17832.36;0.0332;0.0332;0.0;0.0;0;0;0;0;;;;;0.0;;0;;;;;;;;01.541.247/0001-88;;;;;;;;;;361716.0;0.0392;0.0392
B1600564300000;LUA EM SAGITÁRIO;2016;PRODECINE 04;FSA Complementação;570307.0;0.0;0.0;901395.31;0.0;901395.31;46987.5;66001.6;280000;416363.08;66001.6;0.5351;0.0732;0.0;0.0;0;0;0;0;;;;;0.0;;0;;;;;;;;01.282.220/0001-18;;;;;;;;;;570307.0;0.5734;0.5734
B1700479800000;MEU MUNDIAL;2016;PRODECINE 04;FSA Complementação;439667.0;0.0;0.0;635055.45;0.0;635055.45;6561.15;8250.2;60000;89220.66;8250.2;0.1535;0.013;0.0;0.0;0;0;0;0;;;;;0.0;;0;;;;;;;;04.980.287/0001-14;;;;;;;;;;439667.0;0.1514;0.1514
B1700477300000;DONA FLOR E SEUS DOIS MARIDOS;2017;PRODECINE 04;FSA Complementação;1328471.0;2800000.0;1200000.0;1918844.84;5777604.0;7696448.84;708870.0;939489.04;140000;202216.14;939489.04;0.595;0.1221;0.0;0.0;0;0;0;0;;;;;4.035;adoro_critico|adoro_usuario;2;alta;;;;;;;39.527.494/0001-00;;;;;;;;;;5328471.0;0.639;0.1593
B1800029600000;O OLHO E A FACA;2017;PRODECINE 04;FSA Complementação;2445630.0;331500.0;1400000.0;3865425.82;2500980.33;6366406.15;23967.96;30138.08;60000;86664.06;30138.08;0.0302;0.0047;0.0;0.0;0;0;0;0;;;;;0.0;;0;;;;;;;;71.733.695/0001-69;;;;;;;;;;4177130.0;0.0343;0.0201
B1700405200000;PRAÇA PARIS;2017;PRODECINE 04;FSA Complementação;1900000.0;100000.0;0.0;2825320.9;144440.1;2969761.0;200753.92;265358.24;65000;93886.07;265358.24;0.1272;0.0894;4.6;23.0;0;0;0;0;;;;;0.0;;0;;;;;;;;73.947.392/0001-74;;;;;;;;;;2000000.0;0.1399;0.1329
B1800131200000;A TROPA DE TRAPO - NA SELVA DO ARCO-ÍRIS;2018;PRODECINE 04;FSA Complementação;140937.0;0.0;475000.0;222757.13;661292.15;884049.28;1624.32;2147.04;0;0.0;2147.04;0.0096;0.0024;0.0;0.0;0;0;0;0;;;;;3.783;adoro_critico;1;alta;;;;;;;44.154.342/0001-31;;;;;;;;;;615937.0;0.0115;0.0026
B1800262800000;A VOZ DO SILÊNCIO;2018;PRODECINE 04;FSA Complementação;659745.0;0.0;782102.0;981048.07;1088837.71;2069885.7799999998;48255.31;63516.6;60000;83531.64;63516.6;0.1499;0.0307;0.0;0.0;0;0;0;0;;;;;4.1;adoro_usuario;1;baixa;0.0;;;;;;04.687.576/0001-20;;;;;;;;;;1441847.0;0.1641;0.0751
B1800556100000;CHORAR DE RIR;2018;PRODECINE 04;FSA Complementação;3000000.0;3000000.0;2154653.0;4176582.0;7176276.98;11352858.98;1326269.28;1667693.44;60000;83531.64;1667693.44;0.4193;0.1469;0.0;0.0;0;0;0;0;;;;;0.0;;0;;1.0;24.0;24.0;Journal of Applied Polymer Science;;;05.508.188/0001-05;;;;;;;;;;8154653.0;0.4621;0.17
B1800445100000;DIAMANTINO;2018;PRODECINE 04;FSA Complementação;516022.0;0.0;0.0;745342.69;0.0;745342.69;58858.3;76140.4;60000;83531.64;76140.4;0.2142;0.1022;27.6;88.0;0;51;9;0;;;;;0.0;;0;;;;;;;;09.409.976/0001-97;;;;;;;;;;516022.0;0.2303;0.2303
B1800300700000;MISSÃO 115;2018;PRODECINE 04;FSA Complementação;124000.0;0.0;500000.0;172632.06;696097.0;868729.06;22063.68;29163.96;140000;194907.16;29163.96;1.298;0.0336;0.0;0.0;0;0;0;0;;;;;0.0;;0;;;;;;;;68.696.756/0001-50;;;;;;;;;;624000.0;1.307;0.2597
B1900019900000;O GALÃ;2018;PRODECINE 04;FSA Complementação;1454847.0;2512565.7199999997;640000.0;2025429.26;4388983.08;6414412.34;33643.68;42304.64;60000;83531.64;42304.64;0.0621;0.0066;0.0;0.0;0;0;0;0;;;;;0.0;;0;;;;;;;;52.308.558/0001-32;;;;;;;;;;4607412.72;0.0644;0.0203
B1800346100000;O SEGREDO DE DAVI;2018;PRODECINE 04;FSA Complementação;1699950.0;0.0;0.0;2455409.48;0.0;2455409.48;136944.95;180987.52;140000;194907.16;180987.52;0.1531;0.0737;0.0;0.0;0;0;0;0;;;;;3.993;adoro_critico|adoro_usuario;2;media;1.0;0.0;0.0;LA Referencia (Red Federada de Repositorios Institucionales de Publicaciones Científicas);;;12.380.610/0001-47;;;;;;;;;;1699950.0;0.1629;0.1629
B1800612900000;O ÚLTIMO JOGO;2018;PRODECINE 04;FSA Complementação;1222173.0;0.0;0.0;1765307.9;0.0;1765307.9;1415.88;1610.28;60000;83531.64;1610.28;0.0482;0.0009;0.0;0.0;0;0;0;0;;;;;4.6;adoro_usuario;1;baixa;;;;;;;16.487.027/0001-90;;;;;;;;;;1222173.0;0.0503;0.0503
B1800187200000;RAIVA;2018;PRODECINE 04;FSA Complementação;431596.0;0.0;0.0;623397.69;0.0;623397.69;42291.75;53179.0;0;0.0;53179.0;0.0853;0.0853;1.0;5.0;0;0;0;0;;;;;0.0;;0;;;;;;;;05.436.489/0001-62;;;;;;;;;;431596.0;0.098;0.098
B1800285700000;TUDO POR UM POP STAR;2018;PRODECINE 04;FSA Complementação;3150304.89;2400000.0;0.0;4550303.53;3341265.6;7891569.130000001;18065247.34;23878742.72;140000;194907.16;23878742.72;5.2906;3.0259;0.0;0.0;0;0;0;0;;;;;3.45;adoro_critico|adoro_usuario;2;alta;5.0;0.0;0.0;INTERIN | Intexto | Lumina;;;05.565.485/0001-84;;;;;;;;;;5550304.890000001;5.7789;3.28
B1900588900000;MADAME;2019;PRODECINE 04;FSA Complementação;198947.37;200000.0;14300.0;265529.09;286019.78;551548.8700000001;2184.69;2306.08;60000;80080.2;2306.08;0.3103;0.0042;0.0;0.0;0;0;0;0;;;;;2.2;adoro_usuario;1;baixa;0.0;;;;;;15.096.101/0001-85;;;;;;;;;;413247.37;0.3126;0.1505
B1900245500000;ÁGUAS SELVAGENS;2019;PRODECINE 04;FSA Complementação;840232.0;0.0;0.0;1169765.95;0.0;1169765.95;19806.7;20615.56;0;0.0;20615.56;0.0176;0.0176;0.0;0.0;0;0;0;0;;;;;3.7;adoro_usuario;1;baixa;;;;;;;80.816.838/0001-97;;;;;;;;;;840232.0;0.0236;0.0236
B2000102800000;CORRENDO POR UM SONHO;2020;PRODECINE 04;FSA Complementação;914266.0;1150000.0;2789941.71;1272835.64;5031116.45;6303952.09;93448.08;106278.48;140000;178773.28;106278.48;0.224;0.0169;0.0;0.0;0;0;0;0;;;;;3.775;adoro_critico;1;alta;;;;;;;01.378.559/0001-12;;;;;;;;;;4854207.71;0.2553;0.0481
B2000277900000;MINHA FAMILIA PERFEITA;2020;PRODECINE 04;FSA Complementação;300000.0;2999999.9699999997;300000.0;400401.0;4213941.56;4614342.56;577698.6;601290.48;60000;76617.12;601290.48;1.6931;0.1303;0.0;0.0;0;0;0;0;;;;;3.656;adoro_critico;1;alta;7.0;0.0;0.0;LA Referencia (Red Federada de Repositorios Institucionales de Publicaciones Científicas) | Reciis | Revista FAMECOS;;;02.863.008/0001-07;;;;;;;;;;3599999.9699999997;2.1257;0.1771
B2100282100000;A PRIMEIRA MORTE DE JOANA;2021;PRODECINE 04;FSA Complementação;788689.81;0.0;1300000.0;1052640.63;1508301.6;2560942.23;76910.42;77969.36;60000;69613.92;77969.36;0.1402;0.0304;10.1;4.0;944;0;0;0;;;;;3.57;adoro_critico|adoro_usuario;2;alta;8.0;0.0;0.0;LA Referencia (Red Federada de Repositorios Institucionales de Publicaciones Científicas) | Germinal Marxismo e Educação em Debate | Lume (Universidade Federal do Rio Grande do Sul);;;08.267.476/0001-03;;;;;;;;;;2088689.81;0.1736;0.0655
B2100408100000;O LIVRO DOS PRAZERES;2021;PRODECINE 04;FSA Complementação;2340754.0;0.0;0.0;3124134.14;0.0;3124134.14;133050.6;138484.08;280000;324864.96;138484.08;0.1483;0.0443;1.4;7.0;0;0;0;0;;;;;0.0;;0;;;;;;;;06.323.379/0001-57;;;;;;;;;;2340754.0;0.1765;0.1765
B2100536000000;TROMBA TREM - O FILME;2021;PRODECINE 04;FSA Complementação;4455000.0;0.0;0.0;6202224.27;0.0;6202224.27;97761.6;101745.84;60000;69613.92;101745.84;0.0276;0.0164;2.0;10.0;0;0;0;0;;;;;3.3;adoro_usuario;1;baixa;;;;;;;09.551.826/0001-13;;;;;;;;;;4455000.0;0.0354;0.0354
B2300440200000;NAHUEL E O LIVRO MAGICO;2023;PRODECINE 04;FSA Complementação;722064.0;0.0;0.0;1005253.17;0.0;1005253.17;1590.4;1590.4;0;0.0;1590.4;0.0016;0.0016;0.0;0.0;0;0;0;0;;;;;3.817;adoro_critico|adoro_usuario;2;alta;;;;;;;22.910.094/0001-79;;;;;;;;;;722064.0;0.0022;0.0022
B2300135700000;VIDAS DESCARTÁVEIS;2023;PRODECINE 04;FSA Complementação;400000.0;300000.0;150000.0;438692.4;471735.0;910427.4;4627.96;4691.68;280000;293524.0;4691.68;0.6798;0.0052;0.0;0.0;0;0;0;0;;;;;0.0;;0;;0.0;;;;;;27.920.016/0001-79;;;;;;;;;;850000.0;0.7116;0.3349
B1700249500000;COMBOIO DE SAL E AÇÚCAR;2016;PRODECINE 05;FSA Pontuação Festivais e Roteiro;710132.0;0.0;0.0;1055974.1;0.0;1055974.1;47075.2;62224.4;60000;89220.66;62224.4;0.1434;0.0589;10.0;0.0;0;36;21;0;;;;;3.683;adoro_critico|adoro_usuario;2;media;;;;;;;04.980.287/0001-14;;;;;;;;;;710132.0;0.1508;0.1508
B1700596400000;DIAS VAZIOS;2016;PRODECINE 05;FSA Pontuação Festivais e Roteiro;2190761.8;0.0;0.0;3462595.42;0.0;3462595.42;23019.36;28945.28;60000;89220.66;28945.28;0.0341;0.0084;0.0;0.0;0;0;0;0;;;;;0.0;;0;;;;;;;;04.979.293/0001-51;;;;;;;;;;2190761.8;0.0379;0.0379
B1600708000000;FALA COMIGO;2016;PRODECINE 05;FSA Pontuação Festivais e Roteiro;1183310.0;0.0;0.0;1870273.52;0.0;1870273.52;134505.36;178701.32;60000;89220.66;178701.32;0.1433;0.0955;2.7;13.5;0;0;0;0;;;;;3.5;adoro_usuario;1;baixa;2.0;0.0;0.0;Revista Histórias Públicas | LA Referencia (Red Federada de Repositorios Institucionales de Publicaciones Científicas);;;09.409.976/0001-97;;;;;;;;;;1183310.0;0.1644;0.1644
B1600420900000;MULHER DO PAI;2016;PRODECINE 05;FSA Pontuação Festivais e Roteiro;1221701.48;0.0;0.0;1930952.94;0.0;1930952.94;102628.12;136317.16;140000;208181.54;136317.16;0.1784;0.0706;5.2;26.0;0;0;0;0;;;;;3.1;adoro_usuario;1;baixa;8.0;0.0;0.0;LA Referencia (Red Federada de Repositorios Institucionales de Publicaciones Científicas) | Germinal Marxismo e Educação em Debate | Lume (Universidade Federal do Rio Grande do Sul);;;08.267.476/0001-03;;;;;;;;;;1221701.48;0.1986;0.1986
B1700307900000;A SOMBRA DO PAI;2017;PRODECINE 05;FSA Pontuação Festivais e Roteiro;1622586.6;0.0;500000.0;2564569.52;722200.5;3286770.02;46182.7;58069.48;60000;86664.06;58069.48;0.0564;0.0177;3.5;17.5;0;0;0;0;;;;;3.5;adoro_usuario;1;baixa;;;;;;;09.261.668/0001-67;;;;;;;;;;2122586.6;0.0654;0.05
B1700222300000;ABAIXO A GRAVIDADE;2017;PRODECINE 05;FSA Pontuação Festivais e Roteiro;2383317.0;0.0;0.0;3766937.38;0.0;3766937.38;13454.31;16917.88;0;0.0;16917.88;0.0045;0.0045;0.0;0.0;0;0;0;0;;;;;4.3;adoro_usuario;1;baixa;17.0;19.0;15.0;LA Referencia (Red Federada de Repositorios Institucionales de Publicaciones Científicas) | Rebeca - Revista Brasileira de Estudos de Cinema e Audiovisual | AYVU - Revista de Psicologia;;;16.487.027/0001-90;;;;;;;;;;2383317.0;0.0056;0.0056
B1700509000000;BIO;2017;PRODECINE 05;FSA Pontuação Festivais e Roteiro;573950.0;0.0;600000.0;829013.95;866640.6;1695654.5499999998;14165.76;17812.48;60000;86664.06;17812.48;0.126;0.0105;2.2;11.0;0;0;0;0;;;;;0.0;;0;;34.0;11.0;3.0;Lume (Universidade Federal do Rio Grande do Sul) | Revista FAMECOS | LA Referencia (Red Federada de Repositorios Institucionales de Publicaciones Científicas);;;90.130.634/0001-51;;;;;;;;;;1173950.0;0.1292;0.0632
B1700449500000;CONSTRUINDO PONTES;2017;PRODECINE 05;FSA Pontuação Festivais e Roteiro;497012.25;0.0;0.0;785549.73;0.0;785549.73;38171.52;50455.44;60000;86664.06;50455.44;0.1746;0.0642;0.0;0.0;0;0;0;0;;;;;0.0;;0;;;;;;;;81.183.527/0001-09;;;;;;;;;;497012.25;0.1975;0.1975
B1700112000000;CORPO ELÉTRICO;2017;PRODECINE 05;FSA Pontuação Festivais e Roteiro;748500.0;0.0;500000.0;1183037.18;722200.5;1905237.68;298054.52;395015.6;140000;202216.14;395015.6;0.5048;0.2073;16.47;26.0;4017;0;0;0;;;;;3.0;adoro_usuario;1;baixa;;;;;;;74.425.067/0001-04;;;;;;;;;;1248500.0;0.5852;0.3509
B1700305400000;GABRIEL E A MONTANHA;2017;PRODECINE 05;FSA Pontuação Festivais e Roteiro;1978000.0;0.0;0.0;3126316.03;0.0;3126316.03;632964.88;838836.6;360000;519984.36;838836.6;0.4346;0.2683;30.37;44.0;95487;9;3;0;;;;;3.798;adoro_critico|adoro_usuario;2;media;4.0;0.0;0.0;Brasiliana- Journal for Brazilian Studies | LA Referencia (Red Federada de Repositorios Institucionales de Publicaciones Científicas);Rotterdam;Q10281049;03.360.320/0001-40;;;;;;;;;;1978000.0;0.502;0.502
B1800002100000;MATA NEGRA;2017;PRODECINE 05;FSA Pontuação Festivais e Roteiro;629061.0;0.0;0.0;935420.63;0.0;935420.63;16276.11;21311.36;60000;86664.06;21311.36;0.1154;0.0228;0.0;0.0;0;0;0;0;;;;;0.0;;0;;;;;;;;09.369.796/0001-29;;;;;;;;;;629061.0;0.1213;0.1213
B1700104200000;PENDULAR;2017;PRODECINE 05;FSA Pontuação Festivais e Roteiro;1053865.0;100000.0;0.0;1665680.0;144440.1;1810120.1;117432.92;155620.64;360000;519984.36;155620.64;0.4056;0.086;8.7;33.5;0;1;1;0;;;;;0.0;;0;;;;;;Locarno;Q28797377;14.798.449/0001-51;;;;;;;;;;1153865.0;0.453;0.4138
B1800019400000;SOBRADINHO;2017;PRODECINE 05;FSA Pontuação Festivais e Roteiro;300000.0;0.0;0.0;474163.2;0.0;474163.2;289.46;337.96;0;0.0;337.96;0.0007;0.0007;0.0;0.0;0;0;0;0;;;;;0.0;;0;;1.0;0.0;0.0;;;;00.845.658/0001-02;;;;;;;;;;300000.0;0.001;0.001
B1700501700000;UNICÓRNIO;2017;PRODECINE 05;FSA Pontuação Festivais e Roteiro;2088260.0;0.0;0.0;3105265.59;0.0;3105265.59;102270.87;135144.24;360000;519984.36;135144.24;0.211;0.0435;0.0;0.0;0;0;0;0;;;;;0.0;;0;;2.0;0.0;0.0;Alphaville Journal of Film and Screen Media | Jagiellonian University Repository (Jagiellonian University);;;09.107.296/0001-19;;;;;;;;;;2088260.0;0.2214;0.2214
B1800145300000;A TORRE;2018;PRODECINE 05;FSA Pontuação Festivais e Roteiro;896395.41;0.0;615796.71;1416792.39;857308.48;2274100.87;839.04;954.24;60000;83531.64;954.24;0.0596;0.0004;0.0;0.0;0;0;0;0;;;;;2.9;adoro_usuario;1;baixa;;;;;;;15.592.350/0001-61;;;;;;;;;;1512192.12;0.0679;0.0402
B1900027100000;AINDA TEMOS A IMENSIDÃO DA NOITE;2018;PRODECINE 05;FSA Pontuação Festivais e Roteiro;2448500.0;0.0;0.0;3536615.85;0.0;3536615.85;14746.2;18389.0;60000;83531.64;18389.0;0.0288;0.0052;13.5;17.5;0;14;12;0;;;;;3.3;adoro_usuario;1;baixa;;;;;;;09.065.789/0001-33;;;;;;;;;;2448500.0;0.0305;0.0305
B1800092400000;MARE NOSTRUM;2018;PRODECINE 05;FSA Pontuação Festivais e Roteiro;2250000.0;0.0;450000.0;3345774.75;626487.3;3972262.05;29328.0;38766.0;60000;83531.64;38766.0;0.0366;0.0098;0.0;0.0;0;0;0;0;;;;;0.0;;0;;;;;;;;44.154.342/0001-31;;;;;;;;;;2700000.0;0.0397;0.0331
B1800097300000;MEIO IRMÃO;2018;PRODECINE 05;FSA Pontuação Festivais e Roteiro;1220019.0;0.0;450000.0;1928293.71;626487.3;2554781.01;19701.84;24571.68;60000;83531.64;24571.68;0.0561;0.0096;1.1;5.5;0;0;0;0;;;;;0.0;;0;;3.0;0.0;0.0;Mórula Editorial eBooks | Culture and Local Governance;;;03.117.764/0001-50;;;;;;;;;;1670019.0;0.0653;0.0477
B1800204300000;MORMAÇO;2018;PRODECINE 05;FSA Pontuação Festivais e Roteiro;2321565.4;0.0;0.0;3669336.26;0.0;3669336.26;46781.79;58824.92;60000;83531.64;58824.92;0.0388;0.016;5.7;28.5;0;0;0;0;;;;;0.0;;0;;;;;;Rotterdam;Q61671969;01.125.538/0001-95;;;;;;;;;;2321565.4;0.046;0.046
B1900039300000;SIRON. TEMPO SOBRE TELA;2018;PRODECINE 05;FSA Pontuação Festivais e Roteiro;548723.0;0.0;0.0;763928.87;0.0;763928.87;367.08;417.48;120000;167063.28;417.48;0.2192;0.0005;0.0;0.0;0;0;0;0;;;;;3.648;adoro_critico|adoro_usuario;2;alta;0.0;;;;;;19.388.280/0001-85;;;;;;;;;;548723.0;0.2194;0.2194
B1900486200000;A FEBRE;2019;PRODECINE 05;FSA Pontuação Festivais e Roteiro;2040000.0;0.0;0.0;2946578.04;0.0;2946578.04;8444.58;10516.52;140000;186853.8;10516.52;0.067;0.0036;43.92;114.5;3357;14;5;0;;;;;0.0;;0;;;;;;;;22.734.795/0001-02;;;;;;;;;;2040000.0;0.0728;0.0728
B1900263400000;BREVE MIRAGEM DE SOL;2019;PRODECINE 05;FSA Pontuação Festivais e Roteiro;1593909.06;0.0;0.0;2370160.31;0.0;2370160.31;0.0;0.0;360000;480481.2;0.0;0.2027;0.0;6.0;0.0;0;4;3;0;;;;;3.88;adoro_critico;1;alta;0.0;;;;;;05.163.327/0001-06;;;;;;;;;;1593909.06;0.2259;0.2259
B1900381200000;CASA;2019;PRODECINE 05;FSA Pontuação Festivais e Roteiro;945000.0;3000000.0;3952600.0;1364958.95;9279426.64;10644385.59;0.0;0.0;60000;80080.2;0.0;0.0587;0.0;0.0;0.0;0;0;0;0;;;;;3.045;adoro_critico|adoro_usuario;2;alta;;;;;;;02.669.022/0001-74;;;;;;;;;;7897600.0;0.0635;0.0076
B1900148000000;CORA;2019;PRODECINE 05;FSA Pontuação Festivais e Roteiro;469403.95;0.0;500000.0;678007.53;667335.0;1345342.53;1135.94;1212.68;0;0.0;1212.68;0.0018;0.0009;0.8;4.0;0;0;0;0;;;;;0.0;;0;;;;;;;;04.650.621/0001-71;;;;;;;;;;969403.95;0.0024;0.0012
B1900545200000;DESTERRO;2019;PRODECINE 05;FSA Pontuação Festivais e Roteiro;1306500.0;0.0;0.0;1887109.91;0.0;1887109.91;15356.4;15983.52;140000;186853.8;15983.52;0.1075;0.0085;0.0;0.0;0;0;0;0;;;;;0.0;;0;;;;;;;;07.372.049/0001-14;;;;;;;;;;1306500.0;0.1189;0.1189
B1900172900000;GRETA;2019;PRODECINE 05;FSA Pontuação Festivais e Roteiro;1690177.5;0.0;0.0;2441294.07;0.0;2441294.07;137733.78;173134.92;60000;80080.2;173134.92;0.1037;0.0709;17.45;27.5;6629;0;0;0;;;;;0.0;;0;;0.0;;;;;;07.543.070/0001-35;;;;;;;;;;1690177.5;0.117;0.117
B1900205500000;O OUTRO LADO DA MEMÓRIA;2019;PRODECINE 05;FSA Pontuação Festivais e Roteiro;1133000.0;1500000.0;1499999.0;1684783.46;4004008.67;5688792.13;192.28;218.68;120000;160160.4;218.68;0.0952;0.0;0.0;0.0;0;0;0;0;;;;;3.77;adoro_critico|adoro_usuario;2;media;0.0;;;;;;37.981.206/0001-50;;;;;;;;;;4132999.0;0.1061;0.0291
B1900121000000;O RIO DE JANEIRO DE HO CHI MINH;2019;PRODECINE 05;FSA Pontuação Festivais e Roteiro;1289746.0;0.0;15000.0;1862910.41;20020.05;1882930.46;4507.6;4691.68;60000;80080.2;4691.68;0.0455;0.0025;0.0;0.0;0;0;0;0;;;;;4.225;adoro_critico|adoro_usuario;2;alta;3.0;0.0;0.0;Spectrum Research Repository (Concordia University) | dObra[s] – revista da Associação Brasileira de Estudos de Pesquisas em Moda;;;10.831.015/0001-55;;;;;;;;;;1304746.0;0.05;0.0494
B1900235800000;OS SONÂMBULOS;2019;PRODECINE 05;FSA Pontuação Festivais e Roteiro;478634.5;0.0;399935.5;691340.15;533781.91;1225122.06;659.16;795.2;60000;80080.2;795.2;0.117;0.0006;0.0;0.0;0;0;0;0;;;;;0.0;;0;;;;;;;;07.530.292/0001-13;;;;;;;;;;878570.0;0.1267;0.069
B1900299800000;RAIA 4;2019;PRODECINE 05;FSA Pontuação Festivais e Roteiro;1651000.0;0.0;0.0;2384706.05;0.0;2384706.05;2359.8;2683.8;60000;80080.2;2683.8;0.0347;0.0011;7.0;35.0;0;0;0;0;;;;;0.0;;0;;2.0;0.0;0.0;Lume (Universidade Federal do Rio Grande do Sul);;;09.291.317/0001-07;;;;;;;;;;1651000.0;0.0378;0.0378
B1900332300000;RIO DE VOZES;2019;PRODECINE 05;FSA Pontuação Festivais e Roteiro;799970.0;0.0;15000.0;1155477.47;20020.05;1175497.52;15012.6;15625.68;200000;266934.0;15625.68;0.2445;0.0133;11.51;8.0;1483;0;0;0;;;;;4.225;adoro_critico|adoro_usuario;2;alta;0.0;;;;;;09.124.563/0001-66;;;;;;;;;;814970.0;0.2688;0.2638
B1900425300000;RODANTES;2019;PRODECINE 05;FSA Pontuação Festivais e Roteiro;1586823.33;0.0;0.0;2508044.09;0.0;2508044.09;6607.44;7514.64;60000;80080.2;7514.64;0.0349;0.003;0.0;0.0;0;0;0;0;;;;;0.0;;0;;;;;;;;04.727.439/0001-71;;;;;;;;;;1586823.33;0.042;0.042
B1900484900000;SANTIAGO DE LAS AMERICAS OU O OLHO DO TERCEIRO MUNDO;2019;PRODECINE 05;FSA Pontuação Festivais e Roteiro;995128.18;0.0;0.0;1437364.14;0.0;1437364.14;0.0;0.0;0;0.0;0.0;0.0;0.0;0.0;0.0;0;0;0;0;;;;;3.943;adoro_critico|adoro_usuario;2;media;;;;;;;27.651.181/0001-72;;;;;;;;;;995128.18;0.0;0.0
B1900381500000;SEM SEU SANGUE;2019;PRODECINE 05;FSA Pontuação Festivais e Roteiro;2073454.5;0.0;0.0;2994899.75;0.0;2994899.75;1992.5;2485.0;60000;80080.2;2485.0;0.0276;0.0008;5.7;28.5;0;0;0;0;;;;;0.0;;0;;0.0;;;;;;19.457.687/0001-17;;;;;;;;;;2073454.5;0.0299;0.0299
B1900597200000;SERTÂNIA;2019;PRODECINE 05;FSA Pontuação Festivais e Roteiro;1410695.0;0.0;0.0;2037609.27;0.0;2037609.27;7805.1;8747.2;60000;80080.2;8747.2;0.0436;0.0043;0.0;0.0;0;0;0;0;;;;;0.0;;0;;;;;;;;10.505.568/0001-18;;;;;;;;;;1410695.0;0.0481;0.0481
B1900035900000;SOLDADO ESTRANGEIRO;2019;PRODECINE 05;FSA Pontuação Festivais e Roteiro;846030.0;0.0;0.0;1258055.92;0.0;1258055.92;5971.18;7335.72;60000;80080.2;7335.72;0.0695;0.0058;1.2;6.0;0;0;0;0;;;;;0.0;;0;;;;;;;;27.527.464/0001-07;;;;;;;;;;846030.0;0.078;0.078
B1900623600000;UM ANIMAL AMARELO;2019;PRODECINE 05;FSA Pontuação Festivais e Roteiro;2240149.6;0.0;0.0;3331127.1;0.0;3331127.1;3430.34;3836.84;60000;80080.2;3836.84;0.0252;0.0012;10.2;31.0;0;3;2;0;;;;;3.635;adoro_critico|adoro_usuario;2;alta;1.0;0.0;0.0;Rebeca - Revista Brasileira de Estudos de Cinema e Audiovisual;;;01.125.538/0001-95;;;;;;;;;;2240149.6;0.0283;0.0283
B1900272800000;UMA BAÍA;2019;PRODECINE 05;FSA Pontuação Festivais e Roteiro;600000.0;0.0;0.0;948326.4;0.0;948326.4;6381.48;6381.48;0;0.0;6381.48;0.0067;0.0067;2.4;12.0;0;0;0;0;;;;;0.0;;0;;;;;;;;68.317.445/0001-33;;;;;;;;;;600000.0;0.0106;0.0106
B2000263300000;5 CASAS;2020;PRODECINE 05;FSA Pontuação Festivais e Roteiro;492000.0;0.0;700000.0;684959.45;893866.4;1578825.85;17599.08;18249.84;60000;76617.12;18249.84;0.1385;0.0116;0.0;0.0;0;0;0;0;;;;;0.0;;0;;38.0;49.0;17.0;LA Referencia (Red Federada de Repositorios Institucionales de Publicaciones Científicas) | SHILAP Revista de lepidopterología | Social Text;Oscar;Q82275;08.112.710/0001-15;;;;;;;;;;1192000.0;0.1577;0.0651
B2000338900000;AOS PEDAÇOS;2020;PRODECINE 05;FSA Pontuação Festivais e Roteiro;2250000.0;0.0;0.0;3249902.25;0.0;3249902.25;12007.52;12007.52;60000;76617.12;12007.52;0.0273;0.0037;0.0;0.0;0;0;0;0;;;;;0.0;;0;;;;;;;;02.282.322/0001-04;;;;;;;;;;2250000.0;0.032;0.032
B2000297200000;ESPERA;2020;PRODECINE 05;FSA Pontuação Festivais e Roteiro;748561.0;0.0;500000.0;1081222.26;638476.0;1719698.26;392.2;397.6;0;0.0;397.6;0.0004;0.0002;0.0;0.0;0;0;0;0;;;;;4.37;adoro_critico|adoro_usuario;2;alta;0.0;;;;;;08.287.614/0001-08;;;;;;;;;;1248561.0;0.0005;0.0003
B2000177900000;KEVIN;2020;PRODECINE 05;FSA Pontuação Festivais e Roteiro;484000.0;0.0;0.0;645980.28;0.0;645980.28;10647.65;11053.28;60000;76617.12;11053.28;0.1357;0.0171;0.0;0.0;0;0;0;0;;;;;4.2;adoro_usuario;1;baixa;;;;;;;10.407.637/0001-50;;;;;;;;;;484000.0;0.146;0.146
B2000313600000;LUZ NOS TRÓPICOS;2020;PRODECINE 05;FSA Pontuação Festivais e Roteiro;2247415.05;0.0;0.0;3246168.55;0.0;3246168.55;7492.1;7594.16;0;0.0;7594.16;0.0023;0.0023;0.0;0.0;0;0;0;0;;;;;3.6;adoro_usuario;1;baixa;;;;;;;05.163.327/0001-06;;;;;;;;;;2247415.05;0.0033;0.0033
B2000076800000;MATO SECO EM CHAMAS;2020;PRODECINE 05;FSA Pontuação Festivais e Roteiro;2250000.0;0.0;0.0;3249902.25;0.0;3249902.25;44514.7;45127.6;60000;76617.12;45127.6;0.0375;0.0139;23.2;68.0;1178;0;0;0;;;;;3.9;adoro_usuario;1;baixa;0.0;;;;;;13.044.728/0001-67;;;;;;;;;;2250000.0;0.0465;0.0465
B2000319500000;NHEENGATU;2020;PRODECINE 05;FSA Pontuação Festivais e Roteiro;384432.5;0.0;500000.0;555274.69;638476.0;1193750.69;664.24;755.44;200000;255390.4;755.44;0.4613;0.0006;3.1;5.5;0;1;1;0;;;;;0.0;;0;;;;;;;;05.436.489/0001-62;;;;;;;;;;884432.5;0.522;0.2269
B2000361300000;O REFLEXO DO LAGO;2020;PRODECINE 05;FSA Pontuação Festivais e Roteiro;538780.0;0.0;0.0;750086.28;0.0;750086.28;1757.2;1828.96;0;0.0;1828.96;0.0024;0.0024;0.0;0.0;0;0;0;0;;;;;3.844;adoro_critico;1;media;;;;;;;12.475.126/0001-00;;;;;;;;;;538780.0;0.0033;0.0033
B2000346300000;PAIXÕES RECORRENTES;2020;PRODECINE 05;FSA Pontuação Festivais e Roteiro;2250000.0;0.0;0.0;3003007.5;0.0;3003007.5;11510.21;11947.88;0;0.0;11947.88;0.004;0.004;1.8;9.0;0;0;0;0;;;;;0.0;;0;;2.0;2.0;2.0;CINEJ Cinema Journal | Significação Revista de Cultura Audiovisual;;;30.510.135/0001-68;;;;;;;;;;2250000.0;0.0051;0.0051
B2000044900000;PARA ONDE VOAM AS FEITICEIRAS;2020;PRODECINE 05;FSA Pontuação Festivais e Roteiro;1165080.5;0.0;0.0;1622018.08;0.0;1622018.08;12609.23;12782.84;60000;76617.12;12782.84;0.0551;0.0079;0.7;3.5;0;0;0;0;;;;;0.0;;0;;2.0;0.0;0.0;AVANCA | CINEMA;;;08.429.784/0001-80;;;;;;;;;;1165080.5;0.0623;0.0623
B2000473600000;VENTO SECO;2020;PRODECINE 05;FSA Pontuação Festivais e Roteiro;1498000.0;0.0;0.0;2085506.61;0.0;2085506.61;13129.94;14691.32;60000;76617.12;14691.32;0.0438;0.007;10.88;0.0;3022;0;0;0;;;;;0.0;;0;;1.0;0.0;0.0;Revista Brasileira de Sociologia do Direito;;;17.942.221/0001-81;;;;;;;;;;1498000.0;0.0488;0.0488
B2100535800000;A VIDA É DA COR QUE PINTAMOS;2021;PRODECINE 05;FSA Pontuação Festivais e Roteiro;930000.0;0.0;0.0;1294740.42;0.0;1294740.42;20217.96;20217.96;0;0.0;20217.96;0.0156;0.0156;0.0;0.0;0;0;0;0;;;;;3.2;adoro_usuario;1;baixa;0.0;;;;;;14.372.650/0001-72;;;;;;;;;;930000.0;0.0217;0.0217
B2100105600000;FORTALEZA HOTEL;2021;PRODECINE 05;FSA Pontuação Festivais e Roteiro;1974199.5;0.0;0.0;2851535.73;0.0;2851535.73;25231.1;26261.48;60000;69613.92;26261.48;0.0336;0.0092;0.0;0.0;0;0;0;0;;;;;0.0;;0;;0.0;;;;;;15.864.034/0001-00;;;;;;;;;;1974199.5;0.0432;0.0432
B2100027500000;NATUREZA MORTA;2021;PRODECINE 05;FSA Pontuação Festivais e Roteiro;1499300.0;0.0;1437290.82;2369709.62;1667590.8;4037300.42;3922.0;3976.0;280000;324864.96;3976.0;0.1388;0.001;0.0;0.0;0;0;0;0;;;;;0.0;;0;;0.0;;;;;;74.165.200/0001-30;;;;;;;;;;2936590.8200000003;0.1894;0.0967
B2200146400000;A FELICIDADE DAS COISAS;2022;PRODECINE 05;FSA Pontuação Festivais e Roteiro;2250000.0;0.0;0.0;2467644.75;0.0;2467644.75;27797.64;28925.4;60000;65803.86;28925.4;0.0384;0.0117;2.9;14.5;0;0;0;0;;;;;3.575;adoro_critico;1;media;;;;;;;17.456.554/0001-09;;;;;;;;;;2250000.0;0.039;0.039
B2200214700000;ADEUS CAPITÃO;2022;PRODECINE 05;FSA Pontuação Festivais e Roteiro;715800.93;0.0;833000.0;996533.76;913576.92;1910110.6800000002;0.0;0.0;0;0.0;0.0;0.0;0.0;0.0;0.0;0;0;0;0;;;;;0.0;;0;;;;;;;;23.747.020/0001-26;;;;;;;;;;1548800.9300000002;0.0;0.0
B2200023200000;ALDEOTAS;2022;PRODECINE 05;FSA Pontuação Festivais e Roteiro;2200000.0;0.0;0.0;3062826.8;0.0;3062826.8;19108.44;19860.12;0;0.0;19860.12;0.0065;0.0065;0.0;0.0;0;0;0;0;;;;;0.0;;0;;;;;;;;01.378.559/0001-12;;;;;;;;;;2200000.0;0.0087;0.0087
B2200132800000;BEM VINDOS DE NOVO;2022;PRODECINE 05;FSA Pontuação Festivais e Roteiro;350250.0;0.0;0.0;487615.95;0.0;487615.95;52204.52;52920.56;60000;65803.86;52920.56;0.2435;0.1085;0.0;0.0;0;0;0;0;;;;;3.02;adoro_critico;1;media;;;;;;;13.202.884/0001-09;;;;;;;;;;350250.0;0.3204;0.3204
B2300031800000;BIZARROS PEIXES DAS FOSSAS ABISSAIS;2022;PRODECINE 05;FSA Pontuação Festivais e Roteiro;760000.0;0.0;1500000.0;1097744.76;1645096.5;2742841.26;57850.8;57850.8;60000;65803.86;57850.8;0.1126;0.0211;0.0;0.0;0;0;0;0;;;;;0.0;;0;;;;;;;;05.416.743/0001-60;;;;;;;;;;2260000.0;0.1551;0.0521
B2200004100000;CANÇÃO AO LONGE;2022;PRODECINE 05;FSA Pontuação Festivais e Roteiro;1538400.0;0.0;0.0;2141751.25;0.0;2141751.25;24277.18;24611.44;60000;65803.86;24611.44;0.0422;0.0115;0.0;0.0;0;0;0;0;;;;;0.0;;0;;1.0;0.0;0.0;Intercom Revista Brasileira de Ciências da Comunicação;;;07.525.577/0001-66;;;;;;;;;;1538400.0;0.0548;0.0548
B2200295300000;CASA VAZIA;2022;PRODECINE 05;FSA Pontuação Festivais e Roteiro;1581447.0;0.0;0.0;2201681.02;0.0;2201681.02;17786.27;18031.16;60000;65803.86;18031.16;0.0381;0.0082;0.0;0.0;0;0;0;0;;;;;0.0;;0;;;;;;;;04.980.287/0001-14;;;;;;;;;;1581447.0;0.0492;0.0492
B2200297400000;LAVRA;2022;PRODECINE 05;FSA Pontuação Festivais e Roteiro;786270.0;0.0;0.0;1094640.38;0.0;1094640.38;11423.84;11888.24;60000;65803.86;11888.24;0.071;0.0109;0.0;0.0;0;0;0;0;;;;;0.0;;0;;;;;;;;09.207.344/0001-40;;;;;;;;;;786270.0;0.0908;0.0908
B2300051700000;FOGARÉU;2023;PRODECINE 05;FSA Pontuação Festivais e Roteiro;2242900.0;0.0;0.0;3122551.92;0.0;3122551.92;2405.48;2405.48;280000;293524.0;2405.48;0.0948;0.0008;0.0;0.0;0;0;0;0;;;;;0.0;;0;;;;;;;;02.140.120/0001-10;;;;;;;;;;2242900.0;0.1259;0.1259
B2300180200000;LAMPIÃO, GOVERNADOR DO SERTÃO;2023;PRODECINE 05;FSA Pontuação Festivais e Roteiro;499998.0;0.0;0.0;524147.9;0.0;524147.9;10357.48;10357.48;0;0.0;10357.48;0.0198;0.0198;0.0;0.0;0;0;0;0;;;;;0.0;;0;;;;;;;;00.993.636/0001-81;;;;;;;;;;499998.0;0.0207;0.0207
B2300537000000;LONGE DO PARAÍSO;2023;PRODECINE 05;FSA Pontuação Festivais e Roteiro;2250000.0;0.0;0.0;3132436.5;0.0;3132436.5;21231.84;21231.84;0;0.0;21231.84;0.0068;0.0068;0.0;0.0;0;0;0;0;;;;;3.84;adoro_critico|adoro_usuario;2;alta;;;;;;;01.231.528/0001-34;;;;;;;;;;2250000.0;0.0094;0.0094
B2300041800000;TIA VIRGÍNIA;2023;PRODECINE 05;FSA Pontuação Festivais e Roteiro;2250000.0;0.0;0.0;3003007.5;0.0;3003007.5;248484.74;251641.04;60000;62898.0;251641.04;0.1047;0.0838;2.7;13.5;0;0;0;0;;;;;0.0;;0;;0.0;;;;;;20.519.742/0001-35;;;;;;;;;;2250000.0;0.1371;0.1371
B1800115900000;"""EL HOMBRE QUE CUIDA""";2017;PRODECINE 06;FSA Coprodução Internacional;450000.0;0.0;0.0;649980.45;0.0;649980.45;7762.71;9761.08;0;0.0;9761.08;0.015;0.015;0.0;0.0;0;0;0;0;;;;;0.0;;0;;;;;;;;15.745.495/0001-55;;;;;;;;;;450000.0;0.0173;0.0173
B1700396100000;NINGUÉM ESTÁ OLHANDO;2017;PRODECINE 06;FSA Coprodução Internacional;250000.0;0.0;0.0;371752.75;0.0;371752.75;112406.68;148960.84;60000;86664.06;148960.84;0.6338;0.4007;4.4;22.0;0;0;0;0;;;;;0.0;;0;;;;;;;;73.947.392/0001-74;;;;;;;;;;250000.0;0.6896;0.6896
B1800293900000;AS HERDEIRAS;2018;PRODECINE 06;FSA Coprodução Internacional;250000.0;0.0;0.0;361100.25;0.0;361100.25;340640.6;450182.6;120000;167063.28;450182.6;1.7093;1.2467;16.6;83.0;0;0;0;0;;;;;0.0;;0;;;;;;;;14.798.449/0001-51;;;;;;;;;;250000.0;1.8426;1.8426
B1900036000000;LIBERDADE É UMA GRANDE PALAVRA;2018;PRODECINE 06;FSA Coprodução Internacional;175000.0;0.0;0.0;243633.95;0.0;243633.95;967.66;1212.68;80000;111375.52;1212.68;0.4621;0.005;0.0;0.0;0;0;0;0;;;;;0.0;;0;;;;;;;;06.137.016/0001-27;;;;;;;;;;175000.0;0.4627;0.4627
B1800468000000;PESSOAS HUMANAS;2018;PRODECINE 06;FSA Coprodução Internacional;250000.0;0.0;0.0;361100.25;0.0;361100.25;647.13;656.04;0;0.0;656.04;0.0018;0.0018;0.0;0.0;0;0;0;0;;;;;0.0;;0;;;;;;;;04.980.287/0001-14;;;;;;;;;;250000.0;0.0026;0.0026
B1800215300000;UMA VIAGEM INESPERADA;2018;PRODECINE 06;FSA Coprodução Internacional;350000.0;0.0;173000.0;505540.35;240849.56;746389.9099999999;16995.75;21371.0;60000;83531.64;21371.0;0.2075;0.0286;0.4;2.0;0;0;0;0;;;;;4.5;adoro_usuario;1;baixa;;;;;;;12.126.484/0001-07;;;;;;;;;;523000.0;0.22;0.1472
B1900322000000;VIVIR ALLÍ NO ES EL INFIERNO ES EL FUEGO DEL DESIERTO.LA PLENITUD DE LA VIDA QUEDÓ AHÍ COMO UN ÁRBOL;2018;PRODECINE 06;FSA Coprodução Internacional;136098.9;0.0;0.0;189476.07;0.0;189476.07;2964.84;3697.68;0;0.0;3697.68;0.0195;0.0195;0.0;0.0;0;0;0;0;;;;;3.2;adoro_usuario;1;baixa;;;;;;;14.026.079/0001-34;;;;;;;;;;136098.9;0.0218;0.0218
B2000043400000;A OUTRA PELE;2019;PRODECINE 06;FSA Coprodução Internacional;250000.0;0.0;0.0;348048.5;0.0;348048.5;2359.8;2683.8;0;0.0;2683.8;0.0077;0.0077;0.0;0.0;0;0;0;0;;;;;4.058;adoro_critico|adoro_usuario;2;alta;;;;;;;01.282.220/0001-18;;;;;;;;;;250000.0;0.0094;0.0094
B1900541900000;BREVE HISTÓRIA DO PLANETA VERDE;2019;PRODECINE 06;FSA Coprodução Internacional;283000.0;0.0;0.0;377711.61;0.0;377711.61;6648.15;6858.6;0;0.0;6858.6;0.0182;0.0182;7.1;35.5;0;0;0;0;;;;;0.0;;0;;;;;;;;07.525.577/0001-66;;;;;;;;;;283000.0;0.0235;0.0235
B1900050800000;POETAS DO CÉU;2019;PRODECINE 06;FSA Coprodução Internacional;175000.0;0.0;0.0;243633.95;0.0;243633.95;611.2;636.16;200000;266934.0;636.16;1.0982;0.0026;2.0;10.0;0;0;0;0;;;;;0.0;;0;;;;;;;;11.545.487/0001-04;;;;;;;;;;175000.0;1.1463;1.1463
B2000556700000;A BARQUEIRA;2020;PRODECINE 06;FSA Coprodução Internacional;250000.0;0.0;0.0;333667.5;0.0;333667.5;0.0;0.0;0;0.0;0.0;0.0;0.0;0.0;0.0;0;0;0;0;;;;;0.0;;0;;;;;;;;08.112.710/0001-15;;;;;;;;;;250000.0;0.0;0.0
B2000184900000;A HISTÓRIA DO MEU NOME;2020;PRODECINE 06;FSA Coprodução Internacional;167757.87;300000.0;0.0;233551.5;383085.6;616637.1;0.0;0.0;0;0.0;0.0;0.0;0.0;0.0;0.0;0;0;0;0;;;;;3.77;adoro_critico;1;media;;;;;;;10.615.584/0001-63;;;;;;;;;;467757.87;0.0;0.0
B2100148000000;TANTAS ALMAS;2021;PRODECINE 06;FSA Coprodução Internacional;250000.0;0.0;0.0;348048.5;0.0;348048.5;11536.4;12007.52;0;0.0;12007.52;0.0345;0.0345;5.6;28.0;0;0;0;0;;;;;0.0;;0;;;;;;;;15.089.868/0001-87;;;;;;;;;;250000.0;0.0461;0.0461
B2200208200000;LAS VACACIONES DE HILDA;2022;PRODECINE 06;FSA Coprodução Internacional;250000.0;0.0;0.0;348048.5;0.0;348048.5;0.0;0.0;0;0.0;0.0;0.0;0.0;0.0;0.0;0;0;0;0;;;;;0.0;;0;;;;;;;;09.505.106/0001-11;;;;;;;;;;250000.0;0.0;0.0
B2300174400000;FANTASMA;2023;PRODECINE 06;FSA Coprodução Internacional;250000.0;0.0;555000.0;348048.5;581806.5;929855.0;27315.12;27315.12;60000;62898.0;27315.12;0.2592;0.0294;0.0;0.0;0;0;0;0;;;;;3.7;adoro_usuario;1;baixa;;;;;;;05.572.253/0001-53;;;;;;;;;;805000.0;0.3493;0.1085
B2300315200000;LA ESTRATÉGIA DEL MERO;2023;PRODECINE 06;FSA Coprodução Internacional;250000.0;0.0;0.0;290058.0;0.0;290058.0;10576.16;10576.16;0;0.0;10576.16;0.0365;0.0365;0.0;0.0;0;0;0;0;;;;;0.0;;0;;;;;;;;10.519.798/0001-36;;;;;;;;;;250000.0;0.0423;0.0423
B1800358900000;A FAMÍLIA SUBMERSA;2018;PRODECINE 07;FSA Coprodução Internacional;996025.0;0.0;0.0;1438659.51;0.0;1438659.51;40125.78;50455.44;60000;83531.64;50455.44;0.0931;0.0351;8.6;43.0;0;0;0;0;;;;;3.9;adoro_usuario;1;baixa;;;;;;;14.440.714/0001-25;;;;;;;;;;996025.0;0.1005;0.1005
B2100075500000;LAMAÇAL;2021;PRODECINE 07;FSA Coprodução Internacional;821925.0;0.0;0.0;1096998.64;0.0;1096998.64;1555.72;1769.32;60000;69613.92;1769.32;0.0651;0.0016;0.0;0.0;0;0;0;0;;;;;0.0;;0;;;;;;;;04.937.797/0001-09;;;;;;;;;;821925.0;0.0749;0.0749
B2000332000000;AVÓ DEZANOVE E O SEGREDO DO SOVIÉTICO;2020;PRODECINE 08;FSA Coprodução Internacional;500040.0;0.0;0.0;638527.08;0.0;638527.08;0.0;0.0;0;0.0;0.0;0.0;0.0;0.0;0.0;0;0;0;0;;;;;4.062;adoro_critico|adoro_usuario;2;media;;;;;;;09.437.566/0001-50;;;;;;;;;;500040.0;0.0;0.0
B2100120000000;PEDRO E INÊS;2020;PRODECINE 08;FSA Coprodução Internacional;487635.0;0.0;0.0;678882.52;0.0;678882.52;5943.2;6759.2;0;0.0;6759.2;0.01;0.01;10.9;4.5;0;6;6;0;;;;;0.0;;0;;;;;;;;05.436.489/0001-62;;;;;;;;;;487635.0;0.0122;0.0122
B2100241700000;ESCRITA ÍNTIMA;2021;PRODECINE 08;FSA Coprodução Internacional;467910.0;0.0;0.0;675849.67;0.0;675849.67;1050.5;1093.4;0;0.0;1093.4;0.0016;0.0016;0.2;1.0;0;0;0;0;;;;;0.0;;0;;;;;;;;01.378.559/0001-12;;;;;;;;;;467910.0;0.0022;0.0022
B2100277700000;LA TEORIA DE LOS VIDRIOS ROTOS;2021;PRODECINE 09;FSA Coprodução Internacional;468495.0;0.0;0.0;625286.22;0.0;625286.22;4144.7;4313.96;0;0.0;4313.96;0.0069;0.0069;0.8;4.0;0;0;0;0;;;;;0.0;;0;;;;;;;;08.267.476/0001-03;;;;;;;;;;468495.0;0.0088;0.0088
B2100119800000;MATEÍNA;2021;PRODECINE 09;FSA Coprodução Internacional;500040.0;0.0;0.0;696152.69;0.0;696152.69;16884.4;17573.92;60000;69613.92;17573.92;0.1252;0.0252;0.0;0.0;0;0;0;0;;;;;0.0;;0;;;;;;;;11.384.969/0001-20;;;;;;;;;;500040.0;0.1538;0.1538
B2200298400000;O BAILE DOS 41;2021;PRODECINE 12;FSA Coprodução Internacional;561270.0;200000.0;0.0;749110.23;232046.4;981156.63;1745.29;1769.32;60000;69613.92;1769.32;0.0953;0.0018;0.0;0.0;0;0;0;0;;;;;0.0;;0;;;;;;;;02.140.120/0001-10;;;;;;;;;;761270.0;0.11;0.0811
B1500542700000;TORI, A DETETIVE;2015;PRODUÇÃO CINEMA;FSA Pontuação Bilheteria e Roteiro — Produtora;6222300.0;0.0;0.0;8987496.34;0.0;8987496.34;0.0;0.0;140000;221276.16;0.0;0.0246;0.0;0.0;0.0;0;0;0;0;;;;;0.0;;0;;0.0;;;;;;00.830.735/0001-42;;;;;;;;;;6222300.0;0.0225;0.0225
B1800078700000;TORI, A DETETIVE;2017;PRODUÇÃO CINEMA;FSA Pontuação Bilheteria e Roteiro — Produtora;6222300.0;0.0;0.0;8987496.34;0.0;8987496.34;0.0;0.0;140000;202216.14;0.0;0.0225;0.0;0.0;0.0;0;0;0;0;;;;;0.0;;0;;0.0;;;;;;00.830.735/0001-42;;;;;;;;;;6222300.0;0.0225;0.0225
B1600715300000;MISTÉRIOS DE ENTREVER;2016;PRODUÇÃO TV/VOD - NOVOS REALIZADORES;_tv_excluir;1000000.0;0.0;0.0;1487011.0;0.0;1487011.0;0.0;0.0;0;0.0;0.0;0.0;0.0;0.0;0.0;0;0;0;0;;;;;0.0;;0;;1.0;2.0;2.0;Revista Brasileira de Pesquisa (Auto)Biográfica;;;08.745.908/0001-36;;;;;;;;;;1000000.0;0.0;0.0
B2100472800000;PALOMA;2021;PRODUÇÃO TV/VOD – VIA PROGRAMADORA;_tv_excluir;4500000.0;0.0;0.0;4717350.0;0.0;4717350.0;66191.95;68745.04;60000;69613.92;68745.04;0.0293;0.0146;15.3;26.5;0;22;12;0;;;;;0.0;;0;;;;;;;;02.669.022/0001-74;;;;;;;;;;4500000.0;0.028;0.028
B1900209700000;PACARRETE;2019;SAV/MINC 01;FSA SAV/MINC / Arranjos Regionais;1250000.0;0.0;0.0;1740242.5;0.0;1740242.5;73111.88;89678.68;60000;80080.2;89678.68;0.0975;0.0515;8.3;41.5;0;0;0;0;;;;;4.0;adoro_critico|adoro_usuario;2;alta;0.0;;;;;;07.202.193/0001-02;;;;;;;;;;1250000.0;0.1065;0.1065
B2000142400000;MARES DO DESTERRO;2020;SAV/MINC 01;FSA SAV/MINC / Arranjos Regionais;1250000.0;0.0;0.0;1740242.5;0.0;1740242.5;2647.35;2683.8;0;0.0;2683.8;0.0015;0.0015;0.0;0.0;0;0;0;0;;;;;4.223;adoro_critico|adoro_usuario;2;media;;;;;;;06.975.561/0001-92;;;;;;;;;;1250000.0;0.0021;0.0021
B2000484500000;O NOVELO;2020;SAV/MINC 01;FSA SAV/MINC / Arranjos Regionais;1250000.0;0.0;0.0;1740242.5;0.0;1740242.5;4929.36;5606.16;60000;76617.12;5606.16;0.0472;0.0032;0.0;0.0;0;0;0;0;;;;;0.0;;0;;1.0;0.0;0.0;;;;12.380.610/0001-47;;;;;;;;;;1250000.0;0.0519;0.0519
B2000461200000;VALENTINA;2020;SAV/MINC 01;FSA SAV/MINC / Arranjos Regionais;1250000.0;0.0;0.0;1740242.5;0.0;1740242.5;2989.08;3399.48;60000;76617.12;3399.48;0.046;0.002;4.9;24.5;0;0;0;0;;;;;0.0;;0;;1.0;0.0;0.0;Estudos Ibero-Americanos;;;24.304.911/0001-70;;;;;;;;;;1250000.0;0.0504;0.0504
B2200250200000;NOITES ALIENÍGENAS;2022;SAV/MINC 01;FSA SAV/MINC / Arranjos Regionais;1231960.0;0.0;0.0;1715127.32;0.0;1715127.32;136559.55;138424.44;60000;65803.86;138424.44;0.1191;0.0807;4.0;20.0;0;0;0;0;;;;;3.575;adoro_critico|adoro_usuario;2;alta;2.0;1.0;1.0;Revista Latinoamericana de Ciencias de la Comunicación;;;19.709.434/0001-93;;;;;;;;;;1231960.0;0.1596;0.1596
B2200012900000;REPRESA;2022;SAV/MINC 01;FSA SAV/MINC / Arranjos Regionais;1250000.0;0.0;0.0;1668337.5;0.0;1668337.5;0.0;0.0;0;0.0;0.0;0.0;0.0;0.0;0.0;0;0;0;0;;;;;0.0;;0;;0.0;;;;;;16.894.643/0001-66;;;;;;;;;;1250000.0;0.0;0.0
B2300179900000;NADA;2023;SAV/MINC 01;FSA SAV/MINC / Arranjos Regionais;1250000.0;1099999.97;2417400.0;1668337.5;3687290.39;5355627.890000001;10735.2;10735.2;0;0.0;10735.2;0.0064;0.002;0.0;0.0;0;0;0;0;;;;;4.259;adoro_critico|adoro_usuario;2;alta;0.0;;;;;;13.631.016/0001-44;;;;;;;;;;4767399.97;0.0086;0.0023
B1900300800000;BENTO;2019;SAV/MINC 02;FSA SAV/MINC / Arranjos Regionais;1250000.0;3000000.0;2764000.0;1805501.25;7693037.88;9498539.129999999;175.34;218.68;60000;80080.2;218.68;0.0445;0.0;0.0;0.0;0;0;0;0;;;;;4.127;adoro_critico|adoro_usuario;2;alta;;;;;;;22.071.805/0001-69;;;;;;;;;;7014000.0;0.0481;0.0086
B2000141100000;ALÉM DA LENDA - FILME;2020;SAV/MINC 02;FSA SAV/MINC / Arranjos Regionais;1568223.0;0.0;0.0;2002545.5;0.0;2002545.5;71839.69;74768.68;60000;76617.12;74768.68;0.0756;0.0373;0.0;0.0;0;0;0;0;;;;;3.97;adoro_critico|adoro_usuario;2;media;;;;;;;18.274.744/0001-60;;;;;;;;;;1568223.0;0.0841;0.0841
B2000100300000;PASSAGEM SECRETA;2020;SAV/MINC 02;FSA SAV/MINC / Arranjos Regionais;1162960.0;0.0;0.0;1619065.93;0.0;1619065.93;1107.8;1153.04;60000;76617.12;1153.04;0.048;0.0007;0.0;0.0;0;0;0;0;;;;;0.0;;0;;;;;;;;06.236.625/0001-33;;;;;;;;;;1162960.0;0.0525;0.0525
B2000378500000;PEQUENOS GUERREIROS;2020;SAV/MINC 02;FSA SAV/MINC / Arranjos Regionais;1250000.0;0.0;0.0;1740242.5;0.0;1740242.5;31632.76;32841.76;0;0.0;32841.76;0.0189;0.0189;0.0;0.0;0;0;0;0;;;;;3.708;adoro_critico|adoro_usuario;2;alta;0.0;;;;;;04.614.433/0001-98;;;;;;;;;;1250000.0;0.0253;0.0253
B2000292100000;PIRÔCO;2020;SAV/MINC 02;FSA SAV/MINC / Arranjos Regionais;1250000.0;0.0;0.0;1740242.5;0.0;1740242.5;0.0;0.0;0;0.0;0.0;0.0;0.0;0.0;0.0;0;0;0;0;;;;;0.0;;0;;;;;;;;17.698.485/0001-31;;;;;;;;;;1250000.0;0.0;0.0
B2000202100000;POROPOPÓ;2020;SAV/MINC 02;FSA SAV/MINC / Arranjos Regionais;1250000.0;0.0;0.0;1740242.5;0.0;1740242.5;5020.16;5089.28;0;0.0;5089.28;0.0029;0.0029;0.0;0.0;0;0;0;0;;;;;0.0;;0;;;;;;;;05.609.007/0001-29;;;;;;;;;;1250000.0;0.004;0.004
B2100262500000;DESPEDIDA;2021;SAV/MINC 02;FSA SAV/MINC / Arranjos Regionais;1250000.0;2999999.82;328421.0;1740242.5;3861740.34;5601982.84;5373.14;5447.12;0;0.0;5447.12;0.0031;0.001;0.0;0.0;0;0;0;0;;;;;4.0;adoro_usuario;1;baixa;;;;;;;15.830.015/0001-54;;;;;;;;;;4578420.82;0.0043;0.0012
B2200145800000;A CAVERNA DE ESTELA;2022;SAV/MINC 02;FSA SAV/MINC / Arranjos Regionais;100000.0;0.0;0.0;127695.2;0.0;127695.2;0.0;0.0;0;0.0;0.0;0.0;0.0;0.0;0.0;0;0;0;0;;;;;3.49;adoro_critico|adoro_usuario;2;alta;0.0;;;;;;03.021.799/0001-90;;;;;;;;;;100000.0;0.0;0.0
B2200149500000;ALICE DOS ANJOS;2022;SAV/MINC 02;FSA SAV/MINC / Arranjos Regionais;848828.01;0.0;0.0;1181733.26;0.0;1181733.26;351.6;357.84;120000;131607.72;357.84;0.1117;0.0003;0.0;0.0;0;0;0;0;;;;;4.273;adoro_critico|adoro_usuario;2;media;0.0;;;;;;22.327.940/0001-22;;;;;;;;;;848828.01;0.1418;0.1418
B2200087600000;CHICO - MEU AMIGO INVISÍVEL;2022;SAV/MINC 02;FSA SAV/MINC / Arranjos Regionais;99138.0;0.0;0.0;108727.72;0.0;108727.72;0.0;0.0;0;0.0;0.0;0.0;0.0;0.0;0.0;0;0;0;0;;;;;2.9;adoro_usuario;1;baixa;0.0;;;;;;23.624.812/0001-03;;;;;;;;;;99138.0;0.0;0.0
B2200136500000;FABULOSOS JOÃO E MARIA;2022;SAV/MINC 02;FSA SAV/MINC / Arranjos Regionais;1250000.0;426502.5;0.0;1740242.5;467758.51;2208001.01;26698.84;26698.84;0;0.0;26698.84;0.0153;0.0121;0.0;0.0;0;0;0;0;;;;;4.0;adoro_usuario;1;baixa;0.0;;;;;;02.231.569/0001-93;;;;;;;;;;1676502.5;0.0214;0.0159
B2200047500000;HOSPITAL DE BRINQUEDOS;2022;SAV/MINC 02;FSA SAV/MINC / Arranjos Regionais;100000.0;0.0;0.0;127695.2;0.0;127695.2;0.0;0.0;120000;131607.72;0.0;1.0306;0.0;0.0;0.0;0;0;0;0;;;;;4.045;adoro_critico|adoro_usuario;2;media;2.0;17.0;17.0;PLOS Global Public Health | Alphaville Journal of Film and Screen Media;;;07.202.193/0001-02;;;;;;;;;;100000.0;1.2;1.2
B2300513100000;OMEGATRONE - O PODER DOS 5 REINOS;2023;SAV/MINC 02;FSA SAV/MINC / Arranjos Regionais;99940.0;0.0;0.0;127618.58;0.0;127618.58;0.0;0.0;0;0.0;0.0;0.0;0.0;0.0;0.0;0;0;0;0;;;;;4.147;adoro_critico|adoro_usuario;2;media;;;;;;;20.786.426/0001-20;;;;;;;;;;99940.0;0.0;0.0
B1900050700000;A TERRA NEGRA DOS KAWA;2018;SAV/MINC 03;FSA SAV/MINC / Arranjos Regionais;1605704.61;0.0;0.0;2387700.42;0.0;2387700.42;13844.66;14035.28;60000;83531.64;14035.28;0.0409;0.0059;0.0;0.0;0;0;0;0;;;;;2.9;adoro_usuario;1;baixa;;;;;;;04.302.591/0001-02;;;;;;;;;;1605704.61;0.046;0.046
B1900059200000;MUDANÇA;2018;SAV/MINC 03;FSA SAV/MINC / Arranjos Regionais;1499346.62;0.0;0.0;2229544.92;0.0;2229544.92;5895.68;6103.16;0;0.0;6103.16;0.0027;0.0027;0.0;0.0;0;0;0;0;;;;;4.095;adoro_critico|adoro_usuario;2;alta;4.0;0.0;0.0;Digital Library of Theses and Dissertations  (Universidade de São Paulo);;;07.088.828/0001-92;;;;;;;;;;1499346.62;0.0039;0.0039
B1900533600000;EU, NIRVANA;2019;SAV/MINC 03;FSA SAV/MINC / Arranjos Regionais;1500000.0;0.0;0.0;2230516.5;0.0;2230516.5;0.0;0.0;0;0.0;0.0;0.0;0.0;0.0;0.0;0;0;0;0;;;;;0.0;;0;;;;;;;;13.931.232/0001-05;;;;;;;;;;1500000.0;0.0;0.0
B1900307100000;NO CORAÇÃO DO MUNDO;2019;SAV/MINC 03;FSA SAV/MINC / Arranjos Regionais;321497.66;0.0;357348.34;464371.54;476942.11;941313.6499999999;127635.87;160232.8;280000;373707.6;160232.8;1.1498;0.1702;13.25;14.0;2206;0;0;0;;;;;4.3;adoro_usuario;1;baixa;;;;;Rotterdam;Q61641244;17.456.554/0001-09;;;;;;;;;;678846.0;1.2679;0.6005
B1900410500000;TRÊS VERÕES;2019;SAV/MINC 03;FSA SAV/MINC / Arranjos Regionais;1200000.0;0.0;0.0;1784413.2;0.0;1784413.2;6360.06;7932.12;360000;480481.2;7932.12;0.2737;0.0044;5.4;27.0;0;0;0;0;;;;;0.0;;0;;;;;;;;01.369.211/0001-69;;;;;;;;;;1200000.0;0.3053;0.3053
B2000386800000;CABEÇA DE NÊGO;2020;SAV/MINC 03;FSA SAV/MINC / Arranjos Regionais;1250000.0;0.0;0.0;1858763.75;0.0;1858763.75;38508.44;43795.64;280000;357546.56;43795.64;0.2159;0.0236;0.0;0.0;0;0;0;0;;;;;4.21;adoro_critico;1;alta;0.0;;;;;;04.761.874/0001-12;;;;;;;;;;1250000.0;0.2548;0.2548
B2000312900000;MARTE UM;2020;SAV/MINC 03;FSA SAV/MINC / Arranjos Regionais;1350000.0;0.0;0.0;1879461.9;0.0;1879461.9;1990265.5;2066744.68;360000;459702.72;2066744.68;1.3442;1.0996;19.37;52.0;740;0;0;0;;;;;3.907;adoro_critico|adoro_usuario;2;alta;;;;;Rotterdam;Q61641244;17.456.554/0001-09;;;;;;;;;;1350000.0;1.7409;1.7409
B2000402100000;UM DIA COM JERUSA;2020;SAV/MINC 03;FSA SAV/MINC / Arranjos Regionais;1250000.0;0.0;0.0;1740242.5;0.0;1740242.5;471.96;536.76;60000;76617.12;536.76;0.0443;0.0003;0.0;0.0;0;0;0;0;;;;;4.123;adoro_critico|adoro_usuario;2;alta;;;;;;;10.473.332/0001-47;;;;;;;;;;1250000.0;0.0484;0.0484
B2100339300000;PATERNO;2021;SAV/MINC 03;FSA SAV/MINC / Arranjos Regionais;952295.0;0.0;0.0;1375495.85;0.0;1375495.85;1550.64;1550.64;60000;69613.92;1550.64;0.0517;0.0011;0.0;0.0;0;0;0;0;;;;;0.0;;0;;;;;;;;12.091.067/0001-68;;;;;;;;;;952295.0;0.0646;0.0646
B2300289500000;DENTRO DA CAIXINHA;2023;SAV/MINC 03;FSA SAV/MINC / Arranjos Regionais;600000.0;0.0;270000.0;766171.2;283041.0;1049212.2;22588.2;31847.76;0;0.0;31847.76;0.0416;0.0304;0.0;0.0;0;0;0;0;;;;;4.4;adoro_usuario;1;baixa;;;;;;;08.233.638/0001-84;;;;;;;;;;870000.0;0.0376;0.026
B2300561400000;O MENINO MAIS RICO DO MUNDO;2023;SAV/MINC 03;FSA SAV/MINC / Arranjos Regionais;1000000.0;0.0;0.0;1276952.0;0.0;1276952.0;0.0;0.0;60000;62898.0;0.0;0.0493;0.0;0.0;0.0;0;0;0;0;;;;;4.5;adoro_usuario;1;baixa;2.0;0.0;0.0;Portuguese National Funding Agency for Science, Research and Technology (RCAAP Project by FCT) | LA Referencia (Red Federada de Repositorios Institucionales de Publicaciones Científicas);;;08.035.343/0001-01;;;;;;;;;;1000000.0;0.06;0.06
B1800264200000;CARVANA;2018;SAV/MINC 04;FSA SAV/MINC / Arranjos Regionais;652864.15;0.0;92100.0;970816.17;128221.07;1099037.24;10710.38;14134.68;60000;83531.64;14134.68;0.1006;0.0129;0.0;0.0;0;0;0;0;;;;;0.0;;0;;;;;;;;40.426.918/0001-11;;;;;;;;;;744964.15;0.1083;0.0949
B1800515000000;CHUVA É CANTORIA NA ALDEIA DOS MORTOS;2018;SAV/MINC 04;FSA SAV/MINC / Arranjos Regionais;997550.0;0.0;0.0;1483367.82;0.0;1483367.82;60315.15;75842.2;80000;111375.52;75842.2;0.1262;0.0511;21.7;58.5;0;34;24;0;;;;;4.003;adoro_critico|adoro_usuario;2;media;;;;;;;16.957.757/0001-08;;;;;;;;;;997550.0;0.1407;0.1407
B1800150600000;O CHALÉ É UMA ILHA BATIDA DE VENTO E CHUVA;2018;SAV/MINC 04;FSA SAV/MINC / Arranjos Regionais;824836.75;0.0;0.0;1226541.32;0.0;1226541.32;5264.73;6620.04;0;0.0;6620.04;0.0054;0.0054;0.0;0.0;0;0;0;0;;;;;3.5;adoro_critico|adoro_usuario;2;alta;;;;;;;04.939.205/0001-98;;;;;;;;;;824836.75;0.0064;0.0064
B1800561900000;SERVIDÃO;2018;SAV/MINC 04;FSA SAV/MINC / Arranjos Regionais;1000000.0;0.0;0.0;1487011.0;0.0;1487011.0;18329.36;18329.36;0;0.0;18329.36;0.0123;0.0123;0.0;0.0;0;0;0;0;;;;;0.0;;0;;1.0;0.0;0.0;;;;55.084.750/0001-80;;;;;;;;;;1000000.0;0.0183;0.0183
B1900203000000;CHÃO;2019;SAV/MINC 04;FSA SAV/MINC / Arranjos Regionais;512631.13;0.0;0.0;762288.13;0.0;762288.13;646.76;735.56;140000;186853.8;735.56;0.2461;0.001;6.4;32.0;0;0;0;0;;;;;0.0;;0;;5.0;3.0;2.0;COMMONS | Revista ECO-Pós | Rebeca - Revista Brasileira de Estudos de Cinema e Audiovisual;;;13.486.716/0001-92;;;;;;;;;;512631.13;0.2744;0.2744
B1900189800000;EMPATE;2019;SAV/MINC 04;FSA SAV/MINC / Arranjos Regionais;672980.0;0.0;0.0;1000728.66;0.0;1000728.66;2931.44;2942.24;60000;80080.2;2942.24;0.083;0.0029;0.7;3.5;0;0;0;0;;;;;0.0;;0;;2.0;1.0;1.0;Revista Latinoamericana de Ciencias de la Comunicación;;;19.709.434/0001-93;;;;;;;;;;672980.0;0.0935;0.0935
B1900093600000;ESTOU ME GUARDANDO PARA QUANDO O CARNAVAL CHEGAR;2019;SAV/MINC 04;FSA SAV/MINC / Arranjos Regionais;1099400.0;0.0;0.0;1467336.2;0.0;1467336.2;168370.87;211523.2;140000;186853.8;211523.2;0.2715;0.1442;15.95;26.0;2744;0;0;0;;;;;3.062;adoro_critico|adoro_usuario;2;alta;;;;;;;02.669.022/0001-74;;;;;;;;;;1099400.0;0.2805;0.2805
B1900623300000;OS OSSOS DA SAUDADE;2019;SAV/MINC 04;FSA SAV/MINC / Arranjos Regionais;669971.6;0.0;0.0;967707.65;0.0;967707.65;1432.5;1491.0;80000;106773.6;1491.0;0.1119;0.0015;0.0;0.0;0;0;0;0;;;;;3.709;adoro_critico|adoro_usuario;2;media;;;;;;;15.745.495/0001-55;;;;;;;;;;669971.6;0.1215;0.1215
B2100371800000;MARIAS;2021;SAV/MINC 04;FSA SAV/MINC / Arranjos Regionais;816988.0;0.0;673000.0;1180058.28;780836.14;1960894.42;10437.0;10437.0;60000;69613.92;10437.0;0.0678;0.0053;0.0;0.0;0;0;0;0;;;;;0.0;;0;;;;;;;;07.617.370/0001-11;;;;;;;;;;1489988.0;0.0862;0.0473
B2200361800000;MÔA, RAIZ AFRO MÃE;2022;SAV/MINC 04;FSA SAV/MINC / Arranjos Regionais;500000.0;0.0;3980000.0;548365.5;4364989.38;4913354.88;39614.09;40157.6;280000;307084.68;40157.6;0.6332;0.0082;0.0;0.0;0;0;0;0;;;;;3.5;adoro_usuario;1;baixa;;;;;;;09.491.939/0001-70;;;;;;;;;;4480000.0;0.6392;0.0713
B2300366600000;KUNHÃ KARAI E AS NARRATIVAS DA TERRA;2023;SAV/MINC 04;FSA SAV/MINC / Arranjos Regionais;500000.0;0.0;0.0;524150.0;0.0;524150.0;0.0;0.0;0;0.0;0.0;0.0;0.0;0.0;0.0;0;0;0;0;;;;;3.0;adoro_usuario;1;baixa;;;;;;;07.822.394/0001-02;;;;;;;;;;500000.0;0.0;0.0
B2100362700000;SEBASTIANA;2021;SAV/MINC 07;FSA SAV/MINC / Arranjos Regionais;346000.0;0.0;1423575.0;441825.39;1651677.27;2093502.6600000001;0.0;0.0;280000;324864.96;0.0;0.7353;0.0;0.0;0.0;0;0;0;0;;;;;0.0;;0;;;;;;;;17.623.726/0001-83;;;;;;;;;;1769575.0;0.8092;0.1582
B2200497200000;ODOYÁ;2022;SAV/MINC 07;FSA SAV/MINC / Arranjos Regionais;344670.0;0.0;0.0;440127.05;0.0;440127.05;0.0;0.0;0;0.0;0.0;0.0;0.0;0.0;0.0;0;0;0;0;;;;;0.0;;0;;0.0;;;;;;23.318.838/0001-23;;;;;;;;;;344670.0;0.0;0.0
B2300286800000;ÁRIA;2023;SAV/MINC 07;FSA SAV/MINC / Arranjos Regionais;350000.0;0.0;0.0;446933.2;0.0;446933.2;0.0;0.0;0;0.0;0.0;0.0;0.0;0.0;0.0;0;0;0;0;;;;;0.0;;0;;1.0;1.0;1.0;OSTI OAI (U.S. Department of Energy Office of Scientific and Technical Information);;;14.635.446/0001-05;;;;;;;;;;350000.0;0.0;0.0
B2300531100000;POING;2023;SAV/MINC 08;FSA SAV/MINC / Arranjos Regionais;1000000.0;0.0;0.0;1276952.0;0.0;1276952.0;0.0;0.0;0;0.0;0.0;0.0;0.0;0.0;0.0;0;0;0;0;;;;;0.0;;0;;;;;;;;02.585.713/0001-90;;;;;;;;;;1000000.0;0.0;0.0
B2300322500000;TRONIK;2023;SAV/MINC 08;FSA SAV/MINC / Arranjos Regionais;1000000.0;0.0;0.0;1276952.0;0.0;1276952.0;0.0;0.0;60000;62898.0;0.0;0.0493;0.0;0.0;0.0;0;0;0;0;;;;;0.0;;0;;;;;;;;07.837.630/0001-64;;;;;;;;;;1000000.0;0.06;0.06
B2100427500000;NOITE DE FOGO;2021;SUPORTE AUTOMÁTICO - DESEMPENHO ARTÍSTICO;FSA Automático Festivais;846483.0;0.0;0.0;1129775.47;0.0;1129775.47;17048.94;18846.24;0;0.0;18846.24;0.0167;0.0167;13.6;68.0;0;0;0;0;;;;;4.38;adoro_critico|adoro_usuario;2;media;;;;;;;12.658.679/0001-90;;;;;;;;;;846483.0;0.0201;0.0201
B2200442800000;MEDUSA;2022;SUPORTE AUTOMÁTICO - DESEMPENHO ARTÍSTICO;FSA Automático Festivais;2830549.67;450000.0;120000.0;3777849.73;625136.67;4402986.4;45671.69;46300.52;60000;65803.86;46300.52;0.0297;0.0105;26.11;71.5;5980;0;0;0;;;;;3.02;adoro_critico;1;alta;15.0;0.0;0.0;LA Referencia (Red Federada de Repositorios Institucionales de Publicaciones Científicas) | Film Quarterly | La Cifra Impar Revista de estudios de audiovisuales;;;02.140.120/0001-10;;;;;;;;;;3400549.67;0.0373;0.0311
B2300440300000;A FESTA DE LÉO;2023;SUPORTE AUTOMÁTICO - DESEMPENHO ARTÍSTICO;FSA Automático Festivais;1508576.7;869931.32;0.0;1750298.96;911949.0;2662247.96;27374.76;27374.76;60000;62898.0;27374.76;0.0516;0.0103;0.0;0.0;0;0;0;0;;;;;3.363;adoro_critico;1;alta;;;;;;;02.298.682/0001-96;;;;;;;;;;2378508.02;0.0579;0.0367
B2300345600000;ANGELA;2023;SUPORTE AUTOMÁTICO - DESEMPENHO ARTÍSTICO;FSA Automático Festivais;924569.46;1950000.0;0.0;969226.16;2044185.0;3013411.16;441303.44;447379.52;0;0.0;447379.52;0.4616;0.1485;0.0;0.0;0;0;0;0;;;;;3.573;adoro_critico|adoro_usuario;2;alta;;;;;;;19.069.618/0001-36;;;;;;;;;;2874569.46;0.4773;0.1535
B2300484100000;EROS;2023;SUPORTE AUTOMÁTICO - DESEMPENHO ARTÍSTICO;FSA Automático Festivais;548881.11;0.0;0.0;636829.43;0.0;636829.43;0.0;0.0;60000;62898.0;0.0;0.0988;0.0;0.0;0.0;0;0;0;0;;;;;0.0;;0;;;;;;;;12.658.679/0001-90;;;;;;;;;;548881.11;0.1093;0.1093
B2300130000000;O ULTIMO EPISÓDIO;2023;SUPORTE AUTOMÁTICO - DESEMPENHO ARTÍSTICO;FSA Automático Festivais;1594165.83;0.0;0.0;2219388.1;0.0;2219388.1;68586.0;68586.0;280000;293524.0;68586.0;0.1632;0.0309;0.0;0.0;0;0;0;0;;;;;3.98;adoro_critico;1;alta;;;;;Rotterdam;Q61641254;17.456.554/0001-09;;;;;;;;;;1594165.83;0.2187;0.2187
B2300165900000;PORNOMELANCOLIA;2023;SUPORTE AUTOMÁTICO - DESEMPENHO ARTÍSTICO;FSA Automático Festivais;294751.51;0.0;0.0;341980.13;0.0;341980.13;0.0;0.0;0;0.0;0.0;0.0;0.0;10.0;0.0;0;13;6;0;;;;;0.0;;0;;;;;;;;12.658.679/0001-90;;;;;;;;;;294751.51;0.0;0.0
B1900363600000;MARÉS;2018;SUPORTE AUTOMÁTICO - DESEMPENHO COMERCIAL CINEMA;FSA Automático Bilheteria;54054.05;0.0;227953.0;56664.86;317354.8;374019.66;10442.4;13120.8;60000;83531.64;13120.8;1.7057;0.0351;0.0;0.0;0;0;0;0;;;;;4.223;adoro_critico|adoro_usuario;2;alta;;;;;;;08.847.593/0001-38;;;;;;;;;;282007.05;1.3032;0.2498
B2000484000000;A SOGRA PERFEITA;2020;SUPORTE AUTOMÁTICO - DESEMPENHO COMERCIAL CINEMA;FSA Automático Bilheteria;3000000.0;3000000.0;159000.0;4004010.0;4033891.37;8037901.37;1168852.64;1329335.84;140000;178773.28;1329335.84;0.3766;0.1654;0.0;0.0;0;0;0;0;;;;;4.083;adoro_critico|adoro_usuario;2;alta;0.0;;;;;;12.580.503/0001-62;;;;;;;;;;6159000.0;0.4363;0.2125
B2200393900000;ME CHAMA QUE EU VOU;2022;SUPORTE AUTOMÁTICO - DESEMPENHO COMERCIAL CINEMA;FSA Automático Bilheteria;50000.0;361924.38;0.0;58011.6;396933.69;454945.29;27924.64;28309.12;280000;307084.68;28309.12;5.7815;0.0622;0.0;0.0;0;0;0;0;;;;;3.52;adoro_critico|adoro_usuario;2;media;;;;;;;07.419.227/0001-15;;;;;;;;;;411924.38;6.1585;0.7475
B2300472200000;Ó PAÍ, Ó 2;2023;SUPORTE AUTOMÁTICO - DESEMPENHO COMERCIAL CINEMA;FSA Automático Bilheteria;1000000.0;3000000.0;240000.0;1048300.0;3396492.0;4444792.0;3776481.95;3826283.72;360000;377388.0;3826283.72;4.01;0.8608;0.0;0.0;0;0;0;0;;;;;3.878;adoro_critico|adoro_usuario;2;alta;;;;;;;27.872.415/0001-01;;;;;;;;;;4240000.0;4.1365;0.9756
B2200499400000;AS MINA PIRA;2022;SUPORTE AUTOMÁTICO - DESEMPENHO COMERCIAL TV E VOD;_tv_excluir;477450.25;0.0;0.0;553953.06;0.0;553953.06;0.0;0.0;60000;65803.86;0.0;0.1188;0.0;0.0;0.0;0;0;0;0;;;;;0.0;;0;;;;;;;;17.902.521/0001-37;;;;;;;;;;477450.25;0.1257;0.1257
B2300418000000;MUSSUM, O FILMIS;2023;SUPORTE AUTOMÁTICO - DESEMPENHO COMERCIAL TV E VOD;_tv_excluir;447659.48;2900000.0;2474000.0;519388.85;5633564.2;6152953.05;4298038.11;4357059.84;140000;146762.0;4357059.84;8.6714;0.7081;0.0;0.0;0;0;0;0;;;;;4.095;adoro_critico|adoro_usuario;2;alta;;;;;;;03.987.306/0001-71;;;;;;;;;;5821659.48;9.9139;0.7623
B2300145800000;O CASO ESCOLA BASE;2023;SUPORTE AUTOMÁTICO - DESEMPENHO COMERCIAL TV E VOD;_tv_excluir;1500000.0;0.0;0.0;1740348.0;0.0;1740348.0;0.0;0.0;60000;62898.0;0.0;0.0361;0.0;0.0;0.0;0;0;0;0;;;;;0.0;;0;;;;;;;;05.372.676/0001-20;;;;;;;;;;1500000.0;0.04;0.04
B2300109700000;SEMANA SEM FIM;2023;SUPORTE AUTOMÁTICO - DESEMPENHO COMERCIAL TV E VOD;_tv_excluir;200000.0;0.0;0.0;219346.2;0.0;219346.2;0.0;0.0;60000;62898.0;0.0;0.2868;0.0;0.0;0.0;0;0;0;0;;;;;3.8;adoro_usuario;1;baixa;0.0;;;;;;71.743.496/0001-31;;;;;;;;;;200000.0;0.3;0.3
