cpb;titulo;ano;categoria;segmento_destinacao_inicial;investimento_total_deflac
B1402149500000;100 ANOS DE SELEÇÃO BRASILEIRA;2014;Renúncia — Art.3/3-A/39;INDEFINIDO;3669198.43
B1402085500000;A BOLA;2014;Renúncia — Art.3/3-A/39;INDEFINIDO;2446079.45
B1402778200000;A COPA PASSOU POR AQUI;2014;Renúncia — Art.3/3-A/39;COMUNICAÇÃO ELETRÔNICA DE MASSA POR ASSINATURA (TV PAGA);4372969.98
B1500489000000;A GRANDE LUTA;2014;Renúncia — Art.3/3-A/39;COMUNICAÇÃO ELETRÔNICA DE MASSA POR ASSINATURA (TV PAGA);2691493.5
B1402126900000;A LINHA FRIA DO HORIZONTE;2014;Renúncia — Outros Mecanismos;INDEFINIDO;1053801.42
B1402282800000;A SEGUNDA VEZ;2014;Renúncia — Art.3/3-A/39;INDEFINIDO;4198051.2
B1402237200000;A VAGA;2014;Renúncia — Art.3/3-A/39;INDEFINIDO;4697416.11
B1402281100000;ADVOGADOS CONTRA A DITADURA;2014;Renúncia — Outros Mecanismos;INDEFINIDO;1224431.6
B1402148800000;ALMANAQUE DOS ESPORTES;2014;Renúncia — Art.3/3-A/39;INDEFINIDO;1411594.72
B1500118400000;ANDRÉ MIDANI - DO VINIL AO DOWNLOAD;2014;Renúncia — Art.3/3-A/39;COMUNICAÇÃO ELETRÔNICA DE MASSA POR ASSINATURA (TV PAGA);2011566.2
B1402778600000;ARQUITETURA DA COR;2014;Renúncia — Outros Mecanismos;COMUNICAÇÃO ELETRÔNICA DE MASSA POR ASSINATURA (TV PAGA);1136972.2
B1402329400000;ARTE.TV;2014;Renúncia — Art.3/3-A/39;COMUNICAÇÃO ELETRÔNICA DE MASSA POR ASSINATURA (TV PAGA);0.0
B1700423300000;AS AVENTURAS DO MIAU;2014;Renúncia — Art.3/3-A/39;OUTROS MERCADOS - VÍDEO POR DEMANDA;0.0
B1402181500000;BR 14 - A ROTA DOS IMIGRANTES;2014;Renúncia — Art.3/3-A/39;INDEFINIDO;0.0
B1402830300000;CAMISA OFICIAL;2014;Renúncia — Art.3/3-A/39;COMUNICAÇÃO ELETRÔNICA DE MASSA POR ASSINATURA (TV PAGA);0.0
B1402244100000;CARLOS;2014;Renúncia — Art.3/3-A/39;INDEFINIDO;1613771.11
B1500245000000;CAROL LEVY CONTAROLANDO;2014;Renúncia — Art.3/3-A/39;RADIODIFUSÃO DE SONS E IMAGENS (TV ABERTA);1136972.2
B1402798600000;CARRAPATOS E CATAPULTAS - 2A TEMPORADA;2014;Renúncia — Art.3/3-A/39;RADIODIFUSÃO DE SONS E IMAGENS (TV ABERTA);0.0
B1402246700000;CONSELHO TUTELAR;2014;Renúncia — Art.3/3-A/39;INDEFINIDO;3935085.99
B1402284400000;DESCALÇO SOBRE A TERRA VERMELHA;2014;Renúncia — Outros Mecanismos;INDEFINIDO;1259415.36
B1402189000000;DESTINO BRASIL DANÇA;2014;Renúncia — Outros Mecanismos;INDEFINIDO;1303145.06
B1500112600000;DESTINO MÁGICO;2014;Renúncia — Art.3/3-A/39;RADIODIFUSÃO DE SONS E IMAGENS (TV ABERTA);0.0
B1402687700000;ENTRE FRONTEIRAS ÁFRICA 2;2014;Renúncia — Art.3/3-A/39;RADIODIFUSÃO DE SONS E IMAGENS (TV ABERTA);3473012.77
B1402246100000;EXPERIMENTOS EXTRAORDINÁRIOS;2014;Renúncia — Art.3/3-A/39;INDEFINIDO;4664895.92
B1500778100000;FERNANDO DE NORONHA - OBSERVATÓRIO DA NATUREZA;2014;Renúncia — Outros Mecanismos;RADIODIFUSÃO DE SONS E IMAGENS (TV ABERTA);647199.56
B1500714700000;FESTA DA UVA 80 ANOS - A CELEBRAÇÃO DE UMA IDENTIDADE;2014;Renúncia — Outros Mecanismos;INDEFINIDO;1941591.32
B1500388300000;FRANCISCO DE ASSIS- UMA LIÇÃO DE VIDA;2014;Renúncia — Outros Mecanismos;VIDEO DOMÉSTICO;91320.91
B1402230800000;FREEWAY;2014;Renúncia — Outros Mecanismos;INDEFINIDO;399689.46
B1402300300000;GABY ESTRELLA - 2A TEMPORADA;2014;Renúncia — Art.3/3-A/39;INDEFINIDO;0.0
B1402681000000;HISTORIAS DE VERÃO;2014;Renúncia — Art.3/3-A/39;RADIODIFUSÃO DE SONS E IMAGENS (TV ABERTA);2578617.53
B1402204500000;HOJE É DIA DE MÚSICA;2014;Renúncia — Art.3/3-A/39;INDEFINIDO;3491065.58
B1500168300000;HORA DE COMER;2014;Renúncia — Outros Mecanismos;COMUNICAÇÃO ELETRÔNICA DE MASSA POR ASSINATURA (TV PAGA);874594.0
B1402825000000;HQ - EDIÇÃO ESPECIAL;2014;Renúncia — Art.3/3-A/39;COMUNICAÇÃO ELETRÔNICA DE MASSA POR ASSINATURA (TV PAGA);3245530.44
B1500247400000;IDADES DA MODA;2014;Renúncia — Art.3/3-A/39;COMUNICAÇÃO ELETRÔNICA DE MASSA POR ASSINATURA (TV PAGA);0.0
B1402299100000;IRMÃO DO JOREL- 1ª TEMPORADA;2014;Renúncia — Art.3/3-A/39;COMUNICAÇÃO ELETRÔNICA DE MASSA POR ASSINATURA (TV PAGA);9256988.85
B1402782000000;JOÃO DO VOO;2014;Renúncia — Art.3/3-A/39;COMUNICAÇÃO ELETRÔNICA DE MASSA POR ASSINATURA (TV PAGA);402313.24
B1402301900000;LILI A EX;2014;Renúncia — Art.3/3-A/39;INDEFINIDO;1084496.56
B1402246200000;LOWRIDER BRASIL;2014;Renúncia — Art.3/3-A/39;INDEFINIDO;2978327.8
B1500544400000;MANUAL PRÁTICO DA MELHOR IDADE;2014;Renúncia — Art.3/3-A/39;RADIODIFUSÃO DE SONS E IMAGENS (TV ABERTA);1259415.36
B1402208400000;MARACANÃ - TEMPLO DAS EMOÇÕES;2014;Renúncia — Art.3/3-A/39;INDEFINIDO;0.0
B1402236600000;MEU AMIGÃOZÃO - SEGUNDA TEMPORADA;2014;Renúncia — Art.3/3-A/39;INDEFINIDO;3061079.0
B1402280700000;MEUS DIAS DE ROCK;2014;Renúncia — Outros Mecanismos;INDEFINIDO;3145040.02
B1402769800000;MISSÃO EXTREMA COM KARINA OLIANI;2014;Renúncia — Art.3/3-A/39;COMUNICAÇÃO ELETRÔNICA DE MASSA POR ASSINATURA (TV PAGA);3775292.84
B1500070300000;MMA EM FAMÍLIA;2014;Renúncia — Art.3/3-A/39;COMUNICAÇÃO ELETRÔNICA DE MASSA POR ASSINATURA (TV PAGA);514261.27
B1402453900000;MOTEL;2014;Renúncia — Art.3/3-A/39;COMUNICAÇÃO ELETRÔNICA DE MASSA POR ASSINATURA (TV PAGA);6724012.29
B1402633500000;MÁRIO LAGO HOMEM DO SÉCULO XX;2014;Renúncia — Art.3/3-A/39;COMUNICAÇÃO ELETRÔNICA DE MASSA POR ASSINATURA (TV PAGA);236140.36
B1500101700000;MÚSICA.DOC - 2ª TEMPORADA;2014;Renúncia — Art.3/3-A/39;COMUNICAÇÃO ELETRÔNICA DE MASSA POR ASSINATURA (TV PAGA);1880379.55
B1402438200000;NASCIDOS PARA LUTAR - GLOVER TEIXEIRA;2014;Renúncia — Art.3/3-A/39;COMUNICAÇÃO ELETRÔNICA DE MASSA POR ASSINATURA (TV PAGA);892792.76
B1402512500000;NASCIDOS PARA LUTAR - LYOTO MACHIDA;2014;Renúncia — Art.3/3-A/39;COMUNICAÇÃO ELETRÔNICA DE MASSA POR ASSINATURA (TV PAGA);854821.77
B1402186500000;NÃO TÁ FÁCIL PARA NINGUÉM;2014;Renúncia — Art.3/3-A/39;INDEFINIDO;1136972.2
B1500270700000;O BRASIL VISTO DO CÉU;2014;Renúncia — Art.3/3-A/39;RADIODIFUSÃO DE SONS E IMAGENS (TV ABERTA);0.0
B1402189800000;O CINEMA ANIMADO;2014;Renúncia — Outros Mecanismos;INDEFINIDO;874473.48
B1500143900000;O DIÁRIO DE MIKA;2014;Renúncia — Outros Mecanismos;COMUNICAÇÃO ELETRÔNICA DE MASSA POR ASSINATURA (TV PAGA);2134009.36
B1500036000000;O HOMEM DA SUA VIDA;2014;Renúncia — Art.3/3-A/39;COMUNICAÇÃO ELETRÔNICA DE MASSA POR ASSINATURA (TV PAGA);12057017.65
B1402250100000;O REI DE UMA NOTA SÓ E A BORBOLETA AZUL;2014;Renúncia — Outros Mecanismos;INDEFINIDO;197658.24
B1500272800000;O RIO POR ELES - O RIO DE JANEIRO QUE OS BRASILEIROS NUNCA VIRAM NA TELA;2014;Renúncia — Art.3/3-A/39;RADIODIFUSÃO DE SONS E IMAGENS (TV ABERTA);3256246.86
B1402845900000;O SAMURAI BRASILEIRO - A HISTÓRIA DE CHIAKI ISHII;2014;Renúncia — Art.3/3-A/39;COMUNICAÇÃO ELETRÔNICA DE MASSA POR ASSINATURA (TV PAGA);402313.24
B1500492300000;O SHOW DA LUNA! SEGUNDA TEMPORADA;2014;Renúncia — Art.3/3-A/39;COMUNICAÇÃO ELETRÔNICA DE MASSA POR ASSINATURA (TV PAGA);3338591.17
B1500296400000;O SHOW DA RECICLAGEM;2014;Renúncia — Art.3/3-A/39;NENHUMA DAS OPÇÕES;0.0
B1402503800000;O VERÃO DA LATA;2014;Renúncia — Art.3/3-A/39;COMUNICAÇÃO ELETRÔNICA DE MASSA POR ASSINATURA (TV PAGA);409309.99
B1500018100000;ONÇA PINTADA, MAIS PERTO DO QUE SE PODE IMAGINAR;2014;Renúncia — Outros Mecanismos;COMUNICAÇÃO ELETRÔNICA DE MASSA POR ASSINATURA (TV PAGA);2099018.57
B1500867200000;OS RESISTENTES;2014;Renúncia — Art.3/3-A/39;COMUNICAÇÃO ELETRÔNICA DE MASSA POR ASSINATURA (TV PAGA);0.0
B1600201700000;PAPÉIS DE ADÉLIA;2014;Renúncia — Art.3/3-A/39;OUTROS MERCADOS;0.0
B1600137900000;PLANO DE NEGÓCIOS;2014;Renúncia — Outros Mecanismos;COMUNICAÇÃO ELETRÔNICA DE MASSA POR ASSINATURA (TV PAGA);699675.2
B1402090700000;PROMESSAS DO FUTEBOL;2014;Renúncia — Art.3/3-A/39;INDEFINIDO;1731668.54
B1500296100000;QUE TALENTO! SEGUNDA TEMPORADA;2014;Renúncia — Art.3/3-A/39;COMUNICAÇÃO ELETRÔNICA DE MASSA POR ASSINATURA (TV PAGA);5247564.0
B1402158000000;RESISTIR É PRECISO;2014;Renúncia — Outros Mecanismos;INDEFINIDO;1994074.32
B1402237600000;RONDON - O GRANDE CHEFE;2014;Renúncia — Outros Mecanismos;INDEFINIDO;3970656.76
B1500478900000;SE EU FOSSE VOCÊ: A SÉRIE - 2ª TEMPORADA;2014;Renúncia — Art.3/3-A/39;COMUNICAÇÃO ELETRÔNICA DE MASSA POR ASSINATURA (TV PAGA);7518311.44
B1402182800000;SEPULTURA;2014;Renúncia — Art.3/3-A/39;INDEFINIDO;0.0
B1500037300000;SHOW DO KIBE;2014;Renúncia — Art.3/3-A/39;COMUNICAÇÃO ELETRÔNICA DE MASSA POR ASSINATURA (TV PAGA);2099025.69
B1402278100000;SOS PÉ NA BUNDA;2014;Renúncia — Outros Mecanismos;INDEFINIDO;1224431.6
B1402822600000;TRABALHO DURO;2014;Renúncia — Art.3/3-A/39;COMUNICAÇÃO ELETRÔNICA DE MASSA POR ASSINATURA (TV PAGA);3623861.82
B1402189700000;TRIUNFO;2014;Renúncia — Art.3/3-A/39;INDEFINIDO;550650.73
B1500017300000;UM CONTRA TODOS;2014;Renúncia — Art.3/3-A/39;COMUNICAÇÃO ELETRÔNICA DE MASSA POR ASSINATURA (TV PAGA);874594.0
B1402193800000;UMA GÔNDOLA PARA NOVA VENEZA;2014;Renúncia — Outros Mecanismos;INDEFINIDO;151270.13
B1402161300000;VERMELHO BRASIL - SÉRIE;2014;Renúncia — Art.3/3-A/39;COMUNICAÇÃO ELETRÔNICA DE MASSA POR ASSINATURA (TV PAGA);7413866.06
B1402176800000;VÁRZEA F.C.;2014;Renúncia — Art.3/3-A/39;INDEFINIDO;2454140.5
B1500198100000;ÁGUAS DO BRASIL;2014;Renúncia — Outros Mecanismos;RADIODIFUSÃO DE SONS E IMAGENS (TV ABERTA);348582.59
B1600109500000;A CIDADE NÃO PARA;2015;Renúncia — Art.3/3-A/39;COMUNICAÇÃO ELETRÔNICA DE MASSA POR ASSINATURA (TV PAGA);485227.01
B1500681300000;A ESTILISTA;2015;Renúncia — Outros Mecanismos;COMUNICAÇÃO ELETRÔNICA DE MASSA POR ASSINATURA (TV PAGA);584801.28
B1600180400000;A SAGA DA ALMA DE UM POETA;2015;Renúncia — Art.3/3-A/39;COMUNICAÇÃO ELETRÔNICA DE MASSA POR ASSINATURA (TV PAGA);14793.39
B1500630200000;A VAGA - 2ª TEMPORADA;2015;Renúncia — Art.3/3-A/39;COMUNICAÇÃO ELETRÔNICA DE MASSA POR ASSINATURA (TV PAGA);4519455.5
B1600472600000;AGUÁPOLIS;2015;Renúncia — Outros Mecanismos;OUTROS MERCADOS;174729.71
B1600310800000;ANJOS DA ESTRADA;2015;Renúncia — Art.3/3-A/39;COMUNICAÇÃO ELETRÔNICA DE MASSA POR ASSINATURA (TV PAGA);3426843.42
B1600464000000;AO SOM DO CHAMAMÉ;2015;Renúncia — Outros Mecanismos;COMUNICAÇÃO ELETRÔNICA DE MASSA POR ASSINATURA (TV PAGA);284497.92
B1500659200000;ARACATI LONGA-METRAGEM;2015;Renúncia — Art.3/3-A/39;NENHUMA DAS OPÇÕES;487992.96
B1500809300000;ATOL DAS ROCAS - RESERVA MARINHA;2015;Renúncia — Outros Mecanismos;RADIODIFUSÃO DE SONS E IMAGENS (TV ABERTA);237081.6
B1500595400000;ATÉ QUE A MORTE NOS SEPARE - 2A TEMPORADA;2015;Renúncia — Art.3/3-A/39;COMUNICAÇÃO ELETRÔNICA DE MASSA POR ASSINATURA (TV PAGA);1469905.92
B1500704800000;BRASIL 2050 - 2ª TEMPORADA;2015;Renúncia — Outros Mecanismos;COMUNICAÇÃO ELETRÔNICA DE MASSA POR ASSINATURA (TV PAGA);1659571.2
B1500584100000;BRASIL X BRASIL;2015;Renúncia — Art.3/3-A/39;COMUNICAÇÃO ELETRÔNICA DE MASSA POR ASSINATURA (TV PAGA);0.0
B1600115500000;CHICO SCIENCE, UM CARANGUEJO ELÉTRICO;2015;Renúncia — Art.3/3-A/39;RADIODIFUSÃO DE SONS E IMAGENS (TV ABERTA);790272.0
B1500863000000;CLUBVERSÃO 2;2015;Renúncia — Art.3/3-A/39;COMUNICAÇÃO ELETRÔNICA DE MASSA POR ASSINATURA (TV PAGA);2668985.15
B1500583400000;COMER BEM, QUE MAL TEM?;2015;Renúncia — Art.3/3-A/39;COMUNICAÇÃO ELETRÔNICA DE MASSA POR ASSINATURA (TV PAGA);1933368.79
B1500922400000;CONSELHO TUTELAR - 2A TEMPORADA;2015;Renúncia — Art.3/3-A/39;RADIODIFUSÃO DE SONS E IMAGENS (TV ABERTA);3555693.59
B1500406100000;CÃES HERÓIS;2015;Renúncia — Art.3/3-A/39;COMUNICAÇÃO ELETRÔNICA DE MASSA POR ASSINATURA (TV PAGA);2877115.09
B1500657300000;DESTINO SALVADOR;2015;Renúncia — Art.3/3-A/39;COMUNICAÇÃO ELETRÔNICA DE MASSA POR ASSINATURA (TV PAGA);8698765.81
B1500877500000;DEU MATCH!;2015;Renúncia — Art.3/3-A/39;COMUNICAÇÃO ELETRÔNICA DE MASSA POR ASSINATURA (TV PAGA);1309185.11
B1500637800000;DISTRITO CULTURAL;2015;Renúncia — Art.3/3-A/39;RADIODIFUSÃO DE SONS E IMAGENS (TV ABERTA);792800.87
B1500777200000;DO MEU JEITO;2015;Renúncia — Outros Mecanismos;COMUNICAÇÃO ELETRÔNICA DE MASSA POR ASSINATURA (TV PAGA);323974.77
B1600445900000;DRAMA DA PAIXÃO - UM DOCUMENTÁRIO;2015;Renúncia — Outros Mecanismos;OUTROS MERCADOS - VÍDEO POR DEMANDA;87372.47
B1500903800000;ECONOMIA BRASILEIRA - A HISTÓRIA CONTADA POR QUEM A FEZ.;2015;Renúncia — Outros Mecanismos;RADIODIFUSÃO DE SONS E IMAGENS (TV ABERTA);2117928.96
B1500785100000;ESTÚDIO 360;2015;Renúncia — Art.3/3-A/39;COMUNICAÇÃO ELETRÔNICA DE MASSA POR ASSINATURA (TV PAGA);2370816.0
B1500572600000;GABY ESTRELLA - 3A TEMPORADA;2015;Renúncia — Art.3/3-A/39;COMUNICAÇÃO ELETRÔNICA DE MASSA POR ASSINATURA (TV PAGA);0.0
B1600249600000;GARAGEM HOT ROD;2015;Renúncia — Art.3/3-A/39;COMUNICAÇÃO ELETRÔNICA DE MASSA POR ASSINATURA (TV PAGA);4333086.19
B1600327100000;GIGANTES DO BRASIL;2015;Renúncia — Art.3/3-A/39;COMUNICAÇÃO ELETRÔNICA DE MASSA POR ASSINATURA (TV PAGA);4655890.65
B1600069800000;GLITTER MODEL;2015;Renúncia — Art.3/3-A/39;COMUNICAÇÃO ELETRÔNICA DE MASSA POR ASSINATURA (TV PAGA);4003766.08
B1500253700000;GRU-PDX;2015;Renúncia — Art.3/3-A/39;COMUNICAÇÃO ELETRÔNICA DE MASSA POR ASSINATURA (TV PAGA);0.0
B1700149000000;INCERTEZAS CRÍTICAS - 2ª TEMPORADA;2015;Renúncia — Art.3/3-A/39;COMUNICAÇÃO ELETRÔNICA DE MASSA POR ASSINATURA (TV PAGA);0.0
B1600348400000;INSPIRA.MOV BRASIL;2015;Renúncia — Outros Mecanismos;RADIODIFUSÃO DE SONS E IMAGENS (TV ABERTA);1106380.8
B1600057400000;LABORATÓRIO DA LUTA;2015;Renúncia — Art.3/3-A/39;COMUNICAÇÃO ELETRÔNICA DE MASSA POR ASSINATURA (TV PAGA);3662145.42
B1500742600000;NASCIDOS PARA O COMBATE;2015;Renúncia — Art.3/3-A/39;COMUNICAÇÃO ELETRÔNICA DE MASSA POR ASSINATURA (TV PAGA);2370816.0
B1600047300000;NÃO ESTÁVAMOS ALI PARA FAZER AMIGOS;2015;Renúncia — Outros Mecanismos;OUTROS MERCADOS;442552.32
B1600315200000;OLIMPÍADAS DOSE DUPLA;2015;Renúncia — Art.3/3-A/39;COMUNICAÇÃO ELETRÔNICA DE MASSA POR ASSINATURA (TV PAGA);538787.63
B1500584900000;OS UNDER UNDERGROUNDS - EPISÓDIO PILOTO;2015;Renúncia — Art.3/3-A/39;RADIODIFUSÃO DE SONS E IMAGENS (TV ABERTA);0.0
B1500837300000;PAIXÃO, SUOR E GRAXA - OS PIONEIROS DO AUTOMOBILISMO BRASILEIRO;2015;Renúncia — Art.3/3-A/39;COMUNICAÇÃO ELETRÔNICA DE MASSA POR ASSINATURA (TV PAGA);173859.84
B1500707100000;PIRACAIA;2015;Renúncia — Art.3/3-A/39;COMUNICAÇÃO ELETRÔNICA DE MASSA POR ASSINATURA (TV PAGA);0.0
B1600745100000;PRIMEIRO BAILARINO;2015;Renúncia — Art.3/3-A/39;COMUNICAÇÃO ELETRÔNICA DE MASSA POR ASSINATURA (TV PAGA);1261274.11
B1500903400000;PUNHAL;2015;Renúncia — Outros Mecanismos;COMUNICAÇÃO ELETRÔNICA DE MASSA POR ASSINATURA (TV PAGA);484436.74
B1500275600000;QUINZE - A FESTA DOS SONHOS;2015;Renúncia — Art.3/3-A/39;COMUNICAÇÃO ELETRÔNICA DE MASSA POR ASSINATURA (TV PAGA);710528.81
B1800002400000;RAONI;2015;Renúncia — Art.3/3-A/39;COMUNICAÇÃO ELETRÔNICA DE MASSA POR ASSINATURA (TV PAGA);331123.97
B1500339000000;REPÚBLICA DO STAND UP 2015;2015;Renúncia — Art.3/3-A/39;COMUNICAÇÃO ELETRÔNICA DE MASSA POR ASSINATURA (TV PAGA);1000760.95
B1600131300000;SANGUE NOS OLHOS;2015;Renúncia — Art.3/3-A/39;COMUNICAÇÃO ELETRÔNICA DE MASSA POR ASSINATURA (TV PAGA);1696510.55
B1500743200000;SAÚDE À VONTADE;2015;Renúncia — Outros Mecanismos;COMUNICAÇÃO ELETRÔNICA DE MASSA POR ASSINATURA (TV PAGA);2760072.38
B1500765400000;SAÚDE À VONTADE - VERSÃO REDUZIDA;2015;Renúncia — Art.3/3-A/39;COMUNICAÇÃO ELETRÔNICA DE MASSA POR ASSINATURA (TV PAGA);0.0
B1500264500000;SITIO DO PICAPAU AMARELO - TERCEIRA TEMPORADA;2015;Renúncia — Art.3/3-A/39;RADIODIFUSÃO DE SONS E IMAGENS (TV ABERTA);7902720.0
B1600326400000;SOUND-À-PORTER;2015;Renúncia — Art.3/3-A/39;COMUNICAÇÃO ELETRÔNICA DE MASSA POR ASSINATURA (TV PAGA);858686.67
B1600006200000;TALENTOS A MAIS;2015;Renúncia — Art.3/3-A/39;COMUNICAÇÃO ELETRÔNICA DE MASSA POR ASSINATURA (TV PAGA);735129.55
B1500726100000;TOP 5 RICHARD RASMUSSEN - 2ª TEMPORADA;2015;Renúncia — Art.3/3-A/39;COMUNICAÇÃO ELETRÔNICA DE MASSA POR ASSINATURA (TV PAGA);1480161.47
B1600203900000;UM CONTRA TODOS;2015;Renúncia — Art.3/3-A/39;COMUNICAÇÃO ELETRÔNICA DE MASSA POR ASSINATURA (TV PAGA);790272.0
B1500653700000;VIVER PARA LUTAR - JIU JITSU E VIVER PARA LUTAR - BOXE;2015;Renúncia — Art.3/3-A/39;COMUNICAÇÃO ELETRÔNICA DE MASSA POR ASSINATURA (TV PAGA);916254.0
B1500797500000;ZÉ DO CAIXÃO;2015;Renúncia — Art.3/3-A/39;COMUNICAÇÃO ELETRÔNICA DE MASSA POR ASSINATURA (TV PAGA);3435048.43
B1500489100000;ÁGUIAS DA CIDADE - TERCEIRA TEMPORADA;2015;Renúncia — Art.3/3-A/39;COMUNICAÇÃO ELETRÔNICA DE MASSA POR ASSINATURA (TV PAGA);4147847.51
B1600534500000;#MECHAMADEBRUNA;2016;Renúncia — Art.3/3-A/39;COMUNICAÇÃO ELETRÔNICA DE MASSA POR ASSINATURA (TV PAGA);7561448.01
B1600364000000;A LUTA DE UM HOMEM SÓ;2016;Renúncia — Art.3/3-A/39;COMUNICAÇÃO ELETRÔNICA DE MASSA POR ASSINATURA (TV PAGA);337770.09
B1600765300000;A OLIMPÍADA PASSOU POR AQUI;2016;Renúncia — Art.3/3-A/39;COMUNICAÇÃO ELETRÔNICA DE MASSA POR ASSINATURA (TV PAGA);1710062.65
B1600466400000;A VAGA: EPISÓDIO ESPECIAL;2016;Renúncia — Art.3/3-A/39;COMUNICAÇÃO ELETRÔNICA DE MASSA POR ASSINATURA (TV PAGA);423799.44
B1600744600000;ACONTECE LÁ EM CASA. VIVENDO MELHOR EM FAMÍLIA;2016;Renúncia — Outros Mecanismos;RADIODIFUSÃO DE SONS E IMAGENS (TV ABERTA);1412586.1
B1600098700000;ALMANAQUE DOS ESPORTES - 2A TEMPORADA;2016;Renúncia — Art.3/3-A/39;COMUNICAÇÃO ELETRÔNICA DE MASSA POR ASSINATURA (TV PAGA);1200017.88
B1600759000000;AMOR AO QUADRADO;2016;Renúncia — Art.3/3-A/39;RADIODIFUSÃO DE SONS E IMAGENS (TV ABERTA);459189.0
B1700013200000;AS AVENTURAS DE MARIGOTA;2016;Renúncia — Outros Mecanismos;COMUNICAÇÃO ELETRÔNICA DE MASSA POR ASSINATURA (TV PAGA);1010895.36
B1600585300000;AS INCRÍVEIS ARTIMANHAS DA NUVEM CIGANA;2016;Renúncia — Art.3/3-A/39;COMUNICAÇÃO ELETRÔNICA DE MASSA POR ASSINATURA (TV PAGA);0.0
B1600459300000;BAIA DOS PESADELOS;2016;Renúncia — Art.3/3-A/39;COMUNICAÇÃO ELETRÔNICA DE MASSA POR ASSINATURA (TV PAGA);446103.3
B1600780800000;BODE DE NATAL;2016;Renúncia — Art.3/3-A/39;RADIODIFUSÃO DE SONS E IMAGENS (TV ABERTA);371752.75
B1700473700000;BORIS E RUFUS;2016;Renúncia — Outros Mecanismos;COMUNICAÇÃO ELETRÔNICA DE MASSA POR ASSINATURA (TV PAGA);1561361.55
B1600368200000;BUCK, O MONSTRO DA LAGOA;2016;Renúncia — Art.3/3-A/39;COMUNICAÇÃO ELETRÔNICA DE MASSA POR ASSINATURA (TV PAGA);342012.53
B1600203800000;CARAVANA NO AR;2016;Renúncia — Art.3/3-A/39;COMUNICAÇÃO ELETRÔNICA DE MASSA POR ASSINATURA (TV PAGA);1801976.67
B1800203300000;CARLOS SEGUNDA TEMPORADA;2016;Renúncia — Art.3/3-A/39;COMUNICAÇÃO ELETRÔNICA DE MASSA POR ASSINATURA (TV PAGA);0.0
B1700204300000;CARNAVAL EM LÁ MENOR;2016;Renúncia — Outros Mecanismos;COMUNICAÇÃO ELETRÔNICA DE MASSA POR ASSINATURA (TV PAGA);163571.21
B1600613000000;CAROL LEVY CONTAROLANDO - SEGUNDA TEMPORADA;2016;Renúncia — Art.3/3-A/39;RADIODIFUSÃO DE SONS E IMAGENS (TV ABERTA);966557.15
B1700025900000;CHOQUE TÉRMICO;2016;Renúncia — Art.3/3-A/39;RADIODIFUSÃO DE SONS E IMAGENS (TV ABERTA);1779743.09
B1600649600000;CINE ROOFTOP;2016;Renúncia — Art.3/3-A/39;COMUNICAÇÃO ELETRÔNICA DE MASSA POR ASSINATURA (TV PAGA);1065339.25
B1600595900000;CLASSICOMANIACO;2016;Renúncia — Art.3/3-A/39;COMUNICAÇÃO ELETRÔNICA DE MASSA POR ASSINATURA (TV PAGA);1489335.5
B1600710400000;CÍRCULOS;2016;Renúncia — Art.3/3-A/39;COMUNICAÇÃO ELETRÔNICA DE MASSA POR ASSINATURA (TV PAGA);0.0
B1600530400000;DESAFIO CELEBRIDADES;2016;Renúncia — Art.3/3-A/39;COMUNICAÇÃO ELETRÔNICA DE MASSA POR ASSINATURA (TV PAGA);8008972.96
B1700457200000;DESAPARECIDOS - 2ª TEMPORADA;2016;Renúncia — Art.3/3-A/39;COMUNICAÇÃO ELETRÔNICA DE MASSA POR ASSINATURA (TV PAGA);994989.08
B1900454100000;DISTRITO CULTURAL - QUINTA TEMPORADA;2016;Renúncia — Art.3/3-A/39;RADIODIFUSÃO DE SONS E IMAGENS (TV ABERTA);1185683.12
B1600651700000;DISTRITO CULTURAL - SEGUNDA TEMPORADA;2016;Renúncia — Art.3/3-A/39;RADIODIFUSÃO DE SONS E IMAGENS (TV ABERTA);817856.05
B1600534700000;DO OUTRO LADO - A CONQUISTA DE MATHEUS RHEINE;2016;Renúncia — Art.3/3-A/39;COMUNICAÇÃO ELETRÔNICA DE MASSA POR ASSINATURA (TV PAGA);365879.06
B1600308400000;DORINA - OLHAR PARA O MUNDO;2016;Renúncia — Art.3/3-A/39;COMUNICAÇÃO ELETRÔNICA DE MASSA POR ASSINATURA (TV PAGA);840161.22
B1800134700000;DÚDÚ E O LÁPIS COR DA PELE;2016;Renúncia — Outros Mecanismos;OUTROS MERCADOS;118960.88
B1600616400000;EMERGÊNCIA PET;2016;Renúncia — Art.3/3-A/39;COMUNICAÇÃO ELETRÔNICA DE MASSA POR ASSINATURA (TV PAGA);3122747.38
B1600501200000;EU ME MOVO;2016;Renúncia — Art.3/3-A/39;COMUNICAÇÃO ELETRÔNICA DE MASSA POR ASSINATURA (TV PAGA);1040907.7
B1700164400000;FAMILIA SCHURMANN - EXPEDIÇÃO ORIENTE;2016;Renúncia — Art.3/3-A/39;COMUNICAÇÃO ELETRÔNICA DE MASSA POR ASSINATURA (TV PAGA);7213074.18
B1600690500000;FORA DO ARMÁRIO;2016;Renúncia — Art.3/3-A/39;COMUNICAÇÃO ELETRÔNICA DE MASSA POR ASSINATURA (TV PAGA);1757335.47
B1700156400000;GRIOT: DO LADO DE LÁ E CÁ DO ATLÂNTICO;2016;Renúncia — Art.3/3-A/39;VIDEO DOMÉSTICO;0.0
B1600439500000;HOLOCAUSTO BRASILEIRO;2016;Renúncia — Art.3/3-A/39;COMUNICAÇÃO ELETRÔNICA DE MASSA POR ASSINATURA (TV PAGA);1040897.66
B1700036300000;INVENÇÕES DA ALMA;2016;Renúncia — Art.3/3-A/39;COMUNICAÇÃO ELETRÔNICA DE MASSA POR ASSINATURA (TV PAGA);0.0
B1600599000000;IRMÃO DO JOREL- 2ª TEMPORADA;2016;Renúncia — Art.3/3-A/39;VIDEO DOMÉSTICO;7869505.31
B1600217000000;JOGOS DO MUNDO;2016;Renúncia — Art.3/3-A/39;RADIODIFUSÃO DE SONS E IMAGENS (TV ABERTA);3330904.64
B1700261700000;JUACAS;2016;Renúncia — Art.3/3-A/39;COMUNICAÇÃO ELETRÔNICA DE MASSA POR ASSINATURA (TV PAGA);3167957.1
B1600114000000;LILI, A EX - 2ª TEMPORADA;2016;Renúncia — Art.3/3-A/39;COMUNICAÇÃO ELETRÔNICA DE MASSA POR ASSINATURA (TV PAGA);7155496.93
B1600719300000;LUCIA MCCARTNEY;2016;Renúncia — Art.3/3-A/39;COMUNICAÇÃO ELETRÔNICA DE MASSA POR ASSINATURA (TV PAGA);2856548.13
B1600791500000;LUTANDO PARA VENCER;2016;Renúncia — Art.3/3-A/39;COMUNICAÇÃO ELETRÔNICA DE MASSA POR ASSINATURA (TV PAGA);148701.1
B1700087800000;MANUAL PARA SE DEFENDER DE ALIENS, NINJAS E ZUMBIS;2016;Renúncia — Art.3/3-A/39;COMUNICAÇÃO ELETRÔNICA DE MASSA POR ASSINATURA (TV PAGA);2676619.8
B1600445600000;MENINAS DE OURO;2016;Renúncia — Art.3/3-A/39;COMUNICAÇÃO ELETRÔNICA DE MASSA POR ASSINATURA (TV PAGA);1441716.64
B1600728000000;MINHA ESTUPIDEZ;2016;Renúncia — Art.3/3-A/39;COMUNICAÇÃO ELETRÔNICA DE MASSA POR ASSINATURA (TV PAGA);3016723.01
B1800385900000;MISSÕES DE VIDA;2016;Renúncia — Art.3/3-A/39;COMUNICAÇÃO ELETRÔNICA DE MASSA POR ASSINATURA (TV PAGA);2962068.19
B1700053800000;MODA-O-RAMA;2016;Renúncia — Art.3/3-A/39;COMUNICAÇÃO ELETRÔNICA DE MASSA POR ASSINATURA (TV PAGA);729886.49
B1600476300000;MÁXIMO & CONFÚCIO;2016;Renúncia — Art.3/3-A/39;RADIODIFUSÃO DE SONS E IMAGENS (TV ABERTA);0.0
B1600066700000;MÃOS DE URSO;2016;Renúncia — Art.3/3-A/39;COMUNICAÇÃO ELETRÔNICA DE MASSA POR ASSINATURA (TV PAGA);817856.05
B1600785400000;NA FITA;2016;Renúncia — Art.3/3-A/39;COMUNICAÇÃO ELETRÔNICA DE MASSA POR ASSINATURA (TV PAGA);296658.69
B1700148100000;NA TRILHA DA ENERGIA 2;2016;Renúncia — Outros Mecanismos;RADIODIFUSÃO DE SONS E IMAGENS (TV ABERTA);2316537.11
B1600500100000;O BRASIL POR ELES - O OLHAR DO MUNDO PARA O ESPORTE BRASILEIRO;2016;Renúncia — Art.3/3-A/39;RADIODIFUSÃO DE SONS E IMAGENS (TV ABERTA);3612001.51
B1600138900000;O CANGACEIRO - A SÉRIE;2016;Renúncia — Art.3/3-A/39;COMUNICAÇÃO ELETRÔNICA DE MASSA POR ASSINATURA (TV PAGA);3844267.08
B1700566900000;O DIA EM QUE NOS TORNAMOS TERRORISTAS;2016;Renúncia — Art.3/3-A/39;RADIODIFUSÃO DE SONS E IMAGENS (TV ABERTA);4461033.0
B1700217800000;O NOME DELA É GAL;2016;Renúncia — Art.3/3-A/39;COMUNICAÇÃO ELETRÔNICA DE MASSA POR ASSINATURA (TV PAGA);1487011.0
B1600565200000;O SHOW DA LUNA! TERCEIRA TEMPORADA;2016;Renúncia — Art.3/3-A/39;RADIODIFUSÃO DE SONS E IMAGENS (TV ABERTA);2838186.52
B1600702400000;OPÇÃO LAJE;2016;Renúncia — Art.3/3-A/39;COMUNICAÇÃO ELETRÔNICA DE MASSA POR ASSINATURA (TV PAGA);0.0
B1600462200000;OUTROS TEMPOS - VELHOS;2016;Renúncia — Art.3/3-A/39;COMUNICAÇÃO ELETRÔNICA DE MASSA POR ASSINATURA (TV PAGA);3174087.69
B1800353500000;PACTO DE SANGUE;2016;Renúncia — Art.3/3-A/39;COMUNICAÇÃO ELETRÔNICA DE MASSA POR ASSINATURA (TV PAGA);15078673.72
B1600649400000;PARQUE PATATI PATATÁ - 2ª TEMPORADA;2016;Renúncia — Outros Mecanismos;COMUNICAÇÃO ELETRÔNICA DE MASSA POR ASSINATURA (TV PAGA);1122693.31
B1600437000000;PIEDADE, PIEDADE!;2016;Renúncia — Art.3/3-A/39;COMUNICAÇÃO ELETRÔNICA DE MASSA POR ASSINATURA (TV PAGA);338911.37
B1600411100000;POESIA E PROSA COM MARIA BETHÂNIA;2016;Renúncia — Outros Mecanismos;COMUNICAÇÃO ELETRÔNICA DE MASSA POR ASSINATURA (TV PAGA);1487011.0
B1600633600000;REGRAS DO MMA;2016;Renúncia — Art.3/3-A/39;COMUNICAÇÃO ELETRÔNICA DE MASSA POR ASSINATURA (TV PAGA);695077.54
B1600751200000;SANTINO E O BILHETE PREMIADO;2016;Renúncia — Art.3/3-A/39;RADIODIFUSÃO DE SONS E IMAGENS (TV ABERTA);416363.08
B1600385400000;SARAH - MENINA DE OURO;2016;Renúncia — Art.3/3-A/39;COMUNICAÇÃO ELETRÔNICA DE MASSA POR ASSINATURA (TV PAGA);338261.54
B1700030100000;SEBASTIANA QUEBRA-GALHO;2016;Renúncia — Outros Mecanismos;COMUNICAÇÃO ELETRÔNICA DE MASSA POR ASSINATURA (TV PAGA);2116871.68
B1600251100000;SEQUESTRO;2016;Renúncia — Art.3/3-A/39;COMUNICAÇÃO ELETRÔNICA DE MASSA POR ASSINATURA (TV PAGA);1337946.25
B1600509900000;SERGIO BRITTO O MESTRE DOS PALCOS;2016;Renúncia — Outros Mecanismos;COMUNICAÇÃO ELETRÔNICA DE MASSA POR ASSINATURA (TV PAGA);617109.57
B1600388200000;SHOW DO KIBE - 2ª TEMPORADA;2016;Renúncia — Art.3/3-A/39;COMUNICAÇÃO ELETRÔNICA DE MASSA POR ASSINATURA (TV PAGA);3533979.93
B1600403500000;SONHADORES;2016;Renúncia — Art.3/3-A/39;COMUNICAÇÃO ELETRÔNICA DE MASSA POR ASSINATURA (TV PAGA);780304.68
B1600512600000;SOS FADA MANU (SEGUNDA TEMPORADA);2016;Renúncia — Art.3/3-A/39;COMUNICAÇÃO ELETRÔNICA DE MASSA POR ASSINATURA (TV PAGA);3667373.56
B1700354000000;SÃO PAULO NAS ALTURAS;2016;Renúncia — Art.3/3-A/39;COMUNICAÇÃO ELETRÔNICA DE MASSA POR ASSINATURA (TV PAGA);1817257.04
B1600667500000;TURBINADOS 2ª TEMPORADA;2016;Renúncia — Art.3/3-A/39;COMUNICAÇÃO ELETRÔNICA DE MASSA POR ASSINATURA (TV PAGA);0.0
B1700430100000;UM CONTRA TODOS - 2ª TEMPORADA;2016;Renúncia — Art.3/3-A/39;COMUNICAÇÃO ELETRÔNICA DE MASSA POR ASSINATURA (TV PAGA);9962057.79
B1600390300000;VITÓRIAS ALÉM DO PÓDIO - O ESPORTE TRANSFORMANDO VIDAS;2016;Renúncia — Outros Mecanismos;RADIODIFUSÃO DE SONS E IMAGENS (TV ABERTA);1189608.8
B1600791000000;VIVER PARA LUTAR;2016;Renúncia — Art.3/3-A/39;COMUNICAÇÃO ELETRÔNICA DE MASSA POR ASSINATURA (TV PAGA);4459147.47
B1700474600000;#MECHAMADEBRUNA - 2ª TEMPORADA;2017;Renúncia — Art.3/3-A/39;COMUNICAÇÃO ELETRÔNICA DE MASSA POR ASSINATURA (TV PAGA);0.0
B1700066700000;#MECHAMADEBRUNA - VERDADES E MENTIRAS;2017;Renúncia — Art.3/3-A/39;COMUNICAÇÃO ELETRÔNICA DE MASSA POR ASSINATURA (TV PAGA);440807.05
B1700466800000;5 LOOKS;2017;Renúncia — Art.3/3-A/39;COMUNICAÇÃO ELETRÔNICA DE MASSA POR ASSINATURA (TV PAGA);3763173.32
B1700354200000;A ARTE DO FUTEBOL BRASILEIRO;2017;Renúncia — Art.3/3-A/39;COMUNICAÇÃO ELETRÔNICA DE MASSA POR ASSINATURA (TV PAGA);1312353.86
B1700228000000;A GRANDE LUTA - SEGUNDA TEMPORADA;2017;Renúncia — Art.3/3-A/39;COMUNICAÇÃO ELETRÔNICA DE MASSA POR ASSINATURA (TV PAGA);2691937.73
B1700467200000;A PONTE;2017;Renúncia — Outros Mecanismos;COMUNICAÇÃO ELETRÔNICA DE MASSA POR ASSINATURA (TV PAGA);287506.57
B1700180400000;AEROPORTO - ÁREA RESTRITA;2017;Renúncia — Art.3/3-A/39;COMUNICAÇÃO ELETRÔNICA DE MASSA POR ASSINATURA (TV PAGA);2859913.98
B1800007200000;AEROPORTO - ÁREA RESTRITA (2A TEMPORADA);2017;Renúncia — Art.3/3-A/39;COMUNICAÇÃO ELETRÔNICA DE MASSA POR ASSINATURA (TV PAGA);2859913.98
B1700255200000;ALTO LEBLON;2017;Renúncia — Art.3/3-A/39;COMUNICAÇÃO ELETRÔNICA DE MASSA POR ASSINATURA (TV PAGA);2611260.35
B1700359600000;AMOR DE COZINHA;2017;Renúncia — Outros Mecanismos;COMUNICAÇÃO ELETRÔNICA DE MASSA POR ASSINATURA (TV PAGA);1975435.66
B1700596600000;AULA NO TRAÇO;2017;Renúncia — Outros Mecanismos;RADIODIFUSÃO DE SONS E IMAGENS (TV ABERTA);221429.04
B1800433200000;BABEL SP;2017;Renúncia — Art.3/3-A/39;COMUNICAÇÃO ELETRÔNICA DE MASSA POR ASSINATURA (TV PAGA);2058035.41
B1800302300000;BELEZA GG;2017;Renúncia — Art.3/3-A/39;COMUNICAÇÃO ELETRÔNICA DE MASSA POR ASSINATURA (TV PAGA);2080487.38
B1700401300000;BOBOLÂNDIA MONSTROLÂNDIA - 1ª TEMPORADA;2017;Renúncia — Art.3/3-A/39;RADIODIFUSÃO DE SONS E IMAGENS (TV ABERTA);0.0
B1800054500000;BORIS E RUFUS- BIT STOP;2017;Renúncia — Outros Mecanismos;COMUNICAÇÃO ELETRÔNICA DE MASSA POR ASSINATURA (TV PAGA);118800.54
B1700362200000;BRASIL ESTRADEIRO;2017;Renúncia — Outros Mecanismos;RADIODIFUSÃO DE SONS E IMAGENS (TV ABERTA);828675.17
B1700598200000;BUBU E AS CORUJINHAS - 1ª TEMPORADA;2017;Renúncia — Art.3/3-A/39;COMUNICAÇÃO ELETRÔNICA DE MASSA POR ASSINATURA (TV PAGA);0.0
B1700487800000;BUZZU NA ESCOLA INTERGALÁCTICA;2017;Renúncia — Art.3/3-A/39;COMUNICAÇÃO ELETRÔNICA DE MASSA POR ASSINATURA (TV PAGA);2234055.34
B1800102900000;CINELAB APRENDIZ;2017;Renúncia — Outros Mecanismos;COMUNICAÇÃO ELETRÔNICA DE MASSA POR ASSINATURA (TV PAGA);1017715.5
B1700625000000;CONSELHO TUTELAR 3ª TEMPORADA;2017;Renúncia — Art.3/3-A/39;RADIODIFUSÃO DE SONS E IMAGENS (TV ABERTA);4333203.0
B1700167100000;CORTA! ANIMAÇÃO;2017;Renúncia — Outros Mecanismos;COMUNICAÇÃO ELETRÔNICA DE MASSA POR ASSINATURA (TV PAGA);2056929.43
B1700182800000;DE CRIANÇA PARA CRIANÇA;2017;Renúncia — Outros Mecanismos;COMUNICAÇÃO ELETRÔNICA DE MASSA POR ASSINATURA (TV PAGA);983637.08
B1700621700000;DEU MATCH - 2º TEMPORADA;2017;Renúncia — Art.3/3-A/39;COMUNICAÇÃO ELETRÔNICA DE MASSA POR ASSINATURA (TV PAGA);1981645.2
B1700148400000;DIA UM;2017;Renúncia — Art.3/3-A/39;COMUNICAÇÃO ELETRÔNICA DE MASSA POR ASSINATURA (TV PAGA);3622781.37
B1700483200000;DISTRITO CULTURAL - TERCEIRA TEMPORADA;2017;Renúncia — Art.3/3-A/39;RADIODIFUSÃO DE SONS E IMAGENS (TV ABERTA);794420.55
B1700339400000;DO JIU JITSU AO MMA;2017;Renúncia — Art.3/3-A/39;COMUNICAÇÃO ELETRÔNICA DE MASSA POR ASSINATURA (TV PAGA);4332986.54
B1700469600000;DRAG ME AS A QUEEN;2017;Renúncia — Art.3/3-A/39;COMUNICAÇÃO ELETRÔNICA DE MASSA POR ASSINATURA (TV PAGA);2734207.76
B1700584000000;ENTRE IRMÃS - SÉRIE;2017;Renúncia — Art.3/3-A/39;RADIODIFUSÃO DE SONS E IMAGENS (TV ABERTA);4333203.0
B1700271600000;ENTRE RISOS;2017;Renúncia — Art.3/3-A/39;COMUNICAÇÃO ELETRÔNICA DE MASSA POR ASSINATURA (TV PAGA);960057.78
B1700204700000;ERA UMA VEZ UMA HISTÓRIA;2017;Renúncia — Outros Mecanismos;RADIODIFUSÃO DE SONS E IMAGENS (TV ABERTA);2888802.0
B1800000300000;ESCOLA DE GÊNIOS - PRIMEIRA TEMPORADA;2017;Renúncia — Art.3/3-A/39;COMUNICAÇÃO ELETRÔNICA DE MASSA POR ASSINATURA (TV PAGA);4333203.0
B1700072200000;ESPÍRITO DA LUTA 1ª TEMPORADA;2017;Renúncia — Art.3/3-A/39;COMUNICAÇÃO ELETRÔNICA DE MASSA POR ASSINATURA (TV PAGA);4079978.37
B1700375000000;EU SOU ASSIM;2017;Renúncia — Art.3/3-A/39;COMUNICAÇÃO ELETRÔNICA DE MASSA POR ASSINATURA (TV PAGA);1665168.88
B1700463400000;EU, ADOLESCENTE;2017;Renúncia — Art.3/3-A/39;COMUNICAÇÃO ELETRÔNICA DE MASSA POR ASSINATURA (TV PAGA);1805501.25
B1700568400000;EU,ELA E UM MILHÃO DE SEGUIDORES;2017;Renúncia — Art.3/3-A/39;COMUNICAÇÃO ELETRÔNICA DE MASSA POR ASSINATURA (TV PAGA);4333203.0
B1700595300000;FELIPA E O FOGUETE;2017;Renúncia — Art.3/3-A/39;RADIODIFUSÃO DE SONS E IMAGENS (TV ABERTA);520872.67
B1700610500000;FIGURAS DA DANÇA 2017 ARACY EVANS;2017;Renúncia — Art.3/3-A/39;OUTROS MERCADOS;0.0
B1700615900000;FUTUROS CAMPEÕES;2017;Renúncia — Art.3/3-A/39;COMUNICAÇÃO ELETRÔNICA DE MASSA POR ASSINATURA (TV PAGA);2850117.07
B1700172700000;FÁTIMA NO BRASIL;2017;Renúncia — Outros Mecanismos;COMUNICAÇÃO ELETRÔNICA DE MASSA POR ASSINATURA (TV PAGA);563316.39
B1700571000000;GARRINCHA DO TIMÃO;2017;Renúncia — Art.3/3-A/39;COMUNICAÇÃO ELETRÔNICA DE MASSA POR ASSINATURA (TV PAGA);633341.93
B1700233300000;GERAÇÃO Z;2017;Renúncia — Art.3/3-A/39;COMUNICAÇÃO ELETRÔNICA DE MASSA POR ASSINATURA (TV PAGA);816086.57
B1700611100000;GUERRA DA TAPIOCA;2017;Renúncia — Art.3/3-A/39;RADIODIFUSÃO DE SONS E IMAGENS (TV ABERTA);522114.85
B1700452000000;GUIA POLITICAMENTE INCORRETO DA HISTÓRIA DO BRASIL - A SÉRIE;2017;Renúncia — Art.3/3-A/39;COMUNICAÇÃO ELETRÔNICA DE MASSA POR ASSINATURA (TV PAGA);2599921.8
B1800046400000;HISTÓRIAS DA FOME NO BRASIL;2017;Renúncia — Outros Mecanismos;COMUNICAÇÃO ELETRÔNICA DE MASSA POR ASSINATURA (TV PAGA);505540.35
B1700565800000;ICAMIABAS NA CIDADE AMAZÔNIA;2017;Renúncia — Art.3/3-A/39;RADIODIFUSÃO DE SONS E IMAGENS (TV ABERTA);2888802.0
B1800088600000;IMPÉRIO DA BELEZA;2017;Renúncia — Art.3/3-A/39;COMUNICAÇÃO ELETRÔNICA DE MASSA POR ASSINATURA (TV PAGA);297546.61
B1700219500000;IRMÃO DO JOREL 2ª TEMPORADA - COMPILADO;2017;Renúncia — Art.3/3-A/39;COMUNICAÇÃO ELETRÔNICA DE MASSA POR ASSINATURA (TV PAGA);7644006.22
B1800067300000;JOGADA DE CHEF;2017;Renúncia — Outros Mecanismos;COMUNICAÇÃO ELETRÔNICA DE MASSA POR ASSINATURA (TV PAGA);2289435.34
B1700478200000;LABORATÓRIO DA LUTA - SEGUNDA TEMPORADA;2017;Renúncia — Art.3/3-A/39;COMUNICAÇÃO ELETRÔNICA DE MASSA POR ASSINATURA (TV PAGA);4333203.0
B1700329000000;LEÕES DE PARAISÓPOLIS;2017;Renúncia — Art.3/3-A/39;COMUNICAÇÃO ELETRÔNICA DE MASSA POR ASSINATURA (TV PAGA);433320.3
B1700464600000;LIBERDADE DE GÊNERO - SEGUNDA TEMPORADA;2017;Renúncia — Outros Mecanismos;COMUNICAÇÃO ELETRÔNICA DE MASSA POR ASSINATURA (TV PAGA);1805501.25
B1700183900000;LIVRO VIVO;2017;Renúncia — Outros Mecanismos;COMUNICAÇÃO ELETRÔNICA DE MASSA POR ASSINATURA (TV PAGA);722200.5
B1700443500000;LUBINHO, O LOBO MARINHO;2017;Renúncia — Art.3/3-A/39;COMUNICAÇÃO ELETRÔNICA DE MASSA POR ASSINATURA (TV PAGA);139799.01
B1700480000000;LUCA E A IDENTIDADE SECRETA DE SEU PAI;2017;Renúncia — Art.3/3-A/39;COMUNICAÇÃO ELETRÔNICA DE MASSA POR ASSINATURA (TV PAGA);287506.57
B1700510200000;MAPA DO POP - 2ª TEMPORADA;2017;Renúncia — Art.3/3-A/39;COMUNICAÇÃO ELETRÔNICA DE MASSA POR ASSINATURA (TV PAGA);2908529.63
B1700598700000;MEIO EXPEDIENTE;2017;Renúncia — Art.3/3-A/39;RADIODIFUSÃO DE SONS E IMAGENS (TV ABERTA);607058.63
B1700161700000;MENOS É DEMAIS;2017;Renúncia — Art.3/3-A/39;COMUNICAÇÃO ELETRÔNICA DE MASSA POR ASSINATURA (TV PAGA);3087264.43
B1700243100000;MILTON NASCIMENTO - INTIMIDADE E POESIA;2017;Renúncia — Art.3/3-A/39;COMUNICAÇÃO ELETRÔNICA DE MASSA POR ASSINATURA (TV PAGA);1468556.8
B1800491400000;NA ESTRADA DO JIU JITSU;2017;Renúncia — Art.3/3-A/39;COMUNICAÇÃO ELETRÔNICA DE MASSA POR ASSINATURA (TV PAGA);535150.57
B1700510000000;NARRATIVA DE UM CRIME;2017;Renúncia — Art.3/3-A/39;COMUNICAÇÃO ELETRÔNICA DE MASSA POR ASSINATURA (TV PAGA);287506.57
B1700449900000;NASCIDOS PARA O COMBATE - SEGUNDA TEMPORADA;2017;Renúncia — Art.3/3-A/39;COMUNICAÇÃO ELETRÔNICA DE MASSA POR ASSINATURA (TV PAGA);3475739.98
B1700539000000;NEYMAR JUNIOR, A SÉRIE;2017;Renúncia — Art.3/3-A/39;COMUNICAÇÃO ELETRÔNICA DE MASSA POR ASSINATURA (TV PAGA);720395.0
B1700472900000;NY, MG;2017;Renúncia — Art.3/3-A/39;COMUNICAÇÃO ELETRÔNICA DE MASSA POR ASSINATURA (TV PAGA);287506.57
B1700610800000;O NATAL DE RITA;2017;Renúncia — Art.3/3-A/39;RADIODIFUSÃO DE SONS E IMAGENS (TV ABERTA);522006.52
B1700054100000;O QUE NOS OLHA;2017;Renúncia — Outros Mecanismos;OUTROS MERCADOS;115552.08
B1800033500000;OS CARABÃO - TEMPORADA 1;2017;Renúncia — Outros Mecanismos;COMUNICAÇÃO ELETRÔNICA DE MASSA POR ASSINATURA (TV PAGA);527206.36
B1700548500000;OUTROS TEMPOS - JOVENS;2017;Renúncia — Art.3/3-A/39;COMUNICAÇÃO ELETRÔNICA DE MASSA POR ASSINATURA (TV PAGA);3144180.98
B1700433100000;PAPAYA BULL - 1ª TEMPORADA;2017;Renúncia — Art.3/3-A/39;COMUNICAÇÃO ELETRÔNICA DE MASSA POR ASSINATURA (TV PAGA);0.0
B1700357200000;PEDIDOS INCRÍVEIS;2017;Renúncia — Art.3/3-A/39;COMUNICAÇÃO ELETRÔNICA DE MASSA POR ASSINATURA (TV PAGA);2237666.03
B1800320400000;PEDRO SOB A CAMA;2017;Renúncia — Art.3/3-A/39;COMUNICAÇÃO ELETRÔNICA DE MASSA POR ASSINATURA (TV PAGA);0.0
B1700466600000;PERSIGNAÇÃO;2017;Renúncia — Art.3/3-A/39;COMUNICAÇÃO ELETRÔNICA DE MASSA POR ASSINATURA (TV PAGA);321182.81
B1700347400000;RECEITAS EM SÉRIE;2017;Renúncia — Art.3/3-A/39;COMUNICAÇÃO ELETRÔNICA DE MASSA POR ASSINATURA (TV PAGA);2092575.95
B1700491400000;REGINALDO ROSSI, MEU GRANDE AMOR;2017;Renúncia — Art.3/3-A/39;RADIODIFUSÃO DE SONS E IMAGENS (TV ABERTA);895528.62
B1800122700000;REGRAS DO MMA - 2º TEMPORADA;2017;Renúncia — Art.3/3-A/39;COMUNICAÇÃO ELETRÔNICA DE MASSA POR ASSINATURA (TV PAGA);1989807.54
B1800047000000;RIO HEROES;2017;Renúncia — Art.3/3-A/39;COMUNICAÇÃO ELETRÔNICA DE MASSA POR ASSINATURA (TV PAGA);4694303.25
B1700555000000;ROTAS DO ÓDIO - 1ª TEMPORADA;2017;Renúncia — Art.3/3-A/39;COMUNICAÇÃO ELETRÔNICA DE MASSA POR ASSINATURA (TV PAGA);4333203.0
B1700556000000;ROTAS DO ÓDIO - 2ª TEMPORADA;2017;Renúncia — Art.3/3-A/39;COMUNICAÇÃO ELETRÔNICA DE MASSA POR ASSINATURA (TV PAGA);4333203.0
B1800046800000;RUA AUGUSTA;2017;Renúncia — Art.3/3-A/39;COMUNICAÇÃO ELETRÔNICA DE MASSA POR ASSINATURA (TV PAGA);9051470.88
B1800210700000;SOS FADA MANU (TERCEIRA TEMPORADA);2017;Renúncia — Art.3/3-A/39;COMUNICAÇÃO ELETRÔNICA DE MASSA POR ASSINATURA (TV PAGA);1877721.3
B1700603000000;TU CASA ES MI CASA;2017;Renúncia — Art.3/3-A/39;COMUNICAÇÃO ELETRÔNICA DE MASSA POR ASSINATURA (TV PAGA);4328654.58
B1700531300000;UM CONTRA TODOS 2 - TELEFILME;2017;Renúncia — Art.3/3-A/39;COMUNICAÇÃO ELETRÔNICA DE MASSA POR ASSINATURA (TV PAGA);9676597.04
B1700473200000;VIEW;2017;Renúncia — Art.3/3-A/39;COMUNICAÇÃO ELETRÔNICA DE MASSA POR ASSINATURA (TV PAGA);287506.57
B1700219000000;VIVI VIRAVENTO;2017;Renúncia — Art.3/3-A/39;COMUNICAÇÃO ELETRÔNICA DE MASSA POR ASSINATURA (TV PAGA);5770743.1
B1700280300000;ÁFRICA ANIMAL DE RICHARD RASMUSSEN - 1ª TEMPORADA;2017;Renúncia — Art.3/3-A/39;COMUNICAÇÃO ELETRÔNICA DE MASSA POR ASSINATURA (TV PAGA);2307948.24
B1700182900000;ÓPERA ABERTA - PESCADORES DE PÉROLAS;2017;Renúncia — Art.3/3-A/39;COMUNICAÇÃO ELETRÔNICA DE MASSA POR ASSINATURA (TV PAGA);555383.47
B1800489100000;#MECHAMADEBRUNA - 3ª TEMPORADA;2018;Renúncia — Art.3/3-A/39;COMUNICAÇÃO ELETRÔNICA DE MASSA POR ASSINATURA (TV PAGA);0.0
B1800072200000;#MECHAMADEBRUNA - TELEFILME;2018;Renúncia — Art.3/3-A/39;COMUNICAÇÃO ELETRÔNICA DE MASSA POR ASSINATURA (TV PAGA);417658.2
B1800301000000;(DES)ENCONTROS - 2A TEMPORADA;2018;Renúncia — Art.3/3-A/39;COMUNICAÇÃO ELETRÔNICA DE MASSA POR ASSINATURA (TV PAGA);0.0
B1800611900000;10 SEGUNDOS PARA VENCER SÉRIE;2018;Renúncia — Art.3/3-A/39;RADIODIFUSÃO DE SONS E IMAGENS (TV ABERTA);8141204.59
B1800586200000;A BUSCA PELO SABOR;2018;Renúncia — Outros Mecanismos;COMUNICAÇÃO ELETRÔNICA DE MASSA POR ASSINATURA (TV PAGA);277742.7
B1800572900000;A LOUCA DAS PLANTAS - 1ª TEMPORADA;2018;Renúncia — Art.3/3-A/39;COMUNICAÇÃO ELETRÔNICA DE MASSA POR ASSINATURA (TV PAGA);1600679.8
B1800584800000;A PRESEPADA;2018;Renúncia — Art.3/3-A/39;RADIODIFUSÃO DE SONS E IMAGENS (TV ABERTA);487267.9
B1800170400000;A REINVENÇÃO DO FUTEBOL ARTE;2018;Renúncia — Art.3/3-A/39;COMUNICAÇÃO ELETRÔNICA DE MASSA POR ASSINATURA (TV PAGA);583358.09
B1800122600000;A ROUPA IDEAL;2018;Renúncia — Art.3/3-A/39;COMUNICAÇÃO ELETRÔNICA DE MASSA POR ASSINATURA (TV PAGA);2320677.83
B1800112900000;AMEAÇAS DO CÉU;2018;Renúncia — Outros Mecanismos;COMUNICAÇÃO ELETRÔNICA DE MASSA POR ASSINATURA (TV PAGA);1044145.5
B1800380000000;AMIGO DE ALUGUEL - 1ª TEMPORADA;2018;Renúncia — Art.3/3-A/39;COMUNICAÇÃO ELETRÔNICA DE MASSA POR ASSINATURA (TV PAGA);4176582.0
B1900048900000;AMIGO DE ALUGUEL - 2ª TEMPORADA;2018;Renúncia — Art.3/3-A/39;COMUNICAÇÃO ELETRÔNICA DE MASSA POR ASSINATURA (TV PAGA);4176582.0
B1800424100000;ATÉ QUE A MORTE NOS SEPARE - 3ª TEMPORADA;2018;Renúncia — Art.3/3-A/39;COMUNICAÇÃO ELETRÔNICA DE MASSA POR ASSINATURA (TV PAGA);1294740.42
B1800461900000;AUTÊNTICAS;2018;Renúncia — Art.3/3-A/39;COMUNICAÇÃO ELETRÔNICA DE MASSA POR ASSINATURA (TV PAGA);4176582.0
B1800516800000;BABY & ROSE - 1A TEMPORADA;2018;Renúncia — Art.3/3-A/39;COMUNICAÇÃO ELETRÔNICA DE MASSA POR ASSINATURA (TV PAGA);908166.65
B1800593100000;BAIÃO DE DOIS;2018;Renúncia — Art.3/3-A/39;RADIODIFUSÃO DE SONS E IMAGENS (TV ABERTA);508150.81
B1900350900000;BALANGAY: NAS ÁGUAS FILIPINAS;2018;Renúncia — Art.3/3-A/39;COMUNICAÇÃO ELETRÔNICA DE MASSA POR ASSINATURA (TV PAGA);661292.15
B1800348700000;BUZZU NA ESCOLA INTERGALÁCTICA - 2A TEMPORADA;2018;Renúncia — Art.3/3-A/39;COMUNICAÇÃO ELETRÔNICA DE MASSA POR ASSINATURA (TV PAGA);4176582.0
B1800288500000;CAMPO DE BATALHA - OS MUNDIAIS E A GUERRA FRIA;2018;Renúncia — Art.3/3-A/39;COMUNICAÇÃO ELETRÔNICA DE MASSA POR ASSINATURA (TV PAGA);1252974.6
B1800435500000;CANTANDO COM PING E PONG;2018;Renúncia — Art.3/3-A/39;COMUNICAÇÃO ELETRÔNICA DE MASSA POR ASSINATURA (TV PAGA);0.0
B1800247700000;CAROS AMIGOS;2018;Renúncia — Art.3/3-A/39;COMUNICAÇÃO ELETRÔNICA DE MASSA POR ASSINATURA (TV PAGA);710018.94
B1800605500000;CHARLIE, O ENTREVISTADOR DE COISAS;2018;Renúncia — Art.3/3-A/39;COMUNICAÇÃO ELETRÔNICA DE MASSA POR ASSINATURA (TV PAGA);3535563.4
B1800266200000;CLUBVERSÃO LATINO;2018;Renúncia — Art.3/3-A/39;COMUNICAÇÃO ELETRÔNICA DE MASSA POR ASSINATURA (TV PAGA);1703875.89
B1800266700000;CLÁSSICOS DO FUTEBOL;2018;Renúncia — Art.3/3-A/39;COMUNICAÇÃO ELETRÔNICA DE MASSA POR ASSINATURA (TV PAGA);1740242.5
B1800482600000;CONFISSÕES MÉDICAS;2018;Renúncia — Art.3/3-A/39;COMUNICAÇÃO ELETRÔNICA DE MASSA POR ASSINATURA (TV PAGA);3692594.43
B1800469100000;CORAÇÕES E MENTES - ESCOLAS QUE TRANSFORMAM;2018;Renúncia — Outros Mecanismos;COMUNICAÇÃO ELETRÔNICA DE MASSA POR ASSINATURA (TV PAGA);267918.3
B1800130200000;CRIADOR DE CELEBRIDADES;2018;Renúncia — Art.3/3-A/39;COMUNICAÇÃO ELETRÔNICA DE MASSA POR ASSINATURA (TV PAGA);2838523.19
B1800435600000;DE CARONA COM OS ÓVNIS;2018;Renúncia — Art.3/3-A/39;COMUNICAÇÃO ELETRÔNICA DE MASSA POR ASSINATURA (TV PAGA);3053356.9
B1800072000000;DESNUDE;2018;Renúncia — Art.3/3-A/39;COMUNICAÇÃO ELETRÔNICA DE MASSA POR ASSINATURA (TV PAGA);4176582.0
B1800600000000;DIA DE REIS;2018;Renúncia — Art.3/3-A/39;RADIODIFUSÃO DE SONS E IMAGENS (TV ABERTA);487267.9
B1800479200000;DISTRITO CULTURAL - QUARTA TEMPORADA;2018;Renúncia — Art.3/3-A/39;RADIODIFUSÃO DE SONS E IMAGENS (TV ABERTA);765706.7
B1800187500000;DO JIU JITSU AO MMA - SEGUNDA TEMPORADA;2018;Renúncia — Art.3/3-A/39;COMUNICAÇÃO ELETRÔNICA DE MASSA POR ASSINATURA (TV PAGA);4176373.37
B1800216700000;DOUTORA DARCI - 1° TEMPORADA;2018;Renúncia — Art.3/3-A/39;COMUNICAÇÃO ELETRÔNICA DE MASSA POR ASSINATURA (TV PAGA);4176582.0
B1900030000000;DRAG ME AS A QUEEN - SEGUNDA TEMPORADA;2018;Renúncia — Art.3/3-A/39;COMUNICAÇÃO ELETRÔNICA DE MASSA POR ASSINATURA (TV PAGA);3509462.13
B1800605100000;ELAS NO SINGULAR;2018;Renúncia — Art.3/3-A/39;COMUNICAÇÃO ELETRÔNICA DE MASSA POR ASSINATURA (TV PAGA);2645173.89
B1800237300000;ELY CAMARGO - ÁGUA DA FONTE;2018;Renúncia — Art.3/3-A/39;COMUNICAÇÃO ELETRÔNICA DE MASSA POR ASSINATURA (TV PAGA);0.0
B1800031900000;EM NOME DOS PAIS;2018;Renúncia — Art.3/3-A/39;COMUNICAÇÃO ELETRÔNICA DE MASSA POR ASSINATURA (TV PAGA);1104741.44
B1900066800000;ESCOLA DE GÊNIOS - TERCEIRA TEMPORADA;2018;Renúncia — Art.3/3-A/39;COMUNICAÇÃO ELETRÔNICA DE MASSA POR ASSINATURA (TV PAGA);4176582.0
B1800422200000;ESCOLA DE GÊNIOS – SEGUNDA TEMPORADA;2018;Renúncia — Art.3/3-A/39;COMUNICAÇÃO ELETRÔNICA DE MASSA POR ASSINATURA (TV PAGA);4176378.53
B1800595300000;ESPAÇO PARA DOIS;2018;Renúncia — Art.3/3-A/39;COMUNICAÇÃO ELETRÔNICA DE MASSA POR ASSINATURA (TV PAGA);3770210.34
B1800605200000;FEITO COM AMOR;2018;Renúncia — Art.3/3-A/39;COMUNICAÇÃO ELETRÔNICA DE MASSA POR ASSINATURA (TV PAGA);2038287.57
B1800593200000;FUGA DE NATAL;2018;Renúncia — Art.3/3-A/39;RADIODIFUSÃO DE SONS E IMAGENS (TV ABERTA);580698.03
B1800530600000;FUTURO IMPERFEITO;2018;Renúncia — Outros Mecanismos;COMUNICAÇÃO ELETRÔNICA DE MASSA POR ASSINATURA (TV PAGA);1346485.49
B1800096200000;FÁBRICA DE CASAMENTOS 2° TEMPORADA;2018;Renúncia — Art.3/3-A/39;RADIODIFUSÃO DE SONS E IMAGENS (TV ABERTA);1559848.96
B1800285600000;GLITTER MODEL - TODA MENINA TEM SEU BRILHO;2018;Renúncia — Art.3/3-A/39;COMUNICAÇÃO ELETRÔNICA DE MASSA POR ASSINATURA (TV PAGA);4176575.74
B1800350700000;IMPRESSÃO MINHA;2018;Renúncia — Art.3/3-A/39;COMUNICAÇÃO ELETRÔNICA DE MASSA POR ASSINATURA (TV PAGA);0.0
B1800457400000;IMPUROS;2018;Renúncia — Art.3/3-A/39;COMUNICAÇÃO ELETRÔNICA DE MASSA POR ASSINATURA (TV PAGA);12027453.4
B1800550500000;INSPIRA.MOV BRASIL - SEGUNDA TEMPORADA;2018;Renúncia — Outros Mecanismos;RADIODIFUSÃO DE SONS E IMAGENS (TV ABERTA);974535.8
B1800219700000;IRMÃO DO JOREL - 3ª TEMPORADA;2018;Renúncia — Art.3/3-A/39;COMUNICAÇÃO ELETRÔNICA DE MASSA POR ASSINATURA (TV PAGA);8798824.82
B1800124000000;JORGE MAUTNER - KAOS EM AÇÃO;2018;Renúncia — Art.3/3-A/39;COMUNICAÇÃO ELETRÔNICA DE MASSA POR ASSINATURA (TV PAGA);1837696.08
B1800352900000;LABORATORIO DA LUTA - TERCEIRA TEMPORADA;2018;Renúncia — Art.3/3-A/39;COMUNICAÇÃO ELETRÔNICA DE MASSA POR ASSINATURA (TV PAGA);4176582.0
B1900037900000;MAL ME QUER;2018;Renúncia — Art.3/3-A/39;COMUNICAÇÃO ELETRÔNICA DE MASSA POR ASSINATURA (TV PAGA);4176582.0
B1800561600000;MENOS É DEMAIS - 2A TEMPORADA;2018;Renúncia — Art.3/3-A/39;COMUNICAÇÃO ELETRÔNICA DE MASSA POR ASSINATURA (TV PAGA);3103901.05
B1800136500000;MIL DIAS - UMA SAGA BRASILEIRA;2018;Renúncia — Art.3/3-A/39;COMUNICAÇÃO ELETRÔNICA DE MASSA POR ASSINATURA (TV PAGA);4162660.06
B1800193500000;MINHA VIDA É UM CIRCO;2018;Renúncia — Art.3/3-A/39;COMUNICAÇÃO ELETRÔNICA DE MASSA POR ASSINATURA (TV PAGA);2251503.47
B1800219500000;MINOTAURO, A VIDA DO LENDÁRIO LUTADOR ANTÔNIO RODRIGO NOGUEIRA;2018;Renúncia — Art.3/3-A/39;COMUNICAÇÃO ELETRÔNICA DE MASSA POR ASSINATURA (TV PAGA);1317738.34
B1800182200000;MISSÃO DESIGN;2018;Renúncia — Art.3/3-A/39;COMUNICAÇÃO ELETRÔNICA DE MASSA POR ASSINATURA (TV PAGA);4176582.0
B1800277100000;MULHERES NA LUTA;2018;Renúncia — Art.3/3-A/39;COMUNICAÇÃO ELETRÔNICA DE MASSA POR ASSINATURA (TV PAGA);2520845.68
B1800523200000;NASCIDOS PARA O COMBATE – TERCEIRA TEMPORADA;2018;Renúncia — Art.3/3-A/39;COMUNICAÇÃO ELETRÔNICA DE MASSA POR ASSINATURA (TV PAGA);3350106.03
B1800605300000;NO PARAÍSO, COM GIO EWBANK;2018;Renúncia — Art.3/3-A/39;COMUNICAÇÃO ELETRÔNICA DE MASSA POR ASSINATURA (TV PAGA);3586129.58
B1800356500000;O AMOR É LINDO;2018;Renúncia — Art.3/3-A/39;COMUNICAÇÃO ELETRÔNICA DE MASSA POR ASSINATURA (TV PAGA);1809852.2
B1800612400000;O DIÁRIO DE MIKA - 2ª TEMPORADA;2018;Renúncia — Outros Mecanismos;COMUNICAÇÃO ELETRÔNICA DE MASSA POR ASSINATURA (TV PAGA);1698476.68
B1800288400000;O FENÔMENO MMA;2018;Renúncia — Art.3/3-A/39;COMUNICAÇÃO ELETRÔNICA DE MASSA POR ASSINATURA (TV PAGA);1831117.96
B1800267900000;O NEGRO NO FUTEBOL BRASILEIRO;2018;Renúncia — Art.3/3-A/39;COMUNICAÇÃO ELETRÔNICA DE MASSA POR ASSINATURA (TV PAGA);2011082.01
B1800565900000;O SHOW DA LUNA! QUINTA TEMPORADA;2018;Renúncia — Art.3/3-A/39;COMUNICAÇÃO ELETRÔNICA DE MASSA POR ASSINATURA (TV PAGA);3527880.7
B1800164100000;OS GRETCHENS - 1ª TEMPORADA;2018;Renúncia — Art.3/3-A/39;COMUNICAÇÃO ELETRÔNICA DE MASSA POR ASSINATURA (TV PAGA);1392194.0
B1900624500000;PELÉ A ORIGEM;2018;Renúncia — Outros Mecanismos;RADIODIFUSÃO DE SONS E IMAGENS (TV ABERTA);882651.0
B1800606400000;PELÉ ETERNO - LONGA VERSÃO;2018;Renúncia — Art.3/3-A/39;RADIODIFUSÃO DE SONS E IMAGENS (TV ABERTA);3758923.8
B1900167100000;PEQUENOS GRANDES TALENTOS;2018;Renúncia — Outros Mecanismos;RADIODIFUSÃO DE SONS E IMAGENS (TV ABERTA);2082722.22
B1800332500000;QUEBRANDO O TABU;2018;Renúncia — Outros Mecanismos;COMUNICAÇÃO ELETRÔNICA DE MASSA POR ASSINATURA (TV PAGA);3774739.64
B1900076300000;REFAVELA 40;2018;Renúncia — Art.3/3-A/39;COMUNICAÇÃO ELETRÔNICA DE MASSA POR ASSINATURA (TV PAGA);1246162.59
B1800430900000;ROMPENDO O SILÊNCIO;2018;Renúncia — Outros Mecanismos;COMUNICAÇÃO ELETRÔNICA DE MASSA POR ASSINATURA (TV PAGA);2488616.15
B1800346000000;SENNINHA NA PISTA MALUCA;2018;Renúncia — Outros Mecanismos;COMUNICAÇÃO ELETRÔNICA DE MASSA POR ASSINATURA (TV PAGA);1752772.25
B1800465300000;SOB PRESSÃO - 2ª TEMPORADA;2018;Renúncia — Art.3/3-A/39;RADIODIFUSÃO DE SONS E IMAGENS (TV ABERTA);4176582.0
B1800609900000;TAINÁ E OS GUARDIÕES DA AMAZÔNIA;2018;Renúncia — Art.3/3-A/39;RADIODIFUSÃO DE SONS E IMAGENS (TV ABERTA);5629336.44
B1900400900000;TE CONTO NO CAMINHO;2018;Renúncia — Art.3/3-A/39;COMUNICAÇÃO ELETRÔNICA DE MASSA POR ASSINATURA (TV PAGA);519790.07
B1800115400000;TEMPERO & ARTE;2018;Renúncia — Art.3/3-A/39;RADIODIFUSÃO DE SONS E IMAGENS (TV ABERTA);2366729.8
B1800118200000;TEMPO DE BOLA;2018;Renúncia — Art.3/3-A/39;RADIODIFUSÃO DE SONS E IMAGENS (TV ABERTA);2223144.48
B1800403500000;TERRORES URBANOS;2018;Renúncia — Art.3/3-A/39;RADIODIFUSÃO DE SONS E IMAGENS (TV ABERTA);4176582.0
B1800358100000;TROCA DE ESTILOS - 3ª TEMPORADA;2018;Renúncia — Art.3/3-A/39;COMUNICAÇÃO ELETRÔNICA DE MASSA POR ASSINATURA (TV PAGA);4092766.35
B1800145000000;UM CONTRA TODOS - 3ª TEMPORADA;2018;Renúncia — Art.3/3-A/39;COMUNICAÇÃO ELETRÔNICA DE MASSA POR ASSINATURA (TV PAGA);10968264.95
B1800378400000;UM CONTRA TODOS 3 - TELEFILME;2018;Renúncia — Art.3/3-A/39;COMUNICAÇÃO ELETRÔNICA DE MASSA POR ASSINATURA (TV PAGA);10968264.95
B1800537600000;UM SHOW DE NOIVA - 2ª TEMPORADA;2018;Renúncia — Art.3/3-A/39;COMUNICAÇÃO ELETRÔNICA DE MASSA POR ASSINATURA (TV PAGA);2455224.01
B1800183500000;VIVER PARA LUTAR – 2A TEMPORADA;2018;Renúncia — Art.3/3-A/39;COMUNICAÇÃO ELETRÔNICA DE MASSA POR ASSINATURA (TV PAGA);4174816.7
B1800363400000;Z4 - 2° TEMPORADA;2018;Renúncia — Art.3/3-A/39;RADIODIFUSÃO DE SONS E IMAGENS (TV ABERTA);3247610.86
B1800144100000;ZUZUBALÂNDIA;2018;Renúncia — Art.3/3-A/39;COMUNICAÇÃO ELETRÔNICA DE MASSA POR ASSINATURA (TV PAGA);0.0
B1900548000000;#MECHAMADEBRUNA - 4A TEMPORADA;2019;Renúncia — Art.3/3-A/39;COMUNICAÇÃO ELETRÔNICA DE MASSA POR ASSINATURA (TV PAGA);6673349.48
B1900089900000;#OFUTUROÉFEMININO;2019;Renúncia — Art.3/3-A/39;COMUNICAÇÃO ELETRÔNICA DE MASSA POR ASSINATURA (TV PAGA);381458.7
B2000494000000;21 MÃO NA CABEÇA;2019;Renúncia — Art.3/3-A/39;COMUNICAÇÃO ELETRÔNICA DE MASSA POR ASSINATURA (TV PAGA);0.0
B1900241900000;A DIVISÃO;2019;Renúncia — Art.3/3-A/39;COMUNICAÇÃO ELETRÔNICA DE MASSA POR ASSINATURA (TV PAGA);4814154.69
B1900266500000;A EVOLUÇÃO DO COMBATE;2019;Renúncia — Art.3/3-A/39;COMUNICAÇÃO ELETRÔNICA DE MASSA POR ASSINATURA (TV PAGA);4004010.0
B1900188300000;A REAÇÃO BRASILEIRA;2019;Renúncia — Art.3/3-A/39;COMUNICAÇÃO ELETRÔNICA DE MASSA POR ASSINATURA (TV PAGA);1100825.77
B1900251700000;A ÁGUA QUE FALTA;2019;Renúncia — Outros Mecanismos;RADIODIFUSÃO DE SONS E IMAGENS (TV ABERTA);480439.61
B1900564100000;AEROPORTO - ÁREA RESTRITA (3ª TEMPORADA);2019;Renúncia — Art.3/3-A/39;COMUNICAÇÃO ELETRÔNICA DE MASSA POR ASSINATURA (TV PAGA);2970956.53
B1900371100000;ALIMENTANDO O MUNDO;2019;Renúncia — Outros Mecanismos;COMUNICAÇÃO ELETRÔNICA DE MASSA POR ASSINATURA (TV PAGA);667335.0
B1900124500000;ALTO LEBLON - 2A TEMPORADA;2019;Renúncia — Art.3/3-A/39;COMUNICAÇÃO ELETRÔNICA DE MASSA POR ASSINATURA (TV PAGA);2412883.16
B2000097000000;ANIMAZOO - SÉRIE TELEVISIVA;2019;Renúncia — Outros Mecanismos;COMUNICAÇÃO ELETRÔNICA DE MASSA POR ASSINATURA (TV PAGA);1801804.5
B1900609700000;APENAS MENINAS;2019;Renúncia — Art.3/3-A/39;COMUNICAÇÃO ELETRÔNICA DE MASSA POR ASSINATURA (TV PAGA);1052550.22
B1900261400000;ARQUIS;2019;Renúncia — Art.3/3-A/39;COMUNICAÇÃO ELETRÔNICA DE MASSA POR ASSINATURA (TV PAGA);2786852.15
B1900343900000;AUTÊNTICAS - 2ª TEMPORADA;2019;Renúncia — Art.3/3-A/39;COMUNICAÇÃO ELETRÔNICA DE MASSA POR ASSINATURA (TV PAGA);2823230.03
B1900489400000;BABY & ROSE - 2A TEMPORADA;2019;Renúncia — Art.3/3-A/39;COMUNICAÇÃO ELETRÔNICA DE MASSA POR ASSINATURA (TV PAGA);3771520.3
B1900131800000;BATALHA MAKERS BRASIL;2019;Renúncia — Art.3/3-A/39;COMUNICAÇÃO ELETRÔNICA DE MASSA POR ASSINATURA (TV PAGA);4329491.25
B1900392900000;BERTHA LUTZ - A MULHER NA CARTA DA ONU;2019;Renúncia — Art.3/3-A/39;COMUNICAÇÃO ELETRÔNICA DE MASSA POR ASSINATURA (TV PAGA);993955.91
B2000067200000;BORN TO FASHION;2019;Renúncia — Art.3/3-A/39;COMUNICAÇÃO ELETRÔNICA DE MASSA POR ASSINATURA (TV PAGA);4004010.0
B1900374400000;BRASIL DE IMIGRANTES;2019;Renúncia — Art.3/3-A/39;COMUNICAÇÃO ELETRÔNICA DE MASSA POR ASSINATURA (TV PAGA);553936.1
B1900489800000;BRASIL DE IMIGRANTES ESPECIAL;2019;Renúncia — Art.3/3-A/39;COMUNICAÇÃO ELETRÔNICA DE MASSA POR ASSINATURA (TV PAGA);553936.1
B1900461100000;BUBU E AS CORUJINHAS - 2°TEMPORADA;2019;Renúncia — Art.3/3-A/39;RADIODIFUSÃO DE SONS E IMAGENS (TV ABERTA);0.0
B1900350800000;CANHOTAS;2019;Renúncia — Art.3/3-A/39;COMUNICAÇÃO ELETRÔNICA DE MASSA POR ASSINATURA (TV PAGA);1401403.5
B1900189600000;CAXIAS - QUE CIDADE É ESSA?;2019;Renúncia — Outros Mecanismos;COMUNICAÇÃO ELETRÔNICA DE MASSA POR ASSINATURA (TV PAGA);210901.5
B1900572300000;CLUBE DA ANITTINHA - SEGUNDA TEMPORADA;2019;Renúncia — Art.3/3-A/39;COMUNICAÇÃO ELETRÔNICA DE MASSA POR ASSINATURA (TV PAGA);4004010.0
B1900542000000;CONEXÕES;2019;Renúncia — Outros Mecanismos;COMUNICAÇÃO ELETRÔNICA DE MASSA POR ASSINATURA (TV PAGA);1281817.07
B1900500400000;CONTRAPONTO 2;2019;Renúncia — Art.3/3-A/39;VIDEO DOMÉSTICO;355094.29
B1900319200000;CRAQUES PARA SEMPRE;2019;Renúncia — Art.3/3-A/39;COMUNICAÇÃO ELETRÔNICA DE MASSA POR ASSINATURA (TV PAGA);554920.9
B1900077800000;CREDO, QUE DELÍCIA!;2019;Renúncia — Art.3/3-A/39;COMUNICAÇÃO ELETRÔNICA DE MASSA POR ASSINATURA (TV PAGA);4004010.0
B1900153200000;CRIMES.COM;2019;Renúncia — Art.3/3-A/39;COMUNICAÇÃO ELETRÔNICA DE MASSA POR ASSINATURA (TV PAGA);3016694.83
B1900049300000;DANIEL - TRINTA ANOS NA ESTRADA;2019;Renúncia — Outros Mecanismos;COMUNICAÇÃO ELETRÔNICA DE MASSA POR ASSINATURA (TV PAGA);1034369.25
B1900336100000;DESAFIO DE TALENTOS;2019;Renúncia — Art.3/3-A/39;COMUNICAÇÃO ELETRÔNICA DE MASSA POR ASSINATURA (TV PAGA);2134374.63
B2000172800000;DRA. DARCI - 2ª TEMPORADA;2019;Renúncia — Art.3/3-A/39;COMUNICAÇÃO ELETRÔNICA DE MASSA POR ASSINATURA (TV PAGA);2914040.93
B1900061100000;ELOGIO DA LIBERDADE;2019;Renúncia — Art.3/3-A/39;COMUNICAÇÃO ELETRÔNICA DE MASSA POR ASSINATURA (TV PAGA);1065066.66
B1900401800000;EM BUSCA DE ANSELMO;2019;Renúncia — Art.3/3-A/39;COMUNICAÇÃO ELETRÔNICA DE MASSA POR ASSINATURA (TV PAGA);2386060.3
B1900232500000;EM NOME DA JUSTIÇA;2019;Renúncia — Art.3/3-A/39;COMUNICAÇÃO ELETRÔNICA DE MASSA POR ASSINATURA (TV PAGA);3464725.96
B2000055300000;ENTRE GREVES;2019;Renúncia — Art.3/3-A/39;COMUNICAÇÃO ELETRÔNICA DE MASSA POR ASSINATURA (TV PAGA);266934.0
B1900261200000;ESCOLA DE GÊNIOS - QUARTA TEMPORADA;2019;Renúncia — Art.3/3-A/39;COMUNICAÇÃO ELETRÔNICA DE MASSA POR ASSINATURA (TV PAGA);4004010.0
B2000002500000;ESCOLA DE GÊNIOS - QUINTA TEMPORADA;2019;Renúncia — Art.3/3-A/39;COMUNICAÇÃO ELETRÔNICA DE MASSA POR ASSINATURA (TV PAGA);4004010.0
B1900238900000;ESCRAVIDÃO - SÉCULO XXI;2019;Renúncia — Art.3/3-A/39;COMUNICAÇÃO ELETRÔNICA DE MASSA POR ASSINATURA (TV PAGA);2802291.82
B1900173400000;FRONTEIRAS DO PENSAMENTO;2019;Renúncia — Outros Mecanismos;RADIODIFUSÃO DE SONS E IMAGENS (TV ABERTA);700701.75
B1900158600000;FÁBRICA DE CASAMENTOS - 3ª TEMPORADA;2019;Renúncia — Art.3/3-A/39;RADIODIFUSÃO DE SONS E IMAGENS (TV ABERTA);1970586.87
B1900347900000;FÉRIAS EM FAMÍLIA - 1ª TEMPORADA;2019;Renúncia — Art.3/3-A/39;COMUNICAÇÃO ELETRÔNICA DE MASSA POR ASSINATURA (TV PAGA);3135142.23
B1900284300000;GERAÇÕES DA VELA;2019;Renúncia — Art.3/3-A/39;COMUNICAÇÃO ELETRÔNICA DE MASSA POR ASSINATURA (TV PAGA);2392182.43
B1900222900000;GIGABLASTER - PRIMEIRA TEMPORADA;2019;Renúncia — Art.3/3-A/39;COMUNICAÇÃO ELETRÔNICA DE MASSA POR ASSINATURA (TV PAGA);0.0
B1900571200000;GIGABLASTER - SEGUNDA TEMPORADA;2019;Renúncia — Art.3/3-A/39;COMUNICAÇÃO ELETRÔNICA DE MASSA POR ASSINATURA (TV PAGA);0.0
B1900597300000;GLITTER MODEL - UMA AVENTURA CHEIA DE ESTILO;2019;Renúncia — Art.3/3-A/39;COMUNICAÇÃO ELETRÔNICA DE MASSA POR ASSINATURA (TV PAGA);4003288.88
B1900536500000;HARD;2019;Renúncia — Art.3/3-A/39;COMUNICAÇÃO ELETRÔNICA DE MASSA POR ASSINATURA (TV PAGA);18659345.93
B1900180100000;HEMINGWAY;2019;Renúncia — Art.3/3-A/39;OUTROS MERCADOS;0.0
B1900578700000;HOMENS DO CAMINHO - ROTAS HISTÓRICAS BRASILEIRAS NA COMPANHIA DO MANGALARGA MARCHADOR;2019;Renúncia — Outros Mecanismos;COMUNICAÇÃO ELETRÔNICA DE MASSA POR ASSINATURA (TV PAGA);1573420.44
B1900230300000;ICO BIT ZIP - 1ª TEMPORADA;2019;Renúncia — Art.3/3-A/39;COMUNICAÇÃO ELETRÔNICA DE MASSA POR ASSINATURA (TV PAGA);3919715.06
B1900394800000;IMPUROS;2019;Renúncia — Art.3/3-A/39;COMUNICAÇÃO ELETRÔNICA DE MASSA POR ASSINATURA (TV PAGA);11530491.61
B1900547900000;JORNADA DUPLA;2019;Renúncia — Art.3/3-A/39;COMUNICAÇÃO ELETRÔNICA DE MASSA POR ASSINATURA (TV PAGA);583250.79
B1900181400000;JUACAS - SEGUNDA TEMPORADA;2019;Renúncia — Art.3/3-A/39;COMUNICAÇÃO ELETRÔNICA DE MASSA POR ASSINATURA (TV PAGA);6283261.39
B1900431000000;JUJU BOOT CAMP;2019;Renúncia — Art.3/3-A/39;COMUNICAÇÃO ELETRÔNICA DE MASSA POR ASSINATURA (TV PAGA);4004010.0
B1900389500000;JUNGLE PILOT;2019;Renúncia — Art.3/3-A/39;COMUNICAÇÃO ELETRÔNICA DE MASSA POR ASSINATURA (TV PAGA);4144150.35
B1900118200000;LIVRE PENSAR - CINEBIOGRAFIA - MARIA DA CONCEIÇÃO TAVARES;2019;Renúncia — Outros Mecanismos;COMUNICAÇÃO ELETRÔNICA DE MASSA POR ASSINATURA (TV PAGA);934269.0
B1900186100000;LUANA É DE LUA;2019;Renúncia — Art.3/3-A/39;COMUNICAÇÃO ELETRÔNICA DE MASSA POR ASSINATURA (TV PAGA);3873270.16
B1900445000000;MAR BRASIL;2019;Renúncia — Art.3/3-A/39;COMUNICAÇÃO ELETRÔNICA DE MASSA POR ASSINATURA (TV PAGA);2002005.0
B1900064000000;MAUÁ, O PRIMEIRO GIGANTE;2019;Renúncia — Art.3/3-A/39;COMUNICAÇÃO ELETRÔNICA DE MASSA POR ASSINATURA (TV PAGA);2369015.23
B1900109800000;ME DEIXA DANÇAR;2019;Renúncia — Art.3/3-A/39;COMUNICAÇÃO ELETRÔNICA DE MASSA POR ASSINATURA (TV PAGA);4004010.0
B1900524900000;MESA PARA TODOS;2019;Renúncia — Art.3/3-A/39;COMUNICAÇÃO ELETRÔNICA DE MASSA POR ASSINATURA (TV PAGA);400401.0
B2000055900000;NA ESTRADA DO JIU-JITSU - 2 TEMPORADA;2019;Renúncia — Art.3/3-A/39;COMUNICAÇÃO ELETRÔNICA DE MASSA POR ASSINATURA (TV PAGA);1002937.77
B1900344100000;NASCIDOS PARA O COMBATE - QUARTA TEMPORADA;2019;Renúncia — Art.3/3-A/39;COMUNICAÇÃO ELETRÔNICA DE MASSA POR ASSINATURA (TV PAGA);3211683.15
B1900308400000;O DONO DO LAR;2019;Renúncia — Art.3/3-A/39;COMUNICAÇÃO ELETRÔNICA DE MASSA POR ASSINATURA (TV PAGA);3664083.65
B1900172100000;O DOUTRINADOR - SÉRIE;2019;Renúncia — Art.3/3-A/39;COMUNICAÇÃO ELETRÔNICA DE MASSA POR ASSINATURA (TV PAGA);10677359.99
B1900593100000;O SHOW DA LUNA! SEXTA TEMPORADA;2019;Renúncia — Art.3/3-A/39;COMUNICAÇÃO ELETRÔNICA DE MASSA POR ASSINATURA (TV PAGA);3279800.71
B1900564800000;OPERAÇÃO FRONTEIRA - AMÉRICA DO SUL;2019;Renúncia — Art.3/3-A/39;COMUNICAÇÃO ELETRÔNICA DE MASSA POR ASSINATURA (TV PAGA);4157360.18
B1900500500000;OS IRMÃOS FREITAS;2019;Renúncia — Art.3/3-A/39;COMUNICAÇÃO ELETRÔNICA DE MASSA POR ASSINATURA (TV PAGA);13380039.11
B1900157700000;OS RONI - 1ª TEMPORADA;2019;Renúncia — Art.3/3-A/39;COMUNICAÇÃO ELETRÔNICA DE MASSA POR ASSINATURA (TV PAGA);3796563.08
B1900390200000;OS RONI - 2ª TEMPORADA;2019;Renúncia — Art.3/3-A/39;COMUNICAÇÃO ELETRÔNICA DE MASSA POR ASSINATURA (TV PAGA);3736281.86
B1900505000000;POP!;2019;Renúncia — Art.3/3-A/39;COMUNICAÇÃO ELETRÔNICA DE MASSA POR ASSINATURA (TV PAGA);1232421.76
B1900244900000;PROVA DE NOIVA;2019;Renúncia — Art.3/3-A/39;COMUNICAÇÃO ELETRÔNICA DE MASSA POR ASSINATURA (TV PAGA);2747226.08
B1900303300000;QUEBRANDO O TABU - 2ª TEMPORADA;2019;Renúncia — Art.3/3-A/39;COMUNICAÇÃO ELETRÔNICA DE MASSA POR ASSINATURA (TV PAGA);2583281.73
B1900190200000;RIO HEROES – SEGUNDA TEMPORADA;2019;Renúncia — Art.3/3-A/39;COMUNICAÇÃO ELETRÔNICA DE MASSA POR ASSINATURA (TV PAGA);4827910.52
B1900263500000;ROTAS DO ÓDIO - 3ª TEMPORADA;2019;Renúncia — Art.3/3-A/39;COMUNICAÇÃO ELETRÔNICA DE MASSA POR ASSINATURA (TV PAGA);4004010.0
B2000045000000;ROTAS DO ÓDIO – 4ª TEMPORADA;2019;Renúncia — Art.3/3-A/39;COMUNICAÇÃO ELETRÔNICA DE MASSA POR ASSINATURA (TV PAGA);4004010.0
B1900373100000;SANTOS DUMONT;2019;Renúncia — Art.3/3-A/39;COMUNICAÇÃO ELETRÔNICA DE MASSA POR ASSINATURA (TV PAGA);17616169.5
B1900337200000;SE ESSA ROUPA FOSSE MINHA;2019;Renúncia — Art.3/3-A/39;COMUNICAÇÃO ELETRÔNICA DE MASSA POR ASSINATURA (TV PAGA);3502204.35
B1900555000000;SEM RASTRO - 3ª TEMPORADA;2019;Renúncia — Art.3/3-A/39;COMUNICAÇÃO ELETRÔNICA DE MASSA POR ASSINATURA (TV PAGA);667335.0
B1900169300000;SOB PRESSÃO - 3ªTEMPORADA;2019;Renúncia — Art.3/3-A/39;RADIODIFUSÃO DE SONS E IMAGENS (TV ABERTA);4004010.0
B1900271600000;SOS FADA MANU (QUARTA TEMPORADA);2019;Renúncia — Art.3/3-A/39;COMUNICAÇÃO ELETRÔNICA DE MASSA POR ASSINATURA (TV PAGA);2402406.0
B1900345500000;TRANSAMAZÔNICA - UMA ESTRADA PARA O PASSADO;2019;Renúncia — Art.3/3-A/39;COMUNICAÇÃO ELETRÔNICA DE MASSA POR ASSINATURA (TV PAGA);2288821.91
B1900590800000;TRANSVERSAL DO TEMPO;2019;Renúncia — Outros Mecanismos;RADIODIFUSÃO DE SONS E IMAGENS (TV ABERTA);1574777.13
B1900506600000;TUDO NA PANELA;2019;Renúncia — Art.3/3-A/39;COMUNICAÇÃO ELETRÔNICA DE MASSA POR ASSINATURA (TV PAGA);962297.07
B1900447700000;TURMA DA MÔNICA JOVEM – 1ª TEMPORADA,;2019;Renúncia — Art.3/3-A/39;COMUNICAÇÃO ELETRÔNICA DE MASSA POR ASSINATURA (TV PAGA);9810386.2
B1900616600000;UNIDADE BÁSICA - 2ª TEMPORADA;2019;Renúncia — Art.3/3-A/39;COMUNICAÇÃO ELETRÔNICA DE MASSA POR ASSINATURA (TV PAGA);4847653.04
B1900375200000;VENTOS DO BRASIL;2019;Renúncia — Outros Mecanismos;RADIODIFUSÃO DE SONS E IMAGENS (TV ABERTA);53386.8
B1900525100000;VIOLA E TAMBOR;2019;Renúncia — Outros Mecanismos;COMUNICAÇÃO ELETRÔNICA DE MASSA POR ASSINATURA (TV PAGA);1468137.0
B1900389300000;VIVER PARA LUTAR - TERCEIRA TEMPORADA;2019;Renúncia — Art.3/3-A/39;COMUNICAÇÃO ELETRÔNICA DE MASSA POR ASSINATURA (TV PAGA);4004010.0
B1900535300000;VÍTIMAS DIGITAIS;2019;Renúncia — Art.3/3-A/39;COMUNICAÇÃO ELETRÔNICA DE MASSA POR ASSINATURA (TV PAGA);3536875.5
B1900289200000;WEEBOOM;2019;Renúncia — Art.3/3-A/39;COMUNICAÇÃO ELETRÔNICA DE MASSA POR ASSINATURA (TV PAGA);0.0
B1900446600000;É TETRA;2019;Renúncia — Art.3/3-A/39;COMUNICAÇÃO ELETRÔNICA DE MASSA POR ASSINATURA (TV PAGA);533868.0
B2000526600000;+ AMOR;2020;Renúncia — Outros Mecanismos;RADIODIFUSÃO DE SONS E IMAGENS (TV ABERTA);1200334.88
B2000180800000;12 MOEDAS;2020;Renúncia — Art.3/3-A/39;COMUNICAÇÃO ELETRÔNICA DE MASSA POR ASSINATURA (TV PAGA);1155868.92
B2000143100000;A DIVISÃO - 2ª TEMPORADA;2020;Renúncia — Art.3/3-A/39;COMUNICAÇÃO ELETRÔNICA DE MASSA POR ASSINATURA (TV PAGA);0.0
B2000499400000;ACADEMIA DE GIUSEPPE;2020;Renúncia — Art.3/3-A/39;COMUNICAÇÃO ELETRÔNICA DE MASSA POR ASSINATURA (TV PAGA);1647137.24
B2000295000000;AS GRANDES RIVALIDADES DO MMA;2020;Renúncia — Art.3/3-A/39;COMUNICAÇÃO ELETRÔNICA DE MASSA POR ASSINATURA (TV PAGA);1942765.26
B2000211700000;AUTO POSTO - 1ª TEMPORADA;2020;Renúncia — Art.3/3-A/39;COMUNICAÇÃO ELETRÔNICA DE MASSA POR ASSINATURA (TV PAGA);0.0
B2000474800000;BELEZA GG -SEGUNDA TEMPORADA;2020;Renúncia — Art.3/3-A/39;COMUNICAÇÃO ELETRÔNICA DE MASSA POR ASSINATURA (TV PAGA);1839297.07
B2000454900000;CIDADES POSSÍVEIS;2020;Renúncia — Outros Mecanismos;COMUNICAÇÃO ELETRÔNICA DE MASSA POR ASSINATURA (TV PAGA);1455725.28
B2000323600000;CONFISCO;2020;Renúncia — Art.3/3-A/39;COMUNICAÇÃO ELETRÔNICA DE MASSA POR ASSINATURA (TV PAGA);719449.76
B2000290500000;COROANDO;2020;Renúncia — Art.3/3-A/39;OUTROS MERCADOS - VÍDEO POR DEMANDA;191542.8
B2000201900000;CORPOS PERIFÉRICOS;2020;Renúncia — Outros Mecanismos;COMUNICAÇÃO ELETRÔNICA DE MASSA POR ASSINATURA (TV PAGA);213237.6
B2000312500000;DNA ABDELMASSIH;2020;Renúncia — Art.3/3-A/39;COMUNICAÇÃO ELETRÔNICA DE MASSA POR ASSINATURA (TV PAGA);2043123.2
B2000383500000;DRA. DARCI - 3ª TEMPORADA;2020;Renúncia — Art.3/3-A/39;COMUNICAÇÃO ELETRÔNICA DE MASSA POR ASSINATURA (TV PAGA);2615748.84
B2200306200000;DRAG ME AS A QUEEN – QUARTA TEMPORADA;2020;Renúncia — Art.3/3-A/39;COMUNICAÇÃO ELETRÔNICA DE MASSA POR ASSINATURA (TV PAGA);3213454.91
B2000229200000;ESCOLA DE GÊNIOS - SEXTA TEMPORADA;2020;Renúncia — Art.3/3-A/39;COMUNICAÇÃO ELETRÔNICA DE MASSA POR ASSINATURA (TV PAGA);3830856.0
B2000080900000;ESPÍRITO DA LUTA 2ª TEMPORADA;2020;Renúncia — Art.3/3-A/39;COMUNICAÇÃO ELETRÔNICA DE MASSA POR ASSINATURA (TV PAGA);3830856.0
B2000417200000;EXTERMINADORES DO ALÉM;2020;Renúncia — Art.3/3-A/39;COMUNICAÇÃO ELETRÔNICA DE MASSA POR ASSINATURA (TV PAGA);6005269.02
B2000243800000;FRONTEIRAS DO PENSAMENTO - 2ª TEMPORADA;2020;Renúncia — Outros Mecanismos;RADIODIFUSÃO DE SONS E IMAGENS (TV ABERTA);619321.72
B2000036900000;FÉRIAS EM FAMÍLIA - 2ª TEMPORADA;2020;Renúncia — Art.3/3-A/39;COMUNICAÇÃO ELETRÔNICA DE MASSA POR ASSINATURA (TV PAGA);2999562.55
B2000028300000;GABRIEL MEDINA;2020;Renúncia — Art.3/3-A/39;COMUNICAÇÃO ELETRÔNICA DE MASSA POR ASSINATURA (TV PAGA);559906.92
B2000361000000;GUATÓ: UMA REMADA NO TEMPO;2020;Renúncia — Art.3/3-A/39;COMUNICAÇÃO ELETRÔNICA DE MASSA POR ASSINATURA (TV PAGA);331080.33
B2000072100000;GUI E ESTOPA 5ª TEMPORADA;2020;Renúncia — Outros Mecanismos;COMUNICAÇÃO ELETRÔNICA DE MASSA POR ASSINATURA (TV PAGA);938367.09
B2000362200000;GUIA POLITICAMENTE INCORRETO II;2020;Renúncia — Art.3/3-A/39;COMUNICAÇÃO ELETRÔNICA DE MASSA POR ASSINATURA (TV PAGA);1963573.82
B2000162700000;IDEIAS PARA O MUNDO;2020;Renúncia — Outros Mecanismos;COMUNICAÇÃO ELETRÔNICA DE MASSA POR ASSINATURA (TV PAGA);973751.24
B2100261900000;INSÂNIA;2020;Renúncia — Art.3/3-A/39;COMUNICAÇÃO ELETRÔNICA DE MASSA POR ASSINATURA (TV PAGA);11106368.27
B2000484600000;JOVENS GUERREIROS;2020;Renúncia — Art.3/3-A/39;COMUNICAÇÃO ELETRÔNICA DE MASSA POR ASSINATURA (TV PAGA);1865077.03
B2100016600000;NASCIDOS PARA O COMBATE - 5ª TEMPORADA;2020;Renúncia — Art.3/3-A/39;COMUNICAÇÃO ELETRÔNICA DE MASSA POR ASSINATURA (TV PAGA);1915428.0
B2000127200000;O DONO DO LAR 2ª TEMPORADA;2020;Renúncia — Art.3/3-A/39;COMUNICAÇÃO ELETRÔNICA DE MASSA POR ASSINATURA (TV PAGA);3691879.57
B2000402300000;ODILON, RÉU DE SI MESMO;2020;Renúncia — Art.3/3-A/39;COMUNICAÇÃO ELETRÔNICA DE MASSA POR ASSINATURA (TV PAGA);1338125.85
B2000078100000;ONDE O BENEDITO ENCONTRA O CEDROS;2020;Renúncia — Outros Mecanismos;COMUNICAÇÃO ELETRÔNICA DE MASSA POR ASSINATURA (TV PAGA);159407.03
B2000535600000;OS SZAFIRS - 1ª TEMPORADA;2020;Renúncia — Art.3/3-A/39;COMUNICAÇÃO ELETRÔNICA DE MASSA POR ASSINATURA (TV PAGA);3639142.88
B2200463100000;PAPAYA BULL - TERCEIRA TEMPORADA;2020;Renúncia — Art.3/3-A/39;COMUNICAÇÃO ELETRÔNICA DE MASSA POR ASSINATURA (TV PAGA);2681599.2
B2000461900000;PRAZER EM CONHECER;2020;Renúncia — Art.3/3-A/39;COMUNICAÇÃO ELETRÔNICA DE MASSA POR ASSINATURA (TV PAGA);278225.49
B2000322000000;QUEM É VOCÊ?;2020;Renúncia — Outros Mecanismos;RADIODIFUSÃO DE SONS E IMAGENS (TV ABERTA);76617.12
B2000096400000;SAMBALANÇO - A BOSSA QUE DANÇA;2020;Renúncia — Art.3/3-A/39;COMUNICAÇÃO ELETRÔNICA DE MASSA POR ASSINATURA (TV PAGA);0.0
B2000102100000;SENNINHA NA PISTA MALUCA - SEGUNDA TEMPORADA;2020;Renúncia — Art.3/3-A/39;COMUNICAÇÃO ELETRÔNICA DE MASSA POR ASSINATURA (TV PAGA);3801581.65
B2000050600000;SOPRO, XINGU, CARIRI, CARUARU, CARIOCA;2020;Renúncia — Art.3/3-A/39;COMUNICAÇÃO ELETRÔNICA DE MASSA POR ASSINATURA (TV PAGA);10267266.22
B2000473500000;TERRAS TROPICAIS;2020;Renúncia — Art.3/3-A/39;COMUNICAÇÃO ELETRÔNICA DE MASSA POR ASSINATURA (TV PAGA);655076.38
B2000065100000;UM CONTRA TODOS - QUARTA TEMPORADA;2020;Renúncia — Art.3/3-A/39;COMUNICAÇÃO ELETRÔNICA DE MASSA POR ASSINATURA (TV PAGA);8554791.87
B2000142500000;UM DIA QUALQUER - SÉRIE;2020;Renúncia — Art.3/3-A/39;COMUNICAÇÃO ELETRÔNICA DE MASSA POR ASSINATURA (TV PAGA);898287.21
B2000003500000;VIAGEM A QUALQUER CUSTO;2020;Renúncia — Art.3/3-A/39;COMUNICAÇÃO ELETRÔNICA DE MASSA POR ASSINATURA (TV PAGA);1201619.43
B2000075900000;VIAJO LOGO EXISTO;2020;Renúncia — Outros Mecanismos;COMUNICAÇÃO ELETRÔNICA DE MASSA POR ASSINATURA (TV PAGA);1041485.92
B2100460300000;30 SEGUNDOS;2021;Renúncia — Art.3/3-A/39;COMUNICAÇÃO ELETRÔNICA DE MASSA POR ASSINATURA (TV PAGA);2232059.19
B2100239900000;ALMANAQUE DOS ESPORTES - 3A TEMPORADA;2021;Renúncia — Art.3/3-A/39;COMUNICAÇÃO ELETRÔNICA DE MASSA POR ASSINATURA (TV PAGA);1450290.0
B2100403800000;CARANGAS ABSURDAS;2021;Renúncia — Art.3/3-A/39;COMUNICAÇÃO ELETRÔNICA DE MASSA POR ASSINATURA (TV PAGA);1058773.82
B2100414300000;CLUBE DA ANITTINHA - TERCEIRA TEMPORADA;2021;Renúncia — Art.3/3-A/39;COMUNICAÇÃO ELETRÔNICA DE MASSA POR ASSINATURA (TV PAGA);3452203.6
B2100302700000;DRAG ME AS A QUEEN – TERCEIRA TEMPORADA;2021;Renúncia — Art.3/3-A/39;COMUNICAÇÃO ELETRÔNICA DE MASSA POR ASSINATURA (TV PAGA);2919728.55
B2100491200000;EM NOME DA JUSTIÇA - 2ª TEMPORADA;2021;Renúncia — Art.3/3-A/39;COMUNICAÇÃO ELETRÔNICA DE MASSA POR ASSINATURA (TV PAGA);3011895.02
B2100498200000;ESTRADA NATURAL;2021;Renúncia — Outros Mecanismos;COMUNICAÇÃO ELETRÔNICA DE MASSA POR ASSINATURA (TV PAGA);542988.58
B2100446100000;FUJA SE FOR CAPAZ;2021;Renúncia — Art.3/3-A/39;COMUNICAÇÃO ELETRÔNICA DE MASSA POR ASSINATURA (TV PAGA);3480696.0
B2100168100000;GALERA FC;2021;Renúncia — Art.3/3-A/39;COMUNICAÇÃO ELETRÔNICA DE MASSA POR ASSINATURA (TV PAGA);4589019.13
B2100433700000;GLITTER MODEL - GIRL POWER JÁ;2021;Renúncia — Art.3/3-A/39;COMUNICAÇÃO ELETRÔNICA DE MASSA POR ASSINATURA (TV PAGA);3480115.26
B2300427900000;HOMENS DO CAMINHO - ROTAS HISTÓRICAS BRASILEIRAS A CAVALO - 3ª TEMPORADA;2021;Renúncia — Outros Mecanismos;COMUNICAÇÃO ELETRÔNICA DE MASSA POR ASSINATURA (TV PAGA);1401884.7
B2100323600000;HOMENS DO CAMINHO - ROTAS HISTÓRICAS BRASILEIRAS NA COMPANHIA DO MANGALARGA MARCHADOR - 2ª TEMPORADA;2021;Renúncia — Outros Mecanismos;COMUNICAÇÃO ELETRÔNICA DE MASSA POR ASSINATURA (TV PAGA);1473172.23
B2100450400000;INSPIRA.MOV BRASIL - TERCEIRA TEMPORADA;2021;Renúncia — Outros Mecanismos;RADIODIFUSÃO DE SONS E IMAGENS (TV ABERTA);638127.6
B2100074100000;IRMÃO DO JOREL - 4ª TEMPORADA;2021;Renúncia — Art.3/3-A/39;COMUNICAÇÃO ELETRÔNICA DE MASSA POR ASSINATURA (TV PAGA);7939389.45
B2100525200000;JUJU BOOT CAMP - 2ª TEMPORADA;2021;Renúncia — Art.3/3-A/39;COMUNICAÇÃO ELETRÔNICA DE MASSA POR ASSINATURA (TV PAGA);3480696.0
B2100272900000;O HÓSPEDE AMERICANO;2021;Renúncia — Art.3/3-A/39;COMUNICAÇÃO ELETRÔNICA DE MASSA POR ASSINATURA (TV PAGA);16979915.96
B2100148700000;O RIM DE RILDO;2021;Renúncia — Art.3/3-A/39;RADIODIFUSÃO DE SONS E IMAGENS (TV ABERTA);0.0
B2100176100000;OS AUSENTES;2021;Renúncia — Art.3/3-A/39;COMUNICAÇÃO ELETRÔNICA DE MASSA POR ASSINATURA (TV PAGA);0.0
B2100179800000;OS SZAFIRS - 2ª TEMPORADA;2021;Renúncia — Art.3/3-A/39;COMUNICAÇÃO ELETRÔNICA DE MASSA POR ASSINATURA (TV PAGA);3279234.43
B2100452000000;PALAVRA ALADA;2021;Renúncia — Outros Mecanismos;RADIODIFUSÃO DE SONS E IMAGENS (TV ABERTA);406081.2
B2100077600000;PAPO MUSICAL;2021;Renúncia — Outros Mecanismos;COMUNICAÇÃO ELETRÔNICA DE MASSA POR ASSINATURA (TV PAGA);174034.8
B2100359600000;SOCIEDADE DO CANSAÇO;2021;Renúncia — Art.3/3-A/39;COMUNICAÇÃO ELETRÔNICA DE MASSA POR ASSINATURA (TV PAGA);3116298.86
B2100518800000;TEATRO UMA JANELA PARA A VIDA;2021;Renúncia — Outros Mecanismos;VIDEO DOMÉSTICO;208841.76
B2100115400000;TIME DE FÁBRICA;2021;Renúncia — Outros Mecanismos;COMUNICAÇÃO ELETRÔNICA DE MASSA POR ASSINATURA (TV PAGA);82987.76
B2200401100000;24 HORAS PARA REDECORAR – 2ª TEMPORADA;2022;Renúncia — Art.3/3-A/39;COMUNICAÇÃO ELETRÔNICA DE MASSA POR ASSINATURA (TV PAGA);2340351.83
B2200292500000;AEROPORTO - ÁREA RESTRITA (4A TEMPORADA);2022;Renúncia — Art.3/3-A/39;COMUNICAÇÃO ELETRÔNICA DE MASSA POR ASSINATURA (TV PAGA);2259790.92
B2300041400000;ANDES EXTREMO;2022;Renúncia — Art.3/3-A/39;COMUNICAÇÃO ELETRÔNICA DE MASSA POR ASSINATURA (TV PAGA);1772451.8
B2200422100000;BELEZA DA NOITE;2022;Renúncia — Art.3/3-A/39;RADIODIFUSÃO DE SONS E IMAGENS (TV ABERTA);383855.85
B2200085600000;BOSSA NOSSA;2022;Renúncia — Art.3/3-A/39;COMUNICAÇÃO ELETRÔNICA DE MASSA POR ASSINATURA (TV PAGA);383855.85
B2200246400000;DEPOIS DO FOGO - TECNOLOGIAS QUE MUDARAM E VÃO MUDAR O MUNDO;2022;Renúncia — Outros Mecanismos;RADIODIFUSÃO DE SONS E IMAGENS (TV ABERTA);383855.85
B2300442700000;DESCOSTURANDO COM HERCHCOVITCH;2022;Renúncia — Art.3/3-A/39;COMUNICAÇÃO ELETRÔNICA DE MASSA POR ASSINATURA (TV PAGA);3290193.0
B2200247300000;ECONOMIA CIRCULAR;2022;Renúncia — Outros Mecanismos;RADIODIFUSÃO DE SONS E IMAGENS (TV ABERTA);317048.59
B2300485700000;ESQUADRÃO DO MAR AZUL;2022;Renúncia — Art.3/3-A/39;COMUNICAÇÃO ELETRÔNICA DE MASSA POR ASSINATURA (TV PAGA);0.0
B2200105200000;EXPEDICIONÁRIOS DO BRASIL;2022;Renúncia — Outros Mecanismos;COMUNICAÇÃO ELETRÔNICA DE MASSA POR ASSINATURA (TV PAGA);780180.54
B2200313300000;FOME DE LUTA;2022;Renúncia — Art.3/3-A/39;COMUNICAÇÃO ELETRÔNICA DE MASSA POR ASSINATURA (TV PAGA);1778192.0
B2200310400000;FUJA SE FOR CAPAZ - 2ª TEMPORADA;2022;Renúncia — Art.3/3-A/39;COMUNICAÇÃO ELETRÔNICA DE MASSA POR ASSINATURA (TV PAGA);3290193.0
B2200176000000;FUNK.DOC - POPULAR E PROIBIDO;2022;Renúncia — Art.3/3-A/39;COMUNICAÇÃO ELETRÔNICA DE MASSA POR ASSINATURA (TV PAGA);2046866.67
B2200325200000;GIGABLASTER 3ª TEMPORADA;2022;Renúncia — Art.3/3-A/39;COMUNICAÇÃO ELETRÔNICA DE MASSA POR ASSINATURA (TV PAGA);3290193.0
B2200228000000;INDÚSTRIA 4.0;2022;Renúncia — Outros Mecanismos;RADIODIFUSÃO DE SONS E IMAGENS (TV ABERTA);548365.5
B2200171000000;LAMPZ;2022;Renúncia — Outros Mecanismos;RADIODIFUSÃO DE SONS E IMAGENS (TV ABERTA);625136.67
B2200507800000;MAPA DAS ESTRELAS;2022;Renúncia — Art.3/3-A/39;COMUNICAÇÃO ELETRÔNICA DE MASSA POR ASSINATURA (TV PAGA);1825994.82
B2200210000000;MAPA DO POP - 3° TEMPORADA;2022;Renúncia — Art.3/3-A/39;COMUNICAÇÃO ELETRÔNICA DE MASSA POR ASSINATURA (TV PAGA);1871752.96
B2200147500000;MAR BRASIL - 2ª TEMPORADA;2022;Renúncia — Art.3/3-A/39;COMUNICAÇÃO ELETRÔNICA DE MASSA POR ASSINATURA (TV PAGA);0.0
B2200409000000;MARIGHELLA - SÉRIE;2022;Renúncia — Art.3/3-A/39;RADIODIFUSÃO DE SONS E IMAGENS (TV ABERTA);2193462.0
B2200310600000;MENOS É DEMAIS - 3A TEMPORADA;2022;Renúncia — Art.3/3-A/39;COMUNICAÇÃO ELETRÔNICA DE MASSA POR ASSINATURA (TV PAGA);1731706.21
B2200173200000;MIND THE LIMITS;2022;Renúncia — Art.3/3-A/39;RADIODIFUSÃO DE SONS E IMAGENS (TV ABERTA);0.0
B2300064700000;MULHERES NA LUTA - 2ª TEMPORADA;2022;Renúncia — Art.3/3-A/39;COMUNICAÇÃO ELETRÔNICA DE MASSA POR ASSINATURA (TV PAGA);2775606.81
B2200351200000;MULHERES VS COVID-19;2022;Renúncia — Art.3/3-A/39;COMUNICAÇÃO ELETRÔNICA DE MASSA POR ASSINATURA (TV PAGA);87738.48
B2300261300000;NA ESTRADA DO JIU JITSU 3ª TEMPORADA;2022;Renúncia — Art.3/3-A/39;COMUNICAÇÃO ELETRÔNICA DE MASSA POR ASSINATURA (TV PAGA);738384.5
B2200418100000;NA TERRA DOS BICHOS;2022;Renúncia — Art.3/3-A/39;COMUNICAÇÃO ELETRÔNICA DE MASSA POR ASSINATURA (TV PAGA);0.0
B2200228100000;O FUTURO DO TRABALHO;2022;Renúncia — Outros Mecanismos;RADIODIFUSÃO DE SONS E IMAGENS (TV ABERTA);98705.79
B2200324900000;OPERAÇÃO FRONTEIRA BRASIL - 1ª TEMPORADA;2022;Renúncia — Art.3/3-A/39;COMUNICAÇÃO ELETRÔNICA DE MASSA POR ASSINATURA (TV PAGA);4901508.42
B2200087900000;OSWALDO MASSAINI - UMA PAIXÃO PELO CINEMA;2022;Renúncia — Art.3/3-A/39;COMUNICAÇÃO ELETRÔNICA DE MASSA POR ASSINATURA (TV PAGA);3290193.0
B2200452100000;PAPAYA BULL - SEGUNDA TEMPORADA;2022;Renúncia — Art.3/3-A/39;COMUNICAÇÃO ELETRÔNICA DE MASSA POR ASSINATURA (TV PAGA);2313293.79
B2200376500000;PERICIA LAB;2022;Renúncia — Art.3/3-A/39;COMUNICAÇÃO ELETRÔNICA DE MASSA POR ASSINATURA (TV PAGA);2081961.3
B2200304100000;QUEM SALVA QUEM?;2022;Renúncia — Art.3/3-A/39;COMUNICAÇÃO ELETRÔNICA DE MASSA POR ASSINATURA (TV PAGA);1973354.44
B2200157800000;RIOS VOADORES;2022;Renúncia — Art.3/3-A/39;RADIODIFUSÃO DE SONS E IMAGENS (TV ABERTA);0.0
B2200343100000;SEM BLOQUEIO;2022;Renúncia — Art.3/3-A/39;COMUNICAÇÃO ELETRÔNICA DE MASSA POR ASSINATURA (TV PAGA);1562841.67
B2200166200000;SUBSOLO;2022;Renúncia — Art.3/3-A/39;OUTROS MERCADOS - AUDIOVISUAL EM CIRCUITO RESTRITO;219346.2
B2200370700000;TERRITÓRIO ANTÁRTICO;2022;Renúncia — Art.3/3-A/39;COMUNICAÇÃO ELETRÔNICA DE MASSA POR ASSINATURA (TV PAGA);312222.85
B2200066200000;TUCA ESPECIAL DIA DAS BRUXAS - UMA NOITE ARREPIANTE -  ANIMAÇÃO;2022;Renúncia — Art.3/3-A/39;COMUNICAÇÃO ELETRÔNICA DE MASSA POR ASSINATURA (TV PAGA);99638.01
B2200192800000;TUDO FÁCIL;2022;Renúncia — Art.3/3-A/39;COMUNICAÇÃO ELETRÔNICA DE MASSA POR ASSINATURA (TV PAGA);862831.18
B2200372100000;UM DIA DE CHEF - 3° TEMPORADA;2022;Renúncia — Art.3/3-A/39;COMUNICAÇÃO ELETRÔNICA DE MASSA POR ASSINATURA (TV PAGA);1597011.72
B2300040600000;UM DIA DE CHEF - 4º TEMPORADA;2022;Renúncia — Art.3/3-A/39;COMUNICAÇÃO ELETRÔNICA DE MASSA POR ASSINATURA (TV PAGA);1644219.83
B2200462300000;UMA SENHORA PANELA;2022;Renúncia — Art.3/3-A/39;COMUNICAÇÃO ELETRÔNICA DE MASSA POR ASSINATURA (TV PAGA);0.0
B2200325300000;VAMOS BRINCAR COM A TURMA DA MÔNICA - 1ª TEMPORADA;2022;Renúncia — Art.3/3-A/39;COMUNICAÇÃO ELETRÔNICA DE MASSA POR ASSINATURA (TV PAGA);3290193.0
B2300211800000;#DEIXAELA;2023;Renúncia — Art.3/3-A/39;COMUNICAÇÃO ELETRÔNICA DE MASSA POR ASSINATURA (TV PAGA);995885.0
B2300290700000;24 HORAS PARA REDECORAR – 3ª TEMPORADA;2023;Renúncia — Art.3/3-A/39;COMUNICAÇÃO ELETRÔNICA DE MASSA POR ASSINATURA (TV PAGA);2237003.26
B2300419800000;A FLOR DA IDADE;2023;Renúncia — Art.3/3-A/39;RADIODIFUSÃO DE SONS E IMAGENS (TV ABERTA);471735.0
B2300352800000;A ONDA;2023;Renúncia — Art.3/3-A/39;COMUNICAÇÃO ELETRÔNICA DE MASSA POR ASSINATURA (TV PAGA);1493827.5
B2300149300000;A VIRADA;2023;Renúncia — Art.3/3-A/39;COMUNICAÇÃO ELETRÔNICA DE MASSA POR ASSINATURA (TV PAGA);2201430.0
B2300472000000;ABERTO PARA COMPRAS;2023;Renúncia — Art.3/3-A/39;COMUNICAÇÃO ELETRÔNICA DE MASSA POR ASSINATURA (TV PAGA);2348203.93
B2300403800000;ACENDE A LUZ;2023;Renúncia — Art.3/3-A/39;COMUNICAÇÃO ELETRÔNICA DE MASSA POR ASSINATURA (TV PAGA);1098036.91
B2300457700000;AEROPORTO - ÁREA RESTRITA (5A TEMPORADA);2023;Renúncia — Art.3/3-A/39;COMUNICAÇÃO ELETRÔNICA DE MASSA POR ASSINATURA (TV PAGA);2685905.05
B2300319100000;ALTA ESTIMA;2023;Renúncia — Art.3/3-A/39;COMUNICAÇÃO ELETRÔNICA DE MASSA POR ASSINATURA (TV PAGA);3120242.57
B2300561600000;AMAZING RIDERS;2023;Renúncia — Art.3/3-A/39;COMUNICAÇÃO ELETRÔNICA DE MASSA POR ASSINATURA (TV PAGA);1991080.01
B2300408400000;ASTRONAUTA;2023;Renúncia — Art.3/3-A/39;COMUNICAÇÃO ELETRÔNICA DE MASSA POR ASSINATURA (TV PAGA);5665905.29
B2300149000000;AUTO POSTO - 2ª TEMPORADA;2023;Renúncia — Art.3/3-A/39;COMUNICAÇÃO ELETRÔNICA DE MASSA POR ASSINATURA (TV PAGA);0.0
B2300408800000;BELEZA GG -3A.TEMPORADA;2023;Renúncia — Art.3/3-A/39;COMUNICAÇÃO ELETRÔNICA DE MASSA POR ASSINATURA (TV PAGA);3564273.75
B2300418300000;BLACK TO BLACK;2023;Renúncia — Art.3/3-A/39;COMUNICAÇÃO ELETRÔNICA DE MASSA POR ASSINATURA (TV PAGA);572895.95
B2300532700000;BRASIL 2050 - 3ª TEMPORADA;2023;Renúncia — Outros Mecanismos;COMUNICAÇÃO ELETRÔNICA DE MASSA POR ASSINATURA (TV PAGA);1153130.0
B2300527200000;BRAVA MENTE;2023;Renúncia — Art.3/3-A/39;COMUNICAÇÃO ELETRÔNICA DE MASSA POR ASSINATURA (TV PAGA);0.0
B2300565500000;CARA A CARA;2023;Renúncia — Art.3/3-A/39;COMUNICAÇÃO ELETRÔNICA DE MASSA POR ASSINATURA (TV PAGA);2850439.07
B2300289200000;CAÇADORES DOS VENTOS - NO LIMITE;2023;Renúncia — Outros Mecanismos;COMUNICAÇÃO ELETRÔNICA DE MASSA POR ASSINATURA (TV PAGA);1508375.37
B2300184700000;CHUTEIRA PRETA - JOGOS ILEGAIS;2023;Renúncia — Art.3/3-A/39;COMUNICAÇÃO ELETRÔNICA DE MASSA POR ASSINATURA (TV PAGA);0.0
B2300103400000;COISA DE MENINO;2023;Renúncia — Art.3/3-A/39;COMUNICAÇÃO ELETRÔNICA DE MASSA POR ASSINATURA (TV PAGA);1012162.74
B2300043900000;COMADRES;2023;Renúncia — Art.3/3-A/39;RADIODIFUSÃO DE SONS E IMAGENS (TV ABERTA);366905.0
B2300443400000;CONDOR;2023;Renúncia — Outros Mecanismos;RADIODIFUSÃO DE SONS E IMAGENS (TV ABERTA);932987.0
B2400284000000;DE VOLTA AO PARAÍSO;2023;Renúncia — Art.3/3-A/39;COMUNICAÇÃO ELETRÔNICA DE MASSA POR ASSINATURA (TV PAGA);419320.0
B2300517000000;DIÁRIO DE UMA ONÇA;2023;Renúncia — Art.3/3-A/39;VIDEO DOMÉSTICO;0.0
B2300200500000;DO AMOR E DE LUTA;2023;Renúncia — Art.3/3-A/39;COMUNICAÇÃO ELETRÔNICA DE MASSA POR ASSINATURA (TV PAGA);2917353.12
B2300338100000;DOS SAMURAIS AO MMA 500 ANOS DE LUTA;2023;Renúncia — Art.3/3-A/39;COMUNICAÇÃO ELETRÔNICA DE MASSA POR ASSINATURA (TV PAGA);0.0
B2300125800000;ENSINANDO COMO APRECIAR VINHOS;2023;Renúncia — Outros Mecanismos;COMUNICAÇÃO ELETRÔNICA DE MASSA POR ASSINATURA (TV PAGA);203976.53
B2300362800000;EXPERIÊNCIA DE MESTRE;2023;Renúncia — Art.3/3-A/39;COMUNICAÇÃO ELETRÔNICA DE MASSA POR ASSINATURA (TV PAGA);3142858.15
B2300194000000;FAZ TEU CORRE;2023;Renúncia — Art.3/3-A/39;COMUNICAÇÃO ELETRÔNICA DE MASSA POR ASSINATURA (TV PAGA);628980.0
B2300212100000;FIGHT CLASSICS;2023;Renúncia — Art.3/3-A/39;COMUNICAÇÃO ELETRÔNICA DE MASSA POR ASSINATURA (TV PAGA);0.0
B2300437700000;FUJA SE FOR CAPAZ - 3ª TEMPORADA;2023;Renúncia — Art.3/3-A/39;COMUNICAÇÃO ELETRÔNICA DE MASSA POR ASSINATURA (TV PAGA);3144900.0
B2300176600000;FUTURO DA EDUCAÇÃO;2023;Renúncia — Outros Mecanismos;RADIODIFUSÃO DE SONS E IMAGENS (TV ABERTA);497942.5
B2300174700000;GIGABLASTER  4ª  TEMPORADA;2023;Renúncia — Art.3/3-A/39;COMUNICAÇÃO ELETRÔNICA DE MASSA POR ASSINATURA (TV PAGA);0.0
B2300375800000;LENDAS DO MOTOCROSS BRASILEIRO;2023;Renúncia — Outros Mecanismos;COMUNICAÇÃO ELETRÔNICA DE MASSA POR ASSINATURA (TV PAGA);681078.8
B2300345800000;LUANA É DE LUA - 2 TEMPORADA;2023;Renúncia — Art.3/3-A/39;COMUNICAÇÃO ELETRÔNICA DE MASSA POR ASSINATURA (TV PAGA);1322848.5
B2300319000000;LÍNGUAS DA NOSSA LÍNGUA;2023;Renúncia — Art.3/3-A/39;COMUNICAÇÃO ELETRÔNICA DE MASSA POR ASSINATURA (TV PAGA);437141.1
B2300240200000;MAPA DO CAFÉ;2023;Renúncia — Art.3/3-A/39;COMUNICAÇÃO ELETRÔNICA DE MASSA POR ASSINATURA (TV PAGA);0.0
B2300120400000;MARIA;2023;Renúncia — Art.3/3-A/39;RADIODIFUSÃO DE SONS E IMAGENS (TV ABERTA);447102.57
B2300211700000;MASSACRE NA ESCOLA - A TRAGÉDIA DAS MENINAS DE REALENGO;2023;Renúncia — Art.3/3-A/39;COMUNICAÇÃO ELETRÔNICA DE MASSA POR ASSINATURA (TV PAGA);1905247.84
B2300332700000;MEDICINA: SAÚDE E BEM-ESTAR;2023;Renúncia — Outros Mecanismos;RADIODIFUSÃO DE SONS E IMAGENS (TV ABERTA);330779.95
B2300200800000;MENOS É DEMAIS - 4A TEMPORADA;2023;Renúncia — Art.3/3-A/39;COMUNICAÇÃO ELETRÔNICA DE MASSA POR ASSINATURA (TV PAGA);1822963.09
B2300268100000;MUNDO INVISÍVEL DOS GAMERS;2023;Renúncia — Art.3/3-A/39;COMUNICAÇÃO ELETRÔNICA DE MASSA POR ASSINATURA (TV PAGA);722547.16
B2300387700000;NOS BARES DA VIDA;2023;Renúncia — Art.3/3-A/39;COMUNICAÇÃO ELETRÔNICA DE MASSA POR ASSINATURA (TV PAGA);689337.65
B2300377700000;O FUTURO DA MEDICINA;2023;Renúncia — Outros Mecanismos;RADIODIFUSÃO DE SONS E IMAGENS (TV ABERTA);366905.0
B2300463800000;O FUTURO DO AGRONEGÓCIO;2023;Renúncia — Outros Mecanismos;COMUNICAÇÃO ELETRÔNICA DE MASSA POR ASSINATURA (TV PAGA);365771.35
B2300349500000;O FUTURO É FEMININO;2023;Renúncia — Art.3/3-A/39;COMUNICAÇÃO ELETRÔNICA DE MASSA POR ASSINATURA (TV PAGA);398354.0
B2300123600000;O OUTRO MUNDO DE SOFIA;2023;Renúncia — Art.3/3-A/39;COMUNICAÇÃO ELETRÔNICA DE MASSA POR ASSINATURA (TV PAGA);1137405.5
B2300346500000;OLHOS DA LEI;2023;Renúncia — Art.3/3-A/39;COMUNICAÇÃO ELETRÔNICA DE MASSA POR ASSINATURA (TV PAGA);3549266.07
B2300276100000;ONDA DE ESPERANÇA;2023;Renúncia — Art.3/3-A/39;COMUNICAÇÃO ELETRÔNICA DE MASSA POR ASSINATURA (TV PAGA);524150.0
B2300127600000;OPERAÇÃO FRONTEIRA BRASIL - 2º TEMPORADA;2023;Renúncia — Art.3/3-A/39;COMUNICAÇÃO ELETRÔNICA DE MASSA POR ASSINATURA (TV PAGA);4968579.08
B2300435100000;OPERAÇÃO FRONTEIRA BRASIL - 3º TEMPORADA;2023;Renúncia — Art.3/3-A/39;COMUNICAÇÃO ELETRÔNICA DE MASSA POR ASSINATURA (TV PAGA);4968579.07
B2300311700000;PARA OS QUE FICAM;2023;Renúncia — Art.3/3-A/39;COMUNICAÇÃO ELETRÔNICA DE MASSA POR ASSINATURA (TV PAGA);784259.44
B2300427100000;PARÁ MUSICAL;2023;Renúncia — Art.3/3-A/39;COMUNICAÇÃO ELETRÔNICA DE MASSA POR ASSINATURA (TV PAGA);659278.49
B2300040400000;PASSAPORTE FEMININO;2023;Renúncia — Art.3/3-A/39;COMUNICAÇÃO ELETRÔNICA DE MASSA POR ASSINATURA (TV PAGA);594094.39
B2300448400000;PECADOS REVELADOS;2023;Renúncia — Art.3/3-A/39;COMUNICAÇÃO ELETRÔNICA DE MASSA POR ASSINATURA (TV PAGA);0.0
B2300532800000;PECUÁRIA EM FOCO - EDUCAÇÃO;2023;Renúncia — Outros Mecanismos;COMUNICAÇÃO ELETRÔNICA DE MASSA POR ASSINATURA (TV PAGA);693596.16
B2300283400000;QUE BELA PIZZA!;2023;Renúncia — Art.3/3-A/39;COMUNICAÇÃO ELETRÔNICA DE MASSA POR ASSINATURA (TV PAGA);0.0
B2300351600000;SEM BLOQUEIO - 2ª TEMPORADA;2023;Renúncia — Art.3/3-A/39;COMUNICAÇÃO ELETRÔNICA DE MASSA POR ASSINATURA (TV PAGA);1493827.5
B2300328500000;SOCIEDADES MATRIARCAIS;2023;Renúncia — Art.3/3-A/39;COMUNICAÇÃO ELETRÔNICA DE MASSA POR ASSINATURA (TV PAGA);0.0
B2300338900000;SURDES;2023;Renúncia — Art.3/3-A/39;COMUNICAÇÃO ELETRÔNICA DE MASSA POR ASSINATURA (TV PAGA);482969.74
B2300214300000;TRANSMUSICAL;2023;Renúncia — Art.3/3-A/39;COMUNICAÇÃO ELETRÔNICA DE MASSA POR ASSINATURA (TV PAGA);344273.38
B2300346800000;UNIDADE BÁSICA - 3ª TEMPORADA;2023;Renúncia — Art.3/3-A/39;COMUNICAÇÃO ELETRÔNICA DE MASSA POR ASSINATURA (TV PAGA);3878710.0
B2300449800000;VAMOS BRINCAR COM A TURMA DA MÔNICA – 2ª TEMPORADA;2023;Renúncia — Art.3/3-A/39;COMUNICAÇÃO ELETRÔNICA DE MASSA POR ASSINATURA (TV PAGA);3144900.0
B2300280300000;VEM COM ELAS!;2023;Renúncia — Art.3/3-A/39;COMUNICAÇÃO ELETRÔNICA DE MASSA POR ASSINATURA (TV PAGA);1493827.5
B1600324600000;BILL, O TOURO;2015;FSA SAV/MINC / Arranjos Regionais;RADIODIFUSÃO DE SONS E IMAGENS (TV ABERTA);396500.57
B1800159100000;DIVERSIDADE;2015;FSA SAV/MINC / Arranjos Regionais;RADIODIFUSÃO DE SONS E IMAGENS (TV ABERTA);562959.94
B1700012000000;A PROFESSORA DE MÚSICA;2016;FSA SAV/MINC / Arranjos Regionais;RADIODIFUSÃO DE SONS E IMAGENS (TV ABERTA);198268.13
B1600713500000;AS AVENTURAS DE MINUANO KID;2016;FSA SAV/MINC / Arranjos Regionais;RADIODIFUSÃO DE SONS E IMAGENS (TV ABERTA);237081.6
B1700401900000;EU MORO AQUI;2016;FSA SAV/MINC / Arranjos Regionais;RADIODIFUSÃO DE SONS E IMAGENS (TV ABERTA);495670.34
B1600473500000;QUATRO MILAGRES DE UM SANTO LADRÃO;2016;FSA SAV/MINC / Arranjos Regionais;COMUNICAÇÃO ELETRÔNICA DE MASSA POR ASSINATURA (TV PAGA);237081.6
B1700542200000;ALCE & ALICE;2017;FSA SAV/MINC / Arranjos Regionais;RADIODIFUSÃO DE SONS E IMAGENS (TV ABERTA);237081.6
B1800408800000;AURORA 1964;2017;FSA SAV/MINC / Arranjos Regionais;RADIODIFUSÃO DE SONS E IMAGENS (TV ABERTA);856186.25
B1700620000000;BRAZIL, MADE IN PARANÁ;2017;FSA SAV/MINC / Arranjos Regionais;COMUNICAÇÃO ELETRÔNICA DE MASSA POR ASSINATURA (TV PAGA);920899.77
B1900426000000;CANAL 60;2017;FSA SAV/MINC / Arranjos Regionais;COMUNICAÇÃO ELETRÔNICA DE MASSA POR ASSINATURA (TV PAGA);80298.59
B1900452000000;CLANDESTINO;2017;FSA SAV/MINC / Arranjos Regionais;OUTROS MERCADOS - VÍDEO POR DEMANDA;1089682.52
B1700342300000;DIÁRIOS DA FLORESTA;2017;FSA SAV/MINC / Arranjos Regionais;RADIODIFUSÃO DE SONS E IMAGENS (TV ABERTA);991340.63
B1900203700000;JOÃO E MARIA - UMA AVENTURA NO CERRADO (O FILME);2017;FSA SAV/MINC / Arranjos Regionais;RADIODIFUSÃO DE SONS E IMAGENS (TV ABERTA);2900357.21
B1800443100000;LENINGRADO LINHA 41;2017;FSA SAV/MINC / Arranjos Regionais;OUTROS MERCADOS - AUDIOVISUAL EM CIRCUITO RESTRITO;49568.02
B1700214000000;NO FIM DE TUDO;2017;FSA SAV/MINC / Arranjos Regionais;OUTROS MERCADOS - AUDIOVISUAL EM CIRCUITO RESTRITO;49568.02
B1800609700000;O SAMBA QUE MORA AQUI;2017;FSA SAV/MINC / Arranjos Regionais;RADIODIFUSÃO DE SONS E IMAGENS (TV ABERTA);2297911.36
B1700070600000;O SENHOR DAS JORNADAS;2017;FSA SAV/MINC / Arranjos Regionais;RADIODIFUSÃO DE SONS E IMAGENS (TV ABERTA);247835.17
B1700510100000;PAULA PARANORMAL;2017;FSA SAV/MINC / Arranjos Regionais;COMUNICAÇÃO ELETRÔNICA DE MASSA POR ASSINATURA (TV PAGA);80298.59
B1800236000000;PROFETAS DA CHUVA;2017;FSA SAV/MINC / Arranjos Regionais;COMUNICAÇÃO ELETRÔNICA DE MASSA POR ASSINATURA (TV PAGA);325104.42
B1800364300000;SABÁ;2017;FSA SAV/MINC / Arranjos Regionais;OUTROS MERCADOS;106337.52
B1900412100000;A VOZ DO VERBO ENCANTADO;2018;FSA SAV/MINC / Arranjos Regionais;RADIODIFUSÃO DE SONS E IMAGENS (TV ABERTA);342923.91
B1800093300000;ANJOS HUMANOS;2018;FSA SAV/MINC / Arranjos Regionais;RADIODIFUSÃO DE SONS E IMAGENS (TV ABERTA);409246.95
B1800394600000;BOTECAM;2018;FSA SAV/MINC / Arranjos Regionais;RADIODIFUSÃO DE SONS E IMAGENS (TV ABERTA);190337.41
B1900032600000;CARTAS PARA...A SÉRIE, ESCRITORAS BAIANAS;2018;FSA SAV/MINC / Arranjos Regionais;RADIODIFUSÃO DE SONS E IMAGENS (TV ABERTA);326434.63
B1900210300000;"CIRCO SOCIAL ""OS KACO""";2018;FSA SAV/MINC / Arranjos Regionais;RADIODIFUSÃO DE SONS E IMAGENS (TV ABERTA);21666.01
B1900433000000;CODINOME BRENO;2018;FSA SAV/MINC / Arranjos Regionais;OUTROS MERCADOS - AUDIOVISUAL EM CIRCUITO RESTRITO;48146.7
B1800569200000;CRISÁLIDA;2018;FSA SAV/MINC / Arranjos Regionais;COMUNICAÇÃO ELETRÔNICA DE MASSA POR ASSINATURA (TV PAGA);4869894.48
B1800566100000;CRUA;2018;FSA SAV/MINC / Arranjos Regionais;NENHUMA DAS OPÇÕES;67405.37
B1800485700000;ESTANTE DE LIVROS;2018;FSA SAV/MINC / Arranjos Regionais;COMUNICAÇÃO ELETRÔNICA DE MASSA POR ASSINATURA (TV PAGA);77808.79
B1800452000000;FRONTEIRAS;2018;FSA SAV/MINC / Arranjos Regionais;RADIODIFUSÃO DE SONS E IMAGENS (TV ABERTA);2808811.52
B1900248400000;HUNT;2018;FSA SAV/MINC / Arranjos Regionais;RADIODIFUSÃO DE SONS E IMAGENS (TV ABERTA);294518.64
B1800190900000;JOVENS DE CORAÇÃO - EPISÓDIO PILOTO;2018;FSA SAV/MINC / Arranjos Regionais;COMUNICAÇÃO ELETRÔNICA DE MASSA POR ASSINATURA (TV PAGA);75178.48
B1800444000000;JUVENAL E OLIVER;2018;FSA SAV/MINC / Arranjos Regionais;OUTROS MERCADOS;114307.73
B1900112800000;NA ASA DO VENTO;2018;FSA SAV/MINC / Arranjos Regionais;COMUNICAÇÃO ELETRÔNICA DE MASSA POR ASSINATURA (TV PAGA);252501.52
B1800348000000;NA CONTRAMÃO;2018;FSA SAV/MINC / Arranjos Regionais;RADIODIFUSÃO DE SONS E IMAGENS (TV ABERTA);409245.02
B1900027900000;NADIR;2018;FSA SAV/MINC / Arranjos Regionais;OUTROS MERCADOS;49562.08
B1800311700000;O BEIJO DE ALICE;2018;FSA SAV/MINC / Arranjos Regionais;RADIODIFUSÃO DE SONS E IMAGENS (TV ABERTA);272123.01
B1800445800000;O BEM-AVENTURADO;2018;FSA SAV/MINC / Arranjos Regionais;RADIODIFUSÃO DE SONS E IMAGENS (TV ABERTA);263675.4
B1800378500000;O DESPERTAR DE SOLOMON;2018;FSA SAV/MINC / Arranjos Regionais;RADIODIFUSÃO DE SONS E IMAGENS (TV ABERTA);255974.07
B1800189500000;OFF-GRID - (DES)REGRADOS (EPISÓDIO PILOTO);2018;FSA SAV/MINC / Arranjos Regionais;COMUNICAÇÃO ELETRÔNICA DE MASSA POR ASSINATURA (TV PAGA);41765.82
B1800595000000;PEDRINHO E A CHUTEIRA DA SORTE;2018;FSA SAV/MINC / Arranjos Regionais;RADIODIFUSÃO DE SONS E IMAGENS (TV ABERTA);493984.23
B1900427100000;QUANDO AS COISAS SE DESMANCHAM;2018;FSA SAV/MINC / Arranjos Regionais;OUTROS MERCADOS - AUDIOVISUAL EM CIRCUITO RESTRITO;48146.7
B1800216300000;RICK COM MONSTROS NOS DEDOS - EPISÓDIO PILOTO;2018;FSA SAV/MINC / Arranjos Regionais;COMUNICAÇÃO ELETRÔNICA DE MASSA POR ASSINATURA (TV PAGA);60612.65
B1900371300000;A CIDADE DO FUTURO TV;2019;FSA SAV/MINC / Arranjos Regionais;RADIODIFUSÃO DE SONS E IMAGENS (TV ABERTA);359026.23
B1900585300000;A MARAVILHA DO SÉCULO;2019;FSA SAV/MINC / Arranjos Regionais;COMUNICAÇÃO ELETRÔNICA DE MASSA POR ASSINATURA (TV PAGA);184161.13
B1900617900000;A ÉTICA DAS HIENAS;2019;FSA SAV/MINC / Arranjos Regionais;OUTROS MERCADOS;67405.86
B2000007500000;APERTE START, WOLFGANG;2019;FSA SAV/MINC / Arranjos Regionais;COMUNICAÇÃO ELETRÔNICA DE MASSA POR ASSINATURA (TV PAGA);80298.59
B1900158800000;AVENTURAS DE AMÍ;2019;FSA SAV/MINC / Arranjos Regionais;RADIODIFUSÃO DE SONS E IMAGENS (TV ABERTA);1314404.91
B1900160800000;BOIS, RAPOSAS E CROCODILOS;2019;FSA SAV/MINC / Arranjos Regionais;RADIODIFUSÃO DE SONS E IMAGENS (TV ABERTA);260490.5
B1900591800000;BORIS E RUFUS- TEMPORADA 03;2019;FSA SAV/MINC / Arranjos Regionais;COMUNICAÇÃO ELETRÔNICA DE MASSA POR ASSINATURA (TV PAGA);2614507.9
B1900268200000;CASALTOPIA;2019;FSA SAV/MINC / Arranjos Regionais;OUTROS MERCADOS;80291.16
B1900514000000;D'ARQUEOLOGIA - A OCUPAÇÃO DO BRASIL;2019;FSA SAV/MINC / Arranjos Regionais;RADIODIFUSÃO DE SONS E IMAGENS (TV ABERTA);326434.63
B1900423900000;DOIS TEMPOS;2019;FSA SAV/MINC / Arranjos Regionais;COMUNICAÇÃO ELETRÔNICA DE MASSA POR ASSINATURA (TV PAGA);300706.57
B1900288400000;DR. OCRIDE;2019;FSA SAV/MINC / Arranjos Regionais;COMUNICAÇÃO ELETRÔNICA DE MASSA POR ASSINATURA (TV PAGA);361100.25
B1900247000000;EM REFORMA;2019;FSA SAV/MINC / Arranjos Regionais;OUTROS MERCADOS;1459001.17
B1900336600000;FAIXA DE GAZA;2019;FSA SAV/MINC / Arranjos Regionais;OUTROS MERCADOS;67405.37
B1900201200000;GÊNERO PLURAL;2019;FSA SAV/MINC / Arranjos Regionais;RADIODIFUSÃO DE SONS E IMAGENS (TV ABERTA);123640.73
B2000100400000;HOSANA NAS ALTURAS;2019;FSA SAV/MINC / Arranjos Regionais;RADIODIFUSÃO DE SONS E IMAGENS (TV ABERTA);67405.37
B1900247500000;MEZANINO;2019;FSA SAV/MINC / Arranjos Regionais;OUTROS MERCADOS - AUDIOVISUAL EM CIRCUITO RESTRITO;139219.26
B1900153500000;NATUREZA DO HOMEM;2019;FSA SAV/MINC / Arranjos Regionais;RADIODIFUSÃO DE SONS E IMAGENS (TV ABERTA);395495.36
B1900197700000;NATUREZA DO HOMEM;2019;FSA SAV/MINC / Arranjos Regionais;OUTROS MERCADOS - AUDIOVISUAL EM CIRCUITO RESTRITO;395495.36
B1900448300000;OLHAR SUBMERSO - NAUFRÁGIOS DE PERNAMBUCO;2019;FSA SAV/MINC / Arranjos Regionais;RADIODIFUSÃO DE SONS E IMAGENS (TV ABERTA);202576.76
B1900235200000;ORQUESTRA DO MUNDO - RIO SÃO FRANCISCO;2019;FSA SAV/MINC / Arranjos Regionais;COMUNICAÇÃO ELETRÔNICA DE MASSA POR ASSINATURA (TV PAGA);346454.68
B1900489000000;OS HERDEIROS;2019;FSA SAV/MINC / Arranjos Regionais;COMUNICAÇÃO ELETRÔNICA DE MASSA POR ASSINATURA (TV PAGA);127145.39
B1900146900000;OS KONSIDERADOS;2019;FSA SAV/MINC / Arranjos Regionais;RADIODIFUSÃO DE SONS E IMAGENS (TV ABERTA);991340.67
B1900570100000;QUEM TEM MEDO DE LUCIENE CARVALHO?;2019;FSA SAV/MINC / Arranjos Regionais;COMUNICAÇÃO ELETRÔNICA DE MASSA POR ASSINATURA (TV PAGA);777960.9
B1900197900000;TABUH!;2019;FSA SAV/MINC / Arranjos Regionais;RADIODIFUSÃO DE SONS E IMAGENS (TV ABERTA);594755.82
B1900590100000;VILA MARIOTE;2019;FSA SAV/MINC / Arranjos Regionais;COMUNICAÇÃO ELETRÔNICA DE MASSA POR ASSINATURA (TV PAGA);417658.2
B2000223500000;80 ANOS;2020;FSA SAV/MINC / Arranjos Regionais;RADIODIFUSÃO DE SONS E IMAGENS (TV ABERTA);1731768.75
B2000264700000;A TRADICIONAL FAMÍLIA BRASILEIRA - KATU;2020;FSA SAV/MINC / Arranjos Regionais;OUTROS MERCADOS;48146.7
B2000344400000;CIDADE SUBMERSA;2020;FSA SAV/MINC / Arranjos Regionais;COMUNICAÇÃO ELETRÔNICA DE MASSA POR ASSINATURA (TV PAGA);119171.81
B2000157600000;COLETIVO DE MULTIDÃO;2020;FSA SAV/MINC / Arranjos Regionais;COMUNICAÇÃO ELETRÔNICA DE MASSA POR ASSINATURA (TV PAGA);67405.37
B2000026900000;CULTURAMA;2020;FSA SAV/MINC / Arranjos Regionais;RADIODIFUSÃO DE SONS E IMAGENS (TV ABERTA);274303.95
B2000059600000;DA MANGA ROSA;2020;FSA SAV/MINC / Arranjos Regionais;COMUNICAÇÃO ELETRÔNICA DE MASSA POR ASSINATURA (TV PAGA);1879898.2
B2000184000000;FRANCISCO SÓ QUER JOGAR BOLA;2020;FSA SAV/MINC / Arranjos Regionais;RADIODIFUSÃO DE SONS E IMAGENS (TV ABERTA);2042946.98
B2000100500000;NOSSO AMOR DE HOJE;2020;FSA SAV/MINC / Arranjos Regionais;RADIODIFUSÃO DE SONS E IMAGENS (TV ABERTA);2285464.54
B2000524900000;O CINEMA E AS CIDADES;2020;FSA SAV/MINC / Arranjos Regionais;COMUNICAÇÃO ELETRÔNICA DE MASSA POR ASSINATURA (TV PAGA);1316320.08
B2000397100000;PALAVRA CRÍTICA;2020;FSA SAV/MINC / Arranjos Regionais;RADIODIFUSÃO DE SONS E IMAGENS (TV ABERTA);352742.58
B2000255600000;POR TRÁS DA LINHA DE ESCUDOS;2020;FSA SAV/MINC / Arranjos Regionais;OUTROS MERCADOS - AUDIOVISUAL EM CIRCUITO RESTRITO;488351.98
B2000239400000;SELVA;2020;FSA SAV/MINC / Arranjos Regionais;COMUNICAÇÃO ELETRÔNICA DE MASSA POR ASSINATURA (TV PAGA);7596621.4
B2000154700000;SONHADORES;2020;FSA SAV/MINC / Arranjos Regionais;RADIODIFUSÃO DE SONS E IMAGENS (TV ABERTA);1366051.43
B2000114300000;TERMINAL PRAIA GRANDE;2020;FSA SAV/MINC / Arranjos Regionais;RADIODIFUSÃO DE SONS E IMAGENS (TV ABERTA);243390.32
B2000048800000;UMA MULHER, UMA ALDEIA;2020;FSA SAV/MINC / Arranjos Regionais;RADIODIFUSÃO DE SONS E IMAGENS (TV ABERTA);361100.25
B2000477400000;VIA PÚBLICA;2020;FSA SAV/MINC / Arranjos Regionais;COMUNICAÇÃO ELETRÔNICA DE MASSA POR ASSINATURA (TV PAGA);240240.6
B2000059900000;VILA HAITI;2020;FSA SAV/MINC / Arranjos Regionais;COMUNICAÇÃO ELETRÔNICA DE MASSA POR ASSINATURA (TV PAGA);166105.39
B2100075200000;A LUZ NA ESCURIDÃO;2021;FSA SAV/MINC / Arranjos Regionais;RADIODIFUSÃO DE SONS E IMAGENS (TV ABERTA);333667.5
B2100328100000;A RAINHA E SEUS REIS DE BARRO;2021;FSA SAV/MINC / Arranjos Regionais;RADIODIFUSÃO DE SONS E IMAGENS (TV ABERTA);293170.61
B2100074300000;AS CORES QUE HABITAMOS;2021;FSA SAV/MINC / Arranjos Regionais;RADIODIFUSÃO DE SONS E IMAGENS (TV ABERTA);1636076.83
B2100278600000;FLOR NO QUINTAL;2021;FSA SAV/MINC / Arranjos Regionais;NENHUMA DAS OPÇÕES;67405.37
B2100132300000;MAR DE ZILA;2021;FSA SAV/MINC / Arranjos Regionais;OUTROS MERCADOS;49566.54
B2100033900000;MATA GROSSA;2021;FSA SAV/MINC / Arranjos Regionais;COMUNICAÇÃO ELETRÔNICA DE MASSA POR ASSINATURA (TV PAGA);556877.6
B2100053500000;PEQUENO TRATADO DE PEQUENAS COISAS;2021;FSA SAV/MINC / Arranjos Regionais;RADIODIFUSÃO DE SONS E IMAGENS (TV ABERTA);362133.61
B2100104400000;TODA MENINA BAIANA;2021;FSA SAV/MINC / Arranjos Regionais;RADIODIFUSÃO DE SONS E IMAGENS (TV ABERTA);301635.42
B2100141600000;TOTOTÓS CANOAS DO RIO SERGIPE;2021;FSA SAV/MINC / Arranjos Regionais;NENHUMA DAS OPÇÕES;66965.56
B2200127900000;A PEDRA E A PALAVRA - PADRE ANTÔNIO VIEIRA;2022;FSA SAV/MINC / Arranjos Regionais;COMUNICAÇÃO ELETRÔNICA DE MASSA POR ASSINATURA (TV PAGA);313665.07
B2200013100000;ANIMAIS NA PISTA;2022;FSA SAV/MINC / Arranjos Regionais;RADIODIFUSÃO DE SONS E IMAGENS (TV ABERTA);62284.6
B2200360000000;BAHIA DA FÉ AO PROFANO;2022;FSA SAV/MINC / Arranjos Regionais;COMUNICAÇÃO ELETRÔNICA DE MASSA POR ASSINATURA (TV PAGA);914063.17
B2200133200000;MÚLTIPLO VALDI;2022;FSA SAV/MINC / Arranjos Regionais;RADIODIFUSÃO DE SONS E IMAGENS (TV ABERTA);104846.18
B2200390700000;O QUE OS OLHOS NÃO VEEM...;2022;FSA SAV/MINC / Arranjos Regionais;COMUNICAÇÃO ELETRÔNICA DE MASSA POR ASSINATURA (TV PAGA);216660.15
B2300006800000;SINDICATO DO FOLCLORE BRASILEIRO;2022;FSA SAV/MINC / Arranjos Regionais;RADIODIFUSÃO DE SONS E IMAGENS (TV ABERTA);169151.57
B2200426400000;VIDA DE ORQUESTRA;2022;FSA SAV/MINC / Arranjos Regionais;COMUNICAÇÃO ELETRÔNICA DE MASSA POR ASSINATURA (TV PAGA);1043388.41
B2200458400000;VIZINHOS;2022;FSA SAV/MINC / Arranjos Regionais;COMUNICAÇÃO ELETRÔNICA DE MASSA POR ASSINATURA (TV PAGA);1058360.53
B2200324500000;ZOOPEDIA;2022;FSA SAV/MINC / Arranjos Regionais;COMUNICAÇÃO ELETRÔNICA DE MASSA POR ASSINATURA (TV PAGA);842764.02
B2300552600000;AVENTURAS DE AMÍ - 2º TEMPORADA;2023;FSA SAV/MINC / Arranjos Regionais;COMUNICAÇÃO ELETRÔNICA DE MASSA POR ASSINATURA (TV PAGA);953953.0
B2300142500000;CAINÃ;2023;FSA SAV/MINC / Arranjos Regionais;RADIODIFUSÃO DE SONS E IMAGENS (TV ABERTA);200200.5
B2300095100000;COLETIVOS;2023;FSA SAV/MINC / Arranjos Regionais;RADIODIFUSÃO DE SONS E IMAGENS (TV ABERTA);560383.76
B2300433200000;DENTRO DE MIM;2023;FSA SAV/MINC / Arranjos Regionais;OUTROS MERCADOS;52415.0
B2300565300000;DESTINOS DA FÉ;2023;FSA SAV/MINC / Arranjos Regionais;RADIODIFUSÃO DE SONS E IMAGENS (TV ABERTA);1120018.21
B2300529200000;DIAS DE TEMPESTADE;2023;FSA SAV/MINC / Arranjos Regionais;COMUNICAÇÃO ELETRÔNICA DE MASSA POR ASSINATURA (TV PAGA);208829.1
B2300557100000;GUIA;2023;FSA SAV/MINC / Arranjos Regionais;OUTROS MERCADOS - AUDIOVISUAL EM CIRCUITO RESTRITO;1941776.55
B2300242000000;INVASÃO MARCIANA;2023;FSA SAV/MINC / Arranjos Regionais;RADIODIFUSÃO DE SONS E IMAGENS (TV ABERTA);165261.37
B2300108000000;IYAS IDANAS - MULHERES DA COZINHA;2023;FSA SAV/MINC / Arranjos Regionais;COMUNICAÇÃO ELETRÔNICA DE MASSA POR ASSINATURA (TV PAGA);228686.64
B2300136800000;JANGADEIROS DA SÃO PEDRO;2023;FSA SAV/MINC / Arranjos Regionais;RADIODIFUSÃO DE SONS E IMAGENS (TV ABERTA);638332.7
B2300252300000;LUTA DA ERVA;2023;FSA SAV/MINC / Arranjos Regionais;COMUNICAÇÃO ELETRÔNICA DE MASSA POR ASSINATURA (TV PAGA);188694.0
B2300154100000;MAMULENGO;2023;FSA SAV/MINC / Arranjos Regionais;RADIODIFUSÃO DE SONS E IMAGENS (TV ABERTA);232046.4
B2300527700000;O IMPEACHMENT - SETEMBRO, 1957, SEXTA-FEIRA 13;2023;FSA SAV/MINC / Arranjos Regionais;RADIODIFUSÃO DE SONS E IMAGENS (TV ABERTA);400401.0
B2300131300000;O POETA QUE VEIO DO POVO;2023;FSA SAV/MINC / Arranjos Regionais;COMUNICAÇÃO ELETRÔNICA DE MASSA POR ASSINATURA (TV PAGA);438580.84
B2300546600000;OPARÁ;2023;FSA SAV/MINC / Arranjos Regionais;RADIODIFUSÃO DE SONS E IMAGENS (TV ABERTA);478764.84
B2300488500000;PALAVRA PRESA;2023;FSA SAV/MINC / Arranjos Regionais;RADIODIFUSÃO DE SONS E IMAGENS (TV ABERTA);556877.6
B2300535500000;PROCURA METEORANGO KID: VIVO OU MORTO;2023;FSA SAV/MINC / Arranjos Regionais;COMUNICAÇÃO ELETRÔNICA DE MASSA POR ASSINATURA (TV PAGA);859606.0
B2300339000000;SÉRGIO RICARDO: UMA OUTRA HISTÓRIA DO CINEMA NOVO;2023;FSA SAV/MINC / Arranjos Regionais;COMUNICAÇÃO ELETRÔNICA DE MASSA POR ASSINATURA (TV PAGA);348069.6
B2300035300000;URSA;2023;FSA SAV/MINC / Arranjos Regionais;COMUNICAÇÃO ELETRÔNICA DE MASSA POR ASSINATURA (TV PAGA);522072.75
B1600656800000;FIM DO MUNDO;2016;FSA Comercialização / Distribuição;COMUNICAÇÃO ELETRÔNICA DE MASSA POR ASSINATURA (TV PAGA);12723609.62
B2200457400000;NOVO MUNDO, PINTURA DE RUA NA AMÉRICA LATINA;2022;FSA Coprodução Internacional;COMUNICAÇÃO ELETRÔNICA DE MASSA POR ASSINATURA (TV PAGA);338133.06
B2300240900000;AMOR REBELDE;2023;FSA Coprodução Internacional;COMUNICAÇÃO ELETRÔNICA DE MASSA POR ASSINATURA (TV PAGA);1452613.2
B1500542700000;TORI, A DETETIVE;2015;FSA Pontuação Bilheteria e Roteiro — Produtora;COMUNICAÇÃO ELETRÔNICA DE MASSA POR ASSINATURA (TV PAGA);8987496.34
B1800078700000;TORI, A DETETIVE;2017;FSA Pontuação Bilheteria e Roteiro — Produtora;COMUNICAÇÃO ELETRÔNICA DE MASSA POR ASSINATURA (TV PAGA);8987496.34
B2200087600000;CHICO - MEU AMIGO INVISÍVEL;2022;FSA SAV/MINC / Arranjos Regionais;COMUNICAÇÃO ELETRÔNICA DE MASSA POR ASSINATURA (TV PAGA);108727.72
B2300513100000;OMEGATRONE - O PODER DOS 5 REINOS;2023;FSA SAV/MINC / Arranjos Regionais;NENHUMA DAS OPÇÕES;127618.58
B2300561400000;O MENINO MAIS RICO DO MUNDO;2023;FSA SAV/MINC / Arranjos Regionais;COMUNICAÇÃO ELETRÔNICA DE MASSA POR ASSINATURA (TV PAGA);1276952.0
B2100362700000;SEBASTIANA;2021;FSA SAV/MINC / Arranjos Regionais;OUTROS MERCADOS - VÍDEO POR DEMANDA;2093502.66
B2300531100000;POING;2023;FSA SAV/MINC / Arranjos Regionais;COMUNICAÇÃO ELETRÔNICA DE MASSA POR ASSINATURA (TV PAGA);1276952.0
B2300322500000;TRONIK;2023;FSA SAV/MINC / Arranjos Regionais;RADIODIFUSÃO DE SONS E IMAGENS (TV ABERTA);1276952.0
