cpb;titulo;ano;categoria;cat_nova;chamada;tem_complementacao;tem_comercializacao;cnpj_produtora;uf;tipo_obra;segmento_destinacao_inicial;instrumento;inv_fsa;inv_renuncia;inv_total;bilheteria_obs;renda_pmi_estimada;janelas_crt;receita_ref;publico_domestico;sessoes_total;n_municipios;roi_internacional_0_100;pontuacao_festivais;adm_eu_lumiere;vod_n_plataformas;vod_n_paises;total_paises_alcancados;critica_indice_1_5;critica_n_fontes;critica_confianca;cita_n_papers;cita_soma_cit;cita_max_cit;universo_aplicacao;universo_retorno;retorno_dom;retorno_intl;tem_intl
B1402372600000;A DESPEDIDA;2014;Renúncia — Art.3/3-A/39;;;;;03863923000165;SP;FICÇÃO;SALAS DE EXIBIÇÃO;Renúncia pura;0.0;1157558.92;1157558.92;30396.52;0.0;594723.92;625120.4400000001;;;;0.0;0.0;0;0;0;0;0.0;0;;0.0;;;True;True;0.5400333660769511;0.0;False
B1402149200000;A GRANDE VITORIA;2014;Renúncia — Outros Mecanismos;;;;;11936522000116;SP;FICÇÃO;INDEFINIDO;Renúncia pura;0.0;330579.04;330579.04;527814.0;0.0;743404.9;1271218.9;;;;0.0;0.0;0;0;0;0;4.164;2;alta;0.0;;;True;True;3.845431035192068;0.0;False
B1402307700000;A LUNETA DO TEMPO;2014;Renúncia — Outros Mecanismos;;;;;05167381000111;RJ;FICÇÃO;COMUNICAÇÃO ELETRÔNICA DE MASSA POR ASSINATURA (TV PAGA);Renúncia pura;0.0;5265055.88;5265055.88;136794.28;0.0;734658.96;871453.24;;;;0.0;0.0;0;0;0;0;3.648;2;alta;0.0;;;True;True;0.16551642752935036;0.0;False
B1402723400000;A NOITE DA VIRADA;2014;Renúncia — Art.3/3-A/39;;;;;02525725000129;SP;FICÇÃO;SALAS DE EXIBIÇÃO;Renúncia pura;0.0;2380732.33;2380732.33;6954004.12;0.0;358583.54;7312587.66;349799.0;;;0.0;0.0;0;0;0;0;3.3;1;baixa;0.0;;;True;True;3.071570696063929;0.0;False
B1500265900000;A VIAGEM DE YOANI;2014;Renúncia — Outros Mecanismos;;;;;09640643000174;SP;DOCUMENTÁRIO;SALAS DE EXIBIÇÃO;Renúncia pura;0.0;642826.59;642826.59;19462.52;0.0;209902.56;229365.08;;;;0.0;0.0;0;0;0;0;3.9;1;baixa;0.0;;;True;True;0.356807082295709;0.0;False
B1402781000000;A VIDA PRIVADA DOS HIPOPÓTAMOS;2014;Renúncia — Outros Mecanismos;;;;;06137016000127;SP;DOCUMENTÁRIO;SALAS DE EXIBIÇÃO;Renúncia pura;0.0;900831.82;900831.82;22683.08;0.0;349837.6;372520.68;;;;4.0;20.0;0;0;0;0;3.2;1;baixa;0.0;;;True;True;0.4135296641719428;4.0;True
B1500404600000;A VIZINHANÇA DO TIGRE;2014;Renúncia — Outros Mecanismos;;;;;;MG;FICÇÃO;SALAS DE EXIBIÇÃO;Renúncia pura;0.0;155901.63;155901.63;35903.28;0.0;454788.88;490692.16000000003;;;;2.5;12.5;0;0;0;0;4.113;2;media;0.0;;;True;True;3.1474472717187116;2.5;True
B1402081900000;ALEMÃO;2014;Renúncia — Outros Mecanismos;;;;;05387293000125;SP;FICÇÃO;INDEFINIDO;Renúncia pura;0.0;699675.2;699675.2;19134559.64;0.0;358583.54;19493143.18;;;;0.0;0.0;0;0;0;0;3.5;1;baixa;0.0;;;True;True;27.860274567399276;0.0;False
B1700623000000;AMARAÇÃO;2014;Renúncia — Art.3/3-A/39;;;;;12305731000124;SP;FICÇÃO;SALAS DE EXIBIÇÃO;sem inv.;0.0;0.0;0.0;0.0;0.0;0.0;0.0;;;;0.0;0.0;0;0;0;0;0.0;0;;0.0;;;False;False;;;False
B1402480200000;APNEIA;2014;Renúncia — Outros Mecanismos;;;;;11179178000168;SP;FICÇÃO;SALAS DE EXIBIÇÃO;Renúncia pura;0.0;1103492.11;1103492.11;100851.24;0.0;209902.56;310753.8;;;;0.0;0.0;0;0;0;0;0.0;0;;0.0;;;True;True;0.28160944440282404;0.0;False
B1500451800000;ATO, ATALHO E VENTO;2014;Renúncia — Outros Mecanismos;;;;;66708900000104;SP;DOCUMENTÁRIO;SALAS DE EXIBIÇÃO;Renúncia pura;0.0;804626.48;804626.48;17911.88;0.0;104951.28;122863.16;;;;0.0;0.0;0;0;0;0;0.0;0;;0.0;;;True;True;0.15269589437325007;0.0;False
B1500276200000;AUSÊNCIA;2014;Renúncia — Art.3/3-A/39;;;;;07477471000134;SP;FICÇÃO;SALAS DE EXIBIÇÃO;Renúncia pura;0.0;1749188.0;1749188.0;80116.4;0.0;113697.22;193813.62;;;;11.7;48.5;0;1;1;0;0.0;0;;0.0;;;True;True;0.11080205215219861;11.7;True
B1402203900000;BRINCANTE;2014;Renúncia — Outros Mecanismos;;;;;01378559000112;SP;DOCUMENTÁRIO;INDEFINIDO;Renúncia pura;0.0;2448863.2;2448863.2;142380.56;0.0;104951.28;247331.84;;;;0.0;0.0;0;0;0;0;0.0;0;;0.0;;;True;True;0.10099863479511635;0.0;False
B1402144900000;CATIVAS - PRESAS PELO CORAÇÃO;2014;Renúncia — Art.3/3-A/39;;;;;00508766000181;PR;DOCUMENTÁRIO;INDEFINIDO;Renúncia pura;0.0;666969.67;666969.67;26082.56;0.0;104951.28;131033.84;;;;0.0;0.0;0;0;0;0;0.0;0;;0.0;;;True;True;0.1964614672808135;0.0;False
B1402750200000;CATIVAS - PRESAS PELO CORAÇÃO;2014;Renúncia — Art.3/3-A/39;;;;;00508766000181;PR;DOCUMENTÁRIO;RADIODIFUSÃO DE SONS E IMAGENS (TV ABERTA);Renúncia pura;0.0;666969.67;666969.67;26082.56;0.0;0.0;26082.56;;;;0.0;0.0;0;0;0;0;0.0;0;;0.0;;;True;True;0.03910606609742839;0.0;False
B1600340900000;CINZENTO E NEGRO;2014;Renúncia — Art.3/3-A/39;;;;;73586513000108;RJ;FICÇÃO;SALAS DE EXIBIÇÃO;sem inv.;0.0;0.0;0.0;0.0;0.0;209902.56;209902.56;;;;2.0;0.0;0;1;1;0;3.893;2;media;0.0;;;False;False;;;False
B1402145700000;COPA DE ELITE;2014;Renúncia — Art.3/3-A/39;;;;;02140164000140;RJ;FICÇÃO;INDEFINIDO;Renúncia pura;0.0;5107851.11;5107851.11;13046190.36;0.0;743404.9;13789595.26;;;;0.0;0.0;0;0;0;0;2.2;1;baixa;0.0;;;True;True;2.6996862208851655;0.0;False
B1500614800000;DAS PROFUNDEZAS;2014;Renúncia — Outros Mecanismos;;;;;00563081000138;SC;FICÇÃO;SALAS DE EXIBIÇÃO;Renúncia pura;0.0;117937.79;117937.79;0.0;0.0;104951.28;104951.28;;;;0.0;0.0;0;0;0;0;0.0;0;;2.0;0.0;0.0;True;False;;;False
B1402183000000;DEMOCRACIA EM PRETO E BRANCO;2014;Renúncia — Art.3/3-A/39;;;;;03360320000140;RJ;DOCUMENTÁRIO;INDEFINIDO;Renúncia pura;0.0;893161.63;893161.63;25327.12;0.0;218648.5;243975.62;;;;0.0;0.0;0;0;0;0;4.165;2;alta;0.0;;;True;True;0.2731595400039744;0.0;False
B1500335800000;DIVÃ A 2;2014;Renúncia — Art.3/3-A/39;;;;;02863008000107;RJ;FICÇÃO;SALAS DE EXIBIÇÃO;Renúncia pura;0.0;2133160.97;2133160.97;3309841.08;0.0;218648.5;3528489.58;166491.0;;;0.0;0.0;0;0;0;0;3.5;1;baixa;0.0;;;True;True;1.6541131352126697;0.0;False
B1402150700000;DO LADO DE FORA;2014;Renúncia — Outros Mecanismos;;;;;05045517000110;SP;FICÇÃO;INDEFINIDO;Renúncia pura;0.0;1124203.13;1124203.13;198124.08;0.0;104951.28;303075.36;;;;15.35;0.0;81109;0;0;0;3.7;1;baixa;3.0;0.0;0.0;True;True;0.26959127929131455;15.35;True
B1402732100000;DO NEBLINA AO ATLÂNTICO;2014;Renúncia — Art.3/3-A/39;;;;;03767502000130;SP;DOCUMENTÁRIO;SALAS DE EXIBIÇÃO;sem inv.;0.0;0.0;0.0;0.0;0.0;0.0;0.0;;;;0.0;0.0;0;0;0;0;0.0;0;;0.0;;;False;False;;;False
B1402161500000;DOMINGUINHOS;2014;Renúncia — Art.3/3-A/39;;;;;06323379000157;SP;DOCUMENTÁRIO;INDEFINIDO;Renúncia pura;0.0;1354524.83;1354524.83;204366.4;0.0;358583.54;562949.94;;;;0.0;0.0;0;0;0;0;0.0;0;;2.0;0.0;0.0;True;True;0.4156069549496556;0.0;False
B1402368100000;DUAS PÁTRIAS, DOIS AMORES;2014;Renúncia — Outros Mecanismos;;;;;32267676000132;RJ;DOCUMENTÁRIO;SALAS DE EXIBIÇÃO;Renúncia pura;0.0;874594.0;874594.0;0.0;0.0;0.0;0.0;;;;0.0;0.0;0;0;0;0;3.775;1;alta;0.0;;;True;False;;;False
B1402130700000;EL ARDOR;2014;Renúncia — Art.3/3-A/39;;;;;02140120000110;RJ;FICÇÃO;INDEFINIDO;Renúncia pura;0.0;485399.67;485399.67;4651.92;0.0;113697.22;118349.14;;;;12.3;11.5;0;46;8;0;0.0;0;;0.0;;;True;True;0.2438179243096725;12.3;True
B1402707600000;ENCANTADOS;2014;Renúncia — Art.3/3-A/39;;;;;00193157000180;RJ;FICÇÃO;SALAS DE EXIBIÇÃO;Renúncia pura;0.0;9442270.35;9442270.35;149696.4;0.0;244886.32;394582.72;;;;0.0;0.0;0;0;0;0;0.0;0;;0.0;;;True;True;0.041788966569888564;0.0;False
B1700052000000;FILHOS DE BACH;2014;Renúncia — Art.3/3-A/39;;;;;09180984000104;RJ;FICÇÃO;SALAS DE EXIBIÇÃO;Renúncia pura;0.0;8072502.62;8072502.62;65544.36;0.0;104951.28;170495.64;;;;0.9;4.5;0;0;0;0;3.993;2;media;0.0;;;True;True;0.02112054316062892;0.9;True
B1402621800000;GRANDE HOTEL;2014;Renúncia — Outros Mecanismos;;;;;14592038000105;SP;DOCUMENTÁRIO;SALAS DE EXIBIÇÃO;Renúncia pura;0.0;384821.36;384821.36;0.0;0.0;104951.28;104951.28;;;;0.0;0.0;0;0;0;0;4.4;1;baixa;0.0;;;True;False;;;False
B1402094700000;HOJE EU QUERO VOLTAR SOZINHO;2014;Renúncia — Outros Mecanismos;;;;;08677301000166;SP;FICÇÃO;SALAS DE EXIBIÇÃO;Renúncia pura;0.0;3288473.44;3288473.44;4073133.68;0.0;358583.54;4431717.22;;;;14.26;0.0;36402;0;0;0;3.965;2;alta;0.0;;;True;True;1.3476518210832804;14.26;True
B1402185500000;INVASORES;2014;Renúncia — Art.3/3-A/39;;;;;44154342000131;SP;FICÇÃO;INDEFINIDO;sem inv.;0.0;0.0;0.0;9164.68;0.0;104951.28;114115.95999999999;;;;0.0;0.0;0;0;0;0;3.89;2;alta;0.0;;;False;False;;;False
B1402233800000;ISOLADOS;2014;Renúncia — Art.3/3-A/39;;;;;13110657000153;RJ;FICÇÃO;SALAS DE EXIBIÇÃO;Renúncia pura;0.0;437297.0;437297.0;1661610.16;0.0;603469.86;2265080.02;;;;0.0;0.0;0;0;0;0;0.0;0;;0.0;;;True;True;5.179729154327608;0.0;False
B1402107400000;JOGO DE XADREZ;2014;Renúncia — Outros Mecanismos;;;;;05865587000115;RJ;FICÇÃO;INDEFINIDO;Renúncia pura;0.0;489772.64;489772.64;10357.48;0.0;218648.5;229005.98;;;;0.0;0.0;0;0;0;0;4.4;1;baixa;0.0;;;True;True;0.4675760981666922;0.0;False
B1402115000000;JULIO SUMIU;2014;Renúncia — Art.3/3-A/39;;;;;03360320000140;RJ;FICÇÃO;INDEFINIDO;Renúncia pura;0.0;4373056.3;4373056.3;3531721.76;0.0;743404.9;4275126.66;;;;0.0;0.0;0;0;0;0;0.0;0;;0.0;;;True;True;0.977606133266567;0.0;False
B1402243500000;LASCADOS;2014;Renúncia — Art.3/3-A/39;;;;;15479865000150;SP;FICÇÃO;INDEFINIDO;sem inv.;0.0;0.0;0.0;103177.2;0.0;209902.56;313079.76;;;;0.0;0.0;0;0;0;0;0.0;0;;0.0;;;False;False;;;False
B1402543500000;MADE IN CHINA;2014;Renúncia — Art.3/3-A/39;;;;;04453786000153;RJ;FICÇÃO;SALAS DE EXIBIÇÃO;Renúncia pura;0.0;8050704.24;8050704.24;7501002.32;0.0;253632.26;7754634.58;;;;0.0;0.0;0;0;0;0;0.0;0;;0.0;;;True;True;0.9632243774986821;0.0;False
B1600012600000;MAR ME QUER;2014;Renúncia — Outros Mecanismos;;;;;07966825000104;RJ;DOCUMENTÁRIO;SALAS DE EXIBIÇÃO;Renúncia pura;0.0;813736.25;813736.25;0.0;0.0;104951.28;104951.28;;;;0.0;0.0;0;0;0;0;0.0;0;;0.0;;;True;False;;;False
B1402261200000;MENINOS DA VILA - A MAGIA DO SANTOS;2014;Renúncia — Outros Mecanismos;;;;;01613170000104;SP;DOCUMENTÁRIO;INDEFINIDO;Renúncia pura;0.0;699675.2;699675.2;695.8;0.0;8745.94;9441.74;;;;0.0;0.0;0;0;0;0;3.965;2;alta;0.0;;;True;True;0.013494461430103568;0.0;False
B1500437700000;MEU PASSADO ME CONDENA 2;2014;Renúncia — Art.3/3-A/39;;;;;04551480000130;RJ;FICÇÃO;SALAS DE EXIBIÇÃO;Renúncia pura;0.0;5291293.7;5291293.7;53578130.76;0.0;358583.54;53936714.3;;;;0.0;0.0;0;0;0;0;3.7;1;baixa;0.0;;;True;True;10.193483363057318;0.0;False
B1402825200000;MULHERES NO PODER;2014;Renúncia — Outros Mecanismos;;;;;04486752000165;RJ;FICÇÃO;SALAS DE EXIBIÇÃO;Renúncia pura;0.0;1363820.89;1363820.89;155501.36;0.0;594723.92;750225.28;;;;0.0;0.0;0;0;0;0;4.3;1;baixa;0.0;;;True;True;0.5500907674174137;0.0;False
B1402254000000;MY NAME IS NOW, ELZA SOARES;2014;Renúncia — Outros Mecanismos;;;;;10957732000128;MG;DOCUMENTÁRIO;INDEFINIDO;Renúncia pura;0.0;1577431.73;1577431.73;56379.68;0.0;218648.5;275028.18;;;;0.0;0.0;0;0;0;0;0.0;0;;0.0;;;True;True;0.17435187512045291;0.0;False
B1402380600000;NA QUEBRADA;2014;Renúncia — Art.3/3-A/39;;;;;06945371000122;SP;FICÇÃO;SALAS DE EXIBIÇÃO;Renúncia pura;0.0;1661728.6;1661728.6;5095124.72;0.0;358583.54;5453708.26;;;;0.0;0.0;0;0;0;0;0.0;0;;0.0;;;True;True;3.281948845316858;0.0;False
B1500257400000;NERVOS DE AÇO;2014;Renúncia — Outros Mecanismos;;;;;31447584000171;RJ;FICÇÃO;SALAS DE EXIBIÇÃO;Renúncia pura;0.0;970799.34;970799.34;2524.76;0.0;489772.64;492297.4;;;;0.0;0.0;0;0;0;0;4.259;2;media;0.0;;;True;True;0.5071052067258307;0.0;False
B1402260600000;O CANDIDATO HONESTO;2014;Renúncia — Art.3/3-A/39;;;;;03987306000252;RJ;FICÇÃO;INDEFINIDO;Renúncia pura;0.0;8142470.14;8142470.14;45223461.36;0.0;358583.54;45582044.9;;;;0.0;0.0;0;0;0;0;3.1;1;baixa;0.0;;;True;True;5.598061044900559;0.0;False
B1402192100000;O CASAMENTO DE GORETE;2014;Renúncia — Art.3/3-A/39;;;;;05776048000100;RJ;FICÇÃO;INDEFINIDO;Renúncia pura;0.0;2647145.43;2647145.43;1854943.16;0.0;218648.5;2073591.66;;;;0.0;0.0;0;0;0;0;2.3;1;baixa;0.0;;;True;True;0.7833312203024674;0.0;False
B1402235800000;O GIGANTESCO IMÃ;2014;Renúncia — Outros Mecanismos;;;;;07947109000180;PE;DOCUMENTÁRIO;INDEFINIDO;Renúncia pura;0.0;54224.83;54224.83;7474.88;0.0;209902.56;217377.44;;;;0.0;0.0;0;0;0;0;0.0;0;;0.0;;;True;True;4.008817362820685;0.0;False
B1402245600000;O SEGREDO DOS DIAMANTES;2014;Renúncia — Outros Mecanismos;;;;;22331409000123;MG;FICÇÃO;INDEFINIDO;Renúncia pura;0.0;6127230.65;6127230.65;164328.08;0.0;358583.54;522911.62;;;;0.0;0.0;0;0;0;0;4.068;2;media;0.0;;;True;True;0.08534224511362241;0.0;False
B1600500300000;O SILÊNCIO DO CÉU;2014;Renúncia — Outros Mecanismos;;;;;05387293000125;SP;FICÇÃO;SALAS DE EXIBIÇÃO;Renúncia pura;0.0;1070868.97;1070868.97;219793.28;0.0;594723.92;814517.2000000001;;;;0.0;0.0;0;0;0;0;4.1;1;baixa;0.0;;;True;True;0.760613317612518;0.0;False
B1402197800000;O ÚLTIMO CINE DRIVE-IN;2014;Renúncia — Art.3/3-A/39;;;;;08847593000138;DF;FICÇÃO;INDEFINIDO;sem inv.;0.0;0.0;0.0;262535.28;0.0;349837.6;612372.88;;;;0.0;0.0;0;0;0;0;4.2;1;baixa;0.0;;;False;False;;;False
B1500897000000;O ÚLTIMO VIRGEM;2014;Renúncia — Art.3/3-A/39;;;;;13538544000153;RJ;FICÇÃO;SALAS DE EXIBIÇÃO;Renúncia pura;0.0;1049512.8;1049512.8;2549311.8;0.0;209902.56;2759214.36;;;;0.0;0.0;0;0;0;0;2.6;1;baixa;0.0;;;True;True;2.629043075987258;0.0;False
B1402271000000;OS CARAS DE PAU;2014;Renúncia — Art.3/3-A/39;;;;;09558964000124;RJ;FICÇÃO;SALAS DE EXIBIÇÃO;Renúncia pura;0.0;5582533.5;5582533.5;37988890.8;0.0;358583.54;38347474.339999996;;;;0.0;0.0;0;0;0;0;2.4;1;baixa;7.0;0.0;0.0;True;True;6.86918839627205;0.0;False
B1600591900000;OS ENIGMAS DOS DESAPARECIDOS;2014;Renúncia — Outros Mecanismos;;;;;10922699000109;RS;FICÇÃO;SALAS DE EXIBIÇÃO;Renúncia pura;0.0;31310.47;31310.47;0.0;0.0;0.0;0.0;;;;0.0;0.0;0;0;0;0;3.771;1;alta;0.0;;;True;False;;;False
B1402391300000;OS INIMIGOS DA DOR;2014;Renúncia — Art.3/3-A/39;;;;;06137016000127;SP;FICÇÃO;SALAS DE EXIBIÇÃO;sem inv.;0.0;0.0;0.0;5566.4;0.0;0.0;5566.4;;;;3.1;15.5;0;0;0;0;3.862;2;media;0.0;;;False;False;;;False
B1402408400000;OURO, SUOR E LÁGRIMAS;2014;Renúncia — Outros Mecanismos;;;;;32267676000132;RJ;DOCUMENTÁRIO;SALAS DE EXIBIÇÃO;Renúncia pura;0.0;874594.0;874594.0;33776.12;0.0;209902.56;243678.68;;;;0.0;0.0;0;0;0;0;3.962;2;alta;0.0;;;True;True;0.2786191993084791;0.0;False
B1500339400000;PEQUENO DICIONÁRIO AMOROSO 2;2014;Renúncia — Art.3/3-A/39;;;;;40447906000173;RJ;FICÇÃO;SALAS DE EXIBIÇÃO;Renúncia pura;0.0;7294113.96;7294113.96;330842.96;0.0;358583.54;689426.5;;;;0.0;0.0;0;0;0;0;0.0;0;;0.0;;;True;True;0.09451819697097247;0.0;False
B1402297300000;PLÍNIO MARCOS NAS QUEBRADAS DO MUNDARÉU;2014;Renúncia — Outros Mecanismos;;;;;02758386000120;RJ;DOCUMENTÁRIO;SALAS DE EXIBIÇÃO;Renúncia pura;0.0;1048604.18;1048604.18;0.0;0.0;209902.56;209902.56;;;;0.0;0.0;0;0;0;0;0.0;0;;0.0;;;True;False;;;False
B1500138300000;PONTE AÉREA;2014;Renúncia — Art.3/3-A/39;;;;;42473256000166;RJ;FICÇÃO;SALAS DE EXIBIÇÃO;Renúncia pura;0.0;4069662.01;4069662.01;692181.84;0.0;358583.54;1050765.38;;;;0.0;0.0;0;0;0;0;3.9;1;baixa;0.0;;;True;True;0.2581947536227953;0.0;False
B1600730100000;POR TRÁS DO CÉU;2014;Renúncia — Art.3/3-A/39;;;;;51264273000184;SP;FICÇÃO;SALAS DE EXIBIÇÃO;Renúncia pura;0.0;783636.22;783636.22;29243.48;0.0;734658.96;763902.44;;;;0.0;0.0;0;0;0;0;4.02;2;media;0.0;;;True;True;0.9748176775187855;0.0;False
B1402301300000;POR UM PUNHADO DE DÓLARES - OS NOVOS EMIGRADOS;2014;Renúncia — Outros Mecanismos;;;;;31553936000173;RJ;DOCUMENTÁRIO;INDEFINIDO;Renúncia pura;0.0;524756.4;524756.4;6083.28;0.0;244886.32;250969.6;;;;0.0;0.0;0;0;0;0;4.345;2;alta;0.0;;;True;True;0.4782592456233025;0.0;False
B1402719200000;REAL BELEZA;2014;Renúncia — Art.3/3-A/39;;;;;94625829000123;RS;FICÇÃO;SALAS DE EXIBIÇÃO;Renúncia pura;0.0;3673294.8;3673294.8;222795.16;0.0;349837.6;572632.76;;;;0.0;0.0;0;0;0;0;0.0;0;;0.0;;;True;True;0.1558907714131738;0.0;False
B1500166700000;SABOTAGE: O MAESTRO DO CANÃO;2014;Renúncia — Outros Mecanismos;;;;;06013078000127;SP;DOCUMENTÁRIO;SALAS DE EXIBIÇÃO;Renúncia pura;0.0;542248.28;542248.28;0.0;0.0;734658.96;734658.96;;;;0.0;0.0;0;0;0;0;3.734;2;alta;0.0;;;True;False;;;False
B1500683800000;SAÚDE S.A.;2014;Renúncia — Art.3/3-A/39;;;;;00659237000189;SP;DOCUMENTÁRIO;SALAS DE EXIBIÇÃO;sem inv.;0.0;0.0;0.0;0.0;0.0;0.0;0.0;;;;0.0;0.0;0;0;0;0;4.6;1;baixa;4.0;0.0;0.0;False;False;;;False
B1402173200000;SEM PENA;2014;Renúncia — Outros Mecanismos;;;;;00205194000161;SP;DOCUMENTÁRIO;SALAS DE EXIBIÇÃO;Renúncia pura;0.0;1320636.94;1320636.94;147787.92;0.0;323599.78;471387.70000000007;;;;0.0;0.0;0;0;0;0;0.0;0;;0.0;;;True;True;0.3569396597372175;0.0;False
B1500091200000;SUPERPAI;2014;Renúncia — Art.3/3-A/39;;;;;11545487000104;SP;FICÇÃO;SALAS DE EXIBIÇÃO;Renúncia pura;0.0;5247564.0;5247564.0;9007926.2;0.0;358583.54;9366509.739999998;;;;0.0;0.0;0;0;0;0;3.5;1;baixa;0.0;;;True;True;1.7849252986719168;0.0;False
B1500071300000;SURFAR É COISA DE RICO;2014;Renúncia — Art.3/3-A/39;;;;;05326727000187;SP;DOCUMENTÁRIO;SALAS DE EXIBIÇÃO;sem inv.;0.0;0.0;0.0;2027.76;0.0;104951.28;106979.04;;;;0.0;0.0;0;0;0;0;3.683;2;media;0.0;;;False;False;;;False
B1402215300000;TUDO POR AMOR AO CINEMA;2014;Renúncia — Art.3/3-A/39;;;;;01605800000107;SP;DOCUMENTÁRIO;INDEFINIDO;Renúncia pura;0.0;1455324.42;1455324.42;11908.12;0.0;104951.28;116859.4;;;;0.0;0.0;0;0;0;0;4.175;2;alta;0.0;;;True;True;0.08029783489787108;0.0;False
B1500150200000;TUDO QUE APRENDEMOS JUNTOS;2014;Renúncia — Art.3/3-A/39;;;;;01378559000112;SP;FICÇÃO;SALAS DE EXIBIÇÃO;Renúncia pura;0.0;11837256.53;11837256.53;953365.28;0.0;358583.54;1311948.82;47956.0;15.0;8.0;4.5;22.5;0;0;0;0;3.612;2;alta;0.0;;;True;True;0.11083216931854396;4.5;True
B1402156100000;VERMELHO BRASIL - FILME;2014;Renúncia — Art.3/3-A/39;;;;;02020661000104;RJ;FICÇÃO;SALAS DE EXIBIÇÃO;Renúncia pura;0.0;7413866.06;7413866.06;10695.44;0.0;244886.32;255581.76;;;;0.0;0.0;0;0;0;0;0.0;0;;0.0;;;True;True;0.03447347954921107;0.0;False
B1402241100000;VESTIDO PRA CASAR;2014;Renúncia — Art.3/3-A/39;;;;;09095244000170;RJ;FICÇÃO;INDEFINIDO;sem inv.;0.0;0.0;0.0;24945503.52;0.0;253632.26;25199135.78;;;;0.0;0.0;0;0;0;0;2.0;1;baixa;0.0;;;False;False;;;False
B1600181500000;A CIDADE ONDE ENVELHEÇO;2015;Renúncia — Outros Mecanismos;;;;;07525577000166;MG;FICÇÃO;SALAS DE EXIBIÇÃO;Renúncia pura;0.0;633798.14;633798.14;185281.6;0.0;221276.16;406557.76;;;;20.6;53.0;0;7;7;0;0.0;0;;0.0;;;True;True;0.6414625325344123;20.6;True
B1600680500000;A DESTRUIÇÃO DE BERNARDET;2015;Renúncia — Outros Mecanismos;;;;;67619171000174;SP;DOCUMENTÁRIO;SALAS DE EXIBIÇÃO;Renúncia pura;0.0;790272.0;790272.0;26937.4;0.0;442552.32;469489.72000000003;;;;0.0;0.0;0;0;0;0;0.0;0;;0.0;;;True;True;0.5940862386621315;0.0;False
B1500710900000;A LENDA DO GATO PRETO;2015;Renúncia — Outros Mecanismos;;;;;05966506000173;CE;FICÇÃO;SALAS DE EXIBIÇÃO;Renúncia pura;0.0;834369.18;834369.18;0.0;0.0;0.0;0.0;;;;0.0;0.0;0;0;0;0;3.793;2;alta;0.0;;;True;False;;;False
B1600296800000;A LOUCURA ENTRE NÓS;2015;Renúncia — Outros Mecanismos;;;;;13535692000114;BA;DOCUMENTÁRIO;SALAS DE EXIBIÇÃO;Renúncia pura;0.0;1422489.6;1422489.6;102839.24;0.0;102735.36;205574.6;;;;0.0;0.0;0;0;0;0;3.6;1;baixa;0.0;;;True;True;0.144517471340388;0.0;False
B1700428000000;A MENINA ÍNDIGO;2015;Renúncia — Outros Mecanismos;;;;;01946155000188;RJ;FICÇÃO;SALAS DE EXIBIÇÃO;Renúncia pura;0.0;4505382.71;4505382.71;267505.28;0.0;229178.88;496684.16000000003;13456.0;3617.0;70.0;0.0;0.0;0;0;0;0;2.5;1;baixa;0.0;;;True;True;0.11024239048495839;0.0;False
B1500105700000;A NAÇÃO QUE NÃO ESPEROU POR DEUS;2015;FSA Automático Festivais;;;;;73947392000174;RJ;DOCUMENTÁRIO;SALAS DE EXIBIÇÃO;sem inv.;0.0;0.0;0.0;26718.72;0.0;284497.92;311216.64;1344.0;;;1.3;6.5;0;0;0;0;3.845;2;media;0.0;;;False;False;;;False
B1600096000000;APAIXONADOS O FILME;2015;Renúncia — Art.3/3-A/39;;;;;02863008000107;RJ;FICÇÃO;SALAS DE EXIBIÇÃO;sem inv.;0.0;0.0;0.0;535567.2;0.0;197568.0;733135.2;;;;0.0;0.0;0;0;0;0;3.5;1;baixa;0.0;;;False;False;;;False
B1500904200000;ATÉ QUE A SORTE NOS SEPARE 3;2015;Renúncia — Art.3/3-A/39;;;;;01378559000201;RJ;FICÇÃO;SALAS DE EXIBIÇÃO;Renúncia pura;0.0;7823692.8;7823692.8;67190583.04;0.0;324011.52;67514594.56;;;;0.0;0.0;0;0;0;0;3.6;1;baixa;0.0;;;True;True;8.629504798552418;0.0;False
B1500840400000;BEM CASADOS;2015;Renúncia — Art.3/3-A/39;;;;;03838776000173;RJ;FICÇÃO;SALAS DE EXIBIÇÃO;Renúncia pura;0.0;6764108.11;6764108.11;9912665.0;0.0;576898.56;10489563.56;;;;0.0;0.0;0;0;0;0;0.0;0;;10.0;0.0;0.0;True;True;1.5507681706760894;0.0;False
B1500712100000;BETINHO-A ESPERANÇA EQUILIBRISTA;2015;Renúncia — Art.3/3-A/39;;;;;00360459000104;RJ;DOCUMENTÁRIO;SALAS DE EXIBIÇÃO;Renúncia pura;0.0;1485711.36;1485711.36;43338.4;0.0;537384.96;580723.36;;;;2.5;12.5;0;0;0;0;0.0;0;;0.0;;;True;True;0.3908722620253775;2.5;True
B1500798600000;BOI NEON;2015;Renúncia — Art.3/3-A/39;;;;;12658679000190;PE;FICÇÃO;SALAS DE EXIBIÇÃO;Renúncia pura;0.0;553190.4;553190.4;709457.56;0.0;671731.2;1381188.76;;;;43.84;100.5;24787;22;8;0;3.5;1;baixa;0.0;;;True;True;2.496769213637836;43.84;True
B1500562900000;BRAVA GENTE ITALIANA;2015;Renúncia — Outros Mecanismos;;;;;00101698000131;RJ;DOCUMENTÁRIO;SALAS DE EXIBIÇÃO;Renúncia pura;0.0;1797380.21;1797380.21;0.0;0.0;102735.36;102735.36;;;;0.0;0.0;0;0;0;0;0.0;0;;0.0;;;True;False;;;False
B1500340300000;CALIFÓRNIA;2015;Renúncia — Art.3/3-A/39;;;;;60636537000174;SP;FICÇÃO;SALAS DE EXIBIÇÃO;Renúncia pura;0.0;2894784.84;2894784.84;278081.44;0.0;410941.44;689022.88;;;;3.8;19.0;0;0;0;0;0.0;0;;0.0;;;True;True;0.23802213915145418;3.8;True
B1500542500000;CANÇÃO DA VOLTA;2015;Renúncia — Art.3/3-A/39;;;;;60636537000174;SP;FICÇÃO;SALAS DE EXIBIÇÃO;sem inv.;0.0;0.0;0.0;48686.12;0.0;316108.8;364794.92;;;;0.0;0.0;0;0;0;0;0.0;0;;0.0;;;False;False;;;False
B1500453100000;CARROSSEL - O FILME;2015;Renúncia — Art.3/3-A/39;;;;;12580503000243;RJ;FICÇÃO;SALAS DE EXIBIÇÃO;Renúncia pura;0.0;2109867.77;2109867.77;52029916.12;0.0;324011.52;52353927.64;;;;0.0;0.0;0;0;0;0;3.3;1;baixa;0.0;;;True;True;24.81384302107236;0.0;False
B1500777500000;CHICO - ARTISTA BRASILEIRO;2015;Renúncia — Art.3/3-A/39;;;;;35892546000189;RJ;DOCUMENTÁRIO;SALAS DE EXIBIÇÃO;Renúncia pura;0.0;5799015.94;5799015.94;2525018.44;0.0;324011.52;2849029.96;;;;9.5;0.0;1091;0;0;0;0.0;0;;0.0;;;True;True;0.491295417960172;9.5;True
B1500723200000;CINCO VEZES CHICO O VELHO E SUA GENTE;2015;Renúncia — Art.3/3-A/39;;;;;09107296000119;RJ;DOCUMENTÁRIO;SALAS DE EXIBIÇÃO;Renúncia pura;0.0;1817625.6;1817625.6;22881.88;0.0;221276.16;244158.04;;;;1.7;8.5;0;0;0;0;3.75;1;media;15.0;18.0;15.0;True;True;0.13432801562654048;1.7;True
B1500743500000;CIRCO VOADOR - A NAVE;2015;Renúncia — Art.3/3-A/39;;;;;11187365000193;RJ;DOCUMENTÁRIO;SALAS DE EXIBIÇÃO;sem inv.;0.0;0.0;0.0;18786.6;0.0;189665.28;208451.88;;;;0.0;0.0;0;0;0;0;0.0;0;;0.0;;;False;False;;;False
B1500559900000;CORA CORALINA - TODAS AS VIDAS;2015;Renúncia — Outros Mecanismos;;;;;37981206000150;DF;DOCUMENTÁRIO;SALAS DE EXIBIÇÃO;Renúncia pura;0.0;790272.0;790272.0;132042.96;0.0;94832.64;226875.59999999998;;;;0.0;0.0;0;0;0;0;0.0;0;;0.0;;;True;True;0.28708545918367345;0.0;False
B1600192300000;DE ONDE EU TE VEJO;2015;Renúncia — Art.3/3-A/39;;;;;07477471000134;SP;FICÇÃO;SALAS DE EXIBIÇÃO;Renúncia pura;0.0;5927040.0;5927040.0;655980.36;0.0;229178.88;885159.24;;;;0.0;0.0;0;0;0;0;4.0;1;baixa;0.0;;;True;True;0.14934254535147393;0.0;False
B1600454400000;DESCULPE O TRANSTORNO;2015;Renúncia — Art.3/3-A/39;;;;;01378559000112;SP;FICÇÃO;SALAS DE EXIBIÇÃO;Renúncia pura;0.0;8619900.85;8619900.85;3038578.48;0.0;221276.16;3259854.64;;;;0.0;0.0;0;0;0;0;0.0;0;;0.0;;;True;True;0.3781777420328449;0.0;False
B1600012800000;DO PÓ DA TERRA;2015;Renúncia — Art.3/3-A/39;;;;;64049562000102;SP;DOCUMENTÁRIO;SALAS DE EXIBIÇÃO;sem inv.;0.0;0.0;0.0;26977.16;0.0;221276.16;248253.32;;;;0.0;0.0;0;0;0;0;0.0;0;;0.0;;;False;False;;;False
B1500740900000;DOCUMENTÁRIO SAMBA & JAZZ: RIO DE JANEIRO - NEW ORLEANS;2015;Renúncia — Outros Mecanismos;;;;;06935870000139;SP;DOCUMENTÁRIO;SALAS DE EXIBIÇÃO;Renúncia pura;0.0;395136.0;395136.0;37632.84;0.0;537384.96;575017.7999999999;;;;0.0;0.0;0;0;0;0;4.252;2;alta;0.0;;;True;True;1.4552402210884352;0.0;False
B1500558500000;ENTRANDO NUMA ROUBADA;2015;Renúncia — Art.3/3-A/39;;;;;05256465000121;RJ;FICÇÃO;SALAS DE EXIBIÇÃO;Renúncia pura;0.0;474163.2;474163.2;2670818.36;0.0;197568.0;2868386.36;;;;0.0;0.0;0;0;0;0;4.138;2;media;0.0;;;True;True;6.049365197467876;0.0;False
B1500183700000;ENTRE ABELHAS;2015;Renúncia — Art.3/3-A/39;;;;;06998046000128;RJ;FICÇÃO;SALAS DE EXIBIÇÃO;Renúncia pura;0.0;4615188.48;4615188.48;8829205.0;0.0;229178.88;9058383.88;;;;0.0;0.0;0;0;0;0;0.0;0;;0.0;;;True;True;1.9627332489788152;0.0;False
B1600492200000;ENTRE NÓS, O ESTRANHO;2015;Renúncia — Outros Mecanismos;;;;;04937797000109;PR;DOCUMENTÁRIO;SALAS DE EXIBIÇÃO;Renúncia pura;0.0;225701.68;225701.68;0.0;0.0;126443.52;126443.52;;;;0.0;0.0;0;0;0;0;3.6;1;baixa;0.0;;;True;False;;;False
B1500865900000;ESTIVE EM LISBOA E LEMBREI DE VOCÊ;2015;Renúncia — Outros Mecanismos;;;;;05436489000162;RJ;FICÇÃO;SALAS DE EXIBIÇÃO;Renúncia pura;0.0;948326.4;948326.4;71369.2;0.0;94832.64;166201.84;;;;10.88;0.0;694;1;1;0;3.683;2;media;0.0;;;True;True;0.17525805461073318;10.88;True
B1700544600000;ESTRADA DE SONHOS;2015;Renúncia — Outros Mecanismos;;;;;09324313000170;RJ;DOCUMENTÁRIO;SALAS DE EXIBIÇÃO;Renúncia pura;0.0;878097.74;878097.74;6600.16;0.0;102735.36;109335.52;;;;0.0;0.0;0;0;0;0;3.32;1;alta;0.0;;;True;True;0.12451406605374021;0.0;False
B1600472500000;EU TE LEVO;2015;Renúncia — Art.3/3-A/39;;;;;03435290000194;SP;FICÇÃO;SALAS DE EXIBIÇÃO;sem inv.;0.0;0.0;0.0;9383.36;0.0;316108.8;325492.16;;;;0.0;0.0;0;0;0;0;3.358;2;media;0.0;;;False;False;;;False
B1600116800000;GLAUCO DO BRASIL;2015;Renúncia — Outros Mecanismos;;;;;10780165000187;RS;DOCUMENTÁRIO;SALAS DE EXIBIÇÃO;Renúncia pura;0.0;316108.8;316108.8;4632.04;0.0;94832.64;99464.68;;;;0.0;0.0;0;0;0;0;4.343;2;media;0.0;;;True;True;0.3146533092403628;0.0;False
B1500283900000;HENRY KAYATH: O HOMEM E SEU TEMPO;2015;Renúncia — Art.3/3-A/39;;;;;60636537000174;SP;DOCUMENTÁRIO;SALAS DE EXIBIÇÃO;Renúncia pura;0.0;558564.25;558564.25;357.84;0.0;0.0;357.84;;;;0.0;0.0;0;0;0;0;3.648;2;alta;0.0;;;True;True;0.0006406425044209327;0.0;False
B1500286600000;HOMEM AO MAR - A CULTURA AÇORIANA NO IMAGINÁRIO BRASILEIRO;2015;Renúncia — Outros Mecanismos;;;;;59075184000100;SP;DOCUMENTÁRIO;SALAS DE EXIBIÇÃO;Renúncia pura;0.0;444604.99;444604.99;0.0;0.0;0.0;0.0;;;;0.0;0.0;0;0;0;0;4.3;1;baixa;0.0;;;True;False;;;False
B1500498600000;IDENTIDADE COTIDIANA;2015;Renúncia — Art.3/3-A/39;;;;;07669418000135;SP;DOCUMENTÁRIO;SALAS DE EXIBIÇÃO;sem inv.;0.0;0.0;0.0;0.0;0.0;94832.64;94832.64;;;;0.0;0.0;0;0;0;0;4.068;2;alta;1.0;0.0;0.0;False;False;;;False
B1500643000000;INTRODUÇÃO À MÚSICA DO SANGUE;2015;Renúncia — Outros Mecanismos;;;;;03191048000112;RJ;FICÇÃO;SALAS DE EXIBIÇÃO;Renúncia pura;0.0;632217.6;632217.6;10914.12;0.0;537384.96;548299.08;;;;0.0;0.0;0;0;0;0;4.05;2;alta;0.0;;;True;True;0.8672632334183673;0.0;False
B1500575600000;JIA ZHANG-KE, UM HOMEM DE FENYANG;2015;Renúncia — Outros Mecanismos;;;;;31179864000146;RJ;DOCUMENTÁRIO;SALAS DE EXIBIÇÃO;Renúncia pura;0.0;1057704.31;1057704.31;128563.96;0.0;197568.0;326131.96;;;;0.0;0.0;0;0;0;0;4.1;1;baixa;0.0;;;True;True;0.3083394450761007;0.0;False
B1500616000000;JOÃO E VANDINHA;2015;Renúncia — Art.3/3-A/39;;;;;09355997000177;BA;FICÇÃO;SALAS DE EXIBIÇÃO;sem inv.;0.0;0.0;0.0;0.0;0.0;0.0;0.0;;;;0.0;0.0;0;0;0;0;4.0;1;baixa;0.0;;;False;False;;;False
B1600294500000;MAIS FORTE QUE O MUNDO - A HISTÓRIA DE JOSÉ ALDO;2015;Renúncia — Art.3/3-A/39;;;;;01478079000123;SP;FICÇÃO;SALAS DE EXIBIÇÃO;Renúncia pura;0.0;5215795.2;5215795.2;11352811.96;0.0;324011.52;11676823.48;;;;0.0;0.0;0;0;0;0;4.0;1;baixa;2.0;0.0;0.0;True;True;2.2387427098364596;0.0;False
B1500240200000;MONSTROS DO RINGUE;2015;Renúncia — Outros Mecanismos;;;;;02028727000102;SP;DOCUMENTÁRIO;SALAS DE EXIBIÇÃO;Renúncia pura;0.0;158054.4;158054.4;0.0;0.0;189665.28;189665.28;;;;0.0;0.0;0;0;0;0;0.0;0;;0.0;;;True;False;;;False
B1500661200000;MUNDO CÃO;2015;Renúncia — Art.3/3-A/39;;;;;03675713000143;SP;FICÇÃO;SALAS DE EXIBIÇÃO;Renúncia pura;0.0;6311998.2;6311998.2;390125.12;0.0;102735.36;492860.48;;;;0.0;0.0;0;0;0;0;3.5;1;baixa;0.0;;;True;True;0.07808311478922791;0.0;False
B1500543700000;NINGUÉM AMA NINGUÉM...POR MAIS DE DOIS ANOS;2015;Renúncia — Outros Mecanismos;;;;;00445787000103;SP;FICÇÃO;SALAS DE EXIBIÇÃO;Renúncia pura;0.0;613251.07;613251.07;233093.0;0.0;189665.28;422758.28;;;;0.0;0.0;0;0;0;0;3.775;1;alta;0.0;;;True;True;0.6893722664030575;0.0;False
B1500837400000;O OUTRO LADO DO PARAÍSO;2015;Renúncia — Art.3/3-A/39;;;;;03093490000106;DF;FICÇÃO;SALAS DE EXIBIÇÃO;Renúncia pura;0.0;3429780.48;3429780.48;144428.2;0.0;663828.48;808256.6799999999;;;;5.5;27.5;0;0;0;0;3.3;1;baixa;0.0;;;True;True;0.2356584290782365;5.5;True
B1600408200000;O ROUBO DA TAÇA;2015;Renúncia — Outros Mecanismos;;;;;00020648000120;SP;FICÇÃO;SALAS DE EXIBIÇÃO;Renúncia pura;0.0;3635409.25;3635409.25;616359.52;0.0;197568.0;813927.52;31004.0;5845.0;54.0;1.2;6.0;0;0;0;0;0.0;0;;0.0;;;True;True;0.22388882902248214;1.2;True
B1600059500000;OLHAR DE NISE;2015;Renúncia — Outros Mecanismos;;;;;38027546000109;DF;DOCUMENTÁRIO;SALAS DE EXIBIÇÃO;Renúncia pura;0.0;993688.01;993688.01;0.0;0.0;189665.28;189665.28;;;;0.0;0.0;0;0;0;0;0.0;0;;0.0;;;True;False;;;False
B1500448600000;ORESTES;2015;Renúncia — Art.3/3-A/39;;;;;05780593000170;SP;DOCUMENTÁRIO;SALAS DE EXIBIÇÃO;Renúncia pura;0.0;1844122.47;1844122.47;56518.84;0.0;221276.16;277795.0;;;;0.0;0.0;0;0;0;0;0.0;0;;0.0;;;True;True;0.15063804303626321;0.0;False
B1600602000000;PALMEIRAS, O CAMPEÃO DO SÉCULO;2015;Renúncia — Outros Mecanismos;;;;;04350398000147;SP;DOCUMENTÁRIO;SALAS DE EXIBIÇÃO;Renúncia pura;0.0;1438295.04;1438295.04;117311.88;0.0;0.0;117311.88;;;;0.0;0.0;0;0;0;0;4.287;2;alta;0.0;;;True;True;0.08156315410779696;0.0;False
B1600294100000;PAULINA;2015;Renúncia — Art.3/3-A/39;;;;;31179864000146;RJ;FICÇÃO;SALAS DE EXIBIÇÃO;sem inv.;0.0;0.0;0.0;305933.32;0.0;442552.32;748485.64;;;;0.0;0.0;0;0;0;0;0.0;0;;0.0;;;False;False;;;False
B1500592000000;PAYSANDÚ 100 ANOS DE PAYXÃO;2015;Renúncia — Outros Mecanismos;;;;;05256465000121;RJ;DOCUMENTÁRIO;SALAS DE EXIBIÇÃO;Renúncia pura;0.0;1106380.8;1106380.8;237625.64;0.0;197568.0;435193.64;;;;0.0;0.0;0;0;0;0;0.0;0;;3.0;0.0;0.0;True;True;0.39334887228701004;0.0;False
B1500585200000;PENAS;2015;Renúncia — Outros Mecanismos;;;;;09218906000151;SP;FICÇÃO;SALAS DE EXIBIÇÃO;Renúncia pura;0.0;102284.89;102284.89;0.0;0.0;0.0;0.0;;;;0.0;0.0;0;0;0;0;0.0;0;;0.0;;;True;False;;;False
B1500689300000;PIADEIROS;2015;Renúncia — Outros Mecanismos;;;;;04650621000171;SP;DOCUMENTÁRIO;SALAS DE EXIBIÇÃO;Renúncia pura;0.0;1026481.12;1026481.12;14234.08;0.0;94832.64;109066.72;;;;0.0;0.0;0;0;0;0;0.0;0;;0.0;;;True;True;0.10625302100052264;0.0;False
B1600368700000;PORTA DOS FUNDOS - CONTRATO VITALÍCIO;2015;Renúncia — Art.3/3-A/39;;;;;17227558000107;RJ;FICÇÃO;SALAS DE EXIBIÇÃO;Renúncia pura;0.0;5610931.18;5610931.18;9121441.0;0.0;197568.0;9319009.0;;;;0.0;0.0;0;0;0;0;1.3;1;baixa;0.0;;;True;True;1.6608667440472866;0.0;False
B1500562100000;QUANTO TEMPO O TEMPO TEM;2015;Renúncia — Art.3/3-A/39;;;;;04303816000145;RJ;DOCUMENTÁRIO;SALAS DE EXIBIÇÃO;Renúncia pura;0.0;68952.16;68952.16;118504.68;0.0;94832.64;213337.32;;;;0.0;0.0;0;0;0;0;3.648;2;alta;0.0;;;True;True;3.093990384057584;0.0;False
B1600017500000;RALÉ;2015;Renúncia — Outros Mecanismos;;;;;04760800000161;SP;FICÇÃO;COMUNICAÇÃO ELETRÔNICA DE MASSA POR ASSINATURA (TV PAGA);Renúncia pura;0.0;292400.64;292400.64;43239.0;0.0;189665.28;232904.28;;;;2.3;11.5;0;0;0;0;0.0;0;;0.0;;;True;True;0.7965245219709505;2.3;True
B1500251700000;SECA;2015;Renúncia — Art.3/3-A/39;;;;;08184185000143;RJ;DOCUMENTÁRIO;SALAS DE EXIBIÇÃO;Renúncia pura;0.0;948326.4;948326.4;0.0;0.0;442552.32;442552.32;;;;0.0;0.0;0;0;0;0;0.0;0;;0.0;;;True;False;;;False
B1600685000000;SOB PRESSÃO;2015;Renúncia — Art.3/3-A/39;;;;;09180984000104;RJ;FICÇÃO;SALAS DE EXIBIÇÃO;Renúncia pura;0.0;4741632.0;4741632.0;781800.88;0.0;316108.8;1097909.68;;;;0.0;0.0;0;0;0;0;4.2;1;baixa;1.0;1.0;1.0;True;True;0.23154679232804232;0.0;False
B1500542600000;SUBSOLOS;2015;Renúncia — Art.3/3-A/39;;;;;21521036000190;MG;FICÇÃO;SALAS DE EXIBIÇÃO;sem inv.;0.0;0.0;0.0;0.0;0.0;0.0;0.0;;;;0.0;0.0;0;0;0;0;0.0;0;;0.0;;;False;False;;;False
B1600536100000;SURF NO ALEMÃO;2015;Renúncia — Art.3/3-A/39;;;;;10701739000184;RJ;DOCUMENTÁRIO;SALAS DE EXIBIÇÃO;Renúncia pura;0.0;587213.19;587213.19;0.0;0.0;94832.64;94832.64;;;;0.0;0.0;0;0;0;0;3.5;1;baixa;1.0;0.0;0.0;True;False;;;False
B1500654700000;TODAS AS MANHÃS DO MUNDO;2015;Renúncia — Art.3/3-A/39;;;;;04350398000147;SP;DOCUMENTÁRIO;COMUNICAÇÃO ELETRÔNICA DE MASSA POR ASSINATURA (TV PAGA);Renúncia pura;0.0;2765952.0;2765952.0;230111.0;0.0;94832.64;324943.64;;;;0.0;0.0;0;0;0;0;3.927;2;media;0.0;;;True;True;0.117479855037253;0.0;False
B1600068000000;TRAVESSIA;2015;Renúncia — Outros Mecanismos;;;;;07632461000126;BA;FICÇÃO;SALAS DE EXIBIÇÃO;Renúncia pura;0.0;1896652.8;1896652.8;92939.0;0.0;94832.64;187771.64;;;;0.0;0.0;0;0;0;0;3.9;1;baixa;0.0;;;True;True;0.09900158848261527;0.0;False
B1500754900000;TRAVESSIAS;2015;Renúncia — Outros Mecanismos;;;;;00487854000144;PR;FICÇÃO;SALAS DE EXIBIÇÃO;Renúncia pura;0.0;830088.37;830088.37;310644.88;0.0;221276.16;531921.04;;;;0.0;0.0;0;0;0;0;0.0;0;;0.0;;;True;True;0.640800496939862;0.0;False
B1600011000000;UM SUBURBANO SORTUDO;2015;Renúncia — Art.3/3-A/39;;;;;03987306000252;RJ;FICÇÃO;SALAS DE EXIBIÇÃO;Renúncia pura;0.0;8724602.88;8724602.88;21565923.4;0.0;324011.52;21889934.919999998;;;;0.0;0.0;0;0;0;0;2.6;1;baixa;0.0;;;True;True;2.5089892595776226;0.0;False
B1600305700000;UMA LOUCURA DE MULHER;2015;Renúncia — Art.3/3-A/39;;;;;04854820000100;DF;FICÇÃO;SALAS DE EXIBIÇÃO;Renúncia pura;0.0;2580955.62;2580955.62;2080779.96;0.0;576898.56;2657678.52;104667.0;149.0;21.0;0.0;0.0;0;0;0;0;2.9;1;baixa;0.0;;;True;True;1.02972654756458;0.0;False
B1600067600000;UMA NOITE EM SAMPA;2015;Renúncia — Outros Mecanismos;;;;;59190843000140;SP;FICÇÃO;SALAS DE EXIBIÇÃO;Renúncia pura;0.0;1343462.4;1343462.4;64431.08;0.0;94832.64;159263.72;;;;0.0;0.0;0;0;0;0;3.4;1;baixa;0.0;;;True;True;0.11854721055088703;0.0;False
B1500654500000;VAI QUE COLA - O FILME;2015;Renúncia — Art.3/3-A/39;;;;;09180984000104;RJ;FICÇÃO;SALAS DE EXIBIÇÃO;Renúncia pura;0.0;10242715.39;10242715.39;67010271.44;0.0;324011.52;67334282.96;;;;0.0;0.0;0;0;0;0;3.3;1;baixa;1.0;0.0;0.0;True;True;6.573870345527583;0.0;False
B1500450200000;VILANOVA ARTIGAS: O ARQUITETO E A LUZ;2015;Renúncia — Outros Mecanismos;;;;;09019897000170;SP;DOCUMENTÁRIO;SALAS DE EXIBIÇÃO;Renúncia pura;0.0;1422489.6;1422489.6;0.0;0.0;221276.16;221276.16;;;;0.0;0.0;0;0;0;0;3.4;1;baixa;0.0;;;True;False;;;False
B1600725300000;VINTE ANOS;2015;Renúncia — Art.3/3-A/39;;;;;33451113000162;RJ;DOCUMENTÁRIO;SALAS DE EXIBIÇÃO;Renúncia pura;0.0;797554.47;797554.47;24989.16;0.0;442552.32;467541.48;;;;0.0;0.0;0;0;0;0;0.0;0;;4.0;0.0;0.0;True;True;0.5862188697907994;0.0;False
B1600532800000;É FADA!;2015;Renúncia — Art.3/3-A/39;;;;;02605295000155;RJ;FICÇÃO;SALAS DE EXIBIÇÃO;Renúncia pura;0.0;4741632.0;4741632.0;34712627.04;0.0;229178.88;34941805.92;;;;0.0;0.0;0;0;0;0;2.1;1;baixa;0.0;;;True;True;7.369151785714286;0.0;False
B1500585700000;ÍDOLO;2015;Renúncia — Art.3/3-A/39;;;;;11290121000131;RJ;DOCUMENTÁRIO;SALAS DE EXIBIÇÃO;Renúncia pura;0.0;1179085.82;1179085.82;0.0;0.0;324011.52;324011.52;;;;8.7;0.0;608;0;0;0;0.0;0;;0.0;;;True;False;;;False
B1500218600000;ÚLTIMAS CONVERSAS;2015;Renúncia — Art.3/3-A/39;;;;;31179864000146;RJ;DOCUMENTÁRIO;SALAS DE EXIBIÇÃO;sem inv.;0.0;0.0;0.0;183452.64;0.0;197568.0;381020.64;;;;0.0;0.0;0;0;0;0;0.0;0;;30.0;76.0;10.0;False;False;;;False
B1600603300000;1976 - O ANO DA INVASÃO CORINTHIANA;2016;Renúncia — Art.3/3-A/39;;;;;01613170000104;SP;DOCUMENTÁRIO;SALAS DE EXIBIÇÃO;Renúncia pura;0.0;1262710.94;1262710.94;118047.44;0.0;89220.66;207268.1;;;;0.0;0.0;0;0;0;0;3.865;2;alta;1.0;0.0;0.0;True;True;0.16414532687900843;0.0;False
B1600439300000;A COMÉDIA DIVINA;2016;Renúncia — Art.3/3-A/39;;;;;01605800000107;SP;FICÇÃO;SALAS DE EXIBIÇÃO;Renúncia pura;0.0;297402.2;297402.2;937759.48;0.0;542759.02;1480518.5;47171.0;5638.0;51.0;1.1;5.5;0;0;0;0;2.728;2;media;1.0;0.0;0.0;True;True;4.978169293972943;1.1;True
B1600314200000;A CONFRARIA;2016;Renúncia — Outros Mecanismos;;;;;13110657000153;RJ;FICÇÃO;SALAS DE EXIBIÇÃO;Renúncia pura;0.0;86657.05;86657.05;0.0;0.0;0.0;0.0;;;;0.0;0.0;0;0;0;0;0.0;0;;0.0;;;True;False;;;False
B1600471800000;A CORRIDA DO DOPING;2016;Renúncia — Art.3/3-A/39;;;;;01009824000195;SC;DOCUMENTÁRIO;SALAS DE EXIBIÇÃO;Renúncia pura;0.0;446103.3;446103.3;0.0;0.0;0.0;0.0;;;;0.0;0.0;0;0;0;0;0.0;0;;0.0;;;True;False;;;False
B1600543700000;A REPARTIÇÃO DO TEMPO;2016;Renúncia — Art.3/3-A/39;;;;;09065789000133;DF;FICÇÃO;SALAS DE EXIBIÇÃO;sem inv.;0.0;0.0;0.0;52244.64;0.0;89220.66;141465.3;;;;0.0;0.0;0;0;0;0;3.648;2;alta;0.0;;;False;False;;;False
B1600774200000;A RETOMADA DO PORTO;2016;Renúncia — Outros Mecanismos;;;;;73619637000134;RJ;DOCUMENTÁRIO;SALAS DE EXIBIÇÃO;Renúncia pura;0.0;930733.7;930733.7;0.0;0.0;416363.08;416363.08;;;;0.0;0.0;0;0;0;0;0.0;0;;0.0;;;True;False;;;False
B1700499100000;A SERPENTE;2016;Renúncia — Outros Mecanismos;;;;;05246567000166;PE;FICÇÃO;SALAS DE EXIBIÇÃO;Renúncia pura;0.0;74350.55;74350.55;10476.76;0.0;416363.08;426839.84;;;;0.0;0.0;0;0;0;0;0.0;0;;0.0;;;True;True;5.740910322788467;0.0;False
B1800223100000;AMAZON ADVENTURE;2016;Renúncia — Outros Mecanismos;;;;;01287908000190;SP;FICÇÃO;SALAS DE EXIBIÇÃO;Renúncia pura;0.0;2527918.7;2527918.7;0.0;0.0;0.0;0.0;;;;10.0;0.0;0;28;27;0;0.0;0;;0.0;;;True;False;;;False
B1700175000000;AMOR.COM;2016;Renúncia — Art.3/3-A/39;;;;;02863008000107;RJ;FICÇÃO;SALAS DE EXIBIÇÃO;Renúncia pura;0.0;5269988.4;5269988.4;1825838.84;0.0;96655.72;1922494.56;;;;0.0;0.0;0;0;0;0;3.425;2;alta;2.0;0.0;0.0;True;True;0.3648005297317163;0.0;False
B1700416900000;AOS TEUS OLHOS;2016;Renúncia — Art.3/3-A/39;;;;;09180984000104;RJ;FICÇÃO;SALAS DE EXIBIÇÃO;Renúncia pura;0.0;4461033.0;4461033.0;554055.6;0.0;535323.96;1089379.56;;;;14.45;25.0;1055;0;0;0;3.0;1;baixa;10.0;3.0;2.0;True;True;0.24419894674619086;14.45;True
B1600478600000;AQUARIUS;2016;Renúncia — Art.3/3-A/39;;;;;08587501000128;PE;FICÇÃO;SALAS DE EXIBIÇÃO;Renúncia pura;0.0;2899671.45;2899671.45;7079009.56;0.0;215616.6;7294626.159999999;;;;38.47;56.5;311538;22;7;0;3.7;1;baixa;0.0;;;True;True;2.5156733394743735;38.47;True
B1600750800000;BELO MONTE: UM MUNDO ONDE TUDO É POSSÍVEL;2016;Renúncia — Art.3/3-A/39;;;;;07060648000100;RJ;DOCUMENTÁRIO;SALAS DE EXIBIÇÃO;Renúncia pura;0.0;446103.3;446103.3;1749.44;0.0;89220.66;90970.1;;;;0.0;0.0;0;0;0;0;3.738;1;alta;0.0;;;True;True;0.20392160291125397;0.0;False
B1600405900000;BR 716;2016;Renúncia — Art.3/3-A/39;;;;;04474294000144;RJ;FICÇÃO;SALAS DE EXIBIÇÃO;sem inv.;0.0;0.0;0.0;204247.12;0.0;416363.08;620610.2;10274.0;369.0;6.0;0.0;0.0;0;0;0;0;0.0;0;;0.0;;;False;False;;;False
B1600342000000;BRASIL, DNA ÁFRICA;2016;Renúncia — Art.3/3-A/39;;;;;06900652000169;DF;DOCUMENTÁRIO;COMUNICAÇÃO ELETRÔNICA DE MASSA POR ASSINATURA (TV PAGA);Renúncia pura;0.0;1189608.8;1189608.8;9661.68;0.0;118960.88;128622.56;;;;0.0;0.0;0;0;0;0;0.0;0;;0.0;;;True;True;0.10812172875654584;0.0;False
B1800073300000;CANASTRA SUJA;2016;Renúncia — Outros Mecanismos;;;;;23234999000139;RJ;FICÇÃO;SALAS DE EXIBIÇÃO;Renúncia pura;0.0;743505.5;743505.5;41171.48;0.0;535323.96;576495.44;;;;0.4;2.0;0;0;0;0;0.0;0;;0.0;;;True;True;0.7753748156536837;0.4;True
B1600352700000;CARROSSEL 2 - O SUMIÇO DE MARIA JOAQUINA;2016;Renúncia — Art.3/3-A/39;;;;;12580503000162;SP;FICÇÃO;SALAS DE EXIBIÇÃO;Renúncia pura;0.0;3353209.66;3353209.66;51149689.36;0.0;215616.6;51365305.96;;;;0.0;0.0;0;0;0;0;3.0;1;baixa;0.0;;;True;True;15.318250622002562;0.0;False
B1600400300000;CHAPÉU DE BICO;2016;Renúncia — Outros Mecanismos;;;;;21917692000107;SP;FICÇÃO;SALAS DE EXIBIÇÃO;Renúncia pura;0.0;281788.58;281788.58;0.0;0.0;0.0;0.0;;;;0.0;0.0;0;0;0;0;3.5;1;baixa;0.0;;;True;False;;;False
B1700046100000;COMEBACK;2016;Renúncia — Art.3/3-A/39;;;;;12839664000128;SP;FICÇÃO;SALAS DE EXIBIÇÃO;Renúncia pura;0.0;356882.64;356882.64;66955.84;0.0;89220.66;156176.5;;;;0.0;0.0;0;0;0;0;0.0;0;;0.0;;;True;True;0.43761304836794523;0.0;False
B1600685500000;CORAGEM;2016;Renúncia — Art.3/3-A/39;;;;;12081251000127;SP;DOCUMENTÁRIO;SALAS DE EXIBIÇÃO;Renúncia pura;0.0;297402.2;297402.2;5268.2;0.0;297402.2;302670.4;;;;0.0;0.0;0;0;0;0;4.195;2;alta;0.0;;;True;True;1.017714058604812;0.0;False
B1700258100000;DANADO DE BOM;2016;Renúncia — Outros Mecanismos;;;;;07501094000121;PE;DOCUMENTÁRIO;SALAS DE EXIBIÇÃO;Renúncia pura;0.0;490713.63;490713.63;44411.92;0.0;215616.6;260028.52000000002;;;;0.0;0.0;0;0;0;0;3.793;2;media;0.0;;;True;True;0.5298987109854683;0.0;False
B1600648800000;DENTRO DA CAIXINHA;2016;Renúncia — Outros Mecanismos;;;;;08233638000184;MG;FICÇÃO;SALAS DE EXIBIÇÃO;Renúncia pura;0.0;401492.97;401492.97;31847.76;0.0;89220.66;121068.42;;;;0.0;0.0;0;0;0;0;4.4;1;baixa;0.0;;;True;True;0.30154555383622283;0.0;False
B1600648900000;DUAS MULHERES;2016;Renúncia — Art.3/3-A/39;;;;;02669022000174;PE;FICÇÃO;SALAS DE EXIBIÇÃO;Renúncia pura;0.0;148701.1;148701.1;0.0;0.0;0.0;0.0;;;;0.0;0.0;0;0;0;0;0.0;0;;0.0;;;True;False;;;False
B1600765100000;ELON NÃO ACREDITA NA MORTE;2016;Renúncia — Outros Mecanismos;;;;;16957757000108;MG;FICÇÃO;SALAS DE EXIBIÇÃO;Renúncia pura;0.0;730458.47;730458.47;44153.48;0.0;416363.08;460516.56;;;;6.1;30.5;0;0;0;0;3.57;2;alta;0.0;;;True;True;0.6304486550754898;6.1;True
B1600355900000;ENTRE IDAS E VINDAS;2016;Renúncia — Art.3/3-A/39;;;;;11073883000186;SP;FICÇÃO;SALAS DE EXIBIÇÃO;Renúncia pura;0.0;1809692.39;1809692.39;2234989.12;0.0;542759.02;2777748.14;;;;0.0;0.0;0;0;0;0;3.759;2;media;0.0;;;True;True;1.5349283421587467;0.0;False
B1700145600000;ENTÃO MORRI;2016;Renúncia — Art.3/3-A/39;;;;;15156700000147;RJ;DOCUMENTÁRIO;SALAS DE EXIBIÇÃO;sem inv.;0.0;0.0;0.0;0.0;0.0;416363.08;416363.08;;;;0.0;0.0;0;0;0;0;0.0;0;;0.0;;;False;False;;;False
B1700243800000;ESTEROS;2016;Renúncia — Art.3/3-A/39;;;;;03112121000202;SP;FICÇÃO;SALAS DE EXIBIÇÃO;sem inv.;0.0;0.0;0.0;76657.28;0.0;89220.66;165877.94;;;;10.0;0.0;0;45;18;0;0.0;0;;0.0;;;False;False;;;False
B1600793500000;FINDING JOSEF;2016;Renúncia — Art.3/3-A/39;;;;;03931658000105;BA;FICÇÃO;SALAS DE EXIBIÇÃO;sem inv.;0.0;0.0;0.0;0.0;0.0;535323.96;535323.96;;;;0.0;0.0;0;0;0;0;0.0;0;;0.0;;;False;False;;;False
B1600754000000;GABY ESTRELLA;2016;Renúncia — Art.3/3-A/39;;;;;05565485000184;RJ;FICÇÃO;SALAS DE EXIBIÇÃO;Renúncia pura;0.0;5948044.0;5948044.0;754446.0;0.0;89220.66;843666.66;37950.0;3879.0;54.0;0.0;0.0;0;0;0;0;0.0;0;;0.0;;;True;True;0.14183934416087038;0.0;False
B1600534400000;GALERIA F;2016;Renúncia — Art.3/3-A/39;;;;;18009049000170;RJ;DOCUMENTÁRIO;SALAS DE EXIBIÇÃO;Renúncia pura;0.0;594804.4;594804.4;11391.24;0.0;416363.08;427754.32;;;;0.0;0.0;0;0;0;0;0.0;0;;0.0;;;True;True;0.7191512369444476;0.0;False
B1700529800000;GARIMPEIROS DO VOTO;2016;Renúncia — Art.3/3-A/39;;;;;03279751000187;RJ;DOCUMENTÁRIO;SALAS DE EXIBIÇÃO;Renúncia pura;0.0;267661.98;267661.98;1491.0;0.0;416363.08;417854.08;;;;0.0;0.0;0;0;0;0;0.0;0;;2.0;0.0;0.0;True;True;1.5611260142363141;0.0;False
B1600685100000;INTOLERÂNCIA.DOC;2016;Renúncia — Art.3/3-A/39;;;;;06992833000162;RJ;DOCUMENTÁRIO;COMUNICAÇÃO ELETRÔNICA DE MASSA POR ASSINATURA (TV PAGA);Renúncia pura;0.0;520453.85;520453.85;3657.92;0.0;89220.66;92878.58;;;;0.0;0.0;0;0;0;0;0.0;0;;0.0;;;True;True;0.17845689872406556;0.0;False
B1700463300000;JOGOS CLANDESTINOS;2016;Renúncia — Art.3/3-A/39;;;;;08790022000104;SP;FICÇÃO;SALAS DE EXIBIÇÃO;Renúncia pura;0.0;624544.62;624544.62;0.0;0.0;0.0;0.0;;;;0.0;0.0;0;0;0;0;0.0;0;;0.0;;;True;False;;;False
B1600421600000;JONAS;2016;Renúncia — Art.3/3-A/39;;;;;02625405000140;SP;FICÇÃO;SALAS DE EXIBIÇÃO;Renúncia pura;0.0;7137652.8;7137652.8;29680.84;0.0;0.0;29680.84;;;;0.0;0.0;0;0;0;0;0.0;0;;0.0;;;True;True;0.004158347405186198;0.0;False
B1600442200000;MAGAL E OS FORMIGAS;2016;Renúncia — Art.3/3-A/39;;;;;07627467000105;SP;FICÇÃO;SALAS DE EXIBIÇÃO;Renúncia pura;0.0;3420125.3;3420125.3;16878.12;0.0;215616.6;232494.72;;;;0.0;0.0;0;0;0;0;0.0;0;;0.0;;;True;True;0.06797842172624495;0.0;False
B1600624200000;MARGINAL;2016;Renúncia — Art.3/3-A/39;;;;;08164917000133;SP;DOCUMENTÁRIO;SALAS DE EXIBIÇÃO;Renúncia pura;0.0;446103.3;446103.3;1689.8;0.0;89220.66;90910.46;;;;0.0;0.0;0;0;0;0;0.0;0;;3.0;14.0;14.0;True;True;0.20378791190291579;0.0;False
B1700248200000;MARIA - NÃO ESQUEÇA QUE EU VENHO DOS TRÓPICOS;2016;Renúncia — Outros Mecanismos;;;;;08010574000152;SP;DOCUMENTÁRIO;SALAS DE EXIBIÇÃO;Renúncia pura;0.0;1487011.0;1487011.0;19979.4;0.0;297402.2;317381.60000000003;;;;0.0;0.0;0;0;0;0;3.3;1;baixa;0.0;;;True;True;0.21343594633798946;0.0;False
B1600314300000;MARIAS;2016;Renúncia — Outros Mecanismos;;;;;06137016000127;SP;DOCUMENTÁRIO;SALAS DE EXIBIÇÃO;Renúncia pura;0.0;1000758.4;1000758.4;33955.04;0.0;215616.6;249571.64;;;;0.0;0.0;0;0;0;0;0.0;0;;0.0;;;True;True;0.24938250830570097;0.0;False
B1600280000000;MENINO 23 - INFÂNCIAS PERDIDAS NO BRASIL;2016;Renúncia — Art.3/3-A/39;;;;;04661796000184;RJ;DOCUMENTÁRIO;SALAS DE EXIBIÇÃO;Renúncia pura;0.0;1784413.2;1784413.2;143116.12;0.0;542759.02;685875.14;7199.0;64.0;9.0;0.0;0.0;0;0;0;0;4.3;1;baixa;0.0;;;True;True;0.38437013355426874;0.0;False
B1600200900000;MEU NOME É JACQUE;2016;Renúncia — Art.3/3-A/39;;;;;00360459000104;RJ;DOCUMENTÁRIO;SALAS DE EXIBIÇÃO;Renúncia pura;0.0;446103.3;446103.3;10238.2;0.0;89220.66;99458.86;;;;0.0;0.0;0;0;0;0;3.857;2;media;1.0;36.0;36.0;True;True;0.2229502897647249;0.0;False
B1600382500000;MILLER;2016;Renúncia — Art.3/3-A/39;;;;;09019897000170;SP;DOCUMENTÁRIO;SALAS DE EXIBIÇÃO;Renúncia pura;0.0;446103.3;446103.3;4771.2;0.0;208181.54;212952.74000000002;;;;0.0;0.0;0;0;0;0;0.0;0;;0.0;;;True;True;0.477361947333723;0.0;False
B1600716500000;MINHA MÃE É UMA PEÇA 2;2016;Renúncia — Art.3/3-A/39;;;;;10645895000175;RJ;FICÇÃO;SALAS DE EXIBIÇÃO;Renúncia pura;0.0;3375514.97;3375514.97;186544437.24;0.0;542759.02;187087196.26000002;;;;0.0;0.0;0;0;0;0;0.0;0;;1.0;0.0;0.0;True;True;55.42478641710779;0.0;False
B1700614000000;MOTORRAD;2016;Renúncia — Art.3/3-A/39;;;;;09416289000107;SP;FICÇÃO;SALAS DE EXIBIÇÃO;Renúncia pura;0.0;6653633.96;6653633.96;214684.12;0.0;208181.54;422865.66000000003;;;;2.4;12.0;0;0;0;0;0.0;0;;0.0;;;True;True;0.0635540912743568;2.4;True
B1600713100000;O FILHO ETERNO;2016;Renúncia — Art.3/3-A/39;;;;;05387293000125;SP;FICÇÃO;SALAS DE EXIBIÇÃO;Renúncia pura;0.0;3048372.55;3048372.55;437499.16;0.0;208181.54;645680.7;;;;0.0;0.0;0;0;0;0;3.7;1;baixa;0.0;;;True;True;0.21181161075604096;0.0;False
B1600773600000;O ORNITÓLOGO;2016;Renúncia — Art.3/3-A/39;;;;;11443174000145;RJ;FICÇÃO;SALAS DE EXIBIÇÃO;sem inv.;0.0;0.0;0.0;84927.36;0.0;0.0;84927.36;;;;10.0;0.0;0;18;7;0;0.0;0;;0.0;;;False;False;;;False
B1700159700000;O SILÊNCIO DA NOITE É QUE TEM SIDO TESTEMUNHA DAS MINHAS AMARGURAS;2016;Renúncia — Outros Mecanismos;;;;;16863370000192;PE;DOCUMENTÁRIO;SALAS DE EXIBIÇÃO;Renúncia pura;0.0;13383.1;13383.1;15784.72;0.0;89220.66;105005.38;;;;0.0;0.0;0;0;0;0;4.1;1;baixa;0.0;;;True;True;7.846117865068631;0.0;False
B1600710700000;O VENDEDOR DE SONHOS;2016;Renúncia — Art.3/3-A/39;;;;;09416289000107;SP;FICÇÃO;SALAS DE EXIBIÇÃO;Renúncia pura;0.0;9799402.49;9799402.49;13603188.2;0.0;96655.72;13699843.92;;;;11.75;0.0;5727;0;0;0;3.1;1;baixa;0.0;;;True;True;1.3980284955108522;11.75;True
B1600784700000;OS PENETRAS 2 - QUEM DÁ MAIS?;2016;Renúncia — Art.3/3-A/39;;;;;09180984000104;RJ;FICÇÃO;SALAS DE EXIBIÇÃO;Renúncia pura;0.0;9413523.14;9413523.14;8070683.6;0.0;215616.6;8286300.199999999;;;;0.0;0.0;0;0;0;0;3.1;1;baixa;1.0;1.0;1.0;True;True;0.8802549350295642;0.0;False
B1600738500000;OS SALTIMBANCOS TRAPALHÕES - RUMO A HOLLYWOOD;2016;Renúncia — Art.3/3-A/39;;;;;02947857000149;SP;FICÇÃO;SALAS DE EXIBIÇÃO;Renúncia pura;0.0;4495979.75;4495979.75;1915259.08;0.0;215616.6;2130875.68;96341.0;4276.0;75.0;0.0;0.0;0;0;0;0;0.0;0;;0.0;;;True;True;0.4739513517604256;0.0;False
B1600280100000;OS SENHORES DA GUERRA;2016;Renúncia — Outros Mecanismos;;;;;05456798000102;RS;FICÇÃO;SALAS DE EXIBIÇÃO;Renúncia pura;0.0;4178500.91;4178500.91;103853.12;0.0;96655.72;200508.84;;;;0.0;0.0;0;0;0;0;3.918;2;media;0.0;;;True;True;0.047985831358835336;0.0;False
B1600785500000;OS TRANSGRESSORES;2016;Renúncia — Art.3/3-A/39;;;;;01946155000188;RJ;DOCUMENTÁRIO;SALAS DE EXIBIÇÃO;Renúncia pura;0.0;618322.97;618322.97;3339.84;0.0;96655.72;99995.56;;;;0.0;0.0;0;0;0;0;0.0;0;;0.0;;;True;True;0.1617205972470989;0.0;False
B1700533700000;PARA ALÉM DA CURVA DA ESTRADA;2016;Renúncia — Art.3/3-A/39;;;;;12187070000180;RJ;DOCUMENTÁRIO;SALAS DE EXIBIÇÃO;Renúncia pura;0.0;535323.96;535323.96;337.96;0.0;208181.54;208519.5;;;;0.0;0.0;0;0;0;0;3.97;2;media;0.0;;;True;True;0.3895202075393749;0.0;False
B1600358100000;PARATODOS;2016;Renúncia — Art.3/3-A/39;;;;;09640643000174;SP;DOCUMENTÁRIO;SALAS DE EXIBIÇÃO;Renúncia pura;0.0;452469.19;452469.19;62462.96;0.0;208181.54;270644.5;;;;0.0;0.0;0;0;0;0;0.0;0;;0.0;;;True;True;0.5981501193484577;0.0;False
B1600530200000;PEQUENO SEGREDO;2016;Renúncia — Outros Mecanismos;;;;;00132102000160;SP;FICÇÃO;SALAS DE EXIBIÇÃO;Renúncia pura;0.0;5948044.0;5948044.0;3763781.0;0.0;0.0;3763781.0;;;;10.3;0.0;1968;0;0;0;3.7;1;baixa;3.0;2.0;2.0;True;True;0.6327762538407584;10.3;True
B1700107400000;PITANGA;2016;Renúncia — Art.3/3-A/39;;;;;02902219000101;SP;DOCUMENTÁRIO;SALAS DE EXIBIÇÃO;Renúncia pura;0.0;1189608.8;1189608.8;96199.32;0.0;208181.54;304380.86;;;;0.0;0.0;0;0;0;0;0.0;0;;0.0;;;True;True;0.25586634866857066;0.0;False
B1700275000000;SOUNDTRACK;2016;Renúncia — Art.3/3-A/39;;;;;01473536000197;RJ;FICÇÃO;SALAS DE EXIBIÇÃO;Renúncia pura;0.0;7286353.9;7286353.9;262356.36;0.0;215616.6;477972.95999999996;;;;0.0;0.0;0;0;0;0;0.0;0;;0.0;;;True;True;0.06559837287068913;0.0;False
B1600337700000;SÃO PAULO EM HI-FI;2016;Renúncia — Outros Mecanismos;;;;;09005783000170;SP;DOCUMENTÁRIO;SALAS DE EXIBIÇÃO;Renúncia pura;0.0;163571.21;163571.21;70096.88;0.0;89220.66;159317.54;;;;0.0;0.0;0;0;0;0;0.0;0;;0.0;;;True;True;0.9739949958186408;0.0;False
B1600604900000;TOC - TRANSTORNADA, OBSESSIVA, COMPULSIVA;2016;Renúncia — Art.3/3-A/39;;;;;07570789000165;SP;FICÇÃO;SALAS DE EXIBIÇÃO;Renúncia pura;0.0;5412720.04;5412720.04;4871454.84;0.0;215616.6;5087071.4399999995;245043.0;11249.0;115.0;0.0;0.0;0;0;0;0;3.898;2;alta;0.0;;;True;True;0.9398364227978803;0.0;False
B1600625200000;TODAS AS MANHÃS DO MUNDO;2016;Renúncia — Art.3/3-A/39;;;;;04350398000147;SP;DOCUMENTÁRIO;SALAS DE EXIBIÇÃO;Renúncia pura;0.0;2602269.25;2602269.25;230111.0;0.0;89220.66;319331.66000000003;;;;0.0;0.0;0;0;0;0;3.927;2;media;0.0;;;True;True;0.12271276694369733;0.0;False
B1700025700000;TROPYKAOS;2016;Renúncia — Art.3/3-A/39;;;;;08410008000138;BA;FICÇÃO;SALAS DE EXIBIÇÃO;sem inv.;0.0;0.0;0.0;34829.76;0.0;89220.66;124050.42000000001;;;;0.0;0.0;0;0;0;0;0.0;0;;0.0;;;False;False;;;False
B1600483500000;TUDO É IRRELEVANTE - HELIO JAGUARIBE;2016;Renúncia — Outros Mecanismos;;;;;02127762000189;RJ;DOCUMENTÁRIO;SALAS DE EXIBIÇÃO;Renúncia pura;0.0;656076.69;656076.69;4393.48;0.0;416363.08;420756.56;;;;0.0;0.0;0;0;0;0;3.738;1;media;1.0;0.0;0.0;True;True;0.641322221034861;0.0;False
B1600436900000;UM NAMORADO PARA MINHA MULHER;2016;Renúncia — Art.3/3-A/39;;;;;12580503000162;SP;FICÇÃO;SALAS DE EXIBIÇÃO;Renúncia pura;0.0;6487953.38;6487953.38;13566768.04;0.0;215616.6;13782384.639999999;;;;0.0;0.0;0;0;0;0;3.133;1;media;0.0;;;True;True;2.124303895660853;0.0;False
B1700462900000;UMA ESPÉCIE DE FAMÍLIA;2016;Renúncia — Art.3/3-A/39;;;;;07477471000134;SP;FICÇÃO;SALAS DE EXIBIÇÃO;sem inv.;0.0;0.0;0.0;70892.08;0.0;0.0;70892.08;;;;0.0;0.0;0;0;0;0;3.656;1;alta;0.0;;;False;False;;;False
B1600439700000;VIDAS PARTIDAS;2016;Renúncia — Art.3/3-A/39;;;;;36472587000189;RJ;FICÇÃO;SALAS DE EXIBIÇÃO;Renúncia pura;0.0;9379693.64;9379693.64;117272.12;0.0;208181.54;325453.66000000003;;;;0.0;0.0;0;0;0;0;3.7;1;baixa;0.0;;;True;True;0.03469768549924622;0.0;False
B1800033200000;A IMAGEM DA TOLERÂNCIA;2017;Renúncia — Art.3/3-A/39;;;;;07419227000115;SP;DOCUMENTÁRIO;SALAS DE EXIBIÇÃO;Renúncia pura;0.0;288880.2;288880.2;13339.48;0.0;202216.14;215555.62000000002;;;;0.0;0.0;0;0;0;0;3.17;2;alta;0.0;;;True;True;0.7461765119243202;0.0;False
B1800473500000;A ÚLTIMA ABOLIÇÃO;2017;Renúncia — Art.3/3-A/39;;;;;08427088000134;RJ;DOCUMENTÁRIO;SALAS DE EXIBIÇÃO;Renúncia pura;0.0;433320.3;433320.3;75365.08;0.0;202216.14;277581.22000000003;3791.0;235.0;10.0;0.0;0.0;0;0;0;0;4.013;2;media;5.0;2.0;1.0;True;True;0.6405913131694961;0.0;False
B1700329300000;A ÚLTIMA CHANCE;2017;Renúncia — Outros Mecanismos;;;;;03626688000108;RJ;FICÇÃO;SALAS DE EXIBIÇÃO;Renúncia pura;0.0;86664.06;86664.06;1908.48;0.0;404432.28;406340.76;96.0;24.0;3.0;0.0;0.0;0;0;0;0;4.013;2;media;0.0;;;True;True;4.688688252085121;0.0;False
B1700362500000;ABRINDO O ARMÁRIO;2017;Renúncia — Art.3/3-A/39;;;;;00962888000143;RJ;DOCUMENTÁRIO;SALAS DE EXIBIÇÃO;Renúncia pura;0.0;433320.3;433320.3;32623.08;0.0;404432.28;437055.36000000004;;;;0.0;0.0;0;0;0;0;0.0;0;;0.0;;;True;True;1.0086196284826723;0.0;False
B1700548300000;ALGUMA COISA ASSIM;2017;Renúncia — Outros Mecanismos;;;;;09271593000103;SP;FICÇÃO;SALAS DE EXIBIÇÃO;Renúncia pura;0.0;144440.1;144440.1;116337.76;0.0;404432.28;520770.04000000004;;;;1.9;9.5;0;0;0;0;0.0;0;;16.0;4.0;2.0;True;True;3.6054394866799457;1.9;True
B1700306100000;ANTES QUE EU ME ESQUEÇA;2017;Renúncia — Art.3/3-A/39;;;;;08103457000133;MG;FICÇÃO;SALAS DE EXIBIÇÃO;Renúncia pura;0.0;3466562.4;3466562.4;322692.16;0.0;209438.15;532130.3099999999;16232.0;1556.0;23.0;2.2;11.0;0;0;0;0;3.3;1;baixa;0.0;;;True;True;0.1535037448049399;2.2;True
B1700255500000;AQUALOUCOS;2017;Renúncia — Art.3/3-A/39;;;;;12580503000162;SP;DOCUMENTÁRIO;SALAS DE EXIBIÇÃO;Renúncia pura;0.0;433320.3;433320.3;2345.84;0.0;86664.06;89009.9;;;;1.6;8.0;0;0;0;0;0.0;0;;0.0;;;True;True;0.2054136397487032;1.6;True
B1700085300000;ARÁBIA;2017;Renúncia — Art.3/3-A/39;;;;;07530292000113;MG;FICÇÃO;SALAS DE EXIBIÇÃO;Renúncia pura;0.0;623571.02;623571.02;234186.4;0.0;202216.14;436402.54000000004;;;;14.9;74.5;0;0;0;0;4.353;2;alta;0.0;;;True;True;0.6998441653045391;14.9;True
B1700330100000;BINGO - O REI DAS MANHÃS;2017;Renúncia — Art.3/3-A/39;;;;;01378559000112;SP;FICÇÃO;SALAS DE EXIBIÇÃO;Renúncia pura;0.0;7558094.46;7558094.46;5030812.92;0.0;93886.07;5124698.99;253059.0;19929.0;177.0;0.0;0.0;0;0;0;0;3.9;1;baixa;20.0;4.0;2.0;True;True;0.678041140808923;0.0;False
B1700371900000;CADARÇO;2017;Renúncia — Outros Mecanismos;;;;;09005783000170;SP;FICÇÃO;SALAS DE EXIBIÇÃO;Renúncia pura;0.0;150939.9;150939.9;0.0;0.0;288880.2;288880.2;;;;0.0;0.0;0;0;0;0;0.0;0;;0.0;;;True;False;;;False
B1700349900000;CAMINHO DO MAR;2017;Renúncia — Outros Mecanismos;;;;;01230968000177;RJ;DOCUMENTÁRIO;SALAS DE EXIBIÇÃO;Renúncia pura;0.0;2769467.03;2769467.03;20615.56;0.0;173328.12;193943.68;;;;0.0;0.0;0;0;0;0;4.2;1;baixa;0.0;;;True;True;0.07002924313563683;0.0;False
B1700560500000;CARTAS PARA UM LADRÃO DE LIVROS;2017;Renúncia — Art.3/3-A/39;;;;;16729130000108;SP;DOCUMENTÁRIO;SALAS DE EXIBIÇÃO;Renúncia pura;0.0;866640.6;866640.6;7136.92;0.0;86664.06;93800.98;;;;0.0;0.0;0;0;0;0;4.055;2;media;9.0;3.0;2.0;True;True;0.1082351553804426;0.0;False
B1700436300000;CHIBATA;2017;Renúncia — Outros Mecanismos;;;;;30027114000196;RJ;FICÇÃO;SALAS DE EXIBIÇÃO;Renúncia pura;0.0;108330.07;108330.07;0.0;0.0;0.0;0.0;;;;0.0;0.0;0;0;0;0;0.0;0;;0.0;;;True;False;;;False
B1700172000000;CIDADES FANTASMAS;2017;Renúncia — Art.3/3-A/39;;;;;94625829000123;RS;DOCUMENTÁRIO;SALAS DE EXIBIÇÃO;Renúncia pura;0.0;433320.3;433320.3;24372.88;0.0;86664.06;111036.94;;;;3.0;15.0;0;0;0;0;0.0;0;;0.0;;;True;True;0.2562467994229673;3.0;True
B1700435100000;CINE SÃO PAULO;2017;Renúncia — Art.3/3-A/39;;;;;09486710000148;SP;DOCUMENTÁRIO;SALAS DE EXIBIÇÃO;sem inv.;0.0;0.0;0.0;8707.44;0.0;115552.08;124259.52;;;;0.0;0.0;0;0;0;0;0.0;0;;1.0;0.0;0.0;False;False;;;False
B1700537400000;CORAGEM! AS MUITAS VIDAS DO CARDEAL DOM PAULO EVARISTO ARNS;2017;Renúncia — Art.3/3-A/39;;;;;14670660000194;SP;DOCUMENTÁRIO;SALAS DE EXIBIÇÃO;Renúncia pura;0.0;1170423.32;1170423.32;18110.68;0.0;0.0;18110.68;;;;0.0;0.0;0;0;0;0;2.712;2;alta;0.0;;;True;True;0.015473615136103064;0.0;False
B1700328500000;D.P.A. - DETETIVES DO PRÉDIO AZUL;2017;Renúncia — Art.3/3-A/39;;;;;12580503000243;RJ;FICÇÃO;SALAS DE EXIBIÇÃO;Renúncia pura;0.0;4333203.0;4333203.0;24668237.16;0.0;209438.15;24877675.31;;;;0.0;0.0;0;0;0;0;3.3;1;baixa;0.0;;;True;True;5.74117467148435;0.0;False
B1800381100000;DELICADEZA É AZUL;2017;Renúncia — Art.3/3-A/39;;;;;23586904000146;RJ;DOCUMENTÁRIO;COMUNICAÇÃO ELETRÔNICA DE MASSA POR ASSINATURA (TV PAGA);Renúncia pura;0.0;1394824.82;1394824.82;1172.92;0.0;173328.12;174501.04;;;;0.0;0.0;0;0;0;0;4.2;1;baixa;0.0;;;True;True;0.1251060617060141;0.0;False
B1700244500000;DIVÓRCIO;2017;Renúncia — Art.3/3-A/39;;;;;04768987000140;SP;FICÇÃO;SALAS DE EXIBIÇÃO;Renúncia pura;0.0;9941371.54;9941371.54;9906303.4;0.0;209438.15;10115741.55;;;;0.9;4.5;0;0;0;0;3.868;2;alta;0.0;;;True;True;1.0175398343476458;0.9;True
B1700488400000;E AGORA? O TRÁFICO DE ANIMAIS SILVESTRES NO BRASIL;2017;Renúncia — Outros Mecanismos;;;;;08788322000159;SP;DOCUMENTÁRIO;SALAS DE EXIBIÇÃO;Renúncia pura;0.0;289371.3;289371.3;0.0;0.0;86664.06;86664.06;;;;0.0;0.0;0;0;0;0;4.3;1;baixa;0.0;;;True;False;;;False
B1600789900000;EU FICO LOKO;2017;Renúncia — Art.3/3-A/39;;;;;01473536000197;RJ;FICÇÃO;SALAS DE EXIBIÇÃO;Renúncia pura;0.0;5072736.31;5072736.31;11291899.64;0.0;93886.07;11385785.71;;;;0.0;0.0;0;0;0;0;0.0;0;;5.0;0.0;0.0;True;True;2.2445057290983064;0.0;False
B1700123200000;EXODUS - DE ONDE VIM NÃO EXISTE MAIS;2017;Renúncia — Art.3/3-A/39;;;;;02525725000129;SP;DOCUMENTÁRIO;SALAS DE EXIBIÇÃO;Renúncia pura;0.0;537307.86;537307.86;118345.64;0.0;0.0;118345.64;5953.0;580.0;22.0;0.4;2.0;0;0;0;0;0.0;0;;0.0;;;True;True;0.22025666998431775;0.4;True
B1700598000000;FEVEREIROS;2017;Renúncia — Art.3/3-A/39;;;;;07045026000103;RJ;DOCUMENTÁRIO;SALAS DE EXIBIÇÃO;Renúncia pura;0.0;461137.02;461137.02;361776.24;0.0;411654.29;773430.53;;;;10.35;0.0;2051;0;0;0;0.0;0;;0.0;;;True;True;1.677224981850297;10.35;True
B1700524700000;GABEIRA;2017;Renúncia — Art.3/3-A/39;;;;;03292963000102;RJ;DOCUMENTÁRIO;SALAS DE EXIBIÇÃO;Renúncia pura;0.0;361100.25;361100.25;27295.24;0.0;86664.06;113959.3;;;;0.0;0.0;0;0;0;0;0.0;0;;0.0;;;True;True;0.3155890919488425;0.0;False
B1700481900000;GRANDES MÉDICOS;2017;Renúncia — Outros Mecanismos;;;;;05270790000149;RS;DOCUMENTÁRIO;SALAS DE EXIBIÇÃO;Renúncia pura;0.0;1011080.7;1011080.7;477.12;0.0;0.0;477.12;;;;0.0;0.0;0;0;0;0;0.0;0;;0.0;;;True;True;0.000471891116109723;0.0;False
B1700469700000;HENFIL;2017;Renúncia — Art.3/3-A/39;;;;;00360459000104;RJ;DOCUMENTÁRIO;SALAS DE EXIBIÇÃO;Renúncia pura;0.0;433320.3;433320.3;50276.52;0.0;404432.28;454708.80000000005;;;;0.0;0.0;0;0;0;0;0.0;0;;1.0;36.0;36.0;True;True;1.0493595615068116;0.0;False
B1700381100000;INVISÍVEL;2017;FSA Automático Festivais;;;;;11000556000102;SP;FICÇÃO;SALAS DE EXIBIÇÃO;Renúncia pura;0.0;7238245.84;7238245.84;192339.0;0.0;0.0;192339.0;9675.0;890.0;27.0;7.1;35.5;0;0;0;0;3.673;2;alta;0.0;;;True;True;0.02657259842392974;7.1;True
B1700092500000;JOAQUIM;2017;Renúncia — Art.3/3-A/39;;;;;02669022000174;PE;FICÇÃO;SALAS DE EXIBIÇÃO;Renúncia pura;0.0;144440.1;144440.1;392093.24;0.0;209438.15;601531.39;19723.0;1395.0;27.0;15.09;20.0;809;1;1;0;0.0;0;;0.0;;;True;True;4.164573342167445;15.09;True
B1700488300000;KNOCKDOWN;2017;Renúncia — Art.3/3-A/39;;;;;08467312000111;RJ;DOCUMENTÁRIO;SALAS DE EXIBIÇÃO;sem inv.;0.0;0.0;0.0;0.0;0.0;202216.14;202216.14;;;;0.0;0.0;0;0;0;0;0.0;0;;0.0;;;False;False;;;False
B1800046600000;LEGALIZE JÁ - AMIZADE NUNCA MORRE;2017;Renúncia — Art.3/3-A/39;;;;;03435290000194;SP;FICÇÃO;SALAS DE EXIBIÇÃO;Renúncia pura;0.0;4338757.37;4338757.37;728403.2;0.0;411654.29;1140057.49;36640.0;7200.0;59.0;2.0;10.0;0;0;0;0;0.0;0;;0.0;;;True;True;0.26276129148931876;2.0;True
B1700382400000;LINO - UMA AVENTURA DE SETE VIDAS;2017;Renúncia — Art.3/3-A/39;;;;;60915899000102;SP;ANIMAÇÃO;SALAS DE EXIBIÇÃO;Renúncia pura;0.0;25402.93;25402.93;6505392.04;0.0;93886.07;6599278.11;327233.0;21837.0;234.0;15.21;0.0;73215;0;0;0;4.343;2;alta;0.0;;;True;True;259.78413159426884;15.21;True
B1700347600000;MALASARTES E O DUELO COM A MORTE;2017;Renúncia — Art.3/3-A/39;;;;;02525725000129;SP;FICÇÃO;SALAS DE EXIBIÇÃO;Renúncia pura;0.0;8514382.79;8514382.79;2318783.32;0.0;209438.15;2528221.4699999997;116639.0;11046.0;135.0;1.2;6.0;0;0;0;0;3.57;2;alta;0.0;;;True;True;0.29693537774333495;1.2;True
B1800223400000;MÉDICOS CUBANOS;2017;Renúncia — Art.3/3-A/39;;;;;01009824000195;SC;DOCUMENTÁRIO;SALAS DE EXIBIÇÃO;Renúncia pura;0.0;433320.3;433320.3;0.0;0.0;404432.28;404432.28;;;;0.0;0.0;0;0;0;0;0.0;0;;0.0;;;True;False;;;False
B1700609800000;NA CABEÇA DO CACHORRO;2017;Renúncia — Outros Mecanismos;;;;;02882274000187;SP;DOCUMENTÁRIO;SALAS DE EXIBIÇÃO;Renúncia pura;0.0;703654.39;703654.39;0.0;0.0;0.0;0.0;;;;0.0;0.0;0;0;0;0;0.0;0;;0.0;;;True;False;;;False
B1700386400000;NÃO DEVORE MEU CORAÇÃO;2017;Renúncia — Art.3/3-A/39;;;;;01125538000195;RJ;FICÇÃO;SALAS DE EXIBIÇÃO;Renúncia pura;0.0;1921053.33;1921053.33;124886.16;0.0;519984.36;644870.52;6282.0;2196.0;53.0;7.4;37.0;0;0;0;0;0.0;0;;1.0;0.0;0.0;True;True;0.33568590206707066;7.4;True
B1700103500000;O RASTRO;2017;Renúncia — Art.3/3-A/39;;;;;19478327000100;RJ;FICÇÃO;SALAS DE EXIBIÇÃO;Renúncia pura;0.0;5604297.55;5604297.55;1782679.36;0.0;93886.07;1876565.4300000002;;;;0.0;0.0;0;0;0;0;0.0;0;;0.0;;;True;True;0.33484400377706575;0.0;False
B1700503500000;OS PARÇAS;2017;Renúncia — Art.3/3-A/39;;;;;18082113000149;SP;FICÇÃO;SALAS DE EXIBIÇÃO;Renúncia pura;0.0;4333203.0;4333203.0;31626316.68;0.0;209438.15;31835754.83;1590861.0;37157.0;188.0;0.0;0.0;0;0;0;0;2.3;1;baixa;0.0;;;True;True;7.34693362623445;0.0;False
B1700431000000;OUTRA HISTÓRIA DO MUNDO;2017;Renúncia — Art.3/3-A/39;;;;;01713311000160;RJ;FICÇÃO;SALAS DE EXIBIÇÃO;sem inv.;0.0;0.0;0.0;109856.88;0.0;0.0;109856.88;;;;0.0;0.0;0;0;0;0;3.927;2;media;0.0;;;False;False;;;False
B1700527500000;PRA FICAR NA HISTÓRIA;2017;Renúncia — Art.3/3-A/39;;;;;11411520000103;RS;DOCUMENTÁRIO;SALAS DE EXIBIÇÃO;Renúncia pura;0.0;202216.14;202216.14;6142.92;0.0;86664.06;92806.98;;;;0.0;0.0;0;0;0;0;0.0;0;;0.0;;;True;True;0.4589494191709919;0.0;False
B1700247000000;PRIMAVERA;2017;Renúncia — Art.3/3-A/39;;;;;57282097000190;SP;FICÇÃO;SALAS DE EXIBIÇÃO;Renúncia pura;0.0;503880.73;503880.73;9602.04;0.0;0.0;9602.04;;;;0.0;0.0;0;0;0;0;0.0;0;;3.0;2.0;2.0;True;True;0.0190561762502805;0.0;False
B1700178100000;QUEM É PRIMAVERA DAS NEVES;2017;Renúncia — Art.3/3-A/39;;;;;94625829000123;RS;DOCUMENTÁRIO;SALAS DE EXIBIÇÃO;Renúncia pura;0.0;433320.3;433320.3;21410.76;0.0;404432.28;425843.04000000004;;;;1.6;8.0;0;0;0;0;0.0;0;;3.0;2.0;1.0;True;True;0.982744265615989;1.6;True
B1700409900000;QUERIDO EMBAIXADOR;2017;Renúncia — Art.3/3-A/39;;;;;29254331000130;RJ;DOCUMENTÁRIO;SALAS DE EXIBIÇÃO;Renúncia pura;0.0;1960277.79;1960277.79;45664.36;0.0;404432.28;450096.64;;;;0.0;0.0;0;0;0;0;0.0;0;;0.0;;;True;True;0.2296086005239084;0.0;False
B1700194400000;REAL - O PLANO POR TRÁS DA HISTÓRIA;2017;Renúncia — Art.3/3-A/39;;;;;54836861000133;SP;FICÇÃO;SALAS DE EXIBIÇÃO;Renúncia pura;0.0;8738626.05;8738626.05;947858.52;0.0;209438.15;1157296.67;;;;0.0;0.0;0;0;0;0;3.8;1;baixa;0.0;;;True;True;0.13243462569267395;0.0;False
B1700499500000;SANTO AMARO ERA SKATISTA;2017;Renúncia — Art.3/3-A/39;;;;;00360459000104;RJ;DOCUMENTÁRIO;COMUNICAÇÃO ELETRÔNICA DE MASSA POR ASSINATURA (TV PAGA);Renúncia pura;0.0;288880.2;288880.2;656.04;0.0;86664.06;87320.09999999999;;;;0.0;0.0;0;0;0;0;0.0;0;;4.0;0.0;0.0;True;True;0.302270975996278;0.0;False
B1700508700000;SAUDADE;2017;Renúncia — Art.3/3-A/39;;;;;08991631000121;PE;DOCUMENTÁRIO;SALAS DE EXIBIÇÃO;Renúncia pura;0.0;7277360.22;7277360.22;45445.68;0.0;86664.06;132109.74;;;;0.0;0.0;0;0;0;0;3.934;2;alta;0.0;;;True;True;0.018153524905491072;0.0;False
B1700602500000;SILÊNCIO NO ESTÚDIO;2017;Renúncia — Art.3/3-A/39;;;;;06992833000162;RJ;DOCUMENTÁRIO;COMUNICAÇÃO ELETRÔNICA DE MASSA POR ASSINATURA (TV PAGA);Renúncia pura;0.0;433320.3;433320.3;5705.56;0.0;404432.28;410137.84;;;;0.0;0.0;0;0;0;0;4.1;1;baixa;0.0;;;True;True;0.9465004062814506;0.0;False
B1800250800000;SLAM: VOZ DE LEVANTE;2017;Renúncia — Art.3/3-A/39;;;;;19886089000163;SP;DOCUMENTÁRIO;SALAS DE EXIBIÇÃO;Renúncia pura;0.0;245548.17;245548.17;14870.24;0.0;86664.06;101534.3;;;;0.0;0.0;0;0;0;0;4.261;2;alta;0.0;;;True;True;0.413500536371336;0.0;False
B1700337400000;SOB O VÉU DA VIDA OCEÂNICA;2017;Renúncia — Art.3/3-A/39;;;;;02525725000129;SP;ANIMAÇÃO;SALAS DE EXIBIÇÃO;sem inv.;0.0;0.0;0.0;0.0;0.0;86664.06;86664.06;;;;0.0;0.0;0;0;0;0;3.2;1;baixa;0.0;;;False;False;;;False
B1700336900000;SOB PRESSÃO;2017;Renúncia — Art.3/3-A/39;;;;;09180984000104;RJ;FICÇÃO;RADIODIFUSÃO DE SONS E IMAGENS (TV ABERTA);Renúncia pura;0.0;4333203.0;4333203.0;781800.88;0.0;115552.08;897352.96;;;;0.0;0.0;0;0;0;0;4.2;1;baixa;1.0;1.0;1.0;True;True;0.20708768086793994;0.0;False
B1700524600000;SOCORRO, VIREI UMA GAROTA!;2017;Renúncia — Art.3/3-A/39;;;;;03987306000171;RJ;FICÇÃO;SALAS DE EXIBIÇÃO;Renúncia pura;0.0;5315395.68;5315395.68;521094.56;0.0;86664.06;607758.62;26212.0;3364.0;53.0;0.0;0.0;0;0;0;0;3.765;2;alta;0.0;;;True;True;0.11433929976027674;0.0;False
B1700498000000;TODOS;2017;Renúncia — Art.3/3-A/39;;;;;05270790000149;RS;DOCUMENTÁRIO;SALAS DE EXIBIÇÃO;Renúncia pura;0.0;144440.1;144440.1;1848.84;0.0;86664.06;88512.9;;;;0.0;0.0;0;0;0;0;4.1;1;baixa;0.0;;;True;True;0.6128000465244762;0.0;False
B1700539500000;UM NOVO CAPITALISMO;2017;Renúncia — Outros Mecanismos;;;;;09165924000112;SP;DOCUMENTÁRIO;SALAS DE EXIBIÇÃO;Renúncia pura;0.0;1131254.86;1131254.86;0.0;0.0;86664.06;86664.06;;;;0.0;0.0;0;0;0;0;4.4;1;baixa;0.0;;;True;False;;;False
B1800235900000;UMA QUASE DUPLA;2017;Renúncia — Art.3/3-A/39;;;;;07570789000165;SP;FICÇÃO;SALAS DE EXIBIÇÃO;Renúncia pura;0.0;5394603.74;5394603.74;13034779.24;0.0;202216.14;13236995.38;;;;0.0;0.0;0;0;0;0;2.2;1;baixa;0.0;;;True;True;2.453747488782188;0.0;False
B1700600300000;VERGEL;2017;Renúncia — Outros Mecanismos;;;;;16490810000103;SP;FICÇÃO;SALAS DE EXIBIÇÃO;Renúncia pura;0.0;85941.86;85941.86;9522.52;0.0;86664.06;96186.58;;;;0.0;0.0;0;0;0;0;0.0;0;;0.0;;;True;True;1.1192052394490881;0.0;False
B1800606700000;ZAATARI, O FILME;2017;Renúncia — Art.3/3-A/39;;;;;64044886000158;SP;DOCUMENTÁRIO;SALAS DE EXIBIÇÃO;Renúncia pura;0.0;570538.4;570538.4;4135.04;0.0;404432.28;408567.32;;;;0.0;0.0;0;0;0;0;3.5;1;baixa;0.0;;;True;True;0.7161083636088298;0.0;False
B1800380700000;10 SEGUNDOS PARA VENCER;2018;Renúncia — Art.3/3-A/39;;;;;29269719000104;RJ;FICÇÃO;SALAS DE EXIBIÇÃO;Renúncia pura;0.0;8141204.59;8141204.59;986485.36;0.0;508150.81;1494636.17;49622.0;11339.0;103.0;0.8;4.0;0;0;0;0;0.0;0;;0.0;;;True;True;0.18358906885055937;0.8;True
B1800547100000;A TURMA DO PERERÊ.DOC;2018;Renúncia — Outros Mecanismos;;;;;03984281000152;RJ;DOCUMENTÁRIO;SALAS DE EXIBIÇÃO;Renúncia pura;0.0;1392194.0;1392194.0;9403.24;0.0;83531.64;92934.88;;;;0.0;0.0;0;0;0;0;0.0;0;;0.0;;;True;True;0.06675425982298444;0.0;False
B1800613100000;ALICE & SÓ;2018;Renúncia — Art.3/3-A/39;;;;;02298682000196;RJ;FICÇÃO;SALAS DE EXIBIÇÃO;Renúncia pura;0.0;4741529.49;4741529.49;3081.4;0.0;83531.64;86613.04;;;;0.0;0.0;0;0;0;0;0.0;0;;2.0;1.0;1.0;True;True;0.018266898936866043;0.0;False
B1800470600000;AMANHÃ CHEGOU;2018;Renúncia — Art.3/3-A/39;;;;;15490163000177;SP;DOCUMENTÁRIO;SALAS DE EXIBIÇÃO;Renúncia pura;0.0;721713.37;721713.37;14094.92;0.0;83531.64;97626.56;;;;0.0;0.0;0;0;0;0;0.0;0;;0.0;;;True;True;0.13527054376171527;0.0;False
B1800598100000;AMAZÔNIA, O DESPERTAR DA FLORESTANIA;2018;Renúncia — Art.3/3-A/39;;;;;05081895000150;RJ;DOCUMENTÁRIO;SALAS DE EXIBIÇÃO;Renúncia pura;0.0;2885070.08;2885070.08;76398.84;0.0;389814.32;466213.16000000003;;;;0.0;0.0;0;0;0;0;3.6;1;baixa;0.0;;;True;True;0.16159509026553698;0.0;False
B1900089100000;AS AVENTURAS DO PEQUENO COLOMBO;2018;Renúncia — Art.3/3-A/39;;;;;07060648000100;RJ;ANIMAÇÃO;COMUNICAÇÃO ELETRÔNICA DE MASSA POR ASSINATURA (TV PAGA);Renúncia pura;0.0;306282.68;306282.68;47314.4;0.0;83531.64;130846.04000000001;;;;10.86;0.0;2974;0;0;0;3.04;2;media;0.0;;;True;True;0.42720678818665164;10.86;True
B1800316400000;AS HISTÓRIAS QUE NÃO TERMINAM;2018;Renúncia — Outros Mecanismos;;;;;14592038000105;SP;DOCUMENTÁRIO;SALAS DE EXIBIÇÃO;Renúncia pura;0.0;348048.5;348048.5;0.0;0.0;167063.28;167063.28;;;;0.0;0.0;0;0;0;0;4.4;1;baixa;0.0;;;True;False;;;False
B1800073500000;BANDEIRAS;2018;Renúncia — Outros Mecanismos;;;;;14592038000105;SP;DOCUMENTÁRIO;SALAS DE EXIBIÇÃO;Renúncia pura;0.0;326887.15;326887.15;0.0;0.0;111375.52;111375.52;;;;0.0;0.0;0;0;0;0;0.0;0;;0.0;;;True;False;;;False
B1800452400000;BRUSQUE 92;2018;Renúncia — Outros Mecanismos;;;;;24856310000170;SC;DOCUMENTÁRIO;SALAS DE EXIBIÇÃO;Renúncia pura;0.0;205397.34;205397.34;0.0;0.0;0.0;0.0;;;;0.0;0.0;0;0;0;0;0.0;0;;0.0;;;True;False;;;False
B1900057300000;CAMINHOS MAGNÉTICOS;2018;Renúncia — Art.3/3-A/39;;;;;15588308000177;SP;FICÇÃO;SALAS DE EXIBIÇÃO;sem inv.;0.0;0.0;0.0;1828.96;0.0;83531.64;85360.6;;;;0.0;0.0;0;0;0;0;0.0;0;;0.0;;;False;False;;;False
B1900409100000;CARLINHOS E CARLÃO;2018;Renúncia — Art.3/3-A/39;;;;;10645895000175;RJ;FICÇÃO;SALAS DE EXIBIÇÃO;Renúncia pura;0.0;4176582.0;4176582.0;1928.36;0.0;0.0;1928.36;97.0;23.0;2.0;1.2;6.0;0;0;0;0;0.0;0;;0.0;;;True;True;0.0004617076834598243;1.2;True
B1800482700000;CHACRINHA, O VELHO GUERREIRO;2018;Renúncia — Art.3/3-A/39;;;;;13110657000153;RJ;FICÇÃO;SALAS DE EXIBIÇÃO;Renúncia pura;0.0;2784388.0;2784388.0;722677.76;0.0;194907.16;917584.92;36352.0;8645.0;76.0;0.0;0.0;0;0;0;0;4.197;2;alta;1.0;1.0;1.0;True;True;0.3295463563267763;0.0;False
B1800458000000;CODINOME CLEMENTE;2018;Renúncia — Outros Mecanismos;;;;;73315293000170;RJ;DOCUMENTÁRIO;SALAS DE EXIBIÇÃO;Renúncia pura;0.0;278438.8;278438.8;1729.56;0.0;389814.32;391543.88;;;;0.0;0.0;0;0;0;0;0.0;0;;0.0;;;True;True;1.4062116342980935;0.0;False
B1800340300000;CRÔ EM FAMILIA;2018;Renúncia — Art.3/3-A/39;;;;;02863008000107;RJ;FICÇÃO;SALAS DE EXIBIÇÃO;Renúncia pura;0.0;4176582.0;4176582.0;9682653.4;0.0;201868.13;9884521.530000001;;;;0.0;0.0;0;0;0;0;3.656;1;alta;0.0;;;True;True;2.3666532896995682;0.0;False
B1900104200000;DE PERNAS PRO AR 3;2018;Renúncia — Art.3/3-A/39;;;;;42473256000166;RJ;FICÇÃO;SALAS DE EXIBIÇÃO;Renúncia pura;0.0;4872679.0;4872679.0;72104223.24;0.0;194907.16;72299130.39999999;;;;0.0;0.0;0;0;0;0;0.0;0;;0.0;;;True;True;14.837655096918962;0.0;False
B1800561400000;DETETIVES DO PRÉDIO AZUL 2 - O MISTÉRIO ITALIANO;2018;Renúncia — Art.3/3-A/39;;;;;12580503000243;RJ;FICÇÃO;SALAS DE EXIBIÇÃO;Renúncia pura;0.0;6598999.56;6598999.56;26671326.08;0.0;194907.16;26866233.24;;;;1.6;8.0;0;0;0;0;0.0;0;;0.0;;;True;True;4.0712585287700795;1.6;True
B1800422100000;DJON ÁFRICA;2018;Renúncia — Art.3/3-A/39;;;;;12658679000190;PE;FICÇÃO;SALAS DE EXIBIÇÃO;sem inv.;0.0;0.0;0.0;63278.04;0.0;83531.64;146809.68;;;;14.0;20.0;0;16;13;0;0.0;0;;0.0;;;False;False;;;False
B1800202200000;DÊ LEMBRANÇAS A TODOS;2018;Renúncia — Art.3/3-A/39;;;;;08304465000148;SP;DOCUMENTÁRIO;SALAS DE EXIBIÇÃO;Renúncia pura;0.0;1392194.0;1392194.0;0.0;0.0;278438.8;278438.8;;;;0.3;1.5;0;0;0;0;3.962;2;alta;0.0;;;True;False;;;False
B1800547000000;ELEIÇÕES;2018;Renúncia — Art.3/3-A/39;;;;;10551469000172;SP;DOCUMENTÁRIO;SALAS DE EXIBIÇÃO;sem inv.;0.0;0.0;0.0;53179.0;0.0;167063.28;220242.28;;;;0.0;0.0;0;0;0;0;0.0;0;;2.0;2.0;2.0;False;False;;;False
B1800056700000;FERRUGEM;2018;Renúncia — Art.3/3-A/39;;;;;09437566000150;PR;FICÇÃO;SALAS DE EXIBIÇÃO;Renúncia pura;0.0;3898143.2;3898143.2;554254.4;0.0;501189.84;1055444.24;;;;9.0;45.0;0;0;0;0;2.9;1;baixa;0.0;;;True;True;0.27075563565750993;9.0;True
B1800480100000;FILME ENSAIO;2018;Renúncia — Art.3/3-A/39;;;;;10358078000136;RJ;DOCUMENTÁRIO;SALAS DE EXIBIÇÃO;Renúncia pura;0.0;515111.78;515111.78;516.88;0.0;83531.64;84048.52;;;;0.0;0.0;0;0;0;0;0.0;0;;0.0;;;True;True;0.1631655948539946;0.0;False
B1800044200000;FILME PAISAGEM - UM OLHAR SOBRE ROBERTO BURLE MARX;2018;Renúncia — Outros Mecanismos;;;;;03987306000171;RJ;DOCUMENTÁRIO;SALAS DE EXIBIÇÃO;Renúncia pura;0.0;1232091.69;1232091.69;43378.16;0.0;194907.16;238285.32;;;;0.0;0.0;0;0;0;0;3.4;1;baixa;0.0;;;True;True;0.19339901562033912;0.0;False
B1800444800000;HERANÇA - A CAVALHADA EM BRUMAL;2018;Renúncia — Outros Mecanismos;;;;;08233638000184;MG;DOCUMENTÁRIO;SALAS DE EXIBIÇÃO;Renúncia pura;0.0;363362.63;363362.63;0.0;0.0;0.0;0.0;;;;0.0;0.0;0;0;0;0;3.152;2;alta;0.0;;;True;False;;;False
B1800474200000;HUMBERTO MAURO;2018;Renúncia — Outros Mecanismos;;;;;00061412000131;RJ;DOCUMENTÁRIO;SALAS DE EXIBIÇÃO;Renúncia pura;0.0;389814.32;389814.32;6441.12;0.0;389814.32;396255.44;;;;0.0;0.0;0;0;0;0;0.0;0;;0.0;;;True;True;1.0165235592166033;0.0;False
B1900478400000;INTERVENÇÃO;2018;Renúncia — Art.3/3-A/39;;;;;13110657000153;RJ;FICÇÃO;SALAS DE EXIBIÇÃO;Renúncia pura;0.0;4176582.0;4176582.0;735.56;0.0;83531.64;84267.2;;;;0.0;0.0;0;0;0;0;0.0;0;;0.0;;;True;True;0.02017611530193828;0.0;False
B1800449100000;INTIMIDADE ENTRE ESTRANHOS;2018;Renúncia — Art.3/3-A/39;;;;;10645895000175;RJ;FICÇÃO;SALAS DE EXIBIÇÃO;Renúncia pura;0.0;4176582.0;4176582.0;82979.12;0.0;501189.84;584168.96;;;;0.8;4.0;0;0;0;0;2.4;1;baixa;0.0;;;True;True;0.1398677100078485;0.8;True
B1900092000000;JORGINHO GUINLE - SÓ SE VIVE UMA VEZ;2018;Renúncia — Outros Mecanismos;;;;;04031248000170;RJ;DOCUMENTÁRIO;SALAS DE EXIBIÇÃO;Renúncia pura;0.0;4176582.0;4176582.0;19204.08;0.0;111375.52;130579.6;;;;0.0;0.0;0;0;0;0;4.24;2;media;0.0;;;True;True;0.03126470400916347;0.0;False
B1800401200000;JUSTIÇA! UMA HISTÓRIA;2018;Renúncia — Outros Mecanismos;;;;;14022519000185;SP;DOCUMENTÁRIO;SALAS DE EXIBIÇÃO;Renúncia pura;0.0;139219.4;139219.4;0.0;0.0;0.0;0.0;;;;0.0;0.0;0;0;0;0;4.147;2;media;0.0;;;True;False;;;False
B1800389000000;JUVENTUDE 100 ANOS DE PAPADA;2018;Renúncia — Outros Mecanismos;;;;;08046502000165;RS;DOCUMENTÁRIO;SALAS DE EXIBIÇÃO;Renúncia pura;0.0;1165375.12;1165375.12;0.0;0.0;389814.32;389814.32;;;;0.0;0.0;0;0;0;0;0.0;0;;1.0;0.0;0.0;True;False;;;False
B1900493300000;MINHA FORTALEZA - OS FILHOS DE FULANO;2018;Renúncia — Outros Mecanismos;;;;;19886089000163;SP;DOCUMENTÁRIO;SALAS DE EXIBIÇÃO;Renúncia pura;0.0;807472.52;807472.52;357.84;0.0;83531.64;83889.48;;;;0.0;0.0;0;0;0;0;0.0;0;;0.0;;;True;True;0.10389143645408515;0.0;False
B1800539000000;MINHA VIDA EM MARTE;2018;Renúncia — Art.3/3-A/39;;;;;23964115000100;RJ;FICÇÃO;SALAS DE EXIBIÇÃO;Renúncia pura;0.0;4176582.0;4176582.0;105072241.12;0.0;194907.16;105267148.28;;;;0.0;0.0;0;0;0;0;3.2;1;baixa;0.0;;;True;True;25.20413780454927;0.0;False
B1800405900000;MORTO NÃO FALA;2018;Renúncia — Art.3/3-A/39;;;;;94625829000123;RS;FICÇÃO;SALAS DE EXIBIÇÃO;Renúncia pura;0.0;4176582.0;4176582.0;528291.12;0.0;501189.84;1029480.96;;;;2.5;12.5;0;0;0;0;3.7;1;baixa;0.0;;;True;True;0.2464888657758904;2.5;True
B1800479500000;MÃE;2018;Renúncia — Outros Mecanismos;;;;;16861733000150;DF;FICÇÃO;SALAS DE EXIBIÇÃO;Renúncia pura;0.0;5540932.12;5540932.12;874.72;0.0;0.0;874.72;44.0;13.0;2.0;0.0;0.0;0;0;0;0;4.115;2;alta;0.0;;;True;True;0.00015786513551441954;0.0;False
B1900203600000;NONA - SI ME MOJAN YO LOS QUEMO;2018;FSA Automático Festivais;;;;;14440714000125;RJ;FICÇÃO;SALAS DE EXIBIÇÃO;sem inv.;0.0;0.0;0.0;7156.8;0.0;0.0;7156.8;360.0;171.0;5.0;13.8;19.0;0;28;26;0;0.0;0;;0.0;;;False;False;;;False
B1800010300000;NÃO SE ACEITAM DEVOLUÇÕES;2018;Renúncia — Art.3/3-A/39;;;;;02863008000107;RJ;FICÇÃO;SALAS DE EXIBIÇÃO;Renúncia pura;0.0;4176582.0;4176582.0;5898912.88;0.0;194907.16;6093820.04;;;;0.0;0.0;0;0;0;0;2.3;1;baixa;0.0;;;True;True;1.4590447499893453;0.0;False
B1800501600000;O AVENTAL ROSA;2018;Renúncia — Art.3/3-A/39;;;;;05270790000149;RS;FICÇÃO;SALAS DE EXIBIÇÃO;Renúncia pura;0.0;4176582.0;4176582.0;2504.88;0.0;111375.52;113880.40000000001;;;;0.0;0.0;0;0;0;0;4.09;2;media;0.0;;;True;True;0.027266410667861906;0.0;False
B1800509700000;ONDE A MOEDA CAI EM PÉ - A HISTÓRIA DO SÃO PAULO FUTEBOL CLUBE;2018;Renúncia — Art.3/3-A/39;;;;;01613170000104;SP;DOCUMENTÁRIO;SALAS DE EXIBIÇÃO;Renúncia pura;0.0;516878.13;516878.13;76617.52;0.0;83531.64;160149.16;;;;0.0;0.0;0;0;0;0;3.77;1;media;1.0;0.0;0.0;True;True;0.3098393038993544;0.0;False
B1800127700000;PAGLIACCI;2018;Renúncia — Art.3/3-A/39;;;;;07533507000150;SP;DOCUMENTÁRIO;SALAS DE EXIBIÇÃO;Renúncia pura;0.0;278438.8;278438.8;11331.6;0.0;389814.32;401145.92;;;;0.0;0.0;0;0;0;0;0.0;0;;0.0;;;True;True;1.4406969143668196;0.0;False
B1800550200000;PALACE II - 3 QUARTOS COM VISTA PARA O MAR;2018;Renúncia — Art.3/3-A/39;;;;;11721296000156;RJ;DOCUMENTÁRIO;SALAS DE EXIBIÇÃO;Renúncia pura;0.0;208829.1;208829.1;5765.2;0.0;83531.64;89296.84;;;;0.0;0.0;0;0;0;0;2.4;1;baixa;0.0;;;True;True;0.42760726354708223;0.0;False
B1800036200000;PANTANAL, A BOA INOCÊNCIA DE NOSSAS ORIGENS;2018;Renúncia — Outros Mecanismos;;;;;09107296000119;RJ;DOCUMENTÁRIO;SALAS DE EXIBIÇÃO;Renúncia pura;0.0;1325552.46;1325552.46;59.64;0.0;111375.52;111435.16;;;;0.0;0.0;0;0;0;0;4.015;2;media;2.0;0.0;0.0;True;True;0.08406695575066113;0.0;False
B1800353300000;PLATAMAMA;2018;Renúncia — Art.3/3-A/39;;;;;10551469000172;SP;DOCUMENTÁRIO;SALAS DE EXIBIÇÃO;Renúncia pura;0.0;278438.8;278438.8;1033.76;0.0;0.0;1033.76;;;;0.0;0.0;0;0;0;0;0.0;0;;2.0;2.0;2.0;True;True;0.003712700959780031;0.0;False
B1800549200000;RASGA CORAÇÃO;2018;Renúncia — Art.3/3-A/39;;;;;94625829000123;RS;FICÇÃO;SALAS DE EXIBIÇÃO;Renúncia pura;0.0;4176582.0;4176582.0;164010.0;0.0;501189.84;665199.8400000001;8250.0;1267.0;11.0;2.3;11.5;0;0;0;0;0.0;0;;0.0;;;True;True;0.15926895245921188;2.3;True
B1800556200000;RINDO À TOA;2018;Renúncia — Art.3/3-A/39;;;;;12375637000141;RJ;DOCUMENTÁRIO;SALAS DE EXIBIÇÃO;Renúncia pura;0.0;1016301.62;1016301.62;1252.44;0.0;389814.32;391066.76;;;;0.0;0.0;0;0;0;0;0.0;0;;3.0;0.0;0.0;True;True;0.38479399452300395;0.0;False
B1800077300000;RIO DO MEDO;2018;Renúncia — Art.3/3-A/39;;;;;03279751000187;RJ;DOCUMENTÁRIO;SALAS DE EXIBIÇÃO;Renúncia pura;0.0;264516.86;264516.86;1570.52;0.0;389814.32;391384.84;;;;0.0;0.0;0;0;0;0;4.252;2;alta;2.0;0.0;0.0;True;True;1.479621525826369;0.0;False
B1800517000000;ROGÉRIA - SENHOR ASTOLFO BARROZO PINTO;2018;Renúncia — Art.3/3-A/39;;;;;21368732000109;RJ;DOCUMENTÁRIO;SALAS DE EXIBIÇÃO;sem inv.;0.0;0.0;0.0;20973.4;0.0;83531.64;104505.04000000001;;;;0.0;0.0;0;0;0;0;0.0;0;;0.0;;;False;False;;;False
B1900031700000;SAI DE BAIXO, O FILME;2018;Renúncia — Art.3/3-A/39;;;;;02605295000155;RJ;FICÇÃO;SALAS DE EXIBIÇÃO;Renúncia pura;0.0;4176582.0;4176582.0;9428805.68;0.0;508150.81;9936956.49;;;;12.16;0.0;7768;0;0;0;3.3;1;baixa;0.0;;;True;True;2.3792078043720917;12.16;True
B1900147200000;SANTOS DE TODOS OS GOLS;2018;Renúncia — Outros Mecanismos;;;;;01613170000104;SP;DOCUMENTÁRIO;SALAS DE EXIBIÇÃO;Renúncia pura;0.0;1197286.84;1197286.84;69957.72;0.0;83531.64;153489.36;;;;0.0;0.0;0;0;0;0;3.543;2;media;0.0;;;True;True;0.128197650614785;0.0;False
B1800126800000;SEQUESTRO RELÂMPAGO;2018;Renúncia — Art.3/3-A/39;;;;;07860494000123;SP;FICÇÃO;SALAS DE EXIBIÇÃO;Renúncia pura;0.0;4176582.0;4176582.0;259931.0;0.0;501189.84;761120.8400000001;13075.0;2127.0;20.0;1.6;8.0;0;0;0;0;0.0;0;;0.0;;;True;True;0.1822353398065691;1.6;True
B1800124400000;TEU MUNDO NÃO CABE NOS MEUS OLHOS;2018;Renúncia — Art.3/3-A/39;;;;;05270790000149;RS;FICÇÃO;SALAS DE EXIBIÇÃO;Renúncia pura;0.0;3132436.5;3132436.5;304382.68;0.0;285399.77;589782.45;15311.0;2913.0;33.0;0.0;0.0;0;0;0;0;3.6;1;baixa;0.0;;;True;True;0.18828233229947358;0.0;False
B1800387000000;TODAS AS CANÇÕES DE AMOR;2018;Renúncia — Art.3/3-A/39;;;;;07419227000115;SP;FICÇÃO;SALAS DE EXIBIÇÃO;Renúncia pura;0.0;4984054.52;4984054.52;550735.64;0.0;194907.16;745642.8;;;;3.7;18.5;0;0;0;0;4.3;1;baixa;0.0;;;True;True;0.14960566683367663;3.7;True
B1800005800000;TUNGA, O ESQUECIMENTO DAS PAIXÕES;2018;Renúncia — Outros Mecanismos;;;;;74425067000104;SP;DOCUMENTÁRIO;SALAS DE EXIBIÇÃO;Renúncia pura;0.0;417658.2;417658.2;35426.16;0.0;389814.32;425240.48;;;;0.0;0.0;0;0;0;0;0.0;0;;0.0;;;True;True;1.018154270645231;0.0;False
B1800116000000;TUNGSTÊNIO;2018;Renúncia — Art.3/3-A/39;;;;;11140814000148;SP;FICÇÃO;SALAS DE EXIBIÇÃO;Renúncia pura;0.0;4176582.0;4176582.0;114051.56;0.0;501189.84;615241.4;;;;0.0;0.0;0;0;0;0;0.0;0;;0.0;;;True;True;0.14730739154648467;0.0;False
B1800540900000;TÁ RINDO DE QUÊ?;2018;Renúncia — Art.3/3-A/39;;;;;12375637000141;RJ;DOCUMENTÁRIO;SALAS DE EXIBIÇÃO;Renúncia pura;0.0;1016301.62;1016301.62;29323.0;0.0;501189.84;530512.8400000001;;;;0.0;0.0;0;0;0;0;3.705;2;media;3.0;0.0;0.0;True;True;0.5220033399139914;0.0;False
B1800517400000;UNIDOS CONTRA DARWIN: CAVALO, HOMEM, SERTÃO;2018;Renúncia — Outros Mecanismos;;;;;08752098000145;GO;DOCUMENTÁRIO;SALAS DE EXIBIÇÃO;Renúncia pura;0.0;213005.68;213005.68;0.0;0.0;0.0;0.0;;;;0.0;0.0;0;0;0;0;0.0;0;;3.0;0.0;0.0;True;False;;;False
B1900592900000;A DIVISÃO - O FILME;2019;Renúncia — Art.3/3-A/39;;;;;03247208000106;RJ;FICÇÃO;SALAS DE EXIBIÇÃO;Renúncia pura;0.0;4814154.69;4814154.69;151763.92;0.0;186853.8;338617.72;7634.0;1636.0;60.0;0.0;0.0;0;0;0;0;2.9;1;baixa;0.0;;;True;True;0.07033793922396789;0.0;False
B1900415900000;A FERA NA SELVA;2019;Renúncia — Art.3/3-A/39;;;;;49079395000159;RJ;FICÇÃO;SALAS DE EXIBIÇÃO;Renúncia pura;0.0;1508177.1;1508177.1;62005.72;0.0;480481.2;542486.92;;;;0.0;0.0;0;0;0;0;3.895;2;alta;5.0;1.0;1.0;True;True;0.3596970939288231;0.0;False
B1900139400000;A HISTÓRIA DE UM SONHO;2019;Renúncia — Outros Mecanismos;;;;;07716572000110;SP;DOCUMENTÁRIO;SALAS DE EXIBIÇÃO;Renúncia pura;0.0;54054.14;54054.14;97610.8;0.0;80080.2;177691.0;;;;0.0;0.0;0;0;0;0;4.18;2;media;0.0;;;True;True;3.2872782732275456;0.0;False
B1900148100000;A IRMANDADE;2019;Renúncia — Art.3/3-A/39;;;;;06842017000172;PI;DOCUMENTÁRIO;SALAS DE EXIBIÇÃO;Renúncia pura;0.0;200200.5;200200.5;13597.92;0.0;0.0;13597.92;;;;0.0;0.0;0;0;0;0;0.0;0;;0.0;;;True;True;0.06792150868754074;0.0;False
B1900262200000;ADONIRAN, MEU NOME É JOÃO RUBINATO;2019;Renúncia — Outros Mecanismos;;;;;09385866000132;SP;DOCUMENTÁRIO;SALAS DE EXIBIÇÃO;Renúncia pura;0.0;576757.18;576757.18;146893.32;0.0;373707.6;520600.92;;;;0.0;0.0;0;0;0;0;0.0;0;;0.0;;;True;True;0.9026344847583865;0.0;False
B1900314100000;ALMA IMORAL;2019;Renúncia — Outros Mecanismos;;;;;27651181000172;RJ;DOCUMENTÁRIO;SALAS DE EXIBIÇÃO;Renúncia pura;0.0;653988.3;653988.3;62482.84;0.0;0.0;62482.84;;;;0.0;0.0;0;0;0;0;0.0;0;;0.0;;;True;True;0.09554121992702315;0.0;False
B1900594800000;AMIGAS DE SORTE;2019;Renúncia — Art.3/3-A/39;;;;;09281789000170;SP;FICÇÃO;SALAS DE EXIBIÇÃO;Renúncia pura;0.0;7207218.0;7207218.0;8250.2;0.0;186853.8;195104.0;415.0;21.0;1.0;0.0;0.0;0;0;0;0;4.1;1;baixa;0.0;;;True;True;0.027070639461717404;0.0;False
B2000163700000;AMIGO ARRIGO;2019;Renúncia — Art.3/3-A/39;;;;;69126670000155;SP;DOCUMENTÁRIO;SALAS DE EXIBIÇÃO;Renúncia pura;0.0;734068.5;734068.5;417.48;0.0;373707.6;374125.07999999996;;;;0.0;0.0;0;0;0;0;0.0;0;;24.0;9.0;6.0;True;True;0.5096596298574315;0.0;False
B1900303600000;AMÉRICA ARMADA;2019;Renúncia — Art.3/3-A/39;;;;;35792621000130;RJ;DOCUMENTÁRIO;SALAS DE EXIBIÇÃO;Renúncia pura;0.0;467134.5;467134.5;0.0;0.0;373707.6;373707.6;;;;0.0;0.0;0;0;0;0;0.0;0;;0.0;;;True;False;;;False
B2000006500000;BABENCO - ALGUÉM TEM QUE OUVIR O CORAÇÃO E DIZER: PAROU;2019;Renúncia — Art.3/3-A/39;;;;;46848701000186;SP;DOCUMENTÁRIO;SALAS DE EXIBIÇÃO;Renúncia pura;0.0;1061062.65;1061062.65;95682.44;0.0;373707.6;469390.04;4813.0;2327.0;37.0;0.0;0.0;0;0;0;0;3.955;2;media;0.0;;;True;True;0.44237730920035684;0.0;False
B1900180000000;BOCA DE OURO;2019;Renúncia — Art.3/3-A/39;;;;;02605295000155;RJ;FICÇÃO;SALAS DE EXIBIÇÃO;Renúncia pura;0.0;4004010.0;4004010.0;20317.36;0.0;480481.2;500798.56;;;;13.92;6.0;11707;0;0;0;3.962;2;alta;0.0;;;True;True;0.12507425306130604;13.92;True
B1900390400000;CALLADO;2019;Renúncia — Art.3/3-A/39;;;;;18009049000170;RJ;DOCUMENTÁRIO;SALAS DE EXIBIÇÃO;Renúncia pura;0.0;400401.0;400401.0;2306.08;0.0;373707.6;376013.68;;;;0.0;0.0;0;0;0;0;0.0;0;;0.0;;;True;True;0.9390927595085926;0.0;False
B2000000500000;CHACRINHA O VELHO GUERREIRO;2019;Renúncia — Art.3/3-A/39;;;;;13110657000153;RJ;FICÇÃO;RADIODIFUSÃO DE SONS E IMAGENS (TV ABERTA);Renúncia pura;0.0;2669340.0;2669340.0;722677.76;0.0;480481.2;1203158.96;;;;0.0;0.0;0;0;0;0;4.197;2;alta;1.0;1.0;1.0;True;True;0.4507327504177062;0.0;False
B1900247200000;CRÔNICA DE UMA CIDADE PARTIDA;2019;Renúncia — Art.3/3-A/39;;;;;30120265000194;RJ;DOCUMENTÁRIO;SALAS DE EXIBIÇÃO;Renúncia pura;0.0;400401.0;400401.0;6242.32;0.0;80080.2;86322.51999999999;;;;0.0;0.0;0;0;0;0;4.45;2;media;0.0;;;True;True;0.21559017085371912;0.0;False
B1900386800000;DIVALDO – O MENSAGEIRO DA PAZ;2019;Renúncia — Art.3/3-A/39;;;;;00975333000136;CE;FICÇÃO;SALAS DE EXIBIÇÃO;Renúncia pura;0.0;225559.23;225559.23;8658356.28;0.0;80080.2;8738436.479999999;;;;0.0;0.0;0;0;0;0;4.4;1;baixa;0.0;;;True;True;38.74120549179033;0.0;False
B1900232700000;DIVINO AMOR;2019;Renúncia — Art.3/3-A/39;;;;;12658679000190;PE;FICÇÃO;SALAS DE EXIBIÇÃO;Renúncia pura;0.0;800802.0;800802.0;715978.2;0.0;186853.8;902832.0;36015.0;1195.0;30.0;21.7;58.5;0;8;5;0;4.3;1;baixa;0.0;;;True;True;1.127409771703867;21.7;True
B1900357900000;DIZ A ELA QUE ME VIU CHORAR;2019;FSA Automático Festivais;;;;;09397798000121;SP;DOCUMENTÁRIO;SALAS DE EXIBIÇÃO;sem inv.;0.0;0.0;0.0;39461.8;0.0;373707.6;413169.39999999997;1985.0;128.0;15.0;3.1;15.5;0;0;0;0;4.4;1;baixa;0.0;;;False;False;;;False
B1900212200000;DOIS;2019;Renúncia — Outros Mecanismos;;;;;07419227000115;SP;FICÇÃO;SALAS DE EXIBIÇÃO;Renúncia pura;0.0;82883.01;82883.01;0.0;0.0;0.0;0.0;;;;0.0;0.0;0;0;0;0;3.427;2;alta;0.0;;;True;False;;;False
B1900442300000;ELA DISSE, ELE DISSE;2019;Renúncia — Art.3/3-A/39;;;;;73619637000134;RJ;FICÇÃO;SALAS DE EXIBIÇÃO;Renúncia pura;0.0;6553229.7;6553229.7;4928391.16;0.0;186853.8;5115244.96;;;;0.0;0.0;0;0;0;0;4.4;1;baixa;1.0;0.0;0.0;True;True;0.7805685431719264;0.0;False
B1900233300000;EM BUSCA DE CINDERELA;2019;Renúncia — Outros Mecanismos;;;;;18822538000147;RJ;DOCUMENTÁRIO;SALAS DE EXIBIÇÃO;Renúncia pura;0.0;970541.17;970541.17;0.0;0.0;0.0;0.0;;;;0.0;0.0;0;0;0;0;4.3;1;baixa;0.0;;;True;False;;;False
B2000008400000;ENCARCERADOS;2019;Renúncia — Art.3/3-A/39;;;;;01378559000112;SP;DOCUMENTÁRIO;SALAS DE EXIBIÇÃO;Renúncia pura;0.0;533868.0;533868.0;55604.36;0.0;80080.2;135684.56;2797.0;224.0;10.0;1.2;6.0;0;0;0;0;0.0;0;;0.0;;;True;True;0.2541537608547431;1.2;True
B1900448700000;EU SINTO MUITO;2019;Renúncia — Outros Mecanismos;;;;;03138801000106;DF;FICÇÃO;SALAS DE EXIBIÇÃO;Renúncia pura;0.0;580581.45;580581.45;56856.8;0.0;80080.2;136937.0;;;;0.0;0.0;0;0;0;0;0.0;0;;2.0;0.0;0.0;True;True;0.2358618243831249;0.0;False
B1900233000000;EU SOU BRASILEIRO;2019;Renúncia — Outros Mecanismos;;;;;14100997000166;SP;FICÇÃO;SALAS DE EXIBIÇÃO;Renúncia pura;0.0;1334670.0;1334670.0;30058.56;0.0;186853.8;216912.36;;;;0.0;0.0;0;0;0;0;4.123;2;media;1.0;0.0;0.0;True;True;0.1625213423542898;0.0;False
B1900307900000;FAZ SOL LÁ SIM;2019;Renúncia — Art.3/3-A/39;;;;;13223702000186;RJ;DOCUMENTÁRIO;SALAS DE EXIBIÇÃO;Renúncia pura;0.0;428429.07;428429.07;1133.16;0.0;80080.2;81213.36;;;;0.0;0.0;0;0;0;0;3.88;1;alta;3.0;0.0;0.0;True;True;0.18956080641306622;0.0;False
B1900577700000;FICO TE DEVENDO UMA CARTA SOBRE O BRASIL;2019;Renúncia — Art.3/3-A/39;;;;;12240058000191;RJ;DOCUMENTÁRIO;SALAS DE EXIBIÇÃO;sem inv.;0.0;0.0;0.0;3101.28;0.0;480481.2;483582.48000000004;;;;2.4;12.0;0;0;0;0;0.0;0;;3.0;2.0;2.0;False;False;;;False
B1900536300000;FLORES DO CÁRCERE;2019;Renúncia — Art.3/3-A/39;;;;;03435290000194;SP;DOCUMENTÁRIO;SALAS DE EXIBIÇÃO;sem inv.;0.0;0.0;0.0;0.0;0.0;80080.2;80080.2;;;;1.1;5.5;0;0;0;0;4.4;1;baixa;0.0;;;False;False;;;False
B1900267800000;FREI DAMIÃO - O SANTO DO NORDESTE;2019;Renúncia — Outros Mecanismos;;;;;03767725000106;PE;DOCUMENTÁRIO;SALAS DE EXIBIÇÃO;Renúncia pura;0.0;1845848.61;1845848.61;0.0;0.0;80080.2;80080.2;;;;0.0;0.0;0;0;0;0;0.0;0;;0.0;;;True;False;;;False
B1900398400000;HEBE - A ESTRELA DO BRASIL;2019;Renúncia — Art.3/3-A/39;;;;;23723437000159;SP;FICÇÃO;SALAS DE EXIBIÇÃO;sem inv.;0.0;0.0;0.0;2342679.08;0.0;186853.8;2529532.88;;;;0.0;0.0;0;0;0;0;4.343;2;media;0.0;;;False;False;;;False
B1900477300000;JOSÉ APARECIDO DE OLIVEIRA - O MAIOR MINEIRO DO MUNDO;2019;Renúncia — Outros Mecanismos;;;;;00815123000180;MG;DOCUMENTÁRIO;SALAS DE EXIBIÇÃO;Renúncia pura;0.0;660661.65;660661.65;1013.88;0.0;373707.6;374721.48;;;;0.0;0.0;0;0;0;0;3.3;1;baixa;0.0;;;True;True;0.5671912089948008;0.0;False
B1900453000000;LINHA DE FRENTE;2019;Renúncia — Art.3/3-A/39;;;;;06967225000106;RJ;DOCUMENTÁRIO;SALAS DE EXIBIÇÃO;Renúncia pura;0.0;266934.0;266934.0;536.76;0.0;373707.6;374244.36;;;;0.0;0.0;0;0;0;0;4.0;1;baixa;0.0;;;True;True;1.4020108341387758;0.0;False
B1900321800000;LIQUID VOICES - A HISTÓRIA DE MATHILDA SEGALESCU;2019;Renúncia — Art.3/3-A/39;;;;;04132980000137;RJ;FICÇÃO;SALAS DE EXIBIÇÃO;sem inv.;0.0;0.0;0.0;0.0;0.0;80080.2;80080.2;;;;0.0;0.0;0;0;0;0;3.788;2;media;0.0;;;False;False;;;False
B1900534400000;MARIO WALLACE SIMONSEN, ENTRE A MEMÓRIA E A HISTÓRIA;2019;Renúncia — Outros Mecanismos;;;;;52097649000176;SP;DOCUMENTÁRIO;SALAS DE EXIBIÇÃO;Renúncia pura;0.0;600601.5;600601.5;0.0;0.0;80080.2;80080.2;;;;0.0;0.0;0;0;0;0;3.788;2;media;0.0;;;True;False;;;False
B1900261100000;MEU PAI E EU;2019;Renúncia — Art.3/3-A/39;;;;;08103899000180;ES;DOCUMENTÁRIO;SALAS DE EXIBIÇÃO;Renúncia pura;0.0;1174509.6;1174509.6;0.0;0.0;0.0;0.0;;;;0.0;0.0;0;0;0;0;4.257;2;alta;0.0;;;True;False;;;False
B1900576900000;MINHA MÃE É UMA PEÇA 3;2019;Renúncia — Art.3/3-A/39;;;;;10645895000175;RJ;FICÇÃO;SALAS DE EXIBIÇÃO;Renúncia pura;0.0;4004010.0;4004010.0;220681419.0;0.0;186853.8;220868272.8;;;;0.8;4.0;0;0;0;0;4.2;1;baixa;0.0;;;True;True;55.161768527051635;0.8;True
B1900245100000;NOVAS ESPÉCIES - A EXPEDIÇÃO DO SÉCULO;2019;Renúncia — Art.3/3-A/39;;;;;64044886000158;SP;DOCUMENTÁRIO;SALAS DE EXIBIÇÃO;Renúncia pura;0.0;1813260.75;1813260.75;4393.48;0.0;186853.8;191247.28;;;;0.0;0.0;0;0;0;0;0.0;0;;0.0;;;True;True;0.10547147176709142;0.0;False
B2000155000000;O BUSCADOR;2019;Renúncia — Art.3/3-A/39;;;;;07125823000192;RJ;FICÇÃO;SALAS DE EXIBIÇÃO;Renúncia pura;0.0;1334670.0;1334670.0;2763.32;0.0;0.0;2763.32;;;;0.0;0.0;0;0;0;0;0.0;0;;0.0;;;True;True;0.0020704144095544216;0.0;False
B1900479000000;OS SUBURBANOS - O FILME;2019;Renúncia — Art.3/3-A/39;;;;;07630900000161;RJ;FICÇÃO;SALAS DE EXIBIÇÃO;Renúncia pura;0.0;4004010.0;4004010.0;1717890.44;0.0;186853.8;1904744.24;86413.0;8007.0;203.0;0.0;0.0;0;0;0;0;2.5;1;baixa;0.0;;;True;True;0.47570916156553056;0.0;False
B1900435600000;PORNO PARA PRINCIPIANTES;2019;Renúncia — Art.3/3-A/39;;;;;07477471000134;SP;FICÇÃO;SALAS DE EXIBIÇÃO;sem inv.;0.0;0.0;0.0;556.64;0.0;0.0;556.64;;;;0.0;0.0;0;0;0;0;3.358;2;media;0.0;;;False;False;;;False
B1900126500000;PROPRIEDADE;2019;FSA Automático Festivais;;;;;09942024000134;PE;FICÇÃO;SALAS DE EXIBIÇÃO;sem inv.;0.0;0.0;0.0;111705.72;0.0;0.0;111705.72;5619.0;261.0;21.0;6.6;33.0;0;0;0;0;3.69;2;alta;0.0;;;False;False;;;False
B1900582500000;RAZÕES PARA NÃO SER MÃE;2019;Renúncia — Art.3/3-A/39;;;;;11545487000104;SP;FICÇÃO;SALAS DE EXIBIÇÃO;Renúncia pura;0.0;2637574.85;2637574.85;675.92;0.0;0.0;675.92;;;;0.0;0.0;0;0;0;0;3.5;1;baixa;0.0;;;True;True;0.00025626571317966575;0.0;False
B1900253800000;RELATOS DO FRONT;2019;Renúncia — Art.3/3-A/39;;;;;09064138000129;RJ;DOCUMENTÁRIO;SALAS DE EXIBIÇÃO;Renúncia pura;0.0;231431.78;231431.78;14711.2;0.0;373707.6;388418.8;;;;1.2;6.0;0;0;0;0;3.927;2;media;0.0;;;True;True;1.678329570813481;1.2;True
B2000374000000;RIO HEAT;2019;Renúncia — Art.3/3-A/39;;;;;33451113000162;RJ;FICÇÃO;SALAS DE EXIBIÇÃO;Renúncia pura;0.0;4137476.99;4137476.99;0.0;0.0;0.0;0.0;;;;0.0;0.0;0;0;0;0;4.252;2;alta;0.0;;;True;False;;;False
B1900061900000;RUMO;2019;Renúncia — Art.3/3-A/39;;;;;02395043000149;SP;DOCUMENTÁRIO;SALAS DE EXIBIÇÃO;Renúncia pura;0.0;667105.82;667105.82;2743.44;0.0;373707.6;376451.04;138.0;123.0;5.0;0.0;0.0;0;0;0;0;3.3;1;baixa;0.0;;;True;True;0.5643048354757271;0.0;False
B1900331000000;SELVAGEM;2019;Renúncia — Art.3/3-A/39;;;;;19457687000117;RJ;FICÇÃO;SALAS DE EXIBIÇÃO;Renúncia pura;0.0;266934.0;266934.0;21390.88;0.0;0.0;21390.88;;;;0.0;0.0;0;0;0;0;4.38;2;alta;0.0;;;True;True;0.08013546419714238;0.0;False
B1900233200000;UMA HISTÓRIA DE AMOR ASSOMBRADO;2019;Renúncia — Art.3/3-A/39;;;;;01946155000188;RJ;FICÇÃO;SALAS DE EXIBIÇÃO;Renúncia pura;0.0;4490453.76;4490453.76;14611.8;0.0;0.0;14611.8;;;;0.0;0.0;0;0;0;0;4.3;1;baixa;0.0;;;True;True;0.0032539695943779186;0.0;False
B1900401700000;VAI QUE COLA 2 - O COMEÇO;2019;Renúncia — Art.3/3-A/39;;;;;09180984000104;RJ;FICÇÃO;SALAS DE EXIBIÇÃO;Renúncia pura;0.0;6180242.93;6180242.93;16212915.32;0.0;186853.8;16399769.120000001;;;;0.0;0.0;0;0;0;0;3.1;1;baixa;1.0;0.0;0.0;True;True;2.653580013884665;0.0;False
B1900468100000;VERLUST;2019;Renúncia — Art.3/3-A/39;;;;;94625829000123;RS;FICÇÃO;SALAS DE EXIBIÇÃO;Renúncia pura;0.0;1332088.75;1332088.75;3797.08;0.0;480481.2;484278.28;191.0;49.0;3.0;1.6;8.0;0;0;0;0;0.0;0;;16.0;4.0;2.0;True;True;0.36354805939168844;1.6;True
B1900074200000;VIDA EM MOVIMENTO;2019;Renúncia — Outros Mecanismos;;;;;07533507000150;SP;DOCUMENTÁRIO;SALAS DE EXIBIÇÃO;Renúncia pura;0.0;1811147.19;1811147.19;0.0;0.0;80080.2;80080.2;;;;0.0;0.0;0;0;0;0;3.2;1;baixa;1.0;0.0;0.0;True;False;;;False
B2000042900000;ZIMBA;2019;Renúncia — Art.3/3-A/39;;;;;08747116000109;SP;DOCUMENTÁRIO;SALAS DE EXIBIÇÃO;Renúncia pura;0.0;347014.2;347014.2;1133.16;0.0;373707.6;374840.75999999995;;;;0.0;0.0;0;0;0;0;0.0;0;;0.0;;;True;True;1.0801885340715163;0.0;False
B2000488900000;10 HORAS PARA O NATAL;2020;Renúncia — Art.3/3-A/39;;;;;12580503000162;SP;FICÇÃO;SALAS DE EXIBIÇÃO;Renúncia pura;0.0;4035168.32;4035168.32;642700.52;0.0;178773.28;821473.8;;;;0.8;4.0;0;0;0;0;3.8;1;baixa;0.0;;;True;True;0.20357857091820153;0.8;True
B2000234700000;A PONTE DE BAMBU;2020;Renúncia — Art.3/3-A/39;;;;;71743496000131;SP;DOCUMENTÁRIO;SALAS DE EXIBIÇÃO;Renúncia pura;0.0;861942.6;861942.6;994.0;0.0;76617.12;77611.12;;;;0.0;0.0;0;0;0;0;0.0;0;;0.0;;;True;True;0.0900420979308831;0.0;False
B2000202000000;A VERDADE DA MENTIRA;2020;Renúncia — Art.3/3-A/39;;;;;07700630000118;SP;DOCUMENTÁRIO;COMUNICAÇÃO ELETRÔNICA DE MASSA POR ASSINATURA (TV PAGA);Renúncia pura;0.0;789358.29;789358.29;119.28;0.0;76617.12;76736.4;;;;0.0;0.0;0;0;0;0;3.913;2;alta;0.0;;;True;True;0.09721364933026799;0.0;False
B2000454300000;AMARRAÇÃO DO AMOR;2020;Renúncia — Art.3/3-A/39;;;;;10645895000175;RJ;FICÇÃO;SALAS DE EXIBIÇÃO;Renúncia pura;0.0;3391857.97;3391857.97;526621.2;0.0;76617.12;603238.32;26490.0;4061.0;93.0;0.1;0.5;0;0;0;0;4.3;1;baixa;1.0;0.0;0.0;True;True;0.17784893274879665;0.1;True
B2000319700000;ANA. SEM TITULO;2020;FSA Automático Festivais;;;;;73947392000174;RJ;FICÇÃO;SALAS DE EXIBIÇÃO;sem inv.;0.0;0.0;0.0;7733.32;0.0;76617.12;84350.44;389.0;175.0;6.0;2.6;13.0;0;0;0;0;0.0;0;;0.0;;;False;False;;;False
B2100057000000;AS NOVAS AVENTURAS DO KAISER;2020;Renúncia — Outros Mecanismos;;;;;31525918000188;RJ;ANIMAÇÃO;SALAS DE EXIBIÇÃO;Renúncia pura;0.0;255390.4;255390.4;0.0;0.0;0.0;0.0;;;;0.0;0.0;0;0;0;0;3.04;2;media;0.0;;;True;False;;;False
B2000327800000;ATRAVESSA A VIDA;2020;Renúncia — Art.3/3-A/39;;;;;28026565000167;RJ;DOCUMENTÁRIO;SALAS DE EXIBIÇÃO;Renúncia pura;0.0;370316.08;370316.08;0.0;0.0;76617.12;76617.12;;;;0.0;0.0;0;0;0;0;3.2;1;baixa;0.0;;;True;False;;;False
B2000038100000;BARRETÃO;2020;Renúncia — Art.3/3-A/39;;;;;02787555000150;RJ;DOCUMENTÁRIO;SALAS DE EXIBIÇÃO;Renúncia pura;0.0;255390.4;255390.4;0.0;0.0;357546.56;357546.56;;;;0.0;0.0;0;0;0;0;0.0;0;;0.0;;;True;False;;;False
B2000110400000;BRASIL ÁFRICA - UM ELO NATURAL;2020;Renúncia — Outros Mecanismos;;;;;06242683000170;DF;DOCUMENTÁRIO;SALAS DE EXIBIÇÃO;Renúncia pura;0.0;2316212.15;2316212.15;477.12;0.0;0.0;477.12;;;;0.0;0.0;0;0;0;0;0.0;0;;1.0;5.0;5.0;True;True;0.0002059914934821493;0.0;False
B2000183900000;CHACRINHA, EU VIM PARA CONFUNDIR NÃO PARA EXPLICAR;2020;Renúncia — Art.3/3-A/39;;;;;13110657000153;RJ;DOCUMENTÁRIO;SALAS DE EXIBIÇÃO;Renúncia pura;0.0;574628.4;574628.4;2644.04;0.0;357546.56;360190.6;;;;0.0;0.0;0;0;0;0;0.0;0;;0.0;;;True;True;0.6268235262997791;0.0;False
B2000433100000;CHICO VENTANA TAMBÉM QUERIA TER UM SUBMARINO;2020;Renúncia — Art.3/3-A/39;;;;;12658679000190;PE;FICÇÃO;SALAS DE EXIBIÇÃO;sem inv.;0.0;0.0;0.0;6938.12;0.0;0.0;6938.12;;;;7.1;35.5;0;0;0;0;0.0;0;;0.0;;;False;False;;;False
B2000151700000;CONTACTADO;2020;FSA Automático Festivais;;;;;09397798000121;SP;FICÇÃO;SALAS DE EXIBIÇÃO;sem inv.;0.0;0.0;0.0;2663.92;0.0;0.0;2663.92;134.0;44.0;3.0;1.6;8.0;0;0;0;0;0.0;0;;0.0;;;False;False;;;False
B2000115000000;DINHEIRO NOSSO - ORÇAMENTO PÚBLICO E PARTICIPAÇÃO;2020;Renúncia — Art.3/3-A/39;;;;;97533170000173;SP;DOCUMENTÁRIO;SALAS DE EXIBIÇÃO;sem inv.;0.0;0.0;0.0;0.0;0.0;0.0;0.0;;;;0.0;0.0;0;0;0;0;0.0;0;;0.0;;;False;False;;;False
B2000081700000;ELA E EU;2020;Renúncia — Art.3/3-A/39;;;;;04650621000171;SP;FICÇÃO;SALAS DE EXIBIÇÃO;Renúncia pura;0.0;4469985.2;4469985.2;44928.8;0.0;0.0;44928.8;2260.0;322.0;6.0;2.4;12.0;0;0;0;0;4.4;1;baixa;0.0;;;True;True;0.010051218961530342;2.4;True
B2000065400000;EM BUSCA DO U-513;2020;Renúncia — Outros Mecanismos;;;;;05372676000120;SP;DOCUMENTÁRIO;SALAS DE EXIBIÇÃO;Renúncia pura;0.0;2185080.04;2185080.04;278.32;0.0;0.0;278.32;;;;0.0;0.0;0;0;0;0;3.993;2;media;3.0;2.0;2.0;True;True;0.0001273729084999559;0.0;False
B2000034400000;ENCANTADEIRAS - O CANTO E O ENCANTO DAS QUEBRADEIRAS DE COCO;2020;Renúncia — Art.3/3-A/39;;;;;02229175000109;BA;DOCUMENTÁRIO;SALAS DE EXIBIÇÃO;sem inv.;0.0;0.0;0.0;0.0;0.0;76617.12;76617.12;;;;0.0;0.0;0;0;0;0;4.023;2;alta;1.0;0.0;0.0;False;False;;;False
B2000531300000;ESPETÁCULO - POR TRÁS DAS CORTINAS DO MUSICAL;2020;Renúncia — Outros Mecanismos;;;;;10445307000150;SP;DOCUMENTÁRIO;SALAS DE EXIBIÇÃO;Renúncia pura;0.0;51078.08;51078.08;0.0;0.0;0.0;0.0;;;;0.0;0.0;0;0;0;0;0.0;0;;0.0;;;True;False;;;False
B2000173600000;HOMEM ONÇA;2020;Renúncia — Art.3/3-A/39;;;;;09547615000107;RJ;FICÇÃO;SALAS DE EXIBIÇÃO;Renúncia pura;0.0;510780.8;510780.8;14790.72;0.0;459702.72;474493.43999999994;744.0;243.0;12.0;0.0;0.0;0;0;0;0;3.6;1;alta;0.0;;;True;True;0.9289570790444746;0.0;False
B2000375600000;MANGUEIRA EM 2 TEMPOS;2020;Renúncia — Outros Mecanismos;;;;;29415130000177;RJ;DOCUMENTÁRIO;SALAS DE EXIBIÇÃO;Renúncia pura;0.0;191542.8;191542.8;41787.76;0.0;357546.56;399334.32;;;;0.0;0.0;0;0;0;0;0.0;0;;0.0;;;True;True;2.084830753231132;0.0;False
B2000026600000;NA TRILHA DAS BORBOLETAS AZUIS;2020;Renúncia — Outros Mecanismos;;;;;11717663000148;SP;ANIMAÇÃO;SALAS DE EXIBIÇÃO;Renúncia pura;0.0;255390.4;255390.4;0.0;0.0;0.0;0.0;;;;0.0;0.0;0;0;0;0;0.0;0;;0.0;;;True;False;;;False
B2000041300000;O PALESTRANTE;2020;Renúncia — Art.3/3-A/39;;;;;03987306000171;RJ;FICÇÃO;SALAS DE EXIBIÇÃO;Renúncia pura;0.0;5192288.46;5192288.46;2528696.24;0.0;178773.28;2707469.52;127198.0;13817.0;215.0;0.0;0.0;0;0;0;0;0.0;0;;0.0;;;True;True;0.5214405056378552;0.0;False
B2000251400000;O RIO DO DESEJO;2020;Renúncia — Art.3/3-A/39;;;;;04344932000102;SP;FICÇÃO;SALAS DE EXIBIÇÃO;Renúncia pura;0.0;19154.28;19154.28;154606.76;0.0;357546.56;512153.32;7777.0;731.0;13.0;0.0;0.0;0;0;0;0;4.252;2;alta;0.0;;;True;True;26.738322714296753;0.0;False
B2000397200000;O SAMBA É PRIMO DO JAZZ;2020;Renúncia — Art.3/3-A/39;;;;;00360459000104;RJ;DOCUMENTÁRIO;SALAS DE EXIBIÇÃO;Renúncia pura;0.0;383085.6;383085.6;3220.56;0.0;357546.56;360767.12;162.0;14.0;2.0;0.0;0.0;0;0;0;0;4.2;1;baixa;1.0;36.0;36.0;True;True;0.9417402272494712;0.0;False
B2100057900000;POR QUE VOCÊ NÃO CHORA?;2020;Renúncia — Art.3/3-A/39;;;;;07644001000118;DF;FICÇÃO;SALAS DE EXIBIÇÃO;sem inv.;0.0;0.0;0.0;7932.12;0.0;76617.12;84549.23999999999;399.0;49.0;4.0;0.0;0.0;0;0;0;0;3.845;2;alta;0.0;;;False;False;;;False
B2000115500000;PORTUÑOL;2020;Renúncia — Art.3/3-A/39;;;;;08112710000115;RS;DOCUMENTÁRIO;SALAS DE EXIBIÇÃO;Renúncia pura;0.0;153234.24;153234.24;2266.32;0.0;357546.56;359812.88;;;;0.0;0.0;0;0;0;0;0.0;0;;0.0;;;True;True;2.348123239296909;0.0;False
B2000111800000;PREDESTINADO: ARIGÓ E O ESPÍRITO DO DR. FRITZ;2020;Renúncia — Art.3/3-A/39;;;;;07627467000105;SP;FICÇÃO;SALAS DE EXIBIÇÃO;Renúncia pura;0.0;5979953.55;5979953.55;5425669.48;0.0;76617.12;5502286.600000001;272921.0;21815.0;301.0;0.0;0.0;0;0;0;0;4.175;2;alta;0.0;;;True;True;0.920121963154714;0.0;False
B2000365500000;ROGAI POR NÓS;2020;Renúncia — Outros Mecanismos;;;;;18822538000147;RJ;DOCUMENTÁRIO;SALAS DE EXIBIÇÃO;Renúncia pura;0.0;622003.32;622003.32;218.68;0.0;0.0;218.68;;;;0.0;0.0;0;0;0;0;3.6;1;baixa;0.0;;;True;True;0.0003515736861340226;0.0;False
B2000462400000;SEM MAQUIAGEM;2020;Renúncia — Art.3/3-A/39;;;;;02899751000117;DF;DOCUMENTÁRIO;SALAS DE EXIBIÇÃO;Renúncia pura;0.0;466215.18;466215.18;0.0;0.0;76617.12;76617.12;;;;0.0;0.0;0;0;0;0;0.0;0;;0.0;;;True;False;;;False
B2000337100000;UM PRESENTE À PROVA DE FUTURO;2020;Renúncia — Art.3/3-A/39;;;;;19291237000105;SP;DOCUMENTÁRIO;SALAS DE EXIBIÇÃO;Renúncia pura;0.0;1968238.9;1968238.9;0.0;0.0;178773.28;178773.28;;;;0.0;0.0;0;0;0;0;4.38;2;media;1.0;0.0;0.0;True;False;;;False
B2000050700000;VOZES DA FLORESTA;2020;Renúncia — Outros Mecanismos;;;;;02229175000109;BA;DOCUMENTÁRIO;SALAS DE EXIBIÇÃO;Renúncia pura;0.0;1021561.6;1021561.6;0.0;0.0;76617.12;76617.12;;;;0.0;0.0;0;0;0;0;4.0;1;baixa;1.0;0.0;0.0;True;False;;;False
B2000059800000;WILD - REDE SELVAGEM;2020;Renúncia — Art.3/3-A/39;;;;;06242683000170;DF;DOCUMENTÁRIO;SALAS DE EXIBIÇÃO;Renúncia pura;0.0;255390.4;255390.4;318.08;0.0;76617.12;76935.2;;;;0.0;0.0;0;0;0;0;3.905;2;alta;1.0;5.0;5.0;True;True;0.30124546576535377;0.0;False
B2100362100000;45 DO SEGUNDO TEMPO;2021;Renúncia — Art.3/3-A/39;;;;;07477471000134;SP;FICÇÃO;SALAS DE EXIBIÇÃO;Renúncia pura;0.0;1841914.7;1841914.7;549304.28;0.0;162432.48;711736.76;27631.0;4434.0;109.0;0.0;0.0;0;0;0;0;3.648;2;alta;0.0;;;True;True;0.38641135770293816;0.0;False
B2100203300000;A ALMA QUER VOAR;2021;FSA Automático Festivais;;;;;19457687000117;RJ;FICÇÃO;SALAS DE EXIBIÇÃO;sem inv.;0.0;0.0;0.0;1848.84;0.0;0.0;1848.84;93.0;13.0;3.0;2.5;12.5;0;0;0;0;0.0;0;;0.0;;;False;False;;;False
B2100498100000;A JAULA;2021;Renúncia — Outros Mecanismos;;;;;13383501000146;SP;FICÇÃO;SALAS DE EXIBIÇÃO;Renúncia pura;0.0;63812.76;63812.76;467776.4;0.0;0.0;467776.4;;;;0.0;0.0;0;0;0;0;3.543;2;alta;0.0;;;True;True;7.3304524048168425;0.0;False
B2100271200000;A PRINCESA DA YAKUZA;2021;Renúncia — Art.3/3-A/39;;;;;04768987000140;SP;FICÇÃO;SALAS DE EXIBIÇÃO;sem inv.;0.0;0.0;0.0;2147.04;0.0;0.0;2147.04;108.0;14.0;1.0;0.0;0.0;0;0;0;0;3.343;2;alta;0.0;;;False;False;;;False
B2100432000000;A SUSPEITA;2021;Renúncia — Art.3/3-A/39;;;;;18082113000149;SP;FICÇÃO;SALAS DE EXIBIÇÃO;Renúncia pura;0.0;3480695.99;3480695.99;153831.44;0.0;69613.92;223445.36;7738.0;1367.0;51.0;0.0;0.0;0;0;0;0;0.0;0;;0.0;;;True;True;0.06419559784651;0.0;False
B2100263400000;A VIAGEM DE PEDRO;2021;Renúncia — Art.3/3-A/39;;;;;02238621000133;SP;FICÇÃO;SALAS DE EXIBIÇÃO;Renúncia pura;0.0;5035406.88;5035406.88;235617.76;0.0;162432.48;398050.24;11852.0;919.0;23.0;16.38;20.0;2090;1;1;0;3.9;1;baixa;0.0;;;True;True;0.079050263362233;16.38;True
B2100401000000;AMOR SEM MEDIDA;2021;Renúncia — Art.3/3-A/39;;;;;05508188000105;SP;FICÇÃO;SALAS DE EXIBIÇÃO;Renúncia pura;0.0;4350870.0;4350870.0;1888.6;0.0;0.0;1888.6;95.0;49.0;7.0;0.0;0.0;0;0;0;0;4.3;1;baixa;0.0;;;True;True;0.000434074104719286;0.0;False
B2100294600000;ARAÑA;2021;Renúncia — Art.3/3-A/39;;;;;07533507000150;SP;FICÇÃO;SALAS DE EXIBIÇÃO;Renúncia pura;0.0;1740348.0;1740348.0;28269.36;0.0;0.0;28269.36;;;;0.0;0.0;0;0;0;0;0.0;0;;0.0;;;True;True;0.016243509918705913;0.0;False
B2100167200000;AS PORTAS ABERTAS;2021;Renúncia — Art.3/3-A/39;;;;;12879401000142;SP;DOCUMENTÁRIO;SALAS DE EXIBIÇÃO;Renúncia pura;0.0;302762.54;302762.54;0.0;0.0;0.0;0.0;;;;0.0;0.0;0;0;0;0;0.0;0;;0.0;;;True;False;;;False
B2100458300000;AS VERDADES;2021;Renúncia — Art.3/3-A/39;;;;;01378559000112;SP;FICÇÃO;SALAS DE EXIBIÇÃO;Renúncia pura;0.0;4060812.0;4060812.0;31986.92;0.0;162432.48;194419.40000000002;;;;0.9;4.5;0;0;0;0;0.0;0;;0.0;;;True;True;0.04787697632887216;0.9;True
B2100425000000;BALA SEM NOME;2021;Renúncia — Art.3/3-A/39;;;;;04728553000116;SP;FICÇÃO;SALAS DE EXIBIÇÃO;Renúncia pura;0.0;440888.16;440888.16;79.52;0.0;0.0;79.52;;;;0.0;0.0;0;0;0;0;4.105;2;media;0.0;;;True;True;0.00018036320140690557;0.0;False
B2100415100000;BRAVOS VALENTES: VAQUEIROS DO BRASIL;2021;Renúncia — Art.3/3-A/39;;;;;74107475000118;SP;DOCUMENTÁRIO;SALAS DE EXIBIÇÃO;Renúncia pura;0.0;609121.8;609121.8;0.0;0.0;162432.48;162432.48;;;;0.0;0.0;0;0;0;0;4.343;2;media;0.0;;;True;False;;;False
B2100062500000;COMO ELA FAZ?;2021;Renúncia — Outros Mecanismos;;;;;19291237000105;SP;DOCUMENTÁRIO;SALAS DE EXIBIÇÃO;Renúncia pura;0.0;2306495.41;2306495.41;0.0;0.0;417683.52;417683.52;;;;0.0;0.0;0;0;0;0;4.4;1;baixa;0.0;;;True;False;;;False
B2100324700000;CURRAL;2021;Renúncia — Art.3/3-A/39;;;;;12859237000101;PE;FICÇÃO;SALAS DE EXIBIÇÃO;Renúncia pura;0.0;636586.94;636586.94;18408.88;0.0;0.0;18408.88;926.0;178.0;8.0;0.0;0.0;0;0;0;0;0.0;0;;0.0;;;True;True;0.028918092476103895;0.0;False
B2100185000000;DIMINUTA;2021;Renúncia — Outros Mecanismos;;;;;07720343000170;RJ;FICÇÃO;SALAS DE EXIBIÇÃO;Renúncia pura;0.0;546745.01;546745.01;0.0;0.0;0.0;0.0;;;;0.0;0.0;0;0;0;0;0.0;0;;0.0;;;True;False;;;False
B2100449500000;DIÁLOGOS COM RUTH DE SOUZA;2021;Renúncia — Outros Mecanismos;;;;;11265176000191;SP;DOCUMENTÁRIO;SALAS DE EXIBIÇÃO;Renúncia pura;0.0;290058.0;290058.0;10079.16;0.0;0.0;10079.16;;;;0.0;0.0;0;0;0;0;0.0;0;;0.0;;;True;True;0.034748774383054425;0.0;False
B2100413100000;DORES & AMORES;2021;Renúncia — Art.3/3-A/39;;;;;00605488000180;SP;FICÇÃO;SALAS DE EXIBIÇÃO;Renúncia pura;0.0;1554710.88;1554710.88;0.0;0.0;0.0;0.0;;;;0.0;0.0;0;0;0;0;0.0;0;;0.0;;;True;False;;;False
B2100271900000;EL EMPLEADO Y EL PATRÓN;2021;FSA Automático Festivais;;;;;10468552000182;RS;FICÇÃO;SALAS DE EXIBIÇÃO;sem inv.;0.0;0.0;0.0;14552.16;0.0;69613.92;84166.08;732.0;95.0;9.0;11.5;47.5;0;12;1;0;0.0;0;;0.0;;;False;False;;;False
B2100526500000;EU, MEU PAI E OS CARIOCAS - 70 ANOS DE MÚSICA NO BRASIL;2021;Renúncia — Art.3/3-A/39;;;;;18677618000156;SP;DOCUMENTÁRIO;SALAS DE EXIBIÇÃO;Renúncia pura;0.0;1021004.16;1021004.16;0.0;0.0;0.0;0.0;;;;0.0;0.0;0;0;0;0;4.257;2;alta;0.0;;;True;False;;;False
B2100363400000;GALERIA FUTURO;2021;Renúncia — Art.3/3-A/39;;;;;01478079000123;SP;FICÇÃO;SALAS DE EXIBIÇÃO;Renúncia pura;0.0;3364627.83;3364627.83;11669.56;0.0;162432.48;174102.04;587.0;291.0;14.0;0.0;0.0;0;0;0;0;0.0;0;;2.0;0.0;0.0;True;True;0.05174481363069508;0.0;False
B2100532300000;JUNTOS E ENROLADOS;2021;Renúncia — Art.3/3-A/39;;;;;17383231000124;RJ;FICÇÃO;SALAS DE EXIBIÇÃO;Renúncia pura;0.0;3480696.0;3480696.0;5012901.04;0.0;162432.48;5175333.5200000005;252158.0;17683.0;210.0;0.0;0.0;0;0;0;0;3.612;2;alta;1.0;0.0;0.0;True;True;1.486867431111479;0.0;False
B2100072000000;LIBELU - ABAIXO A DITADURA;2021;Renúncia — Art.3/3-A/39;;;;;12126484000107;SP;DOCUMENTÁRIO;SALAS DE EXIBIÇÃO;Renúncia pura;0.0;174034.8;174034.8;4154.92;0.0;324864.96;329019.88;209.0;120.0;4.0;0.8;4.0;0;0;0;0;0.0;0;;0.0;;;True;True;1.8905407424262275;0.8;True
B2100424200000;LUTAR, LUTAR, LUTAR;2021;Renúncia — Art.3/3-A/39;;;;;11966450000150;MG;DOCUMENTÁRIO;SALAS DE EXIBIÇÃO;Renúncia pura;0.0;821180.09;821180.09;190569.68;0.0;0.0;190569.68;;;;1.2;6.0;0;0;0;0;4.4;1;baixa;0.0;;;True;True;0.23206807169423702;1.2;True
B2100161600000;MAIOR QUE O MUNDO;2021;Renúncia — Outros Mecanismos;;;;;09281789000170;SP;FICÇÃO;SALAS DE EXIBIÇÃO;Renúncia pura;0.0;348069.6;348069.6;11212.32;0.0;69613.92;80826.23999999999;;;;0.0;0.0;0;0;0;0;3.83;2;media;0.0;;;True;True;0.2322128677712733;0.0;False
B2100445800000;MAR DE DENTRO;2021;Renúncia — Art.3/3-A/39;;;;;04728553000116;SP;FICÇÃO;SALAS DE EXIBIÇÃO;Renúncia pura;0.0;1132760.9;1132760.9;15267.84;0.0;69613.92;84881.76;768.0;118.0;5.0;1.1;5.5;0;0;0;0;4.5;1;baixa;0.0;;;True;True;0.07493351862692295;1.1;True
B2100266400000;MATAR A LA BESTIA;2021;FSA Automático Festivais;;;;;19457687000117;RJ;FICÇÃO;SALAS DE EXIBIÇÃO;sem inv.;0.0;0.0;0.0;14850.36;0.0;0.0;14850.36;747.0;106.0;8.0;3.8;19.0;0;0;0;0;0.0;0;;0.0;;;False;False;;;False
B2100262100000;MEU ÁLBUM DE AMORES;2021;Renúncia — Art.3/3-A/39;;;;;07570789000165;SP;FICÇÃO;SALAS DE EXIBIÇÃO;Renúncia pura;0.0;3480643.79;3480643.79;17633.56;0.0;0.0;17633.56;;;;0.0;0.0;0;0;0;0;4.1;1;baixa;0.0;;;True;True;0.005066177714209589;0.0;False
B2100113300000;MIGLIACCIO, O BRASILEIRO EM CENA;2021;Renúncia — Art.3/3-A/39;;;;;03760043000163;RJ;DOCUMENTÁRIO;SALAS DE EXIBIÇÃO;Renúncia pura;0.0;58011.6;58011.6;1749.44;0.0;324864.96;326614.4;;;;0.0;0.0;0;0;0;0;0.0;0;;0.0;;;True;True;5.630156727275235;0.0;False
B2100226000000;NEM TUDO SE DESFAZ;2021;Renúncia — Outros Mecanismos;;;;;31608781000125;SP;DOCUMENTÁRIO;SALAS DE EXIBIÇÃO;Renúncia pura;0.0;90498.1;90498.1;4910.36;0.0;0.0;4910.36;;;;0.0;0.0;0;0;0;0;0.0;0;;0.0;;;True;True;0.05425926069166092;0.0;False
B2100112200000;NIMBUS, O CAÇADOR DE NUVENS;2021;Renúncia — Art.3/3-A/39;;;;;12709052000110;MG;ANIMAÇÃO;SALAS DE EXIBIÇÃO;sem inv.;0.0;0.0;0.0;0.0;0.0;0.0;0.0;;;;0.0;0.0;0;0;0;0;3.76;2;alta;0.0;;;False;False;;;False
B2100261800000;O FILHO ÚNICO DO MEU PAI;2021;Renúncia — Outros Mecanismos;;;;;07847012000103;CE;FICÇÃO;SALAS DE EXIBIÇÃO;Renúncia pura;0.0;63812.76;63812.76;12683.44;0.0;69613.92;82297.36;;;;0.0;0.0;0;0;0;0;4.257;2;alta;0.0;;;True;True;1.2896693388595009;0.0;False
B2100333300000;O SEGUNDO HOMEM;2021;Renúncia — Outros Mecanismos;;;;;14741081000195;SP;FICÇÃO;SALAS DE EXIBIÇÃO;Renúncia pura;0.0;1311239.41;1311239.41;0.0;0.0;0.0;0.0;;;;0.0;0.0;0;0;0;0;3.707;2;media;0.0;;;True;False;;;False
B2100454200000;O TEMPO QUE RESTA;2021;Renúncia — Art.3/3-A/39;;;;;16603000000116;DF;DOCUMENTÁRIO;SALAS DE EXIBIÇÃO;Renúncia pura;0.0;174034.8;174034.8;0.0;0.0;324864.96;324864.96;;;;0.0;0.0;0;0;0;0;3.648;2;alta;0.0;;;True;False;;;False
B2100390800000;PÓLVORA NEGRA;2021;Renúncia — Art.3/3-A/39;;;;;09506070000190;SP;FICÇÃO;SALAS DE EXIBIÇÃO;Renúncia pura;0.0;1039668.43;1039668.43;0.0;0.0;0.0;0.0;;;;0.0;0.0;0;0;0;0;0.0;0;;0.0;;;True;False;;;False
B2100290600000;REAÇÃO EM CADEIA;2021;Renúncia — Art.3/3-A/39;;;;;11660296000193;MG;FICÇÃO;SALAS DE EXIBIÇÃO;Renúncia pura;0.0;3480696.0;3480696.0;63993.72;0.0;69613.92;133607.64;3219.0;1315.0;41.0;0.0;0.0;0;0;0;0;3.858;2;alta;0.0;;;True;True;0.03838532293541292;0.0;False
B2100339600000;SEGREDOS DO PUTUMAYO;2021;Renúncia — Art.3/3-A/39;;;;;02919018000117;SP;DOCUMENTÁRIO;SALAS DE EXIBIÇÃO;Renúncia pura;0.0;232046.4;232046.4;20536.04;0.0;69613.92;90149.95999999999;;;;0.0;0.0;0;0;0;0;3.4;1;baixa;0.0;;;True;True;0.3884997138503334;0.0;False
B2100496300000;TURMA DA MÔNICA: LIÇÕES;2021;Renúncia — Art.3/3-A/39;;;;;07570789000165;SP;FICÇÃO;SALAS DE EXIBIÇÃO;Renúncia pura;0.0;3991419.22;3991419.22;16553002.48;0.0;92818.56;16645821.040000001;;;;2.0;10.0;0;0;0;0;4.068;2;alta;20.0;4.0;2.0;True;True;4.170401584627335;2.0;True
B2100278800000;UM CASAL INSEPARÁVEL;2021;Renúncia — Art.3/3-A/39;;;;;03360320000140;RJ;FICÇÃO;SALAS DE EXIBIÇÃO;Renúncia pura;0.0;3155074.57;3155074.57;0.0;0.0;162432.48;162432.48;;;;0.8;4.0;0;0;0;0;3.603;2;alta;0.0;;;True;False;;;False
B2100073300000;UMA NOITE ANTES DO NATAL;2021;Renúncia — Art.3/3-A/39;;;;;09028371000156;SP;ANIMAÇÃO;SALAS DE EXIBIÇÃO;sem inv.;0.0;0.0;0.0;0.0;0.0;0.0;0.0;;;;0.0;0.0;0;0;0;0;4.277;2;media;0.0;;;False;False;;;False
B2100315800000;VENTO NA FRONTEIRA;2021;FSA Automático Festivais;;;;;12106692000136;SP;DOCUMENTÁRIO;SALAS DE EXIBIÇÃO;Renúncia pura;0.0;292380.26;292380.26;0.0;0.0;0.0;0.0;;;;2.0;10.0;0;0;0;0;3.97;2;alta;0.0;;;True;False;;;False
B2100281200000;VOCÊ NÃO É UM SOLDADO;2021;Renúncia — Outros Mecanismos;;;;;07700630000118;SP;DOCUMENTÁRIO;SALAS DE EXIBIÇÃO;Renúncia pura;0.0;807521.47;807521.47;656.04;0.0;69613.92;70269.95999999999;;;;0.0;0.0;0;0;0;0;4.0;1;baixa;3.0;2.0;1.0;True;True;0.08701930860116945;0.0;False
B2100259600000;WANDERING HEART;2021;Renúncia — Art.3/3-A/39;;;;;05387293000125;SP;FICÇÃO;SALAS DE EXIBIÇÃO;sem inv.;0.0;0.0;0.0;377.72;0.0;69613.92;69991.64;;;;3.4;17.0;0;0;0;0;0.0;0;;0.0;;;False;False;;;False
B2200317100000;171;2022;Renúncia — Art.3/3-A/39;;;;;05780593000170;SP;DOCUMENTÁRIO;SALAS DE EXIBIÇÃO;Renúncia pura;0.0;35095.39;35095.39;3021.76;0.0;65803.86;68825.62;152.0;67.0;6.0;0.0;0.0;0;0;0;0;0.0;0;;0.0;;;True;True;1.9611014438078618;0.0;False
B2200398000000;ADEMÃ - A VIDA E AS NOTAS DE IBRAHIM SUED;2022;Renúncia — Art.3/3-A/39;;;;;08542085000141;RJ;DOCUMENTÁRIO;SALAS DE EXIBIÇÃO;Renúncia pura;0.0;164509.65;164509.65;1013.88;0.0;307084.68;308098.56;;;;0.0;0.0;0;0;0;0;3.2;1;baixa;0.0;;;True;True;1.87282970938179;0.0;False
B2200048000000;ALEMÃO 2;2022;Renúncia — Art.3/3-A/39;;;;;05387293000125;SP;FICÇÃO;SALAS DE EXIBIÇÃO;Renúncia pura;0.0;3290193.0;3290193.0;797327.16;0.0;307084.68;1104411.84;40107.0;4563.0;99.0;0.8;4.0;0;0;0;0;3.5;1;baixa;0.0;;;True;True;0.3356677982112296;0.8;True
B2300008100000;ANDANÇA - OS ENCONTROS E AS MEMÓRIAS DE BETH CARVALHO;2022;Renúncia — Art.3/3-A/39;;;;;03360320000140;RJ;DOCUMENTÁRIO;SALAS DE EXIBIÇÃO;sem inv.;0.0;0.0;0.0;193869.76;0.0;307084.68;500954.44;9752.0;600.0;13.0;0.0;0.0;0;0;0;0;4.3;1;baixa;0.0;;;False;False;;;False
B2200154300000;ARQUEOLOGIA DO POETA;2022;Renúncia — Outros Mecanismos;;;;;27651181000172;RJ;DOCUMENTÁRIO;SALAS DE EXIBIÇÃO;Renúncia pura;0.0;548365.5;548365.5;0.0;0.0;131607.72;131607.72;;;;0.0;0.0;0;0;0;0;0.0;0;;0.0;;;True;False;;;False
B2200065100000;AYRTON MENINICES NO CORAÇÃO DO BRASIL;2022;Renúncia — Outros Mecanismos;;;;;14022519000185;SP;DOCUMENTÁRIO;SALAS DE EXIBIÇÃO;Renúncia pura;0.0;532835.37;532835.37;0.0;0.0;0.0;0.0;;;;0.0;0.0;0;0;0;0;4.3;1;baixa;0.0;;;True;False;;;False
B2200285200000;BEM-VINDA A QUIXERAMOBIM;2022;Renúncia — Art.3/3-A/39;;;;;02140164000140;RJ;FICÇÃO;SALAS DE EXIBIÇÃO;Renúncia pura;0.0;3290193.0;3290193.0;1459708.88;0.0;153542.34;1613251.22;73426.0;2030.0;24.0;1.1;5.5;0;0;0;0;3.948;2;alta;0.0;;;True;True;0.49032115137318694;1.1;True
B2200244600000;BIOCÊNTRICOS;2022;Renúncia — Art.3/3-A/39;;;;;09225539000113;SP;DOCUMENTÁRIO;SALAS DE EXIBIÇÃO;sem inv.;0.0;0.0;0.0;68248.04;0.0;307084.68;375332.72;3433.0;343.0;9.0;0.0;0.0;0;0;0;0;0.0;0;;4.0;0.0;0.0;False;False;;;False
B2200042500000;BRASILEIRÍSSIMA;2022;Renúncia — Art.3/3-A/39;;;;;11400059000193;SP;DOCUMENTÁRIO;SALAS DE EXIBIÇÃO;Renúncia pura;0.0;438692.4;438692.4;1689.8;0.0;307084.68;308774.48;;;;0.0;0.0;0;0;0;0;0.0;0;;0.0;;;True;True;0.703851901696952;0.0;False
B2200312700000;CARVÃO;2022;FSA Automático Festivais;;;;;52858982000150;SP;FICÇÃO;SALAS DE EXIBIÇÃO;sem inv.;0.0;0.0;0.0;109200.84;0.0;65803.86;175004.7;5493.0;490.0;15.0;9.7;48.5;0;0;0;0;3.69;2;alta;0.0;;;False;False;;;False
B2200104100000;CIDADE MARAVILHOSA - A FUNDAÇÂO DA CIDADE DO RIO DE JANEIRO;2022;Renúncia — Outros Mecanismos;;;;;10712207000142;RJ;DOCUMENTÁRIO;SALAS DE EXIBIÇÃO;Renúncia pura;0.0;673083.18;673083.18;0.0;0.0;0.0;0.0;;;;0.0;0.0;0;0;0;0;4.252;2;alta;0.0;;;True;False;;;False
B2200184200000;DISSONANTES;2022;Renúncia — Art.3/3-A/39;;;;;11545487000104;SP;FICÇÃO;SALAS DE EXIBIÇÃO;sem inv.;0.0;0.0;0.0;3160.92;0.0;0.0;3160.92;;;;0.0;0.0;0;0;0;0;0.0;0;;0.0;;;False;False;;;False
B2200412400000;FERVO;2022;Renúncia — Art.3/3-A/39;;;;;46397220000100;SP;FICÇÃO;SALAS DE EXIBIÇÃO;Renúncia pura;0.0;3290192.98;3290192.98;235319.56;0.0;0.0;235319.56;11837.0;3280.0;122.0;0.0;0.0;0;0;0;0;0.0;0;;7.0;0.0;0.0;True;True;0.0715215069238887;0.0;False
B2200266000000;JAMBALAIA;2022;Renúncia — Outros Mecanismos;;;;;26694889000148;RJ;DOCUMENTÁRIO;SALAS DE EXIBIÇÃO;Renúncia pura;0.0;219346.2;219346.2;0.0;0.0;0.0;0.0;;;;0.0;0.0;0;0;0;0;0.0;0;;0.0;;;True;False;;;False
B2200146200000;KOBRA - AUTO-RETRATO;2022;Renúncia — Art.3/3-A/39;;;;;07490019000102;SP;DOCUMENTÁRIO;SALAS DE EXIBIÇÃO;sem inv.;0.0;0.0;0.0;84728.56;0.0;65803.86;150532.41999999998;4262.0;469.0;14.0;3.9;19.5;0;0;0;0;0.0;0;;0.0;;;False;False;;;False
B2300048800000;LULINA E A LUA;2022;Renúncia — Outros Mecanismos;;;;;12975490000120;SP;ANIMAÇÃO;SALAS DE EXIBIÇÃO;Renúncia pura;0.0;219346.2;219346.2;0.0;0.0;87738.48;87738.48;;;;0.0;0.0;0;0;0;0;0.0;0;;0.0;;;True;False;;;False
B2200258900000;MARIA - NINGUÉM SABE QUEM SOU EU;2022;Renúncia — Art.3/3-A/39;;;;;09535973000108;RJ;DOCUMENTÁRIO;SALAS DE EXIBIÇÃO;Renúncia pura;0.0;274182.75;274182.75;406824.32;0.0;307084.68;713909.0;;;;0.0;0.0;0;0;0;0;0.0;0;;1.0;0.0;0.0;True;True;2.603770660262179;0.0;False
B2200397100000;NON DUCOR, DUCO!;2022;Renúncia — Outros Mecanismos;;;;;68311943000179;SP;DOCUMENTÁRIO;SALAS DE EXIBIÇÃO;Renúncia pura;0.0;616388.05;616388.05;0.0;0.0;0.0;0.0;;;;0.0;0.0;0;0;0;0;0.0;0;;0.0;;;True;False;;;False
B2200351900000;NUNCA MAIS SEREI A MESMA;2022;Renúncia — Outros Mecanismos;;;;;27920016000179;RJ;DOCUMENTÁRIO;SALAS DE EXIBIÇÃO;Renúncia pura;0.0;1447684.92;1447684.92;1769.32;0.0;0.0;1769.32;;;;0.0;0.0;0;0;0;0;0.0;0;;0.0;;;True;True;0.0012221720179277685;0.0;False
B2200421500000;O AMOR DÁ VOLTAS;2022;Renúncia — Art.3/3-A/39;;;;;07832283000187;RJ;FICÇÃO;SALAS DE EXIBIÇÃO;Renúncia pura;0.0;1030927.14;1030927.14;237049.12;0.0;153542.34;390591.45999999996;11924.0;1916.0;74.0;0.8;4.0;0;0;0;0;4.3;1;baixa;0.0;;;True;True;0.3788739716368316;0.8;True
B2200070900000;O GRANDE IRMÃO - O DIA QUE DUROU 21 ANOS 2;2022;Renúncia — Art.3/3-A/39;;;;;06247686000104;SP;DOCUMENTÁRIO;SALAS DE EXIBIÇÃO;sem inv.;0.0;0.0;0.0;3240.44;0.0;307084.68;310325.12;;;;0.0;0.0;0;0;0;0;3.5;1;baixa;12.0;0.0;0.0;False;False;;;False
B2200130100000;O PONTO FIRME;2022;Renúncia — Art.3/3-A/39;;;;;18913837000197;SP;DOCUMENTÁRIO;SALAS DE EXIBIÇÃO;Renúncia pura;0.0;411274.12;411274.12;0.0;0.0;307084.68;307084.68;;;;0.0;0.0;0;0;0;0;0.0;0;;0.0;;;True;False;;;False
B2200458200000;OTTO: DE TRÁS P/ DIANTE;2022;Renúncia — Art.3/3-A/39;;;;;02367665000163;RJ;DOCUMENTÁRIO;SALAS DE EXIBIÇÃO;Renúncia pura;0.0;678876.49;678876.49;6858.6;0.0;153542.34;160400.94;;;;0.0;0.0;0;0;0;0;0.0;0;;0.0;;;True;True;0.2362741122468389;0.0;False
B2200185400000;PAGANDO CARO - O DIÁRIO DE UMA CRISE ANUNCIADA;2022;Renúncia — Art.3/3-A/39;;;;;03039811000194;SP;DOCUMENTÁRIO;SALAS DE EXIBIÇÃO;Renúncia pura;0.0;778898.36;778898.36;0.0;0.0;0.0;0.0;;;;0.0;0.0;0;0;0;0;3.864;2;media;0.0;;;True;False;;;False
B2200508100000;PERLIMPS;2022;Renúncia — Art.3/3-A/39;;;;;02238621000133;SP;ANIMAÇÃO;SALAS DE EXIBIÇÃO;sem inv.;0.0;0.0;0.0;63953.96;0.0;65803.86;129757.82;3217.0;1750.0;59.0;15.02;0.0;64001;0;0;0;0.0;0;;0.0;;;False;False;;;False
B2200208300000;PERSPECTIVAS;2022;Renúncia — Outros Mecanismos;;;;;12521386000166;SP;DOCUMENTÁRIO;SALAS DE EXIBIÇÃO;Renúncia pura;0.0;109673.1;109673.1;0.0;0.0;0.0;0.0;;;;0.0;0.0;0;0;0;0;0.0;0;;0.0;;;True;False;;;False
B2200178200000;PIRANGA, O HERÓI TACITURNO;2022;Renúncia — Outros Mecanismos;;;;;22791682000130;MG;DOCUMENTÁRIO;SALAS DE EXIBIÇÃO;Renúncia pura;0.0;110525.81;110525.81;0.0;0.0;0.0;0.0;;;;0.0;0.0;0;0;0;0;4.3;1;baixa;0.0;;;True;False;;;False
B2200429300000;PROCURA-SE;2022;Renúncia — Art.3/3-A/39;;;;;24029216000148;RJ;FICÇÃO;SALAS DE EXIBIÇÃO;Renúncia pura;0.0;329019.3;329019.3;39.76;0.0;65803.86;65843.62;;;;0.0;0.0;0;0;0;0;3.7;1;baixa;0.0;;;True;True;0.20012084397480634;0.0;False
B2200361900000;PRONTO, FALEI. E A HISTÓRIA DE COMO ISSO ACONTECEU;2022;Renúncia — Art.3/3-A/39;;;;;02947857000149;SP;FICÇÃO;SALAS DE EXIBIÇÃO;sem inv.;0.0;0.0;0.0;468511.96;0.0;65803.86;534315.8200000001;23567.0;6566.0;165.0;0.0;0.0;0;0;0;0;4.075;1;alta;0.0;;;False;False;;;False
B2200215900000;RAQUEL 1:1;2022;Renúncia — Art.3/3-A/39;;;;;16835137000104;SP;FICÇÃO;SALAS DE EXIBIÇÃO;Renúncia pura;0.0;649315.49;649315.49;24313.24;0.0;65803.86;90117.1;;;;2.7;13.5;0;0;0;0;3.83;1;alta;0.0;;;True;True;0.1387878487235843;2.7;True
B2200154200000;UM BROTO LEGAL;2022;Renúncia — Outros Mecanismos;;;;;54110648000140;SP;FICÇÃO;SALAS DE EXIBIÇÃO;Renúncia pura;0.0;438692.4;438692.4;36082.2;0.0;153542.34;189624.53999999998;1815.0;374.0;15.0;0.0;0.0;0;0;0;0;0.0;0;;0.0;;;True;True;0.43224943035256586;0.0;False
B2300212500000;UM DIA CINCO ESTRELAS;2022;Renúncia — Art.3/3-A/39;;;;;12580503000162;SP;FICÇÃO;SALAS DE EXIBIÇÃO;Renúncia pura;0.0;3256766.94;3256766.94;352889.88;0.0;65803.86;418693.74;;;;0.0;0.0;0;0;0;0;4.123;2;alta;0.0;;;True;True;0.12856116133382267;0.0;False
B2200292800000;VENCER NA VIDA;2022;Renúncia — Outros Mecanismos;;;;;06814372000138;SP;DOCUMENTÁRIO;SALAS DE EXIBIÇÃO;Renúncia pura;0.0;658038.6;658038.6;0.0;0.0;0.0;0.0;;;;0.0;0.0;0;0;0;0;3.2;1;baixa;0.0;;;True;False;;;False
B2200346400000;VOTOS;2022;Renúncia — Art.3/3-A/39;;;;;68593466000181;RJ;DOCUMENTÁRIO;SALAS DE EXIBIÇÃO;Renúncia pura;0.0;164509.65;164509.65;4989.88;0.0;307084.68;312074.56;;;;0.0;0.0;0;0;0;0;0.0;0;;0.0;;;True;True;1.8969985043430584;0.0;False
B2200226900000;WHERE BEAUTY REIGNS;2022;Renúncia — Art.3/3-A/39;;;;;04000017000108;RJ;FICÇÃO;SALAS DE EXIBIÇÃO;sem inv.;0.0;0.0;0.0;0.0;0.0;0.0;0.0;;;;0.0;0.0;0;0;0;0;0.0;0;;0.0;;;False;False;;;False
B2300302500000;A ERA DOS HUMANOS;2023;Renúncia — Outros Mecanismos;;;;;14215563000101;SP;DOCUMENTÁRIO;SALAS DE EXIBIÇÃO;Renúncia pura;0.0;2044185.0;2044185.0;198.8;0.0;0.0;198.8;;;;0.0;0.0;0;0;0;0;4.11;1;media;0.0;;;True;True;9.725147185797764e-05;0.0;False
B2300444900000;A HERANÇA;2023;Renúncia — Art.3/3-A/39;;;;;14440714000125;RJ;FICÇÃO;SALAS DE EXIBIÇÃO;Renúncia pura;0.0;2998012.2;2998012.2;50475.32;0.0;62898.0;113373.32;;;;0.0;0.0;0;0;0;0;3.152;2;alta;0.0;;;True;True;0.0378161636567056;0.0;False
B2300204800000;ALÉM DO APOSENTO;2023;Renúncia — Outros Mecanismos;;;;;07867455000158;SP;DOCUMENTÁRIO;SALAS DE EXIBIÇÃO;Renúncia pura;0.0;524150.0;524150.0;0.0;0.0;0.0;0.0;;;;0.0;0.0;0;0;0;0;4.6;1;baixa;0.0;;;True;False;;;False
B2300526900000;AMO TE IMENSO;2023;Renúncia — Art.3/3-A/39;;;;;26694889000148;RJ;FICÇÃO;SALAS DE EXIBIÇÃO;sem inv.;0.0;0.0;0.0;0.0;0.0;62898.0;62898.0;;;;2.0;0.0;0;2;1;0;4.193;2;media;0.0;;;False;False;;;False
B2300147900000;BEM-VINDA VIOLETA;2023;Renúncia — Art.3/3-A/39;;;;;07570789000165;SP;FICÇÃO;SALAS DE EXIBIÇÃO;sem inv.;0.0;0.0;0.0;91766.08;0.0;293524.0;385290.08;4616.0;558.0;13.0;0.0;0.0;0;0;0;0;3.948;2;media;0.0;;;False;False;;;False
B2300295600000;CAPIVARA - ARTE RUPESTRE NO SUL DO PIAUÍ;2023;Renúncia — Outros Mecanismos;;;;;44154342000131;SP;DOCUMENTÁRIO;SALAS DE EXIBIÇÃO;Renúncia pura;0.0;426658.1;426658.1;0.0;0.0;0.0;0.0;;;;0.0;0.0;0;0;0;0;4.3;1;baixa;1.0;0.0;0.0;True;False;;;False
B2300222400000;DE PAI PARA FILHO;2023;Renúncia — Art.3/3-A/39;;;;;15096101000185;RJ;FICÇÃO;SALAS DE EXIBIÇÃO;Renúncia pura;0.0;1310375.0;1310375.0;0.0;0.0;0.0;0.0;;;;0.0;0.0;0;0;0;0;3.629;1;alta;0.0;;;True;False;;;False
B2300316900000;ELE NÃO SABIA HISTÓRIAS;2023;Renúncia — Art.3/3-A/39;;;;;08345658000147;RJ;FICÇÃO;SALAS DE EXIBIÇÃO;sem inv.;0.0;0.0;0.0;0.0;0.0;0.0;0.0;;;;0.0;0.0;0;0;0;0;0.0;0;;0.0;;;False;False;;;False
B2300396300000;EMPIRION: UMA AVENTURA COM EINSTEIN;2023;Renúncia — Art.3/3-A/39;;;;;07337401000180;SP;FICÇÃO;SALAS DE EXIBIÇÃO;sem inv.;0.0;0.0;0.0;42264.88;0.0;0.0;42264.88;2126.0;391.0;15.0;0.0;0.0;0;0;0;0;4.3;1;baixa;0.0;;;False;False;;;False
B2300312800000;ESTRANHAS COTOVELADAS;2023;Renúncia — Outros Mecanismos;;;;;57312878000180;SP;FICÇÃO;SALAS DE EXIBIÇÃO;Renúncia pura;0.0;524276.15;524276.15;4254.32;0.0;62898.0;67152.32;;;;0.0;0.0;0;0;0;0;0.0;0;;0.0;;;True;True;0.1280857807474172;0.0;False
B2300321400000;EU DEVERIA ESTAR FELIZ;2023;Renúncia — Art.3/3-A/39;;;;;12081251000127;SP;DOCUMENTÁRIO;SALAS DE EXIBIÇÃO;Renúncia pura;0.0;1049453.13;1049453.13;0.0;0.0;62898.0;62898.0;;;;0.0;0.0;0;0;0;0;0.0;0;;0.0;;;True;False;;;False
B2300343000000;EU SOU MARIA;2023;Renúncia — Art.3/3-A/39;;;;;02597024000103;RJ;FICÇÃO;SALAS DE EXIBIÇÃO;Renúncia pura;0.0;447102.57;447102.57;10894.24;0.0;146762.0;157656.24;;;;0.0;0.0;0;0;0;0;4.123;2;media;4.0;1.0;1.0;True;True;0.3526176107643487;0.0;False
B2300375100000;FLAVORS & BRODERS;2023;Renúncia — Art.3/3-A/39;;;;;06945371000122;SP;DOCUMENTÁRIO;SALAS DE EXIBIÇÃO;sem inv.;0.0;0.0;0.0;0.0;0.0;0.0;0.0;;;;0.0;0.0;0;0;0;0;0.0;0;;0.0;;;False;False;;;False
B2300352400000;FLUXO;2023;Renúncia — Art.3/3-A/39;;;;;13110657000153;RJ;FICÇÃO;SALAS DE EXIBIÇÃO;Renúncia pura;0.0;1048300.0;1048300.0;3041.64;0.0;62898.0;65939.64;;;;0.0;0.0;0;0;0;0;0.0;0;;0.0;;;True;True;0.06290149766288276;0.0;False
B2300278000000;FÉRIAS TROCADAS;2023;Renúncia — Art.3/3-A/39;;;;;12580503000162;SP;FICÇÃO;SALAS DE EXIBIÇÃO;Renúncia pura;0.0;4182717.0;4182717.0;2475656.4;0.0;0.0;2475656.4;;;;0.0;0.0;0;0;0;0;3.033;2;alta;38.0;49.0;17.0;True;True;0.5918775762261707;0.0;False
B2300127700000;HEBE AO VIVO;2023;Renúncia — Art.3/3-A/39;;;;;23723437000159;SP;DOCUMENTÁRIO;SALAS DE EXIBIÇÃO;sem inv.;0.0;0.0;0.0;0.0;0.0;0.0;0.0;;;;0.0;0.0;0;0;0;0;0.0;0;;3.0;0.0;0.0;False;False;;;False
B2300148100000;IRACEMAS;2023;Renúncia — Art.3/3-A/39;;;;;05249852000130;RJ;DOCUMENTÁRIO;SALAS DE EXIBIÇÃO;Renúncia pura;0.0;159266.12;159266.12;2544.64;0.0;293524.0;296068.64;128.0;7.0;1.0;0.0;0.0;0;0;0;0;0.0;0;;0.0;;;True;True;1.8589555644351732;0.0;False
B2300037500000;LA SITUACIÓN;2023;Renúncia — Art.3/3-A/39;;;;;10645895000175;RJ;FICÇÃO;SALAS DE EXIBIÇÃO;Renúncia pura;0.0;5888404.35;5888404.35;195798.12;0.0;0.0;195798.12;9849.0;3489.0;122.0;0.0;0.0;0;0;0;0;0.0;0;;0.0;;;True;True;0.033251473295987224;0.0;False
B2300535000000;LEVANTE;2023;Renúncia — Art.3/3-A/39;;;;;09505106000111;RJ;FICÇÃO;SALAS DE EXIBIÇÃO;Renúncia pura;0.0;178211.0;178211.0;60176.76;0.0;62898.0;123074.76000000001;3027.0;306.0;17.0;30.15;36.0;13883;27;9;0;4.261;2;alta;0.0;;;True;True;0.6906125884485246;30.15;True
B2300373000000;LOS DELINCUENTES;2023;FSA Automático Festivais;;;;;13193095000159;SP;FICÇÃO;SALAS DE EXIBIÇÃO;sem inv.;0.0;0.0;0.0;60852.68;0.0;0.0;60852.68;3061.0;295.0;12.0;25.2;76.0;0;40;12;0;0.0;0;;0.0;;;False;False;;;False
B2300531200000;MAMONAS ASSASSINAS O FILME;2023;Renúncia — Art.3/3-A/39;;;;;02863008000107;RJ;FICÇÃO;SALAS DE EXIBIÇÃO;Renúncia pura;0.0;2852678.72;2852678.72;17632327.44;0.0;62898.0;17695225.44;;;;10.29;0.0;1957;0;0;0;3.48;2;alta;0.0;;;True;True;6.203020801445176;10.29;True
B2300519200000;MINHA IRMÃ E EU;2023;Renúncia — Art.3/3-A/39;;;;;12580503000162;SP;FICÇÃO;SALAS DE EXIBIÇÃO;Renúncia pura;0.0;7023610.0;7023610.0;46124979.6;0.0;146762.0;46271741.6;;;;0.9;4.5;0;0;0;0;3.741;2;alta;0.0;;;True;True;6.5880283216180855;0.9;True
B2300038600000;MIRANDA;2023;Renúncia — Art.3/3-A/39;;;;;11265176000191;SP;FICÇÃO;SALAS DE EXIBIÇÃO;Renúncia pura;0.0;3564220.0;3564220.0;0.0;0.0;0.0;0.0;;;;0.0;0.0;0;0;0;0;0.0;0;;0.0;;;True;False;;;False
B2300437800000;NELSON PEREIRA DOS SANTOS - VIDA DE CINEMA;2023;Renúncia — Art.3/3-A/39;;;;;01456361000100;RJ;DOCUMENTÁRIO;SALAS DE EXIBIÇÃO;sem inv.;0.0;0.0;0.0;7375.48;0.0;293524.0;300899.48;;;;0.0;0.0;0;0;0;0;3.2;1;baixa;0.0;;;False;False;;;False
B2300186300000;NINGUÉM SAI VIVO DAQUI;2023;Renúncia — Art.3/3-A/39;;;;;04687576000120;SP;FICÇÃO;SALAS DE EXIBIÇÃO;sem inv.;0.0;0.0;0.0;20237.84;0.0;62898.0;83135.84;;;;0.0;0.0;0;0;0;0;3.43;2;alta;0.0;;;False;False;;;False
B2300126700000;NINGUÉM É DE NINGUÉM;2023;Renúncia — Art.3/3-A/39;;;;;01946155000188;RJ;FICÇÃO;SALAS DE EXIBIÇÃO;Renúncia pura;0.0;3407686.11;3407686.11;2806380.08;0.0;62898.0;2869278.08;;;;0.0;0.0;0;0;0;0;3.683;2;alta;0.0;;;True;True;0.8420018708824095;0.0;False
B2300576500000;NOSSO LAR 2 - OS MENSAGEIROS;2023;Renúncia — Art.3/3-A/39;;;;;01946155000188;RJ;FICÇÃO;SALAS DE EXIBIÇÃO;Renúncia pura;0.0;9350725.73;9350725.73;33111988.84;0.0;0.0;33111988.84;;;;0.0;0.0;0;0;0;0;4.027;2;alta;0.0;;;True;True;3.541114325893077;0.0;False
B2300367700000;NÃO TEM VOLTA;2023;Renúncia — Art.3/3-A/39;;;;;09180984000104;RJ;FICÇÃO;SALAS DE EXIBIÇÃO;sem inv.;0.0;0.0;0.0;390323.92;0.0;0.0;390323.92;;;;0.0;0.0;0;0;0;0;4.353;2;media;1.0;0.0;0.0;False;False;;;False
B2300199800000;O CONTATO;2023;Renúncia — Art.3/3-A/39;;;;;01230968000177;RJ;DOCUMENTÁRIO;SALAS DE EXIBIÇÃO;sem inv.;0.0;0.0;0.0;6938.12;0.0;62898.0;69836.12;349.0;139.0;9.0;0.0;0.0;0;0;0;0;0.0;0;;0.0;;;False;False;;;False
B2300525700000;O GAROTO;2023;Renúncia — Outros Mecanismos;;;;;11326389000186;SP;FICÇÃO;SALAS DE EXIBIÇÃO;Renúncia pura;0.0;761673.63;761673.63;0.0;0.0;0.0;0.0;;;;0.0;0.0;0;0;0;0;3.705;2;alta;0.0;;;True;False;;;False
B2300071700000;O MENSAGEIRO;2023;Renúncia — Art.3/3-A/39;;;;;73947392000174;RJ;FICÇÃO;SALAS DE EXIBIÇÃO;Renúncia pura;0.0;177162.7;177162.7;79321.2;0.0;62898.0;142219.2;;;;0.0;0.0;0;0;0;0;4.4;1;baixa;0.0;;;True;True;0.8027604004680443;0.0;False
B2300043000000;O PAÍS DA PORNOCHANCHADA;2023;Renúncia — Art.3/3-A/39;;;;;72066574000173;RJ;DOCUMENTÁRIO;SALAS DE EXIBIÇÃO;sem inv.;0.0;0.0;0.0;0.0;0.0;62898.0;62898.0;;;;0.0;0.0;0;0;0;0;0.0;0;;0.0;;;False;False;;;False
B2300524600000;O SEQUESTRO DO VOO 375;2023;Renúncia — Art.3/3-A/39;;;;;13029754000116;RJ;FICÇÃO;SALAS DE EXIBIÇÃO;Renúncia pura;0.0;6604290.0;6604290.0;4005959.16;0.0;0.0;4005959.16;;;;1.9;9.5;0;0;0;0;4.218;2;alta;0.0;;;True;True;0.6065692390855035;1.9;True
B2300527900000;O SOCORRO NÃO VIRÁ;2023;Renúncia — Art.3/3-A/39;;;;;04852671000131;DF;FICÇÃO;SALAS DE EXIBIÇÃO;sem inv.;0.0;0.0;0.0;218.68;0.0;0.0;218.68;11.0;5.0;1.0;0.0;0.0;0;0;0;0;3.765;2;alta;0.0;;;False;False;;;False
B2300230600000;OS AVENTUREIROS - A ORIGEM;2023;Renúncia — Art.3/3-A/39;;;;;28485087000153;RJ;FICÇÃO;SALAS DE EXIBIÇÃO;Renúncia pura;0.0;3144900.0;3144900.0;8604739.92;0.0;62898.0;8667637.92;;;;12.77;0.0;12199;0;0;0;4.355;2;alta;0.0;;;True;True;2.756093332061433;12.77;True
B2300343300000;PEDÁGIO;2023;Renúncia — Art.3/3-A/39;;;;;07570789000165;SP;FICÇÃO;SALAS DE EXIBIÇÃO;Renúncia pura;0.0;3165866.0;3165866.0;229236.28;0.0;146762.0;375998.28;;;;30.27;82.5;1332;2;2;0;0.0;0;;0.0;;;True;True;0.11876632807579349;30.27;True
B2300255800000;PERDIDA;2023;Renúncia — Art.3/3-A/39;;;;;09416289000107;SP;FICÇÃO;SALAS DE EXIBIÇÃO;Renúncia pura;0.0;9434700.0;9434700.0;1921958.64;0.0;0.0;1921958.64;;;;0.0;0.0;0;0;0;0;3.803;2;alta;0.0;;;True;True;0.20371168558618716;0.0;False
B2300212300000;QUANTOS DIAS. QUANTAS NOITES;2023;Renúncia — Art.3/3-A/39;;;;;12396390000140;SP;DOCUMENTÁRIO;SALAS DE EXIBIÇÃO;sem inv.;0.0;0.0;0.0;35346.64;0.0;125796.0;161142.64;;;;0.0;0.0;0;0;0;0;3.88;1;media;0.0;;;False;False;;;False
B2300460400000;RAONI - UMA AMIZADE IMPROVAVEL;2023;Renúncia — Art.3/3-A/39;;;;;07060648000100;RJ;DOCUMENTÁRIO;SALAS DE EXIBIÇÃO;Renúncia pura;0.0;219618.85;219618.85;2007.88;0.0;293524.0;295531.88;;;;0.0;0.0;0;0;0;0;0.0;0;;0.0;;;True;True;1.3456580798961473;0.0;False
B2300327500000;RETRATOS FANTASMAS;2023;FSA Automático Festivais;;;;;08587501000128;PE;DOCUMENTÁRIO;SALAS DE EXIBIÇÃO;sem inv.;0.0;0.0;0.0;1436349.88;0.0;0.0;1436349.88;72251.0;3142.0;47.0;22.85;51.0;11146;0;0;0;0.0;0;;0.0;;;False;False;;;False
B2300295700000;REVOLTA DOS MALÊS;2023;Renúncia — Outros Mecanismos;;;;;04661796000184;RJ;FICÇÃO;SALAS DE EXIBIÇÃO;Renúncia pura;0.0;366905.0;366905.0;12504.52;0.0;62898.0;75402.52;;;;0.0;0.0;0;0;0;0;3.98;2;alta;0.0;;;True;True;0.20550965508782928;0.0;False
B2300131900000;RIO DA DÚVIDA;2023;Renúncia — Outros Mecanismos;;;;;29055209000134;RJ;DOCUMENTÁRIO;SALAS DE EXIBIÇÃO;Renúncia pura;0.0;4193200.0;4193200.0;0.0;0.0;0.0;0.0;;;;0.0;0.0;0;0;0;0;3.959;2;alta;0.0;;;True;False;;;False
B2300337300000;ROBERTO FARIAS:  MEMÓRIAS DE UM CINEASTA;2023;Renúncia — Art.3/3-A/39;;;;;06130502000113;RJ;DOCUMENTÁRIO;SALAS DE EXIBIÇÃO;sem inv.;0.0;0.0;0.0;1590.4;0.0;293524.0;295114.4;;;;0.0;0.0;0;0;0;0;3.853;2;media;0.0;;;False;False;;;False
B2300320300000;SAFO;2023;Renúncia — Art.3/3-A/39;;;;;09047640000121;SP;ANIMAÇÃO;SALAS DE EXIBIÇÃO;Renúncia pura;0.0;209660.0;209660.0;0.0;0.0;0.0;0.0;;;;0.0;0.0;0;0;0;0;0.0;0;;0.0;;;True;False;;;False
B2300490400000;SANTINO;2023;Renúncia — Art.3/3-A/39;;;;;04255207000168;MG;DOCUMENTÁRIO;SALAS DE EXIBIÇÃO;Renúncia pura;0.0;293524.0;293524.0;6202.56;0.0;0.0;6202.56;312.0;56.0;8.0;0.0;0.0;0;0;0;0;0.0;0;;0.0;;;True;True;0.021131355527997712;0.0;False
B2300564700000;SOCIEDADES DIGITAIS;2023;Renúncia — Art.3/3-A/39;;;;;07234440000152;SP;DOCUMENTÁRIO;SALAS DE EXIBIÇÃO;sem inv.;0.0;0.0;0.0;0.0;0.0;83864.0;83864.0;;;;0.0;0.0;0;0;0;0;0.0;0;;0.0;;;False;False;;;False
B2300364700000;STAND UP MINHA VIDA É UMA PIADA;2023;Renúncia — Art.3/3-A/39;;;;;02736672000195;SP;FICÇÃO;SALAS DE EXIBIÇÃO;sem inv.;0.0;0.0;0.0;2822.96;0.0;62898.0;65720.96;;;;0.0;0.0;0;0;0;0;3.2;1;baixa;0.0;;;False;False;;;False
B2300170000000;TECA E TUTI: UMA NOITE NA BIBLIOTECA;2023;Renúncia — Outros Mecanismos;;;;;05738800000128;SP;ANIMAÇÃO;SALAS DE EXIBIÇÃO;Renúncia pura;0.0;1865974.0;1865974.0;175938.0;0.0;209660.0;385598.0;;;;0.0;0.0;0;0;0;0;4.013;2;media;0.0;;;True;True;0.20664703795444095;0.0;False
B2300176900000;TEMPO RUY;2023;Renúncia — Art.3/3-A/39;;;;;12427430000173;RJ;DOCUMENTÁRIO;SALAS DE EXIBIÇÃO;sem inv.;0.0;0.0;0.0;0.0;0.0;62898.0;62898.0;;;;0.0;0.0;0;0;0;0;3.648;2;alta;14.0;5.0;3.0;False;False;;;False
B2300190300000;TODO DIA É DIA DE FEIRA;2023;Renúncia — Art.3/3-A/39;;;;;00538914000100;RJ;DOCUMENTÁRIO;SALAS DE EXIBIÇÃO;Renúncia pura;0.0;370070.87;370070.87;218.68;0.0;0.0;218.68;11.0;14.0;2.0;0.0;0.0;0;0;0;0;4.0;1;baixa;0.0;;;True;True;0.0005909138430701125;0.0;False
B2300346100000;TRÊS REIS;2023;Renúncia — Art.3/3-A/39;;;;;17831177000132;SP;FICÇÃO;SALAS DE EXIBIÇÃO;sem inv.;0.0;0.0;0.0;12007.52;0.0;0.0;12007.52;;;;0.0;0.0;0;0;0;0;3.745;2;alta;0.0;;;False;False;;;False
B2300408000000;TÁ ESCRITO;2023;Renúncia — Art.3/3-A/39;;;;;12580503000162;SP;FICÇÃO;SALAS DE EXIBIÇÃO;Renúncia pura;0.0;3755897.14;3755897.14;1108250.36;0.0;146762.0;1255012.36;;;;0.0;0.0;0;0;0;0;0.0;0;;0.0;;;True;True;0.3341444968325198;0.0;False
B2300388100000;UM CERTO WILSON;2023;Renúncia — Art.3/3-A/39;;;;;01369211000169;RJ;DOCUMENTÁRIO;SALAS DE EXIBIÇÃO;Renúncia pura;0.0;314490.0;314490.0;2007.88;0.0;0.0;2007.88;;;;0.0;0.0;0;0;0;0;3.8;1;media;0.0;;;True;True;0.0063845591274762315;0.0;False
B1600107600000;EM NOME DA LEI;2015;FSA SAV/MINC / Arranjos Regionais;Arranjos Regionais;ARRANJOS REGIONAIS;False;False;42473256000166;RJ;FICÇÃO;SALAS DE EXIBIÇÃO;Misto FSA+Renúncia;2895493.51;395136.0;3290629.51;4598701.24;0.0;324011.52;4922712.76;231323.0;180.0;27.0;0.0;0.0;0;0;0;0;4.3;1;baixa;0.0;;;True;True;1.4959790353305378;0.0;False
B1600064700000;ESPAÇO ALÉM - MARINA ABRAMOVIC E O BRASIL;2015;FSA SAV/MINC / Arranjos Regionais;Arranjos Regionais;ARRANJOS REGIONAIS;False;False;06228927000160;SP;DOCUMENTÁRIO;SALAS DE EXIBIÇÃO;Misto FSA+Renúncia;89220.66;237081.6;326302.26;401953.72;0.0;189665.28;591619.0;20219.0;56.0;5.0;0.0;0.0;0;0;0;0;3.4;1;baixa;0.0;;;True;True;1.813101141254737;0.0;False
B1600416100000;MÃE SÓ HÁ UMA;2015;FSA SAV/MINC / Arranjos Regionais;Arranjos Regionais;ARRANJOS REGIONAIS;False;False;64047665000133;SP;FICÇÃO;SALAS DE EXIBIÇÃO;Misto FSA+Renúncia;216660.15;6290565.12;6507225.2700000005;674488.64;0.0;671731.2;1346219.8399999999;33928.0;699.0;18.0;13.91;0.0;28144;0;0;0;3.5;1;baixa;0.0;;;True;True;0.20688078007786562;13.91;True
B1600227000000;O CASEIRO;2015;FSA SAV/MINC / Arranjos Regionais;Arranjos Regionais;ARRANJOS REGIONAIS;False;False;53976478000118;SP;FICÇÃO;SALAS DE EXIBIÇÃO;Misto FSA+Renúncia;395136.0;3319142.4;3714278.4;263310.6;0.0;94832.64;358143.24;13245.0;20.0;6.0;0.0;0.0;0;0;0;0;3.4;1;baixa;0.0;;;True;True;0.09642336987986684;0.0;False
B1600756100000;A CIDADE DO FUTURO;2016;FSA SAV/MINC / Arranjos Regionais;Arranjos Regionais;ARRANJOS REGIONAIS;False;False;00845658000102;BA;FICÇÃO;SALAS DE EXIBIÇÃO;Misto FSA+Renúncia;297402.2;102603.76;400005.96;234305.68;0.0;208181.54;442487.22;11786.0;642.0;11.0;0.0;0.0;0;0;0;0;4.062;2;media;1.0;0.0;0.0;True;True;1.1062015675966428;0.0;False
B1600630700000;A FINADA MÃE DA MADAME;2016;FSA SAV/MINC / Arranjos Regionais;Arranjos Regionais;ARRANJOS REGIONAIS;False;False;09124563000166;BA;FICÇÃO;SALAS DE EXIBIÇÃO;Misto FSA+Renúncia;793072.04;5918303.78;6711375.82;9164.68;0.0;208181.54;217346.22;461.0;69.0;1.0;0.0;0.0;0;0;0;0;3.5;1;baixa;0.0;;;True;True;0.03238474879506897;0.0;False
B1700013000000;CAFÉ COM CANELA;2016;FSA SAV/MINC / Arranjos Regionais;Arranjos Regionais;ARRANJOS REGIONAIS;False;False;13650474000120;BA;FICÇÃO;RADIODIFUSÃO DE SONS E IMAGENS (TV ABERTA);FSA puro;791267.3;0.0;791267.3;209197.24;0.0;297402.2;506599.44;10523.0;622.0;18.0;0.0;0.0;0;0;0;0;3.7;1;baixa;36.0;14.0;5.0;True;True;0.640238058618118;0.0;False
B1700422600000;CHOCANTE;2016;FSA SAV/MINC / Arranjos Regionais;Arranjos Regionais;ARRANJOS REGIONAIS;False;False;09558964000124;RJ;FICÇÃO;SALAS DE EXIBIÇÃO;Misto FSA+Renúncia;728509.93;4775612.97;5504122.899999999;3149548.64;0.0;215616.6;3365165.24;158428.0;16526.0;191.0;0.0;0.0;0;0;0;0;0.0;0;;0.0;;;True;True;0.6113899164569891;0.0;False
B1600651600000;CURUMIM, O HOMEM QUE QUERIA VOAR;2016;FSA SAV/MINC / Arranjos Regionais;Arranjos Regionais;ARRANJOS REGIONAIS;False;False;01803185000135;RJ;DOCUMENTÁRIO;SALAS DE EXIBIÇÃO;Misto FSA+Renúncia;148701.1;997799.25;1146500.35;46479.44;0.0;89220.66;135700.1;2338.0;214.0;7.0;0.0;0.0;0;0;0;0;3.9;1;baixa;0.0;;;True;True;0.11836027786646554;0.0;False
B1600714000000;O ÚLTIMO TRAGO;2016;FSA SAV/MINC / Arranjos Regionais;Arranjos Regionais;ARRANJOS REGIONAIS;False;True;08254467000170;CE;FICÇÃO;SALAS DE EXIBIÇÃO;FSA puro;1344743.39;0.0;1344743.39;9462.88;0.0;0.0;9462.88;476.0;99.0;9.0;0.0;0.0;0;0;0;0;4.6;1;baixa;0.0;;;True;True;0.007036941077657947;0.0;False
B1600547800000;RIFLE;2016;FSA SAV/MINC / Arranjos Regionais;Arranjos Regionais;ARRANJOS REGIONAIS;False;True;10468552000182;RS;FICÇÃO;SALAS DE EXIBIÇÃO;FSA puro;641314.04;0.0;641314.04;40594.96;0.0;208181.54;248776.5;2042.0;188.0;17.0;9.4;37.0;0;1;1;0;0.0;0;;14.0;7.0;3.0;True;True;0.38791681529379896;9.4;True
B1700605000000;A MOÇA DO CALENDÁRIO;2017;FSA SAV/MINC / Arranjos Regionais;Arranjos Regionais;ARRANJOS REGIONAIS;False;True;04760800000161;SP;FICÇÃO;SALAS DE EXIBIÇÃO;FSA puro;1033472.65;0.0;1033472.65;53994.08;0.0;86664.06;140658.14;2716.0;291.0;12.0;4.1;20.5;0;0;0;0;0.0;0;;0.0;;;True;True;0.13610243096418662;4.1;True
B1800115300000;A VIDA EXTRA-ORDINÁRIA DE TARSO DE CASTRO;2017;FSA SAV/MINC / Arranjos Regionais;Arranjos Regionais;ARRANJOS REGIONAIS;False;False;11384969000120;RS;DOCUMENTÁRIO;SALAS DE EXIBIÇÃO;FSA puro;216660.15;0.0;216660.15;28090.44;0.0;519984.36;548074.7999999999;1413.0;73.0;9.0;0.0;0.0;0;0;0;0;3.2;1;baixa;0.0;;;True;True;2.529652084151146;0.0;False
B1800077200000;JEITOSINHA;2017;FSA SAV/MINC / Arranjos Regionais;Arranjos Regionais;ARRANJOS REGIONAIS;False;False;16820127000197;DF;FICÇÃO;SALAS DE EXIBIÇÃO;Misto FSA+Renúncia;250037.21;10255.25;260292.46;0.0;0.0;86664.06;86664.06;;;;0.0;0.0;0;0;0;0;0.0;0;;0.0;;;True;False;;;False
B1700104400000;O CLUBE DOS CANIBAIS;2017;FSA SAV/MINC / Arranjos Regionais;Arranjos Regionais;ARRANJOS REGIONAIS;False;True;16894643000166;CE;FICÇÃO;SALAS DE EXIBIÇÃO;FSA puro;1172508.17;0.0;1172508.17;39163.6;0.0;86664.06;125827.66;1970.0;194.0;15.0;0.0;0.0;0;0;0;0;3.445;2;alta;0.0;;;True;True;0.10731495372010927;0.0;False
B1700424500000;YONLU;2017;FSA SAV/MINC / Arranjos Regionais;Arranjos Regionais;ARRANJOS REGIONAIS;False;True;11907529000100;RS;FICÇÃO;SALAS DE EXIBIÇÃO;FSA puro;1189608.8;0.0;1189608.8;157171.28;0.0;86664.06;243835.34;7906.0;813.0;19.0;2.4;12.0;0;0;0;0;0.0;0;;0.0;;;True;True;0.2049710291315935;2.4;True
B1800307800000;1798 REVOLTA DOS BÚZIOS;2018;FSA SAV/MINC / Arranjos Regionais;Arranjos Regionais;ARRANJOS REGIONAIS;False;False;63190623000194;BA;DOCUMENTÁRIO;COMUNICAÇÃO ELETRÔNICA DE MASSA POR ASSINATURA (TV PAGA);FSA puro;297402.2;0.0;297402.2;137052.72;0.0;194907.16;331959.88;6894.0;257.0;14.0;0.0;0.0;0;0;0;0;0.0;0;;3.0;39.0;37.0;True;True;1.116198467933324;0.0;False
B1900117400000;A COLMEIA;2018;FSA SAV/MINC / Arranjos Regionais;Arranjos Regionais;ARRANJOS REGIONAIS;False;True;13622499000110;RS;FICÇÃO;SALAS DE EXIBIÇÃO;FSA puro;582908.31;0.0;582908.31;15526.28;0.0;83531.64;99057.92;781.0;131.0;10.0;0.0;0.0;0;0;0;0;0.0;0;;0.0;;;True;True;0.1699373954713392;0.0;False
B1900034500000;ALASKA;2018;FSA SAV/MINC / Arranjos Regionais;Arranjos Regionais;ARRANJOS REGIONAIS;False;True;17942221000181;GO;FICÇÃO;SALAS DE EXIBIÇÃO;FSA puro;526945.43;0.0;526945.43;42602.84;0.0;83531.64;126134.48;2143.0;204.0;19.0;0.0;0.0;0;0;0;0;0.0;0;;0.0;;;True;True;0.23936915061584269;0.0;False
B1800141000000;AZOUGUE NAZARÉ;2018;FSA SAV/MINC / Arranjos Regionais;Arranjos Regionais;ARRANJOS REGIONAIS;False;True;14595634000149;PE;FICÇÃO;SALAS DE EXIBIÇÃO;FSA puro;570971.72;0.0;570971.72;97034.28;0.0;83531.64;180565.91999999998;4881.0;190.0;15.0;0.0;0.0;0;0;0;0;0.0;0;;0.0;;;True;True;0.31624319327058786;0.0;False
B1800494000000;BEIÇO DE ESTRADA;2018;FSA SAV/MINC / Arranjos Regionais;Arranjos Regionais;ARRANJOS REGIONAIS;False;False;03576269000109;PB;FICÇÃO;SALAS DE EXIBIÇÃO;Misto FSA+Renúncia;743505.5;5568776.0;6312281.5;417.48;0.0;0.0;417.48;21.0;2.0;1.0;0.0;0.0;0;0;0;0;3.6;1;baixa;1.0;0.0;0.0;True;True;6.613773482694015e-05;0.0;False
B1800449500000;EU, UM OUTRO;2018;FSA SAV/MINC / Arranjos Regionais;Arranjos Regionais;ARRANJOS REGIONAIS;False;False;02825596000194;MG;FICÇÃO;SALAS DE EXIBIÇÃO;FSA puro;669154.95;0.0;669154.95;10993.64;0.0;83531.64;94525.28;553.0;51.0;7.0;0.0;0.0;0;0;0;0;3.983;1;media;0.0;;;True;True;0.1412606751246479;0.0;False
B1800335300000;FRANS KRAJCBERG: MANIFESTO;2018;FSA SAV/MINC / Arranjos Regionais;Arranjos Regionais;ARRANJOS REGIONAIS;False;True;60636537000174;SP;DOCUMENTÁRIO;SALAS DE EXIBIÇÃO;Misto FSA+Renúncia;285399.77;355009.47;640409.24;34094.2;0.0;83531.64;117625.84;1715.0;179.0;8.0;0.0;0.0;0;0;0;0;0.0;0;;0.0;;;True;True;0.1836729276423307;0.0;False
B1800255500000;ILHA;2018;FSA SAV/MINC / Arranjos Regionais;Arranjos Regionais;ARRANJOS REGIONAIS;False;False;13650474000120;BA;FICÇÃO;SALAS DE EXIBIÇÃO;Misto FSA+Renúncia;766630.27;7515185.4;8281815.67;2604.28;0.0;83531.64;86135.92;131.0;20.0;4.0;0.0;0.0;0;0;0;0;4.423;2;alta;36.0;14.0;5.0;True;True;0.01040060820382881;0.0;False
B1800168300000;INFERNINHO;2018;FSA SAV/MINC / Arranjos Regionais;Arranjos Regionais;ARRANJOS REGIONAIS;False;False;08254467000170;CE;FICÇÃO;SALAS DE EXIBIÇÃO;FSA puro;123640.73;0.0;123640.73;74848.2;0.0;194907.16;269755.36;3765.0;389.0;18.0;0.0;0.0;0;0;0;0;0.0;0;;0.0;;;True;True;2.181767771833764;0.0;False
B1800287700000;LUNA;2018;FSA SAV/MINC / Arranjos Regionais;Arranjos Regionais;ARRANJOS REGIONAIS;False;True;12751837000151;MG;FICÇÃO;SALAS DE EXIBIÇÃO;Misto FSA+Renúncia;951687.04;5559726.74;6511413.78;20237.84;0.0;83531.64;103769.48;1018.0;191.0;10.0;0.0;0.0;0;0;0;0;0.0;0;;0.0;;;True;True;0.01593655133985357;0.0;False
B1800610400000;MIRANTE;2018;FSA SAV/MINC / Arranjos Regionais;Arranjos Regionais;ARRANJOS REGIONAIS;False;True;13254763000100;RS;DOCUMENTÁRIO;SALAS DE EXIBIÇÃO;FSA puro;370815.93;0.0;370815.93;10794.84;0.0;0.0;10794.84;543.0;28.0;2.0;0.0;0.0;0;0;0;0;0.0;0;;0.0;;;True;True;0.029111047090129058;0.0;False
B1800440700000;O BARCO;2018;FSA SAV/MINC / Arranjos Regionais;Arranjos Regionais;ARRANJOS REGIONAIS;False;True;04614433000198;CE;FICÇÃO;SALAS DE EXIBIÇÃO;FSA puro;1021080.89;0.0;1021080.89;21490.28;0.0;0.0;21490.28;1081.0;156.0;7.0;0.8;4.0;0;0;0;0;0.0;0;;0.0;;;True;True;0.021046598962399538;0.8;True
B1800235200000;ONDE QUER QUE VOCÊ ESTEJA;2018;FSA SAV/MINC / Arranjos Regionais;Arranjos Regionais;ARRANJOS REGIONAIS;False;True;04315795000188;SP;FICÇÃO;SALAS DE EXIBIÇÃO;FSA puro;371752.75;0.0;371752.75;10218.32;0.0;83531.64;93749.95999999999;514.0;110.0;14.0;0.0;0.0;0;0;0;0;0.0;0;;0.0;;;True;True;0.2521836354942902;0.0;False
B1800466100000;TEMPORADA;2018;FSA SAV/MINC / Arranjos Regionais;Arranjos Regionais;ARRANJOS REGIONAIS;False;False;17456554000109;MG;FICÇÃO;SALAS DE EXIBIÇÃO;Misto FSA+Renúncia;669154.95;13982762.31;14651917.26;149259.04;0.0;194907.16;344166.2;7508.0;298.0;24.0;20.14;48.0;2353;0;0;0;3.213;2;alta;0.0;;;True;True;0.023489499284819196;20.14;True
B1800454800000;XADALU E O JAGUARETÊ;2018;FSA SAV/MINC / Arranjos Regionais;Arranjos Regionais;ARRANJOS REGIONAIS;False;False;12325821000187;RS;DOCUMENTÁRIO;SALAS DE EXIBIÇÃO;FSA puro;223051.65;0.0;223051.65;0.0;0.0;0.0;0.0;;;;0.0;0.0;0;0;0;0;3.4;1;baixa;0.0;;;True;False;;;False
B1900471700000;A ARTE URBANA;2019;FSA SAV/MINC / Arranjos Regionais;Arranjos Regionais;ARRANJOS REGIONAIS;False;False;12573633000178;RJ;DOCUMENTÁRIO;SALAS DE EXIBIÇÃO;FSA puro;136524.78;0.0;136524.78;1013.88;0.0;0.0;1013.88;51.0;21.0;3.0;0.0;0.0;0;0;0;0;3.88;1;media;5.0;2.0;1.0;True;True;0.007426344140602168;0.0;False
B1900494600000;A BATALHA DE SHANGRI-LÁ;2019;FSA SAV/MINC / Arranjos Regionais;Arranjos Regionais;ARRANJOS REGIONAIS;True;False;19716946000187;MT;FICÇÃO;SALAS DE EXIBIÇÃO;Misto FSA+Renúncia;1875581.16;2509179.6;4384760.76;2822.96;0.0;0.0;2822.96;142.0;49.0;5.0;0.0;0.0;0;0;0;0;3.965;2;media;2.0;0.0;0.0;True;True;0.000643811636373064;0.0;False
B1900611200000;A CIDADE DOS ABISMOS;2019;FSA SAV/MINC / Arranjos Regionais;Arranjos Regionais;ARRANJOS REGIONAIS;False;False;17822593000174;SP;FICÇÃO;SALAS DE EXIBIÇÃO;Misto FSA+Renúncia;208829.1;92092.23;300921.33;18607.68;0.0;0.0;18607.68;936.0;75.0;5.0;0.0;0.0;0;0;0;0;3.5;1;baixa;0.0;;;True;True;0.061835696392808046;0.0;False
B1900249100000;A NOITE AMARELA;2019;FSA SAV/MINC / Arranjos Regionais;Arranjos Regionais;ARRANJOS REGIONAIS;True;False;19099086000180;PB;FICÇÃO;SALAS DE EXIBIÇÃO;FSA puro;957098.57;0.0;957098.57;36261.12;0.0;106773.6;143034.72;1824.0;168.0;20.0;0.0;0.0;0;0;0;0;3.2;1;baixa;0.0;;;True;True;0.14944617459829662;0.0;False
B1900347600000;AMBIENTE FAMILIAR;2019;FSA SAV/MINC / Arranjos Regionais;Arranjos Regionais;ARRANJOS REGIONAIS;False;False;13124984000164;PB;FICÇÃO;SALAS DE EXIBIÇÃO;FSA puro;481467.0;0.0;481467.0;14472.64;0.0;186853.8;201326.44;728.0;222.0;20.0;0.0;0.0;0;0;0;0;0.0;0;;0.0;;;True;True;0.41815210595949465;0.0;False
B1900223700000;BAIXO CENTRO;2019;FSA SAV/MINC / Arranjos Regionais;Arranjos Regionais;ARRANJOS REGIONAIS;False;False;08287614000108;MG;FICÇÃO;SALAS DE EXIBIÇÃO;FSA puro;669154.95;0.0;669154.95;5248.32;0.0;106773.6;112021.92000000001;264.0;28.0;6.0;0.0;0.0;0;0;0;0;0.0;0;;0.0;;;True;True;0.16740804203869375;0.0;False
B1900498800000;BATE CORAÇÃO;2019;FSA SAV/MINC / Arranjos Regionais;Arranjos Regionais;ARRANJOS REGIONAIS;True;False;00975333000136;CE;FICÇÃO;SALAS DE EXIBIÇÃO;Misto FSA+Renúncia;2201691.7;1324597.86;3526289.5600000005;118107.08;0.0;80080.2;198187.28;5941.0;1550.0;27.0;0.0;0.0;0;0;0;0;3.4;1;baixa;0.0;;;True;True;0.056202781033103805;0.0;False
B1900045700000;BECO;2019;FSA SAV/MINC / Arranjos Regionais;Arranjos Regionais;ARRANJOS REGIONAIS;False;False;06905794000119;PE;DOCUMENTÁRIO;SALAS DE EXIBIÇÃO;FSA puro;209218.91;0.0;209218.91;0.0;0.0;106773.6;106773.6;;;;0.0;0.0;0;0;0;0;4.027;2;alta;15.0;18.0;15.0;True;False;;;False
B1900504800000;BRASÍLIA, A HISTÓRIA DA HISTÓRIA;2019;FSA SAV/MINC / Arranjos Regionais;Arranjos Regionais;ARRANJOS REGIONAIS;False;False;18641448000150;GO;DOCUMENTÁRIO;SALAS DE EXIBIÇÃO;Misto FSA+Renúncia;556877.6;521141.92;1078019.52;0.0;0.0;0.0;0.0;;;;0.0;0.0;0;0;0;0;4.175;2;media;0.0;;;True;False;;;False
B1900561100000;CAPITÃO ASTÚCIA;2019;FSA SAV/MINC / Arranjos Regionais;Arranjos Regionais;ARRANJOS REGIONAIS;False;False;09137251000197;DF;FICÇÃO;SALAS DE EXIBIÇÃO;Misto FSA+Renúncia;2885201.11;1111780.11;3996981.22;0.0;0.0;106773.6;106773.6;;;;0.0;0.0;0;0;0;0;0.0;0;;0.0;;;True;False;;;False
B1900583200000;CIDADE PÁSSARO;2019;FSA SAV/MINC / Arranjos Regionais;Arranjos Regionais;ARRANJOS REGIONAIS;False;False;06137016000127;SP;FICÇÃO;SALAS DE EXIBIÇÃO;Misto FSA+Renúncia;941513.82;1287956.55;2229470.37;4214.56;0.0;80080.2;84294.76;212.0;105.0;3.0;2.4;12.0;0;0;0;0;0.0;0;;0.0;;;True;True;0.03780932060559297;2.4;True
B1900308000000;CURTAS JORNADAS NOITE ADENTRO;2019;FSA SAV/MINC / Arranjos Regionais;Arranjos Regionais;ARRANJOS REGIONAIS;False;True;06071600000127;SP;FICÇÃO;SALAS DE EXIBIÇÃO;FSA puro;348048.5;0.0;348048.5;9582.16;0.0;0.0;9582.16;482.0;115.0;12.0;0.0;0.0;0;0;0;0;0.0;0;;0.0;;;True;True;0.027531105578676534;0.0;False
B1900379100000;DEPOIS DE SER CINZA;2019;FSA SAV/MINC / Arranjos Regionais;Arranjos Regionais;ARRANJOS REGIONAIS;True;True;08681701000145;RS;FICÇÃO;SALAS DE EXIBIÇÃO;FSA puro;1437839.72;0.0;1437839.72;17534.16;0.0;80080.2;97614.36;882.0;88.0;6.0;0.0;0.0;0;0;0;0;0.0;0;;0.0;;;True;True;0.06788959759715081;0.0;False
B1900298300000;DESTINO DAS SOMBRAS;2019;FSA SAV/MINC / Arranjos Regionais;Arranjos Regionais;ARRANJOS REGIONAIS;True;False;18589962000193;ES;FICÇÃO;SALAS DE EXIBIÇÃO;FSA puro;919285.01;0.0;919285.01;2286.2;0.0;0.0;2286.2;115.0;32.0;4.0;0.0;0.0;0;0;0;0;3.83;2;media;0.0;;;True;True;0.002486932752226646;0.0;False
B2000230900000;DESVIO;2019;FSA SAV/MINC / Arranjos Regionais;Arranjos Regionais;ARRANJOS REGIONAIS;False;False;07521590000147;PB;FICÇÃO;SALAS DE EXIBIÇÃO;FSA puro;722200.5;0.0;722200.5;1590.4;0.0;186853.8;188444.19999999998;80.0;51.0;4.0;0.0;0.0;0;0;0;0;0.0;0;;1.0;0.0;0.0;True;True;0.26093058645071554;0.0;False
B1900090000000;DISFORIA;2019;FSA SAV/MINC / Arranjos Regionais;Arranjos Regionais;ARRANJOS REGIONAIS;False;True;12837401000180;RS;FICÇÃO;SALAS DE EXIBIÇÃO;FSA puro;722200.5;0.0;722200.5;7455.0;0.0;80080.2;87535.2;375.0;137.0;12.0;0.0;0.0;0;0;0;0;0.0;0;;0.0;;;True;True;0.12120623012584456;0.0;False
B1900205100000;FOTOGRAFAÇÃO;2019;FSA SAV/MINC / Arranjos Regionais;Arranjos Regionais;ARRANJOS REGIONAIS;False;False;52858982000150;SP;DOCUMENTÁRIO;SALAS DE EXIBIÇÃO;Misto FSA+Renúncia;208829.1;500501.25;709330.35;10755.08;0.0;347014.2;357769.28;541.0;68.0;5.0;0.4;2.0;0;0;0;0;0.0;0;;0.0;;;True;True;0.5043761062810862;0.4;True
B1900461300000;O HOMEM CORDIAL;2019;FSA SAV/MINC / Arranjos Regionais;Arranjos Regionais;ARRANJOS REGIONAIS;False;True;14520885000164;DF;FICÇÃO;SALAS DE EXIBIÇÃO;FSA puro;3090496.0;0.0;3090496.0;111546.68;0.0;80080.2;191626.88;5611.0;717.0;14.0;0.0;0.0;0;0;0;0;3.707;2;media;0.0;;;True;True;0.062005218579800785;0.0;False
B1900179300000;OLHOS DE FOGO;2019;FSA SAV/MINC / Arranjos Regionais;Arranjos Regionais;ARRANJOS REGIONAIS;False;False;21624748000135;SE;FICÇÃO;SALAS DE EXIBIÇÃO;FSA puro;48146.7;0.0;48146.7;0.0;0.0;0.0;0.0;;;;0.0;0.0;0;0;0;0;3.993;2;media;0.0;;;True;False;;;False
B1900421600000;OS BRAVOS NUNCA SE CALAM;2019;FSA SAV/MINC / Arranjos Regionais;Arranjos Regionais;ARRANJOS REGIONAIS;False;True;11862908000120;RS;FICÇÃO;SALAS DE EXIBIÇÃO;FSA puro;722200.5;0.0;722200.5;8647.8;0.0;0.0;8647.8;435.0;117.0;17.0;0.0;0.0;0;0;0;0;0.0;0;;0.0;;;True;True;0.01197423707128422;0.0;False
B1900350600000;PARQUE OESTE;2019;FSA SAV/MINC / Arranjos Regionais;Arranjos Regionais;ARRANJOS REGIONAIS;False;False;21868012000102;GO;DOCUMENTÁRIO;OUTROS MERCADOS;FSA puro;278438.8;0.0;278438.8;2624.16;0.0;80080.2;82704.36;132.0;;;0.0;0.0;0;0;0;0;0.0;0;;2.0;0.0;0.0;True;True;0.29702886235682674;0.0;False
B1900507200000;QUERÊNCIA;2019;FSA SAV/MINC / Arranjos Regionais;Arranjos Regionais;ARRANJOS REGIONAIS;False;False;11966450000150;MG;FICÇÃO;SALAS DE EXIBIÇÃO;Misto FSA+Renúncia;1040907.7;453787.8;1494695.5;1491.0;0.0;0.0;1491.0;75.0;106.0;5.0;5.2;26.0;0;0;0;0;0.0;0;;0.0;;;True;True;0.000997527590067676;5.2;True
B1900336500000;SEU AMOR DE VOLTA (MESMO QUE ELE NÃO QUEIRA);2019;FSA SAV/MINC / Arranjos Regionais;Arranjos Regionais;ARRANJOS REGIONAIS;False;False;13124984000164;PB;DOCUMENTÁRIO;RADIODIFUSÃO DE SONS E IMAGENS (TV ABERTA);Misto FSA+Renúncia;216660.15;1254589.8;1471249.95;8031.52;0.0;80080.2;88111.72;404.0;10.0;1.0;0.0;0.0;0;0;0;0;4.3;1;baixa;5.0;0.0;0.0;True;True;0.05988902157651731;0.0;False
B1900397800000;UM PEIXE PARA DOIS;2019;FSA SAV/MINC / Arranjos Regionais;Arranjos Regionais;ARRANJOS REGIONAIS;False;False;11757060000170;MT;ANIMAÇÃO;SALAS DE EXIBIÇÃO;Misto FSA+Renúncia;144440.1;82883.01;227323.11;0.0;0.0;0.0;0.0;;;;0.0;0.0;0;0;0;0;3.775;1;alta;0.0;;;True;False;;;False
B2000294200000;A ESPERA DE LIZ;2020;FSA SAV/MINC / Arranjos Regionais;Arranjos Regionais;ARRANJOS REGIONAIS;False;False;02593994000122;DF;FICÇÃO;SALAS DE EXIBIÇÃO;FSA puro;241421.52;0.0;241421.52;1113.28;0.0;0.0;1113.28;56.0;183.0;10.0;0.0;0.0;0;0;0;0;4.37;2;media;1.0;0.0;0.0;True;True;0.004611353619180262;0.0;False
B2000523200000;A MESMA PARTE DE UM HOMEM;2020;FSA SAV/MINC / Arranjos Regionais;Arranjos Regionais;ARRANJOS REGIONAIS;True;False;09437566000150;PR;FICÇÃO;SALAS DE EXIBIÇÃO;FSA puro;2470154.5;0.0;2470154.5;13578.04;0.0;76617.12;90195.16;683.0;99.0;6.0;0.8;4.0;0;0;0;0;4.1;1;baixa;2.0;0.0;0.0;True;True;0.036513975137992385;0.8;True
B2000096300000;A MORTE HABITA À NOITE;2020;FSA SAV/MINC / Arranjos Regionais;Arranjos Regionais;ARRANJOS REGIONAIS;False;False;07617370000111;PE;FICÇÃO;SALAS DE EXIBIÇÃO;FSA puro;1012589.23;0.0;1012589.23;17892.0;0.0;0.0;17892.0;900.0;113.0;9.0;3.9;19.5;0;0;0;0;3.57;2;alta;0.0;;;True;True;0.017669553921682537;3.9;True
B2000096500000;ACQUA MOVIE;2020;FSA SAV/MINC / Arranjos Regionais;Arranjos Regionais;ARRANJOS REGIONAIS;False;False;04462804000163;PE;FICÇÃO;SALAS DE EXIBIÇÃO;Misto FSA+Renúncia;2556589.77;257662.02;2814251.79;24034.92;0.0;357546.56;381581.48;1209.0;204.0;7.0;0.0;0.0;0;0;0;0;0.0;0;;0.0;;;True;True;0.13558896235080656;0.0;False
B2000255200000;ATRAS DA SOMBRA;2020;FSA SAV/MINC / Arranjos Regionais;Arranjos Regionais;ARRANJOS REGIONAIS;False;False;17219542000152;GO;FICÇÃO;SALAS DE EXIBIÇÃO;FSA puro;1252974.6;0.0;1252974.6;0.0;0.0;76617.12;76617.12;;;;0.0;0.0;0;0;0;0;4.2;1;baixa;0.0;;;True;False;;;False
B2000495400000;CAMINHO DE VOLTA;2020;FSA SAV/MINC / Arranjos Regionais;Arranjos Regionais;ARRANJOS REGIONAIS;False;False;04614433000198;CE;FICÇÃO;COMUNICAÇÃO ELETRÔNICA DE MASSA POR ASSINATURA (TV PAGA);FSA puro;457483.58;0.0;457483.58;16162.44;0.0;76617.12;92779.56;;;;0.0;0.0;0;0;0;0;4.3;1;baixa;6.0;9.0;7.0;True;True;0.20280413124335522;0.0;False
B2000073200000;CASA IZABEL;2020;FSA SAV/MINC / Arranjos Regionais;Arranjos Regionais;ARRANJOS REGIONAIS;False;False;04952911000170;PR;FICÇÃO;RADIODIFUSÃO DE SONS E IMAGENS (TV ABERTA);FSA puro;522072.75;0.0;522072.75;19740.84;0.0;0.0;19740.84;;;;0.0;0.0;0;0;0;0;0.0;0;;0.0;;;True;True;0.03781243131345201;0.0;False
B2000130600000;CAVALO;2020;FSA SAV/MINC / Arranjos Regionais;Arranjos Regionais;ARRANJOS REGIONAIS;False;False;05760527000138;AL;DOCUMENTÁRIO;SALAS DE EXIBIÇÃO;Misto FSA+Renúncia;866077.28;2512615.69;3378692.97;26619.32;0.0;76617.12;103236.44;1339.0;147.0;7.0;0.0;0.0;0;0;0;0;4.4;1;baixa;0.0;;;True;True;0.030555140972161197;0.0;False
B2000173800000;CELSO ANTÔNIO, BRASILEIRO;2020;FSA SAV/MINC / Arranjos Regionais;Arranjos Regionais;ARRANJOS REGIONAIS;False;False;03104388000169;MA;DOCUMENTÁRIO;SALAS DE EXIBIÇÃO;FSA puro;520587.98;0.0;520587.98;0.0;0.0;0.0;0.0;;;;0.0;0.0;0;0;0;0;0.0;0;;0.0;;;True;False;;;False
B2000325100000;DENTRO DA MINHA PELE;2020;FSA SAV/MINC / Arranjos Regionais;Arranjos Regionais;ARRANJOS REGIONAIS;False;False;01605800000107;SP;DOCUMENTÁRIO;SALAS DE EXIBIÇÃO;FSA puro;185695.77;0.0;185695.77;119.28;0.0;357546.56;357665.84;6.0;7.0;1.0;2.0;10.0;0;0;0;0;4.4;1;baixa;1.0;0.0;0.0;True;True;1.9260850152914095;2.0;True
B2000468500000;DORA E GABRIEL;2020;FSA SAV/MINC / Arranjos Regionais;Arranjos Regionais;ARRANJOS REGIONAIS;False;False;59190843000140;SP;FICÇÃO;SALAS DE EXIBIÇÃO;Misto FSA+Renúncia;556877.6;638476.0;1195353.6;1729.56;0.0;178773.28;180502.84;87.0;111.0;4.0;0.0;0.0;0;0;0;0;3.5;1;baixa;0.0;;;True;True;0.1510037197361517;0.0;False
B2000436900000;ENTRE NÓS, UM SEGREDO;2020;FSA SAV/MINC / Arranjos Regionais;Arranjos Regionais;ARRANJOS REGIONAIS;False;False;11101993000104;SP;DOCUMENTÁRIO;SALAS DE EXIBIÇÃO;FSA puro;108330.07;0.0;108330.07;636.16;0.0;76617.12;77253.28;32.0;41.0;3.0;0.0;0.0;0;0;0;0;3.6;1;baixa;0.0;;;True;True;0.7131286816301328;0.0;False
B2000499300000;ESPERO QUE ESTA TE ENCONTRE E QUE ESTEJAS BEM;2020;FSA SAV/MINC / Arranjos Regionais;Arranjos Regionais;ARRANJOS REGIONAIS;False;False;15472728000193;PE;DOCUMENTÁRIO;SALAS DE EXIBIÇÃO;FSA puro;296863.44;0.0;296863.44;35426.16;0.0;76617.12;112043.28;1782.0;196.0;11.0;0.0;0.0;0;0;0;0;0.0;0;;0.0;;;True;True;0.37742363963713416;0.0;False
B2000066500000;FIM DE FESTA;2020;FSA SAV/MINC / Arranjos Regionais;Arranjos Regionais;ARRANJOS REGIONAIS;False;False;02669022000174;PE;FICÇÃO;SALAS DE EXIBIÇÃO;FSA puro;2764083.55;0.0;2764083.55;114707.6;0.0;76617.12;191324.72;5770.0;444.0;14.0;1.2;6.0;0;0;0;0;3.998;2;media;0.0;;;True;True;0.06921813922737612;1.2;True
B2000352100000;GYURI;2020;FSA SAV/MINC / Arranjos Regionais;Arranjos Regionais;ARRANJOS REGIONAIS;False;False;19452266000101;PE;DOCUMENTÁRIO;SALAS DE EXIBIÇÃO;FSA puro;485296.69;0.0;485296.69;20874.0;0.0;76617.12;97491.12;1050.0;98.0;7.0;0.0;0.0;0;0;0;0;0.0;0;;0.0;;;True;True;0.20088972788996354;0.0;False
B2000227100000;MEU QUERIDO SUPERMERCADO;2020;FSA SAV/MINC / Arranjos Regionais;Arranjos Regionais;ARRANJOS REGIONAIS;False;False;06228927000160;SP;DOCUMENTÁRIO;SALAS DE EXIBIÇÃO;FSA puro;208829.1;0.0;208829.1;437.36;0.0;459702.72;460140.07999999996;22.0;15.0;2.0;10.6;13.0;0;6;4;0;0.0;0;;0.0;;;True;True;2.2034289282480266;10.6;True
B2000335200000;MEU TIO JOSÉ;2020;FSA SAV/MINC / Arranjos Regionais;Arranjos Regionais;ARRANJOS REGIONAIS;False;False;00830735000142;BA;ANIMAÇÃO;SALAS DE EXIBIÇÃO;FSA puro;1505113.51;0.0;1505113.51;7455.0;0.0;357546.56;365001.56;375.0;62.0;7.0;4.0;20.0;0;0;0;0;3.375;2;media;0.0;;;True;True;0.2425076630931311;4.0;True
B2000240100000;O LODO;2020;FSA SAV/MINC / Arranjos Regionais;Arranjos Regionais;ARRANJOS REGIONAIS;False;False;22331409000123;MG;FICÇÃO;SALAS DE EXIBIÇÃO;FSA puro;2202205.5;0.0;2202205.5;0.0;0.0;76617.12;76617.12;;;;0.0;0.0;0;0;0;0;0.0;0;;0.0;;;True;False;;;False
B2000124100000;SEM RETORNO;2020;FSA SAV/MINC / Arranjos Regionais;Arranjos Regionais;ARRANJOS REGIONAIS;False;False;09085894000134;GO;FICÇÃO;SALAS DE EXIBIÇÃO;FSA puro;1252974.6;0.0;1252974.6;0.0;0.0;0.0;0.0;;;;0.0;0.0;0;0;0;0;3.8;1;baixa;0.0;;;True;False;;;False
B2000160000000;SOL ALEGRIA;2020;FSA SAV/MINC / Arranjos Regionais;Arranjos Regionais;ARRANJOS REGIONAIS;False;False;10773468000172;PB;FICÇÃO;SALAS DE EXIBIÇÃO;FSA puro;722200.5;0.0;722200.5;2942.24;0.0;0.0;2942.24;148.0;6.0;1.0;0.0;0.0;0;0;0;0;3.88;1;alta;0.0;;;True;True;0.004073993302413942;0.0;False
B2000112100000;VAI MELHORAR;2020;FSA SAV/MINC / Arranjos Regionais;Arranjos Regionais;ARRANJOS REGIONAIS;False;False;13667540000175;RN;FICÇÃO;SALAS DE EXIBIÇÃO;FSA puro;66733.5;0.0;66733.5;0.0;0.0;76617.12;76617.12;;;;0.0;0.0;0;0;0;0;0.0;0;;0.0;;;True;False;;;False
B2000284300000;ÚLTIMA CIDADE;2020;FSA SAV/MINC / Arranjos Regionais;Arranjos Regionais;ARRANJOS REGIONAIS;False;False;08254467000170;CE;FICÇÃO;SALAS DE EXIBIÇÃO;FSA puro;1324587.67;0.0;1324587.67;3677.8;0.0;0.0;3677.8;185.0;;;0.0;0.0;0;0;0;0;0.0;0;;0.0;;;True;True;0.0027765621583960543;0.0;False
B2100113900000;A NUVEM ROSA;2021;FSA SAV/MINC / Arranjos Regionais;Arranjos Regionais;ARRANJOS REGIONAIS;False;False;90130634000151;RS;FICÇÃO;SALAS DE EXIBIÇÃO;FSA puro;440441.1;0.0;440441.1;7733.32;0.0;69613.92;77347.23999999999;389.0;35.0;3.0;5.7;28.5;0;0;0;0;4.02;2;media;0.0;;;True;True;0.17561312965570197;5.7;True
B2100446000000;AVE CANUDOS! OS QUE SOBREVIVERAM TE SAÚDAM;2021;FSA SAV/MINC / Arranjos Regionais;Arranjos Regionais;ARRANJOS REGIONAIS;False;False;63190623000194;BA;DOCUMENTÁRIO;SALAS DE EXIBIÇÃO;FSA puro;630625.48;0.0;630625.48;0.0;0.0;0.0;0.0;;;;0.0;0.0;0;0;0;0;0.0;0;;3.0;39.0;37.0;True;False;;;False
B2100017700000;BOB CUSPE - NÓS NÃO GOSTAMOS DE GENTE;2021;FSA SAV/MINC / Arranjos Regionais;Arranjos Regionais;ARRANJOS REGIONAIS;False;False;03746956000125;SP;ANIMAÇÃO;SALAS DE EXIBIÇÃO;Misto FSA+Renúncia;743505.5;2320464.0;3063969.5;31112.2;0.0;417683.52;448795.72000000003;1565.0;250.0;9.0;9.9;49.5;0;0;0;0;3.6;1;baixa;6.0;0.0;0.0;True;True;0.14647525701545006;9.9;True
B2100075400000;TEORIA DO ÍMPETO;2021;FSA SAV/MINC / Arranjos Regionais;Arranjos Regionais;ARRANJOS REGIONAIS;False;False;04696982000159;DF;FICÇÃO;SALAS DE EXIBIÇÃO;FSA puro;1469920.54;0.0;1469920.54;0.0;0.0;0.0;0.0;;;;0.0;0.0;0;0;0;0;0.0;0;;0.0;;;True;False;;;False
B2100024000000;TRÊS VIDAS E UM SONHO;2021;FSA SAV/MINC / Arranjos Regionais;Arranjos Regionais;ARRANJOS REGIONAIS;False;False;03863923000165;SP;DOCUMENTÁRIO;SALAS DE EXIBIÇÃO;FSA puro;200200.5;0.0;200200.5;735.56;0.0;0.0;735.56;37.0;14.0;1.0;0.0;0.0;0;0;0;0;4.118;2;media;0.0;;;True;True;0.0036741166980102445;0.0;False
B2200451700000;BRICHOS 3 - MEGAVIRUS;2022;FSA SAV/MINC / Arranjos Regionais;Arranjos Regionais;ARRANJOS REGIONAIS;False;False;02585713000190;PR;ANIMAÇÃO;SALAS DE EXIBIÇÃO;Misto FSA+Renúncia;1334670.0;858958.62;2193628.62;20834.24;0.0;0.0;20834.24;1048.0;234.0;9.0;0.0;0.0;0;0;0;0;0.0;0;;0.0;;;True;True;0.009497614960913484;0.0;False
B2200143600000;CHEF JACK, O COZINHEIRO AVENTUREIRO;2022;FSA SAV/MINC / Arranjos Regionais;Arranjos Regionais;ARRANJOS REGIONAIS;False;False;09325623000109;MG;ANIMAÇÃO;SALAS DE EXIBIÇÃO;FSA puro;2202133.39;0.0;2202133.39;1021672.96;0.0;65803.86;1087476.82;51392.0;11087.0;257.0;0.0;0.0;0;0;0;0;4.0;1;baixa;4.0;0.0;0.0;True;True;0.49382876847437474;0.0;False
B2200073000000;DEUS TEM AIDS;2022;FSA SAV/MINC / Arranjos Regionais;Arranjos Regionais;ARRANJOS REGIONAIS;False;False;22543352000126;PE;DOCUMENTÁRIO;SALAS DE EXIBIÇÃO;FSA puro;104830.0;0.0;104830.0;6580.28;0.0;0.0;6580.28;331.0;71.0;6.0;1.2;6.0;0;0;0;0;0.0;0;;0.0;;;True;True;0.06277096251073166;1.2;True
B2200449200000;ESPUMAS AO VENTO;2022;FSA SAV/MINC / Arranjos Regionais;Arranjos Regionais;ARRANJOS REGIONAIS;False;False;19265893000125;PE;FICÇÃO;SALAS DE EXIBIÇÃO;FSA puro;564539.53;0.0;564539.53;2644.04;0.0;0.0;2644.04;133.0;15.0;2.0;0.0;0.0;0;0;0;0;4.1;1;baixa;0.0;;;True;True;0.004683533852802123;0.0;False
B2200203400000;FIM DE SEMANA NO PARAÍSO SELVAGEM;2022;FSA SAV/MINC / Arranjos Regionais;Arranjos Regionais;ARRANJOS REGIONAIS;False;False;08016733000126;PE;FICÇÃO;SALAS DE EXIBIÇÃO;FSA puro;1256093.09;0.0;1256093.09;10615.92;0.0;0.0;10615.92;534.0;15.0;5.0;0.0;0.0;0;0;0;0;3.84;2;alta;0.0;;;True;True;0.008451539208769948;0.0;False
B2200497100000;O ANEL DE EVA;2022;FSA SAV/MINC / Arranjos Regionais;Arranjos Regionais;ARRANJOS REGIONAIS;False;False;04483967000122;MT;FICÇÃO;SALAS DE EXIBIÇÃO;FSA puro;1059227.4;0.0;1059227.4;14512.4;0.0;65803.86;80316.26;730.0;148.0;10.0;0.0;0.0;0;0;0;0;2.4;1;baixa;1.0;0.0;0.0;True;True;0.07582532324975733;0.0;False
B2200212700000;OS PRIMEIROS SOLDADOS;2022;FSA SAV/MINC / Arranjos Regionais;Arranjos Regionais;ARRANJOS REGIONAIS;False;False;14210788000175;ES;FICÇÃO;SALAS DE EXIBIÇÃO;FSA puro;1252974.6;0.0;1252974.6;88545.52;0.0;307084.68;395630.2;4454.0;213.0;15.0;3.3;16.5;0;0;0;0;4.2;1;baixa;0.0;;;True;True;0.3157527694495962;3.3;True
B2200442900000;PLACA-MÃE;2022;FSA SAV/MINC / Arranjos Regionais;Arranjos Regionais;ARRANJOS REGIONAIS;False;False;11360555000160;MG;ANIMAÇÃO;SALAS DE EXIBIÇÃO;Misto FSA+Renúncia;2202205.5;219346.2;2421551.7;187786.48;0.0;0.0;187786.48;9446.0;3535.0;97.0;0.0;0.0;0;0;0;0;3.5;1;baixa;0.0;;;True;True;0.07754799536181697;0.0;False
B2200259700000;PLAUTO, UM  SOPRO MUSICAL;2022;FSA SAV/MINC / Arranjos Regionais;Arranjos Regionais;ARRANJOS REGIONAIS;False;False;92554294000111;RS;DOCUMENTÁRIO;SALAS DE EXIBIÇÃO;FSA puro;459424.02;0.0;459424.02;21708.96;0.0;0.0;21708.96;1092.0;129.0;20.0;0.0;0.0;0;0;0;0;0.0;0;;0.0;;;True;True;0.04725255766992766;0.0;False
B2300007600000;TODA NOITE ESTAREI LÁ;2022;FSA SAV/MINC / Arranjos Regionais;Arranjos Regionais;ARRANJOS REGIONAIS;False;False;08103899000180;ES;DOCUMENTÁRIO;SALAS DE EXIBIÇÃO;FSA puro;250594.92;0.0;250594.92;14532.28;0.0;0.0;14532.28;731.0;81.0;10.0;0.0;0.0;0;0;0;0;0.0;0;;0.0;;;True;True;0.05799111969229065;0.0;False
B2200210800000;UM SAMURAI EM SÃO PAULO;2022;FSA SAV/MINC / Arranjos Regionais;Arranjos Regionais;ARRANJOS REGIONAIS;False;True;12638556000197;SP;DOCUMENTÁRIO;SALAS DE EXIBIÇÃO;Misto FSA+Renúncia;458928.95;422241.43;881170.38;10277.96;0.0;0.0;10277.96;517.0;73.0;8.0;0.0;0.0;0;0;0;0;0.0;0;;0.0;;;True;True;0.011663987162164937;0.0;False
B2200040500000;VALE NIGHT;2022;FSA SAV/MINC / Arranjos Regionais;Arranjos Regionais;ARRANJOS REGIONAIS;False;False;11545487000104;SP;FICÇÃO;SALAS DE EXIBIÇÃO;Misto FSA+Renúncia;580116.0;3290193.0;3870309.0;222059.6;0.0;0.0;222059.6;11170.0;2999.0;85.0;0.0;0.0;0;0;0;0;0.0;0;;0.0;;;True;True;0.05737516048460214;0.0;False
B2300422000000;CARTÓRIO DAS ALMAS;2023;FSA SAV/MINC / Arranjos Regionais;Arranjos Regionais;ARRANJOS REGIONAIS;False;False;14676949000110;DF;FICÇÃO;SALAS DE EXIBIÇÃO;FSA puro;1080483.24;0.0;1080483.24;0.0;0.0;0.0;0.0;;;;0.0;0.0;0;0;0;0;2.975;2;media;0.0;;;True;False;;;False
B2300502400000;CHAMA A BEBEL;2023;FSA SAV/MINC / Arranjos Regionais;Arranjos Regionais;ARRANJOS REGIONAIS;False;True;05270790000149;RS;FICÇÃO;SALAS DE EXIBIÇÃO;FSA puro;1754769.6;0.0;1754769.6;160630.4;0.0;62898.0;223528.4;8080.0;2988.0;106.0;0.0;0.0;0;0;0;0;0.0;0;;0.0;;;True;True;0.12738333283184297;0.0;False
B2300377600000;MARRAIA;2023;FSA SAV/MINC / Arranjos Regionais;Arranjos Regionais;ARRANJOS REGIONAIS;False;False;19780327000151;ES;FICÇÃO;SALAS DE EXIBIÇÃO;FSA puro;1252974.6;0.0;1252974.6;0.0;0.0;0.0;0.0;;;;0.0;0.0;0;0;0;0;0.0;0;;0.0;;;True;False;;;False
B2300550100000;O CANTO;2023;FSA SAV/MINC / Arranjos Regionais;Arranjos Regionais;ARRANJOS REGIONAIS;False;False;26324984000150;AL;DOCUMENTÁRIO;SALAS DE EXIBIÇÃO;FSA puro;54836.55;0.0;54836.55;0.0;0.0;0.0;0.0;;;;0.0;0.0;0;0;0;0;0.0;0;;0.0;;;True;False;;;False
B2300567400000;O POLICIAL E A PASTORA;2023;FSA SAV/MINC / Arranjos Regionais;Arranjos Regionais;ARRANJOS REGIONAIS;False;False;10551469000172;SP;DOCUMENTÁRIO;SALAS DE EXIBIÇÃO;FSA puro;116023.2;0.0;116023.2;0.0;0.0;0.0;0.0;;;;0.0;0.0;0;0;0;0;3.4;1;baixa;2.0;2.0;2.0;True;False;;;False
B2300201900000;O SILÊNCIO DAS OSTRAS;2023;FSA SAV/MINC / Arranjos Regionais;Arranjos Regionais;ARRANJOS REGIONAIS;False;False;15745495000155;MG;FICÇÃO;SALAS DE EXIBIÇÃO;FSA puro;1914382.8;0.0;1914382.8;50256.64;0.0;0.0;50256.64;2528.0;190.0;14.0;0.0;0.0;0;0;0;0;4.1;1;baixa;0.0;;;True;True;0.02625213724235299;0.0;False
B2300500100000;O SILÊNCIO DE EVA;2023;FSA SAV/MINC / Arranjos Regionais;Arranjos Regionais;ARRANJOS REGIONAIS;False;False;02501714000109;MG;DOCUMENTÁRIO;SALAS DE EXIBIÇÃO;FSA puro;680681.7;0.0;680681.7;0.0;0.0;0.0;0.0;;;;0.0;0.0;0;0;0;0;4.1;1;baixa;0.0;;;True;False;;;False
B2300499000000;PASTRANA;2023;FSA SAV/MINC / Arranjos Regionais;Arranjos Regionais;ARRANJOS REGIONAIS;False;False;08267476000103;RS;DOCUMENTÁRIO;SALAS DE EXIBIÇÃO;FSA puro;54836.55;0.0;54836.55;0.0;0.0;62898.0;62898.0;;;;0.0;0.0;0;0;0;0;0.0;0;;0.0;;;True;False;;;False
B2300140800000;PRESENÇA;2023;FSA SAV/MINC / Arranjos Regionais;Arranjos Regionais;ARRANJOS REGIONAIS;False;False;18580137000128;ES;DOCUMENTÁRIO;SALAS DE EXIBIÇÃO;Misto FSA+Renúncia;240240.6;210146.75;450387.35;0.0;0.0;0.0;0.0;;;;0.0;0.0;0;0;0;0;2.64;1;alta;17.0;3.0;2.0;True;False;;;False
B2300141200000;TENHO FÉ;2023;FSA SAV/MINC / Arranjos Regionais;Arranjos Regionais;ARRANJOS REGIONAIS;False;False;21054261000164;SP;DOCUMENTÁRIO;SALAS DE EXIBIÇÃO;Misto FSA+Renúncia;104830.0;585383.3;690213.3;4333.84;0.0;125796.0;130129.84;218.0;94.0;9.0;0.0;0.0;0;0;0;0;0.0;0;;0.0;;;True;True;0.18853568889501257;0.0;False
B2300363900000;UTOPIA TROPICAL;2023;FSA SAV/MINC / Arranjos Regionais;Arranjos Regionais;ARRANJOS REGIONAIS;False;False;13384449000142;DF;DOCUMENTÁRIO;SALAS DE EXIBIÇÃO;Misto FSA+Renúncia;913949.81;6593.81;920543.62;11450.88;0.0;62898.0;74348.88;576.0;61.0;5.0;0.0;0.0;0;0;0;0;0.0;0;;0.0;;;True;True;0.0807662759098803;0.0;False
B2300011000000;ZÉ;2023;FSA SAV/MINC / Arranjos Regionais;Arranjos Regionais;ARRANJOS REGIONAIS;False;False;23148018000130;MG;FICÇÃO;SALAS DE EXIBIÇÃO;Misto FSA+Renúncia;1278048.01;2278304.98;3556352.99;27295.24;0.0;62898.0;90193.24;1373.0;102.0;8.0;0.0;0.0;0;0;0;0;3.732;2;alta;0.0;;;True;True;0.025361160788485174;0.0;False
B2100018500000;DETETIVES DO PRÉDIO AZUL 3 - UMA AVENTURA NO FIM DO MUNDO;2020;FSA Comercialização / Distribuição;Add-on FSA (Compl./Comerc.);COMERCIALIZAÇÃO - OPÇÃO DE INVESTIMENTO EM COMERCIALIZAÇÃO;False;True;12580503000243;RJ;FICÇÃO;SALAS DE EXIBIÇÃO;Misto FSA+Renúncia;1926408.0;6052752.48;7979160.48;8615157.04;0.0;459702.72;9074859.76;433358.0;26642.0;304.0;0.8;4.0;0;0;0;0;4.3;1;baixa;0.0;;;True;True;1.1373201206751515;0.8;True
B2000230700000;NAS ONDAS DA FÉ;2020;FSA Comercialização / Distribuição;Add-on FSA (Compl./Comerc.);COMERCIALIZAÇÃO - OPÇÃO DE INVESTIMENTO EM COMERCIALIZAÇÃO;False;True;09558964000124;RJ;FICÇÃO;SALAS DE EXIBIÇÃO;Misto FSA+Renúncia;1309129.83;3830856.0;5139985.83;745360.84;0.0;0.0;745360.84;37493.0;7426.0;190.0;0.0;0.0;0;0;0;0;3.786;1;media;7.0;0.0;0.0;True;True;0.14501223634696284;0.0;False
B2300374700000;DE REPENTE, MISS!;2023;FSA Comercialização / Distribuição;Add-on FSA (Compl./Comerc.);COMERCIALIZAÇÃO - OPÇÃO DE INVESTIMENTO EM COMERCIALIZAÇÃO;False;True;23707667000124;RN;FICÇÃO;SALAS DE EXIBIÇÃO;FSA puro;289133.72;0.0;289133.72;314163.64;0.0;62898.0;377061.64;15803.0;3105.0;84.0;0.0;0.0;0;0;0;0;4.095;2;media;0.0;;;True;True;1.3041081476072733;0.0;False
B2300247400000;MARINHEIRO DAS MONTANHAS;2023;FSA Comercialização / Distribuição;Add-on FSA (Compl./Comerc.);COMERCIALIZAÇÃO - OPÇÃO DE INVESTIMENTO EM COMERCIALIZAÇÃO;False;True;31179864000146;RJ;DOCUMENTÁRIO;SALAS DE EXIBIÇÃO;Misto FSA+Renúncia;62898.0;668720.0;731618.0;52483.2;0.0;293524.0;346007.2;2640.0;284.0;10.0;5.2;26.0;0;0;0;0;0.0;0;;0.0;;;True;True;0.4729342361724288;5.2;True
B2300402000000;UMA FADA VEIO ME VISITAR;2023;FSA Comercialização / Distribuição;Automático Bilheteria;COMERCIALIZAÇÃO - OPÇÃO DE INVESTIMENTO EM COMERCIALIZAÇÃO;False;True;02736672000195;SP;FICÇÃO;SALAS DE EXIBIÇÃO;Misto FSA+Renúncia;3762996.61;4780248.0;8543244.61;1275838.76;0.0;83864.0;1359702.76;64177.0;11002.0;226.0;0.0;0.0;0;0;0;0;0.0;0;;0.0;;;True;True;0.15915531183649442;0.0;False
B2300120800000;VAI TER TROCO;2023;FSA Comercialização / Distribuição;Add-on FSA (Compl./Comerc.);COMERCIALIZAÇÃO - OPÇÃO DE INVESTIMENTO EM COMERCIALIZAÇÃO;False;True;07419227000115;SP;FICÇÃO;SALAS DE EXIBIÇÃO;FSA puro;59333.78;0.0;59333.78;97511.4;0.0;0.0;97511.4;4905.0;1506.0;45.0;0.0;0.0;0;0;0;0;3.32;1;alta;0.0;;;True;True;1.6434381898473347;0.0;False
B1700411300000;MÚSICA PARA QUANDO AS LUZES SE APAGAM;2015;FSA Comercialização / Distribuição;Arranjos Regionais;COMERCIALIZAÇÃO EM CINEMA;False;True;94100302000185;RS;DOCUMENTÁRIO;SALAS DE EXIBIÇÃO;FSA puro;520453.85;0.0;520453.85;7534.52;0.0;0.0;7534.52;379.0;142.0;11.0;0.0;0.0;0;0;0;0;3.7;1;baixa;0.0;;;True;True;0.014476826331479729;0.0;False
B1600779300000;NÓIS POR NÓIS;2016;FSA Comercialização / Distribuição;Add-on FSA (Compl./Comerc.);COMERCIALIZAÇÃO EM CINEMA;False;True;09437566000150;PR;FICÇÃO;RADIODIFUSÃO DE SONS E IMAGENS (TV ABERTA);FSA puro;266934.0;0.0;266934.0;3081.4;0.0;89220.66;92302.06;;;;1.0;5.0;0;0;0;0;0.0;0;;0.0;;;True;True;0.3457860744603535;1.0;True
B1800090200000;AÇUCAR;2017;FSA Comercialização / Distribuição;Add-on FSA (Compl./Comerc.);COMERCIALIZAÇÃO EM CINEMA;False;True;02908530000168;PE;FICÇÃO;SALAS DE EXIBIÇÃO;Misto FSA+Renúncia;133467.0;71745.19;205212.19;64172.64;0.0;202216.14;266388.78;3228.0;266.0;13.0;3.0;15.0;0;0;0;0;0.0;0;;0.0;;;True;True;1.2981138206263478;3.0;True
B1900189100000;MISSÃO CUPIDO;2017;FSA Comercialização / Distribuição;Arranjos Regionais;COMERCIALIZAÇÃO EM CINEMA;False;True;72062029000109;RJ;FICÇÃO;SALAS DE EXIBIÇÃO;Misto FSA+Renúncia;1299960.9;2966481.89;4266442.79;23518.04;0.0;86664.06;110182.1;1183.0;332.0;14.0;0.0;0.0;0;0;0;0;0.0;0;;0.0;;;True;True;0.025825284768438206;0.0;False
B1800245900000;O JUÍZO;2017;FSA Comercialização / Distribuição;Add-on FSA (Compl./Comerc.);COMERCIALIZAÇÃO EM CINEMA;False;True;09180984000104;RJ;FICÇÃO;SALAS DE EXIBIÇÃO;Misto FSA+Renúncia;667335.0;5488723.8;6156058.8;229832.68;0.0;202216.14;432048.82;11561.0;2674.0;24.0;0.0;0.0;0;0;0;0;0.0;0;;1.0;1.0;1.0;True;True;0.07018269870976541;0.0;False
B1800445500000;LOS SILENCIOS;2018;FSA Comercialização / Distribuição;Add-on FSA (Compl./Comerc.);COMERCIALIZAÇÃO EM CINEMA;False;True;11101993000104;SP;FICÇÃO;SALAS DE EXIBIÇÃO;Misto FSA+Renúncia;266934.0;1468804.08;1735738.08;200310.88;0.0;501189.84;701500.72;10076.0;745.0;20.0;20.8;64.0;0;12;4;4;0.0;0;;0.0;;;True;True;0.4041512530508059;20.8;True
B1800517200000;MEU NOME É DANIEL;2018;FSA Comercialização / Distribuição;Add-on FSA (Compl./Comerc.);COMERCIALIZAÇÃO EM CINEMA;False;True;17192316000125;RJ;DOCUMENTÁRIO;SALAS DE EXIBIÇÃO;Misto FSA+Renúncia;266934.0;696097.0;963031.0;28408.52;0.0;83531.64;111940.16;1429.0;195.0;14.0;3.7;18.5;0;0;0;0;3.857;2;media;0.0;;;True;True;0.11623733815422349;3.7;True
B2000414400000;OLHA PRA ELAS;2020;FSA Comercialização / Distribuição;Add-on FSA (Compl./Comerc.);COMERCIALIZAÇÃO EM CINEMA;False;True;04980287000114;RS;DOCUMENTÁRIO;SALAS DE EXIBIÇÃO;Misto FSA+Renúncia;109673.1;1455725.28;1565398.38;7574.28;0.0;0.0;7574.28;381.0;84.0;5.0;0.0;0.0;0;0;0;0;0.0;0;;0.0;;;True;True;0.004838563842131995;0.0;False
B2300077800000;ANTES QUE ME ESQUEÇAM MEU NOME É EDY STAR - O FILME;2023;FSA Comercialização / Distribuição;Add-on FSA (Compl./Comerc.);COMERCIALIZAÇÃO EM CINEMA;False;True;15128758000187;BA;DOCUMENTÁRIO;SALAS DE EXIBIÇÃO;FSA puro;363413.05;0.0;363413.05;19899.88;0.0;62898.0;82797.88;1001.0;124.0;11.0;0.0;0.0;0;0;0;0;3.3;1;baixa;0.0;;;True;True;0.2278340857599913;0.0;False
B2300123500000;MADAME DUROCHER;2023;FSA Complementação;Arranjos Regionais;COMPLEMENTAÇÃO;True;False;53976478000118;SP;FICÇÃO;SALAS DE EXIBIÇÃO;Misto FSA+Renúncia;993829.21;3669050.0;4662879.21;62920.2;0.0;293524.0;356444.2;3165.0;207.0;26.0;0.0;0.0;0;0;0;0;2.9;1;baixa;0.0;;;True;True;0.07644294092705009;0.0;False
B2300338800000;PÉROLA;2023;FSA Complementação;Add-on FSA (Compl./Comerc.);COMPLEMENTAÇÃO;True;False;01369211000169;RJ;FICÇÃO;SALAS DE EXIBIÇÃO;Misto FSA+Renúncia;790074.53;2882825.0;3672899.53;152519.36;0.0;377388.0;529907.36;7672.0;836.0;32.0;1.9;9.5;0;0;0;0;4.305;2;alta;0.0;;;True;True;0.14427494018601703;1.9;True
B2300261100000;RODEIO ROCK;2023;FSA Complementação;Add-on FSA (Compl./Comerc.);COMPLEMENTAÇÃO;True;False;11280934000140;SP;FICÇÃO;SALAS DE EXIBIÇÃO;Misto FSA+Renúncia;1883094.31;6822336.4;8705430.71;174665.68;0.0;146762.0;321427.68;8786.0;2901.0;99.0;0.0;0.0;0;0;0;0;0.0;0;;0.0;;;True;True;0.03692266249741938;0.0;False
B2300551000000;SAUDOSA MALOCA;2023;FSA Complementação;Add-on FSA (Compl./Comerc.);COMPLEMENTAÇÃO;True;False;05463157000177;SP;FICÇÃO;SALAS DE EXIBIÇÃO;FSA puro;1271309.87;0.0;1271309.87;418553.52;0.0;125796.0;544349.52;21054.0;1346.0;44.0;0.0;0.0;0;0;0;0;4.165;2;alta;0.0;;;True;True;0.4281800470879692;0.0;False
B2100364800000;A MÃE;2021;FSA Pontuação Festivais e Roteiro;Festivais · Pontuação;CONCURSO PRODUÇÃO PARA CINEMA;False;False;13359654000158;SP;FICÇÃO;SALAS DE EXIBIÇÃO;Misto FSA+Renúncia;2061854.28;870174.0;2932028.2800000003;32344.76;0.0;69613.92;101958.68;1627.0;287.0;13.0;0.0;0.0;0;0;0;0;4.115;2;alta;1.0;0.0;0.0;True;True;0.034774112069614824;0.0;False
B2200124400000;ABESTALHADOS 2;2022;FSA Pontuação Festivais e Roteiro;Festivais · Pontuação;CONCURSO PRODUÇÃO PARA CINEMA;False;False;03675713000143;SP;FICÇÃO;SALAS DE EXIBIÇÃO;Misto FSA+Renúncia;2565044.13;3728876.07;6293920.199999999;40038.32;0.0;0.0;40038.32;2014.0;697.0;15.0;0.0;0.0;0;0;0;0;0.0;0;;0.0;;;True;True;0.006361427969804893;0.0;False
B2200386600000;NA RÉDEA CURTA;2022;FSA Pontuação Festivais e Roteiro;Festivais · Pontuação;CONCURSO PRODUÇÃO PARA CINEMA;False;False;13650474000120;BA;FICÇÃO;SALAS DE EXIBIÇÃO;FSA puro;3887893.71;0.0;3887893.71;211264.76;0.0;65803.86;277068.62;10627.0;824.0;23.0;0.0;0.0;0;0;0;0;0.0;0;;36.0;14.0;5.0;True;True;0.0712644533690197;0.0;False
B2200380100000;O PORÃO DA RUA DO GRITO;2022;FSA Pontuação Festivais e Roteiro;Festivais · Pontuação;CONCURSO PRODUÇÃO PARA CINEMA;False;False;05508188000105;SP;FICÇÃO;SALAS DE EXIBIÇÃO;Misto FSA+Renúncia;3378410.65;712875.15;4091285.8;2504.88;0.0;65803.86;68308.74;126.0;51.0;6.0;0.0;0.0;0;0;0;0;3.88;1;alta;0.0;;;True;True;0.01669615454388447;0.0;False
B2300001100000;REGRA 34;2022;FSA Pontuação Festivais e Roteiro;Festivais · Pontuação;CONCURSO PRODUÇÃO PARA CINEMA;False;False;14798449000151;RJ;FICÇÃO;SALAS DE EXIBIÇÃO;FSA puro;2802807.0;0.0;2802807.0;121347.52;0.0;65803.86;187151.38;6104.0;452.0;14.0;33.1;62.5;2463;19;5;0;2.47;2;alta;0.0;;;True;True;0.06677283880053105;33.1;True
B2200243000000;SINFONIA DE UM HOMEM COMUM;2022;FSA Pontuação Festivais e Roteiro;Festivais · Pontuação;CONCURSO PRODUÇÃO PARA CINEMA;False;False;27527464000107;RJ;DOCUMENTÁRIO;SALAS DE EXIBIÇÃO;Misto FSA+Renúncia;1225894.4;219346.2;1445240.6;298.2;0.0;307084.68;307382.88;15.0;39.0;4.0;1.7;8.5;0;0;0;0;4.1;1;baixa;0.0;;;True;True;0.2126863028896365;1.7;True
B2400339600000;A VILÃ DAS NOVE;2023;FSA Pontuação Festivais e Roteiro;Festivais · Pontuação;CONCURSO PRODUÇÃO PARA CINEMA;False;False;19478327000100;RJ;FICÇÃO;SALAS DE EXIBIÇÃO;Misto FSA+Renúncia;1048300.0;3406975.0;4455275.0;27513.92;0.0;0.0;27513.92;1384.0;851.0;25.0;0.0;0.0;0;0;0;0;3.965;2;alta;0.0;;;True;True;0.006175582876477882;0.0;False
B2300201800000;JANGO NO EXÍLIO;2023;FSA Pontuação Festivais e Roteiro;Festivais · Pontuação;CONCURSO PRODUÇÃO PARA CINEMA;False;False;06288843000111;RS;DOCUMENTÁRIO;SALAS DE EXIBIÇÃO;FSA puro;523190.64;0.0;523190.64;21331.24;0.0;0.0;21331.24;1073.0;74.0;6.0;0.0;0.0;0;0;0;0;4.3;1;baixa;0.0;;;True;True;0.0407714480518994;0.0;False
B2300065800000;O CIRCO VOLTOU;2023;FSA Pontuação Festivais e Roteiro;Festivais · Pontuação;CONCURSO PRODUÇÃO PARA CINEMA;False;False;08991631000121;PE;DOCUMENTÁRIO;SALAS DE EXIBIÇÃO;FSA puro;2002005.0;0.0;2002005.0;3618.16;0.0;62898.0;66516.16;182.0;86.0;8.0;0.0;0.0;0;0;0;0;1.7;1;baixa;0.0;;;True;True;0.033224772165903686;0.0;False
B2300121300000;O PASTOR E O GUERRILHEIRO;2023;FSA Pontuação Festivais e Roteiro;Festivais · Pontuação;CONCURSO PRODUÇÃO PARA CINEMA;True;False;03093490000106;DF;FICÇÃO;SALAS DE EXIBIÇÃO;FSA puro;6112965.63;0.0;6112965.63;100871.12;0.0;62898.0;163769.12;5074.0;485.0;23.0;2.4;12.0;0;0;0;0;3.902;2;alta;0.0;;;True;True;0.026790453261553836;2.4;True
B2300303300000;TPM! MEU AMOR;2023;FSA Pontuação Festivais e Roteiro;Festivais · Pontuação;CONCURSO PRODUÇÃO PARA CINEMA;False;True;67942250000111;SP;FICÇÃO;SALAS DE EXIBIÇÃO;Misto FSA+Renúncia;6012605.89;236161.96;6248767.85;10536.4;0.0;0.0;10536.4;530.0;252.0;15.0;0.0;0.0;0;0;0;0;4.3;1;baixa;4.0;3.0;2.0;True;True;0.001686156415620401;0.0;False
B2300491600000;LA OTRA FORMA;2023;FSA Coprodução Internacional;Coprodução Intl;COPRODUÇÃO INTERNACIONAL;False;False;19457687000117;RJ;ANIMAÇÃO;SALAS DE EXIBIÇÃO;FSA puro;1096731.0;0.0;1096731.0;4651.92;0.0;0.0;4651.92;234.0;51.0;7.0;0.0;0.0;0;0;0;0;0.0;0;;0.0;;;True;True;0.004241623515702574;0.0;False
B2300527400000;PUAN;2023;FSA Coprodução Internacional;Coprodução Intl;COPRODUÇÃO INTERNACIONAL CINEMA;False;False;14440714000125;RJ;FICÇÃO;SALAS DE EXIBIÇÃO;FSA puro;1572450.0;0.0;1572450.0;116377.52;0.0;0.0;116377.52;5854.0;202.0;9.0;19.2;46.0;0;19;12;0;0.0;0;;0.0;;;True;True;0.07401031511335814;19.2;True
B2000497700000;ABE;2020;FSA Automático Bilheteria;Automático Bilheteria;FLUXO CONTÍNUO PRODUÇÃO PARA CINEMA;False;False;06945371000122;SP;FICÇÃO;SALAS DE EXIBIÇÃO;Misto FSA+Renúncia;4009670.49;5107808.0;9117478.49;71766.8;0.0;76617.12;148383.91999999998;3610.0;701.0;9.0;0.0;0.0;0;0;0;0;0.0;0;;0.0;;;True;True;0.016274666308535485;0.0;False
B2000154900000;ALICE JÚNIOR;2020;FSA Automático Bilheteria;Automático Bilheteria;FLUXO CONTÍNUO PRODUÇÃO PARA CINEMA;False;False;04952911000170;PR;FICÇÃO;SALAS DE EXIBIÇÃO;FSA puro;701369.08;0.0;701369.08;1928.36;0.0;178773.28;180701.63999999998;97.0;52.0;7.0;8.5;42.5;0;0;0;0;3.39;2;alta;0.0;;;True;True;0.2576412977886051;8.5;True
B2000070300000;DOIS MAIS DOIS;2020;FSA Automático Bilheteria;Automático Bilheteria;FLUXO CONTÍNUO PRODUÇÃO PARA CINEMA;False;False;12580503000162;SP;FICÇÃO;SALAS DE EXIBIÇÃO;Misto FSA+Renúncia;4004010.0;4724722.4;8728732.4;290128.72;0.0;255390.4;545519.12;14594.0;3035.0;74.0;0.0;0.0;0;0;0;0;3.775;1;alta;0.0;;;True;True;0.062496946291995384;0.0;False
B2000259000000;ZONA ÁRIDA;2020;FSA Automático Bilheteria;Automático Bilheteria;FLUXO CONTÍNUO PRODUÇÃO PARA CINEMA;False;False;09437566000150;PR;DOCUMENTÁRIO;SALAS DE EXIBIÇÃO;FSA puro;529831.56;0.0;529831.56;19.88;0.0;76617.12;76637.0;1.0;5.0;1.0;0.4;2.0;0;0;0;0;0.0;0;;0.0;;;True;True;0.14464408273452037;0.4;True
B2100065700000;A ÚLTIMA FLORESTA;2021;FSA Automático Bilheteria;Automático Bilheteria;FLUXO CONTÍNUO PRODUÇÃO PARA CINEMA;False;False;02238621000133;SP;DOCUMENTÁRIO;SALAS DE EXIBIÇÃO;FSA puro;2105606.75;0.0;2105606.75;48646.36;0.0;69613.92;118260.28;2447.0;169.0;7.0;7.5;37.5;0;0;0;0;3.538;1;alta;0.0;;;True;True;0.05616446660802166;7.5;True
B2100306300000;ALDEIA NATAL;2021;FSA Automático Bilheteria;Automático Bilheteria;FLUXO CONTÍNUO PRODUÇÃO PARA CINEMA;False;True;04937797000109;PR;DOCUMENTÁRIO;SALAS DE EXIBIÇÃO;FSA puro;282412.02;0.0;282412.02;27712.72;0.0;0.0;27712.72;1394.0;99.0;5.0;0.0;0.0;0;0;0;0;0.0;0;;0.0;;;True;True;0.0981286844660507;0.0;False
B2100113200000;L.O.C.A.;2021;FSA Automático Bilheteria;Automático Bilheteria;FLUXO CONTÍNUO PRODUÇÃO PARA CINEMA;False;False;09180984000104;RJ;FICÇÃO;SALAS DE EXIBIÇÃO;Misto FSA+Renúncia;5924395.23;3034978.15;8959373.38;198.8;0.0;162432.48;162631.28;10.0;14.0;1.0;0.0;0.0;0;0;0;0;4.3;1;baixa;0.0;;;True;True;0.018152081970714783;0.0;False
B2100010700000;LOOP;2021;FSA Automático Bilheteria;Automático Bilheteria;FLUXO CONTÍNUO PRODUÇÃO PARA CINEMA;False;False;13207081000147;MT;FICÇÃO;SALAS DE EXIBIÇÃO;Misto FSA+Renúncia;2216809.93;1222304.41;3439114.34;477.12;0.0;162432.48;162909.6;24.0;16.0;2.0;0.0;0.0;0;0;0;0;3.356;1;alta;3.0;1.0;1.0;True;True;0.047369637614316715;0.0;False
B2100259000000;MEDIDA PROVISÓRIA;2021;FSA Automático Bilheteria;Automático Bilheteria;FLUXO CONTÍNUO PRODUÇÃO PARA CINEMA;False;False;02605295000155;RJ;FICÇÃO;SALAS DE EXIBIÇÃO;Misto FSA+Renúncia;3649853.62;4872974.4;8522828.02;9446061.52;0.0;162432.48;9608494.0;475154.0;14702.0;132.0;12.66;10.5;2379;0;0;0;4.039;2;alta;0.0;;;True;True;1.1273833025202826;12.66;True
B2100347700000;O JARDIM SECRETO DE MARIANA;2021;FSA Automático Bilheteria;Automático Bilheteria;FLUXO CONTÍNUO PRODUÇÃO PARA CINEMA;False;False;42473256000166;RJ;FICÇÃO;SALAS DE EXIBIÇÃO;Misto FSA+Renúncia;3480696.0;1740348.0;5221044.0;16261.84;0.0;162432.48;178694.32;818.0;382.0;17.0;0.0;0.0;0;0;0;0;4.273;2;alta;0.0;;;True;True;0.034225783195851255;0.0;False
B2200063900000;1999 - A CONQUISTA DA AMÉRICA;2022;FSA Automático Bilheteria;Automático Bilheteria;FLUXO CONTÍNUO PRODUÇÃO PARA CINEMA;False;False;04350398000147;SP;DOCUMENTÁRIO;SALAS DE EXIBIÇÃO;FSA puro;1160232.0;0.0;1160232.0;22305.36;0.0;0.0;22305.36;1122.0;35.0;1.0;0.0;0.0;0;0;0;0;3.993;2;media;0.0;;;True;True;0.019224913637962065;0.0;False
B2300468500000;A FILHA DO PALHAÇO;2022;FSA Automático Bilheteria;Automático Bilheteria;FLUXO CONTÍNUO PRODUÇÃO PARA CINEMA;False;False;08254467000170;CE;FICÇÃO;SALAS DE EXIBIÇÃO;FSA puro;2548245.77;0.0;2548245.77;107173.08;0.0;65803.86;172976.94;5391.0;315.0;18.0;0.0;0.0;0;0;0;0;3.97;2;media;0.0;;;True;True;0.06788079157686584;0.0;False
B2200343300000;A ÚLTIMA FESTA;2022;FSA Automático Bilheteria;Automático Bilheteria;FLUXO CONTÍNUO PRODUÇÃO PARA CINEMA;False;False;02298682000196;RJ;FICÇÃO;SALAS DE EXIBIÇÃO;Misto FSA+Renúncia;4004010.0;1096731.0;5100741.0;32285.12;0.0;153542.34;185827.46;1624.0;606.0;34.0;0.0;0.0;0;0;0;0;4.7;1;baixa;0.0;;;True;True;0.03643146358538887;0.0;False
B2200299300000;CORDIALMENTE TEUS;2022;FSA Automático Bilheteria;Automático Bilheteria;FLUXO CONTÍNUO PRODUÇÃO PARA CINEMA;False;False;04350398000147;SP;FICÇÃO;SALAS DE EXIBIÇÃO;FSA puro;2268939.0;0.0;2268939.0;8468.88;0.0;0.0;8468.88;426.0;71.0;5.0;0.0;0.0;0;0;0;0;0.0;0;;0.0;;;True;True;0.003732528728185288;0.0;False
B2200412200000;FAUSTO FAWCETT NA CABEÇA;2022;FSA Automático Bilheteria;Automático Bilheteria;FLUXO CONTÍNUO PRODUÇÃO PARA CINEMA;False;True;03360320000140;RJ;DOCUMENTÁRIO;SALAS DE EXIBIÇÃO;FSA puro;1059200.72;0.0;1059200.72;21152.32;0.0;307084.68;328237.0;1064.0;79.0;7.0;0.0;0.0;0;0;0;0;3.92;1;alta;0.0;;;True;True;0.3098912168413179;0.0;False
B2300288600000;FORAM OS SUSSURROS QUE ME MATARAM;2022;FSA Automático Bilheteria;Automático Bilheteria;FLUXO CONTÍNUO PRODUÇÃO PARA CINEMA;False;False;09437566000150;PR;FICÇÃO;SALAS DE EXIBIÇÃO;FSA puro;1581545.63;0.0;1581545.63;5427.24;0.0;0.0;5427.24;273.0;101.0;7.0;0.0;0.0;0;0;0;0;0.0;0;;5.0;3.0;3.0;True;True;0.003431605068517688;0.0;False
B2200089800000;O TRAIDOR;2022;FSA Automático Bilheteria;Automático Bilheteria;FLUXO CONTÍNUO PRODUÇÃO PARA CINEMA;False;False;01378559000112;SP;FICÇÃO;SALAS DE EXIBIÇÃO;Misto FSA+Renúncia;3109378.12;548365.5;3657743.62;62164.76;0.0;65803.86;127968.62;3127.0;399.0;13.0;6.7;33.5;0;0;0;0;3.529;1;alta;0.0;;;True;True;0.034985672396579834;6.7;True
B2300008500000;VAI CORINTHIANS!;2022;FSA Automático Bilheteria;Automático Bilheteria;FLUXO CONTÍNUO PRODUÇÃO PARA CINEMA;False;False;01613170000104;SP;DOCUMENTÁRIO;SALAS DE EXIBIÇÃO;Misto FSA+Renúncia;1334670.0;622227.12;1956897.12;36758.12;0.0;0.0;36758.12;1849.0;41.0;3.0;0.0;0.0;0;0;0;0;0.0;0;;2.0;0.0;0.0;True;True;0.018783879655359707;0.0;False
B2300549200000;A ENTREGA;2023;FSA Automático Bilheteria;Automático Bilheteria;FLUXO CONTÍNUO PRODUÇÃO PARA CINEMA;False;False;03931658000105;BA;FICÇÃO;SALAS DE EXIBIÇÃO;FSA puro;941213.33;0.0;941213.33;5467.0;0.0;0.0;5467.0;275.0;28.0;3.0;0.0;0.0;0;0;0;0;3.923;2;alta;0.0;;;True;True;0.00580846002255408;0.0;False
B2300212900000;MEU NOME É GAL;2023;FSA Automático Bilheteria;Automático Bilheteria;FLUXO CONTÍNUO PRODUÇÃO PARA CINEMA;False;True;12580503000162;SP;FICÇÃO;SALAS DE EXIBIÇÃO;Misto FSA+Renúncia;3354560.0;3771213.44;7125773.44;3355505.44;0.0;146762.0;3502267.44;168788.0;9609.0;119.0;11.89;5.5;2825;0;0;0;3.0;1;baixa;1.0;0.0;0.0;True;True;0.49149295434237095;11.89;True
B2300283600000;O VAZIO DE DOMINGO À TARDE;2023;FSA Automático Bilheteria;Automático Bilheteria;FLUXO CONTÍNUO PRODUÇÃO PARA CINEMA;False;False;09065789000133;DF;FICÇÃO;SALAS DE EXIBIÇÃO;Misto FSA+Renúncia;1160232.0;314490.0;1474722.0;21291.48;0.0;0.0;21291.48;1071.0;180.0;15.0;0.0;0.0;0;0;0;0;4.078;2;media;0.0;;;True;True;0.01443762281975857;0.0;False
B2300493100000;SOB A VERDE NEBULOSA;2023;FSA Automático Bilheteria;Automático Bilheteria;FLUXO CONTÍNUO PRODUÇÃO PARA CINEMA;False;False;05928108000162;PA;DOCUMENTÁRIO;SALAS DE EXIBIÇÃO;FSA puro;533868.0;0.0;533868.0;0.0;0.0;0.0;0.0;;;;0.0;0.0;0;0;0;0;2.4;1;baixa;0.0;;;True;False;;;False
B2000034100000;NO GOGÓ DO PAULINHO;2020;FSA Automático Bilheteria;Automático Bilheteria;FLUXO CONTÍNUO PRODUÇÃO PARA CINEMA - VIA DISTRIBUIDORA;False;False;03987306000171;RJ;FICÇÃO;SALAS DE EXIBIÇÃO;Misto FSA+Renúncia;6264873.0;3901088.36;10165961.36;2166.92;0.0;0.0;2166.92;109.0;21.0;1.0;0.0;0.0;0;0;0;0;3.673;2;alta;0.0;;;True;True;0.00021315445959948053;0.0;False
B2000502900000;QUEM VAI FICAR COM MÁRIO;2020;FSA Automático Bilheteria;Automático Bilheteria;FLUXO CONTÍNUO PRODUÇÃO PARA CINEMA - VIA DISTRIBUIDORA;False;False;42488478000152;RJ;FICÇÃO;SALAS DE EXIBIÇÃO;Misto FSA+Renúncia;4702332.74;3830856.0;8533188.74;300108.48;0.0;153234.24;453342.72;15096.0;2557.0;60.0;0.0;0.0;0;0;0;0;3.835;2;alta;0.0;;;True;True;0.053127000212115305;0.0;False
B2100036700000;O ESPAÇO INFINITO;2021;FSA Automático Bilheteria;Automático Bilheteria;FLUXO CONTÍNUO PRODUÇÃO PARA CINEMA - VIA DISTRIBUIDORA;False;False;13631016000144;DF;FICÇÃO;SALAS DE EXIBIÇÃO;FSA puro;2450261.44;0.0;2450261.44;11590.04;0.0;0.0;11590.04;583.0;115.0;9.0;0.0;0.0;0;0;0;0;3.845;2;alta;0.0;;;True;True;0.00473012381895052;0.0;False
B2200065000000;AMADO;2022;FSA Automático Bilheteria;Automático Bilheteria;FLUXO CONTÍNUO PRODUÇÃO PARA CINEMA - VIA DISTRIBUIDORA;False;False;00817115000173;DF;FICÇÃO;SALAS DE EXIBIÇÃO;Misto FSA+Renúncia;4671345.0;7535748.37;12207093.37;25903.64;0.0;65803.86;91707.5;1303.0;346.0;4.0;0.0;0.0;0;0;0;0;3.63;2;alta;2.0;0.0;0.0;True;True;0.007512640169147818;0.0;False
B2200349500000;TRÊS TIGRES TRISTES;2022;FSA Automático Bilheteria;Automático Bilheteria;FLUXO CONTÍNUO PRODUÇÃO PARA CINEMA - VIA DISTRIBUIDORA;False;False;15745495000155;MG;FICÇÃO;SALAS DE EXIBIÇÃO;FSA puro;1165700.78;0.0;1165700.78;14413.0;0.0;65803.86;80216.86;725.0;108.0;19.0;11.0;55.0;0;0;0;0;3.75;1;alta;0.0;;;True;True;0.06881428011054432;11.0;True
B2300330000000;ENTRELINHAS;2023;FSA Automático Bilheteria;Automático Bilheteria;FLUXO CONTÍNUO PRODUÇÃO PARA CINEMA - VIA DISTRIBUIDORA;False;False;04937797000109;PR;FICÇÃO;SALAS DE EXIBIÇÃO;FSA puro;3977551.5;0.0;3977551.5;45584.84;0.0;62898.0;108482.84;2293.0;376.0;12.0;0.0;0.0;0;0;0;0;0.0;0;;0.0;;;True;True;0.027273773827944152;0.0;False
B2300349700000;NOSSO SONHO;2023;FSA Automático Bilheteria;Automático Bilheteria;FLUXO CONTÍNUO PRODUÇÃO PARA CINEMA - VIA DISTRIBUIDORA;False;False;05256465000121;RJ;FICÇÃO;SALAS DE EXIBIÇÃO;Misto FSA+Renúncia;3480696.0;4088370.0;7569066.0;9932028.12;0.0;146762.0;10078790.12;499599.0;18123.0;200.0;0.0;0.0;0;0;0;0;4.259;2;alta;0.0;;;True;True;1.3315764613493923;0.0;False
B2300536800000;SALA ESCURA;2023;FSA Automático Bilheteria;Automático Bilheteria;FLUXO CONTÍNUO PRODUÇÃO PARA CINEMA - VIA DISTRIBUIDORA;False;False;19152930000199;CE;FICÇÃO;SALAS DE EXIBIÇÃO;Misto FSA+Renúncia;2669340.0;314490.0;2983830.0;54013.96;0.0;0.0;54013.96;2717.0;469.0;25.0;0.0;0.0;0;0;0;0;0.0;0;;0.0;;;True;True;0.018102224322431238;0.0;False
B1402521900000;AS AVENTURAS DO AVIÃO VERMELHO;2014;FSA Pontuação Bilheteria e Roteiro — Produtora;Bilheteria · Produtora;PRODECINE 01;False;False;04909742000195;RS;ANIMAÇÃO;SALAS DE EXIBIÇÃO;Misto FSA+Renúncia;1731673.64;2904806.54;4636480.18;439884.76;0.0;253632.26;693517.02;22127.0;2.0;2.0;0.0;0.0;0;0;0;0;4.003;2;media;4.0;34.0;24.0;True;True;0.14957834242267806;0.0;False
B1500344400000;DEPOIS DE TUDO;2014;FSA Pontuação Bilheteria e Roteiro — Produtora;Bilheteria · Produtora;PRODECINE 01;False;False;09558964000124;RJ;FICÇÃO;SALAS DE EXIBIÇÃO;Misto FSA+Renúncia;4810267.0;1889123.04;6699390.04;442230.6;0.0;358583.54;800814.1399999999;22245.0;;;0.0;0.0;0;0;0;0;3.51;2;media;0.0;;;True;True;0.11953538086580788;0.0;False
B1402255700000;GALAXIAS;2014;FSA Pontuação Bilheteria e Roteiro — Produtora;Bilheteria · Produtora;PRODECINE 01;False;False;01369211000169;RJ;DOCUMENTÁRIO;INDEFINIDO;FSA puro;558393.3;0.0;558393.3;934.36;0.0;603469.86;604404.22;47.0;;;0.0;0.0;0;0;0;0;3.793;2;alta;5.0;23.0;21.0;True;True;1.082398768036794;0.0;False
B1402378700000;INFÂNCIA;2014;FSA Pontuação Bilheteria e Roteiro — Produtora;Bilheteria · Produtora;PRODECINE 01;False;False;04474294000144;RJ;FICÇÃO;SALAS DE EXIBIÇÃO;Misto FSA+Renúncia;1116786.6;524756.4;1641543.0;70156.52;0.0;209902.56;280059.08;3529.0;;;0.0;0.0;0;0;0;0;4.03;2;alta;0.0;;;True;True;0.1706072152846438;0.0;False
B1500543200000;LINDA DE MORRER;2014;FSA Pontuação Bilheteria e Roteiro — Produtora;Bilheteria · Produtora;PRODECINE 01;False;False;10645895000175;RJ;FICÇÃO;SALAS DE EXIBIÇÃO;Misto FSA+Renúncia;1749188.0;5556093.42;7305281.42;19333280.12;0.0;358583.54;19691863.66;972499.0;;;0.0;0.0;0;0;0;0;3.2;1;baixa;0.0;;;True;True;2.695565376316468;0.0;False
B1402855900000;MARESIA;2014;FSA Pontuação Bilheteria e Roteiro — Produtora;Bilheteria · Produtora;PRODECINE 01;True;True;03766122000181;RJ;FICÇÃO;SALAS DE EXIBIÇÃO;Misto FSA+Renúncia;2099025.6;1490768.21;3589793.81;17872.12;0.0;594723.92;612596.04;899.0;131.0;8.0;3.1;15.5;0;0;0;0;0.0;0;;0.0;;;True;True;0.17064936662755012;3.1;True
B1402201200000;MUITOS HOMENS NUM SÓ;2014;FSA Pontuação Bilheteria e Roteiro — Produtora;Bilheteria · Produtora;PRODECINE 01;False;True;29269719000104;RJ;FICÇÃO;INDEFINIDO;Misto FSA+Renúncia;2365578.0;3062397.59;5427975.59;57592.36;0.0;603469.86;661062.22;2897.0;;;0.0;0.0;0;0;0;0;0.0;0;;0.0;;;True;True;0.12178798689107591;0.0;False
B1402652900000;NISE - O CORAÇÃO DA LOUCURA;2014;FSA Pontuação Bilheteria e Roteiro — Produtora;Bilheteria · Produtora;PRODECINE 01;False;False;03360320000140;RJ;FICÇÃO;INDEFINIDO;Misto FSA+Renúncia;985657.5;2511690.53;3497348.03;3075356.48;0.0;638453.62;3713810.1;154696.0;74.0;8.0;2.9;14.5;0;0;0;0;4.3;1;baixa;0.0;;;True;True;1.0618932025475316;2.9;True
B1402175100000;O MENINO NO ESPELHO;2014;FSA Pontuação Bilheteria e Roteiro — Produtora;Bilheteria · Produtora;PRODECINE 01;False;False;03987306000171;RJ;FICÇÃO;INDEFINIDO;Misto FSA+Renúncia;1478486.25;6951307.57;8429793.82;464695.0;0.0;743404.9;1208099.9;23375.0;1.0;1.0;0.0;0.0;0;0;0;0;3.5;1;baixa;0.0;;;True;True;0.14331310181439288;0.0;False
B1500177200000;PARA MINHA AMADA MORTA;2014;FSA Pontuação Bilheteria e Roteiro — Produtora;Bilheteria · Produtora;PRODECINE 01;False;True;09437566000150;PR;FICÇÃO;SALAS DE EXIBIÇÃO;FSA puro;1136972.2;0.0;1136972.2;143036.6;0.0;209902.56;352939.16000000003;7195.0;34.0;4.0;7.4;37.0;0;0;0;0;3.133;1;media;0.0;;;True;True;0.3104202195972778;7.4;True
B1500585400000;QUASE MEMÓRIA;2014;FSA Pontuação Bilheteria e Roteiro — Produtora;Bilheteria · Produtora;PRODECINE 01;False;False;02282322000104;RJ;FICÇÃO;SALAS DE EXIBIÇÃO;Misto FSA+Renúncia;1861311.0;4904587.29;6765898.29;83257.44;0.0;629707.68;712965.1200000001;4188.0;477.0;15.0;0.0;0.0;0;0;0;0;0.0;0;;0.0;;;True;True;0.10537626926106217;0.0;False
B1402237400000;SANGUE AZUL;2014;FSA Pontuação Bilheteria e Roteiro — Produtora;Bilheteria · Produtora;PRODECINE 01;False;False;02902219000101;SP;FICÇÃO;INDEFINIDO;Misto FSA+Renúncia;1478486.25;3061079.0;4539565.25;199674.72;0.0;253632.26;453306.98;10044.0;2.0;2.0;15.02;30.5;711;0;0;0;4.0;1;baixa;0.0;;;True;True;0.09985691471226237;15.02;True
B1402332500000;TRINTA;2014;FSA Pontuação Bilheteria e Roteiro — Produtora;Bilheteria · Produtora;PRODECINE 01;False;False;06137016000127;SP;FICÇÃO;SALAS DE EXIBIÇÃO;Misto FSA+Renúncia;2140507.65;7377189.89;9517697.54;433602.68;0.0;358583.54;792186.22;21811.0;;;0.0;0.0;0;0;0;0;0.0;0;;0.0;;;True;True;0.08323296854839958;0.0;False
B1402145600000;À QUEIMA ROUPA;2014;FSA Pontuação Bilheteria e Roteiro — Produtora;Bilheteria · Produtora;PRODECINE 01;False;False;01464291000131;RJ;DOCUMENTÁRIO;INDEFINIDO;Misto FSA+Renúncia;1159596.75;280409.44;1440006.19;28607.32;0.0;209902.56;238509.88;1439.0;;;0.0;0.0;0;0;0;0;4.16;2;media;0.0;;;True;True;0.16563114912721313;0.0;False
B1600109600000;A FRENTE FRIA QUE A CHUVA TRAZ;2015;FSA Pontuação Bilheteria e Roteiro — Produtora;Bilheteria · Produtora;PRODECINE 01;False;False;04092785000120;PR;FICÇÃO;SALAS DE EXIBIÇÃO;Misto FSA+Renúncia;1861311.0;158054.4;2019365.4;33696.6;0.0;197568.0;231264.6;1695.0;2.0;1.0;0.0;0.0;0;0;0;0;2.2;1;baixa;0.0;;;True;True;0.11452340423382515;0.0;False
B1600585400000;A GLÓRIA E A GRAÇA;2015;FSA Pontuação Bilheteria e Roteiro — Produtora;Bilheteria · Produtora;PRODECINE 01;False;False;29269719000104;RJ;FICÇÃO;SALAS DE EXIBIÇÃO;Misto FSA+Renúncia;1580544.0;3923134.65;5503678.65;113037.68;0.0;671731.2;784768.8799999999;5686.0;520.0;14.0;1.9;9.5;0;0;0;0;4.2;1;baixa;0.0;;;True;True;0.1425898803157775;1.9;True
B1600032100000;AMOR EM SAMPA;2015;FSA Pontuação Bilheteria e Roteiro — Produtora;Bilheteria · Produtora;PRODECINE 01;False;False;56839830000161;SP;FICÇÃO;SALAS DE EXIBIÇÃO;Misto FSA+Renúncia;2623782.0;5634967.2;8258749.2;262416.0;0.0;324011.52;586427.52;13200.0;6.0;3.0;0.0;0.0;0;0;0;0;4.3;1;baixa;1.0;0.0;0.0;True;True;0.07100682025796352;0.0;False
B1600041000000;BUGIGANGUE NO ESPAÇO;2015;FSA Pontuação Bilheteria e Roteiro — Produtora;Bilheteria · Produtora;PRODECINE 01;True;False;08517383000181;SP;ANIMAÇÃO;SALAS DE EXIBIÇÃO;Misto FSA+Renúncia;3804637.95;3793305.6;7597943.550000001;2360113.84;0.0;229178.88;2589292.7199999997;118718.0;8789.0;120.0;0.0;0.0;0;0;0;0;4.3;1;baixa;0.0;;;True;True;0.3407886229952313;0.0;False
B1500344800000;CAMPO GRANDE;2015;FSA Pontuação Bilheteria e Roteiro — Produtora;Bilheteria · Produtora;PRODECINE 01;False;False;29269719000104;RJ;FICÇÃO;SALAS DE EXIBIÇÃO;Misto FSA+Renúncia;1749188.0;6164121.6;7913309.6;96497.52;0.0;576898.56;673396.0800000001;4854.0;;;6.6;33.0;0;0;0;0;0.0;0;;0.0;;;True;True;0.08509664274982999;6.6;True
B1500812200000;DOIDAS E SANTAS;2015;FSA Pontuação Bilheteria e Roteiro — Produtora;Bilheteria · Produtora;PRODECINE 01;True;False;03626688000108;RJ;FICÇÃO;SALAS DE EXIBIÇÃO;Misto FSA+Renúncia;4374080.85;3437683.2;7811764.05;606419.52;0.0;102735.36;709154.88;30504.0;3199.0;31.0;0.0;0.0;0;0;0;0;0.0;0;;0.0;;;True;True;0.09078037629669575;0.0;False
B1600264400000;PONTO ZERO;2015;FSA Pontuação Bilheteria e Roteiro — Produtora;Bilheteria · Produtora;PRODECINE 01;True;False;10387192000194;RS;FICÇÃO;SALAS DE EXIBIÇÃO;Misto FSA+Renúncia;1399350.4;2882152.33;4281502.73;163950.36;0.0;189665.28;353615.64;8247.0;3.0;2.0;0.0;0.0;0;0;0;0;0.0;0;;0.0;;;True;True;0.08259147834293218;0.0;False
B1500399400000;PROVA DE CORAGEM;2015;FSA Pontuação Bilheteria e Roteiro — Produtora;Bilheteria · Produtora;PRODECINE 01;False;False;86777331000158;RS;FICÇÃO;SALAS DE EXIBIÇÃO;Misto FSA+Renúncia;1749188.0;3109983.5;4859171.5;240925.72;0.0;221276.16;462201.88;12119.0;4.0;2.0;0.0;0.0;0;0;0;0;4.015;2;alta;0.0;;;True;True;0.09511948281718396;0.0;False
B1500309900000;QUALQUER GATO VIRA-LATA 2;2015;FSA Pontuação Bilheteria e Roteiro — Produtora;Bilheteria · Produtora;PRODECINE 01;False;False;42488478000152;RJ;FICÇÃO;SALAS DE EXIBIÇÃO;Misto FSA+Renúncia;2727279.72;8382366.91;11109646.63;16260150.2;0.0;324011.52;16584161.719999999;817915.0;;;0.0;0.0;0;0;0;0;3.605;2;alta;0.0;;;True;True;1.4927713069844057;0.0;False
B1500408100000;UM FILME DE CINEMA;2015;FSA Pontuação Bilheteria e Roteiro — Produtora;Bilheteria · Produtora;PRODECINE 01;False;True;01369211000169;RJ;DOCUMENTÁRIO;SALAS DE EXIBIÇÃO;FSA puro;887091.75;0.0;887091.75;80374.84;0.0;102735.36;183110.2;4043.0;328.0;12.0;0.0;0.0;0;0;0;0;2.675;2;media;0.0;;;True;True;0.20641630361233773;0.0;False
B1500870400000;VAI QUE DÁ CERTO 2;2015;FSA Pontuação Bilheteria e Roteiro — Produtora;Bilheteria · Produtora;PRODECINE 01;False;False;00538914000100;RJ;FICÇÃO;SALAS DE EXIBIÇÃO;Misto FSA+Renúncia;1580544.0;7112448.0;8692992.0;18534263.16;0.0;229178.88;18763442.04;932307.0;131.0;18.0;0.0;0.0;0;0;0;0;3.5;1;baixa;0.0;;;True;True;2.1584561495052563;0.0;False
B1500672000000;ÓRFÃOS DO ELDORADO;2015;FSA Pontuação Bilheteria e Roteiro — Produtora;Bilheteria · Produtora;PRODECINE 01;True;False;04939205000198;RJ;FICÇÃO;SALAS DE EXIBIÇÃO;Misto FSA+Renúncia;2698900.95;6231294.72;8930195.67;79977.24;0.0;545287.68;625264.92;4023.0;1.0;1.0;0.0;0.0;0;0;0;0;0.0;0;;0.0;;;True;True;0.0700169339066677;0.0;False
B1600287300000;DESERTO;2016;FSA Pontuação Bilheteria e Roteiro — Produtora;Bilheteria · Produtora;PRODECINE 01;True;True;02140120000110;RJ;FICÇÃO;SALAS DE EXIBIÇÃO;Misto FSA+Renúncia;1777652.54;1271394.41;3049046.95;26977.16;0.0;416363.08;443340.24;1357.0;179.0;9.0;0.0;0.0;0;0;0;0;3.705;2;alta;0.0;;;True;True;0.14540289056552572;0.0;False
B1600690600000;ERA O HOTEL CAMBRIDGE;2016;FSA Pontuação Bilheteria e Roteiro — Produtora;Bilheteria · Produtora;PRODECINE 01;False;False;08429784000180;SP;FICÇÃO;SALAS DE EXIBIÇÃO;Misto FSA+Renúncia;1027353.6;594804.4;1622158.0;594650.56;0.0;208181.54;802832.1000000001;29912.0;1192.0;19.0;16.75;24.0;1525;1;1;0;3.8;1;baixa;2.0;0.0;0.0;True;True;0.4949160932535549;16.75;True
B1700349800000;JOÃO, O MAESTRO;2016;FSA Pontuação Bilheteria e Roteiro — Produtora;Bilheteria · Produtora;PRODECINE 01;False;False;73619637000134;RJ;FICÇÃO;SALAS DE EXIBIÇÃO;Misto FSA+Renúncia;4430585.77;5280302.71;9710888.48;1853213.6;0.0;535323.96;2388537.56;93220.0;6145.0;61.0;1.6;8.0;0;0;0;0;3.734;2;alta;0.0;;;True;True;0.2459648841523922;1.6;True
B1700077100000;LA VINGANÇA;2016;FSA Pontuação Bilheteria e Roteiro — Produtora;Bilheteria · Produtora;PRODECINE 01;False;False;11545487000104;SP;FICÇÃO;SALAS DE EXIBIÇÃO;Misto FSA+Renúncia;1487011.0;5327405.01;6814416.01;103515.16;0.0;215616.6;319131.76;5207.0;614.0;7.0;0.0;0.0;0;0;0;0;2.7;1;baixa;0.0;;;True;True;0.046831857569552764;0.0;False
B1600243000000;REDEMOINHO;2016;FSA Pontuação Bilheteria e Roteiro — Produtora;Bilheteria · Produtora;PRODECINE 01;False;False;02140120000110;RJ;FICÇÃO;SALAS DE EXIBIÇÃO;Misto FSA+Renúncia;2973619.6;3345774.75;6319394.35;244106.52;0.0;208181.54;452288.06;12279.0;626.0;22.0;2.1;10.5;0;0;0;0;0.0;0;;0.0;;;True;True;0.07157142519520086;2.1;True
B1800514700000;SOBRE RODAS;2016;FSA Pontuação Bilheteria e Roteiro — Produtora;Bilheteria · Produtora;PRODECINE 01;False;True;09397798000121;SP;FICÇÃO;SALAS DE EXIBIÇÃO;Misto FSA+Renúncia;473345.96;2899671.45;3373017.41;65285.92;0.0;208181.54;273467.46;3284.0;237.0;19.0;2.5;12.5;0;0;0;0;3.532;2;alta;0.0;;;True;True;0.0810750217859089;2.5;True
B1700051600000;VAZANTE;2016;FSA Pontuação Bilheteria e Roteiro — Produtora;Bilheteria · Produtora;PRODECINE 01;False;False;66876707000174;SP;FICÇÃO;SALAS DE EXIBIÇÃO;Misto FSA+Renúncia;1185408.0;3717527.5;4902935.5;202656.72;0.0;208181.54;410838.26;10194.0;1120.0;25.0;19.81;36.0;2475;3;1;0;2.8;1;baixa;1.0;0.0;0.0;True;True;0.08379434320520839;19.81;True
B1700248900000;A SUPERFÍCIE DA SOMBRA;2017;FSA Pontuação Bilheteria e Roteiro — Produtora;Bilheteria · Produtora;PRODECINE 01;False;True;05270790000149;RS;FICÇÃO;SALAS DE EXIBIÇÃO;Misto FSA+Renúncia;1338309.9;982192.68;2320502.58;23418.64;0.0;86664.06;110082.7;1178.0;192.0;11.0;0.0;0.0;0;0;0;0;2.6;1;baixa;0.0;;;True;True;0.04743916294202095;0.0;False
B1800089800000;AMORES DE CHUMBO;2017;FSA Pontuação Bilheteria e Roteiro — Produtora;Bilheteria · Produtora;PRODECINE 01;False;False;07617370000111;PE;FICÇÃO;SALAS DE EXIBIÇÃO;Misto FSA+Renúncia;1100388.14;727279.01;1827667.15;51131.36;0.0;288880.2;340011.56;2572.0;289.0;25.0;0.0;0.0;0;0;0;0;3.312;1;media;0.0;;;True;True;0.18603582167573565;0.0;False
B1700602000000;ANTÁRTICA POR UM ANO;2017;FSA Pontuação Bilheteria e Roteiro — Produtora;Bilheteria · Produtora;PRODECINE 01;False;True;09107296000119;RJ;DOCUMENTÁRIO;SALAS DE EXIBIÇÃO;FSA puro;1659571.2;0.0;1659571.2;9621.92;0.0;0.0;9621.92;484.0;106.0;9.0;0.0;0.0;0;0;0;0;3.748;2;alta;0.0;;;True;True;0.005797835007018681;0.0;False
B1700450500000;AS BOAS MANEIRAS;2017;FSA Pontuação Bilheteria e Roteiro — Produtora;Bilheteria · Produtora;PRODECINE 01;False;True;66876707000174;SP;FICÇÃO;SALAS DE EXIBIÇÃO;Misto FSA+Renúncia;3271424.2;3179978.78;6451402.98;227029.6;0.0;209438.15;436467.75;11420.0;988.0;22.0;40.46;82.5;29188;24;8;0;3.1;1;baixa;0.0;;;True;True;0.06765470260547884;40.46;True
B1700189700000;EM UM MUNDO INTERIOR;2017;FSA Pontuação Bilheteria e Roteiro — Produtora;Bilheteria · Produtora;PRODECINE 01;False;False;02395043000149;SP;DOCUMENTÁRIO;SALAS DE EXIBIÇÃO;Misto FSA+Renúncia;474163.2;1409729.51;1883892.71;46996.32;0.0;288880.2;335876.52;2364.0;284.0;24.0;0.0;0.0;0;0;0;0;3.538;2;media;0.0;;;True;True;0.17828856081724528;0.0;False
B1700151900000;O FILME DA MINHA VIDA;2017;FSA Pontuação Bilheteria e Roteiro — Produtora;Bilheteria · Produtora;PRODECINE 01;True;False;02140120000110;RJ;FICÇÃO;SALAS DE EXIBIÇÃO;Misto FSA+Renúncia;5165428.45;8160865.65;13326294.1;5945849.56;0.0;209438.15;6155287.71;299087.0;14290.0;131.0;2.5;12.5;0;0;0;0;3.2;1;baixa;0.0;;;True;True;0.4618904298382549;2.5;True
B1700497900000;ORGANISMO;2017;FSA Pontuação Bilheteria e Roteiro — Produtora;Bilheteria · Produtora;PRODECINE 01;False;False;21805885000176;PE;FICÇÃO;SALAS DE EXIBIÇÃO;FSA puro;1429119.24;0.0;1429119.24;41986.56;0.0;86664.06;128650.62;2112.0;137.0;8.0;0.0;0.0;0;0;0;0;0.0;0;;0.0;;;True;True;0.09002091386020385;0.0;False
B1700088100000;PELA JANELA;2017;FSA Pontuação Bilheteria e Roteiro — Produtora;Bilheteria · Produtora;PRODECINE 01;False;True;66876707000174;SP;FICÇÃO;SALAS DE EXIBIÇÃO;Misto FSA+Renúncia;1738598.4;895528.62;2634127.02;104389.88;0.0;288880.2;393270.08;5251.0;403.0;24.0;4.6;23.0;0;0;0;0;0.0;0;;7.0;0.0;0.0;True;True;0.14929806991615766;4.6;True
B1800469700000;A CABEÇA DE GUMERCINDO SARAIVA;2018;FSA Pontuação Bilheteria e Roteiro — Produtora;Bilheteria · Produtora;PRODECINE 01;True;True;05456798000102;RS;FICÇÃO;SALAS DE EXIBIÇÃO;Misto FSA+Renúncia;3679656.54;1392194.0;5071850.54;102541.04;0.0;83531.64;186072.68;5158.0;535.0;39.0;0.0;0.0;0;0;0;0;3.471;1;media;0.0;;;True;True;0.036687335033338736;0.0;False
B1800516900000;A CIDADE DOS PIRATAS;2018;FSA Pontuação Bilheteria e Roteiro — Produtora;Bilheteria · Produtora;PRODECINE 01;True;True;87435368000160;RS;ANIMAÇÃO;SALAS DE EXIBIÇÃO;Misto FSA+Renúncia;3919604.54;2393181.49;6312786.03;47393.92;0.0;389814.32;437208.24;2384.0;325.0;23.0;0.0;0.0;0;0;0;0;3.5;1;baixa;0.0;;;True;True;0.06925757310991895;0.0;False
B1800458500000;A PRINCESA DE ELYMIA;2018;FSA Pontuação Bilheteria e Roteiro — Produtora;Bilheteria · Produtora;PRODECINE 01;True;True;10433648000105;PB;ANIMAÇÃO;SALAS DE EXIBIÇÃO;FSA puro;3302437.57;0.0;3302437.57;0.0;0.0;0.0;0.0;;;;0.0;0.0;0;0;0;0;3.343;2;alta;0.0;;;True;False;;;False
B1800459400000;AMAZÔNIA GROOVE;2018;FSA Pontuação Bilheteria e Roteiro — Produtora;Bilheteria · Produtora;PRODECINE 01;False;True;05256465000121;RJ;DOCUMENTÁRIO;SALAS DE EXIBIÇÃO;Misto FSA+Renúncia;1297707.63;1851618.02;3149325.65;29482.04;0.0;0.0;29482.04;1483.0;293.0;9.0;0.0;0.0;0;0;0;0;0.0;0;;0.0;;;True;True;0.009361381856461876;0.0;False
B1800375900000;CANO SERRADO;2018;FSA Pontuação Bilheteria e Roteiro — Produtora;Bilheteria · Produtora;PRODECINE 01;False;False;00817115000173;DF;FICÇÃO;SALAS DE EXIBIÇÃO;Misto FSA+Renúncia;2888802.0;3480485.0;6369287.0;24094.56;0.0;194907.16;219001.72;1212.0;516.0;29.0;0.0;0.0;0;0;0;0;0.0;0;;2.0;0.0;0.0;True;True;0.034384024459880674;0.0;False
B1800411600000;DESLEMBRO;2018;FSA Pontuação Bilheteria e Roteiro — Produtora;Bilheteria · Produtora;PRODECINE 01;True;True;31179864000146;RJ;FICÇÃO;SALAS DE EXIBIÇÃO;Misto FSA+Renúncia;2884801.34;2746087.88;5630889.22;328020.0;0.0;508150.81;836170.81;16500.0;1162.0;23.0;9.2;0.0;878;0;0;0;0.0;0;;0.0;;;True;True;0.1484971160558545;9.2;True
B1800466200000;GUERRA DE ALGODÃO;2018;FSA Pontuação Bilheteria e Roteiro — Produtora;Bilheteria · Produtora;PRODECINE 01;True;False;00845658000102;BA;FICÇÃO;SALAS DE EXIBIÇÃO;FSA puro;2314601.02;0.0;2314601.02;2962.12;0.0;194907.16;197869.28;149.0;87.0;7.0;0.0;0.0;0;0;0;0;4.03;2;media;1.0;0.0;0.0;True;True;0.08548742452381707;0.0;False
B1800491800000;LEGALIDADE;2018;FSA Pontuação Bilheteria e Roteiro — Produtora;Bilheteria · Produtora;PRODECINE 01;True;True;90130634000151;RS;FICÇÃO;SALAS DE EXIBIÇÃO;Misto FSA+Renúncia;2991142.73;1283045.99;4274188.72;317940.84;0.0;83531.64;401472.48000000004;15993.0;504.0;32.0;1.6;8.0;0;0;0;0;0.0;0;;0.0;;;True;True;0.09392951652354743;1.6;True
B2000003600000;ONDE DORMEM OS SONHOS;2018;FSA Pontuação Bilheteria e Roteiro — Produtora;Bilheteria · Produtora;PRODECINE 01;False;False;17281724000153;BA;DOCUMENTÁRIO;SALAS DE EXIBIÇÃO;FSA puro;332212.23;0.0;332212.23;1113.28;0.0;111375.52;112488.8;56.0;;;0.0;0.0;0;0;0;0;3.32;1;alta;0.0;;;True;True;0.33860523437081175;0.0;False
B1800567100000;TAIS & TAIANE;2018;FSA Pontuação Bilheteria e Roteiro — Produtora;Bilheteria · Produtora;PRODECINE 01;True;False;01111024000180;SP;FICÇÃO;SALAS DE EXIBIÇÃO;Misto FSA+Renúncia;3903919.28;835316.4;4739235.68;1073.52;0.0;0.0;1073.52;54.0;26.0;2.0;0.0;0.0;0;0;0;0;0.0;0;;1.0;0.0;0.0;True;True;0.00022651753837234784;0.0;False
B1800212800000;TALVEZ UMA HISTÓRIA DE AMOR;2018;FSA Pontuação Bilheteria e Roteiro — Produtora;Bilheteria · Produtora;PRODECINE 01;False;False;11503567000105;SP;FICÇÃO;SALAS DE EXIBIÇÃO;Misto FSA+Renúncia;1155520.8;6264845.16;7420365.96;759276.84;0.0;194907.16;954184.0;38193.0;6284.0;79.0;0.0;0.0;0;0;0;0;4.3;1;baixa;0.0;;;True;True;0.12858988426495344;0.0;False
B1900029000000;TITO E OS PÁSSAROS;2018;FSA Pontuação Bilheteria e Roteiro — Produtora;Bilheteria · Produtora;PRODECINE 01;True;False;04310171000178;SP;ANIMAÇÃO;SALAS DE EXIBIÇÃO;Misto FSA+Renúncia;3793305.6;2923607.4;6716913.0;303686.88;0.0;194907.16;498594.04000000004;15276.0;978.0;26.0;26.96;65.5;27150;0;0;0;4.1;1;baixa;0.0;;;True;True;0.07422964090795876;26.96;True
B1800504700000;TORRE DAS DONZELAS;2018;FSA Pontuação Bilheteria e Roteiro — Produtora;Bilheteria · Produtora;PRODECINE 01;True;True;06992833000162;RJ;DOCUMENTÁRIO;SALAS DE EXIBIÇÃO;Misto FSA+Renúncia;1280912.37;682175.06;1963087.43;127709.12;0.0;501189.84;628898.96;6424.0;317.0;17.0;5.2;26.0;0;0;0;0;0.0;0;;0.0;;;True;True;0.32036217561639624;5.2;True
B1900448200000;AOS OLHOS DE ERNESTO;2019;FSA Pontuação Bilheteria e Roteiro — Produtora;Bilheteria · Produtora;PRODECINE 01;False;False;94625829000123;RS;FICÇÃO;SALAS DE EXIBIÇÃO;Misto FSA+Renúncia;2094381.45;1334670.0;3429051.45;7196.56;0.0;266934.0;274130.56;362.0;227.0;7.0;3.6;18.0;0;0;0;0;3.61;2;media;3.0;2.0;1.0;True;True;0.07994355406944972;3.6;True
B1900571100000;INCOMPATÍVEL;2019;FSA Pontuação Bilheteria e Roteiro — Produtora;Bilheteria · Produtora;PRODECINE 01;False;False;01378559000112;SP;FICÇÃO;SALAS DE EXIBIÇÃO;Misto FSA+Renúncia;3611002.5;5316966.72;8927969.219999999;39302.76;0.0;0.0;39302.76;1977.0;513.0;12.0;0.0;0.0;0;0;0;0;0.0;0;;0.0;;;True;True;0.004402206037175384;0.0;False
B1900157600000;KARDEC;2019;FSA Pontuação Bilheteria e Roteiro — Produtora;Bilheteria · Produtora;PRODECINE 01;False;False;09180984000104;RJ;FICÇÃO;SALAS DE EXIBIÇÃO;Misto FSA+Renúncia;6057938.72;4004010.0;10061948.72;15063910.96;0.0;373707.6;15437618.56;757742.0;26260.0;262.0;0.8;4.0;0;0;0;0;3.8;1;baixa;0.0;;;True;True;1.5342573282365128;0.8;True
B1900548300000;LIMA BARRETO, AO TERCEIRO DIA;2019;FSA Pontuação Bilheteria e Roteiro — Produtora;Bilheteria · Produtora;PRODECINE 01;False;False;08408195000115;RJ;FICÇÃO;SALAS DE EXIBIÇÃO;Misto FSA+Renúncia;2166601.5;1414750.2;3581351.7;23438.52;0.0;186853.8;210292.31999999998;1179.0;203.0;13.0;0.0;0.0;0;0;0;0;0.0;0;;0.0;;;True;True;0.05871870109824734;0.0;False
B1900618000000;MACABRO;2019;FSA Pontuação Bilheteria e Roteiro — Produtora;Bilheteria · Produtora;PRODECINE 01;False;False;01803185000135;RJ;FICÇÃO;SALAS DE EXIBIÇÃO;Misto FSA+Renúncia;4176582.0;4738078.5;8914660.5;1689.8;0.0;186853.8;188543.59999999998;85.0;66.0;5.0;0.0;0.0;0;0;0;0;3.541;2;alta;0.0;;;True;True;0.021149835150760927;0.0;False
B1900063700000;MUSSUM, UM FILME DO CACILDIS;2019;FSA Pontuação Bilheteria e Roteiro — Produtora;Bilheteria · Produtora;PRODECINE 01;False;True;06992833000162;RJ;DOCUMENTÁRIO;SALAS DE EXIBIÇÃO;Misto FSA+Renúncia;1127788.3;400401.0;1528189.3;47473.44;0.0;480481.2;527954.64;2388.0;405.0;24.0;0.0;0.0;0;0;0;0;3.4;1;baixa;0.0;;;True;True;0.34547725206556545;0.0;False
B1900098100000;O PERGAMINHO VERMELHO;2019;FSA Pontuação Bilheteria e Roteiro — Produtora;Bilheteria · Produtora;PRODECINE 01;True;False;09028371000156;SP;ANIMAÇÃO;SALAS DE EXIBIÇÃO;FSA puro;3161088.0;0.0;3161088.0;536.76;0.0;106773.6;107310.36;27.0;17.0;3.0;0.0;0.0;0;0;0;0;3.442;2;media;0.0;;;True;True;0.03394728650388727;0.0;False
B1900347800000;PIEDADE;2019;FSA Pontuação Bilheteria e Roteiro — Produtora;Bilheteria · Produtora;PRODECINE 01;False;False;01369211000169;RJ;FICÇÃO;SALAS DE EXIBIÇÃO;Misto FSA+Renúncia;2054707.2;1334670.0;3389377.2;147648.76;0.0;373707.6;521356.36;7427.0;555.0;12.0;2.0;10.0;0;0;0;0;0.0;0;;0.0;;;True;True;0.1538206960263968;2.0;True
B1900284200000;PORFÍRIO DO AMARAL - A VERDADE SOBRE O SAMBA;2019;FSA Pontuação Bilheteria e Roteiro — Produtora;Bilheteria · Produtora;PRODECINE 01;False;False;04979755000130;BA;FICÇÃO;SALAS DE EXIBIÇÃO;FSA puro;642758.45;0.0;642758.45;0.0;0.0;0.0;0.0;;;;0.0;0.0;0;0;0;0;4.2;1;baixa;0.0;;;True;False;;;False
B1900572600000;PUREZA;2019;FSA Pontuação Bilheteria e Roteiro — Produtora;Bilheteria · Produtora;PRODECINE 01;True;False;55084750000180;DF;FICÇÃO;SALAS DE EXIBIÇÃO;Misto FSA+Renúncia;6050701.23;1334670.0;7385371.23;335137.04;0.0;186853.8;521990.83999999997;16858.0;2218.0;51.0;0.0;0.0;0;0;0;0;4.208;2;alta;0.0;;;True;True;0.07067902529796054;0.0;False
B1900331600000;SE ARREPENDIMENTO MATASSE;2019;FSA Pontuação Bilheteria e Roteiro — Produtora;Bilheteria · Produtora;PRODECINE 01;False;False;01025252000138;CE;FICÇÃO;SALAS DE EXIBIÇÃO;FSA puro;1415512.98;0.0;1415512.98;2604.28;0.0;0.0;2604.28;131.0;14.0;1.0;0.0;0.0;0;0;0;0;0.0;0;;0.0;;;True;True;0.001839813577689694;0.0;False
B2000152800000;CAFÉ, PEPI E LIMÃO;2020;FSA Pontuação Bilheteria e Roteiro — Produtora;Bilheteria · Produtora;PRODECINE 01;False;False;07718282000106;BA;FICÇÃO;SALAS DE EXIBIÇÃO;FSA puro;1877721.3;0.0;1877721.3;14989.52;0.0;0.0;14989.52;754.0;69.0;4.0;0.0;0.0;0;0;0;0;0.0;0;;0.0;;;True;True;0.007982824714189481;0.0;False
B2000096200000;EDUARDO E MÔNICA;2020;FSA Pontuação Bilheteria e Roteiro — Produtora;Bilheteria · Produtora;PRODECINE 01;False;False;08427088000134;RJ;FICÇÃO;SALAS DE EXIBIÇÃO;Misto FSA+Renúncia;2505949.2;5235481.49;7741430.69;8140025.04;0.0;178773.28;8318798.32;409458.0;27452.0;313.0;3.0;15.0;0;0;0;0;3.827;2;alta;0.0;;;True;True;1.07458151511268;3.0;True
B2000185600000;NIÈDE;2020;FSA Pontuação Bilheteria e Roteiro — Produtora;Bilheteria · Produtora;PRODECINE 01;False;False;13827942000190;PI;DOCUMENTÁRIO;SALAS DE EXIBIÇÃO;FSA puro;710018.94;0.0;710018.94;2803.08;0.0;76617.12;79420.2;141.0;13.0;1.0;0.0;0.0;0;0;0;0;0.0;0;;0.0;;;True;True;0.1118564527306835;0.0;False
B2000364100000;O CEMITÉRIO DAS ALMAS PERDIDAS;2020;FSA Pontuação Bilheteria e Roteiro — Produtora;Bilheteria · Produtora;PRODECINE 01;False;False;09369796000129;ES;FICÇÃO;SALAS DE EXIBIÇÃO;FSA puro;2366729.8;0.0;2366729.8;1232.56;0.0;76617.12;77849.68;62.0;28.0;1.0;0.0;0.0;0;0;0;0;2.975;2;media;0.0;;;True;True;0.03289335352096382;0.0;False
B2000525500000;O CLUBE DOS ANJOS;2020;FSA Pontuação Bilheteria e Roteiro — Produtora;Bilheteria · Produtora;PRODECINE 01;False;False;10441993000190;RJ;FICÇÃO;SALAS DE EXIBIÇÃO;Misto FSA+Renúncia;2166601.5;2633713.5;4800315.0;86736.44;0.0;76617.12;163353.56;4363.0;459.0;13.0;14.76;14.5;1429;2;1;0;2.8;1;baixa;3.0;0.0;0.0;True;True;0.03402975846376748;14.76;True
B2000320300000;O SENTIDO DA VIDA;2020;FSA Pontuação Bilheteria e Roteiro — Produtora;Bilheteria · Produtora;PRODECINE 01;False;False;02525725000129;SP;DOCUMENTÁRIO;SALAS DE EXIBIÇÃO;Misto FSA+Renúncia;1083300.75;383085.6;1466386.35;3001.88;0.0;0.0;3001.88;151.0;96.0;8.0;0.0;0.0;0;0;0;0;3.2;1;baixa;0.0;;;True;True;0.0020471276209029087;0.0;False
B2000106900000;OS ESCRAVOS DE JÓ;2020;FSA Pontuação Bilheteria e Roteiro — Produtora;Bilheteria · Produtora;PRODECINE 01;False;False;10505568000118;CE;FICÇÃO;SALAS DE EXIBIÇÃO;FSA puro;2195489.52;0.0;2195489.52;7156.8;0.0;0.0;7156.8;360.0;3.0;1.0;0.0;0.0;0;0;0;0;3.438;1;media;0.0;;;True;True;0.003259774157336902;0.0;False
B2000477300000;RIR PRA NÃO CHORAR;2020;FSA Pontuação Bilheteria e Roteiro — Produtora;Bilheteria · Produtora;PRODECINE 01;False;False;04852671000131;DF;FICÇÃO;SALAS DE EXIBIÇÃO;FSA puro;2166601.5;0.0;2166601.5;17255.84;0.0;76617.12;93872.95999999999;868.0;212.0;17.0;0.0;0.0;0;0;0;0;0.0;0;;0.0;;;True;True;0.043327284689870287;0.0;False
B2000040200000;SOLTEIRA QUASE SURTANDO;2020;FSA Pontuação Bilheteria e Roteiro — Produtora;Bilheteria · Produtora;PRODECINE 01;False;False;07978267000105;RJ;FICÇÃO;SALAS DE EXIBIÇÃO;Misto FSA+Renúncia;667335.0;1915428.0;2582763.0;416187.8;0.0;76617.12;492804.92;20935.0;5015.0;123.0;0.0;0.0;0;0;0;0;0.0;0;;0.0;;;True;True;0.19080531972929765;0.0;False
B2000436400000;TODOS OS MORTOS;2020;FSA Pontuação Bilheteria e Roteiro — Produtora;Bilheteria · Produtora;PRODECINE 01;False;False;66876707000174;SP;FICÇÃO;SALAS DE EXIBIÇÃO;Misto FSA+Renúncia;2344810.83;734247.4;3079058.23;11908.12;0.0;357546.56;369454.68;599.0;164.0;5.0;10.4;42.0;0;8;1;0;4.1;1;baixa;12.0;0.0;0.0;True;True;0.1199895073111365;10.4;True
B2100349700000;A QUEDA;2021;FSA Pontuação Bilheteria e Roteiro — Produtora;Bilheteria · Produtora;PRODECINE 01;False;False;22971615000106;MG;FICÇÃO;SALAS DE EXIBIÇÃO;FSA puro;1809852.2;0.0;1809852.2;7037.52;0.0;69613.92;76651.44;354.0;57.0;7.0;0.0;0.0;0;0;0;0;3.895;2;alta;2.0;0.0;0.0;True;True;0.04235232026128985;0.0;False
B2100103100000;DIÁRIO DE VIAGEM;2021;FSA Pontuação Bilheteria e Roteiro — Produtora;Bilheteria · Produtora;PRODECINE 01;False;False;12106102000175;SP;FICÇÃO;SALAS DE EXIBIÇÃO;Misto FSA+Renúncia;3236276.77;928185.6;4164462.37;7932.12;0.0;324864.96;332797.08;;;;0.0;0.0;0;0;0;0;4.412;2;media;0.0;;;True;True;0.07991357597499435;0.0;False
B2100271600000;DUETTO;2021;FSA Pontuação Bilheteria e Roteiro — Produtora;Bilheteria · Produtora;PRODECINE 01;False;True;53976478000118;SP;FICÇÃO;SALAS DE EXIBIÇÃO;Misto FSA+Renúncia;3325951.47;4008461.69;7334413.16;55425.44;0.0;69613.92;125039.36;2788.0;1197.0;50.0;0.0;0.0;0;0;0;0;0.0;0;;0.0;;;True;True;0.017048311469816353;0.0;False
B2100218200000;MADALENA;2021;FSA Pontuação Bilheteria e Roteiro — Produtora;Bilheteria · Produtora;PRODECINE 01;False;False;03493590000120;MS;FICÇÃO;SALAS DE EXIBIÇÃO;FSA puro;2744361.9;0.0;2744361.9;5804.96;0.0;69613.92;75418.88;292.0;113.0;7.0;7.1;35.5;0;0;0;0;3.4;1;baixa;0.0;;;True;True;0.027481390118409676;7.1;True
B2100282200000;PLUFT, O FANTASMINHA;2021;FSA Pontuação Bilheteria e Roteiro — Produtora;Bilheteria · Produtora;PRODECINE 01;False;False;72062029000109;RJ;FICÇÃO;SALAS DE EXIBIÇÃO;Misto FSA+Renúncia;9187905.07;5296459.08;14484364.15;2566368.84;0.0;162432.48;2728801.32;129093.0;11996.0;198.0;0.0;0.0;0;0;0;0;3.938;2;media;0.0;;;True;True;0.18839634876205455;0.0;False
B2100326700000;SWINGUEIRA;2021;FSA Pontuação Bilheteria e Roteiro — Produtora;Bilheteria · Produtora;PRODECINE 01;False;False;14989694000146;CE;DOCUMENTÁRIO;SALAS DE EXIBIÇÃO;FSA puro;333667.5;0.0;333667.5;0.0;0.0;69613.92;69613.92;;;;0.0;0.0;0;0;0;0;0.0;0;;1.0;0.0;0.0;True;False;;;False
B2200405700000;A ILHA DOS ILÚS;2022;FSA Pontuação Bilheteria e Roteiro — Produtora;Bilheteria · Produtora;PRODECINE 01;False;False;08394172000107;GO;ANIMAÇÃO;SALAS DE EXIBIÇÃO;Misto FSA+Renúncia;1487011.0;219346.2;1706357.2;28050.68;0.0;0.0;28050.68;1411.0;255.0;16.0;0.0;0.0;0;0;0;0;3.95;2;alta;0.0;;;True;True;0.016438926152156183;0.0;False
B2200291400000;A LASANHA ASSASSINA - A REVOLTA DAS MASSAS;2022;FSA Pontuação Bilheteria e Roteiro — Produtora;Bilheteria · Produtora;PRODECINE 01;False;False;08517383000181;SP;ANIMAÇÃO;SALAS DE EXIBIÇÃO;Misto FSA+Renúncia;2726666.62;548365.5;3275032.12;1471.12;0.0;0.0;1471.12;74.0;5.0;1.0;0.0;0.0;0;0;0;0;3.755;2;media;0.0;;;True;True;0.00044919254104903246;0.0;False
B2200223200000;ASSALTO NA PAULISTA;2022;FSA Pontuação Bilheteria e Roteiro — Produtora;Bilheteria · Produtora;PRODECINE 01;False;False;02395043000149;SP;FICÇÃO;SALAS DE EXIBIÇÃO;Misto FSA+Renúncia;2947132.71;3310365.47;6257498.18;39740.12;0.0;0.0;39740.12;1999.0;330.0;12.0;0.0;0.0;0;0;0;0;3.59;2;alta;0.0;;;True;True;0.006350800089245891;0.0;False
B2200409600000;ESTADOS UNIDOS DO BRASIL;2022;FSA Pontuação Bilheteria e Roteiro — Produtora;Bilheteria · Produtora;PRODECINE 01;False;False;05928108000162;PA;DOCUMENTÁRIO;SALAS DE EXIBIÇÃO;FSA puro;779628.64;0.0;779628.64;1212.68;0.0;0.0;1212.68;61.0;6.0;1.0;0.0;0.0;0;0;0;0;4.343;2;media;0.0;;;True;True;0.0015554585065012492;0.0;False
B2200307700000;O ALECRIM E O SONHO;2022;FSA Pontuação Bilheteria e Roteiro — Produtora;Bilheteria · Produtora;PRODECINE 01;False;False;23064648000127;RN;FICÇÃO;SALAS DE EXIBIÇÃO;FSA puro;1670632.8;0.0;1670632.8;5944.12;0.0;0.0;5944.12;299.0;14.0;2.0;0.0;0.0;0;0;0;0;3.4;1;baixa;0.0;;;True;True;0.0035580050864558624;0.0;False
B2200080600000;O PAI DA RITA;2022;FSA Pontuação Bilheteria e Roteiro — Produtora;Bilheteria · Produtora;PRODECINE 01;True;False;66669599000169;SP;FICÇÃO;SALAS DE EXIBIÇÃO;Misto FSA+Renúncia;3003007.5;548365.5;3551373.0;24432.52;0.0;153542.34;177974.86;1229.0;337.0;13.0;1.4;7.0;0;0;0;0;3.878;2;alta;0.0;;;True;True;0.05011438111400858;1.4;True
B2200266500000;PORTO PRÍNCIPE;2022;FSA Pontuação Bilheteria e Roteiro — Produtora;Bilheteria · Produtora;PRODECINE 01;False;False;12827703000177;SC;FICÇÃO;SALAS DE EXIBIÇÃO;FSA puro;1809852.2;0.0;1809852.2;5129.04;0.0;0.0;5129.04;258.0;59.0;5.0;0.0;0.0;0;0;0;0;0.0;0;;0.0;;;True;True;0.002833955170482982;0.0;False
B2300257900000;A ESTAÇÃO;2023;FSA Pontuação Bilheteria e Roteiro — Produtora;Bilheteria · Produtora;PRODECINE 01;False;False;10407637000150;MG;FICÇÃO;SALAS DE EXIBIÇÃO;Misto FSA+Renúncia;1067736.0;1140550.4;2208286.4;10456.88;0.0;0.0;10456.88;526.0;99.0;9.0;0.0;0.0;0;0;0;0;0.0;0;;0.0;;;True;True;0.004735291581744107;0.0;False
B2300451700000;A MULHER SEM CHÃO;2023;FSA Pontuação Bilheteria e Roteiro — Produtora;Bilheteria · Produtora;PRODECINE 01;False;False;20357494000173;PA;DOCUMENTÁRIO;SALAS DE EXIBIÇÃO;FSA puro;440441.1;0.0;440441.1;159.04;0.0;0.0;159.04;8.0;29.0;3.0;0.0;0.0;0;0;0;0;4.3;1;baixa;0.0;;;True;True;0.00036109255017299704;0.0;False
B2300486200000;CEDO DEMAIS;2023;FSA Pontuação Bilheteria e Roteiro — Produtora;Bilheteria · Produtora;PRODECINE 01;False;False;72062029000109;RJ;FICÇÃO;SALAS DE EXIBIÇÃO;Misto FSA+Renúncia;2784388.0;3198362.25;5982750.25;7276.08;0.0;0.0;7276.08;366.0;45.0;3.0;0.0;0.0;0;0;0;0;0.0;0;;0.0;;;True;True;0.0012161764566388175;0.0;False
B2300282000000;DE LONGE TODA SERRA É AZUL;2023;FSA Pontuação Bilheteria e Roteiro — Produtora;Bilheteria · Produtora;PRODECINE 01;False;False;07206747000140;DF;DOCUMENTÁRIO;SALAS DE EXIBIÇÃO;FSA puro;1531181.36;0.0;1531181.36;2703.68;0.0;0.0;2703.68;136.0;29.0;4.0;0.0;0.0;0;0;0;0;3.683;2;media;1.0;0.0;0.0;True;True;0.0017657477230522188;0.0;False
B2300201100000;DERRAPADA;2023;FSA Pontuação Bilheteria e Roteiro — Produtora;Bilheteria · Produtora;PRODECINE 01;False;False;09107296000119;RJ;FICÇÃO;SALAS DE EXIBIÇÃO;Misto FSA+Renúncia;1809852.2;2568335.0;4378187.2;9025.52;0.0;146762.0;155787.52;454.0;214.0;15.0;0.0;0.0;0;0;0;0;0.0;0;;0.0;;;True;True;0.03558265393494366;0.0;False
B2300060700000;MAIS PESADO É O CÉU;2023;FSA Pontuação Bilheteria e Roteiro — Produtora;Bilheteria · Produtora;PRODECINE 01;False;False;04614433000198;CE;FICÇÃO;SALAS DE EXIBIÇÃO;FSA puro;1310375.0;0.0;1310375.0;7236.32;0.0;62898.0;70134.32;364.0;363.0;16.0;0.0;0.0;0;0;0;0;3.4;1;baixa;0.0;;;True;True;0.053522327577983406;0.0;False
B2300099200000;MORCEGO NEGRO;2023;FSA Pontuação Bilheteria e Roteiro — Produtora;Bilheteria · Produtora;PRODECINE 01;False;False;09260004000183;SP;DOCUMENTÁRIO;SALAS DE EXIBIÇÃO;Misto FSA+Renúncia;556877.6;314490.0;871367.6;21530.04;0.0;293524.0;315054.04;1083.0;91.0;8.0;0.0;0.0;0;0;0;0;0.0;0;;11.0;0.0;0.0;True;True;0.3615627204867383;0.0;False
B2300200700000;MUNDO PROIBIDO;2023;FSA Pontuação Bilheteria e Roteiro — Produtora;Bilheteria · Produtora;PRODECINE 01;False;False;02231569000193;SP;ANIMAÇÃO;SALAS DE EXIBIÇÃO;Misto FSA+Renúncia;3480485.0;1572450.0;5052935.0;9780.96;0.0;0.0;9780.96;492.0;197.0;5.0;0.0;0.0;0;0;0;0;0.0;0;;0.0;;;True;True;0.0019356987572569208;0.0;False
B2300442100000;OTHELO, O GRANDE;2023;FSA Pontuação Bilheteria e Roteiro — Produtora;Bilheteria · Produtora;PRODECINE 01;False;False;39183983000184;RJ;DOCUMENTÁRIO;SALAS DE EXIBIÇÃO;Misto FSA+Renúncia;904926.1;549309.2;1454235.2999999998;62860.56;0.0;293524.0;356384.56;3162.0;537.0;26.0;0.0;0.0;0;0;0;0;4.4;1;baixa;0.0;;;True;True;0.24506664086616523;0.0;False
B2300258300000;QUARTA-FEIRA DE CINZAS;2023;FSA Pontuação Bilheteria e Roteiro — Produtora;Bilheteria · Produtora;PRODECINE 01;False;False;20386333000108;RJ;FICÇÃO;SALAS DE EXIBIÇÃO;FSA puro;1444401.0;0.0;1444401.0;1570.52;0.0;0.0;1570.52;79.0;36.0;1.0;0.0;0.0;0;0;0;0;2.835;2;alta;0.0;;;True;True;0.0010873157800361534;0.0;False
B2300382200000;RETRATO DE UM CERTO ORIENTE;2023;FSA Pontuação Bilheteria e Roteiro — Produtora;Bilheteria · Produtora;PRODECINE 01;False;False;04939205000198;RJ;FICÇÃO;SALAS DE EXIBIÇÃO;Misto FSA+Renúncia;1572450.0;5022405.3;6594855.3;140551.6;0.0;293524.0;434075.6;7070.0;693.0;21.0;0.0;0.0;0;0;0;0;3.8;1;alta;0.0;;;True;True;0.06582033725592129;0.0;False
B2300105700000;TESOURO NATTERER;2023;FSA Pontuação Bilheteria e Roteiro — Produtora;Bilheteria · Produtora;PRODECINE 01;True;False;55084750000180;DF;DOCUMENTÁRIO;SALAS DE EXIBIÇÃO;FSA puro;2267449.51;0.0;2267449.51;0.0;0.0;0.0;0.0;;;;0.0;0.0;0;0;0;0;0.0;0;;0.0;;;True;False;;;False
B1402125800000;A ESTRADA 47;2014;FSA Pontuação Bilheteria e Roteiro — Distribuidora;Bilheteria · Distribuidora;PRODECINE 02;False;False;01713311000160;RJ;FICÇÃO;INDEFINIDO;Misto FSA+Renúncia;3755590.2;3089240.93;6844831.130000001;668166.8;0.0;209902.56;878069.3600000001;33610.0;;;24.12;21.5;1383;45;10;0;3.727;2;alta;0.0;;;True;True;0.12828210708537963;24.12;True
B1402131600000;CASA GRANDE;2014;FSA Pontuação Bilheteria e Roteiro — Distribuidora;Bilheteria · Distribuidora;PRODECINE 02;False;True;10645895000175;RJ;FICÇÃO;INDEFINIDO;Misto FSA+Renúncia;2267012.25;349.84;2267362.09;803808.04;0.0;253632.26;1057440.3;40433.0;4.0;1.0;25.34;59.5;19926;0;0;0;3.5;1;baixa;4.0;0.0;0.0;True;True;0.4663746935982334;25.34;True
B1402406800000;IRMÃ DULCE;2014;FSA Pontuação Bilheteria e Roteiro — Distribuidora;Bilheteria · Distribuidora;PRODECINE 02;False;False;10645895000175;RJ;FICÇÃO;SALAS DE EXIBIÇÃO;Misto FSA+Renúncia;5583933.0;11894478.42;17478411.42;4131561.0;0.0;743404.9;4874965.9;207825.0;;;0.0;0.0;0;0;0;0;4.2;1;baixa;0.0;;;True;True;0.27891355700791715;0.0;False
B1402704900000;LOUCAS PRA CASAR;2014;FSA Pontuação Bilheteria e Roteiro — Distribuidora;Bilheteria · Distribuidora;PRODECINE 02;False;False;02140164000140;RJ;FICÇÃO;SALAS DE EXIBIÇÃO;Misto FSA+Renúncia;5247564.0;612215.8;5859779.8;75142543.28;0.0;358583.54;75501126.82000001;3779806.0;;;0.0;0.0;0;0;0;0;3.7;1;baixa;0.0;;;True;True;12.884635497736623;0.0;False
B1402689400000;O VENDEDOR DE PASSADOS;2014;FSA Pontuação Bilheteria e Roteiro — Distribuidora;Bilheteria · Distribuidora;PRODECINE 02;True;False;02020661000104;RJ;FICÇÃO;SALAS DE EXIBIÇÃO;Misto FSA+Renúncia;5221836.3;3984641.52;9206477.82;1651352.08;0.0;743404.9;2394756.98;83066.0;;;0.0;0.0;0;0;0;0;3.1;1;baixa;0.0;;;True;True;0.26011652086943277;0.0;False
B1500554400000;A ESPERANÇA É A ÚLTIMA QUE MORRE;2015;FSA Pontuação Bilheteria e Roteiro — Distribuidora;Bilheteria · Distribuidora;PRODECINE 02;False;False;27920016000179;RJ;FICÇÃO;SALAS DE EXIBIÇÃO;Misto FSA+Renúncia;3257294.25;2954036.74;6211330.99;2188788.0;0.0;197568.0;2386356.0;110100.0;;;0.0;0.0;0;0;0;0;3.527;2;media;10.0;1.0;1.0;True;True;0.384193984162483;0.0;False
B1500591500000;A FLORESTA QUE SE MOVE;2015;FSA Pontuação Bilheteria e Roteiro — Distribuidora;Bilheteria · Distribuidora;PRODECINE 02;False;False;00338948000151;RJ;FICÇÃO;SALAS DE EXIBIÇÃO;Misto FSA+Renúncia;1580544.0;3635251.2;5215795.2;167031.76;0.0;316108.8;483140.56;8402.0;;;0.0;0.0;0;0;0;0;3.538;1;alta;0.0;;;True;True;0.09263027812134955;0.0;False
B1500572900000;AS AVENTURAS DO PEQUENO COLOMBO;2015;FSA Pontuação Bilheteria e Roteiro — Distribuidora;Bilheteria · Distribuidora;PRODECINE 02;False;False;07060648000100;RJ;ANIMAÇÃO;SALAS DE EXIBIÇÃO;Misto FSA+Renúncia;2956972.5;347719.68;3304692.18;47314.4;0.0;94832.64;142147.04;2380.0;553.0;9.0;10.86;0.0;2974;0;0;0;3.04;2;media;0.0;;;True;True;0.043013700598280837;10.86;True
B1500843400000;ASPIRANTES;2015;FSA Pontuação Bilheteria e Roteiro — Distribuidora;Bilheteria · Distribuidora;PRODECINE 02;False;True;04858795000124;RJ;FICÇÃO;SALAS DE EXIBIÇÃO;Misto FSA+Renúncia;871321.23;540546.05;1411867.28;7594.16;0.0;442552.32;450146.48;382.0;140.0;10.0;0.0;0.0;0;0;0;0;0.0;0;;0.0;;;True;True;0.318830591498657;0.0;False
B1500873900000;ATRAVÉS DA SOMBRA;2015;FSA Pontuação Bilheteria e Roteiro — Distribuidora;Bilheteria · Distribuidora;PRODECINE 02;False;True;04864145000191;RJ;FICÇÃO;SALAS DE EXIBIÇÃO;Misto FSA+Renúncia;2680287.84;2535350.63;5215638.47;132301.4;0.0;316108.8;448410.19999999995;6655.0;439.0;8.0;0.0;0.0;0;0;0;0;2.6;1;baixa;0.0;;;True;True;0.08597417220906417;0.0;False
B1500711400000;BEATRIZ;2015;FSA Pontuação Bilheteria e Roteiro — Distribuidora;Bilheteria · Distribuidora;PRODECINE 02;False;False;27920016000179;RJ;FICÇÃO;SALAS DE EXIBIÇÃO;Misto FSA+Renúncia;1861311.0;1912458.22;3773769.22;24193.96;0.0;94832.64;119026.6;1217.0;195.0;8.0;0.0;0.0;0;0;0;0;2.998;2;alta;0.0;;;True;True;0.03154050845748326;0.0;False
B1600100300000;O ESCARAVELHO DO DIABO;2015;FSA Pontuação Bilheteria e Roteiro — Distribuidora;Bilheteria · Distribuidora;PRODECINE 02;False;False;66876707000174;SP;FICÇÃO;SALAS DE EXIBIÇÃO;Misto FSA+Renúncia;3951360.0;3951359.98;7902719.98;1679720.84;0.0;324011.52;2003732.36;84493.0;79.0;20.0;0.0;0.0;0;0;0;0;3.858;2;media;0.0;;;True;True;0.25354971010879723;0.0;False
B1500585100000;QUE HORAS ELA VOLTA?;2015;FSA Pontuação Bilheteria e Roteiro — Distribuidora;Bilheteria · Distribuidora;PRODECINE 02;False;False;64047665000133;SP;FICÇÃO;SALAS DE EXIBIÇÃO;Misto FSA+Renúncia;1896652.8;3113671.68;5010324.48;9739291.52;0.0;324011.52;10063303.04;489904.0;13.0;4.0;28.49;54.0;457159;0;0;0;4.4;1;baixa;0.0;;;True;True;2.0085132370508663;28.49;True
B1500899800000;REZA A LENDA;2015;FSA Pontuação Bilheteria e Roteiro — Distribuidora;Bilheteria · Distribuidora;PRODECINE 02;False;False;08821187000104;SP;FICÇÃO;SALAS DE EXIBIÇÃO;Misto FSA+Renúncia;3498376.0;10616371.4;14114747.4;7591555.72;0.0;576898.56;8168454.279999999;381869.0;129.0;23.0;1.2;6.0;0;0;0;0;3.793;2;alta;0.0;;;True;True;0.5787177091104018;1.2;True
B1600036800000;ZOOM;2015;FSA Pontuação Bilheteria e Roteiro — Distribuidora;Bilheteria · Distribuidora;PRODECINE 02;True;False;02525725000129;SP;FICÇÃO;SALAS DE EXIBIÇÃO;Misto FSA+Renúncia;4040212.6;869299.2;4909511.8;281003.8;0.0;197568.0;478571.8;14135.0;;;11.16;9.0;988;0;0;0;0.0;0;;0.0;;;True;True;0.09747849063118659;11.16;True
B1700162000000;ALTAS EXPECTATIVAS;2016;FSA Pontuação Bilheteria e Roteiro — Distribuidora;Bilheteria · Distribuidora;PRODECINE 02;True;True;12375637000141;RJ;FICÇÃO;SALAS DE EXIBIÇÃO;Misto FSA+Renúncia;4242144.98;1427530.56;5669675.540000001;133076.72;0.0;208181.54;341258.26;6694.0;1881.0;49.0;0.0;0.0;0;0;0;0;0.0;0;;0.0;;;True;True;0.060190086291957365;0.0;False
B1700386500000;COMO SE TORNAR O PIOR ALUNO DA ESCOLA;2016;FSA Pontuação Bilheteria e Roteiro — Distribuidora;Bilheteria · Distribuidora;PRODECINE 02;True;False;07276440000115;SP;FICÇÃO;SALAS DE EXIBIÇÃO;Misto FSA+Renúncia;5204538.5;4762979.86;9967518.36;10270246.56;0.0;96655.72;10366902.280000001;516612.0;28731.0;187.0;0.0;0.0;0;0;0;0;3.0;1;baixa;1.0;0.0;0.0;True;True;1.040068541193036;0.0;False
B1600680100000;ELIS;2016;FSA Pontuação Bilheteria e Roteiro — Distribuidora;Bilheteria · Distribuidora;PRODECINE 02;False;False;07949950000106;SP;FICÇÃO;SALAS DE EXIBIÇÃO;Misto FSA+Renúncia;4283274.24;7479665.33;11762939.57;11221802.76;0.0;215616.6;11437419.36;564477.0;16582.0;93.0;15.65;16.0;9639;0;0;0;3.8;1;baixa;0.0;;;True;True;0.9723266273653057;15.65;True
B1600567900000;O SHAOLIN DO SERTÃO;2016;FSA Pontuação Bilheteria e Roteiro — Distribuidora;Bilheteria · Distribuidora;PRODECINE 02;False;False;02008424000128;CE;FICÇÃO;SALAS DE EXIBIÇÃO;Misto FSA+Renúncia;2765952.0;3524216.07;6290168.07;12337130.4;0.0;215616.6;12552747.0;620580.0;15593.0;67.0;0.0;0.0;0;0;0;0;4.0;1;baixa;0.0;;;True;True;1.9956139264177084;0.0;False
B1700011500000;PEIXONAUTA: O FILME;2016;FSA Pontuação Bilheteria e Roteiro — Distribuidora;Bilheteria · Distribuidora;PRODECINE 02;True;False;01161933000123;SP;ANIMAÇÃO;SALAS DE EXIBIÇÃO;Misto FSA+Renúncia;4839408.6;3475780.2;8315188.8;440222.72;0.0;535323.96;975546.6799999999;22144.0;2328.0;42.0;0.0;0.0;0;0;0;0;3.5;1;baixa;0.0;;;True;True;0.11732104988403871;0.0;False
B1700177700000;UM TIO QUASE PERFEITO;2016;FSA Pontuação Bilheteria e Roteiro — Distribuidora;Bilheteria · Distribuidora;PRODECINE 02;False;False;42473256000166;RJ;FICÇÃO;SALAS DE EXIBIÇÃO;Misto FSA+Renúncia;3420125.3;3980135.64;7400260.939999999;11466664.72;0.0;535323.96;12001988.68;576794.0;22112.0;147.0;0.0;0.0;0;0;0;0;3.0;1;baixa;0.0;;;True;True;1.6218331728178226;0.0;False
B1800206400000;UMA NOITE NÃO É NADA;2016;FSA Pontuação Bilheteria e Roteiro — Distribuidora;Bilheteria · Distribuidora;PRODECINE 02;True;False;69126670000155;SP;FICÇÃO;SALAS DE EXIBIÇÃO;Misto FSA+Renúncia;2264827.88;892206.6;3157034.48;20039.04;0.0;89220.66;109259.70000000001;1008.0;309.0;10.0;0.0;0.0;0;0;0;0;0.0;0;;24.0;9.0;6.0;True;True;0.03460833281744836;0.0;False
B1600564100000;VERMELHO RUSSO;2016;FSA Pontuação Bilheteria e Roteiro — Distribuidora;Bilheteria · Distribuidora;PRODECINE 02;False;False;09287514000144;SP;FICÇÃO;SALAS DE EXIBIÇÃO;Misto FSA+Renúncia;790272.0;1602254.35;2392526.35;159020.12;0.0;208181.54;367201.66000000003;7999.0;632.0;20.0;11.6;8.0;0;10;6;0;0.0;0;;12.0;41.0;23.0;True;True;0.15347862730958012;11.6;True
B1700353800000;BERENICE PROCURA;2017;FSA Pontuação Bilheteria e Roteiro — Distribuidora;Bilheteria · Distribuidora;PRODECINE 02;True;True;00338948000151;RJ;FICÇÃO;SALAS DE EXIBIÇÃO;FSA puro;5026097.18;0.0;5026097.18;122023.44;0.0;519984.36;642007.8;6138.0;805.0;13.0;0.0;0.0;0;0;0;0;2.7;1;baixa;4.0;0.0;0.0;True;True;0.12773485609365;0.0;False
B1700119200000;COMO NOSSOS PAIS;2017;FSA Pontuação Bilheteria e Roteiro — Distribuidora;Bilheteria · Distribuidora;PRODECINE 02;False;False;02238621000133;SP;FICÇÃO;SALAS DE EXIBIÇÃO;Misto FSA+Renúncia;4741632.0;3485917.37;8227549.37;4120845.68;0.0;209438.15;4330283.83;207286.0;8109.0;68.0;20.48;31.0;36866;0;0;0;3.7;1;baixa;0.0;;;True;True;0.5263151438251412;20.48;True
B1700395900000;DUAS DE MIM;2017;FSA Pontuação Bilheteria e Roteiro — Distribuidora;Bilheteria · Distribuidora;PRODECINE 02;False;False;10645895000175;RJ;FICÇÃO;SALAS DE EXIBIÇÃO;Misto FSA+Renúncia;5750588.07;1372180.94;7122769.01;5880305.2;0.0;209438.15;6089743.350000001;295790.0;13064.0;104.0;0.0;0.0;0;0;0;0;4.2;1;baixa;0.0;;;True;True;0.8549685299987007;0.0;False
B1700109600000;GOSTOSAS, LINDAS E SEXIES;2017;FSA Pontuação Bilheteria e Roteiro — Distribuidora;Bilheteria · Distribuidora;PRODECINE 02;False;False;15479865000150;SP;FICÇÃO;SALAS DE EXIBIÇÃO;Misto FSA+Renúncia;4333203.0;4333203.0;8666406.0;1722741.16;0.0;527206.37;2249947.53;86657.0;5306.0;64.0;0.0;0.0;0;0;0;0;2.3;1;baixa;0.0;;;True;True;0.2596171388693306;0.0;False
B1700571300000;HAPPY HOUR;2017;FSA Pontuação Bilheteria e Roteiro — Distribuidora;Bilheteria · Distribuidora;PRODECINE 02;True;True;05256465000121;RJ;FICÇÃO;SALAS DE EXIBIÇÃO;Misto FSA+Renúncia;3866228.6;2734186.47;6600415.07;63616.0;0.0;86664.06;150280.06;3200.0;577.0;16.0;0.0;0.0;0;0;0;0;0.0;0;;3.0;0.0;0.0;True;True;0.022768274177641983;0.0;False
B1700600100000;MINHA FAMA DE MAU;2017;FSA Pontuação Bilheteria e Roteiro — Distribuidora;Bilheteria · Distribuidora;PRODECINE 02;False;False;07060648000100;RJ;FICÇÃO;SALAS DE EXIBIÇÃO;Misto FSA+Renúncia;3161088.0;6970679.21;10131767.21;2217156.76;0.0;202216.14;2419372.9;111527.0;7223.0;63.0;0.0;0.0;0;0;0;0;0.0;0;;0.0;;;True;True;0.23879081011771486;0.0;False
B1700168200000;NINGUÉM ENTRA, NINGUÉM SAI;2017;FSA Pontuação Bilheteria e Roteiro — Distribuidora;Bilheteria · Distribuidora;PRODECINE 02;False;False;32267676000132;RJ;FICÇÃO;SALAS DE EXIBIÇÃO;Misto FSA+Renúncia;3161088.0;2888802.0;6049890.0;3985482.76;0.0;527206.37;4512689.13;200477.0;16000.0;169.0;0.0;0.0;0;0;0;0;3.43;2;media;0.0;;;True;True;0.7459125917991897;0.0;False
B1700260300000;O BANQUETE;2017;FSA Pontuação Bilheteria e Roteiro — Distribuidora;Bilheteria · Distribuidora;PRODECINE 02;True;True;05919250000143;SP;FICÇÃO;SALAS DE EXIBIÇÃO;FSA puro;2050969.21;0.0;2050969.21;199933.16;0.0;202216.14;402149.30000000005;10057.0;933.0;16.0;2.0;10.0;0;0;0;0;0.0;0;;1.0;0.0;0.0;True;True;0.19607768758264296;2.0;True
B1700052200000;O CRIME DA GÁVEA;2017;FSA Pontuação Bilheteria e Roteiro — Distribuidora;Bilheteria · Distribuidora;PRODECINE 02;False;False;29185956000197;RJ;FICÇÃO;SALAS DE EXIBIÇÃO;Misto FSA+Renúncia;722200.5;72220.05;794420.55;15069.04;0.0;86664.06;101733.1;758.0;27.0;3.0;0.0;0.0;0;0;0;0;0.0;0;;0.0;;;True;True;0.12805950198544083;0.0;False
B1700513700000;O NOME DA MORTE;2017;FSA Pontuação Bilheteria e Roteiro — Distribuidora;Bilheteria · Distribuidora;PRODECINE 02;False;False;03360320000140;RJ;FICÇÃO;SALAS DE EXIBIÇÃO;Misto FSA+Renúncia;3793305.6;1834389.27;5627694.87;924300.72;0.0;527206.37;1451507.0899999999;46494.0;5203.0;76.0;2.4;12.0;0;0;0;0;3.57;2;alta;0.0;;;True;True;0.25792213748788406;2.4;True
B1800202100000;PARAÍSO PERDIDO;2017;FSA Pontuação Bilheteria e Roteiro — Distribuidora;Bilheteria · Distribuidora;PRODECINE 02;False;True;27872415000101;SP;FICÇÃO;SALAS DE EXIBIÇÃO;Misto FSA+Renúncia;5179952.94;1546189.38;6726142.32;431654.44;0.0;0.0;431654.44;21713.0;1953.0;41.0;0.0;0.0;0;0;0;0;3.84;2;alta;0.0;;;True;True;0.0641756328462583;0.0;False
B1700480900000;ZAMA;2017;FSA Pontuação Bilheteria e Roteiro — Distribuidora;Bilheteria · Distribuidora;PRODECINE 02;False;True;02140120000110;RJ;FICÇÃO;SALAS DE EXIBIÇÃO;Misto FSA+Renúncia;2835402.68;361100.25;3196502.93;206970.68;0.0;86664.06;293634.74;10411.0;652.0;20.0;20.7;53.5;0;32;11;0;0.0;0;;0.0;;;True;True;0.09186124537667793;20.7;True
B1800089700000;A MULHER DO MEU MARIDO;2018;FSA Pontuação Bilheteria e Roteiro — Distribuidora;Bilheteria · Distribuidora;PRODECINE 02;False;True;73619637000134;RJ;FICÇÃO;SALAS DE EXIBIÇÃO;Misto FSA+Renúncia;4844511.45;4794230.26;9638741.71;61488.84;0.0;389814.32;451303.16000000003;3093.0;753.0;21.0;0.0;0.0;0;0;0;0;2.3;1;baixa;0.0;;;True;True;0.04682179205318699;0.0;False
B1900019800000;ALBATROZ;2018;FSA Pontuação Bilheteria e Roteiro — Distribuidora;Bilheteria · Distribuidora;PRODECINE 02;False;False;23723437000159;SP;FICÇÃO;SALAS DE EXIBIÇÃO;Misto FSA+Renúncia;4333203.0;3744707.69;8077910.689999999;126973.56;0.0;278438.8;405412.36;6387.0;893.0;15.0;0.0;0.0;0;0;0;0;0.0;0;;8.0;0.0;0.0;True;True;0.050187774482562404;0.0;False
B1800130000000;ALGUÉM COMO EU;2018;FSA Pontuação Bilheteria e Roteiro — Distribuidora;Bilheteria · Distribuidora;PRODECINE 02;False;False;01378559000112;SP;FICÇÃO;SALAS DE EXIBIÇÃO;Misto FSA+Renúncia;1487011.0;207436.91;1694447.91;567196.28;0.0;90492.61;657688.89;28531.0;3019.0;41.0;2.0;0.0;0;2;1;0;4.3;1;baixa;0.0;;;True;True;0.3881434691019803;2.0;True
B1800166700000;ALÉM DO HOMEM;2018;FSA Pontuação Bilheteria e Roteiro — Distribuidora;Bilheteria · Distribuidora;PRODECINE 02;False;False;07477471000134;SP;FICÇÃO;SALAS DE EXIBIÇÃO;Misto FSA+Renúncia;3710335.94;1670632.8;5380968.74;56479.08;0.0;90492.61;146971.69;2841.0;719.0;13.0;0.0;0.0;0;0;0;0;4.6;1;baixa;0.0;;;True;True;0.027313239883270536;0.0;False
B1800106900000;BENZINHO;2018;FSA Pontuação Bilheteria e Roteiro — Distribuidora;Bilheteria · Distribuidora;PRODECINE 02;True;True;15318729000188;RJ;FICÇÃO;SALAS DE EXIBIÇÃO;Misto FSA+Renúncia;3538399.18;208829.1;3747228.28;788023.32;0.0;194907.16;982930.48;39639.0;2550.0;43.0;34.96;50.0;60939;22;8;0;0.0;0;;0.0;;;True;True;0.2623086736525163;34.96;True
B1900048500000;CINDERELA POP;2018;FSA Pontuação Bilheteria e Roteiro — Distribuidora;Bilheteria · Distribuidora;PRODECINE 02;False;False;05565485000184;RJ;FICÇÃO;SALAS DE EXIBIÇÃO;Misto FSA+Renúncia;3758923.8;4176581.99;7935505.79;9621184.44;0.0;83531.64;9704716.08;483963.0;25603.0;228.0;0.0;0.0;0;0;0;0;4.3;1;baixa;5.0;0.0;0.0;True;True;1.2229486483683858;0.0;False
B1800607100000;CINE MARROCOS;2018;FSA Pontuação Bilheteria e Roteiro — Distribuidora;Bilheteria · Distribuidora;PRODECINE 02;False;False;04728553000116;SP;DOCUMENTÁRIO;SALAS DE EXIBIÇÃO;Misto FSA+Renúncia;798442.75;208829.1;1007271.85;6421.24;0.0;389814.32;396235.56;323.0;204.0;7.0;4.8;24.0;0;0;0;0;0.0;0;;0.0;;;True;True;0.3933749960350823;4.8;True
B1800216200000;CORRENDO ATRÁS;2018;FSA Pontuação Bilheteria e Roteiro — Distribuidora;Bilheteria · Distribuidora;PRODECINE 02;False;False;72062029000109;RJ;FICÇÃO;SALAS DE EXIBIÇÃO;Misto FSA+Renúncia;4490893.06;991938.22;5482831.279999999;278.32;0.0;501189.84;501468.16000000003;14.0;12.0;3.0;0.0;0.0;0;0;0;0;0.0;0;;0.0;;;True;True;0.09146153408536038;0.0;False
B1900005600000;CRAVOS;2018;FSA Pontuação Bilheteria e Roteiro — Distribuidora;Bilheteria · Distribuidora;PRODECINE 02;False;True;04315253000105;SP;DOCUMENTÁRIO;SALAS DE EXIBIÇÃO;FSA puro;636274.42;0.0;636274.42;1312.08;0.0;83531.64;84843.72;66.0;86.0;7.0;0.0;0.0;0;0;0;0;0.0;0;;0.0;;;True;True;0.13334454023784265;0.0;False
B1800422000000;DE VOLTA AO MARACANÃ;2018;FSA Pontuação Bilheteria e Roteiro — Distribuidora;Bilheteria · Distribuidora;PRODECINE 02;False;False;03360320000140;RJ;FICÇÃO;SALAS DE EXIBIÇÃO;FSA puro;2311041.6;0.0;2311041.6;457.24;0.0;83531.64;83988.88;23.0;;;0.0;0.0;0;0;0;0;4.3;1;baixa;0.0;;;True;True;0.03634243537632555;0.0;False
B1800502000000;DOMINGO;2018;FSA Pontuação Bilheteria e Roteiro — Distribuidora;Bilheteria · Distribuidora;PRODECINE 02;False;True;11422855000127;RJ;FICÇÃO;SALAS DE EXIBIÇÃO;Misto FSA+Renúncia;2370816.0;417658.2;2788474.2;53357.92;0.0;501189.84;554547.76;2684.0;347.0;23.0;22.62;32.5;7511;10;2;0;4.078;2;alta;4.0;1.0;1.0;True;True;0.1988713971246354;22.62;True
B1800279000000;JOVENS POLACAS;2018;FSA Pontuação Bilheteria e Roteiro — Distribuidora;Bilheteria · Distribuidora;PRODECINE 02;False;True;03760043000163;RJ;FICÇÃO;SALAS DE EXIBIÇÃO;FSA puro;1732486.78;0.0;1732486.78;49580.72;0.0;83531.64;133112.36;2494.0;346.0;17.0;0.0;0.0;0;0;0;0;0.0;0;;0.0;;;True;True;0.07683311730667289;0.0;False
B1800603500000;MEU AMIGO FELA;2018;FSA Pontuação Bilheteria e Roteiro — Distribuidora;Bilheteria · Distribuidora;PRODECINE 02;False;True;66669599000169;SP;DOCUMENTÁRIO;SALAS DE EXIBIÇÃO;Misto FSA+Renúncia;835316.4;696097.0;1531413.4;56856.8;0.0;83531.64;140388.44;2860.0;295.0;16.0;2.7;13.5;0;0;0;0;4.3;1;baixa;0.0;;;True;True;0.09167246414325486;2.7;True
B1800269200000;MULHERES ALTERADAS;2018;FSA Pontuação Bilheteria e Roteiro — Distribuidora;Bilheteria · Distribuidora;PRODECINE 02;False;False;02525725000129;SP;FICÇÃO;SALAS DE EXIBIÇÃO;Misto FSA+Renúncia;4455020.8;5151117.79;9606138.59;1841106.68;0.0;201868.13;2042974.81;92611.0;4601.0;43.0;1.0;5.0;0;0;0;0;2.5;1;baixa;0.0;;;True;True;0.21267388460611414;1.0;True
B1800307900000;O CANDIDATO HONESTO 2;2018;FSA Pontuação Bilheteria e Roteiro — Distribuidora;Bilheteria · Distribuidora;PRODECINE 02;False;False;03987306000171;RJ;FICÇÃO;SALAS DE EXIBIÇÃO;Misto FSA+Renúncia;5055403.5;4948021.45;10003424.95;11718126.84;0.0;90492.61;11808619.45;589443.0;46087.0;275.0;0.0;0.0;0;0;0;0;3.1;1;baixa;0.0;;;True;True;1.1804576441591637;0.0;False
B1800000800000;O GRANDE CIRCO MISTICO;2018;FSA Pontuação Bilheteria e Roteiro — Distribuidora;Bilheteria · Distribuidora;PRODECINE 02;False;True;73586513000108;RJ;FICÇÃO;SALAS DE EXIBIÇÃO;Misto FSA+Renúncia;5531904.0;9485017.72;15016921.72;1037855.28;0.0;194907.16;1232762.44;52206.0;6994.0;76.0;14.54;0.0;10256;1;1;0;1.7;1;baixa;2.0;1.0;1.0;True;True;0.08209155398061167;14.54;True
B1800115600000;O HOMEM PERFEITO;2018;FSA Pontuação Bilheteria e Roteiro — Distribuidora;Bilheteria · Distribuidora;PRODECINE 02;False;False;05626923000177;SP;FICÇÃO;SALAS DE EXIBIÇÃO;Misto FSA+Renúncia;4176582.0;5661763.74;9838345.74;224425.32;0.0;83531.64;307956.96;11289.0;1695.0;8.0;0.0;0.0;0;0;0;0;3.707;2;media;0.0;;;True;True;0.03130170133663142;0.0;False
B1800307200000;SUEÑO FLORIANÓPOLIS;2018;FSA Pontuação Bilheteria e Roteiro — Distribuidora;Bilheteria · Distribuidora;PRODECINE 02;False;True;00020648000120;SP;FICÇÃO;SALAS DE EXIBIÇÃO;FSA puro;1011080.7;0.0;1011080.7;82044.76;0.0;83531.64;165576.4;4127.0;416.0;30.0;10.0;50.0;0;0;0;0;0.0;0;;0.0;;;True;True;0.16376180457207817;10.0;True
B1800410600000;TUDO ACABA EM FESTA;2018;FSA Pontuação Bilheteria e Roteiro — Distribuidora;Bilheteria · Distribuidora;PRODECINE 02;False;False;01378559000112;SP;FICÇÃO;SALAS DE EXIBIÇÃO;Misto FSA+Renúncia;4461033.0;5443478.22;9904511.22;607572.56;0.0;83531.64;691104.2000000001;30562.0;3582.0;27.0;0.0;0.0;0;0;0;0;2.998;2;media;0.0;;;True;True;0.06977670928419626;0.0;False
B1800580500000;UMA PITADA DE SORTE;2018;FSA Pontuação Bilheteria e Roteiro — Distribuidora;Bilheteria · Distribuidora;PRODECINE 02;True;False;03626688000108;RJ;FICÇÃO;SALAS DE EXIBIÇÃO;Misto FSA+Renúncia;5777604.0;3758923.8;9536527.8;1728665.4;0.0;194907.16;1923572.5599999998;86955.0;4034.0;89.0;0.0;0.0;0;0;0;0;4.072;2;media;0.0;;;True;True;0.20170575709955982;0.0;False
B1900240000000;ANNA;2019;FSA Pontuação Bilheteria e Roteiro — Distribuidora;Bilheteria · Distribuidora;PRODECINE 02;False;False;11140814000148;SP;FICÇÃO;SALAS DE EXIBIÇÃO;Misto FSA+Renúncia;2888802.0;169459.71;3058261.71;13180.44;0.0;80080.2;93260.64;663.0;292.0;7.0;0.0;0.0;0;0;0;0;4.1;1;baixa;0.0;;;True;True;0.03049465639093392;0.0;False
B1900232600000;BACURAU;2019;FSA Pontuação Bilheteria e Roteiro — Distribuidora;Bilheteria · Distribuidora;PRODECINE 02;False;False;08587501000128;PE;FICÇÃO;SALAS DE EXIBIÇÃO;Misto FSA+Renúncia;2230516.5;1601604.0;3832120.5;14749727.44;0.0;480481.2;15230208.639999999;741938.0;20184.0;148.0;41.6;77.5;141139;41;10;0;3.9;1;baixa;0.0;;;True;True;3.974355357562477;41.6;True
B2000006000000;DE PERTO ELA NÃO É NORMAL;2019;FSA Pontuação Bilheteria e Roteiro — Distribuidora;Bilheteria · Distribuidora;PRODECINE 02;False;False;13029754000116;RJ;FICÇÃO;SALAS DE EXIBIÇÃO;Misto FSA+Renúncia;4455020.8;4004010.0;8459030.8;9701.44;0.0;186853.8;196555.24;488.0;130.0;7.0;0.0;0.0;0;0;0;0;4.4;1;baixa;0.0;;;True;True;0.023236141899376932;0.0;False
B1900463100000;FLUXOS;2019;FSA Pontuação Bilheteria e Roteiro — Distribuidora;Bilheteria · Distribuidora;PRODECINE 02;False;False;06076085000178;PE;DOCUMENTÁRIO;SALAS DE EXIBIÇÃO;Misto FSA+Renúncia;836700.24;814148.7;1650848.94;0.0;0.0;0.0;0.0;;;;0.0;0.0;0;0;0;0;0.0;0;;0.0;;;True;False;;;False
B1900075800000;MARIA DO CARITÓ;2019;FSA Pontuação Bilheteria e Roteiro — Distribuidora;Bilheteria · Distribuidora;PRODECINE 02;False;True;00338948000151;RJ;FICÇÃO;SALAS DE EXIBIÇÃO;Misto FSA+Renúncia;3758923.8;4004010.0;7762933.8;825854.96;0.0;186853.8;1012708.76;41542.0;5285.0;80.0;0.0;0.0;0;0;0;0;0.0;0;;0.0;;;True;True;0.13045438568598897;0.0;False
B2000006700000;MARIGHELLA;2019;FSA Pontuação Bilheteria e Roteiro — Distribuidora;Bilheteria · Distribuidora;PRODECINE 02;False;False;02525725000129;SP;FICÇÃO;SALAS DE EXIBIÇÃO;Misto FSA+Renúncia;6431936.28;1833836.58;8265772.86;6536623.52;0.0;186853.8;6723477.319999999;328804.0;11950.0;166.0;16.8;27.5;4129;0;0;0;3.464;2;alta;0.0;;;True;True;0.8134118168836301;16.8;True
B1900341900000;MÚSICA PARA MORRER DE AMOR;2019;FSA Pontuação Bilheteria e Roteiro — Distribuidora;Bilheteria · Distribuidora;PRODECINE 02;False;False;20232042000165;SP;FICÇÃO;SALAS DE EXIBIÇÃO;Misto FSA+Renúncia;2088291.0;1254589.8;3342880.8;1391.6;0.0;80080.2;81471.8;70.0;19.0;4.0;0.0;0.0;0;0;0;0;4.3;1;baixa;0.0;;;True;True;0.024371733506022713;0.0;False
B1900572800000;NOITES DE ALFACE;2019;FSA Pontuação Bilheteria e Roteiro — Distribuidora;Bilheteria · Distribuidora;PRODECINE 02;False;False;03760043000163;RJ;FICÇÃO;SALAS DE EXIBIÇÃO;FSA puro;1866368.32;0.0;1866368.32;4254.32;0.0;560561.4;564815.72;214.0;142.0;7.0;0.0;0.0;0;0;0;0;4.213;2;media;0.0;;;True;True;0.30262821863585854;0.0;False
B1900042200000;O CORPO É NOSSO!;2019;FSA Pontuação Bilheteria e Roteiro — Distribuidora;Bilheteria · Distribuidora;PRODECINE 02;False;True;01464291000131;RJ;DOCUMENTÁRIO;SALAS DE EXIBIÇÃO;Misto FSA+Renúncia;1183267.45;400401.0;1583668.45;27672.96;0.0;80080.2;107753.16;1392.0;140.0;17.0;0.0;0.0;0;0;0;0;3.543;1;alta;0.0;;;True;True;0.0680402264754343;0.0;False
B1900589200000;OS SALAFRÁRIOS;2019;FSA Pontuação Bilheteria e Roteiro — Distribuidora;Bilheteria · Distribuidora;PRODECINE 02;False;False;02140164000140;RJ;FICÇÃO;SALAS DE EXIBIÇÃO;Misto FSA+Renúncia;5752326.98;4004010.0;9756336.98;12186.44;0.0;0.0;12186.44;613.0;28.0;1.0;0.0;0.0;0;0;0;0;0.0;0;;0.0;;;True;True;0.0012490794470282841;0.0;False
B1900508000000;PIXINGUINHA, UM HOMEM CARINHOSO;2019;FSA Pontuação Bilheteria e Roteiro — Distribuidora;Bilheteria · Distribuidora;PRODECINE 02;False;False;00101698000131;RJ;FICÇÃO;SALAS DE EXIBIÇÃO;Misto FSA+Renúncia;4928287.5;8176378.49;13104665.99;120671.6;0.0;186853.8;307525.4;6070.0;1078.0;40.0;0.4;2.0;0;0;0;0;3.936;2;alta;8.0;0.0;0.0;True;True;0.02346686288949819;0.4;True
B1900417800000;SEGUNDO TEMPO;2019;FSA Pontuação Bilheteria e Roteiro — Distribuidora;Bilheteria · Distribuidora;PRODECINE 02;True;True;06096915000129;SP;FICÇÃO;SALAS DE EXIBIÇÃO;Misto FSA+Renúncia;5016842.82;560561.4;5577404.220000001;17096.8;0.0;80080.2;97177.0;860.0;152.0;8.0;0.0;0.0;0;0;0;0;3.648;2;alta;0.0;;;True;True;0.017423338199432134;0.0;False
B1900439300000;TERAPIA DO MEDO;2019;FSA Pontuação Bilheteria e Roteiro — Distribuidora;Bilheteria · Distribuidora;PRODECINE 02;False;False;05508188000105;SP;FICÇÃO;SALAS DE EXIBIÇÃO;Misto FSA+Renúncia;5204538.5;200200.5;5404739.0;8568.28;0.0;0.0;8568.28;431.0;38.0;2.0;0.0;0.0;0;0;0;0;3.788;2;alta;0.0;;;True;True;0.0015853272470696552;0.0;False
B1900235500000;TURMA DA MÔNICA - LAÇOS;2019;FSA Pontuação Bilheteria e Roteiro — Distribuidora;Bilheteria · Distribuidora;PRODECINE 02;False;False;09506070000190;SP;FICÇÃO;SALAS DE EXIBIÇÃO;Misto FSA+Renúncia;4176582.0;6630640.56;10807222.56;42916725.32;0.0;186853.8;43103579.12;2158789.0;61898.0;339.0;2.7;13.5;0;0;0;0;3.9;1;baixa;20.0;4.0;2.0;True;True;3.9884048728242343;2.7;True
B1900486900000;UM DIA QUALQUER;2019;FSA Pontuação Bilheteria e Roteiro — Distribuidora;Bilheteria · Distribuidora;PRODECINE 02;False;False;51264273000184;SP;FICÇÃO;SALAS DE EXIBIÇÃO;Misto FSA+Renúncia;2088291.0;1057178.47;3145469.47;18746.84;0.0;0.0;18746.84;943.0;298.0;10.0;0.0;0.0;0;0;0;0;4.123;2;alta;0.0;;;True;True;0.005959949755926259;0.0;False
B1900454200000;VENEZA;2019;FSA Pontuação Bilheteria e Roteiro — Distribuidora;Bilheteria · Distribuidora;PRODECINE 02;False;False;01473536000197;RJ;FICÇÃO;SALAS DE EXIBIÇÃO;Misto FSA+Renúncia;5692544.59;4938279.0;10630823.59;152380.2;0.0;186853.8;339234.0;7665.0;2218.0;54.0;0.0;0.0;0;0;0;0;3.825;2;alta;0.0;;;True;True;0.03191041570091561;0.0;False
B1900380000000;VOU NADAR ATÉ VOCÊ;2019;FSA Pontuação Bilheteria e Roteiro — Distribuidora;Bilheteria · Distribuidora;PRODECINE 02;False;False;05508188000105;SP;FICÇÃO;SALAS DE EXIBIÇÃO;Misto FSA+Renúncia;1661868.92;3603609.0;5265477.92;21390.88;0.0;186853.8;208244.68;1076.0;191.0;20.0;0.0;0.0;0;0;0;0;0.0;0;;0.0;;;True;True;0.039549055786373896;0.0;False
B2000440700000;DENTE POR DENTE;2020;FSA Pontuação Bilheteria e Roteiro — Distribuidora;Bilheteria · Distribuidora;PRODECINE 02;False;False;02008424000128;CE;FICÇÃO;SALAS DE EXIBIÇÃO;Misto FSA+Renúncia;4785666.88;1372723.4;6158390.279999999;131068.84;0.0;178773.28;309842.12;6593.0;2070.0;61.0;0.0;0.0;0;0;0;0;0.0;0;;0.0;;;True;True;0.050312192945329216;0.0;False
B2000240300000;JESUS KID;2020;FSA Pontuação Bilheteria e Roteiro — Distribuidora;Bilheteria · Distribuidora;PRODECINE 02;False;False;09437566000150;PR;FICÇÃO;SALAS DE EXIBIÇÃO;FSA puro;3488228.42;0.0;3488228.42;19641.44;0.0;76617.12;96258.56;988.0;161.0;7.0;2.4;12.0;0;0;0;0;0.0;0;;0.0;;;True;True;0.027595257078950122;2.4;True
B2000047900000;JÚPITER;2020;FSA Pontuação Bilheteria e Roteiro — Distribuidora;Bilheteria · Distribuidora;PRODECINE 02;False;False;06130502000113;RJ;FICÇÃO;SALAS DE EXIBIÇÃO;FSA puro;3460166.74;0.0;3460166.74;298.2;0.0;76617.12;76915.31999999999;15.0;2.0;1.0;0.0;0.0;0;0;0;0;3.1;1;baixa;0.0;;;True;True;0.022228790049580092;0.0;False
B2000042800000;LAMENTO;2020;FSA Pontuação Bilheteria e Roteiro — Distribuidora;Bilheteria · Distribuidora;PRODECINE 02;False;False;07567854000101;PR;FICÇÃO;SALAS DE EXIBIÇÃO;FSA puro;1439128.94;0.0;1439128.94;5685.68;0.0;76617.12;82302.79999999999;286.0;91.0;7.0;0.0;0.0;0;0;0;0;3.6;1;baixa;0.0;;;True;True;0.05718931619844987;0.0;False
B2000360900000;MIÚDA E O GUARDA-CHUVA;2020;FSA Pontuação Bilheteria e Roteiro — Distribuidora;Bilheteria · Distribuidora;PRODECINE 02;False;False;15743170000133;SP;ANIMAÇÃO;SALAS DE EXIBIÇÃO;FSA puro;986525.88;0.0;986525.88;159.04;0.0;153234.24;153393.28;8.0;17.0;3.0;0.0;0.0;0;0;0;0;4.315;2;media;0.0;;;True;True;0.15548834866856204;0.0;False
B2000127500000;NADA É POR ACASO;2020;FSA Pontuação Bilheteria e Roteiro — Distribuidora;Bilheteria · Distribuidora;PRODECINE 02;False;False;09095244000170;RJ;FICÇÃO;SALAS DE EXIBIÇÃO;Misto FSA+Renúncia;3780942.18;3830856.0;7611798.18;3006372.88;0.0;0.0;3006372.88;151226.0;11780.0;232.0;0.0;0.0;0;0;0;0;3.17;2;alta;0.0;;;True;True;0.39496224267995506;0.0;False
B2000163800000;OS ESPETACULARES;2020;FSA Pontuação Bilheteria e Roteiro — Distribuidora;Bilheteria · Distribuidora;PRODECINE 02;False;False;00538914000100;RJ;FICÇÃO;SALAS DE EXIBIÇÃO;Misto FSA+Renúncia;7222005.0;510780.8;7732785.8;5884.48;0.0;76617.12;82501.59999999999;296.0;29.0;4.0;0.0;0.0;0;0;0;0;0.0;0;;0.0;;;True;True;0.010669065733076428;0.0;False
B2000004600000;SOLDADOS DA BORRACHA - OS HERÓIS ESQUECIDOS;2020;FSA Pontuação Bilheteria e Roteiro — Distribuidora;Bilheteria · Distribuidora;PRODECINE 02;False;False;04761874000112;CE;DOCUMENTÁRIO;SALAS DE EXIBIÇÃO;Misto FSA+Renúncia;432208.11;645693.91;1077902.02;3459.12;0.0;357546.56;361005.68;174.0;19.0;2.0;0.0;0.0;0;0;0;0;3.627;2;alta;0.0;;;True;True;0.3349151159397586;0.0;False
B2000340700000;SUJEITO OCULTO;2020;FSA Pontuação Bilheteria e Roteiro — Distribuidora;Bilheteria · Distribuidora;PRODECINE 02;False;False;06076085000178;PE;FICÇÃO;SALAS DE EXIBIÇÃO;FSA puro;3434391.26;0.0;3434391.26;11928.0;0.0;0.0;11928.0;600.0;140.0;1.0;0.0;0.0;0;0;0;0;0.0;0;;0.0;;;True;True;0.0034731045757436505;0.0;False
B2000065800000;TARSILINHA;2020;FSA Pontuação Bilheteria e Roteiro — Distribuidora;Bilheteria · Distribuidora;PRODECINE 02;False;False;01161933000123;SP;ANIMAÇÃO;SALAS DE EXIBIÇÃO;Misto FSA+Renúncia;4461033.0;3200297.1;7661330.1;167826.96;0.0;102156.16;269983.12;8442.0;2237.0;55.0;0.0;0.0;0;0;0;0;3.463;1;alta;0.0;;;True;True;0.035239719014326244;0.0;False
B2100115300000;AOS NOSSOS FILHOS;2021;FSA Pontuação Bilheteria e Roteiro — Distribuidora;Bilheteria · Distribuidora;PRODECINE 02;False;True;05500952000198;RJ;FICÇÃO;SALAS DE EXIBIÇÃO;Misto FSA+Renúncia;3062826.8;2030406.0;5093232.8;123355.4;0.0;417683.52;541038.92;6205.0;602.0;20.0;17.53;0.0;4894;12;3;0;3.683;1;alta;0.0;;;True;True;0.1062270155803599;17.53;True
B2100433800000;CARRO REI;2021;FSA Pontuação Bilheteria e Roteiro — Distribuidora;Bilheteria · Distribuidora;PRODECINE 02;False;False;02908530000168;PE;FICÇÃO;SALAS DE EXIBIÇÃO;Misto FSA+Renúncia;3283244.97;229075.05;3512320.02;23478.28;0.0;69613.92;93092.2;1181.0;145.0;11.0;3.6;18.0;0;0;0;0;0.0;0;;0.0;;;True;True;0.026504475523275353;3.6;True
B2100408300000;DESERTO PARTICULAR;2021;FSA Pontuação Bilheteria e Roteiro — Distribuidora;Bilheteria · Distribuidora;PRODECINE 02;False;False;09437566000150;PR;FICÇÃO;SALAS DE EXIBIÇÃO;Misto FSA+Renúncia;3337099.01;991998.36;4329097.37;181723.08;0.0;69613.92;251337.0;9141.0;712.0;23.0;31.95;49.5;7171;30;17;0;3.937;2;alta;0.0;;;True;True;0.05805759919879094;31.95;True
B2100260000000;DIÁRIOS DE INTERCÂMBIO;2021;FSA Pontuação Bilheteria e Roteiro — Distribuidora;Bilheteria · Distribuidora;PRODECINE 02;False;False;01473536000197;RJ;FICÇÃO;SALAS DE EXIBIÇÃO;Misto FSA+Renúncia;4004010.0;5721846.54;9725856.54;675.92;0.0;139227.84;139903.76;34.0;70.0;5.0;0.0;0.0;0;0;0;0;3.948;2;alta;5.0;0.0;0.0;True;True;0.014384723795237064;0.0;False
B2100027200000;JAIR RODRIGUES - DEIXA QUE DIGAM;2021;FSA Pontuação Bilheteria e Roteiro — Distribuidora;Bilheteria · Distribuidora;PRODECINE 02;False;False;58496571000149;SP;DOCUMENTÁRIO;SALAS DE EXIBIÇÃO;Misto FSA+Renúncia;974535.8;435087.0;1409622.8;48308.4;0.0;69613.92;117922.32;2430.0;406.0;16.0;0.0;0.0;0;0;0;0;0.0;0;;0.0;;;True;True;0.08365523032118947;0.0;False
B2100070100000;O SILÊNCIO DA CHUVA;2021;FSA Pontuação Bilheteria e Roteiro — Distribuidora;Bilheteria · Distribuidora;PRODECINE 02;False;False;02605295000155;RJ;FICÇÃO;SALAS DE EXIBIÇÃO;Misto FSA+Renúncia;6362823.58;3480696.0;9843519.58;33120.08;0.0;162432.48;195552.56;1666.0;431.0;17.0;0.2;1.0;0;0;0;0;4.1;1;baixa;0.0;;;True;True;0.019866121910025195;0.2;True
B2100017600000;O TREM DA UTOPIA;2021;FSA Pontuação Bilheteria e Roteiro — Distribuidora;Bilheteria · Distribuidora;PRODECINE 02;False;False;52858982000150;SP;DOCUMENTÁRIO;SALAS DE EXIBIÇÃO;Misto FSA+Renúncia;1415347.58;7297.86;1422645.4400000002;1809.08;0.0;0.0;1809.08;91.0;32.0;4.0;0.0;0.0;0;0;0;0;4.245;2;media;0.0;;;True;True;0.0012716309694142764;0.0;False
B2100507100000;OS DRAGÕES;2021;FSA Pontuação Bilheteria e Roteiro — Distribuidora;Bilheteria · Distribuidora;PRODECINE 02;False;True;01106959000179;RS;FICÇÃO;SALAS DE EXIBIÇÃO;FSA puro;2349474.95;0.0;2349474.95;98028.28;0.0;0.0;98028.28;4931.0;4366.0;39.0;0.0;0.0;0;0;0;0;0.0;0;;0.0;;;True;True;0.0417234837936876;0.0;False
B2200102500000;AS ÓRFÃS DA RAINHA;2022;FSA Pontuação Bilheteria e Roteiro — Distribuidora;Bilheteria · Distribuidora;PRODECINE 02;False;False;02501714000109;MG;FICÇÃO;SALAS DE EXIBIÇÃO;FSA puro;3135373.4;0.0;3135373.4;46698.12;0.0;0.0;46698.12;2349.0;189.0;4.0;0.0;0.0;0;0;0;0;0.0;0;;0.0;;;True;True;0.01489395808486479;0.0;False
B2200375000000;CHICO PARA SEMPRE;2022;FSA Pontuação Bilheteria e Roteiro — Distribuidora;Bilheteria · Distribuidora;PRODECINE 02;False;False;01946155000188;RJ;DOCUMENTÁRIO;SALAS DE EXIBIÇÃO;FSA puro;1333468.44;0.0;1333468.44;166673.92;0.0;65803.86;232477.78000000003;8384.0;590.0;35.0;0.0;0.0;0;0;0;0;4.4;1;baixa;0.0;;;True;True;0.17434066906000417;0.0;False
B2200202000000;DE REPENTE DRAG;2022;FSA Pontuação Bilheteria e Roteiro — Distribuidora;Bilheteria · Distribuidora;PRODECINE 02;False;False;21384949000102;MA;FICÇÃO;SALAS DE EXIBIÇÃO;FSA puro;3115319.98;0.0;3115319.98;22027.04;0.0;65803.86;87830.9;1108.0;88.0;7.0;0.0;0.0;0;0;0;0;4.095;2;media;0.0;;;True;True;0.02819321949715098;0.0;False
B2200050700000;MEU AMIGÃOZÃO - O FILME;2022;FSA Pontuação Bilheteria e Roteiro — Distribuidora;Bilheteria · Distribuidora;PRODECINE 02;False;False;02683477000144;RJ;ANIMAÇÃO;SALAS DE EXIBIÇÃO;Misto FSA+Renúncia;4653277.5;1261240.65;5914518.15;344580.04;0.0;307084.68;651664.72;17333.0;2012.0;60.0;0.0;0.0;0;0;0;0;3.7;1;baixa;0.0;;;True;True;0.11018052586413991;0.0;False
B2200356700000;SOCIEDADE DO MEDO;2022;FSA Pontuação Bilheteria e Roteiro — Distribuidora;Bilheteria · Distribuidora;PRODECINE 02;False;False;13188290000190;RJ;DOCUMENTÁRIO;SALAS DE EXIBIÇÃO;Misto FSA+Renúncia;1255813.69;131607.72;1387421.41;9800.84;0.0;307084.68;316885.52;493.0;93.0;9.0;0.0;0.0;0;0;0;0;3.788;2;alta;0.0;;;True;True;0.22839889720312162;0.0;False
B2200065900000;SOL;2022;FSA Pontuação Bilheteria e Roteiro — Distribuidora;Bilheteria · Distribuidora;PRODECINE 02;False;False;13924232000188;SP;FICÇÃO;SALAS DE EXIBIÇÃO;Misto FSA+Renúncia;2936274.0;3290193.0;6226467.0;15208.2;0.0;65803.86;81012.06;765.0;416.0;11.0;1.8;9.0;0;0;0;0;4.24;2;alta;0.0;;;True;True;0.013010919354426836;1.8;True
B2200347700000;TEMPOS DE BARBÁRIE - ATO I: TERAPIA DA VINGANÇA;2022;FSA Pontuação Bilheteria e Roteiro — Distribuidora;Bilheteria · Distribuidora;PRODECINE 02;False;False;07630900000161;RJ;FICÇÃO;SALAS DE EXIBIÇÃO;Misto FSA+Renúncia;3838558.5;3290193.0;7128751.5;56419.44;0.0;65803.86;122223.3;2838.0;1639.0;67.0;0.0;0.0;0;0;0;0;2.7;1;baixa;0.0;;;True;True;0.017145120011547603;0.0;False
B2300247700000;AGRESTE;2023;FSA Pontuação Bilheteria e Roteiro — Distribuidora;Bilheteria · Distribuidora;PRODECINE 02;False;False;06096915000129;SP;FICÇÃO;SALAS DE EXIBIÇÃO;Misto FSA+Renúncia;3540024.32;786225.0;4326249.32;10337.6;0.0;0.0;10337.6;520.0;159.0;10.0;0.0;0.0;0;0;0;0;0.0;0;;0.0;;;True;True;0.002389506298726214;0.0;False
B2300468900000;ATÉ QUE A MÚSICA PARE;2023;FSA Pontuação Bilheteria e Roteiro — Distribuidora;Bilheteria · Distribuidora;PRODECINE 02;False;False;08267476000103;RS;FICÇÃO;SALAS DE EXIBIÇÃO;FSA puro;1160232.0;0.0;1160232.0;44690.24;0.0;0.0;44690.24;2248.0;473.0;24.0;9.03;0.0;771;0;0;0;4.05;2;alta;8.0;0.0;0.0;True;True;0.03851836529245875;9.03;True
B2300408500000;LILITH;2023;FSA Pontuação Bilheteria e Roteiro — Distribuidora;Bilheteria · Distribuidora;PRODECINE 02;False;False;02342813000195;RJ;FICÇÃO;SALAS DE EXIBIÇÃO;Misto FSA+Renúncia;1334670.0;733810.0;2068480.0;12265.96;0.0;83864.0;96129.95999999999;617.0;86.0;7.0;0.0;0.0;0;0;0;0;0.0;0;;7.0;5.0;3.0;True;True;0.04647371983292079;0.0;False
B2300375400000;PRINCESA ADORMECIDA;2023;FSA Pontuação Bilheteria e Roteiro — Distribuidora;Bilheteria · Distribuidora;PRODECINE 02;False;False;05565485000184;RJ;FICÇÃO;SALAS DE EXIBIÇÃO;Misto FSA+Renúncia;3899882.7;3144900.0;7044782.7;589998.64;0.0;0.0;589998.64;29678.0;22679.0;152.0;0.0;0.0;0;0;0;0;3.888;2;alta;0.0;;;True;True;0.08374972871767926;0.0;False
B1800001000000;EX-PAJÉ;2017;FSA Comercialização / Distribuição;Add-on FSA (Compl./Comerc.);PRODECINE 03;False;True;02238621000133;SP;DOCUMENTÁRIO;SALAS DE EXIBIÇÃO;FSA puro;139219.4;0.0;139219.4;181564.04;0.0;86664.06;268228.1;9133.0;480.0;13.0;7.2;36.0;0;0;0;0;0.0;0;;0.0;;;True;True;1.9266574917001509;7.2;True
B1700339700000;HISTORIETAS ASSOMBRADAS - O FILME;2017;FSA Comercialização / Distribuição;Add-on FSA (Compl./Comerc.);PRODECINE 03;False;True;08296780000170;SP;ANIMAÇÃO;SALAS DE EXIBIÇÃO;Misto FSA+Renúncia;696097.0;1444401.0;2140498.0;713254.64;0.0;202216.14;915470.78;35878.0;6751.0;84.0;0.8;4.0;0;0;0;0;3.3;1;baixa;0.0;;;True;True;0.42769055612292095;0.8;True
B1700184000000;NOVA AMSTERDAM;2017;FSA Comercialização / Distribuição;Add-on FSA (Compl./Comerc.);PRODECINE 03;False;True;07077834000144;RN;FICÇÃO;SALAS DE EXIBIÇÃO;FSA puro;93277.0;0.0;93277.0;12087.04;0.0;0.0;12087.04;608.0;;;0.0;0.0;0;0;0;0;3.636;2;alta;0.0;;;True;True;0.12958221212088725;0.0;False
B1700584300000;O BEIJO NO ASFALTO;2017;FSA Comercialização / Distribuição;Add-on FSA (Compl./Comerc.);PRODECINE 03;False;True;01369211000169;RJ;FICÇÃO;SALAS DE EXIBIÇÃO;FSA puro;133467.0;0.0;133467.0;218719.76;0.0;519984.36;738704.12;11002.0;733.0;22.0;1.5;7.5;0;0;0;0;2.8;1;baixa;0.0;;;True;True;5.5347323308383345;1.5;True
B1800132900000;TINTA BRUTA;2018;FSA Comercialização / Distribuição;Add-on FSA (Compl./Comerc.);PRODECINE 03;False;True;13516637000187;RS;FICÇÃO;SALAS DE EXIBIÇÃO;FSA puro;133467.0;0.0;133467.0;164805.2;0.0;83531.64;248336.84000000003;8290.0;673.0;34.0;23.55;59.5;5329;0;0;0;2.6;1;baixa;0.0;;;True;True;1.8606609873601716;23.55;True
B1500113300000;LOVE FILM FESTIVAL;2014;FSA Complementação;Add-on FSA (Compl./Comerc.);PRODECINE 04;True;True;01369211000169;RJ;FICÇÃO;SALAS DE EXIBIÇÃO;FSA puro;699536.13;0.0;699536.13;50336.16;0.0;734658.96;784995.12;2532.0;221.0;11.0;0.0;0.0;0;0;0;0;3.3;1;baixa;7.0;5.0;3.0;True;True;1.1221652268339593;0.0;False
B1402192700000;OS AMIGOS;2014;FSA Complementação;Add-on FSA (Compl./Comerc.);PRODECINE 04;True;True;07490019000102;SP;FICÇÃO;INDEFINIDO;Misto FSA+Renúncia;1501160.14;2099025.6;3600185.74;109598.44;0.0;113697.22;223295.66;5513.0;;;0.0;0.0;0;0;0;0;0.0;0;;0.0;;;True;True;0.06202337216079301;0.0;False
B1402146300000;PRAIA DO FUTURO;2014;FSA Complementação;Bilheteria · Distribuidora;PRODECINE 04;True;False;05508188000105;SP;FICÇÃO;INDEFINIDO;Misto FSA+Renúncia;4404603.73;6235526.71;10640130.44;2631893.32;0.0;113697.22;2745590.54;132389.0;8.0;1.0;0.0;0.0;0;0;0;0;3.1;1;baixa;0.0;;;True;True;0.25804106025602447;0.0;False
B1600245600000;ANTES O TEMPO NÃO ACABAVA;2015;FSA Complementação;Add-on FSA (Compl./Comerc.);PRODECINE 04;True;True;04302591000102;AM;FICÇÃO;SALAS DE EXIBIÇÃO;FSA puro;1096221.06;0.0;1096221.06;33338.76;0.0;189665.28;223004.04;1677.0;252.0;15.0;0.0;0.0;0;0;0;0;3.648;2;alta;1.0;0.0;0.0;True;True;0.20342980821769652;0.0;False
B1500464600000;BRUXARIAS;2015;FSA Complementação;Add-on FSA (Compl./Comerc.);PRODECINE 04;True;True;87435368000160;RS;ANIMAÇÃO;SALAS DE EXIBIÇÃO;FSA puro;1011214.9;0.0;1011214.9;14353.36;0.0;0.0;14353.36;722.0;272.0;16.0;0.0;0.0;0;0;0;0;0.0;0;;0.0;;;True;True;0.014194173760691224;0.0;False
B1500818400000;EM TRÊS ATOS;2015;FSA Complementação;Add-on FSA (Compl./Comerc.);PRODECINE 04;True;False;73947392000174;RJ;FICÇÃO;SALAS DE EXIBIÇÃO;FSA puro;553190.4;0.0;553190.4;41668.48;0.0;102735.36;144403.84;2096.0;1.0;1.0;1.9;9.5;0;0;0;0;4.412;2;media;0.0;;;True;True;0.261038224813735;1.9;True
B1500651700000;MATE-ME POR FAVOR;2015;FSA Complementação;Bilheteria · Distribuidora;PRODECINE 04;True;True;02140120000110;RJ;FICÇÃO;SALAS DE EXIBIÇÃO;Misto FSA+Renúncia;2174508.31;275850.04;2450358.35;196275.24;0.0;545287.68;741562.92;9873.0;934.0;32.0;22.16;60.0;1779;0;0;0;2.8;1;baixa;15.0;0.0;0.0;True;True;0.30263447793258486;22.16;True
B1600033400000;MEU AMIGO HINDU;2015;FSA Complementação;Add-on FSA (Compl./Comerc.);PRODECINE 04;True;False;46848701000186;SP;FICÇÃO;SALAS DE EXIBIÇÃO;Misto FSA+Renúncia;3420125.3;10213551.56;13633676.86;479068.24;0.0;316108.8;795177.04;24098.0;4.0;1.0;0.0;0.0;0;0;0;0;4.3;1;baixa;0.0;;;True;True;0.058324474620120935;0.0;False
B1500701300000;OPERAÇÕES ESPECIAIS (EX BOLETIM DE OCORRÊNCIA B.O);2015;FSA Complementação;Add-on FSA (Compl./Comerc.);PRODECINE 04;True;False;04344932000102;SP;FICÇÃO;SALAS DE EXIBIÇÃO;Misto FSA+Renúncia;1794574.95;4741631.97;6536206.92;7276736.04;0.0;229178.88;7505914.92;366033.0;;;0.0;0.0;0;0;0;0;3.9;1;baixa;0.0;;;True;True;1.1483594402485655;0.0;False
B1500868700000;ORAÇÃO DO AMOR SELVAGEM;2015;FSA Complementação;Add-on FSA (Compl./Comerc.);PRODECINE 04;True;False;00639143000148;SC;FICÇÃO;SALAS DE EXIBIÇÃO;Misto FSA+Renúncia;781583.75;1485711.36;2267295.1100000003;31986.92;0.0;189665.28;221652.2;1609.0;1.0;1.0;0.0;0.0;0;0;0;0;4.3;1;baixa;0.0;;;True;True;0.09776063072795141;0.0;False
B1500778300000;S.O.S. MULHERES AO MAR 2;2015;FSA Complementação;Add-on FSA (Compl./Comerc.);PRODECINE 04;True;False;01473536000197;RJ;FICÇÃO;SALAS DE EXIBIÇÃO;Misto FSA+Renúncia;2081815.4;6812144.64;8893960.04;30488385.48;0.0;324011.52;30812397.0;1533621.0;;;0.0;0.0;0;0;0;0;4.0;1;baixa;0.0;;;True;True;3.4644181963291127;0.0;False
B1600043800000;TÔ RYCA!;2015;FSA Complementação;Arranjos Regionais;PRODECINE 04;True;False;02140164000140;RJ;FICÇÃO;SALAS DE EXIBIÇÃO;Misto FSA+Renúncia;4751285.79;3042547.2;7793832.99;21610375.08;0.0;324011.52;21934386.599999998;1087041.0;36941.0;176.0;0.4;2.0;0;0;0;0;3.85;2;alta;0.0;;;True;True;2.81432597133442;0.4;True
B1600439400000;A TERRA VERMELHA;2016;FSA Complementação;Add-on FSA (Compl./Comerc.);PRODECINE 04;True;False;04980287000114;RS;FICÇÃO;SALAS DE EXIBIÇÃO;Misto FSA+Renúncia;1054538.96;1070647.92;2125186.88;31032.68;0.0;96655.72;127688.4;1561.0;161.0;5.0;0.0;0.0;0;0;0;0;3.975;2;media;0.0;;;True;True;0.06008337487948354;0.0;False
B1700402100000;BLITZ;2016;FSA Complementação;Add-on FSA (Compl./Comerc.);PRODECINE 04;True;False;08465974000152;SP;FICÇÃO;SALAS DE EXIBIÇÃO;FSA puro;1178736.52;0.0;1178736.52;5248.32;0.0;0.0;5248.32;264.0;47.0;3.0;0.0;0.0;0;0;0;0;3.933;2;alta;0.0;;;True;True;0.00445249630511151;0.0;False
B1700578900000;CAMPUS SANTO;2016;FSA Complementação;Add-on FSA (Compl./Comerc.);PRODECINE 04;True;False;37981206000150;DF;FICÇÃO;SALAS DE EXIBIÇÃO;Misto FSA+Renúncia;2037643.65;29740.22;2067383.87;954.24;0.0;0.0;954.24;48.0;1.0;1.0;0.0;0.0;0;0;0;0;0.0;0;;0.0;;;True;True;0.0004615688522325561;0.0;False
B1700028400000;LAS INESES;2016;FSA Complementação;Add-on FSA (Compl./Comerc.);PRODECINE 04;True;True;01541247000188;RS;FICÇÃO;SALAS DE EXIBIÇÃO;FSA puro;537875.67;0.0;537875.67;17832.36;0.0;0.0;17832.36;897.0;109.0;9.0;0.0;0.0;0;0;0;0;0.0;0;;0.0;;;True;True;0.03315331217714309;0.0;False
B1600564300000;LUA EM SAGITÁRIO;2016;FSA Complementação;Add-on FSA (Compl./Comerc.);PRODECINE 04;True;False;01282220000118;SC;FICÇÃO;SALAS DE EXIBIÇÃO;FSA puro;901395.31;0.0;901395.31;66001.6;0.0;416363.08;482364.68000000005;3320.0;233.0;15.0;0.0;0.0;0;0;0;0;0.0;0;;0.0;;;True;True;0.5351311179997154;0.0;False
B1700479800000;MEU MUNDIAL;2016;FSA Complementação;Add-on FSA (Compl./Comerc.);PRODECINE 04;True;True;04980287000114;RS;FICÇÃO;SALAS DE EXIBIÇÃO;FSA puro;635055.45;0.0;635055.45;8250.2;0.0;89220.66;97470.86;415.0;105.0;9.0;0.0;0.0;0;0;0;0;0.0;0;;0.0;;;True;True;0.15348401466360143;0.0;False
B1700477300000;DONA FLOR E SEUS DOIS MARIDOS;2017;FSA Complementação;Add-on FSA (Compl./Comerc.);PRODECINE 04;True;False;39527494000100;RJ;FICÇÃO;SALAS DE EXIBIÇÃO;Misto FSA+Renúncia;1918844.84;5777604.0;7696448.84;939489.04;0.0;202216.14;1141705.1800000002;47258.0;4708.0;38.0;0.0;0.0;0;0;0;0;4.035;2;alta;0.0;;;True;True;0.14834181370326632;0.0;False
B1800029600000;O OLHO E A FACA;2017;FSA Complementação;Bilheteria · Distribuidora;PRODECINE 04;True;True;71733695000169;SP;FICÇÃO;SALAS DE EXIBIÇÃO;Misto FSA+Renúncia;3865425.82;2500980.33;6366406.15;30138.08;0.0;86664.06;116802.14;1516.0;267.0;12.0;0.0;0.0;0;0;0;0;0.0;0;;0.0;;;True;True;0.018346636587111238;0.0;False
B1700405200000;PRAÇA PARIS;2017;FSA Complementação;Add-on FSA (Compl./Comerc.);PRODECINE 04;True;True;73947392000174;RJ;FICÇÃO;SALAS DE EXIBIÇÃO;Misto FSA+Renúncia;2825320.9;144440.1;2969761.0;265358.24;0.0;93886.07;359244.31;13348.0;628.0;15.0;4.6;23.0;0;0;0;0;0.0;0;;0.0;;;True;True;0.120967414549521;4.6;True
B1800131200000;A TROPA DE TRAPO - NA SELVA DO ARCO-ÍRIS;2018;FSA Complementação;Add-on FSA (Compl./Comerc.);PRODECINE 04;True;False;44154342000131;SP;ANIMAÇÃO;SALAS DE EXIBIÇÃO;Misto FSA+Renúncia;222757.13;661292.15;884049.28;2147.04;0.0;0.0;2147.04;108.0;57.0;2.0;0.0;0.0;0;0;0;0;3.783;1;alta;0.0;;;True;True;0.002428642891943761;0.0;False
B1800262800000;A VOZ DO SILÊNCIO;2018;FSA Complementação;Add-on FSA (Compl./Comerc.);PRODECINE 04;True;True;04687576000120;SP;FICÇÃO;SALAS DE EXIBIÇÃO;Misto FSA+Renúncia;981048.07;1088837.71;2069885.78;63516.6;0.0;83531.64;147048.24;3195.0;527.0;16.0;0.0;0.0;0;0;0;0;4.1;1;baixa;0.0;;;True;True;0.07104171709416739;0.0;False
B1800556100000;CHORAR DE RIR;2018;FSA Complementação;Add-on FSA (Compl./Comerc.);PRODECINE 04;True;False;05508188000105;SP;FICÇÃO;SALAS DE EXIBIÇÃO;Misto FSA+Renúncia;4176582.0;7176276.98;11352858.98;1667693.44;0.0;83531.64;1751225.0799999998;83888.0;6796.0;99.0;0.0;0.0;0;0;0;0;0.0;0;;1.0;24.0;24.0;True;True;0.1542541031369351;0.0;False
B1800445100000;DIAMANTINO;2018;FSA Complementação;Add-on FSA (Compl./Comerc.);PRODECINE 04;True;True;09409976000197;RJ;FICÇÃO;SALAS DE EXIBIÇÃO;FSA puro;745342.69;0.0;745342.69;76140.4;0.0;83531.64;159672.03999999998;3830.0;401.0;23.0;27.6;88.0;0;51;9;0;0.0;0;;0.0;;;True;True;0.21422634466301668;27.6;True
B1800300700000;MISSÃO 115;2018;FSA Complementação;Add-on FSA (Compl./Comerc.);PRODECINE 04;True;False;68696756000150;RJ;DOCUMENTÁRIO;SALAS DE EXIBIÇÃO;Misto FSA+Renúncia;172632.06;696097.0;868729.06;29163.96;0.0;194907.16;224071.12;1467.0;141.0;7.0;0.0;0.0;0;0;0;0;0.0;0;;0.0;;;True;True;0.25792980840309404;0.0;False
B1900019900000;O GALÃ;2018;FSA Complementação;Add-on FSA (Compl./Comerc.);PRODECINE 04;True;False;52308558000132;SP;FICÇÃO;SALAS DE EXIBIÇÃO;Misto FSA+Renúncia;2025429.26;4388983.08;6414412.34;42304.64;0.0;83531.64;125836.28;2128.0;664.0;13.0;0.0;0.0;0;0;0;0;0.0;0;;0.0;;;True;True;0.019617741007276746;0.0;False
B1800346100000;O SEGREDO DE DAVI;2018;FSA Complementação;Bilheteria · Distribuidora;PRODECINE 04;True;True;12380610000147;SP;FICÇÃO;SALAS DE EXIBIÇÃO;FSA puro;2455409.48;0.0;2455409.48;180987.52;0.0;194907.16;375894.68;9104.0;2331.0;47.0;0.0;0.0;0;0;0;0;3.993;2;media;1.0;0.0;0.0;True;True;0.15308838833675922;0.0;False
B1800612900000;O ÚLTIMO JOGO;2018;FSA Complementação;Add-on FSA (Compl./Comerc.);PRODECINE 04;True;True;16487027000190;BA;FICÇÃO;SALAS DE EXIBIÇÃO;FSA puro;1765307.9;0.0;1765307.9;1610.28;0.0;83531.64;85141.92;81.0;67.0;5.0;0.0;0.0;0;0;0;0;4.6;1;baixa;0.0;;;True;True;0.04823063444059816;0.0;False
B1800187200000;RAIVA;2018;FSA Complementação;Add-on FSA (Compl./Comerc.);PRODECINE 04;True;True;05436489000162;RJ;FICÇÃO;SALAS DE EXIBIÇÃO;FSA puro;623397.69;0.0;623397.69;53179.0;0.0;0.0;53179.0;2675.0;224.0;14.0;1.0;5.0;0;0;0;0;0.0;0;;0.0;;;True;True;0.08530509633425175;1.0;True
B1800285700000;TUDO POR UM POP STAR;2018;FSA Complementação;Bilheteria · Produtora;PRODECINE 04;True;False;05565485000184;RJ;FICÇÃO;SALAS DE EXIBIÇÃO;Misto FSA+Renúncia;4550303.53;3341265.6;7891569.130000001;23878742.72;0.0;194907.16;24073649.88;1201144.0;63780.0;336.0;0.0;0.0;0;0;0;0;3.45;2;alta;5.0;0.0;0.0;True;True;3.050552999464125;0.0;False
B1900588900000;MADAME;2019;FSA Complementação;Add-on FSA (Compl./Comerc.);PRODECINE 04;True;False;15096101000185;RJ;DOCUMENTÁRIO;SALAS DE EXIBIÇÃO;Misto FSA+Renúncia;265529.09;286019.78;551548.8700000001;2306.08;0.0;80080.2;82386.28;116.0;8.0;2.0;0.0;0.0;0;0;0;0;2.2;1;baixa;0.0;;;True;True;0.149372584155598;0.0;False
B1900245500000;ÁGUAS SELVAGENS;2019;FSA Complementação;Add-on FSA (Compl./Comerc.);PRODECINE 04;True;True;80816838000197;PR;FICÇÃO;SALAS DE EXIBIÇÃO;FSA puro;1169765.95;0.0;1169765.95;20615.56;0.0;0.0;20615.56;1037.0;497.0;15.0;0.0;0.0;0;0;0;0;3.7;1;baixa;0.0;;;True;True;0.01762366223773226;0.0;False
B2000102800000;CORRENDO POR UM SONHO;2020;FSA Complementação;Add-on FSA (Compl./Comerc.);PRODECINE 04;True;False;01378559000112;SP;FICÇÃO;SALAS DE EXIBIÇÃO;Misto FSA+Renúncia;1272835.64;5031116.45;6303952.09;106278.48;0.0;178773.28;285051.76;5346.0;430.0;13.0;0.0;0.0;0;0;0;0;3.775;1;alta;0.0;;;True;True;0.04521794517635682;0.0;False
B2000277900000;MINHA FAMILIA PERFEITA;2020;FSA Complementação;Add-on FSA (Compl./Comerc.);PRODECINE 04;True;False;02863008000107;RJ;FICÇÃO;SALAS DE EXIBIÇÃO;Misto FSA+Renúncia;400401.0;4213941.56;4614342.56;601290.48;0.0;76617.12;677907.6;30246.0;3781.0;71.0;0.0;0.0;0;0;0;0;3.656;1;alta;7.0;0.0;0.0;True;True;0.1469131498550901;0.0;False
B2100282100000;A PRIMEIRA MORTE DE JOANA;2021;FSA Complementação;Add-on FSA (Compl./Comerc.);PRODECINE 04;True;True;08267476000103;RS;FICÇÃO;SALAS DE EXIBIÇÃO;Misto FSA+Renúncia;1052640.63;1508301.6;2560942.23;77969.36;0.0;69613.92;147583.28;3922.0;284.0;9.0;10.1;4.0;944;0;0;0;3.57;2;alta;8.0;0.0;0.0;True;True;0.0576285080823553;10.1;True
B2100408100000;O LIVRO DOS PRAZERES;2021;FSA Complementação;Bilheteria · Distribuidora;PRODECINE 04;True;False;06323379000157;SP;FICÇÃO;SALAS DE EXIBIÇÃO;FSA puro;3124134.14;0.0;3124134.14;138484.08;0.0;324864.96;463349.04000000004;6966.0;626.0;16.0;1.4;7.0;0;0;0;0;0.0;0;;0.0;;;True;True;0.14831278659500838;1.4;True
B2100536000000;TROMBA TREM - O FILME;2021;FSA Complementação;Bilheteria · Produtora;PRODECINE 04;True;False;09551826000113;RJ;ANIMAÇÃO;SALAS DE EXIBIÇÃO;FSA puro;6202224.27;0.0;6202224.27;101745.84;0.0;69613.92;171359.76;5118.0;1842.0;60.0;2.0;10.0;0;0;0;0;3.3;1;baixa;0.0;;;True;True;0.027628759061303666;2.0;True
B2300440200000;NAHUEL E O LIVRO MAGICO;2023;FSA Complementação;Coprodução Intl;PRODECINE 04;True;False;22910094000179;RJ;ANIMAÇÃO;SALAS DE EXIBIÇÃO;FSA puro;1005253.17;0.0;1005253.17;1590.4;0.0;0.0;1590.4;80.0;161.0;4.0;0.0;0.0;0;0;0;0;3.817;2;alta;0.0;;;True;True;0.0015820890174362743;0.0;False
B2300135700000;VIDAS DESCARTÁVEIS;2023;FSA Complementação;Add-on FSA (Compl./Comerc.);PRODECINE 04;True;False;27920016000179;RJ;DOCUMENTÁRIO;SALAS DE EXIBIÇÃO;Misto FSA+Renúncia;438692.4;471735.0;910427.4;4691.68;0.0;293524.0;298215.68;236.0;7.0;1.0;0.0;0.0;0;0;0;0;0.0;0;;0.0;;;True;True;0.32755569527015554;0.0;False
B1700249500000;COMBOIO DE SAL E AÇÚCAR;2016;FSA Pontuação Festivais e Roteiro;Festivais · Pontuação;PRODECINE 05;False;True;04980287000114;RS;FICÇÃO;SALAS DE EXIBIÇÃO;FSA puro;1055974.1;0.0;1055974.1;62224.4;0.0;89220.66;151445.06;3130.0;329.0;17.0;10.0;0.0;0;36;21;0;3.683;2;media;0.0;;;True;True;0.14341740010479423;10.0;True
B1700596400000;DIAS VAZIOS;2016;FSA Pontuação Festivais e Roteiro;Festivais · Pontuação;PRODECINE 05;False;True;04979293000151;GO;FICÇÃO;SALAS DE EXIBIÇÃO;FSA puro;3462595.42;0.0;3462595.42;28945.28;0.0;89220.66;118165.94;1456.0;162.0;15.0;0.0;0.0;0;0;0;0;0.0;0;;0.0;;;True;True;0.034126406832710475;0.0;False
B1600708000000;FALA COMIGO;2016;FSA Pontuação Festivais e Roteiro;Festivais · Pontuação;PRODECINE 05;False;True;09409976000197;RJ;FICÇÃO;SALAS DE EXIBIÇÃO;FSA puro;1870273.52;0.0;1870273.52;178701.32;0.0;89220.66;267921.98;8989.0;508.0;17.0;2.7;13.5;0;0;0;0;3.5;1;baixa;2.0;0.0;0.0;True;True;0.14325283287975973;2.7;True
B1600420900000;MULHER DO PAI;2016;FSA Pontuação Festivais e Roteiro;Festivais · Pontuação;PRODECINE 05;False;True;08267476000103;RS;FICÇÃO;SALAS DE EXIBIÇÃO;FSA puro;1930952.94;0.0;1930952.94;136317.16;0.0;208181.54;344498.7;6857.0;380.0;22.0;5.2;26.0;0;0;0;0;3.1;1;baixa;8.0;0.0;0.0;True;True;0.17840864625110958;5.2;True
B1700307900000;A SOMBRA DO PAI;2017;FSA Pontuação Festivais e Roteiro;Festivais · Pontuação;PRODECINE 05;False;False;09261668000167;SP;FICÇÃO;SALAS DE EXIBIÇÃO;Misto FSA+Renúncia;2564569.52;722200.5;3286770.02;58069.48;0.0;86664.06;144733.54;2921.0;516.0;25.0;3.5;17.5;0;0;0;0;3.5;1;baixa;0.0;;;True;True;0.04403518929505144;3.5;True
B1700222300000;ABAIXO A GRAVIDADE;2017;FSA Pontuação Festivais e Roteiro;Festivais · Pontuação;PRODECINE 05;False;False;16487027000190;BA;FICÇÃO;SALAS DE EXIBIÇÃO;FSA puro;3766937.38;0.0;3766937.38;16917.88;0.0;0.0;16917.88;851.0;166.0;11.0;0.0;0.0;0;0;0;0;4.3;1;baixa;17.0;19.0;15.0;True;True;0.004491149783859694;0.0;False
B1700509000000;BIO;2017;FSA Pontuação Festivais e Roteiro;Festivais · Pontuação;PRODECINE 05;False;True;90130634000151;RS;FICÇÃO;SALAS DE EXIBIÇÃO;Misto FSA+Renúncia;829013.95;866640.6;1695654.5499999998;17812.48;0.0;86664.06;104476.54;896.0;108.0;8.0;2.2;11.0;0;0;0;0;0.0;0;;34.0;11.0;3.0;True;True;0.06161428340460031;2.2;True
B1700449500000;CONSTRUINDO PONTES;2017;FSA Pontuação Festivais e Roteiro;Festivais · Pontuação;PRODECINE 05;False;False;81183527000109;PR;DOCUMENTÁRIO;NENHUMA DAS OPÇÕES;FSA puro;785549.73;0.0;785549.73;50455.44;0.0;86664.06;137119.5;2538.0;366.0;10.0;0.0;0.0;0;0;0;0;0.0;0;;0.0;;;True;True;0.17455228455110028;0.0;False
B1700112000000;CORPO ELÉTRICO;2017;FSA Pontuação Festivais e Roteiro;Festivais · Pontuação;PRODECINE 05;False;True;74425067000104;SP;FICÇÃO;SALAS DE EXIBIÇÃO;Misto FSA+Renúncia;1183037.18;722200.5;1905237.68;395015.6;0.0;202216.14;597231.74;19870.0;797.0;24.0;16.47;26.0;4017;0;0;0;3.0;1;baixa;0.0;;;True;True;0.3134683647449173;16.47;True
B1700305400000;GABRIEL E A MONTANHA;2017;FSA Pontuação Festivais e Roteiro;Festivais · Pontuação;PRODECINE 05;False;True;03360320000140;RJ;FICÇÃO;SALAS DE EXIBIÇÃO;FSA puro;3126316.03;0.0;3126316.03;838836.6;0.0;519984.36;1358820.96;42195.0;2482.0;39.0;30.37;44.0;95487;9;3;0;3.798;2;media;4.0;0.0;0.0;True;True;0.43463966757065187;30.37;True
B1800002100000;MATA NEGRA;2017;FSA Pontuação Festivais e Roteiro;Festivais · Pontuação;PRODECINE 05;False;False;09369796000129;ES;FICÇÃO;SALAS DE EXIBIÇÃO;FSA puro;935420.63;0.0;935420.63;21311.36;0.0;86664.06;107975.42;1072.0;205.0;20.0;0.0;0.0;0;0;0;0;0.0;0;;0.0;;;True;True;0.1154298040230308;0.0;False
B1700104200000;PENDULAR;2017;FSA Pontuação Festivais e Roteiro;Festivais · Pontuação;PRODECINE 05;False;True;14798449000151;RJ;FICÇÃO;SALAS DE EXIBIÇÃO;Misto FSA+Renúncia;1665680.0;144440.1;1810120.1;155620.64;0.0;519984.36;675605.0;7828.0;502.0;16.0;8.7;33.5;0;1;1;0;0.0;0;;0.0;;;True;True;0.3732376652797789;8.7;True
B1800019400000;SOBRADINHO;2017;FSA Pontuação Festivais e Roteiro;Festivais · Pontuação;PRODECINE 05;False;False;00845658000102;BA;DOCUMENTÁRIO;SALAS DE EXIBIÇÃO;FSA puro;474163.2;0.0;474163.2;337.96;0.0;0.0;337.96;17.0;11.0;2.0;0.0;0.0;0;0;0;0;0.0;0;;1.0;0.0;0.0;True;True;0.0007127503779289493;0.0;False
B1700501700000;UNICÓRNIO;2017;FSA Pontuação Festivais e Roteiro;Festivais · Pontuação;PRODECINE 05;False;True;09107296000119;RJ;FICÇÃO;SALAS DE EXIBIÇÃO;FSA puro;3105265.59;0.0;3105265.59;135144.24;0.0;519984.36;655128.6;6798.0;315.0;20.0;0.0;0.0;0;0;0;0;0.0;0;;2.0;0.0;0.0;True;True;0.21097345171045417;0.0;False
B1800145300000;A TORRE;2018;FSA Pontuação Festivais e Roteiro;Festivais · Pontuação;PRODECINE 05;False;False;15592350000161;MG;FICÇÃO;SALAS DE EXIBIÇÃO;Misto FSA+Renúncia;1416792.39;857308.48;2274100.87;954.24;0.0;83531.64;84485.88;48.0;42.0;3.0;0.0;0.0;0;0;0;0;2.9;1;baixa;0.0;;;True;True;0.03715133357299142;0.0;False
B1900027100000;AINDA TEMOS A IMENSIDÃO DA NOITE;2018;FSA Pontuação Festivais e Roteiro;Festivais · Pontuação;PRODECINE 05;False;True;09065789000133;DF;FICÇÃO;SALAS DE EXIBIÇÃO;FSA puro;3536615.85;0.0;3536615.85;18389.0;0.0;83531.64;101920.64;925.0;241.0;15.0;13.5;17.5;0;14;12;0;3.3;1;baixa;0.0;;;True;True;0.028818691179026412;13.5;True
B1800092400000;MARE NOSTRUM;2018;FSA Pontuação Festivais e Roteiro;Festivais · Pontuação;PRODECINE 05;False;False;44154342000131;SP;FICÇÃO;SALAS DE EXIBIÇÃO;Misto FSA+Renúncia;3345774.75;626487.3;3972262.05;38766.0;0.0;83531.64;122297.64;1950.0;459.0;11.0;0.0;0.0;0;0;0;0;0.0;0;;0.0;;;True;True;0.030787908365713185;0.0;False
B1800097300000;MEIO IRMÃO;2018;FSA Pontuação Festivais e Roteiro;Festivais · Pontuação;PRODECINE 05;False;False;03117764000150;SP;FICÇÃO;SALAS DE EXIBIÇÃO;Misto FSA+Renúncia;1928293.71;626487.3;2554781.01;24571.68;0.0;83531.64;108103.32;1236.0;186.0;13.0;1.1;5.5;0;0;0;0;0.0;0;;3.0;0.0;0.0;True;True;0.04231412382386544;1.1;True
B1800204300000;MORMAÇO;2018;FSA Pontuação Festivais e Roteiro;Festivais · Pontuação;PRODECINE 05;False;True;01125538000195;RJ;FICÇÃO;SALAS DE EXIBIÇÃO;FSA puro;3669336.26;0.0;3669336.26;58824.92;0.0;83531.64;142356.56;2959.0;225.0;13.0;5.7;28.5;0;0;0;0;0.0;0;;0.0;;;True;True;0.038796269928120464;5.7;True
B1900039300000;SIRON. TEMPO SOBRE TELA;2018;FSA Pontuação Festivais e Roteiro;Festivais · Pontuação;PRODECINE 05;False;False;19388280000185;PE;DOCUMENTÁRIO;SALAS DE EXIBIÇÃO;FSA puro;763928.87;0.0;763928.87;417.48;0.0;167063.28;167480.76;21.0;23.0;3.0;0.0;0.0;0;0;0;0;3.648;2;alta;0.0;;;True;True;0.21923606578711968;0.0;False
B1900486200000;A FEBRE;2019;FSA Pontuação Festivais e Roteiro;Festivais · Pontuação;PRODECINE 05;False;False;22734795000102;RJ;FICÇÃO;SALAS DE EXIBIÇÃO;FSA puro;2946578.04;0.0;2946578.04;10516.52;0.0;186853.8;197370.31999999998;529.0;284.0;20.0;43.92;114.5;3357;14;5;0;0.0;0;;0.0;;;True;True;0.0669828924673585;43.92;True
B1900263400000;BREVE MIRAGEM DE SOL;2019;FSA Pontuação Festivais e Roteiro;Festivais · Pontuação;PRODECINE 05;False;False;05163327000106;SP;FICÇÃO;SALAS DE EXIBIÇÃO;FSA puro;2370160.31;0.0;2370160.31;0.0;0.0;480481.2;480481.2;;;;6.0;0.0;0;4;3;0;3.88;1;alta;0.0;;;True;False;;;False
B1900381200000;CASA;2019;FSA Pontuação Festivais e Roteiro;Festivais · Pontuação;PRODECINE 05;False;False;02669022000174;PE;DOCUMENTÁRIO;SALAS DE EXIBIÇÃO;Misto FSA+Renúncia;1364958.95;9279426.64;10644385.59;0.0;0.0;80080.2;80080.2;;;;0.0;0.0;0;0;0;0;3.045;2;alta;0.0;;;True;False;;;False
B1900148000000;CORA;2019;FSA Pontuação Festivais e Roteiro;Festivais · Pontuação;PRODECINE 05;False;False;04650621000171;SP;FICÇÃO;SALAS DE EXIBIÇÃO;Misto FSA+Renúncia;678007.53;667335.0;1345342.53;1212.68;0.0;0.0;1212.68;61.0;13.0;1.0;0.8;4.0;0;0;0;0;0.0;0;;0.0;;;True;True;0.0009013912613020567;0.8;True
B1900545200000;DESTERRO;2019;FSA Pontuação Festivais e Roteiro;Festivais · Pontuação;PRODECINE 05;False;False;07372049000114;SP;FICÇÃO;SALAS DE EXIBIÇÃO;FSA puro;1887109.91;0.0;1887109.91;15983.52;0.0;186853.8;202837.31999999998;804.0;125.0;9.0;0.0;0.0;0;0;0;0;0.0;0;;0.0;;;True;True;0.10748569488461855;0.0;False
B1900172900000;GRETA;2019;FSA Pontuação Festivais e Roteiro;Festivais · Pontuação;PRODECINE 05;False;True;07543070000135;CE;FICÇÃO;SALAS DE EXIBIÇÃO;FSA puro;2441294.07;0.0;2441294.07;173134.92;0.0;80080.2;253215.12;8709.0;474.0;17.0;17.45;27.5;6629;0;0;0;0.0;0;;0.0;;;True;True;0.1037216790519628;17.45;True
B1900205500000;O OUTRO LADO DA MEMÓRIA;2019;FSA Pontuação Festivais e Roteiro;Festivais · Pontuação;PRODECINE 05;False;False;37981206000150;DF;DOCUMENTÁRIO;SALAS DE EXIBIÇÃO;Misto FSA+Renúncia;1684783.46;4004008.67;5688792.13;218.68;0.0;160160.4;160379.08;11.0;3.0;2.0;0.0;0.0;0;0;0;0;3.77;2;media;0.0;;;True;True;0.028192114658968915;0.0;False
B1900121000000;O RIO DE JANEIRO DE HO CHI MINH;2019;FSA Pontuação Festivais e Roteiro;Festivais · Pontuação;PRODECINE 05;False;True;10831015000155;RJ;FICÇÃO;SALAS DE EXIBIÇÃO;Misto FSA+Renúncia;1862910.41;20020.05;1882930.46;4691.68;0.0;80080.2;84771.88;236.0;49.0;6.0;0.0;0.0;0;0;0;0;4.225;2;alta;3.0;0.0;0.0;True;True;0.04502124842146322;0.0;False
B1900235800000;OS SONÂMBULOS;2019;FSA Pontuação Festivais e Roteiro;Festivais · Pontuação;PRODECINE 05;False;False;07530292000113;MG;FICÇÃO;SALAS DE EXIBIÇÃO;Misto FSA+Renúncia;691340.15;533781.91;1225122.06;795.2;0.0;80080.2;80875.4;40.0;60.0;2.0;0.0;0.0;0;0;0;0;0.0;0;;0.0;;;True;True;0.06601415698938601;0.0;False
B1900299800000;RAIA 4;2019;FSA Pontuação Festivais e Roteiro;Festivais · Pontuação;PRODECINE 05;False;False;09291317000107;RS;FICÇÃO;SALAS DE EXIBIÇÃO;FSA puro;2384706.05;0.0;2384706.05;2683.8;0.0;80080.2;82764.0;135.0;23.0;2.0;7.0;35.0;0;0;0;0;0.0;0;;2.0;0.0;0.0;True;True;0.034706164309014104;7.0;True
B1900332300000;RIO DE VOZES;2019;FSA Pontuação Festivais e Roteiro;Festivais · Pontuação;PRODECINE 05;False;False;09124563000166;BA;DOCUMENTÁRIO;SALAS DE EXIBIÇÃO;Misto FSA+Renúncia;1155477.47;20020.05;1175497.52;15625.68;0.0;266934.0;282559.68;786.0;80.0;5.0;11.51;8.0;1483;0;0;0;4.225;2;alta;0.0;;;True;True;0.2403745437080973;11.51;True
B1900425300000;RODANTES;2019;FSA Pontuação Festivais e Roteiro;Festivais · Pontuação;PRODECINE 05;False;False;04727439000171;MG;FICÇÃO;SALAS DE EXIBIÇÃO;FSA puro;2508044.09;0.0;2508044.09;7514.64;0.0;80080.2;87594.84;378.0;113.0;6.0;0.0;0.0;0;0;0;0;0.0;0;;0.0;;;True;True;0.03492555826640193;0.0;False
B1900484900000;SANTIAGO DE LAS AMERICAS OU O OLHO DO TERCEIRO MUNDO;2019;FSA Pontuação Festivais e Roteiro;Festivais · Pontuação;PRODECINE 05;False;False;27651181000172;RJ;DOCUMENTÁRIO;SALAS DE EXIBIÇÃO;FSA puro;1437364.14;0.0;1437364.14;0.0;0.0;0.0;0.0;;;;0.0;0.0;0;0;0;0;3.943;2;media;0.0;;;True;False;;;False
B1900381500000;SEM SEU SANGUE;2019;FSA Pontuação Festivais e Roteiro;Festivais · Pontuação;PRODECINE 05;False;False;19457687000117;RJ;FICÇÃO;SALAS DE EXIBIÇÃO;FSA puro;2994899.75;0.0;2994899.75;2485.0;0.0;80080.2;82565.2;125.0;33.0;5.0;5.7;28.5;0;0;0;0;0.0;0;;0.0;;;True;True;0.027568602254549587;5.7;True
B1900597200000;SERTÂNIA;2019;FSA Pontuação Festivais e Roteiro;Festivais · Pontuação;PRODECINE 05;False;False;10505568000118;CE;FICÇÃO;SALAS DE EXIBIÇÃO;FSA puro;2037609.27;0.0;2037609.27;8747.2;0.0;80080.2;88827.4;440.0;106.0;5.0;0.0;0.0;0;0;0;0;0.0;0;;0.0;;;True;True;0.04359393202014633;0.0;False
B1900035900000;SOLDADO ESTRANGEIRO;2019;FSA Pontuação Festivais e Roteiro;Festivais · Pontuação;PRODECINE 05;False;True;27527464000107;RJ;DOCUMENTÁRIO;SALAS DE EXIBIÇÃO;FSA puro;1258055.92;0.0;1258055.92;7335.72;0.0;80080.2;87415.92;369.0;281.0;8.0;1.2;6.0;0;0;0;0;0.0;0;;0.0;;;True;True;0.06948492400878334;1.2;True
B1900623600000;UM ANIMAL AMARELO;2019;FSA Pontuação Festivais e Roteiro;Festivais · Pontuação;PRODECINE 05;False;False;01125538000195;RJ;FICÇÃO;SALAS DE EXIBIÇÃO;FSA puro;3331127.1;0.0;3331127.1;3836.84;0.0;80080.2;83917.04;193.0;132.0;7.0;10.2;31.0;0;3;2;0;3.635;2;alta;1.0;0.0;0.0;True;True;0.02519178568719278;10.2;True
B1900272800000;UMA BAÍA;2019;FSA Pontuação Festivais e Roteiro;Festivais · Pontuação;PRODECINE 05;False;True;68317445000133;RJ;DOCUMENTÁRIO;SALAS DE EXIBIÇÃO;FSA puro;948326.4;0.0;948326.4;6381.48;0.0;0.0;6381.48;321.0;63.0;10.0;2.4;12.0;0;0;0;0;0.0;0;;0.0;;;True;True;0.006729202097505669;2.4;True
B2000263300000;5 CASAS;2020;FSA Pontuação Festivais e Roteiro;Festivais · Pontuação;PRODECINE 05;False;False;08112710000115;RS;DOCUMENTÁRIO;SALAS DE EXIBIÇÃO;Misto FSA+Renúncia;684959.45;893866.4;1578825.85;18249.84;0.0;76617.12;94866.95999999999;918.0;72.0;7.0;0.0;0.0;0;0;0;0;0.0;0;;38.0;49.0;17.0;True;True;0.06008703239815841;0.0;False
B2000338900000;AOS PEDAÇOS;2020;FSA Pontuação Festivais e Roteiro;Festivais · Pontuação;PRODECINE 05;False;False;02282322000104;RJ;FICÇÃO;SALAS DE EXIBIÇÃO;FSA puro;3249902.25;0.0;3249902.25;12007.52;0.0;76617.12;88624.64;604.0;129.0;9.0;0.0;0.0;0;0;0;0;0.0;0;;0.0;;;True;True;0.027269940195893586;0.0;False
B2000297200000;ESPERA;2020;FSA Pontuação Festivais e Roteiro;Festivais · Pontuação;PRODECINE 05;False;False;08287614000108;MG;DOCUMENTÁRIO;SALAS DE EXIBIÇÃO;Misto FSA+Renúncia;1081222.26;638476.0;1719698.26;397.6;0.0;0.0;397.6;20.0;7.0;2.0;0.0;0.0;0;0;0;0;4.37;2;alta;0.0;;;True;True;0.00023120335075526565;0.0;False
B2000177900000;KEVIN;2020;FSA Pontuação Festivais e Roteiro;Festivais · Pontuação;PRODECINE 05;False;False;10407637000150;MG;DOCUMENTÁRIO;SALAS DE EXIBIÇÃO;FSA puro;645980.28;0.0;645980.28;11053.28;0.0;76617.12;87670.4;556.0;113.0;8.0;0.0;0.0;0;0;0;0;4.2;1;baixa;0.0;;;True;True;0.13571683643345892;0.0;False
B2000313600000;LUZ NOS TRÓPICOS;2020;FSA Pontuação Festivais e Roteiro;Festivais · Pontuação;PRODECINE 05;False;False;05163327000106;SP;FICÇÃO;SALAS DE EXIBIÇÃO;FSA puro;3246168.55;0.0;3246168.55;7594.16;0.0;0.0;7594.16;382.0;9.0;6.0;0.0;0.0;0;0;0;0;3.6;1;baixa;0.0;;;True;True;0.002339422578658154;0.0;False
B2000076800000;MATO SECO EM CHAMAS;2020;FSA Pontuação Festivais e Roteiro;Festivais · Pontuação;PRODECINE 05;False;False;13044728000167;DF;FICÇÃO;SALAS DE EXIBIÇÃO;FSA puro;3249902.25;0.0;3249902.25;45127.6;0.0;76617.12;121744.72;2270.0;237.0;10.0;23.2;68.0;1178;0;0;0;3.9;1;baixa;0.0;;;True;True;0.03746104055898912;23.2;True
B2000319500000;NHEENGATU;2020;FSA Pontuação Festivais e Roteiro;Festivais · Pontuação;PRODECINE 05;False;False;05436489000162;RJ;DOCUMENTÁRIO;SALAS DE EXIBIÇÃO;Misto FSA+Renúncia;555274.69;638476.0;1193750.69;755.44;0.0;255390.4;256145.84;38.0;12.0;1.0;3.1;5.5;0;1;1;0;0.0;0;;0.0;;;True;True;0.21457230738857208;3.1;True
B2000361300000;O REFLEXO DO LAGO;2020;FSA Pontuação Festivais e Roteiro;Festivais · Pontuação;PRODECINE 05;False;False;12475126000100;PA;DOCUMENTÁRIO;SALAS DE EXIBIÇÃO;FSA puro;750086.28;0.0;750086.28;1828.96;0.0;0.0;1828.96;92.0;;;0.0;0.0;0;0;0;0;3.844;1;media;0.0;;;True;True;0.0024383328275248547;0.0;False
B2000346300000;PAIXÕES RECORRENTES;2020;FSA Pontuação Festivais e Roteiro;Festivais · Pontuação;PRODECINE 05;False;False;30510135000168;RJ;FICÇÃO;SALAS DE EXIBIÇÃO;FSA puro;3003007.5;0.0;3003007.5;11947.88;0.0;0.0;11947.88;601.0;90.0;7.0;1.8;9.0;0;0;0;0;0.0;0;;2.0;2.0;2.0;True;True;0.003978638081989472;1.8;True
B2000044900000;PARA ONDE VOAM AS FEITICEIRAS;2020;FSA Pontuação Festivais e Roteiro;Festivais · Pontuação;PRODECINE 05;False;False;08429784000180;SP;DOCUMENTÁRIO;SALAS DE EXIBIÇÃO;FSA puro;1622018.08;0.0;1622018.08;12782.84;0.0;76617.12;89399.95999999999;643.0;154.0;7.0;0.7;3.5;0;0;0;0;0.0;0;;2.0;0.0;0.0;True;True;0.05511650030436158;0.7;True
B2000473600000;VENTO SECO;2020;FSA Pontuação Festivais e Roteiro;Festivais · Pontuação;PRODECINE 05;False;False;17942221000181;GO;FICÇÃO;SALAS DE EXIBIÇÃO;FSA puro;2085506.61;0.0;2085506.61;14691.32;0.0;76617.12;91308.44;739.0;63.0;4.0;10.88;0.0;3022;0;0;0;0.0;0;;1.0;0.0;0.0;True;True;0.043782378613511086;10.88;True
B2100535800000;A VIDA É DA COR QUE PINTAMOS;2021;FSA Pontuação Festivais e Roteiro;Festivais · Pontuação;PRODECINE 05;False;False;14372650000172;BA;DOCUMENTÁRIO;SALAS DE EXIBIÇÃO;FSA puro;1294740.42;0.0;1294740.42;20217.96;0.0;0.0;20217.96;1017.0;10.0;2.0;0.0;0.0;0;0;0;0;3.2;1;baixa;0.0;;;True;True;0.015615454409000378;0.0;False
B2100105600000;FORTALEZA HOTEL;2021;FSA Pontuação Festivais e Roteiro;Festivais · Pontuação;PRODECINE 05;False;False;15864034000100;CE;FICÇÃO;SALAS DE EXIBIÇÃO;FSA puro;2851535.73;0.0;2851535.73;26261.48;0.0;69613.92;95875.4;1321.0;136.0;7.0;0.0;0.0;0;0;0;0;0.0;0;;0.0;;;True;True;0.03362237372350933;0.0;False
B2100027500000;NATUREZA MORTA;2021;FSA Pontuação Festivais e Roteiro;Festivais · Pontuação;PRODECINE 05;False;False;74165200000130;RJ;FICÇÃO;SALAS DE EXIBIÇÃO;Misto FSA+Renúncia;2369709.62;1667590.8;4037300.42;3976.0;0.0;324864.96;328840.96;200.0;14.0;2.0;0.0;0.0;0;0;0;0;0.0;0;;0.0;;;True;True;0.08145070363626793;0.0;False
B2200146400000;A FELICIDADE DAS COISAS;2022;FSA Pontuação Festivais e Roteiro;Festivais · Pontuação;PRODECINE 05;False;False;17456554000109;MG;FICÇÃO;SALAS DE EXIBIÇÃO;FSA puro;2467644.75;0.0;2467644.75;28925.4;0.0;65803.86;94729.26000000001;1455.0;156.0;11.0;2.9;14.5;0;0;0;0;3.575;1;media;0.0;;;True;True;0.038388532222881765;2.9;True
B2200214700000;ADEUS CAPITÃO;2022;FSA Pontuação Festivais e Roteiro;Festivais · Pontuação;PRODECINE 05;False;False;23747020000126;PE;DOCUMENTÁRIO;SALAS DE EXIBIÇÃO;Misto FSA+Renúncia;996533.76;913576.92;1910110.68;0.0;0.0;0.0;0.0;;;;0.0;0.0;0;0;0;0;0.0;0;;0.0;;;True;False;;;False
B2200023200000;ALDEOTAS;2022;FSA Pontuação Festivais e Roteiro;Festivais · Pontuação;PRODECINE 05;False;False;01378559000112;SP;FICÇÃO;SALAS DE EXIBIÇÃO;FSA puro;3062826.8;0.0;3062826.8;19860.12;0.0;0.0;19860.12;999.0;53.0;3.0;0.0;0.0;0;0;0;0;0.0;0;;0.0;;;True;True;0.006484245207727711;0.0;False
B2200132800000;BEM VINDOS DE NOVO;2022;FSA Pontuação Festivais e Roteiro;Festivais · Pontuação;PRODECINE 05;False;False;13202884000109;SP;DOCUMENTÁRIO;SALAS DE EXIBIÇÃO;FSA puro;487615.95;0.0;487615.95;52920.56;0.0;65803.86;118724.42;2662.0;298.0;16.0;0.0;0.0;0;0;0;0;3.02;1;media;0.0;;;True;True;0.2434793611652777;0.0;False
B2300031800000;BIZARROS PEIXES DAS FOSSAS ABISSAIS;2022;FSA Pontuação Festivais e Roteiro;Festivais · Pontuação;PRODECINE 05;False;False;05416743000160;RJ;ANIMAÇÃO;SALAS DE EXIBIÇÃO;Misto FSA+Renúncia;1097744.76;1645096.5;2742841.26;57850.8;0.0;65803.86;123654.66;2910.0;242.0;18.0;0.0;0.0;0;0;0;0;0.0;0;;0.0;;;True;True;0.04508268918194705;0.0;False
B2200004100000;CANÇÃO AO LONGE;2022;FSA Pontuação Festivais e Roteiro;Festivais · Pontuação;PRODECINE 05;False;False;07525577000166;MG;FICÇÃO;SALAS DE EXIBIÇÃO;FSA puro;2141751.25;0.0;2141751.25;24611.44;0.0;65803.86;90415.3;1238.0;133.0;9.0;0.0;0.0;0;0;0;0;0.0;0;;1.0;0.0;0.0;True;True;0.0422155934308431;0.0;False
B2200295300000;CASA VAZIA;2022;FSA Pontuação Festivais e Roteiro;Festivais · Pontuação;PRODECINE 05;False;True;04980287000114;RS;FICÇÃO;SALAS DE EXIBIÇÃO;FSA puro;2201681.02;0.0;2201681.02;18031.16;0.0;65803.86;83835.02;907.0;101.0;4.0;0.0;0.0;0;0;0;0;0.0;0;;0.0;;;True;True;0.038077732077646746;0.0;False
B2200297400000;LAVRA;2022;FSA Pontuação Festivais e Roteiro;Festivais · Pontuação;PRODECINE 05;False;False;09207344000140;MG;DOCUMENTÁRIO;SALAS DE EXIBIÇÃO;FSA puro;1094640.38;0.0;1094640.38;11888.24;0.0;65803.86;77692.1;598.0;80.0;7.0;0.0;0.0;0;0;0;0;0.0;0;;0.0;;;True;True;0.07097499911340747;0.0;False
B2300051700000;FOGARÉU;2023;FSA Pontuação Festivais e Roteiro;Festivais · Pontuação;PRODECINE 05;False;False;02140120000110;RJ;FICÇÃO;SALAS DE EXIBIÇÃO;FSA puro;3122551.92;0.0;3122551.92;2405.48;0.0;293524.0;295929.48;121.0;14.0;2.0;0.0;0.0;0;0;0;0;0.0;0;;0.0;;;True;True;0.09477167636655341;0.0;False
B2300180200000;LAMPIÃO, GOVERNADOR DO SERTÃO;2023;FSA Pontuação Festivais e Roteiro;Festivais · Pontuação;PRODECINE 05;False;False;00993636000181;CE;DOCUMENTÁRIO;SALAS DE EXIBIÇÃO;FSA puro;524147.9;0.0;524147.9;10357.48;0.0;0.0;10357.48;521.0;57.0;6.0;0.0;0.0;0;0;0;0;0.0;0;;0.0;;;True;True;0.0197606057374264;0.0;False
B2300537000000;LONGE DO PARAÍSO;2023;FSA Pontuação Festivais e Roteiro;Festivais · Pontuação;PRODECINE 05;False;False;01231528000134;BA;FICÇÃO;SALAS DE EXIBIÇÃO;FSA puro;3132436.5;0.0;3132436.5;21231.84;0.0;0.0;21231.84;1068.0;130.0;4.0;0.0;0.0;0;0;0;0;3.84;2;alta;0.0;;;True;True;0.006778059188111235;0.0;False
B2300041800000;TIA VIRGÍNIA;2023;FSA Pontuação Festivais e Roteiro;Festivais · Pontuação;PRODECINE 05;False;False;20519742000135;SP;FICÇÃO;SALAS DE EXIBIÇÃO;FSA puro;3003007.5;0.0;3003007.5;251641.04;0.0;62898.0;314539.04000000004;12658.0;653.0;21.0;2.7;13.5;0;0;0;0;0.0;0;;0.0;;;True;True;0.10474134346983817;2.7;True
B1800115900000;"""EL HOMBRE QUE CUIDA""";2017;FSA Coprodução Internacional;Coprodução Intl;PRODECINE 06;False;True;15745495000155;MG;FICÇÃO;SALAS DE EXIBIÇÃO;FSA puro;649980.45;0.0;649980.45;9761.08;0.0;0.0;9761.08;491.0;78.0;6.0;0.0;0.0;0;0;0;0;0.0;0;;0.0;;;True;True;0.015017497833973315;0.0;False
B1700396100000;NINGUÉM ESTÁ OLHANDO;2017;FSA Coprodução Internacional;Coprodução Intl;PRODECINE 06;False;False;73947392000174;RJ;FICÇÃO;SALAS DE EXIBIÇÃO;FSA puro;371752.75;0.0;371752.75;148960.84;0.0;86664.06;235624.9;7493.0;336.0;9.0;4.4;22.0;0;0;0;0;0.0;0;;0.0;;;True;True;0.633821538643628;4.4;True
B1800293900000;AS HERDEIRAS;2018;FSA Coprodução Internacional;Coprodução Intl;PRODECINE 06;False;False;14798449000151;RJ;FICÇÃO;SALAS DE EXIBIÇÃO;FSA puro;361100.25;0.0;361100.25;450182.6;0.0;167063.28;617245.88;22645.0;1051.0;17.0;16.6;83.0;0;0;0;0;0.0;0;;0.0;;;True;True;1.709347694996057;16.6;True
B1900036000000;LIBERDADE É UMA GRANDE PALAVRA;2018;FSA Coprodução Internacional;Coprodução Intl;PRODECINE 06;False;False;06137016000127;SP;DOCUMENTÁRIO;SALAS DE EXIBIÇÃO;FSA puro;243633.95;0.0;243633.95;1212.68;0.0;111375.52;112588.2;61.0;18.0;3.0;0.0;0.0;0;0;0;0;0.0;0;;0.0;;;True;True;0.46212032436366113;0.0;False
B1800468000000;PESSOAS HUMANAS;2018;FSA Coprodução Internacional;Coprodução Intl;PRODECINE 06;False;False;04980287000114;RS;FICÇÃO;SALAS DE EXIBIÇÃO;FSA puro;361100.25;0.0;361100.25;656.04;0.0;0.0;656.04;33.0;22.0;2.0;0.0;0.0;0;0;0;0;0.0;0;;0.0;;;True;True;0.0018167807970224333;0.0;False
B1800215300000;UMA VIAGEM INESPERADA;2018;FSA Coprodução Internacional;Coprodução Intl;PRODECINE 06;False;True;12126484000107;SP;FICÇÃO;SALAS DE EXIBIÇÃO;Misto FSA+Renúncia;505540.35;240849.56;746389.9099999999;21371.0;0.0;83531.64;104902.64;1075.0;157.0;13.0;0.4;2.0;0;0;0;0;4.5;1;baixa;0.0;;;True;True;0.14054670165624292;0.4;True
B1900322000000;VIVIR ALLÍ NO ES EL INFIERNO ES EL FUEGO DEL DESIERTO.LA PLENITUD DE LA VIDA QUEDÓ AHÍ COMO UN ÁRBOL;2018;FSA Coprodução Internacional;Coprodução Intl;PRODECINE 06;False;False;14026079000134;MG;DOCUMENTÁRIO;SALAS DE EXIBIÇÃO;FSA puro;189476.07;0.0;189476.07;3697.68;0.0;0.0;3697.68;186.0;12.0;2.0;0.0;0.0;0;0;0;0;3.2;1;baixa;0.0;;;True;True;0.019515287603336925;0.0;False
B2000043400000;A OUTRA PELE;2019;FSA Coprodução Internacional;Coprodução Intl;PRODECINE 06;False;False;01282220000118;SC;FICÇÃO;SALAS DE EXIBIÇÃO;FSA puro;348048.5;0.0;348048.5;2683.8;0.0;0.0;2683.8;135.0;;;0.0;0.0;0;0;0;0;4.058;2;alta;0.0;;;True;True;0.007710994301081603;0.0;False
B1900541900000;BREVE HISTÓRIA DO PLANETA VERDE;2019;FSA Coprodução Internacional;Coprodução Intl;PRODECINE 06;False;False;07525577000166;MG;FICÇÃO;SALAS DE EXIBIÇÃO;FSA puro;377711.61;0.0;377711.61;6858.6;0.0;0.0;6858.6;345.0;99.0;10.0;7.1;35.5;0;0;0;0;0.0;0;;0.0;;;True;True;0.018158298072966306;7.1;True
B1900050800000;POETAS DO CÉU;2019;FSA Coprodução Internacional;Coprodução Intl;PRODECINE 06;False;False;11545487000104;SP;DOCUMENTÁRIO;SALAS DE EXIBIÇÃO;FSA puro;243633.95;0.0;243633.95;636.16;0.0;266934.0;267570.16;32.0;29.0;2.0;2.0;10.0;0;0;0;0;0.0;0;;0.0;;;True;True;1.0982466113610192;2.0;True
B2000556700000;A BARQUEIRA;2020;FSA Coprodução Internacional;Coprodução Intl;PRODECINE 06;False;False;08112710000115;RS;FICÇÃO;SALAS DE EXIBIÇÃO;FSA puro;333667.5;0.0;333667.5;0.0;0.0;0.0;0.0;;;;0.0;0.0;0;0;0;0;0.0;0;;0.0;;;True;False;;;False
B2000184900000;A HISTÓRIA DO MEU NOME;2020;FSA Coprodução Internacional;Coprodução Intl;PRODECINE 06;False;False;10615584000163;RJ;DOCUMENTÁRIO;SALAS DE EXIBIÇÃO;Misto FSA+Renúncia;233551.5;383085.6;616637.1;0.0;0.0;0.0;0.0;;;;0.0;0.0;0;0;0;0;3.77;1;media;0.0;;;True;False;;;False
B2100148000000;TANTAS ALMAS;2021;FSA Coprodução Internacional;Coprodução Intl;PRODECINE 06;False;False;15089868000187;PR;FICÇÃO;SALAS DE EXIBIÇÃO;FSA puro;348048.5;0.0;348048.5;12007.52;0.0;0.0;12007.52;604.0;113.0;9.0;5.6;28.0;0;0;0;0;0.0;0;;0.0;;;True;True;0.034499559687802134;5.6;True
B2200208200000;LAS VACACIONES DE HILDA;2022;FSA Coprodução Internacional;Coprodução Intl;PRODECINE 06;False;False;09505106000111;RJ;FICÇÃO;SALAS DE EXIBIÇÃO;FSA puro;348048.5;0.0;348048.5;0.0;0.0;0.0;0.0;;;;0.0;0.0;0;0;0;0;0.0;0;;0.0;;;True;False;;;False
B2300174400000;FANTASMA;2023;FSA Coprodução Internacional;Coprodução Intl;PRODECINE 06;False;False;05572253000153;SP;FICÇÃO;SALAS DE EXIBIÇÃO;Misto FSA+Renúncia;348048.5;581806.5;929855.0;27315.12;0.0;62898.0;90213.12;1374.0;169.0;10.0;0.0;0.0;0;0;0;0;3.7;1;baixa;0.0;;;True;True;0.09701848137612853;0.0;False
B2300315200000;LA ESTRATÉGIA DEL MERO;2023;FSA Coprodução Internacional;Coprodução Intl;PRODECINE 06;False;False;10519798000136;RJ;FICÇÃO;SALAS DE EXIBIÇÃO;FSA puro;290058.0;0.0;290058.0;10576.16;0.0;0.0;10576.16;532.0;74.0;4.0;0.0;0.0;0;0;0;0;0.0;0;;0.0;;;True;True;0.03646222479642003;0.0;False
B1800358900000;A FAMÍLIA SUBMERSA;2018;FSA Coprodução Internacional;Coprodução Intl;PRODECINE 07;False;True;14440714000125;RJ;FICÇÃO;SALAS DE EXIBIÇÃO;FSA puro;1438659.51;0.0;1438659.51;50455.44;0.0;83531.64;133987.08000000002;2538.0;172.0;10.0;8.6;43.0;0;0;0;0;3.9;1;baixa;0.0;;;True;True;0.09313328071629681;8.6;True
B2100075500000;LAMAÇAL;2021;FSA Coprodução Internacional;Coprodução Intl;PRODECINE 07;False;False;04937797000109;PR;FICÇÃO;SALAS DE EXIBIÇÃO;FSA puro;1096998.64;0.0;1096998.64;1769.32;0.0;69613.92;71383.24;89.0;19.0;3.0;0.0;0.0;0;0;0;0;0.0;0;;0.0;;;True;True;0.06507140245862111;0.0;False
B2000332000000;AVÓ DEZANOVE E O SEGREDO DO SOVIÉTICO;2020;FSA Coprodução Internacional;Coprodução Intl;PRODECINE 08;False;False;09437566000150;PR;FICÇÃO;SALAS DE EXIBIÇÃO;FSA puro;638527.08;0.0;638527.08;0.0;0.0;0.0;0.0;;;;0.0;0.0;0;0;0;0;4.062;2;media;0.0;;;True;False;;;False
B2100120000000;PEDRO E INÊS;2020;FSA Coprodução Internacional;Coprodução Intl;PRODECINE 08;False;False;05436489000162;RJ;FICÇÃO;SALAS DE EXIBIÇÃO;FSA puro;678882.52;0.0;678882.52;6759.2;0.0;0.0;6759.2;340.0;87.0;4.0;10.9;4.5;0;6;6;0;0.0;0;;0.0;;;True;True;0.00995636181647452;10.9;True
B2100241700000;ESCRITA ÍNTIMA;2021;FSA Coprodução Internacional;Coprodução Intl;PRODECINE 08;False;False;01378559000112;SP;DOCUMENTÁRIO;SALAS DE EXIBIÇÃO;FSA puro;675849.67;0.0;675849.67;1093.4;0.0;0.0;1093.4;55.0;29.0;2.0;0.2;1.0;0;0;0;0;0.0;0;;0.0;;;True;True;0.0016178153937694457;0.2;True
B2100277700000;LA TEORIA DE LOS VIDRIOS ROTOS;2021;FSA Coprodução Internacional;Coprodução Intl;PRODECINE 09;False;False;08267476000103;RS;FICÇÃO;SALAS DE EXIBIÇÃO;FSA puro;625286.22;0.0;625286.22;4313.96;0.0;0.0;4313.96;217.0;61.0;2.0;0.8;4.0;0;0;0;0;0.0;0;;0.0;;;True;True;0.006899176508319662;0.8;True
B2100119800000;MATEÍNA;2021;FSA Coprodução Internacional;Coprodução Intl;PRODECINE 09;False;False;11384969000120;RS;FICÇÃO;SALAS DE EXIBIÇÃO;FSA puro;696152.69;0.0;696152.69;17573.92;0.0;69613.92;87187.84;884.0;96.0;8.0;0.0;0.0;0;0;0;0;0.0;0;;0.0;;;True;True;0.12524240910424408;0.0;False
B2200298400000;O BAILE DOS 41;2021;FSA Coprodução Internacional;Coprodução Intl;PRODECINE 12;False;False;02140120000110;RJ;FICÇÃO;SALAS DE EXIBIÇÃO;Misto FSA+Renúncia;749110.23;232046.4;981156.63;1769.32;0.0;69613.92;71383.24;89.0;;;0.0;0.0;0;0;0;0;0.0;0;;0.0;;;True;True;0.07275417381626419;0.0;False
B1900209700000;PACARRETE;2019;FSA SAV/MINC / Arranjos Regionais;Arranjos Regionais;SAV/MINC 01;False;False;07202193000102;CE;FICÇÃO;SALAS DE EXIBIÇÃO;FSA puro;1740242.5;0.0;1740242.5;89678.68;0.0;80080.2;169758.88;4511.0;605.0;20.0;8.3;41.5;0;0;0;0;4.0;2;alta;0.0;;;True;True;0.09754897952440536;8.3;True
B2000142400000;MARES DO DESTERRO;2020;FSA SAV/MINC / Arranjos Regionais;Arranjos Regionais;SAV/MINC 01;False;False;06975561000192;SC;FICÇÃO;SALAS DE EXIBIÇÃO;FSA puro;1740242.5;0.0;1740242.5;2683.8;0.0;0.0;2683.8;135.0;7.0;1.0;0.0;0.0;0;0;0;0;4.223;2;media;0.0;;;True;True;0.0015421988602163205;0.0;False
B2000484500000;O NOVELO;2020;FSA SAV/MINC / Arranjos Regionais;Arranjos Regionais;SAV/MINC 01;False;False;12380610000147;SP;FICÇÃO;SALAS DE EXIBIÇÃO;FSA puro;1740242.5;0.0;1740242.5;5606.16;0.0;76617.12;82223.28;282.0;26.0;2.0;0.0;0.0;0;0;0;0;0.0;0;;1.0;0.0;0.0;True;True;0.04724817374590035;0.0;False
B2000461200000;VALENTINA;2020;FSA SAV/MINC / Arranjos Regionais;Arranjos Regionais;SAV/MINC 01;False;False;24304911000170;MG;FICÇÃO;SALAS DE EXIBIÇÃO;FSA puro;1740242.5;0.0;1740242.5;3399.48;0.0;76617.12;80016.59999999999;171.0;79.0;6.0;4.9;24.5;0;0;0;0;0.0;0;;1.0;0.0;0.0;True;True;0.04598014357194471;4.9;True
B2200250200000;NOITES ALIENÍGENAS;2022;FSA SAV/MINC / Arranjos Regionais;Arranjos Regionais;SAV/MINC 01;False;False;19709434000193;AC;FICÇÃO;SALAS DE EXIBIÇÃO;FSA puro;1715127.32;0.0;1715127.32;138424.44;0.0;65803.86;204228.3;6963.0;538.0;15.0;4.0;20.0;0;0;0;0;3.575;2;alta;2.0;1.0;1.0;True;True;0.11907471685542272;4.0;True
B2200012900000;REPRESA;2022;FSA SAV/MINC / Arranjos Regionais;Arranjos Regionais;SAV/MINC 01;False;False;16894643000166;CE;FICÇÃO;SALAS DE EXIBIÇÃO;FSA puro;1668337.5;0.0;1668337.5;0.0;0.0;0.0;0.0;;;;0.0;0.0;0;0;0;0;0.0;0;;0.0;;;True;False;;;False
B2300179900000;NADA;2023;FSA SAV/MINC / Arranjos Regionais;Arranjos Regionais;SAV/MINC 01;False;False;13631016000144;DF;FICÇÃO;SALAS DE EXIBIÇÃO;Misto FSA+Renúncia;1668337.5;3687290.39;5355627.890000001;10735.2;0.0;0.0;10735.2;540.0;44.0;5.0;0.0;0.0;0;0;0;0;4.259;2;alta;0.0;;;True;True;0.0020044708520628755;0.0;False
B1900300800000;BENTO;2019;FSA SAV/MINC / Arranjos Regionais;Arranjos Regionais;SAV/MINC 02;False;False;22071805000169;GO;FICÇÃO;SALAS DE EXIBIÇÃO;Misto FSA+Renúncia;1805501.25;7693037.88;9498539.13;218.68;0.0;80080.2;80298.87999999999;11.0;7.0;1.0;0.0;0.0;0;0;0;0;4.127;2;alta;0.0;;;True;True;0.008453813676082628;0.0;False
B2000141100000;ALÉM DA LENDA - FILME;2020;FSA SAV/MINC / Arranjos Regionais;Arranjos Regionais;SAV/MINC 02;False;False;18274744000160;PE;ANIMAÇÃO;SALAS DE EXIBIÇÃO;FSA puro;2002545.5;0.0;2002545.5;74768.68;0.0;76617.12;151385.8;3761.0;556.0;29.0;0.0;0.0;0;0;0;0;3.97;2;media;0.0;;;True;True;0.07559668432003168;0.0;False
B2000100300000;PASSAGEM SECRETA;2020;FSA SAV/MINC / Arranjos Regionais;Arranjos Regionais;SAV/MINC 02;False;False;06236625000133;PR;FICÇÃO;SALAS DE EXIBIÇÃO;FSA puro;1619065.93;0.0;1619065.93;1153.04;0.0;76617.12;77770.15999999999;58.0;42.0;5.0;0.0;0.0;0;0;0;0;0.0;0;;0.0;;;True;True;0.04803396733819233;0.0;False
B2000378500000;PEQUENOS GUERREIROS;2020;FSA SAV/MINC / Arranjos Regionais;Arranjos Regionais;SAV/MINC 02;False;False;04614433000198;CE;FICÇÃO;SALAS DE EXIBIÇÃO;FSA puro;1740242.5;0.0;1740242.5;32841.76;0.0;0.0;32841.76;1652.0;71.0;8.0;0.0;0.0;0;0;0;0;3.708;2;alta;0.0;;;True;True;0.01887194457094342;0.0;False
B2000292100000;PIRÔCO;2020;FSA SAV/MINC / Arranjos Regionais;Arranjos Regionais;SAV/MINC 02;False;False;17698485000131;AM;FICÇÃO;SALAS DE EXIBIÇÃO;FSA puro;1740242.5;0.0;1740242.5;0.0;0.0;0.0;0.0;;;;0.0;0.0;0;0;0;0;0.0;0;;0.0;;;True;False;;;False
B2000202100000;POROPOPÓ;2020;FSA SAV/MINC / Arranjos Regionais;Arranjos Regionais;SAV/MINC 02;False;False;05609007000129;RJ;FICÇÃO;SALAS DE EXIBIÇÃO;FSA puro;1740242.5;0.0;1740242.5;5089.28;0.0;0.0;5089.28;256.0;41.0;1.0;0.0;0.0;0;0;0;0;0.0;0;;0.0;;;True;True;0.002924465986780578;0.0;False
B2100262500000;DESPEDIDA;2021;FSA SAV/MINC / Arranjos Regionais;Arranjos Regionais;SAV/MINC 02;False;False;15830015000154;RS;FICÇÃO;SALAS DE EXIBIÇÃO;Misto FSA+Renúncia;1740242.5;3861740.34;5601982.84;5447.12;0.0;0.0;5447.12;274.0;33.0;4.0;0.0;0.0;0;0;0;0;4.0;1;baixa;0.0;;;True;True;0.0009723557096793964;0.0;False
B2200145800000;A CAVERNA DE ESTELA;2022;FSA SAV/MINC / Arranjos Regionais;Arranjos Regionais;SAV/MINC 02;False;False;03021799000190;SP;FICÇÃO;SALAS DE EXIBIÇÃO;FSA puro;127695.2;0.0;127695.2;0.0;0.0;0.0;0.0;;;;0.0;0.0;0;0;0;0;3.49;2;alta;0.0;;;True;False;;;False
B2200149500000;ALICE DOS ANJOS;2022;FSA SAV/MINC / Arranjos Regionais;Arranjos Regionais;SAV/MINC 02;False;False;22327940000122;BA;FICÇÃO;SALAS DE EXIBIÇÃO;FSA puro;1181733.26;0.0;1181733.26;357.84;0.0;131607.72;131965.56;18.0;19.0;2.0;0.0;0.0;0;0;0;0;4.273;2;media;0.0;;;True;True;0.11167119050199197;0.0;False
B2200136500000;FABULOSOS JOÃO E MARIA;2022;FSA SAV/MINC / Arranjos Regionais;Arranjos Regionais;SAV/MINC 02;False;False;02231569000193;SP;ANIMAÇÃO;SALAS DE EXIBIÇÃO;Misto FSA+Renúncia;1740242.5;467758.51;2208001.01;26698.84;0.0;0.0;26698.84;1343.0;246.0;4.0;0.0;0.0;0;0;0;0;4.0;1;baixa;0.0;;;True;True;0.01209186041087907;0.0;False
B2200047500000;HOSPITAL DE BRINQUEDOS;2022;FSA SAV/MINC / Arranjos Regionais;Arranjos Regionais;SAV/MINC 02;False;False;07202193000102;CE;FICÇÃO;SALAS DE EXIBIÇÃO;FSA puro;127695.2;0.0;127695.2;0.0;0.0;131607.72;131607.72;;;;0.0;0.0;0;0;0;0;4.045;2;media;2.0;17.0;17.0;True;False;;;False
B1900050700000;A TERRA NEGRA DOS KAWA;2018;FSA SAV/MINC / Arranjos Regionais;Arranjos Regionais;SAV/MINC 03;False;True;04302591000102;AM;FICÇÃO;SALAS DE EXIBIÇÃO;FSA puro;2387700.42;0.0;2387700.42;14035.28;0.0;83531.64;97566.92;706.0;133.0;13.0;0.0;0.0;0;0;0;0;2.9;1;baixa;0.0;;;True;True;0.040862295446595434;0.0;False
B1900059200000;MUDANÇA;2018;FSA SAV/MINC / Arranjos Regionais;Arranjos Regionais;SAV/MINC 03;False;False;07088828000192;RS;FICÇÃO;SALAS DE EXIBIÇÃO;FSA puro;2229544.92;0.0;2229544.92;6103.16;0.0;0.0;6103.16;307.0;12.0;1.0;0.0;0.0;0;0;0;0;4.095;2;alta;4.0;0.0;0.0;True;True;0.0027374016756746933;0.0;False
B1900533600000;EU, NIRVANA;2019;FSA SAV/MINC / Arranjos Regionais;Arranjos Regionais;SAV/MINC 03;False;False;13931232000105;PA;FICÇÃO;SALAS DE EXIBIÇÃO;FSA puro;2230516.5;0.0;2230516.5;0.0;0.0;0.0;0.0;;;;0.0;0.0;0;0;0;0;0.0;0;;0.0;;;True;False;;;False
B1900307100000;NO CORAÇÃO DO MUNDO;2019;FSA SAV/MINC / Arranjos Regionais;Arranjos Regionais;SAV/MINC 03;False;False;17456554000109;MG;FICÇÃO;SALAS DE EXIBIÇÃO;Misto FSA+Renúncia;464371.54;476942.11;941313.65;160232.8;0.0;373707.6;533940.3999999999;8060.0;471.0;22.0;13.25;14.0;2206;0;0;0;4.3;1;baixa;0.0;;;True;True;0.5672289996007175;13.25;True
B1900410500000;TRÊS VERÕES;2019;FSA SAV/MINC / Arranjos Regionais;Arranjos Regionais;SAV/MINC 03;False;False;01369211000169;RJ;FICÇÃO;SALAS DE EXIBIÇÃO;FSA puro;1784413.2;0.0;1784413.2;7932.12;0.0;480481.2;488413.32;399.0;26.0;9.0;5.4;27.0;0;0;0;0;0.0;0;;0.0;;;True;True;0.2737108871420588;5.4;True
B2000386800000;CABEÇA DE NÊGO;2020;FSA SAV/MINC / Arranjos Regionais;Arranjos Regionais;SAV/MINC 03;False;False;04761874000112;CE;FICÇÃO;SALAS DE EXIBIÇÃO;FSA puro;1858763.75;0.0;1858763.75;43795.64;0.0;357546.56;401342.2;2203.0;169.0;11.0;0.0;0.0;0;0;0;0;4.21;1;alta;0.0;;;True;True;0.21591888694838168;0.0;False
B2000312900000;MARTE UM;2020;FSA SAV/MINC / Arranjos Regionais;Arranjos Regionais;SAV/MINC 03;False;False;17456554000109;MG;FICÇÃO;SALAS DE EXIBIÇÃO;FSA puro;1879461.9;0.0;1879461.9;2066744.68;0.0;459702.72;2526447.4;103961.0;3754.0;27.0;19.37;52.0;740;0;0;0;3.907;2;alta;0.0;;;True;True;1.3442397528782042;19.37;True
B2000402100000;UM DIA COM JERUSA;2020;FSA SAV/MINC / Arranjos Regionais;Arranjos Regionais;SAV/MINC 03;False;False;10473332000147;SP;FICÇÃO;SALAS DE EXIBIÇÃO;FSA puro;1740242.5;0.0;1740242.5;536.76;0.0;76617.12;77153.87999999999;27.0;12.0;2.0;0.0;0.0;0;0;0;0;4.123;2;alta;0.0;;;True;True;0.04433513145438064;0.0;False
B2100339300000;PATERNO;2021;FSA SAV/MINC / Arranjos Regionais;Arranjos Regionais;SAV/MINC 03;False;False;12091067000168;PE;FICÇÃO;SALAS DE EXIBIÇÃO;FSA puro;1375495.85;0.0;1375495.85;1550.64;0.0;69613.92;71164.56;78.0;87.0;12.0;0.0;0.0;0;0;0;0;0.0;0;;0.0;;;True;True;0.051737386194222246;0.0;False
B2300289500000;DENTRO DA CAIXINHA;2023;FSA SAV/MINC / Arranjos Regionais;Arranjos Regionais;SAV/MINC 03;False;False;08233638000184;MG;FICÇÃO;RADIODIFUSÃO DE SONS E IMAGENS (TV ABERTA);Misto FSA+Renúncia;766171.2;283041.0;1049212.2;31847.76;0.0;0.0;31847.76;;;;0.0;0.0;0;0;0;0;4.4;1;baixa;0.0;;;True;True;0.030353974153178927;0.0;False
B1800264200000;CARVANA;2018;FSA SAV/MINC / Arranjos Regionais;Arranjos Regionais;SAV/MINC 04;False;False;40426918000111;RJ;DOCUMENTÁRIO;SALAS DE EXIBIÇÃO;Misto FSA+Renúncia;970816.17;128221.07;1099037.24;14134.68;0.0;83531.64;97666.32;711.0;87.0;5.0;0.0;0.0;0;0;0;0;0.0;0;;0.0;;;True;True;0.08886534181498709;0.0;False
B1800515000000;CHUVA É CANTORIA NA ALDEIA DOS MORTOS;2018;FSA SAV/MINC / Arranjos Regionais;Arranjos Regionais;SAV/MINC 04;False;False;16957757000108;MG;FICÇÃO;SALAS DE EXIBIÇÃO;FSA puro;1483367.82;0.0;1483367.82;75842.2;0.0;111375.52;187217.72;3815.0;279.0;19.0;21.7;58.5;0;34;24;0;4.003;2;media;0.0;;;True;True;0.12621125891756232;21.7;True
B1800150600000;O CHALÉ É UMA ILHA BATIDA DE VENTO E CHUVA;2018;FSA SAV/MINC / Arranjos Regionais;Arranjos Regionais;SAV/MINC 04;False;False;04939205000198;RJ;DOCUMENTÁRIO;SALAS DE EXIBIÇÃO;FSA puro;1226541.32;0.0;1226541.32;6620.04;0.0;0.0;6620.04;333.0;18.0;4.0;0.0;0.0;0;0;0;0;3.5;2;alta;0.0;;;True;True;0.005397323263434777;0.0;False
B1800561900000;SERVIDÃO;2018;FSA SAV/MINC / Arranjos Regionais;Arranjos Regionais;SAV/MINC 04;False;False;55084750000180;DF;DOCUMENTÁRIO;SALAS DE EXIBIÇÃO;FSA puro;1487011.0;0.0;1487011.0;18329.36;0.0;0.0;18329.36;922.0;141.0;12.0;0.0;0.0;0;0;0;0;0.0;0;;1.0;0.0;0.0;True;True;0.012326310968782343;0.0;False
B1900203000000;CHÃO;2019;FSA SAV/MINC / Arranjos Regionais;Arranjos Regionais;SAV/MINC 04;False;False;13486716000192;DF;DOCUMENTÁRIO;SALAS DE EXIBIÇÃO;FSA puro;762288.13;0.0;762288.13;735.56;0.0;186853.8;187589.36;37.0;4.0;3.0;6.4;32.0;0;0;0;0;0.0;0;;5.0;3.0;2.0;True;True;0.24608721114416407;6.4;True
B1900189800000;EMPATE;2019;FSA SAV/MINC / Arranjos Regionais;Arranjos Regionais;SAV/MINC 04;False;False;19709434000193;AC;DOCUMENTÁRIO;SALAS DE EXIBIÇÃO;FSA puro;1000728.66;0.0;1000728.66;2942.24;0.0;80080.2;83022.44;148.0;48.0;7.0;0.7;3.5;0;0;0;0;0.0;0;;2.0;1.0;1.0;True;True;0.08296198891715563;0.7;True
B1900093600000;ESTOU ME GUARDANDO PARA QUANDO O CARNAVAL CHEGAR;2019;FSA SAV/MINC / Arranjos Regionais;Arranjos Regionais;SAV/MINC 04;False;True;02669022000174;PE;DOCUMENTÁRIO;SALAS DE EXIBIÇÃO;FSA puro;1467336.2;0.0;1467336.2;211523.2;0.0;186853.8;398377.0;10640.0;340.0;19.0;15.95;26.0;2744;0;0;0;3.062;2;alta;0.0;;;True;True;0.27149674355474906;15.95;True
B1900623300000;OS OSSOS DA SAUDADE;2019;FSA SAV/MINC / Arranjos Regionais;Arranjos Regionais;SAV/MINC 04;False;False;15745495000155;MG;DOCUMENTÁRIO;SALAS DE EXIBIÇÃO;FSA puro;967707.65;0.0;967707.65;1491.0;0.0;106773.6;108264.6;75.0;21.0;3.0;0.0;0.0;0;0;0;0;3.709;2;media;0.0;;;True;True;0.11187738362923969;0.0;False
B2100371800000;MARIAS;2021;FSA SAV/MINC / Arranjos Regionais;Arranjos Regionais;SAV/MINC 04;False;False;07617370000111;PE;DOCUMENTÁRIO;SALAS DE EXIBIÇÃO;Misto FSA+Renúncia;1180058.28;780836.14;1960894.42;10437.0;0.0;69613.92;80050.92;525.0;122.0;9.0;0.0;0.0;0;0;0;0;0.0;0;;0.0;;;True;True;0.040823676779089414;0.0;False
B2200361800000;MÔA, RAIZ AFRO MÃE;2022;FSA SAV/MINC / Arranjos Regionais;Arranjos Regionais;SAV/MINC 04;False;False;09491939000170;SP;DOCUMENTÁRIO;SALAS DE EXIBIÇÃO;Misto FSA+Renúncia;548365.5;4364989.38;4913354.88;40157.6;0.0;307084.68;347242.27999999997;2020.0;185.0;8.0;0.0;0.0;0;0;0;0;3.5;1;baixa;0.0;;;True;True;0.07067315276033959;0.0;False
B2300366600000;KUNHÃ KARAI E AS NARRATIVAS DA TERRA;2023;FSA SAV/MINC / Arranjos Regionais;Arranjos Regionais;SAV/MINC 04;False;False;07822394000102;RS;DOCUMENTÁRIO;SALAS DE EXIBIÇÃO;FSA puro;524150.0;0.0;524150.0;0.0;0.0;0.0;0.0;;;;0.0;0.0;0;0;0;0;3.0;1;baixa;0.0;;;True;False;;;False
B2200497200000;ODOYÁ;2022;FSA SAV/MINC / Arranjos Regionais;Arranjos Regionais;SAV/MINC 07;False;False;23318838000123;BA;ANIMAÇÃO;SALAS DE EXIBIÇÃO;FSA puro;440127.05;0.0;440127.05;0.0;0.0;0.0;0.0;;;;0.0;0.0;0;0;0;0;0.0;0;;0.0;;;True;False;;;False
B2300286800000;ÁRIA;2023;FSA SAV/MINC / Arranjos Regionais;Arranjos Regionais;SAV/MINC 07;False;False;14635446000105;ES;ANIMAÇÃO;SALAS DE EXIBIÇÃO;FSA puro;446933.2;0.0;446933.2;0.0;0.0;0.0;0.0;;;;0.0;0.0;0;0;0;0;0.0;0;;1.0;1.0;1.0;True;False;;;False
B2100427500000;NOITE DE FOGO;2021;FSA Automático Festivais;Automático Festivais;SUPORTE AUTOMÁTICO - DESEMPENHO ARTÍSTICO;False;False;12658679000190;PE;FICÇÃO;SALAS DE EXIBIÇÃO;FSA puro;1129775.47;0.0;1129775.47;18846.24;0.0;0.0;18846.24;948.0;115.0;7.0;13.6;68.0;0;0;0;0;4.38;2;media;0.0;;;True;True;0.01668140307560404;13.6;True
B2200442800000;MEDUSA;2022;FSA Automático Festivais;Automático Festivais;SUPORTE AUTOMÁTICO - DESEMPENHO ARTÍSTICO;False;False;02140120000110;RJ;FICÇÃO;SALAS DE EXIBIÇÃO;Misto FSA+Renúncia;3777849.73;625136.67;4402986.4;46300.52;0.0;65803.86;112104.38;2329.0;186.0;12.0;26.11;71.5;5980;0;0;0;3.02;1;alta;15.0;0.0;0.0;True;True;0.02546098711547235;26.11;True
B2300440300000;A FESTA DE LÉO;2023;FSA Automático Festivais;Automático Festivais;SUPORTE AUTOMÁTICO - DESEMPENHO ARTÍSTICO;False;False;02298682000196;RJ;FICÇÃO;SALAS DE EXIBIÇÃO;Misto FSA+Renúncia;1750298.96;911949.0;2662247.96;27374.76;0.0;62898.0;90272.76;1377.0;182.0;11.0;0.0;0.0;0;0;0;0;3.363;1;alta;0.0;;;True;True;0.03390847184647669;0.0;False
B2300345600000;ANGELA;2023;FSA Automático Festivais;Automático Festivais;SUPORTE AUTOMÁTICO - DESEMPENHO ARTÍSTICO;False;False;19069618000136;SP;FICÇÃO;SALAS DE EXIBIÇÃO;Misto FSA+Renúncia;969226.16;2044185.0;3013411.16;447379.52;0.0;0.0;447379.52;22504.0;1776.0;59.0;0.0;0.0;0;0;0;0;3.573;2;alta;0.0;;;True;True;0.14846282045361509;0.0;False
B2300484100000;EROS;2023;FSA Automático Festivais;Automático Festivais;SUPORTE AUTOMÁTICO - DESEMPENHO ARTÍSTICO;False;False;12658679000190;PE;DOCUMENTÁRIO;SALAS DE EXIBIÇÃO;FSA puro;636829.43;0.0;636829.43;0.0;0.0;62898.0;62898.0;;;;0.0;0.0;0;0;0;0;0.0;0;;0.0;;;True;False;;;False
B2300130000000;O ULTIMO EPISÓDIO;2023;FSA Automático Festivais;Automático Festivais;SUPORTE AUTOMÁTICO - DESEMPENHO ARTÍSTICO;False;False;17456554000109;MG;FICÇÃO;SALAS DE EXIBIÇÃO;FSA puro;2219388.1;0.0;2219388.1;68586.0;0.0;293524.0;362110.0;3450.0;252.0;19.0;0.0;0.0;0;0;0;0;3.98;1;alta;0.0;;;True;True;0.16315758384033868;0.0;False
B2300165900000;PORNOMELANCOLIA;2023;FSA Automático Festivais;Automático Festivais;SUPORTE AUTOMÁTICO - DESEMPENHO ARTÍSTICO;False;False;12658679000190;PE;DOCUMENTÁRIO;SALAS DE EXIBIÇÃO;FSA puro;341980.13;0.0;341980.13;0.0;0.0;0.0;0.0;;;;10.0;0.0;0;13;6;0;0.0;0;;0.0;;;True;False;;;False
B1900363600000;MARÉS;2018;FSA Automático Bilheteria;Automático Bilheteria;SUPORTE AUTOMÁTICO - DESEMPENHO COMERCIAL CINEMA;False;False;08847593000138;DF;FICÇÃO;SALAS DE EXIBIÇÃO;Misto FSA+Renúncia;56664.86;317354.8;374019.66;13120.8;0.0;83531.64;96652.44;660.0;216.0;20.0;0.0;0.0;0;0;0;0;4.223;2;alta;0.0;;;True;True;0.25841539987496914;0.0;False
B2000484000000;A SOGRA PERFEITA;2020;FSA Automático Bilheteria;Automático Bilheteria;SUPORTE AUTOMÁTICO - DESEMPENHO COMERCIAL CINEMA;False;False;12580503000162;SP;FICÇÃO;SALAS DE EXIBIÇÃO;Misto FSA+Renúncia;4004010.0;4033891.37;8037901.37;1329335.84;0.0;178773.28;1508109.12;66868.0;6987.0;160.0;0.0;0.0;0;0;0;0;4.083;2;alta;0.0;;;True;True;0.18762473568396126;0.0;False
B2200393900000;ME CHAMA QUE EU VOU;2022;FSA Automático Bilheteria;Automático Bilheteria;SUPORTE AUTOMÁTICO - DESEMPENHO COMERCIAL CINEMA;False;False;07419227000115;SP;DOCUMENTÁRIO;SALAS DE EXIBIÇÃO;Misto FSA+Renúncia;58011.6;396933.69;454945.29;28309.12;0.0;307084.68;335393.8;1424.0;192.0;11.0;0.0;0.0;0;0;0;0;3.52;2;media;0.0;;;True;True;0.7372178751427452;0.0;False
B2300472200000;Ó PAÍ, Ó 2;2023;FSA Automático Bilheteria;Automático Bilheteria;SUPORTE AUTOMÁTICO - DESEMPENHO COMERCIAL CINEMA;False;False;27872415000101;SP;FICÇÃO;SALAS DE EXIBIÇÃO;Misto FSA+Renúncia;1048300.0;3396492.0;4444792.0;3826283.72;0.0;377388.0;4203671.720000001;192469.0;12010.0;166.0;0.0;0.0;0;0;0;0;3.878;2;alta;0.0;;;True;True;0.9457521791795883;0.0;False
